time,temperature_2m,relativehumidity_2m,precipitation,windspeed_10m,winddirection_10m,u,v
2013-01-01 00:00:00,10.2,84,0.0,3.3,6,-0.3449439287832561,-3.281922254715302
2013-01-01 01:00:00,10.5,84,0.0,3.4,18,-1.0506577808748216,-3.233592155403522
2013-01-01 02:00:00,10.7,84,0.0,4.5,14,-1.088648530198505,-4.366330768241984
2013-01-01 03:00:00,11.0,82,0.0,5.0,21,-1.7918397477265036,-4.667902132486008
2013-01-01 04:00:00,11.1,81,0.0,4.8,27,-2.179154398749825,-4.276831316104166
2013-01-01 05:00:00,11.1,81,0.0,4.8,27,-2.179154398749825,-4.276831316104166
2013-01-01 06:00:00,11.3,80,0.0,3.2,27,-1.4527695991665501,-2.851220877402777
2013-01-01 07:00:00,11.7,79,0.0,3.9,22,-1.460965714322058,-3.6160170328104706
2013-01-01 08:00:00,12.5,78,0.0,4.0,10,-0.6945927106677213,-3.939231012048832
2013-01-01 09:00:00,14.2,77,0.0,6.7,344,1.8467702839738944,-6.440453362786736
2013-01-01 10:00:00,15.7,72,0.0,7.8,338,2.9219314286441134,-7.232034065620942
2013-01-01 11:00:00,16.4,70,0.0,8.0,333,3.6319239979163744,-7.128052193506942
2013-01-01 12:00:00,17.0,69,0.0,8.9,328,4.716281451675524,-7.547628055792192
2013-01-01 13:00:00,17.2,70,0.0,9.1,326,5.088655421583796,-7.5442419102508795
2013-01-01 14:00:00,17.0,72,0.0,8.9,328,4.716281451675524,-7.547628055792192
2013-01-01 15:00:00,16.0,77,0.0,8.9,328,4.716281451675524,-7.547628055792192
2013-01-01 16:00:00,15.6,78,0.0,8.5,332,3.9905082836800725,-7.505054539300878
2013-01-01 17:00:00,14.8,82,0.0,6.0,335,2.5357095704441965,-5.437846722219899
2013-01-01 18:00:00,14.0,86,0.0,6.2,339,2.2218812871808624,-5.788198644282651
2013-01-01 19:00:00,13.0,92,0.0,6.2,350,1.0766187015349686,-6.10580806867569
2013-01-01 20:00:00,13.4,87,0.0,5.0,360,3.061616997868383e-16,-5.0
2013-01-01 21:00:00,13.8,85,0.0,4.1,15,-1.0611580849203346,-3.96029588778518
2013-01-01 22:00:00,13.8,85,0.0,3.8,17,-1.111012477946401,-3.633958072659534
2013-01-01 23:00:00,13.7,85,0.0,2.6,34,-1.453901549023941,-2.1554976886431088
2013-01-02 00:00:00,13.8,84,0.0,2.8,40,-1.7998053071223103,-2.144924440733138
2013-01-02 01:00:00,13.9,83,0.0,3.1,36,-1.822134282106667,-2.507952682562337
2013-01-02 02:00:00,13.9,82,0.0,3.8,41,-2.4930243101639276,-2.8678964048465336
2013-01-02 03:00:00,14.0,82,0.0,3.8,41,-2.4930243101639276,-2.8678964048465336
2013-01-02 04:00:00,13.8,82,0.0,4.3,42,-2.87726160734309,-3.195522749552796
2013-01-02 05:00:00,13.7,82,0.0,4.8,42,-3.211826910522519,-3.567095162291493
2013-01-02 06:00:00,13.4,82,0.0,6.3,59,-5.400153994423308,-3.244739871933341
2013-01-02 07:00:00,12.7,83,0.0,5.9,47,-4.314986839553106,-4.023790324368741
2013-01-02 08:00:00,14.2,81,0.0,6.2,36,-3.644268564213334,-5.015905365124674
2013-01-02 09:00:00,16.6,75,0.2,7.4,14,-1.7902220274375418,-7.180188374442374
2013-01-02 10:00:00,17.5,72,0.0,9.4,353,1.1455718280083864,-9.329933825428427
2013-01-02 11:00:00,18.6,70,0.0,10.5,356,0.732442974313315,-10.474422527728153
2013-01-02 12:00:00,19.2,70,0.0,11.2,354,1.1707187885977186,-11.13864522812466
2013-01-02 13:00:00,19.9,70,0.0,12.7,352,1.7674983821928314,-12.576404473017943
2013-01-02 14:00:00,19.5,73,0.3,13.0,354,1.358870022479495,-12.928784639787553
2013-01-02 15:00:00,19.3,77,0.0,12.3,353,1.4989929238833142,-12.208317665188261
2013-01-02 16:00:00,18.9,80,0.0,10.9,351,1.705135668938517,-10.765802912487002
2013-01-02 17:00:00,17.6,85,0.0,10.8,356,0.7533699164365526,-10.773691742806102
2013-01-02 18:00:00,16.1,90,0.0,11.5,358,0.4013442120787624,-11.492994510719601
2013-01-02 19:00:00,15.1,93,0.0,11.8,12,-2.453357951649566,-11.542141688658907
2013-01-02 20:00:00,14.2,94,0.0,11.9,14,-2.8788705576360467,-11.546519142684359
2013-01-02 21:00:00,14.0,93,0.0,11.4,18,-3.5227937358744024,-10.84204428576475
2013-01-02 22:00:00,14.0,92,0.0,9.8,24,-3.986019102142841,-8.95274548489749
2013-01-02 23:00:00,14.3,91,0.0,8.9,21,-3.1894747509531767,-8.308865795825096
2013-01-03 00:00:00,14.7,90,0.0,7.9,16,-2.1775351109542913,-7.593967397912721
2013-01-03 01:00:00,14.7,90,0.1,8.4,10,-1.458644692402215,-8.272385125302547
2013-01-03 02:00:00,14.0,92,0.2,9.2,11,-1.7554427574642102,-9.030970087718508
2013-01-03 03:00:00,13.5,95,0.1,10.6,10,-1.8406706832694615,-10.438962181929405
2013-01-03 04:00:00,13.4,95,0.0,12.1,12,-2.5157314588948934,-11.835585968879046
2013-01-03 05:00:00,13.1,94,0.3,12.0,16,-3.3076482698039866,-11.535140351259829
2013-01-03 06:00:00,13.3,92,0.0,8.0,18,-2.4721359549995805,-7.608452130361228
2013-01-03 07:00:00,13.6,89,0.0,5.5,11,-1.0494494745709955,-5.3989495089621515
2013-01-03 08:00:00,14.3,92,0.0,5.5,11,-1.0494494745709955,-5.3989495089621515
2013-01-03 09:00:00,16.4,84,0.0,7.3,351,1.1419715947936857,-7.210124886344506
2013-01-03 10:00:00,16.8,82,0.0,8.5,348,1.7672493719509554,-8.314254606237347
2013-01-03 11:00:00,17.5,79,0.0,9.2,334,4.033014550459512,-8.268905225952336
2013-01-03 12:00:00,17.7,79,0.0,10.1,325,5.793122007145566,-8.273435647318816
2013-01-03 13:00:00,17.4,79,0.2,11.3,329,5.8199302464836125,-9.68599049793387
2013-01-03 14:00:00,16.8,80,0.2,11.3,338,4.233054505599806,-10.4771775566047
2013-01-03 15:00:00,16.6,84,0.8,9.9,341,3.223124729125852,-9.360633898433235
2013-01-03 16:00:00,15.8,87,0.7000000000000001,9.3,347,2.092044805397944,-9.06164160250269
2013-01-03 17:00:00,15.3,88,0.7000000000000001,8.1,347,1.8221035401853058,-7.892397524760405
2013-01-03 18:00:00,14.8,91,0.4,5.8,338,2.1727182418122895,-5.377666356487367
2013-01-03 19:00:00,14.3,92,0.2,7.1,345,1.8376152202278973,-6.858073366652385
2013-01-03 20:00:00,14.1,92,0.0,8.3,355,0.7233926648055626,-8.268415994161488
2013-01-03 21:00:00,13.7,92,0.0,8.4,7,-1.0237024846032363,-8.337387673787106
2013-01-03 22:00:00,13.6,93,0.0,7.3,9,-1.1419715947936866,-7.210124886344505
2013-01-03 23:00:00,13.6,93,0.0,6.9,9,-1.0793978087775942,-6.81504955010645
2013-01-04 00:00:00,13.4,93,0.0,5.4,8,-0.7515347451843555,-5.34744757120448
2013-01-04 01:00:00,13.4,93,0.0,4.7,9,-0.7352419856890859,-4.6421352007971475
2013-01-04 02:00:00,13.3,93,0.0,5.1,8,-0.7097828148963357,-5.050367150582008
2013-01-04 03:00:00,13.2,89,0.0,5.5,11,-1.0494494745709955,-5.3989495089621515
2013-01-04 04:00:00,12.9,88,0.0,6.5,19,-2.116193003971518,-6.1458707413955596
2013-01-04 05:00:00,13.3,84,0.0,6.3,24,-2.5624408513775405,-5.755336383148386
2013-01-04 06:00:00,13.5,82,0.0,4.7,32,-2.490620541896064,-3.9858260519352022
2013-01-04 07:00:00,13.2,83,0.0,3.9,22,-1.460965714322058,-3.6160170328104706
2013-01-04 08:00:00,13.8,89,0.0,3.4,18,-1.0506577808748216,-3.233592155403522
2013-01-04 09:00:00,15.9,81,0.0,4.9,343,1.4326213531414103,-4.685893304218874
2013-01-04 10:00:00,17.4,78,0.0,6.5,326,3.634753872559854,-5.388744221607771
2013-01-04 11:00:00,18.2,77,0.0,7.9,321,4.971631089293717,-6.139453095510071
2013-01-04 12:00:00,19.0,77,0.0,9.9,316,6.877117867544073,-7.121464023352646
2013-01-04 13:00:00,19.1,77,0.0,10.7,320,6.877827423645971,-8.196675541373065
2013-01-04 14:00:00,18.6,78,0.1,11.3,329,5.8199302464836125,-9.68599049793387
2013-01-04 15:00:00,18.1,80,0.2,11.6,334,5.085105302753298,-10.426010937070338
2013-01-04 16:00:00,17.6,81,0.0,9.8,336,3.9860191021428424,-8.95274548489749
2013-01-04 17:00:00,16.4,85,0.0,6.8,335,2.873804179836756,-6.162892951849219
2013-01-04 18:00:00,15.4,89,0.1,7.6,335,3.211898789229316,-6.887939181478539
2013-01-04 19:00:00,14.5,92,0.1,8.3,342,2.564841053312064,-7.893769085249775
2013-01-04 20:00:00,13.6,94,0.0,7.8,347,1.7546182238821464,-7.6000865053248345
2013-01-04 21:00:00,13.8,93,0.0,7.6,352,1.0577155672964975,-7.5260373224359345
2013-01-04 22:00:00,13.7,93,0.0,5.8,4,-0.40458754771592836,-5.78587149150698
2013-01-04 23:00:00,13.8,92,0.1,5.0,360,3.061616997868383e-16,-5.0
2013-01-05 00:00:00,14.0,91,0.2,5.4,4,-0.37668495821827813,-5.386845871403051
2013-01-05 01:00:00,14.3,90,0.0,6.5,6,-0.6794350112397468,-6.464392319893777
2013-01-05 02:00:00,13.7,91,0.0,7.3,11,-1.3929056662487755,-7.165878439167947
2013-01-05 03:00:00,13.6,89,0.0,8.7,17,-2.5436338310878126,-8.319851376878407
2013-01-05 04:00:00,13.1,91,0.0,8.9,21,-3.1894747509531767,-8.308865795825096
2013-01-05 05:00:00,13.0,91,0.0,8.9,27,-4.040515447681968,-7.929958065276474
2013-01-05 06:00:00,13.7,88,0.0,10.1,35,-5.793122007145568,-8.273435647318815
2013-01-05 07:00:00,13.8,86,0.0,10.2,32,-5.405176495178691,-8.650090580795544
2013-01-05 08:00:00,14.7,86,0.0,9.0,16,-2.4807362023529897,-8.651355263444872
2013-01-05 09:00:00,16.7,81,0.0,12.7,7,-1.547740661245369,-12.60533612584479
2013-01-05 10:00:00,17.9,79,0.0,13.0,2,-0.4536934571325099,-12.992080751248245
2013-01-05 11:00:00,19.0,76,0.0,13.8,351,2.158795617555187,-13.630099100212902
2013-01-05 12:00:00,19.5,76,0.0,14.3,350,2.483168940637105,-14.082750868074575
2013-01-05 13:00:00,19.5,76,0.0,13.9,350,2.413709669570333,-13.688827766869691
2013-01-05 14:00:00,19.5,77,0.0,14.3,350,2.483168940637105,-14.082750868074575
2013-01-05 15:00:00,18.8,77,0.0,13.8,351,2.158795617555187,-13.630099100212902
2013-01-05 16:00:00,18.0,79,0.0,12.8,350,2.2226966741367096,-12.605539238556263
2013-01-05 17:00:00,16.9,82,0.0,9.9,350,1.7191169589026112,-9.74959675482086
2013-01-05 18:00:00,15.5,88,0.0,7.4,14,-1.7902220274375418,-7.180188374442374
2013-01-05 19:00:00,15.1,87,0.0,5.8,22,-2.1727182418122912,-5.377666356487366
2013-01-05 20:00:00,14.9,87,0.0,5.4,20,-1.8469087739586103,-5.074340152243906
2013-01-05 21:00:00,14.7,86,0.0,5.2,16,-1.4333142502483942,-4.998560818879259
2013-01-05 22:00:00,14.7,86,0.0,4.7,23,-1.836436303899587,-4.326372811226469
2013-01-05 23:00:00,14.7,84,0.0,4.3,24,-1.7489675652259404,-3.928245467863184
2013-01-06 00:00:00,14.8,83,0.0,3.9,22,-1.460965714322058,-3.6160170328104706
2013-01-06 01:00:00,14.7,81,0.0,3.5,24,-1.4235782507653003,-3.1974091017491033
2013-01-06 02:00:00,14.8,78,0.0,3.9,22,-1.460965714322058,-3.6160170328104706
2013-01-06 03:00:00,13.0,80,0.0,4.2,20,-1.436484601967808,-3.9467090073008158
2013-01-06 04:00:00,12.2,80,0.0,4.5,29,-2.1816432911085157,-3.935788682127282
2013-01-06 05:00:00,11.9,79,0.0,4.5,29,-2.1816432911085157,-3.935788682127282
2013-01-06 06:00:00,11.1,80,0.0,5.1,45,-3.606244584051393,-3.606244584051392
2013-01-06 07:00:00,11.1,79,0.0,4.6,45,-3.2526911934581193,-3.252691193458118
2013-01-06 08:00:00,14.0,76,0.0,4.6,39,-2.894873798829254,-3.5748714227020644
2013-01-06 09:00:00,18.3,67,0.0,4.7,9,-0.7352419856890859,-4.6421352007971475
2013-01-06 10:00:00,19.8,66,0.0,8.4,350,1.4586446924022156,-8.272385125302547
2013-01-06 11:00:00,20.6,68,0.0,10.7,346,2.588564282916444,-10.382164271153162
2013-01-06 12:00:00,21.0,69,0.0,11.9,346,2.8788705576360454,-11.546519142684359
2013-01-06 13:00:00,21.0,71,0.0,12.7,345,3.2870018728020134,-12.267257993871167
2013-01-06 14:00:00,20.6,73,0.0,13.4,346,3.241753401035547,-13.001962732098352
2013-01-06 15:00:00,19.8,78,0.0,12.9,347,2.9018686010358574,-12.569373835729534
2013-01-06 16:00:00,18.9,81,0.0,11.5,346,2.782101799396178,-11.15840085217396
2013-01-06 17:00:00,17.5,86,0.0,9.3,344,2.5634274090980926,-8.939733772226367
2013-01-06 18:00:00,15.9,91,0.0,9.7,358,0.33852511801426044,-9.694091022085228
2013-01-06 19:00:00,14.8,95,0.0,10.2,8,-1.4195656297926713,-10.100734301164016
2013-01-06 20:00:00,15.2,91,0.0,10.0,13,-2.2495105434386526,-9.743700647852352
2013-01-06 21:00:00,15.2,90,0.0,9.6,20,-3.283393375926418,-9.02104915954472
2013-01-06 22:00:00,15.2,89,0.0,7.4,29,-3.5875911898228927,-6.4721858328315305
2013-01-06 23:00:00,15.5,87,0.0,5.5,32,-2.9145559532826275,-4.664264528860342
2013-01-07 00:00:00,15.7,86,0.0,4.8,27,-2.179154398749825,-4.276831316104166
2013-01-07 01:00:00,15.7,86,0.0,5.4,20,-1.8469087739586103,-5.074340152243906
2013-01-07 02:00:00,15.7,85,0.0,5.2,16,-1.4333142502483942,-4.998560818879259
2013-01-07 03:00:00,16.1,81,0.0,4.4,9,-0.6883116461770166,-4.345828698618606
2013-01-07 04:00:00,15.9,82,0.0,4.8,13,-1.0797650608505531,-4.6769763109691285
2013-01-07 05:00:00,15.5,84,0.0,5.8,22,-2.1727182418122912,-5.377666356487366
2013-01-07 06:00:00,15.2,86,0.0,7.9,24,-3.2132194802988208,-7.217009115376548
2013-01-07 07:00:00,15.1,86,0.0,9.4,32,-4.981241083792128,-7.9716521038704045
2013-01-07 08:00:00,15.9,86,0.0,8.1,21,-2.9027803913169357,-7.562001454627333
2013-01-07 09:00:00,17.9,81,0.0,9.8,8,-1.363896389408645,-9.704627073667389
2013-01-07 10:00:00,18.8,79,0.0,9.7,358,0.33852511801426044,-9.694091022085228
2013-01-07 11:00:00,19.8,77,0.0,9.7,345,2.510544737494451,-9.369480515003962
2013-01-07 12:00:00,20.4,76,0.0,10.6,342,3.275580140374443,-10.081199072728626
2013-01-07 13:00:00,20.6,76,0.0,11.3,343,3.303800263366926,-10.806243742382302
2013-01-07 14:00:00,20.8,76,0.0,11.3,343,3.303800263366926,-10.806243742382302
2013-01-07 15:00:00,20.6,78,0.0,10.1,343,2.952954217699641,-9.658678035226657
2013-01-07 16:00:00,19.9,81,0.0,9.7,338,3.633683956134346,-8.993683389297837
2013-01-07 17:00:00,18.4,86,0.0,8.1,339,2.902780391316933,-7.5620014546273335
2013-01-07 18:00:00,16.7,92,0.0,10.1,2,-0.35248491669525767,-10.093847352892867
2013-01-07 19:00:00,15.9,95,0.0,8.3,18,-2.564841053312065,-7.893769085249775
2013-01-07 20:00:00,15.4,94,0.0,7.1,15,-1.8376152202278964,-6.858073366652385
2013-01-07 21:00:00,15.7,91,0.0,7.6,8,-1.0577155672965002,-7.526037322435934
2013-01-07 22:00:00,15.8,90,0.0,8.0,10,-1.3891854213354426,-7.878462024097664
2013-01-07 23:00:00,16.0,88,0.0,7.4,14,-1.7902220274375418,-7.180188374442374
2013-01-08 00:00:00,16.0,87,0.0,7.4,14,-1.7902220274375418,-7.180188374442374
2013-01-08 01:00:00,15.7,88,0.0,7.1,15,-1.8376152202278964,-6.858073366652385
2013-01-08 02:00:00,15.3,89,0.0,8.0,18,-2.4721359549995805,-7.608452130361228
2013-01-08 03:00:00,15.6,87,0.0,6.8,25,-2.873804179836754,-6.16289295184922
2013-01-08 04:00:00,15.4,88,0.0,6.2,21,-2.2218812871808646,-5.78819864428265
2013-01-08 05:00:00,15.4,87,0.0,6.3,13,-1.417191642366351,-6.1385314081469815
2013-01-08 06:00:00,15.4,88,0.0,6.1,3,-0.31924933308196024,-6.0916401620029
2013-01-08 07:00:00,15.0,90,0.0,7.2,6,-0.7526049355271042,-7.160557646651569
2013-01-08 08:00:00,15.7,91,0.0,9.7,4,-0.676637795318018,-9.676371287520293
2013-01-08 09:00:00,16.6,88,0.1,9.7,360,5.939536975864663e-16,-9.7
2013-01-08 10:00:00,17.3,87,0.1,9.5,351,1.4861274178821937,-9.38303923565381
2013-01-08 11:00:00,18.2,85,0.1,10.1,343,2.952954217699641,-9.658678035226657
2013-01-08 12:00:00,18.3,87,0.2,11.7,342,3.615498834186885,-11.127361240653295
2013-01-08 13:00:00,18.4,89,0.3,11.2,345,2.8987733051482323,-10.818369254437565
2013-01-08 14:00:00,18.3,90,0.3,10.4,346,2.515987714236544,-10.091075553270363
2013-01-08 15:00:00,18.0,92,0.0,10.0,345,2.5881904510252074,-9.659258262890683
2013-01-08 16:00:00,17.4,93,0.0,9.6,347,2.159530121701103,-9.353952621938259
2013-01-08 17:00:00,16.8,94,0.0,7.3,351,1.1419715947936857,-7.210124886344506
2013-01-08 18:00:00,16.2,95,0.0,6.8,360,4.1637991171010006e-16,-6.8
2013-01-08 19:00:00,15.6,96,0.0,8.9,346,2.1531048708370424,-8.635631963856369
2013-01-08 20:00:00,15.2,96,0.2,9.4,342,2.904759747124506,-8.939931253174443
2013-01-08 21:00:00,14.9,95,0.5,9.3,344,2.5634274090980926,-8.939733772226367
2013-01-08 22:00:00,14.7,95,0.4,7.6,357,0.3977532674463741,-7.589584464134761
2013-01-08 23:00:00,14.7,95,0.0,8.0,350,1.3891854213354433,-7.878462024097664
2013-01-09 00:00:00,14.4,95,0.1,9.4,353,1.1455718280083864,-9.329933825428427
2013-01-09 01:00:00,14.2,95,0.1,9.0,355,0.7844016847289232,-8.96575228282571
2013-01-09 02:00:00,14.0,95,0.1,9.0,355,0.7844016847289232,-8.96575228282571
2013-01-09 03:00:00,13.6,92,0.4,10.1,356,0.7045403848156648,-10.075396907624224
2013-01-09 04:00:00,13.2,93,0.3,9.7,2,-0.33852511801425733,-9.694091022085228
2013-01-09 05:00:00,13.3,92,0.2,9.4,360,5.755839955992561e-16,-9.4
2013-01-09 06:00:00,12.9,93,0.2,9.7,358,0.33852511801426044,-9.694091022085228
2013-01-09 07:00:00,13.1,93,0.2,10.4,358,0.36295476570601126,-10.393664600998596
2013-01-09 08:00:00,13.5,92,0.1,11.9,2,-0.4153040107597591,-11.89275084152724
2013-01-09 09:00:00,14.4,90,0.1,11.2,4,-0.7812725059342065,-11.17271736291003
2013-01-09 10:00:00,15.1,89,0.0,11.9,2,-0.4153040107597591,-11.89275084152724
2013-01-09 11:00:00,15.7,87,0.0,11.9,355,1.0371533386971319,-11.854716907291772
2013-01-09 12:00:00,16.2,86,0.0,12.8,349,2.442355140819775,-12.5648279481301
2013-01-09 13:00:00,16.2,86,0.0,12.5,342,3.862712429686843,-11.888206453689419
2013-01-09 14:00:00,16.2,86,0.0,12.5,342,3.862712429686843,-11.888206453689419
2013-01-09 15:00:00,16.0,85,0.0,12.2,341,3.971931484377312,-11.535326622311663
2013-01-09 16:00:00,15.3,84,0.0,11.5,340,3.9332316482451914,-10.806465139037945
2013-01-09 17:00:00,14.6,85,0.0,10.9,343,3.186851581477831,-10.423721839997087
2013-01-09 18:00:00,13.9,85,0.0,8.3,342,2.564841053312064,-7.893769085249775
2013-01-09 19:00:00,13.5,85,0.1,9.3,344,2.5634274090980926,-8.939733772226367
2013-01-09 20:00:00,13.3,84,0.2,9.6,347,2.159530121701103,-9.353952621938259
2013-01-09 21:00:00,12.8,84,0.3,9.9,350,1.7191169589026112,-9.74959675482086
2013-01-09 22:00:00,12.5,86,0.3,9.8,352,1.3638963894086416,-9.70462707366739
2013-01-09 23:00:00,12.3,87,0.3,9.4,353,1.1455718280083864,-9.329933825428427
2013-01-10 00:00:00,12.0,91,0.2,8.7,353,1.060263287624783,-8.6351515192795
2013-01-10 01:00:00,11.6,91,0.2,8.7,355,0.7582549619046257,-8.666893873398186
2013-01-10 02:00:00,11.7,91,0.0,8.3,358,0.289665822630759,-8.294943864258496
2013-01-10 03:00:00,12.0,94,0.4,8.6,360,5.265981236333618e-16,-8.6
2013-01-10 04:00:00,12.1,94,0.4,8.6,2,-0.3001356716415065,-8.594761112364223
2013-01-10 05:00:00,12.5,93,0.2,8.0,5,-0.697245941981266,-7.969557584733964
2013-01-10 06:00:00,13.1,86,0.2,4.5,14,-1.088648530198505,-4.366330768241984
2013-01-10 07:00:00,13.5,83,0.1,4.9,343,1.4326213531414103,-4.685893304218874
2013-01-10 08:00:00,13.3,90,0.0,5.0,339,1.791839747726502,-4.667902132486009
2013-01-10 09:00:00,14.5,85,0.0,4.6,342,1.4214781741247582,-4.3748599749577055
2013-01-10 10:00:00,15.6,82,0.0,4.3,336,1.7489675652259409,-3.9282454678631837
2013-01-10 11:00:00,16.8,79,0.0,6.0,327,3.2678342100901627,-5.032023407672544
2013-01-10 12:00:00,17.5,78,0.0,7.9,317,5.387787044493738,-5.777694242791447
2013-01-10 13:00:00,18.3,75,0.0,9.2,321,5.789747597658504,-7.149742845404131
2013-01-10 14:00:00,18.0,75,0.0,10.0,330,5.000000000000001,-8.660254037844386
2013-01-10 15:00:00,17.1,78,0.0,9.8,336,3.9860191021428424,-8.95274548489749
2013-01-10 16:00:00,16.5,80,0.0,9.0,337,3.5165801564034633,-8.284543681071963
2013-01-10 17:00:00,15.8,82,0.0,7.8,338,2.9219314286441134,-7.232034065620942
2013-01-10 18:00:00,14.8,86,0.0,6.3,336,2.5624408513775414,-5.755336383148386
2013-01-10 19:00:00,14.2,88,0.0,6.4,344,1.7640790772287946,-6.1520748540052415
2013-01-10 20:00:00,13.7,91,0.0,5.9,346,1.4273391840380394,-5.7247447850283795
2013-01-10 21:00:00,13.4,92,0.0,4.4,351,0.6883116461770161,-4.3458286986186065
2013-01-10 22:00:00,12.9,93,0.0,5.9,346,1.4273391840380394,-5.7247447850283795
2013-01-10 23:00:00,12.6,94,0.0,6.5,357,0.3401837155791358,-6.49109197590473
2013-01-11 00:00:00,12.5,95,0.1,5.8,7,-0.7068421917498535,-5.756767679519668
2013-01-11 01:00:00,12.2,95,0.0,4.2,20,-1.436484601967808,-3.9467090073008158
2013-01-11 02:00:00,12.4,92,0.0,4.4,35,-2.523736319944604,-3.604268994871563
2013-01-11 03:00:00,13.8,82,0.0,5.4,42,-3.613305274337834,-4.01298205757793
2013-01-11 04:00:00,14.0,81,0.0,6.1,40,-3.9210044190878905,-4.672871103025765
2013-01-11 05:00:00,14.3,79,0.0,6.1,40,-3.9210044190878905,-4.672871103025765
2013-01-11 06:00:00,14.5,78,0.0,2.4,27,-1.0895771993749126,-2.138415658052083
2013-01-11 07:00:00,13.3,82,0.0,1.4,360,8.572527594031472e-17,-1.4
2013-01-11 08:00:00,13.9,85,0.0,1.3,326,0.7269507745119709,-1.0777488443215544
2013-01-11 09:00:00,16.4,78,0.0,2.7,293,2.485363104321589,-1.0549740469210394
2013-01-11 10:00:00,16.7,80,0.0,3.3,311,2.4905416147351476,-2.1649947956686737
2013-01-11 11:00:00,17.0,81,0.0,6.1,320,3.92100441908789,-4.6728711030257655
2013-01-11 12:00:00,16.7,84,0.2,7.4,321,4.656970893768798,-5.750880114781585
2013-01-11 13:00:00,16.8,87,0.3,8.2,331,3.975438886019964,-7.171881598543044
2013-01-11 14:00:00,16.7,89,0.5,9.3,332,4.366085533908786,-8.21141261358802
2013-01-11 15:00:00,17.0,91,0.2,10.2,337,3.985457510590592,-9.389149505214892
2013-01-11 16:00:00,16.4,93,0.3,9.1,342,2.8120546488120217,-8.654614298285896
2013-01-11 17:00:00,15.8,94,0.3,7.5,343,2.192787785420526,-7.172285669722766
2013-01-11 18:00:00,15.4,95,0.4,6.9,332,3.239353783222647,-6.092338390726596
2013-01-11 19:00:00,15.0,96,0.3,8.2,345,2.12231616984067,-7.92059177557036
2013-01-11 20:00:00,14.6,97,0.3,9.3,347,2.092044805397944,-9.06164160250269
2013-01-11 21:00:00,14.5,96,0.3,9.0,355,0.7844016847289232,-8.96575228282571
2013-01-11 22:00:00,14.1,96,0.2,9.7,2,-0.33852511801425733,-9.694091022085228
2013-01-11 23:00:00,14.1,96,0.0,10.5,8,-1.4613175600806911,-10.397814721786487
2013-01-12 00:00:00,14.3,96,0.9,10.9,9,-1.7051356689385184,-10.765802912487
2013-01-12 01:00:00,14.1,96,0.1,10.7,12,-2.2246550917500296,-10.46617932785172
2013-01-12 02:00:00,14.0,96,0.1,10.1,17,-2.9529542176996446,-9.658678035226657
2013-01-12 03:00:00,13.9,96,0.4,10.7,20,-3.6596155335846534,-10.05471104240922
2013-01-12 04:00:00,13.6,96,0.5,10.0,21,-3.583679495453007,-9.335804264972015
2013-01-12 05:00:00,13.3,95,0.3,10.2,18,-3.1519733426244647,-9.700776466210565
2013-01-12 06:00:00,12.9,95,0.0,10.7,20,-3.6596155335846534,-10.05471104240922
2013-01-12 07:00:00,12.8,95,0.3,9.5,25,-4.014873486536642,-8.609923976848176
2013-01-12 08:00:00,14.3,95,0.2,8.7,17,-2.5436338310878126,-8.319851376878407
2013-01-12 09:00:00,16.7,87,0.4,11.7,9,-1.830283240970703,-11.55595358496311
2013-01-12 10:00:00,18.2,83,0.1,12.3,5,-1.0720156357961965,-12.253194786528471
2013-01-12 11:00:00,19.6,79,0.5,11.2,356,0.7812725059342026,-11.17271736291003
2013-01-12 12:00:00,19.9,80,0.2,11.0,341,3.5812496990287244,-10.400704331592484
2013-01-12 13:00:00,19.5,83,0.3,11.0,328,5.829111906565254,-9.328529057720685
2013-01-12 14:00:00,19.5,84,0.0,10.8,330,5.400000000000001,-9.353074360871938
2013-01-12 15:00:00,19.5,81,0.0,11.3,338,4.233054505599806,-10.4771775566047
2013-01-12 16:00:00,18.7,83,0.0,11.2,339,4.013721034907364,-10.45610077676866
2013-01-12 17:00:00,17.7,86,0.0,7.9,344,2.1775351109542935,-7.59396739791272
2013-01-12 18:00:00,16.7,90,0.0,7.1,336,2.8878301658381815,-6.486172749262466
2013-01-12 19:00:00,16.3,91,0.0,6.3,347,1.4171916423663489,-6.1385314081469815
2013-01-12 20:00:00,15.5,96,0.0,5.7,342,1.7613968679372005,-5.421022142882375
2013-01-12 21:00:00,15.3,95,0.0,6.8,357,0.35588450245201897,-6.790680836331102
2013-01-12 22:00:00,14.8,95,0.0,7.6,357,0.3977532674463741,-7.589584464134761
2013-01-12 23:00:00,14.7,96,0.4,7.9,3,-0.41345405431926,-7.889173324561134
2013-01-13 00:00:00,14.6,97,0.5,8.7,7,-1.0602632876247804,-8.635151519279502
2013-01-13 01:00:00,14.6,97,0.6,9.7,2,-0.33852511801425733,-9.694091022085228
2013-01-13 02:00:00,14.7,98,1.0,10.1,6,-1.055737479003299,-10.044671143219562
2013-01-13 03:00:00,14.1,99,0.9,9.8,8,-1.363896389408645,-9.704627073667389
2013-01-13 04:00:00,14.2,99,1.0,10.3,12,-2.141490415422926,-10.074920287558198
2013-01-13 05:00:00,14.4,98,0.9,9.8,8,-1.363896389408645,-9.704627073667389
2013-01-13 06:00:00,14.3,99,0.9,11.2,6,-1.1707187885977175,-11.13864522812466
2013-01-13 07:00:00,14.4,98,1.0,11.1,13,-2.496956703216904,-10.815507719116109
2013-01-13 08:00:00,14.8,97,1.5,11.2,15,-2.898773305148231,-10.818369254437565
2013-01-13 09:00:00,15.4,95,1.6,12.4,8,-1.7257464519048162,-12.279324052395472
2013-01-13 10:00:00,16.3,92,1.6,12.7,7,-1.547740661245369,-12.60533612584479
2013-01-13 11:00:00,16.5,92,0.8,14.3,12,-2.973137178693965,-13.987510690493421
2013-01-13 12:00:00,16.6,92,0.5,13.2,17,-3.8593065023401296,-12.623222778712066
2013-01-13 13:00:00,17.2,88,0.2,13.9,17,-4.063966695646045,-13.29263610788619
2013-01-13 14:00:00,17.8,85,0.1,14.8,13,-3.3292756042892058,-14.420676958821481
2013-01-13 15:00:00,18.0,84,0.0,15.9,6,-1.6620025659556885,-15.812898136355548
2013-01-13 16:00:00,17.0,88,0.0,17.7,4,-1.2346895852710227,-17.65688368959889
2013-01-13 17:00:00,15.8,90,0.0,17.4,6,-1.8187952608571683,-17.304680979407955
2013-01-13 18:00:00,14.5,93,0.0,16.2,12,-3.3681693912477084,-15.845991131887649
2013-01-13 19:00:00,14.0,91,0.0,15.4,16,-4.244815279581783,-14.803430117450112
2013-01-13 20:00:00,13.3,90,0.0,14.9,20,-5.0961001355524616,-14.001420049710037
2013-01-13 21:00:00,12.5,90,0.0,14.0,29,-6.787334683448716,-12.244675899951543
2013-01-13 22:00:00,11.4,89,0.0,11.6,36,-6.81830892659269,-9.38459713474939
2013-01-13 23:00:00,10.7,86,0.0,10.8,30,-5.400000000000005,-9.353074360871934
2013-01-14 00:00:00,10.6,79,0.0,13.0,24,-5.287576359985401,-11.876090949353813
2013-01-14 01:00:00,9.8,77,0.0,15.3,19,-4.981192763194497,-14.466434206669549
2013-01-14 02:00:00,9.9,74,0.0,15.9,18,-4.913370210561666,-15.121798609092941
2013-01-14 03:00:00,8.6,83,0.0,15.4,21,-5.518866422997631,-14.377138568056905
2013-01-14 04:00:00,8.3,81,0.0,15.3,19,-4.981192763194497,-14.466434206669549
2013-01-14 05:00:00,8.3,79,0.0,14.6,20,-4.99349409255476,-13.719512263474263
2013-01-14 06:00:00,9.1,74,0.0,13.7,27,-6.219669846431793,-12.206789381380638
2013-01-14 07:00:00,9.9,68,0.0,11.1,29,-5.381386784734339,-9.708278749247295
2013-01-14 08:00:00,12.4,63,0.0,9.4,18,-2.904759747124507,-8.939931253174443
2013-01-14 09:00:00,14.5,66,0.0,13.0,5,-1.1330246557195571,-12.950531075192693
2013-01-14 10:00:00,15.7,64,0.0,13.3,357,0.6960682180311548,-13.281772812235833
2013-01-14 11:00:00,16.7,62,0.0,13.8,351,2.158795617555187,-13.630099100212902
2013-01-14 12:00:00,17.4,62,0.0,14.0,348,2.9107636714486325,-13.694066410273278
2013-01-14 13:00:00,17.7,62,0.0,14.3,348,2.9731371786939604,-13.987510690493421
2013-01-14 14:00:00,17.6,63,0.0,14.3,350,2.483168940637105,-14.082750868074575
2013-01-14 15:00:00,17.1,64,0.0,13.0,346,3.14498464279568,-12.613844441587954
2013-01-14 16:00:00,16.1,68,0.0,10.5,338,3.9333692308670756,-9.735430472951268
2013-01-14 17:00:00,14.7,73,0.0,6.7,324,3.93816119035957,-5.420413862312148
2013-01-14 18:00:00,12.7,83,0.0,3.9,304,3.2332465329646625,-2.180852323535913
2013-01-14 19:00:00,11.0,87,0.0,2.3,342,0.7107390870623791,-2.1874299874788528
2013-01-14 20:00:00,9.9,90,0.0,0.8,27,-0.36319239979163753,-0.7128052193506943
2013-01-14 21:00:00,8.9,93,0.0,1.0,135,-0.7071067811865475,0.7071067811865476
2013-01-14 22:00:00,8.9,93,0.1,1.1,90,-1.1,1.3471114790620887e-16
2013-01-14 23:00:00,9.1,93,0.2,1.0,45,-0.7071067811865477,-0.7071067811865475
2013-01-15 00:00:00,9.6,92,0.3,1.5,45,-1.0606601717798214,-1.0606601717798212
2013-01-15 01:00:00,10.0,91,0.2,1.3,34,-0.7269507745119705,-1.0777488443215544
2013-01-15 02:00:00,9.9,91,0.2,0.8,27,-0.36319239979163753,-0.7128052193506943
2013-01-15 03:00:00,10.4,87,0.2,1.0,45,-0.7071067811865477,-0.7071067811865475
2013-01-15 04:00:00,10.4,88,0.3,1.0,45,-0.7071067811865477,-0.7071067811865475
2013-01-15 05:00:00,10.5,88,0.2,1.5,45,-1.0606601717798214,-1.0606601717798212
2013-01-15 06:00:00,10.9,87,0.2,2.1,59,-1.800051331474436,-1.0815799573111138
2013-01-15 07:00:00,11.4,85,0.1,3.3,77,-3.2154212137912763,-0.7423384793347544
2013-01-15 08:00:00,12.2,86,0.0,2.2,81,-2.1729143493093033,-0.3441558230885076
2013-01-15 09:00:00,14.2,84,0.0,1.9,292,1.761649323676896,-0.7117525274902328
2013-01-15 10:00:00,15.2,80,0.0,4.5,256,4.366330768241984,1.0886485301985047
2013-01-15 11:00:00,16.2,78,0.0,7.3,259,7.165878439167947,1.392905666248777
2013-01-15 12:00:00,17.3,76,0.0,8.3,268,8.294943864258496,0.2896658226307581
2013-01-15 13:00:00,17.7,75,0.0,8.7,275,8.666893873398186,-0.7582549619046259
2013-01-15 14:00:00,18.0,74,0.0,8.5,282,8.314254606237348,-1.7672493719509543
2013-01-15 15:00:00,17.6,74,0.0,8.6,292,7.973781149274371,-3.221616703376843
2013-01-15 16:00:00,16.7,74,0.0,9.2,309,7.149742845404131,-5.789747597658503
2013-01-15 17:00:00,15.6,77,0.0,7.7,323,4.633975678270772,-6.149493427364155
2013-01-15 18:00:00,14.5,81,0.0,8.2,331,3.975438886019964,-7.171881598543044
2013-01-15 19:00:00,13.3,87,0.0,8.5,348,1.7672493719509554,-8.314254606237347
2013-01-15 20:00:00,12.3,91,0.1,7.2,6,-0.7526049355271042,-7.160557646651569
2013-01-15 21:00:00,13.0,85,0.0,4.7,23,-1.836436303899587,-4.326372811226469
2013-01-15 22:00:00,13.1,85,0.0,2.7,23,-1.0549740469210394,-2.4853631043215887
2013-01-15 23:00:00,13.1,84,0.0,2.1,31,-1.0815799573111144,-1.8000513314744355
2013-01-16 00:00:00,12.9,84,0.0,2.5,45,-1.7677669529663693,-1.7677669529663687
2013-01-16 01:00:00,12.8,83,0.0,2.8,50,-2.1449244407331385,-1.7998053071223097
2013-01-16 02:00:00,12.7,80,0.0,3.4,58,-2.8833635269318485,-1.8017254983928963
2013-01-16 03:00:00,11.2,82,0.0,4.0,63,-3.5640260967534716,-1.8159619989581868
2013-01-16 04:00:00,10.8,80,0.0,4.5,61,-3.9357886821272814,-2.181643291108516
2013-01-16 05:00:00,10.7,78,0.0,4.2,59,-3.600102662948872,-2.1631599146222276
2013-01-16 06:00:00,10.8,77,0.0,4.1,52,-3.23084408978756,-2.5242120488351985
2013-01-16 07:00:00,12.2,74,0.0,3.6,53,-2.875087836170254,-2.1665340833473743
2013-01-16 08:00:00,13.6,74,0.0,3.8,17,-1.111012477946401,-3.633958072659534
2013-01-16 09:00:00,15.4,79,0.0,6.6,347,1.4846769586695083,-6.430842427582553
2013-01-16 10:00:00,16.6,79,0.0,7.1,336,2.8878301658381815,-6.486172749262466
2013-01-16 11:00:00,17.7,77,0.0,8.0,324,4.702282018339785,-6.47213595499958
2013-01-16 12:00:00,18.4,77,0.0,9.7,321,6.104407793183423,-7.538315826132617
2013-01-16 13:00:00,18.4,77,0.0,11.0,322,6.772276228582241,-8.668118289673941
2013-01-16 14:00:00,18.2,77,0.0,11.2,327,6.099957192168303,-9.393110360988748
2013-01-16 15:00:00,17.7,78,0.2,11.6,334,5.085105302753298,-10.426010937070338
2013-01-16 16:00:00,17.1,80,0.0,11.8,337,4.61062731617343,-10.861957270738797
2013-01-16 17:00:00,16.0,83,0.2,8.6,338,3.2216167033768426,-7.973781149274371
2013-01-16 18:00:00,14.6,89,0.0,6.8,328,3.603450996785793,-5.766727053863696
2013-01-16 19:00:00,13.7,95,0.0,5.2,335,2.197614961051637,-4.7128004925905795
2013-01-16 20:00:00,13.4,93,0.0,5.0,339,1.791839747726502,-4.667902132486009
2013-01-16 21:00:00,13.7,93,0.0,4.2,340,1.436484601967809,-3.9467090073008153
2013-01-16 22:00:00,13.8,93,0.0,3.5,336,1.4235782507653008,-3.197409101749103
2013-01-16 23:00:00,13.6,94,0.0,2.5,8,-0.3479327524001646,-2.475670171853926
2013-01-17 00:00:00,13.7,93,0.0,2.3,18,-0.7107390870623793,-2.1874299874788528
2013-01-17 01:00:00,13.6,93,0.0,2.6,34,-1.453901549023941,-2.1554976886431088
2013-01-17 02:00:00,13.4,93,0.0,2.5,45,-1.7677669529663693,-1.7677669529663687
2013-01-17 03:00:00,13.7,91,0.2,2.3,51,-1.7874357113510326,-1.4474368994146265
2013-01-17 04:00:00,13.4,91,0.0,2.5,45,-1.7677669529663693,-1.7677669529663687
2013-01-17 05:00:00,13.3,90,0.0,2.8,50,-2.1449244407331385,-1.7998053071223097
2013-01-17 06:00:00,13.2,89,0.0,3.3,41,-2.1649947956686737,-2.4905416147351476
2013-01-17 07:00:00,13.1,89,0.0,5.4,37,-3.2498011250210608,-4.312631754255381
2013-01-17 08:00:00,13.7,89,0.0,5.5,11,-1.0494494745709955,-5.3989495089621515
2013-01-17 09:00:00,15.1,86,0.0,8.8,351,1.3766232923540322,-8.691657397237213
2013-01-17 10:00:00,16.1,83,0.0,9.9,341,3.223124729125852,-9.360633898433235
2013-01-17 11:00:00,16.9,79,0.0,12.7,335,5.367251924106883,-11.510108895365454
2013-01-17 12:00:00,17.2,75,0.2,15.5,342,4.789763412811686,-14.74137600257488
2013-01-17 13:00:00,16.8,74,0.1,16.3,346,3.943326898274583,-15.815820338298742
2013-01-17 14:00:00,16.7,72,0.1,17.7,348,3.680036927474342,-17.31321253298836
2013-01-17 15:00:00,15.8,73,0.1,17.3,348,3.596872251147239,-16.921953492694836
2013-01-17 16:00:00,14.6,75,0.1,16.8,351,2.6280990126758796,-16.593164121998313
2013-01-17 17:00:00,13.3,76,0.0,14.8,354,1.5470212563612713,-14.718924051450445
2013-01-17 18:00:00,12.3,77,0.0,12.6,3,-0.6594330486610982,-12.58273213790763
2013-01-17 19:00:00,11.9,77,0.0,11.9,5,-1.0371533386971332,-11.854716907291772
2013-01-17 20:00:00,11.3,80,0.0,12.3,3,-0.643732261788215,-12.283143277481258
2013-01-17 21:00:00,10.7,82,0.0,11.2,2,-0.3908743630680085,-11.193177262613872
2013-01-17 22:00:00,10.4,80,0.0,10.8,2,-0.37691456438700827,-10.793420931806235
2013-01-17 23:00:00,9.8,80,0.0,10.8,360,6.613092715395707e-16,-10.8
2013-01-18 00:00:00,9.5,80,0.0,10.1,6,-1.055737479003299,-10.044671143219562
2013-01-18 01:00:00,9.8,75,0.0,7.8,13,-1.7546182238821488,-7.600086505324834
2013-01-18 02:00:00,10.2,73,0.0,7.1,15,-1.8376152202278964,-6.858073366652385
2013-01-18 03:00:00,11.2,69,0.0,7.1,15,-1.8376152202278964,-6.858073366652385
2013-01-18 04:00:00,11.0,69,0.0,7.5,17,-2.192787785420528,-7.172285669722765
2013-01-18 05:00:00,10.7,70,0.0,7.5,17,-2.192787785420528,-7.172285669722765
2013-01-18 06:00:00,10.8,69,0.0,5.5,11,-1.0494494745709955,-5.3989495089621515
2013-01-18 07:00:00,10.6,69,0.0,5.2,16,-1.4333142502483942,-4.998560818879259
2013-01-18 08:00:00,11.2,70,0.0,5.1,4,-0.35575801609504043,-5.087576656325103
2013-01-18 09:00:00,12.8,69,0.0,7.1,345,1.8376152202278973,-6.858073366652385
2013-01-18 10:00:00,13.8,68,0.0,8.5,332,3.9905082836800725,-7.505054539300878
2013-01-18 11:00:00,14.6,68,0.0,9.8,332,4.600821315301731,-8.652886410017484
2013-01-18 12:00:00,15.5,67,0.0,10.8,330,5.400000000000001,-9.353074360871938
2013-01-18 13:00:00,16.0,66,0.0,11.6,334,5.085105302753298,-10.426010937070338
2013-01-18 14:00:00,16.1,67,0.0,12.1,337,4.727846654720212,-11.138108726774528
2013-01-18 15:00:00,15.9,66,0.0,11.3,338,4.233054505599806,-10.4771775566047
2013-01-18 16:00:00,15.0,68,0.0,9.7,333,4.403707847473604,-8.642763284627167
2013-01-18 17:00:00,13.9,72,0.0,7.6,329,3.9142893693164114,-6.5144714853360535
2013-01-18 18:00:00,12.6,76,0.0,5.9,317,4.023790324368742,-4.314986839553106
2013-01-18 19:00:00,11.6,83,0.0,4.3,336,1.7489675652259409,-3.9282454678631837
2013-01-18 20:00:00,10.9,83,0.0,2.5,352,0.34793275240016364,-2.475670171853926
2013-01-18 21:00:00,10.7,84,0.0,2.5,352,0.34793275240016364,-2.475670171853926
2013-01-18 22:00:00,10.6,84,0.0,2.5,360,1.5308084989341916e-16,-2.5
2013-01-18 23:00:00,10.8,83,0.0,1.8,11,-0.3434561916777803,-1.7669289302057951
2013-01-19 00:00:00,10.4,86,0.0,1.5,76,-1.4554435894139948,-0.3628828433995013
2013-01-19 01:00:00,10.3,87,0.0,1.6,63,-1.4256104387013888,-0.7263847995832747
2013-01-19 02:00:00,10.5,87,0.0,1.8,53,-1.437543918085127,-1.0832670416736871
2013-01-19 03:00:00,12.2,78,0.0,1.9,68,-1.761649323676896,-0.7117525274902328
2013-01-19 04:00:00,11.8,81,0.0,2.3,51,-1.7874357113510326,-1.4474368994146265
2013-01-19 05:00:00,11.7,82,0.0,3.1,69,-2.8940993221413254,-1.1109406435904314
2013-01-19 06:00:00,11.9,81,0.0,4.4,81,-4.3458286986186065,-0.6883116461770152
2013-01-19 07:00:00,12.0,80,0.0,4.7,86,-4.688551036221174,-0.3278554265973888
2013-01-19 08:00:00,12.6,81,0.0,3.3,77,-3.2154212137912763,-0.7423384793347544
2013-01-19 09:00:00,14.5,78,0.0,2.2,360,1.3471114790620887e-16,-2.2
2013-01-19 10:00:00,16.0,73,0.0,3.6,307,2.875087836170254,-2.166534083347374
2013-01-19 11:00:00,17.2,69,0.0,4.9,287,4.685893304218874,-1.4326213531414103
2013-01-19 12:00:00,17.8,68,0.0,7.9,286,7.59396739791272,-2.1775351109542935
2013-01-19 13:00:00,18.0,68,0.0,8.9,291,8.308865795825096,-3.1894747509531727
2013-01-19 14:00:00,18.0,69,0.1,9.0,293,8.284543681071963,-3.5165801564034638
2013-01-19 15:00:00,17.3,74,0.2,8.9,302,7.547628055792192,-4.716281451675524
2013-01-19 16:00:00,16.7,77,0.3,7.6,301,6.5144714853360535,-3.9142893693164114
2013-01-19 17:00:00,15.8,83,0.4,4.9,306,3.9641832724372428,-2.8801477362331185
2013-01-19 18:00:00,14.7,88,0.4,5.9,313,4.314986839553106,-4.023790324368742
2013-01-19 19:00:00,13.7,92,0.5,5.6,320,3.5996106142446203,-4.289848881466277
2013-01-19 20:00:00,13.0,92,0.5,5.1,352,0.7097828148963339,-5.050367150582009
2013-01-19 21:00:00,13.4,91,0.5,3.0,14,-0.7257656867990033,-2.9108871788279895
2013-01-19 22:00:00,13.1,92,0.5,1.9,22,-0.7117525274902333,-1.7616493236768958
2013-01-19 23:00:00,12.8,93,0.6,1.6,27,-0.7263847995832751,-1.4256104387013886
2013-01-20 00:00:00,12.7,92,0.6,1.6,27,-0.7263847995832751,-1.4256104387013886
2013-01-20 01:00:00,12.7,91,0.4,2.4,27,-1.0895771993749126,-2.138415658052083
2013-01-20 02:00:00,13.1,89,0.5,2.8,40,-1.7998053071223103,-2.144924440733138
2013-01-20 03:00:00,14.2,86,0.8,3.1,45,-2.192031021678298,-2.192031021678297
2013-01-20 04:00:00,14.2,86,0.4,3.3,41,-2.1649947956686737,-2.4905416147351476
2013-01-20 05:00:00,14.0,86,0.3,3.8,49,-2.867896404846534,-2.4930243101639267
2013-01-20 06:00:00,13.9,86,0.5,5.2,65,-4.71280049259058,-2.1976149610516362
2013-01-20 07:00:00,13.7,86,0.2,4.3,42,-2.87726160734309,-3.195522749552796
2013-01-20 08:00:00,14.2,85,0.0,5.4,37,-3.2498011250210608,-4.312631754255381
2013-01-20 09:00:00,16.0,81,0.0,6.0,17,-1.7542302283364226,-5.7378285357782115
2013-01-20 10:00:00,17.3,77,0.0,6.1,357,0.3192493330819582,-6.0916401620029
2013-01-20 11:00:00,18.7,72,0.0,7.0,339,2.5085756468171025,-6.535062985480412
2013-01-20 12:00:00,19.8,67,0.0,8.4,329,4.326319829244455,-7.200205325897744
2013-01-20 13:00:00,20.2,66,0.0,9.8,324,5.760295472466237,-7.9283665448744856
2013-01-20 14:00:00,19.8,68,0.0,9.8,324,5.760295472466237,-7.9283665448744856
2013-01-20 15:00:00,19.8,71,0.0,8.8,325,5.0474726398892065,-7.208537989743128
2013-01-20 16:00:00,19.2,73,0.0,7.0,325,4.015035054457323,-5.7340643100229425
2013-01-20 17:00:00,18.3,77,0.0,4.9,324,2.8801477362331185,-3.9641832724372428
2013-01-20 18:00:00,16.6,87,0.0,3.3,354,0.3449439287832564,-3.2819222547153015
2013-01-20 19:00:00,16.1,86,0.0,2.0,45,-1.4142135623730954,-1.414213562373095
2013-01-20 20:00:00,15.8,86,0.0,2.4,63,-2.138415658052083,-1.089577199374912
2013-01-20 21:00:00,15.6,86,0.0,2.1,59,-1.800051331474436,-1.0815799573111138
2013-01-20 22:00:00,15.1,86,0.1,2.3,51,-1.7874357113510326,-1.4474368994146265
2013-01-20 23:00:00,14.3,86,0.1,2.0,45,-1.4142135623730954,-1.414213562373095
2013-01-21 00:00:00,13.2,88,0.0,2.1,59,-1.800051331474436,-1.0815799573111138
2013-01-21 01:00:00,12.7,88,0.0,2.1,59,-1.800051331474436,-1.0815799573111138
2013-01-21 02:00:00,12.9,86,0.0,2.1,59,-1.800051331474436,-1.0815799573111138
2013-01-21 03:00:00,13.6,81,0.4,1.9,68,-1.761649323676896,-0.7117525274902328
2013-01-21 04:00:00,13.7,80,0.4,2.3,72,-2.187429987478853,-0.7107390870623786
2013-01-21 05:00:00,14.6,76,0.4,1.9,68,-1.761649323676896,-0.7117525274902328
2013-01-21 06:00:00,15.0,74,0.1,3.4,72,-3.2335921554035223,-1.0506577808748208
2013-01-21 07:00:00,14.5,75,0.0,3.1,69,-2.8940993221413254,-1.1109406435904314
2013-01-21 08:00:00,16.0,72,0.0,2.9,60,-2.5114736709748717,-1.4500000000000002
2013-01-21 09:00:00,17.7,74,0.0,1.8,349,0.34345619167778085,-1.7669289302057951
2013-01-21 10:00:00,19.3,73,0.0,3.4,302,2.883363526931848,-1.8017254983928965
2013-01-21 11:00:00,20.5,70,0.0,5.8,300,5.022947341949744,-2.8999999999999995
2013-01-21 12:00:00,21.4,66,0.0,7.4,309,5.750880114781585,-4.656970893768797
2013-01-21 13:00:00,21.8,65,0.0,8.2,311,6.18861855782673,-5.379684037722159
2013-01-21 14:00:00,21.5,67,0.0,8.9,313,6.509047944410617,-6.069785404556237
2013-01-21 15:00:00,21.2,72,0.0,8.7,315,6.151828996322964,-6.151828996322962
2013-01-21 16:00:00,20.5,75,0.0,7.4,317,5.046787864462489,-5.412017391981862
2013-01-21 17:00:00,19.4,79,0.0,3.8,311,2.8678964048465336,-2.4930243101639276
2013-01-21 18:00:00,17.5,91,0.0,4.4,305,3.604268994871564,-2.523736319944603
2013-01-21 19:00:00,17.0,89,0.0,1.0,45,-0.7071067811865477,-0.7071067811865475
2013-01-21 20:00:00,16.6,89,0.0,1.8,101,-1.7669289302057951,0.34345619167778096
2013-01-21 21:00:00,16.3,88,0.0,2.4,117,-2.138415658052083,1.0895771993749124
2013-01-21 22:00:00,15.3,88,0.0,2.4,117,-2.138415658052083,1.0895771993749124
2013-01-21 23:00:00,15.1,86,0.0,3.1,111,-2.8940993221413254,1.1109406435904308
2013-01-22 00:00:00,14.7,86,0.0,2.3,108,-2.1874299874788528,0.7107390870623792
2013-01-22 01:00:00,14.0,85,0.0,2.2,99,-2.172914349309303,0.3441558230885082
2013-01-22 02:00:00,13.6,85,0.0,2.5,82,-2.475670171853926,-0.3479327524001638
2013-01-22 03:00:00,11.7,91,0.2,2.7,67,-2.485363104321589,-1.0549740469210387
2013-01-22 04:00:00,12.1,91,0.0,3.1,69,-2.8940993221413254,-1.1109406435904314
2013-01-22 05:00:00,13.3,88,0.2,3.1,69,-2.8940993221413254,-1.1109406435904314
2013-01-22 06:00:00,14.4,82,0.3,4.5,61,-3.9357886821272814,-2.181643291108516
2013-01-22 07:00:00,15.2,80,0.3,4.2,59,-3.600102662948872,-2.1631599146222276
2013-01-22 08:00:00,16.5,77,0.2,4.1,45,-2.8991378028648453,-2.8991378028648445
2013-01-22 09:00:00,17.9,79,0.0,4.3,355,0.37476969381492997,-4.283637201794505
2013-01-22 10:00:00,19.1,77,0.0,7.0,339,2.5085756468171025,-6.535062985480412
2013-01-22 11:00:00,19.9,75,0.0,8.4,340,2.872969203935618,-7.893418014601631
2013-01-22 12:00:00,20.5,74,0.0,8.7,336,3.5386087947594613,-7.947845481490627
2013-01-22 13:00:00,20.9,73,0.0,10.5,329,5.407899786555569,-9.00025665737218
2013-01-22 14:00:00,20.6,75,0.0,12.2,332,5.727553065987868,-10.771960632878907
2013-01-22 15:00:00,20.8,75,0.0,13.0,341,4.232386007943038,-12.291741482791117
2013-01-22 16:00:00,19.9,80,0.0,11.5,346,2.782101799396178,-11.15840085217396
2013-01-22 17:00:00,18.7,85,0.0,8.9,346,2.1531048708370424,-8.635631963856369
2013-01-22 18:00:00,17.1,92,0.0,9.0,355,0.7844016847289232,-8.96575228282571
2013-01-22 19:00:00,15.6,97,0.0,7.3,33,-3.9758649556096968,-6.122295146001595
2013-01-22 20:00:00,15.8,95,0.0,5.4,42,-3.613305274337834,-4.01298205757793
2013-01-22 21:00:00,15.8,94,0.0,4.3,42,-2.87726160734309,-3.195522749552796
2013-01-22 22:00:00,15.6,94,0.0,3.8,41,-2.4930243101639276,-2.8678964048465336
2013-01-22 23:00:00,15.2,94,0.0,3.1,36,-1.822134282106667,-2.507952682562337
2013-01-23 00:00:00,14.9,94,0.0,3.1,36,-1.822134282106667,-2.507952682562337
2013-01-23 01:00:00,14.6,94,0.0,3.7,29,-1.7937955949114464,-3.2360929164157652
2013-01-23 02:00:00,14.4,94,0.0,4.6,39,-2.894873798829254,-3.5748714227020644
2013-01-23 03:00:00,15.1,88,0.0,4.8,42,-3.211826910522519,-3.567095162291493
2013-01-23 04:00:00,14.9,88,0.0,5.6,40,-3.5996106142446207,-4.289848881466276
2013-01-23 05:00:00,14.7,88,0.0,6.7,36,-3.938161190359571,-5.420413862312147
2013-01-23 06:00:00,14.5,88,0.0,6.1,40,-3.9210044190878905,-4.672871103025765
2013-01-23 07:00:00,14.4,87,0.0,7.4,39,-4.656970893768801,-5.750880114781583
2013-01-23 08:00:00,15.2,83,0.0,6.8,18,-2.1013155617496433,-6.467184310807044
2013-01-23 09:00:00,16.9,78,0.0,10.1,4,-0.7045403848156684,-10.075396907624224
2013-01-23 10:00:00,18.3,74,0.0,10.5,356,0.732442974313315,-10.474422527728153
2013-01-23 11:00:00,19.5,70,0.0,11.2,345,2.8987733051482323,-10.818369254437565
2013-01-23 12:00:00,20.2,68,0.0,11.8,340,4.035837691242892,-11.088372925273719
2013-01-23 13:00:00,20.2,70,0.0,12.5,342,3.862712429686843,-11.888206453689419
2013-01-23 14:00:00,20.0,71,0.0,13.1,344,3.610849361202689,-12.592528216791978
2013-01-23 15:00:00,19.6,75,0.0,13.0,346,3.14498464279568,-12.613844441587954
2013-01-23 16:00:00,18.7,78,0.0,11.1,347,2.4969567032169007,-10.81550771911611
2013-01-23 17:00:00,17.4,82,0.0,8.3,342,2.564841053312064,-7.893769085249775
2013-01-23 18:00:00,15.8,88,0.0,7.6,352,1.0577155672964975,-7.5260373224359345
2013-01-23 19:00:00,14.9,91,0.0,6.4,38,-3.940233442084212,-5.043268823083022
2013-01-23 20:00:00,14.8,91,0.0,3.6,53,-2.875087836170254,-2.1665340833473743
2013-01-23 21:00:00,14.5,92,0.0,2.8,50,-2.1449244407331385,-1.7998053071223097
2013-01-23 22:00:00,14.4,91,0.0,2.1,59,-1.800051331474436,-1.0815799573111138
2013-01-23 23:00:00,14.2,91,0.0,1.5,45,-1.0606601717798214,-1.0606601717798212
2013-01-24 00:00:00,14.2,90,0.1,1.6,27,-0.7263847995832751,-1.4256104387013886
2013-01-24 01:00:00,14.2,89,0.2,1.8,37,-1.083267041673687,-1.437543918085127
2013-01-24 02:00:00,14.3,87,0.1,2.0,45,-1.4142135623730954,-1.414213562373095
2013-01-24 03:00:00,15.3,77,0.0,2.6,56,-2.1554976886431088,-1.4539015490239415
2013-01-24 04:00:00,15.3,76,0.0,2.8,40,-1.7998053071223103,-2.144924440733138
2013-01-24 05:00:00,15.2,76,0.0,2.6,56,-2.1554976886431088,-1.4539015490239415
2013-01-24 06:00:00,15.4,74,0.0,1.6,63,-1.4256104387013888,-0.7263847995832747
2013-01-24 07:00:00,15.1,74,0.0,2.5,45,-1.7677669529663693,-1.7677669529663687
2013-01-24 08:00:00,15.5,76,0.0,2.7,23,-1.0549740469210394,-2.4853631043215887
2013-01-24 09:00:00,17.0,77,0.0,4.4,351,0.6883116461770161,-4.3458286986186065
2013-01-24 10:00:00,18.5,75,0.0,5.0,339,1.791839747726502,-4.667902132486009
2013-01-24 11:00:00,18.6,77,0.0,7.3,327,3.9758649556096977,-6.122295146001595
2013-01-24 12:00:00,18.9,78,0.0,7.9,330,3.950000000000001,-6.841600689897065
2013-01-24 13:00:00,19.3,77,0.0,8.2,331,3.975438886019964,-7.171881598543044
2013-01-24 14:00:00,19.3,77,0.0,8.9,333,4.040515447681967,-7.929958065276474
2013-01-24 15:00:00,19.9,75,0.2,9.7,338,3.633683956134346,-8.993683389297837
2013-01-24 16:00:00,18.5,81,0.0,9.4,337,3.672872607799173,-8.65274562245294
2013-01-24 17:00:00,17.7,84,0.0,7.5,343,2.192787785420526,-7.172285669722766
2013-01-24 18:00:00,16.6,88,0.0,9.4,2,-0.3280552690035072,-9.394273773979501
2013-01-24 19:00:00,15.8,91,0.0,8.8,19,-2.864999759222979,-8.320563465273988
2013-01-24 20:00:00,15.2,93,0.0,7.9,16,-2.1775351109542913,-7.593967397912721
2013-01-24 21:00:00,14.7,92,0.0,8.9,14,-2.1531048708370433,-8.635631963856369
2013-01-24 22:00:00,14.7,92,0.0,8.9,21,-3.1894747509531767,-8.308865795825096
2013-01-24 23:00:00,14.9,88,0.0,8.1,21,-2.9027803913169357,-7.562001454627333
2013-01-25 00:00:00,14.7,89,0.0,8.2,15,-2.122316169840669,-7.92059177557036
2013-01-25 01:00:00,13.9,91,0.0,10.5,8,-1.4613175600806911,-10.397814721786487
2013-01-25 02:00:00,13.3,93,0.0,11.3,9,-1.7677094549546108,-11.160878248725057
2013-01-25 03:00:00,13.3,92,0.0,11.3,17,-3.3038002633669294,-10.8062437423823
2013-01-25 04:00:00,12.9,92,0.0,10.7,20,-3.6596155335846534,-10.05471104240922
2013-01-25 05:00:00,13.0,91,0.0,9.2,21,-3.296985135816766,-8.588939923774255
2013-01-25 06:00:00,13.3,89,0.0,7.9,3,-0.41345405431926,-7.889173324561134
2013-01-25 07:00:00,14.1,85,0.0,8.3,5,-0.7233926648055635,-8.268415994161488
2013-01-25 08:00:00,14.5,86,0.0,7.6,357,0.3977532674463741,-7.589584464134761
2013-01-25 09:00:00,16.4,79,0.0,8.1,347,1.8221035401853058,-7.892397524760405
2013-01-25 10:00:00,17.3,77,0.0,8.4,335,3.5499933986218752,-7.61298541110786
2013-01-25 11:00:00,18.4,75,0.0,9.5,331,4.605691392340202,-8.30888721782426
2013-01-25 12:00:00,18.5,75,0.1,10.0,330,5.000000000000001,-8.660254037844386
2013-01-25 13:00:00,18.9,75,0.1,10.4,326,5.815606196095767,-8.621990754572435
2013-01-25 14:00:00,18.8,75,0.2,10.2,328,5.40517649517869,-8.650090580795544
2013-01-25 15:00:00,17.7,78,0.3,10.1,333,4.585304047369423,-8.999165894302514
2013-01-25 16:00:00,17.2,78,0.2,8.9,333,4.040515447681967,-7.929958065276474
2013-01-25 17:00:00,16.6,80,0.1,7.4,331,3.587591189822895,-6.472185832831529
2013-01-25 18:00:00,15.4,83,0.1,4.9,324,2.8801477362331185,-3.9641832724372428
2013-01-25 19:00:00,14.4,89,0.1,3.9,326,2.1808523235359125,-3.233246532964663
2013-01-25 20:00:00,13.6,93,0.1,3.4,328,1.8017254983928965,-2.883363526931848
2013-01-25 21:00:00,13.2,92,0.2,2.5,360,1.5308084989341916e-16,-2.5
2013-01-25 22:00:00,13.2,91,0.2,3.1,339,1.1109406435904312,-2.8940993221413254
2013-01-25 23:00:00,13.2,91,0.2,3.3,347,0.7423384793347542,-3.2154212137912763
2013-01-26 00:00:00,12.8,92,0.0,2.9,7,-0.35342109587492676,-2.878383839759834
2013-01-26 01:00:00,12.9,92,0.0,2.9,360,1.7757378587636622e-16,-2.9
2013-01-26 02:00:00,13.0,92,0.1,3.0,14,-0.7257656867990033,-2.9108871788279895
2013-01-26 03:00:00,13.2,88,0.0,3.7,29,-1.7937955949114464,-3.2360929164157652
2013-01-26 04:00:00,13.0,89,0.0,3.9,34,-2.1808523235359116,-3.233246532964663
2013-01-26 05:00:00,13.0,87,0.0,4.1,38,-2.524212048835198,-3.2308440897875603
2013-01-26 06:00:00,13.0,86,0.0,4.6,45,-3.2526911934581193,-3.252691193458118
2013-01-26 07:00:00,13.0,85,0.0,3.9,34,-2.1808523235359116,-3.233246532964663
2013-01-26 08:00:00,13.8,83,0.0,3.5,24,-1.4235782507653003,-3.1974091017491033
2013-01-26 09:00:00,15.6,82,0.0,7.2,342,2.224922359499622,-6.8476069173251055
2013-01-26 10:00:00,17.0,78,0.0,8.6,345,2.2258437878816784,-8.306962106085987
2013-01-26 11:00:00,18.2,75,0.0,8.4,335,3.5499933986218752,-7.61298541110786
2013-01-26 12:00:00,19.0,73,0.0,10.1,325,5.793122007145566,-8.273435647318816
2013-01-26 13:00:00,19.3,73,0.0,11.4,325,6.538771374401926,-9.338333304894507
2013-01-26 14:00:00,19.5,74,0.0,10.8,330,5.400000000000001,-9.353074360871938
2013-01-26 15:00:00,18.9,78,0.0,11.0,337,4.298042413382011,-10.125553387976844
2013-01-26 16:00:00,18.0,78,0.2,11.0,337,4.298042413382011,-10.125553387976844
2013-01-26 17:00:00,16.5,82,0.0,10.6,336,4.311408416603482,-9.683581851011569
2013-01-26 18:00:00,14.8,88,0.0,10.8,345,2.795245687107224,-10.431998923921938
2013-01-26 19:00:00,14.0,90,0.0,10.4,358,0.36295476570601126,-10.393664600998596
2013-01-26 20:00:00,13.6,90,0.0,8.4,7,-1.0237024846032363,-8.337387673787106
2013-01-26 21:00:00,13.8,88,0.0,4.8,27,-2.179154398749825,-4.276831316104166
2013-01-26 22:00:00,13.8,88,0.0,3.6,37,-2.166534083347374,-2.875087836170254
2013-01-26 23:00:00,13.8,87,0.0,2.6,16,-0.7166571251241971,-2.4992804094396295
2013-01-27 00:00:00,13.6,88,0.0,3.0,14,-0.7257656867990033,-2.9108871788279895
2013-01-27 01:00:00,13.7,87,0.0,3.6,45,-2.545584412271572,-2.545584412271571
2013-01-27 02:00:00,13.9,83,0.0,3.4,18,-1.0506577808748216,-3.233592155403522
2013-01-27 03:00:00,14.4,82,0.0,4.7,9,-0.7352419856890859,-4.6421352007971475
2013-01-27 04:00:00,14.4,83,0.0,5.7,18,-1.7613968679372012,-5.421022142882375
2013-01-27 05:00:00,13.8,85,0.0,6.5,19,-2.116193003971518,-6.1458707413955596
2013-01-27 06:00:00,13.6,86,0.0,5.7,18,-1.7613968679372012,-5.421022142882375
2013-01-27 07:00:00,13.8,85,0.0,4.7,360,2.8779199779962803e-16,-4.7
2013-01-27 08:00:00,13.5,89,0.3,4.7,9,-0.7352419856890859,-4.6421352007971475
2013-01-27 09:00:00,15.4,83,0.2,6.4,344,1.7640790772287946,-6.1520748540052415
2013-01-27 10:00:00,16.4,81,0.2,8.7,343,2.5436338310878095,-8.319851376878407
2013-01-27 11:00:00,17.4,78,0.0,10.9,343,3.186851581477831,-10.423721839997087
2013-01-27 12:00:00,18.1,74,0.0,13.1,339,4.694620139043435,-12.229903587113343
2013-01-27 13:00:00,18.2,73,0.0,14.3,342,4.418943019561749,-13.600108183020696
2013-01-27 14:00:00,18.3,72,0.0,14.9,345,3.856403772027559,-14.392294811707119
2013-01-27 15:00:00,18.0,69,0.0,14.1,345,3.6493485359455424,-13.619554150675864
2013-01-27 16:00:00,17.6,69,0.0,12.4,343,3.625409138561936,-11.858178973941639
2013-01-27 17:00:00,16.3,73,0.0,8.9,339,3.1894747509531736,-8.308865795825096
2013-01-27 18:00:00,14.9,76,0.0,8.7,336,3.5386087947594613,-7.947845481490627
2013-01-27 19:00:00,13.3,85,0.0,8.7,355,0.7582549619046257,-8.666893873398186
2013-01-27 20:00:00,13.9,76,0.0,5.2,16,-1.4333142502483942,-4.998560818879259
2013-01-27 21:00:00,13.0,79,0.0,3.2,27,-1.4527695991665501,-2.851220877402777
2013-01-27 22:00:00,11.8,84,0.1,2.2,81,-2.1729143493093033,-0.3441558230885076
2013-01-27 23:00:00,11.5,87,0.1,2.2,90,-2.2,2.6942229581241775e-16
2013-01-28 00:00:00,11.8,87,0.1,2.5,82,-2.475670171853926,-0.3479327524001638
2013-01-28 01:00:00,11.3,88,0.1,2.9,90,-2.9,3.5514757175273243e-16
2013-01-28 02:00:00,11.1,87,0.2,1.8,79,-1.7669289302057951,-0.3434561916777805
2013-01-28 03:00:00,11.6,81,0.1,2.6,74,-2.499280409439629,-0.7166571251241974
2013-01-28 04:00:00,11.4,83,0.1,2.3,72,-2.187429987478853,-0.7107390870623786
2013-01-28 05:00:00,11.1,84,0.1,2.2,81,-2.1729143493093033,-0.3441558230885076
2013-01-28 06:00:00,10.8,84,0.0,2.3,72,-2.187429987478853,-0.7107390870623786
2013-01-28 07:00:00,10.8,83,0.0,2.3,72,-2.187429987478853,-0.7107390870623786
2013-01-28 08:00:00,13.1,83,0.0,1.9,68,-1.761649323676896,-0.7117525274902328
2013-01-28 09:00:00,15.8,77,0.0,3.0,284,2.9108871788279895,-0.7257656867990032
2013-01-28 10:00:00,17.0,75,0.0,5.4,274,5.386845871403051,-0.37668495821827663
2013-01-28 11:00:00,18.2,72,0.0,6.8,273,6.790680836331102,-0.3558845024520181
2013-01-28 12:00:00,18.8,70,0.1,7.6,278,7.5260373224359345,-1.0577155672964973
2013-01-28 13:00:00,19.0,69,0.4,8.7,287,8.319851376878407,-2.5436338310878095
2013-01-28 14:00:00,19.1,69,0.3,9.0,299,7.871577364254562,-4.363286582217033
2013-01-28 15:00:00,19.1,71,0.2,8.9,310,6.817795543758905,-5.7208097262102
2013-01-28 16:00:00,18.4,73,0.0,7.9,321,4.971631089293717,-6.139453095510071
2013-01-28 17:00:00,17.6,77,0.0,5.6,320,3.5996106142446203,-4.289848881466277
2013-01-28 18:00:00,15.8,87,0.0,5.2,304,4.310995377286217,-2.907803098047884
2013-01-28 19:00:00,15.4,84,0.0,1.8,11,-0.3434561916777803,-1.7669289302057951
2013-01-28 20:00:00,14.5,86,0.0,1.8,37,-1.083267041673687,-1.437543918085127
2013-01-28 21:00:00,12.8,89,0.0,1.8,53,-1.437543918085127,-1.0832670416736871
2013-01-28 22:00:00,12.3,88,0.1,1.6,27,-0.7263847995832751,-1.4256104387013886
2013-01-28 23:00:00,12.5,85,0.1,1.5,45,-1.0606601717798214,-1.0606601717798212
2013-01-29 00:00:00,12.6,83,0.2,1.6,63,-1.4256104387013888,-0.7263847995832747
2013-01-29 01:00:00,13.1,81,0.2,1.8,79,-1.7669289302057951,-0.3434561916777805
2013-01-29 02:00:00,13.2,80,0.1,1.4,90,-1.4,1.7145055188062944e-16
2013-01-29 03:00:00,13.2,78,0.0,1.5,76,-1.4554435894139948,-0.3628828433995013
2013-01-29 04:00:00,14.0,75,0.0,1.3,56,-1.0777488443215544,-0.7269507745119708
2013-01-29 05:00:00,13.8,75,0.1,2.3,51,-1.7874357113510326,-1.4474368994146265
2013-01-29 06:00:00,13.9,75,0.1,5.1,39,-3.2095339943541727,-3.96344440343055
2013-01-29 07:00:00,13.6,78,0.1,6.3,59,-5.400153994423308,-3.244739871933341
2013-01-29 08:00:00,13.4,86,0.0,4.7,32,-2.490620541896064,-3.9858260519352022
2013-01-29 09:00:00,16.2,78,0.0,6.9,9,-1.0793978087775942,-6.81504955010645
2013-01-29 10:00:00,17.9,70,0.0,7.2,360,4.4087284769304716e-16,-7.2
2013-01-29 11:00:00,19.2,66,0.0,8.8,341,2.8649997592229797,-8.320563465273988
2013-01-29 12:00:00,19.9,64,0.0,11.2,339,4.013721034907364,-10.45610077676866
2013-01-29 13:00:00,20.0,62,0.0,12.7,345,3.2870018728020134,-12.267257993871167
2013-01-29 14:00:00,20.1,62,0.0,13.4,346,3.241753401035547,-13.001962732098352
2013-01-29 15:00:00,19.9,63,0.0,13.9,343,4.063966695646041,-13.292636107886192
2013-01-29 16:00:00,19.1,68,0.0,12.3,339,4.407925779407195,-11.483039245915583
2013-01-29 17:00:00,17.7,75,0.0,9.3,344,2.5634274090980926,-8.939733772226367
2013-01-29 18:00:00,15.9,82,0.0,9.8,352,1.3638963894086416,-9.70462707366739
2013-01-29 19:00:00,13.8,91,0.0,7.6,31,-3.914289369316414,-6.514471485336052
2013-01-29 20:00:00,14.1,84,0.0,6.4,52,-5.043268823083022,-3.9402334420842124
2013-01-29 21:00:00,14.0,83,0.0,5.3,62,-4.679622242152313,-2.4881992827652213
2013-01-29 22:00:00,13.8,81,0.0,4.5,61,-3.9357886821272814,-2.181643291108516
2013-01-29 23:00:00,13.3,80,0.0,4.8,63,-4.276831316104166,-2.179154398749824
2013-01-30 00:00:00,11.2,83,0.0,4.4,55,-3.604268994871564,-2.5237363199446032
2013-01-30 01:00:00,10.1,83,0.0,4.6,51,-3.5748714227020653,-2.894873798829253
2013-01-30 02:00:00,10.0,81,0.0,4.1,52,-3.23084408978756,-2.5242120488351985
2013-01-30 03:00:00,10.8,76,0.0,3.8,49,-2.867896404846534,-2.4930243101639267
2013-01-30 04:00:00,10.8,75,0.0,3.6,53,-2.875087836170254,-2.1665340833473743
2013-01-30 05:00:00,9.3,78,0.0,2.9,60,-2.5114736709748717,-1.4500000000000002
2013-01-30 06:00:00,8.0,80,0.0,2.9,60,-2.5114736709748717,-1.4500000000000002
2013-01-30 07:00:00,7.2,81,0.0,2.7,67,-2.485363104321589,-1.0549740469210387
2013-01-30 08:00:00,10.2,81,0.0,2.9,83,-2.878383839759834,-0.3534210958749272
2013-01-30 09:00:00,16.3,63,0.0,2.3,288,2.1874299874788528,-0.710739087062379
2013-01-30 10:00:00,17.8,66,0.0,4.7,302,3.9858260519352022,-2.490620541896063
2013-01-30 11:00:00,18.9,66,0.0,5.9,308,4.64926344627966,-3.6324027044213842
2013-01-30 12:00:00,19.5,65,0.0,7.7,311,5.811263767715345,-5.051654523226906
2013-01-30 13:00:00,20.0,63,0.0,8.7,318,5.821436275322066,-6.46535998165333
2013-01-30 14:00:00,20.2,63,0.0,9.1,326,5.088655421583796,-7.5442419102508795
2013-01-30 15:00:00,20.0,62,0.0,8.4,329,4.326319829244455,-7.200205325897744
2013-01-30 16:00:00,19.4,63,0.0,7.9,330,3.950000000000001,-6.841600689897065
2013-01-30 17:00:00,18.3,68,0.0,5.3,332,2.4881992827652213,-4.679622242152313
2013-01-30 18:00:00,16.3,83,0.0,5.0,330,2.5000000000000004,-4.330127018922193
2013-01-30 19:00:00,16.2,75,0.0,3.1,45,-2.192031021678298,-2.192031021678297
2013-01-30 20:00:00,15.5,76,0.0,3.4,58,-2.8833635269318485,-1.8017254983928963
2013-01-30 21:00:00,13.5,80,0.0,3.1,45,-2.192031021678298,-2.192031021678297
2013-01-30 22:00:00,13.0,81,0.0,2.8,50,-2.1449244407331385,-1.7998053071223097
2013-01-30 23:00:00,13.2,79,0.0,2.6,56,-2.1554976886431088,-1.4539015490239415
2013-01-31 00:00:00,13.9,76,0.0,1.8,53,-1.437543918085127,-1.0832670416736871
2013-01-31 01:00:00,14.2,75,0.0,1.9,68,-1.761649323676896,-0.7117525274902328
2013-01-31 02:00:00,13.9,75,0.0,2.3,51,-1.7874357113510326,-1.4474368994146265
2013-01-31 03:00:00,12.5,75,0.0,2.0,45,-1.4142135623730954,-1.414213562373095
2013-01-31 04:00:00,12.4,74,0.0,2.7,67,-2.485363104321589,-1.0549740469210387
2013-01-31 05:00:00,11.8,74,0.0,3.2,63,-2.8512208774027776,-1.4527695991665495
2013-01-31 06:00:00,11.4,74,0.0,4.1,75,-3.96029588778518,-1.0611580849203353
2013-01-31 07:00:00,10.7,76,0.0,3.7,79,-3.632020578756357,-0.7059932828932155
2013-01-31 08:00:00,13.9,71,0.0,3.5,66,-3.197409101749103,-1.4235782507653008
2013-01-31 09:00:00,17.1,64,0.0,3.4,342,1.0506577808748212,-3.233592155403522
2013-01-31 10:00:00,18.5,67,0.0,4.6,309,3.5748714227020657,-2.8948737988292517
2013-01-31 11:00:00,19.8,65,0.0,6.6,299,5.772490067120011,-3.1997434936258244
2013-01-31 12:00:00,20.4,62,0.0,8.9,302,7.547628055792192,-4.716281451675524
2013-01-31 13:00:00,20.3,61,0.0,9.6,304,7.958760696528399,-5.36825187331917
2013-01-31 14:00:00,20.3,60,0.0,8.7,312,6.46535998165333,-5.821436275322066
2013-01-31 15:00:00,20.1,54,0.0,8.2,308,6.461688179575119,-5.048424097670398
2013-01-31 16:00:00,19.4,56,0.0,7.0,305,5.7340643100229425,-4.015035054457322
2013-01-31 17:00:00,18.4,62,0.0,3.9,304,3.2332465329646625,-2.180852323535913
2013-01-31 18:00:00,16.2,81,0.0,5.3,332,2.4881992827652213,-4.679622242152313
2013-01-31 19:00:00,16.1,73,0.0,3.1,21,-1.1109406435904323,-2.894099322141325
2013-01-31 20:00:00,15.7,75,0.0,3.7,61,-3.236092916415765,-1.7937955949114468
2013-01-31 21:00:00,15.3,77,0.0,2.7,67,-2.485363104321589,-1.0549740469210387
2013-01-31 22:00:00,15.1,77,0.0,3.0,76,-2.9108871788279895,-0.7257656867990026
2013-01-31 23:00:00,14.8,77,0.0,2.6,74,-2.499280409439629,-0.7166571251241974
2013-02-01 00:00:00,13.7,79,0.0,3.0,76,-2.9108871788279895,-0.7257656867990026
2013-02-01 01:00:00,11.2,85,0.0,3.4,72,-3.2335921554035223,-1.0506577808748208
2013-02-01 02:00:00,9.5,88,0.0,4.5,76,-4.366330768241984,-1.0886485301985038
2013-02-01 03:00:00,7.7,94,0.0,4.4,81,-4.3458286986186065,-0.6883116461770152
2013-02-01 04:00:00,7.8,92,0.0,4.4,81,-4.3458286986186065,-0.6883116461770152
2013-02-01 05:00:00,8.0,91,0.0,4.1,75,-3.96029588778518,-1.0611580849203353
2013-02-01 06:00:00,8.3,88,0.0,3.9,68,-3.616017032810471,-1.460965714322057
2013-02-01 07:00:00,8.6,85,0.0,3.5,66,-3.197409101749103,-1.4235782507653008
2013-02-01 08:00:00,12.1,85,0.0,4.2,59,-3.600102662948872,-2.1631599146222276
2013-02-01 09:00:00,19.0,63,0.0,4.5,14,-1.088648530198505,-4.366330768241984
2013-02-01 10:00:00,20.5,53,0.0,10.0,345,2.5881904510252074,-9.659258262890683
2013-02-01 11:00:00,20.6,51,0.0,11.5,346,2.782101799396178,-11.15840085217396
2013-02-01 12:00:00,20.9,50,0.0,11.7,349,2.2324652459055754,-11.485038046337667
2013-02-01 13:00:00,21.4,50,0.0,11.3,353,1.3771235804781667,-11.215771513546938
2013-02-01 14:00:00,21.9,50,0.0,11.2,356,0.7812725059342026,-11.17271736291003
2013-02-01 15:00:00,22.4,52,0.0,10.5,352,1.4613175600806874,-10.397814721786489
2013-02-01 16:00:00,21.6,58,0.0,9.1,351,1.4235536318661013,-8.987963899415753
2013-02-01 17:00:00,20.7,62,0.0,7.9,360,4.837354856632045e-16,-7.9
2013-02-01 18:00:00,19.1,70,0.0,9.3,28,-4.366085533908785,-8.211412613588022
2013-02-01 19:00:00,17.9,70,0.0,7.9,51,-6.13945309551007,-4.971631089293718
2013-02-01 20:00:00,18.2,65,0.0,6.1,62,-5.385980316439453,-2.863776532993934
2013-02-01 21:00:00,18.8,61,0.0,4.7,67,-4.32637281122647,-1.8364363038995857
2013-02-01 22:00:00,18.1,62,0.0,3.5,66,-3.197409101749103,-1.4235782507653008
2013-02-01 23:00:00,17.1,65,0.0,3.1,54,-2.5079526825623377,-1.8221342821066664
2013-02-02 00:00:00,16.4,68,0.0,3.2,63,-2.8512208774027776,-1.4527695991665495
2013-02-02 01:00:00,16.6,68,0.0,3.0,76,-2.9108871788279895,-0.7257656867990026
2013-02-02 02:00:00,16.9,66,0.0,3.3,77,-3.2154212137912763,-0.7423384793347544
2013-02-02 03:00:00,14.8,80,0.0,3.0,76,-2.9108871788279895,-0.7257656867990026
2013-02-02 04:00:00,14.8,81,0.0,2.9,60,-2.5114736709748717,-1.4500000000000002
2013-02-02 05:00:00,16.1,75,0.0,2.3,51,-1.7874357113510326,-1.4474368994146265
2013-02-02 06:00:00,18.4,64,0.0,2.9,30,-1.4500000000000013,-2.5114736709748713
2013-02-02 07:00:00,18.3,65,0.0,3.6,45,-2.545584412271572,-2.545584412271571
2013-02-02 08:00:00,18.8,66,0.0,4.2,31,-2.163159914622229,-3.600102662948871
2013-02-02 09:00:00,19.7,70,0.0,6.5,3,-0.340183715579138,-6.49109197590473
2013-02-02 10:00:00,20.5,72,0.0,7.8,347,1.7546182238821464,-7.6000865053248345
2013-02-02 11:00:00,21.4,73,0.3,9.1,342,2.8120546488120217,-8.654614298285896
2013-02-02 12:00:00,21.9,74,0.0,9.4,342,2.904759747124506,-8.939931253174443
2013-02-02 13:00:00,22.1,75,0.0,9.1,342,2.8120546488120217,-8.654614298285896
2013-02-02 14:00:00,22.1,77,0.0,8.7,336,3.5386087947594613,-7.947845481490627
2013-02-02 15:00:00,22.5,75,0.0,8.4,335,3.5499933986218752,-7.61298541110786
2013-02-02 16:00:00,21.8,79,0.0,6.9,332,3.239353783222647,-6.092338390726596
2013-02-02 17:00:00,20.9,83,0.0,5.0,330,2.5000000000000004,-4.330127018922193
2013-02-02 18:00:00,19.4,90,0.0,4.8,312,3.5670951622914924,-3.2118269105225195
2013-02-02 19:00:00,18.1,96,0.0,1.8,349,0.34345619167778085,-1.7669289302057951
2013-02-02 20:00:00,17.1,97,0.0,1.5,14,-0.36288284339950166,-1.4554435894139948
2013-02-02 21:00:00,16.5,97,0.0,1.3,56,-1.0777488443215544,-0.7269507745119708
2013-02-02 22:00:00,15.8,97,0.0,1.5,45,-1.0606601717798214,-1.0606601717798212
2013-02-02 23:00:00,15.4,96,0.0,1.3,34,-0.7269507745119705,-1.0777488443215544
2013-02-03 00:00:00,15.4,95,0.0,1.0,45,-0.7071067811865477,-0.7071067811865475
2013-02-03 01:00:00,15.5,95,0.0,1.3,34,-0.7269507745119705,-1.0777488443215544
2013-02-03 02:00:00,15.6,94,0.0,1.9,22,-0.7117525274902333,-1.7616493236768958
2013-02-03 03:00:00,17.1,92,0.0,2.5,45,-1.7677669529663693,-1.7677669529663687
2013-02-03 04:00:00,16.9,93,0.0,2.1,59,-1.800051331474436,-1.0815799573111138
2013-02-03 05:00:00,16.9,92,0.0,1.6,63,-1.4256104387013888,-0.7263847995832747
2013-02-03 06:00:00,16.8,92,0.0,2.9,7,-0.35342109587492676,-2.878383839759834
2013-02-03 07:00:00,16.6,92,0.0,4.1,15,-1.0611580849203346,-3.96029588778518
2013-02-03 08:00:00,17.2,91,0.0,6.9,6,-0.7212463965468082,-6.862201078041087
2013-02-03 09:00:00,18.4,91,0.0,8.7,355,0.7582549619046257,-8.666893873398186
2013-02-03 10:00:00,19.5,87,0.0,8.0,350,1.3891854213354433,-7.878462024097664
2013-02-03 11:00:00,20.4,85,0.0,8.2,337,3.203995253612044,-7.54813979831001
2013-02-03 12:00:00,21.4,83,0.0,7.4,337,2.8914103508206255,-6.811735915548059
2013-02-03 13:00:00,22.2,80,0.0,4.7,328,2.490620541896063,-3.9858260519352022
2013-02-03 14:00:00,22.7,79,0.0,4.7,293,4.32637281122647,-1.8364363038995868
2013-02-03 15:00:00,22.8,79,0.0,7.7,298,6.798696465013738,-3.6149310334513594
2013-02-03 16:00:00,21.8,83,0.0,6.6,311,4.981083229470295,-4.329989591337347
2013-02-03 17:00:00,21.0,86,0.0,4.1,322,2.524212048835199,-3.23084408978756
2013-02-03 18:00:00,19.3,91,0.0,8.3,342,2.564841053312064,-7.893769085249775
2013-02-03 19:00:00,17.8,96,0.0,9.7,2,-0.33852511801425733,-9.694091022085228
2013-02-03 20:00:00,17.1,97,0.0,7.9,16,-2.1775351109542913,-7.593967397912721
2013-02-03 21:00:00,16.9,96,0.0,5.4,37,-3.2498011250210608,-4.312631754255381
2013-02-03 22:00:00,17.2,93,0.0,3.4,58,-2.8833635269318485,-1.8017254983928963
2013-02-03 23:00:00,17.4,90,0.0,2.7,67,-2.485363104321589,-1.0549740469210387
2013-02-04 00:00:00,17.1,89,0.0,2.7,67,-2.485363104321589,-1.0549740469210387
2013-02-04 01:00:00,17.0,88,0.0,2.6,74,-2.499280409439629,-0.7166571251241974
2013-02-04 02:00:00,17.0,86,0.0,2.1,59,-1.800051331474436,-1.0815799573111138
2013-02-04 03:00:00,16.5,83,0.0,1.0,45,-0.7071067811865477,-0.7071067811865475
2013-02-04 04:00:00,16.6,80,0.0,1.0,45,-0.7071067811865477,-0.7071067811865475
2013-02-04 05:00:00,16.2,80,0.0,2.0,45,-1.4142135623730954,-1.414213562373095
2013-02-04 06:00:00,16.2,78,0.0,4.4,55,-3.604268994871564,-2.5237363199446032
2013-02-04 07:00:00,16.1,77,0.0,4.5,61,-3.9357886821272814,-2.181643291108516
2013-02-04 08:00:00,19.0,73,0.0,4.1,45,-2.8991378028648453,-2.8991378028648445
2013-02-04 09:00:00,21.6,70,0.0,4.7,356,0.3278554265973886,-4.688551036221174
2013-02-04 10:00:00,22.9,70,0.0,6.6,338,2.4724035165450187,-6.1194134401407965
2013-02-04 11:00:00,23.9,69,0.0,7.6,335,3.211898789229316,-6.887939181478539
2013-02-04 12:00:00,24.7,69,0.0,8.9,328,4.716281451675524,-7.547628055792192
2013-02-04 13:00:00,25.0,70,0.0,8.9,328,4.716281451675524,-7.547628055792192
2013-02-04 14:00:00,24.7,72,0.0,8.3,326,4.641301098807199,-6.881011852206847
2013-02-04 15:00:00,24.7,76,0.0,8.7,318,5.821436275322066,-6.46535998165333
2013-02-04 16:00:00,23.6,80,0.0,9.4,320,6.04220353105347,-7.200817765318393
2013-02-04 17:00:00,22.5,84,0.0,7.0,325,4.015035054457323,-5.7340643100229425
2013-02-04 18:00:00,21.2,89,0.0,6.5,326,3.634753872559854,-5.388744221607771
2013-02-04 19:00:00,20.0,95,0.0,4.8,13,-1.0797650608505531,-4.6769763109691285
2013-02-04 20:00:00,19.8,93,0.0,4.0,27,-1.8159619989581877,-3.564026096753471
2013-02-04 21:00:00,19.9,92,0.0,5.2,25,-2.197614961051636,-4.71280049259058
2013-02-04 22:00:00,19.5,93,0.0,5.6,40,-3.5996106142446207,-4.289848881466276
2013-02-04 23:00:00,19.2,93,0.0,4.8,42,-3.211826910522519,-3.567095162291493
2013-02-05 00:00:00,19.4,91,0.0,3.1,45,-2.192031021678298,-2.192031021678297
2013-02-05 01:00:00,19.3,91,0.0,1.6,63,-1.4256104387013888,-0.7263847995832747
2013-02-05 02:00:00,18.9,93,0.2,2.1,31,-1.0815799573111144,-1.8000513314744355
2013-02-05 03:00:00,18.6,93,0.0,4.2,31,-2.163159914622229,-3.600102662948871
2013-02-05 04:00:00,18.0,94,0.0,5.1,39,-3.2095339943541727,-3.96344440343055
2013-02-05 05:00:00,17.5,95,0.0,4.1,38,-2.524212048835198,-3.2308440897875603
2013-02-05 06:00:00,17.6,94,0.0,6.0,33,-3.267834210090162,-5.032023407672544
2013-02-05 07:00:00,17.7,93,0.0,5.8,30,-2.9000000000000026,-5.022947341949743
2013-02-05 08:00:00,18.0,94,0.0,6.0,17,-1.7542302283364226,-5.7378285357782115
2013-02-05 09:00:00,19.9,90,0.0,7.9,360,4.837354856632045e-16,-7.9
2013-02-05 10:00:00,20.8,86,0.0,9.4,360,5.755839955992561e-16,-9.4
2013-02-05 11:00:00,21.7,83,0.0,9.7,360,5.939536975864663e-16,-9.7
2013-02-05 12:00:00,22.5,81,0.0,10.7,348,2.224655091750026,-10.46617932785172
2013-02-05 13:00:00,23.0,80,0.0,11.0,349,2.098898949141994,-10.797899017924303
2013-02-05 14:00:00,23.5,79,0.0,10.9,352,1.5169868004647136,-10.793921949283117
2013-02-05 15:00:00,23.1,77,0.0,10.5,344,2.8941922360784913,-10.093247807352348
2013-02-05 16:00:00,22.1,80,0.0,11.2,339,4.013721034907364,-10.45610077676866
2013-02-05 17:00:00,21.1,82,0.0,9.5,349,1.8126854560771768,-9.325458242752807
2013-02-05 18:00:00,20.1,85,0.0,7.9,24,-3.2132194802988208,-7.217009115376548
2013-02-05 19:00:00,19.6,85,0.0,7.9,51,-6.13945309551007,-4.971631089293718
2013-02-05 20:00:00,18.8,87,0.0,8.0,63,-7.128052193506943,-3.6319239979163735
2013-02-05 21:00:00,18.2,88,0.0,6.8,72,-6.467184310807045,-2.1013155617496415
2013-02-05 22:00:00,17.3,90,0.0,6.5,90,-6.5,7.960204194457795e-16
2013-02-05 23:00:00,16.7,89,0.0,3.3,103,-3.215421213791276,0.7423384793347552
2013-02-06 00:00:00,18.1,78,0.0,0.8,297,0.7128052193506944,-0.3631923997916374
2013-02-06 01:00:00,19.1,73,0.0,0.4,90,-0.4,4.898587196589413e-17
2013-02-06 02:00:00,18.3,74,0.0,3.1,339,1.1109406435904312,-2.8940993221413254
2013-02-06 03:00:00,18.9,71,0.0,4.2,20,-1.436484601967808,-3.9467090073008158
2013-02-06 04:00:00,18.0,74,0.0,5.1,51,-3.9634444034305507,-3.2095339943541714
2013-02-06 05:00:00,16.0,78,0.0,5.6,63,-4.98963653545486,-2.542346798541461
2013-02-06 06:00:00,15.5,78,0.0,4.5,76,-4.366330768241984,-1.0886485301985038
2013-02-06 07:00:00,15.2,77,0.0,3.7,79,-3.632020578756357,-0.7059932828932155
2013-02-06 08:00:00,18.2,73,0.0,2.1,59,-1.800051331474436,-1.0815799573111138
2013-02-06 09:00:00,21.5,65,0.0,2.3,288,2.1874299874788528,-0.710739087062379
2013-02-06 10:00:00,22.6,66,0.0,5.8,274,5.78587149150698,-0.40458754771592675
2013-02-06 11:00:00,23.3,68,0.0,8.0,275,7.969557584733964,-0.6972459419812653
2013-02-06 12:00:00,23.8,68,0.0,9.4,272,9.394273773979501,-0.3280552690035091
2013-02-06 13:00:00,23.7,69,0.0,10.5,274,10.474422527728153,-0.7324429743133156
2013-02-06 14:00:00,23.1,73,0.0,9.6,283,9.353952621938259,-2.159530121701104
2013-02-06 15:00:00,22.1,79,0.2,9.0,299,7.871577364254562,-4.363286582217033
2013-02-06 16:00:00,21.5,82,0.2,8.2,311,6.18861855782673,-5.379684037722159
2013-02-06 17:00:00,20.3,86,0.0,7.4,321,4.656970893768798,-5.750880114781585
2013-02-06 18:00:00,18.8,91,0.0,7.7,332,3.61493103345136,-6.798696465013737
2013-02-06 19:00:00,18.0,94,0.1,7.3,349,1.3929056662487778,-7.165878439167947
2013-02-06 20:00:00,17.6,95,0.1,6.5,3,-0.340183715579138,-6.49109197590473
2013-02-06 21:00:00,17.8,93,0.0,5.4,4,-0.37668495821827813,-5.386845871403051
2013-02-06 22:00:00,17.6,94,0.0,3.5,24,-1.4235782507653003,-3.1974091017491033
2013-02-06 23:00:00,17.5,93,0.0,2.6,34,-1.453901549023941,-2.1554976886431088
2013-02-07 00:00:00,17.1,94,0.0,2.8,40,-1.7998053071223103,-2.144924440733138
2013-02-07 01:00:00,16.7,95,0.0,3.3,49,-2.490541614735148,-2.1649947956686733
2013-02-07 02:00:00,16.5,95,0.3,3.6,37,-2.166534083347374,-2.875087836170254
2013-02-07 03:00:00,17.4,91,0.1,4.4,35,-2.523736319944604,-3.604268994871563
2013-02-07 04:00:00,17.1,92,0.0,4.3,42,-2.87726160734309,-3.195522749552796
2013-02-07 05:00:00,16.9,92,0.0,3.8,49,-2.867896404846534,-2.4930243101639267
2013-02-07 06:00:00,16.6,93,0.0,2.6,16,-0.7166571251241971,-2.4992804094396295
2013-02-07 07:00:00,16.6,91,0.0,2.3,18,-0.7107390870623793,-2.1874299874788528
2013-02-07 08:00:00,17.4,91,0.0,2.9,7,-0.35342109587492676,-2.878383839759834
2013-02-07 09:00:00,19.3,87,0.0,3.5,336,1.4235782507653008,-3.197409101749103
2013-02-07 10:00:00,20.5,82,0.0,5.1,321,3.209533994354171,-3.963444403430551
2013-02-07 11:00:00,21.6,79,0.0,6.4,317,4.36478950439999,-4.6806636903626915
2013-02-07 12:00:00,22.5,74,0.0,8.4,317,5.728786224524987,-6.143371093601032
2013-02-07 13:00:00,23.0,74,0.0,10.0,319,6.560590289905073,-7.54709580222772
2013-02-07 14:00:00,22.7,74,0.0,10.7,327,5.82763767466079,-8.973775077016036
2013-02-07 15:00:00,21.7,78,0.0,10.8,334,4.734408385322037,-9.706975700031006
2013-02-07 16:00:00,21.1,80,0.0,10.8,339,3.870373855089244,-10.08266860616978
2013-02-07 17:00:00,19.9,84,0.0,10.2,342,3.151973342624464,-9.700776466210565
2013-02-07 18:00:00,18.2,90,0.0,10.4,346,2.515987714236544,-10.091075553270363
2013-02-07 19:00:00,17.2,94,0.0,11.7,11,-2.232465245905572,-11.485038046337667
2013-02-07 20:00:00,16.3,96,0.0,10.6,10,-1.8406706832694615,-10.438962181929405
2013-02-07 21:00:00,16.1,95,0.0,10.2,8,-1.4195656297926713,-10.100734301164016
2013-02-07 22:00:00,15.9,95,0.0,9.2,11,-1.7554427574642102,-9.030970087718508
2013-02-07 23:00:00,15.3,97,0.0,8.9,14,-2.1531048708370433,-8.635631963856369
2013-02-08 00:00:00,14.7,98,0.0,9.4,7,-1.1455718280083835,-9.329933825428428
2013-02-08 01:00:00,14.0,97,0.0,9.2,11,-1.7554427574642102,-9.030970087718508
2013-02-08 02:00:00,13.6,97,0.0,7.8,22,-2.921931428644116,-7.232034065620941
2013-02-08 03:00:00,13.8,93,0.0,5.8,22,-2.1727182418122912,-5.377666356487366
2013-02-08 04:00:00,12.2,97,0.0,5.8,22,-2.1727182418122912,-5.377666356487366
2013-02-08 05:00:00,11.7,96,0.0,5.6,27,-2.5423467985414625,-4.989636535454859
2013-02-08 06:00:00,11.3,96,0.0,5.0,30,-2.500000000000002,-4.330127018922192
2013-02-08 07:00:00,11.1,95,0.0,4.7,23,-1.836436303899587,-4.326372811226469
2013-02-08 08:00:00,14.7,91,0.0,5.1,4,-0.35575801609504043,-5.087576656325103
2013-02-08 09:00:00,17.5,79,0.0,9.4,342,2.904759747124506,-8.939931253174443
2013-02-08 10:00:00,18.3,76,0.0,11.3,333,5.1300926470568795,-10.068373723328557
2013-02-08 11:00:00,18.8,75,0.0,12.7,331,6.157082177128481,-11.107670280670325
2013-02-08 12:00:00,19.5,72,0.0,13.2,334,5.786499137615822,-11.864081411149003
2013-02-08 13:00:00,19.8,70,0.0,13.0,332,6.103130316216581,-11.47831870716605
2013-02-08 14:00:00,19.7,70,0.0,12.7,331,6.157082177128481,-11.107670280670325
2013-02-08 15:00:00,19.0,69,0.0,12.1,333,5.493285046848516,-10.781178942679249
2013-02-08 16:00:00,18.1,71,0.0,10.5,333,4.766900247265242,-9.355568503977862
2013-02-08 17:00:00,17.3,72,0.0,9.3,332,4.366085533908786,-8.21141261358802
2013-02-08 18:00:00,15.9,76,0.0,9.4,328,4.981241083792126,-7.9716521038704045
2013-02-08 19:00:00,14.7,80,0.0,10.0,347,2.249510543438649,-9.743700647852352
2013-02-08 20:00:00,14.2,81,0.0,9.8,354,1.024378940023004,-9.746314574609078
2013-02-08 21:00:00,13.9,81,0.0,10.1,358,0.3524849166952609,-10.093847352892867
2013-02-08 22:00:00,13.5,82,0.1,9.0,358,0.31409547032250973,-8.994517443171862
2013-02-08 23:00:00,13.3,83,0.0,9.4,356,0.6557108531947772,-9.377102072442348
2013-02-09 00:00:00,12.9,85,0.1,9.4,356,0.6557108531947772,-9.377102072442348
2013-02-09 01:00:00,12.7,86,0.0,9.0,358,0.31409547032250973,-8.994517443171862
2013-02-09 02:00:00,12.4,89,0.0,10.4,360,6.368163355566237e-16,-10.4
2013-02-09 03:00:00,12.5,89,0.3,9.4,360,5.755839955992561e-16,-9.4
2013-02-09 04:00:00,12.1,93,0.1,9.7,4,-0.676637795318018,-9.676371287520293
2013-02-09 05:00:00,11.9,92,0.0,9.5,11,-1.812685456077174,-9.325458242752807
2013-02-09 06:00:00,11.9,92,0.0,10.2,8,-1.4195656297926713,-10.100734301164016
2013-02-09 07:00:00,12.0,91,0.0,10.6,10,-1.8406706832694615,-10.438962181929405
2013-02-09 08:00:00,13.5,86,0.0,8.6,2,-0.3001356716415065,-8.594761112364223
2013-02-09 09:00:00,15.0,82,0.0,9.7,356,0.6766377953180147,-9.676371287520293
2013-02-09 10:00:00,16.1,80,0.0,10.7,346,2.588564282916444,-10.382164271153162
2013-02-09 11:00:00,17.1,78,0.0,11.4,342,3.522793735874401,-10.84204428576475
2013-02-09 12:00:00,18.1,76,0.0,11.8,337,4.61062731617343,-10.861957270738797
2013-02-09 13:00:00,18.2,77,0.0,12.9,330,6.450000000000002,-11.171727708819258
2013-02-09 14:00:00,17.9,77,0.0,14.2,330,7.100000000000001,-12.297560733739028
2013-02-09 15:00:00,16.9,75,0.0,15.0,336,6.101049646137003,-13.703181864639014
2013-02-09 16:00:00,15.8,76,0.0,14.5,346,3.507867486195181,-14.06928803100195
2013-02-09 17:00:00,14.7,78,0.0,11.7,349,2.2324652459055754,-11.485038046337667
2013-02-09 18:00:00,13.9,81,0.0,8.9,346,2.1531048708370424,-8.635631963856369
2013-02-09 19:00:00,13.0,87,0.0,9.1,353,1.1090110249868421,-9.032169979936029
2013-02-09 20:00:00,12.0,91,0.0,8.4,353,1.023702484603239,-8.337387673787106
2013-02-09 21:00:00,11.9,89,0.0,7.7,349,1.4692292643993958,-7.558529312547013
2013-02-09 22:00:00,12.0,88,0.0,7.2,360,4.4087284769304716e-16,-7.2
2013-02-09 23:00:00,12.3,87,0.0,7.9,357,0.41345405431925736,-7.889173324561134
2013-02-10 00:00:00,12.4,87,0.0,9.0,360,5.51091059616309e-16,-9.0
2013-02-10 01:00:00,12.6,86,0.0,9.0,5,-0.7844016847289242,-8.96575228282571
2013-02-10 02:00:00,12.4,87,0.0,8.5,12,-1.767249371950958,-8.314254606237347
2013-02-10 03:00:00,12.3,88,0.0,7.9,16,-2.1775351109542913,-7.593967397912721
2013-02-10 04:00:00,13.0,85,0.0,7.3,20,-2.49674704627738,-6.859756131737131
2013-02-10 05:00:00,13.2,83,0.0,6.0,25,-2.5357095704441948,-5.4378467222199
2013-02-10 06:00:00,13.2,83,0.0,5.4,20,-1.8469087739586103,-5.074340152243906
2013-02-10 07:00:00,13.2,83,0.0,4.8,13,-1.0797650608505531,-4.6769763109691285
2013-02-10 08:00:00,13.7,85,0.0,4.7,360,2.8779199779962803e-16,-4.7
2013-02-10 09:00:00,16.2,78,0.0,7.1,336,2.8878301658381815,-6.486172749262466
2013-02-10 10:00:00,17.6,75,0.0,8.4,329,4.326319829244455,-7.200205325897744
2013-02-10 11:00:00,18.6,73,0.0,9.9,327,5.391926446648768,-8.302838622659698
2013-02-10 12:00:00,19.2,73,0.0,10.9,326,6.09520264783114,-9.036509540849956
2013-02-10 13:00:00,19.5,74,0.0,10.9,326,6.09520264783114,-9.036509540849956
2013-02-10 14:00:00,19.4,75,0.0,10.7,327,5.82763767466079,-8.973775077016036
2013-02-10 15:00:00,19.0,74,0.0,10.9,326,6.09520264783114,-9.036509540849956
2013-02-10 16:00:00,18.3,75,0.0,11.3,329,5.8199302464836125,-9.68599049793387
2013-02-10 17:00:00,17.2,78,0.0,10.0,334,4.383711467890775,-8.98794046299167
2013-02-10 18:00:00,16.0,82,0.0,7.7,332,3.61493103345136,-6.798696465013737
2013-02-10 19:00:00,14.7,88,0.0,8.4,340,2.872969203935618,-7.893418014601631
2013-02-10 20:00:00,13.6,93,0.0,8.8,351,1.3766232923540322,-8.691657397237213
2013-02-10 21:00:00,13.7,90,0.0,6.8,3,-0.3558845024520213,-6.790680836331102
2013-02-10 22:00:00,13.8,89,0.0,4.7,9,-0.7352419856890859,-4.6421352007971475
2013-02-10 23:00:00,13.8,90,0.0,4.0,10,-0.6945927106677213,-3.939231012048832
2013-02-11 00:00:00,13.8,89,0.0,3.9,22,-1.460965714322058,-3.6160170328104706
2013-02-11 01:00:00,13.6,90,0.0,3.7,29,-1.7937955949114464,-3.2360929164157652
2013-02-11 02:00:00,13.2,90,0.0,3.1,36,-1.822134282106667,-2.507952682562337
2013-02-11 03:00:00,13.9,87,0.0,2.9,30,-1.4500000000000013,-2.5114736709748713
2013-02-11 04:00:00,13.9,87,0.0,3.8,17,-1.111012477946401,-3.633958072659534
2013-02-11 05:00:00,13.9,88,0.0,5.0,21,-1.7918397477265036,-4.667902132486008
2013-02-11 06:00:00,13.8,89,0.0,3.7,29,-1.7937955949114464,-3.2360929164157652
2013-02-11 07:00:00,13.9,89,0.0,3.5,24,-1.4235782507653003,-3.1974091017491033
2013-02-11 08:00:00,15.3,84,0.0,6.6,9,-1.0324674692655247,-6.5187430479279085
2013-02-11 09:00:00,17.4,80,0.0,7.5,343,2.192787785420526,-7.172285669722766
2013-02-11 10:00:00,18.5,78,0.0,8.9,333,4.040515447681967,-7.929958065276474
2013-02-11 11:00:00,19.7,75,0.0,10.4,326,5.815606196095767,-8.621990754572435
2013-02-11 12:00:00,20.5,73,0.0,11.3,329,5.8199302464836125,-9.68599049793387
2013-02-11 13:00:00,21.1,72,0.0,11.6,330,5.800000000000001,-10.045894683899487
2013-02-11 14:00:00,21.2,72,0.0,11.6,330,5.800000000000001,-10.045894683899487
2013-02-11 15:00:00,20.5,75,0.0,12.4,330,6.200000000000002,-10.73871500692704
2013-02-11 16:00:00,19.4,77,0.0,12.1,337,4.727846654720212,-11.138108726774528
2013-02-11 17:00:00,18.5,79,0.0,9.6,340,3.2833933759264204,-9.02104915954472
2013-02-11 18:00:00,17.1,84,0.0,8.0,342,2.4721359549995796,-7.608452130361228
2013-02-11 19:00:00,15.6,92,0.0,7.9,3,-0.41345405431926,-7.889173324561134
2013-02-11 20:00:00,15.5,89,0.0,4.7,23,-1.836436303899587,-4.326372811226469
2013-02-11 21:00:00,15.3,90,0.0,3.7,11,-0.7059932828932151,-3.632020578756357
2013-02-11 22:00:00,15.1,90,0.0,4.1,15,-1.0611580849203346,-3.96029588778518
2013-02-11 23:00:00,15.0,91,0.0,4.6,18,-1.4214781741247586,-4.3748599749577055
2013-02-12 00:00:00,15.0,90,0.0,5.3,28,-2.488199282765221,-4.679622242152313
2013-02-12 01:00:00,14.9,91,0.0,5.6,27,-2.5423467985414625,-4.989636535454859
2013-02-12 02:00:00,14.8,91,0.0,5.3,28,-2.488199282765221,-4.679622242152313
2013-02-12 03:00:00,15.1,88,0.0,4.8,27,-2.179154398749825,-4.276831316104166
2013-02-12 04:00:00,14.8,90,0.0,6.4,27,-2.9055391983331003,-5.702441754805554
2013-02-12 05:00:00,14.9,89,0.0,7.3,33,-3.9758649556096968,-6.122295146001595
2013-02-12 06:00:00,14.6,90,0.0,6.6,41,-4.329989591337347,-4.981083229470295
2013-02-12 07:00:00,14.5,89,0.0,6.8,32,-3.603450996785794,-5.766727053863696
2013-02-12 08:00:00,14.9,90,0.0,8.0,18,-2.4721359549995805,-7.608452130361228
2013-02-12 09:00:00,17.8,81,0.0,10.1,4,-0.7045403848156684,-10.075396907624224
2013-02-12 10:00:00,19.4,76,0.0,10.1,356,0.7045403848156648,-10.075396907624224
2013-02-12 11:00:00,20.9,72,0.0,10.0,345,2.5881904510252074,-9.659258262890683
2013-02-12 12:00:00,21.7,71,0.0,10.5,338,3.9333692308670756,-9.735430472951268
2013-02-12 13:00:00,21.9,70,0.0,12.8,338,4.794964395723674,-11.86795333845488
2013-02-12 14:00:00,21.7,71,0.0,14.6,344,4.024305394928188,-14.034420760699456
2013-02-12 15:00:00,20.9,74,0.0,15.1,348,3.1394665313481678,-14.770028771080463
2013-02-12 16:00:00,19.9,76,0.0,14.6,351,2.2839431895873714,-14.420249772689012
2013-02-12 17:00:00,18.7,80,0.0,12.3,355,1.0720156357961952,-12.253194786528471
2013-02-12 18:00:00,16.9,85,0.0,11.6,7,-1.413684383499707,-11.513535359039336
2013-02-12 19:00:00,15.8,89,0.0,10.7,12,-2.2246550917500296,-10.46617932785172
2013-02-12 20:00:00,14.6,93,0.0,9.6,13,-2.1595301217011063,-9.353952621938257
2013-02-12 21:00:00,14.1,92,0.0,8.3,18,-2.564841053312065,-7.893769085249775
2013-02-12 22:00:00,14.8,88,0.0,6.6,22,-2.472403516545021,-6.119413440140796
2013-02-12 23:00:00,14.7,87,0.0,6.3,24,-2.5624408513775405,-5.755336383148386
2013-02-13 00:00:00,14.5,87,0.0,6.5,19,-2.116193003971518,-6.1458707413955596
2013-02-13 01:00:00,14.3,87,0.0,6.5,19,-2.116193003971518,-6.1458707413955596
2013-02-13 02:00:00,14.1,86,0.0,7.1,24,-2.8878301658381806,-6.486172749262467
2013-02-13 03:00:00,14.2,85,0.0,7.3,20,-2.49674704627738,-6.859756131737131
2013-02-13 04:00:00,13.8,85,0.0,8.1,21,-2.9027803913169357,-7.562001454627333
2013-02-13 05:00:00,14.0,84,0.0,7.4,23,-2.8914103508206264,-6.811735915548058
2013-02-13 06:00:00,14.3,82,0.0,6.0,33,-3.267834210090162,-5.032023407672544
2013-02-13 07:00:00,14.4,81,0.0,6.3,31,-3.2447398719333433,-5.400153994423306
2013-02-13 08:00:00,14.8,88,0.0,7.6,8,-1.0577155672965002,-7.526037322435934
2013-02-13 09:00:00,17.3,77,0.0,9.7,356,0.6766377953180147,-9.676371287520293
2013-02-13 10:00:00,18.7,74,0.0,10.0,345,2.5881904510252074,-9.659258262890683
2013-02-13 11:00:00,20.1,71,0.0,10.6,336,4.311408416603482,-9.683581851011569
2013-02-13 12:00:00,20.8,69,0.0,11.8,333,5.357087896926653,-10.51387698542274
2013-02-13 13:00:00,21.2,69,0.0,12.1,337,4.727846654720212,-11.138108726774528
2013-02-13 14:00:00,20.7,71,0.0,11.3,333,5.1300926470568795,-10.068373723328557
2013-02-13 15:00:00,21.1,68,0.0,10.9,326,6.09520264783114,-9.036509540849956
2013-02-13 16:00:00,20.3,70,0.0,9.5,323,5.717242719944459,-7.587037345449282
2013-02-13 17:00:00,19.2,74,0.0,8.4,320,5.399415921366931,-6.4347733221994154
2013-02-13 18:00:00,17.7,80,0.0,6.4,322,3.9402334420842133,-5.043268823083022
2013-02-13 19:00:00,16.8,85,0.0,5.5,328,2.914555953282627,-4.664264528860342
2013-02-13 20:00:00,15.9,91,0.0,4.7,4,-0.32785542659739025,-4.688551036221174
2013-02-13 21:00:00,16.2,86,0.0,4.4,9,-0.6883116461770166,-4.345828698618606
2013-02-13 22:00:00,16.2,86,0.0,3.3,13,-0.7423384793347553,-3.215421213791276
2013-02-13 23:00:00,16.0,87,0.0,2.5,8,-0.3479327524001646,-2.475670171853926
2013-02-14 00:00:00,15.7,88,0.0,3.7,11,-0.7059932828932151,-3.632020578756357
2013-02-14 01:00:00,15.7,88,0.0,5.4,20,-1.8469087739586103,-5.074340152243906
2013-02-14 02:00:00,15.5,88,0.0,5.6,27,-2.5423467985414625,-4.989636535454859
2013-02-14 03:00:00,15.6,87,0.0,5.2,25,-2.197614961051636,-4.71280049259058
2013-02-14 04:00:00,15.6,87,0.0,4.5,29,-2.1816432911085157,-3.935788682127282
2013-02-14 05:00:00,15.4,88,0.0,3.1,36,-1.822134282106667,-2.507952682562337
2013-02-14 06:00:00,15.2,89,0.0,4.2,20,-1.436484601967808,-3.9467090073008158
2013-02-14 07:00:00,15.3,88,0.0,5.8,30,-2.9000000000000026,-5.022947341949743
2013-02-14 08:00:00,16.3,86,0.0,6.8,18,-2.1013155617496433,-6.467184310807044
2013-02-14 09:00:00,18.4,82,0.0,7.6,355,0.6623836448822018,-7.571079705497266
2013-02-14 10:00:00,20.1,77,0.0,8.3,342,2.564841053312064,-7.893769085249775
2013-02-14 11:00:00,21.2,74,0.0,9.2,334,4.033014550459512,-8.268905225952336
2013-02-14 12:00:00,22.2,71,0.0,10.1,333,4.585304047369423,-8.999165894302514
2013-02-14 13:00:00,22.7,71,0.0,11.1,335,4.691062705321763,-10.060016436106814
2013-02-14 14:00:00,22.6,71,0.0,11.1,335,4.691062705321763,-10.060016436106814
2013-02-14 15:00:00,22.3,72,0.0,10.8,334,4.734408385322037,-9.706975700031006
2013-02-14 16:00:00,21.6,74,0.0,9.7,333,4.403707847473604,-8.642763284627167
2013-02-14 17:00:00,20.6,78,0.0,7.9,336,3.2132194802988217,-7.217009115376547
2013-02-14 18:00:00,19.1,83,0.0,6.2,339,2.2218812871808624,-5.788198644282651
2013-02-14 19:00:00,17.7,91,0.0,4.3,24,-1.7489675652259404,-3.928245467863184
2013-02-14 20:00:00,17.4,89,0.0,3.6,45,-2.545584412271572,-2.545584412271571
2013-02-14 21:00:00,17.2,89,0.0,3.6,53,-2.875087836170254,-2.1665340833473743
2013-02-14 22:00:00,17.3,87,0.0,3.1,54,-2.5079526825623377,-1.8221342821066664
2013-02-14 23:00:00,17.1,86,0.0,2.8,50,-2.1449244407331385,-1.7998053071223097
2013-02-15 00:00:00,16.8,85,0.0,3.3,49,-2.490541614735148,-2.1649947956686733
2013-02-15 01:00:00,16.8,82,0.0,4.4,55,-3.604268994871564,-2.5237363199446032
2013-02-15 02:00:00,15.3,84,0.0,5.4,53,-4.312631754255381,-3.2498011250210617
2013-02-15 03:00:00,16.9,76,0.0,6.6,49,-4.981083229470296,-4.3299895913373465
2013-02-15 04:00:00,15.8,79,0.0,7.6,45,-5.374011537017762,-5.37401153701776
2013-02-15 05:00:00,15.7,80,0.0,7.9,43,-5.387787044493739,-5.777694242791447
2013-02-15 06:00:00,16.1,78,0.0,7.9,39,-4.971631089293719,-6.139453095510068
2013-02-15 07:00:00,15.9,79,0.0,7.9,47,-5.777694242791448,-5.387787044493737
2013-02-15 08:00:00,17.0,83,0.0,8.0,27,-3.6319239979163753,-7.128052193506942
2013-02-15 09:00:00,19.6,77,0.0,9.4,7,-1.1455718280083835,-9.329933825428428
2013-02-15 10:00:00,20.4,78,0.0,10.5,352,1.4613175600806874,-10.397814721786489
2013-02-15 11:00:00,20.7,79,0.0,12.1,343,3.5376976271451146,-11.571287547152728
2013-02-15 12:00:00,21.2,78,0.0,13.5,344,3.7211043035294886,-12.977032895167305
2013-02-15 13:00:00,21.0,79,0.0,13.8,345,3.571702822414786,-13.329776402789143
2013-02-15 14:00:00,21.0,77,0.0,14.2,344,3.914050452601388,-13.649916082324127
2013-02-15 15:00:00,20.5,78,0.0,13.5,344,3.7211043035294886,-12.977032895167305
2013-02-15 16:00:00,20.0,78,0.0,12.8,344,3.5281581544575893,-12.304149708010483
2013-02-15 17:00:00,18.8,81,0.0,11.4,349,2.175222547292612,-11.19054989130337
2013-02-15 18:00:00,17.4,85,0.0,9.1,351,1.4235536318661013,-8.987963899415753
2013-02-15 19:00:00,16.1,90,0.0,9.4,356,0.6557108531947772,-9.377102072442348
2013-02-15 20:00:00,15.6,89,0.0,7.6,8,-1.0577155672965002,-7.526037322435934
2013-02-15 21:00:00,15.7,87,0.0,5.9,14,-1.42733918403804,-5.7247447850283795
2013-02-15 22:00:00,15.5,86,0.0,4.7,9,-0.7352419856890859,-4.6421352007971475
2013-02-15 23:00:00,15.4,86,0.0,5.1,4,-0.35575801609504043,-5.087576656325103
2013-02-16 00:00:00,15.2,87,0.0,5.8,356,0.40458754771592637,-5.78587149150698
2013-02-16 01:00:00,14.8,88,0.0,6.9,9,-1.0793978087775942,-6.81504955010645
2013-02-16 02:00:00,14.5,88,0.0,6.6,13,-1.4846769586695105,-6.430842427582552
2013-02-16 03:00:00,14.9,81,0.0,6.6,9,-1.0324674692655247,-6.5187430479279085
2013-02-16 04:00:00,14.8,81,0.0,7.6,8,-1.0577155672965002,-7.526037322435934
2013-02-16 05:00:00,14.9,80,0.1,8.3,2,-0.28966582263075635,-8.294943864258496
2013-02-16 06:00:00,14.8,81,0.1,6.0,17,-1.7542302283364226,-5.7378285357782115
2013-02-16 07:00:00,15.1,79,0.0,3.8,17,-1.111012477946401,-3.633958072659534
2013-02-16 08:00:00,15.6,84,0.0,4.6,342,1.4214781741247582,-4.3748599749577055
2013-02-16 09:00:00,17.8,74,0.0,7.6,335,3.211898789229316,-6.887939181478539
2013-02-16 10:00:00,19.3,72,0.0,8.1,328,4.29234604028896,-6.86918957886705
2013-02-16 11:00:00,20.3,70,0.0,8.9,313,6.509047944410617,-6.069785404556237
2013-02-16 12:00:00,21.4,68,0.0,9.5,307,7.587037345449282,-5.717242719944458
2013-02-16 13:00:00,21.7,69,0.0,9.3,306,7.523858047687012,-5.46640284632
2013-02-16 14:00:00,21.7,69,0.0,9.3,306,7.523858047687012,-5.46640284632
2013-02-16 15:00:00,21.2,71,0.0,9.4,310,7.200817765318393,-6.042203531053469
2013-02-16 16:00:00,20.5,72,0.0,9.2,318,6.156001578501495,-6.836932394392027
2013-02-16 17:00:00,19.4,75,0.0,8.0,324,4.702282018339785,-6.47213595499958
2013-02-16 18:00:00,18.1,80,0.0,6.4,317,4.36478950439999,-4.6806636903626915
2013-02-16 19:00:00,16.9,85,0.0,5.4,318,3.6133052743378347,-4.012982057577929
2013-02-16 20:00:00,16.0,92,0.1,4.1,322,2.524212048835199,-3.23084408978756
2013-02-16 21:00:00,15.3,93,0.0,3.0,346,0.725765686799003,-2.9108871788279895
2013-02-16 22:00:00,15.3,92,0.1,1.5,346,0.3628828433995015,-1.4554435894139948
2013-02-16 23:00:00,15.4,92,0.2,0.8,297,0.7128052193506944,-0.3631923997916374
2013-02-17 00:00:00,16.0,90,0.2,1.0,315,0.7071067811865476,-0.7071067811865475
2013-02-17 01:00:00,15.9,91,0.1,1.5,315,1.0606601717798214,-1.0606601717798212
2013-02-17 02:00:00,15.8,92,0.0,1.9,338,0.7117525274902327,-1.761649323676896
2013-02-17 03:00:00,15.6,93,0.2,2.2,9,-0.3441558230885083,-2.172914349309303
2013-02-17 04:00:00,15.4,94,0.2,3.4,18,-1.0506577808748216,-3.233592155403522
2013-02-17 05:00:00,14.9,96,0.1,4.9,17,-1.4326213531414118,-4.685893304218873
2013-02-17 06:00:00,14.8,96,0.1,5.9,47,-4.314986839553106,-4.023790324368741
2013-02-17 07:00:00,15.1,95,0.0,5.2,25,-2.197614961051636,-4.71280049259058
2013-02-17 08:00:00,15.9,94,0.0,6.1,3,-0.31924933308196024,-6.0916401620029
2013-02-17 09:00:00,17.9,87,0.0,6.6,347,1.4846769586695083,-6.430842427582553
2013-02-17 10:00:00,19.5,82,0.0,6.8,335,2.873804179836756,-6.162892951849219
2013-02-17 11:00:00,20.7,77,0.0,7.1,319,4.658019105832602,-5.358438019581681
2013-02-17 12:00:00,22.0,73,0.0,7.7,311,5.811263767715345,-5.051654523226906
2013-02-17 13:00:00,22.6,71,0.0,8.9,302,7.547628055792192,-4.716281451675524
2013-02-17 14:00:00,22.4,72,0.0,9.0,299,7.871577364254562,-4.363286582217033
2013-02-17 15:00:00,22.6,73,0.0,8.2,293,7.54813979831001,-3.2039952536120446
2013-02-17 16:00:00,21.9,75,0.0,7.4,299,6.472185832831529,-3.5875911898228945
2013-02-17 17:00:00,20.9,79,0.0,6.8,302,5.766727053863696,-3.603450996785793
2013-02-17 18:00:00,19.5,84,0.0,4.3,294,3.9282454678631837,-1.7489675652259409
2013-02-17 19:00:00,18.3,89,0.0,2.7,293,2.485363104321589,-1.0549740469210394
2013-02-17 20:00:00,17.7,92,0.0,2.3,321,1.447436899414626,-1.7874357113510329
2013-02-17 21:00:00,17.1,94,0.0,2.5,8,-0.3479327524001646,-2.475670171853926
2013-02-17 22:00:00,16.6,94,0.0,2.8,50,-2.1449244407331385,-1.7998053071223097
2013-02-17 23:00:00,15.7,94,0.1,2.8,50,-2.1449244407331385,-1.7998053071223097
2013-02-18 00:00:00,16.3,92,0.1,3.3,49,-2.490541614735148,-2.1649947956686733
2013-02-18 01:00:00,15.8,92,0.0,3.9,56,-3.233246532964663,-2.180852323535912
2013-02-18 02:00:00,15.1,92,0.0,4.2,59,-3.600102662948872,-2.1631599146222276
2013-02-18 03:00:00,15.3,88,0.0,4.1,52,-3.23084408978756,-2.5242120488351985
2013-02-18 04:00:00,14.3,89,0.0,3.6,53,-2.875087836170254,-2.1665340833473743
2013-02-18 05:00:00,13.8,88,0.0,3.9,56,-3.233246532964663,-2.180852323535912
2013-02-18 06:00:00,13.4,87,0.0,5.4,70,-5.074340152243906,-1.846908773958611
2013-02-18 07:00:00,13.3,86,0.0,4.1,75,-3.96029588778518,-1.0611580849203353
2013-02-18 08:00:00,17.9,82,0.0,3.3,77,-3.2154212137912763,-0.7423384793347544
2013-02-18 09:00:00,21.5,68,0.0,3.1,324,1.8221342821066668,-2.5079526825623373
2013-02-18 10:00:00,22.7,67,0.0,4.2,301,3.600102662948872,-2.1631599146222276
2013-02-18 11:00:00,23.9,63,0.0,5.2,286,4.998560818879258,-1.4333142502483958
2013-02-18 12:00:00,24.7,63,0.0,6.8,273,6.790680836331102,-0.3558845024520181
2013-02-18 13:00:00,25.1,63,0.0,8.0,262,7.922144549932563,1.1133848076805235
2013-02-18 14:00:00,25.4,63,0.0,7.2,264,7.160557646651568,0.7526049355271051
2013-02-18 15:00:00,25.3,65,0.0,7.6,267,7.589584464134761,0.3977532674463731
2013-02-18 16:00:00,25.0,66,0.0,7.6,270,7.6,0.0
2013-02-18 17:00:00,24.1,69,0.0,5.9,284,5.7247447850283795,-1.4273391840380396
2013-02-18 18:00:00,22.2,77,0.0,6.8,288,6.467184310807044,-2.1013155617496424
2013-02-18 19:00:00,21.1,79,0.0,5.2,326,2.9078030980478835,-4.3109953772862175
2013-02-18 20:00:00,20.6,81,0.0,5.0,30,-2.500000000000002,-4.330127018922192
2013-02-18 21:00:00,20.3,82,0.0,4.9,73,-4.685893304218874,-1.4326213531414103
2013-02-18 22:00:00,19.8,83,0.0,3.3,96,-3.2819222547153015,0.3449439287832573
2013-02-18 23:00:00,17.5,89,0.0,2.9,83,-2.878383839759834,-0.3534210958749272
2013-02-19 00:00:00,15.5,95,0.0,3.5,66,-3.197409101749103,-1.4235782507653008
2013-02-19 01:00:00,15.0,93,0.1,4.6,72,-4.374859974957706,-1.4214781741247573
2013-02-19 02:00:00,15.2,90,0.1,4.9,73,-4.685893304218874,-1.4326213531414103
2013-02-19 03:00:00,17.0,82,0.2,4.9,73,-4.685893304218874,-1.4326213531414103
2013-02-19 04:00:00,17.6,78,0.1,4.7,67,-4.32637281122647,-1.8364363038995857
2013-02-19 05:00:00,17.1,78,0.0,4.6,72,-4.374859974957706,-1.4214781741247573
2013-02-19 06:00:00,16.3,79,0.0,7.3,70,-6.859756131737131,-2.496747046277381
2013-02-19 07:00:00,16.2,78,0.0,6.3,66,-5.755336383148386,-2.5624408513775414
2013-02-19 08:00:00,19.0,76,0.0,4.8,48,-3.5670951622914924,-3.2118269105225195
2013-02-19 09:00:00,21.3,74,0.0,7.1,345,1.8376152202278973,-6.858073366652385
2013-02-19 10:00:00,21.6,78,0.0,8.9,339,3.1894747509531736,-8.308865795825096
2013-02-19 11:00:00,21.9,80,0.0,10.1,333,4.585304047369423,-8.999165894302514
2013-02-19 12:00:00,22.0,83,0.0,11.3,338,4.233054505599806,-10.4771775566047
2013-02-19 13:00:00,22.0,85,0.0,13.6,338,5.094649670456403,-12.60970042210831
2013-02-19 14:00:00,21.3,83,0.0,13.8,340,4.71987797789423,-12.967758166845535
2013-02-19 15:00:00,20.6,78,0.0,13.7,342,4.2335328229367795,-13.029474273243602
2013-02-19 16:00:00,19.3,78,0.0,13.6,343,3.97625518422922,-13.005744681097282
2013-02-19 17:00:00,17.8,80,0.0,13.6,349,2.5950023371210107,-13.35012969488823
2013-02-19 18:00:00,16.1,82,0.0,11.2,358,0.3908743630680121,-11.193177262613872
2013-02-19 19:00:00,15.0,84,0.0,11.6,5,-1.0110066158728357,-11.555858497864248
2013-02-19 20:00:00,14.4,84,0.0,12.7,8,-1.7674983821928358,-12.576404473017941
2013-02-19 21:00:00,13.7,87,0.0,11.3,7,-1.3771235804781632,-11.21577151354694
2013-02-19 22:00:00,13.6,83,0.0,8.8,12,-1.8296228791962863,-8.60769888645749
2013-02-19 23:00:00,13.3,83,0.0,9.1,7,-1.1090110249868392,-9.03216997993603
2013-02-20 00:00:00,13.3,82,0.0,9.9,10,-1.7191169589026103,-9.74959675482086
2013-02-20 01:00:00,13.3,81,0.0,7.9,16,-2.1775351109542913,-7.593967397912721
2013-02-20 02:00:00,13.0,81,0.0,6.6,13,-1.4846769586695105,-6.430842427582552
2013-02-20 03:00:00,14.2,76,0.0,6.4,16,-1.7640790772287929,-6.152074854005242
2013-02-20 04:00:00,14.2,76,0.0,5.9,11,-1.1257730727216133,-5.791600382341218
2013-02-20 05:00:00,14.1,76,0.0,5.8,7,-0.7068421917498535,-5.756767679519668
2013-02-20 06:00:00,14.3,76,0.0,4.9,17,-1.4326213531414118,-4.685893304218873
2013-02-20 07:00:00,14.3,76,0.0,4.5,14,-1.088648530198505,-4.366330768241984
2013-02-20 08:00:00,15.3,79,0.0,5.1,352,0.7097828148963339,-5.050367150582009
2013-02-20 09:00:00,17.6,70,0.0,7.1,336,2.8878301658381815,-6.486172749262466
2013-02-20 10:00:00,18.5,70,0.0,8.6,327,4.683895701129233,-7.212566884330647
2013-02-20 11:00:00,19.4,69,0.0,9.6,326,5.368251873319169,-7.9587606965284
2013-02-20 12:00:00,20.3,68,0.0,10.1,325,5.793122007145566,-8.273435647318816
2013-02-20 13:00:00,20.9,67,0.0,10.5,329,5.407899786555569,-9.00025665737218
2013-02-20 14:00:00,20.8,68,0.0,11.0,328,5.829111906565254,-9.328529057720685
2013-02-20 15:00:00,20.3,69,0.0,11.6,330,5.800000000000001,-10.045894683899487
2013-02-20 16:00:00,19.5,71,0.0,12.6,333,5.72028029671829,-11.226682204773434
2013-02-20 17:00:00,18.1,75,0.0,11.1,335,4.691062705321763,-10.060016436106814
2013-02-20 18:00:00,16.6,79,0.0,10.1,343,2.952954217699641,-9.658678035226657
2013-02-20 19:00:00,15.4,85,0.0,9.8,354,1.024378940023004,-9.746314574609078
2013-02-20 20:00:00,15.1,84,0.0,9.4,353,1.1455718280083864,-9.329933825428427
2013-02-20 21:00:00,15.5,81,0.0,8.1,347,1.8221035401853058,-7.892397524760405
2013-02-20 22:00:00,15.3,83,0.0,7.1,345,1.8376152202278973,-6.858073366652385
2013-02-20 23:00:00,15.1,84,0.0,6.5,357,0.3401837155791358,-6.49109197590473
2013-02-21 00:00:00,15.5,83,0.0,6.5,360,3.9801020972288977e-16,-6.5
2013-02-21 01:00:00,15.4,83,0.0,7.2,360,4.4087284769304716e-16,-7.2
2013-02-21 02:00:00,15.2,84,0.0,7.7,11,-1.4692292643993936,-7.558529312547013
2013-02-21 03:00:00,14.9,83,0.0,5.7,18,-1.7613968679372012,-5.421022142882375
2013-02-21 04:00:00,14.9,83,0.0,3.8,17,-1.111012477946401,-3.633958072659534
2013-02-21 05:00:00,14.6,85,0.0,3.7,11,-0.7059932828932151,-3.632020578756357
2013-02-21 06:00:00,14.3,87,0.0,2.9,30,-1.4500000000000013,-2.5114736709748713
2013-02-21 07:00:00,14.3,87,0.0,2.9,30,-1.4500000000000013,-2.5114736709748713
2013-02-21 08:00:00,14.7,91,0.0,4.5,346,1.0886485301985045,-4.366330768241984
2013-02-21 09:00:00,18.2,77,0.0,7.4,331,3.587591189822895,-6.472185832831529
2013-02-21 10:00:00,19.6,74,0.0,10.3,331,4.993539088537273,-9.008582983535776
2013-02-21 11:00:00,20.8,71,0.0,10.3,331,4.993539088537273,-9.008582983535776
2013-02-21 12:00:00,21.5,70,0.0,9.8,324,5.760295472466237,-7.9283665448744856
2013-02-21 13:00:00,21.9,69,0.0,11.5,321,7.237184497073131,-8.937178556755166
2013-02-21 14:00:00,21.7,70,0.0,12.1,323,7.281961780139786,-9.663489671572243
2013-02-21 15:00:00,21.1,73,0.0,11.9,325,6.8255595925774495,-9.747909327039002
2013-02-21 16:00:00,20.2,76,0.0,11.0,328,5.829111906565254,-9.328529057720685
2013-02-21 17:00:00,19.2,79,0.0,10.3,331,4.993539088537273,-9.008582983535776
2013-02-21 18:00:00,17.5,85,0.0,8.9,339,3.1894747509531736,-8.308865795825096
2013-02-21 19:00:00,16.3,90,0.0,10.5,352,1.4613175600806874,-10.397814721786489
2013-02-21 20:00:00,15.8,92,0.2,10.8,360,6.613092715395707e-16,-10.8
2013-02-21 21:00:00,15.1,95,0.1,10.1,6,-1.055737479003299,-10.044671143219562
2013-02-21 22:00:00,14.3,96,0.0,8.9,14,-2.1531048708370433,-8.635631963856369
2013-02-21 23:00:00,14.1,96,0.0,7.2,18,-2.2249223594996224,-6.8476069173251055
2013-02-22 00:00:00,14.0,95,0.0,5.7,18,-1.7613968679372012,-5.421022142882375
2013-02-22 01:00:00,14.7,94,0.0,5.4,20,-1.8469087739586103,-5.074340152243906
2013-02-22 02:00:00,14.6,93,0.0,6.4,16,-1.7640790772287929,-6.152074854005242
2013-02-22 03:00:00,15.1,88,0.0,7.8,22,-2.921931428644116,-7.232034065620941
2013-02-22 04:00:00,15.0,89,0.0,7.8,22,-2.921931428644116,-7.232034065620941
2013-02-22 05:00:00,14.1,91,0.0,8.7,17,-2.5436338310878126,-8.319851376878407
2013-02-22 06:00:00,12.6,94,0.0,10.1,17,-2.9529542176996446,-9.658678035226657
2013-02-22 07:00:00,12.4,95,0.0,10.9,17,-3.1868515814778346,-10.423721839997086
2013-02-22 08:00:00,14.9,91,0.0,12.6,5,-1.0981623586204938,-12.552053195955994
2013-02-22 09:00:00,17.0,84,0.0,13.3,360,8.143901214329899e-16,-13.3
2013-02-22 10:00:00,18.7,77,0.0,13.0,354,1.358870022479495,-12.928784639787553
2013-02-22 11:00:00,20.1,71,0.0,13.7,346,3.314329969715447,-13.293051449981151
2013-02-22 12:00:00,20.9,68,0.0,14.2,344,3.914050452601388,-13.649916082324127
2013-02-22 13:00:00,21.2,67,0.0,15.5,342,4.789763412811686,-14.74137600257488
2013-02-22 14:00:00,20.9,68,0.0,15.6,341,5.0788632095316455,-14.750089779349342
2013-02-22 15:00:00,20.3,68,0.0,17.1,342,5.284190603811602,-16.263066428647125
2013-02-22 16:00:00,18.7,73,0.0,17.0,347,3.8241679238457036,-16.564291101349
2013-02-22 17:00:00,17.5,76,0.0,15.0,350,2.604722665003956,-14.772116295183121
2013-02-22 18:00:00,15.9,81,0.0,11.2,356,0.7812725059342026,-11.17271736291003
2013-02-22 19:00:00,15.1,84,0.0,11.6,5,-1.0110066158728357,-11.555858497864248
2013-02-22 20:00:00,14.5,88,0.0,10.5,6,-1.0975488643103604,-10.442479901366871
2013-02-22 21:00:00,14.8,84,0.0,9.1,7,-1.1090110249868392,-9.03216997993603
2013-02-22 22:00:00,15.1,82,0.0,7.8,13,-1.7546182238821488,-7.600086505324834
2013-02-22 23:00:00,15.2,81,0.0,6.8,18,-2.1013155617496433,-6.467184310807044
2013-02-23 00:00:00,15.2,81,0.0,7.5,17,-2.192787785420528,-7.172285669722765
2013-02-23 01:00:00,14.9,82,0.0,8.9,14,-2.1531048708370433,-8.635631963856369
2013-02-23 02:00:00,14.0,85,0.0,10.1,17,-2.9529542176996446,-9.658678035226657
2013-02-23 03:00:00,14.2,81,0.0,9.7,22,-3.633683956134349,-8.993683389297836
2013-02-23 04:00:00,14.5,79,0.0,7.6,25,-3.2118987892293136,-6.88793918147854
2013-02-23 05:00:00,14.6,78,0.0,4.6,39,-2.894873798829254,-3.5748714227020644
2013-02-23 06:00:00,14.6,78,0.0,2.9,30,-1.4500000000000013,-2.5114736709748713
2013-02-23 07:00:00,14.4,79,0.0,3.2,27,-1.4527695991665501,-2.851220877402777
2013-02-23 08:00:00,15.1,85,0.0,5.2,344,1.4333142502483958,-4.998560818879258
2013-02-23 09:00:00,18.7,70,0.0,7.7,332,3.61493103345136,-6.798696465013737
2013-02-23 10:00:00,20.2,67,0.0,9.9,327,5.391926446648768,-8.302838622659698
2013-02-23 11:00:00,21.3,65,0.0,11.4,325,6.538771374401926,-9.338333304894507
2013-02-23 12:00:00,21.9,65,0.0,12.1,323,7.281961780139786,-9.663489671572243
2013-02-23 13:00:00,22.3,64,0.0,12.3,322,7.572636146505597,-9.692532269362681
2013-02-23 14:00:00,22.3,65,0.0,12.1,323,7.281961780139786,-9.663489671572243
2013-02-23 15:00:00,21.9,64,0.0,11.9,325,6.8255595925774495,-9.747909327039002
2013-02-23 16:00:00,20.9,67,0.0,11.2,327,6.099957192168303,-9.393110360988748
2013-02-23 17:00:00,19.8,70,0.0,8.8,325,5.0474726398892065,-7.208537989743128
2013-02-23 18:00:00,18.2,76,0.0,7.4,313,5.412017391981862,-5.046787864462489
2013-02-23 19:00:00,17.0,82,0.0,4.6,321,2.894873798829252,-3.5748714227020657
2013-02-23 20:00:00,15.9,89,0.0,2.8,320,1.7998053071223101,-2.1449244407331385
2013-02-23 21:00:00,15.5,91,0.0,1.6,297,1.4256104387013888,-0.7263847995832748
2013-02-23 22:00:00,15.2,93,0.0,1.6,297,1.4256104387013888,-0.7263847995832748
2013-02-23 23:00:00,15.0,93,0.0,1.6,297,1.4256104387013888,-0.7263847995832748
2013-02-24 00:00:00,14.9,93,0.0,0.5,315,0.3535533905932738,-0.35355339059327373
2013-02-24 01:00:00,14.9,93,0.0,0.5,45,-0.35355339059327384,-0.35355339059327373
2013-02-24 02:00:00,14.7,93,0.1,0.4,90,-0.4,4.898587196589413e-17
2013-02-24 03:00:00,15.2,88,0.0,0.7000000000000001,360,4.2862637970157366e-17,-0.7000000000000001
2013-02-24 04:00:00,15.0,90,0.0,0.7000000000000001,360,4.2862637970157366e-17,-0.7000000000000001
2013-02-24 05:00:00,14.8,90,0.0,1.3,34,-0.7269507745119705,-1.0777488443215544
2013-02-24 06:00:00,14.4,91,0.0,2.6,146,-1.4539015490239415,2.1554976886431088
2013-02-24 07:00:00,14.2,91,0.0,1.3,146,-0.7269507745119708,1.0777488443215544
2013-02-24 08:00:00,17.0,88,0.0,1.8,259,1.7669289302057951,0.34345619167778063
2013-02-24 09:00:00,19.7,78,0.0,5.4,266,5.386845871403051,0.37668495821827663
2013-02-24 10:00:00,21.1,74,0.0,8.4,260,8.272385125302547,1.458644692402215
2013-02-24 11:00:00,22.0,71,0.0,11.4,259,11.19054989130337,2.175222547292611
2013-02-24 12:00:00,22.4,72,0.0,13.0,265,12.950531075192693,1.1330246557195562
2013-02-24 13:00:00,22.1,71,0.3,13.0,275,12.950531075192693,-1.1330246557195562
2013-02-24 14:00:00,22.2,72,0.0,11.5,284,11.15840085217396,-2.782101799396179
2013-02-24 15:00:00,21.5,74,0.0,10.2,293,9.389149505214892,-3.9854575105905923
2013-02-24 16:00:00,20.5,76,0.0,9.7,301,8.31452281681049,-4.995869326627525
2013-02-24 17:00:00,19.2,79,0.0,8.4,310,6.4347733221994154,-5.39941592136693
2013-02-24 18:00:00,18.4,81,0.0,4.6,315,3.2526911934581184,-3.252691193458118
2013-02-24 19:00:00,17.8,84,0.0,5.1,321,3.209533994354171,-3.963444403430551
2013-02-24 20:00:00,17.2,87,0.2,4.6,321,2.894873798829252,-3.5748714227020657
2013-02-24 21:00:00,17.4,85,0.2,2.0,315,1.4142135623730951,-1.414213562373095
2013-02-24 22:00:00,17.0,87,0.0,1.1,288,1.0461621679246689,-0.33991869381244216
2013-02-24 23:00:00,16.8,88,0.0,1.5,315,1.0606601717798214,-1.0606601717798212
2013-02-25 00:00:00,16.5,90,0.0,1.9,338,0.7117525274902327,-1.761649323676896
2013-02-25 01:00:00,16.4,90,0.0,2.5,8,-0.3479327524001646,-2.475670171853926
2013-02-25 02:00:00,16.0,91,0.0,3.7,29,-1.7937955949114464,-3.2360929164157652
2013-02-25 03:00:00,15.4,91,0.0,3.8,41,-2.4930243101639276,-2.8678964048465336
2013-02-25 04:00:00,15.7,88,0.0,2.4,63,-2.138415658052083,-1.089577199374912
2013-02-25 05:00:00,15.8,85,0.0,1.8,79,-1.7669289302057951,-0.3434561916777805
2013-02-25 06:00:00,15.7,83,0.0,1.5,76,-1.4554435894139948,-0.3628828433995013
2013-02-25 07:00:00,15.1,83,0.0,2.1,31,-1.0815799573111144,-1.8000513314744355
2013-02-25 08:00:00,17.2,83,0.0,2.1,31,-1.0815799573111144,-1.8000513314744355
2013-02-25 09:00:00,19.6,76,0.0,3.8,319,2.4930243101639276,-2.8678964048465336
2013-02-25 10:00:00,21.2,72,0.0,5.3,298,4.679622242152313,-2.4881992827652213
2013-02-25 11:00:00,22.3,68,0.0,6.3,294,5.755336383148386,-2.5624408513775414
2013-02-25 12:00:00,23.4,65,0.0,8.1,302,6.86918957886705,-4.29234604028896
2013-02-25 13:00:00,23.7,64,0.0,10.1,305,8.273435647318816,-5.7931220071455645
2013-02-25 14:00:00,23.3,65,0.1,9.5,307,7.587037345449282,-5.717242719944458
2013-02-25 15:00:00,22.7,69,0.0,8.7,312,6.46535998165333,-5.821436275322066
2013-02-25 16:00:00,22.2,71,0.0,7.1,315,5.020458146424487,-5.020458146424486
2013-02-25 17:00:00,21.2,75,0.0,6.6,315,4.666904755831213,-4.666904755831213
2013-02-25 18:00:00,19.9,80,0.0,5.2,304,4.310995377286217,-2.907803098047884
2013-02-25 19:00:00,18.6,85,0.0,3.2,360,1.9594348786357652e-16,-3.2
2013-02-25 20:00:00,18.2,86,0.0,3.4,58,-2.8833635269318485,-1.8017254983928963
2013-02-25 21:00:00,17.8,86,0.0,4.0,80,-3.939231012048832,-0.6945927106677219
2013-02-25 22:00:00,17.6,85,0.0,3.3,77,-3.2154212137912763,-0.7423384793347544
2013-02-25 23:00:00,17.6,83,0.0,2.7,67,-2.485363104321589,-1.0549740469210387
2013-02-26 00:00:00,17.5,82,0.0,2.1,59,-1.800051331474436,-1.0815799573111138
2013-02-26 01:00:00,17.2,82,0.0,1.8,53,-1.437543918085127,-1.0832670416736871
2013-02-26 02:00:00,15.8,86,0.0,1.8,37,-1.083267041673687,-1.437543918085127
2013-02-26 03:00:00,15.5,80,0.0,1.8,53,-1.437543918085127,-1.0832670416736871
2013-02-26 04:00:00,16.4,75,0.0,2.0,45,-1.4142135623730954,-1.414213562373095
2013-02-26 05:00:00,16.8,73,0.0,2.3,39,-1.447436899414627,-1.7874357113510322
2013-02-26 06:00:00,16.0,74,0.0,3.6,84,-3.580278823325784,-0.3763024677635526
2013-02-26 07:00:00,15.3,76,0.0,2.5,98,-2.475670171853926,0.3479327524001633
2013-02-26 08:00:00,18.5,73,0.0,2.6,124,-2.1554976886431083,1.453901549023942
2013-02-26 09:00:00,21.0,66,0.0,2.5,270,2.5,0.0
2013-02-26 10:00:00,21.5,68,0.0,5.8,292,5.377666356487367,-2.1727182418122895
2013-02-26 11:00:00,22.5,67,0.0,6.8,295,6.162892951849219,-2.873804179836756
2013-02-26 12:00:00,22.5,68,0.0,6.9,298,6.092338390726597,-3.2393537832226467
2013-02-26 13:00:00,21.5,73,0.0,6.1,310,4.6728711030257655,-3.921004419087889
2013-02-26 14:00:00,20.8,76,0.0,6.4,322,3.9402334420842133,-5.043268823083022
2013-02-26 15:00:00,20.9,76,0.0,6.8,328,3.603450996785793,-5.766727053863696
2013-02-26 16:00:00,20.6,77,0.0,4.8,333,2.1791543987498248,-4.276831316104166
2013-02-26 17:00:00,20.5,82,0.0,3.1,324,1.8221342821066668,-2.5079526825623373
2013-02-26 18:00:00,19.5,85,0.0,2.5,315,1.7677669529663689,-1.7677669529663687
2013-02-26 19:00:00,19.3,80,0.0,1.8,37,-1.083267041673687,-1.437543918085127
2013-02-26 20:00:00,18.9,82,0.0,2.4,63,-2.138415658052083,-1.089577199374912
2013-02-26 21:00:00,19.0,81,0.0,3.0,76,-2.9108871788279895,-0.7257656867990026
2013-02-26 22:00:00,19.1,79,0.0,2.5,90,-2.5,3.061616997868383e-16
2013-02-26 23:00:00,19.2,78,0.0,1.1,72,-1.046162167924669,-0.33991869381244205
2013-02-27 00:00:00,18.0,83,0.0,1.3,34,-0.7269507745119705,-1.0777488443215544
2013-02-27 01:00:00,17.0,87,0.0,2.3,39,-1.447436899414627,-1.7874357113510322
2013-02-27 02:00:00,16.5,87,0.0,3.6,53,-2.875087836170254,-2.1665340833473743
2013-02-27 03:00:00,17.3,84,0.0,3.4,58,-2.8833635269318485,-1.8017254983928963
2013-02-27 04:00:00,18.5,78,0.0,2.0,45,-1.4142135623730954,-1.414213562373095
2013-02-27 05:00:00,19.2,75,0.0,2.6,56,-2.1554976886431088,-1.4539015490239415
2013-02-27 06:00:00,17.5,82,0.0,2.6,74,-2.499280409439629,-0.7166571251241974
2013-02-27 07:00:00,16.8,84,0.0,4.1,52,-3.23084408978756,-2.5242120488351985
2013-02-27 08:00:00,18.3,86,0.0,5.8,30,-2.9000000000000026,-5.022947341949743
2013-02-27 09:00:00,21.1,73,0.0,5.4,360,3.3065463576978537e-16,-5.4
2013-02-27 10:00:00,21.8,70,0.1,6.6,338,2.4724035165450187,-6.1194134401407965
2013-02-27 11:00:00,22.3,70,0.0,6.9,332,3.239353783222647,-6.092338390726596
2013-02-27 12:00:00,22.6,70,0.0,9.2,329,4.738350289172498,-7.8859391664594325
2013-02-27 13:00:00,23.0,69,0.0,10.3,331,4.993539088537273,-9.008582983535776
2013-02-27 14:00:00,23.1,69,0.0,11.8,329,6.077449283938639,-10.114574148284927
2013-02-27 15:00:00,23.0,74,0.0,10.8,334,4.734408385322037,-9.706975700031006
2013-02-27 16:00:00,22.4,76,0.0,11.2,339,4.013721034907364,-10.45610077676866
2013-02-27 17:00:00,21.2,80,0.0,9.6,347,2.159530121701103,-9.353952621938259
2013-02-27 18:00:00,19.7,86,0.0,9.7,358,0.33852511801426044,-9.694091022085228
2013-02-27 19:00:00,18.1,93,0.0,7.6,8,-1.0577155672965002,-7.526037322435934
2013-02-27 20:00:00,17.1,95,0.0,5.6,27,-2.5423467985414625,-4.989636535454859
2013-02-27 21:00:00,17.2,93,0.0,4.5,29,-2.1816432911085157,-3.935788682127282
2013-02-27 22:00:00,17.3,91,0.0,3.7,29,-1.7937955949114464,-3.2360929164157652
2013-02-27 23:00:00,17.3,89,0.0,3.8,41,-2.4930243101639276,-2.8678964048465336
2013-02-28 00:00:00,17.2,88,0.0,3.3,41,-2.1649947956686737,-2.4905416147351476
2013-02-28 01:00:00,17.1,86,0.0,3.2,27,-1.4527695991665501,-2.851220877402777
2013-02-28 02:00:00,17.0,85,0.0,3.9,34,-2.1808523235359116,-3.233246532964663
2013-02-28 03:00:00,16.7,79,0.0,4.6,39,-2.894873798829254,-3.5748714227020644
2013-02-28 04:00:00,15.4,80,0.0,4.4,35,-2.523736319944604,-3.604268994871563
2013-02-28 05:00:00,14.0,82,0.0,3.9,34,-2.1808523235359116,-3.233246532964663
2013-02-28 06:00:00,13.1,83,0.0,3.6,53,-2.875087836170254,-2.1665340833473743
2013-02-28 07:00:00,12.9,82,0.0,2.3,51,-1.7874357113510326,-1.4474368994146265
2013-02-28 08:00:00,18.5,71,0.0,1.4,90,-1.4,1.7145055188062944e-16
2013-02-28 09:00:00,21.3,61,0.0,4.0,280,3.939231012048832,-0.6945927106677213
2013-02-28 10:00:00,22.6,61,0.0,5.9,284,5.7247447850283795,-1.4273391840380396
2013-02-28 11:00:00,23.6,61,0.0,7.4,284,7.180188374442374,-1.7902220274375413
2013-02-28 12:00:00,24.3,61,0.0,8.0,288,7.608452130361228,-2.472135954999579
2013-02-28 13:00:00,24.5,62,0.0,8.9,291,8.308865795825096,-3.1894747509531727
2013-02-28 14:00:00,24.2,64,0.0,9.2,296,8.268905225952336,-4.033014550459511
2013-02-28 15:00:00,23.2,68,0.0,7.7,298,6.798696465013738,-3.6149310334513594
2013-02-28 16:00:00,22.4,71,0.0,6.4,297,5.702441754805555,-2.9055391983330994
2013-02-28 17:00:00,21.5,75,0.0,5.5,293,5.062776693988422,-2.149021206691006
2013-02-28 18:00:00,20.1,80,0.0,6.3,294,5.755336383148386,-2.5624408513775414
2013-02-28 19:00:00,18.7,86,0.0,3.3,319,2.1649947956686737,-2.4905416147351476
2013-02-28 20:00:00,18.1,89,0.0,2.5,45,-1.7677669529663693,-1.7677669529663687
2013-02-28 21:00:00,17.7,89,0.0,3.2,63,-2.8512208774027776,-1.4527695991665495
2013-02-28 22:00:00,17.3,88,0.0,3.3,77,-3.2154212137912763,-0.7423384793347544
2013-02-28 23:00:00,16.3,89,0.0,3.3,77,-3.2154212137912763,-0.7423384793347544
2013-03-01 00:00:00,15.8,87,0.0,3.3,77,-3.2154212137912763,-0.7423384793347544
2013-03-01 01:00:00,15.1,86,0.0,3.3,77,-3.2154212137912763,-0.7423384793347544
2013-03-01 02:00:00,14.2,87,0.0,3.1,69,-2.8940993221413254,-1.1109406435904314
2013-03-01 03:00:00,13.6,85,0.0,2.7,67,-2.485363104321589,-1.0549740469210387
2013-03-01 04:00:00,12.9,86,0.0,2.7,67,-2.485363104321589,-1.0549740469210387
2013-03-01 05:00:00,12.2,88,0.0,2.3,72,-2.187429987478853,-0.7107390870623786
2013-03-01 06:00:00,11.9,88,0.0,2.4,63,-2.138415658052083,-1.089577199374912
2013-03-01 07:00:00,12.2,88,0.0,1.8,53,-1.437543918085127,-1.0832670416736871
2013-03-01 08:00:00,17.0,84,0.0,1.8,101,-1.7669289302057951,0.34345619167778096
2013-03-01 09:00:00,22.2,57,0.0,4.0,265,3.984778792366982,0.34862297099063266
2013-03-01 10:00:00,23.1,57,0.0,6.2,263,6.153786140176196,0.7555899291119144
2013-03-01 11:00:00,23.3,62,0.0,7.6,251,7.185941174554808,2.474317973874391
2013-03-01 12:00:00,24.0,62,0.0,7.6,245,6.887939181478539,3.211898789229316
2013-03-01 13:00:00,24.7,61,0.0,6.6,241,5.772490067120011,3.1997434936258244
2013-03-01 14:00:00,25.1,59,0.0,5.4,250,5.074340152243906,1.8469087739586112
2013-03-01 15:00:00,24.5,64,0.0,4.7,270,4.7,0.0
2013-03-01 16:00:00,24.4,64,0.0,5.5,281,5.3989495089621515,-1.0494494745709964
2013-03-01 17:00:00,23.9,65,0.0,5.6,297,4.98963653545486,-2.5423467985414616
2013-03-01 18:00:00,22.5,72,0.0,6.9,332,3.239353783222647,-6.092338390726596
2013-03-01 19:00:00,19.9,85,0.0,6.5,19,-2.116193003971518,-6.1458707413955596
2013-03-01 20:00:00,18.9,86,0.0,7.2,27,-3.268731598124738,-6.415246974156248
2013-03-01 21:00:00,17.0,93,0.0,8.3,18,-2.564841053312065,-7.893769085249775
2013-03-01 22:00:00,17.2,94,0.1,9.1,18,-2.8120546488120226,-8.654614298285896
2013-03-01 23:00:00,17.6,94,0.2,6.1,40,-3.9210044190878905,-4.672871103025765
2013-03-02 00:00:00,15.8,97,0.0,6.6,22,-2.472403516545021,-6.119413440140796
2013-03-02 01:00:00,14.9,97,0.0,7.0,12,-1.4553818357243185,-6.847033205136639
2013-03-02 02:00:00,14.5,95,0.0,8.6,22,-3.2216167033768457,-7.97378114927437
2013-03-02 03:00:00,14.9,93,0.0,9.0,23,-3.5165801564034647,-8.284543681071963
2013-03-02 04:00:00,15.2,91,0.1,8.4,20,-2.872969203935616,-7.8934180146016315
2013-03-02 05:00:00,15.6,87,0.2,7.1,15,-1.8376152202278964,-6.858073366652385
2013-03-02 06:00:00,15.8,85,0.2,6.9,28,-3.239353783222646,-6.092338390726597
2013-03-02 07:00:00,15.9,84,0.2,6.8,3,-0.3558845024520213,-6.790680836331102
2013-03-02 08:00:00,16.8,82,0.1,10.2,350,1.77121141220269,-10.045039080724521
2013-03-02 09:00:00,17.6,78,0.1,12.6,347,2.8343832847326977,-12.277062816293963
2013-03-02 10:00:00,18.3,76,0.1,13.0,346,3.14498464279568,-12.613844441587954
2013-03-02 11:00:00,18.7,75,0.0,13.2,343,3.859306502340125,-12.623222778712067
2013-03-02 12:00:00,18.4,75,0.2,12.9,337,5.040431557511631,-11.874512609536481
2013-03-02 13:00:00,18.9,74,0.2,12.7,335,5.367251924106883,-11.510108895365454
2013-03-02 14:00:00,18.0,77,0.3,13.0,336,5.287576359985403,-11.876090949353811
2013-03-02 15:00:00,17.7,74,0.3,13.1,339,4.694620139043435,-12.229903587113343
2013-03-02 16:00:00,16.7,77,0.4,12.0,344,3.30764826980399,-11.535140351259827
2013-03-02 17:00:00,15.8,80,0.3,10.3,348,2.1414904154229224,-10.074920287558198
2013-03-02 18:00:00,15.0,85,0.6,8.8,348,1.8296228791962834,-8.60769888645749
2013-03-02 19:00:00,14.3,88,0.3,9.3,344,2.5634274090980926,-8.939733772226367
2013-03-02 20:00:00,14.0,88,0.3,10.7,348,2.224655091750026,-10.46617932785172
2013-03-02 21:00:00,13.7,88,0.2,10.5,356,0.732442974313315,-10.474422527728153
2013-03-02 22:00:00,13.5,87,0.0,9.0,2,-0.31409547032250684,-8.994517443171862
2013-03-02 23:00:00,13.5,87,0.0,9.0,2,-0.31409547032250684,-8.994517443171862
2013-03-03 00:00:00,13.5,87,0.0,9.4,360,5.755839955992561e-16,-9.4
2013-03-03 01:00:00,13.3,87,0.0,8.7,353,1.060263287624783,-8.6351515192795
2013-03-03 02:00:00,13.3,87,0.2,9.1,353,1.1090110249868421,-9.032169979936029
2013-03-03 03:00:00,13.0,88,0.6,9.0,358,0.31409547032250973,-8.994517443171862
2013-03-03 04:00:00,12.7,90,0.4,8.3,358,0.289665822630759,-8.294943864258496
2013-03-03 05:00:00,12.6,91,0.4,9.0,358,0.31409547032250973,-8.994517443171862
2013-03-03 06:00:00,12.4,91,0.2,8.7,353,1.060263287624783,-8.6351515192795
2013-03-03 07:00:00,12.2,91,0.2,8.9,346,2.1531048708370424,-8.635631963856369
2013-03-03 08:00:00,12.5,87,0.1,9.8,352,1.3638963894086416,-9.70462707366739
2013-03-03 09:00:00,13.3,84,0.0,10.9,351,1.705135668938517,-10.765802912487002
2013-03-03 10:00:00,14.5,78,0.0,12.0,344,3.30764826980399,-11.535140351259827
2013-03-03 11:00:00,15.6,74,0.0,12.0,344,3.30764826980399,-11.535140351259827
2013-03-03 12:00:00,16.1,71,0.0,11.4,342,3.522793735874401,-10.84204428576475
2013-03-03 13:00:00,16.3,69,0.0,13.2,338,4.944807033090037,-12.238826880281593
2013-03-03 14:00:00,16.2,67,0.0,14.2,339,5.088824883543265,-13.256842056260265
2013-03-03 15:00:00,15.6,71,0.0,13.8,345,3.571702822414786,-13.329776402789143
2013-03-03 16:00:00,15.1,71,0.0,12.5,348,2.598896135221993,-12.22684500917257
2013-03-03 17:00:00,14.2,74,0.0,11.7,351,1.8302832409707017,-11.555953584963111
2013-03-03 18:00:00,13.3,77,0.0,9.7,345,2.510544737494451,-9.369480515003962
2013-03-03 19:00:00,12.7,80,0.0,8.3,355,0.7233926648055626,-8.268415994161488
2013-03-03 20:00:00,12.5,81,0.0,9.7,358,0.33852511801426044,-9.694091022085228
2013-03-03 21:00:00,12.1,84,0.0,8.3,358,0.289665822630759,-8.294943864258496
2013-03-03 22:00:00,11.8,86,0.0,9.0,360,5.51091059616309e-16,-9.0
2013-03-03 23:00:00,12.0,83,0.0,8.7,7,-1.0602632876247804,-8.635151519279502
2013-03-04 00:00:00,12.1,82,0.0,8.0,5,-0.697245941981266,-7.969557584733964
2013-03-04 01:00:00,12.3,80,0.0,7.2,6,-0.7526049355271042,-7.160557646651569
2013-03-04 02:00:00,12.3,79,0.0,7.2,357,0.3768188849491966,-7.190132650232932
2013-03-04 03:00:00,12.1,78,0.0,6.8,3,-0.3558845024520213,-6.790680836331102
2013-03-04 04:00:00,12.6,74,0.0,6.2,7,-0.7555899291119125,-6.153786140176197
2013-03-04 05:00:00,12.6,73,0.0,6.9,351,1.0793978087775935,-6.815049550106451
2013-03-04 06:00:00,12.7,71,0.0,3.6,354,0.3763024677635525,-3.580278823325784
2013-03-04 07:00:00,12.5,71,0.0,4.7,351,0.7352419856890854,-4.6421352007971475
2013-03-04 08:00:00,13.5,72,0.0,6.4,344,1.7640790772287946,-6.1520748540052415
2013-03-04 09:00:00,15.6,63,0.0,7.4,337,2.8914103508206255,-6.811735915548059
2013-03-04 10:00:00,16.9,61,0.1,7.7,323,4.633975678270772,-6.149493427364155
2013-03-04 11:00:00,17.5,61,0.0,8.4,320,5.399415921366931,-6.4347733221994154
2013-03-04 12:00:00,17.8,62,0.0,8.7,322,5.356254835333226,-6.855693556378481
2013-03-04 13:00:00,17.7,64,0.1,9.8,324,5.760295472466237,-7.9283665448744856
2013-03-04 14:00:00,17.9,64,0.1,10.1,333,4.585304047369423,-8.999165894302514
2013-03-04 15:00:00,17.7,60,0.1,10.2,337,3.985457510590592,-9.389149505214892
2013-03-04 16:00:00,17.4,61,0.0,9.7,338,3.633683956134346,-8.993683389297837
2013-03-04 17:00:00,16.5,64,0.0,9.0,337,3.5165801564034633,-8.284543681071963
2013-03-04 18:00:00,15.5,67,0.0,7.4,321,4.656970893768798,-5.750880114781585
2013-03-04 19:00:00,14.1,78,0.0,5.5,328,2.914555953282627,-4.664264528860342
2013-03-04 20:00:00,14.6,68,0.1,4.6,342,1.4214781741247582,-4.3748599749577055
2013-03-04 21:00:00,13.7,74,0.1,2.7,23,-1.0549740469210394,-2.4853631043215887
2013-03-04 22:00:00,12.7,80,0.1,1.3,56,-1.0777488443215544,-0.7269507745119708
2013-03-04 23:00:00,11.9,85,0.1,1.3,34,-0.7269507745119705,-1.0777488443215544
2013-03-05 00:00:00,11.5,87,0.2,0.8,333,0.3631923997916375,-0.7128052193506943
2013-03-05 01:00:00,11.4,89,0.2,1.1,342,0.3399186938124422,-1.0461621679246689
2013-03-05 02:00:00,11.5,89,0.4,0.4,360,2.4492935982947065e-17,-0.4
2013-03-05 03:00:00,12.0,88,0.4,1.4,180,8.572527594031472e-17,1.4
2013-03-05 04:00:00,11.5,90,0.4,2.5,188,0.34793275240016364,2.475670171853926
2013-03-05 05:00:00,11.6,90,0.5,2.2,189,0.34415582308850806,2.1729143493093033
2013-03-05 06:00:00,11.7,90,0.5,5.8,173,-0.7068421917498547,5.756767679519668
2013-03-05 07:00:00,12.3,89,0.2,4.7,171,-0.7352419856890848,4.6421352007971475
2013-03-05 08:00:00,14.2,89,0.2,3.4,212,1.8017254983928965,2.883363526931848
2013-03-05 09:00:00,15.9,84,0.0,6.4,243,5.702441754805555,2.9055391983330994
2013-03-05 10:00:00,17.3,78,0.1,9.2,244,8.268905225952336,4.033014550459511
2013-03-05 11:00:00,18.3,74,0.0,12.0,249,11.202965117966421,4.300415394543603
2013-03-05 12:00:00,19.3,70,0.1,13.4,256,13.001962732098352,3.2417534010355475
2013-03-05 13:00:00,19.6,70,0.1,13.5,261,13.33379259803436,2.111865278043117
2013-03-05 14:00:00,19.3,71,0.0,11.9,267,11.88369146357943,0.6227978792910317
2013-03-05 15:00:00,19.3,68,0.3,11.2,272,11.193177262613872,-0.3908743630680108
2013-03-05 16:00:00,18.8,68,0.0,10.1,274,10.075396907624224,-0.7045403848156655
2013-03-05 17:00:00,18.0,70,0.0,8.1,283,7.892397524760405,-1.8221035401853065
2013-03-05 18:00:00,17.1,73,0.0,6.6,292,6.1194134401407965,-2.472403516545019
2013-03-05 19:00:00,15.8,83,0.0,4.7,279,4.6421352007971475,-0.7352419856890852
2013-03-05 20:00:00,15.2,85,0.1,3.6,217,2.1665340833473743,2.875087836170254
2013-03-05 21:00:00,15.1,84,0.3,4.2,200,1.436484601967809,3.9467090073008153
2013-03-05 22:00:00,15.8,80,0.5,4.6,198,1.4214781741247582,4.3748599749577055
2013-03-05 23:00:00,15.5,81,0.6,4.5,194,1.0886485301985045,4.366330768241984
2013-03-06 00:00:00,15.4,82,0.5,5.1,184,0.35575801609503865,5.087576656325103
2013-03-06 01:00:00,15.2,83,0.6,5.1,188,0.7097828148963339,5.050367150582009
2013-03-06 02:00:00,14.8,85,0.5,5.5,191,1.049449474570997,5.3989495089621515
2013-03-06 03:00:00,14.9,81,0.1,4.3,204,1.7489675652259409,3.9282454678631837
2013-03-06 04:00:00,14.9,82,0.0,3.1,225,2.1920310216782974,2.192031021678297
2013-03-06 05:00:00,14.7,84,0.0,1.8,281,1.7669289302057951,-0.34345619167778063
2013-03-06 06:00:00,14.6,84,0.1,2.5,315,1.7677669529663689,-1.7677669529663687
2013-03-06 07:00:00,14.7,84,0.4,1.8,323,1.0832670416736871,-1.437543918085127
2013-03-06 08:00:00,15.1,89,0.4,2.7,293,2.485363104321589,-1.0549740469210394
2013-03-06 09:00:00,16.7,84,0.4,4.7,270,4.7,0.0
2013-03-06 10:00:00,17.6,80,0.2,6.9,264,6.862201078041086,0.721246396546809
2013-03-06 11:00:00,19.1,73,0.1,10.4,268,10.393664600998596,0.3629547657060101
2013-03-06 12:00:00,20.1,65,0.0,11.9,272,11.89275084152724,-0.41530401075976153
2013-03-06 13:00:00,20.7,60,0.0,11.9,275,11.854716907291772,-1.037153338697132
2013-03-06 14:00:00,20.8,57,0.0,11.3,277,11.215771513546938,-1.3771235804781665
2013-03-06 15:00:00,20.2,57,0.0,10.0,283,9.743700647852352,-2.24951054343865
2013-03-06 16:00:00,19.4,59,0.0,8.8,289,8.320563465273988,-2.8649997592229792
2013-03-06 17:00:00,18.5,62,0.0,6.0,295,5.437846722219899,-2.5357095704441965
2013-03-06 18:00:00,17.3,66,0.0,6.4,317,4.36478950439999,-4.6806636903626915
2013-03-06 19:00:00,16.1,74,0.0,4.1,345,1.061158084920335,-3.96029588778518
2013-03-06 20:00:00,16.0,72,0.0,2.5,45,-1.7677669529663693,-1.7677669529663687
2013-03-06 21:00:00,15.8,73,0.0,2.2,90,-2.2,2.6942229581241775e-16
2013-03-06 22:00:00,15.3,74,0.0,2.5,98,-2.475670171853926,0.3479327524001633
2013-03-06 23:00:00,15.0,74,0.0,2.6,74,-2.499280409439629,-0.7166571251241974
2013-03-07 00:00:00,13.3,78,0.0,2.7,67,-2.485363104321589,-1.0549740469210387
2013-03-07 01:00:00,12.2,80,0.0,3.9,68,-3.616017032810471,-1.460965714322057
2013-03-07 02:00:00,11.7,80,0.0,4.6,72,-4.374859974957706,-1.4214781741247573
2013-03-07 03:00:00,9.1,88,0.0,4.0,63,-3.5640260967534716,-1.8159619989581868
2013-03-07 04:00:00,8.1,90,0.0,3.8,73,-3.6339580726595346,-1.1110124779463997
2013-03-07 05:00:00,7.4,93,0.0,4.0,85,-3.984778792366982,-0.3486229709906318
2013-03-07 06:00:00,7.0,94,0.0,4.1,75,-3.96029588778518,-1.0611580849203353
2013-03-07 07:00:00,7.6,93,0.0,3.6,96,-3.580278823325784,0.37630246776355347
2013-03-07 08:00:00,14.1,81,0.0,3.3,77,-3.2154212137912763,-0.7423384793347544
2013-03-07 09:00:00,18.4,59,0.0,2.8,320,1.7998053071223101,-2.1449244407331385
2013-03-07 10:00:00,20.1,56,0.0,4.2,290,3.9467090073008158,-1.4364846019678086
2013-03-07 11:00:00,21.5,52,0.0,8.9,291,8.308865795825096,-3.1894747509531727
2013-03-07 12:00:00,21.9,50,0.0,12.0,303,10.064046815345089,-6.5356684201803255
2013-03-07 13:00:00,21.9,48,0.0,12.2,315,8.62670273047588,-8.626702730475879
2013-03-07 14:00:00,21.8,46,0.0,11.7,326,6.542556970607737,-9.699739598893988
2013-03-07 15:00:00,21.7,39,0.0,11.3,333,5.1300926470568795,-10.068373723328557
2013-03-07 16:00:00,21.2,38,0.0,10.8,334,4.734408385322037,-9.706975700031006
2013-03-07 17:00:00,20.2,42,0.0,7.1,330,3.5500000000000007,-6.148780366869514
2013-03-07 18:00:00,17.9,58,0.0,7.4,331,3.587591189822895,-6.472185832831529
2013-03-07 19:00:00,17.6,47,0.0,4.8,27,-2.179154398749825,-4.276831316104166
2013-03-07 20:00:00,16.8,48,0.0,4.6,51,-3.5748714227020653,-2.894873798829253
2013-03-07 21:00:00,15.4,52,0.0,4.1,52,-3.23084408978756,-2.5242120488351985
2013-03-07 22:00:00,13.8,57,0.0,2.8,40,-1.7998053071223103,-2.144924440733138
2013-03-07 23:00:00,11.7,64,0.0,2.4,63,-2.138415658052083,-1.089577199374912
2013-03-08 00:00:00,10.0,73,0.0,2.9,90,-2.9,3.5514757175273243e-16
2013-03-08 01:00:00,8.5,81,0.0,3.4,108,-3.233592155403522,1.0506577808748214
2013-03-08 02:00:00,7.5,86,0.0,3.9,112,-3.6160170328104706,1.4609657143220578
2013-03-08 03:00:00,6.9,81,0.0,4.2,110,-3.9467090073008153,1.4364846019678092
2013-03-08 04:00:00,6.6,78,0.0,3.8,107,-3.633958072659535,1.111012477946399
2013-03-08 05:00:00,6.4,74,0.0,3.1,111,-2.8940993221413254,1.1109406435904308
2013-03-08 06:00:00,6.2,73,0.0,3.3,103,-3.215421213791276,0.7423384793347552
2013-03-08 07:00:00,7.0,77,0.0,3.7,101,-3.632020578756357,0.7059932828932164
2013-03-08 08:00:00,13.8,77,0.0,3.6,96,-3.580278823325784,0.37630246776355347
2013-03-08 09:00:00,19.6,41,0.0,3.1,306,2.5079526825623373,-1.8221342821066668
2013-03-08 10:00:00,21.0,41,0.0,5.6,297,4.98963653545486,-2.5423467985414616
2013-03-08 11:00:00,22.0,42,0.0,7.6,289,7.185941174554808,-2.474317973874391
2013-03-08 12:00:00,22.7,43,0.0,8.4,290,7.8934180146016315,-2.872969203935617
2013-03-08 13:00:00,23.0,44,0.0,8.6,292,7.973781149274371,-3.221616703376843
2013-03-08 14:00:00,23.1,44,0.0,8.6,292,7.973781149274371,-3.221616703376843
2013-03-08 15:00:00,23.1,41,0.0,8.9,291,8.308865795825096,-3.1894747509531727
2013-03-08 16:00:00,22.4,42,0.0,7.6,289,7.185941174554808,-2.474317973874391
2013-03-08 17:00:00,21.3,46,0.0,4.6,288,4.3748599749577055,-1.421478174124758
2013-03-08 18:00:00,19.2,65,0.0,5.0,291,4.667902132486009,-1.7918397477265013
2013-03-08 19:00:00,19.1,50,0.0,1.8,217,1.0832670416736871,1.437543918085127
2013-03-08 20:00:00,18.4,52,0.0,2.3,141,-1.4474368994146256,1.7874357113510333
2013-03-08 21:00:00,16.6,58,0.0,3.3,131,-2.4905416147351476,2.1649947956686737
2013-03-08 22:00:00,15.0,64,0.0,5.4,127,-4.312631754255382,3.2498011250210603
2013-03-08 23:00:00,14.3,67,0.0,5.9,128,-4.64926344627966,3.6324027044213847
2013-03-09 00:00:00,13.9,69,0.0,5.4,127,-4.312631754255382,3.2498011250210603
2013-03-09 01:00:00,13.7,70,0.0,4.7,122,-3.9858260519352022,2.490620541896063
2013-03-09 02:00:00,13.1,74,0.0,4.0,117,-3.564026096753471,1.8159619989581874
2013-03-09 03:00:00,12.5,79,0.0,3.4,108,-3.233592155403522,1.0506577808748214
2013-03-09 04:00:00,12.4,80,0.0,3.3,103,-3.215421213791276,0.7423384793347552
2013-03-09 05:00:00,11.4,85,0.0,3.7,101,-3.632020578756357,0.7059932828932164
2013-03-09 06:00:00,11.0,87,0.0,4.3,95,-4.283637201794505,0.3747696938149302
2013-03-09 07:00:00,12.0,88,0.0,6.2,97,-6.153786140176196,0.7555899291119148
2013-03-09 08:00:00,16.8,87,0.0,4.3,95,-4.283637201794505,0.3747696938149302
2013-03-09 09:00:00,20.5,68,0.0,2.0,315,1.4142135623730951,-1.414213562373095
2013-03-09 10:00:00,21.8,71,0.0,5.8,270,5.8,0.0
2013-03-09 11:00:00,22.2,71,0.0,9.0,270,9.0,0.0
2013-03-09 12:00:00,23.1,69,0.0,9.0,265,8.96575228282571,0.7844016847289235
2013-03-09 13:00:00,24.0,67,0.0,10.1,264,10.04467114321956,1.0557374790033
2013-03-09 14:00:00,24.3,65,0.0,11.5,266,11.471986577987979,0.802199448057441
2013-03-09 15:00:00,23.9,67,0.0,10.8,266,10.773691742806102,0.7533699164365533
2013-03-09 16:00:00,23.3,68,0.0,10.1,264,10.04467114321956,1.0557374790033
2013-03-09 17:00:00,22.4,70,0.0,9.4,268,9.394273773979501,0.3280552690035091
2013-03-09 18:00:00,21.0,75,0.0,6.0,287,5.737828535778212,-1.7542302283364206
2013-03-09 19:00:00,19.4,86,0.1,4.6,288,4.3748599749577055,-1.421478174124758
2013-03-09 20:00:00,18.2,89,0.1,2.2,270,2.2,0.0
2013-03-09 21:00:00,17.6,90,0.0,2.1,239,1.800051331474436,1.0815799573111138
2013-03-09 22:00:00,17.6,90,0.0,2.3,219,1.447436899414626,1.7874357113510329
2013-03-09 23:00:00,17.7,88,0.0,2.3,198,0.7107390870623791,2.1874299874788528
2013-03-10 00:00:00,17.9,87,0.0,2.2,189,0.34415582308850806,2.1729143493093033
2013-03-10 01:00:00,17.6,87,0.0,2.3,198,0.7107390870623791,2.1874299874788528
2013-03-10 02:00:00,16.9,88,0.0,2.2,189,0.34415582308850806,2.1729143493093033
2013-03-10 03:00:00,18.8,81,0.0,1.8,191,0.34345619167778085,1.7669289302057951
2013-03-10 04:00:00,18.3,82,0.0,1.1,198,0.3399186938124422,1.0461621679246689
2013-03-10 05:00:00,16.1,87,0.0,0.5,135,-0.35355339059327373,0.3535533905932738
2013-03-10 06:00:00,14.2,89,0.0,2.2,90,-2.2,2.6942229581241775e-16
2013-03-10 07:00:00,14.2,89,0.0,3.2,90,-3.2,3.9188697572715305e-16
2013-03-10 08:00:00,18.3,88,0.0,3.1,54,-2.5079526825623377,-1.8221342821066664
2013-03-10 09:00:00,22.1,68,0.0,3.6,315,2.5455844122715714,-2.545584412271571
2013-03-10 10:00:00,23.2,64,0.0,6.2,291,5.788198644282651,-2.2218812871808615
2013-03-10 11:00:00,24.2,61,0.0,8.0,280,7.878462024097664,-1.3891854213354426
2013-03-10 12:00:00,24.8,59,0.0,8.9,284,8.635631963856369,-2.153104870837043
2013-03-10 13:00:00,25.0,59,0.0,9.7,292,8.993683389297837,-3.6336839561343464
2013-03-10 14:00:00,24.9,59,0.0,10.0,300,8.660254037844387,-4.999999999999999
2013-03-10 15:00:00,24.4,63,0.0,11.2,310,8.579697762932554,-7.199221228489239
2013-03-10 16:00:00,23.4,66,0.0,11.9,325,6.8255595925774495,-9.747909327039002
2013-03-10 17:00:00,22.2,69,0.0,11.2,339,4.013721034907364,-10.45610077676866
2013-03-10 18:00:00,20.6,75,0.0,8.7,343,2.5436338310878095,-8.319851376878407
2013-03-10 19:00:00,19.2,81,0.0,9.4,4,-0.6557108531947805,-9.377102072442348
2013-03-10 20:00:00,17.7,89,0.0,8.8,12,-1.8296228791962863,-8.60769888645749
2013-03-10 21:00:00,17.1,89,0.0,7.0,21,-2.508575646817105,-6.535062985480412
2013-03-10 22:00:00,17.3,89,0.0,5.0,30,-2.500000000000002,-4.330127018922192
2013-03-10 23:00:00,16.8,91,0.0,3.7,29,-1.7937955949114464,-3.2360929164157652
2013-03-11 00:00:00,16.7,92,0.0,4.0,27,-1.8159619989581877,-3.564026096753471
2013-03-11 01:00:00,16.4,92,0.0,4.5,29,-2.1816432911085157,-3.935788682127282
2013-03-11 02:00:00,16.3,92,0.0,5.3,28,-2.488199282765221,-4.679622242152313
2013-03-11 03:00:00,16.4,91,0.0,6.0,25,-2.5357095704441948,-5.4378467222199
2013-03-11 04:00:00,16.3,91,0.0,6.1,28,-2.8637765329939335,-5.385980316439454
2013-03-11 05:00:00,16.2,91,0.0,5.7,35,-3.2693856872009643,-4.669166652447252
2013-03-11 06:00:00,16.1,91,0.0,4.6,39,-2.894873798829254,-3.5748714227020644
2013-03-11 07:00:00,16.2,89,0.0,4.4,9,-0.6883116461770166,-4.345828698618606
2013-03-11 08:00:00,17.8,85,0.0,7.6,355,0.6623836448822018,-7.571079705497266
2013-03-11 09:00:00,19.9,77,0.0,10.2,342,3.151973342624464,-9.700776466210565
2013-03-11 10:00:00,21.6,71,0.0,11.2,339,4.013721034907364,-10.45610077676866
2013-03-11 11:00:00,23.0,65,0.0,11.8,337,4.61062731617343,-10.861957270738797
2013-03-11 12:00:00,23.9,62,0.0,12.7,335,5.367251924106883,-11.510108895365454
2013-03-11 13:00:00,24.3,60,0.0,13.8,332,6.478707566445294,-12.184676781453192
2013-03-11 14:00:00,24.3,60,0.0,14.3,335,6.043441142892003,-12.960201354624095
2013-03-11 15:00:00,23.2,62,0.0,13.1,339,4.694620139043435,-12.229903587113343
2013-03-11 16:00:00,22.7,62,0.0,12.2,341,3.971931484377312,-11.535326622311663
2013-03-11 17:00:00,21.7,65,0.0,10.0,339,3.583679495453004,-9.335804264972017
2013-03-11 18:00:00,20.2,69,0.0,8.2,337,3.203995253612044,-7.54813979831001
2013-03-11 19:00:00,18.8,75,0.0,6.5,6,-0.6794350112397468,-6.464392319893777
2013-03-11 20:00:00,18.4,75,0.0,3.6,37,-2.166534083347374,-2.875087836170254
2013-03-11 21:00:00,18.0,75,0.0,2.6,34,-1.453901549023941,-2.1554976886431088
2013-03-11 22:00:00,17.7,76,0.0,2.1,31,-1.0815799573111144,-1.8000513314744355
2013-03-11 23:00:00,17.2,78,0.0,2.0,45,-1.4142135623730954,-1.414213562373095
2013-03-12 00:00:00,17.0,78,0.0,1.8,53,-1.437543918085127,-1.0832670416736871
2013-03-12 01:00:00,16.8,78,0.0,1.8,37,-1.083267041673687,-1.437543918085127
2013-03-12 02:00:00,16.6,78,0.0,2.6,34,-1.453901549023941,-2.1554976886431088
2013-03-12 03:00:00,16.7,76,0.0,3.6,45,-2.545584412271572,-2.545584412271571
2013-03-12 04:00:00,16.6,75,0.0,4.1,52,-3.23084408978756,-2.5242120488351985
2013-03-12 05:00:00,16.5,74,0.0,4.4,55,-3.604268994871564,-2.5237363199446032
2013-03-12 06:00:00,16.4,73,0.0,5.4,53,-4.312631754255381,-3.2498011250210617
2013-03-12 07:00:00,15.7,75,0.0,4.2,31,-2.163159914622229,-3.600102662948871
2013-03-12 08:00:00,18.0,82,0.0,5.6,15,-1.4493866525741155,-5.4091846272187825
2013-03-12 09:00:00,21.3,65,0.0,7.2,342,2.224922359499622,-6.8476069173251055
2013-03-12 10:00:00,22.8,62,0.0,7.6,329,3.9142893693164114,-6.5144714853360535
2013-03-12 11:00:00,23.9,61,0.0,8.0,324,4.702282018339785,-6.47213595499958
2013-03-12 12:00:00,24.7,60,0.0,7.9,317,5.387787044493738,-5.777694242791447
2013-03-12 13:00:00,25.0,60,0.0,8.5,306,6.876644452187053,-4.996174644486022
2013-03-12 14:00:00,24.9,61,0.0,9.2,301,7.8859391664594325,-4.738350289172498
2013-03-12 15:00:00,24.9,61,0.0,8.4,301,7.200205325897744,-4.326319829244455
2013-03-12 16:00:00,24.0,64,0.0,8.5,306,6.876644452187053,-4.996174644486022
2013-03-12 17:00:00,22.7,68,0.0,7.1,315,5.020458146424487,-5.020458146424486
2013-03-12 18:00:00,21.4,72,0.0,5.9,322,3.6324027044213842,-4.64926344627966
2013-03-12 19:00:00,20.3,77,0.0,3.0,14,-0.7257656867990033,-2.9108871788279895
2013-03-12 20:00:00,19.8,78,0.0,2.9,60,-2.5114736709748717,-1.4500000000000002
2013-03-12 21:00:00,19.3,79,0.0,2.6,74,-2.499280409439629,-0.7166571251241974
2013-03-12 22:00:00,18.8,79,0.0,2.5,90,-2.5,3.061616997868383e-16
2013-03-12 23:00:00,17.7,80,0.0,2.2,81,-2.1729143493093033,-0.3441558230885076
2013-03-13 00:00:00,16.7,82,0.0,1.3,56,-1.0777488443215544,-0.7269507745119708
2013-03-13 01:00:00,16.4,81,0.0,1.5,76,-1.4554435894139948,-0.3628828433995013
2013-03-13 02:00:00,16.8,78,0.0,1.3,34,-0.7269507745119705,-1.0777488443215544
2013-03-13 03:00:00,14.5,83,0.0,1.8,53,-1.437543918085127,-1.0832670416736871
2013-03-13 04:00:00,14.7,82,0.0,2.4,63,-2.138415658052083,-1.089577199374912
2013-03-13 05:00:00,14.8,82,0.0,3.1,69,-2.8940993221413254,-1.1109406435904314
2013-03-13 06:00:00,14.5,83,0.1,4.2,70,-3.9467090073008158,-1.4364846019678084
2013-03-13 07:00:00,14.9,85,0.0,3.4,58,-2.8833635269318485,-1.8017254983928963
2013-03-13 08:00:00,19.5,80,0.0,2.8,50,-2.1449244407331385,-1.7998053071223097
2013-03-13 09:00:00,23.7,56,0.0,2.6,326,1.4539015490239418,-2.1554976886431088
2013-03-13 10:00:00,25.0,55,0.0,5.5,281,5.3989495089621515,-1.0494494745709964
2013-03-13 11:00:00,25.9,56,0.0,7.3,281,7.165878439167947,-1.392905666248777
2013-03-13 12:00:00,26.4,58,0.0,9.6,283,9.353952621938259,-2.159530121701104
2013-03-13 13:00:00,26.1,62,0.2,10.2,288,9.700776466210565,-3.1519733426244634
2013-03-13 14:00:00,26.2,62,0.0,9.3,298,8.211412613588022,-4.366085533908785
2013-03-13 15:00:00,24.3,74,0.5,7.3,303,6.122295146001595,-3.9758649556096977
2013-03-13 16:00:00,24.0,75,0.7000000000000001,7.4,299,6.472185832831529,-3.5875911898228945
2013-03-13 17:00:00,23.1,78,0.8,5.0,300,4.330127018922194,-2.4999999999999996
2013-03-13 18:00:00,22.5,80,0.0,3.8,49,-2.867896404846534,-2.4930243101639267
2013-03-13 19:00:00,21.7,83,0.0,7.4,61,-6.47218583283153,-3.5875911898228936
2013-03-13 20:00:00,20.8,86,0.0,6.5,71,-6.145870741395559,-2.116193003971519
2013-03-13 21:00:00,19.8,89,0.0,4.0,63,-3.5640260967534716,-1.8159619989581868
2013-03-13 22:00:00,19.3,89,0.0,7.6,355,0.6623836448822018,-7.571079705497266
2013-03-13 23:00:00,18.2,92,0.0,11.2,358,0.3908743630680121,-11.193177262613872
2013-03-14 00:00:00,16.9,95,0.0,9.8,8,-1.363896389408645,-9.704627073667389
2013-03-14 01:00:00,15.7,96,0.0,10.1,6,-1.055737479003299,-10.044671143219562
2013-03-14 02:00:00,15.3,94,0.0,10.7,12,-2.2246550917500296,-10.46617932785172
2013-03-14 03:00:00,15.9,89,0.0,9.2,21,-3.296985135816766,-8.588939923774255
2013-03-14 04:00:00,16.2,85,0.0,7.4,23,-2.8914103508206264,-6.811735915548058
2013-03-14 05:00:00,16.4,84,0.1,6.4,27,-2.9055391983331003,-5.702441754805554
2013-03-14 06:00:00,16.7,81,0.0,7.2,27,-3.268731598124738,-6.415246974156248
2013-03-14 07:00:00,17.0,79,0.0,6.1,3,-0.31924933308196024,-6.0916401620029
2013-03-14 08:00:00,18.5,75,0.0,8.2,345,2.12231616984067,-7.92059177557036
2013-03-14 09:00:00,20.0,70,0.0,9.9,341,3.223124729125852,-9.360633898433235
2013-03-14 10:00:00,21.3,65,0.0,11.8,337,4.61062731617343,-10.861957270738797
2013-03-14 11:00:00,21.9,62,0.0,12.7,335,5.367251924106883,-11.510108895365454
2013-03-14 12:00:00,22.8,59,0.0,12.9,337,5.040431557511631,-11.874512609536481
2013-03-14 13:00:00,22.9,58,0.0,13.2,334,5.786499137615822,-11.864081411149003
2013-03-14 14:00:00,22.7,58,0.0,12.4,330,6.200000000000002,-10.73871500692704
2013-03-14 15:00:00,21.8,59,0.0,12.4,330,6.200000000000002,-10.73871500692704
2013-03-14 16:00:00,21.2,61,0.4,11.8,333,5.357087896926653,-10.51387698542274
2013-03-14 17:00:00,20.3,63,0.1,9.0,331,4.363286582217034,-7.871577364254562
2013-03-14 18:00:00,19.1,66,0.0,6.0,327,3.2678342100901627,-5.032023407672544
2013-03-14 19:00:00,18.0,69,0.2,4.8,333,2.1791543987498248,-4.276831316104166
2013-03-14 20:00:00,17.1,79,0.2,3.2,333,1.45276959916655,-2.851220877402777
2013-03-14 21:00:00,16.5,79,0.2,3.3,319,2.1649947956686737,-2.4905416147351476
2013-03-14 22:00:00,16.4,76,0.3,3.9,338,1.4609657143220567,-3.616017032810471
2013-03-14 23:00:00,16.2,78,0.3,3.3,354,0.3449439287832564,-3.2819222547153015
2013-03-15 00:00:00,16.2,79,0.3,3.1,339,1.1109406435904312,-2.8940993221413254
2013-03-15 01:00:00,15.7,82,0.3,3.4,342,1.0506577808748212,-3.233592155403522
2013-03-15 02:00:00,15.4,84,0.3,5.5,349,1.049449474570997,-5.3989495089621515
2013-03-15 03:00:00,15.8,80,0.6,5.8,353,0.7068421917498554,-5.756767679519667
2013-03-15 04:00:00,15.4,82,0.6,5.1,8,-0.7097828148963357,-5.050367150582008
2013-03-15 05:00:00,14.6,88,0.5,5.4,360,3.3065463576978537e-16,-5.4
2013-03-15 06:00:00,14.3,90,0.4,5.8,4,-0.40458754771592836,-5.78587149150698
2013-03-15 07:00:00,15.0,89,0.4,5.4,360,3.3065463576978537e-16,-5.4
2013-03-15 08:00:00,16.2,83,0.3,4.3,360,2.632990618166809e-16,-4.3
2013-03-15 09:00:00,17.3,82,0.4,5.8,330,2.9000000000000004,-5.0229473419497435
2013-03-15 10:00:00,17.9,83,0.5,8.4,329,4.326319829244455,-7.200205325897744
2013-03-15 11:00:00,18.6,81,0.2,9.9,341,3.223124729125852,-9.360633898433235
2013-03-15 12:00:00,19.7,75,0.7000000000000001,9.0,337,3.5165801564034633,-8.284543681071963
2013-03-15 13:00:00,20.9,70,0.0,9.3,332,4.366085533908786,-8.21141261358802
2013-03-15 14:00:00,21.4,70,0.0,9.6,326,5.368251873319169,-7.9587606965284
2013-03-15 15:00:00,21.7,69,0.0,8.3,326,4.641301098807199,-6.881011852206847
2013-03-15 16:00:00,21.1,69,0.1,8.9,320,5.7208097262102005,-6.817795543758905
2013-03-15 17:00:00,20.1,72,0.0,9.2,321,5.789747597658504,-7.149742845404131
2013-03-15 18:00:00,18.5,77,0.0,7.1,319,4.658019105832602,-5.358438019581681
2013-03-15 19:00:00,17.1,83,0.0,6.3,329,3.244739871933341,-5.400153994423308
2013-03-15 20:00:00,15.8,91,0.0,5.4,4,-0.37668495821827813,-5.386845871403051
2013-03-15 21:00:00,15.9,88,0.0,3.8,17,-1.111012477946401,-3.633958072659534
2013-03-15 22:00:00,15.4,90,0.0,2.6,34,-1.453901549023941,-2.1554976886431088
2013-03-15 23:00:00,15.4,90,0.0,2.8,50,-2.1449244407331385,-1.7998053071223097
2013-03-16 00:00:00,15.7,89,0.0,3.1,54,-2.5079526825623377,-1.8221342821066664
2013-03-16 01:00:00,15.7,87,0.0,3.6,53,-2.875087836170254,-2.1665340833473743
2013-03-16 02:00:00,15.8,85,0.0,4.1,52,-3.23084408978756,-2.5242120488351985
2013-03-16 03:00:00,15.8,86,0.0,4.6,45,-3.2526911934581193,-3.252691193458118
2013-03-16 04:00:00,15.6,86,0.0,4.6,45,-3.2526911934581193,-3.252691193458118
2013-03-16 05:00:00,15.6,86,0.0,4.6,51,-3.5748714227020653,-2.894873798829253
2013-03-16 06:00:00,15.5,84,0.0,3.6,45,-2.545584412271572,-2.545584412271571
2013-03-16 07:00:00,15.8,82,0.0,3.1,21,-1.1109406435904323,-2.894099322141325
2013-03-16 08:00:00,17.8,82,0.0,3.6,360,2.2043642384652358e-16,-3.6
2013-03-16 09:00:00,20.4,70,0.0,5.6,320,3.5996106142446203,-4.289848881466277
2013-03-16 10:00:00,21.7,67,0.0,6.8,302,5.766727053863696,-3.603450996785793
2013-03-16 11:00:00,23.1,63,0.0,8.9,291,8.308865795825096,-3.1894747509531727
2013-03-16 12:00:00,23.8,62,0.0,10.2,293,9.389149505214892,-3.9854575105905923
2013-03-16 13:00:00,24.0,63,0.0,10.8,300,9.353074360871938,-5.3999999999999995
2013-03-16 14:00:00,23.6,65,0.0,10.5,308,8.27411291287058,-6.464445490919412
2013-03-16 15:00:00,23.0,68,0.0,10.9,316,7.57177623800307,-7.840803823691297
2013-03-16 16:00:00,22.1,71,0.0,10.0,322,6.156614753256583,-7.88010753606722
2013-03-16 17:00:00,21.2,75,0.0,8.1,328,4.29234604028896,-6.86918957886705
2013-03-16 18:00:00,20.0,80,0.0,7.2,323,4.333068166694749,-5.750175672340508
2013-03-16 19:00:00,18.3,90,0.0,6.9,354,0.7212463965468089,-6.862201078041086
2013-03-16 20:00:00,18.0,87,0.0,5.5,32,-2.9145559532826275,-4.664264528860342
2013-03-16 21:00:00,17.4,87,0.0,3.7,61,-3.236092916415765,-1.7937955949114468
2013-03-16 22:00:00,16.7,86,0.0,3.1,54,-2.5079526825623377,-1.8221342821066664
2013-03-16 23:00:00,15.6,87,0.0,2.3,51,-1.7874357113510326,-1.4474368994146265
2013-03-17 00:00:00,15.0,86,0.0,2.1,59,-1.800051331474436,-1.0815799573111138
2013-03-17 01:00:00,14.6,85,0.0,2.4,63,-2.138415658052083,-1.089577199374912
2013-03-17 02:00:00,14.8,82,0.0,2.9,60,-2.5114736709748717,-1.4500000000000002
2013-03-17 03:00:00,15.2,79,0.0,3.1,45,-2.192031021678298,-2.192031021678297
2013-03-17 04:00:00,14.6,80,0.0,3.3,49,-2.490541614735148,-2.1649947956686733
2013-03-17 05:00:00,13.6,83,0.0,3.1,54,-2.5079526825623377,-1.8221342821066664
2013-03-17 06:00:00,12.6,86,0.0,3.1,69,-2.8940993221413254,-1.1109406435904314
2013-03-17 07:00:00,13.5,86,0.0,2.5,45,-1.7677669529663693,-1.7677669529663687
2013-03-17 08:00:00,18.5,79,0.0,2.3,18,-0.7107390870623793,-2.1874299874788528
2013-03-17 09:00:00,21.3,66,0.0,3.9,326,2.1808523235359125,-3.233246532964663
2013-03-17 10:00:00,22.6,65,0.0,4.8,297,4.276831316104166,-2.1791543987498243
2013-03-17 11:00:00,23.7,64,0.0,6.1,267,6.0916401620029,0.31924933308195735
2013-03-17 12:00:00,24.6,62,0.0,9.2,249,8.588939923774255,3.296985135816762
2013-03-17 13:00:00,25.1,62,0.0,11.3,243,10.068373723328557,5.130092647056879
2013-03-17 14:00:00,25.1,62,0.0,11.8,239,10.114574148284927,6.077449283938639
2013-03-17 15:00:00,25.2,62,0.0,11.3,239,9.68599049793387,5.8199302464836125
2013-03-17 16:00:00,24.2,66,0.0,9.5,245,8.609923976848174,4.014873486536644
2013-03-17 17:00:00,23.5,70,0.0,7.1,255,6.858073366652385,1.8376152202278973
2013-03-17 18:00:00,22.2,76,0.0,7.2,252,6.8476069173251055,2.2249223594996215
2013-03-17 19:00:00,20.4,88,0.0,5.6,243,4.98963653545486,2.5423467985414616
2013-03-17 20:00:00,20.3,85,0.0,3.7,191,0.7059932828932162,3.632020578756357
2013-03-17 21:00:00,19.8,86,0.0,4.3,156,-1.748967565225941,3.9282454678631837
2013-03-17 22:00:00,19.2,86,0.0,6.3,156,-2.5624408513775414,5.755336383148386
2013-03-17 23:00:00,17.2,89,0.0,6.8,162,-2.101315561749642,6.467184310807045
2013-03-18 00:00:00,16.4,89,0.0,6.7,164,-1.8467702839738938,6.440453362786736
2013-03-18 01:00:00,15.9,88,0.0,6.2,159,-2.2218812871808615,5.788198644282651
2013-03-18 02:00:00,16.4,85,0.2,5.8,176,-0.4045875477159269,5.78587149150698
2013-03-18 03:00:00,18.6,84,0.4,5.6,195,1.4493866525741161,5.4091846272187825
2013-03-18 04:00:00,19.3,84,0.9,5.8,176,-0.4045875477159269,5.78587149150698
2013-03-18 05:00:00,19.3,84,0.9,6.2,159,-2.2218812871808615,5.788198644282651
2013-03-18 06:00:00,19.1,83,0.8,7.1,165,-1.837615220227898,6.858073366652385
2013-03-18 07:00:00,19.1,83,0.5,5.7,162,-1.7613968679371999,5.421022142882376
2013-03-18 08:00:00,19.2,90,0.3,6.0,155,-2.535709570444196,5.4378467222199
2013-03-18 09:00:00,22.4,76,0.0,6.7,196,1.8467702839738944,6.440453362786736
2013-03-18 10:00:00,23.7,72,0.0,7.9,227,5.777694242791447,5.387787044493738
2013-03-18 11:00:00,25.0,67,0.0,9.4,238,7.9716521038704045,4.981241083792126
2013-03-18 12:00:00,25.4,65,0.0,10.4,236,8.621990754572433,5.815606196095768
2013-03-18 13:00:00,24.8,67,0.1,11.3,243,10.068373723328557,5.130092647056879
2013-03-18 14:00:00,24.2,72,0.2,10.1,243,8.999165894302516,4.585304047369422
2013-03-18 15:00:00,24.4,71,0.2,9.4,238,7.9716521038704045,4.981241083792126
2013-03-18 16:00:00,24.1,74,0.0,9.2,244,8.268905225952336,4.033014550459511
2013-03-18 17:00:00,23.4,78,0.0,7.0,235,5.7340643100229425,4.015035054457322
2013-03-18 18:00:00,22.0,84,0.0,5.3,242,4.679622242152313,2.4881992827652213
2013-03-18 19:00:00,20.8,91,0.0,5.3,208,2.4881992827652213,4.679622242152313
2013-03-18 20:00:00,19.5,94,0.0,4.3,180,2.632990618166809e-16,4.3
2013-03-18 21:00:00,19.0,92,0.0,4.8,167,-1.079765060850552,4.676976310969129
2013-03-18 22:00:00,18.3,92,0.0,6.4,164,-1.764079077228794,6.1520748540052415
2013-03-18 23:00:00,18.4,90,0.0,6.5,161,-2.116193003971518,6.1458707413955596
2013-03-19 00:00:00,19.8,87,0.0,4.9,163,-1.4326213531414098,4.685893304218874
2013-03-19 01:00:00,19.5,87,0.0,4.8,167,-1.079765060850552,4.676976310969129
2013-03-19 02:00:00,18.8,87,0.0,3.7,169,-0.7059932828932158,3.632020578756357
2013-03-19 03:00:00,19.5,84,0.0,3.1,159,-1.1109406435904308,2.8940993221413254
2013-03-19 04:00:00,18.8,85,0.0,3.6,135,-2.545584412271571,2.5455844122715714
2013-03-19 05:00:00,17.7,86,0.0,4.5,119,-3.935788682127281,2.181643291108517
2013-03-19 06:00:00,18.3,82,0.0,4.2,121,-3.6001026629488715,2.1631599146222285
2013-03-19 07:00:00,18.0,84,0.0,3.6,127,-2.8750878361702545,2.1665340833473734
2013-03-19 08:00:00,21.3,81,0.0,4.3,204,1.7489675652259409,3.9282454678631837
2013-03-19 09:00:00,23.5,75,0.0,7.6,225,5.374011537017761,5.37401153701776
2013-03-19 10:00:00,24.9,70,0.0,9.9,226,7.121464023352647,6.877117867544073
2013-03-19 11:00:00,26.1,65,0.0,12.5,224,8.683229630737465,8.991747504233139
2013-03-19 12:00:00,27.0,62,0.0,14.3,227,10.458357933154138,9.752576548893728
2013-03-19 13:00:00,27.2,61,0.1,14.3,227,10.458357933154138,9.752576548893728
2013-03-19 14:00:00,27.0,60,0.0,13.0,222,8.698697882665158,9.660882731206126
2013-03-19 15:00:00,26.5,65,0.0,12.0,219,7.55184469259805,9.32575153748365
2013-03-19 16:00:00,26.1,67,0.0,11.1,216,6.524416300446451,8.980088637561916
2013-03-19 17:00:00,25.5,71,0.0,9.8,208,4.600821315301731,8.652886410017484
2013-03-19 18:00:00,24.4,75,0.0,8.9,212,4.716281451675524,7.547628055792192
2013-03-19 19:00:00,22.6,84,0.0,8.2,195,2.12231616984067,7.92059177557036
2013-03-19 20:00:00,21.3,88,0.0,6.1,177,-0.3192493330819574,6.0916401620029
2013-03-19 21:00:00,22.1,83,0.0,4.0,170,-0.6945927106677212,3.939231012048832
2013-03-19 22:00:00,21.7,84,0.0,4.5,151,-2.1816432911085166,3.9357886821272814
2013-03-19 23:00:00,21.0,84,0.0,3.5,156,-1.423578250765301,3.197409101749103
2013-03-20 00:00:00,19.5,86,0.0,4.2,160,-1.4364846019678086,3.9467090073008158
2013-03-20 01:00:00,19.7,83,0.0,5.0,159,-1.7918397477265013,4.667902132486009
2013-03-20 02:00:00,20.5,79,0.0,6.3,156,-2.5624408513775414,5.755336383148386
2013-03-20 03:00:00,16.0,88,0.0,6.8,155,-2.8738041798367555,6.16289295184922
2013-03-20 04:00:00,15.8,86,0.0,5.8,158,-2.17271824181229,5.377666356487367
2013-03-20 05:00:00,15.7,84,0.0,4.6,162,-1.4214781741247577,4.374859974957706
2013-03-20 06:00:00,15.8,81,0.0,5.1,135,-3.606244584051392,3.6062445840513924
2013-03-20 07:00:00,17.5,77,0.0,3.2,153,-1.4527695991665495,2.8512208774027776
2013-03-20 08:00:00,21.9,73,0.0,4.0,180,2.4492935982947064e-16,4.0
2013-03-20 09:00:00,24.9,54,0.0,7.9,227,5.777694242791447,5.387787044493738
2013-03-20 10:00:00,25.3,59,0.0,9.6,236,7.958760696528399,5.36825187331917
2013-03-20 11:00:00,25.8,61,0.0,10.8,244,9.706975700031006,4.734408385322037
2013-03-20 12:00:00,26.3,60,0.0,10.5,254,10.093247807352348,2.8941922360784913
2013-03-20 13:00:00,26.5,60,0.0,10.4,270,10.4,0.0
2013-03-20 14:00:00,26.5,61,0.0,9.8,278,9.70462707366739,-1.3638963894086413
2013-03-20 15:00:00,25.7,66,0.0,4.7,279,4.6421352007971475,-0.7352419856890852
2013-03-20 16:00:00,25.7,64,0.0,2.4,243,2.138415658052083,1.0895771993749122
2013-03-20 17:00:00,25.8,63,0.0,2.1,239,1.800051331474436,1.0815799573111138
2013-03-20 18:00:00,24.5,75,0.0,2.8,220,1.7998053071223101,2.1449244407331385
2013-03-20 19:00:00,23.9,68,0.0,1.3,146,-0.7269507745119708,1.0777488443215544
2013-03-20 20:00:00,23.1,70,0.0,1.1,360,6.735557395310444e-17,-1.1
2013-03-20 21:00:00,20.0,82,0.0,4.6,18,-1.4214781741247586,-4.3748599749577055
2013-03-20 22:00:00,19.3,87,0.0,7.4,23,-2.8914103508206264,-6.811735915548058
2013-03-20 23:00:00,20.2,86,0.0,7.5,17,-2.192787785420528,-7.172285669722765
2013-03-21 00:00:00,19.6,88,0.0,4.0,27,-1.8159619989581877,-3.564026096753471
2013-03-21 01:00:00,19.1,90,0.0,4.8,13,-1.0797650608505531,-4.6769763109691285
2013-03-21 02:00:00,18.4,93,0.0,4.0,10,-0.6945927106677213,-3.939231012048832
2013-03-21 03:00:00,18.5,92,0.0,4.0,355,0.34862297099063255,-3.984778792366982
2013-03-21 04:00:00,18.1,92,0.0,3.3,6,-0.3449439287832561,-3.281922254715302
2013-03-21 05:00:00,17.8,91,0.0,2.3,18,-0.7107390870623793,-2.1874299874788528
2013-03-21 06:00:00,17.7,90,0.0,2.0,45,-1.4142135623730954,-1.414213562373095
2013-03-21 07:00:00,18.1,88,0.0,2.9,360,1.7757378587636622e-16,-2.9
2013-03-21 08:00:00,19.7,84,0.0,4.9,324,2.8801477362331185,-3.9641832724372428
2013-03-21 09:00:00,21.2,79,0.0,7.9,313,5.777694242791447,-5.387787044493738
2013-03-21 10:00:00,22.5,74,0.0,8.1,315,5.727564927611035,-5.727564927611034
2013-03-21 11:00:00,23.7,69,0.0,8.5,306,6.876644452187053,-4.996174644486022
2013-03-21 12:00:00,24.3,66,0.0,9.3,298,8.211412613588022,-4.366085533908785
2013-03-21 13:00:00,24.8,64,0.0,10.8,300,9.353074360871938,-5.3999999999999995
2013-03-21 14:00:00,24.9,64,0.0,11.5,319,7.544678833390834,-8.679160172561879
2013-03-21 15:00:00,23.3,68,0.0,9.5,331,4.605691392340202,-8.30888721782426
2013-03-21 16:00:00,23.4,68,0.0,8.9,333,4.040515447681967,-7.929958065276474
2013-03-21 17:00:00,22.6,69,0.0,10.0,330,5.000000000000001,-8.660254037844386
2013-03-21 18:00:00,21.1,74,0.0,8.1,347,1.8221035401853058,-7.892397524760405
2013-03-21 19:00:00,20.0,78,0.0,8.0,8,-1.1133848076805266,-7.922144549932562
2013-03-21 20:00:00,19.3,85,0.0,6.3,24,-2.5624408513775405,-5.755336383148386
2013-03-21 21:00:00,19.3,80,0.0,3.9,34,-2.1808523235359116,-3.233246532964663
2013-03-21 22:00:00,19.2,80,0.0,2.3,39,-1.447436899414627,-1.7874357113510322
2013-03-21 23:00:00,18.9,81,0.0,2.1,31,-1.0815799573111144,-1.8000513314744355
2013-03-22 00:00:00,18.7,82,0.0,1.5,14,-0.36288284339950166,-1.4554435894139948
2013-03-22 01:00:00,18.3,83,0.0,1.8,349,0.34345619167778085,-1.7669289302057951
2013-03-22 02:00:00,18.0,85,0.0,1.5,14,-0.36288284339950166,-1.4554435894139948
2013-03-22 03:00:00,18.2,84,0.0,1.8,53,-1.437543918085127,-1.0832670416736871
2013-03-22 04:00:00,17.9,85,0.0,3.1,45,-2.192031021678298,-2.192031021678297
2013-03-22 05:00:00,17.8,84,0.0,3.9,56,-3.233246532964663,-2.180852323535912
2013-03-22 06:00:00,17.2,84,0.0,4.9,54,-3.964183272437243,-2.880147736233118
2013-03-22 07:00:00,16.9,85,0.0,4.1,38,-2.524212048835198,-3.2308440897875603
2013-03-22 08:00:00,20.9,75,0.0,3.9,22,-1.460965714322058,-3.6160170328104706
2013-03-22 09:00:00,23.6,64,0.0,3.5,336,1.4235782507653008,-3.197409101749103
2013-03-22 10:00:00,25.3,59,0.0,4.3,312,3.195522749552795,-2.8772616073430903
2013-03-22 11:00:00,25.9,59,0.0,6.0,295,5.437846722219899,-2.5357095704441965
2013-03-22 12:00:00,27.0,57,0.0,7.6,289,7.185941174554808,-2.474317973874391
2013-03-22 13:00:00,27.2,58,0.0,9.0,286,8.65135526344487,-2.4807362023529924
2013-03-22 14:00:00,27.0,60,0.0,9.3,286,8.939733772226367,-2.5634274090980926
2013-03-22 15:00:00,26.7,63,0.0,8.6,292,7.973781149274371,-3.221616703376843
2013-03-22 16:00:00,26.2,65,0.0,7.4,293,6.811735915548059,-2.891410350820626
2013-03-22 17:00:00,25.0,70,0.0,6.2,291,5.788198644282651,-2.2218812871808615
2013-03-22 18:00:00,23.7,75,0.0,5.8,300,5.022947341949744,-2.8999999999999995
2013-03-22 19:00:00,22.2,83,0.0,2.8,320,1.7998053071223101,-2.1449244407331385
2013-03-22 20:00:00,21.7,84,0.0,1.0,45,-0.7071067811865477,-0.7071067811865475
2013-03-22 21:00:00,21.1,85,0.0,1.3,124,-1.0777488443215542,0.726950774511971
2013-03-22 22:00:00,20.6,85,0.0,2.4,153,-1.089577199374912,2.138415658052083
2013-03-22 23:00:00,19.8,85,0.0,3.3,167,-0.7423384793347546,3.2154212137912763
2013-03-23 00:00:00,19.0,84,0.0,1.8,180,1.1021821192326179e-16,1.8
2013-03-23 01:00:00,18.6,83,0.0,0.4,270,0.4,0.0
2013-03-23 02:00:00,17.6,84,0.0,1.1,18,-0.33991869381244233,-1.0461621679246689
2013-03-23 03:00:00,17.3,79,0.0,1.8,37,-1.083267041673687,-1.437543918085127
2013-03-23 04:00:00,16.1,81,0.0,2.6,56,-2.1554976886431088,-1.4539015490239415
2013-03-23 05:00:00,15.1,84,0.0,3.0,76,-2.9108871788279895,-0.7257656867990026
2013-03-23 06:00:00,14.1,86,0.0,4.3,90,-4.3,5.265981236333618e-16
2013-03-23 07:00:00,15.4,85,0.0,3.8,107,-3.633958072659535,1.111012477946399
2013-03-23 08:00:00,22.0,73,0.0,1.8,127,-1.4375439180851273,1.0832670416736867
2013-03-23 09:00:00,25.5,51,0.0,4.0,260,3.939231012048832,0.6945927106677213
2013-03-23 10:00:00,26.4,53,0.0,6.8,270,6.8,0.0
2013-03-23 11:00:00,27.2,55,0.0,7.6,270,7.6,0.0
2013-03-23 12:00:00,27.8,56,0.0,9.0,268,8.994517443171862,0.31409547032250873
2013-03-23 13:00:00,28.2,58,0.0,10.4,268,10.393664600998596,0.3629547657060101
2013-03-23 14:00:00,28.1,61,0.0,9.0,265,8.96575228282571,0.7844016847289235
2013-03-23 15:00:00,27.4,64,0.0,8.6,272,8.594761112364223,-0.30013567164150834
2013-03-23 16:00:00,26.7,67,0.0,7.2,276,7.160557646651568,-0.7526049355271051
2013-03-23 17:00:00,25.6,72,0.0,5.4,266,5.386845871403051,0.37668495821827663
2013-03-23 18:00:00,24.3,78,0.0,3.2,297,2.8512208774027776,-1.4527695991665497
2013-03-23 19:00:00,23.1,84,0.0,1.4,90,-1.4,1.7145055188062944e-16
2013-03-23 20:00:00,21.9,86,0.0,2.0,135,-1.414213562373095,1.4142135623730951
2013-03-23 21:00:00,22.1,84,0.0,2.6,146,-1.4539015490239415,2.1554976886431088
2013-03-23 22:00:00,22.1,82,0.0,2.6,146,-1.4539015490239415,2.1554976886431088
2013-03-23 23:00:00,21.4,82,0.0,1.4,360,8.572527594031472e-17,-1.4
2013-03-24 00:00:00,20.8,82,0.0,3.9,56,-3.233246532964663,-2.180852323535912
2013-03-24 01:00:00,20.9,80,0.0,5.1,94,-5.087576656325103,0.35575801609504015
2013-03-24 02:00:00,21.1,78,0.0,2.0,135,-1.414213562373095,1.4142135623730951
2013-03-24 03:00:00,17.0,87,0.0,2.3,162,-0.7107390870623789,2.187429987478853
2013-03-24 04:00:00,17.4,82,0.0,1.6,153,-0.7263847995832747,1.4256104387013888
2013-03-24 05:00:00,19.6,70,0.0,3.6,143,-2.1665340833473743,2.8750878361702537
2013-03-24 06:00:00,21.1,61,0.0,1.5,104,-1.4554435894139948,0.3628828433995016
2013-03-24 07:00:00,21.5,60,0.0,2.5,8,-0.3479327524001646,-2.475670171853926
2013-03-24 08:00:00,21.9,73,0.0,5.1,352,0.7097828148963339,-5.050367150582009
2013-03-24 09:00:00,24.9,53,0.0,2.7,337,1.0549740469210391,-2.485363104321589
2013-03-24 10:00:00,26.1,51,0.0,6.6,257,6.430842427582553,1.484676958669509
2013-03-24 11:00:00,27.0,50,0.0,12.2,268,12.192568089632967,0.4257738597705118
2013-03-24 12:00:00,27.0,51,0.0,11.5,290,10.806465139037947,-3.93323164824519
2013-03-24 13:00:00,27.0,48,0.2,6.4,297,5.702441754805555,-2.9055391983330994
2013-03-24 14:00:00,27.8,41,0.0,3.6,276,3.580278823325784,-0.37630246776355253
2013-03-24 15:00:00,24.8,68,0.0,1.8,259,1.7669289302057951,0.34345619167778063
2013-03-24 16:00:00,25.8,58,0.0,4.4,125,-3.6042689948715645,2.5237363199446023
2013-03-24 17:00:00,26.1,52,0.0,3.4,162,-1.050657780874821,3.2335921554035223
2013-03-24 18:00:00,25.3,57,0.0,4.2,250,3.9467090073008158,1.4364846019678086
2013-03-24 19:00:00,24.2,53,0.0,1.5,315,1.0606601717798214,-1.0606601717798212
2013-03-24 20:00:00,21.0,71,0.3,2.6,34,-1.453901549023941,-2.1554976886431088
2013-03-24 21:00:00,19.3,79,0.2,2.6,56,-2.1554976886431088,-1.4539015490239415
2013-03-24 22:00:00,18.7,84,0.0,2.5,45,-1.7677669529663693,-1.7677669529663687
2013-03-24 23:00:00,18.3,87,0.0,3.1,36,-1.822134282106667,-2.507952682562337
2013-03-25 00:00:00,18.8,79,0.0,4.6,39,-2.894873798829254,-3.5748714227020644
2013-03-25 01:00:00,19.6,72,0.0,5.8,30,-2.9000000000000026,-5.022947341949743
2013-03-25 02:00:00,18.0,78,0.0,6.6,29,-3.199743493625823,-5.772490067120013
2013-03-25 03:00:00,17.8,70,0.0,7.1,30,-3.550000000000003,-6.148780366869512
2013-03-25 04:00:00,16.8,76,0.0,7.5,35,-4.301823272632848,-6.143640332167437
2013-03-25 05:00:00,17.6,73,0.0,6.7,36,-3.938161190359571,-5.420413862312147
2013-03-25 06:00:00,17.8,72,0.0,6.0,33,-3.267834210090162,-5.032023407672544
2013-03-25 07:00:00,18.2,71,0.0,5.9,11,-1.1257730727216133,-5.791600382341218
2013-03-25 08:00:00,20.0,67,0.0,8.6,2,-0.3001356716415065,-8.594761112364223
2013-03-25 09:00:00,22.0,60,0.0,9.1,353,1.1090110249868421,-9.032169979936029
2013-03-25 10:00:00,23.8,54,0.0,9.2,339,3.2969851358167634,-8.588939923774255
2013-03-25 11:00:00,25.1,51,0.0,8.9,320,5.7208097262102005,-6.817795543758905
2013-03-25 12:00:00,25.7,50,0.0,11.1,306,8.980088637561916,-6.524416300446451
2013-03-25 13:00:00,25.8,50,0.0,11.5,302,9.7525531057989,-6.094071538681856
2013-03-25 14:00:00,25.6,51,0.0,11.7,304,9.699739598893986,-6.542556970607738
2013-03-25 15:00:00,25.0,53,0.0,11.8,308,9.29852689255932,-7.2648054088427685
2013-03-25 16:00:00,24.0,55,0.0,11.2,315,7.919595949289333,-7.919595949289331
2013-03-25 17:00:00,22.6,59,0.0,9.0,323,5.4163352083684355,-7.187719590425635
2013-03-25 18:00:00,21.2,63,0.0,6.2,324,3.6442685642133337,-5.0159053651246746
2013-03-25 19:00:00,20.0,69,0.0,5.6,315,3.9597979746446663,-3.9597979746446654
2013-03-25 20:00:00,18.5,80,0.0,4.6,315,3.2526911934581184,-3.252691193458118
2013-03-25 21:00:00,17.6,84,0.1,3.1,339,1.1109406435904312,-2.8940993221413254
2013-03-25 22:00:00,17.9,82,0.2,3.4,328,1.8017254983928965,-2.883363526931848
2013-03-25 23:00:00,18.0,82,0.2,3.5,336,1.4235782507653008,-3.197409101749103
2013-03-26 00:00:00,18.3,82,0.0,1.6,27,-0.7263847995832751,-1.4256104387013886
2013-03-26 01:00:00,17.9,84,0.3,1.5,45,-1.0606601717798214,-1.0606601717798212
2013-03-26 02:00:00,17.8,85,0.0,1.8,11,-0.3434561916777803,-1.7669289302057951
2013-03-26 03:00:00,18.1,84,0.1,2.1,31,-1.0815799573111144,-1.8000513314744355
2013-03-26 04:00:00,18.2,83,0.1,2.4,63,-2.138415658052083,-1.089577199374912
2013-03-26 05:00:00,18.1,83,0.0,2.7,67,-2.485363104321589,-1.0549740469210387
2013-03-26 06:00:00,18.1,83,0.0,2.7,67,-2.485363104321589,-1.0549740469210387
2013-03-26 07:00:00,18.4,82,0.0,2.4,63,-2.138415658052083,-1.089577199374912
2013-03-26 08:00:00,20.9,73,0.0,1.6,117,-1.4256104387013886,0.7263847995832751
2013-03-26 09:00:00,23.3,65,0.0,3.2,243,2.8512208774027776,1.4527695991665497
2013-03-26 10:00:00,24.6,63,0.0,7.9,273,7.889173324561134,-0.4134540543192563
2013-03-26 11:00:00,24.9,64,0.0,9.4,270,9.4,0.0
2013-03-26 12:00:00,25.0,64,0.2,10.3,258,10.0749202875582,2.1414904154229215
2013-03-26 13:00:00,25.0,65,0.1,10.7,256,10.382164271153162,2.5885642829164444
2013-03-26 14:00:00,25.0,66,0.2,10.1,264,10.04467114321956,1.0557374790033
2013-03-26 15:00:00,24.3,69,0.2,9.8,287,9.371786608437748,-2.8652427062828205
2013-03-26 16:00:00,23.1,73,0.0,9.4,313,6.874724795220202,-6.410784584587486
2013-03-26 17:00:00,21.5,78,0.0,10.6,332,4.976398565530443,-9.359244484304625
2013-03-26 18:00:00,19.7,84,0.0,9.5,351,1.4861274178821937,-9.38303923565381
2013-03-26 19:00:00,18.8,87,0.0,10.1,6,-1.055737479003299,-10.044671143219562
2013-03-26 20:00:00,18.2,89,0.0,10.9,9,-1.7051356689385184,-10.765802912487
2013-03-26 21:00:00,17.3,92,0.0,11.4,11,-2.1752225472926088,-11.19054989130337
2013-03-26 22:00:00,16.5,94,0.0,10.9,17,-3.1868515814778346,-10.423721839997086
2013-03-26 23:00:00,16.3,94,0.0,9.2,39,-5.789747597658508,-7.149742845404129
2013-03-27 00:00:00,17.2,88,0.0,6.9,62,-6.092338390726596,-3.239353783222647
2013-03-27 01:00:00,16.6,89,0.0,4.5,76,-4.366330768241984,-1.0886485301985038
2013-03-27 02:00:00,16.1,90,0.0,4.0,80,-3.939231012048832,-0.6945927106677219
2013-03-27 03:00:00,16.9,82,0.0,3.7,61,-3.236092916415765,-1.7937955949114468
2013-03-27 04:00:00,19.2,71,0.3,3.2,27,-1.4527695991665501,-2.851220877402777
2013-03-27 05:00:00,19.3,72,1.3,1.5,14,-0.36288284339950166,-1.4554435894139948
2013-03-27 06:00:00,17.1,84,1.7000000000000002,3.3,13,-0.7423384793347553,-3.215421213791276
2013-03-27 07:00:00,16.8,92,1.8,6.9,28,-3.239353783222646,-6.092338390726597
2013-03-27 08:00:00,18.7,86,1.1,7.8,22,-2.921931428644116,-7.232034065620941
2013-03-27 09:00:00,20.1,83,1.0,7.0,348,1.4553818357243162,-6.847033205136639
2013-03-27 10:00:00,21.4,81,0.9,8.9,333,4.040515447681967,-7.929958065276474
2013-03-27 11:00:00,22.5,78,0.2,9.4,328,4.981241083792126,-7.9716521038704045
2013-03-27 12:00:00,23.5,73,0.0,10.0,330,5.000000000000001,-8.660254037844386
2013-03-27 13:00:00,24.6,67,0.1,10.0,330,5.000000000000001,-8.660254037844386
2013-03-27 14:00:00,24.8,66,0.0,10.4,326,5.815606196095767,-8.621990754572435
2013-03-27 15:00:00,24.6,66,0.0,10.6,332,4.976398565530443,-9.359244484304625
2013-03-27 16:00:00,23.8,68,0.1,10.5,338,3.9333692308670756,-9.735430472951268
2013-03-27 17:00:00,22.7,72,0.1,9.1,342,2.8120546488120217,-8.654614298285896
2013-03-27 18:00:00,21.5,76,0.0,6.6,347,1.4846769586695083,-6.430842427582553
2013-03-27 19:00:00,20.6,80,0.0,8.0,10,-1.3891854213354426,-7.878462024097664
2013-03-27 20:00:00,19.9,86,0.0,6.3,24,-2.5624408513775405,-5.755336383148386
2013-03-27 21:00:00,19.6,84,0.0,5.9,43,-4.023790324368742,-4.314986839553106
2013-03-27 22:00:00,18.9,86,0.0,3.1,36,-1.822134282106667,-2.507952682562337
2013-03-27 23:00:00,19.2,85,0.0,2.7,23,-1.0549740469210394,-2.4853631043215887
2013-03-28 00:00:00,18.9,85,0.0,2.6,34,-1.453901549023941,-2.1554976886431088
2013-03-28 01:00:00,18.6,86,0.0,2.3,39,-1.447436899414627,-1.7874357113510322
2013-03-28 02:00:00,18.2,86,0.0,2.6,34,-1.453901549023941,-2.1554976886431088
2013-03-28 03:00:00,18.7,83,0.0,3.6,45,-2.545584412271572,-2.545584412271571
2013-03-28 04:00:00,17.8,84,0.0,4.0,63,-3.5640260967534716,-1.8159619989581868
2013-03-28 05:00:00,17.0,85,0.0,3.3,84,-3.2819222547153015,-0.3449439287832565
2013-03-28 06:00:00,17.0,84,0.0,2.9,90,-2.9,3.5514757175273243e-16
2013-03-28 07:00:00,19.0,77,0.0,1.9,22,-0.7117525274902333,-1.7616493236768958
2013-03-28 08:00:00,21.7,68,0.0,3.8,343,1.1110124779463997,-3.6339580726595346
2013-03-28 09:00:00,23.4,64,0.0,5.2,326,2.9078030980478835,-4.3109953772862175
2013-03-28 10:00:00,24.6,61,0.0,6.0,303,5.032023407672544,-3.2678342100901627
2013-03-28 11:00:00,25.5,61,0.0,8.1,291,7.5620014546273335,-2.902780391316932
2013-03-28 12:00:00,25.9,61,0.2,8.2,285,7.92059177557036,-2.12231616984067
2013-03-28 13:00:00,26.2,61,0.3,7.9,294,7.217009115376547,-3.2132194802988217
2013-03-28 14:00:00,26.2,62,0.7000000000000001,7.1,285,6.858073366652385,-1.8376152202278973
2013-03-28 15:00:00,25.0,66,0.2,7.2,297,6.415246974156249,-3.2687315981247367
2013-03-28 16:00:00,24.7,67,0.0,8.2,299,7.171881598543044,-3.9754388860199636
2013-03-28 17:00:00,23.0,73,0.0,10.5,319,6.888619804400326,-7.924450592339106
2013-03-28 18:00:00,21.2,81,0.0,9.3,332,4.366085533908786,-8.21141261358802
2013-03-28 19:00:00,20.2,86,0.0,7.4,337,2.8914103508206255,-6.811735915548059
2013-03-28 20:00:00,19.7,89,0.0,6.9,354,0.7212463965468089,-6.862201078041086
2013-03-28 21:00:00,18.6,95,0.0,6.2,353,0.7555899291119145,-6.153786140176196
2013-03-28 22:00:00,18.2,95,0.0,4.7,360,2.8779199779962803e-16,-4.7
2013-03-28 23:00:00,17.8,95,0.0,5.7,35,-3.2693856872009643,-4.669166652447252
2013-03-29 00:00:00,17.6,94,0.0,5.5,32,-2.9145559532826275,-4.664264528860342
2013-03-29 01:00:00,18.7,90,0.0,5.9,38,-3.632402704421383,-4.649263446279661
2013-03-29 02:00:00,18.6,89,0.0,7.1,75,-6.858073366652385,-1.8376152202278975
2013-03-29 03:00:00,18.6,90,1.7000000000000002,6.1,90,-6.1,7.470345474798854e-16
2013-03-29 04:00:00,17.0,93,1.7000000000000002,6.1,130,-4.672871103025765,3.9210044190878905
2013-03-29 05:00:00,17.0,92,1.2,5.4,138,-3.6133052743378347,4.012982057577929
2013-03-29 06:00:00,17.0,92,1.2,2.7,113,-2.485363104321589,1.0549740469210394
2013-03-29 07:00:00,19.3,85,0.3,2.3,342,0.7107390870623791,-2.1874299874788528
2013-03-29 08:00:00,20.2,87,0.0,4.1,315,2.899137802864845,-2.8991378028648445
2013-03-29 09:00:00,21.4,82,0.0,5.2,326,2.9078030980478835,-4.3109953772862175
2013-03-29 10:00:00,22.9,75,0.0,4.3,318,2.8772616073430903,-3.195522749552795
2013-03-29 11:00:00,24.3,68,0.0,5.5,302,4.664264528860342,-2.914555953282627
2013-03-29 12:00:00,25.2,64,0.0,6.8,267,6.790680836331102,0.3558845024520181
2013-03-29 13:00:00,25.0,65,0.9,7.6,278,7.5260373224359345,-1.0577155672964973
2013-03-29 14:00:00,23.0,76,0.5,9.5,299,8.30888721782426,-4.605691392340202
2013-03-29 15:00:00,24.4,67,0.0,10.1,325,5.793122007145566,-8.273435647318816
2013-03-29 16:00:00,23.5,71,0.0,11.4,336,4.636797731064123,-10.41441821712565
2013-03-29 17:00:00,21.8,77,0.0,11.5,340,3.9332316482451914,-10.806465139037945
2013-03-29 18:00:00,19.9,84,0.0,8.7,336,3.5386087947594613,-7.947845481490627
2013-03-29 19:00:00,18.7,90,0.0,7.7,349,1.4692292643993958,-7.558529312547013
2013-03-29 20:00:00,18.0,94,0.0,7.2,3,-0.376818884949199,-7.190132650232932
2013-03-29 21:00:00,18.0,91,0.0,7.3,11,-1.3929056662487755,-7.165878439167947
2013-03-29 22:00:00,18.2,90,0.0,6.7,36,-3.938161190359571,-5.420413862312147
2013-03-29 23:00:00,18.0,90,0.0,5.6,27,-2.5423467985414625,-4.989636535454859
2013-03-30 00:00:00,18.0,89,0.0,4.8,27,-2.179154398749825,-4.276831316104166
2013-03-30 01:00:00,18.1,88,0.0,3.7,29,-1.7937955949114464,-3.2360929164157652
2013-03-30 02:00:00,18.2,86,0.0,4.2,31,-2.163159914622229,-3.600102662948871
2013-03-30 03:00:00,18.5,83,0.0,3.9,22,-1.460965714322058,-3.6160170328104706
2013-03-30 04:00:00,18.3,84,0.0,3.5,24,-1.4235782507653003,-3.1974091017491033
2013-03-30 05:00:00,18.4,82,0.0,3.8,49,-2.867896404846534,-2.4930243101639267
2013-03-30 06:00:00,18.5,80,0.0,2.6,56,-2.1554976886431088,-1.4539015490239415
2013-03-30 07:00:00,19.3,78,0.0,2.1,31,-1.0815799573111144,-1.8000513314744355
2013-03-30 08:00:00,21.2,70,0.0,2.3,321,1.447436899414626,-1.7874357113510329
2013-03-30 09:00:00,22.7,67,0.0,6.5,289,6.1458707413955596,-2.1161930039715187
2013-03-30 10:00:00,24.0,64,0.0,8.3,288,7.893769085249775,-2.5648410533120636
2013-03-30 11:00:00,24.7,63,0.0,6.1,273,6.0916401620029,-0.31924933308195735
2013-03-30 12:00:00,25.4,61,0.6,7.6,267,7.589584464134761,0.3977532674463731
2013-03-30 13:00:00,24.7,64,0.0,8.0,278,7.922144549932563,-1.1133848076805235
2013-03-30 14:00:00,25.3,63,0.2,8.9,302,7.547628055792192,-4.716281451675524
2013-03-30 15:00:00,23.4,71,0.0,8.5,324,4.996174644486022,-6.876644452187053
2013-03-30 16:00:00,23.5,70,0.0,9.4,342,2.904759747124506,-8.939931253174443
2013-03-30 17:00:00,22.8,72,0.0,7.6,352,1.0577155672964975,-7.5260373224359345
2013-03-30 18:00:00,22.2,74,0.0,6.3,347,1.4171916423663489,-6.1385314081469815
2013-03-30 19:00:00,21.1,81,0.0,8.1,347,1.8221035401853058,-7.892397524760405
2013-03-30 20:00:00,20.1,88,0.0,9.5,351,1.4861274178821937,-9.38303923565381
2013-03-30 21:00:00,19.5,91,0.0,7.9,16,-2.1775351109542913,-7.593967397912721
2013-03-30 22:00:00,20.0,86,0.0,7.6,19,-2.4743179738743906,-7.185941174554808
2013-03-30 23:00:00,19.8,87,0.0,6.6,9,-1.0324674692655247,-6.5187430479279085
2013-03-31 00:00:00,19.6,88,0.0,8.8,9,-1.3766232923540331,-8.691657397237211
2013-03-31 01:00:00,19.4,89,0.0,8.3,18,-2.564841053312065,-7.893769085249775
2013-03-31 02:00:00,18.8,91,0.0,8.7,17,-2.5436338310878126,-8.319851376878407
2013-03-31 03:00:00,17.3,96,0.6,8.0,27,-3.6319239979163753,-7.128052193506942
2013-03-31 04:00:00,17.5,95,1.3,5.9,52,-4.64926344627966,-3.6324027044213834
2013-03-31 05:00:00,18.4,91,1.1,4.1,75,-3.96029588778518,-1.0611580849203353
2013-03-31 06:00:00,19.3,86,0.3,2.3,39,-1.447436899414627,-1.7874357113510322
2013-03-31 07:00:00,18.9,90,0.0,4.7,360,2.8779199779962803e-16,-4.7
2013-03-31 08:00:00,20.1,86,0.0,6.4,16,-1.7640790772287929,-6.152074854005242
2013-03-31 09:00:00,20.6,86,0.1,7.2,360,4.4087284769304716e-16,-7.2
2013-03-31 10:00:00,21.4,86,0.3,6.9,351,1.0793978087775935,-6.815049550106451
2013-03-31 11:00:00,22.1,82,0.4,7.3,340,2.4967470462773824,-6.8597561317371305
2013-03-31 12:00:00,22.7,78,0.4,7.3,327,3.9758649556096977,-6.122295146001595
2013-03-31 13:00:00,23.7,74,0.2,9.1,326,5.088655421583796,-7.5442419102508795
2013-03-31 14:00:00,23.3,74,0.0,10.1,325,5.793122007145566,-8.273435647318816
2013-03-31 15:00:00,24.6,66,0.0,10.2,328,5.40517649517869,-8.650090580795544
2013-03-31 16:00:00,23.8,68,0.0,10.8,330,5.400000000000001,-9.353074360871938
2013-03-31 17:00:00,22.7,72,0.0,8.9,333,4.040515447681967,-7.929958065276474
2013-03-31 18:00:00,21.6,77,0.0,5.5,328,2.914555953282627,-4.664264528860342
2013-03-31 19:00:00,20.7,81,0.0,5.2,326,2.9078030980478835,-4.3109953772862175
2013-03-31 20:00:00,20.1,86,0.0,5.2,348,1.0811407922523493,-5.086367523815789
2013-03-31 21:00:00,19.9,86,0.0,2.9,360,1.7757378587636622e-16,-2.9
2013-03-31 22:00:00,18.8,91,0.0,1.8,360,1.1021821192326179e-16,-1.8
2013-03-31 23:00:00,18.4,92,0.0,2.3,18,-0.7107390870623793,-2.1874299874788528
2013-04-01 00:00:00,16.8,97,0.0,2.4,63,-2.138415658052083,-1.089577199374912
2013-04-01 01:00:00,16.8,97,0.0,1.5,14,-0.36288284339950166,-1.4554435894139948
2013-04-01 02:00:00,16.8,95,0.0,1.4,360,8.572527594031472e-17,-1.4
2013-04-01 03:00:00,18.2,91,0.5,2.2,360,1.3471114790620887e-16,-2.2
2013-04-01 04:00:00,18.0,93,0.8,2.2,360,1.3471114790620887e-16,-2.2
2013-04-01 05:00:00,18.7,90,0.9,1.8,360,1.1021821192326179e-16,-1.8
2013-04-01 06:00:00,18.6,92,0.5,3.4,18,-1.0506577808748216,-3.233592155403522
2013-04-01 07:00:00,18.8,93,1.8,5.3,28,-2.488199282765221,-4.679622242152313
2013-04-01 08:00:00,19.5,91,3.0,5.8,4,-0.40458754771592836,-5.78587149150698
2013-04-01 09:00:00,20.5,89,2.6,6.1,360,3.735172737399427e-16,-6.1
2013-04-01 10:00:00,21.4,86,1.7000000000000002,6.3,347,1.4171916423663489,-6.1385314081469815
2013-04-01 11:00:00,22.0,84,1.4,7.3,327,3.9758649556096977,-6.122295146001595
2013-04-01 12:00:00,22.1,85,2.0,8.2,322,5.048424097670398,-6.46168817957512
2013-04-01 13:00:00,21.6,89,3.0,8.5,332,3.9905082836800725,-7.505054539300878
2013-04-01 14:00:00,21.6,91,3.2,7.2,333,3.268731598124737,-6.415246974156248
2013-04-01 15:00:00,24.0,75,0.2,6.5,341,2.116193003971519,-6.145870741395559
2013-04-01 16:00:00,24.2,75,0.0,6.6,331,3.199743493625825,-5.772490067120011
2013-04-01 17:00:00,23.1,79,0.0,8.2,322,5.048424097670398,-6.46168817957512
2013-04-01 18:00:00,22.1,84,0.0,4.3,336,1.7489675652259409,-3.9282454678631837
2013-04-01 19:00:00,21.1,90,0.2,4.0,355,0.34862297099063255,-3.984778792366982
2013-04-01 20:00:00,20.5,93,0.5,1.9,338,0.7117525274902327,-1.761649323676896
2013-04-01 21:00:00,20.4,93,0.5,2.0,45,-1.4142135623730954,-1.414213562373095
2013-04-01 22:00:00,19.8,95,0.3,3.2,27,-1.4527695991665501,-2.851220877402777
2013-04-01 23:00:00,18.1,99,0.2,4.1,38,-2.524212048835198,-3.2308440897875603
2013-04-02 00:00:00,17.3,99,0.2,4.2,59,-3.600102662948872,-2.1631599146222276
2013-04-02 01:00:00,17.6,98,0.0,4.2,70,-3.9467090073008158,-1.4364846019678084
2013-04-02 02:00:00,17.4,96,0.2,4.2,70,-3.9467090073008158,-1.4364846019678084
2013-04-02 03:00:00,17.5,93,0.5,3.9,68,-3.616017032810471,-1.460965714322057
2013-04-02 04:00:00,17.0,94,0.6,3.1,54,-2.5079526825623377,-1.8221342821066664
2013-04-02 05:00:00,18.1,88,0.5,2.8,40,-1.7998053071223103,-2.144924440733138
2013-04-02 06:00:00,17.9,89,0.4,5.6,50,-4.289848881466277,-3.5996106142446194
2013-04-02 07:00:00,19.3,87,0.3,4.3,42,-2.87726160734309,-3.195522749552796
2013-04-02 08:00:00,21.2,82,0.0,4.8,13,-1.0797650608505531,-4.6769763109691285
2013-04-02 09:00:00,22.8,76,0.0,6.8,342,2.1013155617496424,-6.467184310807044
2013-04-02 10:00:00,23.9,74,0.0,10.6,332,4.976398565530443,-9.359244484304625
2013-04-02 11:00:00,24.6,72,0.0,12.3,339,4.407925779407195,-11.483039245915583
2013-04-02 12:00:00,25.0,72,0.1,13.6,343,3.97625518422922,-13.005744681097282
2013-04-02 13:00:00,25.0,73,0.2,13.6,343,3.97625518422922,-13.005744681097282
2013-04-02 14:00:00,24.8,74,0.0,13.5,344,3.7211043035294886,-12.977032895167305
2013-04-02 15:00:00,25.4,68,0.0,12.1,343,3.5376976271451146,-11.571287547152728
2013-04-02 16:00:00,24.4,71,0.0,11.0,341,3.5812496990287244,-10.400704331592484
2013-04-02 17:00:00,23.5,74,0.0,10.2,337,3.985457510590592,-9.389149505214892
2013-04-02 18:00:00,22.1,78,0.0,8.1,347,1.8221035401853058,-7.892397524760405
2013-04-02 19:00:00,21.0,87,0.0,6.5,354,0.6794350112397475,-6.4643923198937765
2013-04-02 20:00:00,21.0,81,0.0,1.5,346,0.3628828433995015,-1.4554435894139948
2013-04-02 21:00:00,20.5,83,0.0,0.4,360,2.4492935982947065e-17,-0.4
2013-04-02 22:00:00,19.4,88,0.0,1.1,252,1.0461621679246689,0.33991869381244216
2013-04-02 23:00:00,18.4,92,0.0,3.4,238,2.883363526931848,1.8017254983928965
2013-04-03 00:00:00,18.1,94,1.3,2.1,211,1.0815799573111138,1.800051331474436
2013-04-03 01:00:00,18.4,94,2.1,3.3,264,3.2819222547153015,0.3449439287832564
2013-04-03 02:00:00,19.0,92,2.3,3.3,311,2.4905416147351476,-2.1649947956686737
2013-04-03 03:00:00,18.2,97,3.6,1.5,346,0.3628828433995015,-1.4554435894139948
2013-04-03 04:00:00,18.0,98,1.6,1.1,270,1.1,0.0
2013-04-03 05:00:00,18.0,98,1.6,4.3,294,3.9282454678631837,-1.7489675652259409
2013-04-03 06:00:00,17.8,98,1.0,3.6,315,2.5455844122715714,-2.545584412271571
2013-04-03 07:00:00,18.1,98,1.2,3.8,17,-1.111012477946401,-3.633958072659534
2013-04-03 08:00:00,18.6,98,1.2,2.5,360,1.5308084989341916e-16,-2.5
2013-04-03 09:00:00,19.5,94,1.2,2.4,297,2.138415658052083,-1.0895771993749122
2013-04-03 10:00:00,19.8,95,0.8,5.7,288,5.421022142882375,-1.7613968679372003
2013-04-03 11:00:00,20.9,90,0.8,7.1,294,6.486172749262466,-2.8878301658381815
2013-04-03 12:00:00,21.3,88,0.6,6.7,286,6.440453362786736,-1.8467702839738944
2013-04-03 13:00:00,21.3,88,0.4,6.6,279,6.518743047927909,-1.0324674692655236
2013-04-03 14:00:00,21.7,84,0.5,7.9,294,7.217009115376547,-3.2132194802988217
2013-04-03 15:00:00,22.0,82,1.0,7.2,307,5.750175672340508,-4.333068166694748
2013-04-03 16:00:00,22.3,80,0.2,6.4,322,3.9402334420842133,-5.043268823083022
2013-04-03 17:00:00,21.8,82,0.0,7.5,325,4.301823272632846,-6.143640332167439
2013-04-03 18:00:00,21.1,85,0.0,6.4,333,2.9055391983331,-5.702441754805554
2013-04-03 19:00:00,20.1,93,0.0,7.1,336,2.8878301658381815,-6.486172749262466
2013-04-03 20:00:00,19.8,92,0.2,3.7,29,-1.7937955949114464,-3.2360929164157652
2013-04-03 21:00:00,19.8,91,0.0,3.1,315,2.1920310216782974,-2.192031021678297
2013-04-03 22:00:00,19.3,94,0.5,3.6,323,2.1665340833473743,-2.875087836170254
2013-04-03 23:00:00,18.9,96,0.7000000000000001,3.0,14,-0.7257656867990033,-2.9108871788279895
2013-04-04 00:00:00,18.8,96,0.6,3.1,21,-1.1109406435904323,-2.894099322141325
2013-04-04 01:00:00,18.4,97,0.7000000000000001,3.6,323,2.1665340833473743,-2.875087836170254
2013-04-04 02:00:00,18.5,97,0.6,1.9,338,0.7117525274902327,-1.761649323676896
2013-04-04 03:00:00,18.4,96,0.7000000000000001,2.1,59,-1.800051331474436,-1.0815799573111138
2013-04-04 04:00:00,17.9,96,0.5,2.8,40,-1.7998053071223103,-2.144924440733138
2013-04-04 05:00:00,18.0,95,0.4,3.1,36,-1.822134282106667,-2.507952682562337
2013-04-04 06:00:00,18.7,93,0.5,2.6,34,-1.453901549023941,-2.1554976886431088
2013-04-04 07:00:00,19.1,92,0.4,1.6,27,-0.7263847995832751,-1.4256104387013886
2013-04-04 08:00:00,20.1,91,0.2,5.8,330,2.9000000000000004,-5.0229473419497435
2013-04-04 09:00:00,20.5,91,0.0,6.3,336,2.5624408513775414,-5.755336383148386
2013-04-04 10:00:00,22.2,82,0.0,6.5,326,3.634753872559854,-5.388744221607771
2013-04-04 11:00:00,23.7,76,0.0,6.4,317,4.36478950439999,-4.6806636903626915
2013-04-04 12:00:00,24.5,73,0.0,6.2,291,5.788198644282651,-2.2218812871808615
2013-04-04 13:00:00,24.2,75,0.2,6.8,288,6.467184310807044,-2.1013155617496424
2013-04-04 14:00:00,24.0,76,0.0,6.1,298,5.385980316439454,-2.8637765329939335
2013-04-04 15:00:00,23.8,76,0.3,2.7,293,2.485363104321589,-1.0549740469210394
2013-04-04 16:00:00,23.2,79,0.6,3.3,311,2.4905416147351476,-2.1649947956686737
2013-04-04 17:00:00,22.8,81,0.0,3.3,319,2.1649947956686737,-2.4905416147351476
2013-04-04 18:00:00,22.5,82,0.0,3.4,328,1.8017254983928965,-2.883363526931848
2013-04-04 19:00:00,21.9,85,0.0,2.8,320,1.7998053071223101,-2.1449244407331385
2013-04-04 20:00:00,21.3,88,0.0,0.8,243,0.7128052193506944,0.3631923997916374
2013-04-04 21:00:00,20.7,91,0.0,1.6,117,-1.4256104387013886,0.7263847995832751
2013-04-04 22:00:00,19.1,96,0.0,1.9,112,-1.7616493236768958,0.7117525274902332
2013-04-04 23:00:00,17.6,99,0.0,4.3,114,-3.9282454678631833,1.7489675652259418
2013-04-05 00:00:00,17.3,98,0.0,2.1,121,-1.8000513314744357,1.0815799573111142
2013-04-05 01:00:00,17.1,95,0.0,1.4,90,-1.4,1.7145055188062944e-16
2013-04-05 02:00:00,18.0,92,0.5,1.8,79,-1.7669289302057951,-0.3434561916777805
2013-04-05 03:00:00,20.6,81,1.5,2.5,135,-1.7677669529663687,1.7677669529663689
2013-04-05 04:00:00,21.0,80,1.6,2.7,157,-1.0549740469210394,2.4853631043215887
2013-04-05 05:00:00,21.0,81,1.6,3.8,163,-1.1110124779463992,3.633958072659535
2013-04-05 06:00:00,21.0,80,1.2,2.6,146,-1.4539015490239415,2.1554976886431088
2013-04-05 07:00:00,21.3,80,1.0,1.8,270,1.8,0.0
2013-04-05 08:00:00,22.6,80,0.8,3.9,214,2.1808523235359125,3.233246532964663
2013-04-05 09:00:00,23.5,80,0.4,7.7,191,1.4692292643993958,7.558529312547013
2013-04-05 10:00:00,25.0,76,0.1,9.4,198,2.904759747124506,8.939931253174443
2013-04-05 11:00:00,26.4,70,0.0,11.8,203,4.61062731617343,10.861957270738797
2013-04-05 12:00:00,27.5,63,0.0,10.6,208,4.976398565530443,9.359244484304625
2013-04-05 13:00:00,26.8,64,0.0,12.5,198,3.862712429686843,11.888206453689419
2013-04-05 14:00:00,25.7,69,0.4,10.4,200,3.557009490586956,9.772803256173447
2013-04-05 15:00:00,24.1,81,0.5,8.4,227,6.143371093601032,5.728786224524987
2013-04-05 16:00:00,23.7,85,0.7000000000000001,6.5,199,2.116193003971519,6.145870741395559
2013-04-05 17:00:00,23.1,88,0.6,5.8,180,3.5514757175273243e-16,5.8
2013-04-05 18:00:00,22.8,88,0.1,9.6,167,-2.159530121701104,9.353952621938259
2013-04-05 19:00:00,22.6,82,0.0,14.8,167,-3.3292756042892027,14.420676958821483
2013-04-05 20:00:00,22.4,74,0.0,16.4,165,-4.244632339681342,15.84118355114072
2013-04-05 21:00:00,22.8,71,0.1,14.5,161,-4.720738239628771,13.710019346190094
2013-04-05 22:00:00,22.5,75,1.0,14.3,162,-4.418943019561747,13.600108183020698
2013-04-05 23:00:00,21.6,83,1.2,15.3,161,-4.981192763194497,14.466434206669549
2013-04-06 00:00:00,21.5,85,1.3,14.4,158,-5.394334945189134,13.351447505761739
2013-04-06 01:00:00,21.4,85,1.7000000000000002,14.0,157,-5.470235798849833,12.887067948334163
2013-04-06 02:00:00,21.4,86,3.3,10.2,157,-3.9854575105905923,9.38914950521489
2013-04-06 03:00:00,20.5,91,18.4,7.8,214,4.361704647071825,6.466493065929326
2013-04-06 04:00:00,20.5,91,12.9,7.3,200,2.4967470462773824,6.8597561317371305
2013-04-06 05:00:00,20.4,92,3.5,8.0,162,-2.4721359549995787,7.608452130361229
2013-04-06 06:00:00,20.6,93,1.0,4.0,175,-0.34862297099063294,3.984778792366982
2013-04-06 07:00:00,20.8,94,0.1,3.9,214,2.1808523235359125,3.233246532964663
2013-04-06 08:00:00,22.1,91,0.0,2.7,203,1.0549740469210391,2.485363104321589
2013-04-06 09:00:00,22.4,90,0.0,3.6,217,2.1665340833473743,2.875087836170254
2013-04-06 10:00:00,22.7,90,0.0,5.1,274,5.087576656325103,-0.35575801609503904
2013-04-06 11:00:00,22.2,92,0.5,5.7,288,5.421022142882375,-1.7613968679372003
2013-04-06 12:00:00,22.2,92,1.0,4.9,287,4.685893304218874,-1.4326213531414103
2013-04-06 13:00:00,22.1,91,0.7000000000000001,9.5,307,7.587037345449282,-5.717242719944458
2013-04-06 14:00:00,21.1,91,0.5,10.3,331,4.993539088537273,-9.008582983535776
2013-04-06 15:00:00,20.1,93,0.5,12.4,352,1.7257464519048118,-12.279324052395474
2013-04-06 16:00:00,19.4,97,0.3,12.8,350,2.2226966741367096,-12.605539238556263
2013-04-06 17:00:00,18.5,93,0.1,12.6,357,0.659433048661094,-12.58273213790763
2013-04-06 18:00:00,17.7,95,0.0,11.2,2,-0.3908743630680085,-11.193177262613872
2013-04-06 19:00:00,17.2,95,0.2,11.2,358,0.3908743630680121,-11.193177262613872
2013-04-06 20:00:00,16.5,95,0.2,13.7,355,1.1940336756429164,-13.647867363856914
2013-04-06 21:00:00,15.9,94,0.2,15.1,3,-0.790272939268459,-15.079305974794064
2013-04-06 22:00:00,15.5,92,0.1,14.1,4,-0.9835662797921707,-14.06565310866352
2013-04-06 23:00:00,15.1,90,0.0,13.0,5,-1.1330246557195571,-12.950531075192693
2013-04-07 00:00:00,14.9,89,0.0,12.0,7,-1.462432120861766,-11.910553819695865
2013-04-07 01:00:00,14.9,87,0.0,11.6,7,-1.413684383499707,-11.513535359039336
2013-04-07 02:00:00,14.8,86,0.0,10.9,8,-1.5169868004647176,-10.793921949283115
2013-04-07 03:00:00,14.8,81,0.0,11.2,2,-0.3908743630680085,-11.193177262613872
2013-04-07 04:00:00,14.7,80,0.0,10.5,8,-1.4613175600806911,-10.397814721786487
2013-04-07 05:00:00,14.4,80,0.0,10.8,4,-0.7533699164365563,-10.773691742806102
2013-04-07 06:00:00,14.6,81,0.0,8.6,2,-0.3001356716415065,-8.594761112364223
2013-04-07 07:00:00,15.0,79,0.0,5.9,346,1.4273391840380394,-5.7247447850283795
2013-04-07 08:00:00,15.7,75,0.0,6.1,332,2.863776532993934,-5.385980316439453
2013-04-07 09:00:00,16.8,74,0.0,6.2,324,3.6442685642133337,-5.0159053651246746
2013-04-07 10:00:00,18.1,72,0.0,6.6,315,4.666904755831213,-4.666904755831213
2013-04-07 11:00:00,19.1,72,0.0,6.6,311,4.981083229470295,-4.329989591337347
2013-04-07 12:00:00,20.3,69,0.0,6.1,298,5.385980316439454,-2.8637765329939335
2013-04-07 13:00:00,20.7,69,0.0,7.0,291,6.535062985480412,-2.5085756468171017
2013-04-07 14:00:00,20.3,71,0.0,7.1,294,6.486172749262466,-2.8878301658381815
2013-04-07 15:00:00,20.0,75,0.1,6.9,298,6.092338390726597,-3.2393537832226467
2013-04-07 16:00:00,19.9,76,0.0,7.0,305,5.7340643100229425,-4.015035054457322
2013-04-07 17:00:00,19.5,77,0.0,6.3,301,5.400153994423308,-3.244739871933341
2013-04-07 18:00:00,18.3,80,0.0,5.6,285,5.4091846272187825,-1.4493866525741161
2013-04-07 19:00:00,17.4,84,0.0,4.5,284,4.366330768241984,-1.0886485301985047
2013-04-07 20:00:00,16.8,89,0.0,3.6,270,3.6,0.0
2013-04-07 21:00:00,16.3,93,0.0,3.3,264,3.2819222547153015,0.3449439287832564
2013-04-07 22:00:00,15.9,94,0.0,3.2,270,3.2,0.0
2013-04-07 23:00:00,15.7,95,0.2,3.2,270,3.2,0.0
2013-04-08 00:00:00,15.8,94,0.2,3.5,246,3.197409101749103,1.4235782507653008
2013-04-08 01:00:00,16.2,92,0.2,2.8,230,2.1449244407331385,1.7998053071223097
2013-04-08 02:00:00,16.3,91,0.1,3.3,229,2.4905416147351476,2.1649947956686737
2013-04-08 03:00:00,15.7,92,0.0,2.6,254,2.499280409439629,0.7166571251241979
2013-04-08 04:00:00,15.9,91,0.0,0.4,360,2.4492935982947065e-17,-0.4
2013-04-08 05:00:00,15.9,91,0.1,1.1,360,6.735557395310444e-17,-1.1
2013-04-08 06:00:00,15.7,91,0.0,1.8,360,1.1021821192326179e-16,-1.8
2013-04-08 07:00:00,16.4,90,0.0,3.1,36,-1.822134282106667,-2.507952682562337
2013-04-08 08:00:00,18.0,85,0.0,3.6,6,-0.3763024677635521,-3.5802788233257843
2013-04-08 09:00:00,19.2,82,0.0,3.3,347,0.7423384793347542,-3.2154212137912763
2013-04-08 10:00:00,20.2,78,0.1,4.5,299,3.935788682127281,-2.1816432911085166
2013-04-08 11:00:00,20.9,76,0.0,6.2,291,5.788198644282651,-2.2218812871808615
2013-04-08 12:00:00,22.0,72,0.0,7.2,288,6.8476069173251055,-2.2249223594996215
2013-04-08 13:00:00,22.6,71,0.0,8.9,291,8.308865795825096,-3.1894747509531727
2013-04-08 14:00:00,22.3,74,0.0,8.4,295,7.61298541110786,-3.5499933986218752
2013-04-08 15:00:00,22.2,76,0.0,6.5,304,5.38874422160777,-3.634753872559855
2013-04-08 16:00:00,22.0,77,0.0,5.6,315,3.9597979746446663,-3.9597979746446654
2013-04-08 17:00:00,21.9,77,0.0,5.1,321,3.209533994354171,-3.963444403430551
2013-04-08 18:00:00,21.2,79,0.0,5.7,305,4.669166652447253,-3.2693856872009626
2013-04-08 19:00:00,19.7,88,0.0,5.2,304,4.310995377286217,-2.907803098047884
2013-04-08 20:00:00,18.9,90,0.0,3.1,324,1.8221342821066668,-2.5079526825623373
2013-04-08 21:00:00,18.1,93,0.0,2.4,333,1.0895771993749124,-2.138415658052083
2013-04-08 22:00:00,17.2,95,0.0,2.4,27,-1.0895771993749126,-2.138415658052083
2013-04-08 23:00:00,17.4,93,0.0,2.3,39,-1.447436899414627,-1.7874357113510322
2013-04-09 00:00:00,16.6,96,0.0,4.6,18,-1.4214781741247586,-4.3748599749577055
2013-04-09 01:00:00,16.3,96,0.2,6.2,21,-2.2218812871808646,-5.78819864428265
2013-04-09 02:00:00,16.2,96,0.2,5.2,34,-2.907803098047882,-4.3109953772862175
2013-04-09 03:00:00,15.9,97,0.0,5.6,45,-3.9597979746446668,-3.9597979746446654
2013-04-09 04:00:00,15.1,97,0.0,6.4,38,-3.940233442084212,-5.043268823083022
2013-04-09 05:00:00,14.7,96,0.0,7.3,33,-3.9758649556096968,-6.122295146001595
2013-04-09 06:00:00,14.6,95,0.0,7.8,34,-4.361704647071823,-6.466493065929326
2013-04-09 07:00:00,16.2,94,0.0,7.0,12,-1.4553818357243185,-6.847033205136639
2013-04-09 08:00:00,19.2,83,0.0,9.5,351,1.4861274178821937,-9.38303923565381
2013-04-09 09:00:00,20.4,80,0.0,9.6,347,2.159530121701103,-9.353952621938259
2013-04-09 10:00:00,21.3,79,0.0,8.3,342,2.564841053312064,-7.893769085249775
2013-04-09 11:00:00,22.3,76,0.0,9.4,328,4.981241083792126,-7.9716521038704045
2013-04-09 12:00:00,23.2,74,0.0,10.8,323,6.499602250042123,-8.625263508510763
2013-04-09 13:00:00,23.4,74,0.0,10.9,333,4.948496447161061,-9.71197111365321
2013-04-09 14:00:00,23.3,75,0.0,12.4,338,4.645121758357308,-11.497079796628164
2013-04-09 15:00:00,21.2,85,0.4,12.8,344,3.5281581544575893,-12.304149708010483
2013-04-09 16:00:00,20.7,86,0.0,11.6,353,1.4136843834997108,-11.513535359039334
2013-04-09 17:00:00,20.5,83,0.1,9.4,360,5.755839955992561e-16,-9.4
2013-04-09 18:00:00,20.0,84,0.1,6.4,344,1.7640790772287946,-6.1520748540052415
2013-04-09 19:00:00,19.2,91,0.0,5.4,20,-1.8469087739586103,-5.074340152243906
2013-04-09 20:00:00,19.6,85,0.0,3.7,61,-3.236092916415765,-1.7937955949114468
2013-04-09 21:00:00,19.0,87,0.0,2.5,352,0.34793275240016364,-2.475670171853926
2013-04-09 22:00:00,18.9,88,0.0,3.4,328,1.8017254983928965,-2.883363526931848
2013-04-09 23:00:00,18.6,90,0.0,3.1,21,-1.1109406435904323,-2.894099322141325
2013-04-10 00:00:00,18.4,91,0.0,2.3,18,-0.7107390870623793,-2.1874299874788528
2013-04-10 01:00:00,18.1,91,0.0,2.5,8,-0.3479327524001646,-2.475670171853926
2013-04-10 02:00:00,18.0,92,0.0,3.7,349,0.7059932828932162,-3.632020578756357
2013-04-10 03:00:00,17.9,90,0.0,5.9,11,-1.1257730727216133,-5.791600382341218
2013-04-10 04:00:00,17.0,92,0.5,8.2,23,-3.203995253612045,-7.548139798310009
2013-04-10 05:00:00,16.8,93,0.3,8.1,32,-4.292346040288961,-6.86918957886705
2013-04-10 06:00:00,16.1,94,0.0,7.1,30,-3.550000000000003,-6.148780366869512
2013-04-10 07:00:00,16.9,96,0.0,7.4,23,-2.8914103508206264,-6.811735915548058
2013-04-10 08:00:00,19.6,85,0.1,9.0,360,5.51091059616309e-16,-9.0
2013-04-10 09:00:00,20.9,81,0.0,9.9,341,3.223124729125852,-9.360633898433235
2013-04-10 10:00:00,22.2,77,0.0,11.3,333,5.1300926470568795,-10.068373723328557
2013-04-10 11:00:00,23.2,73,0.1,10.5,338,3.9333692308670756,-9.735430472951268
2013-04-10 12:00:00,23.6,73,0.2,8.9,328,4.716281451675524,-7.547628055792192
2013-04-10 13:00:00,23.3,76,0.0,10.5,322,6.464445490919412,-8.274112912870581
2013-04-10 14:00:00,22.6,76,0.0,11.8,329,6.077449283938639,-10.114574148284927
2013-04-10 15:00:00,21.7,76,0.0,12.6,336,5.124881702755083,-11.510672766296771
2013-04-10 16:00:00,21.0,77,0.0,10.8,339,3.870373855089244,-10.08266860616978
2013-04-10 17:00:00,20.5,78,0.2,7.9,344,2.1775351109542935,-7.59396739791272
2013-04-10 18:00:00,19.9,81,0.0,5.0,330,2.5000000000000004,-4.330127018922193
2013-04-10 19:00:00,19.1,86,0.1,3.4,328,1.8017254983928965,-2.883363526931848
2013-04-10 20:00:00,18.5,89,0.2,1.4,270,1.4,0.0
2013-04-10 21:00:00,18.1,91,0.1,2.5,270,2.5,0.0
2013-04-10 22:00:00,17.5,93,0.2,1.8,281,1.7669289302057951,-0.34345619167778063
2013-04-10 23:00:00,17.7,91,0.5,0.8,207,0.3631923997916375,0.7128052193506943
2013-04-11 00:00:00,16.8,96,0.1,1.6,297,1.4256104387013888,-0.7263847995832748
2013-04-11 01:00:00,17.2,96,0.1,0.4,270,0.4,0.0
2013-04-11 02:00:00,17.4,96,0.3,1.5,315,1.0606601717798214,-1.0606601717798212
2013-04-11 03:00:00,18.3,88,0.8,1.5,315,1.0606601717798214,-1.0606601717798212
2013-04-11 04:00:00,18.3,88,0.9,1.6,297,1.4256104387013888,-0.7263847995832748
2013-04-11 05:00:00,17.9,91,0.9,1.9,292,1.761649323676896,-0.7117525274902328
2013-04-11 06:00:00,17.5,94,1.2,1.9,248,1.761649323676896,0.7117525274902328
2013-04-11 07:00:00,18.4,93,1.4,2.9,277,2.8783838397598336,-0.35342109587492765
2013-04-11 08:00:00,18.8,91,1.3,3.5,294,3.197409101749103,-1.4235782507653008
2013-04-11 09:00:00,19.3,90,1.3,6.9,309,5.3623071340531,-4.342310698243878
2013-04-11 10:00:00,19.4,90,1.3,7.2,323,4.333068166694749,-5.750175672340508
2013-04-11 11:00:00,19.9,89,0.8,6.9,332,3.239353783222647,-6.092338390726596
2013-04-11 12:00:00,20.2,87,0.5,8.4,329,4.326319829244455,-7.200205325897744
2013-04-11 13:00:00,20.9,84,0.8,9.6,326,5.368251873319169,-7.9587606965284
2013-04-11 14:00:00,20.4,86,1.1,11.3,329,5.8199302464836125,-9.68599049793387
2013-04-11 15:00:00,19.3,92,0.4,9.8,336,3.9860191021428424,-8.95274548489749
2013-04-11 16:00:00,19.1,94,0.2,9.5,335,4.014873486536644,-8.609923976848174
2013-04-11 17:00:00,18.7,96,0.2,8.2,337,3.203995253612044,-7.54813979831001
2013-04-11 18:00:00,18.1,97,0.1,6.9,354,0.7212463965468089,-6.862201078041086
2013-04-11 19:00:00,17.9,98,0.1,6.2,350,1.0766187015349686,-6.10580806867569
2013-04-11 20:00:00,17.6,98,0.8,6.0,343,1.7542302283364206,-5.737828535778212
2013-04-11 21:00:00,17.4,98,0.4,6.3,336,2.5624408513775414,-5.755336383148386
2013-04-11 22:00:00,17.2,97,0.4,6.8,335,2.873804179836756,-6.162892951849219
2013-04-11 23:00:00,16.8,98,0.5,6.7,344,1.8467702839738944,-6.440453362786736
2013-04-12 00:00:00,16.8,97,0.4,8.0,342,2.4721359549995796,-7.608452130361228
2013-04-12 01:00:00,16.7,97,0.5,7.8,347,1.7546182238821464,-7.6000865053248345
2013-04-12 02:00:00,16.6,97,1.0,7.6,357,0.3977532674463741,-7.589584464134761
2013-04-12 03:00:00,16.6,94,1.3,7.3,351,1.1419715947936857,-7.210124886344506
2013-04-12 04:00:00,16.3,94,0.9,6.3,347,1.4171916423663489,-6.1385314081469815
2013-04-12 05:00:00,16.3,95,0.8,5.8,353,0.7068421917498554,-5.756767679519667
2013-04-12 06:00:00,16.3,95,0.4,5.1,8,-0.7097828148963357,-5.050367150582008
2013-04-12 07:00:00,17.0,93,0.3,4.4,9,-0.6883116461770166,-4.345828698618606
2013-04-12 08:00:00,17.9,90,0.2,5.9,349,1.125773072721615,-5.791600382341218
2013-04-12 09:00:00,18.4,90,0.1,6.7,324,3.93816119035957,-5.420413862312148
2013-04-12 10:00:00,19.4,88,0.2,9.0,323,5.4163352083684355,-7.187719590425635
2013-04-12 11:00:00,19.8,89,0.2,10.8,330,5.400000000000001,-9.353074360871938
2013-04-12 12:00:00,20.8,87,0.5,10.5,338,3.9333692308670756,-9.735430472951268
2013-04-12 13:00:00,21.5,84,0.0,10.5,344,2.8941922360784913,-10.093247807352348
2013-04-12 14:00:00,21.6,81,0.0,10.0,339,3.583679495453004,-9.335804264972017
2013-04-12 15:00:00,19.4,88,0.2,10.0,334,4.383711467890775,-8.98794046299167
2013-04-12 16:00:00,19.1,88,0.2,10.0,330,5.000000000000001,-8.660254037844386
2013-04-12 17:00:00,18.5,90,0.2,7.7,332,3.61493103345136,-6.798696465013737
2013-04-12 18:00:00,18.1,93,0.7000000000000001,6.0,327,3.2678342100901627,-5.032023407672544
2013-04-12 19:00:00,17.9,93,0.2,4.1,322,2.524212048835199,-3.23084408978756
2013-04-12 20:00:00,17.7,95,0.2,3.1,306,2.5079526825623373,-1.8221342821066668
2013-04-12 21:00:00,17.5,96,0.2,2.2,270,2.2,0.0
2013-04-12 22:00:00,17.2,97,0.3,2.3,252,2.1874299874788528,0.710739087062379
2013-04-12 23:00:00,16.9,97,0.4,2.6,254,2.499280409439629,0.7166571251241979
2013-04-13 00:00:00,17.0,97,0.4,3.1,216,1.8221342821066668,2.5079526825623373
2013-04-13 01:00:00,16.9,97,0.4,4.1,218,2.524212048835199,3.23084408978756
2013-04-13 02:00:00,16.8,96,0.5,4.3,222,2.8772616073430903,3.195522749552795
2013-04-13 03:00:00,17.2,96,0.7000000000000001,3.9,236,3.2332465329646625,2.180852323535913
2013-04-13 04:00:00,17.3,96,0.8,4.1,232,3.2308440897875594,2.524212048835199
2013-04-13 05:00:00,17.3,96,0.8,4.3,222,2.8772616073430903,3.195522749552795
2013-04-13 06:00:00,17.3,96,0.5,4.2,200,1.436484601967809,3.9467090073008153
2013-04-13 07:00:00,18.0,95,0.5,4.8,207,2.1791543987498248,4.276831316104166
2013-04-13 08:00:00,18.9,91,0.4,5.4,217,3.2498011250210617,4.312631754255381
2013-04-13 09:00:00,19.7,88,0.5,6.6,225,4.666904755831213,4.666904755831213
2013-04-13 10:00:00,20.1,86,0.3,7.7,229,5.811263767715345,5.051654523226906
2013-04-13 11:00:00,21.2,80,0.2,9.2,244,8.268905225952336,4.033014550459511
2013-04-13 12:00:00,21.2,81,0.1,9.3,257,9.06164160250269,2.092044805397945
2013-04-13 13:00:00,21.3,81,0.2,9.0,272,8.994517443171862,-0.31409547032250873
2013-04-13 14:00:00,21.5,79,0.0,8.7,287,8.319851376878407,-2.5436338310878095
2013-04-13 15:00:00,21.1,81,0.1,7.7,298,6.798696465013738,-3.6149310334513594
2013-04-13 16:00:00,21.1,82,0.0,6.8,302,5.766727053863696,-3.603450996785793
2013-04-13 17:00:00,20.8,83,0.0,6.5,304,5.38874422160777,-3.634753872559855
2013-04-13 18:00:00,20.2,84,0.0,5.4,323,3.2498011250210617,-4.312631754255381
2013-04-13 19:00:00,19.5,88,0.0,5.2,326,2.9078030980478835,-4.3109953772862175
2013-04-13 20:00:00,19.3,88,0.0,2.2,9,-0.3441558230885083,-2.172914349309303
2013-04-13 21:00:00,18.6,92,0.0,1.3,146,-0.7269507745119708,1.0777488443215544
2013-04-13 22:00:00,18.8,90,0.0,2.7,203,1.0549740469210391,2.485363104321589
2013-04-13 23:00:00,18.7,91,0.1,3.2,207,1.45276959916655,2.851220877402777
2013-04-14 00:00:00,18.7,91,0.2,4.0,185,0.34862297099063255,3.984778792366982
2013-04-14 01:00:00,18.6,91,0.3,4.9,197,1.4326213531414103,4.685893304218874
2013-04-14 02:00:00,18.6,91,0.2,4.4,215,2.5237363199446032,3.604268994871564
2013-04-14 03:00:00,19.1,87,0.4,2.5,225,1.7677669529663689,1.7677669529663687
2013-04-14 04:00:00,18.9,88,0.6,0.5,315,0.3535533905932738,-0.35355339059327373
2013-04-14 05:00:00,19.0,88,0.7000000000000001,0.7000000000000001,360,4.2862637970157366e-17,-0.7000000000000001
2013-04-14 06:00:00,18.2,91,0.8,0.7000000000000001,90,-0.7000000000000001,8.572527594031473e-17
2013-04-14 07:00:00,18.5,93,0.6,1.8,323,1.0832670416736871,-1.437543918085127
2013-04-14 08:00:00,19.2,91,0.4,1.5,284,1.4554435894139948,-0.3628828433995016
2013-04-14 09:00:00,19.7,90,0.3,3.3,264,3.2819222547153015,0.3449439287832564
2013-04-14 10:00:00,20.4,87,0.7000000000000001,3.7,259,3.632020578756357,0.7059932828932158
2013-04-14 11:00:00,20.4,87,0.4,6.3,301,5.400153994423308,-3.244739871933341
2013-04-14 12:00:00,21.0,86,0.3,7.0,325,4.015035054457323,-5.7340643100229425
2013-04-14 13:00:00,20.0,91,0.2,7.3,340,2.4967470462773824,-6.8597561317371305
2013-04-14 14:00:00,20.5,89,0.3,7.3,351,1.1419715947936857,-7.210124886344506
2013-04-14 15:00:00,19.5,97,0.8,6.2,353,0.7555899291119145,-6.153786140176196
2013-04-14 16:00:00,19.5,94,1.1,6.7,344,1.8467702839738944,-6.440453362786736
2013-04-14 17:00:00,19.2,95,0.3,6.1,357,0.3192493330819582,-6.0916401620029
2013-04-14 18:00:00,19.4,93,0.1,4.3,48,-3.195522749552795,-2.8772616073430903
2013-04-14 19:00:00,19.0,94,0.0,4.0,63,-3.5640260967534716,-1.8159619989581868
2013-04-14 20:00:00,18.5,95,0.0,3.5,66,-3.197409101749103,-1.4235782507653008
2013-04-14 21:00:00,18.0,93,0.0,2.9,60,-2.5114736709748717,-1.4500000000000002
2013-04-14 22:00:00,17.7,91,0.0,2.4,63,-2.138415658052083,-1.089577199374912
2013-04-14 23:00:00,18.9,86,0.0,1.6,27,-0.7263847995832751,-1.4256104387013886
2013-04-15 00:00:00,18.7,85,0.0,1.8,37,-1.083267041673687,-1.437543918085127
2013-04-15 01:00:00,18.5,85,0.0,2.0,45,-1.4142135623730954,-1.414213562373095
2013-04-15 02:00:00,18.1,86,0.0,2.0,45,-1.4142135623730954,-1.414213562373095
2013-04-15 03:00:00,13.8,97,0.0,1.8,37,-1.083267041673687,-1.437543918085127
2013-04-15 04:00:00,13.5,96,0.0,1.8,53,-1.437543918085127,-1.0832670416736871
2013-04-15 05:00:00,13.4,95,0.0,1.6,63,-1.4256104387013888,-0.7263847995832747
2013-04-15 06:00:00,13.3,95,0.0,3.0,76,-2.9108871788279895,-0.7257656867990026
2013-04-15 07:00:00,17.1,92,0.0,2.2,99,-2.172914349309303,0.3441558230885082
2013-04-15 08:00:00,20.2,82,0.0,2.2,261,2.1729143493093033,0.34415582308850795
2013-04-15 09:00:00,21.4,81,0.0,4.0,260,3.939231012048832,0.6945927106677213
2013-04-15 10:00:00,23.0,76,0.0,5.4,262,5.34744757120448,0.7515347451843534
2013-04-15 11:00:00,23.9,73,0.0,6.8,252,6.467184310807044,2.1013155617496424
2013-04-15 12:00:00,24.5,73,0.0,8.9,249,8.308865795825096,3.1894747509531727
2013-04-15 13:00:00,24.7,73,0.1,9.5,259,9.325458242752807,1.8126854560771757
2013-04-15 14:00:00,24.5,75,0.0,9.1,261,8.987963899415753,1.4235536318661008
2013-04-15 15:00:00,23.5,79,0.1,8.7,263,8.6351515192795,1.060263287624783
2013-04-15 16:00:00,23.2,80,0.0,7.9,270,7.9,0.0
2013-04-15 17:00:00,22.5,83,0.0,6.8,273,6.790680836331102,-0.3558845024520181
2013-04-15 18:00:00,21.8,85,0.0,4.2,290,3.9467090073008158,-1.4364846019678086
2013-04-15 19:00:00,20.4,93,0.0,4.2,290,3.9467090073008158,-1.4364846019678086
2013-04-15 20:00:00,20.3,91,0.0,1.5,256,1.4554435894139948,0.3628828433995016
2013-04-15 21:00:00,20.0,93,0.1,1.6,207,0.726384799583275,1.4256104387013886
2013-04-15 22:00:00,19.6,94,0.2,2.2,180,1.3471114790620887e-16,2.2
2013-04-15 23:00:00,19.5,94,0.3,3.3,174,-0.3449439287832567,3.2819222547153015
2013-04-16 00:00:00,19.3,95,0.5,3.3,193,0.7423384793347542,3.2154212137912763
2013-04-16 01:00:00,19.2,95,0.5,4.1,195,1.061158084920335,3.96029588778518
2013-04-16 02:00:00,17.6,99,0.4,4.2,200,1.436484601967809,3.9467090073008153
2013-04-16 03:00:00,19.9,88,0.2,3.7,191,0.7059932828932162,3.632020578756357
2013-04-16 04:00:00,19.7,89,0.1,2.5,180,1.5308084989341916e-16,2.5
2013-04-16 05:00:00,19.8,89,0.0,1.5,135,-1.0606601717798212,1.0606601717798214
2013-04-16 06:00:00,19.9,87,0.0,2.9,90,-2.9,3.5514757175273243e-16
2013-04-16 07:00:00,20.4,87,0.0,3.7,119,-3.2360929164157644,1.7937955949114477
2013-04-16 08:00:00,22.4,83,0.0,5.4,184,0.3766849582182763,5.386845871403051
2013-04-16 09:00:00,23.6,78,0.0,8.8,199,2.8649997592229797,8.320563465273988
2013-04-16 10:00:00,24.9,72,0.0,10.8,210,5.400000000000001,9.353074360871938
2013-04-16 11:00:00,26.1,68,0.0,11.5,224,7.988571260278468,8.272407703894487
2013-04-16 12:00:00,26.7,67,0.0,12.8,230,9.80536887192292,8.227681403987702
2013-04-16 13:00:00,26.8,67,0.1,12.7,225,8.980256121069154,8.980256121069152
2013-04-16 14:00:00,26.6,69,0.2,12.0,226,8.632077604063815,8.335900445507967
2013-04-16 15:00:00,25.4,78,0.0,11.5,224,7.988571260278468,8.272407703894487
2013-04-16 16:00:00,25.2,78,0.0,10.7,222,7.159697488039782,7.951649632608118
2013-04-16 17:00:00,24.6,79,0.0,9.7,225,6.858935777509511,6.85893577750951
2013-04-16 18:00:00,23.5,84,0.0,6.1,220,3.92100441908789,4.6728711030257655
2013-04-16 19:00:00,22.3,89,0.0,6.3,193,1.4171916423663489,6.1385314081469815
2013-04-16 20:00:00,21.0,94,0.0,5.1,172,-0.7097828148963332,5.050367150582009
2013-04-16 21:00:00,20.6,92,0.0,4.7,157,-1.8364363038995868,4.326372811226469
2013-04-16 22:00:00,19.5,94,0.0,4.7,148,-2.4906205418960625,3.9858260519352027
2013-04-16 23:00:00,18.6,93,0.0,4.7,148,-2.4906205418960625,3.9858260519352027
2013-04-17 00:00:00,18.4,90,0.0,4.7,157,-1.8364363038995868,4.326372811226469
2013-04-17 01:00:00,20.3,81,0.0,4.7,184,0.3278554265973886,4.688551036221174
2013-04-17 02:00:00,21.7,75,0.0,4.4,189,0.6883116461770161,4.3458286986186065
2013-04-17 03:00:00,22.1,72,0.0,2.5,180,1.5308084989341916e-16,2.5
2013-04-17 04:00:00,21.8,73,0.0,4.0,153,-1.8159619989581868,3.5640260967534716
2013-04-17 05:00:00,21.5,72,0.0,5.0,150,-2.499999999999999,4.330127018922194
2013-04-17 06:00:00,20.1,76,0.0,3.1,144,-1.8221342821066664,2.5079526825623373
2013-04-17 07:00:00,21.9,75,0.0,3.3,174,-0.3449439287832567,3.2819222547153015
2013-04-17 08:00:00,23.8,71,0.0,6.6,225,4.666904755831213,4.666904755831213
2013-04-17 09:00:00,24.4,72,0.0,8.4,239,7.200205325897744,4.326319829244455
2013-04-17 10:00:00,24.9,73,0.0,6.6,248,6.1194134401407965,2.472403516545019
2013-04-17 11:00:00,25.4,74,0.0,5.0,249,4.667902132486009,1.7918397477265013
2013-04-17 12:00:00,25.8,73,0.0,6.5,251,6.1458707413955596,2.1161930039715187
2013-04-17 13:00:00,26.1,73,0.0,7.8,248,7.232034065620942,2.921931428644114
2013-04-17 14:00:00,26.3,72,0.0,8.3,252,7.893769085249775,2.5648410533120636
2013-04-17 15:00:00,25.7,76,0.0,7.1,255,6.858073366652385,1.8376152202278973
2013-04-17 16:00:00,25.0,80,0.0,5.6,243,4.98963653545486,2.5423467985414616
2013-04-17 17:00:00,24.9,80,0.0,2.3,231,1.7874357113510329,1.4474368994146258
2013-04-17 18:00:00,24.3,86,0.1,2.4,27,-1.0895771993749126,-2.138415658052083
2013-04-17 19:00:00,24.4,79,0.0,2.9,83,-2.878383839759834,-0.3534210958749272
2013-04-17 20:00:00,24.0,80,0.0,0.7000000000000001,180,4.2862637970157366e-17,0.7000000000000001
2013-04-17 21:00:00,23.4,83,0.0,2.6,236,2.1554976886431083,1.453901549023942
2013-04-17 22:00:00,22.9,85,0.0,2.3,198,0.7107390870623791,2.1874299874788528
2013-04-17 23:00:00,22.3,86,0.0,2.6,196,0.7166571251241979,2.499280409439629
2013-04-18 00:00:00,20.8,91,0.0,4.0,153,-1.8159619989581868,3.5640260967534716
2013-04-18 01:00:00,20.5,91,0.0,4.6,162,-1.4214781741247577,4.374859974957706
2013-04-18 02:00:00,19.9,92,0.0,3.3,174,-0.3449439287832567,3.2819222547153015
2013-04-18 03:00:00,19.1,92,0.0,3.1,159,-1.1109406435904308,2.8940993221413254
2013-04-18 04:00:00,19.2,90,0.0,3.7,151,-1.793795594911447,3.236092916415765
2013-04-18 05:00:00,19.1,88,0.0,4.3,156,-1.748967565225941,3.9282454678631837
2013-04-18 06:00:00,19.9,84,0.0,6.1,140,-3.92100441908789,4.6728711030257655
2013-04-18 07:00:00,22.2,79,0.0,4.6,141,-2.894873798829251,3.5748714227020666
2013-04-18 08:00:00,24.4,71,0.0,5.9,166,-1.42733918403804,5.7247447850283795
2013-04-18 09:00:00,25.4,68,0.0,6.5,186,0.6794350112397475,6.4643923198937765
2013-04-18 10:00:00,26.7,67,0.0,6.9,208,3.239353783222647,6.092338390726596
2013-04-18 11:00:00,27.3,67,0.0,8.0,207,3.6319239979163744,7.128052193506942
2013-04-18 12:00:00,27.7,67,0.0,8.6,213,4.683895701129233,7.212566884330647
2013-04-18 13:00:00,27.5,68,0.0,8.1,225,5.727564927611035,5.727564927611034
2013-04-18 14:00:00,27.7,66,0.0,8.5,234,6.876644452187053,4.996174644486022
2013-04-18 15:00:00,27.7,64,0.0,8.0,234,6.47213595499958,4.702282018339785
2013-04-18 16:00:00,27.1,68,0.0,7.6,245,6.887939181478539,3.211898789229316
2013-04-18 17:00:00,25.7,78,0.0,6.3,239,5.400153994423308,3.244739871933341
2013-04-18 18:00:00,24.8,81,0.0,1.3,236,1.0777488443215542,0.726950774511971
2013-04-18 19:00:00,24.0,86,0.0,2.3,252,2.1874299874788528,0.710739087062379
2013-04-18 20:00:00,23.0,88,0.0,3.7,11,-0.7059932828932151,-3.632020578756357
2013-04-18 21:00:00,22.3,88,0.0,3.7,61,-3.236092916415765,-1.7937955949114468
2013-04-18 22:00:00,22.2,87,0.0,1.3,34,-0.7269507745119705,-1.0777488443215544
2013-04-18 23:00:00,22.9,82,0.0,0.4,270,0.4,0.0
2013-04-19 00:00:00,22.7,81,0.2,0.8,117,-0.7128052193506943,0.36319239979163753
2013-04-19 01:00:00,22.6,80,0.2,1.0,45,-0.7071067811865477,-0.7071067811865475
2013-04-19 02:00:00,23.0,78,0.2,2.4,27,-1.0895771993749126,-2.138415658052083
2013-04-19 03:00:00,22.9,76,0.0,4.3,24,-1.7489675652259404,-3.928245467863184
2013-04-19 04:00:00,20.9,85,0.0,5.4,42,-3.613305274337834,-4.01298205757793
2013-04-19 05:00:00,22.0,79,0.0,3.2,63,-2.8512208774027776,-1.4527695991665495
2013-04-19 06:00:00,22.5,77,0.0,4.9,54,-3.964183272437243,-2.880147736233118
2013-04-19 07:00:00,21.7,87,0.0,3.5,24,-1.4235782507653003,-3.1974091017491033
2013-04-19 08:00:00,23.4,82,0.0,5.4,360,3.3065463576978537e-16,-5.4
2013-04-19 09:00:00,24.1,81,0.0,7.2,342,2.224922359499622,-6.8476069173251055
2013-04-19 10:00:00,25.1,78,0.0,8.3,326,4.641301098807199,-6.881011852206847
2013-04-19 11:00:00,25.3,77,0.0,7.1,315,5.020458146424487,-5.020458146424486
2013-04-19 12:00:00,25.3,78,0.0,7.0,291,6.535062985480412,-2.5085756468171017
2013-04-19 13:00:00,25.4,79,0.0,7.4,284,7.180188374442374,-1.7902220274375413
2013-04-19 14:00:00,25.5,79,0.0,7.3,279,7.210124886344506,-1.1419715947936853
2013-04-19 15:00:00,25.1,85,0.6,8.3,288,7.893769085249775,-2.5648410533120636
2013-04-19 16:00:00,24.6,86,0.0,7.9,286,7.59396739791272,-2.1775351109542935
2013-04-19 17:00:00,23.8,89,0.0,7.6,295,6.887939181478539,-3.211898789229316
2013-04-19 18:00:00,22.8,92,0.0,5.7,305,4.669166652447253,-3.2693856872009626
2013-04-19 19:00:00,22.0,96,0.0,3.9,326,2.1808523235359125,-3.233246532964663
2013-04-19 20:00:00,21.6,97,0.0,3.9,338,1.4609657143220567,-3.616017032810471
2013-04-19 21:00:00,21.0,98,0.0,3.4,342,1.0506577808748212,-3.233592155403522
2013-04-19 22:00:00,20.8,98,0.0,1.4,90,-1.4,1.7145055188062944e-16
2013-04-19 23:00:00,21.4,96,0.0,1.6,117,-1.4256104387013886,0.7263847995832751
2013-04-20 00:00:00,21.2,96,0.0,1.1,108,-1.0461621679246689,0.3399186938124423
2013-04-20 01:00:00,21.2,94,0.0,1.9,158,-0.7117525274902329,1.761649323676896
2013-04-20 02:00:00,21.1,93,0.0,0.5,135,-0.35355339059327373,0.3535533905932738
2013-04-20 03:00:00,21.1,92,0.1,1.3,34,-0.7269507745119705,-1.0777488443215544
2013-04-20 04:00:00,20.1,94,0.0,2.2,81,-2.1729143493093033,-0.3441558230885076
2013-04-20 05:00:00,20.9,91,0.0,3.1,45,-2.192031021678298,-2.192031021678297
2013-04-20 06:00:00,20.3,92,0.0,3.3,49,-2.490541614735148,-2.1649947956686733
2013-04-20 07:00:00,21.0,92,0.0,3.1,21,-1.1109406435904323,-2.894099322141325
2013-04-20 08:00:00,22.5,87,0.0,4.3,355,0.37476969381492997,-4.283637201794505
2013-04-20 09:00:00,23.6,83,0.0,4.3,355,0.37476969381492997,-4.283637201794505
2013-04-20 10:00:00,24.6,78,0.0,3.9,326,2.1808523235359125,-3.233246532964663
2013-04-20 11:00:00,26.1,71,0.0,2.6,304,2.1554976886431083,-1.453901549023942
2013-04-20 12:00:00,27.1,66,0.0,2.0,315,1.4142135623730951,-1.414213562373095
2013-04-20 13:00:00,27.4,65,0.2,3.3,283,3.2154212137912763,-0.7423384793347545
2013-04-20 14:00:00,27.3,66,0.0,4.0,280,3.939231012048832,-0.6945927106677213
2013-04-20 15:00:00,24.9,79,1.3,1.4,270,1.4,0.0
2013-04-20 16:00:00,24.6,79,0.4,1.6,27,-0.7263847995832751,-1.4256104387013886
2013-04-20 17:00:00,24.5,80,0.2,2.1,31,-1.0815799573111144,-1.8000513314744355
2013-04-20 18:00:00,23.8,82,0.0,4.0,27,-1.8159619989581877,-3.564026096753471
2013-04-20 19:00:00,23.0,87,0.3,4.3,24,-1.7489675652259404,-3.928245467863184
2013-04-20 20:00:00,22.3,90,0.7000000000000001,5.8,22,-2.1727182418122912,-5.377666356487366
2013-04-20 21:00:00,22.5,86,0.9,6.1,3,-0.31924933308196024,-6.0916401620029
2013-04-20 22:00:00,22.4,87,0.7000000000000001,4.3,360,2.632990618166809e-16,-4.3
2013-04-20 23:00:00,20.6,95,0.5,2.5,352,0.34793275240016364,-2.475670171853926
2013-04-21 00:00:00,20.1,97,0.3,2.4,333,1.0895771993749124,-2.138415658052083
2013-04-21 01:00:00,19.4,98,0.0,2.3,18,-0.7107390870623793,-2.1874299874788528
2013-04-21 02:00:00,19.2,98,0.0,4.0,27,-1.8159619989581877,-3.564026096753471
2013-04-21 03:00:00,19.2,96,0.2,4.8,13,-1.0797650608505531,-4.6769763109691285
2013-04-21 04:00:00,19.0,98,0.4,4.2,20,-1.436484601967808,-3.9467090073008158
2013-04-21 05:00:00,18.7,98,0.6,4.6,18,-1.4214781741247586,-4.3748599749577055
2013-04-21 06:00:00,18.9,96,0.9,4.2,20,-1.436484601967808,-3.9467090073008158
2013-04-21 07:00:00,19.6,96,1.0,5.2,12,-1.0811407922523508,-5.086367523815789
2013-04-21 08:00:00,20.3,93,0.8,6.1,360,3.735172737399427e-16,-6.1
2013-04-21 09:00:00,21.4,90,0.8,6.7,344,1.8467702839738944,-6.440453362786736
2013-04-21 10:00:00,22.5,91,0.6,6.9,332,3.239353783222647,-6.092338390726596
2013-04-21 11:00:00,23.5,89,0.4,8.4,320,5.399415921366931,-6.4347733221994154
2013-04-21 12:00:00,24.1,92,0.5,8.9,320,5.7208097262102005,-6.817795543758905
2013-04-21 13:00:00,24.0,92,0.4,9.0,323,5.4163352083684355,-7.187719590425635
2013-04-21 14:00:00,24.2,94,0.6,9.6,326,5.368251873319169,-7.9587606965284
2013-04-21 15:00:00,23.0,87,0.0,10.6,325,6.079910225321089,-8.683011669463312
2013-04-21 16:00:00,22.0,91,0.1,11.3,329,5.8199302464836125,-9.68599049793387
2013-04-21 17:00:00,21.0,93,0.1,10.5,338,3.9333692308670756,-9.735430472951268
2013-04-21 18:00:00,20.0,93,0.2,9.4,337,3.672872607799173,-8.65274562245294
2013-04-21 19:00:00,19.0,95,0.2,8.4,353,1.023702484603239,-8.337387673787106
2013-04-21 20:00:00,18.7,95,0.2,7.6,357,0.3977532674463741,-7.589584464134761
2013-04-21 21:00:00,18.4,96,0.2,6.5,357,0.3401837155791358,-6.49109197590473
2013-04-21 22:00:00,18.1,97,0.2,5.4,352,0.7515347451843536,-5.34744757120448
2013-04-21 23:00:00,18.0,97,0.2,3.4,342,1.0506577808748212,-3.233592155403522
2013-04-22 00:00:00,18.0,98,0.1,3.0,346,0.725765686799003,-2.9108871788279895
2013-04-22 01:00:00,17.8,99,0.1,2.5,8,-0.3479327524001646,-2.475670171853926
2013-04-22 02:00:00,17.7,99,0.1,2.2,360,1.3471114790620887e-16,-2.2
2013-04-22 03:00:00,17.3,96,0.2,2.5,360,1.5308084989341916e-16,-2.5
2013-04-22 04:00:00,17.5,94,0.2,3.7,11,-0.7059932828932151,-3.632020578756357
2013-04-22 05:00:00,17.5,94,0.0,4.2,20,-1.436484601967808,-3.9467090073008158
2013-04-22 06:00:00,17.3,96,0.0,4.2,31,-2.163159914622229,-3.600102662948871
2013-04-22 07:00:00,18.7,90,0.0,4.1,15,-1.0611580849203346,-3.96029588778518
2013-04-22 08:00:00,20.1,84,0.0,5.4,340,1.8469087739586119,-5.074340152243905
2013-04-22 09:00:00,21.0,81,0.0,5.5,328,2.914555953282627,-4.664264528860342
2013-04-22 10:00:00,22.0,77,0.0,6.0,303,5.032023407672544,-3.2678342100901627
2013-04-22 11:00:00,23.1,73,0.0,6.9,276,6.862201078041086,-0.721246396546809
2013-04-22 12:00:00,23.8,71,0.0,8.8,282,8.607698886457491,-1.8296228791962823
2013-04-22 13:00:00,24.3,70,0.0,8.9,291,8.308865795825096,-3.1894747509531727
2013-04-22 14:00:00,24.2,71,0.0,8.4,301,7.200205325897744,-4.326319829244455
2013-04-22 15:00:00,23.1,79,0.2,7.3,303,6.122295146001595,-3.9758649556096977
2013-04-22 16:00:00,22.5,80,0.0,7.0,305,5.7340643100229425,-4.015035054457322
2013-04-22 17:00:00,21.8,81,0.0,6.6,311,4.981083229470295,-4.329989591337347
2013-04-22 18:00:00,21.0,84,0.0,4.9,306,3.9641832724372428,-2.8801477362331185
2013-04-22 19:00:00,20.4,87,0.0,3.1,306,2.5079526825623373,-1.8221342821066668
2013-04-22 20:00:00,19.9,91,0.0,1.9,292,1.761649323676896,-0.7117525274902328
2013-04-22 21:00:00,19.5,91,0.0,2.3,252,2.1874299874788528,0.710739087062379
2013-04-22 22:00:00,19.1,92,0.0,2.9,270,2.9,0.0
2013-04-22 23:00:00,19.2,92,0.0,2.5,278,2.475670171853926,-0.3479327524001636
2013-04-23 00:00:00,19.3,92,0.1,2.4,297,2.138415658052083,-1.0895771993749122
2013-04-23 01:00:00,19.2,92,0.0,0.7000000000000001,360,4.2862637970157366e-17,-0.7000000000000001
2013-04-23 02:00:00,19.4,92,0.1,1.0,45,-0.7071067811865477,-0.7071067811865475
2013-04-23 03:00:00,18.9,92,0.0,1.9,22,-0.7117525274902333,-1.7616493236768958
2013-04-23 04:00:00,18.6,92,0.0,1.8,360,1.1021821192326179e-16,-1.8
2013-04-23 05:00:00,18.8,92,0.0,2.3,18,-0.7107390870623793,-2.1874299874788528
2013-04-23 06:00:00,18.6,92,0.0,4.4,35,-2.523736319944604,-3.604268994871563
2013-04-23 07:00:00,19.6,92,0.0,3.8,17,-1.111012477946401,-3.633958072659534
2013-04-23 08:00:00,20.9,86,0.0,4.4,325,2.5237363199446032,-3.604268994871564
2013-04-23 09:00:00,22.3,81,0.0,5.1,309,3.963444403430551,-3.2095339943541705
2013-04-23 10:00:00,23.2,77,0.0,5.6,285,5.4091846272187825,-1.4493866525741161
2013-04-23 11:00:00,24.5,72,0.0,6.5,276,6.4643923198937765,-0.6794350112397476
2013-04-23 12:00:00,25.5,69,0.0,6.8,270,6.8,0.0
2013-04-23 13:00:00,26.0,68,0.0,6.9,264,6.862201078041086,0.721246396546809
2013-04-23 14:00:00,26.1,68,0.0,6.2,263,6.153786140176196,0.7555899291119144
2013-04-23 15:00:00,26.0,70,0.0,5.4,270,5.4,0.0
2013-04-23 16:00:00,25.6,73,0.0,6.2,280,6.10580806867569,-1.0766187015349682
2013-04-23 17:00:00,24.8,76,0.0,5.9,284,5.7247447850283795,-1.4273391840380396
2013-04-23 18:00:00,23.7,82,0.0,4.1,308,3.2308440897875594,-2.524212048835199
2013-04-23 19:00:00,22.4,91,0.0,3.6,315,2.5455844122715714,-2.545584412271571
2013-04-23 20:00:00,22.2,88,0.0,1.8,281,1.7669289302057951,-0.34345619167778063
2013-04-23 21:00:00,21.8,90,0.0,1.8,233,1.437543918085127,1.083267041673687
2013-04-23 22:00:00,21.3,93,0.0,1.0,225,0.7071067811865476,0.7071067811865475
2013-04-23 23:00:00,20.8,94,0.0,1.1,180,6.735557395310444e-17,1.1
2013-04-24 00:00:00,19.0,98,0.0,0.0,270,0.0,0.0
2013-04-24 01:00:00,18.7,96,0.0,0.4,90,-0.4,4.898587196589413e-17
2013-04-24 02:00:00,18.5,94,0.0,1.1,108,-1.0461621679246689,0.3399186938124423
2013-04-24 03:00:00,20.0,87,0.0,2.5,135,-1.7677669529663687,1.7677669529663689
2013-04-24 04:00:00,20.8,82,0.0,4.3,138,-2.8772616073430903,3.195522749552795
2013-04-24 05:00:00,21.2,80,0.0,4.8,153,-2.179154398749824,4.276831316104166
2013-04-24 06:00:00,21.4,78,0.0,4.4,145,-2.5237363199446032,3.6042689948715636
2013-04-24 07:00:00,22.3,79,0.0,3.3,174,-0.3449439287832567,3.2819222547153015
2013-04-24 08:00:00,23.8,79,0.0,5.9,227,4.314986839553106,4.023790324368742
2013-04-24 09:00:00,24.9,77,0.0,8.2,232,6.461688179575119,5.048424097670398
2013-04-24 10:00:00,26.0,73,0.1,9.7,228,7.208504807130724,6.490566881680924
2013-04-24 11:00:00,26.7,70,0.3,11.0,232,8.668118289673941,6.772276228582241
2013-04-24 12:00:00,27.1,69,0.2,10.9,243,9.71197111365321,4.94849644716106
2013-04-24 13:00:00,26.7,71,0.2,10.0,244,8.98794046299167,4.383711467890774
2013-04-24 14:00:00,26.3,73,0.2,8.7,240,7.534421012924616,4.349999999999999
2013-04-24 15:00:00,25.7,77,0.2,7.9,246,7.217009115376547,3.2132194802988217
2013-04-24 16:00:00,25.5,78,0.0,6.9,261,6.815049550106451,1.079397808777593
2013-04-24 17:00:00,25.3,79,0.0,4.3,265,4.283637201794505,0.3747696938149301
2013-04-24 18:00:00,24.6,82,0.0,5.0,330,2.5000000000000004,-4.330127018922193
2013-04-24 19:00:00,23.0,92,0.0,7.6,3,-0.39775326744637673,-7.589584464134761
2013-04-24 20:00:00,22.1,92,0.0,7.1,30,-3.550000000000003,-6.148780366869512
2013-04-24 21:00:00,21.7,91,0.0,6.0,65,-5.4378467222199,-2.5357095704441956
2013-04-24 22:00:00,21.0,90,0.0,3.5,66,-3.197409101749103,-1.4235782507653008
2013-04-24 23:00:00,21.5,86,0.0,1.1,18,-0.33991869381244233,-1.0461621679246689
2013-04-25 00:00:00,22.3,82,0.0,1.5,14,-0.36288284339950166,-1.4554435894139948
2013-04-25 01:00:00,22.2,83,0.0,2.3,39,-1.447436899414627,-1.7874357113510322
2013-04-25 02:00:00,21.7,86,0.0,3.3,41,-2.1649947956686737,-2.4905416147351476
2013-04-25 03:00:00,21.5,82,0.0,3.7,29,-1.7937955949114464,-3.2360929164157652
2013-04-25 04:00:00,21.3,83,0.0,3.4,32,-1.801725498392897,-2.883363526931848
2013-04-25 05:00:00,21.3,81,0.0,2.8,50,-2.1449244407331385,-1.7998053071223097
2013-04-25 06:00:00,20.7,82,0.0,2.3,18,-0.7107390870623793,-2.1874299874788528
2013-04-25 07:00:00,21.7,85,0.0,1.1,288,1.0461621679246689,-0.33991869381244216
2013-04-25 08:00:00,23.6,78,0.0,1.1,342,0.3399186938124422,-1.0461621679246689
2013-04-25 09:00:00,24.5,75,0.0,2.6,344,0.7166571251241979,-2.499280409439629
2013-04-25 10:00:00,25.2,74,0.0,4.9,324,2.8801477362331185,-3.9641832724372428
2013-04-25 11:00:00,25.7,74,0.0,5.9,322,3.6324027044213842,-4.64926344627966
2013-04-25 12:00:00,25.7,76,0.0,6.4,313,4.6806636903626915,-4.36478950439999
2013-04-25 13:00:00,25.9,71,0.1,6.9,313,5.046340541172277,-4.70578868443124
2013-04-25 14:00:00,25.7,73,0.1,8.4,310,6.4347733221994154,-5.39941592136693
2013-04-25 15:00:00,24.1,83,0.0,8.2,331,3.975438886019964,-7.171881598543044
2013-04-25 16:00:00,23.8,83,0.0,7.2,354,0.752604935527105,-7.160557646651568
2013-04-25 17:00:00,23.3,85,0.0,7.2,354,0.752604935527105,-7.160557646651568
2013-04-25 18:00:00,22.4,90,0.0,7.9,360,4.837354856632045e-16,-7.9
2013-04-25 19:00:00,21.7,94,0.0,8.0,8,-1.1133848076805266,-7.922144549932562
2013-04-25 20:00:00,21.3,96,0.0,6.6,22,-2.472403516545021,-6.119413440140796
2013-04-25 21:00:00,21.2,95,0.2,4.6,45,-3.2526911934581193,-3.252691193458118
2013-04-25 22:00:00,20.2,98,0.2,2.7,23,-1.0549740469210394,-2.4853631043215887
2013-04-25 23:00:00,19.5,99,0.2,2.2,360,1.3471114790620887e-16,-2.2
2013-04-26 00:00:00,20.4,97,0.3,0.4,360,2.4492935982947065e-17,-0.4
2013-04-26 01:00:00,20.4,96,0.6,1.1,180,6.735557395310444e-17,1.1
2013-04-26 02:00:00,20.1,97,0.8,1.3,146,-0.7269507745119708,1.0777488443215544
2013-04-26 03:00:00,21.1,86,0.2,1.9,158,-0.7117525274902329,1.761649323676896
2013-04-26 04:00:00,20.9,88,0.5,2.5,180,1.5308084989341916e-16,2.5
2013-04-26 05:00:00,20.8,88,0.8,2.3,231,1.7874357113510329,1.4474368994146258
2013-04-26 06:00:00,19.1,96,0.9,2.9,330,1.4500000000000002,-2.5114736709748717
2013-04-26 07:00:00,19.8,95,1.0,4.7,4,-0.32785542659739025,-4.688551036221174
2013-04-26 08:00:00,19.4,96,0.9,5.8,353,0.7068421917498554,-5.756767679519667
2013-04-26 09:00:00,19.5,97,0.8,8.2,345,2.12231616984067,-7.92059177557036
2013-04-26 10:00:00,19.7,98,2.1,8.1,347,1.8221035401853058,-7.892397524760405
2013-04-26 11:00:00,20.1,94,1.9,6.8,342,2.1013155617496424,-6.467184310807044
2013-04-26 12:00:00,20.5,93,1.7000000000000002,4.6,321,2.894873798829252,-3.5748714227020657
2013-04-26 13:00:00,21.6,92,2.0,4.5,284,4.366330768241984,-1.0886485301985047
2013-04-26 14:00:00,21.1,98,3.8,4.3,265,4.283637201794505,0.3747696938149301
2013-04-26 15:00:00,22.0,90,1.7000000000000002,5.4,270,5.4,0.0
2013-04-26 16:00:00,21.5,94,1.7000000000000002,5.4,270,5.4,0.0
2013-04-26 17:00:00,21.2,95,2.2,5.2,254,4.998560818879258,1.4333142502483958
2013-04-26 18:00:00,20.8,96,2.1,4.5,256,4.366330768241984,1.0886485301985047
2013-04-26 19:00:00,20.6,95,2.0,4.4,235,3.604268994871564,2.523736319944603
2013-04-26 20:00:00,20.2,96,1.6,4.9,234,3.9641832724372428,2.8801477362331185
2013-04-26 21:00:00,20.0,96,1.6,3.8,229,2.8678964048465336,2.4930243101639276
2013-04-26 22:00:00,19.7,97,1.4,4.1,218,2.524212048835199,3.23084408978756
2013-04-26 23:00:00,19.6,97,1.3,3.8,229,2.8678964048465336,2.4930243101639276
2013-04-27 00:00:00,19.5,97,1.1,4.2,239,3.600102662948872,2.1631599146222276
2013-04-27 01:00:00,19.4,97,1.0,4.3,228,3.195522749552795,2.8772616073430903
2013-04-27 02:00:00,19.4,97,0.7000000000000001,5.9,232,4.64926344627966,3.6324027044213842
2013-04-27 03:00:00,19.6,95,1.3,4.5,241,3.935788682127281,2.1816432911085166
2013-04-27 04:00:00,19.3,96,0.8,5.0,240,4.330127018922194,2.4999999999999996
2013-04-27 05:00:00,19.3,96,0.6,4.7,238,3.9858260519352022,2.490620541896063
2013-04-27 06:00:00,19.3,96,0.5,4.0,243,3.5640260967534716,1.815961998958187
2013-04-27 07:00:00,19.9,94,0.4,4.4,235,3.604268994871564,2.523736319944603
2013-04-27 08:00:00,20.2,92,0.4,4.7,212,2.490620541896063,3.9858260519352022
2013-04-27 09:00:00,20.7,90,0.4,5.1,231,3.963444403430551,3.2095339943541705
2013-04-27 10:00:00,21.3,85,0.5,6.5,236,5.38874422160777,3.634753872559855
2013-04-27 11:00:00,22.3,79,0.7000000000000001,7.0,258,6.84703320513664,1.4553818357243153
2013-04-27 12:00:00,22.3,81,0.9,7.9,267,7.889173324561134,0.4134540543192563
2013-04-27 13:00:00,22.7,76,1.2,8.7,277,8.6351515192795,-1.060263287624783
2013-04-27 14:00:00,22.3,80,1.4,7.9,286,7.59396739791272,-2.1775351109542935
2013-04-27 15:00:00,21.7,82,1.4,5.9,284,5.7247447850283795,-1.4273391840380396
2013-04-27 16:00:00,21.8,82,1.4,5.1,274,5.087576656325103,-0.35575801609503904
2013-04-27 17:00:00,21.3,84,0.7000000000000001,4.7,274,4.688551036221174,-0.3278554265973889
2013-04-27 18:00:00,21.2,84,0.3,2.9,300,2.511473670974872,-1.4499999999999997
2013-04-27 19:00:00,20.3,92,0.0,3.1,315,2.1920310216782974,-2.192031021678297
2013-04-27 20:00:00,20.1,92,0.1,2.9,300,2.511473670974872,-1.4499999999999997
2013-04-27 21:00:00,19.9,91,0.1,2.5,278,2.475670171853926,-0.3479327524001636
2013-04-27 22:00:00,19.9,91,0.0,3.3,276,3.2819222547153015,-0.3449439287832564
2013-04-27 23:00:00,20.0,91,0.0,2.2,279,2.1729143493093033,-0.34415582308850795
2013-04-28 00:00:00,19.6,92,0.0,3.3,311,2.4905416147351476,-2.1649947956686737
2013-04-28 01:00:00,19.1,95,0.2,4.0,350,0.6945927106677217,-3.939231012048832
2013-04-28 02:00:00,18.5,97,0.3,4.3,360,2.632990618166809e-16,-4.3
2013-04-28 03:00:00,19.4,93,0.4,2.5,360,1.5308084989341916e-16,-2.5
2013-04-28 04:00:00,18.3,96,0.1,4.0,333,1.8159619989581872,-3.564026096753471
2013-04-28 05:00:00,18.5,96,0.3,3.4,18,-1.0506577808748216,-3.233592155403522
2013-04-28 06:00:00,17.8,97,0.2,5.4,37,-3.2498011250210608,-4.312631754255381
2013-04-28 07:00:00,19.5,95,0.2,5.8,22,-2.1727182418122912,-5.377666356487366
2013-04-28 08:00:00,20.3,88,0.2,7.2,360,4.4087284769304716e-16,-7.2
2013-04-28 09:00:00,21.5,83,0.0,7.0,348,1.4553818357243162,-6.847033205136639
2013-04-28 10:00:00,22.3,80,0.1,6.8,335,2.873804179836756,-6.162892951849219
2013-04-28 11:00:00,23.3,78,0.0,8.3,326,4.641301098807199,-6.881011852206847
2013-04-28 12:00:00,24.2,75,0.2,9.2,315,6.505382386916237,-6.505382386916236
2013-04-28 13:00:00,23.7,79,0.8,7.4,321,4.656970893768798,-5.750880114781585
2013-04-28 14:00:00,23.0,81,1.5,8.6,327,4.683895701129233,-7.212566884330647
2013-04-28 15:00:00,23.0,78,0.4,8.2,331,3.975438886019964,-7.171881598543044
2013-04-28 16:00:00,22.7,81,0.1,8.1,347,1.8221035401853058,-7.892397524760405
2013-04-28 17:00:00,22.4,83,0.0,7.6,357,0.3977532674463741,-7.589584464134761
2013-04-28 18:00:00,22.2,84,0.0,4.6,39,-2.894873798829254,-3.5748714227020644
2013-04-28 19:00:00,21.2,89,0.0,4.4,35,-2.523736319944604,-3.604268994871563
2013-04-28 20:00:00,21.2,85,0.0,4.2,70,-3.9467090073008158,-1.4364846019678084
2013-04-28 21:00:00,19.1,92,0.0,3.7,79,-3.632020578756357,-0.7059932828932155
2013-04-28 22:00:00,17.6,95,0.0,3.4,72,-3.2335921554035223,-1.0506577808748208
2013-04-28 23:00:00,16.7,97,0.0,3.6,96,-3.580278823325784,0.37630246776355347
2013-04-29 00:00:00,16.2,97,0.0,4.5,104,-4.366330768241984,1.0886485301985047
2013-04-29 01:00:00,15.9,94,0.0,4.5,104,-4.366330768241984,1.0886485301985047
2013-04-29 02:00:00,15.2,97,0.0,3.1,111,-2.8940993221413254,1.1109406435904308
2013-04-29 03:00:00,15.8,93,0.0,2.2,90,-2.2,2.6942229581241775e-16
2013-04-29 04:00:00,15.3,94,0.0,1.8,79,-1.7669289302057951,-0.3434561916777805
2013-04-29 05:00:00,14.6,96,0.0,2.6,74,-2.499280409439629,-0.7166571251241974
2013-04-29 06:00:00,15.0,93,0.0,2.6,74,-2.499280409439629,-0.7166571251241974
2013-04-29 07:00:00,18.5,92,0.0,3.2,90,-3.2,3.9188697572715305e-16
2013-04-29 08:00:00,22.9,67,0.0,2.2,351,0.34415582308850806,-2.1729143493093033
2013-04-29 09:00:00,24.2,66,0.0,4.7,328,2.490620541896063,-3.9858260519352022
2013-04-29 10:00:00,25.2,67,0.0,5.6,310,4.289848881466277,-3.5996106142446194
2013-04-29 11:00:00,25.9,68,0.0,6.5,304,5.38874422160777,-3.634753872559855
2013-04-29 12:00:00,26.4,68,0.0,6.8,302,5.766727053863696,-3.603450996785793
2013-04-29 13:00:00,26.7,68,0.0,7.0,305,5.7340643100229425,-4.015035054457322
2013-04-29 14:00:00,26.5,69,0.0,6.5,304,5.38874422160777,-3.634753872559855
2013-04-29 15:00:00,26.1,71,0.0,6.3,301,5.400153994423308,-3.244739871933341
2013-04-29 16:00:00,25.4,74,0.0,5.3,298,4.679622242152313,-2.4881992827652213
2013-04-29 17:00:00,24.9,76,0.0,3.7,281,3.632020578756357,-0.7059932828932158
2013-04-29 18:00:00,24.4,78,0.0,5.1,321,3.209533994354171,-3.963444403430551
2013-04-29 19:00:00,23.3,83,0.0,2.5,360,1.5308084989341916e-16,-2.5
2013-04-29 20:00:00,22.7,85,0.0,1.8,37,-1.083267041673687,-1.437543918085127
2013-04-29 21:00:00,22.3,85,0.0,0.4,180,2.4492935982947065e-17,0.4
2013-04-29 22:00:00,22.0,85,0.0,2.6,124,-2.1554976886431083,1.453901549023942
2013-04-29 23:00:00,21.8,84,0.0,2.1,121,-1.8000513314744357,1.0815799573111142
2013-04-30 00:00:00,21.0,85,0.0,2.3,141,-1.4474368994146256,1.7874357113510333
2013-04-30 01:00:00,20.0,85,0.0,2.6,146,-1.4539015490239415,2.1554976886431088
2013-04-30 02:00:00,19.6,85,0.0,3.5,156,-1.423578250765301,3.197409101749103
2013-04-30 03:00:00,17.4,95,0.0,4.0,153,-1.8159619989581868,3.5640260967534716
2013-04-30 04:00:00,17.2,94,0.0,4.7,148,-2.4906205418960625,3.9858260519352027
2013-04-30 05:00:00,17.1,92,0.0,4.6,141,-2.894873798829251,3.5748714227020666
2013-04-30 06:00:00,17.3,91,0.0,5.1,135,-3.606244584051392,3.6062445840513924
2013-04-30 07:00:00,20.1,91,0.0,6.5,146,-3.6347538725598536,5.388744221607771
2013-04-30 08:00:00,24.3,71,0.0,7.6,180,4.653657836759942e-16,7.6
2013-04-30 09:00:00,25.0,70,0.0,10.1,197,2.952954217699641,9.658678035226657
2013-04-30 10:00:00,26.4,66,0.0,11.4,198,3.522793735874401,10.84204428576475
2013-04-30 11:00:00,27.1,64,0.0,12.0,201,4.300415394543604,11.202965117966421
2013-04-30 12:00:00,27.7,62,0.0,11.6,206,5.085105302753298,10.426010937070338
2013-04-30 13:00:00,28.3,60,0.0,11.9,209,5.769234480931412,10.40797451495881
2013-04-30 14:00:00,26.8,65,0.5,11.8,203,4.61062731617343,10.861957270738797
2013-04-30 15:00:00,27.0,64,0.0,10.7,192,2.224655091750026,10.46617932785172
2013-04-30 16:00:00,26.8,65,0.0,9.3,196,2.5634274090980926,8.939733772226367
2013-04-30 17:00:00,26.4,69,0.0,7.6,211,3.9142893693164114,6.5144714853360535
2013-04-30 18:00:00,25.3,76,0.0,5.4,180,3.3065463576978537e-16,5.4
2013-04-30 19:00:00,24.0,82,0.0,4.9,163,-1.4326213531414098,4.685893304218874
2013-04-30 20:00:00,22.3,86,0.0,4.0,153,-1.8159619989581868,3.5640260967534716
2013-04-30 21:00:00,21.5,85,0.0,4.2,149,-2.163159914622228,3.600102662948872
2013-04-30 22:00:00,20.8,86,0.5,4.2,149,-2.163159914622228,3.600102662948872
2013-04-30 23:00:00,20.2,87,0.8,3.8,163,-1.1110124779463992,3.633958072659535
2013-05-01 00:00:00,19.9,87,0.8,3.1,159,-1.1109406435904308,2.8940993221413254
2013-05-01 01:00:00,19.9,86,0.7000000000000001,2.3,162,-0.7107390870623789,2.187429987478853
2013-05-01 02:00:00,19.5,88,1.1,1.1,180,6.735557395310444e-17,1.1
2013-05-01 03:00:00,20.5,82,0.8,3.4,162,-1.050657780874821,3.2335921554035223
2013-05-01 04:00:00,19.9,85,1.6,6.4,164,-1.764079077228794,6.1520748540052415
2013-05-01 05:00:00,19.9,85,2.9,7.4,166,-1.7902220274375418,7.180188374442374
2013-05-01 06:00:00,20.1,85,2.1,8.0,172,-1.1133848076805228,7.922144549932563
2013-05-01 07:00:00,21.5,82,1.1,11.0,191,2.098898949141994,10.797899017924303
2013-05-01 08:00:00,23.1,81,0.1,13.8,200,4.71987797789423,12.967758166845535
2013-05-01 09:00:00,23.4,79,1.4,16.4,209,7.950877772039928,14.343763197086089
2013-05-01 10:00:00,24.0,79,1.7000000000000002,14.6,220,9.384699101423475,11.184248869537079
2013-05-01 11:00:00,22.7,84,8.7,10.6,246,9.683581851011569,4.311408416603482
2013-05-01 12:00:00,22.7,87,7.2,9.7,272,9.694091022085228,-0.3385251180142594
2013-05-01 13:00:00,22.8,85,4.5,7.2,288,6.8476069173251055,-2.2249223594996215
2013-05-01 14:00:00,23.4,80,1.1,6.8,295,6.162892951849219,-2.873804179836756
2013-05-01 15:00:00,21.5,88,0.4,5.2,282,5.08636752381579,-1.0811407922523486
2013-05-01 16:00:00,21.3,89,0.2,5.0,291,4.667902132486009,-1.7918397477265013
2013-05-01 17:00:00,21.3,88,0.0,5.2,282,5.08636752381579,-1.0811407922523486
2013-05-01 18:00:00,20.8,91,0.0,4.5,284,4.366330768241984,-1.0886485301985047
2013-05-01 19:00:00,20.0,94,0.0,4.0,275,3.984778792366982,-0.34862297099063266
2013-05-01 20:00:00,19.6,96,0.0,3.9,248,3.616017032810471,1.460965714322057
2013-05-01 21:00:00,19.6,96,0.1,4.5,241,3.935788682127281,2.1816432911085166
2013-05-01 22:00:00,19.5,96,0.2,5.1,231,3.963444403430551,3.2095339943541705
2013-05-01 23:00:00,19.5,96,0.2,5.9,227,4.314986839553106,4.023790324368742
2013-05-02 00:00:00,19.3,96,0.2,6.1,225,4.31335136523794,4.313351365237939
2013-05-02 01:00:00,19.1,97,0.2,5.4,228,4.012982057577929,3.6133052743378347
2013-05-02 02:00:00,19.0,98,0.0,3.8,229,2.8678964048465336,2.4930243101639276
2013-05-02 03:00:00,18.6,98,0.0,3.8,229,2.8678964048465336,2.4930243101639276
2013-05-02 04:00:00,18.6,98,0.0,3.3,229,2.4905416147351476,2.1649947956686737
2013-05-02 05:00:00,18.8,97,0.1,3.3,229,2.4905416147351476,2.1649947956686737
2013-05-02 06:00:00,18.7,98,0.2,2.6,196,0.7166571251241979,2.499280409439629
2013-05-02 07:00:00,19.2,97,0.4,4.3,204,1.7489675652259409,3.9282454678631837
2013-05-02 08:00:00,20.1,94,0.8,5.1,219,3.209533994354171,3.963444403430551
2013-05-02 09:00:00,20.5,93,1.1,6.9,227,5.046340541172277,4.70578868443124
2013-05-02 10:00:00,20.9,88,1.2,6.9,231,5.3623071340531,4.342310698243878
2013-05-02 11:00:00,21.2,86,1.3,7.2,243,6.415246974156249,3.2687315981247367
2013-05-02 12:00:00,21.4,83,1.4,8.1,257,7.892397524760405,1.8221035401853065
2013-05-02 13:00:00,21.8,83,0.8,8.3,265,8.268415994161488,0.7233926648055629
2013-05-02 14:00:00,21.5,84,0.9,7.9,267,7.889173324561134,0.4134540543192563
2013-05-02 15:00:00,21.3,86,0.3,6.9,264,6.862201078041086,0.721246396546809
2013-05-02 16:00:00,21.4,86,0.4,6.2,263,6.153786140176196,0.7555899291119144
2013-05-02 17:00:00,21.4,84,0.2,5.9,259,5.791600382341218,1.1257730727216144
2013-05-02 18:00:00,21.0,86,0.3,4.1,255,3.96029588778518,1.061158084920335
2013-05-02 19:00:00,20.4,88,0.3,3.9,248,3.616017032810471,1.460965714322057
2013-05-02 20:00:00,19.7,94,0.4,4.6,231,3.5748714227020657,2.8948737988292517
2013-05-02 21:00:00,19.3,94,0.4,3.3,221,2.1649947956686737,2.4905416147351476
2013-05-02 22:00:00,20.0,89,1.1,4.1,225,2.899137802864845,2.8991378028648445
2013-05-02 23:00:00,20.1,89,1.3,4.2,250,3.9467090073008158,1.4364846019678086
2013-05-03 00:00:00,20.1,88,0.2,4.5,256,4.366330768241984,1.0886485301985047
2013-05-03 01:00:00,19.6,91,0.1,4.7,274,4.688551036221174,-0.3278554265973889
2013-05-03 02:00:00,19.7,90,0.2,3.6,270,3.6,0.0
2013-05-03 03:00:00,18.9,96,0.8,4.0,275,3.984778792366982,-0.34862297099063266
2013-05-03 04:00:00,18.8,96,1.8,5.7,288,5.421022142882375,-1.7613968679372003
2013-05-03 05:00:00,19.0,95,1.6,4.6,309,3.5748714227020657,-2.8948737988292517
2013-05-03 06:00:00,19.7,91,1.0,1.6,63,-1.4256104387013888,-0.7263847995832747
2013-05-03 07:00:00,20.2,88,0.9,0.8,27,-0.36319239979163753,-0.7128052193506943
2013-05-03 08:00:00,20.2,91,1.2,4.0,333,1.8159619989581872,-3.564026096753471
2013-05-03 09:00:00,20.4,92,1.0,5.1,321,3.209533994354171,-3.963444403430551
2013-05-03 10:00:00,20.7,92,0.7000000000000001,5.2,304,4.310995377286217,-2.907803098047884
2013-05-03 11:00:00,21.0,91,0.4,6.0,287,5.737828535778212,-1.7542302283364206
2013-05-03 12:00:00,21.3,90,0.4,6.5,273,6.49109197590473,-0.3401837155791349
2013-05-03 13:00:00,21.1,92,0.4,5.6,285,5.4091846272187825,-1.4493866525741161
2013-05-03 14:00:00,21.2,92,1.0,5.1,309,3.963444403430551,-3.2095339943541705
2013-05-03 15:00:00,21.2,88,0.2,4.6,321,2.894873798829252,-3.5748714227020657
2013-05-03 16:00:00,21.3,89,0.0,4.4,325,2.5237363199446032,-3.604268994871564
2013-05-03 17:00:00,21.6,88,0.0,3.8,319,2.4930243101639276,-2.8678964048465336
2013-05-03 18:00:00,21.4,88,0.0,5.0,339,1.791839747726502,-4.667902132486009
2013-05-03 19:00:00,20.9,93,0.0,5.8,4,-0.40458754771592836,-5.78587149150698
2013-05-03 20:00:00,20.9,90,0.0,4.2,20,-1.436484601967808,-3.9467090073008158
2013-05-03 21:00:00,20.6,92,0.0,2.0,45,-1.4142135623730954,-1.414213562373095
2013-05-03 22:00:00,19.0,96,0.0,0.8,27,-0.36319239979163753,-0.7128052193506943
2013-05-03 23:00:00,18.8,95,0.3,0.7000000000000001,180,4.2862637970157366e-17,0.7000000000000001
2013-05-04 00:00:00,18.9,94,0.0,0.5,135,-0.35355339059327373,0.3535533905932738
2013-05-04 01:00:00,19.2,91,0.2,1.8,90,-1.8,2.2043642384652358e-16
2013-05-04 02:00:00,18.7,92,0.2,2.6,74,-2.499280409439629,-0.7166571251241974
2013-05-04 03:00:00,17.3,94,0.0,2.1,59,-1.800051331474436,-1.0815799573111138
2013-05-04 04:00:00,17.5,94,0.0,1.9,22,-0.7117525274902333,-1.7616493236768958
2013-05-04 05:00:00,18.0,90,0.0,2.3,51,-1.7874357113510326,-1.4474368994146265
2013-05-04 06:00:00,18.2,88,0.4,1.8,37,-1.083267041673687,-1.437543918085127
2013-05-04 07:00:00,20.1,90,0.0,1.5,45,-1.0606601717798214,-1.0606601717798212
2013-05-04 08:00:00,22.0,81,0.0,3.8,311,2.8678964048465336,-2.4930243101639276
2013-05-04 09:00:00,22.7,80,0.0,6.4,313,4.6806636903626915,-4.36478950439999
2013-05-04 10:00:00,23.6,78,0.0,5.9,313,4.314986839553106,-4.023790324368742
2013-05-04 11:00:00,23.6,79,0.0,5.9,317,4.023790324368742,-4.314986839553106
2013-05-04 12:00:00,23.6,80,0.4,9.4,320,6.04220353105347,-7.200817765318393
2013-05-04 13:00:00,23.3,80,0.1,8.1,339,2.902780391316933,-7.5620014546273335
2013-05-04 14:00:00,23.3,81,0.0,10.5,329,5.407899786555569,-9.00025665737218
2013-05-04 15:00:00,23.3,84,1.5,10.2,337,3.985457510590592,-9.389149505214892
2013-05-04 16:00:00,22.7,87,0.1,8.9,339,3.1894747509531736,-8.308865795825096
2013-05-04 17:00:00,22.2,90,0.0,7.4,331,3.587591189822895,-6.472185832831529
2013-05-04 18:00:00,21.9,91,0.0,5.6,345,1.4493866525741161,-5.4091846272187825
2013-05-04 19:00:00,21.2,94,0.0,5.9,346,1.4273391840380394,-5.7247447850283795
2013-05-04 20:00:00,20.9,96,0.0,5.4,4,-0.37668495821827813,-5.386845871403051
2013-05-04 21:00:00,20.5,97,0.0,3.1,21,-1.1109406435904323,-2.894099322141325
2013-05-04 22:00:00,20.2,97,0.0,1.3,34,-0.7269507745119705,-1.0777488443215544
2013-05-04 23:00:00,20.1,96,0.0,1.0,45,-0.7071067811865477,-0.7071067811865475
2013-05-05 00:00:00,20.2,95,0.0,1.9,68,-1.761649323676896,-0.7117525274902328
2013-05-05 01:00:00,19.7,95,0.0,1.9,68,-1.761649323676896,-0.7117525274902328
2013-05-05 02:00:00,19.6,93,0.0,1.9,68,-1.761649323676896,-0.7117525274902328
2013-05-05 03:00:00,18.6,94,0.0,1.8,53,-1.437543918085127,-1.0832670416736871
2013-05-05 04:00:00,17.8,95,0.0,2.4,63,-2.138415658052083,-1.089577199374912
2013-05-05 05:00:00,17.4,94,0.0,2.4,63,-2.138415658052083,-1.089577199374912
2013-05-05 06:00:00,17.7,93,0.0,3.6,37,-2.166534083347374,-2.875087836170254
2013-05-05 07:00:00,20.6,92,0.0,5.1,39,-3.2095339943541727,-3.96344440343055
2013-05-05 08:00:00,23.2,82,0.0,6.2,7,-0.7555899291119125,-6.153786140176197
2013-05-05 09:00:00,24.4,81,0.0,6.8,335,2.873804179836756,-6.162892951849219
2013-05-05 10:00:00,25.5,79,0.0,6.9,321,4.342310698243879,-5.3623071340531
2013-05-05 11:00:00,26.0,76,0.5,7.2,307,5.750175672340508,-4.333068166694748
2013-05-05 12:00:00,25.5,79,0.2,5.7,305,4.669166652447253,-3.2693856872009626
2013-05-05 13:00:00,24.4,82,0.5,5.0,300,4.330127018922194,-2.4999999999999996
2013-05-05 14:00:00,24.7,80,0.5,5.2,326,2.9078030980478835,-4.3109953772862175
2013-05-05 15:00:00,24.6,78,0.2,5.5,337,2.1490212066910055,-5.062776693988422
2013-05-05 16:00:00,24.9,78,0.0,6.3,336,2.5624408513775414,-5.755336383148386
2013-05-05 17:00:00,24.1,83,0.0,6.3,336,2.5624408513775414,-5.755336383148386
2013-05-05 18:00:00,23.7,85,0.0,5.9,322,3.6324027044213842,-4.64926344627966
2013-05-05 19:00:00,22.8,92,0.0,5.9,322,3.6324027044213842,-4.64926344627966
2013-05-05 20:00:00,22.1,94,0.0,6.2,353,0.7555899291119145,-6.153786140176196
2013-05-05 21:00:00,22.1,94,0.0,3.0,14,-0.7257656867990033,-2.9108871788279895
2013-05-05 22:00:00,21.6,95,0.0,1.5,14,-0.36288284339950166,-1.4554435894139948
2013-05-05 23:00:00,21.0,96,0.0,1.1,72,-1.046162167924669,-0.33991869381244205
2013-05-06 00:00:00,20.5,97,0.0,2.3,108,-2.1874299874788528,0.7107390870623792
2013-05-06 01:00:00,20.2,97,0.0,2.2,99,-2.172914349309303,0.3441558230885082
2013-05-06 02:00:00,19.4,96,0.0,2.9,97,-2.8783838397598336,0.35342109587492787
2013-05-06 03:00:00,19.0,93,0.0,3.0,104,-2.9108871788279895,0.7257656867990032
2013-05-06 04:00:00,19.1,90,0.0,2.4,117,-2.138415658052083,1.0895771993749124
2013-05-06 05:00:00,19.8,85,0.0,1.3,124,-1.0777488443215542,0.726950774511971
2013-05-06 06:00:00,20.2,82,0.0,2.3,129,-1.7874357113510329,1.4474368994146258
2013-05-06 07:00:00,21.5,89,0.0,1.3,214,0.7269507745119709,1.0777488443215544
2013-05-06 08:00:00,24.0,81,0.0,3.1,249,2.8940993221413254,1.1109406435904308
2013-05-06 09:00:00,25.0,78,0.0,4.1,255,3.96029588778518,1.061158084920335
2013-05-06 10:00:00,25.8,75,0.1,6.2,260,6.10580806867569,1.0766187015349682
2013-05-06 11:00:00,26.3,70,0.2,7.6,262,7.5260373224359345,1.0577155672964973
2013-05-06 12:00:00,25.6,74,1.1,8.3,265,8.268415994161488,0.7233926648055629
2013-05-06 13:00:00,25.8,78,0.5,5.8,266,5.78587149150698,0.40458754771592675
2013-05-06 14:00:00,26.0,80,0.8,4.0,260,3.939231012048832,0.6945927106677213
2013-05-06 15:00:00,25.3,80,0.8,6.5,289,6.1458707413955596,-2.1161930039715187
2013-05-06 16:00:00,24.0,84,2.4,6.9,317,4.70578868443124,-5.046340541172277
2013-05-06 17:00:00,24.3,82,0.1,5.6,315,3.9597979746446663,-3.9597979746446654
2013-05-06 18:00:00,23.7,85,0.0,3.8,319,2.4930243101639276,-2.8678964048465336
2013-05-06 19:00:00,22.6,92,0.0,5.6,345,1.4493866525741161,-5.4091846272187825
2013-05-06 20:00:00,21.9,96,0.0,4.8,27,-2.179154398749825,-4.276831316104166
2013-05-06 21:00:00,21.6,94,0.0,4.3,42,-2.87726160734309,-3.195522749552796
2013-05-06 22:00:00,21.7,93,0.0,3.4,58,-2.8833635269318485,-1.8017254983928963
2013-05-06 23:00:00,22.0,90,0.0,3.4,72,-3.2335921554035223,-1.0506577808748208
2013-05-07 00:00:00,21.7,91,0.0,2.7,67,-2.485363104321589,-1.0549740469210387
2013-05-07 01:00:00,19.3,96,0.0,2.3,39,-1.447436899414627,-1.7874357113510322
2013-05-07 02:00:00,18.1,99,0.0,2.0,45,-1.4142135623730954,-1.414213562373095
2013-05-07 03:00:00,17.7,98,0.0,2.1,59,-1.800051331474436,-1.0815799573111138
2013-05-07 04:00:00,17.4,96,0.0,1.9,68,-1.761649323676896,-0.7117525274902328
2013-05-07 05:00:00,17.1,97,0.0,1.8,53,-1.437543918085127,-1.0832670416736871
2013-05-07 06:00:00,17.3,96,0.0,2.3,39,-1.447436899414627,-1.7874357113510322
2013-05-07 07:00:00,20.8,91,0.0,2.3,39,-1.447436899414627,-1.7874357113510322
2013-05-07 08:00:00,23.2,83,0.0,2.8,320,1.7998053071223101,-2.1449244407331385
2013-05-07 09:00:00,24.3,80,0.0,4.1,308,3.2308440897875594,-2.524212048835199
2013-05-07 10:00:00,25.4,76,0.0,5.2,295,4.7128004925905795,-2.197614961051637
2013-05-07 11:00:00,25.8,75,0.1,7.1,294,6.486172749262466,-2.8878301658381815
2013-05-07 12:00:00,25.5,74,0.3,8.2,299,7.171881598543044,-3.9754388860199636
2013-05-07 13:00:00,24.2,81,1.0,7.1,300,6.148780366869515,-3.5499999999999994
2013-05-07 14:00:00,25.1,80,0.4,5.1,321,3.209533994354171,-3.963444403430551
2013-05-07 15:00:00,24.3,82,0.4,5.7,325,3.269385687200963,-4.669166652447253
2013-05-07 16:00:00,24.5,81,0.5,4.8,333,2.1791543987498248,-4.276831316104166
2013-05-07 17:00:00,24.4,83,0.0,5.3,332,2.4881992827652213,-4.679622242152313
2013-05-07 18:00:00,24.0,85,0.0,5.2,326,2.9078030980478835,-4.3109953772862175
2013-05-07 19:00:00,23.2,93,0.0,3.3,347,0.7423384793347542,-3.2154212137912763
2013-05-07 20:00:00,23.2,90,0.0,1.6,333,0.726384799583275,-1.4256104387013886
2013-05-07 21:00:00,23.0,91,0.0,1.5,315,1.0606601717798214,-1.0606601717798212
2013-05-07 22:00:00,22.2,93,0.0,1.5,166,-0.36288284339950166,1.4554435894139948
2013-05-07 23:00:00,21.3,95,0.1,2.2,171,-0.34415582308850784,2.1729143493093033
2013-05-08 00:00:00,20.7,95,0.0,3.3,174,-0.3449439287832567,3.2819222547153015
2013-05-08 01:00:00,20.3,95,0.0,5.0,180,3.061616997868383e-16,5.0
2013-05-08 02:00:00,20.3,93,0.0,5.9,169,-1.1257730727216144,5.791600382341218
2013-05-08 03:00:00,19.6,92,0.4,5.6,140,-3.5996106142446203,4.289848881466277
2013-05-08 04:00:00,20.1,89,0.0,4.2,160,-1.4364846019678086,3.9467090073008158
2013-05-08 05:00:00,20.1,87,0.0,3.3,186,0.3449439287832564,3.2819222547153015
2013-05-08 06:00:00,19.7,89,0.0,1.8,143,-1.0832670416736871,1.4375439180851268
2013-05-08 07:00:00,22.1,90,0.0,0.8,207,0.3631923997916375,0.7128052193506943
2013-05-08 08:00:00,23.8,85,0.0,3.7,281,3.632020578756357,-0.7059932828932158
2013-05-08 09:00:00,25.1,81,0.0,4.3,275,4.283637201794505,-0.3747696938149301
2013-05-08 10:00:00,26.0,77,0.2,6.6,261,6.518743047927909,1.0324674692655236
2013-05-08 11:00:00,26.4,76,0.2,9.4,270,9.4,0.0
2013-05-08 12:00:00,25.9,79,0.2,9.7,272,9.694091022085228,-0.3385251180142594
2013-05-08 13:00:00,24.9,81,1.3,9.4,277,9.329933825428427,-1.1455718280083864
2013-05-08 14:00:00,24.5,81,1.6,7.4,284,7.180188374442374,-1.7902220274375413
2013-05-08 15:00:00,24.2,83,0.6,6.5,304,5.38874422160777,-3.634753872559855
2013-05-08 16:00:00,24.6,81,0.4,5.6,315,3.9597979746446663,-3.9597979746446654
2013-05-08 17:00:00,24.4,81,0.2,4.9,306,3.9641832724372428,-2.8801477362331185
2013-05-08 18:00:00,24.2,82,0.0,3.3,319,2.1649947956686737,-2.4905416147351476
2013-05-08 19:00:00,24.0,82,0.0,4.5,331,2.181643291108517,-3.935788682127281
2013-05-08 20:00:00,23.7,84,0.0,3.2,333,1.45276959916655,-2.851220877402777
2013-05-08 21:00:00,23.5,86,0.0,1.6,333,0.726384799583275,-1.4256104387013886
2013-05-08 22:00:00,23.4,86,0.0,1.4,360,8.572527594031472e-17,-1.4
2013-05-08 23:00:00,23.1,88,0.0,0.7000000000000001,270,0.7000000000000001,0.0
2013-05-09 00:00:00,22.8,90,0.0,0.7000000000000001,270,0.7000000000000001,0.0
2013-05-09 01:00:00,22.4,92,0.0,1.1,252,1.0461621679246689,0.33991869381244216
2013-05-09 02:00:00,21.9,95,0.0,1.8,169,-0.34345619167778063,1.7669289302057951
2013-05-09 03:00:00,21.4,92,0.1,2.3,198,0.7107390870623791,2.1874299874788528
2013-05-09 04:00:00,21.4,92,0.0,3.1,201,1.1109406435904312,2.8940993221413254
2013-05-09 05:00:00,21.4,91,0.1,2.5,172,-0.3479327524001634,2.475670171853926
2013-05-09 06:00:00,22.0,90,0.0,1.5,225,1.0606601717798214,1.0606601717798212
2013-05-09 07:00:00,22.5,94,0.2,3.3,174,-0.3449439287832567,3.2819222547153015
2013-05-09 08:00:00,23.6,89,0.3,5.1,94,-5.087576656325103,0.35575801609504015
2013-05-09 09:00:00,24.9,82,0.0,0.8,153,-0.36319239979163737,0.7128052193506944
2013-05-09 10:00:00,25.1,83,0.0,5.1,262,5.050367150582009,0.7097828148963337
2013-05-09 11:00:00,25.8,82,0.0,6.1,270,6.1,0.0
2013-05-09 12:00:00,26.0,82,0.0,5.4,270,5.4,0.0
2013-05-09 13:00:00,26.1,82,0.0,6.5,267,6.49109197590473,0.3401837155791349
2013-05-09 14:00:00,26.2,83,0.0,7.3,259,7.165878439167947,1.392905666248777
2013-05-09 15:00:00,26.1,81,0.0,4.5,256,4.366330768241984,1.0886485301985047
2013-05-09 16:00:00,26.4,79,0.2,1.8,270,1.8,0.0
2013-05-09 17:00:00,26.4,79,0.0,2.4,297,2.138415658052083,-1.0895771993749122
2013-05-09 18:00:00,25.8,83,0.0,5.4,290,5.074340152243906,-1.8469087739586112
2013-05-09 19:00:00,24.3,91,0.0,2.5,278,2.475670171853926,-0.3479327524001636
2013-05-09 20:00:00,23.6,93,0.0,3.0,256,2.9108871788279895,0.7257656867990032
2013-05-09 21:00:00,22.1,96,0.5,0.7000000000000001,90,-0.7000000000000001,8.572527594031473e-17
2013-05-09 22:00:00,21.1,97,0.6,6.1,93,-6.0916401620029,0.3192493330819572
2013-05-09 23:00:00,21.3,94,0.0,4.0,95,-3.984778792366982,0.3486229709906328
2013-05-10 00:00:00,19.9,97,0.0,1.8,90,-1.8,2.2043642384652358e-16
2013-05-10 01:00:00,19.2,98,0.0,2.5,82,-2.475670171853926,-0.3479327524001638
2013-05-10 02:00:00,19.4,96,0.3,2.2,81,-2.1729143493093033,-0.3441558230885076
2013-05-10 03:00:00,18.8,96,0.0,1.5,76,-1.4554435894139948,-0.3628828433995013
2013-05-10 04:00:00,19.8,91,0.4,0.7000000000000001,360,4.2862637970157366e-17,-0.7000000000000001
2013-05-10 05:00:00,21.6,83,1.1,0.4,90,-0.4,4.898587196589413e-17
2013-05-10 06:00:00,22.0,81,1.0,2.2,90,-2.2,2.6942229581241775e-16
2013-05-10 07:00:00,22.2,85,0.9,2.5,360,1.5308084989341916e-16,-2.5
2013-05-10 08:00:00,23.1,86,1.0,2.9,330,1.4500000000000002,-2.5114736709748717
2013-05-10 09:00:00,23.8,85,0.5,0.4,180,2.4492935982947065e-17,0.4
2013-05-10 10:00:00,24.9,82,0.0,4.8,207,2.1791543987498248,4.276831316104166
2013-05-10 11:00:00,26.8,75,0.0,8.8,215,5.0474726398892065,7.208537989743128
2013-05-10 12:00:00,27.3,74,1.0,10.0,218,6.156614753256583,7.88010753606722
2013-05-10 13:00:00,26.6,77,1.7000000000000002,9.7,211,4.995869326627525,8.31452281681049
2013-05-10 14:00:00,27.5,72,1.4,11.7,225,8.273149339882606,8.273149339882604
2013-05-10 15:00:00,26.5,75,0.2,7.6,177,-0.3977532674463732,7.589584464134761
2013-05-10 16:00:00,27.1,70,0.0,7.6,180,4.653657836759942e-16,7.6
2013-05-10 17:00:00,27.2,70,0.0,8.2,221,5.379684037722159,6.18861855782673
2013-05-10 18:00:00,26.2,76,0.0,4.7,189,0.7352419856890854,4.6421352007971475
2013-05-10 19:00:00,24.4,84,0.0,5.5,169,-1.0494494745709964,5.3989495089621515
2013-05-10 20:00:00,22.9,87,0.0,7.0,159,-2.5085756468171017,6.535062985480412
2013-05-10 21:00:00,21.9,88,0.0,7.6,155,-3.211898789229315,6.88793918147854
2013-05-10 22:00:00,21.2,88,0.0,7.4,157,-2.891410350820626,6.811735915548058
2013-05-10 23:00:00,20.9,86,0.0,7.9,164,-2.1775351109542926,7.59396739791272
2013-05-11 00:00:00,21.0,84,0.0,8.7,173,-1.060263287624782,8.635151519279502
2013-05-11 01:00:00,21.6,80,0.0,8.0,175,-0.6972459419812659,7.969557584733964
2013-05-11 02:00:00,21.6,79,0.0,7.1,165,-1.837615220227898,6.858073366652385
2013-05-11 03:00:00,21.4,82,0.0,6.9,152,-3.2393537832226476,6.092338390726596
2013-05-11 04:00:00,21.6,81,0.0,6.3,156,-2.5624408513775414,5.755336383148386
2013-05-11 05:00:00,21.2,81,0.0,6.0,155,-2.535709570444196,5.4378467222199
2013-05-11 06:00:00,21.2,83,0.0,3.1,135,-2.192031021678297,2.1920310216782974
2013-05-11 07:00:00,22.1,84,0.1,3.6,135,-2.545584412271571,2.5455844122715714
2013-05-11 08:00:00,23.8,75,0.2,4.0,153,-1.8159619989581868,3.5640260967534716
2013-05-11 09:00:00,24.4,72,0.5,3.6,180,2.2043642384652358e-16,3.6
2013-05-11 10:00:00,24.3,75,0.6,5.0,240,4.330127018922194,2.4999999999999996
2013-05-11 11:00:00,25.1,75,0.3,7.1,240,6.148780366869515,3.5499999999999994
2013-05-11 12:00:00,25.9,74,0.2,7.1,221,4.658019105832602,5.358438019581681
2013-05-11 13:00:00,25.0,77,1.5,6.6,241,5.772490067120011,3.1997434936258244
2013-05-11 14:00:00,24.9,79,1.0,5.9,218,3.6324027044213842,4.64926344627966
2013-05-11 15:00:00,24.9,77,2.3,7.0,215,4.015035054457323,5.7340643100229425
2013-05-11 16:00:00,24.9,78,2.5,7.0,235,5.7340643100229425,4.015035054457322
2013-05-11 17:00:00,24.5,81,0.8,6.4,218,3.9402334420842133,5.043268823083022
2013-05-11 18:00:00,23.6,86,0.3,2.3,288,2.1874299874788528,-0.710739087062379
2013-05-11 19:00:00,22.5,94,0.7000000000000001,3.5,336,1.4235782507653008,-3.197409101749103
2013-05-11 20:00:00,22.2,92,0.7000000000000001,1.9,22,-0.7117525274902333,-1.7616493236768958
2013-05-11 21:00:00,22.4,90,0.5,1.8,90,-1.8,2.2043642384652358e-16
2013-05-11 22:00:00,22.0,93,0.4,1.6,117,-1.4256104387013886,0.7263847995832751
2013-05-11 23:00:00,21.6,94,0.3,1.3,124,-1.0777488443215542,0.726950774511971
2013-05-12 00:00:00,21.3,94,0.2,1.9,112,-1.7616493236768958,0.7117525274902332
2013-05-12 01:00:00,21.4,93,0.4,2.0,135,-1.414213562373095,1.4142135623730951
2013-05-12 02:00:00,21.3,93,0.4,3.2,153,-1.4527695991665495,2.8512208774027776
2013-05-12 03:00:00,21.7,85,1.0,4.0,153,-1.8159619989581868,3.5640260967534716
2013-05-12 04:00:00,21.9,84,1.1,3.7,151,-1.793795594911447,3.236092916415765
2013-05-12 05:00:00,21.9,84,1.0,5.3,152,-2.4881992827652217,4.679622242152313
2013-05-12 06:00:00,21.9,83,1.2,3.8,139,-2.493024310163927,2.867896404846534
2013-05-12 07:00:00,21.9,89,0.7000000000000001,2.6,146,-1.4539015490239415,2.1554976886431088
2013-05-12 08:00:00,23.7,82,0.4,5.6,207,2.542346798541462,4.989636535454859
2013-05-12 09:00:00,24.2,81,0.3,6.8,205,2.873804179836756,6.162892951849219
2013-05-12 10:00:00,25.2,79,0.3,7.3,213,3.9758649556096977,6.122295146001595
2013-05-12 11:00:00,24.9,81,0.9,8.9,220,5.7208097262102005,6.817795543758905
2013-05-12 12:00:00,25.1,80,2.8,10.8,206,4.734408385322037,9.706975700031006
2013-05-12 13:00:00,25.0,79,3.0,8.8,199,2.8649997592229797,8.320563465273988
2013-05-12 14:00:00,24.7,83,4.6,6.7,196,1.8467702839738944,6.440453362786736
2013-05-12 15:00:00,24.1,87,2.7,6.1,208,2.863776532993934,5.385980316439453
2013-05-12 16:00:00,23.6,87,1.3,6.7,216,3.93816119035957,5.420413862312148
2013-05-12 17:00:00,23.2,91,1.4,6.9,227,5.046340541172277,4.70578868443124
2013-05-12 18:00:00,22.8,93,1.2,4.5,209,2.181643291108517,3.935788682127281
2013-05-12 19:00:00,22.3,96,0.7000000000000001,5.8,202,2.1727182418122895,5.377666356487367
2013-05-12 20:00:00,21.7,97,0.5,4.7,184,0.3278554265973886,4.688551036221174
2013-05-12 21:00:00,21.2,97,0.2,5.1,172,-0.7097828148963332,5.050367150582009
2013-05-12 22:00:00,21.6,95,0.2,5.6,153,-2.542346798541461,4.98963653545486
2013-05-12 23:00:00,22.1,91,0.0,6.5,146,-3.6347538725598536,5.388744221607771
2013-05-13 00:00:00,21.9,91,0.0,4.7,148,-2.4906205418960625,3.9858260519352027
2013-05-13 01:00:00,21.1,94,0.0,3.5,156,-1.423578250765301,3.197409101749103
2013-05-13 02:00:00,18.9,98,0.0,3.2,153,-1.4527695991665495,2.8512208774027776
2013-05-13 03:00:00,21.1,85,0.0,3.8,139,-2.493024310163927,2.867896404846534
2013-05-13 04:00:00,20.7,86,0.0,4.6,129,-3.5748714227020657,2.8948737988292517
2013-05-13 05:00:00,21.4,81,0.0,5.1,135,-3.606244584051392,3.6062445840513924
2013-05-13 06:00:00,22.3,78,0.0,5.9,137,-4.023790324368741,4.314986839553106
2013-05-13 07:00:00,22.3,86,0.0,3.6,174,-0.3763024677635528,3.580278823325784
2013-05-13 08:00:00,23.8,80,0.0,4.0,207,1.8159619989581872,3.564026096753471
2013-05-13 09:00:00,24.4,80,0.0,5.0,201,1.791839747726502,4.667902132486009
2013-05-13 10:00:00,25.2,79,0.4,5.0,201,1.791839747726502,4.667902132486009
2013-05-13 11:00:00,25.0,82,2.0,6.1,220,3.92100441908789,4.6728711030257655
2013-05-13 12:00:00,25.3,80,2.7,6.6,229,4.981083229470295,4.329989591337347
2013-05-13 13:00:00,25.9,79,2.8,6.3,239,5.400153994423308,3.244739871933341
2013-05-13 14:00:00,25.1,83,4.2,5.5,203,2.1490212066910055,5.062776693988422
2013-05-13 15:00:00,26.1,74,1.1,4.9,216,2.8801477362331185,3.9641832724372428
2013-05-13 16:00:00,26.1,75,0.3,4.9,234,3.9641832724372428,2.8801477362331185
2013-05-13 17:00:00,25.5,79,0.1,5.0,249,4.667902132486009,1.7918397477265013
2013-05-13 18:00:00,25.1,80,0.0,3.2,270,3.2,0.0
2013-05-13 19:00:00,23.7,91,0.0,2.9,300,2.511473670974872,-1.4499999999999997
2013-05-13 20:00:00,23.8,87,0.0,1.1,360,6.735557395310444e-17,-1.1
2013-05-13 21:00:00,23.3,89,0.0,1.5,104,-1.4554435894139948,0.3628828433995016
2013-05-13 22:00:00,23.1,89,0.0,3.4,108,-3.233592155403522,1.0506577808748214
2013-05-13 23:00:00,20.9,95,0.0,4.7,113,-4.32637281122647,1.8364363038995868
2013-05-14 00:00:00,19.9,96,0.0,5.2,115,-4.7128004925905795,2.1976149610516376
2013-05-14 01:00:00,19.5,96,0.0,6.1,118,-5.385980316439454,2.863776532993933
2013-05-14 02:00:00,19.2,94,0.0,5.4,127,-4.312631754255382,3.2498011250210603
2013-05-14 03:00:00,18.7,93,0.0,5.7,125,-4.669166652447254,3.269385687200962
2013-05-14 04:00:00,18.1,94,0.0,5.8,120,-5.022947341949744,2.8999999999999995
2013-05-14 05:00:00,18.0,94,0.0,5.7,125,-4.669166652447254,3.269385687200962
2013-05-14 06:00:00,18.2,94,0.0,3.5,114,-3.197409101749103,1.4235782507653014
2013-05-14 07:00:00,21.7,88,0.0,2.7,113,-2.485363104321589,1.0549740469210394
2013-05-14 08:00:00,24.1,76,0.0,2.1,211,1.0815799573111138,1.800051331474436
2013-05-14 09:00:00,25.3,75,0.0,4.3,222,2.8772616073430903,3.195522749552795
2013-05-14 10:00:00,26.2,74,0.0,6.5,236,5.38874422160777,3.634753872559855
2013-05-14 11:00:00,27.1,72,0.1,7.6,245,6.887939181478539,3.211898789229316
2013-05-14 12:00:00,27.4,72,0.3,8.8,251,8.320563465273988,2.8649997592229792
2013-05-14 13:00:00,27.4,73,0.7000000000000001,8.8,258,8.607698886457491,1.8296228791962823
2013-05-14 14:00:00,25.5,80,1.7000000000000002,4.5,209,2.181643291108517,3.935788682127281
2013-05-14 15:00:00,26.3,76,1.2,6.2,201,2.2218812871808624,5.788198644282651
2013-05-14 16:00:00,26.3,76,2.7,6.6,221,4.329989591337347,4.981083229470295
2013-05-14 17:00:00,26.0,78,0.2,6.5,236,5.38874422160777,3.634753872559855
2013-05-14 18:00:00,25.0,83,0.0,3.2,243,2.8512208774027776,1.4527695991665497
2013-05-14 19:00:00,23.8,89,0.0,3.7,169,-0.7059932828932158,3.632020578756357
2013-05-14 20:00:00,22.9,94,0.0,5.6,165,-1.4493866525741166,5.4091846272187825
2013-05-14 21:00:00,23.2,91,0.0,5.9,166,-1.42733918403804,5.7247447850283795
2013-05-14 22:00:00,23.0,92,0.0,6.5,161,-2.116193003971518,6.1458707413955596
2013-05-14 23:00:00,22.9,91,0.0,6.0,147,-3.2678342100901627,5.032023407672543
2013-05-15 00:00:00,22.5,90,0.0,4.3,138,-2.8772616073430903,3.195522749552795
2013-05-15 01:00:00,21.1,91,0.0,4.3,138,-2.8772616073430903,3.195522749552795
2013-05-15 02:00:00,20.9,88,0.0,4.3,138,-2.8772616073430903,3.195522749552795
2013-05-15 03:00:00,18.4,96,0.0,3.7,151,-1.793795594911447,3.236092916415765
2013-05-15 04:00:00,18.4,95,0.0,4.3,138,-2.8772616073430903,3.195522749552795
2013-05-15 05:00:00,18.5,93,0.0,4.3,138,-2.8772616073430903,3.195522749552795
2013-05-15 06:00:00,19.0,92,0.0,4.3,138,-2.8772616073430903,3.195522749552795
2013-05-15 07:00:00,21.6,91,0.0,6.1,140,-3.92100441908789,4.6728711030257655
2013-05-15 08:00:00,25.0,75,0.0,8.0,185,0.6972459419812651,7.969557584733964
2013-05-15 09:00:00,25.9,74,0.0,10.0,206,4.383711467890775,8.98794046299167
2013-05-15 10:00:00,26.9,75,0.0,10.7,213,5.82763767466079,8.973775077016036
2013-05-15 11:00:00,27.7,74,0.4,12.9,207,5.856477446640154,11.493984162029944
2013-05-15 12:00:00,26.9,78,0.7000000000000001,13.1,212,6.941942361454984,11.10943005964918
2013-05-15 13:00:00,26.9,79,2.8,16.3,205,6.888677666373401,14.772816928697395
2013-05-15 14:00:00,26.3,79,1.0,11.3,197,3.303800263366926,10.806243742382302
2013-05-15 15:00:00,26.3,77,1.2,11.2,201,4.013721034907364,10.45610077676866
2013-05-15 16:00:00,26.3,79,1.7000000000000002,10.2,198,3.151973342624464,9.700776466210565
2013-05-15 17:00:00,25.7,82,1.0,8.8,189,1.3766232923540322,8.691657397237213
2013-05-15 18:00:00,25.2,84,0.0,5.5,191,1.049449474570997,5.3989495089621515
2013-05-15 19:00:00,24.0,90,0.0,7.9,177,-0.41345405431925636,7.889173324561134
2013-05-15 20:00:00,23.3,89,0.0,7.2,162,-2.224922359499621,6.847606917325106
2013-05-15 21:00:00,22.8,89,0.0,7.6,161,-2.4743179738743906,7.185941174554808
2013-05-15 22:00:00,21.7,91,0.0,8.0,162,-2.4721359549995787,7.608452130361229
2013-05-15 23:00:00,20.9,93,0.0,8.9,159,-3.1894747509531727,8.308865795825096
2013-05-16 00:00:00,20.4,93,0.0,8.5,152,-3.990508283680073,7.505054539300878
2013-05-16 01:00:00,20.2,92,0.0,8.6,158,-3.2216167033768435,7.973781149274371
2013-05-16 02:00:00,20.2,91,0.0,9.0,164,-2.4807362023529915,8.65135526344487
2013-05-16 03:00:00,21.9,81,0.0,9.2,159,-3.296985135816762,8.588939923774255
2013-05-16 04:00:00,21.7,82,0.0,8.9,153,-4.040515447681965,7.929958065276475
2013-05-16 05:00:00,21.4,83,0.0,7.9,156,-3.213219480298822,7.217009115376547
2013-05-16 06:00:00,21.2,85,0.0,8.5,168,-1.7672493719509543,8.314254606237348
2013-05-16 07:00:00,24.1,81,0.0,9.7,180,5.939536975864663e-16,9.7
2013-05-16 08:00:00,25.7,75,0.0,10.4,182,0.36295476570601126,10.393664600998596
2013-05-16 09:00:00,26.8,72,0.0,12.9,193,2.9018686010358574,12.569373835729534
2013-05-16 10:00:00,28.2,69,0.0,13.7,207,6.219669846431791,12.206789381380638
2013-05-16 11:00:00,28.2,71,0.3,14.1,193,3.1718098662484953,13.738617913471817
2013-05-16 12:00:00,27.8,73,0.3,13.6,191,2.5950023371210107,13.35012969488823
2013-05-16 13:00:00,28.6,70,0.8,16.7,194,4.04009565651445,16.20393862880914
2013-05-16 14:00:00,26.8,75,1.6,14.8,177,-0.7745721523955689,14.779717114367694
2013-05-16 15:00:00,26.5,80,0.9,12.6,182,0.4397336584515136,12.592324420440606
2013-05-16 16:00:00,26.6,79,0.0,11.5,184,0.8021994480574401,11.471986577987979
2013-05-16 17:00:00,26.3,80,0.0,10.3,192,2.1414904154229224,10.074920287558198
2013-05-16 18:00:00,25.3,83,0.0,8.7,173,-1.060263287624782,8.635151519279502
2013-05-16 19:00:00,24.4,85,0.0,7.9,156,-3.213219480298822,7.217009115376547
2013-05-16 20:00:00,23.9,86,0.0,8.6,158,-3.2216167033768435,7.973781149274371
2013-05-16 21:00:00,23.2,86,0.0,9.9,161,-3.2231247291258507,9.360633898433237
2013-05-16 22:00:00,22.6,87,0.0,10.7,160,-3.659615533584655,10.05471104240922
2013-05-16 23:00:00,22.1,86,0.7000000000000001,11.7,169,-2.232465245905574,11.485038046337667
2013-05-17 00:00:00,22.0,85,2.3,10.8,178,-0.3769145643870103,10.793420931806235
2013-05-17 01:00:00,22.0,85,1.7000000000000002,10.2,170,-1.771211412202689,10.045039080724521
2013-05-17 02:00:00,22.1,86,1.3,10.7,166,-2.5885642829164452,10.382164271153162
2013-05-17 03:00:00,22.4,87,3.0,10.6,170,-1.8406706832694613,10.438962181929405
2013-05-17 04:00:00,22.7,87,3.5,10.8,178,-0.3769145643870103,10.793420931806235
2013-05-17 05:00:00,23.0,87,4.4,11.2,182,0.3908743630680121,11.193177262613872
2013-05-17 06:00:00,23.0,89,4.2,7.6,185,0.6623836448822018,7.571079705497266
2013-05-17 07:00:00,22.9,92,2.4,8.6,178,-0.30013567164150823,8.594761112364223
2013-05-17 08:00:00,23.3,92,1.4,8.8,171,-1.3766232923540314,8.691657397237213
2013-05-17 09:00:00,24.2,90,4.4,9.3,167,-2.092044805397945,9.06164160250269
2013-05-17 10:00:00,25.3,85,5.0,7.2,177,-0.3768188849491957,7.190132650232932
2013-05-17 11:00:00,25.5,83,6.6,6.2,173,-0.7555899291119137,6.153786140176197
2013-05-17 12:00:00,25.7,82,4.7,7.2,177,-0.3768188849491957,7.190132650232932
2013-05-17 13:00:00,26.2,79,3.3,7.3,191,1.3929056662487778,7.165878439167947
2013-05-17 14:00:00,25.9,82,4.7,8.0,188,1.1133848076805237,7.922144549932563
2013-05-17 15:00:00,27.2,71,0.4,7.9,204,3.2132194802988217,7.217009115376547
2013-05-17 16:00:00,27.1,69,0.9,9.0,196,2.4807362023529924,8.65135526344487
2013-05-17 17:00:00,25.5,78,1.5,8.9,207,4.040515447681967,7.929958065276474
2013-05-17 18:00:00,24.5,82,1.5,4.9,197,1.4326213531414103,4.685893304218874
2013-05-17 19:00:00,23.8,84,1.8,5.1,176,-0.35575801609503915,5.087576656325103
2013-05-17 20:00:00,23.3,86,1.5,5.4,172,-0.7515347451843529,5.34744757120448
2013-05-17 21:00:00,23.2,86,1.3,7.2,162,-2.224922359499621,6.847606917325106
2013-05-17 22:00:00,22.2,88,1.4,7.2,162,-2.224922359499621,6.847606917325106
2013-05-17 23:00:00,21.7,89,1.6,8.2,165,-2.122316169840671,7.92059177557036
2013-05-18 00:00:00,21.8,87,1.3,8.5,168,-1.7672493719509543,8.314254606237348
2013-05-18 01:00:00,22.1,85,0.7000000000000001,6.6,158,-2.4724035165450196,6.1194134401407965
2013-05-18 02:00:00,21.7,86,0.2,6.6,139,-4.329989591337347,4.981083229470296
2013-05-18 03:00:00,22.5,84,0.3,6.4,137,-4.364789504399989,4.6806636903626915
2013-05-18 04:00:00,22.1,88,0.0,5.7,125,-4.669166652447254,3.269385687200962
2013-05-18 05:00:00,22.0,90,0.0,6.0,163,-1.75423022833642,5.737828535778213
2013-05-18 06:00:00,22.1,90,0.0,7.2,174,-0.7526049355271056,7.160557646651568
2013-05-18 07:00:00,24.7,82,0.3,9.0,196,2.4807362023529924,8.65135526344487
2013-05-18 08:00:00,25.2,81,0.3,11.3,207,5.1300926470568795,10.068373723328557
2013-05-18 09:00:00,25.4,82,0.2,9.4,212,4.981241083792126,7.9716521038704045
2013-05-18 10:00:00,25.3,84,0.6,7.2,177,-0.3768188849491957,7.190132650232932
2013-05-18 11:00:00,26.2,80,0.4,6.6,189,1.032467469265524,6.518743047927909
2013-05-18 12:00:00,27.6,74,0.2,9.2,211,4.738350289172498,7.8859391664594325
2013-05-18 13:00:00,27.5,76,2.2,9.7,222,6.490566881680924,7.208504807130724
2013-05-18 14:00:00,26.5,81,2.7,10.5,196,2.8941922360784913,10.093247807352348
2013-05-18 15:00:00,26.3,82,2.6,11.6,206,5.085105302753298,10.426010937070338
2013-05-18 16:00:00,26.0,85,2.4,10.5,188,1.4613175600806874,10.397814721786489
2013-05-18 17:00:00,25.5,86,1.9,6.8,183,0.35588450245201897,6.790680836331102
2013-05-18 18:00:00,24.9,87,1.4,5.1,172,-0.7097828148963332,5.050367150582009
2013-05-18 19:00:00,24.0,89,0.6,6.6,158,-2.4724035165450196,6.1194134401407965
2013-05-18 20:00:00,23.9,86,0.0,6.8,148,-3.6034509967857926,5.766727053863697
2013-05-18 21:00:00,23.5,87,0.0,6.9,141,-4.342310698243877,5.3623071340531006
2013-05-18 22:00:00,23.0,88,0.0,7.0,145,-4.015035054457323,5.734064310022942
2013-05-18 23:00:00,22.9,87,0.0,6.3,149,-3.2447398719333416,5.400153994423308
2013-05-19 00:00:00,22.6,87,0.0,7.3,147,-3.9758649556096977,6.122295146001594
2013-05-19 01:00:00,22.5,88,0.3,7.4,151,-3.587591189822894,6.47218583283153
2013-05-19 02:00:00,22.1,90,0.4,7.9,150,-3.9499999999999984,6.841600689897066
2013-05-19 03:00:00,22.3,87,0.4,7.6,155,-3.211898789229315,6.88793918147854
2013-05-19 04:00:00,22.2,87,0.3,7.2,153,-3.2687315981247362,6.415246974156249
2013-05-19 05:00:00,21.8,87,0.7000000000000001,5.5,148,-2.914555953282626,4.664264528860343
2013-05-19 06:00:00,22.2,88,1.3,5.7,162,-1.7613968679371999,5.421022142882376
2013-05-19 07:00:00,22.8,89,2.8,4.7,148,-2.4906205418960625,3.9858260519352027
2013-05-19 08:00:00,23.2,88,1.2,5.5,148,-2.914555953282626,4.664264528860343
2013-05-19 09:00:00,24.6,84,0.7000000000000001,6.6,167,-1.4846769586695092,6.430842427582553
2013-05-19 10:00:00,25.7,79,0.7000000000000001,7.9,177,-0.41345405431925636,7.889173324561134
2013-05-19 11:00:00,26.8,76,0.9,9.4,182,0.3280552690035102,9.394273773979501
2013-05-19 12:00:00,26.7,79,1.9,9.4,184,0.6557108531947772,9.377102072442348
2013-05-19 13:00:00,26.2,83,1.8,9.4,198,2.904759747124506,8.939931253174443
2013-05-19 14:00:00,25.8,85,1.2,9.5,171,-1.4861274178821928,9.38303923565381
2013-05-19 15:00:00,26.1,83,0.2,9.4,157,-3.6728726077991736,8.652745622452938
2013-05-19 16:00:00,26.3,81,0.0,5.6,153,-2.542346798541461,4.98963653545486
2013-05-19 17:00:00,26.4,81,0.0,4.3,156,-1.748967565225941,3.9282454678631837
2013-05-19 18:00:00,25.9,82,0.3,4.8,167,-1.079765060850552,4.676976310969129
2013-05-19 19:00:00,24.7,85,1.1,7.1,156,-2.8878301658381815,6.486172749262466
2013-05-19 20:00:00,23.6,87,0.5,7.1,139,-4.658019105832601,5.358438019581682
2013-05-19 21:00:00,23.0,88,0.0,6.2,144,-3.644268564213333,5.0159053651246746
2013-05-19 22:00:00,22.3,89,0.8,6.3,149,-3.2447398719333416,5.400153994423308
2013-05-19 23:00:00,22.1,89,0.7000000000000001,6.6,151,-3.199743493625824,5.772490067120012
2013-05-20 00:00:00,22.2,87,0.0,6.3,156,-2.5624408513775414,5.755336383148386
2013-05-20 01:00:00,22.0,87,0.0,6.3,156,-2.5624408513775414,5.755336383148386
2013-05-20 02:00:00,21.4,88,0.0,6.6,151,-3.199743493625824,5.772490067120012
2013-05-20 03:00:00,20.9,85,0.0,6.0,147,-3.2678342100901627,5.032023407672543
2013-05-20 04:00:00,20.5,86,0.0,5.7,145,-3.269385687200963,4.669166652447252
2013-05-20 05:00:00,20.3,87,0.0,5.7,145,-3.269385687200963,4.669166652447252
2013-05-20 06:00:00,20.5,87,0.4,6.2,159,-2.2218812871808615,5.788198644282651
2013-05-20 07:00:00,22.7,86,1.4,7.1,165,-1.837615220227898,6.858073366652385
2013-05-20 08:00:00,25.1,76,1.6,8.6,180,5.265981236333618e-16,8.6
2013-05-20 09:00:00,25.5,76,1.3,9.0,196,2.4807362023529924,8.65135526344487
2013-05-20 10:00:00,26.3,75,1.1,9.5,209,4.605691392340202,8.30888721782426
2013-05-20 11:00:00,26.7,76,0.6,10.0,206,4.383711467890775,8.98794046299167
2013-05-20 12:00:00,26.8,78,0.5,9.8,208,4.600821315301731,8.652886410017484
2013-05-20 13:00:00,26.6,80,0.6,10.6,190,1.8406706832694624,10.438962181929405
2013-05-20 14:00:00,26.5,81,0.9,10.8,195,2.795245687107224,10.431998923921938
2013-05-20 15:00:00,28.0,71,0.0,10.9,197,3.186851581477831,10.423721839997087
2013-05-20 16:00:00,27.8,72,0.2,11.1,209,5.3813867847343415,9.708278749247292
2013-05-20 17:00:00,26.7,78,0.0,10.5,207,4.766900247265242,9.355568503977862
2013-05-20 18:00:00,25.7,82,0.0,8.0,162,-2.4721359549995787,7.608452130361229
2013-05-20 19:00:00,24.6,85,0.1,7.5,163,-2.192787785420525,7.172285669722767
2013-05-20 20:00:00,23.9,87,1.2,8.6,178,-0.30013567164150823,8.594761112364223
2013-05-20 21:00:00,23.4,89,1.5,8.4,187,1.023702484603239,8.337387673787106
2013-05-20 22:00:00,23.2,89,1.4,8.4,200,2.872969203935618,7.893418014601631
2013-05-20 23:00:00,23.1,89,1.4,8.3,182,0.289665822630759,8.294943864258496
2013-05-21 00:00:00,22.9,89,1.9,7.6,172,-1.0577155672964966,7.5260373224359345
2013-05-21 01:00:00,22.6,88,1.4,8.4,170,-1.4586446924022145,8.272385125302547
2013-05-21 02:00:00,22.2,88,0.3,9.1,171,-1.4235536318661004,8.987963899415753
2013-05-21 03:00:00,22.0,89,1.4,8.8,168,-1.8296228791962823,8.607698886457491
2013-05-21 04:00:00,21.8,90,1.7000000000000002,8.3,162,-2.564841053312063,7.893769085249776
2013-05-21 05:00:00,21.9,89,2.6,8.2,157,-3.2039952536120446,7.548139798310009
2013-05-21 06:00:00,22.1,88,3.5,7.2,162,-2.224922359499621,6.847606917325106
2013-05-21 07:00:00,23.1,88,2.6,6.4,164,-1.764079077228794,6.1520748540052415
2013-05-21 08:00:00,23.9,84,3.6,7.6,175,-0.6623836448822026,7.571079705497266
2013-05-21 09:00:00,24.5,84,3.3,8.6,195,2.2258437878816784,8.306962106085987
2013-05-21 10:00:00,25.0,83,2.4,8.8,199,2.8649997592229797,8.320563465273988
2013-05-21 11:00:00,25.2,85,1.6,9.0,203,3.5165801564034633,8.284543681071963
2013-05-21 12:00:00,25.5,85,1.1,9.7,211,4.995869326627525,8.31452281681049
2013-05-21 13:00:00,26.4,81,1.0,9.5,205,4.014873486536644,8.609923976848174
2013-05-21 14:00:00,27.2,76,1.5,8.8,192,1.8296228791962834,8.60769888645749
2013-05-21 15:00:00,25.0,88,1.5,11.6,196,3.19739332747719,11.1506356728845
2013-05-21 16:00:00,24.8,87,2.7,9.8,197,2.8652427062828205,9.371786608437748
2013-05-21 17:00:00,24.9,87,1.2,9.2,191,1.755442757464213,9.030970087718508
2013-05-21 18:00:00,24.4,88,1.3,7.9,177,-0.41345405431925636,7.889173324561134
2013-05-21 19:00:00,23.6,89,0.7000000000000001,7.3,169,-1.392905666248777,7.165878439167947
2013-05-21 20:00:00,22.9,90,0.0,6.3,156,-2.5624408513775414,5.755336383148386
2013-05-21 21:00:00,22.4,90,0.0,6.9,152,-3.2393537832226476,6.092338390726596
2013-05-21 22:00:00,22.1,88,0.2,7.8,158,-2.9219314286441143,7.232034065620942
2013-05-21 23:00:00,21.6,88,0.4,8.1,159,-2.902780391316932,7.5620014546273335
2013-05-22 00:00:00,21.5,86,0.6,10.0,165,-2.5881904510252083,9.659258262890683
2013-05-22 01:00:00,21.4,86,0.9,11.3,171,-1.7677094549546084,11.160878248725057
2013-05-22 02:00:00,21.2,87,0.9,10.7,168,-2.2246550917500247,10.46617932785172
2013-05-22 03:00:00,21.4,83,0.0,10.4,160,-3.557009490586955,9.772803256173448
2013-05-22 04:00:00,21.6,82,0.0,10.4,166,-2.515987714236545,10.091075553270363
2013-05-22 05:00:00,22.0,78,0.8,10.5,172,-1.4613175600806863,10.397814721786489
2013-05-22 06:00:00,21.9,81,1.4,10.4,178,-0.36295476570600993,10.393664600998596
2013-05-22 07:00:00,23.0,85,1.2,9.3,167,-2.092044805397945,9.06164160250269
2013-05-22 08:00:00,24.2,82,1.1,11.2,176,-0.7812725059342036,11.17271736291003
2013-05-22 09:00:00,25.3,81,1.5,13.8,186,1.4424927930936178,13.724402156082173
2013-05-22 10:00:00,26.2,80,1.4,14.0,192,2.9107636714486325,13.694066410273278
2013-05-22 11:00:00,26.1,82,0.5,14.1,184,0.9835662797921657,14.06565310866352
2013-05-22 12:00:00,26.5,80,1.1,17.2,190,2.986748655871203,16.938693351809977
2013-05-22 13:00:00,26.6,80,1.2,17.0,193,3.8241679238457036,16.564291101349
2013-05-22 14:00:00,26.7,80,1.0,17.0,197,4.970318980286525,16.2571808513716
2013-05-22 15:00:00,26.8,77,1.3,16.0,194,3.870750329594683,15.524731620415944
2013-05-22 16:00:00,25.9,83,1.3,12.8,190,2.2226966741367096,12.605539238556263
2013-05-22 17:00:00,25.2,82,0.6,13.3,183,0.6960682180311548,13.281772812235833
2013-05-22 18:00:00,24.5,84,1.3,11.3,173,-1.3771235804781654,11.21577151354694
2013-05-22 19:00:00,24.1,83,0.6,10.1,180,6.184466335694133e-16,10.1
2013-05-22 20:00:00,23.8,82,0.2,9.4,173,-1.1455718280083853,9.329933825428428
2013-05-22 21:00:00,23.7,82,0.0,8.1,167,-1.8221035401853067,7.892397524760405
2013-05-22 22:00:00,23.5,82,0.0,8.4,173,-1.0237024846032379,8.337387673787106
2013-05-22 23:00:00,23.2,81,0.2,8.1,167,-1.8221035401853067,7.892397524760405
2013-05-23 00:00:00,23.1,81,0.2,8.1,159,-2.902780391316932,7.5620014546273335
2013-05-23 01:00:00,22.9,82,1.0,7.6,161,-2.4743179738743906,7.185941174554808
2013-05-23 02:00:00,22.4,86,1.8,8.3,162,-2.564841053312063,7.893769085249776
2013-05-23 03:00:00,22.3,84,0.2,8.3,162,-2.564841053312063,7.893769085249776
2013-05-23 04:00:00,22.4,85,0.5,8.1,167,-1.8221035401853067,7.892397524760405
2013-05-23 05:00:00,22.9,81,0.5,8.1,167,-1.8221035401853067,7.892397524760405
2013-05-23 06:00:00,22.4,84,0.5,7.9,177,-0.41345405431925636,7.889173324561134
2013-05-23 07:00:00,23.3,86,1.0,6.8,183,0.35588450245201897,6.790680836331102
2013-05-23 08:00:00,24.2,85,1.4,7.6,188,1.0577155672964975,7.5260373224359345
2013-05-23 09:00:00,24.4,87,0.8,10.3,205,4.352968095929205,9.334970206477495
2013-05-23 10:00:00,25.3,85,1.0,9.2,206,4.033014550459512,8.268905225952336
2013-05-23 11:00:00,25.5,81,1.7000000000000002,9.8,197,2.8652427062828205,9.371786608437748
2013-05-23 12:00:00,24.7,88,1.3,9.0,209,4.363286582217034,7.871577364254562
2013-05-23 13:00:00,24.7,88,1.3,8.1,225,5.727564927611035,5.727564927611034
2013-05-23 14:00:00,24.5,89,1.3,9.9,224,6.877117867544073,7.121464023352646
2013-05-23 15:00:00,25.0,83,0.4,9.0,209,4.363286582217034,7.871577364254562
2013-05-23 16:00:00,25.3,83,0.0,7.3,189,1.1419715947936857,7.210124886344506
2013-05-23 17:00:00,25.9,80,0.6,5.9,191,1.125773072721615,5.791600382341218
2013-05-23 18:00:00,25.2,81,0.2,5.7,215,3.269385687200963,4.669166652447253
2013-05-23 19:00:00,23.7,87,0.0,5.8,180,3.5514757175273243e-16,5.8
2013-05-23 20:00:00,22.5,92,0.0,5.8,158,-2.17271824181229,5.377666356487367
2013-05-23 21:00:00,21.4,93,0.0,5.2,146,-2.907803098047883,4.3109953772862175
2013-05-23 22:00:00,20.1,97,0.0,4.7,148,-2.4906205418960625,3.9858260519352027
2013-05-23 23:00:00,19.5,97,0.0,4.6,141,-2.894873798829251,3.5748714227020666
2013-05-24 00:00:00,19.2,95,0.0,4.1,142,-2.524212048835199,3.23084408978756
2013-05-24 01:00:00,18.7,95,0.0,4.3,138,-2.8772616073430903,3.195522749552795
2013-05-24 02:00:00,18.7,92,0.1,4.8,138,-3.2118269105225195,3.5670951622914924
2013-05-24 03:00:00,18.6,94,0.0,4.1,135,-2.8991378028648445,2.899137802864845
2013-05-24 04:00:00,18.5,92,0.0,4.1,142,-2.524212048835199,3.23084408978756
2013-05-24 05:00:00,18.4,91,0.0,4.0,117,-3.564026096753471,1.8159619989581874
2013-05-24 06:00:00,18.6,91,0.0,3.4,122,-2.883363526931848,1.8017254983928965
2013-05-24 07:00:00,22.2,86,0.0,2.0,135,-1.414213562373095,1.4142135623730951
2013-05-24 08:00:00,24.5,73,0.2,2.2,270,2.2,0.0
2013-05-24 09:00:00,25.7,68,0.5,3.4,302,2.883363526931848,-1.8017254983928965
2013-05-24 10:00:00,26.7,66,0.6,4.2,301,3.600102662948872,-2.1631599146222276
2013-05-24 11:00:00,27.6,64,0.5,6.5,304,5.38874422160777,-3.634753872559855
2013-05-24 12:00:00,27.7,67,1.4,7.2,307,5.750175672340508,-4.333068166694748
2013-05-24 13:00:00,27.1,72,2.0,8.7,308,6.85569355637848,-5.356254835333226
2013-05-24 14:00:00,26.9,74,0.2,9.4,310,7.200817765318393,-6.042203531053469
2013-05-24 15:00:00,26.5,78,0.4,8.7,315,6.151828996322964,-6.151828996322962
2013-05-24 16:00:00,25.9,82,0.6,6.3,329,3.244739871933341,-5.400153994423308
2013-05-24 17:00:00,25.8,82,0.4,3.3,354,0.3449439287832564,-3.2819222547153015
2013-05-24 18:00:00,25.5,82,0.0,4.1,45,-2.8991378028648453,-2.8991378028648445
2013-05-24 19:00:00,24.3,91,0.0,2.9,330,1.4500000000000002,-2.5114736709748717
2013-05-24 20:00:00,24.2,90,0.0,2.0,315,1.4142135623730951,-1.414213562373095
2013-05-24 21:00:00,23.9,91,0.1,2.1,31,-1.0815799573111144,-1.8000513314744355
2013-05-24 22:00:00,23.8,90,0.0,1.3,56,-1.0777488443215544,-0.7269507745119708
2013-05-24 23:00:00,22.9,92,0.0,1.1,162,-0.3399186938124421,1.046162167924669
2013-05-25 00:00:00,22.0,93,0.1,2.2,171,-0.34415582308850784,2.1729143493093033
2013-05-25 01:00:00,21.6,93,0.2,3.0,194,0.725765686799003,2.9108871788279895
2013-05-25 02:00:00,20.9,94,0.1,4.0,190,0.6945927106677217,3.939231012048832
2013-05-25 03:00:00,20.3,92,0.0,3.8,163,-1.1110124779463992,3.633958072659535
2013-05-25 04:00:00,20.3,90,0.0,3.9,146,-2.180852323535912,3.233246532964663
2013-05-25 05:00:00,21.1,85,0.0,2.6,164,-0.7166571251241975,2.499280409439629
2013-05-25 06:00:00,21.8,84,0.0,0.7000000000000001,270,0.7000000000000001,0.0
2013-05-25 07:00:00,23.3,85,0.0,0.8,297,0.7128052193506944,-0.3631923997916374
2013-05-25 08:00:00,24.9,81,0.0,2.6,286,2.499280409439629,-0.7166571251241979
2013-05-25 09:00:00,25.9,79,0.1,4.4,279,4.3458286986186065,-0.6883116461770159
2013-05-25 10:00:00,26.5,77,0.2,6.6,279,6.518743047927909,-1.0324674692655236
2013-05-25 11:00:00,27.2,75,0.5,7.3,281,7.165878439167947,-1.392905666248777
2013-05-25 12:00:00,27.1,77,0.2,6.5,273,6.49109197590473,-0.3401837155791349
2013-05-25 13:00:00,26.9,79,0.2,7.6,270,7.6,0.0
2013-05-25 14:00:00,26.4,79,0.2,5.6,243,4.98963653545486,2.5423467985414616
2013-05-25 15:00:00,25.7,79,0.4,4.5,241,3.935788682127281,2.1816432911085166
2013-05-25 16:00:00,25.7,79,0.0,5.0,249,4.667902132486009,1.7918397477265013
2013-05-25 17:00:00,25.5,80,0.0,5.7,235,4.669166652447253,3.2693856872009626
2013-05-25 18:00:00,25.2,81,0.2,3.4,238,2.883363526931848,1.8017254983928965
2013-05-25 19:00:00,24.1,89,0.1,4.6,225,3.2526911934581184,3.252691193458118
2013-05-25 20:00:00,22.7,92,0.0,3.9,214,2.1808523235359125,3.233246532964663
2013-05-25 21:00:00,22.3,91,0.0,5.4,200,1.8469087739586119,5.074340152243905
2013-05-25 22:00:00,21.3,93,0.0,6.5,177,-0.34018371557913496,6.49109197590473
2013-05-25 23:00:00,20.7,93,0.0,5.8,158,-2.17271824181229,5.377666356487367
2013-05-26 00:00:00,21.1,90,0.0,6.3,167,-1.4171916423663498,6.1385314081469815
2013-05-26 01:00:00,21.6,87,0.0,6.2,173,-0.7555899291119137,6.153786140176197
2013-05-26 02:00:00,21.1,89,0.0,5.8,150,-2.8999999999999986,5.022947341949744
2013-05-26 03:00:00,19.9,92,0.0,4.3,138,-2.8772616073430903,3.195522749552795
2013-05-26 04:00:00,19.5,93,0.0,5.1,141,-3.20953399435417,3.963444403430552
2013-05-26 05:00:00,18.8,93,0.0,3.6,143,-2.1665340833473743,2.8750878361702537
2013-05-26 06:00:00,19.3,95,0.0,3.1,111,-2.8940993221413254,1.1109406435904308
2013-05-26 07:00:00,22.2,89,0.0,3.9,112,-3.6160170328104706,1.4609657143220578
2013-05-26 08:00:00,24.7,77,0.0,1.6,207,0.726384799583275,1.4256104387013886
2013-05-26 09:00:00,25.9,73,0.0,4.5,256,4.366330768241984,1.0886485301985047
2013-05-26 10:00:00,26.4,74,0.0,7.4,256,7.180188374442374,1.7902220274375413
2013-05-26 11:00:00,26.9,72,0.0,7.9,254,7.59396739791272,2.1775351109542935
2013-05-26 12:00:00,27.6,69,0.0,7.7,259,7.558529312547013,1.469229264399395
2013-05-26 13:00:00,27.9,68,0.1,6.8,252,6.467184310807044,2.1013155617496424
2013-05-26 14:00:00,28.0,67,0.1,6.6,241,5.772490067120011,3.1997434936258244
2013-05-26 15:00:00,27.6,70,0.2,8.2,241,7.171881598543044,3.9754388860199636
2013-05-26 16:00:00,26.2,78,0.8,10.2,238,8.650090580795544,5.40517649517869
2013-05-26 17:00:00,25.4,81,1.6,8.2,241,7.171881598543044,3.9754388860199636
2013-05-26 18:00:00,24.8,85,0.1,4.9,216,2.8801477362331185,3.9641832724372428
2013-05-26 19:00:00,24.3,88,0.0,5.5,169,-1.0494494745709964,5.3989495089621515
2013-05-26 20:00:00,23.4,91,0.0,6.6,158,-2.4724035165450196,6.1194134401407965
2013-05-26 21:00:00,22.9,91,0.0,6.8,162,-2.101315561749642,6.467184310807045
2013-05-26 22:00:00,21.8,94,0.0,7.1,156,-2.8878301658381815,6.486172749262466
2013-05-26 23:00:00,21.3,94,0.0,7.4,157,-2.891410350820626,6.811735915548058
2013-05-27 00:00:00,20.9,94,0.0,6.3,156,-2.5624408513775414,5.755336383148386
2013-05-27 01:00:00,20.5,94,0.0,6.2,159,-2.2218812871808615,5.788198644282651
2013-05-27 02:00:00,19.9,95,0.0,6.3,156,-2.5624408513775414,5.755336383148386
2013-05-27 03:00:00,20.2,92,0.0,7.3,147,-3.9758649556096977,6.122295146001594
2013-05-27 04:00:00,20.0,91,0.0,7.4,141,-4.656970893768796,5.750880114781586
2013-05-27 05:00:00,19.7,90,0.0,6.9,141,-4.342310698243877,5.3623071340531006
2013-05-27 06:00:00,19.9,92,0.0,6.9,141,-4.342310698243877,5.3623071340531006
2013-05-27 07:00:00,23.3,87,0.0,8.6,147,-4.683895701129233,7.212566884330646
2013-05-27 08:00:00,26.4,71,0.0,9.0,178,-0.3140954703225086,8.994517443171862
2013-05-27 09:00:00,27.5,68,0.0,11.0,191,2.098898949141994,10.797899017924303
2013-05-27 10:00:00,28.3,67,0.0,12.4,197,3.625409138561936,11.858178973941639
2013-05-27 11:00:00,28.9,66,0.0,12.8,202,4.794964395723674,11.86795333845488
2013-05-27 12:00:00,29.1,66,0.0,12.2,199,3.971931484377312,11.535326622311663
2013-05-27 13:00:00,29.2,66,0.0,12.8,191,2.442355140819775,12.5648279481301
2013-05-27 14:00:00,28.5,68,0.4,12.8,196,3.5281581544575893,12.304149708010483
2013-05-27 15:00:00,28.4,67,0.5,11.0,212,5.829111906565254,9.328529057720685
2013-05-27 16:00:00,27.4,72,1.9,8.0,198,2.4721359549995796,7.608452130361228
2013-05-27 17:00:00,26.6,76,0.3,6.8,162,-2.101315561749642,6.467184310807045
2013-05-27 18:00:00,25.9,78,0.0,5.4,188,0.7515347451843536,5.34744757120448
2013-05-27 19:00:00,25.0,79,0.0,8.4,173,-1.0237024846032379,8.337387673787106
2013-05-27 20:00:00,23.7,84,0.0,9.2,169,-1.755442757464212,9.030970087718508
2013-05-27 21:00:00,22.6,86,0.0,10.3,168,-2.1414904154229215,10.0749202875582
2013-05-27 22:00:00,22.1,84,0.0,9.7,153,-4.403707847473602,8.642763284627168
2013-05-27 23:00:00,21.8,82,0.0,9.3,144,-5.466402846319999,7.523858047687012
2013-05-28 00:00:00,21.7,79,0.0,7.9,141,-4.971631089293715,6.1394530955100715
2013-05-28 01:00:00,21.1,79,0.0,6.6,139,-4.329989591337347,4.981083229470296
2013-05-28 02:00:00,20.5,81,0.0,5.1,141,-3.20953399435417,3.963444403430552
2013-05-28 03:00:00,20.2,85,0.0,4.2,149,-2.163159914622228,3.600102662948872
2013-05-28 04:00:00,20.1,84,0.0,4.2,149,-2.163159914622228,3.600102662948872
2013-05-28 05:00:00,19.9,84,0.0,4.7,148,-2.4906205418960625,3.9858260519352027
2013-05-28 06:00:00,20.4,87,0.0,4.3,156,-1.748967565225941,3.9282454678631837
2013-05-28 07:00:00,24.2,83,0.0,6.3,149,-3.2447398719333416,5.400153994423308
2013-05-28 08:00:00,26.6,67,0.0,6.5,183,0.3401837155791358,6.49109197590473
2013-05-28 09:00:00,27.5,64,0.0,6.9,208,3.239353783222647,6.092338390726596
2013-05-28 10:00:00,28.1,67,0.0,7.9,223,5.387787044493738,5.777694242791447
2013-05-28 11:00:00,28.1,70,0.5,8.3,214,4.641301098807199,6.881011852206847
2013-05-28 12:00:00,28.7,69,0.0,7.6,180,4.653657836759942e-16,7.6
2013-05-28 13:00:00,29.3,67,0.1,8.8,171,-1.3766232923540314,8.691657397237213
2013-05-28 14:00:00,28.6,70,2.0,8.4,190,1.4586446924022156,8.272385125302547
2013-05-28 15:00:00,29.2,64,0.0,8.9,194,2.1531048708370424,8.635631963856369
2013-05-28 16:00:00,29.2,64,0.0,8.4,211,4.326319829244455,7.200205325897744
2013-05-28 17:00:00,28.6,68,0.0,6.8,212,3.603450996785793,5.766727053863696
2013-05-28 18:00:00,27.6,73,0.0,4.8,207,2.1791543987498248,4.276831316104166
2013-05-28 19:00:00,26.1,81,0.0,5.4,180,3.3065463576978537e-16,5.4
2013-05-28 20:00:00,26.1,74,0.0,5.6,165,-1.4493866525741166,5.4091846272187825
2013-05-28 21:00:00,26.3,72,0.0,4.5,166,-1.088648530198505,4.366330768241984
2013-05-28 22:00:00,25.6,75,0.0,4.7,171,-0.7352419856890848,4.6421352007971475
2013-05-28 23:00:00,24.4,79,0.0,6.5,161,-2.116193003971518,6.1458707413955596
2013-05-29 00:00:00,25.1,76,0.0,6.5,146,-3.6347538725598536,5.388744221607771
2013-05-29 01:00:00,21.8,87,0.0,5.4,143,-3.2498011250210617,4.312631754255381
2013-05-29 02:00:00,20.3,92,0.0,5.4,143,-3.2498011250210617,4.312631754255381
2013-05-29 03:00:00,20.9,92,0.0,3.8,139,-2.493024310163927,2.867896404846534
2013-05-29 04:00:00,20.8,92,0.0,5.4,127,-4.312631754255382,3.2498011250210603
2013-05-29 05:00:00,20.3,92,0.0,5.7,125,-4.669166652447254,3.269385687200962
2013-05-29 06:00:00,20.3,95,0.0,4.4,145,-2.5237363199446032,3.6042689948715636
2013-05-29 07:00:00,24.3,88,0.0,4.0,153,-1.8159619989581868,3.5640260967534716
2013-05-29 08:00:00,27.0,71,0.0,4.6,252,4.3748599749577055,1.421478174124758
2013-05-29 09:00:00,27.7,69,0.0,4.0,260,3.939231012048832,0.6945927106677213
2013-05-29 10:00:00,28.0,69,0.0,5.2,258,5.08636752381579,1.0811407922523486
2013-05-29 11:00:00,28.0,70,0.0,3.6,264,3.580278823325784,0.37630246776355253
2013-05-29 12:00:00,28.6,67,0.0,7.8,257,7.6000865053248345,1.754618223882147
2013-05-29 13:00:00,28.7,68,0.0,7.6,251,7.185941174554808,2.474317973874391
2013-05-29 14:00:00,28.5,68,0.1,5.8,248,5.377666356487367,2.1727182418122895
2013-05-29 15:00:00,28.2,71,0.0,5.4,233,4.312631754255381,3.2498011250210608
2013-05-29 16:00:00,28.4,70,0.0,5.3,208,2.4881992827652213,4.679622242152313
2013-05-29 17:00:00,28.3,71,0.0,4.3,222,2.8772616073430903,3.195522749552795
2013-05-29 18:00:00,27.6,80,0.0,3.6,233,2.875087836170254,2.166534083347374
2013-05-29 19:00:00,26.2,84,0.0,5.2,236,4.310995377286217,2.907803098047884
2013-05-29 20:00:00,26.1,81,0.0,4.7,176,-0.3278554265973891,4.688551036221174
2013-05-29 21:00:00,25.6,82,0.0,5.2,164,-1.433314250248395,4.998560818879258
2013-05-29 22:00:00,22.7,93,0.0,4.0,170,-0.6945927106677212,3.939231012048832
2013-05-29 23:00:00,21.8,94,0.0,3.3,167,-0.7423384793347546,3.2154212137912763
2013-05-30 00:00:00,21.2,94,0.0,3.5,156,-1.423578250765301,3.197409101749103
2013-05-30 01:00:00,20.3,98,0.0,4.3,132,-3.195522749552794,2.8772616073430908
2013-05-30 02:00:00,20.0,95,0.0,4.5,119,-3.935788682127281,2.181643291108517
2013-05-30 03:00:00,20.5,92,0.0,4.3,114,-3.9282454678631833,1.7489675652259418
2013-05-30 04:00:00,20.0,93,0.0,4.5,119,-3.935788682127281,2.181643291108517
2013-05-30 05:00:00,19.5,93,0.0,4.5,119,-3.935788682127281,2.181643291108517
2013-05-30 06:00:00,19.9,92,0.0,4.0,117,-3.564026096753471,1.8159619989581874
2013-05-30 07:00:00,23.2,90,0.0,4.5,104,-4.366330768241984,1.0886485301985047
2013-05-30 08:00:00,26.9,70,0.0,0.5,45,-0.35355339059327384,-0.35355339059327373
2013-05-30 09:00:00,28.0,67,0.0,2.7,293,2.485363104321589,-1.0549740469210394
2013-05-30 10:00:00,28.8,66,0.0,5.0,270,5.0,0.0
2013-05-30 11:00:00,29.3,67,0.0,7.3,261,7.210124886344506,1.1419715947936853
2013-05-30 12:00:00,29.4,70,0.0,7.3,259,7.165878439167947,1.392905666248777
2013-05-30 13:00:00,29.0,72,0.0,9.1,261,8.987963899415753,1.4235536318661008
2013-05-30 14:00:00,28.8,71,0.1,8.4,245,7.61298541110786,3.5499933986218752
2013-05-30 15:00:00,28.2,73,0.3,6.9,242,6.092338390726597,3.2393537832226467
2013-05-30 16:00:00,28.0,73,0.0,6.6,225,4.666904755831213,4.666904755831213
2013-05-30 17:00:00,27.4,77,0.0,5.9,223,4.023790324368742,4.314986839553106
2013-05-30 18:00:00,27.0,80,0.0,2.3,252,2.1874299874788528,0.710739087062379
2013-05-30 19:00:00,26.0,85,0.0,3.8,229,2.8678964048465336,2.4930243101639276
2013-05-30 20:00:00,25.7,84,0.0,3.2,180,1.9594348786357652e-16,3.2
2013-05-30 21:00:00,24.9,87,0.0,5.3,152,-2.4881992827652217,4.679622242152313
2013-05-30 22:00:00,23.3,91,0.0,6.5,146,-3.6347538725598536,5.388744221607771
2013-05-30 23:00:00,22.4,92,0.0,5.4,132,-4.012982057577928,3.613305274337835
2013-05-31 00:00:00,21.8,91,0.0,3.9,124,-3.2332465329646625,2.180852323535913
2013-05-31 01:00:00,21.1,93,0.0,4.2,121,-3.6001026629488715,2.1631599146222285
2013-05-31 02:00:00,20.5,95,0.0,3.9,112,-3.6160170328104706,1.4609657143220578
2013-05-31 03:00:00,20.6,93,0.0,4.2,110,-3.9467090073008153,1.4364846019678092
2013-05-31 04:00:00,20.3,93,0.0,3.8,107,-3.633958072659535,1.111012477946399
2013-05-31 05:00:00,20.3,93,0.0,4.2,110,-3.9467090073008153,1.4364846019678092
2013-05-31 06:00:00,20.8,93,0.0,4.8,103,-4.6769763109691285,1.079765060850553
2013-05-31 07:00:00,23.3,87,0.0,4.5,104,-4.366330768241984,1.0886485301985047
2013-05-31 08:00:00,25.8,78,0.0,0.8,153,-0.36319239979163737,0.7128052193506944
2013-05-31 09:00:00,27.6,69,0.0,2.5,262,2.475670171853926,0.3479327524001636
2013-05-31 10:00:00,28.6,68,0.0,4.7,274,4.688551036221174,-0.3278554265973889
2013-05-31 11:00:00,29.0,68,0.0,6.6,279,6.518743047927909,-1.0324674692655236
2013-05-31 12:00:00,29.2,70,0.0,7.3,279,7.210124886344506,-1.1419715947936853
2013-05-31 13:00:00,29.0,70,0.0,6.1,273,6.0916401620029,-0.31924933308195735
2013-05-31 14:00:00,28.9,70,0.0,7.2,267,7.190132650232932,0.37681888494919563
2013-05-31 15:00:00,29.0,71,0.0,7.7,259,7.558529312547013,1.469229264399395
2013-05-31 16:00:00,28.7,72,0.0,7.0,249,6.535062985480412,2.5085756468171017
2013-05-31 17:00:00,28.0,75,0.0,6.8,238,5.766727053863696,3.603450996785793
2013-05-31 18:00:00,27.3,79,0.0,4.7,266,4.688551036221174,0.3278554265973889
2013-05-31 19:00:00,26.2,87,0.0,4.8,228,3.5670951622914924,3.2118269105225195
2013-05-31 20:00:00,26.3,83,0.0,5.1,188,0.7097828148963339,5.050367150582009
2013-05-31 21:00:00,25.8,86,0.0,5.6,165,-1.4493866525741166,5.4091846272187825
2013-05-31 22:00:00,24.9,90,0.0,6.4,153,-2.905539198333099,5.702441754805555
2013-05-31 23:00:00,24.9,91,0.0,6.5,161,-2.116193003971518,6.1458707413955596
2013-06-01 00:00:00,24.5,91,0.0,7.8,167,-1.7546182238821473,7.6000865053248345
2013-06-01 01:00:00,24.4,92,0.0,8.3,162,-2.564841053312063,7.893769085249776
2013-06-01 02:00:00,21.0,100,0.0,7.6,155,-3.211898789229315,6.88793918147854
2013-06-01 03:00:00,22.3,92,0.0,7.4,141,-4.656970893768796,5.750880114781586
2013-06-01 04:00:00,21.0,94,0.0,4.8,138,-3.2118269105225195,3.5670951622914924
2013-06-01 05:00:00,19.8,97,0.0,4.3,132,-3.195522749552794,2.8772616073430908
2013-06-01 06:00:00,19.7,98,0.0,4.3,132,-3.195522749552794,2.8772616073430908
2013-06-01 07:00:00,23.8,88,0.0,3.3,131,-2.4905416147351476,2.1649947956686737
2013-06-01 08:00:00,26.5,72,0.0,5.2,205,2.197614961051637,4.7128004925905795
2013-06-01 09:00:00,27.5,67,0.0,6.6,221,4.329989591337347,4.981083229470295
2013-06-01 10:00:00,28.3,65,0.0,7.9,231,6.139453095510071,4.971631089293716
2013-06-01 11:00:00,28.9,63,0.0,9.2,239,7.8859391664594325,4.738350289172498
2013-06-01 12:00:00,29.1,64,0.0,9.7,243,8.642763284627168,4.403707847473603
2013-06-01 13:00:00,29.1,66,0.0,9.4,247,8.65274562245294,3.6728726077991736
2013-06-01 14:00:00,29.0,67,0.0,8.8,251,8.320563465273988,2.8649997592229792
2013-06-01 15:00:00,28.7,69,0.0,7.6,245,6.887939181478539,3.211898789229316
2013-06-01 16:00:00,28.5,69,0.0,7.0,235,5.7340643100229425,4.015035054457322
2013-06-01 17:00:00,28.1,71,0.0,7.1,225,5.020458146424487,5.020458146424486
2013-06-01 18:00:00,27.3,75,0.0,3.3,221,2.1649947956686737,2.4905416147351476
2013-06-01 19:00:00,25.7,83,0.0,6.5,177,-0.34018371557913496,6.49109197590473
2013-06-01 20:00:00,23.8,89,0.0,6.8,155,-2.8738041798367555,6.16289295184922
2013-06-01 21:00:00,23.2,86,0.0,6.1,152,-2.8637765329939344,5.385980316439453
2013-06-01 22:00:00,23.6,83,0.0,4.8,153,-2.179154398749824,4.276831316104166
2013-06-01 23:00:00,22.9,83,0.0,3.7,151,-1.793795594911447,3.236092916415765
2013-06-02 00:00:00,22.3,82,0.0,4.0,153,-1.8159619989581868,3.5640260967534716
2013-06-02 01:00:00,21.8,81,0.0,5.5,148,-2.914555953282626,4.664264528860343
2013-06-02 02:00:00,21.7,79,0.0,5.2,146,-2.907803098047883,4.3109953772862175
2013-06-02 03:00:00,19.3,83,0.0,4.4,145,-2.5237363199446032,3.6042689948715636
2013-06-02 04:00:00,18.4,84,0.0,4.1,142,-2.524212048835199,3.23084408978756
2013-06-02 05:00:00,17.9,84,0.0,4.6,135,-3.252691193458118,3.2526911934581184
2013-06-02 06:00:00,18.2,85,0.0,4.8,138,-3.2118269105225195,3.5670951622914924
2013-06-02 07:00:00,23.0,80,0.0,5.1,141,-3.20953399435417,3.963444403430552
2013-06-02 08:00:00,26.8,59,0.0,6.9,208,3.239353783222647,6.092338390726596
2013-06-02 09:00:00,27.7,59,0.0,8.2,221,5.379684037722159,6.18861855782673
2013-06-02 10:00:00,28.3,60,0.0,9.2,228,6.836932394392027,6.156001578501495
2013-06-02 11:00:00,28.7,60,0.0,9.5,233,7.587037345449282,5.717242719944458
2013-06-02 12:00:00,29.0,61,0.0,9.3,234,7.523858047687012,5.46640284632
2013-06-02 13:00:00,29.1,61,0.0,9.3,234,7.523858047687012,5.46640284632
2013-06-02 14:00:00,29.4,60,0.0,9.0,233,7.187719590425635,5.416335208368435
2013-06-02 15:00:00,29.1,66,0.0,9.2,231,7.149742845404131,5.789747597658503
2013-06-02 16:00:00,28.9,66,0.0,8.8,235,7.208537989743128,5.047472639889206
2013-06-02 17:00:00,28.2,70,0.0,7.3,237,6.122295146001595,3.9758649556096977
2013-06-02 18:00:00,27.4,75,0.0,4.2,250,3.9467090073008158,1.4364846019678086
2013-06-02 19:00:00,26.2,81,0.0,4.3,246,3.9282454678631837,1.7489675652259409
2013-06-02 20:00:00,25.0,84,0.0,2.2,189,0.34415582308850806,2.1729143493093033
2013-06-02 21:00:00,23.6,88,0.0,3.6,135,-2.545584412271571,2.5455844122715714
2013-06-02 22:00:00,22.6,91,0.0,5.4,138,-3.6133052743378347,4.012982057577929
2013-06-02 23:00:00,22.3,90,0.0,4.2,149,-2.163159914622228,3.600102662948872
2013-06-03 00:00:00,20.9,91,0.0,4.9,144,-2.880147736233118,3.9641832724372428
2013-06-03 01:00:00,20.8,89,0.1,4.6,141,-2.894873798829251,3.5748714227020666
2013-06-03 02:00:00,20.1,89,0.0,4.6,135,-3.252691193458118,3.2526911934581184
2013-06-03 03:00:00,19.4,93,0.0,4.6,129,-3.5748714227020657,2.8948737988292517
2013-06-03 04:00:00,19.3,92,0.0,4.4,125,-3.6042689948715645,2.5237363199446023
2013-06-03 05:00:00,19.1,91,0.0,4.6,129,-3.5748714227020657,2.8948737988292517
2013-06-03 06:00:00,19.7,90,0.0,3.4,108,-3.233592155403522,1.0506577808748214
2013-06-03 07:00:00,23.5,86,0.0,3.7,119,-3.2360929164157644,1.7937955949114477
2013-06-03 08:00:00,26.6,65,0.0,2.0,225,1.4142135623730951,1.414213562373095
2013-06-03 09:00:00,27.6,63,0.0,4.6,252,4.3748599749577055,1.421478174124758
2013-06-03 10:00:00,28.2,64,0.1,5.1,266,5.087576656325103,0.35575801609503904
2013-06-03 11:00:00,29.0,63,0.1,4.7,261,4.6421352007971475,0.7352419856890852
2013-06-03 12:00:00,29.5,63,0.2,4.7,261,4.6421352007971475,0.7352419856890852
2013-06-03 13:00:00,29.1,66,0.7000000000000001,4.5,256,4.366330768241984,1.0886485301985047
2013-06-03 14:00:00,29.0,67,0.3,4.0,243,3.5640260967534716,1.815961998958187
2013-06-03 15:00:00,29.5,65,0.1,5.5,259,5.3989495089621515,1.0494494745709964
2013-06-03 16:00:00,28.9,69,0.1,5.8,266,5.78587149150698,0.40458754771592675
2013-06-03 17:00:00,27.8,75,0.5,4.9,287,4.685893304218874,-1.4326213531414103
2013-06-03 18:00:00,26.8,80,0.0,3.6,354,0.3763024677635525,-3.580278823325784
2013-06-03 19:00:00,26.4,81,0.6,0.7000000000000001,270,0.7000000000000001,0.0
2013-06-03 20:00:00,25.9,83,0.2,1.1,252,1.0461621679246689,0.33991869381244216
2013-06-03 21:00:00,25.1,85,0.0,3.3,167,-0.7423384793347546,3.2154212137912763
2013-06-03 22:00:00,22.8,94,0.0,3.1,159,-1.1109406435904308,2.8940993221413254
2013-06-03 23:00:00,22.0,94,0.0,2.9,173,-0.35342109587492737,2.878383839759834
2013-06-04 00:00:00,21.3,95,0.0,1.8,191,0.34345619167778085,1.7669289302057951
2013-06-04 01:00:00,21.1,94,0.5,0.4,180,2.4492935982947065e-17,0.4
2013-06-04 02:00:00,21.0,92,1.5,1.0,45,-0.7071067811865477,-0.7071067811865475
2013-06-04 03:00:00,20.4,94,1.0,2.5,90,-2.5,3.061616997868383e-16
2013-06-04 04:00:00,20.5,92,1.1,2.2,81,-2.1729143493093033,-0.3441558230885076
2013-06-04 05:00:00,20.5,91,1.3,2.9,97,-2.8783838397598336,0.35342109587492787
2013-06-04 06:00:00,21.0,91,0.6,3.7,119,-3.2360929164157644,1.7937955949114477
2013-06-04 07:00:00,22.9,91,0.0,3.7,119,-3.2360929164157644,1.7937955949114477
2013-06-04 08:00:00,25.5,76,0.0,1.8,217,1.0832670416736871,1.437543918085127
2013-06-04 09:00:00,26.4,75,0.0,4.2,250,3.9467090073008158,1.4364846019678086
2013-06-04 10:00:00,27.5,72,0.0,4.5,256,4.366330768241984,1.0886485301985047
2013-06-04 11:00:00,28.3,70,0.5,5.4,270,5.4,0.0
2013-06-04 12:00:00,28.4,71,0.2,6.1,270,6.1,0.0
2013-06-04 13:00:00,28.4,73,3.5,3.7,281,3.632020578756357,-0.7059932828932158
2013-06-04 14:00:00,28.0,74,1.5,4.5,299,3.935788682127281,-2.1816432911085166
2013-06-04 15:00:00,28.0,73,1.9,6.2,306,5.0159053651246746,-3.6442685642133337
2013-06-04 16:00:00,27.9,73,0.2,3.8,287,3.6339580726595346,-1.1110124779463997
2013-06-04 17:00:00,27.5,75,0.1,3.7,299,3.2360929164157644,-1.7937955949114472
2013-06-04 18:00:00,26.3,81,0.3,6.0,335,2.5357095704441965,-5.437846722219899
2013-06-04 19:00:00,25.5,85,0.0,6.0,25,-2.5357095704441948,-5.4378467222199
2013-06-04 20:00:00,24.8,88,0.0,5.3,62,-4.679622242152313,-2.4881992827652213
2013-06-04 21:00:00,24.1,89,0.0,3.6,84,-3.580278823325784,-0.3763024677635526
2013-06-04 22:00:00,24.2,86,0.0,2.5,82,-2.475670171853926,-0.3479327524001638
2013-06-04 23:00:00,24.1,84,0.0,2.5,82,-2.475670171853926,-0.3479327524001638
2013-06-05 00:00:00,23.6,83,0.0,2.7,67,-2.485363104321589,-1.0549740469210387
2013-06-05 01:00:00,23.1,82,0.0,1.6,63,-1.4256104387013888,-0.7263847995832747
2013-06-05 02:00:00,23.5,78,0.0,1.3,56,-1.0777488443215544,-0.7269507745119708
2013-06-05 03:00:00,19.4,90,0.0,0.8,63,-0.7128052193506944,-0.36319239979163737
2013-06-05 04:00:00,19.6,87,0.0,1.3,56,-1.0777488443215544,-0.7269507745119708
2013-06-05 05:00:00,19.9,86,0.5,2.4,63,-2.138415658052083,-1.089577199374912
2013-06-05 06:00:00,20.2,86,0.0,2.4,63,-2.138415658052083,-1.089577199374912
2013-06-05 07:00:00,22.6,86,0.0,4.1,75,-3.96029588778518,-1.0611580849203353
2013-06-05 08:00:00,25.7,64,0.0,2.8,50,-2.1449244407331385,-1.7998053071223097
2013-06-05 09:00:00,26.2,64,0.0,1.8,323,1.0832670416736871,-1.437543918085127
2013-06-05 10:00:00,26.4,65,0.0,4.4,305,3.604268994871564,-2.523736319944603
2013-06-05 11:00:00,26.7,65,0.1,6.1,310,4.6728711030257655,-3.921004419087889
2013-06-05 12:00:00,26.7,67,0.1,7.9,321,4.971631089293717,-6.139453095510071
2013-06-05 13:00:00,27.1,65,0.1,8.9,346,2.1531048708370424,-8.635631963856369
2013-06-05 14:00:00,26.7,68,0.0,10.5,352,1.4613175600806874,-10.397814721786489
2013-06-05 15:00:00,26.7,71,0.0,9.0,355,0.7844016847289232,-8.96575228282571
2013-06-05 16:00:00,26.4,72,0.0,8.6,358,0.3001356716415093,-8.594761112364223
2013-06-05 17:00:00,26.2,75,0.0,6.8,357,0.35588450245201897,-6.790680836331102
2013-06-05 18:00:00,25.9,78,0.0,4.1,345,1.061158084920335,-3.96029588778518
2013-06-05 19:00:00,25.0,83,0.0,3.7,29,-1.7937955949114464,-3.2360929164157652
2013-06-05 20:00:00,24.2,83,0.0,1.3,56,-1.0777488443215544,-0.7269507745119708
2013-06-05 21:00:00,23.6,85,0.0,2.6,164,-0.7166571251241975,2.499280409439629
2013-06-05 22:00:00,22.6,87,0.0,5.2,168,-1.0811407922523486,5.08636752381579
2013-06-05 23:00:00,21.8,91,0.0,4.2,160,-1.4364846019678086,3.9467090073008158
2013-06-06 00:00:00,21.1,92,0.0,2.6,124,-2.1554976886431083,1.453901549023942
2013-06-06 01:00:00,20.9,93,0.0,2.9,97,-2.8783838397598336,0.35342109587492787
2013-06-06 02:00:00,20.7,92,0.0,4.3,95,-4.283637201794505,0.3747696938149302
2013-06-06 03:00:00,21.1,90,0.0,2.9,83,-2.878383839759834,-0.3534210958749272
2013-06-06 04:00:00,20.4,91,0.0,2.9,83,-2.878383839759834,-0.3534210958749272
2013-06-06 05:00:00,19.8,91,0.0,3.3,84,-3.2819222547153015,-0.3449439287832565
2013-06-06 06:00:00,19.9,91,0.0,2.7,67,-2.485363104321589,-1.0549740469210387
2013-06-06 07:00:00,23.0,89,0.0,2.7,67,-2.485363104321589,-1.0549740469210387
2013-06-06 08:00:00,26.0,68,0.0,2.5,360,1.5308084989341916e-16,-2.5
2013-06-06 09:00:00,26.7,65,0.0,3.4,342,1.0506577808748212,-3.233592155403522
2013-06-06 10:00:00,27.1,64,0.0,4.1,322,2.524212048835199,-3.23084408978756
2013-06-06 11:00:00,28.0,61,0.0,4.9,306,3.9641832724372428,-2.8801477362331185
2013-06-06 12:00:00,28.1,61,0.0,5.6,310,4.289848881466277,-3.5996106142446194
2013-06-06 13:00:00,28.0,62,0.4,5.4,323,3.2498011250210617,-4.312631754255381
2013-06-06 14:00:00,28.0,62,0.0,7.1,330,3.5500000000000007,-6.148780366869514
2013-06-06 15:00:00,27.0,67,0.0,5.2,344,1.4333142502483958,-4.998560818879258
2013-06-06 16:00:00,26.9,68,0.0,4.6,342,1.4214781741247582,-4.3748599749577055
2013-06-06 17:00:00,27.1,67,0.0,3.4,328,1.8017254983928965,-2.883363526931848
2013-06-06 18:00:00,26.9,67,0.0,3.3,311,2.4905416147351476,-2.1649947956686737
2013-06-06 19:00:00,26.6,68,0.0,4.8,312,3.5670951622914924,-3.2118269105225195
2013-06-06 20:00:00,25.9,71,0.0,5.2,335,2.197614961051637,-4.7128004925905795
2013-06-06 21:00:00,25.4,74,0.0,5.1,4,-0.35575801609504043,-5.087576656325103
2013-06-06 22:00:00,25.3,75,0.0,2.0,45,-1.4142135623730954,-1.414213562373095
2013-06-06 23:00:00,23.6,82,0.0,4.7,122,-3.9858260519352022,2.490620541896063
2013-06-07 00:00:00,21.9,88,0.0,4.1,142,-2.524212048835199,3.23084408978756
2013-06-07 01:00:00,20.8,93,0.0,4.1,142,-2.524212048835199,3.23084408978756
2013-06-07 02:00:00,20.2,93,0.0,3.8,107,-3.633958072659535,1.111012477946399
2013-06-07 03:00:00,19.9,93,0.0,3.3,103,-3.215421213791276,0.7423384793347552
2013-06-07 04:00:00,19.4,95,0.0,2.6,106,-2.499280409439629,0.716657125124198
2013-06-07 05:00:00,18.8,97,0.0,3.9,112,-3.6160170328104706,1.4609657143220578
2013-06-07 06:00:00,19.5,94,0.0,3.9,112,-3.6160170328104706,1.4609657143220578
2013-06-07 07:00:00,23.0,89,0.0,4.0,117,-3.564026096753471,1.8159619989581874
2013-06-07 08:00:00,26.2,70,0.0,1.8,169,-0.34345619167778063,1.7669289302057951
2013-06-07 09:00:00,27.3,70,0.0,2.6,214,1.4539015490239418,2.1554976886431088
2013-06-07 10:00:00,28.3,67,0.0,4.1,232,3.2308440897875594,2.524212048835199
2013-06-07 11:00:00,29.0,65,0.0,6.6,241,5.772490067120011,3.1997434936258244
2013-06-07 12:00:00,29.2,66,0.1,7.8,248,7.232034065620942,2.921931428644114
2013-06-07 13:00:00,29.1,66,0.0,8.6,248,7.973781149274371,3.221616703376843
2013-06-07 14:00:00,29.2,67,0.0,8.9,238,7.547628055792192,4.716281451675524
2013-06-07 15:00:00,28.8,67,0.0,8.5,234,6.876644452187053,4.996174644486022
2013-06-07 16:00:00,28.6,69,0.0,7.7,229,5.811263767715345,5.051654523226906
2013-06-07 17:00:00,28.0,73,0.0,7.4,223,5.046787864462489,5.412017391981862
2013-06-07 18:00:00,27.3,76,0.0,3.8,229,2.8678964048465336,2.4930243101639276
2013-06-07 19:00:00,26.1,84,0.0,5.4,172,-0.7515347451843529,5.34744757120448
2013-06-07 20:00:00,24.5,89,0.0,5.5,157,-2.149021206691006,5.062776693988422
2013-06-07 21:00:00,24.1,87,0.0,6.4,137,-4.364789504399989,4.6806636903626915
2013-06-07 22:00:00,23.4,87,0.0,6.4,137,-4.364789504399989,4.6806636903626915
2013-06-07 23:00:00,22.1,90,0.0,5.5,148,-2.914555953282626,4.664264528860343
2013-06-08 00:00:00,20.8,93,0.0,6.5,146,-3.6347538725598536,5.388744221607771
2013-06-08 01:00:00,20.2,94,0.0,7.7,143,-4.633975678270772,6.149493427364154
2013-06-08 02:00:00,19.9,92,0.0,6.7,144,-3.9381611903595695,5.420413862312148
2013-06-08 03:00:00,19.7,90,0.0,5.1,141,-3.20953399435417,3.963444403430552
2013-06-08 04:00:00,19.6,89,0.0,5.4,138,-3.6133052743378347,4.012982057577929
2013-06-08 05:00:00,19.4,87,0.0,6.1,135,-4.313351365237939,4.31335136523794
2013-06-08 06:00:00,19.8,88,0.0,5.6,140,-3.5996106142446203,4.289848881466277
2013-06-08 07:00:00,24.0,80,0.0,7.0,145,-4.015035054457323,5.734064310022942
2013-06-08 08:00:00,26.7,61,0.0,8.0,175,-0.6972459419812659,7.969557584733964
2013-06-08 09:00:00,27.7,61,0.0,8.7,197,2.5436338310878095,8.319851376878407
2013-06-08 10:00:00,28.2,64,0.0,8.4,211,4.326319829244455,7.200205325897744
2013-06-08 11:00:00,28.5,65,0.0,8.5,216,4.996174644486022,6.876644452187053
2013-06-08 12:00:00,28.7,66,0.0,8.4,220,5.399415921366931,6.4347733221994154
2013-06-08 13:00:00,28.9,66,0.1,9.8,216,5.760295472466237,7.9283665448744856
2013-06-08 14:00:00,29.5,64,0.0,10.2,219,6.419067988708342,7.926888806861102
2013-06-08 15:00:00,29.4,67,0.0,10.0,232,7.880107536067219,6.156614753256583
2013-06-08 16:00:00,28.7,71,0.0,8.8,235,7.208537989743128,5.047472639889206
2013-06-08 17:00:00,28.2,73,0.0,7.1,240,6.148780366869515,3.5499999999999994
2013-06-08 18:00:00,27.3,77,0.0,4.1,232,3.2308440897875594,2.524212048835199
2013-06-08 19:00:00,26.2,82,0.0,5.4,200,1.8469087739586119,5.074340152243905
2013-06-08 20:00:00,24.8,89,0.0,5.8,187,0.7068421917498554,5.756767679519667
2013-06-08 21:00:00,23.5,92,0.0,6.3,167,-1.4171916423663498,6.1385314081469815
2013-06-08 22:00:00,22.7,93,0.0,6.9,152,-3.2393537832226476,6.092338390726596
2013-06-08 23:00:00,22.0,93,0.0,7.1,150,-3.549999999999998,6.148780366869515
2013-06-09 00:00:00,21.4,93,0.0,6.3,149,-3.2447398719333416,5.400153994423308
2013-06-09 01:00:00,21.0,92,0.0,5.4,143,-3.2498011250210617,4.312631754255381
2013-06-09 02:00:00,20.8,90,0.0,4.6,141,-2.894873798829251,3.5748714227020666
2013-06-09 03:00:00,21.4,87,0.0,4.1,142,-2.524212048835199,3.23084408978756
2013-06-09 04:00:00,21.3,85,0.0,3.9,146,-2.180852323535912,3.233246532964663
2013-06-09 05:00:00,21.0,84,0.0,3.6,143,-2.1665340833473743,2.8750878361702537
2013-06-09 06:00:00,21.1,85,0.0,2.2,171,-0.34415582308850784,2.1729143493093033
2013-06-09 07:00:00,24.0,82,0.2,4.7,171,-0.7352419856890848,4.6421352007971475
2013-06-09 08:00:00,27.3,61,0.0,5.6,195,1.4493866525741161,5.4091846272187825
2013-06-09 09:00:00,27.6,63,0.5,5.2,205,2.197614961051637,4.7128004925905795
2013-06-09 10:00:00,27.9,65,0.0,6.1,208,2.863776532993934,5.385980316439453
2013-06-09 11:00:00,28.6,64,0.0,6.0,205,2.5357095704441965,5.437846722219899
2013-06-09 12:00:00,29.2,63,0.1,6.3,211,3.244739871933341,5.400153994423308
2013-06-09 13:00:00,29.7,62,0.2,7.4,223,5.046787864462489,5.412017391981862
2013-06-09 14:00:00,29.2,66,0.2,7.7,217,4.633975678270772,6.149493427364155
2013-06-09 15:00:00,29.6,63,0.0,8.0,216,4.702282018339785,6.47213595499958
2013-06-09 16:00:00,29.3,64,0.0,7.7,217,4.633975678270772,6.149493427364155
2013-06-09 17:00:00,28.6,68,0.1,6.6,225,4.666904755831213,4.666904755831213
2013-06-09 18:00:00,27.8,72,0.0,3.8,229,2.8678964048465336,2.4930243101639276
2013-06-09 19:00:00,26.5,84,0.0,5.0,180,3.061616997868383e-16,5.0
2013-06-09 20:00:00,25.7,82,0.0,5.0,150,-2.499999999999999,4.330127018922194
2013-06-09 21:00:00,25.3,82,0.0,4.5,166,-1.088648530198505,4.366330768241984
2013-06-09 22:00:00,24.5,84,0.0,5.2,164,-1.433314250248395,4.998560818879258
2013-06-09 23:00:00,23.9,85,0.0,6.9,171,-1.0793978087775926,6.815049550106451
2013-06-10 00:00:00,23.8,85,0.0,7.9,156,-3.213219480298822,7.217009115376547
2013-06-10 01:00:00,25.2,79,0.0,7.3,169,-1.392905666248777,7.165878439167947
2013-06-10 02:00:00,24.1,84,0.2,5.8,158,-2.17271824181229,5.377666356487367
2013-06-10 03:00:00,21.9,91,0.0,5.8,150,-2.8999999999999986,5.022947341949744
2013-06-10 04:00:00,21.3,93,0.3,3.4,148,-1.8017254983928963,2.8833635269318485
2013-06-10 05:00:00,21.2,92,1.0,2.9,180,1.7757378587636622e-16,2.9
2013-06-10 06:00:00,21.5,92,0.7000000000000001,3.0,166,-0.7257656867990033,2.9108871788279895
2013-06-10 07:00:00,24.6,81,0.5,4.3,175,-0.3747696938149304,4.283637201794505
2013-06-10 08:00:00,26.1,73,0.0,7.0,201,2.5085756468171025,6.535062985480412
2013-06-10 09:00:00,26.7,74,0.0,6.8,212,3.603450996785793,5.766727053863696
2013-06-10 10:00:00,27.3,74,0.0,7.7,233,6.149493427364155,4.6339756782707715
2013-06-10 11:00:00,27.8,75,0.2,5.8,187,0.7068421917498554,5.756767679519667
2013-06-10 12:00:00,26.8,80,4.3,4.8,193,1.0797650608505516,4.676976310969129
2013-06-10 13:00:00,27.1,80,0.7000000000000001,3.8,221,2.4930243101639276,2.8678964048465336
2013-06-10 14:00:00,27.2,79,2.2,5.0,249,4.667902132486009,1.7918397477265013
2013-06-10 15:00:00,28.1,76,0.6,4.5,209,2.181643291108517,3.935788682127281
2013-06-10 16:00:00,28.3,74,0.1,3.8,197,1.1110124779463997,3.6339580726595346
2013-06-10 17:00:00,27.7,74,0.7000000000000001,4.6,225,3.2526911934581184,3.252691193458118
2013-06-10 18:00:00,26.6,78,0.0,3.1,216,1.8221342821066668,2.5079526825623373
2013-06-10 19:00:00,25.8,82,0.0,4.0,153,-1.8159619989581868,3.5640260967534716
2013-06-10 20:00:00,24.8,86,0.0,4.9,144,-2.880147736233118,3.9641832724372428
2013-06-10 21:00:00,24.0,89,0.0,5.6,165,-1.4493866525741166,5.4091846272187825
2013-06-10 22:00:00,23.3,90,0.0,5.6,153,-2.542346798541461,4.98963653545486
2013-06-10 23:00:00,23.1,89,0.0,5.4,143,-3.2498011250210617,4.312631754255381
2013-06-11 00:00:00,22.9,89,0.0,6.2,126,-5.015905365124674,3.644268564213334
2013-06-11 01:00:00,22.7,88,0.0,4.3,138,-2.8772616073430903,3.195522749552795
2013-06-11 02:00:00,21.9,91,0.0,4.6,135,-3.252691193458118,3.2526911934581184
2013-06-11 03:00:00,21.2,93,0.0,4.5,119,-3.935788682127281,2.181643291108517
2013-06-11 04:00:00,21.0,93,0.0,1.8,169,-0.34345619167778063,1.7669289302057951
2013-06-11 05:00:00,20.9,91,0.0,2.7,157,-1.0549740469210394,2.4853631043215887
2013-06-11 06:00:00,21.3,90,0.0,2.3,129,-1.7874357113510329,1.4474368994146258
2013-06-11 07:00:00,24.6,83,0.0,2.3,129,-1.7874357113510329,1.4474368994146258
2013-06-11 08:00:00,26.7,67,0.0,2.4,207,1.0895771993749124,2.138415658052083
2013-06-11 09:00:00,27.2,67,0.0,3.9,236,3.2332465329646625,2.180852323535913
2013-06-11 10:00:00,27.9,68,0.0,5.8,248,5.377666356487367,2.1727182418122895
2013-06-11 11:00:00,28.3,71,0.0,7.1,255,6.858073366652385,1.8376152202278973
2013-06-11 12:00:00,29.0,70,0.2,7.5,253,7.172285669722766,2.192787785420526
2013-06-11 13:00:00,28.7,73,0.6,7.4,256,7.180188374442374,1.7902220274375413
2013-06-11 14:00:00,28.5,73,0.4,7.8,248,7.232034065620942,2.921931428644114
2013-06-11 15:00:00,28.3,81,1.0,7.1,255,6.858073366652385,1.8376152202278973
2013-06-11 16:00:00,28.2,83,1.0,6.7,254,6.440453362786736,1.8467702839738944
2013-06-11 17:00:00,27.8,80,1.0,6.9,261,6.815049550106451,1.079397808777593
2013-06-11 18:00:00,26.1,85,1.2,3.0,256,2.9108871788279895,0.7257656867990032
2013-06-11 19:00:00,25.0,90,1.0,4.7,122,-3.9858260519352022,2.490620541896063
2013-06-11 20:00:00,24.4,94,0.6,2.6,164,-0.7166571251241975,2.499280409439629
2013-06-11 21:00:00,23.5,95,0.5,3.6,270,3.6,0.0
2013-06-11 22:00:00,24.1,90,0.3,4.0,63,-3.5640260967534716,-1.8159619989581868
2013-06-11 23:00:00,24.6,87,0.3,3.9,68,-3.616017032810471,-1.460965714322057
2013-06-12 00:00:00,24.5,87,0.0,1.0,45,-0.7071067811865477,-0.7071067811865475
2013-06-12 01:00:00,22.8,91,0.0,2.5,172,-0.3479327524001634,2.475670171853926
2013-06-12 02:00:00,21.6,94,0.0,1.5,104,-1.4554435894139948,0.3628828433995016
2013-06-12 03:00:00,21.7,91,0.0,1.6,63,-1.4256104387013888,-0.7263847995832747
2013-06-12 04:00:00,20.8,95,0.0,2.3,72,-2.187429987478853,-0.7107390870623786
2013-06-12 05:00:00,20.6,95,0.0,2.5,90,-2.5,3.061616997868383e-16
2013-06-12 06:00:00,21.0,96,0.0,2.6,74,-2.499280409439629,-0.7166571251241974
2013-06-12 07:00:00,24.0,89,0.0,0.7000000000000001,90,-0.7000000000000001,8.572527594031473e-17
2013-06-12 08:00:00,25.9,82,0.0,4.8,283,4.676976310969129,-1.079765060850552
2013-06-12 09:00:00,26.3,82,0.0,5.9,259,5.791600382341218,1.1257730727216144
2013-06-12 10:00:00,26.5,82,0.0,5.6,243,4.98963653545486,2.5423467985414616
2013-06-12 11:00:00,26.9,82,0.0,6.1,267,6.0916401620029,0.31924933308195735
2013-06-12 12:00:00,27.5,80,0.4,7.5,253,7.172285669722766,2.192787785420526
2013-06-12 13:00:00,27.1,83,1.4,8.7,253,8.319851376878407,2.5436338310878095
2013-06-12 14:00:00,25.8,84,2.7,8.8,251,8.320563465273988,2.8649997592229792
2013-06-12 15:00:00,25.2,86,3.4,8.0,265,7.969557584733964,0.6972459419812653
2013-06-12 16:00:00,24.8,91,2.4,6.3,246,5.755336383148386,2.5624408513775414
2013-06-12 17:00:00,24.6,93,1.9,5.2,258,5.08636752381579,1.0811407922523486
2013-06-12 18:00:00,24.5,92,0.6,6.4,333,2.9055391983331,-5.702441754805554
2013-06-12 19:00:00,23.9,95,0.5,6.3,329,3.244739871933341,-5.400153994423308
2013-06-12 20:00:00,23.5,97,0.2,6.0,17,-1.7542302283364226,-5.7378285357782115
2013-06-12 21:00:00,22.9,98,0.0,5.8,356,0.40458754771592637,-5.78587149150698
2013-06-12 22:00:00,23.3,96,0.0,1.8,11,-0.3434561916777803,-1.7669289302057951
2013-06-12 23:00:00,23.5,95,0.0,2.6,74,-2.499280409439629,-0.7166571251241974
2013-06-13 00:00:00,23.3,96,0.0,2.9,83,-2.878383839759834,-0.3534210958749272
2013-06-13 01:00:00,23.2,96,0.0,2.5,82,-2.475670171853926,-0.3479327524001638
2013-06-13 02:00:00,23.2,96,0.0,2.6,106,-2.499280409439629,0.716657125124198
2013-06-13 03:00:00,22.9,89,0.0,2.6,106,-2.499280409439629,0.716657125124198
2013-06-13 04:00:00,23.6,86,0.0,2.2,81,-2.1729143493093033,-0.3441558230885076
2013-06-13 05:00:00,23.6,87,0.0,2.3,72,-2.187429987478853,-0.7107390870623786
2013-06-13 06:00:00,23.0,91,0.0,1.1,18,-0.33991869381244233,-1.0461621679246689
2013-06-13 07:00:00,24.1,94,0.0,4.6,321,2.894873798829252,-3.5748714227020657
2013-06-13 08:00:00,25.2,93,0.6,5.8,338,2.1727182418122895,-5.377666356487367
2013-06-13 09:00:00,25.9,88,1.4,5.7,342,1.7613968679372005,-5.421022142882375
2013-06-13 10:00:00,26.7,86,2.1,5.4,340,1.8469087739586119,-5.074340152243905
2013-06-13 11:00:00,27.1,85,1.8,6.0,343,1.7542302283364206,-5.737828535778212
2013-06-13 12:00:00,27.6,82,1.7000000000000002,7.2,354,0.752604935527105,-7.160557646651568
2013-06-13 13:00:00,26.9,84,2.9,9.6,347,2.159530121701103,-9.353952621938259
2013-06-13 14:00:00,25.8,89,4.7,10.4,340,3.557009490586956,-9.772803256173447
2013-06-13 15:00:00,25.3,90,4.9,9.4,342,2.904759747124506,-8.939931253174443
2013-06-13 16:00:00,24.9,92,3.1,7.4,346,1.7902220274375409,-7.180188374442374
2013-06-13 17:00:00,24.6,95,1.8,5.8,353,0.7068421917498554,-5.756767679519667
2013-06-13 18:00:00,24.2,97,1.6,6.8,3,-0.3558845024520213,-6.790680836331102
2013-06-13 19:00:00,23.9,98,0.9,6.0,335,2.5357095704441965,-5.437846722219899
2013-06-13 20:00:00,23.7,98,0.4,5.1,315,3.6062445840513924,-3.606244584051392
2013-06-13 21:00:00,23.4,98,0.5,4.6,321,2.894873798829252,-3.5748714227020657
2013-06-13 22:00:00,23.2,98,0.8,5.2,326,2.9078030980478835,-4.3109953772862175
2013-06-13 23:00:00,23.0,98,0.4,2.3,342,0.7107390870623791,-2.1874299874788528
2013-06-14 00:00:00,22.7,98,0.4,0.5,315,0.3535533905932738,-0.35355339059327373
2013-06-14 01:00:00,22.3,98,0.3,0.4,270,0.4,0.0
2013-06-14 02:00:00,22.6,97,0.1,3.3,221,2.1649947956686737,2.4905416147351476
2013-06-14 03:00:00,22.4,97,0.3,4.5,209,2.181643291108517,3.935788682127281
2013-06-14 04:00:00,22.5,98,0.3,3.7,209,1.7937955949114475,3.2360929164157644
2013-06-14 05:00:00,22.7,97,0.7000000000000001,1.4,270,1.4,0.0
2013-06-14 06:00:00,22.8,98,1.2,0.8,117,-0.7128052193506943,0.36319239979163753
2013-06-14 07:00:00,23.6,96,1.8,1.1,270,1.1,0.0
2013-06-14 08:00:00,24.2,90,2.1,2.3,309,1.7874357113510329,-1.4474368994146258
2013-06-14 09:00:00,24.6,88,1.8,3.7,331,1.7937955949114475,-3.2360929164157644
2013-06-14 10:00:00,25.1,87,0.9,5.6,333,2.542346798541462,-4.989636535454859
2013-06-14 11:00:00,25.6,88,1.1,6.4,322,3.9402334420842133,-5.043268823083022
2013-06-14 12:00:00,25.9,87,5.3,7.4,317,5.046787864462489,-5.412017391981862
2013-06-14 13:00:00,25.8,87,5.4,7.7,311,5.811263767715345,-5.051654523226906
2013-06-14 14:00:00,25.6,87,3.8,6.0,343,1.7542302283364206,-5.737828535778212
2013-06-14 15:00:00,25.5,91,4.7,5.8,338,2.1727182418122895,-5.377666356487367
2013-06-14 16:00:00,25.4,91,3.5,3.9,338,1.4609657143220567,-3.616017032810471
2013-06-14 17:00:00,25.0,94,1.4,3.1,315,2.1920310216782974,-2.192031021678297
2013-06-14 18:00:00,24.7,95,1.8,3.2,360,1.9594348786357652e-16,-3.2
2013-06-14 19:00:00,24.2,96,2.7,5.0,360,3.061616997868383e-16,-5.0
2013-06-14 20:00:00,23.8,97,4.2,6.8,18,-2.1013155617496433,-6.467184310807044
2013-06-14 21:00:00,23.6,96,1.1,5.9,43,-4.023790324368742,-4.314986839553106
2013-06-14 22:00:00,23.0,97,0.0,2.8,50,-2.1449244407331385,-1.7998053071223097
2013-06-14 23:00:00,23.3,96,0.0,2.6,146,-1.4539015490239415,2.1554976886431088
2013-06-15 00:00:00,22.3,98,0.4,2.9,120,-2.511473670974872,1.4499999999999997
2013-06-15 01:00:00,23.4,96,0.3,3.0,76,-2.9108871788279895,-0.7257656867990026
2013-06-15 02:00:00,23.2,96,0.0,3.6,84,-3.580278823325784,-0.3763024677635526
2013-06-15 03:00:00,24.3,88,0.0,2.6,74,-2.499280409439629,-0.7166571251241974
2013-06-15 04:00:00,24.2,89,0.0,2.2,81,-2.1729143493093033,-0.3441558230885076
2013-06-15 05:00:00,23.0,93,0.3,2.5,98,-2.475670171853926,0.3479327524001633
2013-06-15 06:00:00,22.2,95,1.4,2.9,97,-2.8783838397598336,0.35342109587492787
2013-06-15 07:00:00,24.3,93,2.1,1.8,101,-1.7669289302057951,0.34345619167778096
2013-06-15 08:00:00,25.3,90,1.9,1.1,342,0.3399186938124422,-1.0461621679246689
2013-06-15 09:00:00,26.2,85,1.5,1.9,22,-0.7117525274902333,-1.7616493236768958
2013-06-15 10:00:00,26.8,82,1.3,2.9,7,-0.35342109587492676,-2.878383839759834
2013-06-15 11:00:00,27.7,77,1.1,2.9,7,-0.35342109587492676,-2.878383839759834
2013-06-15 12:00:00,28.2,75,1.5,3.2,360,1.9594348786357652e-16,-3.2
2013-06-15 13:00:00,27.7,77,2.4,3.5,336,1.4235782507653008,-3.197409101749103
2013-06-15 14:00:00,27.5,76,2.1,3.4,342,1.0506577808748212,-3.233592155403522
2013-06-15 15:00:00,26.8,84,3.8,4.3,5,-0.37476969381493047,-4.283637201794505
2013-06-15 16:00:00,26.8,83,1.5,4.2,31,-2.163159914622229,-3.600102662948871
2013-06-15 17:00:00,27.1,82,0.2,1.8,360,1.1021821192326179e-16,-1.8
2013-06-15 18:00:00,26.8,86,0.2,3.1,324,1.8221342821066668,-2.5079526825623373
2013-06-15 19:00:00,25.8,86,0.2,3.5,114,-3.197409101749103,1.4235782507653014
2013-06-15 20:00:00,26.2,81,0.0,2.9,173,-0.35342109587492737,2.878383839759834
2013-06-15 21:00:00,25.2,85,0.0,6.4,218,3.9402334420842133,5.043268823083022
2013-06-15 22:00:00,23.5,91,0.9,7.4,203,2.8914103508206255,6.811735915548059
2013-06-15 23:00:00,23.1,93,0.7000000000000001,7.0,192,1.4553818357243162,6.847033205136639
2013-06-16 00:00:00,23.2,92,0.2,5.5,148,-2.914555953282626,4.664264528860343
2013-06-16 01:00:00,24.5,83,0.0,4.7,99,-4.6421352007971475,0.7352419856890856
2013-06-16 02:00:00,25.0,80,0.0,3.2,90,-3.2,3.9188697572715305e-16
2013-06-16 03:00:00,24.9,81,0.0,2.2,81,-2.1729143493093033,-0.3441558230885076
2013-06-16 04:00:00,23.3,87,0.0,2.2,81,-2.1729143493093033,-0.3441558230885076
2013-06-16 05:00:00,22.6,89,0.0,1.8,79,-1.7669289302057951,-0.3434561916777805
2013-06-16 06:00:00,22.6,90,0.0,2.9,60,-2.5114736709748717,-1.4500000000000002
2013-06-16 07:00:00,24.3,92,0.0,2.8,50,-2.1449244407331385,-1.7998053071223097
2013-06-16 08:00:00,25.8,82,0.0,3.2,360,1.9594348786357652e-16,-3.2
2013-06-16 09:00:00,26.4,85,0.0,3.2,333,1.45276959916655,-2.851220877402777
2013-06-16 10:00:00,27.2,81,0.0,3.1,324,1.8221342821066668,-2.5079526825623373
2013-06-16 11:00:00,28.1,77,0.1,4.6,309,3.5748714227020657,-2.8948737988292517
2013-06-16 12:00:00,27.8,79,1.7000000000000002,6.9,298,6.092338390726597,-3.2393537832226467
2013-06-16 13:00:00,28.1,78,1.2,3.5,294,3.197409101749103,-1.4235782507653008
2013-06-16 14:00:00,28.0,79,2.8,2.6,286,2.499280409439629,-0.7166571251241979
2013-06-16 15:00:00,27.5,79,1.7000000000000002,1.3,34,-0.7269507745119705,-1.0777488443215544
2013-06-16 16:00:00,27.5,80,0.3,2.1,239,1.800051331474436,1.0815799573111138
2013-06-16 17:00:00,27.5,81,0.0,3.9,248,3.616017032810471,1.460965714322057
2013-06-16 18:00:00,26.9,82,0.5,2.3,342,0.7107390870623791,-2.1874299874788528
2013-06-16 19:00:00,25.9,87,0.5,1.8,323,1.0832670416736871,-1.437543918085127
2013-06-16 20:00:00,24.8,92,0.4,1.8,191,0.34345619167778085,1.7669289302057951
2013-06-16 21:00:00,24.2,91,0.4,3.1,144,-1.8221342821066664,2.5079526825623373
2013-06-16 22:00:00,23.5,93,0.2,4.3,114,-3.9282454678631833,1.7489675652259418
2013-06-16 23:00:00,23.2,93,0.0,5.0,111,-4.667902132486009,1.7918397477265011
2013-06-17 00:00:00,23.6,89,0.1,3.4,122,-2.883363526931848,1.8017254983928965
2013-06-17 01:00:00,23.4,88,0.3,3.9,124,-3.2332465329646625,2.180852323535913
2013-06-17 02:00:00,22.8,90,0.4,2.6,106,-2.499280409439629,0.716657125124198
2013-06-17 03:00:00,22.1,93,0.0,1.8,101,-1.7669289302057951,0.34345619167778096
2013-06-17 04:00:00,22.0,92,0.0,1.8,101,-1.7669289302057951,0.34345619167778096
2013-06-17 05:00:00,21.2,93,0.0,1.8,101,-1.7669289302057951,0.34345619167778096
2013-06-17 06:00:00,21.1,96,0.0,2.3,72,-2.187429987478853,-0.7107390870623786
2013-06-17 07:00:00,24.2,93,0.0,3.4,58,-2.8833635269318485,-1.8017254983928963
2013-06-17 08:00:00,26.4,78,0.0,4.5,14,-1.088648530198505,-4.366330768241984
2013-06-17 09:00:00,27.3,77,0.0,6.1,360,3.735172737399427e-16,-6.1
2013-06-17 10:00:00,27.5,78,0.6,8.6,338,3.2216167033768426,-7.973781149274371
2013-06-17 11:00:00,28.3,75,1.0,8.0,324,4.702282018339785,-6.47213595499958
2013-06-17 12:00:00,29.0,72,0.0,8.2,331,3.975438886019964,-7.171881598543044
2013-06-17 13:00:00,29.1,73,0.1,7.4,331,3.587591189822895,-6.472185832831529
2013-06-17 14:00:00,28.4,74,1.6,6.6,338,2.4724035165450187,-6.1194134401407965
2013-06-17 15:00:00,28.1,79,0.4,6.0,327,3.2678342100901627,-5.032023407672544
2013-06-17 16:00:00,28.4,75,0.9,4.1,322,2.524212048835199,-3.23084408978756
2013-06-17 17:00:00,28.3,76,0.0,4.3,275,4.283637201794505,-0.3747696938149301
2013-06-17 18:00:00,27.7,80,0.0,5.1,309,3.963444403430551,-3.2095339943541705
2013-06-17 19:00:00,26.1,90,0.0,2.3,18,-0.7107390870623793,-2.1874299874788528
2013-06-17 20:00:00,26.1,87,0.0,2.6,34,-1.453901549023941,-2.1554976886431088
2013-06-17 21:00:00,25.9,88,0.0,1.5,346,0.3628828433995015,-1.4554435894139948
2013-06-17 22:00:00,24.2,93,0.7000000000000001,3.4,212,1.8017254983928965,2.883363526931848
2013-06-17 23:00:00,22.2,96,2.5,6.0,163,-1.75423022833642,5.737828535778213
2013-06-18 00:00:00,22.1,94,4.2,5.1,135,-3.606244584051392,3.6062445840513924
2013-06-18 01:00:00,22.4,91,3.8,5.8,112,-5.377666356487366,2.172718241812291
2013-06-18 02:00:00,21.8,92,0.4,5.6,105,-5.409184627218782,1.4493866525741177
2013-06-18 03:00:00,22.1,88,0.0,4.0,90,-4.0,4.898587196589413e-16
2013-06-18 04:00:00,21.4,90,0.0,4.0,90,-4.0,4.898587196589413e-16
2013-06-18 05:00:00,20.8,90,0.0,4.3,95,-4.283637201794505,0.3747696938149302
2013-06-18 06:00:00,20.9,93,0.0,1.9,68,-1.761649323676896,-0.7117525274902328
2013-06-18 07:00:00,24.7,87,0.0,3.1,45,-2.192031021678298,-2.192031021678297
2013-06-18 08:00:00,26.9,71,0.0,4.0,355,0.34862297099063255,-3.984778792366982
2013-06-18 09:00:00,27.6,70,0.0,5.2,326,2.9078030980478835,-4.3109953772862175
2013-06-18 10:00:00,28.3,70,0.2,5.6,315,3.9597979746446663,-3.9597979746446654
2013-06-18 11:00:00,28.6,71,0.3,7.1,311,5.358438019581681,-4.658019105832602
2013-06-18 12:00:00,28.2,73,0.3,5.9,313,4.314986839553106,-4.023790324368742
2013-06-18 13:00:00,27.8,74,0.8,4.6,321,2.894873798829252,-3.5748714227020657
2013-06-18 14:00:00,27.4,74,1.3,5.2,335,2.197614961051637,-4.7128004925905795
2013-06-18 15:00:00,28.1,73,0.1,4.9,324,2.8801477362331185,-3.9641832724372428
2013-06-18 16:00:00,28.0,72,0.7000000000000001,4.9,324,2.8801477362331185,-3.9641832724372428
2013-06-18 17:00:00,27.6,74,0.0,3.2,297,2.8512208774027776,-1.4527695991665497
2013-06-18 18:00:00,27.3,79,0.0,2.9,300,2.511473670974872,-1.4499999999999997
2013-06-18 19:00:00,26.2,85,0.0,3.1,249,2.8940993221413254,1.1109406435904308
2013-06-18 20:00:00,26.0,83,0.0,1.1,252,1.0461621679246689,0.33991869381244216
2013-06-18 21:00:00,25.8,82,0.0,1.8,217,1.0832670416736871,1.437543918085127
2013-06-18 22:00:00,25.5,84,0.0,3.8,139,-2.493024310163927,2.867896404846534
2013-06-18 23:00:00,23.5,91,0.0,5.3,118,-4.679622242152313,2.4881992827652204
2013-06-19 00:00:00,22.2,95,0.0,5.8,120,-5.022947341949744,2.8999999999999995
2013-06-19 01:00:00,21.9,95,0.0,4.7,122,-3.9858260519352022,2.490620541896063
2013-06-19 02:00:00,21.6,94,0.0,4.9,126,-3.9641832724372423,2.880147736233119
2013-06-19 03:00:00,21.5,92,0.0,4.1,128,-3.2308440897875594,2.5242120488351993
2013-06-19 04:00:00,21.0,93,0.0,3.9,124,-3.2332465329646625,2.180852323535913
2013-06-19 05:00:00,20.6,93,0.0,3.4,122,-2.883363526931848,1.8017254983928965
2013-06-19 06:00:00,20.9,93,0.0,3.3,96,-3.2819222547153015,0.3449439287832573
2013-06-19 07:00:00,24.2,85,0.0,3.7,61,-3.236092916415765,-1.7937955949114468
2013-06-19 08:00:00,26.0,77,0.0,4.7,4,-0.32785542659739025,-4.688551036221174
2013-06-19 09:00:00,26.8,78,0.0,7.2,342,2.224922359499622,-6.8476069173251055
2013-06-19 10:00:00,27.5,74,0.1,8.0,333,3.6319239979163744,-7.128052193506942
2013-06-19 11:00:00,27.3,75,0.0,9.0,331,4.363286582217034,-7.871577364254562
2013-06-19 12:00:00,27.8,72,0.0,9.0,331,4.363286582217034,-7.871577364254562
2013-06-19 13:00:00,28.1,70,0.0,8.7,330,4.3500000000000005,-7.534421012924615
2013-06-19 14:00:00,28.0,71,0.0,7.7,332,3.61493103345136,-6.798696465013737
2013-06-19 15:00:00,27.7,72,0.0,7.0,325,4.015035054457323,-5.7340643100229425
2013-06-19 16:00:00,27.8,70,0.0,5.8,330,2.9000000000000004,-5.0229473419497435
2013-06-19 17:00:00,27.5,72,0.0,4.8,333,2.1791543987498248,-4.276831316104166
2013-06-19 18:00:00,26.9,76,0.0,2.6,344,0.7166571251241979,-2.499280409439629
2013-06-19 19:00:00,26.0,82,0.0,3.5,336,1.4235782507653008,-3.197409101749103
2013-06-19 20:00:00,26.4,75,0.0,2.6,214,1.4539015490239418,2.1554976886431088
2013-06-19 21:00:00,23.7,88,0.0,5.1,172,-0.7097828148963332,5.050367150582009
2013-06-19 22:00:00,23.0,90,0.0,5.3,152,-2.4881992827652217,4.679622242152313
2013-06-19 23:00:00,22.7,89,0.0,5.2,146,-2.907803098047883,4.3109953772862175
2013-06-20 00:00:00,22.1,90,0.0,4.1,135,-2.8991378028648445,2.899137802864845
2013-06-20 01:00:00,21.7,91,0.0,3.8,139,-2.493024310163927,2.867896404846534
2013-06-20 02:00:00,21.6,92,0.0,4.6,135,-3.252691193458118,3.2526911934581184
2013-06-20 03:00:00,21.0,92,0.0,5.4,127,-4.312631754255382,3.2498011250210603
2013-06-20 04:00:00,20.6,93,0.0,5.7,125,-4.669166652447254,3.269385687200962
2013-06-20 05:00:00,20.3,93,0.0,5.5,122,-4.664264528860342,2.914555953282627
2013-06-20 06:00:00,20.7,91,0.0,6.8,122,-5.766727053863696,3.603450996785793
2013-06-20 07:00:00,22.8,87,0.0,5.4,110,-5.074340152243905,1.846908773958612
2013-06-20 08:00:00,25.8,76,0.0,2.1,121,-1.8000513314744357,1.0815799573111142
2013-06-20 09:00:00,27.5,66,0.0,2.6,214,1.4539015490239418,2.1554976886431088
2013-06-20 10:00:00,28.5,64,0.0,5.0,240,4.330127018922194,2.4999999999999996
2013-06-20 11:00:00,29.0,65,0.0,6.8,252,6.467184310807044,2.1013155617496424
2013-06-20 12:00:00,29.2,66,0.0,7.1,255,6.858073366652385,1.8376152202278973
2013-06-20 13:00:00,29.4,68,0.0,6.3,257,6.1385314081469815,1.4171916423663495
2013-06-20 14:00:00,29.2,69,0.0,5.7,252,5.421022142882375,1.7613968679372003
2013-06-20 15:00:00,28.5,74,0.0,6.2,234,5.0159053651246746,3.6442685642133337
2013-06-20 16:00:00,28.1,75,0.0,6.6,225,4.666904755831213,4.666904755831213
2013-06-20 17:00:00,27.8,77,0.0,5.9,223,4.023790324368742,4.314986839553106
2013-06-20 18:00:00,27.1,85,0.0,4.6,225,3.2526911934581184,3.252691193458118
2013-06-20 19:00:00,25.9,87,0.0,6.8,205,2.873804179836756,6.162892951849219
2013-06-20 20:00:00,24.8,91,0.3,6.1,208,2.863776532993934,5.385980316439453
2013-06-20 21:00:00,25.6,86,0.2,3.9,214,2.1808523235359125,3.233246532964663
2013-06-20 22:00:00,25.3,87,0.0,3.1,144,-1.8221342821066664,2.5079526825623373
2013-06-20 23:00:00,24.6,88,0.0,2.9,120,-2.511473670974872,1.4499999999999997
2013-06-21 00:00:00,24.9,85,0.0,4.0,95,-3.984778792366982,0.3486229709906328
2013-06-21 01:00:00,25.0,84,0.0,3.4,108,-3.233592155403522,1.0506577808748214
2013-06-21 02:00:00,24.9,84,0.0,3.1,111,-2.8940993221413254,1.1109406435904308
2013-06-21 03:00:00,25.4,80,0.0,2.2,90,-2.2,2.6942229581241775e-16
2013-06-21 04:00:00,25.7,78,0.0,2.9,60,-2.5114736709748717,-1.4500000000000002
2013-06-21 05:00:00,25.4,79,0.0,3.7,61,-3.236092916415765,-1.7937955949114468
2013-06-21 06:00:00,24.1,84,0.0,3.6,84,-3.580278823325784,-0.3763024677635526
2013-06-21 07:00:00,25.3,88,0.0,0.7000000000000001,90,-0.7000000000000001,8.572527594031473e-17
2013-06-21 08:00:00,27.5,78,0.0,3.1,306,2.5079526825623373,-1.8221342821066668
2013-06-21 09:00:00,27.9,78,0.0,4.1,315,2.899137802864845,-2.8991378028648445
2013-06-21 10:00:00,28.2,78,0.4,4.6,309,3.5748714227020657,-2.8948737988292517
2013-06-21 11:00:00,27.8,79,2.5,5.1,309,3.963444403430551,-3.2095339943541705
2013-06-21 12:00:00,27.3,81,2.7,3.3,311,2.4905416147351476,-2.1649947956686737
2013-06-21 13:00:00,26.3,86,2.3,2.2,360,1.3471114790620887e-16,-2.2
2013-06-21 14:00:00,26.8,84,0.7000000000000001,3.4,328,1.8017254983928965,-2.883363526931848
2013-06-21 15:00:00,26.8,90,0.7000000000000001,4.6,321,2.894873798829252,-3.5748714227020657
2013-06-21 16:00:00,26.8,89,1.0,4.6,288,4.3748599749577055,-1.421478174124758
2013-06-21 17:00:00,26.9,86,0.9,3.9,236,3.2332465329646625,2.180852323535913
2013-06-21 18:00:00,26.5,88,1.0,3.0,256,2.9108871788279895,0.7257656867990032
2013-06-21 19:00:00,25.5,91,1.2,1.8,307,1.437543918085127,-1.083267041673687
2013-06-21 20:00:00,25.8,87,1.7000000000000002,6.5,34,-3.6347538725598527,-5.388744221607772
2013-06-21 21:00:00,25.8,87,0.4,6.1,40,-3.9210044190878905,-4.672871103025765
2013-06-21 22:00:00,25.7,88,0.2,3.8,49,-2.867896404846534,-2.4930243101639267
2013-06-21 23:00:00,25.5,88,0.0,2.1,59,-1.800051331474436,-1.0815799573111138
2013-06-22 00:00:00,23.7,94,0.0,0.7000000000000001,90,-0.7000000000000001,8.572527594031473e-17
2013-06-22 01:00:00,23.1,95,1.5,2.2,189,0.34415582308850806,2.1729143493093033
2013-06-22 02:00:00,22.7,94,2.0,3.9,112,-3.6160170328104706,1.4609657143220578
2013-06-22 03:00:00,23.1,92,1.3,5.2,102,-5.08636752381579,1.0811407922523484
2013-06-22 04:00:00,24.0,85,0.2,2.5,98,-2.475670171853926,0.3479327524001633
2013-06-22 05:00:00,23.6,86,0.4,2.6,164,-0.7166571251241975,2.499280409439629
2013-06-22 06:00:00,22.9,90,0.4,3.9,124,-3.2332465329646625,2.180852323535913
2013-06-22 07:00:00,24.5,91,0.4,2.3,108,-2.1874299874788528,0.7107390870623792
2013-06-22 08:00:00,26.2,84,0.0,1.8,11,-0.3434561916777803,-1.7669289302057951
2013-06-22 09:00:00,26.9,86,0.0,2.3,342,0.7107390870623791,-2.1874299874788528
2013-06-22 10:00:00,27.6,83,0.1,2.1,301,1.800051331474436,-1.0815799573111138
2013-06-22 11:00:00,28.5,79,0.2,2.9,270,2.9,0.0
2013-06-22 12:00:00,28.6,79,0.2,4.3,270,4.3,0.0
2013-06-22 13:00:00,27.9,79,1.5,5.9,281,5.791600382341218,-1.1257730727216144
2013-06-22 14:00:00,28.1,80,0.3,4.9,306,3.9641832724372428,-2.8801477362331185
2013-06-22 15:00:00,27.6,81,0.2,5.2,326,2.9078030980478835,-4.3109953772862175
2013-06-22 16:00:00,27.5,82,0.5,3.7,299,3.2360929164157644,-1.7937955949114472
2013-06-22 17:00:00,26.9,84,1.0,3.4,252,3.233592155403522,1.0506577808748212
2013-06-22 18:00:00,26.9,84,0.6,2.5,225,1.7677669529663689,1.7677669529663687
2013-06-22 19:00:00,25.7,89,0.4,3.1,291,2.8940993221413254,-1.1109406435904308
2013-06-22 20:00:00,24.5,93,0.6,2.5,315,1.7677669529663689,-1.7677669529663687
2013-06-22 21:00:00,24.0,94,0.9,2.8,40,-1.7998053071223103,-2.144924440733138
2013-06-22 22:00:00,24.2,91,0.7000000000000001,4.5,61,-3.9357886821272814,-2.181643291108516
2013-06-22 23:00:00,23.9,91,0.6,5.0,60,-4.330127018922193,-2.5000000000000004
2013-06-23 00:00:00,22.9,94,0.1,4.1,75,-3.96029588778518,-1.0611580849203353
2013-06-23 01:00:00,23.0,92,0.0,2.3,108,-2.1874299874788528,0.7107390870623792
2013-06-23 02:00:00,21.9,95,0.0,4.1,142,-2.524212048835199,3.23084408978756
2013-06-23 03:00:00,21.7,93,0.0,2.6,146,-1.4539015490239415,2.1554976886431088
2013-06-23 04:00:00,21.5,93,0.0,3.3,131,-2.4905416147351476,2.1649947956686737
2013-06-23 05:00:00,21.3,95,0.0,4.4,125,-3.6042689948715645,2.5237363199446023
2013-06-23 06:00:00,21.4,95,0.0,4.3,132,-3.195522749552794,2.8772616073430908
2013-06-23 07:00:00,24.3,88,0.0,5.8,150,-2.8999999999999986,5.022947341949744
2013-06-23 08:00:00,26.5,79,0.0,7.2,186,0.752604935527105,7.160557646651568
2013-06-23 09:00:00,27.8,76,0.0,10.9,207,4.948496447161061,9.71197111365321
2013-06-23 10:00:00,28.4,76,0.0,14.2,204,5.775660331676363,12.972345498524932
2013-06-23 11:00:00,28.6,75,0.3,16.8,203,6.564282958619799,15.464481538001
2013-06-23 12:00:00,28.8,75,0.6,17.4,210,8.700000000000001,15.06884202584923
2013-06-23 13:00:00,27.6,80,0.7000000000000001,20.3,205,8.5791507133362,18.398048076843995
2013-06-23 14:00:00,27.5,81,0.1,17.6,206,7.715332183487764,15.818775214865342
2013-06-23 15:00:00,27.1,80,0.0,17.9,195,4.632860907335121,17.290072290574322
2013-06-23 16:00:00,26.9,80,0.0,17.8,194,4.306209741674085,17.271263927712738
2013-06-23 17:00:00,26.6,81,0.0,14.8,198,4.5734515167492225,14.075636441168273
2013-06-23 18:00:00,26.0,84,0.0,12.3,201,4.407925779407195,11.483039245915583
2013-06-23 19:00:00,25.3,86,0.0,10.3,192,2.1414904154229224,10.074920287558198
2013-06-23 20:00:00,24.3,89,0.4,10.4,200,3.557009490586956,9.772803256173447
2013-06-23 21:00:00,23.5,92,0.3,10.1,184,0.7045403848156648,10.075396907624224
2013-06-23 22:00:00,23.1,92,0.0,8.7,175,-0.7582549619046266,8.666893873398186
2013-06-23 23:00:00,22.8,91,0.0,8.6,178,-0.30013567164150823,8.594761112364223
2013-06-24 00:00:00,22.3,91,0.0,9.3,167,-2.092044805397945,9.06164160250269
2013-06-24 01:00:00,21.2,94,0.0,9.0,164,-2.4807362023529915,8.65135526344487
2013-06-24 02:00:00,21.0,93,0.2,9.7,165,-2.510544737494452,9.369480515003962
2013-06-24 03:00:00,21.3,91,0.0,10.0,165,-2.5881904510252083,9.659258262890683
2013-06-24 04:00:00,21.2,90,0.0,9.8,163,-2.8652427062828196,9.371786608437748
2013-06-24 05:00:00,21.1,89,0.0,9.7,165,-2.510544737494452,9.369480515003962
2013-06-24 06:00:00,21.5,89,0.3,8.0,170,-1.3891854213354424,7.878462024097664
2013-06-24 07:00:00,24.3,82,0.7000000000000001,8.7,173,-1.060263287624782,8.635151519279502
2013-06-24 08:00:00,25.9,76,0.0,9.8,174,-1.024378940023005,9.746314574609078
2013-06-24 09:00:00,26.5,75,0.0,11.2,182,0.3908743630680121,11.193177262613872
2013-06-24 10:00:00,27.2,72,0.0,13.3,182,0.4641633061432644,13.291897999353974
2013-06-24 11:00:00,27.7,69,0.0,14.4,176,-1.0044932219154048,14.36492232374147
2013-06-24 12:00:00,28.1,66,0.0,16.2,176,-1.1300548746548302,16.16053761420915
2013-06-24 13:00:00,28.0,67,0.3,16.9,178,-0.5898014942722661,16.889704976622717
2013-06-24 14:00:00,27.2,72,1.0,15.8,181,0.27574802170908086,15.797593583470983
2013-06-24 15:00:00,27.0,71,0.0,14.4,183,0.7536377698983932,14.380265300465863
2013-06-24 16:00:00,26.6,72,0.0,13.1,188,1.8231676225768576,12.972511700514572
2013-06-24 17:00:00,26.0,75,0.5,12.4,190,2.1532374030699373,12.21161613735138
2013-06-24 18:00:00,25.4,76,0.5,10.1,180,6.184466335694133e-16,10.1
2013-06-24 19:00:00,25.0,76,0.3,8.8,171,-1.3766232923540314,8.691657397237213
2013-06-24 20:00:00,24.2,80,0.3,8.4,155,-3.5499933986218744,7.612985411107861
2013-06-24 21:00:00,23.7,83,0.1,9.5,155,-4.0148734865366436,8.609923976848176
2013-06-24 22:00:00,23.3,83,0.2,9.7,153,-4.403707847473602,8.642763284627168
2013-06-24 23:00:00,23.2,82,0.2,10.2,148,-5.405176495178688,8.650090580795545
2013-06-25 00:00:00,22.9,82,0.0,10.8,150,-5.399999999999998,9.353074360871938
2013-06-25 01:00:00,23.0,80,0.3,10.8,150,-5.399999999999998,9.353074360871938
2013-06-25 02:00:00,23.1,79,0.2,10.5,149,-5.40789978655557,9.00025665737218
2013-06-25 03:00:00,22.9,77,0.0,10.1,145,-5.793122007145566,8.273435647318816
2013-06-25 04:00:00,22.8,78,0.0,9.3,152,-4.366085533908786,8.21141261358802
2013-06-25 05:00:00,22.6,81,0.0,9.8,163,-2.8652427062828196,9.371786608437748
2013-06-25 06:00:00,22.7,82,0.0,9.6,160,-3.2833933759264196,9.02104915954472
2013-06-25 07:00:00,24.8,77,0.0,10.1,163,-2.95295421769964,9.658678035226659
2013-06-25 08:00:00,26.8,71,0.0,12.4,172,-1.7257464519048105,12.279324052395474
2013-06-25 09:00:00,27.7,69,0.0,13.0,177,-0.6803674311582699,12.98218395180946
2013-06-25 10:00:00,28.4,68,0.5,16.2,176,-1.1300548746548302,16.16053761420915
2013-06-25 11:00:00,28.5,68,0.0,17.7,186,1.8501537998374662,17.60303754801844
2013-06-25 12:00:00,28.4,71,0.2,16.2,192,3.368169391247703,15.845991131887649
2013-06-25 13:00:00,28.7,71,0.3,16.8,190,2.9172893848044312,16.544770250605094
2013-06-25 14:00:00,29.0,66,0.2,16.3,185,1.4206386067868277,16.237973578895453
2013-06-25 15:00:00,28.7,68,0.2,15.1,181,0.26353133720298233,15.097700196861508
2013-06-25 16:00:00,28.0,71,2.7,15.1,192,3.1394665313481678,14.770028771080463
2013-06-25 17:00:00,27.3,78,0.5,11.2,180,6.858022075225178e-16,11.2
2013-06-25 18:00:00,26.5,80,0.1,7.9,177,-0.41345405431925636,7.889173324561134
2013-06-25 19:00:00,25.7,80,0.2,8.3,162,-2.564841053312063,7.893769085249776
2013-06-25 20:00:00,24.9,81,0.4,8.9,159,-3.1894747509531727,8.308865795825096
2013-06-25 21:00:00,24.0,83,0.6,9.7,158,-3.633683956134347,8.993683389297837
2013-06-25 22:00:00,23.3,83,0.4,9.3,152,-4.366085533908786,8.21141261358802
2013-06-25 23:00:00,22.9,83,0.0,8.7,150,-4.349999999999998,7.534421012924616
2013-06-26 00:00:00,22.7,83,0.0,8.5,152,-3.990508283680073,7.505054539300878
2013-06-26 01:00:00,22.6,82,0.0,9.0,157,-3.5165801564034638,8.284543681071963
2013-06-26 02:00:00,22.5,81,0.0,9.4,157,-3.6728726077991736,8.652745622452938
2013-06-26 03:00:00,22.9,78,0.0,9.2,154,-4.033014550459513,8.268905225952334
2013-06-26 04:00:00,22.4,79,0.0,9.7,153,-4.403707847473602,8.642763284627168
2013-06-26 05:00:00,22.1,80,0.0,9.5,151,-4.605691392340201,8.30888721782426
2013-06-26 06:00:00,22.0,82,0.0,8.4,149,-4.326319829244456,7.200205325897744
2013-06-26 07:00:00,25.5,76,0.0,9.2,159,-3.296985135816762,8.588939923774255
2013-06-26 08:00:00,27.9,68,0.0,10.8,180,6.613092715395707e-16,10.8
2013-06-26 09:00:00,28.8,66,0.0,13.0,186,1.358870022479495,12.928784639787553
2013-06-26 10:00:00,29.4,65,0.0,14.0,192,2.9107636714486325,13.694066410273278
2013-06-26 11:00:00,29.9,63,0.0,13.3,193,2.991849022773404,12.959121861643629
2013-06-26 12:00:00,29.8,63,0.5,13.2,197,3.859306502340125,12.623222778712067
2013-06-26 13:00:00,29.4,66,0.1,12.2,199,3.971931484377312,11.535326622311663
2013-06-26 14:00:00,29.5,65,0.8,11.7,191,2.2324652459055754,11.485038046337667
2013-06-26 15:00:00,29.5,65,1.2,12.0,219,7.55184469259805,9.32575153748365
2013-06-26 16:00:00,28.4,72,0.2,8.4,200,2.872969203935618,7.893418014601631
2013-06-26 17:00:00,28.0,74,0.0,7.9,180,4.837354856632045e-16,7.9
2013-06-26 18:00:00,27.6,76,0.0,4.7,180,2.8779199779962803e-16,4.7
2013-06-26 19:00:00,26.3,79,0.0,8.1,167,-1.8221035401853067,7.892397524760405
2013-06-26 20:00:00,25.1,84,0.0,8.8,161,-2.864999759222979,8.320563465273988
2013-06-26 21:00:00,23.9,88,0.0,8.9,159,-3.1894747509531727,8.308865795825096
2013-06-26 22:00:00,23.1,88,0.0,9.2,159,-3.296985135816762,8.588939923774255
2013-06-26 23:00:00,22.9,85,0.0,9.0,157,-3.5165801564034638,8.284543681071963
2013-06-27 00:00:00,22.7,83,0.0,8.7,150,-4.349999999999998,7.534421012924616
2013-06-27 01:00:00,22.5,82,0.0,8.6,147,-4.683895701129233,7.212566884330646
2013-06-27 02:00:00,22.3,81,0.3,7.7,143,-4.633975678270772,6.149493427364154
2013-06-27 03:00:00,21.0,85,0.0,6.2,144,-3.644268564213333,5.0159053651246746
2013-06-27 04:00:00,20.6,87,0.0,5.6,153,-2.542346798541461,4.98963653545486
2013-06-27 05:00:00,20.2,87,0.0,6.1,152,-2.8637765329939344,5.385980316439453
2013-06-27 06:00:00,20.6,87,0.0,4.9,163,-1.4326213531414098,4.685893304218874
2013-06-27 07:00:00,24.5,80,0.0,6.4,164,-1.764079077228794,6.1520748540052415
2013-06-27 08:00:00,27.5,65,0.0,7.7,191,1.4692292643993958,7.558529312547013
2013-06-27 09:00:00,28.3,65,0.0,9.1,198,2.8120546488120217,8.654614298285896
2013-06-27 10:00:00,29.3,64,0.0,10.4,200,3.557009490586956,9.772803256173447
2013-06-27 11:00:00,30.0,61,0.3,11.6,202,4.345436483624579,10.755332712974734
2013-06-27 12:00:00,30.5,60,0.0,12.4,210,6.200000000000002,10.73871500692704
2013-06-27 13:00:00,30.4,61,0.0,12.3,212,6.518006950068421,10.43099158272404
2013-06-27 14:00:00,30.4,62,0.0,12.2,214,6.822153422343111,10.114258385171508
2013-06-27 15:00:00,29.6,67,0.0,11.5,219,7.237184497073131,8.937178556755166
2013-06-27 16:00:00,29.3,68,0.1,10.7,222,7.159697488039782,7.951649632608118
2013-06-27 17:00:00,28.6,72,0.0,9.4,220,6.04220353105347,7.200817765318393
2013-06-27 18:00:00,27.4,79,0.0,5.6,220,3.5996106142446203,4.289848881466277
2013-06-27 19:00:00,26.2,83,0.0,6.2,173,-0.7555899291119137,6.153786140176197
2013-06-27 20:00:00,25.1,86,0.0,6.3,149,-3.2447398719333416,5.400153994423308
2013-06-27 21:00:00,23.9,90,0.0,6.6,151,-3.199743493625824,5.772490067120012
2013-06-27 22:00:00,22.5,91,0.0,6.9,152,-3.2393537832226476,6.092338390726596
2013-06-27 23:00:00,21.4,93,0.0,5.2,155,-2.1976149610516367,4.71280049259058
2013-06-28 00:00:00,21.0,91,0.0,4.8,153,-2.179154398749824,4.276831316104166
2013-06-28 01:00:00,20.6,89,0.0,5.0,150,-2.499999999999999,4.330127018922194
2013-06-28 02:00:00,20.3,86,0.0,5.2,146,-2.907803098047883,4.3109953772862175
2013-06-28 03:00:00,20.1,84,0.0,4.9,144,-2.880147736233118,3.9641832724372428
2013-06-28 04:00:00,19.6,84,0.0,4.4,145,-2.5237363199446032,3.6042689948715636
2013-06-28 05:00:00,19.3,83,0.0,4.6,141,-2.894873798829251,3.5748714227020666
2013-06-28 06:00:00,19.5,84,0.0,3.4,162,-1.050657780874821,3.2335921554035223
2013-06-28 07:00:00,23.6,83,0.0,4.2,149,-2.163159914622228,3.600102662948872
2013-06-28 08:00:00,27.4,60,0.1,6.2,190,1.0766187015349686,6.10580806867569
2013-06-28 09:00:00,28.5,56,0.1,7.7,208,3.61493103345136,6.798696465013737
2013-06-28 10:00:00,29.3,57,0.0,8.7,222,5.821436275322066,6.46535998165333
2013-06-28 11:00:00,29.8,61,0.1,9.2,239,7.8859391664594325,4.738350289172498
2013-06-28 12:00:00,29.9,66,0.0,9.7,243,8.642763284627168,4.403707847473603
2013-06-28 13:00:00,29.7,70,0.0,10.4,236,8.621990754572433,5.815606196095768
2013-06-28 14:00:00,29.7,70,0.1,10.8,233,8.625263508510763,6.4996022500421216
2013-06-28 15:00:00,29.3,73,0.0,11.2,225,7.919595949289333,7.919595949289331
2013-06-28 16:00:00,29.0,73,0.0,11.5,221,7.544678833390834,8.679160172561879
2013-06-28 17:00:00,28.4,77,0.0,10.5,221,6.888619804400326,7.924450592339106
2013-06-28 18:00:00,27.5,82,0.0,6.6,221,4.329989591337347,4.981083229470295
2013-06-28 19:00:00,26.5,87,0.0,5.7,198,1.7613968679372005,5.421022142882375
2013-06-28 20:00:00,25.1,94,0.0,5.8,184,0.40458754771592637,5.78587149150698
2013-06-28 21:00:00,25.3,91,0.0,4.5,166,-1.088648530198505,4.366330768241984
2013-06-28 22:00:00,25.0,91,0.0,5.2,155,-2.1976149610516367,4.71280049259058
2013-06-28 23:00:00,23.6,95,0.0,6.1,152,-2.8637765329939344,5.385980316439453
2013-06-29 00:00:00,22.6,96,0.0,5.2,155,-2.1976149610516367,4.71280049259058
2013-06-29 01:00:00,21.6,97,0.0,6.1,135,-4.313351365237939,4.31335136523794
2013-06-29 02:00:00,20.9,96,0.0,6.4,137,-4.364789504399989,4.6806636903626915
2013-06-29 03:00:00,20.2,93,0.0,6.2,144,-3.644268564213333,5.0159053651246746
2013-06-29 04:00:00,20.1,90,0.0,5.6,140,-3.5996106142446203,4.289848881466277
2013-06-29 05:00:00,20.1,86,0.0,4.6,141,-2.894873798829251,3.5748714227020666
2013-06-29 06:00:00,20.6,84,0.0,3.6,127,-2.8750878361702545,2.1665340833473734
2013-06-29 07:00:00,24.1,85,0.0,3.1,144,-1.8221342821066664,2.5079526825623373
2013-06-29 08:00:00,26.8,69,0.0,5.9,223,4.023790324368742,4.314986839553106
2013-06-29 09:00:00,27.4,71,0.0,7.8,236,6.466493065929325,4.361704647071826
2013-06-29 10:00:00,28.1,71,0.0,7.8,248,7.232034065620942,2.921931428644114
2013-06-29 11:00:00,28.7,70,0.1,7.7,259,7.558529312547013,1.469229264399395
2013-06-29 12:00:00,29.1,70,0.0,8.3,268,8.294943864258496,0.2896658226307581
2013-06-29 13:00:00,29.1,71,0.0,9.0,272,8.994517443171862,-0.31409547032250873
2013-06-29 14:00:00,29.1,72,0.0,8.3,275,8.268415994161488,-0.7233926648055629
2013-06-29 15:00:00,29.1,72,0.2,7.2,273,7.190132650232932,-0.37681888494919563
2013-06-29 16:00:00,28.9,73,0.2,7.2,270,7.2,0.0
2013-06-29 17:00:00,28.2,76,0.4,4.7,266,4.688551036221174,0.3278554265973889
2013-06-29 18:00:00,27.7,77,0.0,1.0,315,0.7071067811865476,-0.7071067811865475
2013-06-29 19:00:00,26.8,85,0.0,1.1,252,1.0461621679246689,0.33991869381244216
2013-06-29 20:00:00,25.4,89,0.0,2.2,171,-0.34415582308850784,2.1729143493093033
2013-06-29 21:00:00,24.7,90,0.0,4.7,180,2.8779199779962803e-16,4.7
2013-06-29 22:00:00,24.2,91,0.0,6.2,170,-1.076618701534968,6.10580806867569
2013-06-29 23:00:00,24.4,90,0.0,5.9,166,-1.42733918403804,5.7247447850283795
2013-06-30 00:00:00,25.5,87,0.0,4.7,176,-0.3278554265973891,4.688551036221174
2013-06-30 01:00:00,25.2,88,0.0,4.4,171,-0.6883116461770157,4.3458286986186065
2013-06-30 02:00:00,24.9,88,0.0,4.6,162,-1.4214781741247577,4.374859974957706
2013-06-30 03:00:00,23.1,89,0.0,3.2,153,-1.4527695991665495,2.8512208774027776
2013-06-30 04:00:00,21.8,95,0.0,2.7,157,-1.0549740469210394,2.4853631043215887
2013-06-30 05:00:00,21.3,96,0.0,3.1,159,-1.1109406435904308,2.8940993221413254
2013-06-30 06:00:00,21.4,97,0.0,2.5,98,-2.475670171853926,0.3479327524001633
2013-06-30 07:00:00,24.8,92,0.0,4.2,59,-3.600102662948872,-2.1631599146222276
2013-06-30 08:00:00,26.5,87,0.0,4.1,345,1.061158084920335,-3.96029588778518
2013-06-30 09:00:00,27.6,82,0.0,5.0,330,2.5000000000000004,-4.330127018922193
2013-06-30 10:00:00,28.5,78,0.0,5.7,305,4.669166652447253,-3.2693856872009626
2013-06-30 11:00:00,28.5,77,0.2,7.0,291,6.535062985480412,-2.5085756468171017
2013-06-30 12:00:00,28.4,78,0.6,7.8,292,7.232034065620942,-2.921931428644114
2013-06-30 13:00:00,28.6,77,0.4,7.9,300,6.841600689897066,-3.9499999999999997
2013-06-30 14:00:00,28.3,80,0.9,3.6,323,2.1665340833473743,-2.875087836170254
2013-06-30 15:00:00,28.1,80,0.2,5.2,335,2.197614961051637,-4.7128004925905795
2013-06-30 16:00:00,28.0,80,0.2,6.5,354,0.6794350112397475,-6.4643923198937765
2013-06-30 17:00:00,27.8,81,0.0,8.9,346,2.1531048708370424,-8.635631963856369
2013-06-30 18:00:00,27.2,83,0.0,7.6,352,1.0577155672964975,-7.5260373224359345
2013-06-30 19:00:00,26.3,87,0.0,7.6,352,1.0577155672964975,-7.5260373224359345
2013-06-30 20:00:00,25.2,94,0.0,6.6,9,-1.0324674692655247,-6.5187430479279085
2013-06-30 21:00:00,25.5,90,0.0,3.3,41,-2.1649947956686737,-2.4905416147351476
2013-06-30 22:00:00,25.3,91,0.0,1.8,90,-1.8,2.2043642384652358e-16
2013-06-30 23:00:00,24.4,92,0.0,3.7,151,-1.793795594911447,3.236092916415765
2013-07-01 00:00:00,23.8,93,0.0,3.1,135,-2.192031021678297,2.1920310216782974
2013-07-01 01:00:00,23.8,92,0.0,1.5,104,-1.4554435894139948,0.3628828433995016
2013-07-01 02:00:00,22.7,94,1.1,2.2,81,-2.1729143493093033,-0.3441558230885076
2013-07-01 03:00:00,24.1,88,0.9,3.2,90,-3.2,3.9188697572715305e-16
2013-07-01 04:00:00,22.8,92,2.0,3.0,104,-2.9108871788279895,0.7257656867990032
2013-07-01 05:00:00,22.7,93,1.8,3.7,101,-3.632020578756357,0.7059932828932164
2013-07-01 06:00:00,22.8,92,1.4,5.6,105,-5.409184627218782,1.4493866525741177
2013-07-01 07:00:00,25.2,86,1.1,5.6,105,-5.409184627218782,1.4493866525741177
2013-07-01 08:00:00,27.0,73,0.1,1.0,45,-0.7071067811865477,-0.7071067811865475
2013-07-01 09:00:00,28.5,68,0.0,3.8,319,2.4930243101639276,-2.8678964048465336
2013-07-01 10:00:00,29.1,68,0.0,4.1,308,3.2308440897875594,-2.524212048835199
2013-07-01 11:00:00,29.4,68,0.0,5.0,291,4.667902132486009,-1.7918397477265013
2013-07-01 12:00:00,29.8,68,0.4,5.4,278,5.34744757120448,-0.7515347451843534
2013-07-01 13:00:00,29.7,68,1.6,1.5,315,1.0606601717798214,-1.0606601717798212
2013-07-01 14:00:00,28.9,71,2.5,3.7,101,-3.632020578756357,0.7059932828932164
2013-07-01 15:00:00,29.1,69,0.0,4.2,59,-3.600102662948872,-2.1631599146222276
2013-07-01 16:00:00,28.8,72,0.0,2.9,353,0.3534210958749277,-2.8783838397598336
2013-07-01 17:00:00,28.4,74,0.0,4.9,343,1.4326213531414103,-4.685893304218874
2013-07-01 18:00:00,27.7,79,0.1,2.9,353,0.3534210958749277,-2.8783838397598336
2013-07-01 19:00:00,26.6,86,0.0,0.8,153,-0.36319239979163737,0.7128052193506944
2013-07-01 20:00:00,26.5,83,0.0,2.2,180,1.3471114790620887e-16,2.2
2013-07-01 21:00:00,25.9,84,0.0,3.2,207,1.45276959916655,2.851220877402777
2013-07-01 22:00:00,24.7,88,0.6,3.4,148,-1.8017254983928963,2.8833635269318485
2013-07-01 23:00:00,23.4,92,1.9,5.2,106,-4.998560818879258,1.433314250248396
2013-07-02 00:00:00,23.2,92,1.9,5.8,97,-5.756767679519667,0.7068421917498557
2013-07-02 01:00:00,22.8,92,0.6,5.6,105,-5.409184627218782,1.4493866525741177
2013-07-02 02:00:00,22.6,91,0.0,4.5,104,-4.366330768241984,1.0886485301985047
2013-07-02 03:00:00,22.8,87,0.0,3.4,122,-2.883363526931848,1.8017254983928965
2013-07-02 04:00:00,23.5,81,0.0,3.8,139,-2.493024310163927,2.867896404846534
2013-07-02 05:00:00,23.9,78,0.0,2.6,106,-2.499280409439629,0.716657125124198
2013-07-02 06:00:00,25.8,69,0.0,0.0,270,0.0,0.0
2013-07-02 07:00:00,25.1,85,0.0,0.8,27,-0.36319239979163753,-0.7128052193506943
2013-07-02 08:00:00,27.0,75,0.0,1.1,288,1.0461621679246689,-0.33991869381244216
2013-07-02 09:00:00,27.6,76,0.0,2.3,288,2.1874299874788528,-0.710739087062379
2013-07-02 10:00:00,28.3,75,0.0,4.7,274,4.688551036221174,-0.3278554265973889
2013-07-02 11:00:00,29.1,74,0.1,6.1,273,6.0916401620029,-0.31924933308195735
2013-07-02 12:00:00,28.8,76,0.2,4.8,243,4.276831316104166,2.1791543987498243
2013-07-02 13:00:00,28.8,77,1.3,6.3,204,2.5624408513775414,5.755336383148386
2013-07-02 14:00:00,28.0,80,3.2,6.1,208,2.863776532993934,5.385980316439453
2013-07-02 15:00:00,27.5,79,3.2,4.8,193,1.0797650608505516,4.676976310969129
2013-07-02 16:00:00,25.7,81,2.8,5.4,160,-1.8469087739586112,5.074340152243906
2013-07-02 17:00:00,24.3,86,2.2,2.2,99,-2.172914349309303,0.3441558230885082
2013-07-02 18:00:00,24.6,85,1.6,3.6,96,-3.580278823325784,0.37630246776355347
2013-07-02 19:00:00,24.6,86,0.0,3.7,79,-3.632020578756357,-0.7059932828932155
2013-07-02 20:00:00,24.2,86,0.0,4.7,86,-4.688551036221174,-0.3278554265973888
2013-07-02 21:00:00,24.0,86,0.0,5.0,159,-1.7918397477265013,4.667902132486009
2013-07-02 22:00:00,23.9,84,0.0,4.8,138,-3.2118269105225195,3.5670951622914924
2013-07-02 23:00:00,23.7,84,0.0,4.1,128,-3.2308440897875594,2.5242120488351993
2013-07-03 00:00:00,23.1,85,0.0,2.8,140,-1.7998053071223101,2.1449244407331385
2013-07-03 01:00:00,22.8,85,0.0,3.8,131,-2.8678964048465336,2.4930243101639276
2013-07-03 02:00:00,22.0,88,0.0,4.5,119,-3.935788682127281,2.181643291108517
2013-07-03 03:00:00,21.4,90,0.0,2.7,113,-2.485363104321589,1.0549740469210394
2013-07-03 04:00:00,20.8,93,0.0,3.4,108,-3.233592155403522,1.0506577808748214
2013-07-03 05:00:00,20.1,96,0.0,3.3,103,-3.215421213791276,0.7423384793347552
2013-07-03 06:00:00,20.2,97,0.0,5.1,94,-5.087576656325103,0.35575801609504015
2013-07-03 07:00:00,23.4,95,0.0,4.9,107,-4.685893304218874,1.4326213531414094
2013-07-03 08:00:00,26.4,77,0.0,1.5,194,0.3628828433995015,1.4554435894139948
2013-07-03 09:00:00,27.7,74,0.0,4.4,235,3.604268994871564,2.523736319944603
2013-07-03 10:00:00,28.5,72,0.0,6.6,241,5.772490067120011,3.1997434936258244
2013-07-03 11:00:00,28.6,72,0.0,7.1,246,6.486172749262466,2.8878301658381815
2013-07-03 12:00:00,29.0,71,0.0,5.6,225,3.9597979746446663,3.9597979746446654
2013-07-03 13:00:00,28.8,72,0.5,6.4,218,3.9402334420842133,5.043268823083022
2013-07-03 14:00:00,28.3,74,1.0,6.2,234,5.0159053651246746,3.6442685642133337
2013-07-03 15:00:00,28.5,74,3.3,6.0,197,1.7542302283364206,5.737828535778212
2013-07-03 16:00:00,28.1,76,0.0,3.3,167,-0.7423384793347546,3.2154212137912763
2013-07-03 17:00:00,28.2,74,0.0,1.1,180,6.735557395310444e-17,1.1
2013-07-03 18:00:00,27.7,76,0.0,1.8,127,-1.4375439180851273,1.0832670416736867
2013-07-03 19:00:00,26.8,83,0.0,4.9,126,-3.9641832724372423,2.880147736233119
2013-07-03 20:00:00,26.7,80,0.0,4.3,138,-2.8772616073430903,3.195522749552795
2013-07-03 21:00:00,25.1,86,0.0,5.8,176,-0.4045875477159269,5.78587149150698
2013-07-03 22:00:00,24.2,89,0.0,6.0,163,-1.75423022833642,5.737828535778213
2013-07-03 23:00:00,24.4,89,0.0,4.5,151,-2.1816432911085166,3.9357886821272814
2013-07-04 00:00:00,24.7,89,0.0,4.9,144,-2.880147736233118,3.9641832724372428
2013-07-04 01:00:00,23.7,91,0.0,5.0,150,-2.499999999999999,4.330127018922194
2013-07-04 02:00:00,23.5,91,0.0,3.4,148,-1.8017254983928963,2.8833635269318485
2013-07-04 03:00:00,21.3,90,0.0,3.3,139,-2.1649947956686737,2.490541614735148
2013-07-04 04:00:00,20.7,93,0.0,3.6,135,-2.545584412271571,2.5455844122715714
2013-07-04 05:00:00,20.4,95,0.0,3.3,139,-2.1649947956686737,2.490541614735148
2013-07-04 06:00:00,20.4,97,0.0,2.5,98,-2.475670171853926,0.3479327524001633
2013-07-04 07:00:00,23.5,94,0.0,3.3,96,-3.2819222547153015,0.3449439287832573
2013-07-04 08:00:00,25.9,82,0.0,1.1,270,1.1,0.0
2013-07-04 09:00:00,27.1,80,0.0,3.0,284,2.9108871788279895,-0.7257656867990032
2013-07-04 10:00:00,28.0,75,0.0,4.0,280,3.939231012048832,-0.6945927106677213
2013-07-04 11:00:00,28.4,74,0.0,5.4,270,5.4,0.0
2013-07-04 12:00:00,28.7,72,0.0,7.3,250,6.859756131737131,2.4967470462773815
2013-07-04 13:00:00,29.1,72,0.2,7.7,233,6.149493427364155,4.6339756782707715
2013-07-04 14:00:00,28.0,77,2.0,7.7,229,5.811263767715345,5.051654523226906
2013-07-04 15:00:00,28.5,73,0.3,8.9,220,5.7208097262102005,6.817795543758905
2013-07-04 16:00:00,28.6,74,0.0,9.2,225,6.505382386916237,6.505382386916236
2013-07-04 17:00:00,28.4,75,0.0,8.4,200,2.872969203935618,7.893418014601631
2013-07-04 18:00:00,28.0,77,0.0,5.1,219,3.209533994354171,3.963444403430551
2013-07-04 19:00:00,26.9,82,0.0,6.2,216,3.6442685642133337,5.0159053651246746
2013-07-04 20:00:00,25.5,90,0.0,6.5,199,2.116193003971519,6.145870741395559
2013-07-04 21:00:00,25.0,89,0.0,7.9,183,0.41345405431925736,7.889173324561134
2013-07-04 22:00:00,24.3,92,0.0,7.7,169,-1.469229264399395,7.558529312547013
2013-07-04 23:00:00,23.6,94,0.0,7.2,162,-2.224922359499621,6.847606917325106
2013-07-05 00:00:00,22.7,96,0.0,6.0,163,-1.75423022833642,5.737828535778213
2013-07-05 01:00:00,22.1,96,0.0,6.5,161,-2.116193003971518,6.1458707413955596
2013-07-05 02:00:00,21.8,95,0.0,6.8,162,-2.101315561749642,6.467184310807045
2013-07-05 03:00:00,21.6,95,0.0,6.5,161,-2.116193003971518,6.1458707413955596
2013-07-05 04:00:00,21.1,95,0.0,7.3,160,-2.4967470462773815,6.859756131737131
2013-07-05 05:00:00,20.7,95,0.0,8.1,159,-2.902780391316932,7.5620014546273335
2013-07-05 06:00:00,21.0,94,0.0,8.0,172,-1.1133848076805228,7.922144549932563
2013-07-05 07:00:00,24.6,87,0.0,10.0,167,-2.2495105434386504,9.743700647852352
2013-07-05 08:00:00,26.4,78,0.0,11.6,185,1.0110066158728344,11.555858497864248
2013-07-05 09:00:00,27.8,75,0.0,14.1,199,4.59051097784591,13.331811915950366
2013-07-05 10:00:00,28.4,74,0.0,15.6,206,6.838589889909608,14.021187122267005
2013-07-05 11:00:00,28.7,72,0.1,15.9,208,7.464597848295665,14.038866726456938
2013-07-05 12:00:00,28.5,73,0.2,14.6,213,7.951729911219395,12.24459029200319
2013-07-05 13:00:00,28.4,73,0.2,13.0,214,7.269507745119708,10.777488443215542
2013-07-05 14:00:00,27.8,74,1.2,10.7,200,3.659615533584656,10.054711042409219
2013-07-05 15:00:00,27.6,77,3.0,9.5,205,4.014873486536644,8.609923976848174
2013-07-05 16:00:00,27.0,78,0.2,10.5,188,1.4613175600806874,10.397814721786489
2013-07-05 17:00:00,26.7,78,0.4,5.8,184,0.40458754771592637,5.78587149150698
2013-07-05 18:00:00,26.1,82,0.0,2.9,150,-1.4499999999999993,2.511473670974872
2013-07-05 19:00:00,25.8,82,0.0,5.8,120,-5.022947341949744,2.8999999999999995
2013-07-05 20:00:00,24.6,87,0.0,5.4,143,-3.2498011250210617,4.312631754255381
2013-07-05 21:00:00,23.5,90,0.0,5.6,140,-3.5996106142446203,4.289848881466277
2013-07-05 22:00:00,23.0,90,0.0,5.4,143,-3.2498011250210617,4.312631754255381
2013-07-05 23:00:00,22.2,89,0.0,5.7,145,-3.269385687200963,4.669166652447252
2013-07-06 00:00:00,21.7,88,0.0,6.2,144,-3.644268564213333,5.0159053651246746
2013-07-06 01:00:00,21.5,86,0.0,6.6,139,-4.329989591337347,4.981083229470296
2013-07-06 02:00:00,21.3,85,0.0,6.6,139,-4.329989591337347,4.981083229470296
2013-07-06 03:00:00,20.2,93,0.0,7.2,143,-4.333068166694749,5.750175672340507
2013-07-06 04:00:00,20.3,91,0.0,7.5,145,-4.301823272632846,6.143640332167438
2013-07-06 05:00:00,20.0,92,0.0,7.2,143,-4.333068166694749,5.750175672340507
2013-07-06 06:00:00,20.4,91,0.0,5.6,153,-2.542346798541461,4.98963653545486
2013-07-06 07:00:00,23.0,91,0.0,6.4,153,-2.905539198333099,5.702441754805555
2013-07-06 08:00:00,26.6,69,0.0,7.3,200,2.4967470462773824,6.8597561317371305
2013-07-06 09:00:00,27.5,69,0.0,9.3,216,5.46640284632,7.523858047687012
2013-07-06 10:00:00,28.3,70,0.0,11.2,220,7.1992212284892405,8.579697762932554
2013-07-06 11:00:00,28.6,72,0.0,13.2,215,7.571208959833809,10.81280698461469
2013-07-06 12:00:00,28.6,72,0.5,11.7,225,8.273149339882606,8.273149339882604
2013-07-06 13:00:00,27.5,78,0.0,11.2,201,4.013721034907364,10.45610077676866
2013-07-06 14:00:00,26.6,82,1.4,11.4,208,5.351975815759156,10.065602558591767
2013-07-06 15:00:00,26.4,83,1.0,9.8,208,4.600821315301731,8.652886410017484
2013-07-06 16:00:00,26.3,83,0.2,10.7,200,3.659615533584656,10.054711042409219
2013-07-06 17:00:00,26.1,84,0.0,6.9,189,1.0793978087775935,6.815049550106451
2013-07-06 18:00:00,25.6,85,0.0,3.4,198,1.0506577808748212,3.233592155403522
2013-07-06 19:00:00,24.9,90,0.1,4.3,132,-3.195522749552794,2.8772616073430908
2013-07-06 20:00:00,25.4,83,0.0,4.9,126,-3.9641832724372423,2.880147736233119
2013-07-06 21:00:00,24.9,85,0.0,5.6,135,-3.9597979746446654,3.9597979746446663
2013-07-06 22:00:00,23.5,89,0.0,7.1,150,-3.549999999999998,6.148780366869515
2013-07-06 23:00:00,22.3,94,0.0,8.9,166,-2.1531048708370433,8.635631963856369
2013-07-07 00:00:00,21.5,97,0.0,8.9,153,-4.040515447681965,7.929958065276475
2013-07-07 01:00:00,21.4,96,0.0,8.4,155,-3.5499933986218744,7.612985411107861
2013-07-07 02:00:00,21.0,95,0.0,6.4,153,-2.905539198333099,5.702441754805555
2013-07-07 03:00:00,20.8,92,0.0,4.8,153,-2.179154398749824,4.276831316104166
2013-07-07 04:00:00,20.4,93,0.0,4.4,171,-0.6883116461770157,4.3458286986186065
2013-07-07 05:00:00,20.2,93,0.0,4.6,162,-1.4214781741247577,4.374859974957706
2013-07-07 06:00:00,20.2,94,0.0,4.2,160,-1.4364846019678086,3.9467090073008158
2013-07-07 07:00:00,23.1,92,0.0,5.9,142,-3.6324027044213842,4.64926344627966
2013-07-07 08:00:00,25.9,76,0.0,6.2,173,-0.7555899291119137,6.153786140176197
2013-07-07 09:00:00,27.4,72,0.0,7.9,204,3.2132194802988217,7.217009115376547
2013-07-07 10:00:00,27.7,75,0.0,10.3,216,6.054188098612474,8.332875042061959
2013-07-07 11:00:00,28.4,72,0.0,11.8,207,5.357087896926653,10.51387698542274
2013-07-07 12:00:00,28.6,71,0.2,13.3,213,7.24369916569986,11.154318553674141
2013-07-07 13:00:00,28.1,74,0.5,11.4,204,4.636797731064123,10.41441821712565
2013-07-07 14:00:00,27.7,75,0.3,11.2,220,7.1992212284892405,8.579697762932554
2013-07-07 15:00:00,27.6,76,0.9,11.5,224,7.988571260278468,8.272407703894487
2013-07-07 16:00:00,26.4,81,1.9,9.1,214,5.088655421583796,7.5442419102508795
2013-07-07 17:00:00,25.7,82,1.5,5.8,202,2.1727182418122895,5.377666356487367
2013-07-07 18:00:00,25.6,82,0.2,3.6,180,2.2043642384652358e-16,3.6
2013-07-07 19:00:00,25.0,85,0.0,5.4,132,-4.012982057577928,3.613305274337835
2013-07-07 20:00:00,24.1,89,0.0,5.4,184,0.3766849582182763,5.386845871403051
2013-07-07 21:00:00,23.5,91,0.0,5.8,184,0.40458754771592637,5.78587149150698
2013-07-07 22:00:00,23.5,88,0.0,4.8,153,-2.179154398749824,4.276831316104166
2013-07-07 23:00:00,22.4,93,0.0,3.2,153,-1.4527695991665495,2.8512208774027776
2013-07-08 00:00:00,21.6,93,0.0,3.0,166,-0.7257656867990033,2.9108871788279895
2013-07-08 01:00:00,21.3,94,0.3,3.3,139,-2.1649947956686737,2.490541614735148
2013-07-08 02:00:00,21.0,94,0.0,2.9,150,-1.4499999999999993,2.511473670974872
2013-07-08 03:00:00,20.4,93,0.0,2.9,150,-1.4499999999999993,2.511473670974872
2013-07-08 04:00:00,20.2,94,0.0,3.1,135,-2.192031021678297,2.1920310216782974
2013-07-08 05:00:00,19.6,96,0.0,3.2,117,-2.851220877402777,1.4527695991665501
2013-07-08 06:00:00,19.8,96,0.0,4.3,95,-4.283637201794505,0.3747696938149302
2013-07-08 07:00:00,22.8,94,0.0,5.8,90,-5.8,7.102951435054649e-16
2013-07-08 08:00:00,25.8,77,0.0,3.1,54,-2.5079526825623377,-1.8221342821066664
2013-07-08 09:00:00,27.0,75,0.0,1.3,326,0.7269507745119709,-1.0777488443215544
2013-07-08 10:00:00,27.9,72,0.0,3.3,283,3.2154212137912763,-0.7423384793347545
2013-07-08 11:00:00,28.8,69,0.0,5.1,266,5.087576656325103,0.35575801609503904
2013-07-08 12:00:00,28.5,71,0.8,4.6,219,2.894873798829252,3.5748714227020657
2013-07-08 13:00:00,28.4,72,0.6,6.1,220,3.92100441908789,4.6728711030257655
2013-07-08 14:00:00,28.0,74,1.1,3.3,221,2.1649947956686737,2.4905416147351476
2013-07-08 15:00:00,27.3,76,3.4,4.2,239,3.600102662948872,2.1631599146222276
2013-07-08 16:00:00,27.3,77,3.3,3.7,241,3.2360929164157644,1.7937955949114472
2013-07-08 17:00:00,26.9,77,4.1,1.5,225,1.0606601717798214,1.0606601717798212
2013-07-08 18:00:00,26.6,79,1.4,1.8,143,-1.0832670416736871,1.4375439180851268
2013-07-08 19:00:00,25.6,85,0.0,5.8,97,-5.756767679519667,0.7068421917498557
2013-07-08 20:00:00,24.8,87,0.0,4.2,110,-3.9467090073008153,1.4364846019678092
2013-07-08 21:00:00,24.9,85,2.8,3.6,143,-2.1665340833473743,2.8750878361702537
2013-07-08 22:00:00,24.1,86,2.1,4.3,132,-3.195522749552794,2.8772616073430908
2013-07-08 23:00:00,22.0,93,0.4,2.5,98,-2.475670171853926,0.3479327524001633
2013-07-09 00:00:00,22.0,93,0.5,4.0,85,-3.984778792366982,-0.3486229709906318
2013-07-09 01:00:00,21.8,92,2.9,4.0,85,-3.984778792366982,-0.3486229709906318
2013-07-09 02:00:00,21.6,92,3.2,4.0,85,-3.984778792366982,-0.3486229709906318
2013-07-09 03:00:00,20.9,94,2.2,3.3,77,-3.2154212137912763,-0.7423384793347544
2013-07-09 04:00:00,20.7,94,2.2,3.8,73,-3.6339580726595346,-1.1110124779463997
2013-07-09 05:00:00,20.8,94,1.1,3.4,72,-3.2335921554035223,-1.0506577808748208
2013-07-09 06:00:00,21.1,95,0.0,3.9,68,-3.616017032810471,-1.460965714322057
2013-07-09 07:00:00,23.4,93,0.0,3.9,68,-3.616017032810471,-1.460965714322057
2013-07-09 08:00:00,25.8,76,0.0,4.3,355,0.37476969381492997,-4.283637201794505
2013-07-09 09:00:00,26.7,73,0.2,6.6,347,1.4846769586695083,-6.430842427582553
2013-07-09 10:00:00,27.5,71,0.6,6.8,342,2.1013155617496424,-6.467184310807044
2013-07-09 11:00:00,27.5,71,1.1,6.0,335,2.5357095704441965,-5.437846722219899
2013-07-09 12:00:00,27.9,70,0.5,4.3,336,1.7489675652259409,-3.9282454678631837
2013-07-09 13:00:00,27.7,72,4.1,3.8,343,1.1110124779463997,-3.6339580726595346
2013-07-09 14:00:00,26.9,74,4.3,3.1,291,2.8940993221413254,-1.1109406435904308
2013-07-09 15:00:00,26.5,75,3.4,3.9,304,3.2332465329646625,-2.180852323535913
2013-07-09 16:00:00,26.1,77,2.1,3.0,284,2.9108871788279895,-0.7257656867990032
2013-07-09 17:00:00,26.0,81,4.8,2.5,270,2.5,0.0
2013-07-09 18:00:00,25.2,84,5.6,2.2,9,-0.3441558230885083,-2.172914349309303
2013-07-09 19:00:00,24.4,89,1.9,3.7,79,-3.632020578756357,-0.7059932828932155
2013-07-09 20:00:00,25.3,79,0.0,1.5,45,-1.0606601717798214,-1.0606601717798212
2013-07-09 21:00:00,24.7,82,0.0,1.5,14,-0.36288284339950166,-1.4554435894139948
2013-07-09 22:00:00,24.6,83,0.5,2.2,99,-2.172914349309303,0.3441558230885082
2013-07-09 23:00:00,24.3,84,2.0,3.6,84,-3.580278823325784,-0.3763024677635526
2013-07-10 00:00:00,24.1,86,3.5,3.2,90,-3.2,3.9188697572715305e-16
2013-07-10 01:00:00,23.6,89,2.7,3.0,104,-2.9108871788279895,0.7257656867990032
2013-07-10 02:00:00,23.5,90,2.3,2.3,108,-2.1874299874788528,0.7107390870623792
2013-07-10 03:00:00,21.1,91,0.0,2.6,106,-2.499280409439629,0.716657125124198
2013-07-10 04:00:00,21.0,90,0.0,3.0,104,-2.9108871788279895,0.7257656867990032
2013-07-10 05:00:00,20.5,93,0.0,2.5,90,-2.5,3.061616997868383e-16
2013-07-10 06:00:00,20.7,93,0.0,3.0,76,-2.9108871788279895,-0.7257656867990026
2013-07-10 07:00:00,23.5,90,0.6,3.3,84,-3.2819222547153015,-0.3449439287832565
2013-07-10 08:00:00,25.1,84,0.7000000000000001,4.0,5,-0.348622970990633,-3.984778792366982
2013-07-10 09:00:00,26.1,79,0.0,6.3,347,1.4171916423663489,-6.1385314081469815
2013-07-10 10:00:00,27.3,73,0.2,7.6,335,3.211898789229316,-6.887939181478539
2013-07-10 11:00:00,27.6,72,1.8,8.1,328,4.29234604028896,-6.86918957886705
2013-07-10 12:00:00,27.6,73,2.6,7.8,338,2.9219314286441134,-7.232034065620942
2013-07-10 13:00:00,26.9,76,6.1,7.4,346,1.7902220274375409,-7.180188374442374
2013-07-10 14:00:00,26.7,79,6.0,7.4,337,2.8914103508206255,-6.811735915548059
2013-07-10 15:00:00,27.6,73,1.4,6.5,326,3.634753872559854,-5.388744221607771
2013-07-10 16:00:00,27.1,76,1.3,5.2,344,1.4333142502483958,-4.998560818879258
2013-07-10 17:00:00,26.8,77,0.9,4.7,360,2.8779199779962803e-16,-4.7
2013-07-10 18:00:00,26.5,82,0.0,2.4,333,1.0895771993749124,-2.138415658052083
2013-07-10 19:00:00,25.3,87,0.0,4.2,329,2.1631599146222276,-3.600102662948872
2013-07-10 20:00:00,25.7,81,0.0,4.6,342,1.4214781741247582,-4.3748599749577055
2013-07-10 21:00:00,25.3,82,0.4,3.4,32,-1.801725498392897,-2.883363526931848
2013-07-10 22:00:00,25.1,83,0.4,3.6,90,-3.6,4.4087284769304716e-16
2013-07-10 23:00:00,25.0,83,0.0,2.2,81,-2.1729143493093033,-0.3441558230885076
2013-07-11 00:00:00,24.6,85,0.0,2.5,98,-2.475670171853926,0.3479327524001633
2013-07-11 01:00:00,24.2,86,0.0,3.1,111,-2.8940993221413254,1.1109406435904308
2013-07-11 02:00:00,24.1,84,0.0,3.2,117,-2.851220877402777,1.4527695991665501
2013-07-11 03:00:00,22.4,85,0.0,1.3,124,-1.0777488443215542,0.726950774511971
2013-07-11 04:00:00,22.7,82,0.1,1.1,72,-1.046162167924669,-0.33991869381244205
2013-07-11 05:00:00,22.5,82,0.2,3.0,76,-2.9108871788279895,-0.7257656867990026
2013-07-11 06:00:00,23.3,78,0.0,3.3,49,-2.490541614735148,-2.1649947956686733
2013-07-11 07:00:00,24.4,85,0.0,4.2,31,-2.163159914622229,-3.600102662948871
2013-07-11 08:00:00,25.8,82,0.0,7.6,3,-0.39775326744637673,-7.589584464134761
2013-07-11 09:00:00,26.7,80,0.0,9.7,356,0.6766377953180147,-9.676371287520293
2013-07-11 10:00:00,27.5,76,0.0,11.4,349,2.175222547292612,-11.19054989130337
2013-07-11 11:00:00,28.2,73,0.0,13.0,346,3.14498464279568,-12.613844441587954
2013-07-11 12:00:00,28.4,72,0.0,14.2,344,3.914050452601388,-13.649916082324127
2013-07-11 13:00:00,28.3,73,0.2,15.0,343,4.385575570841052,-14.344571339445531
2013-07-11 14:00:00,28.3,74,0.0,15.5,348,3.2226312076752714,-15.161287811373986
2013-07-11 15:00:00,27.9,76,0.3,13.8,351,2.158795617555187,-13.630099100212902
2013-07-11 16:00:00,27.9,75,0.2,11.4,347,2.5644420195200603,-11.107818738551682
2013-07-11 17:00:00,27.5,77,0.0,10.4,346,2.515987714236544,-10.091075553270363
2013-07-11 18:00:00,26.7,80,0.0,8.0,352,1.1133848076805237,-7.922144549932563
2013-07-11 19:00:00,25.6,85,0.0,8.4,353,1.023702484603239,-8.337387673787106
2013-07-11 20:00:00,25.1,85,0.0,7.2,360,4.4087284769304716e-16,-7.2
2013-07-11 21:00:00,25.1,84,0.0,8.3,355,0.7233926648055626,-8.268415994161488
2013-07-11 22:00:00,24.8,85,0.0,7.6,3,-0.39775326744637673,-7.589584464134761
2013-07-11 23:00:00,24.0,89,0.0,5.9,11,-1.1257730727216133,-5.791600382341218
2013-07-12 00:00:00,20.8,98,0.0,5.2,16,-1.4333142502483942,-4.998560818879259
2013-07-12 01:00:00,20.6,98,0.0,4.9,36,-2.880147736233119,-3.9641832724372423
2013-07-12 02:00:00,20.8,96,0.0,4.7,32,-2.490620541896064,-3.9858260519352022
2013-07-12 03:00:00,22.2,94,0.0,3.6,45,-2.545584412271572,-2.545584412271571
2013-07-12 04:00:00,22.1,93,0.0,2.0,45,-1.4142135623730954,-1.414213562373095
2013-07-12 05:00:00,22.4,94,0.0,1.9,22,-0.7117525274902333,-1.7616493236768958
2013-07-12 06:00:00,22.6,95,0.0,4.7,360,2.8779199779962803e-16,-4.7
2013-07-12 07:00:00,23.8,94,0.0,7.0,348,1.4553818357243162,-6.847033205136639
2013-07-12 08:00:00,25.3,86,0.0,10.8,345,2.795245687107224,-10.431998923921938
2013-07-12 09:00:00,26.4,79,0.0,11.0,341,3.5812496990287244,-10.400704331592484
2013-07-12 10:00:00,27.4,74,0.0,12.4,343,3.625409138561936,-11.858178973941639
2013-07-12 11:00:00,27.9,73,0.1,13.6,348,2.8275989951215283,-13.302807369979755
2013-07-12 12:00:00,28.1,73,0.2,16.0,351,2.502951440643695,-15.803013449522204
2013-07-12 13:00:00,27.9,73,0.3,18.4,358,0.6421507393260198,-18.38879121715136
2013-07-12 14:00:00,27.3,76,0.5,19.1,1,-0.33334096295211485,-19.097090977487074
2013-07-12 15:00:00,26.8,78,0.3,19.4,359,0.3385766848833018,-19.39704528603399
2013-07-12 16:00:00,26.3,82,0.3,20.5,358,0.7154396824012721,-20.487511953891463
2013-07-12 17:00:00,25.8,85,0.2,19.1,359,0.33334096295211674,-19.097090977487074
2013-07-12 18:00:00,25.1,87,0.3,19.1,2,-0.6665803870177646,-19.08836479606473
2013-07-12 19:00:00,24.2,90,0.3,15.3,8,-2.129348444689007,-15.151101451746026
2013-07-12 20:00:00,23.8,90,0.3,13.4,6,-1.400681407786555,-13.326593397934865
2013-07-12 21:00:00,23.6,91,0.4,19.1,357,0.9996167642402298,-19.07382411381236
2013-07-12 22:00:00,23.9,91,0.3,20.3,348,4.220607323600517,-19.856396294896253
2013-07-12 23:00:00,23.9,92,1.0,19.1,348,3.971113294619206,-18.682619174015688
2013-07-13 00:00:00,23.8,95,3.4,20.5,338,7.679435165026195,-19.00726901861914
2013-07-13 01:00:00,23.4,97,4.6,22.6,323,13.601019523236294,-18.04916252706882
2013-07-13 02:00:00,23.8,98,5.8,23.2,318,15.52383006752551,-17.240959951075546
2013-07-13 03:00:00,23.8,94,7.8,23.0,302,19.5051062115978,-12.188143077363712
2013-07-13 04:00:00,23.4,96,10.4,27.3,288,25.96384289485769,-8.436163946436064
2013-07-13 05:00:00,23.4,94,11.0,29.9,261,29.53188138379462,4.6773905047029025
2013-07-13 06:00:00,23.2,93,13.8,22.5,229,16.98096555501237,14.761328152286413
2013-07-13 07:00:00,23.1,90,17.8,22.5,202,8.428648351858019,20.861636727752717
2013-07-13 08:00:00,23.4,89,19.8,25.7,191,4.903791181177204,25.227818614604963
2013-07-13 09:00:00,23.9,93,22.1,26.0,184,1.813668317347256,25.93666530675543
2013-07-13 10:00:00,24.6,91,20.4,25.2,178,-0.879467316903024,25.184648840881213
2013-07-13 11:00:00,24.7,92,14.6,27.4,184,1.9113273805890312,27.333254977119182
2013-07-13 12:00:00,24.8,92,9.3,27.0,190,4.688500797007121,26.589809331329615
2013-07-13 13:00:00,24.5,91,6.6,23.5,186,2.4564188867898564,23.37126454115442
2013-07-13 14:00:00,24.5,89,4.0,24.5,176,-1.7090336067310705,24.44031923136569
2013-07-13 15:00:00,24.9,81,3.4,21.1,172,-2.9365524302573793,20.894656250447134
2013-07-13 16:00:00,24.6,79,2.5,16.7,173,-2.0352180348659608,16.575520732410077
2013-07-13 17:00:00,24.1,79,1.5,13.6,168,-2.827598995121527,13.302807369979757
2013-07-13 18:00:00,23.9,80,0.4,13.0,178,-0.4536934571325124,12.992080751248245
2013-07-13 19:00:00,23.7,77,0.0,11.7,171,-1.8302832409707004,11.555953584963111
2013-07-13 20:00:00,23.7,75,0.0,12.3,165,-3.1834742547610064,11.88088766335554
2013-07-13 21:00:00,23.5,74,0.0,12.9,167,-2.901868601035859,12.569373835729534
2013-07-13 22:00:00,22.9,75,0.0,13.2,169,-2.518678738970391,12.957478821509163
2013-07-13 23:00:00,22.4,77,0.0,13.6,169,-2.5950023371210094,13.35012969488823
2013-07-14 00:00:00,22.0,80,0.0,13.4,172,-1.8649195528648759,13.269592121137043
2013-07-14 01:00:00,21.5,83,0.0,12.3,173,-1.4989929238833126,12.208317665188263
2013-07-14 02:00:00,21.2,85,0.0,12.3,173,-1.4989929238833126,12.208317665188263
2013-07-14 03:00:00,21.2,84,0.0,13.0,177,-0.6803674311582699,12.98218395180946
2013-07-14 04:00:00,21.0,86,0.0,13.7,177,-0.7170026005283306,13.681224626137661
2013-07-14 05:00:00,21.1,88,0.0,11.9,175,-1.037153338697133,11.854716907291772
2013-07-14 06:00:00,21.3,88,0.0,11.9,178,-0.41530401075976137,11.89275084152724
2013-07-14 07:00:00,23.2,88,0.0,11.2,184,0.7812725059342026,11.17271736291003
2013-07-14 08:00:00,26.0,79,0.0,12.4,202,4.645121758357308,11.497079796628164
2013-07-14 09:00:00,26.7,79,0.0,14.1,199,4.59051097784591,13.331811915950366
2013-07-14 10:00:00,27.5,79,0.0,14.7,205,6.212488447588282,13.322724469438754
2013-07-14 11:00:00,27.8,79,0.2,16.4,213,8.932080174246444,13.754197314304953
2013-07-14 12:00:00,27.5,79,0.9,17.1,208,8.027963723638734,15.09840383788765
2013-07-14 13:00:00,26.9,80,0.4,15.5,202,5.806402197946635,14.371349745785205
2013-07-14 14:00:00,26.8,81,0.1,13.7,203,5.353016460303049,12.610916492298433
2013-07-14 15:00:00,27.1,81,0.4,14.5,199,4.720738239628773,13.710019346190093
2013-07-14 16:00:00,26.3,86,0.4,10.8,206,4.734408385322037,9.706975700031006
2013-07-14 17:00:00,26.1,87,0.2,8.9,212,4.716281451675524,7.547628055792192
2013-07-14 18:00:00,25.4,92,0.1,6.9,227,5.046340541172277,4.70578868443124
2013-07-14 19:00:00,24.5,95,0.3,8.1,201,2.902780391316933,7.5620014546273335
2013-07-14 20:00:00,24.7,92,0.0,6.8,180,4.1637991171010006e-16,6.8
2013-07-14 21:00:00,23.9,94,0.2,6.6,189,1.032467469265524,6.518743047927909
2013-07-14 22:00:00,24.2,92,0.5,5.4,180,3.3065463576978537e-16,5.4
2013-07-14 23:00:00,23.6,93,0.0,4.3,175,-0.3747696938149304,4.283637201794505
2013-07-15 00:00:00,23.5,93,0.1,4.1,165,-1.0611580849203355,3.96029588778518
2013-07-15 01:00:00,23.5,93,0.7000000000000001,4.8,167,-1.079765060850552,4.676976310969129
2013-07-15 02:00:00,23.5,93,0.8,3.3,167,-0.7423384793347546,3.2154212137912763
2013-07-15 03:00:00,23.9,89,0.0,3.1,144,-1.8221342821066664,2.5079526825623373
2013-07-15 04:00:00,22.7,93,0.2,2.8,140,-1.7998053071223101,2.1449244407331385
2013-07-15 05:00:00,22.8,92,0.0,2.3,141,-1.4474368994146256,1.7874357113510333
2013-07-15 06:00:00,23.5,90,0.2,1.5,194,0.3628828433995015,1.4554435894139948
2013-07-15 07:00:00,23.5,96,0.4,1.6,207,0.726384799583275,1.4256104387013886
2013-07-15 08:00:00,25.0,89,0.0,3.0,256,2.9108871788279895,0.7257656867990032
2013-07-15 09:00:00,25.9,90,0.3,5.4,262,5.34744757120448,0.7515347451843534
2013-07-15 10:00:00,26.1,93,1.9,4.2,239,3.600102662948872,2.1631599146222276
2013-07-15 11:00:00,26.1,95,1.5,2.7,247,2.485363104321589,1.0549740469210394
2013-07-15 12:00:00,25.8,93,2.2,3.3,257,3.2154212137912763,0.7423384793347545
2013-07-15 13:00:00,26.1,87,1.0,4.7,247,4.32637281122647,1.8364363038995868
2013-07-15 14:00:00,25.9,87,1.7000000000000002,3.9,248,3.616017032810471,1.460965714322057
2013-07-15 15:00:00,26.1,87,4.4,3.4,288,3.233592155403522,-1.0506577808748212
2013-07-15 16:00:00,25.8,85,4.1,2.9,360,1.7757378587636622e-16,-2.9
2013-07-15 17:00:00,25.5,85,3.8,4.0,10,-0.6945927106677213,-3.939231012048832
2013-07-15 18:00:00,25.5,86,0.3,4.3,360,2.632990618166809e-16,-4.3
2013-07-15 19:00:00,24.4,93,1.4,6.8,58,-5.766727053863697,-3.6034509967857926
2013-07-15 20:00:00,23.5,95,1.1,5.4,37,-3.2498011250210608,-4.312631754255381
2013-07-15 21:00:00,23.2,96,1.8,5.2,34,-2.907803098047882,-4.3109953772862175
2013-07-15 22:00:00,23.7,95,3.1,5.1,45,-3.606244584051393,-3.606244584051392
2013-07-15 23:00:00,23.2,97,2.3,6.6,49,-4.981083229470296,-4.3299895913373465
2013-07-16 00:00:00,23.4,96,0.8,7.0,69,-6.535062985480412,-2.508575646817103
2013-07-16 01:00:00,23.3,95,0.2,7.1,66,-6.486172749262466,-2.8878301658381815
2013-07-16 02:00:00,23.4,94,0.0,6.0,65,-5.4378467222199,-2.5357095704441956
2013-07-16 03:00:00,21.4,93,0.0,4.7,67,-4.32637281122647,-1.8364363038995857
2013-07-16 04:00:00,21.5,91,0.0,4.2,70,-3.9467090073008158,-1.4364846019678084
2013-07-16 05:00:00,20.9,94,0.0,3.9,68,-3.616017032810471,-1.460965714322057
2013-07-16 06:00:00,21.0,94,0.0,3.1,54,-2.5079526825623377,-1.8221342821066664
2013-07-16 07:00:00,23.2,92,0.0,3.9,56,-3.233246532964663,-2.180852323535912
2013-07-16 08:00:00,25.6,80,0.0,4.4,9,-0.6883116461770166,-4.345828698618606
2013-07-16 09:00:00,26.5,79,0.0,5.6,345,1.4493866525741161,-5.4091846272187825
2013-07-16 10:00:00,27.4,77,0.0,7.3,340,2.4967470462773824,-6.8597561317371305
2013-07-16 11:00:00,27.9,76,0.3,10.0,334,4.383711467890775,-8.98794046299167
2013-07-16 12:00:00,27.7,76,0.2,9.3,347,2.092044805397944,-9.06164160250269
2013-07-16 13:00:00,27.9,75,0.2,7.7,349,1.4692292643993958,-7.558529312547013
2013-07-16 14:00:00,27.4,77,2.7,8.2,345,2.12231616984067,-7.92059177557036
2013-07-16 15:00:00,26.6,79,4.5,8.0,350,1.3891854213354433,-7.878462024097664
2013-07-16 16:00:00,26.4,80,2.1,5.8,360,3.5514757175273243e-16,-5.8
2013-07-16 17:00:00,26.4,81,0.0,6.6,351,1.032467469265524,-6.518743047927909
2013-07-16 18:00:00,26.0,84,0.6,5.8,338,2.1727182418122895,-5.377666356487367
2013-07-16 19:00:00,24.9,91,0.0,5.9,349,1.125773072721615,-5.791600382341218
2013-07-16 20:00:00,24.9,88,0.0,2.9,7,-0.35342109587492676,-2.878383839759834
2013-07-16 21:00:00,24.2,91,0.0,2.3,342,0.7107390870623791,-2.1874299874788528
2013-07-16 22:00:00,23.2,94,1.0,1.8,90,-1.8,2.2043642384652358e-16
2013-07-16 23:00:00,22.1,96,0.4,2.3,108,-2.1874299874788528,0.7107390870623792
2013-07-17 00:00:00,21.8,96,0.2,3.4,122,-2.883363526931848,1.8017254983928965
2013-07-17 01:00:00,21.6,94,0.0,4.5,119,-3.935788682127281,2.181643291108517
2013-07-17 02:00:00,21.8,92,0.0,3.3,96,-3.2819222547153015,0.3449439287832573
2013-07-17 03:00:00,23.3,82,0.0,3.7,79,-3.632020578756357,-0.7059932828932155
2013-07-17 04:00:00,24.0,81,0.0,2.7,67,-2.485363104321589,-1.0549740469210387
2013-07-17 05:00:00,23.9,83,0.0,2.1,59,-1.800051331474436,-1.0815799573111138
2013-07-17 06:00:00,23.3,87,0.0,3.1,54,-2.5079526825623377,-1.8221342821066664
2013-07-17 07:00:00,24.1,88,0.0,4.8,48,-3.5670951622914924,-3.2118269105225195
2013-07-17 08:00:00,25.4,87,0.0,5.8,4,-0.40458754771592836,-5.78587149150698
2013-07-17 09:00:00,26.4,82,0.3,6.6,351,1.032467469265524,-6.518743047927909
2013-07-17 10:00:00,27.1,78,1.5,6.0,343,1.7542302283364206,-5.737828535778212
2013-07-17 11:00:00,27.7,75,1.6,3.7,331,1.7937955949114475,-3.2360929164157644
2013-07-17 12:00:00,27.6,77,2.6,4.1,315,2.899137802864845,-2.8991378028648445
2013-07-17 13:00:00,27.2,78,4.3,3.3,319,2.1649947956686737,-2.4905416147351476
2013-07-17 14:00:00,27.2,77,2.8,3.4,342,1.0506577808748212,-3.233592155403522
2013-07-17 15:00:00,26.9,81,2.7,1.3,304,1.0777488443215542,-0.726950774511971
2013-07-17 16:00:00,26.6,83,1.3,2.9,300,2.511473670974872,-1.4499999999999997
2013-07-17 17:00:00,26.4,83,0.2,2.2,270,2.2,0.0
2013-07-17 18:00:00,26.3,85,0.0,1.3,326,0.7269507745119709,-1.0777488443215544
2013-07-17 19:00:00,25.2,91,0.0,1.1,360,6.735557395310444e-17,-1.1
2013-07-17 20:00:00,24.9,90,0.0,2.2,81,-2.1729143493093033,-0.3441558230885076
2013-07-17 21:00:00,23.9,92,0.0,3.9,146,-2.180852323535912,3.233246532964663
2013-07-17 22:00:00,22.8,94,0.7000000000000001,4.1,165,-1.0611580849203355,3.96029588778518
2013-07-17 23:00:00,23.0,93,1.0,4.0,180,2.4492935982947064e-16,4.0
2013-07-18 00:00:00,24.0,88,1.6,4.7,176,-0.3278554265973891,4.688551036221174
2013-07-18 01:00:00,23.3,92,4.5,4.7,148,-2.4906205418960625,3.9858260519352027
2013-07-18 02:00:00,22.7,96,6.2,5.4,94,-5.386845871403051,0.37668495821827785
2013-07-18 03:00:00,22.6,91,1.3,4.7,86,-4.688551036221174,-0.3278554265973888
2013-07-18 04:00:00,23.0,88,1.4,5.4,86,-5.386845871403051,-0.3766849582182765
2013-07-18 05:00:00,22.3,91,1.3,5.6,105,-5.409184627218782,1.4493866525741177
2013-07-18 06:00:00,22.3,91,1.3,5.8,97,-5.756767679519667,0.7068421917498557
2013-07-18 07:00:00,23.1,92,0.8,5.3,118,-4.679622242152313,2.4881992827652204
2013-07-18 08:00:00,24.6,86,0.8,5.0,111,-4.667902132486009,1.7918397477265011
2013-07-18 09:00:00,25.4,85,0.7000000000000001,4.9,107,-4.685893304218874,1.4326213531414094
2013-07-18 10:00:00,26.3,80,0.9,2.5,90,-2.5,3.061616997868383e-16
2013-07-18 11:00:00,26.0,82,0.8,1.6,243,1.4256104387013888,0.7263847995832748
2013-07-18 12:00:00,25.8,83,0.8,2.3,231,1.7874357113510329,1.4474368994146258
2013-07-18 13:00:00,25.7,84,0.8,0.4,180,2.4492935982947065e-17,0.4
2013-07-18 14:00:00,25.9,84,0.2,1.6,297,1.4256104387013888,-0.7263847995832748
2013-07-18 15:00:00,26.9,85,0.0,2.7,293,2.485363104321589,-1.0549740469210394
2013-07-18 16:00:00,27.6,78,0.0,3.8,287,3.6339580726595346,-1.1110124779463997
2013-07-18 17:00:00,27.1,82,0.2,2.5,278,2.475670171853926,-0.3479327524001636
2013-07-18 18:00:00,26.5,86,0.0,2.9,270,2.9,0.0
2013-07-18 19:00:00,25.5,91,0.0,2.3,231,1.7874357113510329,1.4474368994146258
2013-07-18 20:00:00,24.4,94,0.2,3.1,135,-2.192031021678297,2.1920310216782974
2013-07-18 21:00:00,24.4,92,0.0,2.1,211,1.0815799573111138,1.800051331474436
2013-07-18 22:00:00,25.2,88,0.0,3.3,186,0.3449439287832564,3.2819222547153015
2013-07-18 23:00:00,24.9,89,0.2,2.1,121,-1.8000513314744357,1.0815799573111142
2013-07-19 00:00:00,23.8,91,0.5,3.8,73,-3.6339580726595346,-1.1110124779463997
2013-07-19 01:00:00,23.7,90,0.2,3.2,90,-3.2,3.9188697572715305e-16
2013-07-19 02:00:00,23.1,91,0.0,2.3,108,-2.1874299874788528,0.7107390870623792
2013-07-19 03:00:00,22.3,92,0.2,2.9,90,-2.9,3.5514757175273243e-16
2013-07-19 04:00:00,23.6,83,0.0,2.6,74,-2.499280409439629,-0.7166571251241974
2013-07-19 05:00:00,23.7,82,0.2,3.3,77,-3.2154212137912763,-0.7423384793347544
2013-07-19 06:00:00,22.5,89,0.5,3.2,90,-3.2,3.9188697572715305e-16
2013-07-19 07:00:00,23.3,91,0.0,6.5,109,-6.1458707413955596,2.1161930039715178
2013-07-19 08:00:00,25.4,83,0.2,7.3,110,-6.8597561317371305,2.496747046277383
2013-07-19 09:00:00,26.1,83,0.9,7.1,105,-6.858073366652384,1.837615220227899
2013-07-19 10:00:00,26.7,82,0.2,4.3,90,-4.3,5.265981236333618e-16
2013-07-19 11:00:00,26.9,82,0.3,1.3,56,-1.0777488443215544,-0.7269507745119708
2013-07-19 12:00:00,27.0,82,0.2,2.2,279,2.1729143493093033,-0.34415582308850795
2013-07-19 13:00:00,27.3,80,0.6,2.9,270,2.9,0.0
2013-07-19 14:00:00,27.1,82,1.9,5.2,286,4.998560818879258,-1.4333142502483958
2013-07-19 15:00:00,28.5,71,0.0,6.8,273,6.790680836331102,-0.3558845024520181
2013-07-19 16:00:00,27.9,75,0.0,7.6,265,7.571079705497266,0.662383644882202
2013-07-19 17:00:00,27.2,80,0.0,4.7,266,4.688551036221174,0.3278554265973889
2013-07-19 18:00:00,26.4,88,0.0,5.4,307,4.312631754255381,-3.2498011250210608
2013-07-19 19:00:00,25.5,88,0.0,4.4,9,-0.6883116461770166,-4.345828698618606
2013-07-19 20:00:00,25.9,85,0.0,4.6,51,-3.5748714227020653,-2.894873798829253
2013-07-19 21:00:00,25.7,85,0.0,4.6,51,-3.5748714227020653,-2.894873798829253
2013-07-19 22:00:00,25.2,87,0.0,4.0,63,-3.5640260967534716,-1.8159619989581868
2013-07-19 23:00:00,23.9,91,0.0,3.6,96,-3.580278823325784,0.37630246776355347
2013-07-20 00:00:00,23.3,92,0.0,4.7,122,-3.9858260519352022,2.490620541896063
2013-07-20 01:00:00,22.7,93,0.8,4.6,129,-3.5748714227020657,2.8948737988292517
2013-07-20 02:00:00,22.6,92,0.3,3.8,131,-2.8678964048465336,2.4930243101639276
2013-07-20 03:00:00,22.1,91,1.4,3.3,131,-2.4905416147351476,2.1649947956686737
2013-07-20 04:00:00,21.9,91,0.7000000000000001,4.7,94,-4.688551036221174,0.32785542659739
2013-07-20 05:00:00,21.6,92,0.0,4.4,81,-4.3458286986186065,-0.6883116461770152
2013-07-20 06:00:00,21.5,94,0.0,2.7,67,-2.485363104321589,-1.0549740469210387
2013-07-20 07:00:00,23.4,93,0.0,3.8,73,-3.6339580726595346,-1.1110124779463997
2013-07-20 08:00:00,25.6,80,0.0,4.0,5,-0.348622970990633,-3.984778792366982
2013-07-20 09:00:00,26.3,78,0.0,5.2,344,1.4333142502483958,-4.998560818879258
2013-07-20 10:00:00,26.9,75,0.0,5.3,332,2.4881992827652213,-4.679622242152313
2013-07-20 11:00:00,26.8,76,0.0,6.4,317,4.36478950439999,-4.6806636903626915
2013-07-20 12:00:00,27.3,76,0.1,6.9,313,5.046340541172277,-4.70578868443124
2013-07-20 13:00:00,27.4,77,0.2,6.1,332,2.863776532993934,-5.385980316439453
2013-07-20 14:00:00,27.5,76,0.0,5.1,352,0.7097828148963339,-5.050367150582009
2013-07-20 15:00:00,27.2,78,1.1,2.6,16,-0.7166571251241971,-2.4992804094396295
2013-07-20 16:00:00,27.3,78,0.0,2.8,320,1.7998053071223101,-2.1449244407331385
2013-07-20 17:00:00,26.8,81,1.2,3.5,294,3.197409101749103,-1.4235782507653008
2013-07-20 18:00:00,26.2,87,0.3,0.0,270,0.0,0.0
2013-07-20 19:00:00,25.4,89,0.0,2.9,60,-2.5114736709748717,-1.4500000000000002
2013-07-20 20:00:00,25.9,81,0.0,1.5,166,-0.36288284339950166,1.4554435894139948
2013-07-20 21:00:00,24.8,87,0.0,5.2,192,1.0811407922523493,5.086367523815789
2013-07-20 22:00:00,24.0,89,0.0,6.3,193,1.4171916423663489,6.1385314081469815
2013-07-20 23:00:00,23.6,90,0.0,4.7,148,-2.4906205418960625,3.9858260519352027
2013-07-21 00:00:00,22.9,93,0.0,4.2,121,-3.6001026629488715,2.1631599146222285
2013-07-21 01:00:00,22.8,93,0.4,4.8,117,-4.276831316104166,2.1791543987498248
2013-07-21 02:00:00,22.4,95,0.9,3.9,112,-3.6160170328104706,1.4609657143220578
2013-07-21 03:00:00,22.0,92,0.0,2.9,83,-2.878383839759834,-0.3534210958749272
2013-07-21 04:00:00,22.0,90,0.0,3.3,77,-3.2154212137912763,-0.7423384793347544
2013-07-21 05:00:00,22.2,87,0.0,2.5,82,-2.475670171853926,-0.3479327524001638
2013-07-21 06:00:00,21.8,90,0.0,3.7,79,-3.632020578756357,-0.7059932828932155
2013-07-21 07:00:00,23.9,87,0.0,4.3,48,-3.195522749552795,-2.8772616073430903
2013-07-21 08:00:00,25.1,84,0.0,5.2,16,-1.4333142502483942,-4.998560818879259
2013-07-21 09:00:00,26.6,80,0.0,6.4,344,1.7640790772287946,-6.1520748540052415
2013-07-21 10:00:00,27.4,77,0.0,8.0,333,3.6319239979163744,-7.128052193506942
2013-07-21 11:00:00,27.8,76,0.0,9.7,338,3.633683956134346,-8.993683389297837
2013-07-21 12:00:00,27.9,75,0.5,8.5,348,1.7672493719509554,-8.314254606237347
2013-07-21 13:00:00,28.3,75,0.3,7.1,345,1.8376152202278973,-6.858073366652385
2013-07-21 14:00:00,27.8,76,0.9,6.7,344,1.8467702839738944,-6.440453362786736
2013-07-21 15:00:00,28.0,78,2.6,3.1,339,1.1109406435904312,-2.8940993221413254
2013-07-21 16:00:00,27.9,78,0.2,2.2,9,-0.3441558230885083,-2.172914349309303
2013-07-21 17:00:00,27.6,79,0.3,1.1,270,1.1,0.0
2013-07-21 18:00:00,27.2,82,0.0,2.3,198,0.7107390870623791,2.1874299874788528
2013-07-21 19:00:00,26.0,88,0.0,4.3,246,3.9282454678631837,1.7489675652259409
2013-07-21 20:00:00,24.2,92,0.5,1.5,194,0.3628828433995015,1.4554435894139948
2013-07-21 21:00:00,23.4,93,0.3,1.8,127,-1.4375439180851273,1.0832670416736867
2013-07-21 22:00:00,23.0,94,0.3,1.8,101,-1.7669289302057951,0.34345619167778096
2013-07-21 23:00:00,22.4,95,0.5,4.1,142,-2.524212048835199,3.23084408978756
2013-07-22 00:00:00,22.5,94,1.5,4.4,145,-2.5237363199446032,3.6042689948715636
2013-07-22 01:00:00,22.0,95,0.5,4.1,105,-3.9602958877851795,1.0611580849203361
2013-07-22 02:00:00,21.8,93,0.0,3.1,111,-2.8940993221413254,1.1109406435904308
2013-07-22 03:00:00,22.3,89,0.0,4.8,138,-3.2118269105225195,3.5670951622914924
2013-07-22 04:00:00,22.1,88,0.0,4.8,132,-3.567095162291491,3.21182691052252
2013-07-22 05:00:00,21.6,90,0.0,3.1,126,-2.507952682562337,1.822134282106667
2013-07-22 06:00:00,20.9,94,0.0,2.3,108,-2.1874299874788528,0.7107390870623792
2013-07-22 07:00:00,23.9,91,0.0,3.2,90,-3.2,3.9188697572715305e-16
2013-07-22 08:00:00,25.8,81,0.0,2.7,337,1.0549740469210391,-2.485363104321589
2013-07-22 09:00:00,26.8,81,0.0,5.4,323,3.2498011250210617,-4.312631754255381
2013-07-22 10:00:00,27.5,79,0.0,6.6,315,4.666904755831213,-4.666904755831213
2013-07-22 11:00:00,28.2,77,0.2,7.1,311,5.358438019581681,-4.658019105832602
2013-07-22 12:00:00,28.2,76,0.7000000000000001,6.7,306,5.420413862312148,-3.93816119035957
2013-07-22 13:00:00,28.0,75,0.4,6.1,315,4.31335136523794,-4.313351365237939
2013-07-22 14:00:00,28.3,76,0.2,2.3,18,-0.7107390870623793,-2.1874299874788528
2013-07-22 15:00:00,28.3,73,0.1,3.1,324,1.8221342821066668,-2.5079526825623373
2013-07-22 16:00:00,27.9,76,0.9,3.3,319,2.1649947956686737,-2.4905416147351476
2013-07-22 17:00:00,27.8,76,0.0,2.8,320,1.7998053071223101,-2.1449244407331385
2013-07-22 18:00:00,27.3,79,0.0,3.1,306,2.5079526825623373,-1.8221342821066668
2013-07-22 19:00:00,25.9,90,0.0,4.5,299,3.935788682127281,-2.1816432911085166
2013-07-22 20:00:00,25.3,88,0.0,3.6,233,2.875087836170254,2.166534083347374
2013-07-22 21:00:00,24.2,90,1.4,6.3,193,1.4171916423663489,6.1385314081469815
2013-07-22 22:00:00,23.1,92,1.4,6.0,147,-3.2678342100901627,5.032023407672543
2013-07-22 23:00:00,23.0,93,1.2,5.4,132,-4.012982057577928,3.613305274337835
2013-07-23 00:00:00,23.3,90,1.0,5.6,140,-3.5996106142446203,4.289848881466277
2013-07-23 01:00:00,23.0,91,2.1,6.8,115,-6.162892951849219,2.8738041798367564
2013-07-23 02:00:00,23.2,89,1.5,6.3,77,-6.1385314081469815,-1.4171916423663493
2013-07-23 03:00:00,23.9,81,0.0,5.4,70,-5.074340152243906,-1.846908773958611
2013-07-23 04:00:00,24.0,80,0.0,5.0,69,-4.667902132486009,-1.7918397477265022
2013-07-23 05:00:00,24.4,77,0.0,2.6,74,-2.499280409439629,-0.7166571251241974
2013-07-23 06:00:00,21.4,91,0.0,3.9,68,-3.616017032810471,-1.460965714322057
2013-07-23 07:00:00,23.8,93,0.0,4.9,73,-4.685893304218874,-1.4326213531414103
2013-07-23 08:00:00,26.4,76,0.0,4.0,350,0.6945927106677217,-3.939231012048832
2013-07-23 09:00:00,27.3,77,0.0,5.4,323,3.2498011250210617,-4.312631754255381
2013-07-23 10:00:00,28.0,76,0.0,5.7,305,4.669166652447253,-3.2693856872009626
2013-07-23 11:00:00,28.4,75,0.2,6.3,294,5.755336383148386,-2.5624408513775414
2013-07-23 12:00:00,28.1,78,0.2,5.4,290,5.074340152243906,-1.8469087739586112
2013-07-23 13:00:00,28.2,79,0.1,4.0,297,3.5640260967534716,-1.815961998958187
2013-07-23 14:00:00,27.9,81,0.2,3.2,270,3.2,0.0
2013-07-23 15:00:00,28.1,81,0.6,3.2,297,2.8512208774027776,-1.4527695991665497
2013-07-23 16:00:00,27.4,81,0.5,0.4,360,2.4492935982947065e-17,-0.4
2013-07-23 17:00:00,27.3,81,0.2,1.1,288,1.0461621679246689,-0.33991869381244216
2013-07-23 18:00:00,27.1,81,0.2,1.6,117,-1.4256104387013886,0.7263847995832751
2013-07-23 19:00:00,26.7,83,0.0,2.7,113,-2.485363104321589,1.0549740469210394
2013-07-23 20:00:00,26.5,81,0.0,2.5,188,0.34793275240016364,2.475670171853926
2013-07-23 21:00:00,25.3,85,0.0,4.9,197,1.4326213531414103,4.685893304218874
2013-07-23 22:00:00,24.6,86,0.0,5.4,180,3.3065463576978537e-16,5.4
2013-07-23 23:00:00,24.0,88,0.0,6.1,177,-0.3192493330819574,6.0916401620029
2013-07-24 00:00:00,23.5,89,0.0,6.8,180,4.1637991171010006e-16,6.8
2013-07-24 01:00:00,23.1,90,0.0,5.8,158,-2.17271824181229,5.377666356487367
2013-07-24 02:00:00,22.9,90,0.5,5.6,117,-4.989636535454859,2.542346798541462
2013-07-24 03:00:00,22.6,89,0.0,4.3,138,-2.8772616073430903,3.195522749552795
2013-07-24 04:00:00,23.0,85,0.0,4.6,135,-3.252691193458118,3.2526911934581184
2013-07-24 05:00:00,21.7,88,0.0,4.3,132,-3.195522749552794,2.8772616073430908
2013-07-24 06:00:00,22.0,85,0.0,1.4,90,-1.4,1.7145055188062944e-16
2013-07-24 07:00:00,24.3,90,0.0,1.1,162,-0.3399186938124421,1.046162167924669
2013-07-24 08:00:00,26.7,77,0.0,2.2,261,2.1729143493093033,0.34415582308850795
2013-07-24 09:00:00,27.4,77,0.0,4.0,260,3.939231012048832,0.6945927106677213
2013-07-24 10:00:00,27.9,77,0.0,5.2,258,5.08636752381579,1.0811407922523486
2013-07-24 11:00:00,28.2,77,0.0,5.8,248,5.377666356487367,2.1727182418122895
2013-07-24 12:00:00,28.7,76,0.3,6.6,241,5.772490067120011,3.1997434936258244
2013-07-24 13:00:00,28.2,78,1.1,5.9,223,4.023790324368742,4.314986839553106
2013-07-24 14:00:00,28.0,79,0.7000000000000001,7.4,209,3.587591189822895,6.472185832831529
2013-07-24 15:00:00,26.2,82,5.1,8.0,207,3.6319239979163744,7.128052193506942
2013-07-24 16:00:00,26.0,81,2.0,6.1,180,3.735172737399427e-16,6.1
2013-07-24 17:00:00,25.9,81,0.0,5.6,165,-1.4493866525741166,5.4091846272187825
2013-07-24 18:00:00,25.3,83,1.2,5.4,217,3.2498011250210617,4.312631754255381
2013-07-24 19:00:00,24.1,90,1.8,5.4,188,0.7515347451843536,5.34744757120448
2013-07-24 20:00:00,23.9,90,0.3,4.1,135,-2.8991378028648445,2.899137802864845
2013-07-24 21:00:00,24.1,88,0.0,3.8,197,1.1110124779463997,3.6339580726595346
2013-07-24 22:00:00,23.0,93,0.0,8.0,175,-0.6972459419812659,7.969557584733964
2013-07-24 23:00:00,23.3,89,0.0,6.9,137,-4.705788684431239,5.0463405411722775
2013-07-25 00:00:00,24.0,85,0.0,5.6,140,-3.5996106142446203,4.289848881466277
2013-07-25 01:00:00,23.6,85,0.0,6.4,142,-3.9402334420842133,5.043268823083022
2013-07-25 02:00:00,21.3,93,0.0,5.9,133,-4.314986839553106,4.023790324368742
2013-07-25 03:00:00,20.7,93,0.0,4.8,138,-3.2118269105225195,3.5670951622914924
2013-07-25 04:00:00,20.3,94,0.0,4.8,138,-3.2118269105225195,3.5670951622914924
2013-07-25 05:00:00,20.0,94,0.0,5.4,138,-3.6133052743378347,4.012982057577929
2013-07-25 06:00:00,20.0,95,0.0,4.8,138,-3.2118269105225195,3.5670951622914924
2013-07-25 07:00:00,22.9,95,0.0,5.6,135,-3.9597979746446654,3.9597979746446663
2013-07-25 08:00:00,25.6,79,0.0,4.8,193,1.0797650608505516,4.676976310969129
2013-07-25 09:00:00,26.8,78,0.0,6.6,229,4.981083229470295,4.329989591337347
2013-07-25 10:00:00,27.6,77,0.0,10.5,232,8.27411291287058,6.464445490919412
2013-07-25 11:00:00,27.5,76,0.3,12.7,215,7.284420741658286,10.403230962470195
2013-07-25 12:00:00,27.8,77,0.5,10.4,200,3.557009490586956,9.772803256173447
2013-07-25 13:00:00,27.9,78,1.4,9.8,216,5.760295472466237,7.9283665448744856
2013-07-25 14:00:00,26.7,82,5.3,11.0,229,8.301805382450492,7.2166493188955805
2013-07-25 15:00:00,26.0,86,3.6,8.2,209,3.975438886019964,7.171881598543044
2013-07-25 16:00:00,26.3,84,0.3,8.2,203,3.203995253612044,7.54813979831001
2013-07-25 17:00:00,26.0,83,0.8,8.2,203,3.203995253612044,7.54813979831001
2013-07-25 18:00:00,25.2,84,1.0,6.2,190,1.0766187015349686,6.10580806867569
2013-07-25 19:00:00,24.2,88,0.2,5.6,165,-1.4493866525741166,5.4091846272187825
2013-07-25 20:00:00,23.9,91,0.0,4.4,171,-0.6883116461770157,4.3458286986186065
2013-07-25 21:00:00,24.3,85,0.0,5.5,203,2.1490212066910055,5.062776693988422
2013-07-25 22:00:00,23.1,92,0.0,8.0,198,2.4721359549995796,7.608452130361228
2013-07-25 23:00:00,23.2,90,0.0,8.3,178,-0.28966582263075796,8.294943864258496
2013-07-26 00:00:00,23.7,86,0.0,8.0,172,-1.1133848076805228,7.922144549932563
2013-07-26 01:00:00,24.0,84,0.0,7.3,171,-1.1419715947936848,7.210124886344506
2013-07-26 02:00:00,22.7,88,0.0,7.2,162,-2.224922359499621,6.847606917325106
2013-07-26 03:00:00,23.0,87,0.0,6.8,148,-3.6034509967857926,5.766727053863697
2013-07-26 04:00:00,22.1,91,0.0,5.6,135,-3.9597979746446654,3.9597979746446663
2013-07-26 05:00:00,21.7,90,0.0,4.8,132,-3.567095162291491,3.21182691052252
2013-07-26 06:00:00,22.0,88,0.0,4.6,141,-2.894873798829251,3.5748714227020666
2013-07-26 07:00:00,24.2,89,0.0,5.9,142,-3.6324027044213842,4.64926344627966
2013-07-26 08:00:00,26.1,78,0.0,6.8,183,0.35588450245201897,6.790680836331102
2013-07-26 09:00:00,26.8,78,0.0,8.7,210,4.3500000000000005,7.534421012924615
2013-07-26 10:00:00,27.3,77,0.0,9.5,209,4.605691392340202,8.30888721782426
2013-07-26 11:00:00,27.5,76,0.1,9.4,212,4.981241083792126,7.9716521038704045
2013-07-26 12:00:00,27.4,76,0.5,9.3,216,5.46640284632,7.523858047687012
2013-07-26 13:00:00,26.9,80,2.6,8.7,210,4.3500000000000005,7.534421012924615
2013-07-26 14:00:00,26.4,83,2.2,8.7,210,4.3500000000000005,7.534421012924615
2013-07-26 15:00:00,27.3,76,0.1,10.1,197,2.952954217699641,9.658678035226657
2013-07-26 16:00:00,26.7,79,1.6,8.9,212,4.716281451675524,7.547628055792192
2013-07-26 17:00:00,26.1,81,0.2,7.7,191,1.4692292643993958,7.558529312547013
2013-07-26 18:00:00,25.7,82,0.0,3.8,197,1.1110124779463997,3.6339580726595346
2013-07-26 19:00:00,24.8,90,0.0,4.0,180,2.4492935982947064e-16,4.0
2013-07-26 20:00:00,24.8,86,0.0,5.5,169,-1.0494494745709964,5.3989495089621515
2013-07-26 21:00:00,22.9,95,0.0,7.7,169,-1.469229264399395,7.558529312547013
2013-07-26 22:00:00,22.6,95,0.0,8.1,148,-4.292346040288959,6.869189578867051
2013-07-26 23:00:00,22.7,93,0.0,6.6,139,-4.329989591337347,4.981083229470296
2013-07-27 00:00:00,23.0,90,0.0,5.9,133,-4.314986839553106,4.023790324368742
2013-07-27 01:00:00,24.5,81,0.0,4.8,138,-3.2118269105225195,3.5670951622914924
2013-07-27 02:00:00,23.0,87,0.0,4.4,145,-2.5237363199446032,3.6042689948715636
2013-07-27 03:00:00,20.9,92,0.0,4.3,138,-2.8772616073430903,3.195522749552795
2013-07-27 04:00:00,20.4,93,0.0,5.4,127,-4.312631754255382,3.2498011250210603
2013-07-27 05:00:00,19.9,94,0.0,5.5,122,-4.664264528860342,2.914555953282627
2013-07-27 06:00:00,20.2,93,0.0,5.4,127,-4.312631754255382,3.2498011250210603
2013-07-27 07:00:00,22.5,93,0.0,6.2,126,-5.015905365124674,3.644268564213334
2013-07-27 08:00:00,26.0,72,0.0,4.8,167,-1.079765060850552,4.676976310969129
2013-07-27 09:00:00,27.4,67,0.0,5.7,198,1.7613968679372005,5.421022142882375
2013-07-27 10:00:00,28.2,66,0.0,6.2,216,3.6442685642133337,5.0159053651246746
2013-07-27 11:00:00,28.6,66,0.0,6.1,230,4.6728711030257655,3.921004419087889
2013-07-27 12:00:00,28.7,67,0.0,6.9,231,5.3623071340531,4.342310698243878
2013-07-27 13:00:00,28.9,67,0.2,6.1,230,4.6728711030257655,3.921004419087889
2013-07-27 14:00:00,28.4,70,0.0,7.1,229,5.358438019581681,4.658019105832602
2013-07-27 15:00:00,28.4,71,0.1,6.4,218,3.9402334420842133,5.043268823083022
2013-07-27 16:00:00,28.5,71,0.0,8.1,193,1.8221035401853058,7.892397524760405
2013-07-27 17:00:00,27.8,74,0.0,6.9,219,4.342310698243879,5.3623071340531
2013-07-27 18:00:00,27.2,80,0.0,2.6,164,-0.7166571251241975,2.499280409439629
2013-07-27 19:00:00,26.0,86,0.6,3.2,180,1.9594348786357652e-16,3.2
2013-07-27 20:00:00,26.2,80,0.0,4.5,209,2.181643291108517,3.935788682127281
2013-07-27 21:00:00,24.4,89,0.5,6.9,208,3.239353783222647,6.092338390726596
2013-07-27 22:00:00,23.7,91,0.0,7.2,186,0.752604935527105,7.160557646651568
2013-07-27 23:00:00,23.7,89,0.0,7.8,167,-1.7546182238821473,7.6000865053248345
2013-07-28 00:00:00,23.0,92,0.0,5.3,152,-2.4881992827652217,4.679622242152313
2013-07-28 01:00:00,22.3,94,0.0,3.3,131,-2.4905416147351476,2.1649947956686737
2013-07-28 02:00:00,21.5,94,0.0,4.4,125,-3.6042689948715645,2.5237363199446023
2013-07-28 03:00:00,20.9,98,0.0,4.8,132,-3.567095162291491,3.21182691052252
2013-07-28 04:00:00,20.8,95,0.0,5.1,135,-3.606244584051392,3.6062445840513924
2013-07-28 05:00:00,20.6,96,0.0,5.7,125,-4.669166652447254,3.269385687200962
2013-07-28 06:00:00,20.5,96,0.0,5.2,115,-4.7128004925905795,2.1976149610516376
2013-07-28 07:00:00,23.1,91,0.0,5.6,105,-5.409184627218782,1.4493866525741177
2013-07-28 08:00:00,26.1,77,0.0,2.1,121,-1.8000513314744357,1.0815799573111142
2013-07-28 09:00:00,27.2,71,0.0,1.6,243,1.4256104387013888,0.7263847995832748
2013-07-28 10:00:00,27.7,69,0.0,3.6,264,3.580278823325784,0.37630246776355253
2013-07-28 11:00:00,28.1,69,0.0,4.7,270,4.7,0.0
2013-07-28 12:00:00,28.6,68,0.0,6.1,270,6.1,0.0
2013-07-28 13:00:00,28.2,70,0.0,5.9,281,5.791600382341218,-1.1257730727216144
2013-07-28 14:00:00,27.9,72,0.0,5.5,293,5.062776693988422,-2.149021206691006
2013-07-28 15:00:00,28.4,71,0.2,6.9,279,6.815049550106451,-1.079397808777593
2013-07-28 16:00:00,28.0,74,1.9,5.1,278,5.050367150582009,-0.7097828148963337
2013-07-28 17:00:00,27.1,78,3.6,4.8,257,4.676976310969129,1.079765060850552
2013-07-28 18:00:00,26.5,81,1.6,1.6,207,0.726384799583275,1.4256104387013886
2013-07-28 19:00:00,25.8,86,0.0,1.1,162,-0.3399186938124421,1.046162167924669
2013-07-28 20:00:00,24.9,89,0.0,2.9,120,-2.511473670974872,1.4499999999999997
2013-07-28 21:00:00,24.1,91,0.0,5.1,176,-0.35575801609503915,5.087576656325103
2013-07-28 22:00:00,23.7,92,0.0,5.5,157,-2.149021206691006,5.062776693988422
2013-07-28 23:00:00,23.2,93,0.0,5.9,137,-4.023790324368741,4.314986839553106
2013-07-29 00:00:00,22.5,93,0.0,6.1,135,-4.313351365237939,4.31335136523794
2013-07-29 01:00:00,22.0,94,0.0,6.6,131,-4.981083229470295,4.329989591337347
2013-07-29 02:00:00,21.8,93,0.0,4.2,121,-3.6001026629488715,2.1631599146222285
2013-07-29 03:00:00,21.8,93,0.0,4.0,117,-3.564026096753471,1.8159619989581874
2013-07-29 04:00:00,22.0,92,0.0,3.8,107,-3.633958072659535,1.111012477946399
2013-07-29 05:00:00,21.8,92,0.0,3.2,90,-3.2,3.9188697572715305e-16
2013-07-29 06:00:00,21.4,94,0.0,4.3,66,-3.9282454678631837,-1.7489675652259409
2013-07-29 07:00:00,23.8,92,0.0,5.6,63,-4.98963653545486,-2.542346798541461
2013-07-29 08:00:00,26.4,75,0.0,6.4,16,-1.7640790772287929,-6.152074854005242
2013-07-29 09:00:00,27.1,75,0.0,7.9,357,0.41345405431925736,-7.889173324561134
2013-07-29 10:00:00,27.8,74,0.0,7.9,336,3.2132194802988217,-7.217009115376547
2013-07-29 11:00:00,28.1,74,0.2,7.9,317,5.387787044493738,-5.777694242791447
2013-07-29 12:00:00,28.3,75,0.1,5.2,282,5.08636752381579,-1.0811407922523486
2013-07-29 13:00:00,28.3,77,1.1,3.5,294,3.197409101749103,-1.4235782507653008
2013-07-29 14:00:00,28.7,77,1.6,5.2,295,4.7128004925905795,-2.197614961051637
2013-07-29 15:00:00,28.3,79,2.3,1.6,297,1.4256104387013888,-0.7263847995832748
2013-07-29 16:00:00,27.9,80,1.3,3.3,264,3.2819222547153015,0.3449439287832564
2013-07-29 17:00:00,27.4,80,1.0,3.0,256,2.9108871788279895,0.7257656867990032
2013-07-29 18:00:00,26.3,84,2.0,2.3,288,2.1874299874788528,-0.710739087062379
2013-07-29 19:00:00,25.5,86,0.3,3.3,283,3.2154212137912763,-0.7423384793347545
2013-07-29 20:00:00,24.9,88,0.0,4.6,231,3.5748714227020657,2.8948737988292517
2013-07-29 21:00:00,24.1,91,0.0,6.2,201,2.2218812871808624,5.788198644282651
2013-07-29 22:00:00,23.7,91,0.0,6.1,183,0.3192493330819582,6.0916401620029
2013-07-29 23:00:00,24.2,86,0.0,5.9,169,-1.1257730727216144,5.791600382341218
2013-07-30 00:00:00,25.3,81,0.0,4.1,142,-2.524212048835199,3.23084408978756
2013-07-30 01:00:00,24.1,84,0.0,1.5,76,-1.4554435894139948,-0.3628828433995013
2013-07-30 02:00:00,23.6,85,0.0,4.2,70,-3.9467090073008158,-1.4364846019678084
2013-07-30 03:00:00,23.1,85,0.4,4.4,81,-4.3458286986186065,-0.6883116461770152
2013-07-30 04:00:00,24.2,79,0.0,3.5,66,-3.197409101749103,-1.4235782507653008
2013-07-30 05:00:00,24.2,78,0.0,4.7,67,-4.32637281122647,-1.8364363038995857
2013-07-30 06:00:00,23.4,80,0.0,5.7,72,-5.421022142882376,-1.7613968679371996
2013-07-30 07:00:00,24.8,87,0.0,4.5,61,-3.9357886821272814,-2.181643291108516
2013-07-30 08:00:00,26.8,78,0.0,4.3,355,0.37476969381492997,-4.283637201794505
2013-07-30 09:00:00,27.5,79,0.0,4.7,328,2.490620541896063,-3.9858260519352022
2013-07-30 10:00:00,28.1,78,0.2,2.8,310,2.1449244407331385,-1.7998053071223097
2013-07-30 11:00:00,28.3,78,2.0,2.9,263,2.8783838397598336,0.35342109587492765
2013-07-30 12:00:00,28.4,78,2.9,4.0,275,3.984778792366982,-0.34862297099063266
2013-07-30 13:00:00,28.2,78,4.7,5.6,225,3.9597979746446663,3.9597979746446654
2013-07-30 14:00:00,27.9,80,1.9,5.6,195,1.4493866525741161,5.4091846272187825
2013-07-30 15:00:00,27.1,82,3.0,2.9,270,2.9,0.0
2013-07-30 16:00:00,26.4,84,1.2,3.1,339,1.1109406435904312,-2.8940993221413254
2013-07-30 17:00:00,25.6,86,2.1,4.6,321,2.894873798829252,-3.5748714227020657
2013-07-30 18:00:00,25.4,86,5.0,3.3,41,-2.1649947956686737,-2.4905416147351476
2013-07-30 19:00:00,24.5,89,5.5,5.9,76,-5.7247447850283795,-1.4273391840380383
2013-07-30 20:00:00,23.8,92,1.4,5.6,75,-5.4091846272187825,-1.4493866525741164
2013-07-30 21:00:00,23.6,92,0.3,4.7,86,-4.688551036221174,-0.3278554265973888
2013-07-30 22:00:00,23.2,92,0.2,4.4,99,-4.345828698618606,0.6883116461770163
2013-07-30 23:00:00,23.0,90,0.0,3.2,117,-2.851220877402777,1.4527695991665501
2013-07-31 00:00:00,22.8,89,0.0,1.1,162,-0.3399186938124421,1.046162167924669
2013-07-31 01:00:00,22.6,89,0.0,2.6,164,-0.7166571251241975,2.499280409439629
2013-07-31 02:00:00,22.4,89,0.0,1.9,158,-0.7117525274902329,1.761649323676896
2013-07-31 03:00:00,21.7,90,0.0,1.5,76,-1.4554435894139948,-0.3628828433995013
2013-07-31 04:00:00,21.5,89,0.0,2.5,82,-2.475670171853926,-0.3479327524001638
2013-07-31 05:00:00,21.3,88,0.0,2.6,74,-2.499280409439629,-0.7166571251241974
2013-07-31 06:00:00,21.2,89,0.0,3.9,56,-3.233246532964663,-2.180852323535912
2013-07-31 07:00:00,23.9,88,0.0,6.8,58,-5.766727053863697,-3.6034509967857926
2013-07-31 08:00:00,26.3,77,0.0,6.0,25,-2.5357095704441948,-5.4378467222199
2013-07-31 09:00:00,27.5,76,0.0,6.9,354,0.7212463965468089,-6.862201078041086
2013-07-31 10:00:00,28.4,74,0.0,8.0,342,2.4721359549995796,-7.608452130361228
2013-07-31 11:00:00,28.4,75,0.5,7.6,329,3.9142893693164114,-6.5144714853360535
2013-07-31 12:00:00,28.9,74,0.6,4.6,315,3.2526911934581184,-3.252691193458118
2013-07-31 13:00:00,28.7,76,2.2,3.3,41,-2.1649947956686737,-2.4905416147351476
2013-07-31 14:00:00,28.4,76,0.6,3.7,79,-3.632020578756357,-0.7059932828932155
2013-07-31 15:00:00,27.1,81,0.0,4.8,347,1.0797650608505516,-4.676976310969129
2013-07-31 16:00:00,26.7,83,0.0,4.3,318,2.8772616073430903,-3.195522749552795
2013-07-31 17:00:00,26.6,84,1.7000000000000002,3.7,191,0.7059932828932162,3.632020578756357
2013-07-31 18:00:00,26.2,87,1.6,3.3,257,3.2154212137912763,0.7423384793347545
2013-07-31 19:00:00,25.2,92,0.0,6.1,357,0.3192493330819582,-6.0916401620029
2013-07-31 20:00:00,25.6,88,0.0,4.9,36,-2.880147736233119,-3.9641832724372423
2013-07-31 21:00:00,25.5,88,0.0,2.4,63,-2.138415658052083,-1.089577199374912
2013-07-31 22:00:00,24.0,92,0.0,3.1,54,-2.5079526825623377,-1.8221342821066664
2013-07-31 23:00:00,23.5,92,0.0,3.1,69,-2.8940993221413254,-1.1109406435904314
2013-08-01 00:00:00,22.9,93,0.0,2.9,97,-2.8783838397598336,0.35342109587492787
2013-08-01 01:00:00,22.5,93,0.0,2.7,113,-2.485363104321589,1.0549740469210394
2013-08-01 02:00:00,23.0,92,0.0,3.3,103,-3.215421213791276,0.7423384793347552
2013-08-01 03:00:00,21.3,92,0.0,4.3,90,-4.3,5.265981236333618e-16
2013-08-01 04:00:00,22.0,88,0.0,3.3,84,-3.2819222547153015,-0.3449439287832565
2013-08-01 05:00:00,22.5,87,0.0,2.6,74,-2.499280409439629,-0.7166571251241974
2013-08-01 06:00:00,23.0,86,0.0,3.5,66,-3.197409101749103,-1.4235782507653008
2013-08-01 07:00:00,24.5,89,0.0,3.7,61,-3.236092916415765,-1.7937955949114468
2013-08-01 08:00:00,26.7,86,0.0,5.8,360,3.5514757175273243e-16,-5.8
2013-08-01 09:00:00,27.6,82,0.3,7.3,351,1.1419715947936857,-7.210124886344506
2013-08-01 10:00:00,28.5,78,1.1,7.3,340,2.4967470462773824,-6.8597561317371305
2013-08-01 11:00:00,28.7,77,2.1,7.5,325,4.301823272632846,-6.143640332167439
2013-08-01 12:00:00,28.9,77,4.3,7.4,317,5.046787864462489,-5.412017391981862
2013-08-01 13:00:00,28.6,79,6.8,7.0,339,2.5085756468171025,-6.535062985480412
2013-08-01 14:00:00,28.1,82,9.1,8.1,347,1.8221035401853058,-7.892397524760405
2013-08-01 15:00:00,28.0,82,1.8,6.4,344,1.7640790772287946,-6.1520748540052415
2013-08-01 16:00:00,27.7,85,1.0,4.7,337,1.8364363038995866,-4.32637281122647
2013-08-01 17:00:00,27.6,85,0.8,1.8,307,1.437543918085127,-1.083267041673687
2013-08-01 18:00:00,26.9,90,1.5,2.5,278,2.475670171853926,-0.3479327524001636
2013-08-01 19:00:00,26.3,93,1.0,3.6,276,3.580278823325784,-0.37630246776355253
2013-08-01 20:00:00,25.5,95,1.7000000000000002,3.5,246,3.197409101749103,1.4235782507653008
2013-08-01 21:00:00,25.1,95,3.8,5.9,218,3.6324027044213842,4.64926344627966
2013-08-01 22:00:00,25.0,94,6.1,7.2,217,4.333068166694749,5.750175672340508
2013-08-01 23:00:00,24.6,95,7.8,4.9,234,3.9641832724372428,2.8801477362331185
2013-08-02 00:00:00,24.3,95,3.5,2.9,300,2.511473670974872,-1.4499999999999997
2013-08-02 01:00:00,23.7,97,1.6,3.9,338,1.4609657143220567,-3.616017032810471
2013-08-02 02:00:00,23.3,98,2.0,3.9,338,1.4609657143220567,-3.616017032810471
2013-08-02 03:00:00,23.3,94,0.7000000000000001,4.0,333,1.8159619989581872,-3.564026096753471
2013-08-02 04:00:00,22.7,97,0.8,3.1,315,2.1920310216782974,-2.192031021678297
2013-08-02 05:00:00,22.7,98,0.3,2.5,352,0.34793275240016364,-2.475670171853926
2013-08-02 06:00:00,22.8,97,0.1,3.8,41,-2.4930243101639276,-2.8678964048465336
2013-08-02 07:00:00,23.8,96,0.0,2.6,16,-0.7166571251241971,-2.4992804094396295
2013-08-02 08:00:00,24.4,92,0.0,3.8,343,1.1110124779463997,-3.6339580726595346
2013-08-02 09:00:00,25.2,89,0.2,3.8,311,2.8678964048465336,-2.4930243101639276
2013-08-02 10:00:00,25.7,87,0.2,5.5,293,5.062776693988422,-2.149021206691006
2013-08-02 11:00:00,26.8,84,0.2,6.9,276,6.862201078041086,-0.721246396546809
2013-08-02 12:00:00,27.1,82,2.0,7.0,258,6.84703320513664,1.4553818357243153
2013-08-02 13:00:00,26.5,85,7.8,3.1,234,2.5079526825623373,1.8221342821066668
2013-08-02 14:00:00,26.4,84,4.0,2.9,210,1.4500000000000002,2.5114736709748717
2013-08-02 15:00:00,27.2,82,0.0,2.3,198,0.7107390870623791,2.1874299874788528
2013-08-02 16:00:00,27.5,81,0.0,1.6,207,0.726384799583275,1.4256104387013886
2013-08-02 17:00:00,27.5,81,0.0,2.9,277,2.8783838397598336,-0.35342109587492765
2013-08-02 18:00:00,27.0,81,0.3,2.9,300,2.511473670974872,-1.4499999999999997
2013-08-02 19:00:00,25.9,85,0.7000000000000001,0.4,360,2.4492935982947065e-17,-0.4
2013-08-02 20:00:00,25.0,89,0.2,2.2,90,-2.2,2.6942229581241775e-16
2013-08-02 21:00:00,24.9,87,0.0,2.7,113,-2.485363104321589,1.0549740469210394
2013-08-02 22:00:00,25.3,82,0.0,2.3,108,-2.1874299874788528,0.7107390870623792
2013-08-02 23:00:00,24.0,88,0.0,3.2,90,-3.2,3.9188697572715305e-16
2013-08-03 00:00:00,23.1,90,0.0,3.6,96,-3.580278823325784,0.37630246776355347
2013-08-03 01:00:00,22.1,92,0.0,2.5,90,-2.5,3.061616997868383e-16
2013-08-03 02:00:00,21.5,93,0.0,1.4,90,-1.4,1.7145055188062944e-16
2013-08-03 03:00:00,22.1,93,0.0,2.5,90,-2.5,3.061616997868383e-16
2013-08-03 04:00:00,21.8,93,0.0,3.3,96,-3.2819222547153015,0.3449439287832573
2013-08-03 05:00:00,21.5,94,0.0,2.9,97,-2.8783838397598336,0.35342109587492787
2013-08-03 06:00:00,21.2,95,0.0,2.9,90,-2.9,3.5514757175273243e-16
2013-08-03 07:00:00,23.5,95,0.0,4.0,85,-3.984778792366982,-0.3486229709906318
2013-08-03 08:00:00,26.4,81,0.0,3.1,339,1.1109406435904312,-2.8940993221413254
2013-08-03 09:00:00,27.5,78,0.0,4.6,321,2.894873798829252,-3.5748714227020657
2013-08-03 10:00:00,28.0,76,0.1,3.3,319,2.1649947956686737,-2.4905416147351476
2013-08-03 11:00:00,28.5,74,0.7000000000000001,4.0,280,3.939231012048832,-0.6945927106677213
2013-08-03 12:00:00,28.3,75,0.4,5.4,290,5.074340152243906,-1.8469087739586112
2013-08-03 13:00:00,28.8,73,0.8,2.5,262,2.475670171853926,0.3479327524001636
2013-08-03 14:00:00,28.4,73,1.0,3.3,283,3.2154212137912763,-0.7423384793347545
2013-08-03 15:00:00,28.6,72,1.6,3.3,264,3.2819222547153015,0.3449439287832564
2013-08-03 16:00:00,28.2,73,0.7000000000000001,2.0,315,1.4142135623730951,-1.414213562373095
2013-08-03 17:00:00,27.7,76,0.6,3.3,347,0.7423384793347542,-3.2154212137912763
2013-08-03 18:00:00,27.2,77,0.0,2.9,330,1.4500000000000002,-2.5114736709748717
2013-08-03 19:00:00,26.0,85,0.0,5.8,22,-2.1727182418122912,-5.377666356487366
2013-08-03 20:00:00,25.8,84,0.0,2.5,360,1.5308084989341916e-16,-2.5
2013-08-03 21:00:00,25.5,85,0.0,4.0,265,3.984778792366982,0.34862297099063266
2013-08-03 22:00:00,24.0,90,0.0,3.1,159,-1.1109406435904308,2.8940993221413254
2013-08-03 23:00:00,24.4,89,0.0,4.9,126,-3.9641832724372423,2.880147736233119
2013-08-04 00:00:00,24.7,88,0.0,3.8,107,-3.633958072659535,1.111012477946399
2013-08-04 01:00:00,22.5,94,0.0,4.3,95,-4.283637201794505,0.3747696938149302
2013-08-04 02:00:00,21.9,96,0.0,5.0,111,-4.667902132486009,1.7918397477265011
2013-08-04 03:00:00,21.9,88,0.0,4.2,121,-3.6001026629488715,2.1631599146222285
2013-08-04 04:00:00,21.7,89,0.0,3.8,131,-2.8678964048465336,2.4930243101639276
2013-08-04 05:00:00,20.9,93,0.0,3.8,131,-2.8678964048465336,2.4930243101639276
2013-08-04 06:00:00,20.7,95,0.0,1.5,76,-1.4554435894139948,-0.3628828433995013
2013-08-04 07:00:00,23.3,94,0.0,2.5,90,-2.5,3.061616997868383e-16
2013-08-04 08:00:00,26.7,77,0.0,3.5,336,1.4235782507653008,-3.197409101749103
2013-08-04 09:00:00,27.6,76,0.0,5.9,322,3.6324027044213842,-4.64926344627966
2013-08-04 10:00:00,28.2,74,0.0,6.4,308,5.043268823083021,-3.9402334420842133
2013-08-04 11:00:00,28.3,75,0.2,7.0,305,5.7340643100229425,-4.015035054457322
2013-08-04 12:00:00,28.5,75,0.3,5.5,293,5.062776693988422,-2.149021206691006
2013-08-04 13:00:00,28.7,74,0.2,5.9,308,4.64926344627966,-3.6324027044213842
2013-08-04 14:00:00,28.4,75,2.0,5.8,292,5.377666356487367,-2.1727182418122895
2013-08-04 15:00:00,28.7,73,1.4,3.7,281,3.632020578756357,-0.7059932828932158
2013-08-04 16:00:00,28.6,74,0.2,5.6,285,5.4091846272187825,-1.4493866525741161
2013-08-04 17:00:00,27.2,80,4.1,3.3,264,3.2819222547153015,0.3449439287832564
2013-08-04 18:00:00,26.7,83,3.6,1.8,101,-1.7669289302057951,0.34345619167778096
2013-08-04 19:00:00,25.8,88,0.3,4.5,104,-4.366330768241984,1.0886485301985047
2013-08-04 20:00:00,26.5,79,0.0,2.0,135,-1.414213562373095,1.4142135623730951
2013-08-04 21:00:00,26.2,80,0.0,2.7,157,-1.0549740469210394,2.4853631043215887
2013-08-04 22:00:00,24.8,86,0.0,4.2,160,-1.4364846019678086,3.9467090073008158
2013-08-04 23:00:00,24.3,87,0.0,4.7,157,-1.8364363038995868,4.326372811226469
2013-08-05 00:00:00,23.3,89,0.0,5.0,150,-2.499999999999999,4.330127018922194
2013-08-05 01:00:00,22.5,91,0.0,5.4,143,-3.2498011250210617,4.312631754255381
2013-08-05 02:00:00,22.3,91,0.0,5.1,141,-3.20953399435417,3.963444403430552
2013-08-05 03:00:00,22.7,86,0.0,5.1,141,-3.20953399435417,3.963444403430552
2013-08-05 04:00:00,22.7,85,0.0,5.4,132,-4.012982057577928,3.613305274337835
2013-08-05 05:00:00,23.0,83,0.0,5.6,130,-4.289848881466276,3.5996106142446207
2013-08-05 06:00:00,23.0,81,0.0,4.4,125,-3.6042689948715645,2.5237363199446023
2013-08-05 07:00:00,24.3,88,0.0,2.9,120,-2.511473670974872,1.4499999999999997
2013-08-05 08:00:00,26.8,79,0.0,1.8,191,0.34345619167778085,1.7669289302057951
2013-08-05 09:00:00,27.5,79,0.0,3.1,249,2.8940993221413254,1.1109406435904308
2013-08-05 10:00:00,28.2,76,0.1,5.1,262,5.050367150582009,0.7097828148963337
2013-08-05 11:00:00,28.6,75,0.2,7.2,267,7.190132650232932,0.37681888494919563
2013-08-05 12:00:00,28.7,76,0.8,7.5,253,7.172285669722766,2.192787785420526
2013-08-05 13:00:00,28.5,77,1.0,6.8,252,6.467184310807044,2.1013155617496424
2013-08-05 14:00:00,28.3,77,0.4,5.5,247,5.062776693988422,2.149021206691006
2013-08-05 15:00:00,28.3,76,0.7000000000000001,4.1,255,3.96029588778518,1.061158084920335
2013-08-05 16:00:00,28.2,78,0.3,4.0,260,3.939231012048832,0.6945927106677213
2013-08-05 17:00:00,28.0,79,0.2,3.3,257,3.2154212137912763,0.7423384793347545
2013-08-05 18:00:00,27.5,81,0.0,1.6,243,1.4256104387013888,0.7263847995832748
2013-08-05 19:00:00,27.0,83,0.0,2.3,252,2.1874299874788528,0.710739087062379
2013-08-05 20:00:00,26.7,83,0.0,0.8,333,0.3631923997916375,-0.7128052193506943
2013-08-05 21:00:00,26.4,84,0.0,1.3,146,-0.7269507745119708,1.0777488443215544
2013-08-05 22:00:00,25.7,87,0.0,4.0,170,-0.6945927106677212,3.939231012048832
2013-08-05 23:00:00,23.9,92,0.0,5.1,172,-0.7097828148963332,5.050367150582009
2013-08-06 00:00:00,23.9,92,0.0,5.4,160,-1.8469087739586112,5.074340152243906
2013-08-06 01:00:00,24.5,91,0.0,5.2,146,-2.907803098047883,4.3109953772862175
2013-08-06 02:00:00,24.8,89,0.0,4.3,132,-3.195522749552794,2.8772616073430908
2013-08-06 03:00:00,24.0,88,0.0,2.7,113,-2.485363104321589,1.0549740469210394
2013-08-06 04:00:00,24.6,85,0.0,2.6,106,-2.499280409439629,0.716657125124198
2013-08-06 05:00:00,24.5,84,0.0,2.2,99,-2.172914349309303,0.3441558230885082
2013-08-06 06:00:00,23.8,86,0.0,3.1,69,-2.8940993221413254,-1.1109406435904314
2013-08-06 07:00:00,25.4,85,0.0,3.1,69,-2.8940993221413254,-1.1109406435904314
2013-08-06 08:00:00,26.6,84,0.0,2.2,9,-0.3441558230885083,-2.172914349309303
2013-08-06 09:00:00,27.7,81,0.0,3.1,315,2.1920310216782974,-2.192031021678297
2013-08-06 10:00:00,28.3,79,0.1,4.6,288,4.3748599749577055,-1.421478174124758
2013-08-06 11:00:00,28.9,77,0.0,5.1,278,5.050367150582009,-0.7097828148963337
2013-08-06 12:00:00,29.4,76,0.0,5.4,270,5.4,0.0
2013-08-06 13:00:00,28.9,76,0.8,4.7,247,4.32637281122647,1.8364363038995868
2013-08-06 14:00:00,29.4,75,0.3,5.2,214,2.9078030980478835,4.3109953772862175
2013-08-06 15:00:00,28.6,78,0.1,3.9,158,-1.4609657143220571,3.616017032810471
2013-08-06 16:00:00,28.4,78,0.0,1.8,169,-0.34345619167778063,1.7669289302057951
2013-08-06 17:00:00,27.8,80,0.9,1.1,252,1.0461621679246689,0.33991869381244216
2013-08-06 18:00:00,26.9,83,1.0,1.5,45,-1.0606601717798214,-1.0606601717798212
2013-08-06 19:00:00,26.3,86,0.0,2.7,113,-2.485363104321589,1.0549740469210394
2013-08-06 20:00:00,25.0,91,0.0,2.8,140,-1.7998053071223101,2.1449244407331385
2013-08-06 21:00:00,24.0,92,0.9,4.7,148,-2.4906205418960625,3.9858260519352027
2013-08-06 22:00:00,23.9,89,0.0,4.6,141,-2.894873798829251,3.5748714227020666
2013-08-06 23:00:00,24.6,84,0.0,3.8,139,-2.493024310163927,2.867896404846534
2013-08-07 00:00:00,24.6,81,0.0,3.6,135,-2.545584412271571,2.5455844122715714
2013-08-07 01:00:00,24.2,82,0.0,3.3,131,-2.4905416147351476,2.1649947956686737
2013-08-07 02:00:00,23.5,83,0.0,3.4,122,-2.883363526931848,1.8017254983928965
2013-08-07 03:00:00,21.8,92,0.0,3.1,111,-2.8940993221413254,1.1109406435904308
2013-08-07 04:00:00,21.9,92,0.0,3.1,111,-2.8940993221413254,1.1109406435904308
2013-08-07 05:00:00,22.6,87,0.0,3.3,139,-2.1649947956686737,2.490541614735148
2013-08-07 06:00:00,23.0,86,0.0,2.5,135,-1.7677669529663687,1.7677669529663689
2013-08-07 07:00:00,24.7,88,0.0,2.9,120,-2.511473670974872,1.4499999999999997
2013-08-07 08:00:00,26.9,81,0.0,1.0,225,0.7071067811865476,0.7071067811865475
2013-08-07 09:00:00,27.6,80,0.0,3.1,249,2.8940993221413254,1.1109406435904308
2013-08-07 10:00:00,28.1,79,0.0,4.0,260,3.939231012048832,0.6945927106677213
2013-08-07 11:00:00,28.4,77,0.1,5.7,252,5.421022142882375,1.7613968679372003
2013-08-07 12:00:00,28.5,77,0.3,5.9,232,4.64926344627966,3.6324027044213842
2013-08-07 13:00:00,28.7,77,0.9,5.6,230,4.289848881466277,3.5996106142446194
2013-08-07 14:00:00,28.4,79,1.4,5.9,227,4.314986839553106,4.023790324368742
2013-08-07 15:00:00,28.4,77,1.1,5.7,198,1.7613968679372005,5.421022142882375
2013-08-07 16:00:00,27.9,80,0.3,5.0,201,1.791839747726502,4.667902132486009
2013-08-07 17:00:00,27.6,81,0.6,2.3,219,1.447436899414626,1.7874357113510329
2013-08-07 18:00:00,26.8,83,0.6,2.3,129,-1.7874357113510329,1.4474368994146258
2013-08-07 19:00:00,26.0,89,0.0,5.1,129,-3.963444403430551,3.2095339943541705
2013-08-07 20:00:00,25.1,90,0.0,5.0,159,-1.7918397477265013,4.667902132486009
2013-08-07 21:00:00,24.6,89,0.0,5.4,172,-0.7515347451843529,5.34744757120448
2013-08-07 22:00:00,24.3,90,0.0,6.7,164,-1.8467702839738938,6.440453362786736
2013-08-07 23:00:00,24.0,90,0.0,7.4,166,-1.7902220274375418,7.180188374442374
2013-08-08 00:00:00,23.9,90,0.0,6.8,162,-2.101315561749642,6.467184310807045
2013-08-08 01:00:00,23.8,89,0.0,6.3,149,-3.2447398719333416,5.400153994423308
2013-08-08 02:00:00,22.0,96,0.0,5.7,145,-3.269385687200963,4.669166652447252
2013-08-08 03:00:00,22.1,92,0.0,4.8,138,-3.2118269105225195,3.5670951622914924
2013-08-08 04:00:00,21.9,90,0.0,4.8,132,-3.567095162291491,3.21182691052252
2013-08-08 05:00:00,22.1,89,0.0,5.0,120,-4.330127018922194,2.4999999999999996
2013-08-08 06:00:00,22.1,89,0.0,4.8,117,-4.276831316104166,2.1791543987498248
2013-08-08 07:00:00,24.3,87,0.0,3.8,107,-3.633958072659535,1.111012477946399
2013-08-08 08:00:00,26.2,79,0.0,0.8,333,0.3631923997916375,-0.7128052193506943
2013-08-08 09:00:00,27.4,74,0.0,3.6,307,2.875087836170254,-2.166534083347374
2013-08-08 10:00:00,28.1,72,0.0,5.2,295,4.7128004925905795,-2.197614961051637
2013-08-08 11:00:00,28.5,72,0.0,6.4,286,6.1520748540052415,-1.7640790772287946
2013-08-08 12:00:00,28.8,71,0.0,6.6,292,6.1194134401407965,-2.472403516545019
2013-08-08 13:00:00,29.0,69,0.0,7.3,303,6.122295146001595,-3.9758649556096977
2013-08-08 14:00:00,28.8,71,0.0,5.4,323,3.2498011250210617,-4.312631754255381
2013-08-08 15:00:00,28.8,72,0.2,6.3,336,2.5624408513775414,-5.755336383148386
2013-08-08 16:00:00,28.8,73,0.0,4.5,331,2.181643291108517,-3.935788682127281
2013-08-08 17:00:00,28.6,74,0.0,6.7,324,3.93816119035957,-5.420413862312148
2013-08-08 18:00:00,27.9,77,0.0,4.1,322,2.524212048835199,-3.23084408978756
2013-08-08 19:00:00,26.7,85,0.0,5.4,290,5.074340152243906,-1.8469087739586112
2013-08-08 20:00:00,27.0,79,0.0,3.5,294,3.197409101749103,-1.4235782507653008
2013-08-08 21:00:00,26.6,82,0.0,1.5,225,1.0606601717798214,1.0606601717798212
2013-08-08 22:00:00,25.1,87,0.0,3.5,156,-1.423578250765301,3.197409101749103
2013-08-08 23:00:00,23.9,91,0.0,4.1,165,-1.0611580849203355,3.96029588778518
2013-08-09 00:00:00,23.5,92,0.0,4.3,156,-1.748967565225941,3.9282454678631837
2013-08-09 01:00:00,23.2,92,0.0,4.1,142,-2.524212048835199,3.23084408978756
2013-08-09 02:00:00,22.7,94,0.0,3.8,131,-2.8678964048465336,2.4930243101639276
2013-08-09 03:00:00,21.8,94,0.0,3.6,135,-2.545584412271571,2.5455844122715714
2013-08-09 04:00:00,21.9,93,0.0,3.6,135,-2.545584412271571,2.5455844122715714
2013-08-09 05:00:00,21.7,93,0.0,3.6,135,-2.545584412271571,2.5455844122715714
2013-08-09 06:00:00,22.1,92,0.0,4.1,135,-2.8991378028648445,2.899137802864845
2013-08-09 07:00:00,24.2,92,0.0,3.8,139,-2.493024310163927,2.867896404846534
2013-08-09 08:00:00,26.7,84,0.0,3.5,204,1.4235782507653008,3.197409101749103
2013-08-09 09:00:00,27.8,79,0.0,3.6,233,2.875087836170254,2.166534083347374
2013-08-09 10:00:00,28.7,76,0.0,4.7,261,4.6421352007971475,0.7352419856890852
2013-08-09 11:00:00,29.0,75,0.4,7.3,259,7.165878439167947,1.392905666248777
2013-08-09 12:00:00,28.9,75,1.0,8.4,250,7.8934180146016315,2.872969203935617
2013-08-09 13:00:00,28.9,74,0.0,6.1,242,5.385980316439454,2.8637765329939335
2013-08-09 14:00:00,29.6,73,0.3,4.4,171,-0.6883116461770157,4.3458286986186065
2013-08-09 15:00:00,28.6,74,0.0,2.6,214,1.4539015490239418,2.1554976886431088
2013-08-09 16:00:00,28.6,76,0.0,5.7,252,5.421022142882375,1.7613968679372003
2013-08-09 17:00:00,28.2,78,0.0,6.0,253,5.737828535778212,1.7542302283364206
2013-08-09 18:00:00,27.4,81,0.6,3.7,241,3.2360929164157644,1.7937955949114472
2013-08-09 19:00:00,27.2,80,0.0,4.2,239,3.600102662948872,2.1631599146222276
2013-08-09 20:00:00,26.8,81,0.0,3.1,225,2.1920310216782974,2.192031021678297
2013-08-09 21:00:00,24.5,91,0.0,3.3,186,0.3449439287832564,3.2819222547153015
2013-08-09 22:00:00,24.3,91,0.0,3.1,159,-1.1109406435904308,2.8940993221413254
2013-08-09 23:00:00,24.5,90,0.0,4.0,117,-3.564026096753471,1.8159619989581874
2013-08-10 00:00:00,25.2,88,0.0,3.9,124,-3.2332465329646625,2.180852323535913
2013-08-10 01:00:00,23.3,95,0.0,4.1,142,-2.524212048835199,3.23084408978756
2013-08-10 02:00:00,21.9,97,0.9,4.8,138,-3.2118269105225195,3.5670951622914924
2013-08-10 03:00:00,23.1,90,0.0,5.4,132,-4.012982057577928,3.613305274337835
2013-08-10 04:00:00,22.5,91,0.0,5.1,135,-3.606244584051392,3.6062445840513924
2013-08-10 05:00:00,22.4,91,0.0,5.4,143,-3.2498011250210617,4.312631754255381
2013-08-10 06:00:00,22.8,88,0.0,3.9,124,-3.2332465329646625,2.180852323535913
2013-08-10 07:00:00,24.6,90,0.0,2.0,135,-1.414213562373095,1.4142135623730951
2013-08-10 08:00:00,26.4,84,0.5,3.3,229,2.4905416147351476,2.1649947956686737
2013-08-10 09:00:00,27.3,80,0.1,3.7,241,3.2360929164157644,1.7937955949114472
2013-08-10 10:00:00,27.4,81,0.6,4.7,279,4.6421352007971475,-0.7352419856890852
2013-08-10 11:00:00,28.0,82,0.4,5.3,298,4.679622242152313,-2.4881992827652213
2013-08-10 12:00:00,28.1,84,1.1,6.6,315,4.666904755831213,-4.666904755831213
2013-08-10 13:00:00,28.0,84,1.3,5.2,34,-2.907803098047882,-4.3109953772862175
2013-08-10 14:00:00,27.6,85,1.9,4.3,336,1.7489675652259409,-3.9282454678631837
2013-08-10 15:00:00,27.9,78,0.7000000000000001,7.8,338,2.9219314286441134,-7.232034065620942
2013-08-10 16:00:00,26.8,80,5.3,4.8,27,-2.179154398749825,-4.276831316104166
2013-08-10 17:00:00,26.9,79,2.0,4.6,72,-4.374859974957706,-1.4214781741247573
2013-08-10 18:00:00,26.8,79,0.0,2.3,342,0.7107390870623791,-2.1874299874788528
2013-08-10 19:00:00,26.0,83,0.0,5.6,333,2.542346798541462,-4.989636535454859
2013-08-10 20:00:00,25.8,82,0.0,4.7,328,2.490620541896063,-3.9858260519352022
2013-08-10 21:00:00,25.2,84,0.0,1.1,90,-1.1,1.3471114790620887e-16
2013-08-10 22:00:00,24.9,84,0.0,5.5,122,-4.664264528860342,2.914555953282627
2013-08-10 23:00:00,23.0,91,0.0,3.3,139,-2.1649947956686737,2.490541614735148
2013-08-11 00:00:00,22.4,93,1.0,3.7,151,-1.793795594911447,3.236092916415765
2013-08-11 01:00:00,22.1,94,2.5,4.4,145,-2.5237363199446032,3.6042689948715636
2013-08-11 02:00:00,21.9,92,0.0,4.9,126,-3.9641832724372423,2.880147736233119
2013-08-11 03:00:00,23.2,84,0.2,4.7,122,-3.9858260519352022,2.490620541896063
2013-08-11 04:00:00,22.6,84,1.0,5.5,113,-5.062776693988422,2.149021206691006
2013-08-11 05:00:00,21.9,87,0.3,5.4,98,-5.34744757120448,0.7515347451843528
2013-08-11 06:00:00,21.0,91,0.0,4.7,81,-4.6421352007971475,-0.7352419856890845
2013-08-11 07:00:00,23.3,92,0.0,3.8,73,-3.6339580726595346,-1.1110124779463997
2013-08-11 08:00:00,26.3,79,0.0,4.0,350,0.6945927106677217,-3.939231012048832
2013-08-11 09:00:00,27.3,78,0.0,6.5,341,2.116193003971519,-6.145870741395559
2013-08-11 10:00:00,27.9,75,0.0,8.2,337,3.203995253612044,-7.54813979831001
2013-08-11 11:00:00,28.7,72,0.1,9.5,335,4.014873486536644,-8.609923976848174
2013-08-11 12:00:00,28.4,73,0.4,9.9,341,3.223124729125852,-9.360633898433235
2013-08-11 13:00:00,28.4,74,0.4,10.2,350,1.77121141220269,-10.045039080724521
2013-08-11 14:00:00,28.5,73,1.1,9.5,349,1.8126854560771768,-9.325458242752807
2013-08-11 15:00:00,28.7,73,0.6,8.4,350,1.4586446924022156,-8.272385125302547
2013-08-11 16:00:00,28.4,75,0.0,7.5,343,2.192787785420526,-7.172285669722766
2013-08-11 17:00:00,28.1,77,0.0,6.3,336,2.5624408513775414,-5.755336383148386
2013-08-11 18:00:00,27.5,80,0.0,2.5,352,0.34793275240016364,-2.475670171853926
2013-08-11 19:00:00,26.1,90,0.0,1.8,11,-0.3434561916777803,-1.7669289302057951
2013-08-11 20:00:00,24.8,91,0.0,2.2,171,-0.34415582308850784,2.1729143493093033
2013-08-11 21:00:00,23.8,93,0.0,4.4,171,-0.6883116461770157,4.3458286986186065
2013-08-11 22:00:00,23.6,93,0.0,4.5,151,-2.1816432911085166,3.9357886821272814
2013-08-11 23:00:00,23.9,91,0.2,1.3,124,-1.0777488443215542,0.726950774511971
2013-08-12 00:00:00,23.6,90,0.0,2.5,98,-2.475670171853926,0.3479327524001633
2013-08-12 01:00:00,22.7,92,1.0,2.9,97,-2.8783838397598336,0.35342109587492787
2013-08-12 02:00:00,22.4,92,2.5,2.5,82,-2.475670171853926,-0.3479327524001638
2013-08-12 03:00:00,22.4,91,0.5,2.5,90,-2.5,3.061616997868383e-16
2013-08-12 04:00:00,22.4,92,0.6,3.7,79,-3.632020578756357,-0.7059932828932155
2013-08-12 05:00:00,23.3,86,0.0,5.5,67,-5.062776693988422,-2.1490212066910046
2013-08-12 06:00:00,22.3,88,0.0,5.0,90,-5.0,6.123233995736766e-16
2013-08-12 07:00:00,24.3,88,0.0,2.9,180,1.7757378587636622e-16,2.9
2013-08-12 08:00:00,26.6,83,0.0,3.7,299,3.2360929164157644,-1.7937955949114472
2013-08-12 09:00:00,27.3,82,0.0,3.6,315,2.5455844122715714,-2.545584412271571
2013-08-12 10:00:00,28.5,78,0.7000000000000001,5.4,318,3.6133052743378347,-4.012982057577929
2013-08-12 11:00:00,29.0,77,2.4,6.6,319,4.329989591337347,-4.981083229470295
2013-08-12 12:00:00,29.0,78,2.6,6.7,324,3.93816119035957,-5.420413862312148
2013-08-12 13:00:00,28.8,76,2.8,7.2,333,3.268731598124737,-6.415246974156248
2013-08-12 14:00:00,29.2,75,3.2,5.7,325,3.269385687200963,-4.669166652447253
2013-08-12 15:00:00,29.1,75,3.5,2.6,326,1.4539015490239418,-2.1554976886431088
2013-08-12 16:00:00,29.0,77,2.8,3.1,339,1.1109406435904312,-2.8940993221413254
2013-08-12 17:00:00,28.3,81,0.4,4.2,329,2.1631599146222276,-3.600102662948872
2013-08-12 18:00:00,27.5,86,0.3,4.2,301,3.600102662948872,-2.1631599146222276
2013-08-12 19:00:00,26.5,90,0.1,3.9,236,3.2332465329646625,2.180852323535913
2013-08-12 20:00:00,25.7,92,1.0,4.3,204,1.7489675652259409,3.9282454678631837
2013-08-12 21:00:00,24.9,93,5.9,3.9,202,1.4609657143220567,3.616017032810471
2013-08-12 22:00:00,24.4,93,4.2,1.8,233,1.437543918085127,1.083267041673687
2013-08-12 23:00:00,24.1,92,2.1,1.1,342,0.3399186938124422,-1.0461621679246689
2013-08-13 00:00:00,23.8,91,2.1,0.5,45,-0.35355339059327384,-0.35355339059327373
2013-08-13 01:00:00,23.5,90,5.7,1.4,180,8.572527594031472e-17,1.4
2013-08-13 02:00:00,23.1,92,2.3,1.8,281,1.7669289302057951,-0.34345619167778063
2013-08-13 03:00:00,23.5,98,6.6,2.2,351,0.34415582308850806,-2.1729143493093033
2013-08-13 04:00:00,23.6,97,8.3,2.2,351,0.34415582308850806,-2.1729143493093033
2013-08-13 05:00:00,23.1,97,5.3,3.6,127,-2.8750878361702545,2.1665340833473734
2013-08-13 06:00:00,23.0,96,4.9,4.2,121,-3.6001026629488715,2.1631599146222285
2013-08-13 07:00:00,23.4,95,3.4,3.6,143,-2.1665340833473743,2.8750878361702537
2013-08-13 08:00:00,24.8,90,1.7000000000000002,1.1,18,-0.33991869381244233,-1.0461621679246689
2013-08-13 09:00:00,25.8,86,0.0,3.4,328,1.8017254983928965,-2.883363526931848
2013-08-13 10:00:00,27.8,78,0.0,4.6,321,2.894873798829252,-3.5748714227020657
2013-08-13 11:00:00,28.9,74,0.0,5.8,300,5.022947341949744,-2.8999999999999995
2013-08-13 12:00:00,29.3,73,0.8,6.1,267,6.0916401620029,0.31924933308195735
2013-08-13 13:00:00,28.7,76,2.8,4.8,257,4.676976310969129,1.079765060850552
2013-08-13 14:00:00,28.5,74,4.3,4.7,261,4.6421352007971475,0.7352419856890852
2013-08-13 15:00:00,26.8,85,6.4,2.7,293,2.485363104321589,-1.0549740469210394
2013-08-13 16:00:00,26.9,84,1.0,3.3,347,0.7423384793347542,-3.2154212137912763
2013-08-13 17:00:00,26.9,84,0.0,4.4,351,0.6883116461770161,-4.3458286986186065
2013-08-13 18:00:00,26.4,89,1.1,3.9,338,1.4609657143220567,-3.616017032810471
2013-08-13 19:00:00,25.5,91,4.1,2.7,113,-2.485363104321589,1.0549740469210394
2013-08-13 20:00:00,24.8,92,3.9,1.3,214,0.7269507745119709,1.0777488443215544
2013-08-13 21:00:00,24.6,92,2.1,5.8,210,2.9000000000000004,5.0229473419497435
2013-08-13 22:00:00,24.3,94,1.9,6.9,219,4.342310698243879,5.3623071340531
2013-08-13 23:00:00,24.9,89,2.9,4.7,238,3.9858260519352022,2.490620541896063
2013-08-14 00:00:00,24.4,90,2.3,5.3,208,2.4881992827652213,4.679622242152313
2013-08-14 01:00:00,24.7,88,0.2,5.3,208,2.4881992827652213,4.679622242152313
2013-08-14 02:00:00,23.2,94,1.0,6.7,216,3.93816119035957,5.420413862312148
2013-08-14 03:00:00,23.1,94,2.2,6.1,208,2.863776532993934,5.385980316439453
2013-08-14 04:00:00,23.9,93,3.7,6.3,156,-2.5624408513775414,5.755336383148386
2013-08-14 05:00:00,23.5,94,2.7,3.3,96,-3.2819222547153015,0.3449439287832573
2013-08-14 06:00:00,22.9,96,2.7,6.2,54,-5.015905365124675,-3.644268564213333
2013-08-14 07:00:00,24.4,89,3.1,3.7,119,-3.2360929164157644,1.7937955949114477
2013-08-14 08:00:00,23.9,95,2.7,1.3,146,-0.7269507745119708,1.0777488443215544
2013-08-14 09:00:00,24.5,94,2.8,2.2,360,1.3471114790620887e-16,-2.2
2013-08-14 10:00:00,24.9,93,1.9,3.0,346,0.725765686799003,-2.9108871788279895
2013-08-14 11:00:00,25.1,93,0.9,3.4,342,1.0506577808748212,-3.233592155403522
2013-08-14 12:00:00,25.7,91,1.0,3.3,354,0.3449439287832564,-3.2819222547153015
2013-08-14 13:00:00,26.2,87,1.4,0.8,297,0.7128052193506944,-0.3631923997916374
2013-08-14 14:00:00,26.1,86,0.6,4.2,200,1.436484601967809,3.9467090073008153
2013-08-14 15:00:00,25.9,84,1.1,3.6,225,2.5455844122715714,2.545584412271571
2013-08-14 16:00:00,25.9,85,0.3,2.9,240,2.511473670974872,1.4499999999999997
2013-08-14 17:00:00,25.9,87,0.7000000000000001,4.0,243,3.5640260967534716,1.815961998958187
2013-08-14 18:00:00,25.4,90,1.0,4.8,222,3.2118269105225195,3.5670951622914924
2013-08-14 19:00:00,24.5,91,1.3,4.8,222,3.2118269105225195,3.5670951622914924
2013-08-14 20:00:00,23.9,93,1.5,2.4,243,2.138415658052083,1.0895771993749122
2013-08-14 21:00:00,24.2,90,1.0,1.1,108,-1.0461621679246689,0.3399186938124423
2013-08-14 22:00:00,23.8,92,1.3,2.8,140,-1.7998053071223101,2.1449244407331385
2013-08-14 23:00:00,23.6,94,1.0,3.7,151,-1.793795594911447,3.236092916415765
2013-08-15 00:00:00,23.4,94,0.8,3.6,174,-0.3763024677635528,3.580278823325784
2013-08-15 01:00:00,23.1,94,1.0,3.9,146,-2.180852323535912,3.233246532964663
2013-08-15 02:00:00,22.6,94,0.8,4.0,190,0.6945927106677217,3.939231012048832
2013-08-15 03:00:00,23.6,91,1.0,5.4,176,-0.3766849582182768,5.386845871403051
2013-08-15 04:00:00,22.6,94,0.7000000000000001,6.6,151,-3.199743493625824,5.772490067120012
2013-08-15 05:00:00,22.8,92,0.3,7.1,156,-2.8878301658381815,6.486172749262466
2013-08-15 06:00:00,23.4,89,0.1,6.1,152,-2.8637765329939344,5.385980316439453
2013-08-15 07:00:00,23.9,88,0.0,5.0,150,-2.499999999999999,4.330127018922194
2013-08-15 08:00:00,24.9,85,0.1,4.9,163,-1.4326213531414098,4.685893304218874
2013-08-15 09:00:00,25.7,83,0.4,7.8,193,1.7546182238821464,7.6000865053248345
2013-08-15 10:00:00,26.4,81,0.3,9.6,193,2.159530121701103,9.353952621938259
2013-08-15 11:00:00,26.4,80,0.9,9.7,202,3.633683956134346,8.993683389297837
2013-08-15 12:00:00,26.5,79,2.3,9.5,209,4.605691392340202,8.30888721782426
2013-08-15 13:00:00,25.3,84,0.8,9.7,207,4.403707847473604,8.642763284627167
2013-08-15 14:00:00,25.8,82,0.5,5.8,184,0.40458754771592637,5.78587149150698
2013-08-15 15:00:00,26.3,79,0.4,4.0,190,0.6945927106677217,3.939231012048832
2013-08-15 16:00:00,26.6,79,0.0,3.6,217,2.1665340833473743,2.875087836170254
2013-08-15 17:00:00,26.5,80,0.0,4.9,234,3.9641832724372428,2.8801477362331185
2013-08-15 18:00:00,25.7,84,0.2,2.9,150,-1.4499999999999993,2.511473670974872
2013-08-15 19:00:00,24.6,86,0.4,1.9,202,0.7117525274902327,1.761649323676896
2013-08-15 20:00:00,23.4,92,0.2,2.6,214,1.4539015490239418,2.1554976886431088
2013-08-15 21:00:00,23.7,89,0.0,2.4,243,2.138415658052083,1.0895771993749122
2013-08-15 22:00:00,24.1,86,0.0,2.4,153,-1.089577199374912,2.138415658052083
2013-08-15 23:00:00,23.3,89,0.0,2.7,157,-1.0549740469210394,2.4853631043215887
2013-08-16 00:00:00,23.0,90,0.0,4.9,163,-1.4326213531414098,4.685893304218874
2013-08-16 01:00:00,21.5,95,0.0,4.9,144,-2.880147736233118,3.9641832724372428
2013-08-16 02:00:00,20.9,97,0.0,3.6,135,-2.545584412271571,2.5455844122715714
2013-08-16 03:00:00,21.2,95,0.0,3.6,135,-2.545584412271571,2.5455844122715714
2013-08-16 04:00:00,21.0,94,0.0,4.6,129,-3.5748714227020657,2.8948737988292517
2013-08-16 05:00:00,20.6,94,0.0,4.7,113,-4.32637281122647,1.8364363038995868
2013-08-16 06:00:00,20.4,95,0.0,4.3,90,-4.3,5.265981236333618e-16
2013-08-16 07:00:00,22.4,94,0.0,5.1,98,-5.050367150582009,0.7097828148963331
2013-08-16 08:00:00,24.8,82,0.0,0.7000000000000001,90,-0.7000000000000001,8.572527594031473e-17
2013-08-16 09:00:00,26.0,79,0.0,2.9,300,2.511473670974872,-1.4499999999999997
2013-08-16 10:00:00,26.6,78,0.0,4.3,294,3.9282454678631837,-1.7489675652259409
2013-08-16 11:00:00,27.0,77,0.2,5.3,298,4.679622242152313,-2.4881992827652213
2013-08-16 12:00:00,27.6,78,0.2,5.5,302,4.664264528860342,-2.914555953282627
2013-08-16 13:00:00,27.6,77,2.9,6.7,306,5.420413862312148,-3.93816119035957
2013-08-16 14:00:00,26.0,80,1.1,3.9,338,1.4609657143220567,-3.616017032810471
2013-08-16 15:00:00,26.6,84,0.4,4.8,318,3.2118269105225195,-3.5670951622914924
2013-08-16 16:00:00,25.9,82,3.2,3.9,338,1.4609657143220567,-3.616017032810471
2013-08-16 17:00:00,25.4,81,1.7000000000000002,4.0,10,-0.6945927106677213,-3.939231012048832
2013-08-16 18:00:00,25.5,81,2.3,4.2,329,2.1631599146222276,-3.600102662948872
2013-08-16 19:00:00,25.0,84,0.1,1.5,315,1.0606601717798214,-1.0606601717798212
2013-08-16 20:00:00,25.5,78,0.0,2.6,254,2.499280409439629,0.7166571251241979
2013-08-16 21:00:00,23.0,92,0.0,3.7,169,-0.7059932828932158,3.632020578756357
2013-08-16 22:00:00,22.2,94,0.0,5.9,166,-1.42733918403804,5.7247447850283795
2013-08-16 23:00:00,21.9,94,0.0,4.7,148,-2.4906205418960625,3.9858260519352027
2013-08-17 00:00:00,21.3,95,0.0,5.3,152,-2.4881992827652217,4.679622242152313
2013-08-17 01:00:00,21.3,95,0.0,5.3,152,-2.4881992827652217,4.679622242152313
2013-08-17 02:00:00,21.3,94,0.0,5.2,155,-2.1976149610516367,4.71280049259058
2013-08-17 03:00:00,21.9,93,0.0,5.8,150,-2.8999999999999986,5.022947341949744
2013-08-17 04:00:00,21.9,91,0.0,6.1,130,-4.672871103025765,3.9210044190878905
2013-08-17 05:00:00,22.2,88,0.0,5.5,122,-4.664264528860342,2.914555953282627
2013-08-17 06:00:00,22.6,86,0.0,4.6,129,-3.5748714227020657,2.8948737988292517
2013-08-17 07:00:00,23.8,89,0.0,4.2,110,-3.9467090073008153,1.4364846019678092
2013-08-17 08:00:00,25.4,80,0.0,1.6,207,0.726384799583275,1.4256104387013886
2013-08-17 09:00:00,26.2,80,0.0,3.7,241,3.2360929164157644,1.7937955949114472
2013-08-17 10:00:00,26.8,80,0.2,3.7,259,3.632020578756357,0.7059932828932158
2013-08-17 11:00:00,26.9,81,1.4,4.3,275,4.283637201794505,-0.3747696938149301
2013-08-17 12:00:00,26.3,82,4.0,5.0,291,4.667902132486009,-1.7918397477265013
2013-08-17 13:00:00,26.4,82,1.3,5.8,300,5.022947341949744,-2.8999999999999995
2013-08-17 14:00:00,25.7,87,0.9,4.5,346,1.0886485301985045,-4.366330768241984
2013-08-17 15:00:00,26.2,84,0.3,4.9,17,-1.4326213531414118,-4.685893304218873
2013-08-17 16:00:00,26.3,83,0.0,5.1,352,0.7097828148963339,-5.050367150582009
2013-08-17 17:00:00,26.3,83,0.0,4.8,333,2.1791543987498248,-4.276831316104166
2013-08-17 18:00:00,26.0,87,0.0,5.2,344,1.4333142502483958,-4.998560818879258
2013-08-17 19:00:00,25.8,84,0.0,4.6,321,2.894873798829252,-3.5748714227020657
2013-08-17 20:00:00,25.3,86,0.0,2.6,304,2.1554976886431083,-1.453901549023942
2013-08-17 21:00:00,24.2,89,0.0,0.5,135,-0.35355339059327373,0.3535533905932738
2013-08-17 22:00:00,24.0,89,0.0,0.4,180,2.4492935982947065e-17,0.4
2013-08-17 23:00:00,23.0,91,0.0,1.8,191,0.34345619167778085,1.7669289302057951
2013-08-18 00:00:00,22.2,93,0.0,4.3,156,-1.748967565225941,3.9282454678631837
2013-08-18 01:00:00,22.5,93,0.0,3.8,139,-2.493024310163927,2.867896404846534
2013-08-18 02:00:00,23.4,89,0.0,4.3,132,-3.195522749552794,2.8772616073430908
2013-08-18 03:00:00,23.7,84,0.0,3.3,139,-2.1649947956686737,2.490541614735148
2013-08-18 04:00:00,24.8,78,0.0,2.7,157,-1.0549740469210394,2.4853631043215887
2013-08-18 05:00:00,24.8,77,0.0,1.6,153,-0.7263847995832747,1.4256104387013888
2013-08-18 06:00:00,24.8,77,0.0,0.4,360,2.4492935982947065e-17,-0.4
2013-08-18 07:00:00,24.8,80,0.0,0.5,45,-0.35355339059327384,-0.35355339059327373
2013-08-18 08:00:00,25.9,77,0.0,1.6,333,0.726384799583275,-1.4256104387013886
2013-08-18 09:00:00,26.4,77,0.0,4.6,321,2.894873798829252,-3.5748714227020657
2013-08-18 10:00:00,27.3,74,0.0,6.3,329,3.244739871933341,-5.400153994423308
2013-08-18 11:00:00,27.6,73,0.0,7.4,321,4.656970893768798,-5.750880114781585
2013-08-18 12:00:00,27.4,76,0.3,8.2,319,5.379684037722159,-6.18861855782673
2013-08-18 13:00:00,27.1,77,0.5,9.2,318,6.156001578501495,-6.836932394392027
2013-08-18 14:00:00,27.0,76,0.5,7.7,323,4.633975678270772,-6.149493427364155
2013-08-18 15:00:00,27.0,78,0.0,7.5,325,4.301823272632846,-6.143640332167439
2013-08-18 16:00:00,27.1,77,0.0,4.9,324,2.8801477362331185,-3.9641832724372428
2013-08-18 17:00:00,26.9,78,0.0,3.9,326,2.1808523235359125,-3.233246532964663
2013-08-18 18:00:00,26.4,85,0.0,3.6,323,2.1665340833473743,-2.875087836170254
2013-08-18 19:00:00,26.6,78,0.0,3.4,288,3.233592155403522,-1.0506577808748212
2013-08-18 20:00:00,26.4,79,0.0,1.8,259,1.7669289302057951,0.34345619167778063
2013-08-18 21:00:00,25.0,85,0.0,1.1,288,1.0461621679246689,-0.33991869381244216
2013-08-18 22:00:00,23.7,91,0.0,0.5,315,0.3535533905932738,-0.35355339059327373
2013-08-18 23:00:00,23.1,92,0.0,0.0,270,0.0,0.0
2013-08-19 00:00:00,22.2,94,0.0,0.4,180,2.4492935982947065e-17,0.4
2013-08-19 01:00:00,21.6,94,0.0,1.5,194,0.3628828433995015,1.4554435894139948
2013-08-19 02:00:00,21.1,95,0.0,2.5,180,1.5308084989341916e-16,2.5
2013-08-19 03:00:00,21.2,92,0.0,3.1,144,-1.8221342821066664,2.5079526825623373
2013-08-19 04:00:00,20.9,93,0.0,3.2,117,-2.851220877402777,1.4527695991665501
2013-08-19 05:00:00,20.7,92,0.0,3.1,111,-2.8940993221413254,1.1109406435904308
2013-08-19 06:00:00,20.5,93,0.0,3.6,96,-3.580278823325784,0.37630246776355347
2013-08-19 07:00:00,22.6,93,0.0,4.3,90,-4.3,5.265981236333618e-16
2013-08-19 08:00:00,25.9,76,0.0,2.9,353,0.3534210958749277,-2.8783838397598336
2013-08-19 09:00:00,27.1,75,0.0,5.6,320,3.5996106142446203,-4.289848881466277
2013-08-19 10:00:00,28.1,70,0.0,7.1,285,6.858073366652385,-1.8376152202278973
2013-08-19 11:00:00,28.6,70,0.2,7.2,270,7.2,0.0
2013-08-19 12:00:00,28.3,72,0.2,7.1,294,6.486172749262466,-2.8878301658381815
2013-08-19 13:00:00,28.6,71,0.0,7.2,297,6.415246974156249,-3.2687315981247367
2013-08-19 14:00:00,28.4,72,0.3,7.1,300,6.148780366869515,-3.5499999999999994
2013-08-19 15:00:00,28.0,74,0.5,3.1,324,1.8221342821066668,-2.5079526825623373
2013-08-19 16:00:00,27.9,74,0.1,4.5,299,3.935788682127281,-2.1816432911085166
2013-08-19 17:00:00,27.4,76,0.2,4.5,284,4.366330768241984,-1.0886485301985047
2013-08-19 18:00:00,26.6,81,0.0,3.6,270,3.6,0.0
2013-08-19 19:00:00,25.5,89,0.0,1.8,180,1.1021821192326179e-16,1.8
2013-08-19 20:00:00,25.9,84,0.0,1.5,166,-0.36288284339950166,1.4554435894139948
2013-08-19 21:00:00,25.5,86,0.0,1.6,63,-1.4256104387013888,-0.7263847995832747
2013-08-19 22:00:00,24.7,90,0.0,3.2,63,-2.8512208774027776,-1.4527695991665495
2013-08-19 23:00:00,24.6,91,0.0,1.1,90,-1.1,1.3471114790620887e-16
2013-08-20 00:00:00,24.5,91,0.0,1.3,124,-1.0777488443215542,0.726950774511971
2013-08-20 01:00:00,24.1,92,0.0,1.3,56,-1.0777488443215544,-0.7269507745119708
2013-08-20 02:00:00,23.5,93,0.0,2.3,72,-2.187429987478853,-0.7107390870623786
2013-08-20 03:00:00,24.8,81,0.0,2.9,360,1.7757378587636622e-16,-2.9
2013-08-20 04:00:00,24.7,81,0.0,4.0,350,0.6945927106677217,-3.939231012048832
2013-08-20 05:00:00,25.0,80,0.1,3.3,347,0.7423384793347542,-3.2154212137912763
2013-08-20 06:00:00,25.2,79,0.0,4.0,355,0.34862297099063255,-3.984778792366982
2013-08-20 07:00:00,24.9,81,0.0,5.0,360,3.061616997868383e-16,-5.0
2013-08-20 08:00:00,25.3,81,0.0,5.8,360,3.5514757175273243e-16,-5.8
2013-08-20 09:00:00,25.6,81,0.0,6.9,351,1.0793978087775935,-6.815049550106451
2013-08-20 10:00:00,26.1,81,0.0,6.9,351,1.0793978087775935,-6.815049550106451
2013-08-20 11:00:00,26.1,83,0.2,7.9,344,2.1775351109542935,-7.59396739791272
2013-08-20 12:00:00,26.5,82,0.3,7.7,332,3.61493103345136,-6.798696465013737
2013-08-20 13:00:00,25.4,89,3.2,8.9,333,4.040515447681967,-7.929958065276474
2013-08-20 14:00:00,25.3,91,5.4,9.7,333,4.403707847473604,-8.642763284627167
2013-08-20 15:00:00,25.6,89,4.0,10.7,346,2.588564282916444,-10.382164271153162
2013-08-20 16:00:00,24.9,94,1.8,8.9,339,3.1894747509531736,-8.308865795825096
2013-08-20 17:00:00,25.0,93,3.9,8.7,343,2.5436338310878095,-8.319851376878407
2013-08-20 18:00:00,24.6,95,3.7,6.8,342,2.1013155617496424,-6.467184310807044
2013-08-20 19:00:00,24.3,97,4.0,5.2,335,2.197614961051637,-4.7128004925905795
2013-08-20 20:00:00,24.0,98,1.7000000000000002,4.8,333,2.1791543987498248,-4.276831316104166
2013-08-20 21:00:00,23.8,98,0.2,3.5,336,1.4235782507653008,-3.197409101749103
2013-08-20 22:00:00,23.5,98,0.4,3.0,346,0.725765686799003,-2.9108871788279895
2013-08-20 23:00:00,23.5,98,0.6,3.0,346,0.725765686799003,-2.9108871788279895
2013-08-21 00:00:00,23.5,97,0.8,1.1,18,-0.33991869381244233,-1.0461621679246689
2013-08-21 01:00:00,23.6,96,0.7000000000000001,1.9,68,-1.761649323676896,-0.7117525274902328
2013-08-21 02:00:00,23.7,95,0.4,1.3,56,-1.0777488443215544,-0.7269507745119708
2013-08-21 03:00:00,23.6,97,0.2,1.8,323,1.0832670416736871,-1.437543918085127
2013-08-21 04:00:00,23.6,97,0.7000000000000001,1.5,346,0.3628828433995015,-1.4554435894139948
2013-08-21 05:00:00,24.5,94,0.2,1.3,34,-0.7269507745119705,-1.0777488443215544
2013-08-21 06:00:00,24.6,93,0.1,1.1,270,1.1,0.0
2013-08-21 07:00:00,24.6,93,0.1,2.5,278,2.475670171853926,-0.3479327524001636
2013-08-21 08:00:00,25.2,92,0.2,1.3,326,0.7269507745119709,-1.0777488443215544
2013-08-21 09:00:00,25.5,91,0.2,2.5,8,-0.3479327524001646,-2.475670171853926
2013-08-21 10:00:00,25.3,88,0.5,5.9,346,1.4273391840380394,-5.7247447850283795
2013-08-21 11:00:00,25.2,92,1.7000000000000002,7.1,336,2.8878301658381815,-6.486172749262466
2013-08-21 12:00:00,24.9,91,1.2,11.6,344,3.19739332747719,-11.1506356728845
2013-08-21 13:00:00,25.0,91,2.6,14.5,341,4.720738239628773,-13.710019346190093
2013-08-21 14:00:00,25.4,90,4.1,17.3,337,6.759648522864436,-15.924733964727219
2013-08-21 15:00:00,24.5,94,6.3,20.1,345,5.202262806560667,-19.415109108410274
2013-08-21 16:00:00,24.6,94,3.6,18.4,343,5.379639366898356,-17.59600750971985
2013-08-21 17:00:00,24.5,94,4.1,19.4,338,7.267367912268692,-17.987366778595675
2013-08-21 18:00:00,24.5,94,5.1,13.6,320,8.741911491736936,-10.4182044264181
2013-08-21 19:00:00,24.1,96,8.2,16.3,311,12.301766157631185,-10.693762172545268
2013-08-21 20:00:00,24.1,94,8.9,11.9,270,11.9,0.0
2013-08-21 21:00:00,23.8,97,9.6,16.4,230,12.563128867151239,10.541716798859243
2013-08-21 22:00:00,24.1,95,11.1,22.8,218,14.03708163742501,17.96664518223326
2013-08-21 23:00:00,24.1,96,11.2,27.6,213,15.032037366414748,23.147307675293703
2013-08-22 00:00:00,24.3,95,8.6,25.2,202,9.440086154080982,23.365033135083042
2013-08-22 01:00:00,24.2,93,7.4,23.4,191,4.464930491811151,22.970076092675335
2013-08-22 02:00:00,24.1,91,5.9,22.1,186,2.3100790382151417,21.978933887638842
2013-08-22 03:00:00,24.1,85,3.7,21.3,177,-1.1147558679747038,21.270809090272422
2013-08-22 04:00:00,24.1,83,2.2,22.0,177,-1.1513910373447644,21.969849764600625
2013-08-22 05:00:00,24.2,81,3.4,21.6,176,-1.5067398328731072,21.547383485612205
2013-08-22 06:00:00,24.3,82,3.1,21.3,175,-1.8564173205251204,21.21894706935418
2013-08-22 07:00:00,24.5,84,2.4,22.9,173,-2.7908079639778745,22.729306872586275
2013-08-22 08:00:00,25.0,82,1.7000000000000002,22.6,171,-3.535418909909217,22.321756497450114
2013-08-22 09:00:00,25.7,81,1.9,24.3,174,-2.5400416574039815,24.16688205744904
2013-08-22 10:00:00,27.0,79,1.3,25.9,178,-0.9038969645947746,25.88422241979458
2013-08-22 11:00:00,27.1,77,1.8,26.0,174,-2.7177400449589926,25.857569279575106
2013-08-22 12:00:00,26.9,77,6.0,24.9,170,-4.323839623906564,24.521713050003978
2013-08-22 13:00:00,27.1,76,5.3,24.7,172,-3.437575593713614,24.459621297916787
2013-08-22 14:00:00,26.9,76,4.7,22.5,174,-2.351890423522205,22.37674264578615
2013-08-22 15:00:00,26.0,79,3.6,21.0,173,-2.5592562115080946,20.843469184467764
2013-08-22 16:00:00,25.7,81,3.3,20.3,174,-2.1219278043333674,20.18879447597595
2013-08-22 17:00:00,25.5,81,2.5,19.6,174,-2.04875788004601,19.492629149218157
2013-08-22 18:00:00,25.0,84,0.9,17.6,181,0.30716235329619135,17.59731943475249
2013-08-22 19:00:00,24.7,83,0.3,16.3,172,-2.2685215456490653,16.141369520487597
2013-08-22 20:00:00,24.7,81,0.3,14.9,173,-1.8158532167366959,14.7889376594557
2013-08-22 21:00:00,24.3,84,0.4,14.0,179,-0.24433369012196868,13.997867732189478
2013-08-22 22:00:00,23.8,86,0.2,15.5,180,9.491012693391988e-16,15.5
2013-08-22 23:00:00,23.7,87,0.2,15.9,174,-1.6620025659556916,15.812898136355546
2013-08-23 00:00:00,23.8,86,0.1,15.6,172,-2.1711003749770197,15.448181872368497
2013-08-23 01:00:00,23.7,86,0.1,14.5,173,-1.7671054793746368,14.39191919879917
2013-08-23 02:00:00,23.6,86,0.0,14.4,176,-1.0044932219154048,14.36492232374147
2013-08-23 03:00:00,23.6,87,0.0,14.1,177,-0.7379369830255081,14.080676440039491
2013-08-23 04:00:00,23.4,87,0.3,13.7,177,-0.7170026005283306,13.681224626137661
2013-08-23 05:00:00,23.6,86,0.2,14.5,174,-1.5156627173809765,14.420567482839962
2013-08-23 06:00:00,23.9,85,0.0,15.9,176,-1.1091279325315928,15.861268399131205
2013-08-23 07:00:00,24.4,85,0.0,15.9,177,-0.8321417042628071,15.878209602597725
2013-08-23 08:00:00,25.3,84,0.0,15.8,181,0.27574802170908086,15.797593583470983
2013-08-23 09:00:00,26.3,82,0.0,15.9,186,1.66200256595569,15.812898136355546
2013-08-23 10:00:00,26.8,81,0.1,19.2,188,2.6721235384332567,19.01314691983815
2013-08-23 11:00:00,26.7,81,0.9,17.0,185,1.4816476267101883,16.935309867559674
2013-08-23 12:00:00,26.4,83,0.7000000000000001,20.7,187,2.522695408486553,20.545705338975363
2013-08-23 13:00:00,26.1,84,0.6,19.1,184,1.332348648512792,19.053473359962645
2013-08-23 14:00:00,26.0,85,0.6,16.9,181,0.29494566879009276,16.89742604814301
2013-08-23 15:00:00,25.6,87,1.3,16.7,186,1.7456253365698127,16.608515652650162
2013-08-23 16:00:00,25.4,87,1.2,15.8,180,9.67470971326409e-16,15.8
2013-08-23 17:00:00,24.8,86,0.6,13.7,178,-0.47812310482426307,13.691654330161612
2013-08-23 18:00:00,24.7,85,0.2,9.7,178,-0.3385251180142592,9.694091022085228
2013-08-23 19:00:00,24.1,88,0.0,9.5,169,-1.8126854560771757,9.325458242752807
2013-08-23 20:00:00,23.4,89,0.0,9.7,165,-2.510544737494452,9.369480515003962
2013-08-23 21:00:00,24.0,83,0.0,9.2,159,-3.296985135816762,8.588939923774255
2013-08-23 22:00:00,23.6,84,0.0,8.4,160,-2.872969203935617,7.8934180146016315
2013-08-23 23:00:00,22.7,87,0.0,7.4,157,-2.891410350820626,6.811735915548058
2013-08-24 00:00:00,22.1,89,0.2,8.4,155,-3.5499933986218744,7.612985411107861
2013-08-24 01:00:00,22.1,88,0.0,8.8,145,-5.0474726398892065,7.208537989743127
2013-08-24 02:00:00,21.3,91,0.1,5.7,145,-3.269385687200963,4.669166652447252
2013-08-24 03:00:00,22.9,82,0.0,5.0,159,-1.7918397477265013,4.667902132486009
2013-08-24 04:00:00,23.1,80,0.0,4.7,157,-1.8364363038995868,4.326372811226469
2013-08-24 05:00:00,21.8,85,0.0,4.5,151,-2.1816432911085166,3.9357886821272814
2013-08-24 06:00:00,21.5,86,0.0,4.1,135,-2.8991378028648445,2.899137802864845
2013-08-24 07:00:00,24.2,81,0.0,4.4,145,-2.5237363199446032,3.6042689948715636
2013-08-24 08:00:00,26.0,77,0.0,3.7,191,0.7059932828932162,3.632020578756357
2013-08-24 09:00:00,26.6,78,0.0,6.6,202,2.4724035165450187,6.1194134401407965
2013-08-24 10:00:00,27.3,77,0.0,9.4,203,3.672872607799173,8.65274562245294
2013-08-24 11:00:00,27.9,76,0.0,12.5,198,3.862712429686843,11.888206453689419
2013-08-24 12:00:00,27.6,79,0.9,12.1,203,4.727846654720212,11.138108726774528
2013-08-24 13:00:00,26.5,83,2.4,11.6,210,5.800000000000001,10.045894683899487
2013-08-24 14:00:00,26.1,84,1.1,11.0,212,5.829111906565254,9.328529057720685
2013-08-24 15:00:00,26.4,84,2.6,8.1,201,2.902780391316933,7.5620014546273335
2013-08-24 16:00:00,26.6,83,0.2,8.0,198,2.4721359549995796,7.608452130361228
2013-08-24 17:00:00,26.4,86,0.0,8.4,190,1.4586446924022156,8.272385125302547
2013-08-24 18:00:00,26.1,86,0.0,3.8,197,1.1110124779463997,3.6339580726595346
2013-08-24 19:00:00,24.8,93,0.0,0.5,135,-0.35355339059327373,0.3535533905932738
2013-08-24 20:00:00,23.6,95,0.0,4.3,66,-3.9282454678631837,-1.7489675652259409
2013-08-24 21:00:00,24.3,89,0.0,4.0,90,-4.0,4.898587196589413e-16
2013-08-24 22:00:00,24.4,87,0.0,3.8,139,-2.493024310163927,2.867896404846534
2013-08-24 23:00:00,24.5,85,0.0,3.8,131,-2.8678964048465336,2.4930243101639276
2013-08-25 00:00:00,24.1,85,0.0,3.6,127,-2.8750878361702545,2.1665340833473734
2013-08-25 01:00:00,21.9,93,0.0,3.9,112,-3.6160170328104706,1.4609657143220578
2013-08-25 02:00:00,20.9,97,0.0,2.3,108,-2.1874299874788528,0.7107390870623792
2013-08-25 03:00:00,21.0,94,0.0,2.6,106,-2.499280409439629,0.716657125124198
2013-08-25 04:00:00,20.6,96,0.0,2.5,98,-2.475670171853926,0.3479327524001633
2013-08-25 05:00:00,20.6,95,0.0,2.2,90,-2.2,2.6942229581241775e-16
2013-08-25 06:00:00,20.7,93,0.0,4.0,80,-3.939231012048832,-0.6945927106677219
2013-08-25 07:00:00,22.5,94,0.0,4.8,77,-4.676976310969129,-1.0797650608505518
2013-08-25 08:00:00,25.4,86,0.0,2.9,360,1.7757378587636622e-16,-2.9
2013-08-25 09:00:00,26.5,83,0.1,3.3,319,2.1649947956686737,-2.4905416147351476
2013-08-25 10:00:00,27.2,79,0.8,4.6,288,4.3748599749577055,-1.421478174124758
2013-08-25 11:00:00,27.2,79,0.0,4.7,274,4.688551036221174,-0.3278554265973889
2013-08-25 12:00:00,27.9,79,0.2,5.8,270,5.8,0.0
2013-08-25 13:00:00,27.9,77,1.4,4.0,275,3.984778792366982,-0.34862297099063266
2013-08-25 14:00:00,27.5,78,1.5,3.1,315,2.1920310216782974,-2.192031021678297
2013-08-25 15:00:00,27.0,78,1.0,2.4,333,1.0895771993749124,-2.138415658052083
2013-08-25 16:00:00,27.0,77,0.8,3.3,354,0.3449439287832564,-3.2819222547153015
2013-08-25 17:00:00,26.7,78,1.4,2.9,30,-1.4500000000000013,-2.5114736709748713
2013-08-25 18:00:00,26.1,84,0.7000000000000001,3.9,34,-2.1808523235359116,-3.233246532964663
2013-08-25 19:00:00,26.2,78,0.3,6.0,33,-3.267834210090162,-5.032023407672544
2013-08-25 20:00:00,25.9,79,0.2,4.0,27,-1.8159619989581877,-3.564026096753471
2013-08-25 21:00:00,24.4,85,0.2,4.3,294,3.9282454678631837,-1.7489675652259409
2013-08-25 22:00:00,23.7,86,0.6,0.7000000000000001,270,0.7000000000000001,0.0
2013-08-25 23:00:00,23.8,85,0.6,2.1,121,-1.8000513314744357,1.0815799573111142
2013-08-26 00:00:00,24.7,80,0.2,2.6,124,-2.1554976886431083,1.453901549023942
2013-08-26 01:00:00,24.3,82,0.4,3.1,135,-2.192031021678297,2.1920310216782974
2013-08-26 02:00:00,22.7,88,0.1,4.1,128,-3.2308440897875594,2.5242120488351993
2013-08-26 03:00:00,21.7,91,0.3,3.1,111,-2.8940993221413254,1.1109406435904308
2013-08-26 04:00:00,21.2,93,0.0,2.2,99,-2.172914349309303,0.3441558230885082
2013-08-26 05:00:00,20.6,95,0.0,2.2,90,-2.2,2.6942229581241775e-16
2013-08-26 06:00:00,20.5,95,0.0,2.9,90,-2.9,3.5514757175273243e-16
2013-08-26 07:00:00,22.5,94,0.0,4.0,95,-3.984778792366982,0.3486229709906328
2013-08-26 08:00:00,26.0,76,0.0,1.3,304,1.0777488443215542,-0.726950774511971
2013-08-26 09:00:00,27.0,74,0.0,3.8,287,3.6339580726595346,-1.1110124779463997
2013-08-26 10:00:00,27.5,73,0.0,5.0,300,4.330127018922194,-2.4999999999999996
2013-08-26 11:00:00,28.2,71,0.0,6.2,306,5.0159053651246746,-3.6442685642133337
2013-08-26 12:00:00,27.9,73,0.0,6.3,301,5.400153994423308,-3.244739871933341
2013-08-26 13:00:00,28.2,73,0.2,6.8,295,6.162892951849219,-2.873804179836756
2013-08-26 14:00:00,27.7,75,0.5,5.4,307,4.312631754255381,-3.2498011250210608
2013-08-26 15:00:00,27.9,75,0.4,2.1,329,1.0815799573111138,-1.800051331474436
2013-08-26 16:00:00,27.7,76,0.2,0.8,243,0.7128052193506944,0.3631923997916374
2013-08-26 17:00:00,27.2,78,0.9,0.8,27,-0.36319239979163753,-0.7128052193506943
2013-08-26 18:00:00,26.7,87,0.0,3.7,299,3.2360929164157644,-1.7937955949114472
2013-08-26 19:00:00,26.6,79,0.0,4.8,318,3.2118269105225195,-3.5670951622914924
2013-08-26 20:00:00,26.4,80,0.0,1.6,63,-1.4256104387013888,-0.7263847995832747
2013-08-26 21:00:00,24.9,85,0.4,5.4,110,-5.074340152243905,1.846908773958612
2013-08-26 22:00:00,23.9,89,0.5,4.5,119,-3.935788682127281,2.181643291108517
2013-08-26 23:00:00,23.7,89,0.2,3.3,139,-2.1649947956686737,2.490541614735148
2013-08-27 00:00:00,24.6,86,0.0,2.9,150,-1.4499999999999993,2.511473670974872
2013-08-27 01:00:00,24.6,85,1.1,2.4,117,-2.138415658052083,1.0895771993749124
2013-08-27 02:00:00,23.1,89,0.5,5.4,98,-5.34744757120448,0.7515347451843528
2013-08-27 03:00:00,22.1,90,0.0,3.6,90,-3.6,4.4087284769304716e-16
2013-08-27 04:00:00,21.7,91,0.0,3.3,77,-3.2154212137912763,-0.7423384793347544
2013-08-27 05:00:00,21.2,93,0.0,3.6,84,-3.580278823325784,-0.3763024677635526
2013-08-27 06:00:00,20.7,93,0.0,2.9,83,-2.878383839759834,-0.3534210958749272
2013-08-27 07:00:00,22.7,94,0.0,2.9,90,-2.9,3.5514757175273243e-16
2013-08-27 08:00:00,26.3,79,0.0,2.5,315,1.7677669529663689,-1.7677669529663687
2013-08-27 09:00:00,27.2,75,0.0,6.2,324,3.6442685642133337,-5.0159053651246746
2013-08-27 10:00:00,27.8,72,0.0,8.7,330,4.3500000000000005,-7.534421012924615
2013-08-27 11:00:00,28.3,72,0.0,11.1,331,5.3813867847343415,-9.708278749247292
2013-08-27 12:00:00,28.4,72,0.0,12.6,329,6.489479743866682,-10.800307988846615
2013-08-27 13:00:00,28.1,73,0.1,11.6,334,5.085105302753298,-10.426010937070338
2013-08-27 14:00:00,28.1,74,0.2,11.6,338,4.345436483624579,-10.755332712974734
2013-08-27 15:00:00,27.6,78,0.7000000000000001,9.4,337,3.672872607799173,-8.65274562245294
2013-08-27 16:00:00,27.6,78,0.1,7.4,337,2.8914103508206255,-6.811735915548059
2013-08-27 17:00:00,27.3,80,0.0,6.6,331,3.199743493625825,-5.772490067120011
2013-08-27 18:00:00,26.6,83,0.0,4.1,315,2.899137802864845,-2.8991378028648445
2013-08-27 19:00:00,25.6,91,0.0,5.0,300,4.330127018922194,-2.4999999999999996
2013-08-27 20:00:00,24.5,94,0.0,4.5,256,4.366330768241984,1.0886485301985047
2013-08-27 21:00:00,23.8,95,0.2,4.5,194,1.0886485301985045,4.366330768241984
2013-08-27 22:00:00,23.4,96,0.3,3.4,162,-1.050657780874821,3.2335921554035223
2013-08-27 23:00:00,23.4,96,0.2,2.1,211,1.0815799573111138,1.800051331474436
2013-08-28 00:00:00,23.4,97,0.1,2.2,180,1.3471114790620887e-16,2.2
2013-08-28 01:00:00,23.2,98,0.0,1.9,158,-0.7117525274902329,1.761649323676896
2013-08-28 02:00:00,23.2,98,0.0,1.3,146,-0.7269507745119708,1.0777488443215544
2013-08-28 03:00:00,25.3,88,1.1,0.0,270,0.0,0.0
2013-08-28 04:00:00,24.8,92,2.2,1.9,158,-0.7117525274902329,1.761649323676896
2013-08-28 05:00:00,24.7,92,1.7000000000000002,2.3,162,-0.7107390870623789,2.187429987478853
2013-08-28 06:00:00,24.9,91,1.8,1.6,153,-0.7263847995832747,1.4256104387013888
2013-08-28 07:00:00,24.9,93,2.0,0.4,360,2.4492935982947065e-17,-0.4
2013-08-28 08:00:00,25.7,90,1.4,1.8,323,1.0832670416736871,-1.437543918085127
2013-08-28 09:00:00,26.3,87,0.8,3.6,315,2.5455844122715714,-2.545584412271571
2013-08-28 10:00:00,27.5,83,0.3,5.1,321,3.209533994354171,-3.963444403430551
2013-08-28 11:00:00,28.1,79,1.0,6.9,317,4.70578868443124,-5.046340541172277
2013-08-28 12:00:00,28.5,77,0.2,8.0,324,4.702282018339785,-6.47213595499958
2013-08-28 13:00:00,28.3,76,1.0,8.7,330,4.3500000000000005,-7.534421012924615
2013-08-28 14:00:00,27.9,77,0.7000000000000001,8.7,336,3.5386087947594613,-7.947845481490627
2013-08-28 15:00:00,27.0,81,0.9,6.3,336,2.5624408513775414,-5.755336383148386
2013-08-28 16:00:00,26.5,85,0.3,6.3,336,2.5624408513775414,-5.755336383148386
2013-08-28 17:00:00,26.2,86,0.4,3.1,306,2.5079526825623373,-1.8221342821066668
2013-08-28 18:00:00,25.8,88,0.3,4.3,275,4.283637201794505,-0.3747696938149301
2013-08-28 19:00:00,25.4,89,0.0,4.8,257,4.676976310969129,1.079765060850552
2013-08-28 20:00:00,25.2,90,0.3,4.4,261,4.3458286986186065,0.6883116461770159
2013-08-28 21:00:00,24.7,91,0.8,4.9,253,4.685893304218874,1.4326213531414103
2013-08-28 22:00:00,24.2,93,2.8,3.9,248,3.616017032810471,1.460965714322057
2013-08-28 23:00:00,24.0,92,5.3,1.6,243,1.4256104387013888,0.7263847995832748
2013-08-29 00:00:00,23.9,91,8.9,2.3,231,1.7874357113510329,1.4474368994146258
2013-08-29 01:00:00,23.8,90,10.7,3.8,253,3.6339580726595346,1.1110124779463997
2013-08-29 02:00:00,23.5,92,16.2,4.7,274,4.688551036221174,-0.3278554265973889
2013-08-29 03:00:00,23.8,94,10.8,8.0,297,7.128052193506943,-3.631923997916374
2013-08-29 04:00:00,23.6,95,16.7,11.0,319,7.2166493188955805,-8.301805382450492
2013-08-29 05:00:00,23.5,98,20.8,13.8,319,9.053614600069,-10.414992207074254
2013-08-29 06:00:00,23.6,97,21.9,14.3,298,12.626150577882656,-6.713443347838239
2013-08-29 07:00:00,23.6,96,21.3,14.5,277,14.391919198799169,-1.7671054793746384
2013-08-29 08:00:00,23.5,94,22.0,14.8,244,13.302151885227673,6.487892972478346
2013-08-29 09:00:00,23.7,94,21.2,16.0,224,11.114533927343956,11.509436805418417
2013-08-29 10:00:00,23.9,95,17.9,18.9,211,9.734219615800022,16.20046198326992
2013-08-29 11:00:00,24.0,94,13.9,21.1,207,9.579199544504439,18.800237660374563
2013-08-29 12:00:00,24.1,93,9.8,21.7,204,8.826185154744865,19.823936430844437
2013-08-29 13:00:00,24.3,91,5.7,20.5,202,7.679435165026195,19.00726901861914
2013-08-29 14:00:00,24.4,91,4.4,16.7,187,2.035218034865963,16.575520732410077
2013-08-29 15:00:00,24.1,90,8.2,12.2,166,-2.951447126315947,11.837607860567156
2013-08-29 16:00:00,24.2,89,6.1,11.4,156,-4.6367977310641235,10.41441821712565
2013-08-29 17:00:00,24.3,88,3.7,13.0,156,-5.287576359985404,11.876090949353811
2013-08-29 18:00:00,24.3,85,1.7000000000000002,12.0,136,-8.335900445507969,8.632077604063813
2013-08-29 19:00:00,24.0,83,0.7000000000000001,8.9,140,-5.7208097262102005,6.817795543758905
2013-08-29 20:00:00,23.3,82,0.0,9.0,151,-4.363286582217033,7.871577364254563
2013-08-29 21:00:00,22.9,83,0.0,10.0,154,-4.383711467890775,8.98794046299167
2013-08-29 22:00:00,22.5,85,0.0,9.5,155,-4.0148734865366436,8.609923976848176
2013-08-29 23:00:00,22.2,87,0.0,10.3,155,-4.352968095929203,9.334970206477497
2013-08-30 00:00:00,22.2,86,0.0,10.0,154,-4.383711467890775,8.98794046299167
2013-08-30 01:00:00,22.3,82,0.0,9.7,153,-4.403707847473602,8.642763284627168
2013-08-30 02:00:00,22.5,76,0.0,10.3,155,-4.352968095929203,9.334970206477497
2013-08-30 03:00:00,22.1,86,2.0,10.6,152,-4.9763985655304435,9.359244484304625
2013-08-30 04:00:00,22.1,88,2.1,10.8,159,-3.8703738550892433,10.08266860616978
2013-08-30 05:00:00,22.4,88,1.4,10.9,172,-1.5169868004647125,10.793921949283117
2013-08-30 06:00:00,22.6,89,0.8,11.9,175,-1.037153338697133,11.854716907291772
2013-08-30 07:00:00,23.2,90,0.5,10.9,171,-1.705135668938516,10.765802912487002
2013-08-30 08:00:00,24.0,90,0.5,11.9,183,0.6227978792910333,11.88369146357943
2013-08-30 09:00:00,24.9,89,0.4,14.0,181,0.24433369012197037,13.997867732189478
2013-08-30 10:00:00,26.1,83,0.2,13.4,188,1.8649195528648772,13.269592121137043
2013-08-30 11:00:00,27.0,77,0.0,17.0,185,1.4816476267101883,16.935309867559674
2013-08-30 12:00:00,27.2,75,1.8,20.3,193,4.566506403180458,19.779712315140277
2013-08-30 13:00:00,26.1,81,1.0,14.9,188,2.0736792043049754,14.7549942242494
2013-08-30 14:00:00,26.0,79,3.0,16.0,194,3.870750329594683,15.524731620415944
2013-08-30 15:00:00,26.0,81,0.6,12.3,175,-1.0720156357961963,12.253194786528471
2013-08-30 16:00:00,25.7,82,1.1,9.3,164,-2.5634274090980913,8.939733772226367
2013-08-30 17:00:00,25.5,86,0.8,5.8,150,-2.8999999999999986,5.022947341949744
2013-08-30 18:00:00,25.0,88,2.2,2.2,99,-2.172914349309303,0.3441558230885082
2013-08-30 19:00:00,24.2,89,4.6,5.4,270,5.4,0.0
2013-08-30 20:00:00,23.9,90,5.3,4.3,204,1.7489675652259409,3.9282454678631837
2013-08-30 21:00:00,24.0,88,4.5,4.8,138,-3.2118269105225195,3.5670951622914924
2013-08-30 22:00:00,23.7,89,2.4,4.5,151,-2.1816432911085166,3.9357886821272814
2013-08-30 23:00:00,23.4,89,1.5,6.2,173,-0.7555899291119137,6.153786140176197
2013-08-31 00:00:00,23.1,91,0.8,6.8,180,4.1637991171010006e-16,6.8
2013-08-31 01:00:00,23.0,91,0.8,8.7,175,-0.7582549619046266,8.666893873398186
2013-08-31 02:00:00,22.9,91,0.5,10.9,174,-1.1393602496174238,10.84028865951418
2013-08-31 03:00:00,22.4,95,1.5,11.1,167,-2.4969567032169016,10.81550771911611
2013-08-31 04:00:00,22.9,93,2.3,10.7,168,-2.2246550917500247,10.46617932785172
2013-08-31 05:00:00,23.4,89,2.2,11.0,169,-2.0988989491419927,10.797899017924303
2013-08-31 06:00:00,23.4,87,2.8,12.0,164,-3.3076482698039884,11.535140351259827
2013-08-31 07:00:00,23.7,86,3.5,11.7,169,-2.232465245905574,11.485038046337667
2013-08-31 08:00:00,24.1,85,4.1,13.0,174,-1.3588700224794963,12.928784639787553
2013-08-31 09:00:00,24.0,88,3.8,15.5,180,9.491012693391988e-16,15.5
2013-08-31 10:00:00,23.6,92,4.7,16.6,179,-0.2897099468589057,16.597471739596095
2013-08-31 11:00:00,23.8,91,4.8,16.6,176,-1.1579574641524806,16.55956323431308
2013-08-31 12:00:00,23.9,90,4.4,14.8,176,-1.032395811413055,14.763947943845398
2013-08-31 13:00:00,23.7,91,5.3,13.3,182,0.4641633061432644,13.291897999353974
2013-08-31 14:00:00,23.7,92,3.8,13.8,187,1.6817969389910354,13.697136892650244
2013-08-31 15:00:00,24.2,86,4.8,16.3,198,5.036977008311644,15.502221215611003
2013-08-31 16:00:00,23.6,90,7.4,12.5,192,2.598896135221993,12.22684500917257
2013-08-31 17:00:00,22.9,95,7.9,11.4,191,2.175222547292612,11.19054989130337
2013-08-31 18:00:00,22.6,96,8.0,3.0,284,2.9108871788279895,-0.7257656867990032
2013-08-31 19:00:00,22.4,97,7.9,2.6,254,2.499280409439629,0.7166571251241979
2013-08-31 20:00:00,22.3,97,6.9,3.6,270,3.6,0.0
2013-08-31 21:00:00,22.4,96,4.1,2.4,243,2.138415658052083,1.0895771993749122
2013-08-31 22:00:00,22.2,95,1.7000000000000002,4.4,215,2.5237363199446032,3.604268994871564
2013-08-31 23:00:00,22.0,95,0.5,7.8,193,1.7546182238821464,7.6000865053248345
2013-09-01 00:00:00,21.9,95,0.2,8.5,192,1.7672493719509554,8.314254606237347
2013-09-01 01:00:00,21.8,94,0.2,8.5,192,1.7672493719509554,8.314254606237347
2013-09-01 02:00:00,21.3,98,0.2,7.8,193,1.7546182238821464,7.6000865053248345
2013-09-01 03:00:00,22.1,90,1.3,5.2,196,1.4333142502483958,4.998560818879258
2013-09-01 04:00:00,21.8,93,1.3,3.2,207,1.45276959916655,2.851220877402777
2013-09-01 05:00:00,21.7,93,1.4,0.5,225,0.3535533905932738,0.35355339059327373
2013-09-01 06:00:00,21.5,94,1.1,4.8,27,-2.179154398749825,-4.276831316104166
2013-09-01 07:00:00,21.7,93,0.7000000000000001,7.0,21,-2.508575646817105,-6.535062985480412
2013-09-01 08:00:00,21.7,93,0.4,7.2,18,-2.2249223594996224,-6.8476069173251055
2013-09-01 09:00:00,22.2,93,0.2,7.1,15,-1.8376152202278964,-6.858073366652385
2013-09-01 10:00:00,22.6,90,0.1,7.2,3,-0.376818884949199,-7.190132650232932
2013-09-01 11:00:00,23.2,86,0.1,8.3,355,0.7233926648055626,-8.268415994161488
2013-09-01 12:00:00,23.4,85,0.0,9.7,356,0.6766377953180147,-9.676371287520293
2013-09-01 13:00:00,23.5,84,0.0,10.8,356,0.7533699164365526,-10.773691742806102
2013-09-01 14:00:00,24.0,81,0.0,10.4,358,0.36295476570601126,-10.393664600998596
2013-09-01 15:00:00,24.9,79,0.0,9.4,358,0.3280552690035102,-9.394273773979501
2013-09-01 16:00:00,24.6,79,0.0,8.3,355,0.7233926648055626,-8.268415994161488
2013-09-01 17:00:00,23.9,83,0.0,7.8,347,1.7546182238821464,-7.6000865053248345
2013-09-01 18:00:00,23.1,86,0.0,6.5,3,-0.340183715579138,-6.49109197590473
2013-09-01 19:00:00,22.3,88,0.0,6.4,38,-3.940233442084212,-5.043268823083022
2013-09-01 20:00:00,21.5,91,0.0,4.1,75,-3.96029588778518,-1.0611580849203353
2013-09-01 21:00:00,21.9,86,0.0,2.7,67,-2.485363104321589,-1.0549740469210387
2013-09-01 22:00:00,21.6,85,0.0,3.1,54,-2.5079526825623377,-1.8221342821066664
2013-09-01 23:00:00,21.0,87,0.0,3.7,61,-3.236092916415765,-1.7937955949114468
2013-09-02 00:00:00,20.8,85,0.0,4.0,63,-3.5640260967534716,-1.8159619989581868
2013-09-02 01:00:00,20.5,85,0.0,4.0,63,-3.5640260967534716,-1.8159619989581868
2013-09-02 02:00:00,20.0,84,0.0,4.5,61,-3.9357886821272814,-2.181643291108516
2013-09-02 03:00:00,18.4,85,0.0,4.5,61,-3.9357886821272814,-2.181643291108516
2013-09-02 04:00:00,17.7,85,0.0,5.0,60,-4.330127018922193,-2.5000000000000004
2013-09-02 05:00:00,17.1,84,0.0,5.8,60,-5.0229473419497435,-2.9000000000000004
2013-09-02 06:00:00,17.0,82,0.0,6.3,59,-5.400153994423308,-3.244739871933341
2013-09-02 07:00:00,19.7,83,0.0,7.1,66,-6.486172749262466,-2.8878301658381815
2013-09-02 08:00:00,24.4,66,0.0,5.6,50,-4.289848881466277,-3.5996106142446194
2013-09-02 09:00:00,26.3,55,0.0,5.7,18,-1.7613968679372012,-5.421022142882375
2013-09-02 10:00:00,27.1,55,0.0,7.0,348,1.4553818357243162,-6.847033205136639
2013-09-02 11:00:00,27.4,57,0.0,8.0,333,3.6319239979163744,-7.128052193506942
2013-09-02 12:00:00,27.3,60,0.0,8.7,322,5.356254835333226,-6.855693556378481
2013-09-02 13:00:00,26.9,63,0.0,8.5,324,4.996174644486022,-6.876644452187053
2013-09-02 14:00:00,26.9,65,0.0,7.1,336,2.8878301658381815,-6.486172749262466
2013-09-02 15:00:00,26.3,69,0.0,6.3,336,2.5624408513775414,-5.755336383148386
2013-09-02 16:00:00,26.2,70,0.0,6.1,332,2.863776532993934,-5.385980316439453
2013-09-02 17:00:00,25.7,73,0.0,6.3,336,2.5624408513775414,-5.755336383148386
2013-09-02 18:00:00,24.7,78,0.0,6.4,344,1.7640790772287946,-6.1520748540052415
2013-09-02 19:00:00,23.2,86,0.0,7.3,9,-1.1419715947936866,-7.210124886344505
2013-09-02 20:00:00,22.2,89,0.0,6.7,36,-3.938161190359571,-5.420413862312147
2013-09-02 21:00:00,21.6,88,0.0,6.1,50,-4.6728711030257655,-3.921004419087889
2013-09-02 22:00:00,21.3,87,0.0,4.2,59,-3.600102662948872,-2.1631599146222276
2013-09-02 23:00:00,20.7,87,0.0,3.1,54,-2.5079526825623377,-1.8221342821066664
2013-09-03 00:00:00,20.2,87,0.0,3.4,58,-2.8833635269318485,-1.8017254983928963
2013-09-03 01:00:00,19.3,88,0.0,2.1,59,-1.800051331474436,-1.0815799573111138
2013-09-03 02:00:00,18.5,89,0.0,3.2,63,-2.8512208774027776,-1.4527695991665495
2013-09-03 03:00:00,17.4,96,0.0,3.8,73,-3.6339580726595346,-1.1110124779463997
2013-09-03 04:00:00,17.0,97,0.0,4.5,76,-4.366330768241984,-1.0886485301985038
2013-09-03 05:00:00,16.9,94,0.0,4.4,81,-4.3458286986186065,-0.6883116461770152
2013-09-03 06:00:00,17.1,91,0.0,3.9,68,-3.616017032810471,-1.460965714322057
2013-09-03 07:00:00,19.4,91,0.0,5.0,69,-4.667902132486009,-1.7918397477265022
2013-09-03 08:00:00,24.3,68,0.0,4.9,17,-1.4326213531414118,-4.685893304218873
2013-09-03 09:00:00,25.5,64,0.0,5.6,345,1.4493866525741161,-5.4091846272187825
2013-09-03 10:00:00,26.3,63,0.0,6.0,335,2.5357095704441965,-5.437846722219899
2013-09-03 11:00:00,26.9,62,0.0,7.7,323,4.633975678270772,-6.149493427364155
2013-09-03 12:00:00,27.2,63,0.0,8.9,328,4.716281451675524,-7.547628055792192
2013-09-03 13:00:00,27.3,63,0.0,10.1,333,4.585304047369423,-8.999165894302514
2013-09-03 14:00:00,27.3,64,0.0,9.6,340,3.2833933759264204,-9.02104915954472
2013-09-03 15:00:00,27.3,66,0.0,10.2,337,3.985457510590592,-9.389149505214892
2013-09-03 16:00:00,26.6,69,0.0,9.6,340,3.2833933759264204,-9.02104915954472
2013-09-03 17:00:00,25.8,73,0.0,8.0,342,2.4721359549995796,-7.608452130361228
2013-09-03 18:00:00,24.6,79,0.0,6.6,338,2.4724035165450187,-6.1194134401407965
2013-09-03 19:00:00,23.1,89,0.0,5.8,4,-0.40458754771592836,-5.78587149150698
2013-09-03 20:00:00,22.7,86,0.0,3.6,45,-2.545584412271572,-2.545584412271571
2013-09-03 21:00:00,21.7,88,0.0,1.1,18,-0.33991869381244233,-1.0461621679246689
2013-09-03 22:00:00,21.2,88,0.0,2.4,153,-1.089577199374912,2.138415658052083
2013-09-03 23:00:00,20.0,92,0.0,4.4,171,-0.6883116461770157,4.3458286986186065
2013-09-04 00:00:00,19.5,93,0.0,4.7,171,-0.7352419856890848,4.6421352007971475
2013-09-04 01:00:00,19.1,94,0.0,4.6,162,-1.4214781741247577,4.374859974957706
2013-09-04 02:00:00,18.6,93,0.0,4.3,156,-1.748967565225941,3.9282454678631837
2013-09-04 03:00:00,21.1,86,0.0,3.3,131,-2.4905416147351476,2.1649947956686737
2013-09-04 04:00:00,22.3,81,0.0,2.1,121,-1.8000513314744357,1.0815799573111142
2013-09-04 05:00:00,22.0,82,0.0,2.3,108,-2.1874299874788528,0.7107390870623792
2013-09-04 06:00:00,22.0,81,0.0,5.6,75,-5.4091846272187825,-1.4493866525741164
2013-09-04 07:00:00,22.5,82,0.0,4.1,52,-3.23084408978756,-2.5242120488351985
2013-09-04 08:00:00,24.2,76,0.0,3.7,11,-0.7059932828932151,-3.632020578756357
2013-09-04 09:00:00,24.7,73,0.0,5.3,332,2.4881992827652213,-4.679622242152313
2013-09-04 10:00:00,25.1,73,0.0,6.9,317,4.70578868443124,-5.046340541172277
2013-09-04 11:00:00,25.5,73,0.1,7.6,315,5.374011537017761,-5.37401153701776
2013-09-04 12:00:00,25.3,74,0.1,8.2,319,5.379684037722159,-6.18861855782673
2013-09-04 13:00:00,25.3,74,0.2,7.4,317,5.046787864462489,-5.412017391981862
2013-09-04 14:00:00,25.4,74,0.3,6.7,324,3.93816119035957,-5.420413862312148
2013-09-04 15:00:00,25.5,77,0.0,6.9,321,4.342310698243879,-5.3623071340531
2013-09-04 16:00:00,25.1,79,0.0,5.4,318,3.6133052743378347,-4.012982057577929
2013-09-04 17:00:00,24.9,80,0.0,4.4,305,3.604268994871564,-2.523736319944603
2013-09-04 18:00:00,24.2,83,0.0,2.8,320,1.7998053071223101,-2.1449244407331385
2013-09-04 19:00:00,23.3,89,0.0,2.4,333,1.0895771993749124,-2.138415658052083
2013-09-04 20:00:00,23.0,89,0.0,1.8,37,-1.083267041673687,-1.437543918085127
2013-09-04 21:00:00,22.7,90,0.0,1.4,90,-1.4,1.7145055188062944e-16
2013-09-04 22:00:00,21.6,93,0.0,4.5,166,-1.088648530198505,4.366330768241984
2013-09-04 23:00:00,21.1,94,0.0,6.5,180,3.9801020972288977e-16,6.5
2013-09-05 00:00:00,21.0,95,0.0,6.2,187,0.7555899291119145,6.153786140176196
2013-09-05 01:00:00,20.7,94,0.0,5.6,195,1.4493866525741161,5.4091846272187825
2013-09-05 02:00:00,20.7,93,0.0,2.5,180,1.5308084989341916e-16,2.5
2013-09-05 03:00:00,22.3,89,0.0,1.3,56,-1.0777488443215544,-0.7269507745119708
2013-09-05 04:00:00,22.0,89,0.0,2.1,59,-1.800051331474436,-1.0815799573111138
2013-09-05 05:00:00,19.5,97,0.0,1.8,79,-1.7669289302057951,-0.3434561916777805
2013-09-05 06:00:00,19.2,97,0.0,2.5,90,-2.5,3.061616997868383e-16
2013-09-05 07:00:00,21.2,96,0.0,4.0,100,-3.939231012048832,0.6945927106677211
2013-09-05 08:00:00,24.2,83,0.0,1.1,198,0.3399186938124422,1.0461621679246689
2013-09-05 09:00:00,25.3,81,0.0,5.0,240,4.330127018922194,2.4999999999999996
2013-09-05 10:00:00,26.2,77,0.0,6.6,248,6.1194134401407965,2.472403516545019
2013-09-05 11:00:00,26.3,75,0.0,6.6,261,6.518743047927909,1.0324674692655236
2013-09-05 12:00:00,26.4,74,0.0,5.2,286,4.998560818879258,-1.4333142502483958
2013-09-05 13:00:00,26.3,74,0.0,4.1,322,2.524212048835199,-3.23084408978756
2013-09-05 14:00:00,25.9,75,0.0,5.4,312,4.012982057577929,-3.6133052743378347
2013-09-05 15:00:00,26.2,74,0.0,6.3,294,5.755336383148386,-2.5624408513775414
2013-09-05 16:00:00,25.9,75,0.0,5.6,297,4.98963653545486,-2.5423467985414616
2013-09-05 17:00:00,25.5,76,0.0,3.3,311,2.4905416147351476,-2.1649947956686737
2013-09-05 18:00:00,24.9,82,0.0,3.6,323,2.1665340833473743,-2.875087836170254
2013-09-05 19:00:00,24.9,75,0.0,3.7,331,1.7937955949114475,-3.2360929164157644
2013-09-05 20:00:00,24.6,77,0.0,4.8,333,2.1791543987498248,-4.276831316104166
2013-09-05 21:00:00,24.2,79,0.0,4.8,347,1.0797650608505516,-4.676976310969129
2013-09-05 22:00:00,23.7,82,0.0,4.0,355,0.34862297099063255,-3.984778792366982
2013-09-05 23:00:00,22.2,88,0.2,2.9,60,-2.5114736709748717,-1.4500000000000002
2013-09-06 00:00:00,21.9,91,0.7000000000000001,3.3,103,-3.215421213791276,0.7423384793347552
2013-09-06 01:00:00,21.8,92,0.8,3.6,143,-2.1665340833473743,2.8750878361702537
2013-09-06 02:00:00,21.9,91,1.2,4.0,170,-0.6945927106677212,3.939231012048832
2013-09-06 03:00:00,22.9,85,1.6,4.3,185,0.37476969381492997,4.283637201794505
2013-09-06 04:00:00,23.2,83,1.8,4.0,185,0.34862297099063255,3.984778792366982
2013-09-06 05:00:00,22.8,85,0.9,3.1,201,1.1109406435904312,2.8940993221413254
2013-09-06 06:00:00,21.9,89,0.3,2.2,189,0.34415582308850806,2.1729143493093033
2013-09-06 07:00:00,22.7,92,0.0,0.8,207,0.3631923997916375,0.7128052193506943
2013-09-06 08:00:00,24.5,83,0.0,2.1,301,1.800051331474436,-1.0815799573111138
2013-09-06 09:00:00,25.5,80,0.0,2.8,310,2.1449244407331385,-1.7998053071223097
2013-09-06 10:00:00,26.2,77,0.0,3.9,292,3.616017032810471,-1.460965714322057
2013-09-06 11:00:00,26.8,75,0.0,5.0,291,4.667902132486009,-1.7918397477265013
2013-09-06 12:00:00,26.9,75,0.0,4.7,293,4.32637281122647,-1.8364363038995868
2013-09-06 13:00:00,27.3,73,0.0,4.8,297,4.276831316104166,-2.1791543987498243
2013-09-06 14:00:00,27.6,71,0.1,5.5,281,5.3989495089621515,-1.0494494745709964
2013-09-06 15:00:00,26.9,77,1.1,5.6,285,5.4091846272187825,-1.4493866525741161
2013-09-06 16:00:00,26.7,77,0.0,5.2,282,5.08636752381579,-1.0811407922523486
2013-09-06 17:00:00,26.4,78,0.0,4.4,305,3.604268994871564,-2.523736319944603
2013-09-06 18:00:00,25.7,85,0.0,4.1,322,2.524212048835199,-3.23084408978756
2013-09-06 19:00:00,25.7,79,0.0,1.5,346,0.3628828433995015,-1.4554435894139948
2013-09-06 20:00:00,25.6,80,0.0,0.8,63,-0.7128052193506944,-0.36319239979163737
2013-09-06 21:00:00,25.3,82,0.1,1.1,90,-1.1,1.3471114790620887e-16
2013-09-06 22:00:00,24.6,85,0.0,2.8,130,-2.144924440733138,1.7998053071223103
2013-09-06 23:00:00,23.3,91,0.0,3.0,194,0.725765686799003,2.9108871788279895
2013-09-07 00:00:00,23.0,92,0.2,4.2,200,1.436484601967809,3.9467090073008153
2013-09-07 01:00:00,22.2,94,0.2,5.1,188,0.7097828148963339,5.050367150582009
2013-09-07 02:00:00,21.8,95,0.1,4.5,166,-1.088648530198505,4.366330768241984
2013-09-07 03:00:00,23.1,88,0.0,3.4,162,-1.050657780874821,3.2335921554035223
2013-09-07 04:00:00,23.3,87,0.0,2.7,157,-1.0549740469210394,2.4853631043215887
2013-09-07 05:00:00,23.2,87,0.0,2.9,150,-1.4499999999999993,2.511473670974872
2013-09-07 06:00:00,23.5,85,0.0,2.2,171,-0.34415582308850784,2.1729143493093033
2013-09-07 07:00:00,23.9,86,0.0,1.5,104,-1.4554435894139948,0.3628828433995016
2013-09-07 08:00:00,25.2,84,0.0,2.1,301,1.800051331474436,-1.0815799573111138
2013-09-07 09:00:00,26.1,81,0.0,4.2,301,3.600102662948872,-2.1631599146222276
2013-09-07 10:00:00,27.0,76,0.0,5.6,297,4.98963653545486,-2.5423467985414616
2013-09-07 11:00:00,27.4,75,0.0,6.9,298,6.092338390726597,-3.2393537832226467
2013-09-07 12:00:00,28.0,73,0.0,7.4,299,6.472185832831529,-3.5875911898228945
2013-09-07 13:00:00,27.4,74,0.0,8.0,306,6.47213595499958,-4.702282018339785
2013-09-07 14:00:00,27.7,74,0.3,7.1,319,4.658019105832602,-5.358438019581681
2013-09-07 15:00:00,27.3,76,1.1,6.8,302,5.766727053863696,-3.603450996785793
2013-09-07 16:00:00,27.0,78,0.0,4.7,293,4.32637281122647,-1.8364363038995868
2013-09-07 17:00:00,26.5,81,0.5,3.6,270,3.6,0.0
2013-09-07 18:00:00,25.9,87,1.0,3.2,243,2.8512208774027776,1.4527695991665497
2013-09-07 19:00:00,25.0,90,0.6,3.1,216,1.8221342821066668,2.5079526825623373
2013-09-07 20:00:00,24.2,91,0.5,4.6,141,-2.894873798829251,3.5748714227020666
2013-09-07 21:00:00,23.6,93,0.8,5.9,128,-4.64926344627966,3.6324027044213847
2013-09-07 22:00:00,23.1,93,0.8,5.9,128,-4.64926344627966,3.6324027044213847
2013-09-07 23:00:00,23.1,93,1.2,6.5,124,-5.38874422160777,3.634753872559855
2013-09-08 00:00:00,23.1,92,1.6,5.2,115,-4.7128004925905795,2.1976149610516376
2013-09-08 01:00:00,23.3,92,1.4,4.2,110,-3.9467090073008153,1.4364846019678092
2013-09-08 02:00:00,23.3,91,0.7000000000000001,4.5,119,-3.935788682127281,2.181643291108517
2013-09-08 03:00:00,24.5,75,0.0,4.1,128,-3.2308440897875594,2.5242120488351993
2013-09-08 04:00:00,24.3,75,0.0,2.9,120,-2.511473670974872,1.4499999999999997
2013-09-08 05:00:00,24.2,76,0.0,1.8,101,-1.7669289302057951,0.34345619167778096
2013-09-08 06:00:00,24.0,77,0.0,1.8,127,-1.4375439180851273,1.0832670416736867
2013-09-08 07:00:00,23.8,82,0.0,1.9,112,-1.7616493236768958,0.7117525274902332
2013-09-08 08:00:00,25.2,76,0.0,2.1,301,1.800051331474436,-1.0815799573111138
2013-09-08 09:00:00,25.8,77,0.0,4.1,308,3.2308440897875594,-2.524212048835199
2013-09-08 10:00:00,26.8,77,0.0,5.1,315,3.6062445840513924,-3.606244584051392
2013-09-08 11:00:00,27.7,74,0.0,7.1,311,5.358438019581681,-4.658019105832602
2013-09-08 12:00:00,28.1,74,0.2,7.7,307,6.149493427364155,-4.6339756782707715
2013-09-08 13:00:00,28.0,75,0.4,7.2,307,5.750175672340508,-4.333068166694748
2013-09-08 14:00:00,27.7,77,1.0,4.2,290,3.9467090073008158,-1.4364846019678086
2013-09-08 15:00:00,27.6,77,0.0,3.8,287,3.6339580726595346,-1.1110124779463997
2013-09-08 16:00:00,27.2,79,0.0,4.6,288,4.3748599749577055,-1.421478174124758
2013-09-08 17:00:00,27.0,79,0.1,2.9,300,2.511473670974872,-1.4499999999999997
2013-09-08 18:00:00,26.2,84,0.0,2.9,300,2.511473670974872,-1.4499999999999997
2013-09-08 19:00:00,24.9,92,0.0,1.5,284,1.4554435894139948,-0.3628828433995016
2013-09-08 20:00:00,24.3,92,0.0,1.4,180,8.572527594031472e-17,1.4
2013-09-08 21:00:00,24.1,91,0.0,2.2,171,-0.34415582308850784,2.1729143493093033
2013-09-08 22:00:00,23.9,91,0.0,4.2,160,-1.4364846019678086,3.9467090073008158
2013-09-08 23:00:00,24.3,89,0.0,5.0,150,-2.499999999999999,4.330127018922194
2013-09-09 00:00:00,23.6,90,0.0,4.8,153,-2.179154398749824,4.276831316104166
2013-09-09 01:00:00,22.9,93,0.0,5.8,158,-2.17271824181229,5.377666356487367
2013-09-09 02:00:00,21.8,96,0.1,6.2,159,-2.2218812871808615,5.788198644282651
2013-09-09 03:00:00,22.5,91,0.2,4.8,153,-2.179154398749824,4.276831316104166
2013-09-09 04:00:00,22.5,90,0.2,4.6,135,-3.252691193458118,3.2526911934581184
2013-09-09 05:00:00,22.0,91,0.2,5.4,127,-4.312631754255382,3.2498011250210603
2013-09-09 06:00:00,22.3,89,0.2,5.8,120,-5.022947341949744,2.8999999999999995
2013-09-09 07:00:00,24.0,85,0.0,3.6,96,-3.580278823325784,0.37630246776355347
2013-09-09 08:00:00,25.3,85,0.0,1.3,34,-0.7269507745119705,-1.0777488443215544
2013-09-09 09:00:00,26.4,83,0.0,3.1,324,1.8221342821066668,-2.5079526825623373
2013-09-09 10:00:00,27.5,78,0.0,6.3,329,3.244739871933341,-5.400153994423308
2013-09-09 11:00:00,28.3,75,0.0,7.3,327,3.9758649556096977,-6.122295146001595
2013-09-09 12:00:00,28.6,73,0.0,7.9,313,5.777694242791447,-5.387787044493738
2013-09-09 13:00:00,28.9,72,0.3,7.2,307,5.750175672340508,-4.333068166694748
2013-09-09 14:00:00,27.0,79,0.6,6.4,297,5.702441754805555,-2.9055391983330994
2013-09-09 15:00:00,27.2,80,1.2,5.8,270,5.8,0.0
2013-09-09 16:00:00,26.9,80,0.9,4.8,257,4.676976310969129,1.079765060850552
2013-09-09 17:00:00,26.7,79,2.3,0.8,243,0.7128052193506944,0.3631923997916374
2013-09-09 18:00:00,25.8,81,1.0,3.8,139,-2.493024310163927,2.867896404846534
2013-09-09 19:00:00,26.4,75,0.0,4.2,110,-3.9467090073008153,1.4364846019678092
2013-09-09 20:00:00,25.0,82,0.0,4.8,167,-1.079765060850552,4.676976310969129
2013-09-09 21:00:00,23.2,89,0.3,6.5,174,-0.6794350112397481,6.4643923198937765
2013-09-09 22:00:00,22.5,90,0.6,7.5,145,-4.301823272632846,6.143640332167438
2013-09-09 23:00:00,22.0,90,1.1,7.1,131,-5.358438019581681,4.658019105832602
2013-09-10 00:00:00,21.9,90,1.5,5.3,118,-4.679622242152313,2.4881992827652204
2013-09-10 01:00:00,22.8,84,0.5,4.5,104,-4.366330768241984,1.0886485301985047
2013-09-10 02:00:00,22.9,83,0.3,3.8,107,-3.633958072659535,1.111012477946399
2013-09-10 03:00:00,22.6,81,0.0,3.1,111,-2.8940993221413254,1.1109406435904308
2013-09-10 04:00:00,22.8,79,0.3,2.4,117,-2.138415658052083,1.0895771993749124
2013-09-10 05:00:00,22.2,81,0.8,3.8,131,-2.8678964048465336,2.4930243101639276
2013-09-10 06:00:00,21.8,82,1.1,6.1,130,-4.672871103025765,3.9210044190878905
2013-09-10 07:00:00,23.4,80,0.6,2.5,98,-2.475670171853926,0.3479327524001633
2013-09-10 08:00:00,25.3,73,0.0,1.8,281,1.7669289302057951,-0.34345619167778063
2013-09-10 09:00:00,26.5,73,0.0,4.9,253,4.685893304218874,1.4326213531414103
2013-09-10 10:00:00,27.0,74,0.0,5.9,256,5.7247447850283795,1.4273391840380396
2013-09-10 11:00:00,27.7,73,0.0,6.5,264,6.4643923198937765,0.6794350112397476
2013-09-10 12:00:00,27.6,74,0.2,5.9,259,5.791600382341218,1.1257730727216144
2013-09-10 13:00:00,27.9,74,0.2,4.0,260,3.939231012048832,0.6945927106677213
2013-09-10 14:00:00,28.1,74,0.2,2.0,315,1.4142135623730951,-1.414213562373095
2013-09-10 15:00:00,27.1,76,0.3,1.8,307,1.437543918085127,-1.083267041673687
2013-09-10 16:00:00,27.0,77,0.6,2.3,321,1.447436899414626,-1.7874357113510329
2013-09-10 17:00:00,26.9,77,0.0,3.7,119,-3.2360929164157644,1.7937955949114477
2013-09-10 18:00:00,26.3,84,0.0,4.1,315,2.899137802864845,-2.8991378028648445
2013-09-10 19:00:00,26.2,79,0.0,3.4,328,1.8017254983928965,-2.883363526931848
2013-09-10 20:00:00,25.8,81,0.0,1.3,34,-0.7269507745119705,-1.0777488443215544
2013-09-10 21:00:00,25.4,83,0.0,2.7,157,-1.0549740469210394,2.4853631043215887
2013-09-10 22:00:00,23.0,90,0.0,4.6,162,-1.4214781741247577,4.374859974957706
2013-09-10 23:00:00,22.1,93,0.4,5.1,141,-3.20953399435417,3.963444403430552
2013-09-11 00:00:00,22.7,91,0.1,5.4,132,-4.012982057577928,3.613305274337835
2013-09-11 01:00:00,22.1,92,0.0,4.6,141,-2.894873798829251,3.5748714227020666
2013-09-11 02:00:00,21.3,94,0.0,5.1,141,-3.20953399435417,3.963444403430552
2013-09-11 03:00:00,21.5,91,0.4,6.2,144,-3.644268564213333,5.0159053651246746
2013-09-11 04:00:00,22.3,87,0.0,4.8,132,-3.567095162291491,3.21182691052252
2013-09-11 05:00:00,22.8,84,0.0,4.1,135,-2.8991378028648445,2.899137802864845
2013-09-11 06:00:00,22.3,86,0.2,4.1,128,-3.2308440897875594,2.5242120488351993
2013-09-11 07:00:00,23.6,86,0.6,2.6,124,-2.1554976886431083,1.453901549023942
2013-09-11 08:00:00,25.3,83,0.0,0.8,297,0.7128052193506944,-0.3631923997916374
2013-09-11 09:00:00,25.9,83,0.3,2.6,326,1.4539015490239418,-2.1554976886431088
2013-09-11 10:00:00,26.6,80,0.6,4.3,312,3.195522749552795,-2.8772616073430903
2013-09-11 11:00:00,26.9,79,1.6,4.7,302,3.9858260519352022,-2.490620541896063
2013-09-11 12:00:00,27.2,81,1.7000000000000002,3.4,288,3.233592155403522,-1.0506577808748212
2013-09-11 13:00:00,27.1,81,1.4,4.3,312,3.195522749552795,-2.8772616073430903
2013-09-11 14:00:00,26.9,81,1.2,4.8,312,3.5670951622914924,-3.2118269105225195
2013-09-11 15:00:00,27.1,78,4.3,4.4,325,2.5237363199446032,-3.604268994871564
2013-09-11 16:00:00,26.9,79,0.5,1.4,270,1.4,0.0
2013-09-11 17:00:00,26.7,81,0.7000000000000001,2.9,173,-0.35342109587492737,2.878383839759834
2013-09-11 18:00:00,25.8,90,1.1,3.8,139,-2.493024310163927,2.867896404846534
2013-09-11 19:00:00,25.7,85,0.7000000000000001,1.5,166,-0.36288284339950166,1.4554435894139948
2013-09-11 20:00:00,24.7,89,0.5,3.4,212,1.8017254983928965,2.883363526931848
2013-09-11 21:00:00,23.4,94,2.1,4.0,170,-0.6945927106677212,3.939231012048832
2013-09-11 22:00:00,23.4,94,4.2,6.0,155,-2.535709570444196,5.4378467222199
2013-09-11 23:00:00,23.2,94,2.3,4.8,132,-3.567095162291491,3.21182691052252
2013-09-12 00:00:00,23.9,88,0.0,4.2,110,-3.9467090073008153,1.4364846019678092
2013-09-12 01:00:00,24.3,85,0.0,4.7,122,-3.9858260519352022,2.490620541896063
2013-09-12 02:00:00,23.1,90,0.0,4.9,144,-2.880147736233118,3.9641832724372428
2013-09-12 03:00:00,22.7,88,0.0,5.2,155,-2.1976149610516367,4.71280049259058
2013-09-12 04:00:00,22.4,88,0.0,4.7,148,-2.4906205418960625,3.9858260519352027
2013-09-12 05:00:00,22.4,87,0.0,3.3,139,-2.1649947956686737,2.490541614735148
2013-09-12 06:00:00,21.9,88,0.0,3.1,135,-2.192031021678297,2.1920310216782974
2013-09-12 07:00:00,22.8,92,0.0,6.0,163,-1.75423022833642,5.737828535778213
2013-09-12 08:00:00,25.7,83,0.0,5.3,208,2.4881992827652213,4.679622242152313
2013-09-12 09:00:00,26.6,83,0.0,5.2,245,4.7128004925905795,2.197614961051637
2013-09-12 10:00:00,27.2,80,0.0,6.5,273,6.49109197590473,-0.3401837155791349
2013-09-12 11:00:00,27.9,77,0.0,6.8,273,6.790680836331102,-0.3558845024520181
2013-09-12 12:00:00,27.6,77,0.5,6.5,270,6.5,0.0
2013-09-12 13:00:00,27.4,77,2.0,7.2,276,7.160557646651568,-0.7526049355271051
2013-09-12 14:00:00,26.9,78,3.4,7.2,264,7.160557646651568,0.7526049355271051
2013-09-12 15:00:00,26.4,81,3.6,2.5,278,2.475670171853926,-0.3479327524001636
2013-09-12 16:00:00,26.2,84,2.9,4.2,211,2.1631599146222276,3.600102662948872
2013-09-12 17:00:00,25.9,86,3.4,2.5,180,1.5308084989341916e-16,2.5
2013-09-12 18:00:00,25.0,92,2.5,2.4,207,1.0895771993749124,2.138415658052083
2013-09-12 19:00:00,24.1,94,5.4,2.5,90,-2.5,3.061616997868383e-16
2013-09-12 20:00:00,23.5,95,4.9,1.1,162,-0.3399186938124421,1.046162167924669
2013-09-12 21:00:00,23.9,92,6.5,1.1,108,-1.0461621679246689,0.3399186938124423
2013-09-12 22:00:00,23.1,95,6.6,1.4,90,-1.4,1.7145055188062944e-16
2013-09-12 23:00:00,22.9,95,7.4,3.1,69,-2.8940993221413254,-1.1109406435904314
2013-09-13 00:00:00,22.5,94,6.7,5.5,101,-5.3989495089621515,1.0494494745709972
2013-09-13 01:00:00,22.1,94,3.7,6.0,107,-5.737828535778213,1.7542302283364197
2013-09-13 02:00:00,21.8,95,2.5,4.7,94,-4.688551036221174,0.32785542659739
2013-09-13 03:00:00,22.1,94,3.0,5.1,82,-5.050367150582008,-0.7097828148963341
2013-09-13 04:00:00,21.9,94,1.9,4.0,90,-4.0,4.898587196589413e-16
2013-09-13 05:00:00,22.5,90,1.7000000000000002,2.9,83,-2.878383839759834,-0.3534210958749272
2013-09-13 06:00:00,23.5,85,2.3,3.3,77,-3.2154212137912763,-0.7423384793347544
2013-09-13 07:00:00,22.8,93,1.7000000000000002,4.0,100,-3.939231012048832,0.6945927106677211
2013-09-13 08:00:00,24.8,85,1.0,0.7000000000000001,90,-0.7000000000000001,8.572527594031473e-17
2013-09-13 09:00:00,26.0,83,0.8,2.7,293,2.485363104321589,-1.0549740469210394
2013-09-13 10:00:00,26.9,79,0.6,5.1,274,5.087576656325103,-0.35575801609503904
2013-09-13 11:00:00,26.7,79,1.4,6.6,261,6.518743047927909,1.0324674692655236
2013-09-13 12:00:00,26.4,81,4.0,6.8,245,6.162892951849219,2.873804179836756
2013-09-13 13:00:00,26.3,81,0.7000000000000001,2.2,261,2.1729143493093033,0.34415582308850795
2013-09-13 14:00:00,26.5,80,0.4,3.1,249,2.8940993221413254,1.1109406435904308
2013-09-13 15:00:00,26.2,81,4.7,2.6,236,2.1554976886431083,1.453901549023942
2013-09-13 16:00:00,26.3,81,1.8,1.3,236,1.0777488443215542,0.726950774511971
2013-09-13 17:00:00,26.2,82,0.1,3.0,256,2.9108871788279895,0.7257656867990032
2013-09-13 18:00:00,25.1,90,3.4,3.9,326,2.1808523235359125,-3.233246532964663
2013-09-13 19:00:00,25.3,83,3.6,0.8,153,-0.36319239979163737,0.7128052193506944
2013-09-13 20:00:00,23.7,92,3.8,2.5,180,1.5308084989341916e-16,2.5
2013-09-13 21:00:00,23.4,91,5.3,4.5,194,1.0886485301985045,4.366330768241984
2013-09-13 22:00:00,23.0,94,5.1,5.4,184,0.3766849582182763,5.386845871403051
2013-09-13 23:00:00,22.8,96,9.2,5.6,165,-1.4493866525741166,5.4091846272187825
2013-09-14 00:00:00,22.7,97,11.8,4.7,148,-2.4906205418960625,3.9858260519352027
2013-09-14 01:00:00,22.5,96,13.1,4.8,132,-3.567095162291491,3.21182691052252
2013-09-14 02:00:00,22.2,97,10.7,4.5,119,-3.935788682127281,2.181643291108517
2013-09-14 03:00:00,22.4,91,0.5,3.1,111,-2.8940993221413254,1.1109406435904308
2013-09-14 04:00:00,23.0,86,0.2,3.0,104,-2.9108871788279895,0.7257656867990032
2013-09-14 05:00:00,24.0,80,0.1,2.6,106,-2.499280409439629,0.716657125124198
2013-09-14 06:00:00,23.1,83,0.0,2.7,113,-2.485363104321589,1.0549740469210394
2013-09-14 07:00:00,23.1,92,0.0,1.5,135,-1.0606601717798212,1.0606601717798214
2013-09-14 08:00:00,25.4,80,0.0,2.8,230,2.1449244407331385,1.7998053071223097
2013-09-14 09:00:00,26.4,79,0.0,4.7,261,4.6421352007971475,0.7352419856890852
2013-09-14 10:00:00,27.1,78,0.1,5.9,284,5.7247447850283795,-1.4273391840380396
2013-09-14 11:00:00,27.6,76,1.3,4.9,287,4.685893304218874,-1.4326213531414103
2013-09-14 12:00:00,27.5,76,1.8,4.8,283,4.676976310969129,-1.079765060850552
2013-09-14 13:00:00,27.4,76,1.4,7.2,297,6.415246974156249,-3.2687315981247367
2013-09-14 14:00:00,27.3,76,1.2,5.3,332,2.4881992827652213,-4.679622242152313
2013-09-14 15:00:00,27.0,81,2.5,2.8,320,1.7998053071223101,-2.1449244407331385
2013-09-14 16:00:00,27.4,78,0.0,1.8,281,1.7669289302057951,-0.34345619167778063
2013-09-14 17:00:00,27.2,80,0.0,2.9,240,2.511473670974872,1.4499999999999997
2013-09-14 18:00:00,26.1,89,0.0,3.8,221,2.4930243101639276,2.8678964048465336
2013-09-14 19:00:00,25.8,85,0.0,3.2,207,1.45276959916655,2.851220877402777
2013-09-14 20:00:00,24.3,92,0.2,4.6,219,2.894873798829252,3.5748714227020657
2013-09-14 21:00:00,23.3,95,0.4,4.1,218,2.524212048835199,3.23084408978756
2013-09-14 22:00:00,23.0,96,0.3,3.7,151,-1.793795594911447,3.236092916415765
2013-09-14 23:00:00,22.7,96,0.0,5.4,180,3.3065463576978537e-16,5.4
2013-09-15 00:00:00,22.5,95,0.0,5.8,176,-0.4045875477159269,5.78587149150698
2013-09-15 01:00:00,22.6,93,0.0,5.4,176,-0.3766849582182768,5.386845871403051
2013-09-15 02:00:00,22.2,93,0.0,3.4,162,-1.050657780874821,3.2335921554035223
2013-09-15 03:00:00,22.1,93,0.0,2.7,113,-2.485363104321589,1.0549740469210394
2013-09-15 04:00:00,21.8,94,0.0,3.4,108,-3.233592155403522,1.0506577808748214
2013-09-15 05:00:00,21.4,92,0.0,3.1,111,-2.8940993221413254,1.1109406435904308
2013-09-15 06:00:00,21.0,92,0.0,3.1,144,-1.8221342821066664,2.5079526825623373
2013-09-15 07:00:00,22.8,94,0.0,2.5,135,-1.7677669529663687,1.7677669529663689
2013-09-15 08:00:00,25.3,81,0.0,0.8,243,0.7128052193506944,0.3631923997916374
2013-09-15 09:00:00,26.1,82,0.0,2.6,304,2.1554976886431083,-1.453901549023942
2013-09-15 10:00:00,26.5,84,1.4,4.8,312,3.5670951622914924,-3.2118269105225195
2013-09-15 11:00:00,27.0,86,0.6,4.1,315,2.899137802864845,-2.8991378028648445
2013-09-15 12:00:00,27.6,86,1.4,5.4,312,4.012982057577929,-3.6133052743378347
2013-09-15 13:00:00,26.9,90,3.9,4.7,328,2.490620541896063,-3.9858260519352022
2013-09-15 14:00:00,26.5,92,5.8,5.5,337,2.1490212066910055,-5.062776693988422
2013-09-15 15:00:00,26.5,84,1.9,5.8,360,3.5514757175273243e-16,-5.8
2013-09-15 16:00:00,26.9,81,0.2,2.4,27,-1.0895771993749126,-2.138415658052083
2013-09-15 17:00:00,26.7,83,0.2,2.1,301,1.800051331474436,-1.0815799573111138
2013-09-15 18:00:00,25.9,89,0.5,1.3,34,-0.7269507745119705,-1.0777488443215544
2013-09-15 19:00:00,24.7,93,0.0,3.5,156,-1.423578250765301,3.197409101749103
2013-09-15 20:00:00,23.9,94,0.0,5.6,195,1.4493866525741161,5.4091846272187825
2013-09-15 21:00:00,23.4,95,0.0,5.8,180,3.5514757175273243e-16,5.8
2013-09-15 22:00:00,23.0,94,0.3,7.3,171,-1.1419715947936848,7.210124886344506
2013-09-15 23:00:00,22.7,94,0.7000000000000001,7.3,171,-1.1419715947936848,7.210124886344506
2013-09-16 00:00:00,22.4,94,0.9,6.0,163,-1.75423022833642,5.737828535778213
2013-09-16 01:00:00,22.2,94,0.7000000000000001,5.2,146,-2.907803098047883,4.3109953772862175
2013-09-16 02:00:00,22.2,92,0.0,4.3,132,-3.195522749552794,2.8772616073430908
2013-09-16 03:00:00,23.3,84,0.0,3.6,127,-2.8750878361702545,2.1665340833473734
2013-09-16 04:00:00,22.4,88,0.0,3.4,122,-2.883363526931848,1.8017254983928965
2013-09-16 05:00:00,22.3,87,0.0,4.2,121,-3.6001026629488715,2.1631599146222285
2013-09-16 06:00:00,23.1,82,0.0,3.0,104,-2.9108871788279895,0.7257656867990032
2013-09-16 07:00:00,23.8,82,0.0,2.2,81,-2.1729143493093033,-0.3441558230885076
2013-09-16 08:00:00,25.2,82,0.0,3.6,360,2.2043642384652358e-16,-3.6
2013-09-16 09:00:00,26.3,82,0.0,4.5,346,1.0886485301985045,-4.366330768241984
2013-09-16 10:00:00,26.8,80,1.2,5.4,323,3.2498011250210617,-4.312631754255381
2013-09-16 11:00:00,27.6,79,0.7000000000000001,5.9,317,4.023790324368742,-4.314986839553106
2013-09-16 12:00:00,27.5,77,1.4,6.4,308,5.043268823083021,-3.9402334420842133
2013-09-16 13:00:00,27.1,80,2.5,5.9,308,4.64926344627966,-3.6324027044213842
2013-09-16 14:00:00,27.2,80,3.7,3.9,326,2.1808523235359125,-3.233246532964663
2013-09-16 15:00:00,27.6,77,3.2,4.2,329,2.1631599146222276,-3.600102662948872
2013-09-16 16:00:00,27.1,79,0.9,1.3,236,1.0777488443215542,0.726950774511971
2013-09-16 17:00:00,27.0,80,0.0,3.9,202,1.4609657143220567,3.616017032810471
2013-09-16 18:00:00,26.1,83,0.0,6.2,190,1.0766187015349686,6.10580806867569
2013-09-16 19:00:00,25.0,89,0.0,7.3,171,-1.1419715947936848,7.210124886344506
2013-09-16 20:00:00,24.0,94,0.0,6.8,177,-0.35588450245201814,6.790680836331102
2013-09-16 21:00:00,23.6,93,0.0,4.7,171,-0.7352419856890848,4.6421352007971475
2013-09-16 22:00:00,23.8,92,0.0,3.4,162,-1.050657780874821,3.2335921554035223
2013-09-16 23:00:00,23.5,92,0.0,3.9,146,-2.180852323535912,3.233246532964663
2013-09-17 00:00:00,23.1,92,0.0,4.3,138,-2.8772616073430903,3.195522749552795
2013-09-17 01:00:00,22.4,93,0.0,3.8,131,-2.8678964048465336,2.4930243101639276
2013-09-17 02:00:00,22.1,93,0.0,3.2,117,-2.851220877402777,1.4527695991665501
2013-09-17 03:00:00,20.8,89,0.1,2.7,113,-2.485363104321589,1.0549740469210394
2013-09-17 04:00:00,20.9,91,0.2,3.8,131,-2.8678964048465336,2.4930243101639276
2013-09-17 05:00:00,20.6,92,0.2,4.1,128,-3.2308440897875594,2.5242120488351993
2013-09-17 06:00:00,21.1,90,0.0,4.1,128,-3.2308440897875594,2.5242120488351993
2013-09-17 07:00:00,22.7,90,0.0,5.3,118,-4.679622242152313,2.4881992827652204
2013-09-17 08:00:00,24.8,82,0.0,3.3,139,-2.1649947956686737,2.490541614735148
2013-09-17 09:00:00,25.5,86,0.1,2.3,231,1.7874357113510329,1.4474368994146258
2013-09-17 10:00:00,26.5,84,0.6,3.3,257,3.2154212137912763,0.7423384793347545
2013-09-17 11:00:00,26.9,84,0.9,5.2,282,5.08636752381579,-1.0811407922523486
2013-09-17 12:00:00,27.3,79,1.0,6.0,287,5.737828535778212,-1.7542302283364206
2013-09-17 13:00:00,26.7,80,1.9,5.3,298,4.679622242152313,-2.4881992827652213
2013-09-17 14:00:00,26.7,79,1.3,4.3,294,3.9282454678631837,-1.7489675652259409
2013-09-17 15:00:00,26.8,78,0.9,4.3,275,4.283637201794505,-0.3747696938149301
2013-09-17 16:00:00,26.2,81,0.9,4.0,243,3.5640260967534716,1.815961998958187
2013-09-17 17:00:00,25.8,83,0.8,4.6,219,2.894873798829252,3.5748714227020657
2013-09-17 18:00:00,24.6,89,0.7000000000000001,3.5,204,1.4235782507653008,3.197409101749103
2013-09-17 19:00:00,24.1,92,1.0,5.5,169,-1.0494494745709964,5.3989495089621515
2013-09-17 20:00:00,23.6,93,1.0,7.2,174,-0.7526049355271056,7.160557646651568
2013-09-17 21:00:00,23.3,94,1.1,6.9,189,1.0793978087775935,6.815049550106451
2013-09-17 22:00:00,23.1,94,1.1,7.3,191,1.3929056662487778,7.165878439167947
2013-09-17 23:00:00,22.3,95,0.9,5.9,194,1.4273391840380394,5.7247447850283795
2013-09-18 00:00:00,22.2,93,0.3,5.2,196,1.4333142502483958,4.998560818879258
2013-09-18 01:00:00,23.3,89,0.0,4.4,171,-0.6883116461770157,4.3458286986186065
2013-09-18 02:00:00,23.3,88,0.0,2.7,157,-1.0549740469210394,2.4853631043215887
2013-09-18 03:00:00,22.9,91,0.2,2.7,157,-1.0549740469210394,2.4853631043215887
2013-09-18 04:00:00,22.7,91,0.0,3.4,148,-1.8017254983928963,2.8833635269318485
2013-09-18 05:00:00,23.1,89,0.0,2.9,120,-2.511473670974872,1.4499999999999997
2013-09-18 06:00:00,22.9,90,0.0,4.5,76,-4.366330768241984,-1.0886485301985038
2013-09-18 07:00:00,22.7,92,0.0,3.4,72,-3.2335921554035223,-1.0506577808748208
2013-09-18 08:00:00,24.3,89,0.0,2.5,360,1.5308084989341916e-16,-2.5
2013-09-18 09:00:00,25.4,83,0.0,3.7,331,1.7937955949114475,-3.2360929164157644
2013-09-18 10:00:00,26.3,80,0.1,4.8,318,3.2118269105225195,-3.5670951622914924
2013-09-18 11:00:00,27.3,76,0.0,5.9,322,3.6324027044213842,-4.64926344627966
2013-09-18 12:00:00,27.8,75,0.0,7.1,319,4.658019105832602,-5.358438019581681
2013-09-18 13:00:00,27.8,76,0.0,6.9,309,5.3623071340531,-4.342310698243878
2013-09-18 14:00:00,27.6,77,1.0,8.3,304,6.881011852206846,-4.6413010988072
2013-09-18 15:00:00,27.9,77,0.5,8.3,304,6.881011852206846,-4.6413010988072
2013-09-18 16:00:00,27.5,78,1.0,7.4,321,4.656970893768798,-5.750880114781585
2013-09-18 17:00:00,27.0,79,1.2,2.6,286,2.499280409439629,-0.7166571251241979
2013-09-18 18:00:00,26.1,84,5.9,4.0,190,0.6945927106677217,3.939231012048832
2013-09-18 19:00:00,25.2,89,8.9,7.0,159,-2.5085756468171017,6.535062985480412
2013-09-18 20:00:00,24.7,90,1.9,7.6,155,-3.211898789229315,6.88793918147854
2013-09-18 21:00:00,23.9,92,0.0,6.1,135,-4.313351365237939,4.31335136523794
2013-09-18 22:00:00,24.3,86,0.0,5.9,137,-4.023790324368741,4.314986839553106
2013-09-18 23:00:00,23.6,87,0.0,5.9,137,-4.023790324368741,4.314986839553106
2013-09-19 00:00:00,22.4,91,0.0,6.7,144,-3.9381611903595695,5.420413862312148
2013-09-19 01:00:00,22.7,88,0.0,5.9,137,-4.023790324368741,4.314986839553106
2013-09-19 02:00:00,23.6,84,0.0,4.4,125,-3.6042689948715645,2.5237363199446023
2013-09-19 03:00:00,25.3,71,0.0,3.7,119,-3.2360929164157644,1.7937955949114477
2013-09-19 04:00:00,24.8,74,0.0,2.5,98,-2.475670171853926,0.3479327524001633
2013-09-19 05:00:00,23.6,80,0.0,1.9,112,-1.7616493236768958,0.7117525274902332
2013-09-19 06:00:00,23.2,81,0.0,5.0,90,-5.0,6.123233995736766e-16
2013-09-19 07:00:00,23.4,87,0.0,4.3,90,-4.3,5.265981236333618e-16
2013-09-19 08:00:00,25.8,80,0.0,2.5,360,1.5308084989341916e-16,-2.5
2013-09-19 09:00:00,26.7,78,0.0,4.3,318,2.8772616073430903,-3.195522749552795
2013-09-19 10:00:00,27.6,75,0.0,5.5,302,4.664264528860342,-2.914555953282627
2013-09-19 11:00:00,28.1,75,0.0,6.4,297,5.702441754805555,-2.9055391983330994
2013-09-19 12:00:00,28.3,75,0.1,7.1,285,6.858073366652385,-1.8376152202278973
2013-09-19 13:00:00,28.6,74,0.2,6.2,280,6.10580806867569,-1.0766187015349682
2013-09-19 14:00:00,28.5,74,0.1,6.1,267,6.0916401620029,0.31924933308195735
2013-09-19 15:00:00,29.0,75,0.3,5.5,247,5.062776693988422,2.149021206691006
2013-09-19 16:00:00,28.0,80,3.2,6.0,213,3.2678342100901627,5.032023407672544
2013-09-19 17:00:00,27.1,83,2.5,3.4,198,1.0506577808748212,3.233592155403522
2013-09-19 18:00:00,26.3,86,0.1,2.1,211,1.0815799573111138,1.800051331474436
2013-09-19 19:00:00,25.2,91,0.0,4.8,167,-1.079765060850552,4.676976310969129
2013-09-19 20:00:00,24.2,92,0.0,7.2,162,-2.224922359499621,6.847606917325106
2013-09-19 21:00:00,23.8,94,0.0,7.0,159,-2.5085756468171017,6.535062985480412
2013-09-19 22:00:00,23.6,95,0.0,3.1,144,-1.8221342821066664,2.5079526825623373
2013-09-19 23:00:00,23.3,96,0.2,3.1,144,-1.8221342821066664,2.5079526825623373
2013-09-20 00:00:00,23.1,96,0.1,4.7,148,-2.4906205418960625,3.9858260519352027
2013-09-20 01:00:00,23.6,94,0.0,4.6,129,-3.5748714227020657,2.8948737988292517
2013-09-20 02:00:00,23.7,94,0.0,4.3,132,-3.195522749552794,2.8772616073430908
2013-09-20 03:00:00,22.3,90,0.0,4.3,132,-3.195522749552794,2.8772616073430908
2013-09-20 04:00:00,22.1,91,0.0,3.1,126,-2.507952682562337,1.822134282106667
2013-09-20 05:00:00,21.7,91,0.0,2.3,108,-2.1874299874788528,0.7107390870623792
2013-09-20 06:00:00,21.5,91,0.0,2.6,124,-2.1554976886431083,1.453901549023942
2013-09-20 07:00:00,23.0,92,0.0,2.1,121,-1.8000513314744357,1.0815799573111142
2013-09-20 08:00:00,25.6,85,0.0,2.2,351,0.34415582308850806,-2.1729143493093033
2013-09-20 09:00:00,26.6,82,0.0,4.4,351,0.6883116461770161,-4.3458286986186065
2013-09-20 10:00:00,27.7,77,0.0,6.8,342,2.1013155617496424,-6.467184310807044
2013-09-20 11:00:00,27.9,76,0.1,6.5,341,2.116193003971519,-6.145870741395559
2013-09-20 12:00:00,27.9,77,0.1,9.3,347,2.092044805397944,-9.06164160250269
2013-09-20 13:00:00,28.1,78,0.3,10.9,351,1.705135668938517,-10.765802912487002
2013-09-20 14:00:00,28.2,78,1.0,11.7,349,2.2324652459055754,-11.485038046337667
2013-09-20 15:00:00,28.5,78,0.1,11.3,353,1.3771235804781667,-11.215771513546938
2013-09-20 16:00:00,28.1,80,0.5,8.5,348,1.7672493719509554,-8.314254606237347
2013-09-20 17:00:00,27.3,83,0.0,6.3,347,1.4171916423663489,-6.1385314081469815
2013-09-20 18:00:00,26.6,86,0.0,4.1,322,2.524212048835199,-3.23084408978756
2013-09-20 19:00:00,25.5,90,0.0,3.5,336,1.4235782507653008,-3.197409101749103
2013-09-20 20:00:00,25.4,88,0.1,2.2,360,1.3471114790620887e-16,-2.2
2013-09-20 21:00:00,24.7,91,0.0,0.4,180,2.4492935982947065e-17,0.4
2013-09-20 22:00:00,24.5,92,0.3,1.6,333,0.726384799583275,-1.4256104387013886
2013-09-20 23:00:00,24.1,94,0.4,1.4,360,8.572527594031472e-17,-1.4
2013-09-21 00:00:00,24.0,94,0.6,0.8,153,-0.36319239979163737,0.7128052193506944
2013-09-21 01:00:00,24.1,94,0.3,1.4,180,8.572527594031472e-17,1.4
2013-09-21 02:00:00,24.0,94,0.3,1.0,225,0.7071067811865476,0.7071067811865475
2013-09-21 03:00:00,26.2,81,0.9,2.6,56,-2.1554976886431088,-1.4539015490239415
2013-09-21 04:00:00,24.9,87,0.7000000000000001,4.8,347,1.0797650608505516,-4.676976310969129
2013-09-21 05:00:00,24.4,89,1.0,7.9,24,-3.2132194802988208,-7.217009115376548
2013-09-21 06:00:00,24.0,90,1.4,9.8,6,-1.024378940023003,-9.74631457460908
2013-09-21 07:00:00,24.5,88,2.5,8.4,43,-5.728786224524988,-6.143371093601032
2013-09-21 08:00:00,25.3,86,3.7,5.4,356,0.3766849582182763,-5.386845871403051
2013-09-21 09:00:00,26.1,85,3.5,8.6,358,0.3001356716415093,-8.594761112364223
2013-09-21 10:00:00,26.5,86,2.3,12.6,358,0.4397336584515136,-12.592324420440606
2013-09-21 11:00:00,26.3,87,2.2,17.7,358,0.6177210916342691,-17.689217638237995
2013-09-21 12:00:00,26.0,87,3.1,20.2,359,0.3525386100331287,-20.196923442159104
2013-09-21 13:00:00,26.2,87,3.6,19.1,358,0.6665803870177707,-19.08836479606473
2013-09-21 14:00:00,25.7,88,3.9,18.4,360,1.1266750552155648e-15,-18.4
2013-09-21 15:00:00,26.5,84,2.9,20.9,357,1.0938214854775288,-20.871357276370592
2013-09-21 16:00:00,26.3,84,3.2,19.4,1,-0.33857668488329984,-19.39704528603399
2013-09-21 17:00:00,25.7,86,2.8,15.1,1,-0.26353133720298083,-15.097700196861508
2013-09-21 18:00:00,25.4,87,2.4,14.8,354,1.5470212563612713,-14.718924051450445
2013-09-21 19:00:00,25.2,87,2.3,11.6,5,-1.0110066158728357,-11.555858497864248
2013-09-21 20:00:00,24.8,88,2.5,1.6,63,-1.4256104387013888,-0.7263847995832747
2013-09-21 21:00:00,24.9,87,2.6,4.3,132,-3.195522749552794,2.8772616073430908
2013-09-21 22:00:00,25.6,82,3.0,5.1,129,-3.963444403430551,3.2095339943541705
2013-09-21 23:00:00,26.1,80,3.2,5.0,69,-4.667902132486009,-1.7918397477265022
2013-09-22 00:00:00,24.4,87,2.8,6.1,62,-5.385980316439453,-2.863776532993934
2013-09-22 01:00:00,23.9,90,2.6,6.6,103,-6.430842427582552,1.4846769586695103
2013-09-22 02:00:00,24.0,89,2.5,6.5,146,-3.6347538725598536,5.388744221607771
2013-09-22 03:00:00,23.2,91,3.1,7.2,174,-0.7526049355271056,7.160557646651568
2013-09-22 04:00:00,23.3,91,3.3,6.3,193,1.4171916423663489,6.1385314081469815
2013-09-22 05:00:00,23.0,93,3.8,2.8,220,1.7998053071223101,2.1449244407331385
2013-09-22 06:00:00,22.8,94,4.1,6.4,227,4.6806636903626915,4.36478950439999
2013-09-22 07:00:00,23.1,94,4.7,2.0,225,1.4142135623730951,1.414213562373095
2013-09-22 08:00:00,23.9,93,4.3,0.8,297,0.7128052193506944,-0.3631923997916374
2013-09-22 09:00:00,24.6,91,1.9,2.3,342,0.7107390870623791,-2.1874299874788528
2013-09-22 10:00:00,25.2,88,0.9,3.8,343,1.1110124779463997,-3.6339580726595346
2013-09-22 11:00:00,25.9,84,0.6,4.4,325,2.5237363199446032,-3.604268994871564
2013-09-22 12:00:00,26.1,84,0.7000000000000001,4.2,329,2.1631599146222276,-3.600102662948872
2013-09-22 13:00:00,26.6,82,0.8,5.4,312,4.012982057577929,-3.6133052743378347
2013-09-22 14:00:00,26.3,84,0.7000000000000001,4.5,299,3.935788682127281,-2.1816432911085166
2013-09-22 15:00:00,25.6,89,0.6,4.2,290,3.9467090073008158,-1.4364846019678086
2013-09-22 16:00:00,25.2,91,0.7000000000000001,2.6,304,2.1554976886431083,-1.453901549023942
2013-09-22 17:00:00,24.8,93,0.6,3.1,324,1.8221342821066668,-2.5079526825623373
2013-09-22 18:00:00,24.2,96,0.6,1.8,360,1.1021821192326179e-16,-1.8
2013-09-22 19:00:00,23.7,97,0.6,3.8,17,-1.111012477946401,-3.633958072659534
2013-09-22 20:00:00,23.3,98,0.8,3.6,360,2.2043642384652358e-16,-3.6
2013-09-22 21:00:00,23.2,97,1.0,4.3,5,-0.37476969381493047,-4.283637201794505
2013-09-22 22:00:00,23.0,97,0.8,5.5,32,-2.9145559532826275,-4.664264528860342
2013-09-22 23:00:00,23.0,97,1.0,5.4,20,-1.8469087739586103,-5.074340152243906
2013-09-23 00:00:00,22.8,97,1.7000000000000002,3.6,45,-2.545584412271572,-2.545584412271571
2013-09-23 01:00:00,23.3,95,0.8,3.6,45,-2.545584412271572,-2.545584412271571
2013-09-23 02:00:00,23.3,95,1.4,2.4,63,-2.138415658052083,-1.089577199374912
2013-09-23 03:00:00,22.2,98,1.6,2.3,108,-2.1874299874788528,0.7107390870623792
2013-09-23 04:00:00,22.9,95,3.5,2.2,90,-2.2,2.6942229581241775e-16
2013-09-23 05:00:00,23.1,94,5.1,4.0,80,-3.939231012048832,-0.6945927106677219
2013-09-23 06:00:00,23.0,94,3.7,5.1,51,-3.9634444034305507,-3.2095339943541714
2013-09-23 07:00:00,23.2,95,3.8,2.5,45,-1.7677669529663693,-1.7677669529663687
2013-09-23 08:00:00,24.5,92,4.1,2.5,360,1.5308084989341916e-16,-2.5
2013-09-23 09:00:00,24.9,91,3.6,3.9,338,1.4609657143220567,-3.616017032810471
2013-09-23 10:00:00,25.1,90,3.8,5.2,335,2.197614961051637,-4.7128004925905795
2013-09-23 11:00:00,25.4,90,4.8,5.4,352,0.7515347451843536,-5.34744757120448
2013-09-23 12:00:00,25.2,91,3.0,7.3,351,1.1419715947936857,-7.210124886344506
2013-09-23 13:00:00,25.3,90,1.9,9.8,352,1.3638963894086416,-9.70462707366739
2013-09-23 14:00:00,25.4,89,3.2,9.0,360,5.51091059616309e-16,-9.0
2013-09-23 15:00:00,25.9,86,2.9,8.0,5,-0.697245941981266,-7.969557584733964
2013-09-23 16:00:00,25.7,87,0.9,6.7,16,-1.8467702839738926,-6.440453362786737
2013-09-23 17:00:00,26.0,83,0.0,4.5,14,-1.088648530198505,-4.366330768241984
2013-09-23 18:00:00,24.9,91,0.0,7.6,355,0.6623836448822018,-7.571079705497266
2013-09-23 19:00:00,25.3,83,0.0,6.5,3,-0.340183715579138,-6.49109197590473
2013-09-23 20:00:00,25.3,82,0.0,5.2,12,-1.0811407922523508,-5.086367523815789
2013-09-23 21:00:00,25.3,82,0.0,3.2,360,1.9594348786357652e-16,-3.2
2013-09-23 22:00:00,24.7,84,0.0,1.5,14,-0.36288284339950166,-1.4554435894139948
2013-09-23 23:00:00,24.0,87,0.0,1.8,90,-1.8,2.2043642384652358e-16
2013-09-24 00:00:00,23.1,90,0.0,4.3,138,-2.8772616073430903,3.195522749552795
2013-09-24 01:00:00,22.6,91,0.0,5.5,148,-2.914555953282626,4.664264528860343
2013-09-24 02:00:00,22.1,92,0.0,6.4,153,-2.905539198333099,5.702441754805555
2013-09-24 03:00:00,22.0,91,0.0,6.0,155,-2.535709570444196,5.4378467222199
2013-09-24 04:00:00,21.8,92,0.0,6.3,149,-3.2447398719333416,5.400153994423308
2013-09-24 05:00:00,21.8,91,0.0,5.9,142,-3.6324027044213842,4.64926344627966
2013-09-24 06:00:00,21.4,91,0.0,5.5,148,-2.914555953282626,4.664264528860343
2013-09-24 07:00:00,22.8,92,0.0,3.1,159,-1.1109406435904308,2.8940993221413254
2013-09-24 08:00:00,26.0,80,0.0,4.9,216,2.8801477362331185,3.9641832724372428
2013-09-24 09:00:00,26.8,80,0.0,7.5,235,6.143640332167439,4.301823272632845
2013-09-24 10:00:00,27.1,80,0.2,8.3,236,6.881011852206846,4.6413010988072
2013-09-24 11:00:00,27.5,78,0.2,8.7,246,7.947845481490627,3.5386087947594613
2013-09-24 12:00:00,27.2,81,0.5,8.1,249,7.5620014546273335,2.902780391316932
2013-09-24 13:00:00,27.2,83,0.3,8.7,246,7.947845481490627,3.5386087947594613
2013-09-24 14:00:00,27.1,84,0.8,8.4,245,7.61298541110786,3.5499933986218752
2013-09-24 15:00:00,26.9,82,0.8,6.8,245,6.162892951849219,2.873804179836756
2013-09-24 16:00:00,26.7,82,0.4,5.6,243,4.98963653545486,2.5423467985414616
2013-09-24 17:00:00,26.0,84,0.4,4.5,241,3.935788682127281,2.1816432911085166
2013-09-24 18:00:00,25.4,87,0.2,2.9,187,0.3534210958749277,2.8783838397598336
2013-09-24 19:00:00,24.6,92,0.1,3.5,204,1.4235782507653008,3.197409101749103
2013-09-24 20:00:00,24.0,93,0.0,4.7,203,1.8364363038995866,4.32637281122647
2013-09-24 21:00:00,23.6,94,0.1,5.1,188,0.7097828148963339,5.050367150582009
2013-09-24 22:00:00,23.1,95,0.0,4.8,193,1.0797650608505516,4.676976310969129
2013-09-24 23:00:00,23.0,96,0.3,4.5,194,1.0886485301985045,4.366330768241984
2013-09-25 00:00:00,22.5,96,0.7000000000000001,4.4,189,0.6883116461770161,4.3458286986186065
2013-09-25 01:00:00,22.5,96,0.8,4.0,207,1.8159619989581872,3.564026096753471
2013-09-25 02:00:00,22.5,97,1.3,4.3,204,1.7489675652259409,3.9282454678631837
2013-09-25 03:00:00,22.7,94,0.8,4.5,194,1.0886485301985045,4.366330768241984
2013-09-25 04:00:00,22.3,96,0.8,4.9,197,1.4326213531414103,4.685893304218874
2013-09-25 05:00:00,22.5,94,0.7000000000000001,4.8,193,1.0797650608505516,4.676976310969129
2013-09-25 06:00:00,22.3,94,0.4,4.5,194,1.0886485301985045,4.366330768241984
2013-09-25 07:00:00,22.6,96,0.2,4.5,194,1.0886485301985045,4.366330768241984
2013-09-25 08:00:00,24.7,88,0.1,4.6,219,2.894873798829252,3.5748714227020657
2013-09-25 09:00:00,24.8,88,0.2,4.6,231,3.5748714227020657,2.8948737988292517
2013-09-25 10:00:00,25.6,88,0.2,4.9,253,4.685893304218874,1.4326213531414103
2013-09-25 11:00:00,26.3,87,0.2,5.8,270,5.8,0.0
2013-09-25 12:00:00,27.2,85,0.4,6.6,283,6.430842427582553,-1.484676958669509
2013-09-25 13:00:00,27.0,86,0.3,7.5,287,7.172285669722766,-2.192787785420526
2013-09-25 14:00:00,26.9,87,0.3,5.9,284,5.7247447850283795,-1.4273391840380396
2013-09-25 15:00:00,26.7,83,0.5,5.0,270,5.0,0.0
2013-09-25 16:00:00,26.3,84,0.5,3.9,248,3.616017032810471,1.460965714322057
2013-09-25 17:00:00,25.8,85,0.5,2.8,220,1.7998053071223101,2.1449244407331385
2013-09-25 18:00:00,25.0,88,0.3,3.9,214,2.1808523235359125,3.233246532964663
2013-09-25 19:00:00,24.3,93,0.1,5.8,187,0.7068421917498554,5.756767679519667
2013-09-25 20:00:00,24.0,94,0.1,6.2,187,0.7555899291119145,6.153786140176196
2013-09-25 21:00:00,23.6,95,0.1,6.0,197,1.7542302283364206,5.737828535778212
2013-09-25 22:00:00,23.3,94,0.4,6.6,202,2.4724035165450187,6.1194134401407965
2013-09-25 23:00:00,22.8,95,0.8,6.3,204,2.5624408513775414,5.755336383148386
2013-09-26 00:00:00,22.5,97,1.1,5.6,207,2.542346798541462,4.989636535454859
2013-09-26 01:00:00,22.5,96,1.4,4.5,209,2.181643291108517,3.935788682127281
2013-09-26 02:00:00,22.5,96,1.1,7.0,192,1.4553818357243162,6.847033205136639
2013-09-26 03:00:00,22.1,97,2.4,5.0,201,1.791839747726502,4.667902132486009
2013-09-26 04:00:00,22.2,96,2.8,4.2,200,1.436484601967809,3.9467090073008153
2013-09-26 05:00:00,22.1,97,2.1,3.2,207,1.45276959916655,2.851220877402777
2013-09-26 06:00:00,22.1,98,0.8,2.2,180,1.3471114790620887e-16,2.2
2013-09-26 07:00:00,22.6,96,0.4,1.8,169,-0.34345619167778063,1.7669289302057951
2013-09-26 08:00:00,23.6,89,0.3,2.1,239,1.800051331474436,1.0815799573111138
2013-09-26 09:00:00,24.5,86,0.4,1.8,259,1.7669289302057951,0.34345619167778063
2013-09-26 10:00:00,25.1,86,0.6,2.9,263,2.8783838397598336,0.35342109587492765
2013-09-26 11:00:00,26.2,82,0.6,4.3,275,4.283637201794505,-0.3747696938149301
2013-09-26 12:00:00,26.0,86,0.6,3.7,299,3.2360929164157644,-1.7937955949114472
2013-09-26 13:00:00,25.5,83,0.4,3.7,299,3.2360929164157644,-1.7937955949114472
2013-09-26 14:00:00,26.0,85,0.4,3.7,299,3.2360929164157644,-1.7937955949114472
2013-09-26 15:00:00,25.8,81,0.4,4.7,328,2.490620541896063,-3.9858260519352022
2013-09-26 16:00:00,25.5,82,0.4,5.3,332,2.4881992827652213,-4.679622242152313
2013-09-26 17:00:00,24.7,86,0.2,4.3,336,1.7489675652259409,-3.9282454678631837
2013-09-26 18:00:00,24.0,88,0.0,3.3,319,2.1649947956686737,-2.4905416147351476
2013-09-26 19:00:00,23.1,93,0.1,1.6,297,1.4256104387013888,-0.7263847995832748
2013-09-26 20:00:00,22.4,95,0.4,1.1,288,1.0461621679246689,-0.33991869381244216
2013-09-26 21:00:00,21.9,95,0.3,2.2,270,2.2,0.0
2013-09-26 22:00:00,21.7,96,0.3,2.6,254,2.499280409439629,0.7166571251241979
2013-09-26 23:00:00,21.7,96,0.7000000000000001,2.5,262,2.475670171853926,0.3479327524001636
2013-09-27 00:00:00,21.6,96,0.9,2.2,261,2.1729143493093033,0.34415582308850795
2013-09-27 01:00:00,21.6,96,1.0,1.8,233,1.437543918085127,1.083267041673687
2013-09-27 02:00:00,21.7,96,1.1,1.5,225,1.0606601717798214,1.0606601717798212
2013-09-27 03:00:00,21.9,96,2.0,1.6,243,1.4256104387013888,0.7263847995832748
2013-09-27 04:00:00,21.7,96,1.7000000000000002,1.1,270,1.1,0.0
2013-09-27 05:00:00,21.8,96,0.8,1.8,307,1.437543918085127,-1.083267041673687
2013-09-27 06:00:00,21.7,96,0.5,1.1,360,6.735557395310444e-17,-1.1
2013-09-27 07:00:00,22.3,95,0.1,1.8,349,0.34345619167778085,-1.7669289302057951
2013-09-27 08:00:00,23.4,89,0.0,2.9,360,1.7757378587636622e-16,-2.9
2013-09-27 09:00:00,24.7,84,0.0,4.4,351,0.6883116461770161,-4.3458286986186065
2013-09-27 10:00:00,25.7,82,0.0,6.1,332,2.863776532993934,-5.385980316439453
2013-09-27 11:00:00,26.3,80,0.0,7.4,321,4.656970893768798,-5.750880114781585
2013-09-27 12:00:00,26.0,80,0.7000000000000001,8.2,319,5.379684037722159,-6.18861855782673
2013-09-27 13:00:00,26.9,78,0.1,6.9,321,4.342310698243879,-5.3623071340531
2013-09-27 14:00:00,26.5,77,0.7000000000000001,5.9,317,4.023790324368742,-4.314986839553106
2013-09-27 15:00:00,26.3,79,0.4,5.6,320,3.5996106142446203,-4.289848881466277
2013-09-27 16:00:00,26.0,80,0.9,5.6,320,3.5996106142446203,-4.289848881466277
2013-09-27 17:00:00,25.3,82,0.1,4.6,309,3.5748714227020657,-2.8948737988292517
2013-09-27 18:00:00,24.2,87,0.0,4.0,297,3.5640260967534716,-1.815961998958187
2013-09-27 19:00:00,23.4,91,0.2,1.8,307,1.437543918085127,-1.083267041673687
2013-09-27 20:00:00,22.8,94,0.0,0.8,27,-0.36319239979163753,-0.7128052193506943
2013-09-27 21:00:00,22.5,95,0.0,2.5,82,-2.475670171853926,-0.3479327524001638
2013-09-27 22:00:00,22.3,94,0.0,3.1,111,-2.8940993221413254,1.1109406435904308
2013-09-27 23:00:00,22.1,93,0.0,3.1,135,-2.192031021678297,2.1920310216782974
2013-09-28 00:00:00,22.1,93,0.0,4.1,142,-2.524212048835199,3.23084408978756
2013-09-28 01:00:00,22.2,92,0.0,3.9,146,-2.180852323535912,3.233246532964663
2013-09-28 02:00:00,21.9,92,0.2,3.3,131,-2.4905416147351476,2.1649947956686737
2013-09-28 03:00:00,23.6,81,0.1,2.7,113,-2.485363104321589,1.0549740469210394
2013-09-28 04:00:00,23.9,78,0.0,2.2,99,-2.172914349309303,0.3441558230885082
2013-09-28 05:00:00,23.8,78,0.0,1.1,90,-1.1,1.3471114790620887e-16
2013-09-28 06:00:00,23.8,77,0.0,0.8,153,-0.36319239979163737,0.7128052193506944
2013-09-28 07:00:00,23.8,80,0.0,1.1,180,6.735557395310444e-17,1.1
2013-09-28 08:00:00,24.9,83,0.0,3.5,246,3.197409101749103,1.4235782507653008
2013-09-28 09:00:00,25.4,84,0.1,4.7,261,4.6421352007971475,0.7352419856890852
2013-09-28 10:00:00,25.7,83,0.8,5.1,278,5.050367150582009,-0.7097828148963337
2013-09-28 11:00:00,26.4,82,0.2,6.3,283,6.1385314081469815,-1.4171916423663495
2013-09-28 12:00:00,26.9,82,0.8,5.6,285,5.4091846272187825,-1.4493866525741161
2013-09-28 13:00:00,26.8,83,2.3,6.0,295,5.437846722219899,-2.5357095704441965
2013-09-28 14:00:00,26.5,84,1.6,4.9,306,3.9641832724372428,-2.8801477362331185
2013-09-28 15:00:00,25.7,83,4.9,3.7,331,1.7937955949114475,-3.2360929164157644
2013-09-28 16:00:00,25.3,86,2.7,3.5,336,1.4235782507653008,-3.197409101749103
2013-09-28 17:00:00,24.9,88,0.6,3.8,343,1.1110124779463997,-3.6339580726595346
2013-09-28 18:00:00,23.9,94,0.5,4.7,356,0.3278554265973886,-4.688551036221174
2013-09-28 19:00:00,23.8,90,0.5,1.8,360,1.1021821192326179e-16,-1.8
2013-09-28 20:00:00,22.6,94,0.5,0.8,333,0.3631923997916375,-0.7128052193506943
2013-09-28 21:00:00,22.4,94,0.4,1.1,90,-1.1,1.3471114790620887e-16
2013-09-28 22:00:00,21.9,96,0.2,1.0,135,-0.7071067811865475,0.7071067811865476
2013-09-28 23:00:00,21.5,95,0.3,1.1,90,-1.1,1.3471114790620887e-16
2013-09-29 00:00:00,21.4,95,0.1,1.1,90,-1.1,1.3471114790620887e-16
2013-09-29 01:00:00,21.3,95,0.0,2.2,90,-2.2,2.6942229581241775e-16
2013-09-29 02:00:00,21.9,92,0.0,2.9,97,-2.8783838397598336,0.35342109587492787
2013-09-29 03:00:00,22.7,89,0.0,2.3,108,-2.1874299874788528,0.7107390870623792
2013-09-29 04:00:00,22.2,90,0.0,3.1,111,-2.8940993221413254,1.1109406435904308
2013-09-29 05:00:00,21.8,91,0.0,3.2,117,-2.851220877402777,1.4527695991665501
2013-09-29 06:00:00,21.4,91,0.0,3.2,117,-2.851220877402777,1.4527695991665501
2013-09-29 07:00:00,22.9,90,0.0,1.4,90,-1.4,1.7145055188062944e-16
2013-09-29 08:00:00,24.8,88,0.0,2.3,309,1.7874357113510329,-1.4474368994146258
2013-09-29 09:00:00,25.6,88,0.1,3.4,302,2.883363526931848,-1.8017254983928965
2013-09-29 10:00:00,26.5,86,0.0,4.5,299,3.935788682127281,-2.1816432911085166
2013-09-29 11:00:00,26.7,85,0.2,4.8,297,4.276831316104166,-2.1791543987498243
2013-09-29 12:00:00,26.8,85,0.3,6.8,295,6.162892951849219,-2.873804179836756
2013-09-29 13:00:00,26.9,86,0.2,7.6,301,6.5144714853360535,-3.9142893693164114
2013-09-29 14:00:00,27.5,82,0.0,7.1,319,4.658019105832602,-5.358438019581681
2013-09-29 15:00:00,26.9,87,0.4,6.6,331,3.199743493625825,-5.772490067120011
2013-09-29 16:00:00,26.3,87,0.5,4.9,324,2.8801477362331185,-3.9641832724372428
2013-09-29 17:00:00,25.9,85,0.2,3.8,319,2.4930243101639276,-2.8678964048465336
2013-09-29 18:00:00,25.4,90,0.4,4.0,333,1.8159619989581872,-3.564026096753471
2013-09-29 19:00:00,24.6,93,0.5,2.9,330,1.4500000000000002,-2.5114736709748717
2013-09-29 20:00:00,24.2,94,0.3,1.8,323,1.0832670416736871,-1.437543918085127
2013-09-29 21:00:00,23.7,95,0.1,0.0,270,0.0,0.0
2013-09-29 22:00:00,23.4,96,0.0,0.4,90,-0.4,4.898587196589413e-17
2013-09-29 23:00:00,22.9,97,0.0,0.0,270,0.0,0.0
2013-09-30 00:00:00,22.6,97,0.0,1.1,180,6.735557395310444e-17,1.1
2013-09-30 01:00:00,22.4,97,0.4,2.4,153,-1.089577199374912,2.138415658052083
2013-09-30 02:00:00,22.3,96,0.4,2.9,120,-2.511473670974872,1.4499999999999997
2013-09-30 03:00:00,22.0,92,0.0,3.1,111,-2.8940993221413254,1.1109406435904308
2013-09-30 04:00:00,22.6,88,0.0,2.9,97,-2.8783838397598336,0.35342109587492787
2013-09-30 05:00:00,23.7,84,0.0,2.6,74,-2.499280409439629,-0.7166571251241974
2013-09-30 06:00:00,23.6,86,0.0,1.8,53,-1.437543918085127,-1.0832670416736871
2013-09-30 07:00:00,23.8,89,0.0,1.5,45,-1.0606601717798214,-1.0606601717798212
2013-09-30 08:00:00,24.9,91,0.0,2.7,337,1.0549740469210391,-2.485363104321589
2013-09-30 09:00:00,26.1,85,0.2,4.7,337,1.8364363038995866,-4.32637281122647
2013-09-30 10:00:00,26.9,80,0.2,6.4,322,3.9402334420842133,-5.043268823083022
2013-09-30 11:00:00,27.5,78,0.1,7.4,321,4.656970893768798,-5.750880114781585
2013-09-30 12:00:00,27.8,77,0.1,8.1,315,5.727564927611035,-5.727564927611034
2013-09-30 13:00:00,27.8,79,0.2,7.9,309,6.139453095510071,-4.971631089293716
2013-09-30 14:00:00,27.6,80,0.7000000000000001,7.9,321,4.971631089293717,-6.139453095510071
2013-09-30 15:00:00,27.0,81,0.7000000000000001,6.1,332,2.863776532993934,-5.385980316439453
2013-09-30 16:00:00,26.9,81,0.2,4.3,336,1.7489675652259409,-3.9282454678631837
2013-09-30 17:00:00,26.3,83,0.7000000000000001,2.6,344,0.7166571251241979,-2.499280409439629
2013-09-30 18:00:00,25.3,90,0.4,3.4,288,3.233592155403522,-1.0506577808748212
2013-09-30 19:00:00,24.3,94,0.4,3.0,284,2.9108871788279895,-0.7257656867990032
2013-09-30 20:00:00,23.4,96,0.0,2.6,286,2.499280409439629,-0.7166571251241979
2013-09-30 21:00:00,22.8,96,0.0,2.2,270,2.2,0.0
2013-09-30 22:00:00,22.6,97,0.0,1.6,243,1.4256104387013888,0.7263847995832748
2013-09-30 23:00:00,22.5,97,0.0,1.5,225,1.0606601717798214,1.0606601717798212
2013-10-01 00:00:00,22.6,97,0.0,1.5,194,0.3628828433995015,1.4554435894139948
2013-10-01 01:00:00,22.6,98,0.0,1.1,180,6.735557395310444e-17,1.1
2013-10-01 02:00:00,22.7,97,0.0,1.0,135,-0.7071067811865475,0.7071067811865476
2013-10-01 03:00:00,22.4,95,0.4,1.6,63,-1.4256104387013888,-0.7263847995832747
2013-10-01 04:00:00,22.4,94,0.2,2.3,72,-2.187429987478853,-0.7107390870623786
2013-10-01 05:00:00,22.8,92,0.0,2.9,90,-2.9,3.5514757175273243e-16
2013-10-01 06:00:00,23.1,90,0.0,3.0,104,-2.9108871788279895,0.7257656867990032
2013-10-01 07:00:00,23.5,93,0.0,1.5,76,-1.4554435894139948,-0.3628828433995013
2013-10-01 08:00:00,25.1,89,0.0,1.5,315,1.0606601717798214,-1.0606601717798212
2013-10-01 09:00:00,25.9,85,0.1,3.4,302,2.883363526931848,-1.8017254983928965
2013-10-01 10:00:00,26.4,81,0.1,5.1,309,3.963444403430551,-3.2095339943541705
2013-10-01 11:00:00,27.0,79,0.1,5.9,317,4.023790324368742,-4.314986839553106
2013-10-01 12:00:00,27.4,78,0.0,5.9,322,3.6324027044213842,-4.64926344627966
2013-10-01 13:00:00,27.1,78,0.7000000000000001,5.8,330,2.9000000000000004,-5.0229473419497435
2013-10-01 14:00:00,26.7,79,0.7000000000000001,6.5,354,0.6794350112397475,-6.4643923198937765
2013-10-01 15:00:00,26.8,80,0.2,6.3,347,1.4171916423663489,-6.1385314081469815
2013-10-01 16:00:00,26.4,83,0.2,7.4,346,1.7902220274375409,-7.180188374442374
2013-10-01 17:00:00,25.9,85,0.0,5.2,348,1.0811407922523493,-5.086367523815789
2013-10-01 18:00:00,25.2,88,0.0,3.6,307,2.875087836170254,-2.166534083347374
2013-10-01 19:00:00,24.1,95,0.0,3.5,294,3.197409101749103,-1.4235782507653008
2013-10-01 20:00:00,23.6,95,0.0,2.5,270,2.5,0.0
2013-10-01 21:00:00,23.3,95,0.0,0.8,297,0.7128052193506944,-0.3631923997916374
2013-10-01 22:00:00,23.1,96,0.0,0.4,360,2.4492935982947065e-17,-0.4
2013-10-01 23:00:00,22.6,96,0.0,0.0,270,0.0,0.0
2013-10-02 00:00:00,22.8,96,0.0,1.5,166,-0.36288284339950166,1.4554435894139948
2013-10-02 01:00:00,23.6,93,0.2,2.3,231,1.7874357113510329,1.4474368994146258
2013-10-02 02:00:00,23.7,93,0.2,2.5,262,2.475670171853926,0.3479327524001636
2013-10-02 03:00:00,23.6,92,0.3,2.7,293,2.485363104321589,-1.0549740469210394
2013-10-02 04:00:00,23.5,92,0.3,3.7,331,1.7937955949114475,-3.2360929164157644
2013-10-02 05:00:00,22.6,95,0.3,5.4,356,0.3766849582182763,-5.386845871403051
2013-10-02 06:00:00,22.0,96,0.2,6.6,351,1.032467469265524,-6.518743047927909
2013-10-02 07:00:00,22.7,96,0.1,7.6,355,0.6623836448822018,-7.571079705497266
2013-10-02 08:00:00,24.2,89,0.0,9.7,356,0.6766377953180147,-9.676371287520293
2013-10-02 09:00:00,24.9,86,0.0,11.3,351,1.7677094549546095,-11.160878248725057
2013-10-02 10:00:00,25.7,81,0.0,11.1,347,2.4969567032169007,-10.81550771911611
2013-10-02 11:00:00,26.6,78,0.0,11.4,342,3.522793735874401,-10.84204428576475
2013-10-02 12:00:00,26.8,76,0.0,12.4,338,4.645121758357308,-11.497079796628164
2013-10-02 13:00:00,27.0,76,0.1,12.7,345,3.2870018728020134,-12.267257993871167
2013-10-02 14:00:00,26.3,78,0.0,14.2,353,1.7305446763530943,-14.094155353306771
2013-10-02 15:00:00,25.5,78,0.1,15.2,356,1.0602984009107035,-15.162973563949327
2013-10-02 16:00:00,24.9,78,0.0,15.1,357,0.7902729392684539,-15.079305974794064
2013-10-02 17:00:00,23.9,79,0.0,13.7,357,0.7170026005283323,-13.681224626137661
2013-10-02 18:00:00,22.7,81,0.0,10.8,358,0.3769145643870117,-10.793420931806235
2013-10-02 19:00:00,21.7,86,0.0,10.9,6,-1.1393602496174215,-10.840288659514181
2013-10-02 20:00:00,21.6,82,0.0,10.7,12,-2.2246550917500296,-10.46617932785172
2013-10-02 21:00:00,21.5,80,0.0,8.9,21,-3.1894747509531767,-8.308865795825096
2013-10-02 22:00:00,20.9,82,0.0,6.0,33,-3.267834210090162,-5.032023407672544
2013-10-02 23:00:00,19.5,87,0.0,5.1,51,-3.9634444034305507,-3.2095339943541714
2013-10-03 00:00:00,19.5,86,0.0,4.1,38,-2.524212048835198,-3.2308440897875603
2013-10-03 01:00:00,20.1,83,0.0,3.6,53,-2.875087836170254,-2.1665340833473743
2013-10-03 02:00:00,20.5,80,0.0,3.6,45,-2.545584412271572,-2.545584412271571
2013-10-03 03:00:00,18.4,84,0.0,4.1,38,-2.524212048835198,-3.2308440897875603
2013-10-03 04:00:00,19.7,78,0.0,4.3,42,-2.87726160734309,-3.195522749552796
2013-10-03 05:00:00,20.3,74,0.0,4.1,38,-2.524212048835198,-3.2308440897875603
2013-10-03 06:00:00,20.5,72,0.0,2.8,50,-2.1449244407331385,-1.7998053071223097
2013-10-03 07:00:00,20.9,73,0.0,3.4,18,-1.0506577808748216,-3.233592155403522
2013-10-03 08:00:00,22.4,72,0.0,5.1,352,0.7097828148963339,-5.050367150582009
2013-10-03 09:00:00,23.5,69,0.0,6.6,351,1.032467469265524,-6.518743047927909
2013-10-03 10:00:00,24.4,68,0.0,7.4,337,2.8914103508206255,-6.811735915548059
2013-10-03 11:00:00,24.9,68,0.0,8.7,330,4.3500000000000005,-7.534421012924615
2013-10-03 12:00:00,25.3,68,0.0,10.0,334,4.383711467890775,-8.98794046299167
2013-10-03 13:00:00,25.2,69,0.0,10.7,340,3.659615533584656,-10.054711042409219
2013-10-03 14:00:00,25.1,70,0.0,11.3,343,3.303800263366926,-10.806243742382302
2013-10-03 15:00:00,24.4,72,0.0,12.7,345,3.2870018728020134,-12.267257993871167
2013-10-03 16:00:00,23.6,74,0.0,13.9,350,2.413709669570333,-13.688827766869691
2013-10-03 17:00:00,22.3,77,0.0,12.7,353,1.547740661245373,-12.605336125844788
2013-10-03 18:00:00,21.2,79,0.0,10.8,358,0.3769145643870117,-10.793420931806235
2013-10-03 19:00:00,20.5,83,0.0,9.7,360,5.939536975864663e-16,-9.7
2013-10-03 20:00:00,19.9,86,0.0,8.3,358,0.289665822630759,-8.294943864258496
2013-10-03 21:00:00,18.9,87,0.0,7.9,344,2.1775351109542935,-7.59396739791272
2013-10-03 22:00:00,18.5,87,0.0,6.7,344,1.8467702839738944,-6.440453362786736
2013-10-03 23:00:00,18.2,88,0.0,6.2,350,1.0766187015349686,-6.10580806867569
2013-10-04 00:00:00,18.1,89,0.0,5.4,352,0.7515347451843536,-5.34744757120448
2013-10-04 01:00:00,18.3,88,0.0,3.6,6,-0.3763024677635521,-3.5802788233257843
2013-10-04 02:00:00,18.2,87,0.0,2.4,27,-1.0895771993749126,-2.138415658052083
2013-10-04 03:00:00,18.7,82,0.0,1.5,14,-0.36288284339950166,-1.4554435894139948
2013-10-04 04:00:00,18.5,85,0.0,1.4,360,8.572527594031472e-17,-1.4
2013-10-04 05:00:00,18.5,85,0.0,1.4,360,8.572527594031472e-17,-1.4
2013-10-04 06:00:00,18.5,85,0.0,1.6,63,-1.4256104387013888,-0.7263847995832747
2013-10-04 07:00:00,19.4,86,0.0,2.3,18,-0.7107390870623793,-2.1874299874788528
2013-10-04 08:00:00,21.4,77,0.0,5.2,348,1.0811407922523493,-5.086367523815789
2013-10-04 09:00:00,22.5,73,0.0,7.0,348,1.4553818357243162,-6.847033205136639
2013-10-04 10:00:00,23.2,71,0.0,9.2,349,1.755442757464213,-9.030970087718508
2013-10-04 11:00:00,23.8,69,0.0,10.6,350,1.8406706832694624,-10.438962181929405
2013-10-04 12:00:00,24.3,68,0.0,10.9,351,1.705135668938517,-10.765802912487002
2013-10-04 13:00:00,24.8,67,0.0,11.4,347,2.5644420195200603,-11.107818738551682
2013-10-04 14:00:00,24.8,67,0.0,12.3,345,3.183474254761005,-11.88088766335554
2013-10-04 15:00:00,24.5,68,0.0,13.6,349,2.5950023371210107,-13.35012969488823
2013-10-04 16:00:00,23.6,72,0.0,12.7,352,1.7674983821928314,-12.576404473017943
2013-10-04 17:00:00,22.8,74,0.0,10.4,360,6.368163355566237e-16,-10.4
2013-10-04 18:00:00,21.8,82,0.0,8.6,360,5.265981236333618e-16,-8.6
2013-10-04 19:00:00,21.7,77,0.0,7.6,5,-0.6623836448822027,-7.571079705497266
2013-10-04 20:00:00,21.4,77,0.0,4.0,350,0.6945927106677217,-3.939231012048832
2013-10-04 21:00:00,20.5,81,0.0,2.5,352,0.34793275240016364,-2.475670171853926
2013-10-04 22:00:00,19.6,85,0.0,1.5,14,-0.36288284339950166,-1.4554435894139948
2013-10-04 23:00:00,19.3,85,0.0,1.1,72,-1.046162167924669,-0.33991869381244205
2013-10-05 00:00:00,18.8,87,0.0,0.8,117,-0.7128052193506943,0.36319239979163753
2013-10-05 01:00:00,18.0,92,0.0,1.5,76,-1.4554435894139948,-0.3628828433995013
2013-10-05 02:00:00,17.9,94,0.0,2.4,63,-2.138415658052083,-1.089577199374912
2013-10-05 03:00:00,20.7,80,0.0,4.2,70,-3.9467090073008158,-1.4364846019678084
2013-10-05 04:00:00,19.8,85,0.0,4.9,73,-4.685893304218874,-1.4326213531414103
2013-10-05 05:00:00,19.1,88,0.0,4.5,61,-3.9357886821272814,-2.181643291108516
2013-10-05 06:00:00,19.2,87,0.0,4.9,54,-3.964183272437243,-2.880147736233118
2013-10-05 07:00:00,20.5,82,0.0,6.4,52,-5.043268823083022,-3.9402334420842124
2013-10-05 08:00:00,22.8,77,0.0,8.4,10,-1.458644692402215,-8.272385125302547
2013-10-05 09:00:00,23.7,77,0.0,11.9,357,0.6227978792910333,-11.88369146357943
2013-10-05 10:00:00,24.5,76,0.0,15.5,359,0.27051229977789576,-15.497639274924065
2013-10-05 11:00:00,25.4,74,0.0,19.1,360,1.1695376931857224e-15,-19.1
2013-10-05 12:00:00,26.0,73,0.0,22.0,359,0.3839529416202392,-21.99664929344061
2013-10-05 13:00:00,25.7,75,0.0,20.9,358,0.7293994810822725,-20.8872682846991
2013-10-05 14:00:00,25.2,78,0.0,19.4,359,0.3385766848833018,-19.39704528603399
2013-10-05 15:00:00,24.7,80,0.0,19.1,360,1.1695376931857224e-15,-19.1
2013-10-05 16:00:00,24.0,83,0.0,17.6,359,0.30716235329619135,-17.59731943475249
2013-10-05 17:00:00,23.2,85,0.0,15.5,3,-0.8112073217656367,-15.478757788695894
2013-10-05 18:00:00,22.3,87,0.0,12.7,7,-1.547740661245369,-12.60533612584479
2013-10-05 19:00:00,22.0,87,0.0,12.0,9,-1.8772135804827723,-11.852260087141651
2013-10-05 20:00:00,21.4,89,0.0,12.8,10,-2.2226966741367082,-12.605539238556263
2013-10-05 21:00:00,20.8,92,0.0,13.1,9,-2.0492914920270264,-12.938717261796302
2013-10-05 22:00:00,20.3,93,0.0,14.3,12,-2.973137178693965,-13.987510690493421
2013-10-05 23:00:00,20.2,93,0.0,15.1,12,-3.1394665313481727,-14.770028771080463
2013-10-06 00:00:00,20.4,93,0.0,16.0,14,-3.8707503295946846,-15.524731620415944
2013-10-06 01:00:00,20.8,93,0.0,17.0,13,-3.8241679238457094,-16.564291101348996
2013-10-06 02:00:00,21.1,92,0.0,17.0,13,-3.8241679238457094,-16.564291101348996
2013-10-06 03:00:00,21.2,92,0.0,16.6,13,-3.7341875021081634,-16.174543075434904
2013-10-06 04:00:00,21.2,91,0.0,16.5,11,-3.148348423712986,-16.196848526886455
2013-10-06 05:00:00,21.3,91,0.0,16.0,9,-2.5029514406436966,-15.803013449522203
2013-10-06 06:00:00,21.4,92,0.0,14.8,4,-1.0323958114130587,-14.763947943845398
2013-10-06 07:00:00,22.0,91,0.1,18.0,3,-0.9420472123729975,-17.975331625582328
2013-10-06 08:00:00,22.4,92,0.1,22.3,1,-0.389188663551422,-22.296603601987528
2013-10-06 09:00:00,23.0,91,0.2,25.9,2,-0.9038969645947696,-25.88422241979458
2013-10-06 10:00:00,23.6,88,0.2,25.7,5,-2.2399025886148167,-25.60220374095786
2013-10-06 11:00:00,24.1,87,0.2,26.4,5,-2.3009116085381778,-26.29954002962208
2013-10-06 12:00:00,24.5,86,0.2,26.6,2,-0.9283266122865202,-26.58379599870795
2013-10-06 13:00:00,24.8,84,0.2,27.0,2,-0.9422864109675205,-26.983552329515586
2013-10-06 14:00:00,24.9,82,0.2,27.5,5,-2.396782925560602,-27.395354197523
2013-10-06 15:00:00,23.7,89,0.5,24.7,8,-3.4375755937136256,-24.459621297916783
2013-10-06 16:00:00,23.4,90,0.3,22.5,6,-2.3518904235222005,-22.376742645786152
2013-10-06 17:00:00,23.3,90,0.3,20.2,5,-1.7605460035026965,-20.12313290145326
2013-10-06 18:00:00,23.2,89,0.2,17.2,11,-3.2819147204765673,-16.883987555299818
2013-10-06 19:00:00,23.1,88,0.0,15.5,13,-3.4867413423299114,-15.102736004171145
2013-10-06 20:00:00,22.8,87,0.0,15.0,17,-4.385575570841056,-14.34457133944553
2013-10-06 21:00:00,22.4,87,0.0,13.2,17,-3.8593065023401296,-12.623222778712066
2013-10-06 22:00:00,22.4,85,0.0,9.8,17,-2.8652427062828236,-9.371786608437747
2013-10-06 23:00:00,22.9,79,0.0,8.1,32,-4.292346040288961,-6.86918957886705
2013-10-07 00:00:00,21.8,84,0.0,3.4,58,-2.8833635269318485,-1.8017254983928963
2013-10-07 01:00:00,20.8,87,0.0,2.6,56,-2.1554976886431088,-1.4539015490239415
2013-10-07 02:00:00,20.3,90,0.0,2.5,98,-2.475670171853926,0.3479327524001633
2013-10-07 03:00:00,20.0,92,0.0,2.3,108,-2.1874299874788528,0.7107390870623792
2013-10-07 04:00:00,19.8,94,0.0,2.4,117,-2.138415658052083,1.0895771993749124
2013-10-07 05:00:00,19.7,94,0.0,3.1,126,-2.507952682562337,1.822134282106667
2013-10-07 06:00:00,19.5,93,0.0,3.4,122,-2.883363526931848,1.8017254983928965
2013-10-07 07:00:00,20.9,93,0.0,6.3,114,-5.755336383148385,2.5624408513775427
2013-10-07 08:00:00,24.4,83,0.0,3.1,135,-2.192031021678297,2.1920310216782974
2013-10-07 09:00:00,25.8,74,0.0,2.0,225,1.4142135623730951,1.414213562373095
2013-10-07 10:00:00,26.5,71,0.0,3.8,253,3.6339580726595346,1.1110124779463997
2013-10-07 11:00:00,27.1,70,0.0,4.9,253,4.685893304218874,1.4326213531414103
2013-10-07 12:00:00,27.6,69,0.0,6.0,253,5.737828535778212,1.7542302283364206
2013-10-07 13:00:00,27.7,69,0.0,7.0,249,6.535062985480412,2.5085756468171017
2013-10-07 14:00:00,27.7,71,0.0,7.8,257,7.6000865053248345,1.754618223882147
2013-10-07 15:00:00,27.2,72,0.0,8.3,268,8.294943864258496,0.2896658226307581
2013-10-07 16:00:00,26.6,75,0.0,7.3,281,7.165878439167947,-1.392905666248777
2013-10-07 17:00:00,25.6,78,0.0,4.2,290,3.9467090073008158,-1.4364846019678086
2013-10-07 18:00:00,24.5,88,0.0,4.7,302,3.9858260519352022,-2.490620541896063
2013-10-07 19:00:00,24.7,81,0.0,2.9,330,1.4500000000000002,-2.5114736709748717
2013-10-07 20:00:00,24.4,82,0.0,0.8,27,-0.36319239979163753,-0.7128052193506943
2013-10-07 21:00:00,24.2,83,0.0,1.9,158,-0.7117525274902329,1.761649323676896
2013-10-07 22:00:00,24.1,83,0.0,4.0,180,2.4492935982947064e-16,4.0
2013-10-07 23:00:00,23.8,85,0.0,4.7,180,2.8779199779962803e-16,4.7
2013-10-08 00:00:00,22.3,91,0.0,5.4,180,3.3065463576978537e-16,5.4
2013-10-08 01:00:00,21.5,95,0.1,5.0,180,3.061616997868383e-16,5.0
2013-10-08 02:00:00,21.6,95,0.1,4.7,180,2.8779199779962803e-16,4.7
2013-10-08 03:00:00,23.6,85,0.0,5.1,184,0.35575801609503865,5.087576656325103
2013-10-08 04:00:00,23.6,85,0.0,4.9,197,1.4326213531414103,4.685893304218874
2013-10-08 05:00:00,23.4,87,0.0,4.5,209,2.181643291108517,3.935788682127281
2013-10-08 06:00:00,23.1,88,0.0,1.8,217,1.0832670416736871,1.437543918085127
2013-10-08 07:00:00,23.3,89,0.0,1.6,207,0.726384799583275,1.4256104387013886
2013-10-08 08:00:00,24.2,87,0.0,3.1,216,1.8221342821066668,2.5079526825623373
2013-10-08 09:00:00,25.2,82,0.0,5.2,214,2.9078030980478835,4.3109953772862175
2013-10-08 10:00:00,26.1,77,0.0,6.2,216,3.6442685642133337,5.0159053651246746
2013-10-08 11:00:00,26.5,74,0.0,6.1,225,4.31335136523794,4.313351365237939
2013-10-08 12:00:00,27.6,69,0.0,6.2,234,5.0159053651246746,3.6442685642133337
2013-10-08 13:00:00,27.7,69,0.0,5.5,247,5.062776693988422,2.149021206691006
2013-10-08 14:00:00,27.4,71,0.0,5.6,255,5.4091846272187825,1.4493866525741161
2013-10-08 15:00:00,27.1,73,0.0,6.0,253,5.737828535778212,1.7542302283364206
2013-10-08 16:00:00,26.9,72,0.2,6.0,253,5.737828535778212,1.7542302283364206
2013-10-08 17:00:00,25.9,75,0.2,3.1,249,2.8940993221413254,1.1109406435904308
2013-10-08 18:00:00,25.5,77,0.1,4.3,294,3.9282454678631837,-1.7489675652259409
2013-10-08 19:00:00,24.9,80,0.0,3.6,315,2.5455844122715714,-2.545584412271571
2013-10-08 20:00:00,24.6,82,0.0,1.8,360,1.1021821192326179e-16,-1.8
2013-10-08 21:00:00,24.2,85,0.0,1.6,27,-0.7263847995832751,-1.4256104387013886
2013-10-08 22:00:00,24.0,85,0.0,1.8,53,-1.437543918085127,-1.0832670416736871
2013-10-08 23:00:00,23.8,87,0.0,3.4,72,-3.2335921554035223,-1.0506577808748208
2013-10-09 00:00:00,23.6,88,0.0,4.9,73,-4.685893304218874,-1.4326213531414103
2013-10-09 01:00:00,23.4,89,0.0,4.7,86,-4.688551036221174,-0.3278554265973888
2013-10-09 02:00:00,23.1,89,0.0,4.0,90,-4.0,4.898587196589413e-16
2013-10-09 03:00:00,21.6,89,0.4,4.0,100,-3.939231012048832,0.6945927106677211
2013-10-09 04:00:00,21.8,88,0.2,3.8,107,-3.633958072659535,1.111012477946399
2013-10-09 05:00:00,22.6,85,0.2,4.0,95,-3.984778792366982,0.3486229709906328
2013-10-09 06:00:00,21.8,87,0.1,5.8,60,-5.0229473419497435,-2.9000000000000004
2013-10-09 07:00:00,22.8,84,0.0,5.5,67,-5.062776693988422,-2.1490212066910046
2013-10-09 08:00:00,24.5,81,0.0,4.1,15,-1.0611580849203346,-3.96029588778518
2013-10-09 09:00:00,25.2,77,0.0,5.8,353,0.7068421917498554,-5.756767679519667
2013-10-09 10:00:00,26.2,75,0.0,6.2,350,1.0766187015349686,-6.10580806867569
2013-10-09 11:00:00,26.9,73,0.0,6.7,344,1.8467702839738944,-6.440453362786736
2013-10-09 12:00:00,27.6,71,0.2,7.6,341,2.474317973874391,-7.185941174554807
2013-10-09 13:00:00,27.0,74,1.3,4.7,351,0.7352419856890854,-4.6421352007971475
2013-10-09 14:00:00,26.1,79,1.3,4.6,342,1.4214781741247582,-4.3748599749577055
2013-10-09 15:00:00,26.2,80,0.5,4.7,9,-0.7352419856890859,-4.6421352007971475
2013-10-09 16:00:00,26.0,80,0.2,5.4,4,-0.37668495821827813,-5.386845871403051
2013-10-09 17:00:00,25.9,78,0.0,4.0,360,2.4492935982947064e-16,-4.0
2013-10-09 18:00:00,24.7,84,0.0,5.5,328,2.914555953282627,-4.664264528860342
2013-10-09 19:00:00,24.7,80,0.0,5.2,335,2.197614961051637,-4.7128004925905795
2013-10-09 20:00:00,24.4,82,0.0,2.2,360,1.3471114790620887e-16,-2.2
2013-10-09 21:00:00,24.0,85,0.0,0.4,90,-0.4,4.898587196589413e-17
2013-10-09 22:00:00,22.8,89,0.0,2.9,150,-1.4499999999999993,2.511473670974872
2013-10-09 23:00:00,21.8,92,0.0,3.4,162,-1.050657780874821,3.2335921554035223
2013-10-10 00:00:00,21.6,92,0.0,1.5,135,-1.0606601717798212,1.0606601717798214
2013-10-10 01:00:00,21.0,93,0.0,1.5,76,-1.4554435894139948,-0.3628828433995013
2013-10-10 02:00:00,19.7,98,0.0,2.3,72,-2.187429987478853,-0.7107390870623786
2013-10-10 03:00:00,20.9,92,0.0,1.8,79,-1.7669289302057951,-0.3434561916777805
2013-10-10 04:00:00,20.7,91,0.0,1.9,68,-1.761649323676896,-0.7117525274902328
2013-10-10 05:00:00,20.3,92,0.0,2.3,72,-2.187429987478853,-0.7107390870623786
2013-10-10 06:00:00,19.9,93,0.0,2.7,67,-2.485363104321589,-1.0549740469210387
2013-10-10 07:00:00,21.3,94,0.0,3.9,68,-3.616017032810471,-1.460965714322057
2013-10-10 08:00:00,24.3,84,0.0,4.2,20,-1.436484601967808,-3.9467090073008158
2013-10-10 09:00:00,25.8,81,0.0,7.3,349,1.3929056662487778,-7.165878439167947
2013-10-10 10:00:00,26.6,78,0.0,9.3,344,2.5634274090980926,-8.939733772226367
2013-10-10 11:00:00,26.9,77,0.4,10.8,339,3.870373855089244,-10.08266860616978
2013-10-10 12:00:00,27.4,76,0.1,10.9,343,3.186851581477831,-10.423721839997087
2013-10-10 13:00:00,27.0,76,1.0,10.5,344,2.8941922360784913,-10.093247807352348
2013-10-10 14:00:00,26.8,77,1.4,10.5,352,1.4613175600806874,-10.397814721786489
2013-10-10 15:00:00,26.5,81,0.0,8.7,353,1.060263287624783,-8.6351515192795
2013-10-10 16:00:00,26.2,82,1.6,9.3,347,2.092044805397944,-9.06164160250269
2013-10-10 17:00:00,25.7,84,0.0,6.6,338,2.4724035165450187,-6.1194134401407965
2013-10-10 18:00:00,24.5,90,0.0,5.8,330,2.9000000000000004,-5.0229473419497435
2013-10-10 19:00:00,23.3,94,0.0,3.9,338,1.4609657143220567,-3.616017032810471
2013-10-10 20:00:00,23.4,94,0.0,2.6,344,0.7166571251241979,-2.499280409439629
2013-10-10 21:00:00,23.2,95,0.0,0.8,27,-0.36319239979163753,-0.7128052193506943
2013-10-10 22:00:00,22.2,97,0.0,2.5,90,-2.5,3.061616997868383e-16
2013-10-10 23:00:00,21.6,97,0.0,3.3,131,-2.4905416147351476,2.1649947956686737
2013-10-11 00:00:00,21.4,96,0.0,3.2,153,-1.4527695991665495,2.8512208774027776
2013-10-11 01:00:00,21.2,97,0.0,3.9,158,-1.4609657143220571,3.616017032810471
2013-10-11 02:00:00,21.2,96,0.0,3.6,186,0.3763024677635525,3.580278823325784
2013-10-11 03:00:00,21.3,96,0.7000000000000001,3.4,198,1.0506577808748212,3.233592155403522
2013-10-11 04:00:00,21.4,96,0.4,3.9,202,1.4609657143220567,3.616017032810471
2013-10-11 05:00:00,21.7,95,0.4,3.6,174,-0.3763024677635528,3.580278823325784
2013-10-11 06:00:00,21.5,95,0.3,4.0,170,-0.6945927106677212,3.939231012048832
2013-10-11 07:00:00,22.3,96,0.2,1.8,143,-1.0832670416736871,1.4375439180851268
2013-10-11 08:00:00,24.2,90,0.0,1.3,326,0.7269507745119709,-1.0777488443215544
2013-10-11 09:00:00,25.1,85,0.0,4.0,333,1.8159619989581872,-3.564026096753471
2013-10-11 10:00:00,26.2,82,0.3,6.2,324,3.6442685642133337,-5.0159053651246746
2013-10-11 11:00:00,27.1,78,0.2,7.1,330,3.5500000000000007,-6.148780366869514
2013-10-11 12:00:00,27.6,76,0.9,7.9,330,3.950000000000001,-6.841600689897065
2013-10-11 13:00:00,27.7,76,0.3,8.3,326,4.641301098807199,-6.881011852206847
2013-10-11 14:00:00,27.7,76,0.3,6.5,326,3.634753872559854,-5.388744221607771
2013-10-11 15:00:00,27.6,75,0.3,6.5,326,3.634753872559854,-5.388744221607771
2013-10-11 16:00:00,27.0,78,0.1,6.0,335,2.5357095704441965,-5.437846722219899
2013-10-11 17:00:00,26.3,81,0.0,3.1,315,2.1920310216782974,-2.192031021678297
2013-10-11 18:00:00,25.0,87,0.0,2.9,277,2.8783838397598336,-0.35342109587492765
2013-10-11 19:00:00,23.6,92,0.0,1.8,233,1.437543918085127,1.083267041673687
2013-10-11 20:00:00,22.9,94,0.0,1.1,180,6.735557395310444e-17,1.1
2013-10-11 21:00:00,22.7,95,0.0,1.8,101,-1.7669289302057951,0.34345619167778096
2013-10-11 22:00:00,22.7,94,0.0,2.5,90,-2.5,3.061616997868383e-16
2013-10-11 23:00:00,22.3,94,0.0,2.2,81,-2.1729143493093033,-0.3441558230885076
2013-10-12 00:00:00,21.9,95,0.6,2.5,98,-2.475670171853926,0.3479327524001633
2013-10-12 01:00:00,21.7,96,1.4,2.5,98,-2.475670171853926,0.3479327524001633
2013-10-12 02:00:00,21.8,95,1.1,2.6,106,-2.499280409439629,0.716657125124198
2013-10-12 03:00:00,21.4,93,0.7000000000000001,2.6,106,-2.499280409439629,0.716657125124198
2013-10-12 04:00:00,21.4,93,0.5,2.6,106,-2.499280409439629,0.716657125124198
2013-10-12 05:00:00,21.6,93,0.4,2.6,106,-2.499280409439629,0.716657125124198
2013-10-12 06:00:00,21.8,92,0.1,2.5,90,-2.5,3.061616997868383e-16
2013-10-12 07:00:00,22.6,92,0.0,2.6,74,-2.499280409439629,-0.7166571251241974
2013-10-12 08:00:00,24.8,88,0.0,1.9,338,0.7117525274902327,-1.761649323676896
2013-10-12 09:00:00,26.0,84,0.0,3.3,311,2.4905416147351476,-2.1649947956686737
2013-10-12 10:00:00,27.0,80,0.0,6.0,295,5.437846722219899,-2.5357095704441965
2013-10-12 11:00:00,27.8,77,1.0,6.7,286,6.440453362786736,-1.8467702839738944
2013-10-12 12:00:00,28.2,75,2.2,5.5,281,5.3989495089621515,-1.0494494745709964
2013-10-12 13:00:00,27.6,78,1.2,4.7,266,4.688551036221174,0.3278554265973889
2013-10-12 14:00:00,27.2,78,1.1,4.8,243,4.276831316104166,2.1791543987498243
2013-10-12 15:00:00,27.4,78,1.3,5.4,233,4.312631754255381,3.2498011250210608
2013-10-12 16:00:00,26.3,86,2.1,5.4,222,3.6133052743378347,4.012982057577929
2013-10-12 17:00:00,25.5,88,1.2,4.2,211,2.1631599146222276,3.600102662948872
2013-10-12 18:00:00,24.8,91,0.3,4.4,215,2.5237363199446032,3.604268994871564
2013-10-12 19:00:00,24.1,94,0.2,4.3,222,2.8772616073430903,3.195522749552795
2013-10-12 20:00:00,23.5,95,0.0,4.0,207,1.8159619989581872,3.564026096753471
2013-10-12 21:00:00,23.5,95,0.1,1.1,180,6.735557395310444e-17,1.1
2013-10-12 22:00:00,23.2,95,0.1,2.1,149,-1.081579957311114,1.800051331474436
2013-10-12 23:00:00,23.3,95,0.5,2.5,135,-1.7677669529663687,1.7677669529663689
2013-10-13 00:00:00,22.8,94,0.9,3.5,156,-1.423578250765301,3.197409101749103
2013-10-13 01:00:00,22.3,96,1.3,5.0,180,3.061616997868383e-16,5.0
2013-10-13 02:00:00,22.2,98,1.5,5.4,188,0.7515347451843536,5.34744757120448
2013-10-13 03:00:00,22.1,96,1.8,5.9,191,1.125773072721615,5.791600382341218
2013-10-13 04:00:00,22.2,96,1.8,6.8,183,0.35588450245201897,6.790680836331102
2013-10-13 05:00:00,22.0,96,0.7000000000000001,7.0,168,-1.4553818357243153,6.84703320513664
2013-10-13 06:00:00,22.2,95,0.1,4.4,145,-2.5237363199446032,3.6042689948715636
2013-10-13 07:00:00,23.5,90,0.0,1.5,76,-1.4554435894139948,-0.3628828433995013
2013-10-13 08:00:00,24.8,88,0.0,2.6,326,1.4539015490239418,-2.1554976886431088
2013-10-13 09:00:00,25.7,83,0.0,3.8,319,2.4930243101639276,-2.8678964048465336
2013-10-13 10:00:00,26.6,80,0.2,4.6,309,3.5748714227020657,-2.8948737988292517
2013-10-13 11:00:00,27.1,79,1.7000000000000002,5.7,305,4.669166652447253,-3.2693856872009626
2013-10-13 12:00:00,27.3,76,1.4,5.2,295,4.7128004925905795,-2.197614961051637
2013-10-13 13:00:00,26.9,76,1.9,5.0,300,4.330127018922194,-2.4999999999999996
2013-10-13 14:00:00,26.5,78,1.9,4.7,302,3.9858260519352022,-2.490620541896063
2013-10-13 15:00:00,26.7,77,0.6,3.7,299,3.2360929164157644,-1.7937955949114472
2013-10-13 16:00:00,26.1,80,0.4,2.9,277,2.8783838397598336,-0.35342109587492765
2013-10-13 17:00:00,25.5,83,0.0,1.8,270,1.8,0.0
2013-10-13 18:00:00,24.4,88,0.0,3.3,229,2.4905416147351476,2.1649947956686737
2013-10-13 19:00:00,23.4,92,0.0,4.1,218,2.524212048835199,3.23084408978756
2013-10-13 20:00:00,23.1,94,0.1,4.3,204,1.7489675652259409,3.9282454678631837
2013-10-13 21:00:00,22.6,94,0.4,5.5,203,2.1490212066910055,5.062776693988422
2013-10-13 22:00:00,22.1,94,0.3,6.3,204,2.5624408513775414,5.755336383148386
2013-10-13 23:00:00,22.6,92,0.5,7.3,191,1.3929056662487778,7.165878439167947
2013-10-14 00:00:00,22.4,91,0.3,8.3,185,0.7233926648055626,8.268415994161488
2013-10-14 01:00:00,23.1,88,0.1,8.3,182,0.289665822630759,8.294943864258496
2013-10-14 02:00:00,23.1,88,0.1,6.5,177,-0.34018371557913496,6.49109197590473
2013-10-14 03:00:00,23.4,82,0.0,4.3,156,-1.748967565225941,3.9282454678631837
2013-10-14 04:00:00,23.2,82,0.0,4.6,141,-2.894873798829251,3.5748714227020666
2013-10-14 05:00:00,23.2,82,0.2,4.6,141,-2.894873798829251,3.5748714227020666
2013-10-14 06:00:00,23.0,82,0.2,5.8,150,-2.8999999999999986,5.022947341949744
2013-10-14 07:00:00,23.0,82,0.1,4.6,135,-3.252691193458118,3.2526911934581184
2013-10-14 08:00:00,24.3,82,0.0,2.5,135,-1.7677669529663687,1.7677669529663689
2013-10-14 09:00:00,24.9,83,0.0,2.2,279,2.1729143493093033,-0.34415582308850795
2013-10-14 10:00:00,25.7,81,0.0,4.2,290,3.9467090073008158,-1.4364846019678086
2013-10-14 11:00:00,26.1,81,0.2,5.7,288,5.421022142882375,-1.7613968679372003
2013-10-14 12:00:00,26.7,81,0.3,5.6,297,4.98963653545486,-2.5423467985414616
2013-10-14 13:00:00,26.4,80,0.9,6.1,310,4.6728711030257655,-3.921004419087889
2013-10-14 14:00:00,26.3,83,0.8,6.2,324,3.6442685642133337,-5.0159053651246746
2013-10-14 15:00:00,26.3,85,0.2,6.2,339,2.2218812871808624,-5.788198644282651
2013-10-14 16:00:00,25.8,77,0.2,5.1,352,0.7097828148963339,-5.050367150582009
2013-10-14 17:00:00,25.5,76,0.0,4.0,5,-0.348622970990633,-3.984778792366982
2013-10-14 18:00:00,24.5,83,0.0,4.1,345,1.061158084920335,-3.96029588778518
2013-10-14 19:00:00,24.7,77,0.0,3.6,354,0.3763024677635525,-3.580278823325784
2013-10-14 20:00:00,24.5,78,0.0,2.6,16,-0.7166571251241971,-2.4992804094396295
2013-10-14 21:00:00,23.5,82,0.0,1.9,22,-0.7117525274902333,-1.7616493236768958
2013-10-14 22:00:00,23.2,83,0.0,1.3,34,-0.7269507745119705,-1.0777488443215544
2013-10-14 23:00:00,22.5,84,0.0,1.3,34,-0.7269507745119705,-1.0777488443215544
2013-10-15 00:00:00,21.4,87,0.0,1.5,45,-1.0606601717798214,-1.0606601717798212
2013-10-15 01:00:00,20.6,89,0.0,2.4,63,-2.138415658052083,-1.089577199374912
2013-10-15 02:00:00,19.9,89,0.0,3.4,58,-2.8833635269318485,-1.8017254983928963
2013-10-15 03:00:00,18.4,95,0.0,3.7,61,-3.236092916415765,-1.7937955949114468
2013-10-15 04:00:00,18.0,95,0.0,3.6,53,-2.875087836170254,-2.1665340833473743
2013-10-15 05:00:00,18.0,94,0.0,4.6,45,-3.2526911934581193,-3.252691193458118
2013-10-15 06:00:00,17.8,91,0.0,6.6,45,-4.666904755831214,-4.666904755831213
2013-10-15 07:00:00,19.9,88,0.0,6.2,36,-3.644268564213334,-5.015905365124674
2013-10-15 08:00:00,23.2,78,0.0,8.8,12,-1.8296228791962863,-8.60769888645749
2013-10-15 09:00:00,24.0,76,0.0,10.8,360,6.613092715395707e-16,-10.8
2013-10-15 10:00:00,24.6,74,0.0,11.2,354,1.1707187885977186,-11.13864522812466
2013-10-15 11:00:00,25.3,72,0.0,12.0,353,1.4624321208617699,-11.910553819695863
2013-10-15 12:00:00,25.7,69,0.0,13.2,349,2.518678738970393,-12.957478821509163
2013-10-15 13:00:00,25.7,68,0.0,13.9,350,2.413709669570333,-13.688827766869691
2013-10-15 14:00:00,25.5,68,0.0,14.2,353,1.7305446763530943,-14.094155353306771
2013-10-15 15:00:00,25.3,67,0.0,13.1,352,1.8231676225768576,-12.972511700514572
2013-10-15 16:00:00,24.6,71,0.0,11.6,353,1.4136843834997108,-11.513535359039334
2013-10-15 17:00:00,23.5,74,0.0,9.1,351,1.4235536318661013,-8.987963899415753
2013-10-15 18:00:00,22.3,78,0.0,9.2,339,3.2969851358167634,-8.588939923774255
2013-10-15 19:00:00,21.2,85,0.0,9.0,358,0.31409547032250973,-8.994517443171862
2013-10-15 20:00:00,21.6,78,0.0,6.8,360,4.1637991171010006e-16,-6.8
2013-10-15 21:00:00,20.3,84,0.0,2.9,360,1.7757378587636622e-16,-2.9
2013-10-15 22:00:00,19.6,88,0.0,0.0,270,0.0,0.0
2013-10-15 23:00:00,19.2,90,0.0,1.5,135,-1.0606601717798212,1.0606601717798214
2013-10-16 00:00:00,19.2,91,0.0,3.8,139,-2.493024310163927,2.867896404846534
2013-10-16 01:00:00,19.2,91,0.1,4.2,149,-2.163159914622228,3.600102662948872
2013-10-16 02:00:00,19.1,91,0.1,1.8,180,1.1021821192326179e-16,1.8
2013-10-16 03:00:00,20.6,84,0.0,1.6,297,1.4256104387013888,-0.7263847995832748
2013-10-16 04:00:00,20.3,84,0.0,3.1,339,1.1109406435904312,-2.8940993221413254
2013-10-16 05:00:00,19.7,84,0.0,5.4,20,-1.8469087739586103,-5.074340152243906
2013-10-16 06:00:00,18.6,87,0.0,6.6,29,-3.199743493625823,-5.772490067120013
2013-10-16 07:00:00,18.9,89,0.0,7.8,13,-1.7546182238821488,-7.600086505324834
2013-10-16 08:00:00,21.2,75,0.0,9.8,6,-1.024378940023003,-9.74631457460908
2013-10-16 09:00:00,21.9,71,0.0,11.2,4,-0.7812725059342065,-11.17271736291003
2013-10-16 10:00:00,22.8,67,0.0,11.5,356,0.8021994480574401,-11.471986577987979
2013-10-16 11:00:00,23.6,63,0.0,12.0,351,1.877213580482771,-11.852260087141653
2013-10-16 12:00:00,24.1,60,0.0,12.4,350,2.1532374030699373,-12.21161613735138
2013-10-16 13:00:00,24.2,60,0.0,14.7,349,2.8048922320352103,-14.42991959668066
2013-10-16 14:00:00,23.9,61,0.0,16.0,351,2.502951440643695,-15.803013449522204
2013-10-16 15:00:00,23.3,63,0.0,15.2,355,1.3247672897644036,-15.142159410994532
2013-10-16 16:00:00,22.5,67,0.0,13.0,354,1.358870022479495,-12.928784639787553
2013-10-16 17:00:00,21.3,70,0.0,9.2,349,1.755442757464213,-9.030970087718508
2013-10-16 18:00:00,19.6,79,0.0,9.3,347,2.092044805397944,-9.06164160250269
2013-10-16 19:00:00,19.8,71,0.0,6.9,9,-1.0793978087775942,-6.81504955010645
2013-10-16 20:00:00,19.5,72,0.0,4.4,351,0.6883116461770161,-4.3458286986186065
2013-10-16 21:00:00,19.1,73,0.0,2.9,353,0.3534210958749277,-2.8783838397598336
2013-10-16 22:00:00,18.4,77,0.0,2.3,18,-0.7107390870623793,-2.1874299874788528
2013-10-16 23:00:00,17.6,80,0.0,2.5,45,-1.7677669529663693,-1.7677669529663687
2013-10-17 00:00:00,17.5,81,0.0,2.4,63,-2.138415658052083,-1.089577199374912
2013-10-17 01:00:00,16.8,83,0.0,2.9,90,-2.9,3.5514757175273243e-16
2013-10-17 02:00:00,16.3,85,0.0,2.9,83,-2.878383839759834,-0.3534210958749272
2013-10-17 03:00:00,15.0,86,0.0,2.8,130,-2.144924440733138,1.7998053071223103
2013-10-17 04:00:00,14.3,89,0.0,3.4,148,-1.8017254983928963,2.8833635269318485
2013-10-17 05:00:00,14.1,90,0.0,3.9,158,-1.4609657143220571,3.616017032810471
2013-10-17 06:00:00,14.1,92,0.0,5.7,162,-1.7613968679371999,5.421022142882376
2013-10-17 07:00:00,16.0,92,0.1,4.5,166,-1.088648530198505,4.366330768241984
2013-10-17 08:00:00,20.0,81,0.0,3.3,221,2.1649947956686737,2.4905416147351476
2013-10-17 09:00:00,21.3,76,0.0,3.4,252,3.233592155403522,1.0506577808748212
2013-10-17 10:00:00,22.5,73,0.0,5.4,266,5.386845871403051,0.37668495821827663
2013-10-17 11:00:00,23.3,72,0.0,6.2,277,6.153786140176196,-0.7555899291119144
2013-10-17 12:00:00,23.8,71,0.0,7.4,284,7.180188374442374,-1.7902220274375413
2013-10-17 13:00:00,23.8,71,0.0,7.6,289,7.185941174554808,-2.474317973874391
2013-10-17 14:00:00,23.9,70,0.0,8.4,295,7.61298541110786,-3.5499933986218752
2013-10-17 15:00:00,23.4,70,0.0,9.3,306,7.523858047687012,-5.46640284632
2013-10-17 16:00:00,22.8,72,0.0,8.7,318,5.821436275322066,-6.46535998165333
2013-10-17 17:00:00,21.7,75,0.0,5.8,338,2.1727182418122895,-5.377666356487367
2013-10-17 18:00:00,20.7,80,0.1,7.5,343,2.192787785420526,-7.172285669722766
2013-10-17 19:00:00,19.8,86,0.2,7.0,348,1.4553818357243162,-6.847033205136639
2013-10-17 20:00:00,19.1,89,0.1,4.7,356,0.3278554265973886,-4.688551036221174
2013-10-17 21:00:00,18.5,90,0.0,1.9,22,-0.7117525274902333,-1.7616493236768958
2013-10-17 22:00:00,17.9,92,0.0,1.1,72,-1.046162167924669,-0.33991869381244205
2013-10-17 23:00:00,18.2,92,0.0,2.9,187,0.3534210958749277,2.8783838397598336
2013-10-18 00:00:00,18.2,93,0.1,5.4,180,3.3065463576978537e-16,5.4
2013-10-18 01:00:00,18.1,94,0.2,5.4,172,-0.7515347451843529,5.34744757120448
2013-10-18 02:00:00,18.0,94,0.0,6.2,173,-0.7555899291119137,6.153786140176197
2013-10-18 03:00:00,18.4,92,0.0,6.6,158,-2.4724035165450196,6.1194134401407965
2013-10-18 04:00:00,18.4,92,0.0,6.3,156,-2.5624408513775414,5.755336383148386
2013-10-18 05:00:00,18.4,90,0.0,4.0,170,-0.6945927106677212,3.939231012048832
2013-10-18 06:00:00,19.0,88,0.0,3.2,180,1.9594348786357652e-16,3.2
2013-10-18 07:00:00,19.4,89,0.0,2.6,164,-0.7166571251241975,2.499280409439629
2013-10-18 08:00:00,21.3,84,0.0,2.8,230,2.1449244407331385,1.7998053071223097
2013-10-18 09:00:00,22.3,82,0.0,3.2,270,3.2,0.0
2013-10-18 10:00:00,23.2,79,0.0,3.7,299,3.2360929164157644,-1.7937955949114472
2013-10-18 11:00:00,24.2,76,0.0,5.1,309,3.963444403430551,-3.2095339943541705
2013-10-18 12:00:00,24.7,75,0.0,7.7,307,6.149493427364155,-4.6339756782707715
2013-10-18 13:00:00,24.9,74,0.0,8.9,310,6.817795543758905,-5.7208097262102
2013-10-18 14:00:00,24.5,73,0.5,9.4,320,6.04220353105347,-7.200817765318393
2013-10-18 15:00:00,24.1,73,0.4,8.7,330,4.3500000000000005,-7.534421012924615
2013-10-18 16:00:00,23.5,76,0.0,7.0,339,2.5085756468171025,-6.535062985480412
2013-10-18 17:00:00,23.0,77,0.0,5.0,339,1.791839747726502,-4.667902132486009
2013-10-18 18:00:00,21.7,87,0.0,5.1,321,3.209533994354171,-3.963444403430551
2013-10-18 19:00:00,21.0,88,0.0,4.8,333,2.1791543987498248,-4.276831316104166
2013-10-18 20:00:00,20.5,88,0.0,5.2,335,2.197614961051637,-4.7128004925905795
2013-10-18 21:00:00,20.4,88,0.0,5.0,339,1.791839747726502,-4.667902132486009
2013-10-18 22:00:00,20.0,90,0.0,2.9,353,0.3534210958749277,-2.8783838397598336
2013-10-18 23:00:00,19.6,92,0.0,0.7000000000000001,360,4.2862637970157366e-17,-0.7000000000000001
2013-10-19 00:00:00,19.2,93,0.0,0.4,270,0.4,0.0
2013-10-19 01:00:00,18.9,93,0.0,1.3,236,1.0777488443215542,0.726950774511971
2013-10-19 02:00:00,18.7,93,0.0,1.5,256,1.4554435894139948,0.3628828433995016
2013-10-19 03:00:00,19.8,93,0.0,1.5,284,1.4554435894139948,-0.3628828433995016
2013-10-19 04:00:00,20.0,93,0.0,1.0,315,0.7071067811865476,-0.7071067811865475
2013-10-19 05:00:00,19.9,94,0.0,0.8,297,0.7128052193506944,-0.3631923997916374
2013-10-19 06:00:00,19.7,95,0.0,1.3,326,0.7269507745119709,-1.0777488443215544
2013-10-19 07:00:00,20.2,95,0.0,1.3,326,0.7269507745119709,-1.0777488443215544
2013-10-19 08:00:00,22.0,89,0.0,2.5,315,1.7677669529663689,-1.7677669529663687
2013-10-19 09:00:00,23.1,83,0.1,3.9,304,3.2332465329646625,-2.180852323535913
2013-10-19 10:00:00,24.3,79,0.1,5.2,295,4.7128004925905795,-2.197614961051637
2013-10-19 11:00:00,25.3,75,0.0,5.4,290,5.074340152243906,-1.8469087739586112
2013-10-19 12:00:00,25.7,73,0.1,7.3,281,7.165878439167947,-1.392905666248777
2013-10-19 13:00:00,25.7,74,0.2,7.5,287,7.172285669722766,-2.192787785420526
2013-10-19 14:00:00,25.6,74,0.2,7.4,293,6.811735915548059,-2.891410350820626
2013-10-19 15:00:00,24.9,74,0.3,6.4,308,5.043268823083021,-3.9402334420842133
2013-10-19 16:00:00,24.6,76,0.0,6.4,322,3.9402334420842133,-5.043268823083022
2013-10-19 17:00:00,23.8,78,0.0,5.0,339,1.791839747726502,-4.667902132486009
2013-10-19 18:00:00,22.6,87,0.0,5.9,317,4.023790324368742,-4.314986839553106
2013-10-19 19:00:00,21.6,90,0.0,5.0,330,2.5000000000000004,-4.330127018922193
2013-10-19 20:00:00,21.0,91,0.0,3.6,323,2.1665340833473743,-2.875087836170254
2013-10-19 21:00:00,20.7,91,0.0,3.6,315,2.5455844122715714,-2.545584412271571
2013-10-19 22:00:00,20.5,91,0.0,3.3,319,2.1649947956686737,-2.4905416147351476
2013-10-19 23:00:00,20.4,92,0.2,3.1,339,1.1109406435904312,-2.8940993221413254
2013-10-20 00:00:00,20.6,91,0.2,2.4,333,1.0895771993749124,-2.138415658052083
2013-10-20 01:00:00,20.9,91,0.4,1.8,323,1.0832670416736871,-1.437543918085127
2013-10-20 02:00:00,20.9,90,0.4,1.3,326,0.7269507745119709,-1.0777488443215544
2013-10-20 03:00:00,21.1,88,0.0,1.1,360,6.735557395310444e-17,-1.1
2013-10-20 04:00:00,20.8,89,0.0,1.8,349,0.34345619167778085,-1.7669289302057951
2013-10-20 05:00:00,20.7,90,0.0,2.3,342,0.7107390870623791,-2.1874299874788528
2013-10-20 06:00:00,20.4,91,0.0,3.4,18,-1.0506577808748216,-3.233592155403522
2013-10-20 07:00:00,20.7,89,0.0,3.2,360,1.9594348786357652e-16,-3.2
2013-10-20 08:00:00,22.0,86,0.0,6.2,350,1.0766187015349686,-6.10580806867569
2013-10-20 09:00:00,23.2,80,0.0,7.6,352,1.0577155672964975,-7.5260373224359345
2013-10-20 10:00:00,24.5,75,0.0,8.1,347,1.8221035401853058,-7.892397524760405
2013-10-20 11:00:00,25.1,72,0.0,9.7,338,3.633683956134346,-8.993683389297837
2013-10-20 12:00:00,25.3,71,0.0,12.0,339,4.300415394543604,-11.202965117966421
2013-10-20 13:00:00,25.3,71,0.0,13.1,344,3.610849361202689,-12.592528216791978
2013-10-20 14:00:00,25.3,70,0.0,14.1,347,3.1718098662484953,-13.738617913471817
2013-10-20 15:00:00,25.0,69,0.0,14.8,347,3.329275604289201,-14.420676958821483
2013-10-20 16:00:00,24.2,71,0.0,13.6,349,2.5950023371210107,-13.35012969488823
2013-10-20 17:00:00,23.0,75,0.0,9.8,352,1.3638963894086416,-9.70462707366739
2013-10-20 18:00:00,21.6,80,0.0,9.2,349,1.755442757464213,-9.030970087718508
2013-10-20 19:00:00,20.5,86,0.0,8.6,358,0.3001356716415093,-8.594761112364223
2013-10-20 20:00:00,21.1,80,0.0,8.3,358,0.289665822630759,-8.294943864258496
2013-10-20 21:00:00,21.0,80,0.0,7.3,351,1.1419715947936857,-7.210124886344506
2013-10-20 22:00:00,20.9,80,0.0,4.7,4,-0.32785542659739025,-4.688551036221174
2013-10-20 23:00:00,20.7,81,0.0,4.4,9,-0.6883116461770166,-4.345828698618606
2013-10-21 00:00:00,20.5,82,0.0,3.9,22,-1.460965714322058,-3.6160170328104706
2013-10-21 01:00:00,19.8,84,0.0,3.6,45,-2.545584412271572,-2.545584412271571
2013-10-21 02:00:00,19.9,84,0.0,3.8,49,-2.867896404846534,-2.4930243101639267
2013-10-21 03:00:00,19.6,85,0.0,3.8,41,-2.4930243101639276,-2.8678964048465336
2013-10-21 04:00:00,19.7,84,0.0,3.8,41,-2.4930243101639276,-2.8678964048465336
2013-10-21 05:00:00,19.7,83,0.0,4.1,38,-2.524212048835198,-3.2308440897875603
2013-10-21 06:00:00,19.6,82,0.0,5.0,60,-4.330127018922193,-2.5000000000000004
2013-10-21 07:00:00,19.8,82,0.0,4.8,48,-3.5670951622914924,-3.2118269105225195
2013-10-21 08:00:00,22.0,75,0.0,7.7,11,-1.4692292643993936,-7.558529312547013
2013-10-21 09:00:00,23.0,71,0.0,9.7,356,0.6766377953180147,-9.676371287520293
2013-10-21 10:00:00,24.1,68,0.0,10.9,351,1.705135668938517,-10.765802912487002
2013-10-21 11:00:00,24.6,67,0.0,12.5,348,2.598896135221993,-12.22684500917257
2013-10-21 12:00:00,24.9,66,0.0,13.6,348,2.8275989951215283,-13.302807369979755
2013-10-21 13:00:00,25.1,65,0.0,15.0,349,2.862134930648174,-14.72440775171496
2013-10-21 14:00:00,24.7,66,0.0,15.4,349,2.9384585287987917,-15.117058625094026
2013-10-21 15:00:00,24.1,67,0.0,15.2,346,3.6772128131149486,-14.748495039395145
2013-10-21 16:00:00,23.4,70,0.0,13.7,346,3.314329969715447,-13.293051449981151
2013-10-21 17:00:00,21.9,74,0.0,11.4,349,2.175222547292612,-11.19054989130337
2013-10-21 18:00:00,20.5,79,0.0,11.4,349,2.175222547292612,-11.19054989130337
2013-10-21 19:00:00,19.5,86,0.0,9.8,354,1.024378940023004,-9.746314574609078
2013-10-21 20:00:00,19.5,82,0.0,7.7,349,1.4692292643993958,-7.558529312547013
2013-10-21 21:00:00,19.9,78,0.0,6.3,347,1.4171916423663489,-6.1385314081469815
2013-10-21 22:00:00,19.7,78,0.0,5.5,11,-1.0494494745709955,-5.3989495089621515
2013-10-21 23:00:00,19.6,78,0.0,4.8,27,-2.179154398749825,-4.276831316104166
2013-10-22 00:00:00,19.3,78,0.0,3.8,41,-2.4930243101639276,-2.8678964048465336
2013-10-22 01:00:00,18.6,81,0.0,3.8,41,-2.4930243101639276,-2.8678964048465336
2013-10-22 02:00:00,16.6,89,0.0,4.6,39,-2.894873798829254,-3.5748714227020644
2013-10-22 03:00:00,18.7,78,0.0,5.5,32,-2.9145559532826275,-4.664264528860342
2013-10-22 04:00:00,18.3,77,0.0,6.4,43,-4.364789504399991,-4.6806636903626915
2013-10-22 05:00:00,18.4,75,0.0,6.2,36,-3.644268564213334,-5.015905365124674
2013-10-22 06:00:00,18.6,73,0.0,5.6,15,-1.4493866525741155,-5.4091846272187825
2013-10-22 07:00:00,18.7,73,0.0,5.9,11,-1.1257730727216133,-5.791600382341218
2013-10-22 08:00:00,20.2,72,0.0,9.0,355,0.7844016847289232,-8.96575228282571
2013-10-22 09:00:00,21.4,68,0.0,10.9,354,1.1393602496174227,-10.84028865951418
2013-10-22 10:00:00,22.4,64,0.0,10.9,351,1.705135668938517,-10.765802912487002
2013-10-22 11:00:00,23.2,62,0.0,11.4,349,2.175222547292612,-11.19054989130337
2013-10-22 12:00:00,23.7,61,0.0,12.6,347,2.8343832847326977,-12.277062816293963
2013-10-22 13:00:00,23.9,60,0.0,14.1,345,3.6493485359455424,-13.619554150675864
2013-10-22 14:00:00,23.7,60,0.0,15.5,348,3.2226312076752714,-15.161287811373986
2013-10-22 15:00:00,23.2,60,0.0,16.1,350,2.79573566043758,-15.855404823496551
2013-10-22 16:00:00,22.3,64,0.0,14.9,352,2.0736792043049754,-14.7549942242494
2013-10-22 17:00:00,20.8,68,0.0,11.2,358,0.3908743630680121,-11.193177262613872
2013-10-22 18:00:00,19.4,73,0.0,12.6,357,0.659433048661094,-12.58273213790763
2013-10-22 19:00:00,18.1,81,0.0,11.9,3,-0.6227978792910372,-11.88369146357943
2013-10-22 20:00:00,18.0,77,0.0,10.1,6,-1.055737479003299,-10.044671143219562
2013-10-22 21:00:00,18.2,75,0.0,7.7,11,-1.4692292643993936,-7.558529312547013
2013-10-22 22:00:00,17.0,79,0.0,5.0,360,3.061616997868383e-16,-5.0
2013-10-22 23:00:00,16.2,83,0.0,3.6,6,-0.3763024677635521,-3.5802788233257843
2013-10-23 00:00:00,15.3,88,0.0,2.3,39,-1.447436899414627,-1.7874357113510322
2013-10-23 01:00:00,15.1,90,0.0,1.8,53,-1.437543918085127,-1.0832670416736871
2013-10-23 02:00:00,15.2,90,0.0,2.3,72,-2.187429987478853,-0.7107390870623786
2013-10-23 03:00:00,18.1,79,0.0,3.2,63,-2.8512208774027776,-1.4527695991665495
2013-10-23 04:00:00,18.6,78,0.0,3.1,36,-1.822134282106667,-2.507952682562337
2013-10-23 05:00:00,18.7,79,0.0,4.4,9,-0.6883116461770166,-4.345828698618606
2013-10-23 06:00:00,18.5,81,0.0,4.0,5,-0.348622970990633,-3.984778792366982
2013-10-23 07:00:00,17.4,86,0.0,4.0,10,-0.6945927106677213,-3.939231012048832
2013-10-23 08:00:00,19.9,82,0.0,6.9,351,1.0793978087775935,-6.815049550106451
2013-10-23 09:00:00,21.1,79,0.0,10.7,348,2.224655091750026,-10.46617932785172
2013-10-23 10:00:00,22.2,74,0.0,13.4,352,1.8649195528648772,-13.269592121137043
2013-10-23 11:00:00,23.0,70,0.0,14.9,352,2.0736792043049754,-14.7549942242494
2013-10-23 12:00:00,23.3,68,0.0,16.7,353,2.035218034865963,-16.575520732410077
2013-10-23 13:00:00,22.6,70,0.0,18.2,351,2.8471072637322026,-17.975927798831506
2013-10-23 14:00:00,22.3,72,0.0,18.1,353,2.2058351156331697,-17.96508534470793
2013-10-23 15:00:00,21.6,73,0.0,17.8,352,2.4772811970891655,-17.626771623599954
2013-10-23 16:00:00,20.9,74,0.0,16.8,351,2.6280990126758796,-16.593164121998313
2013-10-23 17:00:00,19.8,76,0.0,12.3,353,1.4989929238833142,-12.208317665188261
2013-10-23 18:00:00,18.6,80,0.0,11.5,356,0.8021994480574401,-11.471986577987979
2013-10-23 19:00:00,17.5,87,0.0,10.4,2,-0.36295476570600793,-10.393664600998596
2013-10-23 20:00:00,17.1,85,0.0,7.3,9,-1.1419715947936866,-7.210124886344505
2013-10-23 21:00:00,17.1,84,0.0,4.3,360,2.632990618166809e-16,-4.3
2013-10-23 22:00:00,16.9,85,0.0,4.7,356,0.3278554265973886,-4.688551036221174
2013-10-23 23:00:00,16.8,86,0.0,4.7,360,2.8779199779962803e-16,-4.7
2013-10-24 00:00:00,17.0,86,0.0,5.7,18,-1.7613968679372012,-5.421022142882375
2013-10-24 01:00:00,17.3,86,0.0,7.3,20,-2.49674704627738,-6.859756131737131
2013-10-24 02:00:00,17.8,84,0.0,8.4,20,-2.872969203935616,-7.8934180146016315
2013-10-24 03:00:00,16.1,89,0.0,9.6,20,-3.283393375926418,-9.02104915954472
2013-10-24 04:00:00,15.3,91,0.0,10.7,14,-2.5885642829164452,-10.382164271153162
2013-10-24 05:00:00,15.3,91,0.0,11.4,13,-2.564442019520064,-11.10781873855168
2013-10-24 06:00:00,15.4,90,0.0,12.1,12,-2.5157314588948934,-11.835585968879046
2013-10-24 07:00:00,16.2,90,0.0,10.2,10,-1.7712114122026892,-10.045039080724521
2013-10-24 08:00:00,19.2,84,0.0,14.4,360,8.817456953860943e-16,-14.4
2013-10-24 09:00:00,19.9,80,0.0,17.3,360,1.0593194812624606e-15,-17.3
2013-10-24 10:00:00,21.1,75,0.0,19.1,360,1.1695376931857224e-15,-19.1
2013-10-24 11:00:00,21.7,73,0.0,20.2,360,1.2368932671388266e-15,-20.2
2013-10-24 12:00:00,22.4,71,0.0,20.5,359,0.35777433196431374,-20.49687775070602
2013-10-24 13:00:00,22.5,71,0.0,20.9,356,1.4579103012522172,-20.849088650430325
2013-10-24 14:00:00,22.0,72,0.0,22.0,355,1.917426340448479,-21.9162833580184
2013-10-24 15:00:00,21.0,76,0.0,20.2,355,1.7605460035026943,-20.12313290145326
2013-10-24 16:00:00,20.2,78,0.0,18.4,358,0.6421507393260198,-18.38879121715136
2013-10-24 17:00:00,19.2,80,0.0,13.7,358,0.4781231048242648,-13.691654330161612
2013-10-24 18:00:00,18.2,82,0.0,12.6,360,7.715274834628325e-16,-12.6
2013-10-24 19:00:00,17.2,86,0.0,11.9,3,-0.6227978792910372,-11.88369146357943
2013-10-24 20:00:00,16.3,87,0.0,11.2,6,-1.1707187885977175,-11.13864522812466
2013-10-24 21:00:00,15.9,85,0.0,9.8,8,-1.363896389408645,-9.704627073667389
2013-10-24 22:00:00,15.9,82,0.0,7.5,17,-2.192787785420528,-7.172285669722765
2013-10-24 23:00:00,16.1,81,0.0,7.3,20,-2.49674704627738,-6.859756131737131
2013-10-25 00:00:00,16.6,78,0.0,7.3,20,-2.49674704627738,-6.859756131737131
2013-10-25 01:00:00,17.1,76,0.0,9.2,21,-3.296985135816766,-8.588939923774255
2013-10-25 02:00:00,17.0,74,0.0,11.3,17,-3.3038002633669294,-10.8062437423823
2013-10-25 03:00:00,14.8,79,0.0,12.0,16,-3.3076482698039866,-11.535140351259829
2013-10-25 04:00:00,14.8,79,0.0,12.1,17,-3.537697627145119,-11.571287547152727
2013-10-25 05:00:00,15.2,76,0.0,12.2,19,-3.971931484377311,-11.535326622311665
2013-10-25 06:00:00,15.9,72,0.0,11.1,25,-4.691062705321761,-10.060016436106816
2013-10-25 07:00:00,16.0,75,0.0,10.3,12,-2.141490415422926,-10.074920287558198
2013-10-25 08:00:00,18.4,70,0.0,11.9,3,-0.6227978792910372,-11.88369146357943
2013-10-25 09:00:00,19.7,68,0.0,13.3,3,-0.6960682180311593,-13.281772812235833
2013-10-25 10:00:00,20.5,66,0.0,14.4,360,8.817456953860943e-16,-14.4
2013-10-25 11:00:00,21.5,64,0.0,14.8,360,9.062386313690414e-16,-14.8
2013-10-25 12:00:00,22.0,63,0.0,15.5,356,1.0812253430339411,-15.462242779027275
2013-10-25 13:00:00,22.1,62,0.0,17.1,353,2.083965772228022,-16.972539193066606
2013-10-25 14:00:00,21.5,63,0.0,17.4,353,2.120526575249566,-17.270303038559
2013-10-25 15:00:00,21.2,64,0.0,17.1,352,2.3798600264171195,-16.933583975480854
2013-10-25 16:00:00,20.4,66,0.0,14.5,354,1.5156627173809751,-14.420567482839962
2013-10-25 17:00:00,19.1,70,0.0,10.4,358,0.36295476570601126,-10.393664600998596
2013-10-25 18:00:00,18.0,72,0.0,10.9,354,1.1393602496174227,-10.84028865951418
2013-10-25 19:00:00,17.1,79,0.0,9.8,8,-1.363896389408645,-9.704627073667389
2013-10-25 20:00:00,17.4,72,0.0,8.3,5,-0.7233926648055635,-8.268415994161488
2013-10-25 21:00:00,17.4,69,0.0,6.8,357,0.35588450245201897,-6.790680836331102
2013-10-25 22:00:00,17.4,69,0.0,5.1,356,0.35575801609503865,-5.087576656325103
2013-10-25 23:00:00,17.2,69,0.0,4.7,351,0.7352419856890854,-4.6421352007971475
2013-10-26 00:00:00,17.0,69,0.0,5.9,349,1.125773072721615,-5.791600382341218
2013-10-26 01:00:00,16.7,69,0.0,4.4,9,-0.6883116461770166,-4.345828698618606
2013-10-26 02:00:00,16.5,69,0.0,4.0,10,-0.6945927106677213,-3.939231012048832
2013-10-26 03:00:00,17.4,64,0.0,4.0,10,-0.6945927106677213,-3.939231012048832
2013-10-26 04:00:00,16.9,66,0.0,5.2,16,-1.4333142502483942,-4.998560818879259
2013-10-26 05:00:00,16.7,66,0.0,6.0,17,-1.7542302283364226,-5.7378285357782115
2013-10-26 06:00:00,16.5,66,0.0,6.3,31,-3.2447398719333433,-5.400153994423306
2013-10-26 07:00:00,16.7,67,0.0,7.1,15,-1.8376152202278964,-6.858073366652385
2013-10-26 08:00:00,17.8,69,0.0,8.3,5,-0.7233926648055635,-8.268415994161488
2013-10-26 09:00:00,19.4,63,0.0,10.1,6,-1.055737479003299,-10.044671143219562
2013-10-26 10:00:00,20.2,61,0.0,10.5,6,-1.0975488643103604,-10.442479901366871
2013-10-26 11:00:00,21.3,57,0.0,10.8,358,0.3769145643870117,-10.793420931806235
2013-10-26 12:00:00,22.3,54,0.0,11.4,349,2.175222547292612,-11.19054989130337
2013-10-26 13:00:00,22.6,54,0.0,12.2,346,2.9514471263159456,-11.837607860567156
2013-10-26 14:00:00,22.4,54,0.0,12.8,344,3.5281581544575893,-12.304149708010483
2013-10-26 15:00:00,21.6,58,0.0,13.5,344,3.7211043035294886,-12.977032895167305
2013-10-26 16:00:00,20.6,62,0.0,11.5,346,2.782101799396178,-11.15840085217396
2013-10-26 17:00:00,19.3,66,0.0,7.4,346,1.7902220274375409,-7.180188374442374
2013-10-26 18:00:00,17.7,77,0.0,5.2,335,2.197614961051637,-4.7128004925905795
2013-10-26 19:00:00,17.8,69,0.0,2.2,9,-0.3441558230885083,-2.172914349309303
2013-10-26 20:00:00,17.0,73,0.0,0.5,45,-0.35355339059327384,-0.35355339059327373
2013-10-26 21:00:00,15.3,80,0.0,0.4,90,-0.4,4.898587196589413e-17
2013-10-26 22:00:00,14.5,83,0.1,1.8,90,-1.8,2.2043642384652358e-16
2013-10-26 23:00:00,14.7,83,0.2,1.5,104,-1.4554435894139948,0.3628828433995016
2013-10-27 00:00:00,14.9,83,0.2,1.1,108,-1.0461621679246689,0.3399186938124423
2013-10-27 01:00:00,15.4,82,0.3,1.0,45,-0.7071067811865477,-0.7071067811865475
2013-10-27 02:00:00,15.6,82,0.5,2.0,45,-1.4142135623730954,-1.414213562373095
2013-10-27 03:00:00,16.7,78,0.5,2.3,51,-1.7874357113510326,-1.4474368994146265
2013-10-27 04:00:00,15.8,82,0.2,2.7,67,-2.485363104321589,-1.0549740469210387
2013-10-27 05:00:00,16.4,81,0.0,2.3,51,-1.7874357113510326,-1.4474368994146265
2013-10-27 06:00:00,16.8,80,0.0,1.8,90,-1.8,2.2043642384652358e-16
2013-10-27 07:00:00,16.8,81,0.0,1.8,90,-1.8,2.2043642384652358e-16
2013-10-27 08:00:00,18.4,81,0.0,0.8,333,0.3631923997916375,-0.7128052193506943
2013-10-27 09:00:00,20.0,73,0.0,2.7,293,2.485363104321589,-1.0549740469210394
2013-10-27 10:00:00,21.3,69,0.0,4.7,270,4.7,0.0
2013-10-27 11:00:00,22.1,68,0.0,7.6,278,7.5260373224359345,-1.0577155672964973
2013-10-27 12:00:00,22.5,68,0.1,8.5,282,8.314254606237348,-1.7672493719509543
2013-10-27 13:00:00,22.6,67,0.3,9.1,288,8.654614298285896,-2.8120546488120213
2013-10-27 14:00:00,22.5,65,0.3,8.2,293,7.54813979831001,-3.2039952536120446
2013-10-27 15:00:00,21.7,64,0.0,5.8,300,5.022947341949744,-2.8999999999999995
2013-10-27 16:00:00,21.5,64,0.0,3.8,311,2.8678964048465336,-2.4930243101639276
2013-10-27 17:00:00,20.7,70,0.0,4.2,301,3.600102662948872,-2.1631599146222276
2013-10-27 18:00:00,20.2,65,0.0,1.9,248,1.761649323676896,0.7117525274902328
2013-10-27 19:00:00,19.5,67,0.0,2.3,162,-0.7107390870623789,2.187429987478853
2013-10-27 20:00:00,19.1,69,0.0,2.2,180,1.3471114790620887e-16,2.2
2013-10-27 21:00:00,16.9,80,0.0,3.1,159,-1.1109406435904308,2.8940993221413254
2013-10-27 22:00:00,15.9,85,0.0,4.1,165,-1.0611580849203355,3.96029588778518
2013-10-27 23:00:00,15.4,88,0.0,4.8,167,-1.079765060850552,4.676976310969129
2013-10-28 00:00:00,15.3,88,0.3,5.6,165,-1.4493866525741166,5.4091846272187825
2013-10-28 01:00:00,15.5,87,0.2,4.8,167,-1.079765060850552,4.676976310969129
2013-10-28 02:00:00,16.1,85,0.2,3.2,153,-1.4527695991665495,2.8512208774027776
2013-10-28 03:00:00,17.8,80,0.6,2.8,130,-2.144924440733138,1.7998053071223103
2013-10-28 04:00:00,17.7,80,0.5,2.4,117,-2.138415658052083,1.0895771993749124
2013-10-28 05:00:00,17.2,81,0.4,2.7,113,-2.485363104321589,1.0549740469210394
2013-10-28 06:00:00,17.0,82,0.3,3.4,122,-2.883363526931848,1.8017254983928965
2013-10-28 07:00:00,17.5,80,0.2,2.3,129,-1.7874357113510329,1.4474368994146258
2013-10-28 08:00:00,18.6,87,0.2,1.5,194,0.3628828433995015,1.4554435894139948
2013-10-28 09:00:00,20.3,77,0.1,2.9,240,2.511473670974872,1.4499999999999997
2013-10-28 10:00:00,20.7,74,0.2,4.3,265,4.283637201794505,0.3747696938149301
2013-10-28 11:00:00,21.7,71,0.0,5.9,281,5.791600382341218,-1.1257730727216144
2013-10-28 12:00:00,22.5,68,0.0,7.9,294,7.217009115376547,-3.2132194802988217
2013-10-28 13:00:00,22.7,66,0.0,8.3,304,6.881011852206846,-4.6413010988072
2013-10-28 14:00:00,22.3,64,0.0,6.7,306,5.420413862312148,-3.93816119035957
2013-10-28 15:00:00,22.1,63,0.0,6.4,313,4.6806636903626915,-4.36478950439999
2013-10-28 16:00:00,21.6,65,0.0,6.0,327,3.2678342100901627,-5.032023407672544
2013-10-28 17:00:00,20.5,74,0.0,6.4,333,2.9055391983331,-5.702441754805554
2013-10-28 18:00:00,20.3,69,0.0,5.4,360,3.3065463576978537e-16,-5.4
2013-10-28 19:00:00,19.9,69,0.0,5.9,14,-1.42733918403804,-5.7247447850283795
2013-10-28 20:00:00,19.8,69,0.0,5.1,39,-3.2095339943541727,-3.96344440343055
2013-10-28 21:00:00,19.7,70,0.0,3.9,56,-3.233246532964663,-2.180852323535912
2013-10-28 22:00:00,19.3,71,0.0,3.0,76,-2.9108871788279895,-0.7257656867990026
2013-10-28 23:00:00,19.0,72,0.0,3.7,101,-3.632020578756357,0.7059932828932164
2013-10-29 00:00:00,18.3,74,0.0,3.4,108,-3.233592155403522,1.0506577808748214
2013-10-29 01:00:00,16.6,80,0.0,3.0,104,-2.9108871788279895,0.7257656867990032
2013-10-29 02:00:00,15.9,83,0.0,3.0,104,-2.9108871788279895,0.7257656867990032
2013-10-29 03:00:00,18.6,72,0.0,1.8,101,-1.7669289302057951,0.34345619167778096
2013-10-29 04:00:00,18.7,71,0.0,1.8,101,-1.7669289302057951,0.34345619167778096
2013-10-29 05:00:00,17.6,75,0.0,2.2,99,-2.172914349309303,0.3441558230885082
2013-10-29 06:00:00,17.0,76,0.0,3.3,103,-3.215421213791276,0.7423384793347552
2013-10-29 07:00:00,18.1,74,0.0,2.3,108,-2.1874299874788528,0.7107390870623792
2013-10-29 08:00:00,19.8,77,0.0,1.1,252,1.0461621679246689,0.33991869381244216
2013-10-29 09:00:00,21.3,74,0.0,4.5,299,3.935788682127281,-2.1816432911085166
2013-10-29 10:00:00,22.1,69,0.0,6.4,308,5.043268823083021,-3.9402334420842133
2013-10-29 11:00:00,22.9,66,0.0,7.9,313,5.777694242791447,-5.387787044493738
2013-10-29 12:00:00,23.5,65,0.0,8.2,322,5.048424097670398,-6.46168817957512
2013-10-29 13:00:00,23.7,64,0.0,9.2,318,6.156001578501495,-6.836932394392027
2013-10-29 14:00:00,23.9,64,0.0,10.7,315,7.566042558696059,-7.566042558696057
2013-10-29 15:00:00,23.7,67,0.0,10.7,315,7.566042558696059,-7.566042558696057
2013-10-29 16:00:00,23.1,69,0.0,8.7,322,5.356254835333226,-6.855693556378481
2013-10-29 17:00:00,22.1,72,0.0,4.6,321,2.894873798829252,-3.5748714227020657
2013-10-29 18:00:00,20.8,84,0.0,4.0,297,3.5640260967534716,-1.815961998958187
2013-10-29 19:00:00,19.8,86,0.0,1.8,217,1.0832670416736871,1.437543918085127
2013-10-29 20:00:00,18.8,89,0.0,3.4,198,1.0506577808748212,3.233592155403522
2013-10-29 21:00:00,18.1,91,0.0,3.6,180,2.2043642384652358e-16,3.6
2013-10-29 22:00:00,17.5,92,0.0,4.3,175,-0.3747696938149304,4.283637201794505
2013-10-29 23:00:00,17.1,93,0.1,4.7,176,-0.3278554265973891,4.688551036221174
2013-10-30 00:00:00,17.3,93,0.0,5.5,169,-1.0494494745709964,5.3989495089621515
2013-10-30 01:00:00,17.0,92,0.0,6.0,163,-1.75423022833642,5.737828535778213
2013-10-30 02:00:00,17.3,89,0.0,5.8,173,-0.7068421917498547,5.756767679519668
2013-10-30 03:00:00,18.3,86,0.0,4.0,175,-0.34862297099063294,3.984778792366982
2013-10-30 04:00:00,18.9,84,0.0,2.9,150,-1.4499999999999993,2.511473670974872
2013-10-30 05:00:00,19.5,81,0.0,2.9,120,-2.511473670974872,1.4499999999999997
2013-10-30 06:00:00,19.2,81,0.0,4.8,132,-3.567095162291491,3.21182691052252
2013-10-30 07:00:00,18.7,84,0.0,3.2,117,-2.851220877402777,1.4527695991665501
2013-10-30 08:00:00,21.2,79,0.0,1.1,162,-0.3399186938124421,1.046162167924669
2013-10-30 09:00:00,22.5,76,0.0,3.0,256,2.9108871788279895,0.7257656867990032
2013-10-30 10:00:00,23.7,72,0.0,6.5,270,6.5,0.0
2013-10-30 11:00:00,24.4,69,0.0,8.4,280,8.272385125302547,-1.458644692402215
2013-10-30 12:00:00,24.8,67,0.0,9.0,286,8.65135526344487,-2.4807362023529924
2013-10-30 13:00:00,24.6,67,0.0,8.3,288,7.893769085249775,-2.5648410533120636
2013-10-30 14:00:00,24.6,67,0.0,7.4,293,6.811735915548059,-2.891410350820626
2013-10-30 15:00:00,24.5,70,0.0,7.4,293,6.811735915548059,-2.891410350820626
2013-10-30 16:00:00,24.0,72,0.0,6.9,298,6.092338390726597,-3.2393537832226467
2013-10-30 17:00:00,23.1,76,0.0,4.5,299,3.935788682127281,-2.1816432911085166
2013-10-30 18:00:00,21.9,86,0.0,5.0,291,4.667902132486009,-1.7918397477265013
2013-10-30 19:00:00,21.2,86,0.0,4.1,308,3.2308440897875594,-2.524212048835199
2013-10-30 20:00:00,20.5,89,0.0,1.4,270,1.4,0.0
2013-10-30 21:00:00,19.9,91,0.0,1.8,180,1.1021821192326179e-16,1.8
2013-10-30 22:00:00,19.5,92,0.0,2.9,173,-0.35342109587492737,2.878383839759834
2013-10-30 23:00:00,19.5,90,0.0,4.3,180,2.632990618166809e-16,4.3
2013-10-31 00:00:00,20.5,86,0.0,4.7,176,-0.3278554265973891,4.688551036221174
2013-10-31 01:00:00,20.9,84,0.0,4.8,167,-1.079765060850552,4.676976310969129
2013-10-31 02:00:00,20.7,85,0.0,4.2,160,-1.4364846019678086,3.9467090073008158
2013-10-31 03:00:00,20.7,86,0.3,3.2,153,-1.4527695991665495,2.8512208774027776
2013-10-31 04:00:00,21.0,84,0.0,2.9,150,-1.4499999999999993,2.511473670974872
2013-10-31 05:00:00,20.8,84,0.0,1.1,162,-0.3399186938124421,1.046162167924669
2013-10-31 06:00:00,20.5,85,0.0,1.4,270,1.4,0.0
2013-10-31 07:00:00,20.1,87,0.0,1.1,360,6.735557395310444e-17,-1.1
2013-10-31 08:00:00,22.0,86,0.0,4.5,331,2.181643291108517,-3.935788682127281
2013-10-31 09:00:00,23.2,81,0.0,6.3,336,2.5624408513775414,-5.755336383148386
2013-10-31 10:00:00,24.5,76,0.0,8.3,326,4.641301098807199,-6.881011852206847
2013-10-31 11:00:00,25.0,74,0.0,10.3,324,6.054188098612474,-8.332875042061959
2013-10-31 12:00:00,26.0,71,0.0,11.3,329,5.8199302464836125,-9.68599049793387
2013-10-31 13:00:00,26.3,68,0.0,11.6,334,5.085105302753298,-10.426010937070338
2013-10-31 14:00:00,26.2,66,0.0,11.4,332,5.351975815759156,-10.065602558591767
2013-10-31 15:00:00,26.0,65,0.0,11.1,331,5.3813867847343415,-9.708278749247292
2013-10-31 16:00:00,25.3,67,0.0,9.0,331,4.363286582217034,-7.871577364254562
2013-10-31 17:00:00,24.0,73,0.0,5.7,325,3.269385687200963,-4.669166652447253
2013-10-31 18:00:00,22.4,81,0.0,3.3,319,2.1649947956686737,-2.4905416147351476
2013-10-31 19:00:00,21.4,86,0.0,2.7,337,1.0549740469210391,-2.485363104321589
2013-10-31 20:00:00,21.3,84,0.0,3.1,36,-1.822134282106667,-2.507952682562337
2013-10-31 21:00:00,21.0,85,0.0,3.6,45,-2.545584412271572,-2.545584412271571
2013-10-31 22:00:00,20.4,87,0.0,3.9,56,-3.233246532964663,-2.180852323535912
2013-10-31 23:00:00,19.9,88,0.0,3.1,69,-2.8940993221413254,-1.1109406435904314
2013-11-01 00:00:00,19.6,89,0.0,2.6,74,-2.499280409439629,-0.7166571251241974
2013-11-01 01:00:00,19.8,89,0.0,2.6,74,-2.499280409439629,-0.7166571251241974
2013-11-01 02:00:00,20.1,88,0.2,2.5,82,-2.475670171853926,-0.3479327524001638
2013-11-01 03:00:00,20.8,82,0.0,2.2,81,-2.1729143493093033,-0.3441558230885076
2013-11-01 04:00:00,21.1,80,0.0,2.3,72,-2.187429987478853,-0.7107390870623786
2013-11-01 05:00:00,20.3,84,0.0,2.5,82,-2.475670171853926,-0.3479327524001638
2013-11-01 06:00:00,20.4,83,0.0,2.9,90,-2.9,3.5514757175273243e-16
2013-11-01 07:00:00,21.0,82,0.0,1.8,90,-1.8,2.2043642384652358e-16
2013-11-01 08:00:00,22.1,86,0.0,1.9,338,0.7117525274902327,-1.761649323676896
2013-11-01 09:00:00,24.5,77,0.0,4.8,347,1.0797650608505516,-4.676976310969129
2013-11-01 10:00:00,25.1,77,0.0,5.8,338,2.1727182418122895,-5.377666356487367
2013-11-01 11:00:00,25.0,78,0.0,6.8,328,3.603450996785793,-5.766727053863696
2013-11-01 12:00:00,25.7,75,0.0,8.1,328,4.29234604028896,-6.86918957886705
2013-11-01 13:00:00,25.7,75,0.0,8.4,329,4.326319829244455,-7.200205325897744
2013-11-01 14:00:00,25.3,76,0.0,9.2,329,4.738350289172498,-7.8859391664594325
2013-11-01 15:00:00,25.9,74,0.0,9.1,326,5.088655421583796,-7.5442419102508795
2013-11-01 16:00:00,25.3,77,0.1,8.2,331,3.975438886019964,-7.171881598543044
2013-11-01 17:00:00,24.3,81,0.1,6.9,332,3.239353783222647,-6.092338390726596
2013-11-01 18:00:00,22.8,91,0.1,8.0,352,1.1133848076805237,-7.922144549932563
2013-11-01 19:00:00,22.6,88,0.1,8.0,10,-1.3891854213354426,-7.878462024097664
2013-11-01 20:00:00,22.0,91,0.0,3.0,14,-0.7257656867990033,-2.9108871788279895
2013-11-01 21:00:00,21.2,94,0.0,2.7,23,-1.0549740469210394,-2.4853631043215887
2013-11-01 22:00:00,21.0,95,0.0,4.2,20,-1.436484601967808,-3.9467090073008158
2013-11-01 23:00:00,21.0,96,0.0,3.5,24,-1.4235782507653003,-3.1974091017491033
2013-11-02 00:00:00,20.5,97,0.0,2.4,27,-1.0895771993749126,-2.138415658052083
2013-11-02 01:00:00,20.7,97,0.0,2.6,34,-1.453901549023941,-2.1554976886431088
2013-11-02 02:00:00,20.9,96,0.0,2.6,34,-1.453901549023941,-2.1554976886431088
2013-11-02 03:00:00,21.7,90,0.3,3.1,36,-1.822134282106667,-2.507952682562337
2013-11-02 04:00:00,21.1,92,0.6,2.8,50,-2.1449244407331385,-1.7998053071223097
2013-11-02 05:00:00,20.8,93,0.6,2.1,31,-1.0815799573111144,-1.8000513314744355
2013-11-02 06:00:00,20.7,93,0.5,1.8,349,0.34345619167778085,-1.7669289302057951
2013-11-02 07:00:00,21.4,92,0.0,4.6,18,-1.4214781741247586,-4.3748599749577055
2013-11-02 08:00:00,22.7,93,0.0,7.6,355,0.6623836448822018,-7.571079705497266
2013-11-02 09:00:00,23.7,89,0.0,8.0,342,2.4721359549995796,-7.608452130361228
2013-11-02 10:00:00,24.4,86,0.3,7.0,325,4.015035054457323,-5.7340643100229425
2013-11-02 11:00:00,25.0,84,0.5,8.2,319,5.379684037722159,-6.18861855782673
2013-11-02 12:00:00,25.0,84,1.2,7.4,331,3.587591189822895,-6.472185832831529
2013-11-02 13:00:00,25.3,82,0.6,7.6,335,3.211898789229316,-6.887939181478539
2013-11-02 14:00:00,24.9,83,0.8,6.0,327,3.2678342100901627,-5.032023407672544
2013-11-02 15:00:00,23.2,96,4.9,7.3,327,3.9758649556096977,-6.122295146001595
2013-11-02 16:00:00,22.7,98,3.2,5.7,342,1.7613968679372005,-5.421022142882375
2013-11-02 17:00:00,22.1,97,3.6,5.8,4,-0.40458754771592836,-5.78587149150698
2013-11-02 18:00:00,21.8,98,2.6,7.0,12,-1.4553818357243185,-6.847033205136639
2013-11-02 19:00:00,21.6,98,1.8,6.6,13,-1.4846769586695105,-6.430842427582552
2013-11-02 20:00:00,21.3,99,1.6,5.6,27,-2.5423467985414625,-4.989636535454859
2013-11-02 21:00:00,21.0,99,2.1,4.9,36,-2.880147736233119,-3.9641832724372423
2013-11-02 22:00:00,20.7,99,1.6,5.6,15,-1.4493866525741155,-5.4091846272187825
2013-11-02 23:00:00,21.3,98,1.8,6.5,34,-3.6347538725598527,-5.388744221607772
2013-11-03 00:00:00,21.4,98,2.0,4.6,51,-3.5748714227020653,-2.894873798829253
2013-11-03 01:00:00,21.3,97,1.9,4.8,63,-4.276831316104166,-2.179154398749824
2013-11-03 02:00:00,21.5,96,2.3,4.9,54,-3.964183272437243,-2.880147736233118
2013-11-03 03:00:00,21.0,95,0.3,5.1,51,-3.9634444034305507,-3.2095339943541714
2013-11-03 04:00:00,21.6,92,0.5,5.4,48,-4.012982057577929,-3.6133052743378347
2013-11-03 05:00:00,21.2,93,0.4,6.4,38,-3.940233442084212,-5.043268823083022
2013-11-03 06:00:00,20.6,95,0.3,6.4,47,-4.6806636903626915,-4.364789504399989
2013-11-03 07:00:00,21.1,94,0.6,6.1,28,-2.8637765329939335,-5.385980316439454
2013-11-03 08:00:00,22.1,94,0.8,8.7,17,-2.5436338310878126,-8.319851376878407
2013-11-03 09:00:00,23.0,92,0.8,7.9,357,0.41345405431925736,-7.889173324561134
2013-11-03 10:00:00,23.4,95,0.7000000000000001,8.0,350,1.3891854213354433,-7.878462024097664
2013-11-03 11:00:00,24.3,92,0.4,9.5,349,1.8126854560771768,-9.325458242752807
2013-11-03 12:00:00,24.5,89,1.8,9.3,347,2.092044805397944,-9.06164160250269
2013-11-03 13:00:00,23.8,92,1.6,9.5,349,1.8126854560771768,-9.325458242752807
2013-11-03 14:00:00,23.4,89,1.8,9.9,350,1.7191169589026112,-9.74959675482086
2013-11-03 15:00:00,23.0,94,1.0,11.2,356,0.7812725059342026,-11.17271736291003
2013-11-03 16:00:00,22.7,97,0.9,10.8,2,-0.37691456438700827,-10.793420931806235
2013-11-03 17:00:00,22.2,97,0.9,8.6,2,-0.3001356716415065,-8.594761112364223
2013-11-03 18:00:00,21.7,97,0.4,8.5,28,-3.9905082836800716,-7.505054539300879
2013-11-03 19:00:00,21.3,98,0.3,8.6,22,-3.2216167033768457,-7.97378114927437
2013-11-03 20:00:00,20.8,98,0.0,9.6,20,-3.283393375926418,-9.02104915954472
2013-11-03 21:00:00,20.4,97,0.0,9.2,26,-4.033014550459515,-8.268905225952334
2013-11-03 22:00:00,20.7,95,0.0,8.0,27,-3.6319239979163753,-7.128052193506942
2013-11-03 23:00:00,21.2,93,0.0,7.6,31,-3.914289369316414,-6.514471485336052
2013-11-04 00:00:00,20.7,93,0.0,6.4,27,-2.9055391983331003,-5.702441754805554
2013-11-04 01:00:00,20.2,94,0.0,5.6,27,-2.5423467985414625,-4.989636535454859
2013-11-04 02:00:00,19.9,95,0.0,4.9,36,-2.880147736233119,-3.9641832724372423
2013-11-04 03:00:00,20.0,91,0.0,4.1,38,-2.524212048835198,-3.2308440897875603
2013-11-04 04:00:00,19.0,94,0.0,3.4,32,-1.801725498392897,-2.883363526931848
2013-11-04 05:00:00,18.9,94,0.0,3.4,32,-1.801725498392897,-2.883363526931848
2013-11-04 06:00:00,19.5,91,0.0,4.4,35,-2.523736319944604,-3.604268994871563
2013-11-04 07:00:00,20.2,90,0.0,4.5,14,-1.088648530198505,-4.366330768241984
2013-11-04 08:00:00,21.8,90,0.0,5.0,360,3.061616997868383e-16,-5.0
2013-11-04 09:00:00,23.3,84,0.0,5.4,352,0.7515347451843536,-5.34744757120448
2013-11-04 10:00:00,24.4,82,0.0,5.2,335,2.197614961051637,-4.7128004925905795
2013-11-04 11:00:00,25.0,80,0.0,6.8,328,3.603450996785793,-5.766727053863696
2013-11-04 12:00:00,25.5,78,0.0,7.6,329,3.9142893693164114,-6.5144714853360535
2013-11-04 13:00:00,25.3,79,0.0,8.2,331,3.975438886019964,-7.171881598543044
2013-11-04 14:00:00,24.9,80,0.2,8.4,329,4.326319829244455,-7.200205325897744
2013-11-04 15:00:00,24.1,83,0.0,8.1,339,2.902780391316933,-7.5620014546273335
2013-11-04 16:00:00,23.6,84,0.3,8.2,345,2.12231616984067,-7.92059177557036
2013-11-04 17:00:00,22.8,87,0.9,4.7,337,1.8364363038995866,-4.32637281122647
2013-11-04 18:00:00,21.9,89,1.3,4.0,360,2.4492935982947064e-16,-4.0
2013-11-04 19:00:00,21.2,91,1.1,3.4,32,-1.801725498392897,-2.883363526931848
2013-11-04 20:00:00,20.9,90,0.6,2.4,27,-1.0895771993749126,-2.138415658052083
2013-11-04 21:00:00,20.6,90,0.5,2.3,39,-1.447436899414627,-1.7874357113510322
2013-11-04 22:00:00,20.2,90,0.2,2.4,27,-1.0895771993749126,-2.138415658052083
2013-11-04 23:00:00,19.9,91,0.0,2.3,51,-1.7874357113510326,-1.4474368994146265
2013-11-05 00:00:00,19.4,91,0.0,2.3,51,-1.7874357113510326,-1.4474368994146265
2013-11-05 01:00:00,19.3,90,0.0,2.6,56,-2.1554976886431088,-1.4539015490239415
2013-11-05 02:00:00,19.4,90,0.0,3.5,66,-3.197409101749103,-1.4235782507653008
2013-11-05 03:00:00,19.9,87,0.0,3.3,77,-3.2154212137912763,-0.7423384793347544
2013-11-05 04:00:00,19.3,88,0.0,2.4,63,-2.138415658052083,-1.089577199374912
2013-11-05 05:00:00,19.2,88,0.0,2.1,59,-1.800051331474436,-1.0815799573111138
2013-11-05 06:00:00,18.9,87,0.0,2.9,90,-2.9,3.5514757175273243e-16
2013-11-05 07:00:00,19.5,88,0.0,2.4,63,-2.138415658052083,-1.089577199374912
2013-11-05 08:00:00,22.2,84,0.0,0.8,63,-0.7128052193506944,-0.36319239979163737
2013-11-05 09:00:00,23.6,81,0.0,2.4,297,2.138415658052083,-1.0895771993749122
2013-11-05 10:00:00,24.7,78,0.0,4.6,288,4.3748599749577055,-1.421478174124758
2013-11-05 11:00:00,25.7,76,0.0,6.2,291,5.788198644282651,-2.2218812871808615
2013-11-05 12:00:00,25.8,76,0.3,7.0,291,6.535062985480412,-2.5085756468171017
2013-11-05 13:00:00,25.5,77,0.6,7.7,307,6.149493427364155,-4.6339756782707715
2013-11-05 14:00:00,25.0,79,0.8,8.3,326,4.641301098807199,-6.881011852206847
2013-11-05 15:00:00,24.6,80,0.8,6.6,338,2.4724035165450187,-6.1194134401407965
2013-11-05 16:00:00,24.0,83,0.2,5.8,338,2.1727182418122895,-5.377666356487367
2013-11-05 17:00:00,23.1,86,0.0,5.2,326,2.9078030980478835,-4.3109953772862175
2013-11-05 18:00:00,21.9,92,0.0,2.4,333,1.0895771993749124,-2.138415658052083
2013-11-05 19:00:00,21.0,93,0.2,2.4,27,-1.0895771993749126,-2.138415658052083
2013-11-05 20:00:00,20.4,94,0.2,1.1,72,-1.046162167924669,-0.33991869381244205
2013-11-05 21:00:00,20.1,93,0.1,1.1,108,-1.0461621679246689,0.3399186938124423
2013-11-05 22:00:00,19.8,93,0.3,1.5,104,-1.4554435894139948,0.3628828433995016
2013-11-05 23:00:00,20.0,91,0.2,1.5,76,-1.4554435894139948,-0.3628828433995013
2013-11-06 00:00:00,20.4,89,0.0,2.2,81,-2.1729143493093033,-0.3441558230885076
2013-11-06 01:00:00,20.5,87,0.0,1.9,68,-1.761649323676896,-0.7117525274902328
2013-11-06 02:00:00,20.2,87,0.0,2.3,72,-2.187429987478853,-0.7107390870623786
2013-11-06 03:00:00,20.3,85,0.0,2.3,72,-2.187429987478853,-0.7107390870623786
2013-11-06 04:00:00,20.3,84,0.0,2.3,72,-2.187429987478853,-0.7107390870623786
2013-11-06 05:00:00,20.4,83,0.0,1.9,68,-1.761649323676896,-0.7117525274902328
2013-11-06 06:00:00,20.3,83,0.0,1.9,68,-1.761649323676896,-0.7117525274902328
2013-11-06 07:00:00,20.8,84,0.0,3.1,36,-1.822134282106667,-2.507952682562337
2013-11-06 08:00:00,22.1,87,0.0,4.8,13,-1.0797650608505531,-4.6769763109691285
2013-11-06 09:00:00,23.5,84,0.0,6.2,353,0.7555899291119145,-6.153786140176196
2013-11-06 10:00:00,24.5,80,0.0,6.4,344,1.7640790772287946,-6.1520748540052415
2013-11-06 11:00:00,25.3,78,0.3,6.6,338,2.4724035165450187,-6.1194134401407965
2013-11-06 12:00:00,25.3,78,0.3,6.5,326,3.634753872559854,-5.388744221607771
2013-11-06 13:00:00,25.0,78,0.3,7.7,323,4.633975678270772,-6.149493427364155
2013-11-06 14:00:00,24.9,78,0.4,8.0,333,3.6319239979163744,-7.128052193506942
2013-11-06 15:00:00,24.2,82,0.2,9.5,351,1.4861274178821937,-9.38303923565381
2013-11-06 16:00:00,23.9,84,0.0,10.1,354,1.0557374790032998,-10.04467114321956
2013-11-06 17:00:00,22.8,88,0.0,8.0,355,0.6972459419812651,-7.969557584733964
2013-11-06 18:00:00,21.8,93,0.0,8.6,360,5.265981236333618e-16,-8.6
2013-11-06 19:00:00,21.0,95,0.0,6.5,34,-3.6347538725598527,-5.388744221607772
2013-11-06 20:00:00,21.7,90,0.0,4.6,45,-3.2526911934581193,-3.252691193458118
2013-11-06 21:00:00,21.4,91,0.0,4.4,35,-2.523736319944604,-3.604268994871563
2013-11-06 22:00:00,21.1,92,0.0,5.4,37,-3.2498011250210608,-4.312631754255381
2013-11-06 23:00:00,20.9,91,0.0,5.1,45,-3.606244584051393,-3.606244584051392
2013-11-07 00:00:00,20.4,91,0.0,4.1,52,-3.23084408978756,-2.5242120488351985
2013-11-07 01:00:00,19.3,90,0.0,3.1,45,-2.192031021678298,-2.192031021678297
2013-11-07 02:00:00,19.4,87,0.0,4.2,31,-2.163159914622229,-3.600102662948871
2013-11-07 03:00:00,20.8,87,0.0,4.3,42,-2.87726160734309,-3.195522749552796
2013-11-07 04:00:00,20.7,87,0.0,3.8,49,-2.867896404846534,-2.4930243101639267
2013-11-07 05:00:00,20.5,87,0.0,3.9,56,-3.233246532964663,-2.180852323535912
2013-11-07 06:00:00,20.5,85,0.0,4.5,61,-3.9357886821272814,-2.181643291108516
2013-11-07 07:00:00,20.5,84,0.0,3.1,36,-1.822134282106667,-2.507952682562337
2013-11-07 08:00:00,21.8,88,0.0,3.7,11,-0.7059932828932151,-3.632020578756357
2013-11-07 09:00:00,23.8,80,0.0,6.3,336,2.5624408513775414,-5.755336383148386
2013-11-07 10:00:00,24.7,77,0.0,6.5,326,3.634753872559854,-5.388744221607771
2013-11-07 11:00:00,25.5,76,0.0,6.6,319,4.329989591337347,-4.981083229470295
2013-11-07 12:00:00,26.0,75,0.0,6.4,313,4.6806636903626915,-4.36478950439999
2013-11-07 13:00:00,26.2,75,0.0,7.1,311,5.358438019581681,-4.658019105832602
2013-11-07 14:00:00,26.5,75,0.0,6.0,303,5.032023407672544,-3.2678342100901627
2013-11-07 15:00:00,25.9,77,0.5,5.3,298,4.679622242152313,-2.4881992827652213
2013-11-07 16:00:00,25.2,81,0.0,3.9,292,3.616017032810471,-1.460965714322057
2013-11-07 17:00:00,24.1,86,0.0,5.4,278,5.34744757120448,-0.7515347451843534
2013-11-07 18:00:00,22.5,92,0.1,3.4,288,3.233592155403522,-1.0506577808748212
2013-11-07 19:00:00,21.6,95,0.2,1.8,270,1.8,0.0
2013-11-07 20:00:00,21.3,95,0.0,2.6,214,1.4539015490239418,2.1554976886431088
2013-11-07 21:00:00,21.0,95,0.0,2.9,210,1.4500000000000002,2.5114736709748717
2013-11-07 22:00:00,20.8,95,0.0,1.5,256,1.4554435894139948,0.3628828433995016
2013-11-07 23:00:00,20.9,94,0.0,1.0,315,0.7071067811865476,-0.7071067811865475
2013-11-08 00:00:00,20.8,94,0.1,0.8,27,-0.36319239979163753,-0.7128052193506943
2013-11-08 01:00:00,20.8,93,0.3,2.3,72,-2.187429987478853,-0.7107390870623786
2013-11-08 02:00:00,20.7,93,0.3,2.6,74,-2.499280409439629,-0.7166571251241974
2013-11-08 03:00:00,21.9,86,0.2,2.6,74,-2.499280409439629,-0.7166571251241974
2013-11-08 04:00:00,22.0,85,0.1,2.4,63,-2.138415658052083,-1.089577199374912
2013-11-08 05:00:00,21.8,85,0.1,1.8,53,-1.437543918085127,-1.0832670416736871
2013-11-08 06:00:00,21.2,87,0.0,1.1,18,-0.33991869381244233,-1.0461621679246689
2013-11-08 07:00:00,21.1,89,0.0,1.8,11,-0.3434561916777803,-1.7669289302057951
2013-11-08 08:00:00,22.6,90,0.0,3.4,342,1.0506577808748212,-3.233592155403522
2013-11-08 09:00:00,23.5,87,0.0,5.3,332,2.4881992827652213,-4.679622242152313
2013-11-08 10:00:00,24.9,82,0.3,6.4,322,3.9402334420842133,-5.043268823083022
2013-11-08 11:00:00,25.7,79,0.4,6.9,313,5.046340541172277,-4.70578868443124
2013-11-08 12:00:00,26.6,75,0.4,7.4,309,5.750880114781585,-4.656970893768797
2013-11-08 13:00:00,26.4,77,0.6,7.1,315,5.020458146424487,-5.020458146424486
2013-11-08 14:00:00,26.5,78,0.3,7.7,319,5.051654523226906,-5.811263767715345
2013-11-08 15:00:00,25.7,81,0.0,8.7,330,4.3500000000000005,-7.534421012924615
2013-11-08 16:00:00,25.1,82,0.0,7.8,338,2.9219314286441134,-7.232034065620942
2013-11-08 17:00:00,24.4,84,0.0,5.9,322,3.6324027044213842,-4.64926344627966
2013-11-08 18:00:00,22.9,92,0.0,1.8,307,1.437543918085127,-1.083267041673687
2013-11-08 19:00:00,22.5,91,0.0,1.5,346,0.3628828433995015,-1.4554435894139948
2013-11-08 20:00:00,21.9,91,0.0,1.8,53,-1.437543918085127,-1.0832670416736871
2013-11-08 21:00:00,21.6,90,0.0,3.4,58,-2.8833635269318485,-1.8017254983928963
2013-11-08 22:00:00,20.6,91,0.0,2.5,45,-1.7677669529663693,-1.7677669529663687
2013-11-08 23:00:00,19.8,91,0.0,2.8,40,-1.7998053071223103,-2.144924440733138
2013-11-09 00:00:00,19.6,90,0.0,2.8,40,-1.7998053071223103,-2.144924440733138
2013-11-09 01:00:00,19.0,90,0.0,3.1,45,-2.192031021678298,-2.192031021678297
2013-11-09 02:00:00,18.4,90,0.0,3.1,45,-2.192031021678298,-2.192031021678297
2013-11-09 03:00:00,17.8,88,0.0,3.3,49,-2.490541614735148,-2.1649947956686733
2013-11-09 04:00:00,18.0,87,0.0,3.1,54,-2.5079526825623377,-1.8221342821066664
2013-11-09 05:00:00,17.7,87,0.0,2.7,67,-2.485363104321589,-1.0549740469210387
2013-11-09 06:00:00,18.0,85,0.0,2.2,81,-2.1729143493093033,-0.3441558230885076
2013-11-09 07:00:00,18.8,84,0.0,2.3,72,-2.187429987478853,-0.7107390870623786
2013-11-09 08:00:00,22.5,79,0.0,1.8,127,-1.4375439180851273,1.0832670416736867
2013-11-09 09:00:00,24.7,69,0.0,3.7,259,3.632020578756357,0.7059932828932158
2013-11-09 10:00:00,25.6,73,0.0,5.8,270,5.8,0.0
2013-11-09 11:00:00,26.2,75,0.0,6.9,276,6.862201078041086,-0.721246396546809
2013-11-09 12:00:00,26.6,76,0.0,7.8,283,7.6000865053248345,-1.754618223882147
2013-11-09 13:00:00,26.5,78,0.0,7.2,288,6.8476069173251055,-2.2249223594996215
2013-11-09 14:00:00,26.0,80,0.0,7.4,293,6.811735915548059,-2.891410350820626
2013-11-09 15:00:00,25.9,82,0.0,6.6,299,5.772490067120011,-3.1997434936258244
2013-11-09 16:00:00,25.4,84,0.0,5.7,305,4.669166652447253,-3.2693856872009626
2013-11-09 17:00:00,24.8,86,0.3,4.7,302,3.9858260519352022,-2.490620541896063
2013-11-09 18:00:00,23.7,90,0.9,3.4,342,1.0506577808748212,-3.233592155403522
2013-11-09 19:00:00,23.8,88,1.4,1.8,53,-1.437543918085127,-1.0832670416736871
2013-11-09 20:00:00,22.5,91,0.9,1.1,72,-1.046162167924669,-0.33991869381244205
2013-11-09 21:00:00,22.6,89,1.1,1.1,108,-1.0461621679246689,0.3399186938124423
2013-11-09 22:00:00,21.9,90,2.1,1.1,90,-1.1,1.3471114790620887e-16
2013-11-09 23:00:00,22.4,88,1.5,1.3,56,-1.0777488443215544,-0.7269507745119708
2013-11-10 00:00:00,23.2,86,0.5,0.8,333,0.3631923997916375,-0.7128052193506943
2013-11-10 01:00:00,22.9,87,1.5,0.8,333,0.3631923997916375,-0.7128052193506943
2013-11-10 02:00:00,22.6,88,2.2,0.8,27,-0.36319239979163753,-0.7128052193506943
2013-11-10 03:00:00,20.6,93,2.3,2.9,83,-2.878383839759834,-0.3534210958749272
2013-11-10 04:00:00,21.4,88,0.3,3.6,84,-3.580278823325784,-0.3763024677635526
2013-11-10 05:00:00,21.5,85,0.0,2.7,67,-2.485363104321589,-1.0549740469210387
2013-11-10 06:00:00,22.3,79,0.0,2.8,40,-1.7998053071223103,-2.144924440733138
2013-11-10 07:00:00,22.4,77,0.0,3.3,49,-2.490541614735148,-2.1649947956686733
2013-11-10 08:00:00,23.5,85,0.0,5.5,23,-2.149021206691006,-5.062776693988422
2013-11-10 09:00:00,25.1,77,0.0,7.4,14,-1.7902220274375418,-7.180188374442374
2013-11-10 10:00:00,25.6,76,0.0,8.1,21,-2.9027803913169357,-7.562001454627333
2013-11-10 11:00:00,26.1,74,0.0,9.3,13,-2.092044805397947,-9.061641602502688
2013-11-10 12:00:00,26.4,70,0.0,9.0,358,0.31409547032250973,-8.994517443171862
2013-11-10 13:00:00,26.9,67,0.0,8.2,345,2.12231616984067,-7.92059177557036
2013-11-10 14:00:00,26.7,67,0.0,8.1,339,2.902780391316933,-7.5620014546273335
2013-11-10 15:00:00,26.6,70,0.0,8.4,335,3.5499933986218752,-7.61298541110786
2013-11-10 16:00:00,25.6,76,0.0,6.9,332,3.239353783222647,-6.092338390726596
2013-11-10 17:00:00,24.4,83,0.0,5.7,325,3.269385687200963,-4.669166652447253
2013-11-10 18:00:00,22.9,92,0.0,2.6,16,-0.7166571251241971,-2.4992804094396295
2013-11-10 19:00:00,22.7,91,0.0,2.1,59,-1.800051331474436,-1.0815799573111138
2013-11-10 20:00:00,23.1,90,0.0,1.3,124,-1.0777488443215542,0.726950774511971
2013-11-10 21:00:00,22.8,91,0.0,2.9,180,1.7757378587636622e-16,2.9
2013-11-10 22:00:00,21.5,93,0.0,1.8,169,-0.34345619167778063,1.7669289302057951
2013-11-10 23:00:00,20.8,94,0.0,1.0,315,0.7071067811865476,-0.7071067811865475
2013-11-11 00:00:00,20.6,95,0.0,1.6,333,0.726384799583275,-1.4256104387013886
2013-11-11 01:00:00,20.3,95,0.0,1.5,76,-1.4554435894139948,-0.3628828433995013
2013-11-11 02:00:00,19.9,95,0.0,2.9,97,-2.8783838397598336,0.35342109587492787
2013-11-11 03:00:00,20.1,93,0.0,1.1,108,-1.0461621679246689,0.3399186938124423
2013-11-11 04:00:00,20.5,92,0.1,1.1,90,-1.1,1.3471114790620887e-16
2013-11-11 05:00:00,20.8,91,0.0,2.2,81,-2.1729143493093033,-0.3441558230885076
2013-11-11 06:00:00,20.8,91,0.0,2.4,27,-1.0895771993749126,-2.138415658052083
2013-11-11 07:00:00,21.0,92,0.2,2.0,45,-1.4142135623730954,-1.414213562373095
2013-11-11 08:00:00,22.7,92,0.1,1.8,360,1.1021821192326179e-16,-1.8
2013-11-11 09:00:00,23.8,90,0.0,2.8,320,1.7998053071223101,-2.1449244407331385
2013-11-11 10:00:00,24.8,85,0.2,4.6,315,3.2526911934581184,-3.252691193458118
2013-11-11 11:00:00,25.4,81,0.5,5.7,305,4.669166652447253,-3.2693856872009626
2013-11-11 12:00:00,25.1,80,0.7000000000000001,4.7,302,3.9858260519352022,-2.490620541896063
2013-11-11 13:00:00,25.0,80,0.5,5.4,307,4.312631754255381,-3.2498011250210608
2013-11-11 14:00:00,24.7,80,0.4,5.6,320,3.5996106142446203,-4.289848881466277
2013-11-11 15:00:00,24.3,83,0.4,5.4,323,3.2498011250210617,-4.312631754255381
2013-11-11 16:00:00,23.8,85,0.1,5.2,326,2.9078030980478835,-4.3109953772862175
2013-11-11 17:00:00,23.0,87,0.1,5.4,312,4.012982057577929,-3.6133052743378347
2013-11-11 18:00:00,22.0,93,0.2,5.1,321,3.209533994354171,-3.963444403430551
2013-11-11 19:00:00,21.4,93,0.2,4.5,346,1.0886485301985045,-4.366330768241984
2013-11-11 20:00:00,21.2,93,0.0,3.7,331,1.7937955949114475,-3.2360929164157644
2013-11-11 21:00:00,20.3,95,0.0,3.2,333,1.45276959916655,-2.851220877402777
2013-11-11 22:00:00,20.2,95,0.0,3.4,342,1.0506577808748212,-3.233592155403522
2013-11-11 23:00:00,19.7,95,0.0,2.7,337,1.0549740469210391,-2.485363104321589
2013-11-12 00:00:00,19.4,96,0.0,1.8,307,1.437543918085127,-1.083267041673687
2013-11-12 01:00:00,19.1,96,0.0,1.9,292,1.761649323676896,-0.7117525274902328
2013-11-12 02:00:00,19.1,96,0.1,2.3,309,1.7874357113510329,-1.4474368994146258
2013-11-12 03:00:00,19.2,96,0.5,2.8,310,2.1449244407331385,-1.7998053071223097
2013-11-12 04:00:00,19.3,96,0.5,2.1,329,1.0815799573111138,-1.800051331474436
2013-11-12 05:00:00,19.4,96,0.4,2.4,333,1.0895771993749124,-2.138415658052083
2013-11-12 06:00:00,19.2,96,0.2,2.2,351,0.34415582308850806,-2.1729143493093033
2013-11-12 07:00:00,19.3,96,0.2,3.2,360,1.9594348786357652e-16,-3.2
2013-11-12 08:00:00,20.6,94,0.2,4.7,356,0.3278554265973886,-4.688551036221174
2013-11-12 09:00:00,21.8,88,0.1,4.7,356,0.3278554265973886,-4.688551036221174
2013-11-12 10:00:00,22.8,85,0.1,4.4,325,2.5237363199446032,-3.604268994871564
2013-11-12 11:00:00,24.1,81,0.2,6.0,303,5.032023407672544,-3.2678342100901627
2013-11-12 12:00:00,24.6,79,0.1,6.2,291,5.788198644282651,-2.2218812871808615
2013-11-12 13:00:00,24.7,79,0.2,7.6,278,7.5260373224359345,-1.0577155672964973
2013-11-12 14:00:00,24.4,79,0.2,7.3,281,7.165878439167947,-1.392905666248777
2013-11-12 15:00:00,23.9,81,0.4,6.8,295,6.162892951849219,-2.873804179836756
2013-11-12 16:00:00,23.4,83,0.2,6.3,301,5.400153994423308,-3.244739871933341
2013-11-12 17:00:00,22.8,85,0.0,4.5,299,3.935788682127281,-2.1816432911085166
2013-11-12 18:00:00,21.6,91,0.0,2.7,293,2.485363104321589,-1.0549740469210394
2013-11-12 19:00:00,20.6,94,0.0,2.6,326,1.4539015490239418,-2.1554976886431088
2013-11-12 20:00:00,20.0,95,0.0,3.6,323,2.1665340833473743,-2.875087836170254
2013-11-12 21:00:00,19.9,95,0.2,0.5,45,-0.35355339059327384,-0.35355339059327373
2013-11-12 22:00:00,19.9,95,0.4,0.8,207,0.3631923997916375,0.7128052193506943
2013-11-12 23:00:00,20.1,95,0.3,1.8,307,1.437543918085127,-1.083267041673687
2013-11-13 00:00:00,20.5,93,0.2,2.4,333,1.0895771993749124,-2.138415658052083
2013-11-13 01:00:00,20.8,92,0.2,1.8,11,-0.3434561916777803,-1.7669289302057951
2013-11-13 02:00:00,20.9,91,0.2,4.5,14,-1.088648530198505,-4.366330768241984
2013-11-13 03:00:00,20.4,92,0.1,5.5,11,-1.0494494745709955,-5.3989495089621515
2013-11-13 04:00:00,20.3,92,0.4,6.0,25,-2.5357095704441948,-5.4378467222199
2013-11-13 05:00:00,20.2,92,0.0,5.3,28,-2.488199282765221,-4.679622242152313
2013-11-13 06:00:00,20.4,91,0.3,7.0,35,-4.015035054457325,-5.734064310022941
2013-11-13 07:00:00,20.9,87,0.6,4.6,39,-2.894873798829254,-3.5748714227020644
2013-11-13 08:00:00,21.2,89,0.0,5.2,12,-1.0811407922523508,-5.086367523815789
2013-11-13 09:00:00,22.3,85,0.0,8.3,358,0.289665822630759,-8.294943864258496
2013-11-13 10:00:00,22.9,83,0.0,9.0,355,0.7844016847289232,-8.96575228282571
2013-11-13 11:00:00,23.9,78,0.0,9.0,344,2.4807362023529924,-8.65135526344487
2013-11-13 12:00:00,24.6,77,0.0,8.9,333,4.040515447681967,-7.929958065276474
2013-11-13 13:00:00,24.8,76,0.0,8.7,330,4.3500000000000005,-7.534421012924615
2013-11-13 14:00:00,24.6,76,0.0,7.7,332,3.61493103345136,-6.798696465013737
2013-11-13 15:00:00,24.2,75,0.0,7.4,331,3.587591189822895,-6.472185832831529
2013-11-13 16:00:00,23.7,76,0.0,7.1,330,3.5500000000000007,-6.148780366869514
2013-11-13 17:00:00,22.7,79,0.0,6.7,324,3.93816119035957,-5.420413862312148
2013-11-13 18:00:00,21.1,89,0.0,7.3,327,3.9758649556096977,-6.122295146001595
2013-11-13 19:00:00,21.2,84,0.0,6.8,360,4.1637991171010006e-16,-6.8
2013-11-13 20:00:00,20.6,87,0.0,5.9,11,-1.1257730727216133,-5.791600382341218
2013-11-13 21:00:00,20.1,89,0.0,4.5,14,-1.088648530198505,-4.366330768241984
2013-11-13 22:00:00,18.8,91,0.0,3.4,18,-1.0506577808748216,-3.233592155403522
2013-11-13 23:00:00,18.1,92,0.0,3.2,27,-1.4527695991665501,-2.851220877402777
2013-11-14 00:00:00,17.6,92,0.0,3.6,37,-2.166534083347374,-2.875087836170254
2013-11-14 01:00:00,17.2,91,0.0,4.3,42,-2.87726160734309,-3.195522749552796
2013-11-14 02:00:00,17.0,89,0.0,3.9,34,-2.1808523235359116,-3.233246532964663
2013-11-14 03:00:00,19.2,81,0.0,3.5,24,-1.4235782507653003,-3.1974091017491033
2013-11-14 04:00:00,17.9,84,0.0,3.5,24,-1.4235782507653003,-3.1974091017491033
2013-11-14 05:00:00,17.2,84,0.0,3.4,32,-1.801725498392897,-2.883363526931848
2013-11-14 06:00:00,16.7,83,0.0,4.8,63,-4.276831316104166,-2.179154398749824
2013-11-14 07:00:00,16.7,83,0.0,3.4,32,-1.801725498392897,-2.883363526931848
2013-11-14 08:00:00,20.1,87,0.0,4.0,27,-1.8159619989581877,-3.564026096753471
2013-11-14 09:00:00,23.1,69,0.0,4.0,360,2.4492935982947064e-16,-4.0
2013-11-14 10:00:00,24.1,67,0.0,4.1,315,2.899137802864845,-2.8991378028648445
2013-11-14 11:00:00,24.4,68,0.0,6.0,303,5.032023407672544,-3.2678342100901627
2013-11-14 12:00:00,24.6,68,0.0,7.1,311,5.358438019581681,-4.658019105832602
2013-11-14 13:00:00,24.8,68,0.0,7.7,319,5.051654523226906,-5.811263767715345
2013-11-14 14:00:00,24.7,69,0.0,7.7,332,3.61493103345136,-6.798696465013737
2013-11-14 15:00:00,24.8,70,0.0,8.0,342,2.4721359549995796,-7.608452130361228
2013-11-14 16:00:00,24.0,73,0.0,8.2,345,2.12231616984067,-7.92059177557036
2013-11-14 17:00:00,22.8,78,0.0,10.2,350,1.77121141220269,-10.045039080724521
2013-11-14 18:00:00,21.1,85,0.0,13.0,14,-3.144984642795681,-12.613844441587954
2013-11-14 19:00:00,19.5,92,0.0,12.0,21,-4.3004153945436085,-11.20296511796642
2013-11-14 20:00:00,18.7,92,0.0,12.1,27,-5.493285046848517,-10.781178942679249
2013-11-14 21:00:00,19.0,91,0.0,10.0,30,-5.000000000000004,-8.660254037844384
2013-11-14 22:00:00,19.9,91,0.0,6.6,29,-3.199743493625823,-5.772490067120013
2013-11-14 23:00:00,19.6,93,0.0,5.8,22,-2.1727182418122912,-5.377666356487366
2013-11-15 00:00:00,19.5,94,0.0,6.0,25,-2.5357095704441948,-5.4378467222199
2013-11-15 01:00:00,19.3,94,0.0,5.5,32,-2.9145559532826275,-4.664264528860342
2013-11-15 02:00:00,19.2,94,0.0,6.0,33,-3.267834210090162,-5.032023407672544
2013-11-15 03:00:00,19.2,90,0.0,7.3,33,-3.9758649556096968,-6.122295146001595
2013-11-15 04:00:00,18.6,91,0.0,8.2,38,-5.048424097670396,-6.461688179575121
2013-11-15 05:00:00,18.4,91,0.0,8.2,38,-5.048424097670396,-6.461688179575121
2013-11-15 06:00:00,18.3,90,0.0,9.1,34,-5.088655421583794,-7.54424191025088
2013-11-15 07:00:00,18.0,89,0.0,7.2,27,-3.268731598124738,-6.415246974156248
2013-11-15 08:00:00,20.4,85,0.0,9.3,16,-2.56342740909809,-8.939733772226367
2013-11-15 09:00:00,22.1,77,0.0,10.8,360,6.613092715395707e-16,-10.8
2013-11-15 10:00:00,23.1,74,0.0,10.2,350,1.77121141220269,-10.045039080724521
2013-11-15 11:00:00,23.7,74,0.0,10.2,342,3.151973342624464,-9.700776466210565
2013-11-15 12:00:00,23.9,74,0.0,10.0,339,3.583679495453004,-9.335804264972017
2013-11-15 13:00:00,24.1,74,0.0,11.2,339,4.013721034907364,-10.45610077676866
2013-11-15 14:00:00,23.7,75,0.0,12.1,343,3.5376976271451146,-11.571287547152728
2013-11-15 15:00:00,23.5,76,0.0,11.6,344,3.19739332747719,-11.1506356728845
2013-11-15 16:00:00,22.8,78,0.0,9.9,341,3.223124729125852,-9.360633898433235
2013-11-15 17:00:00,21.6,81,0.0,8.5,332,3.9905082836800725,-7.505054539300878
2013-11-15 18:00:00,19.9,91,0.0,5.1,4,-0.35575801609504043,-5.087576656325103
2013-11-15 19:00:00,20.1,86,0.0,3.6,37,-2.166534083347374,-2.875087836170254
2013-11-15 20:00:00,19.7,87,0.0,2.6,34,-1.453901549023941,-2.1554976886431088
2013-11-15 21:00:00,19.2,89,0.0,2.7,23,-1.0549740469210394,-2.4853631043215887
2013-11-15 22:00:00,19.1,89,0.0,3.1,21,-1.1109406435904323,-2.894099322141325
2013-11-15 23:00:00,18.8,90,0.0,3.5,24,-1.4235782507653003,-3.1974091017491033
2013-11-16 00:00:00,18.7,89,0.0,3.7,29,-1.7937955949114464,-3.2360929164157652
2013-11-16 01:00:00,18.9,87,0.0,3.5,24,-1.4235782507653003,-3.1974091017491033
2013-11-16 02:00:00,18.9,85,0.0,3.7,29,-1.7937955949114464,-3.2360929164157652
2013-11-16 03:00:00,19.5,81,0.0,4.4,35,-2.523736319944604,-3.604268994871563
2013-11-16 04:00:00,19.4,81,0.0,3.8,41,-2.4930243101639276,-2.8678964048465336
2013-11-16 05:00:00,19.5,79,0.0,3.4,32,-1.801725498392897,-2.883363526931848
2013-11-16 06:00:00,19.3,79,0.0,3.6,37,-2.166534083347374,-2.875087836170254
2013-11-16 07:00:00,19.5,77,0.0,5.0,30,-2.500000000000002,-4.330127018922192
2013-11-16 08:00:00,20.0,85,0.0,8.0,5,-0.697245941981266,-7.969557584733964
2013-11-16 09:00:00,22.0,74,0.0,9.4,360,5.755839955992561e-16,-9.4
2013-11-16 10:00:00,23.1,72,0.0,10.5,354,1.0975488643103612,-10.44247990136687
2013-11-16 11:00:00,23.6,71,0.0,12.5,348,2.598896135221993,-12.22684500917257
2013-11-16 12:00:00,23.8,70,0.0,13.2,349,2.518678738970393,-12.957478821509163
2013-11-16 13:00:00,23.9,70,0.0,12.4,350,2.1532374030699373,-12.21161613735138
2013-11-16 14:00:00,23.8,71,0.0,12.8,350,2.2226966741367096,-12.605539238556263
2013-11-16 15:00:00,23.0,75,0.0,13.1,351,2.049291492027025,-12.938717261796304
2013-11-16 16:00:00,22.1,78,0.0,12.0,353,1.4624321208617699,-11.910553819695863
2013-11-16 17:00:00,20.6,82,0.0,11.2,354,1.1707187885977186,-11.13864522812466
2013-11-16 18:00:00,19.0,89,0.0,10.2,8,-1.4195656297926713,-10.100734301164016
2013-11-16 19:00:00,18.4,89,0.0,9.0,23,-3.5165801564034647,-8.284543681071963
2013-11-16 20:00:00,18.4,87,0.0,8.0,36,-4.702282018339786,-6.472135954999579
2013-11-16 21:00:00,18.2,87,0.0,7.4,39,-4.656970893768801,-5.750880114781583
2013-11-16 22:00:00,14.5,99,0.0,5.9,38,-3.632402704421383,-4.649263446279661
2013-11-16 23:00:00,13.9,99,0.0,6.4,43,-4.364789504399991,-4.6806636903626915
2013-11-17 00:00:00,14.0,96,0.0,7.4,43,-5.04678786446249,-5.412017391981862
2013-11-17 01:00:00,14.4,91,0.0,8.9,32,-4.716281451675525,-7.547628055792192
2013-11-17 02:00:00,16.8,80,0.0,9.2,31,-4.738350289172501,-7.885939166459431
2013-11-17 03:00:00,17.8,75,0.0,8.9,32,-4.716281451675525,-7.547628055792192
2013-11-17 04:00:00,17.5,74,0.0,9.2,31,-4.738350289172501,-7.885939166459431
2013-11-17 05:00:00,17.3,72,0.0,8.9,32,-4.716281451675525,-7.547628055792192
2013-11-17 06:00:00,17.7,69,0.0,7.4,29,-3.5875911898228927,-6.4721858328315305
2013-11-17 07:00:00,17.8,67,0.0,7.1,24,-2.8878301658381806,-6.486172749262467
2013-11-17 08:00:00,17.6,82,0.0,6.6,9,-1.0324674692655247,-6.5187430479279085
2013-11-17 09:00:00,20.8,63,0.0,9.1,351,1.4235536318661013,-8.987963899415753
2013-11-17 10:00:00,21.6,61,0.0,10.0,345,2.5881904510252074,-9.659258262890683
2013-11-17 11:00:00,22.1,59,0.0,11.5,346,2.782101799396178,-11.15840085217396
2013-11-17 12:00:00,22.4,58,0.0,12.3,345,3.183474254761005,-11.88088766335554
2013-11-17 13:00:00,22.5,56,0.0,12.6,347,2.8343832847326977,-12.277062816293963
2013-11-17 14:00:00,22.2,56,0.0,12.1,348,2.5157314588948894,-11.835585968879046
2013-11-17 15:00:00,21.4,60,0.0,12.2,346,2.9514471263159456,-11.837607860567156
2013-11-17 16:00:00,20.3,63,0.0,11.4,349,2.175222547292612,-11.19054989130337
2013-11-17 17:00:00,18.8,67,0.0,11.7,351,1.8302832409707017,-11.555953584963111
2013-11-17 18:00:00,16.9,78,0.0,10.1,6,-1.055737479003299,-10.044671143219562
2013-11-17 19:00:00,16.1,76,0.0,9.4,23,-3.672872607799174,-8.652745622452938
2013-11-17 20:00:00,16.2,73,0.0,9.2,21,-3.296985135816766,-8.588939923774255
2013-11-17 21:00:00,16.1,72,0.0,8.9,27,-4.040515447681968,-7.929958065276474
2013-11-17 22:00:00,16.0,71,0.0,7.8,34,-4.361704647071823,-6.466493065929326
2013-11-17 23:00:00,16.0,69,0.0,7.5,35,-4.301823272632848,-6.143640332167437
2013-11-18 00:00:00,15.8,67,0.0,6.9,43,-4.705788684431241,-5.046340541172277
2013-11-18 01:00:00,15.7,65,0.0,6.4,43,-4.364789504399991,-4.6806636903626915
2013-11-18 02:00:00,15.7,62,0.0,5.9,43,-4.023790324368742,-4.314986839553106
2013-11-18 03:00:00,15.8,59,0.0,6.1,40,-3.9210044190878905,-4.672871103025765
2013-11-18 04:00:00,16.0,55,0.0,5.6,40,-3.5996106142446207,-4.289848881466276
2013-11-18 05:00:00,15.9,53,0.0,4.4,35,-2.523736319944604,-3.604268994871563
2013-11-18 06:00:00,15.6,52,0.0,5.5,32,-2.9145559532826275,-4.664264528860342
2013-11-18 07:00:00,15.7,51,0.0,4.2,31,-2.163159914622229,-3.600102662948871
2013-11-18 08:00:00,16.6,56,0.0,3.8,343,1.1110124779463997,-3.6339580726595346
2013-11-18 09:00:00,18.6,54,0.0,6.1,332,2.863776532993934,-5.385980316439453
2013-11-18 10:00:00,19.5,53,0.0,7.8,326,4.361704647071825,-6.466493065929326
2013-11-18 11:00:00,20.2,52,0.0,8.4,329,4.326319829244455,-7.200205325897744
2013-11-18 12:00:00,20.7,51,0.0,8.9,328,4.716281451675524,-7.547628055792192
2013-11-18 13:00:00,20.7,52,0.0,10.6,332,4.976398565530443,-9.359244484304625
2013-11-18 14:00:00,20.3,53,0.0,12.0,339,4.300415394543604,-11.202965117966421
2013-11-18 15:00:00,19.6,54,0.0,12.3,345,3.183474254761005,-11.88088766335554
2013-11-18 16:00:00,18.6,58,0.0,10.7,346,2.588564282916444,-10.382164271153162
2013-11-18 17:00:00,17.1,61,0.0,9.6,340,3.2833933759264204,-9.02104915954472
2013-11-18 18:00:00,15.3,72,0.0,7.6,360,4.653657836759942e-16,-7.6
2013-11-18 19:00:00,15.8,62,0.0,5.1,39,-3.2095339943541727,-3.96344440343055
2013-11-18 20:00:00,15.7,63,0.0,3.6,45,-2.545584412271572,-2.545584412271571
2013-11-18 21:00:00,15.5,63,0.0,3.3,41,-2.1649947956686737,-2.4905416147351476
2013-11-18 22:00:00,15.3,64,0.0,3.8,41,-2.4930243101639276,-2.8678964048465336
2013-11-18 23:00:00,15.0,65,0.0,3.8,49,-2.867896404846534,-2.4930243101639267
2013-11-19 00:00:00,14.8,66,0.0,3.6,53,-2.875087836170254,-2.1665340833473743
2013-11-19 01:00:00,14.7,66,0.0,3.6,45,-2.545584412271572,-2.545584412271571
2013-11-19 02:00:00,14.8,65,0.0,3.9,34,-2.1808523235359116,-3.233246532964663
2013-11-19 03:00:00,15.4,62,0.0,3.5,24,-1.4235782507653003,-3.1974091017491033
2013-11-19 04:00:00,15.4,62,0.0,3.2,27,-1.4527695991665501,-2.851220877402777
2013-11-19 05:00:00,15.3,62,0.0,2.8,40,-1.7998053071223103,-2.144924440733138
2013-11-19 06:00:00,15.1,63,0.0,3.1,45,-2.192031021678298,-2.192031021678297
2013-11-19 07:00:00,15.3,62,0.0,2.8,40,-1.7998053071223103,-2.144924440733138
2013-11-19 08:00:00,16.3,63,0.0,2.9,360,1.7757378587636622e-16,-2.9
2013-11-19 09:00:00,18.1,60,0.0,4.3,336,1.7489675652259409,-3.9282454678631837
2013-11-19 10:00:00,19.1,57,0.0,6.1,315,4.31335136523794,-4.313351365237939
2013-11-19 11:00:00,19.8,54,0.0,7.9,313,5.777694242791447,-5.387787044493738
2013-11-19 12:00:00,19.7,54,0.0,7.9,309,6.139453095510071,-4.971631089293716
2013-11-19 13:00:00,19.9,54,0.0,7.9,300,6.841600689897066,-3.9499999999999997
2013-11-19 14:00:00,19.9,55,0.0,8.4,301,7.200205325897744,-4.326319829244455
2013-11-19 15:00:00,20.2,53,0.0,8.0,306,6.47213595499958,-4.702282018339785
2013-11-19 16:00:00,19.5,55,0.0,5.6,315,3.9597979746446663,-3.9597979746446654
2013-11-19 17:00:00,18.0,64,0.0,5.8,292,5.377666356487367,-2.1727182418122895
2013-11-19 18:00:00,16.3,69,0.0,4.1,285,3.96029588778518,-1.061158084920335
2013-11-19 19:00:00,16.4,64,0.0,1.0,315,0.7071067811865476,-0.7071067811865475
2013-11-19 20:00:00,15.7,68,0.0,1.3,56,-1.0777488443215544,-0.7269507745119708
2013-11-19 21:00:00,14.4,75,0.0,1.5,76,-1.4554435894139948,-0.3628828433995013
2013-11-19 22:00:00,13.7,78,0.0,2.7,113,-2.485363104321589,1.0549740469210394
2013-11-19 23:00:00,13.4,80,0.0,3.1,135,-2.192031021678297,2.1920310216782974
2013-11-20 00:00:00,13.1,81,0.0,2.4,153,-1.089577199374912,2.138415658052083
2013-11-20 01:00:00,13.1,81,0.0,1.6,153,-0.7263847995832747,1.4256104387013888
2013-11-20 02:00:00,14.7,76,0.0,0.7000000000000001,270,0.7000000000000001,0.0
2013-11-20 03:00:00,15.8,77,0.0,0.5,315,0.3535533905932738,-0.35355339059327373
2013-11-20 04:00:00,15.7,78,0.0,1.5,76,-1.4554435894139948,-0.3628828433995013
2013-11-20 05:00:00,15.6,79,0.0,1.3,56,-1.0777488443215544,-0.7269507745119708
2013-11-20 06:00:00,15.5,80,0.0,2.2,99,-2.172914349309303,0.3441558230885082
2013-11-20 07:00:00,15.6,81,0.0,2.4,117,-2.138415658052083,1.0895771993749124
2013-11-20 08:00:00,16.3,82,0.0,0.4,180,2.4492935982947065e-17,0.4
2013-11-20 09:00:00,17.5,76,0.0,2.6,286,2.499280409439629,-0.7166571251241979
2013-11-20 10:00:00,18.3,73,0.0,4.1,285,3.96029588778518,-1.061158084920335
2013-11-20 11:00:00,19.4,67,0.0,6.0,287,5.737828535778212,-1.7542302283364206
2013-11-20 12:00:00,20.0,65,0.0,6.7,286,6.440453362786736,-1.8467702839738944
2013-11-20 13:00:00,19.9,64,0.0,6.8,288,6.467184310807044,-2.1013155617496424
2013-11-20 14:00:00,20.0,62,0.0,6.0,295,5.437846722219899,-2.5357095704441965
2013-11-20 15:00:00,19.4,65,0.0,5.1,309,3.963444403430551,-3.2095339943541705
2013-11-20 16:00:00,18.9,68,0.0,3.7,331,1.7937955949114475,-3.2360929164157644
2013-11-20 17:00:00,17.9,77,0.0,3.7,331,1.7937955949114475,-3.2360929164157644
2013-11-20 18:00:00,17.3,75,0.0,3.7,349,0.7059932828932162,-3.632020578756357
2013-11-20 19:00:00,18.1,66,0.0,4.0,10,-0.6945927106677213,-3.939231012048832
2013-11-20 20:00:00,17.8,67,0.0,1.9,22,-0.7117525274902333,-1.7616493236768958
2013-11-20 21:00:00,17.6,69,0.0,1.8,79,-1.7669289302057951,-0.3434561916777805
2013-11-20 22:00:00,16.0,77,0.0,2.6,106,-2.499280409439629,0.716657125124198
2013-11-20 23:00:00,15.5,80,0.0,3.8,107,-3.633958072659535,1.111012477946399
2013-11-21 00:00:00,15.5,79,0.0,4.3,95,-4.283637201794505,0.3747696938149302
2013-11-21 01:00:00,15.6,79,0.0,2.5,82,-2.475670171853926,-0.3479327524001638
2013-11-21 02:00:00,15.5,79,0.0,1.9,68,-1.761649323676896,-0.7117525274902328
2013-11-21 03:00:00,15.5,79,0.0,2.1,59,-1.800051331474436,-1.0815799573111138
2013-11-21 04:00:00,16.1,76,0.0,2.1,59,-1.800051331474436,-1.0815799573111138
2013-11-21 05:00:00,15.1,82,0.0,3.1,69,-2.8940993221413254,-1.1109406435904314
2013-11-21 06:00:00,14.5,86,0.0,4.4,81,-4.3458286986186065,-0.6883116461770152
2013-11-21 07:00:00,14.5,88,0.0,3.4,58,-2.8833635269318485,-1.8017254983928963
2013-11-21 08:00:00,17.0,89,0.0,3.1,45,-2.192031021678298,-2.192031021678297
2013-11-21 09:00:00,19.0,80,0.0,3.8,17,-1.111012477946401,-3.633958072659534
2013-11-21 10:00:00,20.2,70,0.0,5.1,8,-0.7097828148963357,-5.050367150582008
2013-11-21 11:00:00,21.4,65,0.0,6.9,351,1.0793978087775935,-6.815049550106451
2013-11-21 12:00:00,22.0,59,0.0,7.6,341,2.474317973874391,-7.185941174554807
2013-11-21 13:00:00,22.5,56,0.0,7.9,336,3.2132194802988217,-7.217009115376547
2013-11-21 14:00:00,22.3,56,0.0,8.0,333,3.6319239979163744,-7.128052193506942
2013-11-21 15:00:00,22.5,58,0.0,7.9,336,3.2132194802988217,-7.217009115376547
2013-11-21 16:00:00,21.7,62,0.0,5.8,338,2.1727182418122895,-5.377666356487367
2013-11-21 17:00:00,20.0,73,0.0,5.4,323,3.2498011250210617,-4.312631754255381
2013-11-21 18:00:00,20.4,60,0.0,2.6,344,0.7166571251241979,-2.499280409439629
2013-11-21 19:00:00,19.6,63,0.0,2.1,31,-1.0815799573111144,-1.8000513314744355
2013-11-21 20:00:00,18.8,66,0.0,2.7,67,-2.485363104321589,-1.0549740469210387
2013-11-21 21:00:00,17.1,72,0.0,3.4,72,-3.2335921554035223,-1.0506577808748208
2013-11-21 22:00:00,16.2,76,0.0,2.4,63,-2.138415658052083,-1.089577199374912
2013-11-21 23:00:00,15.9,78,0.0,2.3,51,-1.7874357113510326,-1.4474368994146265
2013-11-22 00:00:00,15.9,79,0.0,2.3,51,-1.7874357113510326,-1.4474368994146265
2013-11-22 01:00:00,15.6,79,0.0,2.3,51,-1.7874357113510326,-1.4474368994146265
2013-11-22 02:00:00,14.9,81,0.0,2.6,56,-2.1554976886431088,-1.4539015490239415
2013-11-22 03:00:00,13.4,87,0.0,2.7,67,-2.485363104321589,-1.0549740469210387
2013-11-22 04:00:00,13.3,88,0.0,2.9,60,-2.5114736709748717,-1.4500000000000002
2013-11-22 05:00:00,13.2,88,0.0,3.4,58,-2.8833635269318485,-1.8017254983928963
2013-11-22 06:00:00,13.2,87,0.0,3.1,45,-2.192031021678298,-2.192031021678297
2013-11-22 07:00:00,14.0,86,0.0,3.1,45,-2.192031021678298,-2.192031021678297
2013-11-22 08:00:00,15.7,87,0.0,3.5,24,-1.4235782507653003,-3.1974091017491033
2013-11-22 09:00:00,19.9,71,0.0,5.8,30,-2.9000000000000026,-5.022947341949743
2013-11-22 10:00:00,21.4,62,0.0,6.8,18,-2.1013155617496433,-6.467184310807044
2013-11-22 11:00:00,21.5,63,0.2,6.2,10,-1.0766187015349682,-6.10580806867569
2013-11-22 12:00:00,22.2,63,0.2,4.7,4,-0.32785542659739025,-4.688551036221174
2013-11-22 13:00:00,22.5,63,0.0,4.7,360,2.8779199779962803e-16,-4.7
2013-11-22 14:00:00,23.0,61,0.0,5.8,338,2.1727182418122895,-5.377666356487367
2013-11-22 15:00:00,21.3,75,0.0,6.4,333,2.9055391983331,-5.702441754805554
2013-11-22 16:00:00,20.9,78,0.2,4.7,356,0.3278554265973886,-4.688551036221174
2013-11-22 17:00:00,19.9,86,0.2,5.2,16,-1.4333142502483942,-4.998560818879259
2013-11-22 18:00:00,19.9,79,0.0,2.3,39,-1.447436899414627,-1.7874357113510322
2013-11-22 19:00:00,19.3,82,0.0,2.7,23,-1.0549740469210394,-2.4853631043215887
2013-11-22 20:00:00,18.6,85,0.0,2.4,27,-1.0895771993749126,-2.138415658052083
2013-11-22 21:00:00,16.8,89,0.0,3.1,69,-2.8940993221413254,-1.1109406435904314
2013-11-22 22:00:00,15.4,91,0.0,2.7,67,-2.485363104321589,-1.0549740469210387
2013-11-22 23:00:00,14.0,92,0.0,2.4,63,-2.138415658052083,-1.089577199374912
2013-11-23 00:00:00,13.3,93,0.0,2.9,60,-2.5114736709748717,-1.4500000000000002
2013-11-23 01:00:00,13.0,92,0.0,3.5,66,-3.197409101749103,-1.4235782507653008
2013-11-23 02:00:00,13.0,92,0.0,3.7,79,-3.632020578756357,-0.7059932828932155
2013-11-23 03:00:00,12.2,90,0.0,3.6,84,-3.580278823325784,-0.3763024677635526
2013-11-23 04:00:00,12.2,89,0.0,4.3,90,-4.3,5.265981236333618e-16
2013-11-23 05:00:00,12.0,90,0.0,4.0,90,-4.0,4.898587196589413e-16
2013-11-23 06:00:00,11.7,90,0.0,4.7,94,-4.688551036221174,0.32785542659739
2013-11-23 07:00:00,12.3,91,0.0,4.6,108,-4.3748599749577055,1.4214781741247584
2013-11-23 08:00:00,16.2,89,0.0,3.9,124,-3.2332465329646625,2.180852323535913
2013-11-23 09:00:00,21.3,63,0.0,2.5,225,1.7677669529663689,1.7677669529663687
2013-11-23 10:00:00,22.5,62,0.0,5.2,258,5.08636752381579,1.0811407922523486
2013-11-23 11:00:00,23.5,62,0.0,6.5,276,6.4643923198937765,-0.6794350112397476
2013-11-23 12:00:00,24.1,61,0.0,6.8,288,6.467184310807044,-2.1013155617496424
2013-11-23 13:00:00,24.4,61,0.0,6.9,298,6.092338390726597,-3.2393537832226467
2013-11-23 14:00:00,24.4,61,0.0,6.0,295,5.437846722219899,-2.5357095704441965
2013-11-23 15:00:00,24.4,63,0.0,5.8,292,5.377666356487367,-2.1727182418122895
2013-11-23 16:00:00,23.9,65,0.0,4.5,299,3.935788682127281,-2.1816432911085166
2013-11-23 17:00:00,22.4,74,0.0,5.5,293,5.062776693988422,-2.149021206691006
2013-11-23 18:00:00,21.6,70,0.0,2.9,330,1.4500000000000002,-2.5114736709748717
2013-11-23 19:00:00,20.7,73,0.0,1.1,72,-1.046162167924669,-0.33991869381244205
2013-11-23 20:00:00,18.7,79,0.0,1.1,90,-1.1,1.3471114790620887e-16
2013-11-23 21:00:00,16.8,84,0.0,1.1,90,-1.1,1.3471114790620887e-16
2013-11-23 22:00:00,16.1,86,0.0,1.0,45,-0.7071067811865477,-0.7071067811865475
2013-11-23 23:00:00,15.4,89,0.0,2.1,59,-1.800051331474436,-1.0815799573111138
2013-11-24 00:00:00,14.6,90,0.0,3.1,69,-2.8940993221413254,-1.1109406435904314
2013-11-24 01:00:00,14.1,90,0.0,3.0,76,-2.9108871788279895,-0.7257656867990026
2013-11-24 02:00:00,13.6,91,0.0,3.1,69,-2.8940993221413254,-1.1109406435904314
2013-11-24 03:00:00,13.0,91,0.0,3.4,72,-3.2335921554035223,-1.0506577808748208
2013-11-24 04:00:00,13.1,91,0.0,3.0,76,-2.9108871788279895,-0.7257656867990026
2013-11-24 05:00:00,13.0,90,0.0,3.2,63,-2.8512208774027776,-1.4527695991665495
2013-11-24 06:00:00,13.3,89,0.0,3.8,73,-3.6339580726595346,-1.1110124779463997
2013-11-24 07:00:00,13.9,88,0.0,4.3,95,-4.283637201794505,0.3747696938149302
2013-11-24 08:00:00,17.9,86,0.0,3.1,111,-2.8940993221413254,1.1109406435904308
2013-11-24 09:00:00,21.7,63,0.0,3.1,234,2.5079526825623373,1.8221342821066668
2013-11-24 10:00:00,22.1,67,0.0,4.7,274,4.688551036221174,-0.3278554265973889
2013-11-24 11:00:00,22.5,70,0.0,8.1,283,7.892397524760405,-1.8221035401853065
2013-11-24 12:00:00,22.7,72,0.0,10.5,286,10.093247807352348,-2.8941922360784913
2013-11-24 13:00:00,22.4,75,0.1,8.2,293,7.54813979831001,-3.2039952536120446
2013-11-24 14:00:00,22.2,77,0.0,8.9,313,6.509047944410617,-6.069785404556237
2013-11-24 15:00:00,22.5,77,0.0,9.2,318,6.156001578501495,-6.836932394392027
2013-11-24 16:00:00,21.8,80,0.0,7.9,321,4.971631089293717,-6.139453095510071
2013-11-24 17:00:00,20.8,84,0.4,7.2,342,2.224922359499622,-6.8476069173251055
2013-11-24 18:00:00,19.7,88,0.5,7.8,338,2.9219314286441134,-7.232034065620942
2013-11-24 19:00:00,19.1,91,1.0,6.9,351,1.0793978087775935,-6.815049550106451
2013-11-24 20:00:00,18.3,95,1.2,7.1,24,-2.8878301658381806,-6.486172749262467
2013-11-24 21:00:00,17.8,94,1.4,7.1,30,-3.550000000000003,-6.148780366869512
2013-11-24 22:00:00,17.2,94,1.4,5.1,45,-3.606244584051393,-3.606244584051392
2013-11-24 23:00:00,17.1,94,1.4,2.6,34,-1.453901549023941,-2.1554976886431088
2013-11-25 00:00:00,17.9,91,1.2,5.5,349,1.049449474570997,-5.3989495089621515
2013-11-25 01:00:00,16.8,95,0.6,9.0,16,-2.4807362023529897,-8.651355263444872
2013-11-25 02:00:00,16.6,96,0.8,8.1,32,-4.292346040288961,-6.86918957886705
2013-11-25 03:00:00,16.9,95,1.1,8.5,28,-3.9905082836800716,-7.505054539300879
2013-11-25 04:00:00,17.1,95,1.6,10.0,13,-2.2495105434386526,-9.743700647852352
2013-11-25 05:00:00,17.1,96,1.8,10.8,15,-2.795245687107223,-10.431998923921938
2013-11-25 06:00:00,17.3,96,1.1,10.6,28,-4.976398565530442,-9.359244484304625
2013-11-25 07:00:00,17.3,96,0.5,11.0,23,-4.298042413382012,-10.125553387976844
2013-11-25 08:00:00,18.0,94,0.2,12.9,18,-3.9863192274368235,-12.26862906020748
2013-11-25 09:00:00,18.8,92,0.0,14.8,4,-1.0323958114130587,-14.763947943845398
2013-11-25 10:00:00,19.7,90,0.0,17.3,358,0.6037612929532687,-17.289461307430358
2013-11-25 11:00:00,20.3,84,0.0,18.1,354,1.8919651851445278,-18.000846306165748
2013-11-25 12:00:00,20.5,80,0.0,17.7,354,1.8501537998374662,-17.60303754801844
2013-11-25 13:00:00,20.7,77,0.0,17.4,353,2.120526575249566,-17.270303038559
2013-11-25 14:00:00,20.6,76,0.0,15.5,356,1.0812253430339411,-15.462242779027275
2013-11-25 15:00:00,20.3,73,0.0,13.7,360,8.388830574159369e-16,-13.7
2013-11-25 16:00:00,19.6,75,0.0,11.6,355,1.0110066158728344,-11.555858497864248
2013-11-25 17:00:00,18.7,78,0.0,9.5,349,1.8126854560771768,-9.325458242752807
2013-11-25 18:00:00,17.4,85,0.0,9.1,9,-1.4235536318661024,-8.987963899415753
2013-11-25 19:00:00,17.2,81,0.0,5.2,25,-2.197614961051636,-4.71280049259058
2013-11-25 20:00:00,16.7,84,0.0,3.2,27,-1.4527695991665501,-2.851220877402777
2013-11-25 21:00:00,16.1,87,0.0,2.3,39,-1.447436899414627,-1.7874357113510322
2013-11-25 22:00:00,15.9,87,0.0,2.3,72,-2.187429987478853,-0.7107390870623786
2013-11-25 23:00:00,15.6,89,0.0,1.3,56,-1.0777488443215544,-0.7269507745119708
2013-11-26 00:00:00,15.2,90,0.0,1.5,45,-1.0606601717798214,-1.0606601717798212
2013-11-26 01:00:00,14.8,92,0.0,1.3,56,-1.0777488443215544,-0.7269507745119708
2013-11-26 02:00:00,14.9,93,0.1,0.4,360,2.4492935982947065e-17,-0.4
2013-11-26 03:00:00,15.3,88,0.3,0.7000000000000001,270,0.7000000000000001,0.0
2013-11-26 04:00:00,15.2,89,0.2,1.0,225,0.7071067811865476,0.7071067811865475
2013-11-26 05:00:00,15.2,89,0.2,0.4,180,2.4492935982947065e-17,0.4
2013-11-26 06:00:00,15.2,90,0.0,2.2,171,-0.34415582308850784,2.1729143493093033
2013-11-26 07:00:00,15.3,92,0.0,3.3,174,-0.3449439287832567,3.2819222547153015
2013-11-26 08:00:00,17.5,87,0.3,4.3,204,1.7489675652259409,3.9282454678631837
2013-11-26 09:00:00,19.0,83,0.2,7.4,231,5.750880114781585,4.656970893768797
2013-11-26 10:00:00,19.9,82,0.2,10.0,232,7.880107536067219,6.156614753256583
2013-11-26 11:00:00,20.4,82,0.2,11.0,232,8.668118289673941,6.772276228582241
2013-11-26 12:00:00,20.7,81,0.4,12.3,232,9.69253226936268,7.572636146505597
2013-11-26 13:00:00,20.4,80,0.5,12.2,236,10.114258385171507,6.822153422343112
2013-11-26 14:00:00,20.4,80,0.5,11.2,237,9.393110360988748,6.099957192168303
2013-11-26 15:00:00,20.5,79,0.1,9.2,249,8.588939923774255,3.296985135816762
2013-11-26 16:00:00,20.0,81,0.0,7.5,253,7.172285669722766,2.192787785420526
2013-11-26 17:00:00,19.1,83,0.0,5.6,255,5.4091846272187825,1.4493866525741161
2013-11-26 18:00:00,18.1,88,0.0,7.0,249,6.535062985480412,2.5085756468171017
2013-11-26 19:00:00,17.2,92,0.0,6.0,253,5.737828535778212,1.7542302283364206
2013-11-26 20:00:00,16.1,94,0.0,3.9,236,3.2332465329646625,2.180852323535913
2013-11-26 21:00:00,15.7,94,0.0,3.6,233,2.875087836170254,2.166534083347374
2013-11-26 22:00:00,15.7,93,0.0,3.7,241,3.2360929164157644,1.7937955949114472
2013-11-26 23:00:00,15.2,94,0.0,2.7,247,2.485363104321589,1.0549740469210394
2013-11-27 00:00:00,15.1,94,0.0,2.6,254,2.499280409439629,0.7166571251241979
2013-11-27 01:00:00,15.0,94,0.0,2.5,278,2.475670171853926,-0.3479327524001636
2013-11-27 02:00:00,15.2,93,0.0,1.6,297,1.4256104387013888,-0.7263847995832748
2013-11-27 03:00:00,17.1,90,0.0,1.8,11,-0.3434561916777803,-1.7669289302057951
2013-11-27 04:00:00,17.1,89,0.0,1.9,22,-0.7117525274902333,-1.7616493236768958
2013-11-27 05:00:00,15.8,91,0.0,3.1,45,-2.192031021678298,-2.192031021678297
2013-11-27 06:00:00,14.9,92,0.0,5.2,65,-4.71280049259058,-2.1976149610516362
2013-11-27 07:00:00,14.4,94,0.0,3.2,63,-2.8512208774027776,-1.4527695991665495
2013-11-27 08:00:00,17.0,94,0.0,3.1,45,-2.192031021678298,-2.192031021678297
2013-11-27 09:00:00,19.7,81,0.0,4.3,5,-0.37476969381493047,-4.283637201794505
2013-11-27 10:00:00,20.5,78,0.0,6.6,351,1.032467469265524,-6.518743047927909
2013-11-27 11:00:00,21.3,75,0.0,8.4,335,3.5499933986218752,-7.61298541110786
2013-11-27 12:00:00,22.0,73,0.0,11.4,325,6.538771374401926,-9.338333304894507
2013-11-27 13:00:00,21.8,77,0.0,12.6,329,6.489479743866682,-10.800307988846615
2013-11-27 14:00:00,21.1,79,0.0,13.9,335,5.874393838195722,-12.597678239809435
2013-11-27 15:00:00,19.9,83,0.2,13.6,343,3.97625518422922,-13.005744681097282
2013-11-27 16:00:00,19.2,82,0.0,12.5,348,2.598896135221993,-12.22684500917257
2013-11-27 17:00:00,17.9,85,0.0,11.3,353,1.3771235804781667,-11.215771513546938
2013-11-27 18:00:00,16.9,89,0.0,10.8,4,-0.7533699164365563,-10.773691742806102
2013-11-27 19:00:00,16.2,91,0.0,10.6,10,-1.8406706832694615,-10.438962181929405
2013-11-27 20:00:00,15.2,94,0.0,11.9,5,-1.0371533386971332,-11.854716907291772
2013-11-27 21:00:00,14.5,94,0.0,12.1,10,-2.101142949769857,-11.916173811447717
2013-11-27 22:00:00,13.9,93,0.0,11.8,12,-2.453357951649566,-11.542141688658907
2013-11-27 23:00:00,13.8,92,0.0,12.1,10,-2.101142949769857,-11.916173811447717
2013-11-28 00:00:00,13.1,92,0.0,14.2,9,-2.2213694035712805,-14.025174436450953
2013-11-28 01:00:00,13.4,89,0.0,11.7,11,-2.232465245905572,-11.485038046337667
2013-11-28 02:00:00,14.7,83,0.3,11.4,11,-2.1752225472926088,-11.19054989130337
2013-11-28 03:00:00,13.1,92,0.2,12.4,8,-1.7257464519048162,-12.279324052395472
2013-11-28 04:00:00,13.5,92,0.3,12.4,10,-2.1532374030699364,-12.21161613735138
2013-11-28 05:00:00,13.4,92,0.0,13.0,360,7.960204194457795e-16,-13.0
2013-11-28 06:00:00,12.9,93,0.5,11.3,9,-1.7677094549546108,-11.160878248725057
2013-11-28 07:00:00,13.0,93,0.2,10.8,2,-0.37691456438700827,-10.793420931806235
2013-11-28 08:00:00,13.9,91,0.2,10.8,358,0.3769145643870117,-10.793420931806235
2013-11-28 09:00:00,14.3,89,0.2,10.1,360,6.184466335694133e-16,-10.1
2013-11-28 10:00:00,15.2,86,0.3,10.9,352,1.5169868004647136,-10.793921949283117
2013-11-28 11:00:00,16.1,82,0.0,10.5,352,1.4613175600806874,-10.397814721786489
2013-11-28 12:00:00,15.5,82,0.0,10.2,350,1.77121141220269,-10.045039080724521
2013-11-28 13:00:00,15.7,80,0.0,12.4,343,3.625409138561936,-11.858178973941639
2013-11-28 14:00:00,15.5,78,0.0,14.3,350,2.483168940637105,-14.082750868074575
2013-11-28 15:00:00,15.9,75,0.0,13.8,353,1.6817969389910354,-13.697136892650244
2013-11-28 16:00:00,15.5,74,0.0,12.4,350,2.1532374030699373,-12.21161613735138
2013-11-28 17:00:00,14.5,76,0.0,10.9,351,1.705135668938517,-10.765802912487002
2013-11-28 18:00:00,13.8,76,0.0,9.5,349,1.8126854560771768,-9.325458242752807
2013-11-28 19:00:00,13.5,77,0.0,9.2,349,1.755442757464213,-9.030970087718508
2013-11-28 20:00:00,13.1,78,0.0,9.5,349,1.8126854560771768,-9.325458242752807
2013-11-28 21:00:00,12.8,79,0.0,10.2,352,1.4195656297926678,-10.100734301164017
2013-11-28 22:00:00,12.4,79,0.0,10.1,360,6.184466335694133e-16,-10.1
2013-11-28 23:00:00,12.5,79,0.0,10.8,360,6.613092715395707e-16,-10.8
2013-11-29 00:00:00,11.9,80,0.0,11.2,358,0.3908743630680121,-11.193177262613872
2013-11-29 01:00:00,11.3,81,0.0,10.4,358,0.36295476570601126,-10.393664600998596
2013-11-29 02:00:00,10.6,80,0.0,11.9,360,7.286648454926752e-16,-11.9
2013-11-29 03:00:00,10.7,73,0.0,11.5,360,7.041719095097281e-16,-11.5
2013-11-29 04:00:00,10.3,74,0.0,11.9,5,-1.0371533386971332,-11.854716907291772
2013-11-29 05:00:00,9.7,77,0.0,13.5,9,-2.111865278043119,-13.333792598034359
2013-11-29 06:00:00,9.0,80,0.0,13.2,11,-2.518678738970389,-12.957478821509163
2013-11-29 07:00:00,8.9,80,0.0,11.3,9,-1.7677094549546108,-11.160878248725057
2013-11-29 08:00:00,11.7,72,0.0,11.9,3,-0.6227978792910372,-11.88369146357943
2013-11-29 09:00:00,13.5,66,0.0,14.0,359,0.24433369012197037,-13.997867732189478
2013-11-29 10:00:00,14.7,63,0.0,13.8,354,1.4424927930936178,-13.724402156082173
2013-11-29 11:00:00,15.7,59,0.0,13.6,349,2.5950023371210107,-13.35012969488823
2013-11-29 12:00:00,16.1,57,0.0,14.5,346,3.507867486195181,-14.06928803100195
2013-11-29 13:00:00,16.3,56,0.0,14.9,345,3.856403772027559,-14.392294811707119
2013-11-29 14:00:00,16.1,57,0.0,15.5,348,3.2226312076752714,-15.161287811373986
2013-11-29 15:00:00,15.5,60,0.0,15.3,351,2.3934473151155333,-15.111631611105608
2013-11-29 16:00:00,14.5,64,0.0,13.6,348,2.8275989951215283,-13.302807369979755
2013-11-29 17:00:00,13.1,66,0.0,10.8,345,2.795245687107224,-10.431998923921938
2013-11-29 18:00:00,11.6,74,0.0,9.0,344,2.4807362023529924,-8.65135526344487
2013-11-29 19:00:00,10.9,76,0.0,4.7,351,0.7352419856890854,-4.6421352007971475
2013-11-29 20:00:00,10.4,77,0.0,2.9,353,0.3534210958749277,-2.8783838397598336
2013-11-29 21:00:00,9.8,80,0.0,1.5,14,-0.36288284339950166,-1.4554435894139948
2013-11-29 22:00:00,9.7,82,0.0,1.3,34,-0.7269507745119705,-1.0777488443215544
2013-11-29 23:00:00,9.9,82,0.0,1.6,63,-1.4256104387013888,-0.7263847995832747
2013-11-30 00:00:00,10.1,81,0.0,2.4,63,-2.138415658052083,-1.089577199374912
2013-11-30 01:00:00,10.3,80,0.0,3.4,72,-3.2335921554035223,-1.0506577808748208
2013-11-30 02:00:00,9.8,81,0.0,3.4,72,-3.2335921554035223,-1.0506577808748208
2013-11-30 03:00:00,11.6,73,0.0,3.9,68,-3.616017032810471,-1.460965714322057
2013-11-30 04:00:00,10.8,75,0.0,4.5,76,-4.366330768241984,-1.0886485301985038
2013-11-30 05:00:00,9.6,77,0.0,4.7,81,-4.6421352007971475,-0.7352419856890845
2013-11-30 06:00:00,9.5,76,0.0,3.5,114,-3.197409101749103,1.4235782507653014
2013-11-30 07:00:00,9.6,75,0.0,2.4,117,-2.138415658052083,1.0895771993749124
2013-11-30 08:00:00,12.7,76,0.0,1.8,143,-1.0832670416736871,1.4375439180851268
2013-11-30 09:00:00,15.3,68,0.0,3.3,276,3.2819222547153015,-0.3449439287832564
2013-11-30 10:00:00,16.3,65,0.0,5.2,286,4.998560818879258,-1.4333142502483958
2013-11-30 11:00:00,17.1,64,0.0,7.3,290,6.859756131737131,-2.4967470462773815
2013-11-30 12:00:00,17.5,64,0.0,9.0,293,8.284543681071963,-3.5165801564034638
2013-11-30 13:00:00,17.7,63,0.0,8.4,295,7.61298541110786,-3.5499933986218752
2013-11-30 14:00:00,17.4,63,0.0,8.1,302,6.86918957886705,-4.29234604028896
2013-11-30 15:00:00,16.6,65,0.0,7.4,313,5.412017391981862,-5.046787864462489
2013-11-30 16:00:00,15.9,68,0.0,6.4,322,3.9402334420842133,-5.043268823083022
2013-11-30 17:00:00,14.9,72,0.0,6.4,322,3.9402334420842133,-5.043268823083022
2013-11-30 18:00:00,13.5,83,0.0,6.5,6,-0.6794350112397468,-6.464392319893777
2013-11-30 19:00:00,14.0,74,0.0,7.1,30,-3.550000000000003,-6.148780366869512
2013-11-30 20:00:00,13.8,74,0.0,5.9,38,-3.632402704421383,-4.649263446279661
2013-11-30 21:00:00,13.7,75,0.0,2.9,60,-2.5114736709748717,-1.4500000000000002
2013-11-30 22:00:00,11.5,82,0.0,3.8,73,-3.6339580726595346,-1.1110124779463997
2013-11-30 23:00:00,10.2,87,0.0,3.8,107,-3.633958072659535,1.111012477946399
2013-12-01 00:00:00,10.0,87,0.0,3.3,103,-3.215421213791276,0.7423384793347552
2013-12-01 01:00:00,10.1,85,0.0,2.9,83,-2.878383839759834,-0.3534210958749272
2013-12-01 02:00:00,10.4,84,0.0,4.0,63,-3.5640260967534716,-1.8159619989581868
2013-12-01 03:00:00,12.9,74,0.0,3.7,61,-3.236092916415765,-1.7937955949114468
2013-12-01 04:00:00,13.3,72,0.0,3.9,56,-3.233246532964663,-2.180852323535912
2013-12-01 05:00:00,12.6,74,0.0,4.1,52,-3.23084408978756,-2.5242120488351985
2013-12-01 06:00:00,11.6,78,0.0,5.5,67,-5.062776693988422,-2.1490212066910046
2013-12-01 07:00:00,11.8,77,0.0,3.9,56,-3.233246532964663,-2.180852323535912
2013-12-01 08:00:00,14.4,75,0.0,4.1,38,-2.524212048835198,-3.2308440897875603
2013-12-01 09:00:00,16.6,72,0.0,6.2,353,0.7555899291119145,-6.153786140176196
2013-12-01 10:00:00,17.7,68,0.0,7.4,337,2.8914103508206255,-6.811735915548059
2013-12-01 11:00:00,18.5,65,0.0,9.2,329,4.738350289172498,-7.8859391664594325
2013-12-01 12:00:00,19.1,63,0.0,9.8,332,4.600821315301731,-8.652886410017484
2013-12-01 13:00:00,19.4,62,0.0,10.0,334,4.383711467890775,-8.98794046299167
2013-12-01 14:00:00,19.3,62,0.0,11.3,338,4.233054505599806,-10.4771775566047
2013-12-01 15:00:00,19.2,64,0.0,11.3,343,3.303800263366926,-10.806243742382302
2013-12-01 16:00:00,18.3,67,0.0,9.8,343,2.8652427062828205,-9.371786608437748
2013-12-01 17:00:00,16.8,70,0.0,9.6,340,3.2833933759264204,-9.02104915954472
2013-12-01 18:00:00,15.1,79,0.0,7.3,20,-2.49674704627738,-6.859756131737131
2013-12-01 19:00:00,15.4,73,0.0,4.6,45,-3.2526911934581193,-3.252691193458118
2013-12-01 20:00:00,15.1,73,0.0,3.8,49,-2.867896404846534,-2.4930243101639267
2013-12-01 21:00:00,14.7,74,0.0,3.9,56,-3.233246532964663,-2.180852323535912
2013-12-01 22:00:00,14.4,75,0.0,4.2,59,-3.600102662948872,-2.1631599146222276
2013-12-01 23:00:00,12.6,79,0.0,3.1,54,-2.5079526825623377,-1.8221342821066664
2013-12-02 00:00:00,11.8,82,0.0,3.4,58,-2.8833635269318485,-1.8017254983928963
2013-12-02 01:00:00,11.4,82,0.0,3.2,63,-2.8512208774027776,-1.4527695991665495
2013-12-02 02:00:00,10.8,82,0.0,3.4,58,-2.8833635269318485,-1.8017254983928963
2013-12-02 03:00:00,8.1,85,0.0,3.5,66,-3.197409101749103,-1.4235782507653008
2013-12-02 04:00:00,7.6,85,0.0,3.5,66,-3.197409101749103,-1.4235782507653008
2013-12-02 05:00:00,7.2,85,0.0,3.7,61,-3.236092916415765,-1.7937955949114468
2013-12-02 06:00:00,6.8,84,0.0,3.4,58,-2.8833635269318485,-1.8017254983928963
2013-12-02 07:00:00,7.0,84,0.0,3.7,61,-3.236092916415765,-1.7937955949114468
2013-12-02 08:00:00,11.8,83,0.0,3.5,66,-3.197409101749103,-1.4235782507653008
2013-12-02 09:00:00,17.6,56,0.0,3.0,346,0.725765686799003,-2.9108871788279895
2013-12-02 10:00:00,18.9,56,0.0,5.4,323,3.2498011250210617,-4.312631754255381
2013-12-02 11:00:00,19.9,55,0.0,6.9,317,4.70578868443124,-5.046340541172277
2013-12-02 12:00:00,20.4,54,0.0,8.2,322,5.048424097670398,-6.46168817957512
2013-12-02 13:00:00,20.7,54,0.0,8.7,330,4.3500000000000005,-7.534421012924615
2013-12-02 14:00:00,20.6,55,0.0,8.9,333,4.040515447681967,-7.929958065276474
2013-12-02 15:00:00,20.2,55,0.0,8.2,331,3.975438886019964,-7.171881598543044
2013-12-02 16:00:00,19.4,60,0.0,5.1,321,3.209533994354171,-3.963444403430551
2013-12-02 17:00:00,17.3,74,0.0,4.8,297,4.276831316104166,-2.1791543987498243
2013-12-02 18:00:00,15.1,75,0.0,1.5,166,-0.36288284339950166,1.4554435894139948
2013-12-02 19:00:00,12.6,83,0.0,4.8,153,-2.179154398749824,4.276831316104166
2013-12-02 20:00:00,11.1,87,0.0,5.8,150,-2.8999999999999986,5.022947341949744
2013-12-02 21:00:00,10.7,88,0.0,5.1,141,-3.20953399435417,3.963444403430552
2013-12-02 22:00:00,10.8,88,0.0,3.6,127,-2.8750878361702545,2.1665340833473734
2013-12-02 23:00:00,11.2,86,0.0,3.1,111,-2.8940993221413254,1.1109406435904308
2013-12-03 00:00:00,11.6,84,0.2,3.1,111,-2.8940993221413254,1.1109406435904308
2013-12-03 01:00:00,11.3,84,0.1,3.1,111,-2.8940993221413254,1.1109406435904308
2013-12-03 02:00:00,11.2,85,0.2,3.8,107,-3.633958072659535,1.111012477946399
2013-12-03 03:00:00,11.6,83,0.0,3.3,103,-3.215421213791276,0.7423384793347552
2013-12-03 04:00:00,11.5,83,0.0,3.2,90,-3.2,3.9188697572715305e-16
2013-12-03 05:00:00,11.8,79,0.0,3.1,69,-2.8940993221413254,-1.1109406435904314
2013-12-03 06:00:00,11.6,76,0.0,3.6,53,-2.875087836170254,-2.1665340833473743
2013-12-03 07:00:00,11.3,76,0.0,2.7,67,-2.485363104321589,-1.0549740469210387
2013-12-03 08:00:00,14.6,76,0.0,2.5,45,-1.7677669529663693,-1.7677669529663687
2013-12-03 09:00:00,17.5,66,0.0,5.2,344,1.4333142502483958,-4.998560818879258
2013-12-03 10:00:00,18.5,64,0.0,6.3,336,2.5624408513775414,-5.755336383148386
2013-12-03 11:00:00,19.3,63,0.0,7.1,330,3.5500000000000007,-6.148780366869514
2013-12-03 12:00:00,20.1,62,0.0,7.5,325,4.301823272632846,-6.143640332167439
2013-12-03 13:00:00,20.5,60,0.0,8.4,320,5.399415921366931,-6.4347733221994154
2013-12-03 14:00:00,20.4,59,0.0,9.1,326,5.088655421583796,-7.5442419102508795
2013-12-03 15:00:00,19.7,58,0.0,9.0,331,4.363286582217034,-7.871577364254562
2013-12-03 16:00:00,18.8,60,0.0,7.7,332,3.61493103345136,-6.798696465013737
2013-12-03 17:00:00,17.1,68,0.0,6.4,322,3.9402334420842133,-5.043268823083022
2013-12-03 18:00:00,16.2,63,0.0,3.9,22,-1.460965714322058,-3.6160170328104706
2013-12-03 19:00:00,15.5,65,0.0,3.6,37,-2.166534083347374,-2.875087836170254
2013-12-03 20:00:00,13.4,72,0.0,3.6,53,-2.875087836170254,-2.1665340833473743
2013-12-03 21:00:00,12.3,75,0.0,3.1,54,-2.5079526825623377,-1.8221342821066664
2013-12-03 22:00:00,11.2,78,0.0,3.2,63,-2.8512208774027776,-1.4527695991665495
2013-12-03 23:00:00,10.0,81,0.0,3.3,77,-3.2154212137912763,-0.7423384793347544
2013-12-04 00:00:00,9.4,82,0.0,3.6,84,-3.580278823325784,-0.3763024677635526
2013-12-04 01:00:00,8.8,83,0.0,3.6,84,-3.580278823325784,-0.3763024677635526
2013-12-04 02:00:00,8.1,84,0.0,3.3,84,-3.2819222547153015,-0.3449439287832565
2013-12-04 03:00:00,10.0,78,0.0,3.2,63,-2.8512208774027776,-1.4527695991665495
2013-12-04 04:00:00,9.7,77,0.0,3.6,53,-2.875087836170254,-2.1665340833473743
2013-12-04 05:00:00,8.9,79,0.0,3.6,53,-2.875087836170254,-2.1665340833473743
2013-12-04 06:00:00,8.3,81,0.0,4.5,61,-3.9357886821272814,-2.181643291108516
2013-12-04 07:00:00,7.3,85,0.0,3.1,69,-2.8940993221413254,-1.1109406435904314
2013-12-04 08:00:00,11.7,85,0.0,3.4,58,-2.8833635269318485,-1.8017254983928963
2013-12-04 09:00:00,16.7,61,0.0,6.3,347,1.4171916423663489,-6.1385314081469815
2013-12-04 10:00:00,18.0,56,0.0,8.7,343,2.5436338310878095,-8.319851376878407
2013-12-04 11:00:00,18.9,51,0.0,9.4,342,2.904759747124506,-8.939931253174443
2013-12-04 12:00:00,19.5,46,0.0,10.5,338,3.9333692308670756,-9.735430472951268
2013-12-04 13:00:00,19.7,43,0.0,12.4,338,4.645121758357308,-11.497079796628164
2013-12-04 14:00:00,19.6,42,0.0,13.6,343,3.97625518422922,-13.005744681097282
2013-12-04 15:00:00,19.0,49,0.0,13.9,343,4.063966695646041,-13.292636107886192
2013-12-04 16:00:00,18.0,55,0.0,11.4,347,2.5644420195200603,-11.107818738551682
2013-12-04 17:00:00,16.2,60,0.0,12.4,350,2.1532374030699373,-12.21161613735138
2013-12-04 18:00:00,14.1,73,0.0,10.8,358,0.3769145643870117,-10.793420931806235
2013-12-04 19:00:00,14.8,64,0.0,8.9,27,-4.040515447681968,-7.929958065276474
2013-12-04 20:00:00,14.6,65,0.0,6.4,43,-4.364789504399991,-4.6806636903626915
2013-12-04 21:00:00,14.3,67,0.0,3.8,49,-2.867896404846534,-2.4930243101639267
2013-12-04 22:00:00,13.9,69,0.0,4.0,63,-3.5640260967534716,-1.8159619989581868
2013-12-04 23:00:00,10.7,77,0.0,4.0,80,-3.939231012048832,-0.6945927106677219
2013-12-05 00:00:00,8.9,83,0.0,4.0,90,-4.0,4.898587196589413e-16
2013-12-05 01:00:00,7.7,86,0.0,4.3,90,-4.3,5.265981236333618e-16
2013-12-05 02:00:00,7.4,88,0.0,4.0,100,-3.939231012048832,0.6945927106677211
2013-12-05 03:00:00,7.5,86,0.0,3.8,107,-3.633958072659535,1.111012477946399
2013-12-05 04:00:00,7.5,85,0.0,3.8,107,-3.633958072659535,1.111012477946399
2013-12-05 05:00:00,7.3,85,0.0,3.8,107,-3.633958072659535,1.111012477946399
2013-12-05 06:00:00,7.3,85,0.0,4.8,103,-4.6769763109691285,1.079765060850553
2013-12-05 07:00:00,7.1,85,0.0,4.2,110,-3.9467090073008153,1.4364846019678092
2013-12-05 08:00:00,12.0,79,0.0,4.7,113,-4.32637281122647,1.8364363038995868
2013-12-05 09:00:00,17.1,58,0.0,1.9,248,1.761649323676896,0.7117525274902328
2013-12-05 10:00:00,18.6,50,0.0,3.7,299,3.2360929164157644,-1.7937955949114472
2013-12-05 11:00:00,19.6,46,0.0,6.2,306,5.0159053651246746,-3.6442685642133337
2013-12-05 12:00:00,20.0,45,0.0,9.0,307,7.187719590425635,-5.416335208368435
2013-12-05 13:00:00,20.1,44,0.0,9.6,304,7.958760696528399,-5.36825187331917
2013-12-05 14:00:00,19.9,45,0.0,10.0,308,7.880107536067219,-6.156614753256583
2013-12-05 15:00:00,19.6,43,0.0,9.2,315,6.505382386916237,-6.505382386916236
2013-12-05 16:00:00,18.8,47,0.0,6.0,327,3.2678342100901627,-5.032023407672544
2013-12-05 17:00:00,17.1,60,0.0,6.6,331,3.199743493625825,-5.772490067120011
2013-12-05 18:00:00,17.2,45,0.0,5.1,45,-3.606244584051393,-3.606244584051392
2013-12-05 19:00:00,16.6,46,0.0,4.9,73,-4.685893304218874,-1.4326213531414103
2013-12-05 20:00:00,14.2,55,0.0,5.0,90,-5.0,6.123233995736766e-16
2013-12-05 21:00:00,12.3,63,0.0,4.9,107,-4.685893304218874,1.4326213531414094
2013-12-05 22:00:00,11.2,68,0.0,4.6,108,-4.3748599749577055,1.4214781741247584
2013-12-05 23:00:00,10.3,71,0.0,4.1,105,-3.9602958877851795,1.0611580849203361
2013-12-06 00:00:00,10.1,73,0.0,3.7,101,-3.632020578756357,0.7059932828932164
2013-12-06 01:00:00,8.8,80,0.0,3.3,103,-3.215421213791276,0.7423384793347552
2013-12-06 02:00:00,8.3,83,0.0,3.3,96,-3.2819222547153015,0.3449439287832573
2013-12-06 03:00:00,7.8,89,0.0,3.6,96,-3.580278823325784,0.37630246776355347
2013-12-06 04:00:00,7.5,93,0.0,4.3,90,-4.3,5.265981236333618e-16
2013-12-06 05:00:00,7.5,95,0.0,4.7,90,-4.7,5.755839955992561e-16
2013-12-06 06:00:00,6.5,98,0.0,6.1,90,-6.1,7.470345474798854e-16
2013-12-06 07:00:00,7.1,93,0.0,6.2,80,-6.10580806867569,-1.0766187015349689
2013-12-06 08:00:00,11.1,90,0.0,7.0,69,-6.535062985480412,-2.508575646817103
2013-12-06 09:00:00,17.5,59,0.0,7.6,19,-2.4743179738743906,-7.185941174554808
2013-12-06 10:00:00,19.0,54,0.0,10.4,2,-0.36295476570600793,-10.393664600998596
2013-12-06 11:00:00,20.0,53,0.0,12.3,355,1.0720156357961952,-12.253194786528471
2013-12-06 12:00:00,20.5,54,0.0,13.4,352,1.8649195528648772,-13.269592121137043
2013-12-06 13:00:00,20.7,55,0.0,14.7,349,2.8048922320352103,-14.42991959668066
2013-12-06 14:00:00,20.6,57,0.0,14.8,346,3.5804440548750818,-14.360376748884748
2013-12-06 15:00:00,20.7,57,0.0,13.6,348,2.8275989951215283,-13.302807369979755
2013-12-06 16:00:00,19.9,62,0.0,10.0,347,2.249510543438649,-9.743700647852352
2013-12-06 17:00:00,18.2,68,0.0,9.7,345,2.510544737494451,-9.369480515003962
2013-12-06 18:00:00,17.2,70,0.0,7.1,41,-4.658019105832602,-5.358438019581681
2013-12-06 19:00:00,17.0,69,0.0,4.8,63,-4.276831316104166,-2.179154398749824
2013-12-06 20:00:00,16.3,71,0.0,3.5,66,-3.197409101749103,-1.4235782507653008
2013-12-06 21:00:00,14.0,77,0.0,3.4,72,-3.2335921554035223,-1.0506577808748208
2013-12-06 22:00:00,12.3,82,0.0,3.3,77,-3.2154212137912763,-0.7423384793347544
2013-12-06 23:00:00,11.2,85,0.0,4.0,85,-3.984778792366982,-0.3486229709906318
2013-12-07 00:00:00,10.8,86,0.0,4.3,95,-4.283637201794505,0.3747696938149302
2013-12-07 01:00:00,10.2,88,0.0,4.3,95,-4.283637201794505,0.3747696938149302
2013-12-07 02:00:00,9.8,89,0.0,4.7,94,-4.688551036221174,0.32785542659739
2013-12-07 03:00:00,9.8,90,0.0,4.7,90,-4.7,5.755839955992561e-16
2013-12-07 04:00:00,9.4,91,0.0,4.3,90,-4.3,5.265981236333618e-16
2013-12-07 05:00:00,9.2,91,0.0,4.3,90,-4.3,5.265981236333618e-16
2013-12-07 06:00:00,9.2,90,0.0,4.7,94,-4.688551036221174,0.32785542659739
2013-12-07 07:00:00,9.5,89,0.0,4.0,95,-3.984778792366982,0.3486229709906328
2013-12-07 08:00:00,13.1,89,0.0,4.0,80,-3.939231012048832,-0.6945927106677219
2013-12-07 09:00:00,19.1,65,0.0,1.4,360,8.572527594031472e-17,-1.4
2013-12-07 10:00:00,20.8,60,0.0,4.6,315,3.2526911934581184,-3.252691193458118
2013-12-07 11:00:00,21.9,58,0.0,6.2,306,5.0159053651246746,-3.6442685642133337
2013-12-07 12:00:00,22.8,56,0.0,7.6,301,6.5144714853360535,-3.9142893693164114
2013-12-07 13:00:00,23.0,55,0.0,8.6,303,7.212566884330647,-4.683895701129233
2013-12-07 14:00:00,22.6,55,0.0,9.1,304,7.544241910250879,-5.0886554215837965
2013-12-07 15:00:00,22.6,58,0.0,7.4,309,5.750880114781585,-4.656970893768797
2013-12-07 16:00:00,21.9,61,0.0,5.6,320,3.5996106142446203,-4.289848881466277
2013-12-07 17:00:00,19.9,75,0.0,5.7,305,4.669166652447253,-3.2693856872009626
2013-12-07 18:00:00,19.7,65,0.0,0.4,180,2.4492935982947065e-17,0.4
2013-12-07 19:00:00,19.0,69,0.0,0.4,180,2.4492935982947065e-17,0.4
2013-12-07 20:00:00,16.7,80,0.0,1.3,146,-0.7269507745119708,1.0777488443215544
2013-12-07 21:00:00,15.7,86,0.0,1.6,117,-1.4256104387013886,0.7263847995832751
2013-12-07 22:00:00,15.4,88,0.0,1.5,104,-1.4554435894139948,0.3628828433995016
2013-12-07 23:00:00,15.3,90,0.0,1.8,101,-1.7669289302057951,0.34345619167778096
2013-12-08 00:00:00,15.1,90,0.0,2.2,90,-2.2,2.6942229581241775e-16
2013-12-08 01:00:00,14.9,90,0.0,2.5,82,-2.475670171853926,-0.3479327524001638
2013-12-08 02:00:00,14.7,90,0.0,2.6,74,-2.499280409439629,-0.7166571251241974
2013-12-08 03:00:00,15.9,78,0.0,2.9,60,-2.5114736709748717,-1.4500000000000002
2013-12-08 04:00:00,15.6,79,0.0,2.7,67,-2.485363104321589,-1.0549740469210387
2013-12-08 05:00:00,14.0,85,0.0,3.3,77,-3.2154212137912763,-0.7423384793347544
2013-12-08 06:00:00,13.7,85,0.0,5.9,79,-5.791600382341218,-1.125773072721614
2013-12-08 07:00:00,13.0,87,0.0,3.9,68,-3.616017032810471,-1.460965714322057
2013-12-08 08:00:00,15.7,89,0.0,3.7,61,-3.236092916415765,-1.7937955949114468
2013-12-08 09:00:00,20.2,73,0.0,2.5,8,-0.3479327524001646,-2.475670171853926
2013-12-08 10:00:00,21.7,70,0.0,5.6,320,3.5996106142446203,-4.289848881466277
2013-12-08 11:00:00,22.8,65,0.0,7.1,311,5.358438019581681,-4.658019105832602
2013-12-08 12:00:00,23.4,62,0.0,8.0,306,6.47213595499958,-4.702282018339785
2013-12-08 13:00:00,23.5,61,0.0,8.5,306,6.876644452187053,-4.996174644486022
2013-12-08 14:00:00,23.5,61,0.0,8.7,312,6.46535998165333,-5.821436275322066
2013-12-08 15:00:00,22.1,71,0.1,7.6,315,5.374011537017761,-5.37401153701776
2013-12-08 16:00:00,21.3,74,0.0,5.6,320,3.5996106142446203,-4.289848881466277
2013-12-08 17:00:00,20.5,78,0.0,4.6,309,3.5748714227020657,-2.8948737988292517
2013-12-08 18:00:00,18.9,87,0.0,4.0,333,1.8159619989581872,-3.564026096753471
2013-12-08 19:00:00,19.3,83,0.0,2.2,9,-0.3441558230885083,-2.172914349309303
2013-12-08 20:00:00,19.0,84,0.0,1.9,22,-0.7117525274902333,-1.7616493236768958
2013-12-08 21:00:00,18.5,87,0.0,3.1,36,-1.822134282106667,-2.507952682562337
2013-12-08 22:00:00,18.3,88,0.0,4.1,52,-3.23084408978756,-2.5242120488351985
2013-12-08 23:00:00,18.1,89,0.0,4.2,59,-3.600102662948872,-2.1631599146222276
2013-12-09 00:00:00,18.0,89,0.0,3.9,68,-3.616017032810471,-1.460965714322057
2013-12-09 01:00:00,17.8,88,0.0,2.9,60,-2.5114736709748717,-1.4500000000000002
2013-12-09 02:00:00,16.7,89,0.0,2.8,50,-2.1449244407331385,-1.7998053071223097
2013-12-09 03:00:00,15.9,87,0.0,3.4,32,-1.801725498392897,-2.883363526931848
2013-12-09 04:00:00,15.7,88,0.0,4.4,35,-2.523736319944604,-3.604268994871563
2013-12-09 05:00:00,16.0,89,0.0,4.9,36,-2.880147736233119,-3.9641832724372423
2013-12-09 06:00:00,15.4,93,0.0,9.2,39,-5.789747597658508,-7.149742845404129
2013-12-09 07:00:00,15.4,96,0.0,8.5,36,-4.996174644486023,-6.876644452187052
2013-12-09 08:00:00,16.8,97,0.0,9.7,22,-3.633683956134349,-8.993683389297836
2013-12-09 09:00:00,18.8,94,0.0,11.7,9,-1.830283240970703,-11.55595358496311
2013-12-09 10:00:00,19.5,90,0.0,12.6,5,-1.0981623586204938,-12.552053195955994
2013-12-09 11:00:00,20.7,84,0.0,13.7,5,-1.194033675642918,-13.647867363856914
2013-12-09 12:00:00,21.2,78,0.0,13.8,9,-2.1587956175551883,-13.6300991002129
2013-12-09 13:00:00,21.5,74,0.0,13.1,8,-1.8231676225768623,-12.97251170051457
2013-12-09 14:00:00,21.6,72,0.0,13.7,3,-0.717002600528337,-13.681224626137661
2013-12-09 15:00:00,22.8,64,0.0,14.4,360,8.817456953860943e-16,-14.4
2013-12-09 16:00:00,21.9,67,0.0,12.6,358,0.4397336584515136,-12.592324420440606
2013-12-09 17:00:00,20.2,71,0.0,12.9,13,-2.901868601035862,-12.569373835729534
2013-12-09 18:00:00,18.3,78,0.0,13.2,26,-5.7864991376158255,-11.864081411149002
2013-12-09 19:00:00,16.7,84,0.0,12.4,30,-6.2000000000000055,-10.738715006927036
2013-12-09 20:00:00,15.8,85,0.0,11.6,30,-5.800000000000005,-10.045894683899485
2013-12-09 21:00:00,15.8,84,0.0,11.9,29,-5.7692344809314084,-10.407974514958813
2013-12-09 22:00:00,16.9,81,0.0,11.1,36,-6.524416300446453,-8.980088637561915
2013-12-09 23:00:00,17.2,78,0.0,9.2,45,-6.505382386916239,-6.505382386916236
2013-12-10 00:00:00,16.8,79,0.0,7.1,41,-4.658019105832602,-5.358438019581681
2013-12-10 01:00:00,16.5,79,0.0,6.1,45,-4.31335136523794,-4.313351365237939
2013-12-10 02:00:00,16.1,80,0.0,4.3,42,-2.87726160734309,-3.195522749552796
2013-12-10 03:00:00,17.3,71,0.0,3.6,37,-2.166534083347374,-2.875087836170254
2013-12-10 04:00:00,17.4,71,0.0,3.3,41,-2.1649947956686737,-2.4905416147351476
2013-12-10 05:00:00,17.3,71,0.0,3.1,36,-1.822134282106667,-2.507952682562337
2013-12-10 06:00:00,16.8,73,0.0,4.7,351,0.7352419856890854,-4.6421352007971475
2013-12-10 07:00:00,16.6,74,0.0,5.1,4,-0.35575801609504043,-5.087576656325103
2013-12-10 08:00:00,17.1,75,0.0,5.4,360,3.3065463576978537e-16,-5.4
2013-12-10 09:00:00,18.3,72,0.0,7.3,349,1.3929056662487778,-7.165878439167947
2013-12-10 10:00:00,18.7,72,0.0,7.8,347,1.7546182238821464,-7.6000865053248345
2013-12-10 11:00:00,19.2,72,0.0,8.4,340,2.872969203935618,-7.893418014601631
2013-12-10 12:00:00,19.8,71,0.0,8.7,336,3.5386087947594613,-7.947845481490627
2013-12-10 13:00:00,19.3,72,0.0,9.5,331,4.605691392340202,-8.30888721782426
2013-12-10 14:00:00,19.1,71,0.0,10.0,334,4.383711467890775,-8.98794046299167
2013-12-10 15:00:00,18.3,68,0.0,9.6,340,3.2833933759264204,-9.02104915954472
2013-12-10 16:00:00,17.7,70,0.0,8.6,345,2.2258437878816784,-8.306962106085987
2013-12-10 17:00:00,17.0,72,0.0,7.8,347,1.7546182238821464,-7.6000865053248345
2013-12-10 18:00:00,16.1,78,0.0,5.9,346,1.4273391840380394,-5.7247447850283795
2013-12-10 19:00:00,15.6,81,0.0,6.1,3,-0.31924933308196024,-6.0916401620029
2013-12-10 20:00:00,16.0,73,0.0,5.4,4,-0.37668495821827813,-5.386845871403051
2013-12-10 21:00:00,15.9,72,0.0,5.1,4,-0.35575801609504043,-5.087576656325103
2013-12-10 22:00:00,15.8,73,0.0,5.2,16,-1.4333142502483942,-4.998560818879259
2013-12-10 23:00:00,15.9,72,0.0,5.8,4,-0.40458754771592836,-5.78587149150698
2013-12-11 00:00:00,15.6,74,0.2,7.3,349,1.3929056662487778,-7.165878439167947
2013-12-11 01:00:00,15.3,75,0.3,8.0,350,1.3891854213354433,-7.878462024097664
2013-12-11 02:00:00,14.6,80,0.3,7.2,360,4.4087284769304716e-16,-7.2
2013-12-11 03:00:00,15.8,73,0.2,6.3,13,-1.417191642366351,-6.1385314081469815
2013-12-11 04:00:00,15.6,76,0.1,6.2,21,-2.2218812871808646,-5.78819864428265
2013-12-11 05:00:00,14.6,84,0.1,7.1,15,-1.8376152202278964,-6.858073366652385
2013-12-11 06:00:00,14.2,88,0.0,7.1,15,-1.8376152202278964,-6.858073366652385
2013-12-11 07:00:00,14.2,89,0.0,6.6,22,-2.472403516545021,-6.119413440140796
2013-12-11 08:00:00,15.1,88,0.0,5.2,344,1.4333142502483958,-4.998560818879258
2013-12-11 09:00:00,16.6,78,0.0,6.2,339,2.2218812871808624,-5.788198644282651
2013-12-11 10:00:00,17.5,74,0.0,7.6,355,0.6623836448822018,-7.571079705497266
2013-12-11 11:00:00,17.9,73,0.0,9.0,344,2.4807362023529924,-8.65135526344487
2013-12-11 12:00:00,17.9,71,0.0,10.2,342,3.151973342624464,-9.700776466210565
2013-12-11 13:00:00,18.0,71,0.0,9.9,350,1.7191169589026112,-9.74959675482086
2013-12-11 14:00:00,18.0,71,0.0,9.6,347,2.159530121701103,-9.353952621938259
2013-12-11 15:00:00,17.5,71,0.0,10.9,343,3.186851581477831,-10.423721839997087
2013-12-11 16:00:00,16.5,73,0.0,10.2,342,3.151973342624464,-9.700776466210565
2013-12-11 17:00:00,15.8,73,0.0,8.7,343,2.5436338310878095,-8.319851376878407
2013-12-11 18:00:00,15.1,77,0.0,7.3,351,1.1419715947936857,-7.210124886344506
2013-12-11 19:00:00,14.6,83,0.0,4.9,343,1.4326213531414103,-4.685893304218874
2013-12-11 20:00:00,14.4,81,0.1,4.5,346,1.0886485301985045,-4.366330768241984
2013-12-11 21:00:00,14.2,81,0.0,5.7,342,1.7613968679372005,-5.421022142882375
2013-12-11 22:00:00,14.4,79,0.0,4.8,347,1.0797650608505516,-4.676976310969129
2013-12-11 23:00:00,14.3,82,0.2,1.1,360,6.735557395310444e-17,-1.1
2013-12-12 00:00:00,14.3,82,0.3,1.1,288,1.0461621679246689,-0.33991869381244216
2013-12-12 01:00:00,14.2,86,0.3,1.8,307,1.437543918085127,-1.083267041673687
2013-12-12 02:00:00,14.1,88,0.2,2.3,321,1.447436899414626,-1.7874357113510329
2013-12-12 03:00:00,14.4,87,0.1,1.6,333,0.726384799583275,-1.4256104387013886
2013-12-12 04:00:00,14.6,86,0.0,1.8,323,1.0832670416736871,-1.437543918085127
2013-12-12 05:00:00,15.0,83,0.0,1.5,14,-0.36288284339950166,-1.4554435894139948
2013-12-12 06:00:00,15.0,83,0.0,2.3,18,-0.7107390870623793,-2.1874299874788528
2013-12-12 07:00:00,15.2,82,0.0,2.5,352,0.34793275240016364,-2.475670171853926
2013-12-12 08:00:00,15.4,88,0.0,4.0,350,0.6945927106677217,-3.939231012048832
2013-12-12 09:00:00,17.0,81,0.0,4.2,340,1.436484601967809,-3.9467090073008153
2013-12-12 10:00:00,18.1,79,0.0,5.9,317,4.023790324368742,-4.314986839553106
2013-12-12 11:00:00,18.7,77,0.0,5.6,320,3.5996106142446203,-4.289848881466277
2013-12-12 12:00:00,19.5,75,0.0,5.9,308,4.64926344627966,-3.6324027044213842
2013-12-12 13:00:00,19.9,74,0.0,5.9,313,4.314986839553106,-4.023790324368742
2013-12-12 14:00:00,19.8,74,0.0,6.6,311,4.981083229470295,-4.329989591337347
2013-12-12 15:00:00,19.8,77,0.0,7.7,311,5.811263767715345,-5.051654523226906
2013-12-12 16:00:00,19.3,77,0.0,8.4,317,5.728786224524987,-6.143371093601032
2013-12-12 17:00:00,18.5,79,0.0,7.1,319,4.658019105832602,-5.358438019581681
2013-12-12 18:00:00,17.7,82,0.0,7.3,349,1.3929056662487778,-7.165878439167947
2013-12-12 19:00:00,16.8,89,0.0,7.3,9,-1.1419715947936866,-7.210124886344505
2013-12-12 20:00:00,16.2,88,0.0,6.4,16,-1.7640790772287929,-6.152074854005242
2013-12-12 21:00:00,16.3,86,0.0,6.2,21,-2.2218812871808646,-5.78819864428265
2013-12-12 22:00:00,16.2,86,0.0,7.4,23,-2.8914103508206264,-6.811735915548058
2013-12-12 23:00:00,15.4,89,0.0,9.0,29,-4.3632865822170315,-7.871577364254564
2013-12-13 00:00:00,15.1,90,0.2,9.8,28,-4.600821315301729,-8.652886410017485
2013-12-13 01:00:00,14.5,92,0.3,9.7,27,-4.403707847473605,-8.642763284627167
2013-12-13 02:00:00,14.2,93,0.3,9.2,31,-4.738350289172501,-7.885939166459431
2013-12-13 03:00:00,14.1,92,0.2,8.8,35,-5.047472639889208,-7.208537989743126
2013-12-13 04:00:00,14.4,90,0.3,7.8,34,-4.361704647071823,-6.466493065929326
2013-12-13 05:00:00,14.2,88,0.0,7.6,31,-3.914289369316414,-6.514471485336052
2013-12-13 06:00:00,14.8,85,0.1,6.4,38,-3.940233442084212,-5.043268823083022
2013-12-13 07:00:00,15.0,86,0.0,6.8,32,-3.603450996785794,-5.766727053863696
2013-12-13 08:00:00,17.1,81,0.2,7.7,28,-3.614931033451359,-6.798696465013738
2013-12-13 09:00:00,18.4,81,0.2,7.4,14,-1.7902220274375418,-7.180188374442374
2013-12-13 10:00:00,19.0,80,0.2,10.2,352,1.4195656297926678,-10.100734301164017
2013-12-13 11:00:00,19.0,81,0.7000000000000001,12.0,353,1.4624321208617699,-11.910553819695863
2013-12-13 12:00:00,18.6,85,0.8,12.6,357,0.659433048661094,-12.58273213790763
2013-12-13 13:00:00,18.2,90,1.1,13.0,354,1.358870022479495,-12.928784639787553
2013-12-13 14:00:00,18.1,92,1.2,13.1,351,2.049291492027025,-12.938717261796304
2013-12-13 15:00:00,19.3,83,0.3,11.7,351,1.8302832409707017,-11.555953584963111
2013-12-13 16:00:00,19.6,80,0.1,9.1,351,1.4235536318661013,-8.987963899415753
2013-12-13 17:00:00,18.7,84,0.0,9.4,358,0.3280552690035102,-9.394273773979501
2013-12-13 18:00:00,18.0,85,0.0,8.2,41,-5.379684037722159,-6.18861855782673
2013-12-13 19:00:00,18.6,80,0.2,6.6,49,-4.981083229470296,-4.3299895913373465
2013-12-13 20:00:00,18.3,81,0.0,5.1,51,-3.9634444034305507,-3.2095339943541714
2013-12-13 21:00:00,18.2,81,0.2,3.4,58,-2.8833635269318485,-1.8017254983928963
2013-12-13 22:00:00,18.1,80,0.0,2.9,60,-2.5114736709748717,-1.4500000000000002
2013-12-13 23:00:00,18.0,80,0.2,2.3,39,-1.447436899414627,-1.7874357113510322
2013-12-14 00:00:00,17.8,80,0.1,2.6,34,-1.453901549023941,-2.1554976886431088
2013-12-14 01:00:00,17.7,81,0.4,2.5,45,-1.7677669529663693,-1.7677669529663687
2013-12-14 02:00:00,17.4,82,0.3,2.5,45,-1.7677669529663693,-1.7677669529663687
2013-12-14 03:00:00,16.2,82,0.0,2.5,45,-1.7677669529663693,-1.7677669529663687
2013-12-14 04:00:00,16.6,80,0.0,3.3,41,-2.1649947956686737,-2.4905416147351476
2013-12-14 05:00:00,17.0,80,0.0,3.3,41,-2.1649947956686737,-2.4905416147351476
2013-12-14 06:00:00,16.7,81,0.0,4.8,48,-3.5670951622914924,-3.2118269105225195
2013-12-14 07:00:00,16.6,83,0.0,5.6,40,-3.5996106142446207,-4.289848881466276
2013-12-14 08:00:00,17.5,83,0.0,8.2,38,-5.048424097670396,-6.461688179575121
2013-12-14 09:00:00,19.3,81,0.1,10.0,13,-2.2495105434386526,-9.743700647852352
2013-12-14 10:00:00,20.5,77,0.0,10.8,2,-0.37691456438700827,-10.793420931806235
2013-12-14 11:00:00,21.5,73,0.2,9.5,349,1.8126854560771768,-9.325458242752807
2013-12-14 12:00:00,21.9,71,0.2,9.8,336,3.9860191021428424,-8.95274548489749
2013-12-14 13:00:00,22.0,70,0.2,10.0,334,4.383711467890775,-8.98794046299167
2013-12-14 14:00:00,22.1,70,0.2,10.3,331,4.993539088537273,-9.008582983535776
2013-12-14 15:00:00,22.7,69,0.0,9.2,329,4.738350289172498,-7.8859391664594325
2013-12-14 16:00:00,21.9,73,0.0,7.4,331,3.587591189822895,-6.472185832831529
2013-12-14 17:00:00,20.7,78,0.0,5.9,317,4.023790324368742,-4.314986839553106
2013-12-14 18:00:00,19.2,87,0.0,1.9,338,0.7117525274902327,-1.761649323676896
2013-12-14 19:00:00,18.4,90,0.0,2.9,60,-2.5114736709748717,-1.4500000000000002
2013-12-14 20:00:00,17.8,91,0.0,1.5,76,-1.4554435894139948,-0.3628828433995013
2013-12-14 21:00:00,17.3,92,0.0,1.1,18,-0.33991869381244233,-1.0461621679246689
2013-12-14 22:00:00,17.0,93,0.1,0.4,90,-0.4,4.898587196589413e-17
2013-12-14 23:00:00,16.7,94,0.4,0.5,315,0.3535533905932738,-0.35355339059327373
2013-12-15 00:00:00,16.8,94,0.8,1.0,45,-0.7071067811865477,-0.7071067811865475
2013-12-15 01:00:00,17.0,93,1.1,0.8,27,-0.36319239979163753,-0.7128052193506943
2013-12-15 02:00:00,17.2,91,1.6,2.9,360,1.7757378587636622e-16,-2.9
2013-12-15 03:00:00,16.6,94,0.3,1.8,11,-0.3434561916777803,-1.7669289302057951
2013-12-15 04:00:00,16.5,95,0.3,2.6,16,-0.7166571251241971,-2.4992804094396295
2013-12-15 05:00:00,16.5,95,0.7000000000000001,4.1,52,-3.23084408978756,-2.5242120488351985
2013-12-15 06:00:00,16.5,96,0.2,9.0,37,-5.416335208368435,-7.187719590425635
2013-12-15 07:00:00,16.9,95,0.6,8.9,27,-4.040515447681968,-7.929958065276474
2013-12-15 08:00:00,17.4,97,0.7000000000000001,7.0,21,-2.508575646817105,-6.535062985480412
2013-12-15 09:00:00,18.8,94,0.1,7.9,16,-2.1775351109542913,-7.593967397912721
2013-12-15 10:00:00,19.5,91,0.3,9.1,7,-1.1090110249868392,-9.03216997993603
2013-12-15 11:00:00,19.9,92,0.3,9.4,360,5.755839955992561e-16,-9.4
2013-12-15 12:00:00,20.1,93,0.3,7.2,354,0.752604935527105,-7.160557646651568
2013-12-15 13:00:00,20.9,91,0.2,8.5,332,3.9905082836800725,-7.505054539300878
2013-12-15 14:00:00,21.0,90,0.0,8.2,331,3.975438886019964,-7.171881598543044
2013-12-15 15:00:00,21.1,85,0.0,8.0,333,3.6319239979163744,-7.128052193506942
2013-12-15 16:00:00,20.6,87,0.0,7.2,333,3.268731598124737,-6.415246974156248
2013-12-15 17:00:00,19.8,90,0.0,5.5,328,2.914555953282627,-4.664264528860342
2013-12-15 18:00:00,19.2,93,0.1,3.4,18,-1.0506577808748216,-3.233592155403522
2013-12-15 19:00:00,18.5,95,0.0,1.8,53,-1.437543918085127,-1.0832670416736871
2013-12-15 20:00:00,18.1,94,0.0,0.0,270,0.0,0.0
2013-12-15 21:00:00,17.6,94,0.0,1.4,90,-1.4,1.7145055188062944e-16
2013-12-15 22:00:00,17.3,93,0.0,2.3,51,-1.7874357113510326,-1.4474368994146265
2013-12-15 23:00:00,17.1,92,0.0,2.8,40,-1.7998053071223103,-2.144924440733138
2013-12-16 00:00:00,17.0,91,0.0,2.8,40,-1.7998053071223103,-2.144924440733138
2013-12-16 01:00:00,16.5,92,0.0,3.1,45,-2.192031021678298,-2.192031021678297
2013-12-16 02:00:00,15.9,92,0.0,2.8,40,-1.7998053071223103,-2.144924440733138
2013-12-16 03:00:00,17.3,89,0.0,2.3,39,-1.447436899414627,-1.7874357113510322
2013-12-16 04:00:00,16.7,90,0.0,2.0,45,-1.4142135623730954,-1.414213562373095
2013-12-16 05:00:00,15.9,91,0.0,1.8,53,-1.437543918085127,-1.0832670416736871
2013-12-16 06:00:00,15.3,92,0.0,3.3,84,-3.2819222547153015,-0.3449439287832565
2013-12-16 07:00:00,15.6,91,0.0,1.1,72,-1.046162167924669,-0.33991869381244205
2013-12-16 08:00:00,18.4,88,0.0,1.1,360,6.735557395310444e-17,-1.1
2013-12-16 09:00:00,20.4,86,0.0,1.8,349,0.34345619167778085,-1.7669289302057951
2013-12-16 10:00:00,22.0,82,0.0,2.5,278,2.475670171853926,-0.3479327524001636
2013-12-16 11:00:00,22.9,79,0.0,6.8,273,6.790680836331102,-0.3558845024520181
2013-12-16 12:00:00,23.4,77,0.0,8.2,285,7.92059177557036,-2.12231616984067
2013-12-16 13:00:00,23.6,77,0.0,8.0,297,7.128052193506943,-3.631923997916374
2013-12-16 14:00:00,23.2,79,0.0,6.8,295,6.162892951849219,-2.873804179836756
2013-12-16 15:00:00,22.2,83,0.2,6.1,310,4.6728711030257655,-3.921004419087889
2013-12-16 16:00:00,21.4,86,0.2,5.9,322,3.6324027044213842,-4.64926344627966
2013-12-16 17:00:00,20.5,90,0.2,5.5,337,2.1490212066910055,-5.062776693988422
2013-12-16 18:00:00,19.5,95,0.5,8.9,346,2.1531048708370424,-8.635631963856369
2013-12-16 19:00:00,18.7,97,0.9,8.3,2,-0.28966582263075635,-8.294943864258496
2013-12-16 20:00:00,18.1,98,1.2,9.7,360,5.939536975864663e-16,-9.7
2013-12-16 21:00:00,17.3,98,1.3,14.1,357,0.7379369830255099,-14.080676440039491
2013-12-16 22:00:00,16.7,97,1.2,16.2,360,9.919639073093561e-16,-16.2
2013-12-16 23:00:00,16.4,95,0.9,13.4,5,-1.1678869528186206,-13.34900895442939
2013-12-17 00:00:00,16.1,94,1.1,10.8,15,-2.795245687107223,-10.431998923921938
2013-12-17 01:00:00,16.0,94,1.0,8.8,19,-2.864999759222979,-8.320563465273988
2013-12-17 02:00:00,15.8,95,1.1,7.6,19,-2.4743179738743906,-7.185941174554808
2013-12-17 03:00:00,15.5,90,1.9,6.3,13,-1.417191642366351,-6.1385314081469815
2013-12-17 04:00:00,16.3,83,2.1,5.6,15,-1.4493866525741155,-5.4091846272187825
2013-12-17 05:00:00,16.5,83,1.5,5.4,20,-1.8469087739586103,-5.074340152243906
2013-12-17 06:00:00,16.4,87,1.3,6.6,22,-2.472403516545021,-6.119413440140796
2013-12-17 07:00:00,17.2,80,1.3,5.0,21,-1.7918397477265036,-4.667902132486008
2013-12-17 08:00:00,17.4,88,1.2,4.0,355,0.34862297099063255,-3.984778792366982
2013-12-17 09:00:00,17.9,87,1.8,4.0,333,1.8159619989581872,-3.564026096753471
2013-12-17 10:00:00,18.2,88,1.7000000000000002,4.5,331,2.181643291108517,-3.935788682127281
2013-12-17 11:00:00,18.5,90,1.1,5.5,328,2.914555953282627,-4.664264528860342
2013-12-17 12:00:00,18.1,92,1.1,6.9,313,5.046340541172277,-4.70578868443124
2013-12-17 13:00:00,17.8,95,1.6,8.2,319,5.379684037722159,-6.18861855782673
2013-12-17 14:00:00,17.6,98,1.7000000000000002,8.7,322,5.356254835333226,-6.855693556378481
2013-12-17 15:00:00,18.1,94,1.0,9.8,324,5.760295472466237,-7.9283665448744856
2013-12-17 16:00:00,16.9,99,1.2,11.6,330,5.800000000000001,-10.045894683899487
2013-12-17 17:00:00,15.6,97,1.6,13.7,337,5.353016460303049,-12.610916492298433
2013-12-17 18:00:00,14.8,96,2.3,14.7,338,5.506716923213905,-13.629602662131774
2013-12-17 19:00:00,14.0,96,4.0,16.9,344,4.658271313307285,-16.245322661357587
2013-12-17 20:00:00,13.7,94,4.3,16.2,359,0.2827289842839943,-16.197532661533536
2013-12-17 21:00:00,14.0,90,2.2,13.7,23,-5.353016460303051,-12.610916492298431
2013-12-17 22:00:00,13.8,85,1.9,12.6,31,-6.489479743866687,-10.800307988846612
2013-12-17 23:00:00,13.5,84,0.8,12.0,44,-8.335900445507967,-8.632077604063815
2013-12-18 00:00:00,13.5,83,0.5,9.7,59,-8.31452281681049,-4.995869326627525
2013-12-18 01:00:00,13.5,83,1.8,9.1,81,-8.987963899415753,-1.4235536318660995
2013-12-18 02:00:00,13.5,87,1.2,7.6,90,-7.6,9.307315673519883e-16
2013-12-18 03:00:00,14.2,86,0.9,4.2,70,-3.9467090073008158,-1.4364846019678084
2013-12-18 04:00:00,13.9,90,1.6,6.2,10,-1.0766187015349682,-6.10580806867569
2013-12-18 05:00:00,13.9,90,0.7000000000000001,10.9,8,-1.5169868004647176,-10.793921949283115
2013-12-18 06:00:00,13.4,93,0.0,13.6,11,-2.5950023371210067,-13.35012969488823
2013-12-18 07:00:00,12.9,94,0.0,14.7,11,-2.8048922320352054,-14.42991959668066
2013-12-18 08:00:00,13.2,91,0.0,15.2,7,-1.8524140197582368,-15.086701504948095
2013-12-18 09:00:00,14.0,87,0.0,17.3,4,-1.2067869957733726,-17.257858069494958
2013-12-18 10:00:00,15.2,83,0.0,17.3,1,-0.3019266313650045,-17.29736512620557
2013-12-18 11:00:00,15.9,79,0.0,17.3,355,1.5077943495344859,-17.234168276987198
2013-12-18 12:00:00,16.1,76,0.0,17.2,349,3.2819147204765726,-16.883987555299818
2013-12-18 13:00:00,16.0,74,0.0,17.5,351,2.737603138204041,-17.28454596041491
2013-12-18 14:00:00,16.1,73,0.0,17.9,351,2.8001769242201333,-17.679621296652964
2013-12-18 15:00:00,15.5,74,0.0,17.9,350,3.108302380238054,-17.628058778918522
2013-12-18 16:00:00,14.7,75,0.0,16.2,348,3.368169391247703,-15.845991131887649
2013-12-18 17:00:00,13.5,78,0.0,13.9,350,2.413709669570333,-13.688827766869691
2013-12-18 18:00:00,12.5,81,0.0,12.7,353,1.547740661245373,-12.605336125844788
2013-12-18 19:00:00,12.2,82,0.0,12.3,357,0.6437322617882109,-12.283143277481258
2013-12-18 20:00:00,11.9,83,0.0,11.5,358,0.4013442120787624,-11.492994510719601
2013-12-18 21:00:00,11.6,84,0.0,11.2,358,0.3908743630680121,-11.193177262613872
2013-12-18 22:00:00,11.5,85,0.0,12.2,360,7.470345474798854e-16,-12.2
2013-12-18 23:00:00,11.1,87,0.0,11.9,2,-0.4153040107597591,-11.89275084152724
2013-12-19 00:00:00,10.6,89,0.0,12.3,5,-1.0720156357961965,-12.253194786528471
2013-12-19 01:00:00,10.9,88,0.0,12.6,3,-0.6594330486610982,-12.58273213790763
2013-12-19 02:00:00,10.6,88,0.0,12.3,5,-1.0720156357961965,-12.253194786528471
2013-12-19 03:00:00,10.3,92,0.0,11.5,4,-0.8021994480574441,-11.471986577987979
2013-12-19 04:00:00,10.6,92,0.0,11.9,5,-1.0371533386971332,-11.854716907291772
2013-12-19 05:00:00,10.2,92,0.0,11.6,7,-1.413684383499707,-11.513535359039336
2013-12-19 06:00:00,9.9,91,0.0,9.7,4,-0.676637795318018,-9.676371287520293
2013-12-19 07:00:00,9.8,91,0.0,12.3,3,-0.643732261788215,-12.283143277481258
2013-12-19 08:00:00,12.1,86,0.0,11.9,358,0.41530401075976286,-11.89275084152724
2013-12-19 09:00:00,13.7,80,0.0,12.6,355,1.0981623586204925,-12.552053195955994
2013-12-19 10:00:00,14.2,79,0.0,13.5,351,2.1118652780431173,-13.33379259803436
2013-12-19 11:00:00,14.8,77,0.0,13.8,351,2.158795617555187,-13.630099100212902
2013-12-19 12:00:00,15.4,75,0.0,13.8,351,2.158795617555187,-13.630099100212902
2013-12-19 13:00:00,15.3,76,0.0,14.7,349,2.8048922320352103,-14.42991959668066
2013-12-19 14:00:00,15.5,74,0.0,14.7,349,2.8048922320352103,-14.42991959668066
2013-12-19 15:00:00,14.1,82,0.0,13.8,353,1.6817969389910354,-13.697136892650244
2013-12-19 16:00:00,14.0,81,0.0,12.0,351,1.877213580482771,-11.852260087141653
2013-12-19 17:00:00,13.3,83,0.0,10.6,350,1.8406706832694624,-10.438962181929405
2013-12-19 18:00:00,12.7,84,0.0,10.1,354,1.0557374790032998,-10.04467114321956
2013-12-19 19:00:00,12.7,83,0.0,10.9,352,1.5169868004647136,-10.793921949283117
2013-12-19 20:00:00,12.4,84,0.0,10.1,354,1.0557374790032998,-10.04467114321956
2013-12-19 21:00:00,12.4,85,0.0,8.8,351,1.3766232923540322,-8.691657397237213
2013-12-19 22:00:00,11.8,88,0.0,7.2,342,2.224922359499622,-6.8476069173251055
2013-12-19 23:00:00,12.0,88,0.0,7.0,339,2.5085756468171025,-6.535062985480412
2013-12-20 00:00:00,12.1,87,0.0,6.5,341,2.116193003971519,-6.145870741395559
2013-12-20 01:00:00,11.6,88,0.0,5.7,342,1.7613968679372005,-5.421022142882375
2013-12-20 02:00:00,11.8,86,0.0,6.0,343,1.7542302283364206,-5.737828535778212
2013-12-20 03:00:00,11.9,90,0.2,6.5,341,2.116193003971519,-6.145870741395559
2013-12-20 04:00:00,12.2,89,0.0,6.8,357,0.35588450245201897,-6.790680836331102
2013-12-20 05:00:00,12.2,89,0.0,7.9,3,-0.41345405431926,-7.889173324561134
2013-12-20 06:00:00,11.8,91,0.0,7.8,347,1.7546182238821464,-7.6000865053248345
2013-12-20 07:00:00,11.8,89,0.1,4.7,337,1.8364363038995866,-4.32637281122647
2013-12-20 08:00:00,12.6,90,0.1,3.7,349,0.7059932828932162,-3.632020578756357
2013-12-20 09:00:00,14.0,84,0.2,4.6,342,1.4214781741247582,-4.3748599749577055
2013-12-20 10:00:00,14.2,86,0.4,4.8,333,2.1791543987498248,-4.276831316104166
2013-12-20 11:00:00,13.9,91,0.4,5.6,333,2.542346798541462,-4.989636535454859
2013-12-20 12:00:00,13.7,93,0.3,8.0,333,3.6319239979163744,-7.128052193506942
2013-12-20 13:00:00,13.8,93,0.2,9.0,337,3.5165801564034633,-8.284543681071963
2013-12-20 14:00:00,14.0,93,0.1,10.7,340,3.659615533584656,-10.054711042409219
2013-12-20 15:00:00,14.0,91,0.1,11.0,341,3.5812496990287244,-10.400704331592484
2013-12-20 16:00:00,13.8,89,0.0,10.4,346,2.515987714236544,-10.091075553270363
2013-12-20 17:00:00,13.6,89,0.1,8.4,353,1.023702484603239,-8.337387673787106
2013-12-20 18:00:00,13.0,92,0.1,7.4,346,1.7902220274375409,-7.180188374442374
2013-12-20 19:00:00,12.2,94,0.0,9.4,4,-0.6557108531947805,-9.377102072442348
2013-12-20 20:00:00,12.6,90,0.0,10.0,15,-2.5881904510252065,-9.659258262890683
2013-12-20 21:00:00,13.3,85,0.0,8.8,12,-1.8296228791962863,-8.60769888645749
2013-12-20 22:00:00,12.4,89,0.0,4.7,356,0.3278554265973886,-4.688551036221174
2013-12-20 23:00:00,12.2,93,0.2,4.0,297,3.5640260967534716,-1.815961998958187
2013-12-21 00:00:00,12.3,94,0.3,4.4,305,3.604268994871564,-2.523736319944603
2013-12-21 01:00:00,12.3,94,0.5,5.4,323,3.2498011250210617,-4.312631754255381
2013-12-21 02:00:00,12.0,94,0.4,6.4,344,1.7640790772287946,-6.1520748540052415
2013-12-21 03:00:00,12.3,93,0.5,6.6,347,1.4846769586695083,-6.430842427582553
2013-12-21 04:00:00,12.3,93,0.3,7.9,357,0.41345405431925736,-7.889173324561134
2013-12-21 05:00:00,12.2,93,0.3,8.3,358,0.289665822630759,-8.294943864258496
2013-12-21 06:00:00,12.2,93,0.3,8.7,5,-0.7582549619046267,-8.666893873398186
2013-12-21 07:00:00,12.1,93,0.2,8.8,19,-2.864999759222979,-8.320563465273988
2013-12-21 08:00:00,12.8,91,0.2,8.8,19,-2.864999759222979,-8.320563465273988
2013-12-21 09:00:00,13.5,88,0.0,7.9,360,4.837354856632045e-16,-7.9
2013-12-21 10:00:00,14.4,86,0.0,10.1,343,2.952954217699641,-9.658678035226657
2013-12-21 11:00:00,15.2,83,0.0,12.7,345,3.2870018728020134,-12.267257993871167
2013-12-21 12:00:00,15.5,81,0.0,13.8,340,4.71987797789423,-12.967758166845535
2013-12-21 13:00:00,15.9,78,0.0,14.3,342,4.418943019561749,-13.600108183020696
2013-12-21 14:00:00,15.8,76,0.0,14.8,347,3.329275604289201,-14.420676958821483
2013-12-21 15:00:00,15.1,79,0.1,14.3,350,2.483168940637105,-14.082750868074575
2013-12-21 16:00:00,14.3,81,0.1,13.1,352,1.8231676225768576,-12.972511700514572
2013-12-21 17:00:00,13.7,82,0.1,11.5,356,0.8021994480574401,-11.471986577987979
2013-12-21 18:00:00,13.1,84,0.0,11.2,6,-1.1707187885977175,-11.13864522812466
2013-12-21 19:00:00,12.5,85,0.0,10.5,6,-1.0975488643103604,-10.442479901366871
2013-12-21 20:00:00,12.1,89,0.0,11.2,358,0.3908743630680121,-11.193177262613872
2013-12-21 21:00:00,11.7,89,0.0,11.2,358,0.3908743630680121,-11.193177262613872
2013-12-21 22:00:00,11.4,88,0.0,10.8,360,6.613092715395707e-16,-10.8
2013-12-21 23:00:00,11.3,86,0.0,10.8,360,6.613092715395707e-16,-10.8
2013-12-22 00:00:00,11.6,84,0.0,10.1,4,-0.7045403848156684,-10.075396907624224
2013-12-22 01:00:00,11.5,84,0.0,9.7,4,-0.676637795318018,-9.676371287520293
2013-12-22 02:00:00,12.1,81,0.0,8.4,7,-1.0237024846032363,-8.337387673787106
2013-12-22 03:00:00,12.0,79,0.0,7.6,8,-1.0577155672965002,-7.526037322435934
2013-12-22 04:00:00,12.1,79,0.0,7.0,12,-1.4553818357243185,-6.847033205136639
2013-12-22 05:00:00,12.2,78,0.0,7.3,9,-1.1419715947936866,-7.210124886344505
2013-12-22 06:00:00,12.2,77,0.0,5.7,18,-1.7613968679372012,-5.421022142882375
2013-12-22 07:00:00,12.4,76,0.0,9.0,2,-0.31409547032250684,-8.994517443171862
2013-12-22 08:00:00,12.4,83,0.0,8.0,352,1.1133848076805237,-7.922144549932563
2013-12-22 09:00:00,13.9,78,0.0,8.8,348,1.8296228791962834,-8.60769888645749
2013-12-22 10:00:00,14.9,76,0.0,9.3,347,2.092044805397944,-9.06164160250269
2013-12-22 11:00:00,15.7,74,0.0,9.1,342,2.8120546488120217,-8.654614298285896
2013-12-22 12:00:00,15.4,76,0.0,9.7,333,4.403707847473604,-8.642763284627167
2013-12-22 13:00:00,15.7,75,0.0,10.6,336,4.311408416603482,-9.683581851011569
2013-12-22 14:00:00,16.0,75,0.0,10.2,337,3.985457510590592,-9.389149505214892
2013-12-22 15:00:00,16.3,75,0.0,9.7,333,4.403707847473604,-8.642763284627167
2013-12-22 16:00:00,15.8,76,0.0,9.3,332,4.366085533908786,-8.21141261358802
2013-12-22 17:00:00,14.8,80,0.1,7.3,340,2.4967470462773824,-6.8597561317371305
2013-12-22 18:00:00,14.2,82,0.0,4.7,328,2.490620541896063,-3.9858260519352022
2013-12-22 19:00:00,13.5,87,0.1,6.6,338,2.4724035165450187,-6.1194134401407965
2013-12-22 20:00:00,13.0,89,0.2,6.5,341,2.116193003971519,-6.145870741395559
2013-12-22 21:00:00,12.9,88,0.2,5.8,338,2.1727182418122895,-5.377666356487367
2013-12-22 22:00:00,12.8,86,0.2,4.5,331,2.181643291108517,-3.935788682127281
2013-12-22 23:00:00,12.7,87,0.2,3.0,346,0.725765686799003,-2.9108871788279895
2013-12-23 00:00:00,12.5,88,0.1,2.2,360,1.3471114790620887e-16,-2.2
2013-12-23 01:00:00,12.2,91,0.2,3.3,13,-0.7423384793347553,-3.215421213791276
2013-12-23 02:00:00,12.5,91,0.1,4.9,17,-1.4326213531414118,-4.685893304218873
2013-12-23 03:00:00,13.4,85,0.0,5.8,22,-2.1727182418122912,-5.377666356487366
2013-12-23 04:00:00,13.1,86,0.0,6.0,25,-2.5357095704441948,-5.4378467222199
2013-12-23 05:00:00,14.0,82,0.0,5.3,28,-2.488199282765221,-4.679622242152313
2013-12-23 06:00:00,14.1,82,0.0,3.6,45,-2.545584412271572,-2.545584412271571
2013-12-23 07:00:00,13.8,83,0.0,3.8,17,-1.111012477946401,-3.633958072659534
2013-12-23 08:00:00,14.0,89,0.0,4.0,355,0.34862297099063255,-3.984778792366982
2013-12-23 09:00:00,15.6,84,0.0,6.0,343,1.7542302283364206,-5.737828535778212
2013-12-23 10:00:00,16.5,82,0.0,8.2,337,3.203995253612044,-7.54813979831001
2013-12-23 11:00:00,17.1,80,0.0,9.2,334,4.033014550459512,-8.268905225952336
2013-12-23 12:00:00,17.9,78,0.0,11.3,333,5.1300926470568795,-10.068373723328557
2013-12-23 13:00:00,18.9,74,0.0,12.2,336,4.962187045524762,-11.14525458323973
2013-12-23 14:00:00,19.1,73,0.0,12.1,343,3.5376976271451146,-11.571287547152728
2013-12-23 15:00:00,18.4,78,0.0,12.1,337,4.727846654720212,-11.138108726774528
2013-12-23 16:00:00,17.5,80,0.0,10.6,332,4.976398565530443,-9.359244484304625
2013-12-23 17:00:00,16.3,84,0.0,7.7,332,3.61493103345136,-6.798696465013737
2013-12-23 18:00:00,15.3,88,0.1,8.9,339,3.1894747509531736,-8.308865795825096
2013-12-23 19:00:00,14.4,92,0.2,8.7,355,0.7582549619046257,-8.666893873398186
2013-12-23 20:00:00,13.8,93,0.2,8.6,358,0.3001356716415093,-8.594761112364223
2013-12-23 21:00:00,14.0,92,0.2,8.3,360,5.082284216461516e-16,-8.3
2013-12-23 22:00:00,13.9,91,0.0,4.9,343,1.4326213531414103,-4.685893304218874
2013-12-23 23:00:00,13.4,93,0.2,5.0,339,1.791839747726502,-4.667902132486009
2013-12-24 00:00:00,13.6,94,0.0,5.8,7,-0.7068421917498535,-5.756767679519668
2013-12-24 01:00:00,13.8,92,0.0,7.6,19,-2.4743179738743906,-7.185941174554808
2013-12-24 02:00:00,14.0,89,0.0,7.0,12,-1.4553818357243185,-6.847033205136639
2013-12-24 03:00:00,13.5,88,0.0,6.5,6,-0.6794350112397468,-6.464392319893777
2013-12-24 04:00:00,13.4,88,0.0,8.6,2,-0.3001356716415065,-8.594761112364223
2013-12-24 05:00:00,13.0,89,0.0,9.5,9,-1.4861274178821948,-9.383039235653808
2013-12-24 06:00:00,12.8,89,0.0,4.7,4,-0.32785542659739025,-4.688551036221174
2013-12-24 07:00:00,12.9,88,0.0,5.6,345,1.4493866525741161,-5.4091846272187825
2013-12-24 08:00:00,14.1,89,0.0,7.7,349,1.4692292643993958,-7.558529312547013
2013-12-24 09:00:00,15.3,85,0.1,9.4,356,0.6557108531947772,-9.377102072442348
2013-12-24 10:00:00,15.9,83,0.0,10.2,352,1.4195656297926678,-10.100734301164017
2013-12-24 11:00:00,16.1,82,0.0,10.7,346,2.588564282916444,-10.382164271153162
2013-12-24 12:00:00,16.7,80,0.0,11.2,345,2.8987733051482323,-10.818369254437565
2013-12-24 13:00:00,17.0,80,0.0,11.6,344,3.19739332747719,-11.1506356728845
2013-12-24 14:00:00,17.2,79,0.0,12.0,339,4.300415394543604,-11.202965117966421
2013-12-24 15:00:00,17.6,80,0.2,11.4,336,4.636797731064123,-10.41441821712565
2013-12-24 16:00:00,16.9,81,0.2,10.3,335,4.352968095929205,-9.334970206477495
2013-12-24 17:00:00,16.0,83,0.3,8.4,340,2.872969203935618,-7.893418014601631
2013-12-24 18:00:00,15.2,84,0.3,7.0,339,2.5085756468171025,-6.535062985480412
2013-12-24 19:00:00,14.6,87,0.3,6.4,344,1.7640790772287946,-6.1520748540052415
2013-12-24 20:00:00,14.2,90,0.5,5.6,345,1.4493866525741161,-5.4091846272187825
2013-12-24 21:00:00,14.1,92,0.8,5.6,345,1.4493866525741161,-5.4091846272187825
2013-12-24 22:00:00,13.9,93,0.7000000000000001,5.8,353,0.7068421917498554,-5.756767679519667
2013-12-24 23:00:00,13.7,94,0.7000000000000001,5.9,349,1.125773072721615,-5.791600382341218
2013-12-25 00:00:00,13.7,95,0.6,5.4,340,1.8469087739586119,-5.074340152243905
2013-12-25 01:00:00,13.8,95,0.6,4.2,340,1.436484601967809,-3.9467090073008153
2013-12-25 02:00:00,13.8,95,0.6,4.7,337,1.8364363038995866,-4.32637281122647
2013-12-25 03:00:00,13.8,94,0.2,4.3,336,1.7489675652259409,-3.9282454678631837
2013-12-25 04:00:00,13.8,94,0.2,4.5,346,1.0886485301985045,-4.366330768241984
2013-12-25 05:00:00,13.7,95,0.2,6.2,339,2.2218812871808624,-5.788198644282651
2013-12-25 06:00:00,13.7,95,0.3,5.4,340,1.8469087739586119,-5.074340152243905
2013-12-25 07:00:00,13.6,94,0.4,6.6,347,1.4846769586695083,-6.430842427582553
2013-12-25 08:00:00,13.8,94,0.4,7.6,3,-0.39775326744637673,-7.589584464134761
2013-12-25 09:00:00,14.5,92,0.2,6.3,13,-1.417191642366351,-6.1385314081469815
2013-12-25 10:00:00,15.5,89,0.1,5.1,352,0.7097828148963339,-5.050367150582009
2013-12-25 11:00:00,16.3,87,0.1,5.7,325,3.269385687200963,-4.669166652447253
2013-12-25 12:00:00,17.0,85,0.0,8.4,320,5.399415921366931,-6.4347733221994154
2013-12-25 13:00:00,17.8,83,0.0,11.4,325,6.538771374401926,-9.338333304894507
2013-12-25 14:00:00,17.8,83,0.0,12.7,335,5.367251924106883,-11.510108895365454
2013-12-25 15:00:00,16.7,90,0.2,13.6,343,3.97625518422922,-13.005744681097282
2013-12-25 16:00:00,16.1,90,0.2,12.5,348,2.598896135221993,-12.22684500917257
2013-12-25 17:00:00,15.7,90,0.2,10.9,352,1.5169868004647136,-10.793921949283117
2013-12-25 18:00:00,15.2,92,0.3,8.8,351,1.3766232923540322,-8.691657397237213
2013-12-25 19:00:00,14.8,93,0.1,9.0,358,0.31409547032250973,-8.994517443171862
2013-12-25 20:00:00,14.6,93,0.2,9.4,358,0.3280552690035102,-9.394273773979501
2013-12-25 21:00:00,14.4,94,0.2,8.0,350,1.3891854213354433,-7.878462024097664
2013-12-25 22:00:00,14.0,95,0.4,7.7,349,1.4692292643993958,-7.558529312547013
2013-12-25 23:00:00,13.6,96,0.4,6.5,341,2.116193003971519,-6.145870741395559
2013-12-26 00:00:00,13.6,96,0.4,5.0,330,2.5000000000000004,-4.330127018922193
2013-12-26 01:00:00,13.7,96,0.4,6.3,329,3.244739871933341,-5.400153994423308
2013-12-26 02:00:00,13.8,96,0.4,8.6,345,2.2258437878816784,-8.306962106085987
2013-12-26 03:00:00,13.9,94,0.8,8.3,355,0.7233926648055626,-8.268415994161488
2013-12-26 04:00:00,13.9,94,0.7000000000000001,9.4,358,0.3280552690035102,-9.394273773979501
2013-12-26 05:00:00,13.9,94,0.3,10.8,2,-0.37691456438700827,-10.793420931806235
2013-12-26 06:00:00,13.8,94,0.2,10.5,8,-1.4613175600806911,-10.397814721786487
2013-12-26 07:00:00,13.7,95,0.0,10.2,10,-1.7712114122026892,-10.045039080724521
2013-12-26 08:00:00,14.5,93,0.0,11.2,6,-1.1707187885977175,-11.13864522812466
2013-12-26 09:00:00,15.4,90,0.0,13.0,3,-0.680367431158276,-12.98218395180946
2013-12-26 10:00:00,16.3,86,0.0,12.3,355,1.0720156357961952,-12.253194786528471
2013-12-26 11:00:00,17.0,84,0.0,11.6,338,4.345436483624579,-10.755332712974734
2013-12-26 12:00:00,17.5,83,0.0,13.4,333,6.0834726965099275,-11.93948742412413
2013-12-26 13:00:00,17.7,81,0.0,15.6,334,6.838589889909608,-14.021187122267005
2013-12-26 14:00:00,17.3,81,0.0,16.4,341,5.339317733097371,-15.506504639828792
2013-12-26 15:00:00,15.8,83,0.3,17.6,345,4.555215193804365,-17.000294542687605
2013-12-26 16:00:00,14.0,84,0.2,17.7,343,5.17497917359244,-16.926594180545727
2013-12-26 17:00:00,12.4,89,0.3,16.9,348,3.5137075748201343,-16.530694452401313
2013-12-26 18:00:00,11.4,88,0.1,13.2,349,2.518678738970393,-12.957478821509163
2013-12-26 19:00:00,11.0,86,0.2,12.1,350,2.101142949769858,-11.916173811447717
2013-12-26 20:00:00,10.7,85,0.2,10.9,352,1.5169868004647136,-10.793921949283117
2013-12-26 21:00:00,10.1,87,0.1,10.5,356,0.732442974313315,-10.474422527728153
2013-12-26 22:00:00,10.0,87,0.1,10.9,352,1.5169868004647136,-10.793921949283117
2013-12-26 23:00:00,10.3,84,0.0,11.6,353,1.4136843834997108,-11.513535359039334
2013-12-27 00:00:00,9.7,84,0.0,11.9,360,7.286648454926752e-16,-11.9
2013-12-27 01:00:00,9.5,84,0.0,11.9,2,-0.4153040107597591,-11.89275084152724
2013-12-27 02:00:00,9.3,84,0.0,11.9,3,-0.6227978792910372,-11.88369146357943
2013-12-27 03:00:00,9.7,85,0.0,11.6,5,-1.0110066158728357,-11.555858497864248
2013-12-27 04:00:00,9.4,85,0.0,11.9,3,-0.6227978792910372,-11.88369146357943
2013-12-27 05:00:00,9.2,84,0.0,11.9,3,-0.6227978792910372,-11.88369146357943
2013-12-27 06:00:00,8.7,84,0.0,12.6,357,0.659433048661094,-12.58273213790763
2013-12-27 07:00:00,8.4,84,0.0,13.0,3,-0.680367431158276,-12.98218395180946
2013-12-27 08:00:00,9.5,80,0.0,13.7,360,8.388830574159369e-16,-13.7
2013-12-27 09:00:00,10.6,74,0.0,15.9,357,0.8321417042628091,-15.878209602597725
2013-12-27 10:00:00,11.7,71,0.0,16.6,355,1.4467853296111253,-16.536831988322977
2013-12-27 11:00:00,12.0,69,0.0,18.1,353,2.2058351156331697,-17.96508534470793
2013-12-27 12:00:00,12.5,67,0.0,19.3,351,3.019185175276457,-19.06238497348616
2013-12-27 13:00:00,12.6,66,0.0,18.9,352,2.630371608145237,-18.716066499215678
2013-12-27 14:00:00,12.5,65,0.0,18.5,353,2.2545828529952288,-18.362103805364455
2013-12-27 15:00:00,12.3,66,0.0,18.2,352,2.5329504374731915,-18.02287885109658
2013-12-27 16:00:00,11.4,68,0.0,15.9,354,1.66200256595569,-15.812898136355546
2013-12-27 17:00:00,10.1,71,0.0,12.3,353,1.4989929238833142,-12.208317665188261
2013-12-27 18:00:00,9.1,72,0.0,12.3,353,1.4989929238833142,-12.208317665188261
2013-12-27 19:00:00,8.3,76,0.0,10.9,354,1.1393602496174227,-10.84028865951418
2013-12-27 20:00:00,7.4,81,0.0,10.1,354,1.0557374790032998,-10.04467114321956
2013-12-27 21:00:00,7.3,78,0.0,9.0,358,0.31409547032250973,-8.994517443171862
2013-12-27 22:00:00,7.6,75,0.0,7.9,360,4.837354856632045e-16,-7.9
2013-12-27 23:00:00,8.2,73,0.0,6.3,13,-1.417191642366351,-6.1385314081469815
2013-12-28 00:00:00,8.5,72,0.0,4.5,14,-1.088648530198505,-4.366330768241984
2013-12-28 01:00:00,9.0,70,0.0,4.5,14,-1.088648530198505,-4.366330768241984
2013-12-28 02:00:00,9.8,67,0.0,4.7,23,-1.836436303899587,-4.326372811226469
2013-12-28 03:00:00,10.0,67,0.0,4.5,29,-2.1816432911085157,-3.935788682127282
2013-12-28 04:00:00,10.0,67,0.0,3.8,41,-2.4930243101639276,-2.8678964048465336
2013-12-28 05:00:00,10.0,68,0.0,3.8,41,-2.4930243101639276,-2.8678964048465336
2013-12-28 06:00:00,10.0,69,0.0,3.1,69,-2.8940993221413254,-1.1109406435904314
2013-12-28 07:00:00,9.9,70,0.0,2.6,74,-2.499280409439629,-0.7166571251241974
2013-12-28 08:00:00,10.9,72,0.0,1.6,27,-0.7263847995832751,-1.4256104387013886
2013-12-28 09:00:00,12.9,70,0.0,4.1,308,3.2308440897875594,-2.524212048835199
2013-12-28 10:00:00,14.1,68,0.0,6.1,298,5.385980316439454,-2.8637765329939335
2013-12-28 11:00:00,15.0,66,0.0,7.2,297,6.415246974156249,-3.2687315981247367
2013-12-28 12:00:00,15.5,66,0.0,7.9,294,7.217009115376547,-3.2132194802988217
2013-12-28 13:00:00,15.4,68,0.0,8.7,300,7.534421012924616,-4.349999999999999
2013-12-28 14:00:00,14.9,70,0.4,9.0,307,7.187719590425635,-5.416335208368435
2013-12-28 15:00:00,14.4,74,0.1,8.7,318,5.821436275322066,-6.46535998165333
2013-12-28 16:00:00,13.7,77,0.2,9.1,326,5.088655421583796,-7.5442419102508795
2013-12-28 17:00:00,12.8,79,0.2,6.1,332,2.863776532993934,-5.385980316439453
2013-12-28 18:00:00,11.7,86,0.2,6.4,333,2.9055391983331,-5.702441754805554
2013-12-28 19:00:00,11.1,89,0.2,7.4,331,3.587591189822895,-6.472185832831529
2013-12-28 20:00:00,10.1,91,0.2,6.3,336,2.5624408513775414,-5.755336383148386
2013-12-28 21:00:00,9.5,90,0.0,5.7,342,1.7613968679372005,-5.421022142882375
2013-12-28 22:00:00,9.3,91,0.0,6.0,335,2.5357095704441965,-5.437846722219899
2013-12-28 23:00:00,9.2,92,0.2,6.6,338,2.4724035165450187,-6.1194134401407965
2013-12-29 00:00:00,9.1,92,0.3,7.5,343,2.192787785420526,-7.172285669722766
2013-12-29 01:00:00,9.2,93,0.3,8.1,347,1.8221035401853058,-7.892397524760405
2013-12-29 02:00:00,9.3,92,0.2,8.7,353,1.060263287624783,-8.6351515192795
2013-12-29 03:00:00,9.1,91,0.3,9.0,360,5.51091059616309e-16,-9.0
2013-12-29 04:00:00,9.4,89,0.1,9.1,9,-1.4235536318661024,-8.987963899415753
2013-12-29 05:00:00,9.7,87,0.0,8.0,18,-2.4721359549995805,-7.608452130361228
2013-12-29 06:00:00,9.9,86,0.0,7.0,21,-2.508575646817105,-6.535062985480412
2013-12-29 07:00:00,9.9,84,0.0,6.6,13,-1.4846769586695105,-6.430842427582552
2013-12-29 08:00:00,10.5,89,0.0,7.2,3,-0.376818884949199,-7.190132650232932
2013-12-29 09:00:00,12.8,79,0.0,8.9,346,2.1531048708370424,-8.635631963856369
2013-12-29 10:00:00,13.8,77,0.0,9.2,339,3.2969851358167634,-8.588939923774255
2013-12-29 11:00:00,14.7,74,0.0,10.9,333,4.948496447161061,-9.71197111365321
2013-12-29 12:00:00,15.0,73,0.0,11.8,333,5.357087896926653,-10.51387698542274
2013-12-29 13:00:00,14.8,74,0.0,12.1,333,5.493285046848516,-10.781178942679249
2013-12-29 14:00:00,14.4,74,0.1,11.6,334,5.085105302753298,-10.426010937070338
2013-12-29 15:00:00,13.9,78,0.0,10.3,335,4.352968095929205,-9.334970206477495
2013-12-29 16:00:00,13.6,78,0.0,9.8,336,3.9860191021428424,-8.95274548489749
2013-12-29 17:00:00,13.0,80,0.0,8.3,342,2.564841053312064,-7.893769085249775
2013-12-29 18:00:00,11.9,84,0.0,7.9,344,2.1775351109542935,-7.59396739791272
2013-12-29 19:00:00,11.7,86,0.1,7.7,349,1.4692292643993958,-7.558529312547013
2013-12-29 20:00:00,11.0,89,0.2,6.8,342,2.1013155617496424,-6.467184310807044
2013-12-29 21:00:00,10.4,90,0.0,5.9,349,1.125773072721615,-5.791600382341218
2013-12-29 22:00:00,10.3,89,0.0,3.2,360,1.9594348786357652e-16,-3.2
2013-12-29 23:00:00,10.5,89,0.0,2.9,7,-0.35342109587492676,-2.878383839759834
2013-12-30 00:00:00,10.6,90,0.0,3.3,6,-0.3449439287832561,-3.281922254715302
2013-12-30 01:00:00,10.7,89,0.0,3.6,6,-0.3763024677635521,-3.5802788233257843
2013-12-30 02:00:00,11.0,88,0.0,5.2,12,-1.0811407922523508,-5.086367523815789
2013-12-30 03:00:00,11.0,86,0.0,6.6,22,-2.472403516545021,-6.119413440140796
2013-12-30 04:00:00,11.5,85,0.0,6.9,28,-3.239353783222646,-6.092338390726597
2013-12-30 05:00:00,11.6,84,0.0,6.3,31,-3.2447398719333433,-5.400153994423306
2013-12-30 06:00:00,11.7,84,0.0,7.9,43,-5.387787044493739,-5.777694242791447
2013-12-30 07:00:00,11.8,83,0.0,6.7,36,-3.938161190359571,-5.420413862312147
2013-12-30 08:00:00,12.5,84,0.0,6.0,17,-1.7542302283364226,-5.7378285357782115
2013-12-30 09:00:00,14.0,82,0.0,8.0,352,1.1133848076805237,-7.922144549932563
2013-12-30 10:00:00,15.1,79,0.0,9.7,345,2.510544737494451,-9.369480515003962
2013-12-30 11:00:00,16.1,75,0.0,9.9,341,3.223124729125852,-9.360633898433235
2013-12-30 12:00:00,16.8,73,0.0,10.8,334,4.734408385322037,-9.706975700031006
2013-12-30 13:00:00,17.0,73,0.0,12.1,333,5.493285046848516,-10.781178942679249
2013-12-30 14:00:00,16.8,73,0.0,11.8,337,4.61062731617343,-10.861957270738797
2013-12-30 15:00:00,15.8,79,0.0,12.3,339,4.407925779407195,-11.483039245915583
2013-12-30 16:00:00,15.0,82,0.0,12.0,344,3.30764826980399,-11.535140351259827
2013-12-30 17:00:00,14.1,85,0.1,8.7,353,1.060263287624783,-8.6351515192795
2013-12-30 18:00:00,13.2,88,0.1,8.6,360,5.265981236333618e-16,-8.6
2013-12-30 19:00:00,12.3,93,0.0,7.3,11,-1.3929056662487755,-7.165878439167947
2013-12-30 20:00:00,12.7,89,0.0,5.6,27,-2.5423467985414625,-4.989636535454859
2013-12-30 21:00:00,12.7,88,0.0,4.3,24,-1.7489675652259404,-3.928245467863184
2013-12-30 22:00:00,12.6,88,0.0,3.3,41,-2.1649947956686737,-2.4905416147351476
2013-12-30 23:00:00,12.5,88,0.0,3.3,49,-2.490541614735148,-2.1649947956686733
2013-12-31 00:00:00,12.4,88,0.0,4.3,48,-3.195522749552795,-2.8772616073430903
2013-12-31 01:00:00,12.5,87,0.0,4.6,39,-2.894873798829254,-3.5748714227020644
2013-12-31 02:00:00,12.3,88,0.0,4.9,36,-2.880147736233119,-3.9641832724372423
2013-12-31 03:00:00,13.0,80,0.0,5.0,30,-2.500000000000002,-4.330127018922192
2013-12-31 04:00:00,12.6,81,0.0,5.2,34,-2.907803098047882,-4.3109953772862175
2013-12-31 05:00:00,12.4,81,0.0,5.2,34,-2.907803098047882,-4.3109953772862175
2013-12-31 06:00:00,12.3,79,0.0,5.9,47,-4.314986839553106,-4.023790324368741
2013-12-31 07:00:00,12.2,80,0.0,4.6,39,-2.894873798829254,-3.5748714227020644
2013-12-31 08:00:00,13.4,80,0.0,5.0,30,-2.500000000000002,-4.330127018922192
2013-12-31 09:00:00,15.5,79,0.0,6.5,360,3.9801020972288977e-16,-6.5
2013-12-31 10:00:00,16.7,78,0.0,6.8,342,2.1013155617496424,-6.467184310807044
2013-12-31 11:00:00,17.7,76,0.0,7.3,327,3.9758649556096977,-6.122295146001595
2013-12-31 12:00:00,18.3,74,0.0,8.7,322,5.356254835333226,-6.855693556378481
2013-12-31 13:00:00,18.5,73,0.0,10.4,326,5.815606196095767,-8.621990754572435
2013-12-31 14:00:00,18.2,73,0.0,11.6,334,5.085105302753298,-10.426010937070338
2013-12-31 15:00:00,17.9,73,0.0,12.4,338,4.645121758357308,-11.497079796628164
2013-12-31 16:00:00,16.9,75,0.0,11.8,340,4.035837691242892,-11.088372925273719
2013-12-31 17:00:00,15.3,79,0.0,8.8,351,1.3766232923540322,-8.691657397237213
2013-12-31 18:00:00,13.7,86,0.0,9.4,4,-0.6557108531947805,-9.377102072442348
2013-12-31 19:00:00,13.2,84,0.0,7.5,17,-2.192787785420528,-7.172285669722765
2013-12-31 20:00:00,13.0,84,0.0,6.6,22,-2.472403516545021,-6.119413440140796
2013-12-31 21:00:00,12.9,84,0.0,6.3,31,-3.2447398719333433,-5.400153994423306
2013-12-31 22:00:00,12.8,84,0.0,4.6,39,-2.894873798829254,-3.5748714227020644
2013-12-31 23:00:00,12.6,84,0.0,3.6,45,-2.545584412271572,-2.545584412271571
2014-01-01 00:00:00,12.4,84,0.0,3.4,58,-2.8833635269318485,-1.8017254983928963
2014-01-01 01:00:00,12.2,83,0.0,3.4,58,-2.8833635269318485,-1.8017254983928963
2014-01-01 02:00:00,12.2,82,0.0,3.9,56,-3.233246532964663,-2.180852323535912
2014-01-01 03:00:00,12.9,77,0.0,3.8,49,-2.867896404846534,-2.4930243101639267
2014-01-01 04:00:00,12.9,77,0.0,4.1,45,-2.8991378028648453,-2.8991378028648445
2014-01-01 05:00:00,12.8,77,0.0,3.6,37,-2.166534083347374,-2.875087836170254
2014-01-01 06:00:00,12.4,76,0.0,4.2,59,-3.600102662948872,-2.1631599146222276
2014-01-01 07:00:00,11.0,78,0.0,3.1,45,-2.192031021678298,-2.192031021678297
2014-01-01 08:00:00,12.0,79,0.0,4.1,45,-2.8991378028648453,-2.8991378028648445
2014-01-01 09:00:00,15.7,73,0.0,3.7,11,-0.7059932828932151,-3.632020578756357
2014-01-01 10:00:00,17.5,70,0.0,4.8,333,2.1791543987498248,-4.276831316104166
2014-01-01 11:00:00,18.7,67,0.0,6.1,310,4.6728711030257655,-3.921004419087889
2014-01-01 12:00:00,19.4,65,0.0,7.9,309,6.139453095510071,-4.971631089293716
2014-01-01 13:00:00,19.7,65,0.0,8.7,315,6.151828996322964,-6.151828996322962
2014-01-01 14:00:00,19.5,66,0.0,8.7,318,5.821436275322066,-6.46535998165333
2014-01-01 15:00:00,19.2,67,0.0,8.7,322,5.356254835333226,-6.855693556378481
2014-01-01 16:00:00,18.4,69,0.0,8.0,324,4.702282018339785,-6.47213595499958
2014-01-01 17:00:00,17.0,74,0.0,7.5,325,4.301823272632846,-6.143640332167439
2014-01-01 18:00:00,15.3,84,0.0,5.1,4,-0.35575801609504043,-5.087576656325103
2014-01-01 19:00:00,15.1,81,0.0,3.4,32,-1.801725498392897,-2.883363526931848
2014-01-01 20:00:00,14.6,82,0.0,3.4,58,-2.8833635269318485,-1.8017254983928963
2014-01-01 21:00:00,14.0,83,0.0,3.6,53,-2.875087836170254,-2.1665340833473743
2014-01-01 22:00:00,12.9,85,0.0,3.9,56,-3.233246532964663,-2.180852323535912
2014-01-01 23:00:00,12.2,86,0.0,4.0,63,-3.5640260967534716,-1.8159619989581868
2014-01-02 00:00:00,11.8,86,0.0,3.5,66,-3.197409101749103,-1.4235782507653008
2014-01-02 01:00:00,11.4,85,0.0,3.8,73,-3.6339580726595346,-1.1110124779463997
2014-01-02 02:00:00,11.2,84,0.0,3.8,73,-3.6339580726595346,-1.1110124779463997
2014-01-02 03:00:00,10.0,84,0.0,3.8,73,-3.6339580726595346,-1.1110124779463997
2014-01-02 04:00:00,10.4,81,0.0,3.5,66,-3.197409101749103,-1.4235782507653008
2014-01-02 05:00:00,10.7,79,0.0,3.2,63,-2.8512208774027776,-1.4527695991665495
2014-01-02 06:00:00,10.3,78,0.0,4.8,63,-4.276831316104166,-2.179154398749824
2014-01-02 07:00:00,10.0,77,0.0,3.9,68,-3.616017032810471,-1.460965714322057
2014-01-02 08:00:00,13.4,71,0.0,4.7,67,-4.32637281122647,-1.8364363038995857
2014-01-02 09:00:00,16.9,66,0.0,3.9,22,-1.460965714322058,-3.6160170328104706
2014-01-02 10:00:00,18.6,60,0.0,6.2,339,2.2218812871808624,-5.788198644282651
2014-01-02 11:00:00,19.7,58,0.0,7.8,338,2.9219314286441134,-7.232034065620942
2014-01-02 12:00:00,20.4,59,0.0,7.6,335,3.211898789229316,-6.887939181478539
2014-01-02 13:00:00,20.7,60,0.0,6.7,324,3.93816119035957,-5.420413862312148
2014-01-02 14:00:00,20.8,61,0.0,6.1,310,4.6728711030257655,-3.921004419087889
2014-01-02 15:00:00,20.9,63,0.0,4.6,309,3.5748714227020657,-2.8948737988292517
2014-01-02 16:00:00,20.2,68,0.0,3.6,323,2.1665340833473743,-2.875087836170254
2014-01-02 17:00:00,18.8,73,0.0,5.6,320,3.5996106142446203,-4.289848881466277
2014-01-02 18:00:00,16.9,81,0.0,4.8,27,-2.179154398749825,-4.276831316104166
2014-01-02 19:00:00,16.4,79,0.0,4.3,66,-3.9282454678631837,-1.7489675652259409
2014-01-02 20:00:00,15.9,79,0.0,4.1,75,-3.96029588778518,-1.0611580849203353
2014-01-02 21:00:00,14.8,80,0.0,2.9,60,-2.5114736709748717,-1.4500000000000002
2014-01-02 22:00:00,13.3,82,0.0,3.1,54,-2.5079526825623377,-1.8221342821066664
2014-01-02 23:00:00,12.5,83,0.0,3.6,53,-2.875087836170254,-2.1665340833473743
2014-01-03 00:00:00,11.8,83,0.0,4.0,63,-3.5640260967534716,-1.8159619989581868
2014-01-03 01:00:00,11.3,83,0.0,4.3,66,-3.9282454678631837,-1.7489675652259409
2014-01-03 02:00:00,11.2,82,0.0,4.2,59,-3.600102662948872,-2.1631599146222276
2014-01-03 03:00:00,11.0,81,0.0,4.1,52,-3.23084408978756,-2.5242120488351985
2014-01-03 04:00:00,11.3,78,0.0,4.2,59,-3.600102662948872,-2.1631599146222276
2014-01-03 05:00:00,11.5,75,0.0,4.2,59,-3.600102662948872,-2.1631599146222276
2014-01-03 06:00:00,12.3,71,0.0,4.1,38,-2.524212048835198,-3.2308440897875603
2014-01-03 07:00:00,12.7,69,0.0,5.1,45,-3.606244584051393,-3.606244584051392
2014-01-03 08:00:00,15.1,68,0.0,6.1,50,-4.6728711030257655,-3.921004419087889
2014-01-03 09:00:00,18.2,69,0.0,5.6,50,-4.289848881466277,-3.5996106142446194
2014-01-03 10:00:00,19.5,66,0.3,4.7,360,2.8779199779962803e-16,-4.7
2014-01-03 11:00:00,19.8,72,0.0,6.5,341,2.116193003971519,-6.145870741395559
2014-01-03 12:00:00,20.1,76,0.1,8.0,342,2.4721359549995796,-7.608452130361228
2014-01-03 13:00:00,20.4,77,0.2,8.6,338,3.2216167033768426,-7.973781149274371
2014-01-03 14:00:00,20.3,80,0.2,8.4,340,2.872969203935618,-7.893418014601631
2014-01-03 15:00:00,21.1,79,0.0,8.4,340,2.872969203935618,-7.893418014601631
2014-01-03 16:00:00,20.6,82,0.0,8.2,337,3.203995253612044,-7.54813979831001
2014-01-03 17:00:00,19.4,87,0.0,7.6,341,2.474317973874391,-7.185941174554807
2014-01-03 18:00:00,17.6,94,0.0,7.0,21,-2.508575646817105,-6.535062985480412
2014-01-03 19:00:00,15.8,97,0.0,8.4,20,-2.872969203935616,-7.8934180146016315
2014-01-03 20:00:00,15.5,95,0.0,8.4,25,-3.549993398621873,-7.612985411107861
2014-01-03 21:00:00,16.1,92,0.0,8.0,36,-4.702282018339786,-6.472135954999579
2014-01-03 22:00:00,16.0,90,0.0,7.9,47,-5.777694242791448,-5.387787044493737
2014-01-03 23:00:00,14.6,91,0.0,7.7,53,-6.149493427364155,-4.633975678270772
2014-01-04 00:00:00,14.9,88,0.0,6.6,49,-4.981083229470296,-4.3299895913373465
2014-01-04 01:00:00,16.0,83,0.0,6.0,33,-3.267834210090162,-5.032023407672544
2014-01-04 02:00:00,15.9,83,0.0,6.9,28,-3.239353783222646,-6.092338390726597
2014-01-04 03:00:00,15.3,83,0.0,6.5,34,-3.6347538725598527,-5.388744221607772
2014-01-04 04:00:00,15.0,83,0.0,4.8,42,-3.211826910522519,-3.567095162291493
2014-01-04 05:00:00,14.8,80,0.0,3.4,32,-1.801725498392897,-2.883363526931848
2014-01-04 06:00:00,14.3,79,0.0,2.8,40,-1.7998053071223103,-2.144924440733138
2014-01-04 07:00:00,13.4,80,0.0,2.9,30,-1.4500000000000013,-2.5114736709748713
2014-01-04 08:00:00,15.3,78,0.0,3.2,27,-1.4527695991665501,-2.851220877402777
2014-01-04 09:00:00,17.3,77,0.0,3.9,338,1.4609657143220567,-3.616017032810471
2014-01-04 10:00:00,18.4,77,0.0,6.1,320,3.92100441908789,-4.6728711030257655
2014-01-04 11:00:00,19.2,75,0.0,8.2,322,5.048424097670398,-6.46168817957512
2014-01-04 12:00:00,19.8,74,0.0,9.6,326,5.368251873319169,-7.9587606965284
2014-01-04 13:00:00,19.9,72,0.0,10.7,327,5.82763767466079,-8.973775077016036
2014-01-04 14:00:00,19.4,71,0.0,11.9,331,5.769234480931412,-10.40797451495881
2014-01-04 15:00:00,18.7,69,0.0,12.8,338,4.794964395723674,-11.86795333845488
2014-01-04 16:00:00,17.6,71,0.0,12.4,343,3.625409138561936,-11.858178973941639
2014-01-04 17:00:00,16.1,75,0.0,10.2,350,1.77121141220269,-10.045039080724521
2014-01-04 18:00:00,14.6,81,0.0,10.1,356,0.7045403848156648,-10.075396907624224
2014-01-04 19:00:00,13.1,85,0.0,8.7,24,-3.5386087947594604,-7.947845481490628
2014-01-04 20:00:00,13.2,82,0.0,8.2,23,-3.203995253612045,-7.548139798310009
2014-01-04 21:00:00,13.0,82,0.0,7.4,29,-3.5875911898228927,-6.4721858328315305
2014-01-04 22:00:00,11.9,86,0.0,6.4,38,-3.940233442084212,-5.043268823083022
2014-01-04 23:00:00,11.7,84,0.0,5.2,56,-4.3109953772862175,-2.907803098047883
2014-01-05 00:00:00,11.7,83,0.0,4.4,55,-3.604268994871564,-2.5237363199446032
2014-01-05 01:00:00,12.3,79,0.0,4.6,51,-3.5748714227020653,-2.894873798829253
2014-01-05 02:00:00,12.3,78,0.0,5.1,51,-3.9634444034305507,-3.2095339943541714
2014-01-05 03:00:00,12.4,74,0.0,4.6,45,-3.2526911934581193,-3.252691193458118
2014-01-05 04:00:00,12.3,72,0.0,4.3,42,-2.87726160734309,-3.195522749552796
2014-01-05 05:00:00,11.6,73,0.0,4.1,45,-2.8991378028648453,-2.8991378028648445
2014-01-05 06:00:00,10.2,75,0.0,4.6,45,-3.2526911934581193,-3.252691193458118
2014-01-05 07:00:00,9.3,76,0.0,3.8,49,-2.867896404846534,-2.4930243101639267
2014-01-05 08:00:00,12.4,70,0.0,3.9,56,-3.233246532964663,-2.180852323535912
2014-01-05 09:00:00,15.1,67,0.0,3.3,347,0.7423384793347542,-3.2154212137912763
2014-01-05 10:00:00,16.5,65,0.0,5.4,323,3.2498011250210617,-4.312631754255381
2014-01-05 11:00:00,17.5,64,0.0,6.2,306,5.0159053651246746,-3.6442685642133337
2014-01-05 12:00:00,18.1,64,0.0,7.7,298,6.798696465013738,-3.6149310334513594
2014-01-05 13:00:00,18.1,65,0.0,9.3,298,8.211412613588022,-4.366085533908785
2014-01-05 14:00:00,18.0,66,0.0,10.2,309,7.926888806861102,-6.419067988708341
2014-01-05 15:00:00,17.8,65,0.0,9.5,323,5.717242719944459,-7.587037345449282
2014-01-05 16:00:00,17.0,67,0.0,8.2,331,3.975438886019964,-7.171881598543044
2014-01-05 17:00:00,15.6,72,0.1,5.6,333,2.542346798541462,-4.989636535454859
2014-01-05 18:00:00,14.0,80,0.0,6.2,339,2.2218812871808624,-5.788198644282651
2014-01-05 19:00:00,13.2,80,0.0,5.2,34,-2.907803098047882,-4.3109953772862175
2014-01-05 20:00:00,13.1,80,0.0,3.1,54,-2.5079526825623377,-1.8221342821066664
2014-01-05 21:00:00,12.6,82,0.0,2.7,67,-2.485363104321589,-1.0549740469210387
2014-01-05 22:00:00,12.0,84,0.1,3.1,69,-2.8940993221413254,-1.1109406435904314
2014-01-05 23:00:00,11.8,84,0.2,3.3,77,-3.2154212137912763,-0.7423384793347544
2014-01-06 00:00:00,11.7,84,0.2,3.3,77,-3.2154212137912763,-0.7423384793347544
2014-01-06 01:00:00,12.6,82,0.1,3.8,73,-3.6339580726595346,-1.1110124779463997
2014-01-06 02:00:00,12.8,81,0.3,3.9,68,-3.616017032810471,-1.460965714322057
2014-01-06 03:00:00,12.3,76,0.2,3.9,56,-3.233246532964663,-2.180852323535912
2014-01-06 04:00:00,11.0,80,0.2,4.0,63,-3.5640260967534716,-1.8159619989581868
2014-01-06 05:00:00,10.0,80,0.0,3.5,66,-3.197409101749103,-1.4235782507653008
2014-01-06 06:00:00,9.0,82,0.0,3.9,68,-3.616017032810471,-1.460965714322057
2014-01-06 07:00:00,8.0,83,0.0,4.1,75,-3.96029588778518,-1.0611580849203353
2014-01-06 08:00:00,10.2,88,0.0,4.4,81,-4.3458286986186065,-0.6883116461770152
2014-01-06 09:00:00,16.2,71,0.0,1.1,90,-1.1,1.3471114790620887e-16
2014-01-06 10:00:00,17.8,65,0.0,4.7,293,4.32637281122647,-1.8364363038995868
2014-01-06 11:00:00,18.5,65,0.0,6.8,295,6.162892951849219,-2.873804179836756
2014-01-06 12:00:00,18.9,65,0.0,8.4,301,7.200205325897744,-4.326319829244455
2014-01-06 13:00:00,19.0,65,0.0,9.9,314,7.121464023352647,-6.877117867544073
2014-01-06 14:00:00,18.8,66,0.0,8.9,320,5.7208097262102005,-6.817795543758905
2014-01-06 15:00:00,19.5,63,0.0,8.2,319,5.379684037722159,-6.18861855782673
2014-01-06 16:00:00,18.8,66,0.0,8.7,318,5.821436275322066,-6.46535998165333
2014-01-06 17:00:00,17.5,69,0.0,7.4,309,5.750880114781585,-4.656970893768797
2014-01-06 18:00:00,15.4,83,0.0,6.8,328,3.603450996785793,-5.766727053863696
2014-01-06 19:00:00,15.3,78,0.0,2.8,40,-1.7998053071223103,-2.144924440733138
2014-01-06 20:00:00,14.3,81,0.0,3.3,84,-3.2819222547153015,-0.3449439287832565
2014-01-06 21:00:00,14.0,80,0.0,3.0,76,-2.9108871788279895,-0.7257656867990026
2014-01-06 22:00:00,13.4,80,0.0,3.4,72,-3.2335921554035223,-1.0506577808748208
2014-01-06 23:00:00,12.9,81,0.0,2.6,56,-2.1554976886431088,-1.4539015490239415
2014-01-07 00:00:00,12.8,82,0.0,2.9,60,-2.5114736709748717,-1.4500000000000002
2014-01-07 01:00:00,12.4,83,0.0,2.7,67,-2.485363104321589,-1.0549740469210387
2014-01-07 02:00:00,12.2,84,0.0,2.2,81,-2.1729143493093033,-0.3441558230885076
2014-01-07 03:00:00,11.1,86,0.0,2.2,99,-2.172914349309303,0.3441558230885082
2014-01-07 04:00:00,11.5,84,0.0,2.2,90,-2.2,2.6942229581241775e-16
2014-01-07 05:00:00,12.1,80,0.0,1.8,53,-1.437543918085127,-1.0832670416736871
2014-01-07 06:00:00,12.0,79,0.0,2.6,56,-2.1554976886431088,-1.4539015490239415
2014-01-07 07:00:00,12.0,78,0.0,2.6,74,-2.499280409439629,-0.7166571251241974
2014-01-07 08:00:00,13.6,79,0.0,3.0,76,-2.9108871788279895,-0.7257656867990026
2014-01-07 09:00:00,17.5,70,0.0,0.8,297,0.7128052193506944,-0.3631923997916374
2014-01-07 10:00:00,18.9,67,0.0,3.3,283,3.2154212137912763,-0.7423384793347545
2014-01-07 11:00:00,19.6,66,0.0,5.0,291,4.667902132486009,-1.7918397477265013
2014-01-07 12:00:00,20.1,65,0.0,6.0,295,5.437846722219899,-2.5357095704441965
2014-01-07 13:00:00,20.4,65,0.0,7.1,300,6.148780366869515,-3.5499999999999994
2014-01-07 14:00:00,20.5,66,0.0,8.3,304,6.881011852206846,-4.6413010988072
2014-01-07 15:00:00,20.5,66,0.0,7.4,309,5.750880114781585,-4.656970893768797
2014-01-07 16:00:00,19.9,67,0.0,6.4,313,4.6806636903626915,-4.36478950439999
2014-01-07 17:00:00,19.0,70,0.0,6.0,303,5.032023407672544,-3.2678342100901627
2014-01-07 18:00:00,17.0,81,0.0,4.0,5,-0.348622970990633,-3.984778792366982
2014-01-07 19:00:00,16.8,78,0.0,3.6,53,-2.875087836170254,-2.1665340833473743
2014-01-07 20:00:00,15.9,81,0.0,3.2,63,-2.8512208774027776,-1.4527695991665495
2014-01-07 21:00:00,14.7,83,0.0,3.3,77,-3.2154212137912763,-0.7423384793347544
2014-01-07 22:00:00,14.4,82,0.0,2.1,59,-1.800051331474436,-1.0815799573111138
2014-01-07 23:00:00,14.0,81,0.0,2.3,72,-2.187429987478853,-0.7107390870623786
2014-01-08 00:00:00,13.2,83,0.0,2.3,72,-2.187429987478853,-0.7107390870623786
2014-01-08 01:00:00,13.1,82,0.0,2.4,63,-2.138415658052083,-1.089577199374912
2014-01-08 02:00:00,13.0,80,0.0,2.3,72,-2.187429987478853,-0.7107390870623786
2014-01-08 03:00:00,9.9,92,0.0,2.7,67,-2.485363104321589,-1.0549740469210387
2014-01-08 04:00:00,9.6,93,0.0,3.1,69,-2.8940993221413254,-1.1109406435904314
2014-01-08 05:00:00,9.3,93,0.0,4.2,70,-3.9467090073008158,-1.4364846019678084
2014-01-08 06:00:00,9.3,93,0.0,3.9,68,-3.616017032810471,-1.460965714322057
2014-01-08 07:00:00,9.2,94,0.0,4.3,85,-4.283637201794505,-0.37476969381492914
2014-01-08 08:00:00,11.8,94,0.0,4.9,73,-4.685893304218874,-1.4326213531414103
2014-01-08 09:00:00,17.3,80,0.0,4.7,32,-2.490620541896064,-3.9858260519352022
2014-01-08 10:00:00,20.2,64,0.0,8.0,355,0.6972459419812651,-7.969557584733964
2014-01-08 11:00:00,21.1,58,0.0,10.4,346,2.515987714236544,-10.091075553270363
2014-01-08 12:00:00,20.7,60,0.0,13.6,343,3.97625518422922,-13.005744681097282
2014-01-08 13:00:00,20.4,63,0.0,16.5,349,3.1483484237129913,-16.196848526886455
2014-01-08 14:00:00,20.3,65,0.0,15.5,357,0.8112073217656315,-15.478757788695894
2014-01-08 15:00:00,19.6,71,0.0,14.1,357,0.7379369830255099,-14.080676440039491
2014-01-08 16:00:00,18.9,76,0.0,14.1,354,1.4738513320739137,-14.022758724692652
2014-01-08 17:00:00,17.5,82,0.0,11.3,353,1.3771235804781667,-11.215771513546938
2014-01-08 18:00:00,15.7,89,0.0,11.9,358,0.41530401075976286,-11.89275084152724
2014-01-08 19:00:00,14.4,95,0.0,10.5,16,-2.894192236078488,-10.09324780735235
2014-01-08 20:00:00,14.6,93,0.0,8.4,20,-2.872969203935616,-7.8934180146016315
2014-01-08 21:00:00,14.6,92,0.0,8.4,20,-2.872969203935616,-7.8934180146016315
2014-01-08 22:00:00,14.3,91,0.0,7.1,24,-2.8878301658381806,-6.486172749262467
2014-01-08 23:00:00,13.9,91,0.0,6.0,25,-2.5357095704441948,-5.4378467222199
2014-01-09 00:00:00,13.5,90,0.0,5.3,28,-2.488199282765221,-4.679622242152313
2014-01-09 01:00:00,13.2,89,0.0,5.5,23,-2.149021206691006,-5.062776693988422
2014-01-09 02:00:00,13.0,87,0.0,6.2,21,-2.2218812871808646,-5.78819864428265
2014-01-09 03:00:00,12.9,84,0.0,7.0,21,-2.508575646817105,-6.535062985480412
2014-01-09 04:00:00,12.6,84,0.0,7.3,20,-2.49674704627738,-6.859756131737131
2014-01-09 05:00:00,12.5,81,0.0,8.4,20,-2.872969203935616,-7.8934180146016315
2014-01-09 06:00:00,12.2,80,0.0,10.1,27,-4.585304047369424,-8.999165894302514
2014-01-09 07:00:00,12.1,79,0.0,10.5,22,-3.933369230867079,-9.735430472951267
2014-01-09 08:00:00,12.7,80,0.2,9.5,11,-1.812685456077174,-9.325458242752807
2014-01-09 09:00:00,14.2,76,0.0,10.5,356,0.732442974313315,-10.474422527728153
2014-01-09 10:00:00,15.2,74,0.0,10.9,352,1.5169868004647136,-10.793921949283117
2014-01-09 11:00:00,16.3,72,0.0,11.2,345,2.8987733051482323,-10.818369254437565
2014-01-09 12:00:00,16.8,71,0.0,10.6,342,3.275580140374443,-10.081199072728626
2014-01-09 13:00:00,16.9,70,0.2,11.5,340,3.9332316482451914,-10.806465139037945
2014-01-09 14:00:00,16.4,71,0.0,13.1,344,3.610849361202689,-12.592528216791978
2014-01-09 15:00:00,15.9,72,0.0,13.4,346,3.241753401035547,-13.001962732098352
2014-01-09 16:00:00,15.2,73,0.0,12.9,347,2.9018686010358574,-12.569373835729534
2014-01-09 17:00:00,14.1,76,0.2,10.0,345,2.5881904510252074,-9.659258262890683
2014-01-09 18:00:00,13.1,78,0.0,10.6,350,1.8406706832694624,-10.438962181929405
2014-01-09 19:00:00,12.5,81,0.0,10.4,358,0.36295476570601126,-10.393664600998596
2014-01-09 20:00:00,11.7,85,0.0,10.1,360,6.184466335694133e-16,-10.1
2014-01-09 21:00:00,12.6,76,0.0,7.3,9,-1.1419715947936866,-7.210124886344505
2014-01-09 22:00:00,12.7,75,0.3,5.8,7,-0.7068421917498535,-5.756767679519668
2014-01-09 23:00:00,12.9,74,0.0,4.2,20,-1.436484601967808,-3.9467090073008158
2014-01-10 00:00:00,11.9,79,0.0,1.9,22,-0.7117525274902333,-1.7616493236768958
2014-01-10 01:00:00,11.9,78,0.0,1.0,45,-0.7071067811865477,-0.7071067811865475
2014-01-10 02:00:00,12.1,78,0.0,1.0,45,-0.7071067811865477,-0.7071067811865475
2014-01-10 03:00:00,11.6,80,0.0,1.9,22,-0.7117525274902333,-1.7616493236768958
2014-01-10 04:00:00,11.8,81,0.0,2.3,39,-1.447436899414627,-1.7874357113510322
2014-01-10 05:00:00,11.9,81,0.0,2.3,39,-1.447436899414627,-1.7874357113510322
2014-01-10 06:00:00,11.9,81,0.0,2.6,56,-2.1554976886431088,-1.4539015490239415
2014-01-10 07:00:00,11.7,83,0.0,3.1,54,-2.5079526825623377,-1.8221342821066664
2014-01-10 08:00:00,12.3,84,0.0,3.1,36,-1.822134282106667,-2.507952682562337
2014-01-10 09:00:00,15.0,77,0.0,3.7,349,0.7059932828932162,-3.632020578756357
2014-01-10 10:00:00,16.6,73,0.0,6.0,335,2.5357095704441965,-5.437846722219899
2014-01-10 11:00:00,18.1,69,0.0,7.4,331,3.587591189822895,-6.472185832831529
2014-01-10 12:00:00,18.7,67,0.0,8.9,328,4.716281451675524,-7.547628055792192
2014-01-10 13:00:00,19.2,67,0.0,9.3,324,5.46640284632,-7.523858047687012
2014-01-10 14:00:00,19.3,67,0.0,9.5,323,5.717242719944459,-7.587037345449282
2014-01-10 15:00:00,18.9,68,0.0,8.9,320,5.7208097262102005,-6.817795543758905
2014-01-10 16:00:00,18.3,70,0.0,8.4,317,5.728786224524987,-6.143371093601032
2014-01-10 17:00:00,17.0,73,0.0,5.9,313,4.314986839553106,-4.023790324368742
2014-01-10 18:00:00,15.6,79,0.0,5.7,305,4.669166652447253,-3.2693856872009626
2014-01-10 19:00:00,13.9,89,0.1,2.5,315,1.7677669529663689,-1.7677669529663687
2014-01-10 20:00:00,13.4,89,0.2,1.3,326,0.7269507745119709,-1.0777488443215544
2014-01-10 21:00:00,13.2,89,0.2,0.7000000000000001,360,4.2862637970157366e-17,-0.7000000000000001
2014-01-10 22:00:00,12.7,91,0.2,0.7000000000000001,90,-0.7000000000000001,8.572527594031473e-17
2014-01-10 23:00:00,12.0,93,0.2,0.8,27,-0.36319239979163753,-0.7128052193506943
2014-01-11 00:00:00,11.6,93,0.2,1.0,45,-0.7071067811865477,-0.7071067811865475
2014-01-11 01:00:00,11.6,93,0.2,1.3,34,-0.7269507745119705,-1.0777488443215544
2014-01-11 02:00:00,11.3,93,0.2,1.5,45,-1.0606601717798214,-1.0606601717798212
2014-01-11 03:00:00,13.7,84,0.6,1.8,53,-1.437543918085127,-1.0832670416736871
2014-01-11 04:00:00,13.3,85,0.3,2.3,72,-2.187429987478853,-0.7107390870623786
2014-01-11 05:00:00,12.8,85,0.3,2.2,81,-2.1729143493093033,-0.3441558230885076
2014-01-11 06:00:00,12.7,84,0.2,3.1,45,-2.192031021678298,-2.192031021678297
2014-01-11 07:00:00,11.9,86,0.2,3.4,58,-2.8833635269318485,-1.8017254983928963
2014-01-11 08:00:00,13.7,85,0.0,2.5,45,-1.7677669529663693,-1.7677669529663687
2014-01-11 09:00:00,16.4,81,0.0,2.2,9,-0.3441558230885083,-2.172914349309303
2014-01-11 10:00:00,17.9,78,0.0,3.2,333,1.45276959916655,-2.851220877402777
2014-01-11 11:00:00,18.9,74,0.2,4.7,302,3.9858260519352022,-2.490620541896063
2014-01-11 12:00:00,19.5,71,0.2,6.6,292,6.1194134401407965,-2.472403516545019
2014-01-11 13:00:00,20.3,65,0.1,8.0,297,7.128052193506943,-3.631923997916374
2014-01-11 14:00:00,20.2,65,0.0,8.3,304,6.881011852206846,-4.6413010988072
2014-01-11 15:00:00,19.9,71,0.0,8.7,312,6.46535998165333,-5.821436275322066
2014-01-11 16:00:00,19.4,73,0.0,8.4,317,5.728786224524987,-6.143371093601032
2014-01-11 17:00:00,18.2,77,0.0,7.4,317,5.046787864462489,-5.412017391981862
2014-01-11 18:00:00,16.1,89,0.0,7.1,319,4.658019105832602,-5.358438019581681
2014-01-11 19:00:00,15.6,89,0.0,6.3,347,1.4171916423663489,-6.1385314081469815
2014-01-11 20:00:00,14.9,92,0.0,4.4,9,-0.6883116461770166,-4.345828698618606
2014-01-11 21:00:00,14.4,95,0.3,3.6,6,-0.3763024677635521,-3.5802788233257843
2014-01-11 22:00:00,14.3,95,0.2,2.3,39,-1.447436899414627,-1.7874357113510322
2014-01-11 23:00:00,14.2,95,0.6,2.3,51,-1.7874357113510326,-1.4474368994146265
2014-01-12 00:00:00,14.2,95,0.6,2.0,45,-1.4142135623730954,-1.414213562373095
2014-01-12 01:00:00,14.2,92,0.6,2.0,45,-1.4142135623730954,-1.414213562373095
2014-01-12 02:00:00,14.2,90,0.5,1.8,53,-1.437543918085127,-1.0832670416736871
2014-01-12 03:00:00,14.9,82,0.3,2.6,56,-2.1554976886431088,-1.4539015490239415
2014-01-12 04:00:00,14.7,82,0.2,4.0,63,-3.5640260967534716,-1.8159619989581868
2014-01-12 05:00:00,14.5,81,0.1,4.8,63,-4.276831316104166,-2.179154398749824
2014-01-12 06:00:00,13.6,82,0.0,5.4,42,-3.613305274337834,-4.01298205757793
2014-01-12 07:00:00,12.9,83,0.0,5.9,47,-4.314986839553106,-4.023790324368741
2014-01-12 08:00:00,14.2,81,0.0,4.3,24,-1.7489675652259404,-3.928245467863184
2014-01-12 09:00:00,17.1,75,0.0,5.8,360,3.5514757175273243e-16,-5.8
2014-01-12 10:00:00,18.5,72,0.0,7.2,342,2.224922359499622,-6.8476069173251055
2014-01-12 11:00:00,19.3,71,0.0,10.6,332,4.976398565530443,-9.359244484304625
2014-01-12 12:00:00,19.3,74,0.0,13.1,339,4.694620139043435,-12.229903587113343
2014-01-12 13:00:00,19.2,75,0.0,13.7,342,4.2335328229367795,-13.029474273243602
2014-01-12 14:00:00,18.5,77,0.0,14.6,344,4.024305394928188,-14.034420760699456
2014-01-12 15:00:00,17.8,80,0.2,14.8,347,3.329275604289201,-14.420676958821483
2014-01-12 16:00:00,16.9,82,0.0,14.2,353,1.7305446763530943,-14.094155353306771
2014-01-12 17:00:00,15.8,84,0.0,10.9,351,1.705135668938517,-10.765802912487002
2014-01-12 18:00:00,14.1,90,0.0,11.2,356,0.7812725059342026,-11.17271736291003
2014-01-12 19:00:00,13.5,93,0.0,10.4,360,6.368163355566237e-16,-10.4
2014-01-12 20:00:00,12.4,95,0.0,7.9,3,-0.41345405431926,-7.889173324561134
2014-01-12 21:00:00,12.3,94,0.0,6.6,13,-1.4846769586695105,-6.430842427582552
2014-01-12 22:00:00,12.3,93,0.0,5.6,15,-1.4493866525741155,-5.4091846272187825
2014-01-12 23:00:00,12.4,92,0.0,5.2,12,-1.0811407922523508,-5.086367523815789
2014-01-13 00:00:00,11.9,91,0.0,4.0,5,-0.348622970990633,-3.984778792366982
2014-01-13 01:00:00,11.8,91,0.0,4.0,5,-0.348622970990633,-3.984778792366982
2014-01-13 02:00:00,11.8,91,0.2,4.7,351,0.7352419856890854,-4.6421352007971475
2014-01-13 03:00:00,11.9,92,0.1,7.3,349,1.3929056662487778,-7.165878439167947
2014-01-13 04:00:00,12.3,90,0.2,7.6,355,0.6623836448822018,-7.571079705497266
2014-01-13 05:00:00,12.4,88,0.4,6.5,6,-0.6794350112397468,-6.464392319893777
2014-01-13 06:00:00,13.0,85,0.4,5.6,15,-1.4493866525741155,-5.4091846272187825
2014-01-13 07:00:00,13.0,83,0.2,5.4,20,-1.8469087739586103,-5.074340152243906
2014-01-13 08:00:00,13.0,88,0.0,5.4,8,-0.7515347451843555,-5.34744757120448
2014-01-13 09:00:00,15.3,79,0.0,9.5,351,1.4861274178821937,-9.38303923565381
2014-01-13 10:00:00,16.6,75,0.0,10.2,342,3.151973342624464,-9.700776466210565
2014-01-13 11:00:00,17.5,72,0.0,12.6,336,5.124881702755083,-11.510672766296771
2014-01-13 12:00:00,18.1,70,0.0,14.4,338,5.394334945189132,-13.351447505761739
2014-01-13 13:00:00,18.4,69,0.0,15.0,339,5.375519243179506,-14.003706397458027
2014-01-13 14:00:00,18.3,69,0.1,16.2,339,5.805560782633866,-15.124002909254667
2014-01-13 15:00:00,17.5,71,0.0,15.8,343,4.619472934619242,-15.10961514421596
2014-01-13 16:00:00,16.6,74,0.0,14.7,343,4.2978640594242306,-14.05767991265662
2014-01-13 17:00:00,15.4,77,0.1,10.1,343,2.952954217699641,-9.658678035226657
2014-01-13 18:00:00,14.3,80,0.3,10.5,344,2.8941922360784913,-10.093247807352348
2014-01-13 19:00:00,13.6,83,0.2,10.1,354,1.0557374790032998,-10.04467114321956
2014-01-13 20:00:00,12.6,89,0.2,8.6,360,5.265981236333618e-16,-8.6
2014-01-13 21:00:00,12.6,86,0.1,6.9,9,-1.0793978087775942,-6.81504955010645
2014-01-13 22:00:00,12.4,87,0.1,5.6,15,-1.4493866525741155,-5.4091846272187825
2014-01-13 23:00:00,12.7,86,0.1,5.5,23,-2.149021206691006,-5.062776693988422
2014-01-14 00:00:00,13.4,83,0.0,6.4,27,-2.9055391983331003,-5.702441754805554
2014-01-14 01:00:00,13.5,82,0.0,8.4,31,-4.326319829244458,-7.200205325897742
2014-01-14 02:00:00,13.3,81,0.0,9.9,33,-5.3919264466487675,-8.302838622659698
2014-01-14 03:00:00,13.1,78,0.0,8.8,35,-5.047472639889208,-7.208537989743126
2014-01-14 04:00:00,13.2,78,0.0,7.9,30,-3.9500000000000037,-6.841600689897064
2014-01-14 05:00:00,13.0,79,0.0,7.4,23,-2.8914103508206264,-6.811735915548058
2014-01-14 06:00:00,13.0,79,0.0,8.0,18,-2.4721359549995805,-7.608452130361228
2014-01-14 07:00:00,12.5,81,0.0,12.1,23,-4.727846654720214,-11.138108726774528
2014-01-14 08:00:00,12.3,85,0.0,12.2,14,-2.951447126315947,-11.837607860567156
2014-01-14 09:00:00,14.6,79,0.0,14.9,7,-1.815853216736693,-14.7889376594557
2014-01-14 10:00:00,15.6,75,0.0,15.5,1,-0.2705122997778942,-15.497639274924065
2014-01-14 11:00:00,16.3,72,0.0,16.6,355,1.4467853296111253,-16.536831988322977
2014-01-14 12:00:00,16.3,72,0.0,18.8,355,1.638527963655973,-18.728460324124818
2014-01-14 13:00:00,16.6,70,0.0,19.5,356,1.3602512380104421,-19.452498980066572
2014-01-14 14:00:00,15.9,71,0.0,19.5,358,0.6805401856987711,-19.488121126872368
2014-01-14 15:00:00,15.0,72,0.2,18.7,359,0.32636000037720325,-18.697151899424515
2014-01-14 16:00:00,14.3,74,0.0,17.0,356,1.185860053650129,-16.958588854417012
2014-01-14 17:00:00,13.6,75,0.2,14.8,1,-0.2582956152717958,-14.79774588831459
2014-01-14 18:00:00,12.9,76,0.0,13.0,6,-1.3588700224794936,-12.928784639787555
2014-01-14 19:00:00,12.2,78,0.0,14.4,13,-3.23929518255166,-14.030928932907386
2014-01-14 20:00:00,11.0,83,0.0,14.8,13,-3.3292756042892058,-14.420676958821481
2014-01-14 21:00:00,10.6,81,0.0,14.5,19,-4.720738239628771,-13.710019346190094
2014-01-14 22:00:00,11.0,77,0.0,12.2,24,-4.962187045524761,-11.145254583239732
2014-01-14 23:00:00,11.7,72,0.0,10.5,22,-3.933369230867079,-9.735430472951267
2014-01-15 00:00:00,12.0,71,0.0,10.4,20,-3.557009490586953,-9.772803256173448
2014-01-15 01:00:00,11.9,71,0.0,11.5,20,-3.9332316482451883,-10.806465139037947
2014-01-15 02:00:00,11.8,71,0.0,11.9,25,-5.02915731471432,-10.785062665736136
2014-01-15 03:00:00,10.6,71,0.0,12.2,28,-5.727553065987867,-10.771960632878908
2014-01-15 04:00:00,8.5,76,0.0,13.4,31,-6.9015102037947305,-11.486041829408302
2014-01-15 05:00:00,8.4,74,0.0,13.1,32,-6.941942361454985,-11.10943005964918
2014-01-15 06:00:00,9.5,68,0.0,13.0,34,-7.269507745119705,-10.777488443215544
2014-01-15 07:00:00,10.3,64,0.0,10.8,30,-5.400000000000005,-9.353074360871934
2014-01-15 08:00:00,11.2,64,0.0,8.4,20,-2.872969203935616,-7.8934180146016315
2014-01-15 09:00:00,13.3,61,0.0,10.8,2,-0.37691456438700827,-10.793420931806235
2014-01-15 10:00:00,14.9,57,0.0,11.3,343,3.303800263366926,-10.806243742382302
2014-01-15 11:00:00,16.1,55,0.0,10.9,333,4.948496447161061,-9.71197111365321
2014-01-15 12:00:00,16.8,54,0.0,10.5,322,6.464445490919412,-8.274112912870581
2014-01-15 13:00:00,17.2,54,0.0,11.7,313,8.556838308944293,-7.979380812731232
2014-01-15 14:00:00,17.2,54,0.0,11.5,311,8.679160172561879,-7.544678833390834
2014-01-15 15:00:00,16.8,54,0.0,9.7,318,6.490566881680924,-7.208504807130724
2014-01-15 16:00:00,15.7,60,0.0,8.3,326,4.641301098807199,-6.881011852206847
2014-01-15 17:00:00,14.9,63,0.0,5.5,328,2.914555953282627,-4.664264528860342
2014-01-15 18:00:00,13.1,71,0.0,4.6,315,3.2526911934581184,-3.252691193458118
2014-01-15 19:00:00,11.4,82,0.0,4.0,333,1.8159619989581872,-3.564026096753471
2014-01-15 20:00:00,10.7,83,0.0,3.4,342,1.0506577808748212,-3.233592155403522
2014-01-15 21:00:00,10.4,84,0.0,2.9,353,0.3534210958749277,-2.8783838397598336
2014-01-15 22:00:00,10.6,84,0.1,3.3,354,0.3449439287832564,-3.2819222547153015
2014-01-15 23:00:00,10.9,83,0.0,3.7,349,0.7059932828932162,-3.632020578756357
2014-01-16 00:00:00,11.5,81,0.2,4.3,24,-1.7489675652259404,-3.928245467863184
2014-01-16 01:00:00,11.9,80,0.2,6.2,21,-2.2218812871808646,-5.78819864428265
2014-01-16 02:00:00,11.9,79,0.3,6.3,31,-3.2447398719333433,-5.400153994423306
2014-01-16 03:00:00,12.2,77,0.0,6.4,43,-4.364789504399991,-4.6806636903626915
2014-01-16 04:00:00,12.3,76,0.0,5.4,53,-4.312631754255381,-3.2498011250210617
2014-01-16 05:00:00,12.5,74,0.0,5.2,56,-4.3109953772862175,-2.907803098047883
2014-01-16 06:00:00,12.5,74,0.0,2.3,51,-1.7874357113510326,-1.4474368994146265
2014-01-16 07:00:00,12.5,73,0.0,3.0,76,-2.9108871788279895,-0.7257656867990026
2014-01-16 08:00:00,12.8,74,0.0,2.1,59,-1.800051331474436,-1.0815799573111138
2014-01-16 09:00:00,14.5,74,0.0,2.5,315,1.7677669529663689,-1.7677669529663687
2014-01-16 10:00:00,16.0,71,0.0,5.0,291,4.667902132486009,-1.7918397477265013
2014-01-16 11:00:00,16.9,69,0.0,7.8,283,7.6000865053248345,-1.754618223882147
2014-01-16 12:00:00,17.6,68,0.0,9.5,281,9.325458242752807,-1.8126854560771757
2014-01-16 13:00:00,18.0,68,0.0,9.8,278,9.70462707366739,-1.3638963894086413
2014-01-16 14:00:00,18.0,68,0.0,10.0,283,9.743700647852352,-2.24951054343865
2014-01-16 15:00:00,17.3,66,0.0,8.8,289,8.320563465273988,-2.8649997592229792
2014-01-16 16:00:00,16.6,69,0.1,7.7,298,6.798696465013738,-3.6149310334513594
2014-01-16 17:00:00,15.6,74,0.1,4.4,305,3.604268994871564,-2.523736319944603
2014-01-16 18:00:00,14.2,85,0.0,5.3,298,4.679622242152313,-2.4881992827652213
2014-01-16 19:00:00,13.4,87,0.0,3.6,315,2.5455844122715714,-2.545584412271571
2014-01-16 20:00:00,13.6,83,0.0,3.5,336,1.4235782507653008,-3.197409101749103
2014-01-16 21:00:00,13.6,83,0.2,2.7,23,-1.0549740469210394,-2.4853631043215887
2014-01-16 22:00:00,13.5,83,0.2,1.6,27,-0.7263847995832751,-1.4256104387013886
2014-01-16 23:00:00,13.1,85,0.3,1.1,72,-1.046162167924669,-0.33991869381244205
2014-01-17 00:00:00,12.3,88,0.2,1.5,166,-0.36288284339950166,1.4554435894139948
2014-01-17 01:00:00,11.9,89,0.3,1.8,169,-0.34345619167778063,1.7669289302057951
2014-01-17 02:00:00,12.3,88,0.3,1.6,207,0.726384799583275,1.4256104387013886
2014-01-17 03:00:00,13.0,84,0.5,0.8,333,0.3631923997916375,-0.7128052193506943
2014-01-17 04:00:00,12.8,84,0.3,1.3,56,-1.0777488443215544,-0.7269507745119708
2014-01-17 05:00:00,12.6,84,0.2,1.6,63,-1.4256104387013888,-0.7263847995832747
2014-01-17 06:00:00,12.6,83,0.1,3.6,127,-2.8750878361702545,2.1665340833473734
2014-01-17 07:00:00,12.5,84,0.1,2.2,99,-2.172914349309303,0.3441558230885082
2014-01-17 08:00:00,13.0,84,0.0,1.3,56,-1.0777488443215544,-0.7269507745119708
2014-01-17 09:00:00,14.2,86,0.2,3.0,284,2.9108871788279895,-0.7257656867990032
2014-01-17 10:00:00,15.5,79,0.1,6.2,291,5.788198644282651,-2.2218812871808615
2014-01-17 11:00:00,16.6,75,0.3,7.6,295,6.887939181478539,-3.211898789229316
2014-01-17 12:00:00,17.2,71,0.2,8.7,300,7.534421012924616,-4.349999999999999
2014-01-17 13:00:00,17.1,70,0.2,9.0,307,7.187719590425635,-5.416335208368435
2014-01-17 14:00:00,17.0,68,0.0,10.4,316,7.224447052773572,-7.481133923521972
2014-01-17 15:00:00,17.1,65,0.0,11.3,329,5.8199302464836125,-9.68599049793387
2014-01-17 16:00:00,16.5,66,0.0,11.0,341,3.5812496990287244,-10.400704331592484
2014-01-17 17:00:00,15.5,70,0.0,7.1,345,1.8376152202278973,-6.858073366652385
2014-01-17 18:00:00,14.2,75,0.0,7.9,336,3.2132194802988217,-7.217009115376547
2014-01-17 19:00:00,12.9,85,0.0,9.0,360,5.51091059616309e-16,-9.0
2014-01-17 20:00:00,13.7,76,0.0,8.7,17,-2.5436338310878126,-8.319851376878407
2014-01-17 21:00:00,13.5,77,0.0,7.6,19,-2.4743179738743906,-7.185941174554808
2014-01-17 22:00:00,13.3,77,0.0,5.6,27,-2.5423467985414625,-4.989636535454859
2014-01-17 23:00:00,13.2,77,0.0,4.8,27,-2.179154398749825,-4.276831316104166
2014-01-18 00:00:00,12.9,78,0.0,5.0,21,-1.7918397477265036,-4.667902132486008
2014-01-18 01:00:00,12.6,80,0.0,5.5,23,-2.149021206691006,-5.062776693988422
2014-01-18 02:00:00,12.5,80,0.0,7.0,21,-2.508575646817105,-6.535062985480412
2014-01-18 03:00:00,12.4,79,0.0,7.4,23,-2.8914103508206264,-6.811735915548058
2014-01-18 04:00:00,12.1,79,0.0,7.4,23,-2.8914103508206264,-6.811735915548058
2014-01-18 05:00:00,11.9,80,0.0,7.1,24,-2.8878301658381806,-6.486172749262467
2014-01-18 06:00:00,11.6,79,0.0,6.8,25,-2.873804179836754,-6.16289295184922
2014-01-18 07:00:00,11.5,77,0.0,6.2,21,-2.2218812871808646,-5.78819864428265
2014-01-18 08:00:00,12.3,75,0.0,6.7,16,-1.8467702839738926,-6.440453362786737
2014-01-18 09:00:00,13.9,70,0.0,11.6,353,1.4136843834997108,-11.513535359039334
2014-01-18 10:00:00,15.2,65,0.0,13.3,347,2.991849022773404,-12.959121861643629
2014-01-18 11:00:00,16.2,60,0.0,14.8,346,3.5804440548750818,-14.360376748884748
2014-01-18 12:00:00,16.9,56,0.0,17.1,345,4.425805671253105,-16.51733162954307
2014-01-18 13:00:00,16.8,54,0.0,18.6,345,4.814034238906886,-17.96622036897667
2014-01-18 14:00:00,16.5,53,0.0,19.5,348,4.054277970946309,-19.073878214309207
2014-01-18 15:00:00,15.9,55,0.0,20.0,352,2.783462019201309,-19.805361374831406
2014-01-18 16:00:00,14.7,59,0.0,18.2,352,2.5329504374731915,-18.02287885109658
2014-01-18 17:00:00,13.1,62,0.0,14.2,353,1.7305446763530943,-14.094155353306771
2014-01-18 18:00:00,11.3,65,0.0,14.0,359,0.24433369012197037,-13.997867732189478
2014-01-18 19:00:00,10.1,70,0.0,13.0,3,-0.680367431158276,-12.98218395180946
2014-01-18 20:00:00,8.6,77,0.0,11.2,4,-0.7812725059342065,-11.17271736291003
2014-01-18 21:00:00,8.0,76,0.0,10.8,4,-0.7533699164365563,-10.773691742806102
2014-01-18 22:00:00,8.0,74,0.0,7.8,13,-1.7546182238821488,-7.600086505324834
2014-01-18 23:00:00,7.7,75,0.0,5.2,25,-2.197614961051636,-4.71280049259058
2014-01-19 00:00:00,6.6,79,0.0,3.3,49,-2.490541614735148,-2.1649947956686733
2014-01-19 01:00:00,6.0,82,0.0,2.7,67,-2.485363104321589,-1.0549740469210387
2014-01-19 02:00:00,6.0,83,0.0,3.4,58,-2.8833635269318485,-1.8017254983928963
2014-01-19 03:00:00,7.6,76,0.0,4.4,81,-4.3458286986186065,-0.6883116461770152
2014-01-19 04:00:00,6.7,79,0.0,4.3,95,-4.283637201794505,0.3747696938149302
2014-01-19 05:00:00,5.6,82,0.0,3.3,84,-3.2819222547153015,-0.3449439287832565
2014-01-19 06:00:00,4.9,85,0.0,4.7,94,-4.688551036221174,0.32785542659739
2014-01-19 07:00:00,4.8,85,0.0,4.2,110,-3.9467090073008153,1.4364846019678092
2014-01-19 08:00:00,8.4,82,0.0,4.7,113,-4.32637281122647,1.8364363038995868
2014-01-19 09:00:00,12.9,64,0.0,2.1,239,1.800051331474436,1.0815799573111138
2014-01-19 10:00:00,14.5,63,0.0,5.5,247,5.062776693988422,2.149021206691006
2014-01-19 11:00:00,15.7,62,0.0,9.6,250,9.02104915954472,3.2833933759264196
2014-01-19 12:00:00,16.7,61,0.0,11.6,240,10.045894683899489,5.799999999999999
2014-01-19 13:00:00,16.9,62,0.0,12.4,248,11.497079796628164,4.645121758357309
2014-01-19 14:00:00,16.6,64,0.0,12.6,250,11.840127021902445,4.309453805903425
2014-01-19 15:00:00,16.6,64,0.0,12.9,252,12.26862906020748,3.9863192274368213
2014-01-19 16:00:00,15.8,67,0.0,10.7,258,10.46617932785172,2.2246550917500247
2014-01-19 17:00:00,14.8,70,0.0,5.6,255,5.4091846272187825,1.4493866525741161
2014-01-19 18:00:00,13.8,75,0.3,6.0,237,5.032023407672544,3.2678342100901627
2014-01-19 19:00:00,13.0,81,0.5,3.9,248,3.616017032810471,1.460965714322057
2014-01-19 20:00:00,13.5,77,0.4,2.3,288,2.1874299874788528,-0.710739087062379
2014-01-19 21:00:00,13.2,79,0.3,2.1,329,1.0815799573111138,-1.800051331474436
2014-01-19 22:00:00,12.7,81,0.2,1.6,63,-1.4256104387013888,-0.7263847995832747
2014-01-19 23:00:00,12.6,81,0.4,1.1,90,-1.1,1.3471114790620887e-16
2014-01-20 00:00:00,12.4,81,0.2,1.3,146,-0.7269507745119708,1.0777488443215544
2014-01-20 01:00:00,12.3,81,0.2,0.0,270,0.0,0.0
2014-01-20 02:00:00,12.3,80,0.1,3.1,315,2.1920310216782974,-2.192031021678297
2014-01-20 03:00:00,12.8,80,0.2,2.9,353,0.3534210958749277,-2.8783838397598336
2014-01-20 04:00:00,11.7,84,0.2,4.7,351,0.7352419856890854,-4.6421352007971475
2014-01-20 05:00:00,11.1,86,0.1,5.5,349,1.049449474570997,-5.3989495089621515
2014-01-20 06:00:00,11.3,86,0.1,5.8,353,0.7068421917498554,-5.756767679519667
2014-01-20 07:00:00,11.7,86,0.1,5.8,7,-0.7068421917498535,-5.756767679519668
2014-01-20 08:00:00,12.3,85,0.0,5.1,356,0.35575801609503865,-5.087576656325103
2014-01-20 09:00:00,13.7,84,0.1,5.9,346,1.4273391840380394,-5.7247447850283795
2014-01-20 10:00:00,14.4,78,0.2,7.2,323,4.333068166694749,-5.750175672340508
2014-01-20 11:00:00,14.9,75,0.3,8.4,320,5.399415921366931,-6.4347733221994154
2014-01-20 12:00:00,15.1,74,0.3,9.2,329,4.738350289172498,-7.8859391664594325
2014-01-20 13:00:00,14.9,74,0.1,10.5,333,4.766900247265242,-9.355568503977862
2014-01-20 14:00:00,15.0,74,0.2,11.4,342,3.522793735874401,-10.84204428576475
2014-01-20 15:00:00,15.1,76,0.1,11.4,349,2.175222547292612,-11.19054989130337
2014-01-20 16:00:00,14.6,78,0.1,12.0,344,3.30764826980399,-11.535140351259827
2014-01-20 17:00:00,13.8,82,0.2,12.1,343,3.5376976271451146,-11.571287547152728
2014-01-20 18:00:00,12.6,89,0.3,10.5,354,1.0975488643103612,-10.44247990136687
2014-01-20 19:00:00,11.9,92,0.3,10.8,2,-0.37691456438700827,-10.793420931806235
2014-01-20 20:00:00,11.6,94,0.4,10.1,360,6.184466335694133e-16,-10.1
2014-01-20 21:00:00,11.0,95,0.2,8.0,5,-0.697245941981266,-7.969557584733964
2014-01-20 22:00:00,10.4,95,0.1,5.9,11,-1.1257730727216133,-5.791600382341218
2014-01-20 23:00:00,10.6,94,0.1,4.7,23,-1.836436303899587,-4.326372811226469
2014-01-21 00:00:00,10.6,94,0.2,3.9,22,-1.460965714322058,-3.6160170328104706
2014-01-21 01:00:00,10.6,93,0.2,4.2,20,-1.436484601967808,-3.9467090073008158
2014-01-21 02:00:00,10.5,93,0.1,4.8,13,-1.0797650608505531,-4.6769763109691285
2014-01-21 03:00:00,10.9,90,0.0,4.8,13,-1.0797650608505531,-4.6769763109691285
2014-01-21 04:00:00,10.9,90,0.2,4.7,9,-0.7352419856890859,-4.6421352007971475
2014-01-21 05:00:00,10.8,89,0.1,4.7,4,-0.32785542659739025,-4.688551036221174
2014-01-21 06:00:00,11.1,86,0.0,5.2,25,-2.197614961051636,-4.71280049259058
2014-01-21 07:00:00,11.8,81,0.0,7.5,17,-2.192787785420528,-7.172285669722765
2014-01-21 08:00:00,11.4,85,0.0,9.4,7,-1.1455718280083835,-9.329933825428428
2014-01-21 09:00:00,13.9,74,0.0,12.2,358,0.42577385977051313,-12.192568089632967
2014-01-21 10:00:00,14.5,71,0.0,14.2,351,2.221369403571279,-14.025174436450955
2014-01-21 11:00:00,15.7,66,0.0,15.5,348,3.2226312076752714,-15.161287811373986
2014-01-21 12:00:00,16.0,62,0.3,16.8,345,4.348159957722348,-16.22755388165635
2014-01-21 13:00:00,15.7,60,0.2,17.4,347,3.914148345583249,-16.95403912726309
2014-01-21 14:00:00,15.0,59,0.2,17.9,351,2.8001769242201333,-17.679621296652964
2014-01-21 15:00:00,14.4,58,0.0,16.8,351,2.6280990126758796,-16.593164121998313
2014-01-21 16:00:00,13.7,59,0.0,15.3,351,2.3934473151155333,-15.111631611105608
2014-01-21 17:00:00,12.3,62,0.0,12.8,350,2.2226966741367096,-12.605539238556263
2014-01-21 18:00:00,10.9,64,0.0,13.7,357,0.7170026005283323,-13.681224626137661
2014-01-21 19:00:00,9.7,72,0.0,13.0,5,-1.1330246557195571,-12.950531075192693
2014-01-21 20:00:00,8.8,73,0.0,11.5,4,-0.8021994480574441,-11.471986577987979
2014-01-21 21:00:00,8.4,73,0.0,10.2,8,-1.4195656297926713,-10.100734301164016
2014-01-21 22:00:00,8.4,70,0.0,8.0,10,-1.3891854213354426,-7.878462024097664
2014-01-21 23:00:00,9.4,63,0.0,6.3,13,-1.417191642366351,-6.1385314081469815
2014-01-22 00:00:00,9.7,60,0.0,5.2,16,-1.4333142502483942,-4.998560818879259
2014-01-22 01:00:00,9.5,61,0.0,4.9,17,-1.4326213531414118,-4.685893304218873
2014-01-22 02:00:00,9.3,61,0.0,5.0,21,-1.7918397477265036,-4.667902132486008
2014-01-22 03:00:00,9.6,62,0.0,5.5,23,-2.149021206691006,-5.062776693988422
2014-01-22 04:00:00,9.6,62,0.0,6.0,25,-2.5357095704441948,-5.4378467222199
2014-01-22 05:00:00,9.6,61,0.0,6.9,28,-3.239353783222646,-6.092338390726597
2014-01-22 06:00:00,9.4,61,0.0,6.9,28,-3.239353783222646,-6.092338390726597
2014-01-22 07:00:00,9.2,62,0.0,6.5,19,-2.116193003971518,-6.1458707413955596
2014-01-22 08:00:00,10.2,62,0.0,6.4,16,-1.7640790772287929,-6.152074854005242
2014-01-22 09:00:00,12.1,60,0.0,9.4,353,1.1455718280083864,-9.329933825428427
2014-01-22 10:00:00,13.5,58,0.0,11.4,342,3.522793735874401,-10.84204428576475
2014-01-22 11:00:00,14.4,57,0.0,12.6,340,4.309453805903427,-11.840127021902445
2014-01-22 12:00:00,15.2,55,0.0,13.4,340,4.583069920563962,-12.591881118531171
2014-01-22 13:00:00,15.5,54,0.0,13.6,338,5.094649670456403,-12.60970042210831
2014-01-22 14:00:00,15.4,53,0.0,13.7,337,5.353016460303049,-12.610916492298433
2014-01-22 15:00:00,15.0,53,0.0,14.0,337,5.470235798849832,-12.887067948334165
2014-01-22 16:00:00,14.2,56,0.0,12.8,338,4.794964395723674,-11.86795333845488
2014-01-22 17:00:00,12.9,59,0.0,9.1,342,2.8120546488120217,-8.654614298285896
2014-01-22 18:00:00,11.3,65,0.0,9.0,337,3.5165801564034633,-8.284543681071963
2014-01-22 19:00:00,9.9,70,0.0,7.1,345,1.8376152202278973,-6.858073366652385
2014-01-22 20:00:00,10.5,65,0.0,4.4,9,-0.6883116461770166,-4.345828698618606
2014-01-22 21:00:00,10.1,67,0.0,2.9,30,-1.4500000000000013,-2.5114736709748713
2014-01-22 22:00:00,8.5,73,0.0,2.8,50,-2.1449244407331385,-1.7998053071223097
2014-01-22 23:00:00,7.3,77,0.0,3.2,63,-2.8512208774027776,-1.4527695991665495
2014-01-23 00:00:00,6.7,79,0.0,3.3,77,-3.2154212137912763,-0.7423384793347544
2014-01-23 01:00:00,6.4,79,0.0,4.1,75,-3.96029588778518,-1.0611580849203353
2014-01-23 02:00:00,6.4,79,0.0,3.9,68,-3.616017032810471,-1.460965714322057
2014-01-23 03:00:00,7.4,72,0.0,3.9,56,-3.233246532964663,-2.180852323535912
2014-01-23 04:00:00,6.6,74,0.0,4.3,66,-3.9282454678631837,-1.7489675652259409
2014-01-23 05:00:00,5.4,76,0.0,4.0,63,-3.5640260967534716,-1.8159619989581868
2014-01-23 06:00:00,4.7,77,0.0,3.7,79,-3.632020578756357,-0.7059932828932155
2014-01-23 07:00:00,4.6,76,0.0,3.6,84,-3.580278823325784,-0.3763024677635526
2014-01-23 08:00:00,7.6,75,0.0,3.7,79,-3.632020578756357,-0.7059932828932155
2014-01-23 09:00:00,12.4,65,0.0,0.5,45,-0.35355339059327384,-0.35355339059327373
2014-01-23 10:00:00,14.0,64,0.0,4.2,290,3.9467090073008158,-1.4364846019678086
2014-01-23 11:00:00,15.2,62,0.0,7.1,285,6.858073366652385,-1.8376152202278973
2014-01-23 12:00:00,16.0,61,0.0,9.4,277,9.329933825428427,-1.1455718280083864
2014-01-23 13:00:00,16.3,60,0.0,10.1,276,10.04467114321956,-1.0557374790033
2014-01-23 14:00:00,16.4,60,0.0,9.9,280,9.74959675482086,-1.7191169589026103
2014-01-23 15:00:00,16.2,61,0.0,10.0,285,9.659258262890683,-2.5881904510252074
2014-01-23 16:00:00,15.7,61,0.0,9.0,293,8.284543681071963,-3.5165801564034638
2014-01-23 17:00:00,14.9,62,0.0,4.9,306,3.9641832724372428,-2.8801477362331185
2014-01-23 18:00:00,13.2,71,0.0,5.9,322,3.6324027044213842,-4.64926344627966
2014-01-23 19:00:00,13.0,68,0.0,5.8,353,0.7068421917498554,-5.756767679519667
2014-01-23 20:00:00,12.8,68,0.0,4.0,27,-1.8159619989581877,-3.564026096753471
2014-01-23 21:00:00,12.4,69,0.0,3.3,49,-2.490541614735148,-2.1649947956686733
2014-01-23 22:00:00,12.1,69,0.0,4.7,67,-4.32637281122647,-1.8364363038995857
2014-01-23 23:00:00,9.9,76,0.0,4.2,70,-3.9467090073008158,-1.4364846019678084
2014-01-24 00:00:00,8.2,80,0.0,3.2,63,-2.8512208774027776,-1.4527695991665495
2014-01-24 01:00:00,7.4,81,0.0,2.7,67,-2.485363104321589,-1.0549740469210387
2014-01-24 02:00:00,6.9,81,0.0,2.6,74,-2.499280409439629,-0.7166571251241974
2014-01-24 03:00:00,7.6,75,0.0,3.0,76,-2.9108871788279895,-0.7257656867990026
2014-01-24 04:00:00,7.3,76,0.0,3.3,77,-3.2154212137912763,-0.7423384793347544
2014-01-24 05:00:00,7.1,74,0.0,3.3,77,-3.2154212137912763,-0.7423384793347544
2014-01-24 06:00:00,6.7,74,0.0,3.6,90,-3.6,4.4087284769304716e-16
2014-01-24 07:00:00,6.9,73,0.0,3.6,96,-3.580278823325784,0.37630246776355347
2014-01-24 08:00:00,9.9,70,0.0,3.2,90,-3.2,3.9188697572715305e-16
2014-01-24 09:00:00,13.6,63,0.0,3.3,319,2.1649947956686737,-2.4905416147351476
2014-01-24 10:00:00,15.4,60,0.0,6.6,311,4.981083229470295,-4.329989591337347
2014-01-24 11:00:00,16.3,60,0.0,8.3,304,6.881011852206846,-4.6413010988072
2014-01-24 12:00:00,16.5,61,0.0,10.2,302,8.650090580795544,-5.40517649517869
2014-01-24 13:00:00,16.6,62,0.0,11.2,310,8.579697762932554,-7.199221228489239
2014-01-24 14:00:00,16.7,62,0.0,11.7,317,7.979380812731232,-8.556838308944293
2014-01-24 15:00:00,16.3,60,0.0,11.7,326,6.542556970607737,-9.699739598893988
2014-01-24 16:00:00,15.9,59,0.0,10.8,334,4.734408385322037,-9.706975700031006
2014-01-24 17:00:00,14.7,61,0.0,7.0,339,2.5085756468171025,-6.535062985480412
2014-01-24 18:00:00,12.9,76,0.0,6.1,357,0.3192493330819582,-6.0916401620029
2014-01-24 19:00:00,13.1,65,0.0,5.9,47,-4.314986839553106,-4.023790324368741
2014-01-24 20:00:00,12.6,67,0.0,6.0,65,-5.4378467222199,-2.5357095704441956
2014-01-24 21:00:00,12.3,69,0.0,5.2,65,-4.71280049259058,-2.1976149610516362
2014-01-24 22:00:00,12.0,69,0.0,4.2,70,-3.9467090073008158,-1.4364846019678084
2014-01-24 23:00:00,10.9,71,0.0,3.4,72,-3.2335921554035223,-1.0506577808748208
2014-01-25 00:00:00,10.3,71,0.0,3.2,63,-2.8512208774027776,-1.4527695991665495
2014-01-25 01:00:00,9.4,72,0.0,3.2,63,-2.8512208774027776,-1.4527695991665495
2014-01-25 02:00:00,8.1,75,0.0,3.9,68,-3.616017032810471,-1.460965714322057
2014-01-25 03:00:00,7.8,73,0.0,4.2,70,-3.9467090073008158,-1.4364846019678084
2014-01-25 04:00:00,7.8,72,0.0,4.7,67,-4.32637281122647,-1.8364363038995857
2014-01-25 05:00:00,7.1,72,0.0,5.2,65,-4.71280049259058,-2.1976149610516362
2014-01-25 06:00:00,6.0,74,0.0,5.8,60,-5.0229473419497435,-2.9000000000000004
2014-01-25 07:00:00,5.4,77,0.0,6.5,56,-5.388744221607772,-3.6347538725598536
2014-01-25 08:00:00,9.4,72,0.0,8.2,52,-6.46168817957512,-5.048424097670397
2014-01-25 09:00:00,15.4,59,0.0,10.2,18,-3.1519733426244647,-9.700776466210565
2014-01-25 10:00:00,17.6,53,0.0,13.3,3,-0.6960682180311593,-13.281772812235833
2014-01-25 11:00:00,18.5,53,0.0,16.2,359,0.2827289842839943,-16.197532661533536
2014-01-25 12:00:00,19.3,51,0.0,17.7,355,1.542656646633549,-17.632646156223895
2014-01-25 13:00:00,19.6,50,0.0,16.8,350,2.9172893848044312,-16.544770250605094
2014-01-25 14:00:00,19.6,50,0.0,16.2,347,3.6442070803706117,-15.78479504952081
2014-01-25 15:00:00,19.9,43,0.0,15.2,346,3.6772128131149486,-14.748495039395145
2014-01-25 16:00:00,19.4,46,0.0,12.9,347,2.9018686010358574,-12.569373835729534
2014-01-25 17:00:00,18.0,50,0.0,8.8,351,1.3766232923540322,-8.691657397237213
2014-01-25 18:00:00,15.4,67,0.0,9.7,358,0.33852511801426044,-9.694091022085228
2014-01-25 19:00:00,15.9,53,0.0,7.4,43,-5.04678786446249,-5.412017391981862
2014-01-25 20:00:00,15.6,53,0.0,6.3,66,-5.755336383148386,-2.5624408513775414
2014-01-25 21:00:00,15.2,54,0.0,5.9,76,-5.7247447850283795,-1.4273391840380383
2014-01-25 22:00:00,12.9,62,0.0,5.6,75,-5.4091846272187825,-1.4493866525741164
2014-01-25 23:00:00,10.4,70,0.0,4.9,73,-4.685893304218874,-1.4326213531414103
2014-01-26 00:00:00,9.3,74,0.0,4.7,67,-4.32637281122647,-1.8364363038995857
2014-01-26 01:00:00,8.8,75,0.0,4.7,81,-4.6421352007971475,-0.7352419856890845
2014-01-26 02:00:00,9.2,72,0.0,4.4,81,-4.3458286986186065,-0.6883116461770152
2014-01-26 03:00:00,8.3,75,0.0,3.9,56,-3.233246532964663,-2.180852323535912
2014-01-26 04:00:00,11.1,64,0.0,3.1,45,-2.192031021678298,-2.192031021678297
2014-01-26 05:00:00,12.1,61,0.0,3.3,41,-2.1649947956686737,-2.4905416147351476
2014-01-26 06:00:00,9.8,68,0.0,3.4,72,-3.2335921554035223,-1.0506577808748208
2014-01-26 07:00:00,8.6,72,0.0,3.1,69,-2.8940993221413254,-1.1109406435904314
2014-01-26 08:00:00,12.2,68,0.0,3.9,56,-3.233246532964663,-2.180852323535912
2014-01-26 09:00:00,15.7,65,0.0,3.6,360,2.2043642384652358e-16,-3.6
2014-01-26 10:00:00,17.5,65,0.0,5.5,328,2.914555953282627,-4.664264528860342
2014-01-26 11:00:00,18.7,64,0.0,8.2,319,5.379684037722159,-6.18861855782673
2014-01-26 12:00:00,19.3,63,0.0,10.0,322,6.156614753256583,-7.88010753606722
2014-01-26 13:00:00,19.3,62,0.0,11.9,325,6.8255595925774495,-9.747909327039002
2014-01-26 14:00:00,19.1,63,0.0,12.9,330,6.450000000000002,-11.171727708819258
2014-01-26 15:00:00,18.8,64,0.0,14.2,336,5.775660331676363,-12.972345498524932
2014-01-26 16:00:00,17.7,68,0.0,13.0,341,4.232386007943038,-12.291741482791117
2014-01-26 17:00:00,16.4,72,0.0,9.4,342,2.904759747124506,-8.939931253174443
2014-01-26 18:00:00,14.7,77,0.0,8.6,338,3.2216167033768426,-7.973781149274371
2014-01-26 19:00:00,13.6,82,0.0,6.8,3,-0.3558845024520213,-6.790680836331102
2014-01-26 20:00:00,13.5,80,0.0,5.1,8,-0.7097828148963357,-5.050367150582008
2014-01-26 21:00:00,13.1,80,0.0,4.7,9,-0.7352419856890859,-4.6421352007971475
2014-01-26 22:00:00,12.9,80,0.0,4.1,15,-1.0611580849203346,-3.96029588778518
2014-01-26 23:00:00,12.6,81,0.0,4.5,29,-2.1816432911085157,-3.935788682127282
2014-01-27 00:00:00,12.5,80,0.0,5.1,45,-3.606244584051393,-3.606244584051392
2014-01-27 01:00:00,12.4,79,0.0,4.6,45,-3.2526911934581193,-3.252691193458118
2014-01-27 02:00:00,12.2,79,0.0,4.6,45,-3.2526911934581193,-3.252691193458118
2014-01-27 03:00:00,12.8,75,0.0,3.9,34,-2.1808523235359116,-3.233246532964663
2014-01-27 04:00:00,12.3,74,0.0,3.7,29,-1.7937955949114464,-3.2360929164157652
2014-01-27 05:00:00,11.8,73,0.0,3.2,27,-1.4527695991665501,-2.851220877402777
2014-01-27 06:00:00,10.6,75,0.0,3.1,45,-2.192031021678298,-2.192031021678297
2014-01-27 07:00:00,10.5,74,0.0,2.9,30,-1.4500000000000013,-2.5114736709748713
2014-01-27 08:00:00,13.1,68,0.0,3.9,34,-2.1808523235359116,-3.233246532964663
2014-01-27 09:00:00,15.3,68,0.0,6.2,353,0.7555899291119145,-6.153786140176196
2014-01-27 10:00:00,17.2,65,0.0,7.2,333,3.268731598124737,-6.415246974156248
2014-01-27 11:00:00,18.6,60,0.0,8.9,320,5.7208097262102005,-6.817795543758905
2014-01-27 12:00:00,19.5,56,0.0,9.7,321,6.104407793183423,-7.538315826132617
2014-01-27 13:00:00,19.9,54,0.0,11.0,322,6.772276228582241,-8.668118289673941
2014-01-27 14:00:00,19.8,54,0.0,11.3,323,6.800509761618147,-9.02458126353441
2014-01-27 15:00:00,19.2,57,0.0,12.0,327,6.5356684201803255,-10.064046815345089
2014-01-27 16:00:00,18.4,59,0.0,11.3,329,5.8199302464836125,-9.68599049793387
2014-01-27 17:00:00,17.1,63,0.0,6.9,332,3.239353783222647,-6.092338390726596
2014-01-27 18:00:00,15.0,76,0.0,3.9,304,3.2332465329646625,-2.180852323535913
2014-01-27 19:00:00,13.8,77,0.0,1.5,346,0.3628828433995015,-1.4554435894139948
2014-01-27 20:00:00,12.4,81,0.0,1.8,79,-1.7669289302057951,-0.3434561916777805
2014-01-27 21:00:00,11.6,82,0.0,2.7,67,-2.485363104321589,-1.0549740469210387
2014-01-27 22:00:00,11.2,82,0.0,3.0,76,-2.9108871788279895,-0.7257656867990026
2014-01-27 23:00:00,10.9,81,0.0,2.9,60,-2.5114736709748717,-1.4500000000000002
2014-01-28 00:00:00,9.6,82,0.0,3.1,54,-2.5079526825623377,-1.8221342821066664
2014-01-28 01:00:00,8.6,84,0.0,3.4,58,-2.8833635269318485,-1.8017254983928963
2014-01-28 02:00:00,8.3,84,0.0,3.2,63,-2.8512208774027776,-1.4527695991665495
2014-01-28 03:00:00,8.7,80,0.0,3.5,66,-3.197409101749103,-1.4235782507653008
2014-01-28 04:00:00,8.5,79,0.0,3.9,68,-3.616017032810471,-1.460965714322057
2014-01-28 05:00:00,8.4,78,0.0,3.5,66,-3.197409101749103,-1.4235782507653008
2014-01-28 06:00:00,8.6,76,0.0,3.9,68,-3.616017032810471,-1.460965714322057
2014-01-28 07:00:00,8.1,76,0.0,3.7,79,-3.632020578756357,-0.7059932828932155
2014-01-28 08:00:00,12.0,74,0.0,4.0,80,-3.939231012048832,-0.6945927106677219
2014-01-28 09:00:00,15.7,65,0.0,1.6,63,-1.4256104387013888,-0.7263847995832747
2014-01-28 10:00:00,17.6,64,0.0,2.9,300,2.511473670974872,-1.4499999999999997
2014-01-28 11:00:00,18.7,64,0.0,5.2,286,4.998560818879258,-1.4333142502483958
2014-01-28 12:00:00,19.6,63,0.0,6.7,286,6.440453362786736,-1.8467702839738944
2014-01-28 13:00:00,20.1,61,0.0,7.8,292,7.232034065620942,-2.921931428644114
2014-01-28 14:00:00,20.0,60,0.0,9.8,298,8.652886410017485,-4.60082131530173
2014-01-28 15:00:00,19.3,61,0.0,10.0,311,7.54709580222772,-6.560590289905073
2014-01-28 16:00:00,18.3,66,0.0,8.1,328,4.29234604028896,-6.86918957886705
2014-01-28 17:00:00,17.4,69,0.0,5.8,338,2.1727182418122895,-5.377666356487367
2014-01-28 18:00:00,15.5,82,0.0,5.9,349,1.125773072721615,-5.791600382341218
2014-01-28 19:00:00,15.4,76,0.0,5.7,35,-3.2693856872009643,-4.669166652447252
2014-01-28 20:00:00,15.2,77,0.0,4.7,67,-4.32637281122647,-1.8364363038995857
2014-01-28 21:00:00,14.9,77,0.0,4.2,70,-3.9467090073008158,-1.4364846019678084
2014-01-28 22:00:00,14.3,77,0.0,4.2,59,-3.600102662948872,-2.1631599146222276
2014-01-28 23:00:00,12.6,80,0.0,3.4,58,-2.8833635269318485,-1.8017254983928963
2014-01-29 00:00:00,11.5,80,0.0,3.5,66,-3.197409101749103,-1.4235782507653008
2014-01-29 01:00:00,10.6,80,0.0,3.3,77,-3.2154212137912763,-0.7423384793347544
2014-01-29 02:00:00,10.1,79,0.0,2.9,60,-2.5114736709748717,-1.4500000000000002
2014-01-29 03:00:00,6.9,89,0.0,2.8,50,-2.1449244407331385,-1.7998053071223097
2014-01-29 04:00:00,6.6,90,0.0,3.1,54,-2.5079526825623377,-1.8221342821066664
2014-01-29 05:00:00,6.4,89,0.0,3.4,58,-2.8833635269318485,-1.8017254983928963
2014-01-29 06:00:00,6.2,87,0.0,3.9,68,-3.616017032810471,-1.460965714322057
2014-01-29 07:00:00,6.1,87,0.0,4.3,90,-4.3,5.265981236333618e-16
2014-01-29 08:00:00,10.2,86,0.0,4.1,105,-3.9602958877851795,1.0611580849203361
2014-01-29 09:00:00,16.6,65,0.0,1.3,236,1.0777488443215542,0.726950774511971
2014-01-29 10:00:00,18.6,62,0.0,5.1,262,5.050367150582009,0.7097828148963337
2014-01-29 11:00:00,19.7,58,0.0,7.2,270,7.2,0.0
2014-01-29 12:00:00,20.4,56,0.0,8.4,277,8.337387673787106,-1.0237024846032388
2014-01-29 13:00:00,20.5,56,0.0,8.7,287,8.319851376878407,-2.5436338310878095
2014-01-29 14:00:00,20.3,57,0.0,9.2,296,8.268905225952336,-4.033014550459511
2014-01-29 15:00:00,20.0,61,0.0,9.0,307,7.187719590425635,-5.416335208368435
2014-01-29 16:00:00,19.4,62,0.0,7.7,319,5.051654523226906,-5.811263767715345
2014-01-29 17:00:00,18.6,65,0.0,5.7,325,3.269385687200963,-4.669166652447253
2014-01-29 18:00:00,16.5,79,0.0,4.7,4,-0.32785542659739025,-4.688551036221174
2014-01-29 19:00:00,16.2,72,0.0,4.9,54,-3.964183272437243,-2.880147736233118
2014-01-29 20:00:00,14.9,75,0.0,4.9,73,-4.685893304218874,-1.4326213531414103
2014-01-29 21:00:00,13.0,79,0.0,4.3,66,-3.9282454678631837,-1.7489675652259409
2014-01-29 22:00:00,11.3,81,0.0,3.5,66,-3.197409101749103,-1.4235782507653008
2014-01-29 23:00:00,9.9,83,0.0,3.6,90,-3.6,4.4087284769304716e-16
2014-01-30 00:00:00,8.4,87,0.0,3.3,103,-3.215421213791276,0.7423384793347552
2014-01-30 01:00:00,7.5,89,0.0,3.7,101,-3.632020578756357,0.7059932828932164
2014-01-30 02:00:00,6.9,90,0.0,3.3,96,-3.2819222547153015,0.3449439287832573
2014-01-30 03:00:00,6.3,90,0.0,3.0,76,-2.9108871788279895,-0.7257656867990026
2014-01-30 04:00:00,6.2,88,0.0,2.8,50,-2.1449244407331385,-1.7998053071223097
2014-01-30 05:00:00,6.0,87,0.0,3.3,49,-2.490541614735148,-2.1649947956686733
2014-01-30 06:00:00,5.8,85,0.0,3.4,58,-2.8833635269318485,-1.8017254983928963
2014-01-30 07:00:00,5.7,84,0.0,3.4,72,-3.2335921554035223,-1.0506577808748208
2014-01-30 08:00:00,9.8,82,0.0,4.5,76,-4.366330768241984,-1.0886485301985038
2014-01-30 09:00:00,17.1,60,0.0,1.8,11,-0.3434561916777803,-1.7669289302057951
2014-01-30 10:00:00,19.5,50,0.0,4.6,309,3.5748714227020657,-2.8948737988292517
2014-01-30 11:00:00,20.7,53,0.0,6.2,306,5.0159053651246746,-3.6442685642133337
2014-01-30 12:00:00,21.5,49,0.0,8.0,306,6.47213595499958,-4.702282018339785
2014-01-30 13:00:00,22.0,46,0.0,10.5,311,7.924450592339106,-6.888619804400326
2014-01-30 14:00:00,22.0,46,0.0,11.2,315,7.919595949289333,-7.919595949289331
2014-01-30 15:00:00,21.5,49,0.0,10.4,316,7.224447052773572,-7.481133923521972
2014-01-30 16:00:00,20.6,53,0.0,8.7,318,5.821436275322066,-6.46535998165333
2014-01-30 17:00:00,19.4,58,0.0,6.4,322,3.9402334420842133,-5.043268823083022
2014-01-30 18:00:00,16.7,76,0.0,5.5,349,1.049449474570997,-5.3989495089621515
2014-01-30 19:00:00,16.6,68,0.0,4.6,45,-3.2526911934581193,-3.252691193458118
2014-01-30 20:00:00,16.1,70,0.0,4.2,59,-3.600102662948872,-2.1631599146222276
2014-01-30 21:00:00,15.4,71,0.0,3.5,66,-3.197409101749103,-1.4235782507653008
2014-01-30 22:00:00,12.0,79,0.0,2.5,90,-2.5,3.061616997868383e-16
2014-01-30 23:00:00,10.7,82,0.0,2.7,113,-2.485363104321589,1.0549740469210394
2014-01-31 00:00:00,9.8,83,0.0,4.2,110,-3.9467090073008153,1.4364846019678092
2014-01-31 01:00:00,9.1,86,0.0,4.8,117,-4.276831316104166,2.1791543987498248
2014-01-31 02:00:00,8.7,88,0.0,5.2,115,-4.7128004925905795,2.1976149610516376
2014-01-31 03:00:00,8.5,86,0.0,4.2,110,-3.9467090073008153,1.4364846019678092
2014-01-31 04:00:00,8.8,84,0.0,2.9,97,-2.8783838397598336,0.35342109587492787
2014-01-31 05:00:00,9.2,82,0.0,2.9,83,-2.878383839759834,-0.3534210958749272
2014-01-31 06:00:00,9.6,78,0.0,2.6,74,-2.499280409439629,-0.7166571251241974
2014-01-31 07:00:00,9.7,77,0.0,3.0,76,-2.9108871788279895,-0.7257656867990026
2014-01-31 08:00:00,12.8,75,0.0,3.4,72,-3.2335921554035223,-1.0506577808748208
2014-01-31 09:00:00,17.5,62,0.0,1.5,315,1.0606601717798214,-1.0606601717798212
2014-01-31 10:00:00,19.3,58,0.0,5.0,291,4.667902132486009,-1.7918397477265013
2014-01-31 11:00:00,20.7,55,0.0,7.9,286,7.59396739791272,-2.1775351109542935
2014-01-31 12:00:00,21.4,54,0.0,9.2,281,9.030970087718508,-1.755442757464212
2014-01-31 13:00:00,21.7,54,0.0,11.3,277,11.215771513546938,-1.3771235804781665
2014-01-31 14:00:00,21.5,55,0.0,11.9,273,11.88369146357943,-0.6227978792910317
2014-01-31 15:00:00,20.7,62,0.0,10.9,276,10.84028865951418,-1.1393602496174229
2014-01-31 16:00:00,19.8,65,0.0,8.5,282,8.314254606237348,-1.7672493719509543
2014-01-31 17:00:00,18.8,68,0.0,4.3,294,3.9282454678631837,-1.7489675652259409
2014-01-31 18:00:00,17.1,82,0.0,6.9,313,5.046340541172277,-4.70578868443124
2014-01-31 19:00:00,17.0,75,0.0,4.1,15,-1.0611580849203346,-3.96029588778518
2014-01-31 20:00:00,16.8,76,0.0,4.3,66,-3.9282454678631837,-1.7489675652259409
2014-01-31 21:00:00,16.4,76,0.0,4.8,77,-4.676976310969129,-1.0797650608505518
2014-01-31 22:00:00,14.6,80,0.0,4.3,95,-4.283637201794505,0.3747696938149302
2014-01-31 23:00:00,12.4,86,0.0,3.8,107,-3.633958072659535,1.111012477946399
2014-02-01 00:00:00,11.7,86,0.0,3.5,114,-3.197409101749103,1.4235782507653014
2014-02-01 01:00:00,11.2,87,0.0,4.0,117,-3.564026096753471,1.8159619989581874
2014-02-01 02:00:00,10.2,89,0.0,4.5,119,-3.935788682127281,2.181643291108517
2014-02-01 03:00:00,10.6,84,0.0,4.0,117,-3.564026096753471,1.8159619989581874
2014-02-01 04:00:00,11.1,81,0.0,3.0,104,-2.9108871788279895,0.7257656867990032
2014-02-01 05:00:00,11.5,77,0.0,2.2,99,-2.172914349309303,0.3441558230885082
2014-02-01 06:00:00,12.5,72,0.0,2.6,56,-2.1554976886431088,-1.4539015490239415
2014-02-01 07:00:00,12.9,69,0.0,2.3,51,-1.7874357113510326,-1.4474368994146265
2014-02-01 08:00:00,15.7,62,0.0,4.6,45,-3.2526911934581193,-3.252691193458118
2014-02-01 09:00:00,17.6,63,0.0,6.9,354,0.7212463965468089,-6.862201078041086
2014-02-01 10:00:00,19.1,59,0.0,8.8,341,2.8649997592229797,-8.320563465273988
2014-02-01 11:00:00,20.4,51,0.0,11.8,340,4.035837691242892,-11.088372925273719
2014-02-01 12:00:00,21.2,50,0.0,13.6,343,3.97625518422922,-13.005744681097282
2014-02-01 13:00:00,21.6,53,0.0,13.7,342,4.2335328229367795,-13.029474273243602
2014-02-01 14:00:00,21.8,54,0.0,13.2,343,3.859306502340125,-12.623222778712067
2014-02-01 15:00:00,21.5,56,0.0,11.2,339,4.013721034907364,-10.45610077676866
2014-02-01 16:00:00,21.0,57,0.0,10.3,335,4.352968095929205,-9.334970206477495
2014-02-01 17:00:00,19.8,59,0.0,6.8,342,2.1013155617496424,-6.467184310807044
2014-02-01 18:00:00,17.7,69,0.0,8.2,15,-2.122316169840669,-7.92059177557036
2014-02-01 19:00:00,16.7,68,0.0,6.5,34,-3.6347538725598527,-5.388744221607772
2014-02-01 20:00:00,17.1,63,0.0,5.4,37,-3.2498011250210608,-4.312631754255381
2014-02-01 21:00:00,16.2,66,0.0,6.1,40,-3.9210044190878905,-4.672871103025765
2014-02-01 22:00:00,14.5,71,0.0,6.1,45,-4.31335136523794,-4.313351365237939
2014-02-01 23:00:00,14.8,69,0.0,6.4,47,-4.6806636903626915,-4.364789504399989
2014-02-02 00:00:00,16.5,60,0.0,5.6,45,-3.9597979746446668,-3.9597979746446654
2014-02-02 01:00:00,17.0,57,0.0,5.1,39,-3.2095339943541727,-3.96344440343055
2014-02-02 02:00:00,17.4,55,0.0,5.1,39,-3.2095339943541727,-3.96344440343055
2014-02-02 03:00:00,17.7,57,0.0,5.1,45,-3.606244584051393,-3.606244584051392
2014-02-02 04:00:00,18.5,54,0.0,4.8,48,-3.5670951622914924,-3.2118269105225195
2014-02-02 05:00:00,18.7,53,0.0,4.4,55,-3.604268994871564,-2.5237363199446032
2014-02-02 06:00:00,18.7,53,0.0,4.9,54,-3.964183272437243,-2.880147736233118
2014-02-02 07:00:00,18.4,54,0.0,4.7,32,-2.490620541896064,-3.9858260519352022
2014-02-02 08:00:00,18.8,54,0.0,5.6,27,-2.5423467985414625,-4.989636535454859
2014-02-02 09:00:00,19.5,61,0.2,6.2,7,-0.7555899291119125,-6.153786140176197
2014-02-02 10:00:00,20.7,59,0.0,7.3,351,1.1419715947936857,-7.210124886344506
2014-02-02 11:00:00,21.5,57,0.0,7.0,339,2.5085756468171025,-6.535062985480412
2014-02-02 12:00:00,22.7,54,0.0,6.4,322,3.9402334420842133,-5.043268823083022
2014-02-02 13:00:00,23.4,53,0.0,6.4,308,5.043268823083021,-3.9402334420842133
2014-02-02 14:00:00,23.3,56,0.0,6.5,304,5.38874422160777,-3.634753872559855
2014-02-02 15:00:00,23.6,60,0.0,6.9,309,5.3623071340531,-4.342310698243878
2014-02-02 16:00:00,22.7,63,0.0,5.4,318,3.6133052743378347,-4.012982057577929
2014-02-02 17:00:00,21.8,65,0.2,4.8,312,3.5670951622914924,-3.2118269105225195
2014-02-02 18:00:00,20.6,75,0.0,1.8,37,-1.083267041673687,-1.437543918085127
2014-02-02 19:00:00,20.4,69,0.3,2.9,60,-2.5114736709748717,-1.4500000000000002
2014-02-02 20:00:00,19.8,72,0.4,1.1,72,-1.046162167924669,-0.33991869381244205
2014-02-02 21:00:00,18.2,81,0.2,1.1,108,-1.0461621679246689,0.3399186938124423
2014-02-02 22:00:00,18.0,81,0.2,1.6,117,-1.4256104387013886,0.7263847995832751
2014-02-02 23:00:00,18.1,81,0.2,1.8,101,-1.7669289302057951,0.34345619167778096
2014-02-03 00:00:00,18.5,80,0.2,1.5,104,-1.4554435894139948,0.3628828433995016
2014-02-03 01:00:00,18.5,80,0.0,1.1,72,-1.046162167924669,-0.33991869381244205
2014-02-03 02:00:00,19.1,79,0.1,1.8,53,-1.437543918085127,-1.0832670416736871
2014-02-03 03:00:00,18.9,80,0.2,4.1,45,-2.8991378028648453,-2.8991378028648445
2014-02-03 04:00:00,17.3,87,0.2,5.6,40,-3.5996106142446207,-4.289848881466276
2014-02-03 05:00:00,16.6,88,0.1,5.4,53,-4.312631754255381,-3.2498011250210617
2014-02-03 06:00:00,16.7,88,0.0,5.4,53,-4.312631754255381,-3.2498011250210617
2014-02-03 07:00:00,16.3,89,0.0,5.0,60,-4.330127018922193,-2.5000000000000004
2014-02-03 08:00:00,17.6,91,0.0,3.8,49,-2.867896404846534,-2.4930243101639267
2014-02-03 09:00:00,21.1,81,0.0,3.3,13,-0.7423384793347553,-3.215421213791276
2014-02-03 10:00:00,23.0,70,0.0,3.4,328,1.8017254983928965,-2.883363526931848
2014-02-03 11:00:00,24.6,64,0.0,5.5,293,5.062776693988422,-2.149021206691006
2014-02-03 12:00:00,25.4,61,0.0,7.9,294,7.217009115376547,-3.2132194802988217
2014-02-03 13:00:00,25.4,61,0.0,8.9,297,7.929958065276475,-4.040515447681966
2014-02-03 14:00:00,24.8,62,0.0,8.4,301,7.200205325897744,-4.326319829244455
2014-02-03 15:00:00,23.9,67,0.0,8.2,299,7.171881598543044,-3.9754388860199636
2014-02-03 16:00:00,23.0,70,0.0,7.7,307,6.149493427364155,-4.6339756782707715
2014-02-03 17:00:00,22.0,73,0.0,5.6,315,3.9597979746446663,-3.9597979746446654
2014-02-03 18:00:00,20.3,82,0.0,7.2,323,4.333068166694749,-5.750175672340508
2014-02-03 19:00:00,19.6,80,0.0,4.8,13,-1.0797650608505531,-4.6769763109691285
2014-02-03 20:00:00,19.0,82,0.0,3.8,49,-2.867896404846534,-2.4930243101639267
2014-02-03 21:00:00,18.6,83,0.0,2.4,27,-1.0895771993749126,-2.138415658052083
2014-02-03 22:00:00,18.1,84,0.0,1.5,14,-0.36288284339950166,-1.4554435894139948
2014-02-03 23:00:00,17.6,86,0.0,2.2,9,-0.3441558230885083,-2.172914349309303
2014-02-04 00:00:00,16.1,91,0.0,2.6,34,-1.453901549023941,-2.1554976886431088
2014-02-04 01:00:00,14.7,95,0.0,2.5,45,-1.7677669529663693,-1.7677669529663687
2014-02-04 02:00:00,14.8,93,0.0,3.1,45,-2.192031021678298,-2.192031021678297
2014-02-04 03:00:00,16.4,89,0.0,3.8,41,-2.4930243101639276,-2.8678964048465336
2014-02-04 04:00:00,16.1,89,0.0,4.2,31,-2.163159914622229,-3.600102662948871
2014-02-04 05:00:00,15.9,89,0.0,4.7,23,-1.836436303899587,-4.326372811226469
2014-02-04 06:00:00,15.6,88,0.0,6.1,40,-3.9210044190878905,-4.672871103025765
2014-02-04 07:00:00,15.2,88,0.0,4.7,32,-2.490620541896064,-3.9858260519352022
2014-02-04 08:00:00,16.0,86,0.0,5.2,12,-1.0811407922523508,-5.086367523815789
2014-02-04 09:00:00,18.4,77,0.0,7.7,349,1.4692292643993958,-7.558529312547013
2014-02-04 10:00:00,19.6,73,0.0,9.0,337,3.5165801564034633,-8.284543681071963
2014-02-04 11:00:00,21.0,68,0.0,10.0,322,6.156614753256583,-7.88010753606722
2014-02-04 12:00:00,21.3,67,0.0,10.4,316,7.224447052773572,-7.481133923521972
2014-02-04 13:00:00,21.4,67,0.0,11.0,319,7.2166493188955805,-8.301805382450492
2014-02-04 14:00:00,20.9,68,0.0,10.1,325,5.793122007145566,-8.273435647318816
2014-02-04 15:00:00,20.5,65,0.0,9.5,323,5.717242719944459,-7.587037345449282
2014-02-04 16:00:00,19.9,67,0.0,9.4,310,7.200817765318393,-6.042203531053469
2014-02-04 17:00:00,18.5,70,0.1,8.9,313,6.509047944410617,-6.069785404556237
2014-02-04 18:00:00,16.8,78,0.8,6.3,329,3.244739871933341,-5.400153994423308
2014-02-04 19:00:00,15.7,88,1.1,5.2,348,1.0811407922523493,-5.086367523815789
2014-02-04 20:00:00,15.4,90,0.8,3.2,333,1.45276959916655,-2.851220877402777
2014-02-04 21:00:00,15.5,92,0.5,2.6,304,2.1554976886431083,-1.453901549023942
2014-02-04 22:00:00,15.4,93,0.5,3.2,297,2.8512208774027776,-1.4527695991665497
2014-02-04 23:00:00,15.3,94,0.4,3.1,324,1.8221342821066668,-2.5079526825623373
2014-02-05 00:00:00,15.3,94,0.2,2.3,321,1.447436899414626,-1.7874357113510329
2014-02-05 01:00:00,15.0,95,0.2,2.6,326,1.4539015490239418,-2.1554976886431088
2014-02-05 02:00:00,15.0,95,0.2,3.7,349,0.7059932828932162,-3.632020578756357
2014-02-05 03:00:00,15.0,96,0.5,4.7,4,-0.32785542659739025,-4.688551036221174
2014-02-05 04:00:00,14.6,97,0.4,4.4,9,-0.6883116461770166,-4.345828698618606
2014-02-05 05:00:00,14.5,97,0.3,3.1,21,-1.1109406435904323,-2.894099322141325
2014-02-05 06:00:00,14.6,95,0.1,3.6,45,-2.545584412271572,-2.545584412271571
2014-02-05 07:00:00,15.1,91,0.0,3.9,22,-1.460965714322058,-3.6160170328104706
2014-02-05 08:00:00,15.8,92,0.0,3.3,6,-0.3449439287832561,-3.281922254715302
2014-02-05 09:00:00,16.8,89,0.0,5.0,339,1.791839747726502,-4.667902132486009
2014-02-05 10:00:00,17.7,86,0.0,5.5,328,2.914555953282627,-4.664264528860342
2014-02-05 11:00:00,18.4,86,0.0,6.4,317,4.36478950439999,-4.6806636903626915
2014-02-05 12:00:00,19.3,84,0.0,7.4,309,5.750880114781585,-4.656970893768797
2014-02-05 13:00:00,20.1,82,0.0,8.2,308,6.461688179575119,-5.048424097670398
2014-02-05 14:00:00,20.8,80,0.0,8.5,306,6.876644452187053,-4.996174644486022
2014-02-05 15:00:00,20.1,79,0.0,9.0,307,7.187719590425635,-5.416335208368435
2014-02-05 16:00:00,19.2,80,0.0,8.2,311,6.18861855782673,-5.379684037722159
2014-02-05 17:00:00,18.4,83,0.0,6.6,315,4.666904755831213,-4.666904755831213
2014-02-05 18:00:00,17.6,87,0.0,4.1,308,3.2308440897875594,-2.524212048835199
2014-02-05 19:00:00,16.6,91,0.0,3.9,326,2.1808523235359125,-3.233246532964663
2014-02-05 20:00:00,16.2,94,0.0,3.9,326,2.1808523235359125,-3.233246532964663
2014-02-05 21:00:00,15.5,96,0.1,3.6,354,0.3763024677635525,-3.580278823325784
2014-02-05 22:00:00,15.0,97,0.0,5.2,16,-1.4333142502483942,-4.998560818879259
2014-02-05 23:00:00,14.9,96,0.0,5.5,23,-2.149021206691006,-5.062776693988422
2014-02-06 00:00:00,14.3,98,0.0,5.2,25,-2.197614961051636,-4.71280049259058
2014-02-06 01:00:00,13.8,98,0.0,5.3,28,-2.488199282765221,-4.679622242152313
2014-02-06 02:00:00,13.8,96,0.0,5.1,39,-3.2095339943541727,-3.96344440343055
2014-02-06 03:00:00,16.0,88,0.0,3.8,49,-2.867896404846534,-2.4930243101639267
2014-02-06 04:00:00,15.6,88,0.0,2.6,34,-1.453901549023941,-2.1554976886431088
2014-02-06 05:00:00,15.3,88,0.0,3.1,21,-1.1109406435904323,-2.894099322141325
2014-02-06 06:00:00,14.0,91,0.0,7.1,45,-5.020458146424488,-5.020458146424486
2014-02-06 07:00:00,13.8,92,0.0,7.0,35,-4.015035054457325,-5.734064310022941
2014-02-06 08:00:00,15.4,91,0.0,6.4,38,-3.940233442084212,-5.043268823083022
2014-02-06 09:00:00,18.5,81,0.0,4.7,4,-0.32785542659739025,-4.688551036221174
2014-02-06 10:00:00,19.8,78,0.0,4.6,321,2.894873798829252,-3.5748714227020657
2014-02-06 11:00:00,20.9,77,0.0,5.6,310,4.289848881466277,-3.5996106142446194
2014-02-06 12:00:00,21.4,76,0.0,6.6,299,5.772490067120011,-3.1997434936258244
2014-02-06 13:00:00,21.7,77,0.0,6.1,298,5.385980316439454,-2.8637765329939335
2014-02-06 14:00:00,22.0,77,0.0,6.2,291,5.788198644282651,-2.2218812871808615
2014-02-06 15:00:00,21.5,80,0.2,6.4,297,5.702441754805555,-2.9055391983330994
2014-02-06 16:00:00,20.9,82,0.0,6.0,303,5.032023407672544,-3.2678342100901627
2014-02-06 17:00:00,19.7,86,0.1,5.4,318,3.6133052743378347,-4.012982057577929
2014-02-06 18:00:00,18.6,90,0.2,2.2,9,-0.3441558230885083,-2.172914349309303
2014-02-06 19:00:00,17.5,96,0.2,2.3,72,-2.187429987478853,-0.7107390870623786
2014-02-06 20:00:00,16.9,95,0.2,2.8,40,-1.7998053071223103,-2.144924440733138
2014-02-06 21:00:00,16.2,96,0.2,3.6,53,-2.875087836170254,-2.1665340833473743
2014-02-06 22:00:00,15.6,95,0.2,2.6,56,-2.1554976886431088,-1.4539015490239415
2014-02-06 23:00:00,15.2,94,0.2,2.7,67,-2.485363104321589,-1.0549740469210387
2014-02-07 00:00:00,15.0,93,0.4,3.1,69,-2.8940993221413254,-1.1109406435904314
2014-02-07 01:00:00,17.5,85,0.0,4.0,63,-3.5640260967534716,-1.8159619989581868
2014-02-07 02:00:00,17.4,85,0.0,3.1,54,-2.5079526825623377,-1.8221342821066664
2014-02-07 03:00:00,15.7,85,0.0,3.3,41,-2.1649947956686737,-2.4905416147351476
2014-02-07 04:00:00,14.8,86,0.0,3.1,45,-2.192031021678298,-2.192031021678297
2014-02-07 05:00:00,14.5,86,0.0,2.8,50,-2.1449244407331385,-1.7998053071223097
2014-02-07 06:00:00,14.2,85,0.0,3.4,58,-2.8833635269318485,-1.8017254983928963
2014-02-07 07:00:00,14.1,84,0.0,2.4,27,-1.0895771993749126,-2.138415658052083
2014-02-07 08:00:00,17.2,80,0.0,3.0,14,-0.7257656867990033,-2.9108871788279895
2014-02-07 09:00:00,19.4,75,0.0,3.8,343,1.1110124779463997,-3.6339580726595346
2014-02-07 10:00:00,21.0,71,0.0,3.4,328,1.8017254983928965,-2.883363526931848
2014-02-07 11:00:00,22.2,69,0.0,5.5,302,4.664264528860342,-2.914555953282627
2014-02-07 12:00:00,22.9,69,0.0,8.1,302,6.86918957886705,-4.29234604028896
2014-02-07 13:00:00,22.9,71,0.0,8.7,312,6.46535998165333,-5.821436275322066
2014-02-07 14:00:00,22.7,72,0.0,7.3,327,3.9758649556096977,-6.122295146001595
2014-02-07 15:00:00,22.7,74,0.0,6.4,333,2.9055391983331,-5.702441754805554
2014-02-07 16:00:00,22.1,75,0.0,6.8,328,3.603450996785793,-5.766727053863696
2014-02-07 17:00:00,20.8,82,0.0,7.0,325,4.015035054457323,-5.7340643100229425
2014-02-07 18:00:00,18.9,89,0.0,6.8,342,2.1013155617496424,-6.467184310807044
2014-02-07 19:00:00,17.2,97,0.0,6.0,17,-1.7542302283364226,-5.7378285357782115
2014-02-07 20:00:00,15.8,97,0.0,4.8,42,-3.211826910522519,-3.567095162291493
2014-02-07 21:00:00,15.7,95,0.0,3.6,37,-2.166534083347374,-2.875087836170254
2014-02-07 22:00:00,16.2,93,0.1,3.5,24,-1.4235782507653003,-3.1974091017491033
2014-02-07 23:00:00,16.5,91,0.0,3.7,29,-1.7937955949114464,-3.2360929164157652
2014-02-08 00:00:00,16.2,91,0.1,5.2,16,-1.4333142502483942,-4.998560818879259
2014-02-08 01:00:00,15.6,93,0.0,6.2,21,-2.2218812871808646,-5.78819864428265
2014-02-08 02:00:00,15.0,94,0.0,6.1,28,-2.8637765329939335,-5.385980316439454
2014-02-08 03:00:00,15.7,92,0.0,5.4,37,-3.2498011250210608,-4.312631754255381
2014-02-08 04:00:00,15.6,90,0.0,5.3,28,-2.488199282765221,-4.679622242152313
2014-02-08 05:00:00,15.0,91,0.0,6.6,13,-1.4846769586695105,-6.430842427582552
2014-02-08 06:00:00,14.7,92,0.0,6.8,25,-2.873804179836754,-6.16289295184922
2014-02-08 07:00:00,14.4,92,0.0,7.3,20,-2.49674704627738,-6.859756131737131
2014-02-08 08:00:00,14.7,93,0.0,8.1,21,-2.9027803913169357,-7.562001454627333
2014-02-08 09:00:00,17.6,80,0.0,8.6,15,-2.2258437878816775,-8.306962106085987
2014-02-08 10:00:00,19.8,72,0.0,6.5,354,0.6794350112397475,-6.4643923198937765
2014-02-08 11:00:00,21.0,70,0.0,9.4,313,6.874724795220202,-6.410784584587486
2014-02-08 12:00:00,20.9,72,0.1,10.9,316,7.57177623800307,-7.840803823691297
2014-02-08 13:00:00,20.2,74,0.0,9.7,333,4.403707847473604,-8.642763284627167
2014-02-08 14:00:00,20.2,76,0.1,8.7,336,3.5386087947594613,-7.947845481490627
2014-02-08 15:00:00,19.4,79,0.0,7.6,329,3.9142893693164114,-6.5144714853360535
2014-02-08 16:00:00,19.2,79,0.0,7.6,329,3.9142893693164114,-6.5144714853360535
2014-02-08 17:00:00,17.9,83,0.0,7.1,336,2.8878301658381815,-6.486172749262466
2014-02-08 18:00:00,16.8,86,0.0,4.2,329,2.1631599146222276,-3.600102662948872
2014-02-08 19:00:00,15.7,93,0.0,3.8,319,2.4930243101639276,-2.8678964048465336
2014-02-08 20:00:00,14.4,95,0.0,5.0,330,2.5000000000000004,-4.330127018922193
2014-02-08 21:00:00,14.6,94,0.0,5.4,360,3.3065463576978537e-16,-5.4
2014-02-08 22:00:00,14.5,96,0.0,2.5,360,1.5308084989341916e-16,-2.5
2014-02-08 23:00:00,14.4,97,0.0,2.9,330,1.4500000000000002,-2.5114736709748717
2014-02-09 00:00:00,14.0,97,0.3,4.8,333,2.1791543987498248,-4.276831316104166
2014-02-09 01:00:00,13.9,97,0.2,6.6,351,1.032467469265524,-6.518743047927909
2014-02-09 02:00:00,13.7,97,0.2,6.6,9,-1.0324674692655247,-6.5187430479279085
2014-02-09 03:00:00,13.7,95,0.0,6.8,18,-2.1013155617496433,-6.467184310807044
2014-02-09 04:00:00,13.3,95,0.0,7.6,8,-1.0577155672965002,-7.526037322435934
2014-02-09 05:00:00,13.0,96,0.2,7.9,3,-0.41345405431926,-7.889173324561134
2014-02-09 06:00:00,13.4,94,0.8,5.2,34,-2.907803098047882,-4.3109953772862175
2014-02-09 07:00:00,13.8,94,0.8,2.2,81,-2.1729143493093033,-0.3441558230885076
2014-02-09 08:00:00,14.5,93,0.6,2.5,352,0.34793275240016364,-2.475670171853926
2014-02-09 09:00:00,15.8,89,0.5,6.3,336,2.5624408513775414,-5.755336383148386
2014-02-09 10:00:00,16.8,87,0.6,7.6,335,3.211898789229316,-6.887939181478539
2014-02-09 11:00:00,17.4,88,0.0,7.2,333,3.268731598124737,-6.415246974156248
2014-02-09 12:00:00,18.2,86,0.2,8.6,327,4.683895701129233,-7.212566884330647
2014-02-09 13:00:00,17.9,86,0.4,9.6,326,5.368251873319169,-7.9587606965284
2014-02-09 14:00:00,16.8,91,0.8,9.6,326,5.368251873319169,-7.9587606965284
2014-02-09 15:00:00,17.2,89,0.5,10.1,333,4.585304047369423,-8.999165894302514
2014-02-09 16:00:00,15.9,93,0.2,12.4,343,3.625409138561936,-11.858178973941639
2014-02-09 17:00:00,14.9,93,0.0,11.9,355,1.0371533386971319,-11.854716907291772
2014-02-09 18:00:00,14.3,96,0.0,7.6,360,4.653657836759942e-16,-7.6
2014-02-09 19:00:00,13.7,96,0.0,6.6,351,1.032467469265524,-6.518743047927909
2014-02-09 20:00:00,13.1,96,0.1,9.0,355,0.7844016847289232,-8.96575228282571
2014-02-09 21:00:00,12.6,95,0.4,12.2,358,0.42577385977051313,-12.192568089632967
2014-02-09 22:00:00,12.3,95,0.4,9.8,6,-1.024378940023003,-9.74631457460908
2014-02-09 23:00:00,12.3,94,0.5,9.4,353,1.1455718280083864,-9.329933825428427
2014-02-10 00:00:00,12.0,92,1.1,10.8,356,0.7533699164365526,-10.773691742806102
2014-02-10 01:00:00,11.8,92,1.7000000000000002,11.1,347,2.4969567032169007,-10.81550771911611
2014-02-10 02:00:00,12.0,92,1.1,12.7,345,3.2870018728020134,-12.267257993871167
2014-02-10 03:00:00,11.2,90,0.5,14.6,351,2.2839431895873714,-14.420249772689012
2014-02-10 04:00:00,10.6,92,0.2,14.6,10,-2.535263393937183,-14.378193193978237
2014-02-10 05:00:00,11.1,92,0.4,11.5,14,-2.7821017993961794,-11.15840085217396
2014-02-10 06:00:00,11.4,91,0.7000000000000001,11.3,353,1.3771235804781667,-11.215771513546938
2014-02-10 07:00:00,10.9,92,0.9,13.4,8,-1.864919552864882,-13.269592121137041
2014-02-10 08:00:00,11.6,89,0.3,12.7,15,-3.2870018728020116,-12.267257993871167
2014-02-10 09:00:00,13.0,86,0.0,13.0,358,0.453693457132514,-12.992080751248245
2014-02-10 10:00:00,13.6,84,0.2,13.6,349,2.5950023371210107,-13.35012969488823
2014-02-10 11:00:00,13.5,83,0.4,15.7,349,2.995701227411755,-15.411546780128324
2014-02-10 12:00:00,12.9,83,0.3,15.7,349,2.995701227411755,-15.411546780128324
2014-02-10 13:00:00,12.1,83,0.3,16.2,347,3.6442070803706117,-15.78479504952081
2014-02-10 14:00:00,12.0,80,0.1,15.7,349,2.995701227411755,-15.411546780128324
2014-02-10 15:00:00,11.8,76,0.1,15.5,356,1.0812253430339411,-15.462242779027275
2014-02-10 16:00:00,11.3,75,0.0,15.5,355,1.3509140125887011,-15.441017820422056
2014-02-10 17:00:00,10.8,75,0.0,13.0,354,1.358870022479495,-12.928784639787553
2014-02-10 18:00:00,10.1,75,0.0,11.3,351,1.7677094549546095,-11.160878248725057
2014-02-10 19:00:00,9.9,76,0.2,12.0,351,1.877213580482771,-11.852260087141653
2014-02-10 20:00:00,9.8,77,0.4,11.4,347,2.5644420195200603,-11.107818738551682
2014-02-10 21:00:00,9.7,80,0.4,11.3,353,1.3771235804781667,-11.215771513546938
2014-02-10 22:00:00,9.7,83,0.2,10.1,4,-0.7045403848156684,-10.075396907624224
2014-02-10 23:00:00,9.6,83,0.0,9.1,353,1.1090110249868421,-9.032169979936029
2014-02-11 00:00:00,9.5,83,0.0,9.6,347,2.159530121701103,-9.353952621938259
2014-02-11 01:00:00,9.4,82,0.0,9.4,353,1.1455718280083864,-9.329933825428427
2014-02-11 02:00:00,9.1,83,0.0,10.0,347,2.249510543438649,-9.743700647852352
2014-02-11 03:00:00,8.8,88,0.0,10.5,352,1.4613175600806874,-10.397814721786489
2014-02-11 04:00:00,8.5,91,0.2,9.0,2,-0.31409547032250684,-8.994517443171862
2014-02-11 05:00:00,8.6,91,0.0,9.0,360,5.51091059616309e-16,-9.0
2014-02-11 06:00:00,8.7,91,0.0,8.3,5,-0.7233926648055635,-8.268415994161488
2014-02-11 07:00:00,8.4,91,0.0,9.0,360,5.51091059616309e-16,-9.0
2014-02-11 08:00:00,9.0,88,0.0,11.2,358,0.3908743630680121,-11.193177262613872
2014-02-11 09:00:00,9.7,86,0.0,13.4,355,1.167886952818619,-13.34900895442939
2014-02-11 10:00:00,10.9,81,0.0,13.5,351,2.1118652780431173,-13.33379259803436
2014-02-11 11:00:00,12.0,77,0.0,13.8,345,3.571702822414786,-13.329776402789143
2014-02-11 12:00:00,12.7,75,0.0,14.1,341,4.59051097784591,-13.331811915950366
2014-02-11 13:00:00,12.7,73,0.0,14.8,337,5.782820701641251,-13.623471831096118
2014-02-11 14:00:00,12.3,73,0.0,15.3,341,4.981192763194499,-14.466434206669547
2014-02-11 15:00:00,11.5,74,0.0,14.6,344,4.024305394928188,-14.034420760699456
2014-02-11 16:00:00,10.9,75,0.0,13.6,348,2.8275989951215283,-13.302807369979755
2014-02-11 17:00:00,10.1,77,0.0,12.4,352,1.7257464519048118,-12.279324052395474
2014-02-11 18:00:00,9.7,77,0.0,10.4,358,0.36295476570601126,-10.393664600998596
2014-02-11 19:00:00,9.4,79,0.0,9.4,358,0.3280552690035102,-9.394273773979501
2014-02-11 20:00:00,9.3,80,0.0,9.4,358,0.3280552690035102,-9.394273773979501
2014-02-11 21:00:00,9.3,81,0.2,9.4,353,1.1455718280083864,-9.329933825428427
2014-02-11 22:00:00,9.5,80,0.0,8.7,355,0.7582549619046257,-8.666893873398186
2014-02-11 23:00:00,9.4,82,0.0,8.3,355,0.7233926648055626,-8.268415994161488
2014-02-12 00:00:00,9.5,82,0.0,7.6,355,0.6623836448822018,-7.571079705497266
2014-02-12 01:00:00,9.5,84,0.0,7.4,346,1.7902220274375409,-7.180188374442374
2014-02-12 02:00:00,9.4,87,0.0,6.6,338,2.4724035165450187,-6.1194134401407965
2014-02-12 03:00:00,9.7,89,0.3,7.1,345,1.8376152202278973,-6.858073366652385
2014-02-12 04:00:00,9.4,92,0.2,6.8,3,-0.3558845024520213,-6.790680836331102
2014-02-12 05:00:00,10.0,86,0.1,6.2,10,-1.0766187015349682,-6.10580806867569
2014-02-12 06:00:00,10.6,83,0.1,2.5,8,-0.3479327524001646,-2.475670171853926
2014-02-12 07:00:00,10.3,87,0.0,3.1,21,-1.1109406435904323,-2.894099322141325
2014-02-12 08:00:00,11.4,88,0.0,3.8,343,1.1110124779463997,-3.6339580726595346
2014-02-12 09:00:00,12.2,84,0.0,6.0,343,1.7542302283364206,-5.737828535778212
2014-02-12 10:00:00,13.4,82,0.0,7.0,348,1.4553818357243162,-6.847033205136639
2014-02-12 11:00:00,14.7,79,0.0,7.4,331,3.587591189822895,-6.472185832831529
2014-02-12 12:00:00,15.7,77,0.0,8.6,327,4.683895701129233,-7.212566884330647
2014-02-12 13:00:00,16.0,76,0.1,10.5,329,5.407899786555569,-9.00025665737218
2014-02-12 14:00:00,15.7,77,0.0,11.6,324,6.818308926592688,-9.38459713474939
2014-02-12 15:00:00,16.0,76,0.1,11.8,322,7.2648054088427685,-9.29852689255932
2014-02-12 16:00:00,15.0,79,0.0,10.9,333,4.948496447161061,-9.71197111365321
2014-02-12 17:00:00,14.2,81,0.2,8.2,337,3.203995253612044,-7.54813979831001
2014-02-12 18:00:00,13.7,83,0.2,5.7,342,1.7613968679372005,-5.421022142882375
2014-02-12 19:00:00,13.2,87,0.1,6.8,335,2.873804179836756,-6.162892951849219
2014-02-12 20:00:00,12.9,89,0.2,5.9,346,1.4273391840380394,-5.7247447850283795
2014-02-12 21:00:00,12.7,91,0.0,3.2,360,1.9594348786357652e-16,-3.2
2014-02-12 22:00:00,13.2,86,0.0,1.3,34,-0.7269507745119705,-1.0777488443215544
2014-02-12 23:00:00,12.2,91,0.0,2.3,321,1.447436899414626,-1.7874357113510329
2014-02-13 00:00:00,11.4,94,0.4,3.6,354,0.3763024677635525,-3.580278823325784
2014-02-13 01:00:00,12.8,90,0.3,2.5,360,1.5308084989341916e-16,-2.5
2014-02-13 02:00:00,13.2,87,0.5,2.1,59,-1.800051331474436,-1.0815799573111138
2014-02-13 03:00:00,13.4,86,0.9,1.8,90,-1.8,2.2043642384652358e-16
2014-02-13 04:00:00,13.0,87,0.0,2.2,360,1.3471114790620887e-16,-2.2
2014-02-13 05:00:00,11.3,95,0.4,7.7,349,1.4692292643993958,-7.558529312547013
2014-02-13 06:00:00,11.4,95,0.3,7.6,19,-2.4743179738743906,-7.185941174554808
2014-02-13 07:00:00,11.4,96,0.5,9.3,13,-2.092044805397947,-9.061641602502688
2014-02-13 08:00:00,12.1,95,0.4,8.8,12,-1.8296228791962863,-8.60769888645749
2014-02-13 09:00:00,13.3,91,0.5,8.0,5,-0.697245941981266,-7.969557584733964
2014-02-13 10:00:00,14.1,89,0.5,8.0,5,-0.697245941981266,-7.969557584733964
2014-02-13 11:00:00,14.3,90,0.4,8.7,7,-1.0602632876247804,-8.635151519279502
2014-02-13 12:00:00,14.4,91,0.3,11.5,360,7.041719095097281e-16,-11.5
2014-02-13 13:00:00,15.4,88,0.0,13.6,348,2.8275989951215283,-13.302807369979755
2014-02-13 14:00:00,15.3,89,0.0,14.2,351,2.221369403571279,-14.025174436450955
2014-02-13 15:00:00,15.3,86,0.3,13.7,346,3.314329969715447,-13.293051449981151
2014-02-13 16:00:00,14.4,87,0.3,12.8,349,2.442355140819775,-12.5648279481301
2014-02-13 17:00:00,13.5,89,0.4,11.2,356,0.7812725059342026,-11.17271736291003
2014-02-13 18:00:00,13.0,89,0.0,9.5,9,-1.4861274178821948,-9.383039235653808
2014-02-13 19:00:00,12.6,90,0.0,10.5,8,-1.4613175600806911,-10.397814721786487
2014-02-13 20:00:00,12.1,90,0.0,11.3,7,-1.3771235804781632,-11.21577151354694
2014-02-13 21:00:00,11.4,93,0.1,11.0,11,-2.098898949141991,-10.797899017924303
2014-02-13 22:00:00,11.1,92,0.1,10.4,14,-2.515987714236545,-10.091075553270363
2014-02-13 23:00:00,11.0,91,0.0,8.8,12,-1.8296228791962863,-8.60769888645749
2014-02-14 00:00:00,10.4,93,0.0,9.4,360,5.755839955992561e-16,-9.4
2014-02-14 01:00:00,10.5,92,0.5,9.4,7,-1.1455718280083835,-9.329933825428428
2014-02-14 02:00:00,10.6,91,0.4,7.9,3,-0.41345405431926,-7.889173324561134
2014-02-14 03:00:00,10.4,94,0.7000000000000001,7.8,13,-1.7546182238821488,-7.600086505324834
2014-02-14 04:00:00,10.5,94,0.0,10.0,13,-2.2495105434386526,-9.743700647852352
2014-02-14 05:00:00,10.5,93,0.0,10.0,13,-2.2495105434386526,-9.743700647852352
2014-02-14 06:00:00,9.8,94,0.0,8.6,2,-0.3001356716415065,-8.594761112364223
2014-02-14 07:00:00,9.6,94,0.0,10.1,356,0.7045403848156648,-10.075396907624224
2014-02-14 08:00:00,11.1,90,0.0,10.4,2,-0.36295476570600793,-10.393664600998596
2014-02-14 09:00:00,12.6,85,0.0,10.4,2,-0.36295476570600793,-10.393664600998596
2014-02-14 10:00:00,13.5,82,0.0,11.3,351,1.7677094549546095,-11.160878248725057
2014-02-14 11:00:00,14.4,78,0.0,12.6,347,2.8343832847326977,-12.277062816293963
2014-02-14 12:00:00,15.2,75,0.0,14.3,342,4.418943019561749,-13.600108183020696
2014-02-14 13:00:00,15.1,74,0.1,15.3,345,3.9599313900685673,-14.778665142222746
2014-02-14 14:00:00,15.2,74,0.0,15.3,345,3.9599313900685673,-14.778665142222746
2014-02-14 15:00:00,14.7,75,0.1,15.3,345,3.9599313900685673,-14.778665142222746
2014-02-14 16:00:00,13.9,77,0.0,15.2,346,3.6772128131149486,-14.748495039395145
2014-02-14 17:00:00,12.9,78,0.0,14.3,348,2.9731371786939604,-13.987510690493421
2014-02-14 18:00:00,11.8,80,0.0,10.2,352,1.4195656297926678,-10.100734301164017
2014-02-14 19:00:00,10.8,83,0.0,9.9,350,1.7191169589026112,-9.74959675482086
2014-02-14 20:00:00,10.0,88,0.0,8.4,353,1.023702484603239,-8.337387673787106
2014-02-14 21:00:00,9.5,89,0.0,6.5,360,3.9801020972288977e-16,-6.5
2014-02-14 22:00:00,9.0,88,0.0,4.3,360,2.632990618166809e-16,-4.3
2014-02-14 23:00:00,9.1,88,0.0,2.9,7,-0.35342109587492676,-2.878383839759834
2014-02-15 00:00:00,9.4,87,0.0,1.9,22,-0.7117525274902333,-1.7616493236768958
2014-02-15 01:00:00,9.5,86,0.0,1.6,27,-0.7263847995832751,-1.4256104387013886
2014-02-15 02:00:00,9.6,86,0.0,1.3,56,-1.0777488443215544,-0.7269507745119708
2014-02-15 03:00:00,9.9,85,0.0,1.0,45,-0.7071067811865477,-0.7071067811865475
2014-02-15 04:00:00,10.0,85,0.0,1.0,45,-0.7071067811865477,-0.7071067811865475
2014-02-15 05:00:00,9.6,87,0.0,0.8,27,-0.36319239979163753,-0.7128052193506943
2014-02-15 06:00:00,9.7,88,0.0,1.0,315,0.7071067811865476,-0.7071067811865475
2014-02-15 07:00:00,9.9,90,0.0,1.6,297,1.4256104387013888,-0.7263847995832748
2014-02-15 08:00:00,11.0,91,0.0,2.5,315,1.7677669529663689,-1.7677669529663687
2014-02-15 09:00:00,12.8,84,0.0,3.8,319,2.4930243101639276,-2.8678964048465336
2014-02-15 10:00:00,14.4,79,0.0,5.6,310,4.289848881466277,-3.5996106142446194
2014-02-15 11:00:00,15.0,77,0.0,7.9,313,5.777694242791447,-5.387787044493738
2014-02-15 12:00:00,15.9,75,0.0,9.4,313,6.874724795220202,-6.410784584587486
2014-02-15 13:00:00,16.4,75,0.0,9.4,320,6.04220353105347,-7.200817765318393
2014-02-15 14:00:00,16.7,74,0.1,9.0,323,5.4163352083684355,-7.187719590425635
2014-02-15 15:00:00,14.8,81,0.5,8.7,330,4.3500000000000005,-7.534421012924615
2014-02-15 16:00:00,14.3,84,0.3,7.6,341,2.474317973874391,-7.185941174554807
2014-02-15 17:00:00,14.1,85,0.0,6.3,347,1.4171916423663489,-6.1385314081469815
2014-02-15 18:00:00,13.7,87,0.0,4.3,318,2.8772616073430903,-3.195522749552795
2014-02-15 19:00:00,13.1,89,0.2,5.4,340,1.8469087739586119,-5.074340152243905
2014-02-15 20:00:00,12.7,92,0.2,4.9,343,1.4326213531414103,-4.685893304218874
2014-02-15 21:00:00,12.3,95,0.1,2.3,342,0.7107390870623791,-2.1874299874788528
2014-02-15 22:00:00,12.0,95,0.0,1.0,315,0.7071067811865476,-0.7071067811865475
2014-02-15 23:00:00,12.0,95,0.0,1.5,284,1.4554435894139948,-0.3628828433995016
2014-02-16 00:00:00,11.9,95,0.1,1.5,256,1.4554435894139948,0.3628828433995016
2014-02-16 01:00:00,12.0,95,0.0,0.4,270,0.4,0.0
2014-02-16 02:00:00,11.9,95,0.0,0.5,45,-0.35355339059327384,-0.35355339059327373
2014-02-16 03:00:00,13.6,85,0.0,1.5,45,-1.0606601717798214,-1.0606601717798212
2014-02-16 04:00:00,13.4,85,0.0,2.9,60,-2.5114736709748717,-1.4500000000000002
2014-02-16 05:00:00,13.4,84,0.0,2.3,51,-1.7874357113510326,-1.4474368994146265
2014-02-16 06:00:00,13.2,84,0.0,3.9,56,-3.233246532964663,-2.180852323535912
2014-02-16 07:00:00,13.1,83,0.0,3.1,36,-1.822134282106667,-2.507952682562337
2014-02-16 08:00:00,14.3,84,0.0,3.5,24,-1.4235782507653003,-3.1974091017491033
2014-02-16 09:00:00,16.1,81,0.0,6.7,344,1.8467702839738944,-6.440453362786736
2014-02-16 10:00:00,17.4,78,0.0,6.8,335,2.873804179836756,-6.162892951849219
2014-02-16 11:00:00,18.4,77,0.0,7.6,301,6.5144714853360535,-3.9142893693164114
2014-02-16 12:00:00,19.3,75,0.1,9.0,286,8.65135526344487,-2.4807362023529924
2014-02-16 13:00:00,19.6,74,0.1,8.4,280,8.272385125302547,-1.458644692402215
2014-02-16 14:00:00,19.7,73,0.1,8.0,280,7.878462024097664,-1.3891854213354426
2014-02-16 15:00:00,18.5,81,0.1,8.0,288,7.608452130361228,-2.472135954999579
2014-02-16 16:00:00,17.7,83,0.1,7.8,304,6.466493065929325,-4.361704647071826
2014-02-16 17:00:00,16.9,86,0.0,6.7,324,3.93816119035957,-5.420413862312148
2014-02-16 18:00:00,15.9,89,0.0,6.6,347,1.4846769586695083,-6.430842427582553
2014-02-16 19:00:00,15.1,93,0.0,6.6,9,-1.0324674692655247,-6.5187430479279085
2014-02-16 20:00:00,14.1,96,0.0,4.7,32,-2.490620541896064,-3.9858260519352022
2014-02-16 21:00:00,14.6,92,0.0,3.5,66,-3.197409101749103,-1.4235782507653008
2014-02-16 22:00:00,14.5,91,0.0,3.0,76,-2.9108871788279895,-0.7257656867990026
2014-02-16 23:00:00,14.6,89,0.0,2.6,74,-2.499280409439629,-0.7166571251241974
2014-02-17 00:00:00,14.7,86,0.0,2.3,51,-1.7874357113510326,-1.4474368994146265
2014-02-17 01:00:00,14.4,85,0.0,2.7,67,-2.485363104321589,-1.0549740469210387
2014-02-17 02:00:00,13.7,83,0.0,2.6,56,-2.1554976886431088,-1.4539015490239415
2014-02-17 03:00:00,12.2,84,0.0,3.3,49,-2.490541614735148,-2.1649947956686733
2014-02-17 04:00:00,12.2,83,0.0,4.0,63,-3.5640260967534716,-1.8159619989581868
2014-02-17 05:00:00,12.0,81,0.0,3.9,68,-3.616017032810471,-1.460965714322057
2014-02-17 06:00:00,11.0,83,0.0,3.9,68,-3.616017032810471,-1.460965714322057
2014-02-17 07:00:00,10.3,84,0.0,3.8,73,-3.6339580726595346,-1.1110124779463997
2014-02-17 08:00:00,14.3,85,0.0,3.9,68,-3.616017032810471,-1.460965714322057
2014-02-17 09:00:00,18.7,69,0.0,3.1,339,1.1109406435904312,-2.8940993221413254
2014-02-17 10:00:00,19.9,69,0.0,4.0,297,3.5640260967534716,-1.815961998958187
2014-02-17 11:00:00,21.0,67,0.0,5.8,277,5.756767679519667,-0.7068421917498553
2014-02-17 12:00:00,21.7,67,0.0,7.2,276,7.160557646651568,-0.7526049355271051
2014-02-17 13:00:00,22.1,66,0.0,7.9,273,7.889173324561134,-0.4134540543192563
2014-02-17 14:00:00,22.3,66,0.0,6.8,267,6.790680836331102,0.3558845024520181
2014-02-17 15:00:00,22.3,69,0.0,6.6,261,6.518743047927909,1.0324674692655236
2014-02-17 16:00:00,21.9,71,0.0,7.2,264,7.160557646651568,0.7526049355271051
2014-02-17 17:00:00,21.1,73,0.0,5.1,278,5.050367150582009,-0.7097828148963337
2014-02-17 18:00:00,19.8,79,0.0,4.7,293,4.32637281122647,-1.8364363038995868
2014-02-17 19:00:00,17.6,90,0.2,3.1,291,2.8940993221413254,-1.1109406435904308
2014-02-17 20:00:00,16.8,90,0.0,1.6,27,-0.7263847995832751,-1.4256104387013886
2014-02-17 21:00:00,16.3,90,0.2,2.3,72,-2.187429987478853,-0.7107390870623786
2014-02-17 22:00:00,15.8,91,0.2,3.6,127,-2.8750878361702545,2.1665340833473734
2014-02-17 23:00:00,14.9,93,0.1,4.8,138,-3.2118269105225195,3.5670951622914924
2014-02-18 00:00:00,15.2,91,0.1,4.3,138,-2.8772616073430903,3.195522749552795
2014-02-18 01:00:00,14.3,92,0.1,4.1,135,-2.8991378028648445,2.899137802864845
2014-02-18 02:00:00,13.9,92,0.0,4.1,135,-2.8991378028648445,2.899137802864845
2014-02-18 03:00:00,17.3,80,0.0,2.3,129,-1.7874357113510329,1.4474368994146258
2014-02-18 04:00:00,16.4,82,0.0,2.5,98,-2.475670171853926,0.3479327524001633
2014-02-18 05:00:00,15.4,84,0.2,2.5,90,-2.5,3.061616997868383e-16
2014-02-18 06:00:00,14.9,85,0.2,3.6,96,-3.580278823325784,0.37630246776355347
2014-02-18 07:00:00,14.8,84,0.1,4.1,105,-3.9602958877851795,1.0611580849203361
2014-02-18 08:00:00,17.6,83,0.0,3.5,114,-3.197409101749103,1.4235782507653014
2014-02-18 09:00:00,19.9,81,0.0,2.7,247,2.485363104321589,1.0549740469210394
2014-02-18 10:00:00,20.7,78,0.0,6.2,249,5.788198644282651,2.2218812871808615
2014-02-18 11:00:00,21.7,77,0.0,8.2,241,7.171881598543044,3.9754388860199636
2014-02-18 12:00:00,22.4,75,0.0,10.0,244,8.98794046299167,4.383711467890774
2014-02-18 13:00:00,22.7,76,0.0,11.4,246,10.41441821712565,4.636797731064123
2014-02-18 14:00:00,22.5,78,0.3,12.0,254,11.535140351259827,3.30764826980399
2014-02-18 15:00:00,20.3,82,0.6,10.2,260,10.045039080724521,1.7712114122026892
2014-02-18 16:00:00,18.8,87,0.5,5.8,277,5.756767679519667,-0.7068421917498553
2014-02-18 17:00:00,18.3,92,0.3,2.5,315,1.7677669529663689,-1.7677669529663687
2014-02-18 18:00:00,17.4,95,0.1,2.6,344,0.7166571251241979,-2.499280409439629
2014-02-18 19:00:00,16.6,97,0.0,4.0,10,-0.6945927106677213,-3.939231012048832
2014-02-18 20:00:00,16.0,97,0.2,6.2,7,-0.7555899291119125,-6.153786140176197
2014-02-18 21:00:00,15.3,97,0.3,9.1,9,-1.4235536318661024,-8.987963899415753
2014-02-18 22:00:00,14.4,97,0.2,8.8,12,-1.8296228791962863,-8.60769888645749
2014-02-18 23:00:00,13.7,98,0.1,9.3,13,-2.092044805397947,-9.061641602502688
2014-02-19 00:00:00,13.5,97,0.2,9.6,13,-2.1595301217011063,-9.353952621938257
2014-02-19 01:00:00,13.5,96,0.2,9.4,18,-2.904759747124507,-8.939931253174443
2014-02-19 02:00:00,13.2,96,0.0,9.4,18,-2.904759747124507,-8.939931253174443
2014-02-19 03:00:00,13.1,92,0.0,9.8,8,-1.363896389408645,-9.704627073667389
2014-02-19 04:00:00,12.7,93,0.0,10.4,14,-2.515987714236545,-10.091075553270363
2014-02-19 05:00:00,12.5,94,0.0,8.9,14,-2.1531048708370433,-8.635631963856369
2014-02-19 06:00:00,12.0,94,0.2,9.7,4,-0.676637795318018,-9.676371287520293
2014-02-19 07:00:00,11.7,94,0.3,10.8,360,6.613092715395707e-16,-10.8
2014-02-19 08:00:00,12.1,91,0.3,12.6,3,-0.6594330486610982,-12.58273213790763
2014-02-19 09:00:00,12.1,91,0.3,13.7,355,1.1940336756429164,-13.647867363856914
2014-02-19 10:00:00,11.9,91,0.6,13.8,353,1.6817969389910354,-13.697136892650244
2014-02-19 11:00:00,12.1,90,0.7000000000000001,14.2,351,2.221369403571279,-14.025174436450955
2014-02-19 12:00:00,11.9,92,0.7000000000000001,14.9,345,3.856403772027559,-14.392294811707119
2014-02-19 13:00:00,11.7,94,1.0,18.3,344,5.044163611451085,-17.591089035671235
2014-02-19 14:00:00,11.0,94,1.2,16.2,3,-0.8478424911356978,-16.177798463024097
2014-02-19 15:00:00,11.0,93,1.1,12.1,10,-2.101142949769857,-11.916173811447717
2014-02-19 16:00:00,11.4,92,1.1,10.8,4,-0.7533699164365563,-10.773691742806102
2014-02-19 17:00:00,11.2,94,0.7000000000000001,12.6,2,-0.4397336584515096,-12.592324420440606
2014-02-19 18:00:00,10.7,95,0.1,13.7,358,0.4781231048242648,-13.691654330161612
2014-02-19 19:00:00,10.5,93,0.3,15.5,357,0.8112073217656315,-15.478757788695894
2014-02-19 20:00:00,10.2,93,0.3,15.2,5,-1.3247672897644054,-15.142159410994532
2014-02-19 21:00:00,10.2,93,0.3,14.6,9,-2.283943189587373,-14.42024977268901
2014-02-19 22:00:00,10.3,92,0.2,13.8,6,-1.4424927930936164,-13.724402156082174
2014-02-19 23:00:00,10.3,92,0.3,11.7,11,-2.232465245905572,-11.485038046337667
2014-02-20 00:00:00,10.3,92,0.4,11.9,3,-0.6227978792910372,-11.88369146357943
2014-02-20 01:00:00,10.3,91,0.4,12.3,5,-1.0720156357961965,-12.253194786528471
2014-02-20 02:00:00,10.1,91,0.4,11.3,17,-3.3038002633669294,-10.8062437423823
2014-02-20 03:00:00,10.2,90,0.5,9.8,24,-3.986019102142841,-8.95274548489749
2014-02-20 04:00:00,10.4,88,0.4,9.7,15,-2.51054473749445,-9.369480515003962
2014-02-20 05:00:00,9.9,86,0.1,11.3,9,-1.7677094549546108,-11.160878248725057
2014-02-20 06:00:00,9.3,85,0.0,12.0,9,-1.8772135804827723,-11.852260087141651
2014-02-20 07:00:00,8.5,87,0.0,12.4,8,-1.7257464519048162,-12.279324052395472
2014-02-20 08:00:00,9.9,81,0.0,14.5,6,-1.5156627173809738,-14.420567482839964
2014-02-20 09:00:00,11.3,74,0.0,16.6,4,-1.1579574641524848,-16.55956323431308
2014-02-20 10:00:00,12.6,67,0.0,17.6,360,1.077689183249671e-15,-17.6
2014-02-20 11:00:00,13.9,61,0.0,18.0,359,0.3141433158711048,-17.997258512815044
2014-02-20 12:00:00,14.6,58,0.0,18.8,355,1.638527963655973,-18.728460324124818
2014-02-20 13:00:00,15.0,56,0.0,18.5,352,2.574702367761211,-18.319959271719053
2014-02-20 14:00:00,15.0,56,0.0,18.3,350,3.177761651304827,-18.02198188012341
2014-02-20 15:00:00,14.7,57,0.0,17.6,349,3.358238318627191,-17.276638428678886
2014-02-20 16:00:00,13.7,59,0.0,16.1,350,2.79573566043758,-15.855404823496551
2014-02-20 17:00:00,12.3,65,0.0,13.9,350,2.413709669570333,-13.688827766869691
2014-02-20 18:00:00,10.3,69,0.0,14.4,1,-0.25131465269688236,-14.397806810252035
2014-02-20 19:00:00,9.1,73,0.0,14.3,12,-2.973137178693965,-13.987510690493421
2014-02-20 20:00:00,7.9,79,0.0,12.5,12,-2.5988961352219975,-12.22684500917257
2014-02-20 21:00:00,8.6,71,0.0,10.7,20,-3.6596155335846534,-10.05471104240922
2014-02-20 22:00:00,9.1,67,0.0,7.7,28,-3.614931033451359,-6.798696465013738
2014-02-20 23:00:00,9.1,67,0.0,5.1,39,-3.2095339943541727,-3.96344440343055
2014-02-21 00:00:00,9.0,67,0.0,2.9,60,-2.5114736709748717,-1.4500000000000002
2014-02-21 01:00:00,5.7,78,0.0,1.8,79,-1.7669289302057951,-0.3434561916777805
2014-02-21 02:00:00,3.9,85,0.0,1.8,101,-1.7669289302057951,0.34345619167778096
2014-02-21 03:00:00,4.9,81,0.0,2.1,121,-1.8000513314744357,1.0815799573111142
2014-02-21 04:00:00,4.1,85,0.0,2.2,99,-2.172914349309303,0.3441558230885082
2014-02-21 05:00:00,3.8,86,0.0,2.9,90,-2.9,3.5514757175273243e-16
2014-02-21 06:00:00,3.8,88,0.0,4.3,90,-4.3,5.265981236333618e-16
2014-02-21 07:00:00,4.0,87,0.0,2.9,97,-2.8783838397598336,0.35342109587492787
2014-02-21 08:00:00,9.0,80,0.0,1.8,53,-1.437543918085127,-1.0832670416736871
2014-02-21 09:00:00,12.4,68,0.0,4.5,346,1.0886485301985045,-4.366330768241984
2014-02-21 10:00:00,14.0,64,0.0,6.2,324,3.6442685642133337,-5.0159053651246746
2014-02-21 11:00:00,15.2,63,0.0,6.6,311,4.981083229470295,-4.329989591337347
2014-02-21 12:00:00,16.0,62,0.0,7.9,300,6.841600689897066,-3.9499999999999997
2014-02-21 13:00:00,16.2,63,0.0,9.3,298,8.211412613588022,-4.366085533908785
2014-02-21 14:00:00,16.3,63,0.0,10.5,297,9.355568503977864,-4.766900247265241
2014-02-21 15:00:00,16.5,62,0.0,10.5,301,9.00025665737218,-5.407899786555569
2014-02-21 16:00:00,15.7,64,0.0,8.8,305,7.208537989743128,-5.047472639889206
2014-02-21 17:00:00,14.9,68,0.0,6.4,308,5.043268823083021,-3.9402334420842133
2014-02-21 18:00:00,13.7,73,0.0,5.3,298,4.679622242152313,-2.4881992827652213
2014-02-21 19:00:00,12.4,83,0.0,3.0,284,2.9108871788279895,-0.7257656867990032
2014-02-21 20:00:00,11.1,88,0.1,2.3,309,1.7874357113510329,-1.4474368994146258
2014-02-21 21:00:00,10.8,88,0.0,1.9,338,0.7117525274902327,-1.761649323676896
2014-02-21 22:00:00,10.9,87,0.0,1.1,72,-1.046162167924669,-0.33991869381244205
2014-02-21 23:00:00,10.8,86,0.0,1.8,101,-1.7669289302057951,0.34345619167778096
2014-02-22 00:00:00,11.0,85,0.2,1.8,90,-1.8,2.2043642384652358e-16
2014-02-22 01:00:00,11.5,83,0.1,2.2,81,-2.1729143493093033,-0.3441558230885076
2014-02-22 02:00:00,11.9,82,0.2,2.6,56,-2.1554976886431088,-1.4539015490239415
2014-02-22 03:00:00,12.5,79,0.0,2.3,39,-1.447436899414627,-1.7874357113510322
2014-02-22 04:00:00,12.3,80,0.0,2.5,45,-1.7677669529663693,-1.7677669529663687
2014-02-22 05:00:00,12.1,80,0.0,2.9,60,-2.5114736709748717,-1.4500000000000002
2014-02-22 06:00:00,11.9,79,0.0,4.4,99,-4.345828698618606,0.6883116461770163
2014-02-22 07:00:00,12.1,77,0.0,2.2,81,-2.1729143493093033,-0.3441558230885076
2014-02-22 08:00:00,13.1,82,0.0,0.5,45,-0.35355339059327384,-0.35355339059327373
2014-02-22 09:00:00,15.3,77,0.0,4.3,294,3.9282454678631837,-1.7489675652259409
2014-02-22 10:00:00,16.2,73,0.0,7.3,303,6.122295146001595,-3.9758649556096977
2014-02-22 11:00:00,17.0,71,0.3,9.4,310,7.200817765318393,-6.042203531053469
2014-02-22 12:00:00,17.6,70,0.2,10.7,312,7.951649632608118,-7.159697488039782
2014-02-22 13:00:00,17.6,66,0.1,11.1,324,6.524416300446451,-8.980088637561916
2014-02-22 14:00:00,17.4,67,0.0,10.8,330,5.400000000000001,-9.353074360871938
2014-02-22 15:00:00,17.0,71,0.0,10.4,340,3.557009490586956,-9.772803256173447
2014-02-22 16:00:00,16.6,72,0.0,10.1,343,2.952954217699641,-9.658678035226657
2014-02-22 17:00:00,16.0,75,0.0,8.7,343,2.5436338310878095,-8.319851376878407
2014-02-22 18:00:00,15.0,80,0.0,8.9,339,3.1894747509531736,-8.308865795825096
2014-02-22 19:00:00,13.8,89,0.0,8.8,348,1.8296228791962834,-8.60769888645749
2014-02-22 20:00:00,13.5,88,0.1,9.4,360,5.755839955992561e-16,-9.4
2014-02-22 21:00:00,14.1,86,0.0,8.1,13,-1.8221035401853085,-7.892397524760404
2014-02-22 22:00:00,13.8,88,0.0,6.3,24,-2.5624408513775405,-5.755336383148386
2014-02-22 23:00:00,13.7,89,0.0,4.6,39,-2.894873798829254,-3.5748714227020644
2014-02-23 00:00:00,13.7,87,0.0,4.1,52,-3.23084408978756,-2.5242120488351985
2014-02-23 01:00:00,13.3,87,0.0,3.5,66,-3.197409101749103,-1.4235782507653008
2014-02-23 02:00:00,12.9,87,0.0,2.8,50,-2.1449244407331385,-1.7998053071223097
2014-02-23 03:00:00,11.7,84,0.0,2.6,34,-1.453901549023941,-2.1554976886431088
2014-02-23 04:00:00,11.7,82,0.0,2.8,40,-1.7998053071223103,-2.144924440733138
2014-02-23 05:00:00,10.8,84,0.0,2.6,56,-2.1554976886431088,-1.4539015490239415
2014-02-23 06:00:00,9.8,84,0.0,3.7,79,-3.632020578756357,-0.7059932828932155
2014-02-23 07:00:00,10.0,83,0.0,2.3,51,-1.7874357113510326,-1.4474368994146265
2014-02-23 08:00:00,14.1,78,0.0,1.0,45,-0.7071067811865477,-0.7071067811865475
2014-02-23 09:00:00,16.5,76,0.0,5.1,309,3.963444403430551,-3.2095339943541705
2014-02-23 10:00:00,17.5,77,0.0,7.5,305,6.143640332167439,-4.301823272632845
2014-02-23 11:00:00,18.4,75,0.0,8.5,306,6.876644452187053,-4.996174644486022
2014-02-23 12:00:00,19.1,70,0.0,8.9,310,6.817795543758905,-5.7208097262102
2014-02-23 13:00:00,19.4,68,0.0,9.7,315,6.858935777509511,-6.85893577750951
2014-02-23 14:00:00,19.4,68,0.0,9.9,316,6.877117867544073,-7.121464023352646
2014-02-23 15:00:00,18.2,78,0.2,9.9,327,5.391926446648768,-8.302838622659698
2014-02-23 16:00:00,17.8,79,0.5,9.5,335,4.014873486536644,-8.609923976848174
2014-02-23 17:00:00,17.5,80,0.6,6.9,351,1.0793978087775935,-6.815049550106451
2014-02-23 18:00:00,16.9,84,0.0,4.0,350,0.6945927106677217,-3.939231012048832
2014-02-23 19:00:00,16.8,80,0.0,2.4,27,-1.0895771993749126,-2.138415658052083
2014-02-23 20:00:00,16.3,81,0.0,1.1,18,-0.33991869381244233,-1.0461621679246689
2014-02-23 21:00:00,13.7,87,0.0,1.1,90,-1.1,1.3471114790620887e-16
2014-02-23 22:00:00,12.7,89,0.0,1.1,90,-1.1,1.3471114790620887e-16
2014-02-23 23:00:00,12.5,88,0.0,1.8,53,-1.437543918085127,-1.0832670416736871
2014-02-24 00:00:00,12.8,87,0.0,2.1,59,-1.800051331474436,-1.0815799573111138
2014-02-24 01:00:00,12.5,86,0.1,2.3,51,-1.7874357113510326,-1.4474368994146265
2014-02-24 02:00:00,11.6,88,0.1,2.6,74,-2.499280409439629,-0.7166571251241974
2014-02-24 03:00:00,10.1,88,0.0,2.9,60,-2.5114736709748717,-1.4500000000000002
2014-02-24 04:00:00,9.7,89,0.0,3.3,77,-3.2154212137912763,-0.7423384793347544
2014-02-24 05:00:00,9.1,88,0.0,2.9,90,-2.9,3.5514757175273243e-16
2014-02-24 06:00:00,8.7,89,0.0,1.9,158,-0.7117525274902329,1.761649323676896
2014-02-24 07:00:00,9.4,89,0.0,1.0,135,-0.7071067811865475,0.7071067811865476
2014-02-24 08:00:00,13.5,87,0.0,0.8,297,0.7128052193506944,-0.3631923997916374
2014-02-24 09:00:00,16.0,77,0.0,4.0,275,3.984778792366982,-0.34862297099063266
2014-02-24 10:00:00,17.3,76,0.0,6.6,261,6.518743047927909,1.0324674692655236
2014-02-24 11:00:00,18.6,73,0.0,9.0,268,8.994517443171862,0.31409547032250873
2014-02-24 12:00:00,19.3,71,0.0,11.5,274,11.471986577987979,-0.802199448057441
2014-02-24 13:00:00,19.4,70,0.0,12.5,282,12.226845009172571,-2.5988961352219917
2014-02-24 14:00:00,19.6,69,0.2,10.5,292,9.735430472951268,-3.933369230867076
2014-02-24 15:00:00,18.7,73,0.1,9.4,302,7.9716521038704045,-4.981241083792126
2014-02-24 16:00:00,18.2,74,0.0,8.4,313,6.143371093601032,-5.728786224524987
2014-02-24 17:00:00,17.4,77,0.0,7.1,319,4.658019105832602,-5.358438019581681
2014-02-24 18:00:00,16.2,81,0.0,7.4,331,3.587591189822895,-6.472185832831529
2014-02-24 19:00:00,15.1,89,0.0,6.8,360,4.1637991171010006e-16,-6.8
2014-02-24 20:00:00,15.2,85,0.0,5.2,34,-2.907803098047882,-4.3109953772862175
2014-02-24 21:00:00,15.1,85,0.0,3.7,61,-3.236092916415765,-1.7937955949114468
2014-02-24 22:00:00,14.9,84,0.0,3.0,76,-2.9108871788279895,-0.7257656867990026
2014-02-24 23:00:00,14.2,84,0.0,3.1,69,-2.8940993221413254,-1.1109406435904314
2014-02-25 00:00:00,12.9,86,0.0,3.0,76,-2.9108871788279895,-0.7257656867990026
2014-02-25 01:00:00,12.1,87,0.0,2.9,60,-2.5114736709748717,-1.4500000000000002
2014-02-25 02:00:00,11.4,87,0.0,3.1,54,-2.5079526825623377,-1.8221342821066664
2014-02-25 03:00:00,11.4,84,0.0,3.1,54,-2.5079526825623377,-1.8221342821066664
2014-02-25 04:00:00,11.6,83,0.0,2.9,60,-2.5114736709748717,-1.4500000000000002
2014-02-25 05:00:00,11.8,80,0.0,2.9,60,-2.5114736709748717,-1.4500000000000002
2014-02-25 06:00:00,10.6,82,0.0,2.7,67,-2.485363104321589,-1.0549740469210387
2014-02-25 07:00:00,10.6,81,0.0,2.6,74,-2.499280409439629,-0.7166571251241974
2014-02-25 08:00:00,15.5,75,0.0,2.6,74,-2.499280409439629,-0.7166571251241974
2014-02-25 09:00:00,18.3,65,0.0,2.6,326,1.4539015490239418,-2.1554976886431088
2014-02-25 10:00:00,19.6,65,0.0,4.4,305,3.604268994871564,-2.523736319944603
2014-02-25 11:00:00,20.7,63,0.0,5.4,307,4.312631754255381,-3.2498011250210608
2014-02-25 12:00:00,21.5,61,0.0,6.7,306,5.420413862312148,-3.93816119035957
2014-02-25 13:00:00,21.9,60,0.0,7.6,301,6.5144714853360535,-3.9142893693164114
2014-02-25 14:00:00,21.7,61,0.0,7.8,292,7.232034065620942,-2.921931428644114
2014-02-25 15:00:00,21.4,64,0.0,7.6,289,7.185941174554808,-2.474317973874391
2014-02-25 16:00:00,21.0,65,0.0,6.4,297,5.702441754805555,-2.9055391983330994
2014-02-25 17:00:00,20.1,68,0.0,5.4,307,4.312631754255381,-3.2498011250210608
2014-02-25 18:00:00,18.4,78,0.0,6.6,311,4.981083229470295,-4.329989591337347
2014-02-25 19:00:00,17.7,76,0.0,4.9,343,1.4326213531414103,-4.685893304218874
2014-02-25 20:00:00,17.1,78,0.0,3.6,37,-2.166534083347374,-2.875087836170254
2014-02-25 21:00:00,16.7,78,0.0,3.1,45,-2.192031021678298,-2.192031021678297
2014-02-25 22:00:00,15.9,80,0.0,3.2,63,-2.8512208774027776,-1.4527695991665495
2014-02-25 23:00:00,14.9,82,0.0,3.9,68,-3.616017032810471,-1.460965714322057
2014-02-26 00:00:00,14.0,83,0.0,5.0,69,-4.667902132486009,-1.7918397477265022
2014-02-26 01:00:00,13.7,83,0.0,4.3,85,-4.283637201794505,-0.37476969381492914
2014-02-26 02:00:00,13.3,83,0.0,3.6,90,-3.6,4.4087284769304716e-16
2014-02-26 03:00:00,12.1,87,0.0,3.3,96,-3.2819222547153015,0.3449439287832573
2014-02-26 04:00:00,11.7,89,0.0,3.2,90,-3.2,3.9188697572715305e-16
2014-02-26 05:00:00,11.5,89,0.0,2.9,90,-2.9,3.5514757175273243e-16
2014-02-26 06:00:00,11.3,89,0.0,3.2,90,-3.2,3.9188697572715305e-16
2014-02-26 07:00:00,11.6,90,0.0,2.5,90,-2.5,3.061616997868383e-16
2014-02-26 08:00:00,15.8,90,0.0,2.9,83,-2.878383839759834,-0.3534210958749272
2014-02-26 09:00:00,20.4,68,0.0,2.2,351,0.34415582308850806,-2.1729143493093033
2014-02-26 10:00:00,21.8,63,0.0,3.4,328,1.8017254983928965,-2.883363526931848
2014-02-26 11:00:00,22.8,63,0.0,5.9,313,4.314986839553106,-4.023790324368742
2014-02-26 12:00:00,22.9,63,0.0,7.7,307,6.149493427364155,-4.6339756782707715
2014-02-26 13:00:00,22.5,66,0.0,9.9,314,7.121464023352647,-6.877117867544073
2014-02-26 14:00:00,21.9,70,0.0,9.8,324,5.760295472466237,-7.9283665448744856
2014-02-26 15:00:00,21.9,69,0.0,10.3,331,4.993539088537273,-9.008582983535776
2014-02-26 16:00:00,21.3,71,0.0,9.8,343,2.8652427062828205,-9.371786608437748
2014-02-26 17:00:00,20.4,75,0.0,8.1,347,1.8221035401853058,-7.892397524760405
2014-02-26 18:00:00,19.2,79,0.0,8.7,353,1.060263287624783,-8.6351515192795
2014-02-26 19:00:00,17.7,86,0.0,8.9,27,-4.040515447681968,-7.929958065276474
2014-02-26 20:00:00,16.4,89,0.0,7.3,57,-6.122295146001595,-3.9758649556096977
2014-02-26 21:00:00,15.8,86,0.0,5.6,75,-5.4091846272187825,-1.4493866525741164
2014-02-26 22:00:00,15.2,86,0.0,3.9,68,-3.616017032810471,-1.460965714322057
2014-02-26 23:00:00,14.9,84,0.0,3.1,54,-2.5079526825623377,-1.8221342821066664
2014-02-27 00:00:00,14.7,82,0.0,3.1,54,-2.5079526825623377,-1.8221342821066664
2014-02-27 01:00:00,14.8,80,0.0,3.1,54,-2.5079526825623377,-1.8221342821066664
2014-02-27 02:00:00,14.5,80,0.0,3.4,58,-2.8833635269318485,-1.8017254983928963
2014-02-27 03:00:00,9.8,94,0.0,3.5,66,-3.197409101749103,-1.4235782507653008
2014-02-27 04:00:00,9.9,92,0.0,3.5,66,-3.197409101749103,-1.4235782507653008
2014-02-27 05:00:00,9.8,91,0.0,3.5,66,-3.197409101749103,-1.4235782507653008
2014-02-27 06:00:00,9.7,89,0.0,2.8,50,-2.1449244407331385,-1.7998053071223097
2014-02-27 07:00:00,10.1,89,0.0,3.3,49,-2.490541614735148,-2.1649947956686733
2014-02-27 08:00:00,15.0,88,0.0,3.3,49,-2.490541614735148,-2.1649947956686733
2014-02-27 09:00:00,19.4,70,0.0,4.6,342,1.4214781741247582,-4.3748599749577055
2014-02-27 10:00:00,20.9,69,0.0,6.7,324,3.93816119035957,-5.420413862312148
2014-02-27 11:00:00,22.1,67,0.0,8.4,320,5.399415921366931,-6.4347733221994154
2014-02-27 12:00:00,22.8,65,0.0,10.0,319,6.560590289905073,-7.54709580222772
2014-02-27 13:00:00,22.7,66,0.0,11.3,323,6.800509761618147,-9.02458126353441
2014-02-27 14:00:00,22.3,67,0.0,10.5,329,5.407899786555569,-9.00025665737218
2014-02-27 15:00:00,21.7,69,0.1,9.0,331,4.363286582217034,-7.871577364254562
2014-02-27 16:00:00,21.2,71,0.0,7.6,329,3.9142893693164114,-6.5144714853360535
2014-02-27 17:00:00,20.7,73,0.0,5.2,326,2.9078030980478835,-4.3109953772862175
2014-02-27 18:00:00,19.4,78,0.0,6.1,310,4.6728711030257655,-3.921004419087889
2014-02-27 19:00:00,17.6,90,0.0,3.1,324,1.8221342821066668,-2.5079526825623373
2014-02-27 20:00:00,17.5,86,0.2,2.3,39,-1.447436899414627,-1.7874357113510322
2014-02-27 21:00:00,17.3,86,0.3,2.0,45,-1.4142135623730954,-1.414213562373095
2014-02-27 22:00:00,16.8,87,0.3,1.5,45,-1.0606601717798214,-1.0606601717798212
2014-02-27 23:00:00,16.7,86,0.3,1.6,63,-1.4256104387013888,-0.7263847995832747
2014-02-28 00:00:00,16.8,86,0.4,1.1,18,-0.33991869381244233,-1.0461621679246689
2014-02-28 01:00:00,16.8,86,0.4,1.6,27,-0.7263847995832751,-1.4256104387013886
2014-02-28 02:00:00,16.4,87,0.7000000000000001,2.0,45,-1.4142135623730954,-1.414213562373095
2014-02-28 03:00:00,16.9,81,0.8,2.8,50,-2.1449244407331385,-1.7998053071223097
2014-02-28 04:00:00,16.6,81,0.8,3.4,58,-2.8833635269318485,-1.8017254983928963
2014-02-28 05:00:00,16.9,79,0.4,3.9,68,-3.616017032810471,-1.460965714322057
2014-02-28 06:00:00,16.7,78,0.1,3.1,54,-2.5079526825623377,-1.8221342821066664
2014-02-28 07:00:00,16.8,78,0.1,3.8,49,-2.867896404846534,-2.4930243101639267
2014-02-28 08:00:00,17.2,86,0.2,5.1,8,-0.7097828148963357,-5.050367150582008
2014-02-28 09:00:00,19.7,80,0.2,5.4,356,0.3766849582182763,-5.386845871403051
2014-02-28 10:00:00,20.7,74,0.1,4.5,346,1.0886485301985045,-4.366330768241984
2014-02-28 11:00:00,22.0,69,0.0,3.3,311,2.4905416147351476,-2.1649947956686737
2014-02-28 12:00:00,23.1,65,0.1,3.7,259,3.632020578756357,0.7059932828932158
2014-02-28 13:00:00,23.8,63,0.0,7.2,252,6.8476069173251055,2.2249223594996215
2014-02-28 14:00:00,23.7,65,0.3,12.3,273,12.283143277481258,-0.6437322617882092
2014-02-28 15:00:00,21.9,73,0.0,14.2,297,12.652292643474823,-6.4466650963015635
2014-02-28 16:00:00,19.7,82,0.4,8.3,326,4.641301098807199,-6.881011852206847
2014-02-28 17:00:00,19.1,85,0.2,6.6,338,2.4724035165450187,-6.1194134401407965
2014-02-28 18:00:00,18.3,89,0.0,6.2,339,2.2218812871808624,-5.788198644282651
2014-02-28 19:00:00,17.5,91,0.0,5.1,352,0.7097828148963339,-5.050367150582009
2014-02-28 20:00:00,17.4,91,0.0,3.6,6,-0.3763024677635521,-3.5802788233257843
2014-02-28 21:00:00,17.1,91,0.0,1.8,53,-1.437543918085127,-1.0832670416736871
2014-02-28 22:00:00,17.0,89,0.0,2.7,67,-2.485363104321589,-1.0549740469210387
2014-02-28 23:00:00,16.2,89,0.0,2.3,72,-2.187429987478853,-0.7107390870623786
2014-03-01 00:00:00,15.6,89,0.0,1.9,68,-1.761649323676896,-0.7117525274902328
2014-03-01 01:00:00,15.2,89,0.0,1.5,45,-1.0606601717798214,-1.0606601717798212
2014-03-01 02:00:00,14.0,92,0.0,2.4,63,-2.138415658052083,-1.089577199374912
2014-03-01 03:00:00,14.3,87,0.0,3.8,73,-3.6339580726595346,-1.1110124779463997
2014-03-01 04:00:00,15.7,81,0.0,3.7,61,-3.236092916415765,-1.7937955949114468
2014-03-01 05:00:00,15.7,80,0.0,4.0,63,-3.5640260967534716,-1.8159619989581868
2014-03-01 06:00:00,15.5,80,0.0,5.1,82,-5.050367150582008,-0.7097828148963341
2014-03-01 07:00:00,15.2,83,0.0,3.6,96,-3.580278823325784,0.37630246776355347
2014-03-01 08:00:00,17.4,81,0.0,2.3,108,-2.1874299874788528,0.7107390870623792
2014-03-01 09:00:00,20.4,70,0.0,1.8,217,1.0832670416736871,1.437543918085127
2014-03-01 10:00:00,21.0,69,0.0,4.3,246,3.9282454678631837,1.7489675652259409
2014-03-01 11:00:00,22.2,67,0.0,7.6,262,7.5260373224359345,1.0577155672964973
2014-03-01 12:00:00,23.0,66,0.0,8.3,270,8.3,0.0
2014-03-01 13:00:00,22.9,69,0.1,7.9,270,7.9,0.0
2014-03-01 14:00:00,23.0,67,0.2,5.8,270,5.8,0.0
2014-03-01 15:00:00,22.1,72,0.1,5.1,274,5.087576656325103,-0.35575801609503904
2014-03-01 16:00:00,21.9,74,0.0,4.0,280,3.939231012048832,-0.6945927106677213
2014-03-01 17:00:00,21.6,74,0.0,2.9,263,2.8783838397598336,0.35342109587492765
2014-03-01 18:00:00,21.3,75,0.0,2.6,304,2.1554976886431083,-1.453901549023942
2014-03-01 19:00:00,20.3,78,0.0,2.3,342,0.7107390870623791,-2.1874299874788528
2014-03-01 20:00:00,19.3,82,0.0,1.1,360,6.735557395310444e-17,-1.1
2014-03-01 21:00:00,18.6,85,0.0,0.4,360,2.4492935982947065e-17,-0.4
2014-03-01 22:00:00,16.9,91,0.2,0.7000000000000001,360,4.2862637970157366e-17,-0.7000000000000001
2014-03-01 23:00:00,15.5,94,0.1,2.6,74,-2.499280409439629,-0.7166571251241974
2014-03-02 00:00:00,15.8,92,0.0,2.4,63,-2.138415658052083,-1.089577199374912
2014-03-02 01:00:00,16.1,89,0.2,2.6,56,-2.1554976886431088,-1.4539015490239415
2014-03-02 02:00:00,15.6,90,0.1,3.4,58,-2.8833635269318485,-1.8017254983928963
2014-03-02 03:00:00,16.4,85,0.4,4.7,58,-3.9858260519352027,-2.4906205418960625
2014-03-02 04:00:00,16.4,85,0.2,5.0,60,-4.330127018922193,-2.5000000000000004
2014-03-02 05:00:00,16.6,84,0.0,4.6,45,-3.2526911934581193,-3.252691193458118
2014-03-02 06:00:00,16.2,85,0.0,4.6,39,-2.894873798829254,-3.5748714227020644
2014-03-02 07:00:00,16.7,84,0.0,4.9,17,-1.4326213531414118,-4.685893304218873
2014-03-02 08:00:00,17.0,90,0.0,8.4,350,1.4586446924022156,-8.272385125302547
2014-03-02 09:00:00,18.0,89,0.0,10.7,348,2.224655091750026,-10.46617932785172
2014-03-02 10:00:00,19.2,85,0.0,10.5,344,2.8941922360784913,-10.093247807352348
2014-03-02 11:00:00,20.6,79,0.0,10.3,335,4.352968095929205,-9.334970206477495
2014-03-02 12:00:00,21.5,76,0.0,10.3,331,4.993539088537273,-9.008582983535776
2014-03-02 13:00:00,22.0,74,0.0,9.8,324,5.760295472466237,-7.9283665448744856
2014-03-02 14:00:00,21.7,75,0.0,10.5,322,6.464445490919412,-8.274112912870581
2014-03-02 15:00:00,20.1,77,0.0,10.7,327,5.82763767466079,-8.973775077016036
2014-03-02 16:00:00,19.3,80,0.0,10.5,333,4.766900247265242,-9.355568503977862
2014-03-02 17:00:00,18.5,81,0.0,9.2,339,3.2969851358167634,-8.588939923774255
2014-03-02 18:00:00,17.2,85,0.0,8.2,331,3.975438886019964,-7.171881598543044
2014-03-02 19:00:00,16.2,89,0.0,7.5,343,2.192787785420526,-7.172285669722766
2014-03-02 20:00:00,15.3,92,0.0,7.8,347,1.7546182238821464,-7.6000865053248345
2014-03-02 21:00:00,14.9,92,0.0,7.3,349,1.3929056662487778,-7.165878439167947
2014-03-02 22:00:00,14.9,90,0.0,7.1,345,1.8376152202278973,-6.858073366652385
2014-03-02 23:00:00,14.5,92,0.0,7.6,355,0.6623836448822018,-7.571079705497266
2014-03-03 00:00:00,14.5,92,0.0,7.9,360,4.837354856632045e-16,-7.9
2014-03-03 01:00:00,14.6,92,0.0,7.2,6,-0.7526049355271042,-7.160557646651569
2014-03-03 02:00:00,14.7,91,0.3,6.7,16,-1.8467702839738926,-6.440453362786737
2014-03-03 03:00:00,14.2,86,0.0,7.2,6,-0.7526049355271042,-7.160557646651569
2014-03-03 04:00:00,13.6,88,0.1,7.9,360,4.837354856632045e-16,-7.9
2014-03-03 05:00:00,13.6,88,0.2,8.4,7,-1.0237024846032363,-8.337387673787106
2014-03-03 06:00:00,13.7,87,0.3,8.2,15,-2.122316169840669,-7.92059177557036
2014-03-03 07:00:00,14.3,85,0.1,6.8,18,-2.1013155617496433,-6.467184310807044
2014-03-03 08:00:00,15.0,90,0.1,6.2,7,-0.7555899291119125,-6.153786140176197
2014-03-03 09:00:00,16.4,82,0.1,5.4,340,1.8469087739586119,-5.074340152243905
2014-03-03 10:00:00,16.9,84,0.1,6.4,322,3.9402334420842133,-5.043268823083022
2014-03-03 11:00:00,17.3,84,0.3,7.9,321,4.971631089293717,-6.139453095510071
2014-03-03 12:00:00,17.6,85,0.4,6.7,324,3.93816119035957,-5.420413862312148
2014-03-03 13:00:00,18.0,85,0.5,7.4,321,4.656970893768798,-5.750880114781585
2014-03-03 14:00:00,18.1,87,0.8,6.9,313,5.046340541172277,-4.70578868443124
2014-03-03 15:00:00,17.8,86,0.0,7.1,319,4.658019105832602,-5.358438019581681
2014-03-03 16:00:00,17.8,86,0.0,6.9,317,4.70578868443124,-5.046340541172277
2014-03-03 17:00:00,17.2,88,0.0,5.6,315,3.9597979746446663,-3.9597979746446654
2014-03-03 18:00:00,16.5,90,0.0,4.3,318,2.8772616073430903,-3.195522749552795
2014-03-03 19:00:00,15.9,92,0.0,4.1,315,2.899137802864845,-2.8991378028648445
2014-03-03 20:00:00,15.4,94,0.0,3.1,324,1.8221342821066668,-2.5079526825623373
2014-03-03 21:00:00,15.0,95,0.0,2.8,320,1.7998053071223101,-2.1449244407331385
2014-03-03 22:00:00,14.9,96,0.0,3.2,333,1.45276959916655,-2.851220877402777
2014-03-03 23:00:00,14.6,96,0.0,3.3,347,0.7423384793347542,-3.2154212137912763
2014-03-04 00:00:00,13.9,97,0.2,5.0,360,3.061616997868383e-16,-5.0
2014-03-04 01:00:00,14.5,96,0.2,5.1,4,-0.35575801609504043,-5.087576656325103
2014-03-04 02:00:00,14.1,97,0.2,4.9,17,-1.4326213531414118,-4.685893304218873
2014-03-04 03:00:00,14.7,91,0.1,4.8,42,-3.211826910522519,-3.567095162291493
2014-03-04 04:00:00,14.5,91,0.0,4.9,54,-3.964183272437243,-2.880147736233118
2014-03-04 05:00:00,14.6,88,0.0,3.5,66,-3.197409101749103,-1.4235782507653008
2014-03-04 06:00:00,14.9,86,0.2,3.8,49,-2.867896404846534,-2.4930243101639267
2014-03-04 07:00:00,15.7,82,0.0,2.9,30,-1.4500000000000013,-2.5114736709748713
2014-03-04 08:00:00,16.1,89,0.0,4.4,351,0.6883116461770161,-4.3458286986186065
2014-03-04 09:00:00,18.1,80,0.1,4.3,355,0.37476969381492997,-4.283637201794505
2014-03-04 10:00:00,19.2,78,0.3,4.7,328,2.490620541896063,-3.9858260519352022
2014-03-04 11:00:00,20.5,74,0.0,6.4,308,5.043268823083021,-3.9402334420842133
2014-03-04 12:00:00,21.0,75,0.0,8.0,306,6.47213595499958,-4.702282018339785
2014-03-04 13:00:00,21.4,75,0.1,7.8,304,6.466493065929325,-4.361704647071826
2014-03-04 14:00:00,21.1,79,0.0,7.9,309,6.139453095510071,-4.971631089293716
2014-03-04 15:00:00,20.5,85,0.0,8.9,320,5.7208097262102005,-6.817795543758905
2014-03-04 16:00:00,19.4,90,0.1,9.8,324,5.760295472466237,-7.9283665448744856
2014-03-04 17:00:00,18.3,95,0.1,7.9,330,3.950000000000001,-6.841600689897065
2014-03-04 18:00:00,17.3,96,0.0,5.9,349,1.125773072721615,-5.791600382341218
2014-03-04 19:00:00,16.6,97,0.0,7.9,3,-0.41345405431926,-7.889173324561134
2014-03-04 20:00:00,16.0,98,0.0,9.0,355,0.7844016847289232,-8.96575228282571
2014-03-04 21:00:00,15.3,98,0.0,8.3,2,-0.28966582263075635,-8.294943864258496
2014-03-04 22:00:00,15.0,98,0.0,7.9,3,-0.41345405431926,-7.889173324561134
2014-03-04 23:00:00,14.9,97,0.0,8.7,7,-1.0602632876247804,-8.635151519279502
2014-03-05 00:00:00,14.6,97,0.0,9.1,9,-1.4235536318661024,-8.987963899415753
2014-03-05 01:00:00,14.4,96,0.0,9.2,11,-1.7554427574642102,-9.030970087718508
2014-03-05 02:00:00,14.3,96,0.0,8.5,12,-1.767249371950958,-8.314254606237347
2014-03-05 03:00:00,14.1,96,0.1,8.9,14,-2.1531048708370433,-8.635631963856369
2014-03-05 04:00:00,14.5,95,0.1,8.3,18,-2.564841053312065,-7.893769085249775
2014-03-05 05:00:00,14.8,93,0.0,8.6,15,-2.2258437878816775,-8.306962106085987
2014-03-05 06:00:00,14.5,93,0.0,9.2,11,-1.7554427574642102,-9.030970087718508
2014-03-05 07:00:00,14.4,93,0.0,9.1,7,-1.1090110249868392,-9.03216997993603
2014-03-05 08:00:00,15.0,90,0.0,10.2,10,-1.7712114122026892,-10.045039080724521
2014-03-05 09:00:00,16.6,84,0.0,9.6,13,-2.1595301217011063,-9.353952621938257
2014-03-05 10:00:00,18.2,80,0.0,7.2,354,0.752604935527105,-7.160557646651568
2014-03-05 11:00:00,19.5,77,0.1,7.7,323,4.633975678270772,-6.149493427364155
2014-03-05 12:00:00,20.0,75,0.0,8.2,311,6.18861855782673,-5.379684037722159
2014-03-05 13:00:00,20.5,74,0.0,9.7,315,6.858935777509511,-6.85893577750951
2014-03-05 14:00:00,20.4,74,0.3,9.4,320,6.04220353105347,-7.200817765318393
2014-03-05 15:00:00,19.1,78,0.0,9.0,323,5.4163352083684355,-7.187719590425635
2014-03-05 16:00:00,18.4,79,0.0,8.9,328,4.716281451675524,-7.547628055792192
2014-03-05 17:00:00,17.7,80,0.0,7.4,331,3.587591189822895,-6.472185832831529
2014-03-05 18:00:00,16.8,82,0.0,5.3,332,2.4881992827652213,-4.679622242152313
2014-03-05 19:00:00,15.7,88,0.0,6.3,329,3.244739871933341,-5.400153994423308
2014-03-05 20:00:00,15.3,88,0.0,6.2,339,2.2218812871808624,-5.788198644282651
2014-03-05 21:00:00,15.4,86,0.0,6.2,353,0.7555899291119145,-6.153786140176196
2014-03-05 22:00:00,15.3,86,0.0,5.1,356,0.35575801609503865,-5.087576656325103
2014-03-05 23:00:00,15.3,87,0.1,4.0,355,0.34862297099063255,-3.984778792366982
2014-03-06 00:00:00,15.1,87,0.1,4.0,360,2.4492935982947064e-16,-4.0
2014-03-06 01:00:00,15.0,87,0.2,4.8,333,2.1791543987498248,-4.276831316104166
2014-03-06 02:00:00,15.1,87,0.3,5.4,340,1.8469087739586119,-5.074340152243905
2014-03-06 03:00:00,15.3,81,0.5,4.0,5,-0.348622970990633,-3.984778792366982
2014-03-06 04:00:00,15.2,81,0.4,1.9,338,0.7117525274902327,-1.761649323676896
2014-03-06 05:00:00,15.0,84,0.6,2.0,315,1.4142135623730951,-1.414213562373095
2014-03-06 06:00:00,14.6,90,0.7000000000000001,2.9,277,2.8783838397598336,-0.35342109587492765
2014-03-06 07:00:00,14.6,93,0.6,2.6,286,2.499280409439629,-0.7166571251241979
2014-03-06 08:00:00,15.7,87,0.4,4.0,280,3.939231012048832,-0.6945927106677213
2014-03-06 09:00:00,16.7,85,0.4,5.4,290,5.074340152243906,-1.8469087739586112
2014-03-06 10:00:00,17.5,84,0.2,7.6,301,6.5144714853360535,-3.9142893693164114
2014-03-06 11:00:00,17.9,84,0.2,6.4,308,5.043268823083021,-3.9402334420842133
2014-03-06 12:00:00,18.3,83,0.2,5.0,291,4.667902132486009,-1.7918397477265013
2014-03-06 13:00:00,19.2,81,0.1,8.1,283,7.892397524760405,-1.8221035401853065
2014-03-06 14:00:00,19.2,81,0.2,9.6,290,9.02104915954472,-3.2833933759264196
2014-03-06 15:00:00,17.4,86,0.1,7.3,303,6.122295146001595,-3.9758649556096977
2014-03-06 16:00:00,17.1,87,0.0,5.3,298,4.679622242152313,-2.4881992827652213
2014-03-06 17:00:00,17.1,87,0.0,6.8,302,5.766727053863696,-3.603450996785793
2014-03-06 18:00:00,16.2,90,0.0,6.9,321,4.342310698243879,-5.3623071340531
2014-03-06 19:00:00,15.6,93,0.0,8.2,331,3.975438886019964,-7.171881598543044
2014-03-06 20:00:00,14.8,95,0.3,9.3,344,2.5634274090980926,-8.939733772226367
2014-03-06 21:00:00,14.3,95,0.2,10.1,2,-0.35248491669525767,-10.093847352892867
2014-03-06 22:00:00,14.1,96,0.1,9.1,353,1.1090110249868421,-9.032169979936029
2014-03-06 23:00:00,13.9,96,0.2,8.7,355,0.7582549619046257,-8.666893873398186
2014-03-07 00:00:00,13.6,97,0.3,7.9,3,-0.41345405431926,-7.889173324561134
2014-03-07 01:00:00,13.7,97,0.5,7.6,357,0.3977532674463741,-7.589584464134761
2014-03-07 02:00:00,13.4,96,0.6,9.4,4,-0.6557108531947805,-9.377102072442348
2014-03-07 03:00:00,13.7,94,0.5,7.6,8,-1.0577155672965002,-7.526037322435934
2014-03-07 04:00:00,14.0,90,0.3,7.0,12,-1.4553818357243185,-6.847033205136639
2014-03-07 05:00:00,14.2,88,0.1,6.2,10,-1.0766187015349682,-6.10580806867569
2014-03-07 06:00:00,14.3,87,0.0,6.7,16,-1.8467702839738926,-6.440453362786737
2014-03-07 07:00:00,14.5,86,0.0,3.8,17,-1.111012477946401,-3.633958072659534
2014-03-07 08:00:00,15.7,87,0.0,3.6,323,2.1665340833473743,-2.875087836170254
2014-03-07 09:00:00,17.2,83,0.0,7.2,307,5.750175672340508,-4.333068166694748
2014-03-07 10:00:00,18.5,81,0.0,11.0,319,7.2166493188955805,-8.301805382450492
2014-03-07 11:00:00,19.8,78,0.0,10.7,327,5.82763767466079,-8.973775077016036
2014-03-07 12:00:00,20.1,77,0.2,10.1,325,5.793122007145566,-8.273435647318816
2014-03-07 13:00:00,20.5,77,0.2,10.2,312,7.580077219869421,-6.825132184860354
2014-03-07 14:00:00,20.6,76,0.0,10.7,310,8.196675541373065,-6.87782742364597
2014-03-07 15:00:00,19.9,75,0.2,10.9,314,7.8408038236912985,-7.57177623800307
2014-03-07 16:00:00,19.1,77,0.0,11.2,320,7.1992212284892405,-8.579697762932554
2014-03-07 17:00:00,18.0,79,0.1,9.6,326,5.368251873319169,-7.9587606965284
2014-03-07 18:00:00,16.6,84,0.0,7.5,325,4.301823272632846,-6.143640332167439
2014-03-07 19:00:00,15.9,86,0.0,7.1,336,2.8878301658381815,-6.486172749262466
2014-03-07 20:00:00,15.7,88,0.0,4.9,343,1.4326213531414103,-4.685893304218874
2014-03-07 21:00:00,15.3,92,0.0,4.7,337,1.8364363038995866,-4.32637281122647
2014-03-07 22:00:00,15.4,90,0.0,4.6,321,2.894873798829252,-3.5748714227020657
2014-03-07 23:00:00,15.0,92,0.0,4.1,322,2.524212048835199,-3.23084408978756
2014-03-08 00:00:00,15.4,90,0.1,3.6,354,0.3763024677635525,-3.580278823325784
2014-03-08 01:00:00,15.2,91,0.1,4.0,5,-0.348622970990633,-3.984778792366982
2014-03-08 02:00:00,15.3,90,0.0,4.0,10,-0.6945927106677213,-3.939231012048832
2014-03-08 03:00:00,14.9,92,0.2,3.8,17,-1.111012477946401,-3.633958072659534
2014-03-08 04:00:00,14.9,92,0.0,3.5,24,-1.4235782507653003,-3.1974091017491033
2014-03-08 05:00:00,14.4,93,0.3,3.0,14,-0.7257656867990033,-2.9108871788279895
2014-03-08 06:00:00,14.7,93,0.3,3.3,354,0.3449439287832564,-3.2819222547153015
2014-03-08 07:00:00,14.3,94,0.8,1.8,360,1.1021821192326179e-16,-1.8
2014-03-08 08:00:00,15.9,92,0.0,1.5,315,1.0606601717798214,-1.0606601717798212
2014-03-08 09:00:00,16.8,89,0.0,3.1,306,2.5079526825623373,-1.8221342821066668
2014-03-08 10:00:00,17.6,89,0.0,4.5,299,3.935788682127281,-2.1816432911085166
2014-03-08 11:00:00,17.9,91,0.3,6.2,306,5.0159053651246746,-3.6442685642133337
2014-03-08 12:00:00,18.7,89,0.2,3.6,307,2.875087836170254,-2.166534083347374
2014-03-08 13:00:00,19.7,86,0.3,5.7,305,4.669166652447253,-3.2693856872009626
2014-03-08 14:00:00,18.9,89,0.4,10.0,322,6.156614753256583,-7.88010753606722
2014-03-08 15:00:00,17.2,95,0.6,10.6,336,4.311408416603482,-9.683581851011569
2014-03-08 16:00:00,16.4,94,0.0,10.4,346,2.515987714236544,-10.091075553270363
2014-03-08 17:00:00,15.8,92,0.0,10.5,354,1.0975488643103612,-10.44247990136687
2014-03-08 18:00:00,14.9,94,0.0,8.7,5,-0.7582549619046267,-8.666893873398186
2014-03-08 19:00:00,14.3,95,0.1,8.0,5,-0.697245941981266,-7.969557584733964
2014-03-08 20:00:00,14.1,95,0.0,7.8,13,-1.7546182238821488,-7.600086505324834
2014-03-08 21:00:00,14.0,95,0.0,7.0,21,-2.508575646817105,-6.535062985480412
2014-03-08 22:00:00,14.1,95,0.0,8.1,21,-2.9027803913169357,-7.562001454627333
2014-03-08 23:00:00,14.1,95,0.0,9.8,17,-2.8652427062828236,-9.371786608437747
2014-03-09 00:00:00,14.0,95,0.0,9.8,17,-2.8652427062828236,-9.371786608437747
2014-03-09 01:00:00,13.7,95,0.0,10.0,13,-2.2495105434386526,-9.743700647852352
2014-03-09 02:00:00,12.9,96,0.0,10.5,8,-1.4613175600806911,-10.397814721786487
2014-03-09 03:00:00,12.8,94,0.0,10.5,8,-1.4613175600806911,-10.397814721786487
2014-03-09 04:00:00,13.0,94,0.0,9.8,17,-2.8652427062828236,-9.371786608437747
2014-03-09 05:00:00,12.9,94,0.0,9.2,21,-3.296985135816766,-8.588939923774255
2014-03-09 06:00:00,12.6,93,0.0,9.9,19,-3.2231247291258507,-9.360633898433237
2014-03-09 07:00:00,12.7,93,0.0,10.0,15,-2.5881904510252065,-9.659258262890683
2014-03-09 08:00:00,15.1,85,0.0,11.9,3,-0.6227978792910372,-11.88369146357943
2014-03-09 09:00:00,16.2,83,0.0,14.1,354,1.4738513320739137,-14.022758724692652
2014-03-09 10:00:00,17.1,80,0.0,14.9,352,2.0736792043049754,-14.7549942242494
2014-03-09 11:00:00,18.3,77,0.0,14.0,348,2.9107636714486325,-13.694066410273278
2014-03-09 12:00:00,18.6,75,0.0,13.7,342,4.2335328229367795,-13.029474273243602
2014-03-09 13:00:00,18.5,75,0.0,13.6,338,5.094649670456403,-12.60970042210831
2014-03-09 14:00:00,18.8,73,0.0,13.9,335,5.874393838195722,-12.597678239809435
2014-03-09 15:00:00,17.6,73,0.0,14.2,336,5.775660331676363,-12.972345498524932
2014-03-09 16:00:00,16.7,75,0.0,13.6,338,5.094649670456403,-12.60970042210831
2014-03-09 17:00:00,15.8,76,0.0,11.2,339,4.013721034907364,-10.45610077676866
2014-03-09 18:00:00,14.7,80,0.0,8.1,339,2.902780391316933,-7.5620014546273335
2014-03-09 19:00:00,14.1,82,0.0,6.7,344,1.8467702839738944,-6.440453362786736
2014-03-09 20:00:00,13.4,87,0.4,3.8,343,1.1110124779463997,-3.6339580726595346
2014-03-09 21:00:00,12.9,90,0.1,4.6,321,2.894873798829252,-3.5748714227020657
2014-03-09 22:00:00,12.5,91,0.4,5.1,321,3.209533994354171,-3.963444403430551
2014-03-09 23:00:00,12.1,91,0.0,4.0,333,1.8159619989581872,-3.564026096753471
2014-03-10 00:00:00,12.6,90,0.2,2.8,320,1.7998053071223101,-2.1449244407331385
2014-03-10 01:00:00,12.5,92,0.2,2.6,304,2.1554976886431083,-1.453901549023942
2014-03-10 02:00:00,12.9,93,0.5,3.1,315,2.1920310216782974,-2.192031021678297
2014-03-10 03:00:00,12.8,92,0.2,2.8,320,1.7998053071223101,-2.1449244407331385
2014-03-10 04:00:00,12.4,93,0.2,2.3,321,1.447436899414626,-1.7874357113510329
2014-03-10 05:00:00,12.5,93,0.2,2.0,315,1.4142135623730951,-1.414213562373095
2014-03-10 06:00:00,12.4,94,0.2,0.0,270,0.0,0.0
2014-03-10 07:00:00,12.4,95,0.2,2.2,270,2.2,0.0
2014-03-10 08:00:00,14.6,87,0.2,3.2,270,3.2,0.0
2014-03-10 09:00:00,15.9,85,0.2,6.2,277,6.153786140176196,-0.7555899291119144
2014-03-10 10:00:00,17.3,81,0.0,9.0,275,8.96575228282571,-0.7844016847289235
2014-03-10 11:00:00,18.2,80,0.1,9.7,274,9.676371287520293,-0.6766377953180154
2014-03-10 12:00:00,18.9,79,0.3,9.4,274,9.377102072442348,-0.6557108531947778
2014-03-10 13:00:00,19.0,79,0.4,8.3,270,8.3,0.0
2014-03-10 14:00:00,18.2,80,0.6,8.3,268,8.294943864258496,0.2896658226307581
2014-03-10 15:00:00,16.7,88,0.8,7.6,270,7.6,0.0
2014-03-10 16:00:00,16.2,89,0.8,6.2,280,6.10580806867569,-1.0766187015349682
2014-03-10 17:00:00,15.8,90,0.8,4.5,284,4.366330768241984,-1.0886485301985047
2014-03-10 18:00:00,15.5,92,0.8,3.6,307,2.875087836170254,-2.166534083347374
2014-03-10 19:00:00,15.2,93,0.7000000000000001,3.3,319,2.1649947956686737,-2.4905416147351476
2014-03-10 20:00:00,15.0,95,0.3,3.7,331,1.7937955949114475,-3.2360929164157644
2014-03-10 21:00:00,14.9,95,0.2,4.0,333,1.8159619989581872,-3.564026096753471
2014-03-10 22:00:00,14.4,95,0.2,4.2,329,2.1631599146222276,-3.600102662948872
2014-03-10 23:00:00,14.8,94,0.2,2.9,7,-0.35342109587492676,-2.878383839759834
2014-03-11 00:00:00,15.1,93,0.3,1.4,360,8.572527594031472e-17,-1.4
2014-03-11 01:00:00,15.2,92,0.2,3.1,315,2.1920310216782974,-2.192031021678297
2014-03-11 02:00:00,14.6,95,0.2,2.1,329,1.0815799573111138,-1.800051331474436
2014-03-11 03:00:00,14.7,92,0.2,1.1,18,-0.33991869381244233,-1.0461621679246689
2014-03-11 04:00:00,14.8,92,0.2,0.8,27,-0.36319239979163753,-0.7128052193506943
2014-03-11 05:00:00,14.4,94,0.0,1.9,338,0.7117525274902327,-1.761649323676896
2014-03-11 06:00:00,14.2,95,0.3,2.9,360,1.7757378587636622e-16,-2.9
2014-03-11 07:00:00,14.5,94,0.2,1.8,11,-0.3434561916777803,-1.7669289302057951
2014-03-11 08:00:00,15.9,89,0.0,2.7,337,1.0549740469210391,-2.485363104321589
2014-03-11 09:00:00,17.1,87,0.0,4.9,324,2.8801477362331185,-3.9641832724372428
2014-03-11 10:00:00,18.1,85,0.0,7.7,311,5.811263767715345,-5.051654523226906
2014-03-11 11:00:00,19.1,84,0.1,9.9,303,8.302838622659698,-5.391926446648768
2014-03-11 12:00:00,19.5,83,0.2,10.8,307,8.625263508510763,-6.4996022500421216
2014-03-11 13:00:00,20.1,81,0.2,9.8,306,7.9283665448744856,-5.760295472466237
2014-03-11 14:00:00,20.5,79,0.0,8.9,310,6.817795543758905,-5.7208097262102
2014-03-11 15:00:00,18.1,86,0.5,8.1,315,5.727564927611035,-5.727564927611034
2014-03-11 16:00:00,17.8,88,0.3,6.9,317,4.70578868443124,-5.046340541172277
2014-03-11 17:00:00,17.2,89,0.1,6.1,320,3.92100441908789,-4.6728711030257655
2014-03-11 18:00:00,16.6,93,0.0,5.7,342,1.7613968679372005,-5.421022142882375
2014-03-11 19:00:00,16.1,95,0.0,5.0,339,1.791839747726502,-4.667902132486009
2014-03-11 20:00:00,15.5,96,0.2,3.0,346,0.725765686799003,-2.9108871788279895
2014-03-11 21:00:00,15.2,97,0.1,0.5,45,-0.35355339059327384,-0.35355339059327373
2014-03-11 22:00:00,15.0,97,0.2,0.7000000000000001,180,4.2862637970157366e-17,0.7000000000000001
2014-03-11 23:00:00,14.9,96,0.1,0.5,135,-0.35355339059327373,0.3535533905932738
2014-03-12 00:00:00,14.9,96,0.1,0.8,117,-0.7128052193506943,0.36319239979163753
2014-03-12 01:00:00,14.6,96,0.0,0.8,333,0.3631923997916375,-0.7128052193506943
2014-03-12 02:00:00,14.8,95,0.1,1.1,360,6.735557395310444e-17,-1.1
2014-03-12 03:00:00,15.2,90,0.0,1.8,37,-1.083267041673687,-1.437543918085127
2014-03-12 04:00:00,15.0,91,0.0,2.0,45,-1.4142135623730954,-1.414213562373095
2014-03-12 05:00:00,14.9,91,0.0,2.4,63,-2.138415658052083,-1.089577199374912
2014-03-12 06:00:00,14.7,92,0.0,1.6,63,-1.4256104387013888,-0.7263847995832747
2014-03-12 07:00:00,14.9,92,0.0,2.2,351,0.34415582308850806,-2.1729143493093033
2014-03-12 08:00:00,15.9,91,0.8,1.8,53,-1.437543918085127,-1.0832670416736871
2014-03-12 09:00:00,17.7,86,0.4,3.1,249,2.8940993221413254,1.1109406435904308
2014-03-12 10:00:00,19.1,84,0.3,6.5,251,6.1458707413955596,2.1161930039715187
2014-03-12 11:00:00,20.4,83,0.4,6.1,230,4.6728711030257655,3.921004419087889
2014-03-12 12:00:00,20.5,89,0.7000000000000001,7.1,229,5.358438019581681,4.658019105832602
2014-03-12 13:00:00,21.9,90,0.6,7.7,233,6.149493427364155,4.6339756782707715
2014-03-12 14:00:00,22.0,86,0.0,9.4,227,6.874724795220202,6.410784584587486
2014-03-12 15:00:00,23.3,80,0.0,10.3,209,4.993539088537273,9.008582983535776
2014-03-12 16:00:00,23.3,78,0.3,11.0,203,4.298042413382011,10.125553387976844
2014-03-12 17:00:00,22.7,80,0.3,8.8,199,2.8649997592229797,8.320563465273988
2014-03-12 18:00:00,21.7,83,0.3,7.8,167,-1.7546182238821473,7.6000865053248345
2014-03-12 19:00:00,20.4,86,0.3,7.9,150,-3.9499999999999984,6.841600689897066
2014-03-12 20:00:00,19.3,89,0.7000000000000001,7.6,161,-2.4743179738743906,7.185941174554808
2014-03-12 21:00:00,18.6,88,1.2,9.0,151,-4.363286582217033,7.871577364254563
2014-03-12 22:00:00,18.2,88,0.7000000000000001,8.4,155,-3.5499933986218744,7.612985411107861
2014-03-12 23:00:00,18.4,86,0.2,8.5,144,-4.996174644486021,6.876644452187053
2014-03-13 00:00:00,18.5,86,0.2,8.2,139,-5.379684037722158,6.1886185578267305
2014-03-13 01:00:00,18.6,85,0.9,5.6,140,-3.5996106142446203,4.289848881466277
2014-03-13 02:00:00,18.1,87,2.2,1.8,143,-1.0832670416736871,1.4375439180851268
2014-03-13 03:00:00,19.1,80,2.3,2.3,39,-1.447436899414627,-1.7874357113510322
2014-03-13 04:00:00,17.7,89,2.3,3.2,27,-1.4527695991665501,-2.851220877402777
2014-03-13 05:00:00,18.2,88,1.3,3.1,45,-2.192031021678298,-2.192031021678297
2014-03-13 06:00:00,18.3,86,0.6,4.3,90,-4.3,5.265981236333618e-16
2014-03-13 07:00:00,18.2,87,0.6,3.7,61,-3.236092916415765,-1.7937955949114468
2014-03-13 08:00:00,18.2,93,0.3,4.0,355,0.34862297099063255,-3.984778792366982
2014-03-13 09:00:00,18.7,94,0.3,5.8,330,2.9000000000000004,-5.0229473419497435
2014-03-13 10:00:00,19.4,92,0.2,7.8,326,4.361704647071825,-6.466493065929326
2014-03-13 11:00:00,20.1,90,0.0,8.9,333,4.040515447681967,-7.929958065276474
2014-03-13 12:00:00,21.0,86,0.0,9.1,326,5.088655421583796,-7.5442419102508795
2014-03-13 13:00:00,21.2,86,0.1,10.5,329,5.407899786555569,-9.00025665737218
2014-03-13 14:00:00,21.4,85,0.0,10.2,337,3.985457510590592,-9.389149505214892
2014-03-13 15:00:00,20.9,88,0.2,11.4,332,5.351975815759156,-10.065602558591767
2014-03-13 16:00:00,19.7,91,0.3,10.8,334,4.734408385322037,-9.706975700031006
2014-03-13 17:00:00,18.4,92,0.3,10.5,338,3.9333692308670756,-9.735430472951268
2014-03-13 18:00:00,16.8,94,0.4,8.7,343,2.5436338310878095,-8.319851376878407
2014-03-13 19:00:00,16.2,94,0.3,10.3,348,2.1414904154229224,-10.074920287558198
2014-03-13 20:00:00,15.9,95,0.2,10.5,352,1.4613175600806874,-10.397814721786489
2014-03-13 21:00:00,15.5,95,0.0,10.4,358,0.36295476570601126,-10.393664600998596
2014-03-13 22:00:00,15.3,94,0.0,9.0,2,-0.31409547032250684,-8.994517443171862
2014-03-13 23:00:00,15.0,94,0.0,9.7,4,-0.676637795318018,-9.676371287520293
2014-03-14 00:00:00,14.5,96,0.0,9.1,7,-1.1090110249868392,-9.03216997993603
2014-03-14 01:00:00,14.2,96,0.0,8.3,5,-0.7233926648055635,-8.268415994161488
2014-03-14 02:00:00,13.5,97,0.0,8.7,17,-2.5436338310878126,-8.319851376878407
2014-03-14 03:00:00,13.8,91,0.0,7.7,11,-1.4692292643993936,-7.558529312547013
2014-03-14 04:00:00,13.0,94,0.0,9.0,2,-0.31409547032250684,-8.994517443171862
2014-03-14 05:00:00,12.4,95,0.0,9.1,9,-1.4235536318661024,-8.987963899415753
2014-03-14 06:00:00,12.4,93,0.0,8.5,12,-1.767249371950958,-8.314254606237347
2014-03-14 07:00:00,13.0,91,0.0,7.3,9,-1.1419715947936866,-7.210124886344505
2014-03-14 08:00:00,14.9,84,0.0,7.2,3,-0.376818884949199,-7.190132650232932
2014-03-14 09:00:00,16.3,80,0.0,9.0,337,3.5165801564034633,-8.284543681071963
2014-03-14 10:00:00,17.7,76,0.0,10.0,330,5.000000000000001,-8.660254037844386
2014-03-14 11:00:00,18.7,74,0.0,12.0,327,6.5356684201803255,-10.064046815345089
2014-03-14 12:00:00,19.2,73,0.0,12.9,330,6.450000000000002,-11.171727708819258
2014-03-14 13:00:00,19.1,73,0.0,13.5,335,5.705346533499442,-12.235155124994774
2014-03-14 14:00:00,19.2,71,0.0,14.8,337,5.782820701641251,-13.623471831096118
2014-03-14 15:00:00,18.0,67,0.0,15.4,339,5.518866422997626,-14.377138568056907
2014-03-14 16:00:00,17.0,68,0.0,14.2,344,3.914050452601388,-13.649916082324127
2014-03-14 17:00:00,15.7,70,0.0,11.4,342,3.522793735874401,-10.84204428576475
2014-03-14 18:00:00,14.6,72,0.0,8.4,340,2.872969203935618,-7.893418014601631
2014-03-14 19:00:00,14.0,74,0.0,7.6,357,0.3977532674463741,-7.589584464134761
2014-03-14 20:00:00,14.2,73,0.0,5.9,346,1.4273391840380394,-5.7247447850283795
2014-03-14 21:00:00,14.3,71,0.0,3.0,346,0.725765686799003,-2.9108871788279895
2014-03-14 22:00:00,14.1,73,0.0,2.0,315,1.4142135623730951,-1.414213562373095
2014-03-14 23:00:00,13.2,79,0.0,0.4,270,0.4,0.0
2014-03-15 00:00:00,12.3,84,0.0,1.4,180,8.572527594031472e-17,1.4
2014-03-15 01:00:00,12.0,86,0.0,2.2,189,0.34415582308850806,2.1729143493093033
2014-03-15 02:00:00,11.5,88,0.0,1.0,225,0.7071067811865476,0.7071067811865475
2014-03-15 03:00:00,13.8,78,0.0,1.5,225,1.0606601717798214,1.0606601717798212
2014-03-15 04:00:00,13.2,81,0.0,3.1,201,1.1109406435904312,2.8940993221413254
2014-03-15 05:00:00,12.2,86,0.0,5.0,201,1.791839747726502,4.667902132486009
2014-03-15 06:00:00,11.8,88,0.0,5.9,194,1.4273391840380394,5.7247447850283795
2014-03-15 07:00:00,12.7,88,0.0,5.2,192,1.0811407922523493,5.086367523815789
2014-03-15 08:00:00,15.1,83,0.0,5.3,208,2.4881992827652213,4.679622242152313
2014-03-15 09:00:00,16.6,79,0.0,7.8,236,6.466493065929325,4.361704647071826
2014-03-15 10:00:00,18.3,75,0.0,9.8,262,9.70462707366739,1.3638963894086413
2014-03-15 11:00:00,19.2,73,0.0,10.1,268,10.093847352892867,0.3524849166952598
2014-03-15 12:00:00,19.9,72,0.0,10.5,274,10.474422527728153,-0.7324429743133156
2014-03-15 13:00:00,20.2,71,0.0,9.8,278,9.70462707366739,-1.3638963894086413
2014-03-15 14:00:00,19.8,71,0.0,10.0,283,9.743700647852352,-2.24951054343865
2014-03-15 15:00:00,19.5,69,0.0,8.9,291,8.308865795825096,-3.1894747509531727
2014-03-15 16:00:00,18.7,70,0.0,8.5,298,7.505054539300879,-3.990508283680072
2014-03-15 17:00:00,17.8,72,0.0,7.1,300,6.148780366869515,-3.5499999999999994
2014-03-15 18:00:00,17.1,73,0.0,4.6,315,3.2526911934581184,-3.252691193458118
2014-03-15 19:00:00,16.3,81,0.0,4.4,325,2.5237363199446032,-3.604268994871564
2014-03-15 20:00:00,15.8,83,0.0,3.6,354,0.3763024677635525,-3.580278823325784
2014-03-15 21:00:00,16.1,78,0.0,3.0,14,-0.7257656867990033,-2.9108871788279895
2014-03-15 22:00:00,16.2,78,0.0,1.1,18,-0.33991869381244233,-1.0461621679246689
2014-03-15 23:00:00,16.2,78,0.0,0.7000000000000001,360,4.2862637970157366e-17,-0.7000000000000001
2014-03-16 00:00:00,16.0,79,0.0,0.8,63,-0.7128052193506944,-0.36319239979163737
2014-03-16 01:00:00,15.4,81,0.0,1.5,346,0.3628828433995015,-1.4554435894139948
2014-03-16 02:00:00,14.2,86,0.0,1.5,14,-0.36288284339950166,-1.4554435894139948
2014-03-16 03:00:00,15.8,77,0.0,1.5,45,-1.0606601717798214,-1.0606601717798212
2014-03-16 04:00:00,15.4,78,0.0,1.5,76,-1.4554435894139948,-0.3628828433995013
2014-03-16 05:00:00,15.3,78,0.0,0.8,117,-0.7128052193506943,0.36319239979163753
2014-03-16 06:00:00,15.7,76,0.0,0.8,333,0.3631923997916375,-0.7128052193506943
2014-03-16 07:00:00,15.7,76,0.0,2.5,315,1.7677669529663689,-1.7677669529663687
2014-03-16 08:00:00,16.9,77,0.0,4.1,315,2.899137802864845,-2.8991378028648445
2014-03-16 09:00:00,18.4,74,0.0,5.8,300,5.022947341949744,-2.8999999999999995
2014-03-16 10:00:00,19.3,73,0.0,7.1,294,6.486172749262466,-2.8878301658381815
2014-03-16 11:00:00,19.9,72,0.0,7.8,304,6.466493065929325,-4.361704647071826
2014-03-16 12:00:00,20.6,72,0.0,8.2,308,6.461688179575119,-5.048424097670398
2014-03-16 13:00:00,20.7,72,0.0,8.9,310,6.817795543758905,-5.7208097262102
2014-03-16 14:00:00,20.3,72,0.0,9.4,310,7.200817765318393,-6.042203531053469
2014-03-16 15:00:00,19.6,74,0.1,9.7,315,6.858935777509511,-6.85893577750951
2014-03-16 16:00:00,18.5,75,0.2,8.4,317,5.728786224524987,-6.143371093601032
2014-03-16 17:00:00,17.8,77,0.0,5.8,338,2.1727182418122895,-5.377666356487367
2014-03-16 18:00:00,17.7,77,0.0,4.8,333,2.1791543987498248,-4.276831316104166
2014-03-16 19:00:00,16.0,89,0.0,6.3,329,3.244739871933341,-5.400153994423308
2014-03-16 20:00:00,16.1,83,0.0,3.3,13,-0.7423384793347553,-3.215421213791276
2014-03-16 21:00:00,15.9,83,0.0,3.6,37,-2.166534083347374,-2.875087836170254
2014-03-16 22:00:00,15.7,83,0.0,3.6,45,-2.545584412271572,-2.545584412271571
2014-03-16 23:00:00,15.3,84,0.0,3.6,53,-2.875087836170254,-2.1665340833473743
2014-03-17 00:00:00,14.7,84,0.0,3.5,66,-3.197409101749103,-1.4235782507653008
2014-03-17 01:00:00,14.3,84,0.0,3.4,72,-3.2335921554035223,-1.0506577808748208
2014-03-17 02:00:00,14.9,81,0.0,2.7,67,-2.485363104321589,-1.0549740469210387
2014-03-17 03:00:00,16.1,75,0.0,2.9,60,-2.5114736709748717,-1.4500000000000002
2014-03-17 04:00:00,16.1,74,0.0,2.4,63,-2.138415658052083,-1.089577199374912
2014-03-17 05:00:00,15.7,74,0.0,1.5,45,-1.0606601717798214,-1.0606601717798212
2014-03-17 06:00:00,16.1,71,0.0,3.1,54,-2.5079526825623377,-1.8221342821066664
2014-03-17 07:00:00,16.6,69,0.0,1.9,22,-0.7117525274902333,-1.7616493236768958
2014-03-17 08:00:00,18.0,77,0.0,2.0,315,1.4142135623730951,-1.414213562373095
2014-03-17 09:00:00,20.3,66,0.0,5.8,300,5.022947341949744,-2.8999999999999995
2014-03-17 10:00:00,21.2,65,0.0,5.8,300,5.022947341949744,-2.8999999999999995
2014-03-17 11:00:00,22.0,65,0.0,6.8,302,5.766727053863696,-3.603450996785793
2014-03-17 12:00:00,22.6,66,0.0,6.4,308,5.043268823083021,-3.9402334420842133
2014-03-17 13:00:00,22.9,67,0.0,5.4,307,4.312631754255381,-3.2498011250210608
2014-03-17 14:00:00,23.2,67,0.0,5.7,305,4.669166652447253,-3.2693856872009626
2014-03-17 15:00:00,23.4,70,0.0,6.3,301,5.400153994423308,-3.244739871933341
2014-03-17 16:00:00,23.0,73,0.0,6.8,302,5.766727053863696,-3.603450996785793
2014-03-17 17:00:00,21.9,78,0.0,6.3,301,5.400153994423308,-3.244739871933341
2014-03-17 18:00:00,20.6,83,0.0,5.1,309,3.963444403430551,-3.2095339943541705
2014-03-17 19:00:00,18.7,93,0.0,2.3,342,0.7107390870623791,-2.1874299874788528
2014-03-17 20:00:00,18.3,91,0.0,2.6,34,-1.453901549023941,-2.1554976886431088
2014-03-17 21:00:00,16.7,95,0.0,3.1,54,-2.5079526825623377,-1.8221342821066664
2014-03-17 22:00:00,15.0,99,0.0,2.6,56,-2.1554976886431088,-1.4539015490239415
2014-03-17 23:00:00,13.9,99,0.0,2.3,39,-1.447436899414627,-1.7874357113510322
2014-03-18 00:00:00,13.2,99,0.0,2.1,31,-1.0815799573111144,-1.8000513314744355
2014-03-18 01:00:00,12.8,98,0.0,2.0,45,-1.4142135623730954,-1.414213562373095
2014-03-18 02:00:00,12.7,94,0.0,1.8,37,-1.083267041673687,-1.437543918085127
2014-03-18 03:00:00,14.0,87,0.0,1.6,27,-0.7263847995832751,-1.4256104387013886
2014-03-18 04:00:00,14.1,84,0.0,1.8,37,-1.083267041673687,-1.437543918085127
2014-03-18 05:00:00,14.4,80,0.0,1.8,53,-1.437543918085127,-1.0832670416736871
2014-03-18 06:00:00,15.3,75,0.0,2.8,50,-2.1449244407331385,-1.7998053071223097
2014-03-18 07:00:00,16.4,72,0.0,2.1,31,-1.0815799573111144,-1.8000513314744355
2014-03-18 08:00:00,19.5,78,0.0,3.2,360,1.9594348786357652e-16,-3.2
2014-03-18 09:00:00,22.0,66,0.0,5.3,332,2.4881992827652213,-4.679622242152313
2014-03-18 10:00:00,22.8,68,0.0,6.4,317,4.36478950439999,-4.6806636903626915
2014-03-18 11:00:00,23.6,68,0.0,8.7,315,6.151828996322964,-6.151828996322962
2014-03-18 12:00:00,24.1,69,0.0,8.7,322,5.356254835333226,-6.855693556378481
2014-03-18 13:00:00,24.5,68,0.0,8.1,328,4.29234604028896,-6.86918957886705
2014-03-18 14:00:00,24.8,67,0.0,8.8,325,5.0474726398892065,-7.208537989743128
2014-03-18 15:00:00,23.9,75,0.0,6.1,332,2.863776532993934,-5.385980316439453
2014-03-18 16:00:00,23.7,76,0.0,6.9,313,5.046340541172277,-4.70578868443124
2014-03-18 17:00:00,22.7,79,0.0,6.1,310,4.6728711030257655,-3.921004419087889
2014-03-18 18:00:00,21.5,84,0.0,5.6,315,3.9597979746446663,-3.9597979746446654
2014-03-18 19:00:00,20.2,92,0.0,4.3,355,0.37476969381492997,-4.283637201794505
2014-03-18 20:00:00,19.4,92,0.0,3.2,27,-1.4527695991665501,-2.851220877402777
2014-03-18 21:00:00,20.0,88,0.0,1.5,14,-0.36288284339950166,-1.4554435894139948
2014-03-18 22:00:00,19.9,87,0.0,1.9,338,0.7117525274902327,-1.761649323676896
2014-03-18 23:00:00,19.6,88,0.0,1.5,14,-0.36288284339950166,-1.4554435894139948
2014-03-19 00:00:00,19.3,89,0.0,0.8,63,-0.7128052193506944,-0.36319239979163737
2014-03-19 01:00:00,19.0,89,0.0,2.2,351,0.34415582308850806,-2.1729143493093033
2014-03-19 02:00:00,18.0,91,0.0,5.6,27,-2.5423467985414625,-4.989636535454859
2014-03-19 03:00:00,18.6,86,0.0,5.2,56,-4.3109953772862175,-2.907803098047883
2014-03-19 04:00:00,19.5,82,0.0,4.0,63,-3.5640260967534716,-1.8159619989581868
2014-03-19 05:00:00,19.6,80,0.0,2.5,45,-1.7677669529663693,-1.7677669529663687
2014-03-19 06:00:00,19.0,81,0.0,3.9,34,-2.1808523235359116,-3.233246532964663
2014-03-19 07:00:00,19.1,81,0.0,5.3,28,-2.488199282765221,-4.679622242152313
2014-03-19 08:00:00,20.8,81,0.0,4.5,14,-1.088648530198505,-4.366330768241984
2014-03-19 09:00:00,22.3,76,0.0,3.8,311,2.8678964048465336,-2.4930243101639276
2014-03-19 10:00:00,23.5,74,0.0,7.4,293,6.811735915548059,-2.891410350820626
2014-03-19 11:00:00,24.3,73,0.0,7.1,294,6.486172749262466,-2.8878301658381815
2014-03-19 12:00:00,25.2,72,0.0,6.2,277,6.153786140176196,-0.7555899291119144
2014-03-19 13:00:00,25.7,70,0.0,7.4,256,7.180188374442374,1.7902220274375413
2014-03-19 14:00:00,25.8,69,0.0,8.5,242,7.505054539300879,3.990508283680072
2014-03-19 15:00:00,26.0,72,0.0,9.4,238,7.9716521038704045,4.981241083792126
2014-03-19 16:00:00,25.4,75,0.0,9.8,242,8.652886410017485,4.60082131530173
2014-03-19 17:00:00,24.5,78,0.0,8.2,247,7.54813979831001,3.2039952536120446
2014-03-19 18:00:00,23.1,84,0.0,5.2,245,4.7128004925905795,2.197614961051637
2014-03-19 19:00:00,21.8,89,0.0,4.3,180,2.632990618166809e-16,4.3
2014-03-19 20:00:00,21.4,91,0.0,4.8,167,-1.079765060850552,4.676976310969129
2014-03-19 21:00:00,20.9,93,0.0,3.3,174,-0.3449439287832567,3.2819222547153015
2014-03-19 22:00:00,20.3,94,0.0,1.8,191,0.34345619167778085,1.7669289302057951
2014-03-19 23:00:00,19.9,94,0.0,1.8,180,1.1021821192326179e-16,1.8
2014-03-20 00:00:00,19.6,92,0.0,2.6,164,-0.7166571251241975,2.499280409439629
2014-03-20 01:00:00,17.9,92,0.0,2.9,187,0.3534210958749277,2.8783838397598336
2014-03-20 02:00:00,16.9,90,0.0,3.3,186,0.3449439287832564,3.2819222547153015
2014-03-20 03:00:00,19.6,84,0.0,2.5,188,0.34793275240016364,2.475670171853926
2014-03-20 04:00:00,17.6,88,0.0,1.4,180,8.572527594031472e-17,1.4
2014-03-20 05:00:00,15.8,90,0.0,0.8,117,-0.7128052193506943,0.36319239979163753
2014-03-20 06:00:00,15.1,89,0.0,2.1,59,-1.800051331474436,-1.0815799573111138
2014-03-20 07:00:00,15.9,88,0.0,2.4,63,-2.138415658052083,-1.089577199374912
2014-03-20 08:00:00,21.0,81,0.0,1.6,27,-0.7263847995832751,-1.4256104387013886
2014-03-20 09:00:00,23.2,70,0.0,5.9,317,4.023790324368742,-4.314986839553106
2014-03-20 10:00:00,24.0,72,0.0,9.2,329,4.738350289172498,-7.8859391664594325
2014-03-20 11:00:00,24.3,73,0.2,12.4,330,6.200000000000002,-10.73871500692704
2014-03-20 12:00:00,23.7,78,0.3,12.2,332,5.727553065987868,-10.771960632878907
2014-03-20 13:00:00,23.4,82,0.0,11.9,331,5.769234480931412,-10.40797451495881
2014-03-20 14:00:00,23.4,83,0.0,12.4,330,6.200000000000002,-10.73871500692704
2014-03-20 15:00:00,22.6,80,0.0,13.4,333,6.0834726965099275,-11.93948742412413
2014-03-20 16:00:00,21.1,80,0.0,12.9,337,5.040431557511631,-11.874512609536481
2014-03-20 17:00:00,19.7,81,0.0,12.6,340,4.309453805903427,-11.840127021902445
2014-03-20 18:00:00,17.9,83,0.0,10.4,346,2.515987714236544,-10.091075553270363
2014-03-20 19:00:00,16.4,85,0.0,10.2,352,1.4195656297926678,-10.100734301164017
2014-03-20 20:00:00,15.6,89,0.0,11.6,5,-1.0110066158728357,-11.555858497864248
2014-03-20 21:00:00,14.8,89,0.0,11.5,358,0.4013442120787624,-11.492994510719601
2014-03-20 22:00:00,13.7,91,0.0,11.5,360,7.041719095097281e-16,-11.5
2014-03-20 23:00:00,13.2,89,0.0,11.2,360,6.858022075225178e-16,-11.2
2014-03-21 00:00:00,12.9,87,0.0,12.2,358,0.42577385977051313,-12.192568089632967
2014-03-21 01:00:00,13.0,85,0.0,11.9,2,-0.4153040107597591,-11.89275084152724
2014-03-21 02:00:00,13.1,82,0.0,10.9,6,-1.1393602496174215,-10.840288659514181
2014-03-21 03:00:00,13.3,79,0.0,9.5,9,-1.4861274178821948,-9.383039235653808
2014-03-21 04:00:00,13.2,82,0.2,9.7,358,0.33852511801426044,-9.694091022085228
2014-03-21 05:00:00,13.7,76,0.2,7.9,360,4.837354856632045e-16,-7.9
2014-03-21 06:00:00,14.1,75,0.0,8.4,350,1.4586446924022156,-8.272385125302547
2014-03-21 07:00:00,14.0,81,0.0,8.0,342,2.4721359549995796,-7.608452130361228
2014-03-21 08:00:00,14.6,76,0.1,7.3,349,1.3929056662487778,-7.165878439167947
2014-03-21 09:00:00,16.0,73,0.0,8.0,342,2.4721359549995796,-7.608452130361228
2014-03-21 10:00:00,16.7,72,0.0,9.8,336,3.9860191021428424,-8.95274548489749
2014-03-21 11:00:00,17.1,71,0.0,11.0,341,3.5812496990287244,-10.400704331592484
2014-03-21 12:00:00,18.3,68,0.0,12.1,337,4.727846654720212,-11.138108726774528
2014-03-21 13:00:00,18.6,67,0.0,12.6,336,5.124881702755083,-11.510672766296771
2014-03-21 14:00:00,18.7,65,0.0,12.4,338,4.645121758357308,-11.497079796628164
2014-03-21 15:00:00,17.5,65,0.0,12.6,336,5.124881702755083,-11.510672766296771
2014-03-21 16:00:00,16.7,66,0.0,12.1,333,5.493285046848516,-10.781178942679249
2014-03-21 17:00:00,15.8,67,0.0,9.8,336,3.9860191021428424,-8.95274548489749
2014-03-21 18:00:00,15.1,68,0.0,7.8,326,4.361704647071825,-6.466493065929326
2014-03-21 19:00:00,14.8,69,0.0,5.7,325,3.269385687200963,-4.669166652447253
2014-03-21 20:00:00,14.7,74,0.0,3.9,326,2.1808523235359125,-3.233246532964663
2014-03-21 21:00:00,14.4,80,0.0,2.6,304,2.1554976886431083,-1.453901549023942
2014-03-21 22:00:00,13.9,85,0.0,2.7,293,2.485363104321589,-1.0549740469210394
2014-03-21 23:00:00,13.3,87,0.0,2.5,278,2.475670171853926,-0.3479327524001636
2014-03-22 00:00:00,12.8,89,0.0,2.6,254,2.499280409439629,0.7166571251241979
2014-03-22 01:00:00,12.4,91,0.0,3.6,264,3.580278823325784,0.37630246776355253
2014-03-22 02:00:00,12.4,92,0.0,3.6,276,3.580278823325784,-0.37630246776355253
2014-03-22 03:00:00,12.6,91,0.3,1.5,284,1.4554435894139948,-0.3628828433995016
2014-03-22 04:00:00,12.7,93,0.3,1.8,259,1.7669289302057951,0.34345619167778063
2014-03-22 05:00:00,12.6,94,0.2,3.1,249,2.8940993221413254,1.1109406435904308
2014-03-22 06:00:00,12.8,95,0.2,2.4,243,2.138415658052083,1.0895771993749122
2014-03-22 07:00:00,13.5,94,0.2,2.6,236,2.1554976886431083,1.453901549023942
2014-03-22 08:00:00,14.8,83,0.0,3.0,256,2.9108871788279895,0.7257656867990032
2014-03-22 09:00:00,15.8,82,0.0,6.2,263,6.153786140176196,0.7555899291119144
2014-03-22 10:00:00,17.2,79,0.0,8.8,261,8.691657397237213,1.3766232923540318
2014-03-22 11:00:00,18.1,76,0.0,9.7,268,9.694091022085228,0.3385251180142594
2014-03-22 12:00:00,19.5,72,0.0,10.8,274,10.773691742806102,-0.7533699164365533
2014-03-22 13:00:00,20.1,71,0.0,10.2,280,10.045039080724521,-1.7712114122026892
2014-03-22 14:00:00,19.9,72,0.0,9.5,281,9.325458242752807,-1.8126854560771757
2014-03-22 15:00:00,19.1,74,0.1,8.8,282,8.607698886457491,-1.8296228791962823
2014-03-22 16:00:00,18.4,75,0.0,7.8,283,7.6000865053248345,-1.754618223882147
2014-03-22 17:00:00,17.8,75,0.0,6.2,277,6.153786140176196,-0.7555899291119144
2014-03-22 18:00:00,17.2,77,0.0,5.2,286,4.998560818879258,-1.4333142502483958
2014-03-22 19:00:00,16.6,80,0.0,3.9,292,3.616017032810471,-1.460965714322057
2014-03-22 20:00:00,16.1,83,0.0,3.2,297,2.8512208774027776,-1.4527695991665497
2014-03-22 21:00:00,15.1,90,0.0,3.7,299,3.2360929164157644,-1.7937955949114472
2014-03-22 22:00:00,14.8,92,0.3,4.0,275,3.984778792366982,-0.34862297099063266
2014-03-22 23:00:00,14.6,93,0.3,4.0,280,3.939231012048832,-0.6945927106677213
2014-03-23 00:00:00,15.0,92,0.3,3.7,281,3.632020578756357,-0.7059932828932158
2014-03-23 01:00:00,15.4,90,0.2,3.8,287,3.6339580726595346,-1.1110124779463997
2014-03-23 02:00:00,15.3,90,0.3,3.4,288,3.233592155403522,-1.0506577808748212
2014-03-23 03:00:00,15.4,89,0.3,3.3,276,3.2819222547153015,-0.3449439287832564
2014-03-23 04:00:00,15.4,90,0.2,3.0,284,2.9108871788279895,-0.7257656867990032
2014-03-23 05:00:00,15.4,90,0.2,3.1,306,2.5079526825623373,-1.8221342821066668
2014-03-23 06:00:00,15.1,92,0.2,2.6,16,-0.7166571251241971,-2.4992804094396295
2014-03-23 07:00:00,15.3,92,0.2,1.4,360,8.572527594031472e-17,-1.4
2014-03-23 08:00:00,16.5,85,0.2,4.1,308,3.2308440897875594,-2.524212048835199
2014-03-23 09:00:00,17.7,79,0.0,6.6,299,5.772490067120011,-3.1997434936258244
2014-03-23 10:00:00,18.6,78,0.0,9.0,299,7.871577364254562,-4.363286582217033
2014-03-23 11:00:00,19.5,76,0.0,9.3,298,8.211412613588022,-4.366085533908785
2014-03-23 12:00:00,20.5,72,0.0,9.0,293,8.284543681071963,-3.5165801564034638
2014-03-23 13:00:00,21.4,70,0.0,8.4,290,7.8934180146016315,-2.872969203935617
2014-03-23 14:00:00,21.7,69,0.0,9.1,288,8.654614298285896,-2.8120546488120213
2014-03-23 15:00:00,20.1,78,0.3,9.2,291,8.588939923774255,-3.296985135816762
2014-03-23 16:00:00,19.6,78,0.2,9.2,291,8.588939923774255,-3.296985135816762
2014-03-23 17:00:00,18.8,79,0.2,7.8,292,7.232034065620942,-2.921931428644114
2014-03-23 18:00:00,18.4,80,0.2,5.2,295,4.7128004925905795,-2.197614961051637
2014-03-23 19:00:00,17.5,84,0.1,4.0,297,3.5640260967534716,-1.815961998958187
2014-03-23 20:00:00,17.1,89,0.2,4.7,293,4.32637281122647,-1.8364363038995868
2014-03-23 21:00:00,16.6,92,0.2,4.4,305,3.604268994871564,-2.523736319944603
2014-03-23 22:00:00,16.1,93,0.2,3.8,311,2.8678964048465336,-2.4930243101639276
2014-03-23 23:00:00,16.0,91,0.1,3.7,281,3.632020578756357,-0.7059932828932158
2014-03-24 00:00:00,16.3,90,0.2,3.6,264,3.580278823325784,0.37630246776355253
2014-03-24 01:00:00,16.4,90,0.2,3.6,264,3.580278823325784,0.37630246776355253
2014-03-24 02:00:00,16.3,90,0.1,3.6,270,3.6,0.0
2014-03-24 03:00:00,16.6,87,0.2,2.9,270,2.9,0.0
2014-03-24 04:00:00,16.5,88,0.0,2.5,270,2.5,0.0
2014-03-24 05:00:00,16.6,88,0.1,1.9,292,1.761649323676896,-0.7117525274902328
2014-03-24 06:00:00,16.5,88,0.1,2.2,279,2.1729143493093033,-0.34415582308850795
2014-03-24 07:00:00,16.5,89,0.0,2.8,310,2.1449244407331385,-1.7998053071223097
2014-03-24 08:00:00,17.8,86,0.0,4.5,299,3.935788682127281,-2.1816432911085166
2014-03-24 09:00:00,19.0,82,0.0,6.3,283,6.1385314081469815,-1.4171916423663495
2014-03-24 10:00:00,20.2,79,0.0,9.4,277,9.329933825428427,-1.1455718280083864
2014-03-24 11:00:00,20.9,77,0.0,10.2,278,10.100734301164017,-1.4195656297926673
2014-03-24 12:00:00,21.5,76,0.0,10.8,285,10.431998923921938,-2.795245687107224
2014-03-24 13:00:00,21.4,74,0.0,10.5,297,9.355568503977864,-4.766900247265241
2014-03-24 14:00:00,21.2,74,0.0,9.4,302,7.9716521038704045,-4.981241083792126
2014-03-24 15:00:00,20.2,77,0.0,8.8,305,7.208537989743128,-5.047472639889206
2014-03-24 16:00:00,20.2,76,0.0,8.8,305,7.208537989743128,-5.047472639889206
2014-03-24 17:00:00,19.5,76,0.0,7.3,303,6.122295146001595,-3.9758649556096977
2014-03-24 18:00:00,18.7,79,0.0,3.9,304,3.2332465329646625,-2.180852323535913
2014-03-24 19:00:00,17.4,89,0.0,5.6,315,3.9597979746446663,-3.9597979746446654
2014-03-24 20:00:00,17.2,86,0.0,4.2,329,2.1631599146222276,-3.600102662948872
2014-03-24 21:00:00,17.2,85,0.0,2.3,342,0.7107390870623791,-2.1874299874788528
2014-03-24 22:00:00,16.9,86,0.0,1.3,304,1.0777488443215542,-0.726950774511971
2014-03-24 23:00:00,16.7,87,0.0,1.3,214,0.7269507745119709,1.0777488443215544
2014-03-25 00:00:00,16.6,87,0.0,2.0,225,1.4142135623730951,1.414213562373095
2014-03-25 01:00:00,16.6,87,0.0,1.9,248,1.761649323676896,0.7117525274902328
2014-03-25 02:00:00,16.5,87,0.0,1.1,252,1.0461621679246689,0.33991869381244216
2014-03-25 03:00:00,17.2,84,0.0,0.7000000000000001,270,0.7000000000000001,0.0
2014-03-25 04:00:00,17.0,85,0.0,0.5,315,0.3535533905932738,-0.35355339059327373
2014-03-25 05:00:00,16.7,86,0.0,0.8,333,0.3631923997916375,-0.7128052193506943
2014-03-25 06:00:00,16.5,87,0.0,0.5,315,0.3535533905932738,-0.35355339059327373
2014-03-25 07:00:00,16.9,86,0.0,1.0,315,0.7071067811865476,-0.7071067811865475
2014-03-25 08:00:00,18.5,81,0.0,3.8,311,2.8678964048465336,-2.4930243101639276
2014-03-25 09:00:00,19.6,78,0.0,6.1,310,4.6728711030257655,-3.921004419087889
2014-03-25 10:00:00,20.8,73,0.0,7.7,307,6.149493427364155,-4.6339756782707715
2014-03-25 11:00:00,21.8,71,0.0,9.5,307,7.587037345449282,-5.717242719944458
2014-03-25 12:00:00,22.0,72,0.0,10.4,304,8.621990754572433,-5.815606196095768
2014-03-25 13:00:00,22.5,71,0.0,10.1,305,8.273435647318816,-5.7931220071455645
2014-03-25 14:00:00,22.6,72,0.0,8.8,305,7.208537989743128,-5.047472639889206
2014-03-25 15:00:00,22.4,71,0.0,8.0,306,6.47213595499958,-4.702282018339785
2014-03-25 16:00:00,22.2,71,0.0,7.7,311,5.811263767715345,-5.051654523226906
2014-03-25 17:00:00,21.3,72,0.0,6.6,319,4.329989591337347,-4.981083229470295
2014-03-25 18:00:00,20.3,75,0.0,5.6,345,1.4493866525741161,-5.4091846272187825
2014-03-25 19:00:00,19.3,79,0.0,6.4,27,-2.9055391983331003,-5.702441754805554
2014-03-25 20:00:00,18.1,86,0.0,5.8,60,-5.0229473419497435,-2.9000000000000004
2014-03-25 21:00:00,16.9,89,0.0,5.6,75,-5.4091846272187825,-1.4493866525741164
2014-03-25 22:00:00,16.3,87,0.0,5.4,82,-5.34744757120448,-0.7515347451843538
2014-03-25 23:00:00,15.7,87,0.0,4.3,95,-4.283637201794505,0.3747696938149302
2014-03-26 00:00:00,14.5,93,0.0,3.1,111,-2.8940993221413254,1.1109406435904308
2014-03-26 01:00:00,13.9,96,0.0,2.1,121,-1.8000513314744357,1.0815799573111142
2014-03-26 02:00:00,14.3,96,0.0,1.8,90,-1.8,2.2043642384652358e-16
2014-03-26 03:00:00,15.8,85,0.0,2.5,98,-2.475670171853926,0.3479327524001633
2014-03-26 04:00:00,15.2,85,0.0,2.6,106,-2.499280409439629,0.716657125124198
2014-03-26 05:00:00,14.7,85,0.0,2.6,106,-2.499280409439629,0.716657125124198
2014-03-26 06:00:00,14.4,86,0.0,2.9,83,-2.878383839759834,-0.3534210958749272
2014-03-26 07:00:00,15.6,88,0.0,2.9,97,-2.8783838397598336,0.35342109587492787
2014-03-26 08:00:00,21.3,77,0.0,1.5,76,-1.4554435894139948,-0.3628828433995013
2014-03-26 09:00:00,24.1,61,0.0,2.7,293,2.485363104321589,-1.0549740469210394
2014-03-26 10:00:00,24.9,61,0.0,4.7,302,3.9858260519352022,-2.490620541896063
2014-03-26 11:00:00,25.7,62,0.0,6.2,306,5.0159053651246746,-3.6442685642133337
2014-03-26 12:00:00,26.1,64,0.0,7.2,307,5.750175672340508,-4.333068166694748
2014-03-26 13:00:00,26.0,65,0.0,7.6,295,6.887939181478539,-3.211898789229316
2014-03-26 14:00:00,25.9,67,0.0,7.2,297,6.415246974156249,-3.2687315981247367
2014-03-26 15:00:00,25.2,70,0.0,6.1,298,5.385980316439454,-2.8637765329939335
2014-03-26 16:00:00,25.1,71,0.0,6.3,301,5.400153994423308,-3.244739871933341
2014-03-26 17:00:00,24.6,73,0.0,5.4,307,4.312631754255381,-3.2498011250210608
2014-03-26 18:00:00,23.4,78,0.0,5.6,297,4.98963653545486,-2.5423467985414616
2014-03-26 19:00:00,22.3,81,0.0,1.8,217,1.0832670416736871,1.437543918085127
2014-03-26 20:00:00,21.0,85,0.0,4.3,132,-3.195522749552794,2.8772616073430908
2014-03-26 21:00:00,19.8,86,0.0,6.4,137,-4.364789504399989,4.6806636903626915
2014-03-26 22:00:00,19.5,84,0.0,7.6,149,-3.9142893693164122,6.5144714853360535
2014-03-26 23:00:00,20.0,81,0.0,6.6,158,-2.4724035165450196,6.1194134401407965
2014-03-27 00:00:00,20.1,80,0.0,5.5,157,-2.149021206691006,5.062776693988422
2014-03-27 01:00:00,19.4,83,0.5,2.1,149,-1.081579957311114,1.800051331474436
2014-03-27 02:00:00,19.4,84,1.1,2.1,59,-1.800051331474436,-1.0815799573111138
2014-03-27 03:00:00,20.1,74,1.2,3.3,41,-2.1649947956686737,-2.4905416147351476
2014-03-27 04:00:00,18.0,84,1.4,3.8,49,-2.867896404846534,-2.4930243101639267
2014-03-27 05:00:00,17.7,87,1.4,3.4,32,-1.801725498392897,-2.883363526931848
2014-03-27 06:00:00,18.1,86,1.4,3.8,73,-3.6339580726595346,-1.1110124779463997
2014-03-27 07:00:00,19.2,85,1.4,4.1,38,-2.524212048835198,-3.2308440897875603
2014-03-27 08:00:00,20.6,84,1.2,3.9,22,-1.460965714322058,-3.6160170328104706
2014-03-27 09:00:00,21.7,82,1.0,2.7,337,1.0549740469210391,-2.485363104321589
2014-03-27 10:00:00,22.7,80,0.2,2.2,279,2.1729143493093033,-0.34415582308850795
2014-03-27 11:00:00,23.5,78,0.2,5.4,262,5.34744757120448,0.7515347451843534
2014-03-27 12:00:00,23.9,77,0.4,8.4,263,8.337387673787106,1.0237024846032388
2014-03-27 13:00:00,24.0,78,0.6,6.7,286,6.440453362786736,-1.8467702839738944
2014-03-27 14:00:00,23.9,80,0.7000000000000001,5.6,315,3.9597979746446663,-3.9597979746446654
2014-03-27 15:00:00,24.6,77,0.4,5.9,317,4.023790324368742,-4.314986839553106
2014-03-27 16:00:00,24.5,78,0.0,5.9,313,4.314986839553106,-4.023790324368742
2014-03-27 17:00:00,23.7,82,0.0,8.2,299,7.171881598543044,-3.9754388860199636
2014-03-27 18:00:00,22.5,87,0.0,6.4,317,4.36478950439999,-4.6806636903626915
2014-03-27 19:00:00,21.3,93,0.0,3.6,315,2.5455844122715714,-2.545584412271571
2014-03-27 20:00:00,20.4,97,0.0,1.1,342,0.3399186938124422,-1.0461621679246689
2014-03-27 21:00:00,19.9,97,0.0,1.8,53,-1.437543918085127,-1.0832670416736871
2014-03-27 22:00:00,19.7,98,0.0,2.6,56,-2.1554976886431088,-1.4539015490239415
2014-03-27 23:00:00,19.5,99,0.0,3.3,77,-3.2154212137912763,-0.7423384793347544
2014-03-28 00:00:00,18.6,98,0.0,2.6,74,-2.499280409439629,-0.7166571251241974
2014-03-28 01:00:00,19.9,93,0.0,2.4,63,-2.138415658052083,-1.089577199374912
2014-03-28 02:00:00,18.9,94,0.1,3.0,76,-2.9108871788279895,-0.7257656867990026
2014-03-28 03:00:00,19.9,82,0.1,3.1,54,-2.5079526825623377,-1.8221342821066664
2014-03-28 04:00:00,19.1,84,0.0,2.9,60,-2.5114736709748717,-1.4500000000000002
2014-03-28 05:00:00,18.6,83,0.0,2.6,74,-2.499280409439629,-0.7166571251241974
2014-03-28 06:00:00,17.9,83,0.0,3.0,76,-2.9108871788279895,-0.7257656867990026
2014-03-28 07:00:00,18.9,82,0.0,2.6,106,-2.499280409439629,0.716657125124198
2014-03-28 08:00:00,23.4,73,0.0,3.1,216,1.8221342821066668,2.5079526825623373
2014-03-28 09:00:00,24.7,72,0.0,6.0,253,5.737828535778212,1.7542302283364206
2014-03-28 10:00:00,25.5,73,0.0,6.8,252,6.467184310807044,2.1013155617496424
2014-03-28 11:00:00,26.2,72,0.5,8.0,234,6.47213595499958,4.702282018339785
2014-03-28 12:00:00,26.4,72,0.5,10.4,236,8.621990754572433,5.815606196095768
2014-03-28 13:00:00,25.5,76,0.4,11.8,220,7.5848937943011645,9.03932442880394
2014-03-28 14:00:00,25.7,75,1.1,10.9,207,4.948496447161061,9.71197111365321
2014-03-28 15:00:00,26.6,71,0.1,10.2,222,6.825132184860354,7.580077219869421
2014-03-28 16:00:00,26.0,74,0.2,10.3,241,9.008582983535776,4.993539088537272
2014-03-28 17:00:00,25.0,79,0.0,6.0,245,5.437846722219899,2.5357095704441965
2014-03-28 18:00:00,24.1,83,0.0,5.7,305,4.669166652447253,-3.2693856872009626
2014-03-28 19:00:00,22.8,90,0.0,6.4,333,2.9055391983331,-5.702441754805554
2014-03-28 20:00:00,22.2,91,0.0,6.8,357,0.35588450245201897,-6.790680836331102
2014-03-28 21:00:00,22.1,90,0.0,6.5,19,-2.116193003971518,-6.1458707413955596
2014-03-28 22:00:00,21.7,91,0.0,3.0,14,-0.7257656867990033,-2.9108871788279895
2014-03-28 23:00:00,21.4,93,0.0,2.3,18,-0.7107390870623793,-2.1874299874788528
2014-03-29 00:00:00,20.0,93,0.0,2.4,63,-2.138415658052083,-1.089577199374912
2014-03-29 01:00:00,19.1,94,0.0,2.4,63,-2.138415658052083,-1.089577199374912
2014-03-29 02:00:00,18.1,94,0.0,1.8,101,-1.7669289302057951,0.34345619167778096
2014-03-29 03:00:00,18.4,88,0.0,1.1,180,6.735557395310444e-17,1.1
2014-03-29 04:00:00,17.8,87,0.0,3.3,167,-0.7423384793347546,3.2154212137912763
2014-03-29 05:00:00,16.8,89,0.0,5.6,140,-3.5996106142446203,4.289848881466277
2014-03-29 06:00:00,16.4,90,0.0,4.7,148,-2.4906205418960625,3.9858260519352027
2014-03-29 07:00:00,17.9,92,0.0,6.1,152,-2.8637765329939344,5.385980316439453
2014-03-29 08:00:00,23.3,76,0.0,6.8,177,-0.35588450245201814,6.790680836331102
2014-03-29 09:00:00,26.1,62,0.0,10.8,206,4.734408385322037,9.706975700031006
2014-03-29 10:00:00,27.8,59,0.0,14.2,204,5.775660331676363,12.972345498524932
2014-03-29 11:00:00,28.5,60,0.7000000000000001,16.6,210,8.300000000000002,14.376021702821681
2014-03-29 12:00:00,28.1,63,0.5,17.4,210,8.700000000000001,15.06884202584923
2014-03-29 13:00:00,27.6,65,0.6,13.3,193,2.991849022773404,12.959121861643629
2014-03-29 14:00:00,27.3,66,0.5,13.8,189,2.158795617555187,13.630099100212902
2014-03-29 15:00:00,26.3,69,0.7000000000000001,13.0,177,-0.6803674311582699,12.98218395180946
2014-03-29 16:00:00,26.3,65,0.2,12.3,187,1.4989929238833142,12.208317665188261
2014-03-29 17:00:00,25.6,69,0.0,7.9,196,2.1775351109542935,7.59396739791272
2014-03-29 18:00:00,24.6,72,0.0,8.7,173,-1.060263287624782,8.635151519279502
2014-03-29 19:00:00,22.9,79,0.0,6.9,141,-4.342310698243877,5.3623071340531006
2014-03-29 20:00:00,22.0,77,0.0,5.1,135,-3.606244584051392,3.6062445840513924
2014-03-29 21:00:00,21.3,76,0.0,6.7,126,-5.420413862312147,3.938161190359571
2014-03-29 22:00:00,20.4,77,0.0,6.1,130,-4.672871103025765,3.9210044190878905
2014-03-29 23:00:00,19.6,78,0.0,3.4,148,-1.8017254983928963,2.8833635269318485
2014-03-30 00:00:00,18.7,79,0.0,1.6,207,0.726384799583275,1.4256104387013886
2014-03-30 01:00:00,19.7,72,0.0,1.1,252,1.0461621679246689,0.33991869381244216
2014-03-30 02:00:00,21.9,61,0.0,0.8,27,-0.36319239979163753,-0.7128052193506943
2014-03-30 03:00:00,20.9,68,0.1,3.9,56,-3.233246532964663,-2.180852323535912
2014-03-30 04:00:00,19.2,75,0.0,5.8,83,-5.756767679519668,-0.7068421917498544
2014-03-30 05:00:00,18.7,76,0.0,4.8,77,-4.676976310969129,-1.0797650608505518
2014-03-30 06:00:00,17.7,79,0.0,3.9,68,-3.616017032810471,-1.460965714322057
2014-03-30 07:00:00,18.6,82,0.0,2.9,30,-1.4500000000000013,-2.5114736709748713
2014-03-30 08:00:00,22.7,69,0.0,4.4,9,-0.6883116461770166,-4.345828698618606
2014-03-30 09:00:00,24.0,62,0.0,3.6,323,2.1665340833473743,-2.875087836170254
2014-03-30 10:00:00,25.4,61,0.0,4.7,274,4.688551036221174,-0.3278554265973889
2014-03-30 11:00:00,26.2,63,0.0,6.4,254,6.1520748540052415,1.7640790772287946
2014-03-30 12:00:00,26.6,64,0.0,7.7,259,7.558529312547013,1.469229264399395
2014-03-30 13:00:00,26.0,69,0.2,6.6,248,6.1194134401407965,2.472403516545019
2014-03-30 14:00:00,26.3,67,0.6,6.6,257,6.430842427582553,1.484676958669509
2014-03-30 15:00:00,25.4,73,0.0,7.7,281,7.558529312547013,-1.469229264399395
2014-03-30 16:00:00,25.5,73,0.0,6.4,286,6.1520748540052415,-1.7640790772287946
2014-03-30 17:00:00,24.5,75,0.0,5.3,298,4.679622242152313,-2.4881992827652213
2014-03-30 18:00:00,24.0,77,0.0,4.2,301,3.600102662948872,-2.1631599146222276
2014-03-30 19:00:00,23.3,80,0.0,4.0,297,3.5640260967534716,-1.815961998958187
2014-03-30 20:00:00,22.8,82,0.0,2.3,309,1.7874357113510329,-1.4474368994146258
2014-03-30 21:00:00,22.0,85,0.0,1.8,281,1.7669289302057951,-0.34345619167778063
2014-03-30 22:00:00,20.3,90,0.0,1.8,217,1.0832670416736871,1.437543918085127
2014-03-30 23:00:00,19.8,91,0.0,2.2,180,1.3471114790620887e-16,2.2
2014-03-31 00:00:00,20.1,90,0.0,1.8,169,-0.34345619167778063,1.7669289302057951
2014-03-31 01:00:00,20.7,88,0.0,2.4,153,-1.089577199374912,2.138415658052083
2014-03-31 02:00:00,19.1,92,0.0,2.3,162,-0.7107390870623789,2.187429987478853
2014-03-31 03:00:00,18.6,96,0.6,1.5,166,-0.36288284339950166,1.4554435894139948
2014-03-31 04:00:00,18.8,95,0.6,1.8,180,1.1021821192326179e-16,1.8
2014-03-31 05:00:00,19.4,92,0.3,1.3,146,-0.7269507745119708,1.0777488443215544
2014-03-31 06:00:00,18.5,95,0.0,3.7,101,-3.632020578756357,0.7059932828932164
2014-03-31 07:00:00,19.9,91,0.0,4.6,135,-3.252691193458118,3.2526911934581184
2014-03-31 08:00:00,21.9,85,0.3,5.2,155,-2.1976149610516367,4.71280049259058
2014-03-31 09:00:00,23.1,80,0.3,6.0,213,3.2678342100901627,5.032023407672544
2014-03-31 10:00:00,23.7,79,0.4,6.7,254,6.440453362786736,1.8467702839738944
2014-03-31 11:00:00,23.7,81,0.4,6.9,264,6.862201078041086,0.721246396546809
2014-03-31 12:00:00,24.1,79,0.3,10.3,258,10.0749202875582,2.1414904154229215
2014-03-31 13:00:00,24.1,79,0.4,11.9,270,11.9,0.0
2014-03-31 14:00:00,23.1,84,0.4,10.5,292,9.735430472951268,-3.933369230867076
2014-03-31 15:00:00,20.7,94,1.7000000000000002,6.6,315,4.666904755831213,-4.666904755831213
2014-03-31 16:00:00,20.5,96,1.3,2.4,63,-2.138415658052083,-1.089577199374912
2014-03-31 17:00:00,21.0,92,0.4,2.3,129,-1.7874357113510329,1.4474368994146258
2014-03-31 18:00:00,21.2,90,0.0,4.5,194,1.0886485301985045,4.366330768241984
2014-03-31 19:00:00,20.1,94,0.0,4.0,185,0.34862297099063255,3.984778792366982
2014-03-31 20:00:00,19.6,95,0.0,2.7,157,-1.0549740469210394,2.4853631043215887
2014-03-31 21:00:00,20.9,87,0.0,1.5,225,1.0606601717798214,1.0606601717798212
2014-03-31 22:00:00,20.6,87,0.2,0.0,270,0.0,0.0
2014-03-31 23:00:00,18.8,95,0.7000000000000001,1.3,56,-1.0777488443215544,-0.7269507745119708
2014-04-01 00:00:00,19.0,96,1.3,0.7000000000000001,360,4.2862637970157366e-17,-0.7000000000000001
2014-04-01 01:00:00,18.5,96,1.1,1.5,346,0.3628828433995015,-1.4554435894139948
2014-04-01 02:00:00,17.9,97,1.4,2.3,18,-0.7107390870623793,-2.1874299874788528
2014-04-01 03:00:00,17.4,97,1.0,4.6,18,-1.4214781741247586,-4.3748599749577055
2014-04-01 04:00:00,17.3,98,0.6,5.0,21,-1.7918397477265036,-4.667902132486008
2014-04-01 05:00:00,17.1,97,0.8,5.2,34,-2.907803098047882,-4.3109953772862175
2014-04-01 06:00:00,16.9,98,0.5,6.4,38,-3.940233442084212,-5.043268823083022
2014-04-01 07:00:00,17.6,97,0.5,3.1,36,-1.822134282106667,-2.507952682562337
2014-04-01 08:00:00,19.4,92,0.6,2.2,9,-0.3441558230885083,-2.172914349309303
2014-04-01 09:00:00,20.2,90,0.6,3.3,319,2.1649947956686737,-2.4905416147351476
2014-04-01 10:00:00,21.2,90,0.4,6.9,321,4.342310698243879,-5.3623071340531
2014-04-01 11:00:00,21.6,84,0.3,7.3,340,2.4967470462773824,-6.8597561317371305
2014-04-01 12:00:00,22.1,83,0.0,7.3,340,2.4967470462773824,-6.8597561317371305
2014-04-01 13:00:00,23.0,79,0.0,6.5,326,3.634753872559854,-5.388744221607771
2014-04-01 14:00:00,23.9,74,0.0,8.1,339,2.902780391316933,-7.5620014546273335
2014-04-01 15:00:00,22.1,84,0.0,7.4,346,1.7902220274375409,-7.180188374442374
2014-04-01 16:00:00,22.5,80,0.0,7.6,341,2.474317973874391,-7.185941174554807
2014-04-01 17:00:00,21.9,82,0.0,7.1,336,2.8878301658381815,-6.486172749262466
2014-04-01 18:00:00,20.2,89,0.0,8.2,322,5.048424097670398,-6.46168817957512
2014-04-01 19:00:00,19.0,95,0.3,7.6,360,4.653657836759942e-16,-7.6
2014-04-01 20:00:00,18.8,96,1.0,6.1,357,0.3192493330819582,-6.0916401620029
2014-04-01 21:00:00,18.3,96,0.8,7.2,357,0.3768188849491966,-7.190132650232932
2014-04-01 22:00:00,17.6,98,0.8,7.4,14,-1.7902220274375418,-7.180188374442374
2014-04-01 23:00:00,18.0,96,0.7000000000000001,5.8,30,-2.9000000000000026,-5.022947341949743
2014-04-02 00:00:00,18.0,95,0.5,4.2,31,-2.163159914622229,-3.600102662948871
2014-04-02 01:00:00,18.1,95,0.4,3.4,18,-1.0506577808748216,-3.233592155403522
2014-04-02 02:00:00,18.0,96,0.2,3.1,45,-2.192031021678298,-2.192031021678297
2014-04-02 03:00:00,18.4,89,0.4,1.5,76,-1.4554435894139948,-0.3628828433995013
2014-04-02 04:00:00,18.5,89,0.5,1.0,135,-0.7071067811865475,0.7071067811865476
2014-04-02 05:00:00,18.5,89,0.0,0.4,90,-0.4,4.898587196589413e-17
2014-04-02 06:00:00,18.0,92,0.0,0.5,315,0.3535533905932738,-0.35355339059327373
2014-04-02 07:00:00,18.3,92,0.0,1.8,323,1.0832670416736871,-1.437543918085127
2014-04-02 08:00:00,19.6,89,0.0,3.1,315,2.1920310216782974,-2.192031021678297
2014-04-02 09:00:00,20.9,85,0.0,6.6,299,5.772490067120011,-3.1997434936258244
2014-04-02 10:00:00,22.0,81,0.0,7.7,311,5.811263767715345,-5.051654523226906
2014-04-02 11:00:00,23.2,76,0.3,6.6,319,4.329989591337347,-4.981083229470295
2014-04-02 12:00:00,23.9,73,0.1,5.5,302,4.664264528860342,-2.914555953282627
2014-04-02 13:00:00,23.8,74,0.2,8.8,305,7.208537989743128,-5.047472639889206
2014-04-02 14:00:00,23.1,77,0.0,7.4,337,2.8914103508206255,-6.811735915548059
2014-04-02 15:00:00,20.5,95,0.8,5.5,11,-1.0494494745709955,-5.3989495089621515
2014-04-02 16:00:00,20.4,94,0.2,2.9,353,0.3534210958749277,-2.8783838397598336
2014-04-02 17:00:00,20.7,91,0.0,2.8,310,2.1449244407331385,-1.7998053071223097
2014-04-02 18:00:00,20.3,92,0.0,0.8,297,0.7128052193506944,-0.3631923997916374
2014-04-02 19:00:00,19.5,97,0.0,1.1,72,-1.046162167924669,-0.33991869381244205
2014-04-02 20:00:00,19.1,97,0.1,0.8,27,-0.36319239979163753,-0.7128052193506943
2014-04-02 21:00:00,18.9,97,0.2,3.0,284,2.9108871788279895,-0.7257656867990032
2014-04-02 22:00:00,18.7,98,0.5,4.2,290,3.9467090073008158,-1.4364846019678086
2014-04-02 23:00:00,18.8,98,1.0,3.7,331,1.7937955949114475,-3.2360929164157644
2014-04-03 00:00:00,18.8,98,1.2,6.2,7,-0.7555899291119125,-6.153786140176197
2014-04-03 01:00:00,18.6,98,1.2,5.4,42,-3.613305274337834,-4.01298205757793
2014-04-03 02:00:00,18.1,98,1.4,2.9,97,-2.8783838397598336,0.35342109587492787
2014-04-03 03:00:00,19.0,88,0.0,2.3,141,-1.4474368994146256,1.7874357113510333
2014-04-03 04:00:00,18.3,91,0.0,1.1,90,-1.1,1.3471114790620887e-16
2014-04-03 05:00:00,17.9,92,0.6,1.8,53,-1.437543918085127,-1.0832670416736871
2014-04-03 06:00:00,16.3,94,1.0,1.0,45,-0.7071067811865477,-0.7071067811865475
2014-04-03 07:00:00,18.8,88,0.0,3.9,292,3.616017032810471,-1.460965714322057
2014-04-03 08:00:00,20.3,87,0.4,6.1,332,2.863776532993934,-5.385980316439453
2014-04-03 09:00:00,20.2,91,0.3,5.7,342,1.7613968679372005,-5.421022142882375
2014-04-03 10:00:00,20.3,93,1.1,3.4,328,1.8017254983928965,-2.883363526931848
2014-04-03 11:00:00,20.6,93,1.6,1.6,297,1.4256104387013888,-0.7263847995832748
2014-04-03 12:00:00,20.9,90,1.3,1.1,252,1.0461621679246689,0.33991869381244216
2014-04-03 13:00:00,21.8,83,0.3,1.3,124,-1.0777488443215542,0.726950774511971
2014-04-03 14:00:00,22.7,79,0.1,1.5,194,0.3628828433995015,1.4554435894139948
2014-04-03 15:00:00,22.9,75,0.3,2.2,189,0.34415582308850806,2.1729143493093033
2014-04-03 16:00:00,22.4,78,0.4,1.9,158,-0.7117525274902329,1.761649323676896
2014-04-03 17:00:00,22.2,81,0.0,2.3,108,-2.1874299874788528,0.7107390870623792
2014-04-03 18:00:00,21.8,77,0.0,1.6,27,-0.7263847995832751,-1.4256104387013886
2014-04-03 19:00:00,20.6,80,0.0,1.4,270,1.4,0.0
2014-04-03 20:00:00,20.6,77,0.0,2.3,321,1.447436899414626,-1.7874357113510329
2014-04-03 21:00:00,19.8,81,0.0,3.3,6,-0.3449439287832561,-3.281922254715302
2014-04-03 22:00:00,19.0,85,0.0,3.7,11,-0.7059932828932151,-3.632020578756357
2014-04-03 23:00:00,18.5,87,0.0,3.1,36,-1.822134282106667,-2.507952682562337
2014-04-04 00:00:00,18.3,87,0.0,3.3,41,-2.1649947956686737,-2.4905416147351476
2014-04-04 01:00:00,18.2,87,0.0,3.8,17,-1.111012477946401,-3.633958072659534
2014-04-04 02:00:00,18.0,88,0.0,4.3,24,-1.7489675652259404,-3.928245467863184
2014-04-04 03:00:00,18.2,90,0.0,5.2,34,-2.907803098047882,-4.3109953772862175
2014-04-04 04:00:00,17.9,89,0.0,5.8,30,-2.9000000000000026,-5.022947341949743
2014-04-04 05:00:00,18.0,87,0.0,5.0,30,-2.500000000000002,-4.330127018922192
2014-04-04 06:00:00,18.0,85,0.0,4.5,29,-2.1816432911085157,-3.935788682127282
2014-04-04 07:00:00,18.3,85,0.0,2.2,360,1.3471114790620887e-16,-2.2
2014-04-04 08:00:00,19.1,84,0.0,2.6,344,0.7166571251241979,-2.499280409439629
2014-04-04 09:00:00,20.5,80,0.0,3.7,331,1.7937955949114475,-3.2360929164157644
2014-04-04 10:00:00,22.1,74,0.0,6.0,303,5.032023407672544,-3.2678342100901627
2014-04-04 11:00:00,22.5,73,0.0,7.4,293,6.811735915548059,-2.891410350820626
2014-04-04 12:00:00,22.8,69,0.1,9.4,277,9.329933825428427,-1.1455718280083864
2014-04-04 13:00:00,22.4,70,0.3,9.1,279,8.987963899415753,-1.4235536318661008
2014-04-04 14:00:00,21.6,73,0.9,7.7,281,7.558529312547013,-1.469229264399395
2014-04-04 15:00:00,21.1,77,0.5,7.0,291,6.535062985480412,-2.5085756468171017
2014-04-04 16:00:00,21.1,78,0.3,6.4,297,5.702441754805555,-2.9055391983330994
2014-04-04 17:00:00,20.6,78,0.2,5.6,297,4.98963653545486,-2.5423467985414616
2014-04-04 18:00:00,19.6,82,0.1,4.0,297,3.5640260967534716,-1.815961998958187
2014-04-04 19:00:00,18.7,88,0.0,3.4,288,3.233592155403522,-1.0506577808748212
2014-04-04 20:00:00,17.7,93,0.0,2.3,252,2.1874299874788528,0.710739087062379
2014-04-04 21:00:00,17.1,95,0.0,4.0,207,1.8159619989581872,3.564026096753471
2014-04-04 22:00:00,17.2,95,0.0,5.3,208,2.4881992827652213,4.679622242152313
2014-04-04 23:00:00,16.5,95,0.0,6.0,205,2.5357095704441965,5.437846722219899
2014-04-05 00:00:00,16.2,96,0.0,6.3,204,2.5624408513775414,5.755336383148386
2014-04-05 01:00:00,15.9,95,0.0,5.6,220,3.5996106142446203,4.289848881466277
2014-04-05 02:00:00,17.3,92,0.0,4.3,246,3.9282454678631837,1.7489675652259409
2014-04-05 03:00:00,17.1,92,0.0,2.5,262,2.475670171853926,0.3479327524001636
2014-04-05 04:00:00,16.9,91,0.0,1.1,360,6.735557395310444e-17,-1.1
2014-04-05 05:00:00,17.2,90,0.0,0.7000000000000001,360,4.2862637970157366e-17,-0.7000000000000001
2014-04-05 06:00:00,17.1,90,0.0,1.8,349,0.34345619167778085,-1.7669289302057951
2014-04-05 07:00:00,17.7,89,0.0,1.3,326,0.7269507745119709,-1.0777488443215544
2014-04-05 08:00:00,19.2,83,0.0,2.4,297,2.138415658052083,-1.0895771993749122
2014-04-05 09:00:00,20.5,80,0.0,3.8,287,3.6339580726595346,-1.1110124779463997
2014-04-05 10:00:00,21.5,72,0.2,5.8,292,5.377666356487367,-2.1727182418122895
2014-04-05 11:00:00,22.2,71,0.0,7.7,298,6.798696465013738,-3.6149310334513594
2014-04-05 12:00:00,22.8,71,0.0,8.1,302,6.86918957886705,-4.29234604028896
2014-04-05 13:00:00,22.9,71,0.0,9.0,307,7.187719590425635,-5.416335208368435
2014-04-05 14:00:00,22.7,67,0.2,9.2,315,6.505382386916237,-6.505382386916236
2014-04-05 15:00:00,22.7,70,0.0,9.0,323,5.4163352083684355,-7.187719590425635
2014-04-05 16:00:00,22.2,72,0.0,8.8,325,5.0474726398892065,-7.208537989743128
2014-04-05 17:00:00,21.5,74,0.0,7.1,330,3.5500000000000007,-6.148780366869514
2014-04-05 18:00:00,20.5,78,0.0,5.9,322,3.6324027044213842,-4.64926344627966
2014-04-05 19:00:00,18.8,89,0.0,4.9,343,1.4326213531414103,-4.685893304218874
2014-04-05 20:00:00,18.5,86,0.0,3.7,29,-1.7937955949114464,-3.2360929164157652
2014-04-05 21:00:00,18.1,86,0.0,3.4,58,-2.8833635269318485,-1.8017254983928963
2014-04-05 22:00:00,16.8,89,0.0,2.5,82,-2.475670171853926,-0.3479327524001638
2014-04-05 23:00:00,16.0,90,0.0,3.1,135,-2.192031021678297,2.1920310216782974
2014-04-06 00:00:00,15.4,90,0.0,3.7,151,-1.793795594911447,3.236092916415765
2014-04-06 01:00:00,14.9,90,0.0,3.4,162,-1.050657780874821,3.2335921554035223
2014-04-06 02:00:00,15.0,88,0.0,2.4,153,-1.089577199374912,2.138415658052083
2014-04-06 03:00:00,17.0,80,0.0,1.1,72,-1.046162167924669,-0.33991869381244205
2014-04-06 04:00:00,18.3,74,0.0,1.9,22,-0.7117525274902333,-1.7616493236768958
2014-04-06 05:00:00,18.3,73,0.0,1.8,11,-0.3434561916777803,-1.7669289302057951
2014-04-06 06:00:00,18.2,73,0.0,1.5,14,-0.36288284339950166,-1.4554435894139948
2014-04-06 07:00:00,17.4,80,0.0,0.7000000000000001,360,4.2862637970157366e-17,-0.7000000000000001
2014-04-06 08:00:00,18.6,84,0.0,1.9,248,1.761649323676896,0.7117525274902328
2014-04-06 09:00:00,20.2,78,0.0,4.3,270,4.3,0.0
2014-04-06 10:00:00,21.3,76,0.0,5.1,278,5.050367150582009,-0.7097828148963337
2014-04-06 11:00:00,22.6,73,0.0,6.9,279,6.815049550106451,-1.079397808777593
2014-04-06 12:00:00,23.0,73,0.0,10.3,282,10.0749202875582,-2.1414904154229215
2014-04-06 13:00:00,23.6,73,0.0,9.4,288,8.939931253174443,-2.9047597471245057
2014-04-06 14:00:00,23.4,73,0.1,8.6,292,7.973781149274371,-3.221616703376843
2014-04-06 15:00:00,22.8,73,0.3,7.6,295,6.887939181478539,-3.211898789229316
2014-04-06 16:00:00,22.5,73,0.0,6.6,299,5.772490067120011,-3.1997434936258244
2014-04-06 17:00:00,21.9,75,0.0,5.8,300,5.022947341949744,-2.8999999999999995
2014-04-06 18:00:00,21.2,79,0.0,6.9,298,6.092338390726597,-3.2393537832226467
2014-04-06 19:00:00,20.1,85,0.9,5.1,315,3.6062445840513924,-3.606244584051392
2014-04-06 20:00:00,19.4,90,0.9,4.7,32,-2.490620541896064,-3.9858260519352022
2014-04-06 21:00:00,19.0,92,1.1,2.1,329,1.0815799573111138,-1.800051331474436
2014-04-06 22:00:00,18.7,92,0.6,3.4,252,3.233592155403522,1.0506577808748212
2014-04-06 23:00:00,18.1,93,0.5,3.1,249,2.8940993221413254,1.1109406435904308
2014-04-07 00:00:00,17.8,94,0.3,4.2,290,3.9467090073008158,-1.4364846019678086
2014-04-07 01:00:00,18.1,93,0.4,5.6,310,4.289848881466277,-3.5996106142446194
2014-04-07 02:00:00,17.9,95,0.3,4.3,318,2.8772616073430903,-3.195522749552795
2014-04-07 03:00:00,17.3,96,1.2,3.6,323,2.1665340833473743,-2.875087836170254
2014-04-07 04:00:00,17.0,97,0.6,2.4,333,1.0895771993749124,-2.138415658052083
2014-04-07 05:00:00,16.7,97,1.1,4.8,333,2.1791543987498248,-4.276831316104166
2014-04-07 06:00:00,16.5,97,1.1,6.9,9,-1.0793978087775942,-6.81504955010645
2014-04-07 07:00:00,16.9,93,1.4,7.9,3,-0.41345405431926,-7.889173324561134
2014-04-07 08:00:00,17.2,90,1.1,7.6,5,-0.6623836448822027,-7.571079705497266
2014-04-07 09:00:00,18.3,86,1.1,8.0,355,0.6972459419812651,-7.969557584733964
2014-04-07 10:00:00,19.0,82,0.6,9.8,352,1.3638963894086416,-9.70462707366739
2014-04-07 11:00:00,19.3,83,0.4,9.8,343,2.8652427062828205,-9.371786608437748
2014-04-07 12:00:00,19.7,83,0.4,9.8,336,3.9860191021428424,-8.95274548489749
2014-04-07 13:00:00,20.0,83,0.4,9.2,334,4.033014550459512,-8.268905225952336
2014-04-07 14:00:00,19.7,86,0.5,10.5,329,5.407899786555569,-9.00025665737218
2014-04-07 15:00:00,20.5,85,0.3,10.7,327,5.82763767466079,-8.973775077016036
2014-04-07 16:00:00,20.2,87,0.2,9.0,331,4.363286582217034,-7.871577364254562
2014-04-07 17:00:00,19.4,90,0.1,8.3,326,4.641301098807199,-6.881011852206847
2014-04-07 18:00:00,18.7,93,0.2,6.8,328,3.603450996785793,-5.766727053863696
2014-04-07 19:00:00,18.3,95,0.4,5.5,337,2.1490212066910055,-5.062776693988422
2014-04-07 20:00:00,18.1,96,0.6,4.8,333,2.1791543987498248,-4.276831316104166
2014-04-07 21:00:00,18.2,94,0.5,4.7,337,1.8364363038995866,-4.32637281122647
2014-04-07 22:00:00,18.1,95,0.2,4.7,356,0.3278554265973886,-4.688551036221174
2014-04-07 23:00:00,18.2,95,0.0,3.6,6,-0.3763024677635521,-3.5802788233257843
2014-04-08 00:00:00,18.3,94,0.0,2.6,56,-2.1554976886431088,-1.4539015490239415
2014-04-08 01:00:00,18.5,92,0.0,2.3,72,-2.187429987478853,-0.7107390870623786
2014-04-08 02:00:00,18.4,92,0.0,2.2,81,-2.1729143493093033,-0.3441558230885076
2014-04-08 03:00:00,18.4,90,0.0,2.4,63,-2.138415658052083,-1.089577199374912
2014-04-08 04:00:00,18.1,91,0.0,2.5,45,-1.7677669529663693,-1.7677669529663687
2014-04-08 05:00:00,17.4,93,0.0,2.3,39,-1.447436899414627,-1.7874357113510322
2014-04-08 06:00:00,17.6,92,0.0,5.0,69,-4.667902132486009,-1.7918397477265022
2014-04-08 07:00:00,18.0,94,0.0,4.3,48,-3.195522749552795,-2.8772616073430903
2014-04-08 08:00:00,19.7,87,0.1,2.9,30,-1.4500000000000013,-2.5114736709748713
2014-04-08 09:00:00,20.8,83,0.0,3.9,338,1.4609657143220567,-3.616017032810471
2014-04-08 10:00:00,21.7,80,0.0,5.6,310,4.289848881466277,-3.5996106142446194
2014-04-08 11:00:00,22.5,77,0.0,5.3,298,4.679622242152313,-2.4881992827652213
2014-04-08 12:00:00,22.9,76,0.0,7.1,294,6.486172749262466,-2.8878301658381815
2014-04-08 13:00:00,23.0,76,0.2,7.7,298,6.798696465013738,-3.6149310334513594
2014-04-08 14:00:00,23.1,76,0.3,6.9,309,5.3623071340531,-4.342310698243878
2014-04-08 15:00:00,22.8,78,0.0,6.0,327,3.2678342100901627,-5.032023407672544
2014-04-08 16:00:00,22.9,78,0.1,6.4,333,2.9055391983331,-5.702441754805554
2014-04-08 17:00:00,22.4,81,0.0,5.4,340,1.8469087739586119,-5.074340152243905
2014-04-08 18:00:00,21.8,83,0.0,4.5,346,1.0886485301985045,-4.366330768241984
2014-04-08 19:00:00,21.2,86,0.0,3.1,339,1.1109406435904312,-2.8940993221413254
2014-04-08 20:00:00,20.5,89,0.0,0.7000000000000001,360,4.2862637970157366e-17,-0.7000000000000001
2014-04-08 21:00:00,19.4,93,0.0,1.4,90,-1.4,1.7145055188062944e-16
2014-04-08 22:00:00,17.7,96,0.0,3.0,76,-2.9108871788279895,-0.7257656867990026
2014-04-08 23:00:00,16.7,96,0.0,4.5,76,-4.366330768241984,-1.0886485301985038
2014-04-09 00:00:00,16.3,96,0.0,4.0,80,-3.939231012048832,-0.6945927106677219
2014-04-09 01:00:00,15.9,96,0.0,3.7,79,-3.632020578756357,-0.7059932828932155
2014-04-09 02:00:00,15.4,95,0.0,3.4,72,-3.2335921554035223,-1.0506577808748208
2014-04-09 03:00:00,15.2,93,0.0,3.6,90,-3.6,4.4087284769304716e-16
2014-04-09 04:00:00,14.8,94,0.0,3.6,96,-3.580278823325784,0.37630246776355347
2014-04-09 05:00:00,14.4,93,0.0,3.0,76,-2.9108871788279895,-0.7257656867990026
2014-04-09 06:00:00,14.2,91,0.0,2.5,45,-1.7677669529663693,-1.7677669529663687
2014-04-09 07:00:00,17.4,87,0.0,3.3,49,-2.490541614735148,-2.1649947956686733
2014-04-09 08:00:00,21.3,73,0.0,4.6,18,-1.4214781741247586,-4.3748599749577055
2014-04-09 09:00:00,22.6,71,0.0,5.0,360,3.061616997868383e-16,-5.0
2014-04-09 10:00:00,23.7,68,0.0,6.7,344,1.8467702839738944,-6.440453362786736
2014-04-09 11:00:00,24.4,66,0.0,9.3,344,2.5634274090980926,-8.939733772226367
2014-04-09 12:00:00,24.9,66,0.0,11.2,345,2.8987733051482323,-10.818369254437565
2014-04-09 13:00:00,24.9,67,0.0,12.8,344,3.5281581544575893,-12.304149708010483
2014-04-09 14:00:00,24.9,68,0.0,14.1,347,3.1718098662484953,-13.738617913471817
2014-04-09 15:00:00,24.8,70,0.0,14.3,348,2.9731371786939604,-13.987510690493421
2014-04-09 16:00:00,24.2,72,0.0,12.7,353,1.547740661245373,-12.605336125844788
2014-04-09 17:00:00,23.4,76,0.0,10.6,350,1.8406706832694624,-10.438962181929405
2014-04-09 18:00:00,22.2,82,0.0,9.0,344,2.4807362023529924,-8.65135526344487
2014-04-09 19:00:00,20.4,91,0.0,9.1,18,-2.8120546488120226,-8.654614298285896
2014-04-09 20:00:00,19.6,90,0.0,5.9,52,-4.64926344627966,-3.6324027044213834
2014-04-09 21:00:00,20.0,87,0.0,2.9,60,-2.5114736709748717,-1.4500000000000002
2014-04-09 22:00:00,19.2,87,0.0,2.6,74,-2.499280409439629,-0.7166571251241974
2014-04-09 23:00:00,17.3,90,0.0,3.7,79,-3.632020578756357,-0.7059932828932155
2014-04-10 00:00:00,16.5,90,0.0,2.9,83,-2.878383839759834,-0.3534210958749272
2014-04-10 01:00:00,16.1,89,0.0,2.3,51,-1.7874357113510326,-1.4474368994146265
2014-04-10 02:00:00,16.1,87,0.0,2.1,59,-1.800051331474436,-1.0815799573111138
2014-04-10 03:00:00,13.9,96,0.0,2.9,60,-2.5114736709748717,-1.4500000000000002
2014-04-10 04:00:00,13.9,95,0.0,3.1,69,-2.8940993221413254,-1.1109406435904314
2014-04-10 05:00:00,13.7,96,0.0,3.9,68,-3.616017032810471,-1.460965714322057
2014-04-10 06:00:00,14.0,93,0.0,3.9,56,-3.233246532964663,-2.180852323535912
2014-04-10 07:00:00,16.2,91,0.0,4.5,61,-3.9357886821272814,-2.181643291108516
2014-04-10 08:00:00,21.8,69,0.0,4.8,13,-1.0797650608505531,-4.6769763109691285
2014-04-10 09:00:00,23.4,69,0.0,6.4,344,1.7640790772287946,-6.1520748540052415
2014-04-10 10:00:00,24.6,67,0.0,6.8,328,3.603450996785793,-5.766727053863696
2014-04-10 11:00:00,25.5,66,0.0,7.0,325,4.015035054457323,-5.7340643100229425
2014-04-10 12:00:00,25.9,66,0.0,7.9,313,5.777694242791447,-5.387787044493738
2014-04-10 13:00:00,25.7,68,0.0,9.2,309,7.149742845404131,-5.789747597658503
2014-04-10 14:00:00,25.5,69,0.0,8.5,306,6.876644452187053,-4.996174644486022
2014-04-10 15:00:00,25.6,68,0.1,7.2,307,5.750175672340508,-4.333068166694748
2014-04-10 16:00:00,24.8,72,0.2,6.1,310,4.6728711030257655,-3.921004419087889
2014-04-10 17:00:00,24.3,75,0.0,4.7,302,3.9858260519352022,-2.490620541896063
2014-04-10 18:00:00,23.2,80,0.0,3.6,270,3.6,0.0
2014-04-10 19:00:00,21.4,91,0.0,2.3,219,1.447436899414626,1.7874357113510329
2014-04-10 20:00:00,20.1,94,0.0,3.6,225,2.5455844122715714,2.545584412271571
2014-04-10 21:00:00,19.1,95,0.1,4.1,218,2.524212048835199,3.23084408978756
2014-04-10 22:00:00,18.7,95,0.0,4.2,200,1.436484601967809,3.9467090073008153
2014-04-10 23:00:00,18.3,95,0.0,3.8,197,1.1110124779463997,3.6339580726595346
2014-04-11 00:00:00,18.2,94,0.0,3.7,191,0.7059932828932162,3.632020578756357
2014-04-11 01:00:00,18.1,94,0.0,5.4,184,0.3766849582182763,5.386845871403051
2014-04-11 02:00:00,18.7,91,0.0,5.8,176,-0.4045875477159269,5.78587149150698
2014-04-11 03:00:00,19.5,88,0.0,2.9,180,1.7757378587636622e-16,2.9
2014-04-11 04:00:00,19.6,87,0.0,0.4,90,-0.4,4.898587196589413e-17
2014-04-11 05:00:00,18.9,88,0.0,2.2,9,-0.3441558230885083,-2.172914349309303
2014-04-11 06:00:00,17.2,90,0.0,3.9,56,-3.233246532964663,-2.180852323535912
2014-04-11 07:00:00,19.3,87,0.0,3.7,61,-3.236092916415765,-1.7937955949114468
2014-04-11 08:00:00,22.1,81,0.0,2.6,34,-1.453901549023941,-2.1554976886431088
2014-04-11 09:00:00,23.3,79,0.0,3.7,299,3.2360929164157644,-1.7937955949114472
2014-04-11 10:00:00,24.4,76,0.0,5.8,292,5.377666356487367,-2.1727182418122895
2014-04-11 11:00:00,25.0,72,0.0,7.2,288,6.8476069173251055,-2.2249223594996215
2014-04-11 12:00:00,25.3,72,0.0,9.3,286,8.939733772226367,-2.5634274090980926
2014-04-11 13:00:00,25.3,73,0.0,9.4,288,8.939931253174443,-2.9047597471245057
2014-04-11 14:00:00,25.1,74,0.0,8.7,294,7.947845481490627,-3.5386087947594613
2014-04-11 15:00:00,24.3,78,0.3,7.6,301,6.5144714853360535,-3.9142893693164114
2014-04-11 16:00:00,24.0,79,0.2,5.5,302,4.664264528860342,-2.914555953282627
2014-04-11 17:00:00,23.1,82,0.0,4.7,302,3.9858260519352022,-2.490620541896063
2014-04-11 18:00:00,22.5,83,0.0,4.9,306,3.9641832724372428,-2.8801477362331185
2014-04-11 19:00:00,21.6,89,0.0,4.5,299,3.935788682127281,-2.1816432911085166
2014-04-11 20:00:00,21.1,90,0.0,2.9,277,2.8783838397598336,-0.35342109587492765
2014-04-11 21:00:00,20.9,91,0.0,1.8,233,1.437543918085127,1.083267041673687
2014-04-11 22:00:00,20.5,92,0.0,0.8,153,-0.36319239979163737,0.7128052193506944
2014-04-11 23:00:00,19.4,94,0.0,1.8,101,-1.7669289302057951,0.34345619167778096
2014-04-12 00:00:00,19.8,92,0.0,1.5,76,-1.4554435894139948,-0.3628828433995013
2014-04-12 01:00:00,19.4,92,0.0,2.0,45,-1.4142135623730954,-1.414213562373095
2014-04-12 02:00:00,18.5,93,0.0,2.6,56,-2.1554976886431088,-1.4539015490239415
2014-04-12 03:00:00,17.5,93,0.0,3.1,69,-2.8940993221413254,-1.1109406435904314
2014-04-12 04:00:00,16.9,95,0.0,3.0,76,-2.9108871788279895,-0.7257656867990026
2014-04-12 05:00:00,17.2,94,0.0,1.9,68,-1.761649323676896,-0.7117525274902328
2014-04-12 06:00:00,16.9,91,0.0,3.9,68,-3.616017032810471,-1.460965714322057
2014-04-12 07:00:00,18.8,92,0.0,2.7,67,-2.485363104321589,-1.0549740469210387
2014-04-12 08:00:00,22.1,81,0.0,1.1,342,0.3399186938124422,-1.0461621679246689
2014-04-12 09:00:00,23.6,77,0.0,3.8,287,3.6339580726595346,-1.1110124779463997
2014-04-12 10:00:00,24.6,73,0.0,4.7,274,4.688551036221174,-0.3278554265973889
2014-04-12 11:00:00,25.2,70,0.0,5.1,274,5.087576656325103,-0.35575801609503904
2014-04-12 12:00:00,25.4,70,0.0,6.5,276,6.4643923198937765,-0.6794350112397476
2014-04-12 13:00:00,25.7,69,0.0,7.6,275,7.571079705497266,-0.662383644882202
2014-04-12 14:00:00,25.9,68,0.0,7.6,267,7.589584464134761,0.3977532674463731
2014-04-12 15:00:00,25.8,70,0.0,7.6,262,7.5260373224359345,1.0577155672964973
2014-04-12 16:00:00,25.1,72,0.0,7.3,261,7.210124886344506,1.1419715947936853
2014-04-12 17:00:00,24.6,75,0.0,6.6,257,6.430842427582553,1.484676958669509
2014-04-12 18:00:00,23.8,78,0.0,5.1,266,5.087576656325103,0.35575801609503904
2014-04-12 19:00:00,22.5,88,0.0,5.5,259,5.3989495089621515,1.0494494745709964
2014-04-12 20:00:00,22.3,87,0.0,4.7,247,4.32637281122647,1.8364363038995868
2014-04-12 21:00:00,22.1,88,0.0,4.3,204,1.7489675652259409,3.9282454678631837
2014-04-12 22:00:00,21.7,90,0.0,5.2,192,1.0811407922523493,5.086367523815789
2014-04-12 23:00:00,20.2,93,0.0,5.9,169,-1.1257730727216144,5.791600382341218
2014-04-13 00:00:00,19.8,93,0.0,6.4,164,-1.764079077228794,6.1520748540052415
2014-04-13 01:00:00,18.8,95,0.0,6.0,155,-2.535709570444196,5.4378467222199
2014-04-13 02:00:00,17.7,96,0.0,6.5,146,-3.6347538725598536,5.388744221607771
2014-04-13 03:00:00,21.2,88,0.0,5.7,145,-3.269385687200963,4.669166652447252
2014-04-13 04:00:00,20.9,89,0.0,3.4,162,-1.050657780874821,3.2335921554035223
2014-04-13 05:00:00,20.0,89,0.0,3.3,131,-2.4905416147351476,2.1649947956686737
2014-04-13 06:00:00,18.4,90,0.0,5.2,115,-4.7128004925905795,2.1976149610516376
2014-04-13 07:00:00,20.5,87,0.0,3.8,107,-3.633958072659535,1.111012477946399
2014-04-13 08:00:00,23.0,78,0.0,1.6,207,0.726384799583275,1.4256104387013886
2014-04-13 09:00:00,24.2,73,0.0,4.5,241,3.935788682127281,2.1816432911085166
2014-04-13 10:00:00,25.4,69,0.0,6.5,251,6.1458707413955596,2.1161930039715187
2014-04-13 11:00:00,26.3,65,0.0,7.1,255,6.858073366652385,1.8376152202278973
2014-04-13 12:00:00,26.7,64,0.0,6.9,264,6.862201078041086,0.721246396546809
2014-04-13 13:00:00,27.0,63,0.0,8.3,272,8.294943864258496,-0.2896658226307581
2014-04-13 14:00:00,27.1,64,0.0,8.9,284,8.635631963856369,-2.153104870837043
2014-04-13 15:00:00,26.1,71,0.1,8.6,292,7.973781149274371,-3.221616703376843
2014-04-13 16:00:00,25.6,74,0.0,7.4,299,6.472185832831529,-3.5875911898228945
2014-04-13 17:00:00,25.0,76,0.0,5.1,309,3.963444403430551,-3.2095339943541705
2014-04-13 18:00:00,24.2,80,0.0,4.9,324,2.8801477362331185,-3.9641832724372428
2014-04-13 19:00:00,23.4,83,0.0,5.8,353,0.7068421917498554,-5.756767679519667
2014-04-13 20:00:00,22.6,87,0.0,6.9,9,-1.0793978087775942,-6.81504955010645
2014-04-13 21:00:00,21.8,91,0.0,7.3,11,-1.3929056662487755,-7.165878439167947
2014-04-13 22:00:00,21.1,95,0.0,7.9,16,-2.1775351109542913,-7.593967397912721
2014-04-13 23:00:00,20.4,97,0.0,4.9,17,-1.4326213531414118,-4.685893304218873
2014-04-14 00:00:00,20.0,98,0.0,3.3,6,-0.3449439287832561,-3.281922254715302
2014-04-14 01:00:00,19.6,98,0.2,4.3,360,2.632990618166809e-16,-4.3
2014-04-14 02:00:00,20.1,98,0.3,5.2,344,1.4333142502483958,-4.998560818879258
2014-04-14 03:00:00,20.5,96,0.2,2.6,344,0.7166571251241979,-2.499280409439629
2014-04-14 04:00:00,20.4,96,0.2,2.2,360,1.3471114790620887e-16,-2.2
2014-04-14 05:00:00,20.4,95,0.2,3.3,6,-0.3449439287832561,-3.281922254715302
2014-04-14 06:00:00,20.3,96,0.0,7.2,3,-0.376818884949199,-7.190132650232932
2014-04-14 07:00:00,20.6,94,0.0,6.5,19,-2.116193003971518,-6.1458707413955596
2014-04-14 08:00:00,22.2,86,0.0,7.6,357,0.3977532674463741,-7.589584464134761
2014-04-14 09:00:00,23.2,82,0.0,9.9,341,3.223124729125852,-9.360633898433235
2014-04-14 10:00:00,24.4,76,0.0,11.6,338,4.345436483624579,-10.755332712974734
2014-04-14 11:00:00,25.1,73,0.0,12.5,342,3.862712429686843,-11.888206453689419
2014-04-14 12:00:00,25.3,72,0.0,12.6,340,4.309453805903427,-11.840127021902445
2014-04-14 13:00:00,25.6,71,0.0,13.3,341,4.330056454280185,-12.575397055470914
2014-04-14 14:00:00,25.5,69,0.0,12.9,347,2.9018686010358574,-12.569373835729534
2014-04-14 15:00:00,24.6,67,0.0,13.3,347,2.991849022773404,-12.959121861643629
2014-04-14 16:00:00,24.1,68,0.0,13.3,347,2.991849022773404,-12.959121861643629
2014-04-14 17:00:00,23.0,71,0.0,11.7,351,1.8302832409707017,-11.555953584963111
2014-04-14 18:00:00,21.5,75,0.0,9.5,349,1.8126854560771768,-9.325458242752807
2014-04-14 19:00:00,20.4,79,0.0,9.4,353,1.1455718280083864,-9.329933825428427
2014-04-14 20:00:00,19.7,82,0.0,6.7,344,1.8467702839738944,-6.440453362786736
2014-04-14 21:00:00,19.5,80,0.0,5.5,337,2.1490212066910055,-5.062776693988422
2014-04-14 22:00:00,19.1,82,0.0,5.0,339,1.791839747726502,-4.667902132486009
2014-04-14 23:00:00,17.8,89,0.0,3.4,342,1.0506577808748212,-3.233592155403522
2014-04-15 00:00:00,15.8,96,0.0,2.6,344,0.7166571251241979,-2.499280409439629
2014-04-15 01:00:00,15.9,97,0.0,2.2,9,-0.3441558230885083,-2.172914349309303
2014-04-15 02:00:00,16.6,94,0.0,2.4,27,-1.0895771993749126,-2.138415658052083
2014-04-15 03:00:00,18.4,82,0.0,2.9,30,-1.4500000000000013,-2.5114736709748713
2014-04-15 04:00:00,18.5,82,0.0,3.1,36,-1.822134282106667,-2.507952682562337
2014-04-15 05:00:00,18.4,83,0.0,2.5,45,-1.7677669529663693,-1.7677669529663687
2014-04-15 06:00:00,18.3,83,0.0,2.5,8,-0.3479327524001646,-2.475670171853926
2014-04-15 07:00:00,19.2,81,0.0,3.3,354,0.3449439287832564,-3.2819222547153015
2014-04-15 08:00:00,21.0,75,0.0,5.0,339,1.791839747726502,-4.667902132486009
2014-04-15 09:00:00,22.3,72,0.0,5.9,313,4.314986839553106,-4.023790324368742
2014-04-15 10:00:00,23.2,70,0.0,7.0,291,6.535062985480412,-2.5085756468171017
2014-04-15 11:00:00,23.9,69,0.0,8.6,285,8.306962106085987,-2.2258437878816784
2014-04-15 12:00:00,24.6,68,0.4,10.0,285,9.659258262890683,-2.5881904510252074
2014-04-15 13:00:00,24.3,69,0.3,9.7,285,9.369480515003962,-2.510544737494451
2014-04-15 14:00:00,24.3,70,0.4,9.4,288,8.939931253174443,-2.9047597471245057
2014-04-15 15:00:00,23.8,69,0.3,8.6,292,7.973781149274371,-3.221616703376843
2014-04-15 16:00:00,23.3,70,0.0,6.8,288,6.467184310807044,-2.1013155617496424
2014-04-15 17:00:00,22.9,72,0.0,5.5,281,5.3989495089621515,-1.0494494745709964
2014-04-15 18:00:00,22.3,74,0.0,4.5,284,4.366330768241984,-1.0886485301985047
2014-04-15 19:00:00,21.6,78,0.0,3.9,292,3.616017032810471,-1.460965714322057
2014-04-15 20:00:00,20.9,83,0.0,3.4,288,3.233592155403522,-1.0506577808748212
2014-04-15 21:00:00,20.4,87,0.3,3.6,264,3.580278823325784,0.37630246776355253
2014-04-15 22:00:00,20.0,89,0.3,3.7,259,3.632020578756357,0.7059932828932158
2014-04-15 23:00:00,19.7,91,0.5,3.6,264,3.580278823325784,0.37630246776355253
2014-04-16 00:00:00,19.4,93,0.7000000000000001,4.3,265,4.283637201794505,0.3747696938149301
2014-04-16 01:00:00,19.5,92,0.7000000000000001,4.3,270,4.3,0.0
2014-04-16 02:00:00,19.2,92,0.9,3.5,294,3.197409101749103,-1.4235782507653008
2014-04-16 03:00:00,19.0,94,0.7000000000000001,3.8,311,2.8678964048465336,-2.4930243101639276
2014-04-16 04:00:00,19.1,93,0.4,4.7,351,0.7352419856890854,-4.6421352007971475
2014-04-16 05:00:00,19.4,90,0.3,5.4,360,3.3065463576978537e-16,-5.4
2014-04-16 06:00:00,18.6,93,0.3,6.2,350,1.0766187015349686,-6.10580806867569
2014-04-16 07:00:00,19.1,95,0.1,6.9,351,1.0793978087775935,-6.815049550106451
2014-04-16 08:00:00,20.5,89,0.1,7.3,349,1.3929056662487778,-7.165878439167947
2014-04-16 09:00:00,21.5,83,0.0,6.8,328,3.603450996785793,-5.766727053863696
2014-04-16 10:00:00,23.0,76,0.0,7.7,311,5.811263767715345,-5.051654523226906
2014-04-16 11:00:00,23.9,72,0.0,8.4,301,7.200205325897744,-4.326319829244455
2014-04-16 12:00:00,24.6,70,0.0,8.7,300,7.534421012924616,-4.349999999999999
2014-04-16 13:00:00,24.8,70,0.0,9.4,293,8.65274562245294,-3.6728726077991736
2014-04-16 14:00:00,24.6,70,0.0,9.5,281,9.325458242752807,-1.8126854560771757
2014-04-16 15:00:00,24.7,69,0.0,10.1,276,10.04467114321956,-1.0557374790033
2014-04-16 16:00:00,23.9,70,0.0,9.7,268,9.694091022085228,0.3385251180142594
2014-04-16 17:00:00,22.9,73,0.1,8.3,268,8.294943864258496,0.2896658226307581
2014-04-16 18:00:00,21.9,77,0.3,5.2,282,5.08636752381579,-1.0811407922523486
2014-04-16 19:00:00,21.2,82,0.3,4.4,279,4.3458286986186065,-0.6883116461770159
2014-04-16 20:00:00,20.5,88,0.2,2.6,304,2.1554976886431083,-1.453901549023942
2014-04-16 21:00:00,20.2,87,0.0,2.6,326,1.4539015490239418,-2.1554976886431088
2014-04-16 22:00:00,20.2,85,0.0,2.6,344,0.7166571251241979,-2.499280409439629
2014-04-16 23:00:00,20.3,85,0.0,4.0,350,0.6945927106677217,-3.939231012048832
2014-04-17 00:00:00,20.1,86,0.0,2.5,360,1.5308084989341916e-16,-2.5
2014-04-17 01:00:00,19.9,87,0.0,1.8,349,0.34345619167778085,-1.7669289302057951
2014-04-17 02:00:00,19.4,88,0.0,1.4,360,8.572527594031472e-17,-1.4
2014-04-17 03:00:00,20.5,84,0.2,1.5,346,0.3628828433995015,-1.4554435894139948
2014-04-17 04:00:00,19.8,87,0.1,3.1,315,2.1920310216782974,-2.192031021678297
2014-04-17 05:00:00,19.8,87,0.3,2.5,315,1.7677669529663689,-1.7677669529663687
2014-04-17 06:00:00,20.1,86,0.2,4.2,31,-2.163159914622229,-3.600102662948871
2014-04-17 07:00:00,20.8,86,0.0,2.9,7,-0.35342109587492676,-2.878383839759834
2014-04-17 08:00:00,22.3,84,0.0,3.7,299,3.2360929164157644,-1.7937955949114472
2014-04-17 09:00:00,23.4,77,0.0,6.2,280,6.10580806867569,-1.0766187015349682
2014-04-17 10:00:00,24.5,72,0.0,7.9,273,7.889173324561134,-0.4134540543192563
2014-04-17 11:00:00,25.2,71,0.0,8.6,272,8.594761112364223,-0.30013567164150834
2014-04-17 12:00:00,25.5,70,0.0,9.0,275,8.96575228282571,-0.7844016847289235
2014-04-17 13:00:00,25.6,70,0.0,9.7,274,9.676371287520293,-0.6766377953180154
2014-04-17 14:00:00,25.4,70,0.0,9.7,270,9.7,0.0
2014-04-17 15:00:00,24.5,71,0.0,9.0,265,8.96575228282571,0.7844016847289235
2014-04-17 16:00:00,24.3,72,0.0,8.0,262,7.922144549932563,1.1133848076805235
2014-04-17 17:00:00,23.7,75,0.0,6.2,263,6.153786140176196,0.7555899291119144
2014-04-17 18:00:00,23.1,77,0.0,3.3,283,3.2154212137912763,-0.7423384793347545
2014-04-17 19:00:00,22.5,81,0.0,3.3,276,3.2819222547153015,-0.3449439287832564
2014-04-17 20:00:00,22.5,79,0.0,3.9,292,3.616017032810471,-1.460965714322057
2014-04-17 21:00:00,21.9,83,0.0,3.6,276,3.580278823325784,-0.37630246776355253
2014-04-17 22:00:00,21.6,84,0.0,3.7,259,3.632020578756357,0.7059932828932158
2014-04-17 23:00:00,20.8,89,0.2,3.9,236,3.2332465329646625,2.180852323535913
2014-04-18 00:00:00,20.7,89,0.3,3.5,204,1.4235782507653008,3.197409101749103
2014-04-18 01:00:00,20.4,90,0.3,2.3,219,1.447436899414626,1.7874357113510329
2014-04-18 02:00:00,19.9,92,0.4,2.3,288,2.1874299874788528,-0.710739087062379
2014-04-18 03:00:00,20.2,93,0.4,3.1,315,2.1920310216782974,-2.192031021678297
2014-04-18 04:00:00,20.0,94,0.4,2.6,326,1.4539015490239418,-2.1554976886431088
2014-04-18 05:00:00,19.9,94,0.4,3.4,342,1.0506577808748212,-3.233592155403522
2014-04-18 06:00:00,20.2,93,0.2,4.0,360,2.4492935982947064e-16,-4.0
2014-04-18 07:00:00,21.0,94,0.5,4.2,340,1.436484601967809,-3.9467090073008153
2014-04-18 08:00:00,22.5,89,0.4,6.8,288,6.467184310807044,-2.1013155617496424
2014-04-18 09:00:00,23.0,85,0.3,8.9,284,8.635631963856369,-2.153104870837043
2014-04-18 10:00:00,23.9,82,0.3,8.3,288,7.893769085249775,-2.5648410533120636
2014-04-18 11:00:00,24.8,77,0.2,8.8,279,8.691657397237213,-1.3766232923540318
2014-04-18 12:00:00,25.0,77,0.2,9.0,268,8.994517443171862,0.31409547032250873
2014-04-18 13:00:00,25.7,76,0.1,10.6,260,10.438962181929405,1.8406706832694615
2014-04-18 14:00:00,25.8,76,0.0,11.1,257,10.81550771911611,2.4969567032169016
2014-04-18 15:00:00,25.7,76,0.1,11.1,257,10.81550771911611,2.4969567032169016
2014-04-18 16:00:00,24.6,80,0.2,9.4,263,9.329933825428427,1.1455718280083864
2014-04-18 17:00:00,23.5,88,0.6,6.1,273,6.0916401620029,-0.31924933308195735
2014-04-18 18:00:00,23.1,91,0.5,3.5,294,3.197409101749103,-1.4235782507653008
2014-04-18 19:00:00,22.4,94,0.4,3.8,311,2.8678964048465336,-2.4930243101639276
2014-04-18 20:00:00,22.0,96,0.4,3.1,315,2.1920310216782974,-2.192031021678297
2014-04-18 21:00:00,21.5,96,0.3,3.1,324,1.8221342821066668,-2.5079526825623373
2014-04-18 22:00:00,21.3,97,0.4,2.8,320,1.7998053071223101,-2.1449244407331385
2014-04-18 23:00:00,21.1,97,0.2,3.1,324,1.8221342821066668,-2.5079526825623373
2014-04-19 00:00:00,21.0,97,0.2,3.6,323,2.1665340833473743,-2.875087836170254
2014-04-19 01:00:00,20.8,97,0.5,4.5,331,2.181643291108517,-3.935788682127281
2014-04-19 02:00:00,20.7,98,0.5,4.8,333,2.1791543987498248,-4.276831316104166
2014-04-19 03:00:00,20.7,97,0.6,5.0,339,1.791839747726502,-4.667902132486009
2014-04-19 04:00:00,20.6,97,0.8,5.4,340,1.8469087739586119,-5.074340152243905
2014-04-19 05:00:00,20.6,96,0.6,4.9,343,1.4326213531414103,-4.685893304218874
2014-04-19 06:00:00,21.2,94,0.7000000000000001,4.0,360,2.4492935982947064e-16,-4.0
2014-04-19 07:00:00,21.5,93,0.8,3.6,354,0.3763024677635525,-3.580278823325784
2014-04-19 08:00:00,22.7,86,0.9,4.3,336,1.7489675652259409,-3.9282454678631837
2014-04-19 09:00:00,23.1,84,0.8,6.4,313,4.6806636903626915,-4.36478950439999
2014-04-19 10:00:00,23.9,81,0.6,8.0,306,6.47213595499958,-4.702282018339785
2014-04-19 11:00:00,24.3,80,0.5,8.4,295,7.61298541110786,-3.5499933986218752
2014-04-19 12:00:00,24.8,78,0.3,9.1,288,8.654614298285896,-2.8120546488120213
2014-04-19 13:00:00,25.2,78,0.2,10.0,285,9.659258262890683,-2.5881904510252074
2014-04-19 14:00:00,25.1,79,0.2,10.4,284,10.091075553270363,-2.5159877142365445
2014-04-19 15:00:00,25.5,79,0.3,9.0,286,8.65135526344487,-2.4807362023529924
2014-04-19 16:00:00,24.6,81,0.4,8.2,285,7.92059177557036,-2.12231616984067
2014-04-19 17:00:00,24.0,84,0.4,6.5,289,6.1458707413955596,-2.1161930039715187
2014-04-19 18:00:00,23.3,86,0.2,4.3,312,3.195522749552795,-2.8772616073430903
2014-04-19 19:00:00,22.3,93,0.1,4.5,346,1.0886485301985045,-4.366330768241984
2014-04-19 20:00:00,22.1,92,0.0,2.6,344,0.7166571251241979,-2.499280409439629
2014-04-19 21:00:00,22.4,90,0.0,1.1,270,1.1,0.0
2014-04-19 22:00:00,22.1,91,0.1,1.8,281,1.7669289302057951,-0.34345619167778063
2014-04-19 23:00:00,22.2,91,0.1,1.6,333,0.726384799583275,-1.4256104387013886
2014-04-20 00:00:00,22.1,91,0.0,1.8,101,-1.7669289302057951,0.34345619167778096
2014-04-20 01:00:00,21.8,92,0.0,3.1,135,-2.192031021678297,2.1920310216782974
2014-04-20 02:00:00,21.6,93,0.0,2.6,146,-1.4539015490239415,2.1554976886431088
2014-04-20 03:00:00,21.5,92,0.2,0.5,225,0.3535533905932738,0.35355339059327373
2014-04-20 04:00:00,20.8,93,0.5,1.1,342,0.3399186938124422,-1.0461621679246689
2014-04-20 05:00:00,20.9,91,0.5,1.5,14,-0.36288284339950166,-1.4554435894139948
2014-04-20 06:00:00,21.5,88,0.5,4.9,54,-3.964183272437243,-2.880147736233118
2014-04-20 07:00:00,22.0,88,0.3,2.3,18,-0.7107390870623793,-2.1874299874788528
2014-04-20 08:00:00,22.7,90,0.2,2.6,326,1.4539015490239418,-2.1554976886431088
2014-04-20 09:00:00,23.4,86,0.2,4.9,306,3.9641832724372428,-2.8801477362331185
2014-04-20 10:00:00,24.0,85,0.1,7.0,305,5.7340643100229425,-4.015035054457322
2014-04-20 11:00:00,25.0,81,0.3,8.7,312,6.46535998165333,-5.821436275322066
2014-04-20 12:00:00,25.6,76,0.2,9.7,315,6.858935777509511,-6.85893577750951
2014-04-20 13:00:00,25.8,75,0.0,10.4,316,7.224447052773572,-7.481133923521972
2014-04-20 14:00:00,25.7,75,0.0,10.5,319,6.888619804400326,-7.924450592339106
2014-04-20 15:00:00,25.3,75,0.0,9.6,326,5.368251873319169,-7.9587606965284
2014-04-20 16:00:00,24.7,76,0.0,9.1,326,5.088655421583796,-7.5442419102508795
2014-04-20 17:00:00,24.1,79,0.0,9.0,337,3.5165801564034633,-8.284543681071963
2014-04-20 18:00:00,23.2,82,0.0,7.7,349,1.4692292643993958,-7.558529312547013
2014-04-20 19:00:00,22.2,88,0.0,6.8,357,0.35588450245201897,-6.790680836331102
2014-04-20 20:00:00,20.9,95,0.0,6.9,351,1.0793978087775935,-6.815049550106451
2014-04-20 21:00:00,21.2,92,0.0,5.2,344,1.4333142502483958,-4.998560818879258
2014-04-20 22:00:00,21.0,93,0.0,5.1,352,0.7097828148963339,-5.050367150582009
2014-04-20 23:00:00,20.7,95,0.0,3.6,6,-0.3763024677635521,-3.5802788233257843
2014-04-21 00:00:00,20.4,97,0.0,2.6,16,-0.7166571251241971,-2.4992804094396295
2014-04-21 01:00:00,20.4,96,0.2,2.2,9,-0.3441558230885083,-2.172914349309303
2014-04-21 02:00:00,20.3,97,0.0,2.1,31,-1.0815799573111144,-1.8000513314744355
2014-04-21 03:00:00,20.2,96,0.0,2.4,27,-1.0895771993749126,-2.138415658052083
2014-04-21 04:00:00,20.2,96,0.0,3.1,21,-1.1109406435904323,-2.894099322141325
2014-04-21 05:00:00,20.2,96,0.0,4.6,18,-1.4214781741247586,-4.3748599749577055
2014-04-21 06:00:00,20.0,97,0.0,5.4,37,-3.2498011250210608,-4.312631754255381
2014-04-21 07:00:00,20.8,94,0.0,5.8,22,-2.1727182418122912,-5.377666356487366
2014-04-21 08:00:00,22.2,89,0.0,5.4,356,0.3766849582182763,-5.386845871403051
2014-04-21 09:00:00,23.6,82,0.0,4.9,324,2.8801477362331185,-3.9641832724372428
2014-04-21 10:00:00,24.9,77,0.0,5.3,298,4.679622242152313,-2.4881992827652213
2014-04-21 11:00:00,25.9,74,0.0,7.5,287,7.172285669722766,-2.192787785420526
2014-04-21 12:00:00,26.6,72,0.0,8.0,288,7.608452130361228,-2.472135954999579
2014-04-21 13:00:00,26.8,73,0.1,8.4,290,7.8934180146016315,-2.872969203935617
2014-04-21 14:00:00,26.6,75,0.0,8.9,291,8.308865795825096,-3.1894747509531727
2014-04-21 15:00:00,25.9,81,0.3,8.7,300,7.534421012924616,-4.349999999999999
2014-04-21 16:00:00,25.3,82,0.0,8.5,306,6.876644452187053,-4.996174644486022
2014-04-21 17:00:00,24.7,83,0.0,7.4,309,5.750880114781585,-4.656970893768797
2014-04-21 18:00:00,23.7,85,0.1,5.6,320,3.5996106142446203,-4.289848881466277
2014-04-21 19:00:00,22.4,90,0.0,5.7,342,1.7613968679372005,-5.421022142882375
2014-04-21 20:00:00,21.8,94,0.0,5.1,356,0.35575801609503865,-5.087576656325103
2014-04-21 21:00:00,21.3,94,0.0,3.7,11,-0.7059932828932151,-3.632020578756357
2014-04-21 22:00:00,21.6,92,0.0,1.9,22,-0.7117525274902333,-1.7616493236768958
2014-04-21 23:00:00,21.2,93,0.0,2.7,23,-1.0549740469210394,-2.4853631043215887
2014-04-22 00:00:00,20.8,94,0.1,3.3,41,-2.1649947956686737,-2.4905416147351476
2014-04-22 01:00:00,19.0,97,0.0,3.9,56,-3.233246532964663,-2.180852323535912
2014-04-22 02:00:00,18.8,96,0.0,4.0,63,-3.5640260967534716,-1.8159619989581868
2014-04-22 03:00:00,18.8,95,0.0,3.2,63,-2.8512208774027776,-1.4527695991665495
2014-04-22 04:00:00,18.7,92,0.0,2.8,50,-2.1449244407331385,-1.7998053071223097
2014-04-22 05:00:00,19.2,88,0.0,1.6,27,-0.7263847995832751,-1.4256104387013886
2014-04-22 06:00:00,19.7,84,0.0,4.7,67,-4.32637281122647,-1.8364363038995857
2014-04-22 07:00:00,21.9,83,0.0,4.1,45,-2.8991378028648453,-2.8991378028648445
2014-04-22 08:00:00,23.8,77,0.0,4.7,4,-0.32785542659739025,-4.688551036221174
2014-04-22 09:00:00,24.6,76,0.0,6.5,341,2.116193003971519,-6.145870741395559
2014-04-22 10:00:00,25.6,72,0.0,7.6,329,3.9142893693164114,-6.5144714853360535
2014-04-22 11:00:00,26.7,67,0.0,8.7,330,4.3500000000000005,-7.534421012924615
2014-04-22 12:00:00,27.3,66,0.0,11.0,328,5.829111906565254,-9.328529057720685
2014-04-22 13:00:00,27.4,67,0.0,12.4,330,6.200000000000002,-10.73871500692704
2014-04-22 14:00:00,27.6,68,0.0,12.9,337,5.040431557511631,-11.874512609536481
2014-04-22 15:00:00,25.9,77,0.0,13.7,342,4.2335328229367795,-13.029474273243602
2014-04-22 16:00:00,25.1,81,0.0,13.7,346,3.314329969715447,-13.293051449981151
2014-04-22 17:00:00,24.4,83,0.0,12.2,346,2.9514471263159456,-11.837607860567156
2014-04-22 18:00:00,22.8,88,0.0,10.5,344,2.8941922360784913,-10.093247807352348
2014-04-22 19:00:00,21.6,92,0.0,8.6,358,0.3001356716415093,-8.594761112364223
2014-04-22 20:00:00,21.0,93,0.0,9.1,7,-1.1090110249868392,-9.03216997993603
2014-04-22 21:00:00,20.2,95,0.0,6.6,9,-1.0324674692655247,-6.5187430479279085
2014-04-22 22:00:00,20.5,93,0.0,5.2,12,-1.0811407922523508,-5.086367523815789
2014-04-22 23:00:00,20.4,93,0.0,4.1,15,-1.0611580849203346,-3.96029588778518
2014-04-23 00:00:00,20.2,93,0.0,3.6,6,-0.3763024677635521,-3.5802788233257843
2014-04-23 01:00:00,20.1,93,0.0,2.9,7,-0.35342109587492676,-2.878383839759834
2014-04-23 02:00:00,20.1,92,0.0,3.4,18,-1.0506577808748216,-3.233592155403522
2014-04-23 03:00:00,19.9,90,0.0,3.9,34,-2.1808523235359116,-3.233246532964663
2014-04-23 04:00:00,19.9,89,0.0,2.8,40,-1.7998053071223103,-2.144924440733138
2014-04-23 05:00:00,19.9,88,0.0,2.1,31,-1.0815799573111144,-1.8000513314744355
2014-04-23 06:00:00,19.8,88,0.0,2.9,360,1.7757378587636622e-16,-2.9
2014-04-23 07:00:00,20.2,91,0.0,2.9,7,-0.35342109587492676,-2.878383839759834
2014-04-23 08:00:00,22.2,82,0.0,3.0,346,0.725765686799003,-2.9108871788279895
2014-04-23 09:00:00,23.2,80,0.0,5.9,317,4.023790324368742,-4.314986839553106
2014-04-23 10:00:00,24.0,79,0.0,5.9,313,4.314986839553106,-4.023790324368742
2014-04-23 11:00:00,25.1,76,0.0,6.8,302,5.766727053863696,-3.603450996785793
2014-04-23 12:00:00,25.3,76,0.1,8.7,308,6.85569355637848,-5.356254835333226
2014-04-23 13:00:00,25.1,76,0.5,8.1,315,5.727564927611035,-5.727564927611034
2014-04-23 14:00:00,25.2,75,0.0,8.1,315,5.727564927611035,-5.727564927611034
2014-04-23 15:00:00,23.9,85,0.8,6.9,313,5.046340541172277,-4.70578868443124
2014-04-23 16:00:00,23.1,88,0.2,6.1,310,4.6728711030257655,-3.921004419087889
2014-04-23 17:00:00,22.4,91,0.2,6.1,320,3.92100441908789,-4.6728711030257655
2014-04-23 18:00:00,21.7,94,0.0,6.0,335,2.5357095704441965,-5.437846722219899
2014-04-23 19:00:00,21.1,97,0.0,5.6,345,1.4493866525741161,-5.4091846272187825
2014-04-23 20:00:00,20.7,98,0.0,2.5,352,0.34793275240016364,-2.475670171853926
2014-04-23 21:00:00,20.6,98,0.0,2.6,344,0.7166571251241979,-2.499280409439629
2014-04-23 22:00:00,20.5,97,0.0,3.1,36,-1.822134282106667,-2.507952682562337
2014-04-23 23:00:00,20.6,96,0.0,2.0,45,-1.4142135623730954,-1.414213562373095
2014-04-24 00:00:00,20.7,95,0.0,2.5,352,0.34793275240016364,-2.475670171853926
2014-04-24 01:00:00,20.2,97,0.0,3.3,13,-0.7423384793347553,-3.215421213791276
2014-04-24 02:00:00,19.6,98,0.0,3.6,37,-2.166534083347374,-2.875087836170254
2014-04-24 03:00:00,18.7,98,0.0,3.7,29,-1.7937955949114464,-3.2360929164157652
2014-04-24 04:00:00,17.9,99,0.0,4.3,24,-1.7489675652259404,-3.928245467863184
2014-04-24 05:00:00,17.5,99,0.0,5.0,21,-1.7918397477265036,-4.667902132486008
2014-04-24 06:00:00,17.8,99,0.0,5.6,40,-3.5996106142446207,-4.289848881466276
2014-04-24 07:00:00,20.5,94,0.0,6.6,29,-3.199743493625823,-5.772490067120013
2014-04-24 08:00:00,21.4,89,0.0,8.1,21,-2.9027803913169357,-7.562001454627333
2014-04-24 09:00:00,23.3,81,0.0,7.6,5,-0.6623836448822027,-7.571079705497266
2014-04-24 10:00:00,24.5,76,0.0,8.1,347,1.8221035401853058,-7.892397524760405
2014-04-24 11:00:00,25.5,73,0.0,9.8,336,3.9860191021428424,-8.95274548489749
2014-04-24 12:00:00,25.5,74,0.0,10.2,337,3.985457510590592,-9.389149505214892
2014-04-24 13:00:00,25.5,75,0.0,9.4,342,2.904759747124506,-8.939931253174443
2014-04-24 14:00:00,25.7,75,0.0,8.4,340,2.872969203935618,-7.893418014601631
2014-04-24 15:00:00,26.0,74,0.2,7.9,336,3.2132194802988217,-7.217009115376547
2014-04-24 16:00:00,25.6,76,0.0,9.2,329,4.738350289172498,-7.8859391664594325
2014-04-24 17:00:00,24.5,81,0.0,9.7,333,4.403707847473604,-8.642763284627167
2014-04-24 18:00:00,23.5,85,0.0,7.8,338,2.9219314286441134,-7.232034065620942
2014-04-24 19:00:00,22.7,87,0.0,7.6,360,4.653657836759942e-16,-7.6
2014-04-24 20:00:00,22.1,90,0.0,6.6,9,-1.0324674692655247,-6.5187430479279085
2014-04-24 21:00:00,21.6,91,0.0,5.5,23,-2.149021206691006,-5.062776693988422
2014-04-24 22:00:00,21.4,92,0.0,3.9,34,-2.1808523235359116,-3.233246532964663
2014-04-24 23:00:00,20.8,95,0.0,2.5,45,-1.7677669529663693,-1.7677669529663687
2014-04-25 00:00:00,20.8,93,0.0,2.2,9,-0.3441558230885083,-2.172914349309303
2014-04-25 01:00:00,21.0,91,0.0,2.9,7,-0.35342109587492676,-2.878383839759834
2014-04-25 02:00:00,21.1,90,0.0,3.1,21,-1.1109406435904323,-2.894099322141325
2014-04-25 03:00:00,20.6,88,0.2,3.8,41,-2.4930243101639276,-2.8678964048465336
2014-04-25 04:00:00,20.6,89,0.1,4.6,39,-2.894873798829254,-3.5748714227020644
2014-04-25 05:00:00,20.7,88,0.1,4.4,55,-3.604268994871564,-2.5237363199446032
2014-04-25 06:00:00,20.5,87,0.0,3.4,58,-2.8833635269318485,-1.8017254983928963
2014-04-25 07:00:00,21.3,90,0.0,2.6,344,0.7166571251241979,-2.499280409439629
2014-04-25 08:00:00,23.2,82,0.0,4.9,343,1.4326213531414103,-4.685893304218874
2014-04-25 09:00:00,24.1,80,0.0,6.6,347,1.4846769586695083,-6.430842427582553
2014-04-25 10:00:00,24.9,78,0.0,6.9,354,0.7212463965468089,-6.862201078041086
2014-04-25 11:00:00,25.2,77,0.0,8.4,350,1.4586446924022156,-8.272385125302547
2014-04-25 12:00:00,25.8,76,0.0,8.5,348,1.7672493719509554,-8.314254606237347
2014-04-25 13:00:00,26.2,73,0.1,8.9,339,3.1894747509531736,-8.308865795825096
2014-04-25 14:00:00,26.6,71,0.0,8.7,336,3.5386087947594613,-7.947845481490627
2014-04-25 15:00:00,25.9,77,0.0,9.0,331,4.363286582217034,-7.871577364254562
2014-04-25 16:00:00,25.3,80,0.0,9.7,333,4.403707847473604,-8.642763284627167
2014-04-25 17:00:00,24.5,83,0.0,8.7,343,2.5436338310878095,-8.319851376878407
2014-04-25 18:00:00,23.6,86,0.0,7.2,333,3.268731598124737,-6.415246974156248
2014-04-25 19:00:00,22.7,90,0.0,7.1,345,1.8376152202278973,-6.858073366652385
2014-04-25 20:00:00,21.9,95,0.0,5.0,360,3.061616997868383e-16,-5.0
2014-04-25 21:00:00,21.6,95,0.0,1.9,22,-0.7117525274902333,-1.7616493236768958
2014-04-25 22:00:00,21.1,95,0.0,1.3,56,-1.0777488443215544,-0.7269507745119708
2014-04-25 23:00:00,19.9,98,0.0,1.8,79,-1.7669289302057951,-0.3434561916777805
2014-04-26 00:00:00,19.3,98,0.0,2.1,31,-1.0815799573111144,-1.8000513314744355
2014-04-26 01:00:00,19.1,95,0.0,3.3,77,-3.2154212137912763,-0.7423384793347544
2014-04-26 02:00:00,19.4,91,0.0,4.3,85,-4.283637201794505,-0.37476969381492914
2014-04-26 03:00:00,20.7,89,0.0,3.3,84,-3.2819222547153015,-0.3449439287832565
2014-04-26 04:00:00,20.3,89,0.0,2.7,67,-2.485363104321589,-1.0549740469210387
2014-04-26 05:00:00,19.9,89,0.0,2.2,99,-2.172914349309303,0.3441558230885082
2014-04-26 06:00:00,19.8,89,0.0,2.0,135,-1.414213562373095,1.4142135623730951
2014-04-26 07:00:00,22.1,86,0.0,2.4,297,2.138415658052083,-1.0895771993749122
2014-04-26 08:00:00,23.9,84,0.0,4.7,328,2.490620541896063,-3.9858260519352022
2014-04-26 09:00:00,24.9,81,0.0,4.4,325,2.5237363199446032,-3.604268994871564
2014-04-26 10:00:00,26.0,78,0.0,8.0,288,7.608452130361228,-2.472135954999579
2014-04-26 11:00:00,26.7,76,0.1,10.3,306,8.332875042061959,-6.054188098612474
2014-04-26 12:00:00,26.7,77,0.0,11.2,320,7.1992212284892405,-8.579697762932554
2014-04-26 13:00:00,26.0,79,0.2,9.2,329,4.738350289172498,-7.8859391664594325
2014-04-26 14:00:00,26.1,79,0.2,9.8,324,5.760295472466237,-7.9283665448744856
2014-04-26 15:00:00,24.8,85,0.4,9.0,323,5.4163352083684355,-7.187719590425635
2014-04-26 16:00:00,25.1,81,0.0,8.2,319,5.379684037722159,-6.18861855782673
2014-04-26 17:00:00,24.8,81,0.0,6.8,335,2.873804179836756,-6.162892951849219
2014-04-26 18:00:00,24.3,83,0.0,8.3,355,0.7233926648055626,-8.268415994161488
2014-04-26 19:00:00,23.4,87,0.0,7.0,348,1.4553818357243162,-6.847033205136639
2014-04-26 20:00:00,22.1,94,0.0,4.7,23,-1.836436303899587,-4.326372811226469
2014-04-26 21:00:00,21.9,94,0.0,2.1,31,-1.0815799573111144,-1.8000513314744355
2014-04-26 22:00:00,21.6,94,0.0,2.3,72,-2.187429987478853,-0.7107390870623786
2014-04-26 23:00:00,21.5,91,0.0,3.9,68,-3.616017032810471,-1.460965714322057
2014-04-27 00:00:00,20.1,95,0.0,3.8,41,-2.4930243101639276,-2.8678964048465336
2014-04-27 01:00:00,19.4,96,0.0,3.1,36,-1.822134282106667,-2.507952682562337
2014-04-27 02:00:00,18.8,98,0.0,4.5,61,-3.9357886821272814,-2.181643291108516
2014-04-27 03:00:00,19.9,93,0.3,3.5,66,-3.197409101749103,-1.4235782507653008
2014-04-27 04:00:00,20.5,88,0.0,1.0,45,-0.7071067811865477,-0.7071067811865475
2014-04-27 05:00:00,20.6,86,0.0,1.1,360,6.735557395310444e-17,-1.1
2014-04-27 06:00:00,20.3,85,0.0,2.9,60,-2.5114736709748717,-1.4500000000000002
2014-04-27 07:00:00,21.7,91,0.0,3.5,24,-1.4235782507653003,-3.1974091017491033
2014-04-27 08:00:00,24.3,80,0.0,6.4,344,1.7640790772287946,-6.1520748540052415
2014-04-27 09:00:00,25.0,78,0.0,7.1,330,3.5500000000000007,-6.148780366869514
2014-04-27 10:00:00,26.0,74,0.0,7.4,317,5.046787864462489,-5.412017391981862
2014-04-27 11:00:00,26.7,71,0.0,7.9,309,6.139453095510071,-4.971631089293716
2014-04-27 12:00:00,27.3,67,0.0,8.3,304,6.881011852206846,-4.6413010988072
2014-04-27 13:00:00,27.5,65,0.0,9.3,306,7.523858047687012,-5.46640284632
2014-04-27 14:00:00,27.5,66,0.0,8.7,308,6.85569355637848,-5.356254835333226
2014-04-27 15:00:00,26.9,70,0.0,7.4,317,5.046787864462489,-5.412017391981862
2014-04-27 16:00:00,26.5,71,0.0,8.2,322,5.048424097670398,-6.46168817957512
2014-04-27 17:00:00,25.7,75,0.0,8.7,322,5.356254835333226,-6.855693556378481
2014-04-27 18:00:00,24.8,78,0.0,7.3,351,1.1419715947936857,-7.210124886344506
2014-04-27 19:00:00,23.6,84,0.0,7.8,13,-1.7546182238821488,-7.600086505324834
2014-04-27 20:00:00,22.3,91,0.0,6.3,31,-3.2447398719333433,-5.400153994423306
2014-04-27 21:00:00,21.5,90,0.0,5.2,34,-2.907803098047882,-4.3109953772862175
2014-04-27 22:00:00,21.1,89,0.0,5.4,37,-3.2498011250210608,-4.312631754255381
2014-04-27 23:00:00,20.4,90,0.0,4.9,36,-2.880147736233119,-3.9641832724372423
2014-04-28 00:00:00,20.2,91,0.0,4.9,36,-2.880147736233119,-3.9641832724372423
2014-04-28 01:00:00,19.6,92,0.0,5.4,42,-3.613305274337834,-4.01298205757793
2014-04-28 02:00:00,19.3,91,0.0,4.8,42,-3.211826910522519,-3.567095162291493
2014-04-28 03:00:00,21.7,82,0.0,4.6,39,-2.894873798829254,-3.5748714227020644
2014-04-28 04:00:00,21.5,82,0.0,4.6,45,-3.2526911934581193,-3.252691193458118
2014-04-28 05:00:00,21.1,81,0.0,4.6,51,-3.5748714227020653,-2.894873798829253
2014-04-28 06:00:00,20.9,80,0.0,3.3,41,-2.1649947956686737,-2.4905416147351476
2014-04-28 07:00:00,21.0,88,0.0,4.0,360,2.4492935982947064e-16,-4.0
2014-04-28 08:00:00,24.1,72,0.0,6.0,335,2.5357095704441965,-5.437846722219899
2014-04-28 09:00:00,25.0,68,0.0,6.3,336,2.5624408513775414,-5.755336383148386
2014-04-28 10:00:00,26.2,62,0.0,7.0,325,4.015035054457323,-5.7340643100229425
2014-04-28 11:00:00,27.1,60,0.0,7.9,317,5.387787044493738,-5.777694242791447
2014-04-28 12:00:00,27.5,60,0.0,9.7,312,7.208504807130724,-6.490566881680924
2014-04-28 13:00:00,27.3,61,0.0,11.2,312,8.323222045346816,-7.494262791219212
2014-04-28 14:00:00,26.6,64,0.0,12.3,320,7.906287599144434,-9.42234665036343
2014-04-28 15:00:00,25.4,67,0.0,10.5,329,5.407899786555569,-9.00025665737218
2014-04-28 16:00:00,25.0,67,0.0,8.0,333,3.6319239979163744,-7.128052193506942
2014-04-28 17:00:00,24.4,69,0.0,8.4,329,4.326319829244455,-7.200205325897744
2014-04-28 18:00:00,23.2,73,0.0,6.5,326,3.634753872559854,-5.388744221607771
2014-04-28 19:00:00,21.9,79,0.0,7.2,333,3.268731598124737,-6.415246974156248
2014-04-28 20:00:00,21.4,79,0.0,5.6,345,1.4493866525741161,-5.4091846272187825
2014-04-28 21:00:00,21.4,79,0.0,3.9,22,-1.460965714322058,-3.6160170328104706
2014-04-28 22:00:00,20.7,83,0.0,1.3,56,-1.0777488443215544,-0.7269507745119708
2014-04-28 23:00:00,19.5,87,0.0,2.9,90,-2.9,3.5514757175273243e-16
2014-04-29 00:00:00,18.3,92,0.0,2.6,74,-2.499280409439629,-0.7166571251241974
2014-04-29 01:00:00,18.0,92,0.0,1.4,90,-1.4,1.7145055188062944e-16
2014-04-29 02:00:00,17.0,96,0.0,0.8,153,-0.36319239979163737,0.7128052193506944
2014-04-29 03:00:00,16.6,95,0.0,1.1,162,-0.3399186938124421,1.046162167924669
2014-04-29 04:00:00,16.0,97,0.0,1.6,153,-0.7263847995832747,1.4256104387013888
2014-04-29 05:00:00,15.8,97,0.0,2.7,157,-1.0549740469210394,2.4853631043215887
2014-04-29 06:00:00,15.9,97,0.0,2.9,150,-1.4499999999999993,2.511473670974872
2014-04-29 07:00:00,19.8,90,0.0,2.9,187,0.3534210958749277,2.8783838397598336
2014-04-29 08:00:00,22.6,79,0.0,4.1,232,3.2308440897875594,2.524212048835199
2014-04-29 09:00:00,23.8,74,0.0,5.0,249,4.667902132486009,1.7918397477265013
2014-04-29 10:00:00,24.7,70,0.0,6.9,264,6.862201078041086,0.721246396546809
2014-04-29 11:00:00,25.5,67,0.1,7.6,278,7.5260373224359345,-1.0577155672964973
2014-04-29 12:00:00,25.8,66,0.0,8.2,285,7.92059177557036,-2.12231616984067
2014-04-29 13:00:00,25.9,62,0.1,7.8,283,7.6000865053248345,-1.754618223882147
2014-04-29 14:00:00,25.6,63,0.0,8.6,292,7.973781149274371,-3.221616703376843
2014-04-29 15:00:00,24.7,65,0.1,7.8,304,6.466493065929325,-4.361704647071826
2014-04-29 16:00:00,24.1,67,0.0,5.4,312,4.012982057577929,-3.6133052743378347
2014-04-29 17:00:00,23.8,68,0.0,4.6,309,3.5748714227020657,-2.8948737988292517
2014-04-29 18:00:00,23.3,70,0.0,3.6,276,3.580278823325784,-0.37630246776355253
2014-04-29 19:00:00,22.2,77,0.0,4.7,293,4.32637281122647,-1.8364363038995868
2014-04-29 20:00:00,21.8,74,0.0,3.9,304,3.2332465329646625,-2.180852323535913
2014-04-29 21:00:00,21.4,77,0.0,2.6,304,2.1554976886431083,-1.453901549023942
2014-04-29 22:00:00,19.9,86,0.0,1.1,198,0.3399186938124422,1.0461621679246689
2014-04-29 23:00:00,19.6,89,0.0,5.2,168,-1.0811407922523486,5.08636752381579
2014-04-30 00:00:00,19.5,89,0.0,6.5,186,0.6794350112397475,6.4643923198937765
2014-04-30 01:00:00,18.8,91,0.0,5.9,191,1.125773072721615,5.791600382341218
2014-04-30 02:00:00,18.7,90,0.0,6.6,193,1.4846769586695083,6.430842427582553
2014-04-30 03:00:00,19.9,86,0.0,5.2,192,1.0811407922523493,5.086367523815789
2014-04-30 04:00:00,20.5,84,0.0,3.9,202,1.4609657143220567,3.616017032810471
2014-04-30 05:00:00,20.5,85,0.0,1.1,180,6.735557395310444e-17,1.1
2014-04-30 06:00:00,19.3,88,0.0,3.4,122,-2.883363526931848,1.8017254983928965
2014-04-30 07:00:00,20.9,84,0.0,0.8,153,-0.36319239979163737,0.7128052193506944
2014-04-30 08:00:00,22.2,79,0.0,3.8,287,3.6339580726595346,-1.1110124779463997
2014-04-30 09:00:00,22.4,80,0.0,4.2,290,3.9467090073008158,-1.4364846019678086
2014-04-30 10:00:00,22.7,80,1.0,3.6,264,3.580278823325784,0.37630246776355253
2014-04-30 11:00:00,22.8,79,0.4,7.0,282,6.84703320513664,-1.4553818357243153
2014-04-30 12:00:00,23.2,79,0.4,7.9,286,7.59396739791272,-2.1775351109542935
2014-04-30 13:00:00,23.0,76,0.1,9.5,295,8.609923976848174,-4.014873486536644
2014-04-30 14:00:00,23.1,76,0.3,9.2,315,6.505382386916237,-6.505382386916236
2014-04-30 15:00:00,21.1,85,0.4,9.5,331,4.605691392340202,-8.30888721782426
2014-04-30 16:00:00,20.3,90,0.4,8.5,332,3.9905082836800725,-7.505054539300878
2014-04-30 17:00:00,20.1,92,0.4,7.4,337,2.8914103508206255,-6.811735915548059
2014-04-30 18:00:00,19.7,95,0.4,7.0,348,1.4553818357243162,-6.847033205136639
2014-04-30 19:00:00,19.2,98,0.3,6.2,350,1.0766187015349686,-6.10580806867569
2014-04-30 20:00:00,19.1,98,0.5,5.8,356,0.40458754771592637,-5.78587149150698
2014-04-30 21:00:00,19.1,98,0.4,5.9,11,-1.1257730727216133,-5.791600382341218
2014-04-30 22:00:00,19.1,97,0.3,4.8,27,-2.179154398749825,-4.276831316104166
2014-04-30 23:00:00,19.1,97,0.2,1.8,37,-1.083267041673687,-1.437543918085127
2014-05-01 00:00:00,19.2,96,0.2,1.0,225,0.7071067811865476,0.7071067811865475
2014-05-01 01:00:00,19.0,96,0.0,1.1,270,1.1,0.0
2014-05-01 02:00:00,19.3,95,0.0,2.1,329,1.0815799573111138,-1.800051331474436
2014-05-01 03:00:00,19.3,94,0.2,2.3,321,1.447436899414626,-1.7874357113510329
2014-05-01 04:00:00,18.9,95,0.2,1.6,297,1.4256104387013888,-0.7263847995832748
2014-05-01 05:00:00,18.8,96,0.2,2.6,304,2.1554976886431083,-1.453901549023942
2014-05-01 06:00:00,18.8,97,0.3,1.4,360,8.572527594031472e-17,-1.4
2014-05-01 07:00:00,19.4,96,0.4,2.7,23,-1.0549740469210394,-2.4853631043215887
2014-05-01 08:00:00,19.6,96,0.6,3.6,6,-0.3763024677635521,-3.5802788233257843
2014-05-01 09:00:00,20.1,95,0.7000000000000001,4.6,342,1.4214781741247582,-4.3748599749577055
2014-05-01 10:00:00,20.7,91,0.9,5.0,330,2.5000000000000004,-4.330127018922193
2014-05-01 11:00:00,21.0,89,0.9,5.8,338,2.1727182418122895,-5.377666356487367
2014-05-01 12:00:00,21.2,88,0.5,5.8,338,2.1727182418122895,-5.377666356487367
2014-05-01 13:00:00,21.6,85,0.3,6.5,341,2.116193003971519,-6.145870741395559
2014-05-01 14:00:00,22.0,86,0.2,7.1,345,1.8376152202278973,-6.858073366652385
2014-05-01 15:00:00,22.0,93,0.4,7.4,346,1.7902220274375409,-7.180188374442374
2014-05-01 16:00:00,21.2,97,0.3,6.5,357,0.3401837155791358,-6.49109197590473
2014-05-01 17:00:00,20.8,97,0.5,6.8,3,-0.3558845024520213,-6.790680836331102
2014-05-01 18:00:00,20.7,95,0.4,4.2,20,-1.436484601967808,-3.9467090073008158
2014-05-01 19:00:00,20.3,96,0.1,5.5,58,-4.664264528860343,-2.914555953282626
2014-05-01 20:00:00,20.8,91,0.0,3.2,63,-2.8512208774027776,-1.4527695991665495
2014-05-01 21:00:00,20.8,90,0.0,3.6,360,2.2043642384652358e-16,-3.6
2014-05-01 22:00:00,20.2,94,0.0,5.6,40,-3.5996106142446207,-4.289848881466276
2014-05-01 23:00:00,19.8,95,0.0,5.2,34,-2.907803098047882,-4.3109953772862175
2014-05-02 00:00:00,19.9,95,0.0,3.4,32,-1.801725498392897,-2.883363526931848
2014-05-02 01:00:00,19.9,94,0.0,3.0,14,-0.7257656867990033,-2.9108871788279895
2014-05-02 02:00:00,18.5,98,0.0,4.1,45,-2.8991378028648453,-2.8991378028648445
2014-05-02 03:00:00,20.2,89,0.2,4.7,67,-4.32637281122647,-1.8364363038995857
2014-05-02 04:00:00,20.4,87,0.2,4.1,45,-2.8991378028648453,-2.8991378028648445
2014-05-02 05:00:00,19.2,88,0.2,5.4,37,-3.2498011250210608,-4.312631754255381
2014-05-02 06:00:00,20.3,84,0.0,4.2,20,-1.436484601967808,-3.9467090073008158
2014-05-02 07:00:00,20.0,93,0.0,4.1,15,-1.0611580849203346,-3.96029588778518
2014-05-02 08:00:00,22.0,87,0.0,6.8,357,0.35588450245201897,-6.790680836331102
2014-05-02 09:00:00,22.6,84,0.0,8.9,346,2.1531048708370424,-8.635631963856369
2014-05-02 10:00:00,23.8,78,0.1,8.8,348,1.8296228791962834,-8.60769888645749
2014-05-02 11:00:00,24.3,76,0.4,7.8,347,1.7546182238821464,-7.6000865053248345
2014-05-02 12:00:00,24.9,73,0.9,7.9,330,3.950000000000001,-6.841600689897065
2014-05-02 13:00:00,25.1,73,0.2,8.2,331,3.975438886019964,-7.171881598543044
2014-05-02 14:00:00,25.2,73,0.2,7.9,330,3.950000000000001,-6.841600689897065
2014-05-02 15:00:00,25.4,73,0.3,8.2,337,3.203995253612044,-7.54813979831001
2014-05-02 16:00:00,25.5,73,0.2,7.5,343,2.192787785420526,-7.172285669722766
2014-05-02 17:00:00,24.7,77,0.0,6.5,326,3.634753872559854,-5.388744221607771
2014-05-02 18:00:00,23.8,82,0.0,6.2,324,3.6442685642133337,-5.0159053651246746
2014-05-02 19:00:00,22.9,89,0.0,4.7,328,2.490620541896063,-3.9858260519352022
2014-05-02 20:00:00,22.3,90,0.0,1.5,315,1.0606601717798214,-1.0606601717798212
2014-05-02 21:00:00,22.4,89,0.1,2.3,51,-1.7874357113510326,-1.4474368994146265
2014-05-02 22:00:00,21.7,93,0.2,1.0,135,-0.7071067811865475,0.7071067811865476
2014-05-02 23:00:00,21.6,94,0.1,1.6,207,0.726384799583275,1.4256104387013886
2014-05-03 00:00:00,21.7,93,0.3,2.2,189,0.34415582308850806,2.1729143493093033
2014-05-03 01:00:00,21.2,95,0.9,2.5,180,1.5308084989341916e-16,2.5
2014-05-03 02:00:00,20.3,97,1.0,2.9,150,-1.4499999999999993,2.511473670974872
2014-05-03 03:00:00,19.7,92,0.1,4.3,138,-2.8772616073430903,3.195522749552795
2014-05-03 04:00:00,19.9,89,0.0,4.2,149,-2.163159914622228,3.600102662948872
2014-05-03 05:00:00,20.9,82,0.2,3.0,166,-0.7257656867990033,2.9108871788279895
2014-05-03 06:00:00,21.4,80,0.0,1.6,207,0.726384799583275,1.4256104387013886
2014-05-03 07:00:00,21.6,83,0.0,1.1,270,1.1,0.0
2014-05-03 08:00:00,22.7,84,0.3,3.3,319,2.1649947956686737,-2.4905416147351476
2014-05-03 09:00:00,23.6,82,0.9,4.0,280,3.939231012048832,-0.6945927106677213
2014-05-03 10:00:00,24.6,78,0.3,5.1,262,5.050367150582009,0.7097828148963337
2014-05-03 11:00:00,24.9,77,2.2,6.2,260,6.10580806867569,1.0766187015349682
2014-05-03 12:00:00,24.8,78,1.8,7.2,267,7.190132650232932,0.37681888494919563
2014-05-03 13:00:00,23.8,80,4.3,7.3,261,7.210124886344506,1.1419715947936853
2014-05-03 14:00:00,23.2,85,2.3,6.2,263,6.153786140176196,0.7555899291119144
2014-05-03 15:00:00,23.9,79,2.2,4.0,275,3.984778792366982,-0.34862297099063266
2014-05-03 16:00:00,23.7,81,0.3,5.2,286,4.998560818879258,-1.4333142502483958
2014-05-03 17:00:00,23.5,84,0.6,5.2,282,5.08636752381579,-1.0811407922523486
2014-05-03 18:00:00,23.1,85,0.6,4.8,297,4.276831316104166,-2.1791543987498243
2014-05-03 19:00:00,22.2,90,0.5,4.3,318,2.8772616073430903,-3.195522749552795
2014-05-03 20:00:00,21.6,94,0.3,3.7,331,1.7937955949114475,-3.2360929164157644
2014-05-03 21:00:00,21.2,94,0.3,1.5,315,1.0606601717798214,-1.0606601717798212
2014-05-03 22:00:00,21.7,89,0.0,1.3,236,1.0777488443215542,0.726950774511971
2014-05-03 23:00:00,21.4,90,0.0,2.3,219,1.447436899414626,1.7874357113510329
2014-05-04 00:00:00,21.4,90,0.0,3.3,193,0.7423384793347542,3.2154212137912763
2014-05-04 01:00:00,21.0,92,0.1,3.8,197,1.1110124779463997,3.6339580726595346
2014-05-04 02:00:00,20.7,93,0.1,2.3,252,2.1874299874788528,0.710739087062379
2014-05-04 03:00:00,20.8,89,1.0,0.4,270,0.4,0.0
2014-05-04 04:00:00,21.7,84,1.3,1.1,90,-1.1,1.3471114790620887e-16
2014-05-04 05:00:00,21.3,86,0.9,0.4,90,-0.4,4.898587196589413e-17
2014-05-04 06:00:00,20.8,89,0.7000000000000001,0.7000000000000001,360,4.2862637970157366e-17,-0.7000000000000001
2014-05-04 07:00:00,21.3,93,0.2,0.5,45,-0.35355339059327384,-0.35355339059327373
2014-05-04 08:00:00,22.9,86,0.2,2.3,288,2.1874299874788528,-0.710739087062379
2014-05-04 09:00:00,23.9,83,0.2,5.2,286,4.998560818879258,-1.4333142502483958
2014-05-04 10:00:00,24.3,83,0.0,7.3,279,7.210124886344506,-1.1419715947936853
2014-05-04 11:00:00,25.2,80,0.0,7.3,279,7.210124886344506,-1.1419715947936853
2014-05-04 12:00:00,25.4,79,0.1,6.6,261,6.518743047927909,1.0324674692655236
2014-05-04 13:00:00,24.7,83,0.0,6.9,264,6.862201078041086,0.721246396546809
2014-05-04 14:00:00,24.2,83,0.3,6.5,267,6.49109197590473,0.3401837155791349
2014-05-04 15:00:00,24.6,80,0.0,6.2,277,6.153786140176196,-0.7555899291119144
2014-05-04 16:00:00,24.3,81,0.1,5.6,297,4.98963653545486,-2.5423467985414616
2014-05-04 17:00:00,23.6,84,0.4,3.8,311,2.8678964048465336,-2.4930243101639276
2014-05-04 18:00:00,23.2,85,0.9,1.6,333,0.726384799583275,-1.4256104387013886
2014-05-04 19:00:00,22.4,91,0.7000000000000001,1.8,37,-1.083267041673687,-1.437543918085127
2014-05-04 20:00:00,21.4,93,0.3,1.8,79,-1.7669289302057951,-0.3434561916777805
2014-05-04 21:00:00,21.2,93,0.3,2.1,121,-1.8000513314744357,1.0815799573111142
2014-05-04 22:00:00,22.5,86,0.5,2.2,90,-2.2,2.6942229581241775e-16
2014-05-04 23:00:00,22.6,85,0.2,3.1,126,-2.507952682562337,1.822134282106667
2014-05-05 00:00:00,22.3,86,0.2,4.2,121,-3.6001026629488715,2.1631599146222285
2014-05-05 01:00:00,22.2,85,0.0,3.5,114,-3.197409101749103,1.4235782507653014
2014-05-05 02:00:00,20.9,90,0.8,1.3,124,-1.0777488443215542,0.726950774511971
2014-05-05 03:00:00,22.3,83,1.5,1.0,225,0.7071067811865476,0.7071067811865475
2014-05-05 04:00:00,20.7,93,2.0,1.8,233,1.437543918085127,1.083267041673687
2014-05-05 05:00:00,20.1,96,1.6,1.6,333,0.726384799583275,-1.4256104387013886
2014-05-05 06:00:00,19.8,97,0.5,7.2,27,-3.268731598124738,-6.415246974156248
2014-05-05 07:00:00,20.2,96,0.3,4.9,36,-2.880147736233119,-3.9641832724372423
2014-05-05 08:00:00,21.3,94,0.2,4.0,360,2.4492935982947064e-16,-4.0
2014-05-05 09:00:00,21.4,95,0.0,6.9,351,1.0793978087775935,-6.815049550106451
2014-05-05 10:00:00,22.1,93,0.0,6.8,360,4.1637991171010006e-16,-6.8
2014-05-05 11:00:00,22.8,87,0.0,6.7,344,1.8467702839738944,-6.440453362786736
2014-05-05 12:00:00,23.1,87,0.2,7.9,330,3.950000000000001,-6.841600689897065
2014-05-05 13:00:00,23.1,87,0.3,7.8,326,4.361704647071825,-6.466493065929326
2014-05-05 14:00:00,22.9,88,0.4,8.6,327,4.683895701129233,-7.212566884330647
2014-05-05 15:00:00,23.5,84,0.2,8.9,333,4.040515447681967,-7.929958065276474
2014-05-05 16:00:00,22.2,87,0.4,8.1,339,2.902780391316933,-7.5620014546273335
2014-05-05 17:00:00,21.3,91,1.1,7.1,336,2.8878301658381815,-6.486172749262466
2014-05-05 18:00:00,20.8,93,2.3,5.5,328,2.914555953282627,-4.664264528860342
2014-05-05 19:00:00,20.2,97,2.2,5.2,335,2.197614961051637,-4.7128004925905795
2014-05-05 20:00:00,19.8,99,2.6,4.8,333,2.1791543987498248,-4.276831316104166
2014-05-05 21:00:00,19.8,99,2.0,3.2,333,1.45276959916655,-2.851220877402777
2014-05-05 22:00:00,19.7,99,2.0,2.9,330,1.4500000000000002,-2.5114736709748717
2014-05-05 23:00:00,19.6,98,1.9,3.6,323,2.1665340833473743,-2.875087836170254
2014-05-06 00:00:00,19.4,98,1.9,4.4,325,2.5237363199446032,-3.604268994871564
2014-05-06 01:00:00,19.2,99,2.3,5.0,330,2.5000000000000004,-4.330127018922193
2014-05-06 02:00:00,19.0,99,2.0,5.0,330,2.5000000000000004,-4.330127018922193
2014-05-06 03:00:00,18.6,96,1.5,5.3,332,2.4881992827652213,-4.679622242152313
2014-05-06 04:00:00,18.5,96,1.3,3.2,333,1.45276959916655,-2.851220877402777
2014-05-06 05:00:00,18.4,97,1.0,3.1,315,2.1920310216782974,-2.192031021678297
2014-05-06 06:00:00,18.4,98,0.9,4.3,318,2.8772616073430903,-3.195522749552795
2014-05-06 07:00:00,18.6,97,0.4,4.9,324,2.8801477362331185,-3.9641832724372428
2014-05-06 08:00:00,19.0,98,1.0,6.6,319,4.329989591337347,-4.981083229470295
2014-05-06 09:00:00,19.4,98,1.0,6.9,321,4.342310698243879,-5.3623071340531
2014-05-06 10:00:00,19.9,97,0.6,6.2,324,3.6442685642133337,-5.0159053651246746
2014-05-06 11:00:00,20.4,98,0.5,6.9,321,4.342310698243879,-5.3623071340531
2014-05-06 12:00:00,20.2,98,0.6,7.2,323,4.333068166694749,-5.750175672340508
2014-05-06 13:00:00,20.7,97,0.6,6.0,327,3.2678342100901627,-5.032023407672544
2014-05-06 14:00:00,20.6,97,0.8,5.7,325,3.269385687200963,-4.669166652447253
2014-05-06 15:00:00,20.3,94,0.4,5.2,326,2.9078030980478835,-4.3109953772862175
2014-05-06 16:00:00,20.2,96,0.7000000000000001,5.8,330,2.9000000000000004,-5.0229473419497435
2014-05-06 17:00:00,19.8,96,0.7000000000000001,6.5,326,3.634753872559854,-5.388744221607771
2014-05-06 18:00:00,19.5,96,0.7000000000000001,6.7,344,1.8467702839738944,-6.440453362786736
2014-05-06 19:00:00,19.1,97,0.5,4.8,347,1.0797650608505516,-4.676976310969129
2014-05-06 20:00:00,18.9,98,0.2,1.8,11,-0.3434561916777803,-1.7669289302057951
2014-05-06 21:00:00,18.8,98,0.0,0.5,225,0.3535533905932738,0.35355339059327373
2014-05-06 22:00:00,18.7,97,0.0,0.7000000000000001,270,0.7000000000000001,0.0
2014-05-06 23:00:00,18.6,98,0.1,1.0,315,0.7071067811865476,-0.7071067811865475
2014-05-07 00:00:00,18.7,98,0.3,0.8,27,-0.36319239979163753,-0.7128052193506943
2014-05-07 01:00:00,18.7,97,0.3,1.1,18,-0.33991869381244233,-1.0461621679246689
2014-05-07 02:00:00,18.8,96,0.2,1.8,37,-1.083267041673687,-1.437543918085127
2014-05-07 03:00:00,18.5,97,0.0,0.7000000000000001,360,4.2862637970157366e-17,-0.7000000000000001
2014-05-07 04:00:00,18.4,97,0.0,1.8,349,0.34345619167778085,-1.7669289302057951
2014-05-07 05:00:00,18.4,96,0.1,2.2,9,-0.3441558230885083,-2.172914349309303
2014-05-07 06:00:00,18.9,93,0.2,4.1,52,-3.23084408978756,-2.5242120488351985
2014-05-07 07:00:00,19.2,96,0.3,3.4,18,-1.0506577808748216,-3.233592155403522
2014-05-07 08:00:00,20.8,90,0.2,2.6,326,1.4539015490239418,-2.1554976886431088
2014-05-07 09:00:00,21.7,86,0.2,3.9,292,3.616017032810471,-1.460965714322057
2014-05-07 10:00:00,22.5,85,0.1,4.7,293,4.32637281122647,-1.8364363038995868
2014-05-07 11:00:00,22.7,86,0.2,8.0,288,7.608452130361228,-2.472135954999579
2014-05-07 12:00:00,22.6,88,0.2,9.8,298,8.652886410017485,-4.60082131530173
2014-05-07 13:00:00,22.3,90,0.4,9.2,315,6.505382386916237,-6.505382386916236
2014-05-07 14:00:00,22.3,89,0.3,5.9,346,1.4273391840380394,-5.7247447850283795
2014-05-07 15:00:00,20.4,96,5.2,4.9,17,-1.4326213531414118,-4.685893304218873
2014-05-07 16:00:00,20.6,93,3.4,4.6,18,-1.4214781741247586,-4.3748599749577055
2014-05-07 17:00:00,20.7,92,2.0,4.0,10,-0.6945927106677213,-3.939231012048832
2014-05-07 18:00:00,20.6,93,1.2,4.4,35,-2.523736319944604,-3.604268994871563
2014-05-07 19:00:00,20.4,92,0.5,4.5,61,-3.9357886821272814,-2.181643291108516
2014-05-07 20:00:00,21.2,85,0.4,2.2,99,-2.172914349309303,0.3441558230885082
2014-05-07 21:00:00,20.0,93,0.8,1.4,180,8.572527594031472e-17,1.4
2014-05-07 22:00:00,20.6,90,1.1,2.7,203,1.0549740469210391,2.485363104321589
2014-05-07 23:00:00,20.8,88,0.8,2.3,141,-1.4474368994146256,1.7874357113510333
2014-05-08 00:00:00,20.8,88,0.9,3.1,111,-2.8940993221413254,1.1109406435904308
2014-05-08 01:00:00,20.2,91,1.3,0.8,117,-0.7128052193506943,0.36319239979163753
2014-05-08 02:00:00,19.3,96,0.0,1.8,307,1.437543918085127,-1.083267041673687
2014-05-08 03:00:00,20.4,86,0.0,3.1,339,1.1109406435904312,-2.8940993221413254
2014-05-08 04:00:00,19.7,89,0.0,3.3,49,-2.490541614735148,-2.1649947956686733
2014-05-08 05:00:00,18.9,90,0.0,4.7,67,-4.32637281122647,-1.8364363038995857
2014-05-08 06:00:00,18.6,92,0.0,3.4,18,-1.0506577808748216,-3.233592155403522
2014-05-08 07:00:00,19.9,94,0.0,2.8,40,-1.7998053071223103,-2.144924440733138
2014-05-08 08:00:00,22.0,85,0.0,2.9,7,-0.35342109587492676,-2.878383839759834
2014-05-08 09:00:00,23.0,81,0.0,3.7,331,1.7937955949114475,-3.2360929164157644
2014-05-08 10:00:00,24.1,79,0.0,4.7,302,3.9858260519352022,-2.490620541896063
2014-05-08 11:00:00,25.2,75,0.2,5.1,309,3.963444403430551,-3.2095339943541705
2014-05-08 12:00:00,25.8,71,0.2,6.1,298,5.385980316439454,-2.8637765329939335
2014-05-08 13:00:00,26.2,71,0.4,6.6,292,6.1194134401407965,-2.472403516545019
2014-05-08 14:00:00,25.3,75,0.3,7.0,282,6.84703320513664,-1.4553818357243153
2014-05-08 15:00:00,25.6,74,0.6,7.4,284,7.180188374442374,-1.7902220274375413
2014-05-08 16:00:00,24.3,80,0.4,6.9,321,4.342310698243879,-5.3623071340531
2014-05-08 17:00:00,23.8,82,0.0,6.8,328,3.603450996785793,-5.766727053863696
2014-05-08 18:00:00,23.1,86,0.0,3.8,319,2.4930243101639276,-2.8678964048465336
2014-05-08 19:00:00,22.2,90,0.0,3.2,333,1.45276959916655,-2.851220877402777
2014-05-08 20:00:00,21.9,91,0.0,1.0,45,-0.7071067811865477,-0.7071067811865475
2014-05-08 21:00:00,21.8,91,0.0,0.7000000000000001,90,-0.7000000000000001,8.572527594031473e-17
2014-05-08 22:00:00,21.0,93,0.0,1.3,34,-0.7269507745119705,-1.0777488443215544
2014-05-08 23:00:00,19.0,98,0.0,1.0,135,-0.7071067811865475,0.7071067811865476
2014-05-09 00:00:00,18.7,98,0.0,2.2,171,-0.34415582308850784,2.1729143493093033
2014-05-09 01:00:00,18.7,96,0.0,1.5,135,-1.0606601717798212,1.0606601717798214
2014-05-09 02:00:00,18.9,95,0.0,1.3,34,-0.7269507745119705,-1.0777488443215544
2014-05-09 03:00:00,21.0,85,0.2,1.3,34,-0.7269507745119705,-1.0777488443215544
2014-05-09 04:00:00,20.7,86,0.3,1.5,14,-0.36288284339950166,-1.4554435894139948
2014-05-09 05:00:00,21.8,80,1.1,1.3,56,-1.0777488443215544,-0.7269507745119708
2014-05-09 06:00:00,21.6,82,1.1,3.2,63,-2.8512208774027776,-1.4527695991665495
2014-05-09 07:00:00,21.6,82,0.7000000000000001,4.0,63,-3.5640260967534716,-1.8159619989581868
2014-05-09 08:00:00,21.3,92,0.6,3.1,36,-1.822134282106667,-2.507952682562337
2014-05-09 09:00:00,22.3,87,0.4,5.2,335,2.197614961051637,-4.7128004925905795
2014-05-09 10:00:00,22.4,88,0.5,6.8,342,2.1013155617496424,-6.467184310807044
2014-05-09 11:00:00,22.8,88,0.3,6.8,360,4.1637991171010006e-16,-6.8
2014-05-09 12:00:00,24.1,81,1.0,6.2,353,0.7555899291119145,-6.153786140176196
2014-05-09 13:00:00,24.7,79,0.5,6.7,344,1.8467702839738944,-6.440453362786736
2014-05-09 14:00:00,24.8,81,1.1,4.7,4,-0.32785542659739025,-4.688551036221174
2014-05-09 15:00:00,22.6,94,0.6,2.3,51,-1.7874357113510326,-1.4474368994146265
2014-05-09 16:00:00,23.0,91,0.7000000000000001,1.5,194,0.3628828433995015,1.4554435894139948
2014-05-09 17:00:00,23.3,87,1.0,1.1,162,-0.3399186938124421,1.046162167924669
2014-05-09 18:00:00,22.5,90,0.5,2.2,9,-0.3441558230885083,-2.172914349309303
2014-05-09 19:00:00,21.3,95,0.5,4.9,17,-1.4326213531414118,-4.685893304218873
2014-05-09 20:00:00,20.5,97,0.5,4.3,24,-1.7489675652259404,-3.928245467863184
2014-05-09 21:00:00,20.3,96,1.0,3.7,79,-3.632020578756357,-0.7059932828932155
2014-05-09 22:00:00,20.9,93,1.5,2.5,82,-2.475670171853926,-0.3479327524001638
2014-05-09 23:00:00,21.6,90,2.1,1.4,90,-1.4,1.7145055188062944e-16
2014-05-10 00:00:00,21.1,90,2.7,2.9,90,-2.9,3.5514757175273243e-16
2014-05-10 01:00:00,20.1,92,3.6,4.0,90,-4.0,4.898587196589413e-16
2014-05-10 02:00:00,20.3,89,3.4,5.8,94,-5.78587149150698,0.40458754771592803
2014-05-10 03:00:00,19.6,93,0.8,6.5,109,-6.1458707413955596,2.1161930039715178
2014-05-10 04:00:00,20.3,88,0.7000000000000001,6.2,159,-2.2218812871808615,5.788198644282651
2014-05-10 05:00:00,20.4,87,0.9,6.1,177,-0.3192493330819574,6.0916401620029
2014-05-10 06:00:00,21.1,84,0.6,4.8,153,-2.179154398749824,4.276831316104166
2014-05-10 07:00:00,21.8,83,0.2,3.4,148,-1.8017254983928963,2.8833635269318485
2014-05-10 08:00:00,22.8,82,0.3,4.0,170,-0.6945927106677212,3.939231012048832
2014-05-10 09:00:00,24.1,79,0.4,5.2,192,1.0811407922523493,5.086367523815789
2014-05-10 10:00:00,25.5,77,0.0,5.8,202,2.1727182418122895,5.377666356487367
2014-05-10 11:00:00,26.6,74,0.1,7.4,227,5.412017391981862,5.046787864462489
2014-05-10 12:00:00,26.6,75,1.8,9.2,228,6.836932394392027,6.156001578501495
2014-05-10 13:00:00,26.6,75,1.1,9.0,217,5.4163352083684355,7.187719590425635
2014-05-10 14:00:00,25.6,78,5.1,8.9,201,3.1894747509531736,8.308865795825096
2014-05-10 15:00:00,25.0,77,1.6,7.2,198,2.224922359499622,6.8476069173251055
2014-05-10 16:00:00,25.4,75,0.1,6.6,189,1.032467469265524,6.518743047927909
2014-05-10 17:00:00,25.3,76,0.1,4.7,189,0.7352419856890854,4.6421352007971475
2014-05-10 18:00:00,24.7,81,0.0,2.5,172,-0.3479327524001634,2.475670171853926
2014-05-10 19:00:00,23.7,81,0.0,5.8,112,-5.377666356487366,2.172718241812291
2014-05-10 20:00:00,22.7,82,0.0,5.2,102,-5.08636752381579,1.0811407922523484
2014-05-10 21:00:00,21.2,86,0.0,4.0,90,-4.0,4.898587196589413e-16
2014-05-10 22:00:00,19.9,88,0.0,4.6,108,-4.3748599749577055,1.4214781741247584
2014-05-10 23:00:00,19.2,90,0.0,4.7,148,-2.4906205418960625,3.9858260519352027
2014-05-11 00:00:00,19.6,88,0.0,6.2,159,-2.2218812871808615,5.788198644282651
2014-05-11 01:00:00,19.9,86,0.0,5.7,145,-3.269385687200963,4.669166652447252
2014-05-11 02:00:00,19.7,86,0.0,5.9,142,-3.6324027044213842,4.64926344627966
2014-05-11 03:00:00,19.2,87,0.0,6.0,147,-3.2678342100901627,5.032023407672543
2014-05-11 04:00:00,19.4,86,0.0,5.8,150,-2.8999999999999986,5.022947341949744
2014-05-11 05:00:00,19.3,86,0.0,5.8,150,-2.8999999999999986,5.022947341949744
2014-05-11 06:00:00,19.2,87,0.0,6.1,135,-4.313351365237939,4.31335136523794
2014-05-11 07:00:00,22.6,85,0.0,7.6,135,-5.37401153701776,5.374011537017761
2014-05-11 08:00:00,25.9,67,0.0,8.2,165,-2.122316169840671,7.92059177557036
2014-05-11 09:00:00,27.3,61,0.0,11.7,191,2.2324652459055754,11.485038046337667
2014-05-11 10:00:00,28.0,61,0.0,13.8,195,3.571702822414786,13.329776402789143
2014-05-11 11:00:00,28.3,60,0.0,15.1,192,3.1394665313481678,14.770028771080463
2014-05-11 12:00:00,28.5,60,0.0,16.2,192,3.368169391247703,15.845991131887649
2014-05-11 13:00:00,29.0,58,0.0,16.5,190,2.8651949315043517,16.249327924701433
2014-05-11 14:00:00,28.4,60,0.9,16.6,178,-0.5793316452615159,16.58988772851699
2014-05-11 15:00:00,27.8,62,0.0,13.7,166,-3.3143299697154487,13.293051449981151
2014-05-11 16:00:00,27.5,62,0.0,11.5,160,-3.93323164824519,10.806465139037947
2014-05-11 17:00:00,26.9,64,0.0,9.1,171,-1.4235536318661004,8.987963899415753
2014-05-11 18:00:00,25.8,71,0.0,8.4,173,-1.0237024846032379,8.337387673787106
2014-05-11 19:00:00,25.1,68,0.0,10.0,165,-2.5881904510252083,9.659258262890683
2014-05-11 20:00:00,23.2,73,0.0,9.4,157,-3.6728726077991736,8.652745622452938
2014-05-11 21:00:00,22.2,75,0.0,9.2,159,-3.296985135816762,8.588939923774255
2014-05-11 22:00:00,21.5,77,0.0,10.7,160,-3.659615533584655,10.05471104240922
2014-05-11 23:00:00,21.1,77,0.0,11.2,159,-4.013721034907363,10.45610077676866
2014-05-12 00:00:00,21.0,76,0.0,11.0,157,-4.298042413382012,10.125553387976844
2014-05-12 01:00:00,20.7,77,0.0,9.8,152,-4.600821315301731,8.652886410017484
2014-05-12 02:00:00,19.8,81,0.0,9.5,155,-4.0148734865366436,8.609923976848176
2014-05-12 03:00:00,20.0,83,0.0,9.6,160,-3.2833933759264196,9.02104915954472
2014-05-12 04:00:00,19.8,83,0.0,10.7,160,-3.659615533584655,10.05471104240922
2014-05-12 05:00:00,19.6,84,0.0,11.1,155,-4.691062705321762,10.060016436106816
2014-05-12 06:00:00,19.4,87,0.0,10.5,158,-3.933369230867077,9.735430472951268
2014-05-12 07:00:00,23.0,84,0.0,10.0,165,-2.5881904510252083,9.659258262890683
2014-05-12 08:00:00,26.4,69,0.0,10.8,178,-0.3769145643870103,10.793420931806235
2014-05-12 09:00:00,27.5,65,0.0,13.4,194,3.241753401035547,13.001962732098352
2014-05-12 10:00:00,27.6,69,0.4,14.6,200,4.993494092554765,13.719512263474261
2014-05-12 11:00:00,26.6,73,1.6,14.3,192,2.9731371786939604,13.987510690493421
2014-05-12 12:00:00,26.7,75,2.9,14.9,187,1.8158532167366976,14.788937659455698
2014-05-12 13:00:00,26.7,77,3.4,14.3,190,2.483168940637105,14.082750868074575
2014-05-12 14:00:00,25.5,83,4.4,13.8,195,3.571702822414786,13.329776402789143
2014-05-12 15:00:00,27.5,69,0.1,12.4,197,3.625409138561936,11.858178973941639
2014-05-12 16:00:00,26.9,72,0.0,11.6,185,1.0110066158728344,11.555858497864248
2014-05-12 17:00:00,26.6,75,0.2,9.9,190,1.7191169589026112,9.74959675482086
2014-05-12 18:00:00,25.3,81,0.5,6.8,212,3.603450996785793,5.766727053863696
2014-05-12 19:00:00,24.0,87,0.5,6.4,164,-1.764079077228794,6.1520748540052415
2014-05-12 20:00:00,23.1,90,0.2,6.1,140,-3.92100441908789,4.6728711030257655
2014-05-12 21:00:00,22.6,90,0.0,4.1,135,-2.8991378028648445,2.899137802864845
2014-05-12 22:00:00,21.9,88,0.0,3.7,151,-1.793795594911447,3.236092916415765
2014-05-12 23:00:00,21.3,87,0.0,4.7,157,-1.8364363038995868,4.326372811226469
2014-05-13 00:00:00,21.1,84,0.0,5.5,157,-2.149021206691006,5.062776693988422
2014-05-13 01:00:00,21.4,80,0.0,5.5,148,-2.914555953282626,4.664264528860343
2014-05-13 02:00:00,22.0,76,0.0,5.7,145,-3.269385687200963,4.669166652447252
2014-05-13 03:00:00,20.7,84,0.0,5.5,148,-2.914555953282626,4.664264528860343
2014-05-13 04:00:00,20.9,84,0.0,5.3,152,-2.4881992827652217,4.679622242152313
2014-05-13 05:00:00,21.0,80,0.0,5.4,160,-1.8469087739586112,5.074340152243906
2014-05-13 06:00:00,22.2,73,0.0,4.0,153,-1.8159619989581868,3.5640260967534716
2014-05-13 07:00:00,23.4,79,0.4,2.9,187,0.3534210958749277,2.8783838397598336
2014-05-13 08:00:00,25.0,70,0.4,5.6,207,2.542346798541462,4.989636535454859
2014-05-13 09:00:00,24.9,74,0.1,7.0,192,1.4553818357243162,6.847033205136639
2014-05-13 10:00:00,26.2,71,0.1,8.0,190,1.3891854213354433,7.878462024097664
2014-05-13 11:00:00,27.3,68,0.1,10.0,193,2.249510543438649,9.743700647852352
2014-05-13 12:00:00,27.9,67,0.1,10.0,195,2.5881904510252074,9.659258262890683
2014-05-13 13:00:00,27.9,66,0.0,9.9,190,1.7191169589026112,9.74959675482086
2014-05-13 14:00:00,28.0,65,0.0,11.6,196,3.19739332747719,11.1506356728845
2014-05-13 15:00:00,28.4,62,0.0,11.4,198,3.522793735874401,10.84204428576475
2014-05-13 16:00:00,28.1,65,0.0,10.2,203,3.985457510590592,9.389149505214892
2014-05-13 17:00:00,27.5,69,0.0,9.4,203,3.672872607799173,8.65274562245294
2014-05-13 18:00:00,26.3,76,0.0,6.7,216,3.93816119035957,5.420413862312148
2014-05-13 19:00:00,24.6,83,0.0,7.3,171,-1.1419715947936848,7.210124886344506
2014-05-13 20:00:00,23.5,84,0.0,7.4,157,-2.891410350820626,6.811735915548058
2014-05-13 21:00:00,22.6,84,0.0,7.8,158,-2.9219314286441143,7.232034065620942
2014-05-13 22:00:00,21.5,85,0.0,8.9,159,-3.1894747509531727,8.308865795825096
2014-05-13 23:00:00,21.0,85,0.0,8.9,153,-4.040515447681965,7.929958065276475
2014-05-14 00:00:00,20.7,84,0.0,8.0,153,-3.6319239979163735,7.128052193506943
2014-05-14 01:00:00,20.4,83,0.0,7.6,155,-3.211898789229315,6.88793918147854
2014-05-14 02:00:00,20.2,82,0.0,8.0,153,-3.6319239979163735,7.128052193506943
2014-05-14 03:00:00,20.2,81,0.0,8.9,153,-4.040515447681965,7.929958065276475
2014-05-14 04:00:00,20.1,80,0.0,8.5,152,-3.990508283680073,7.505054539300878
2014-05-14 05:00:00,19.9,80,0.0,8.9,153,-4.040515447681965,7.929958065276475
2014-05-14 06:00:00,20.2,81,0.0,7.1,156,-2.8878301658381815,6.486172749262466
2014-05-14 07:00:00,24.2,73,0.0,9.2,159,-3.296985135816762,8.588939923774255
2014-05-14 08:00:00,26.2,68,0.0,10.9,174,-1.1393602496174238,10.84028865951418
2014-05-14 09:00:00,27.5,66,0.0,14.1,177,-0.7379369830255081,14.080676440039491
2014-05-14 10:00:00,27.8,66,0.0,15.5,183,0.8112073217656315,15.478757788695894
2014-05-14 11:00:00,27.9,63,0.0,15.2,187,1.8524140197582417,15.086701504948094
2014-05-14 12:00:00,28.0,63,0.0,15.6,195,4.0375771035993235,15.068442890109464
2014-05-14 13:00:00,28.2,61,0.0,11.2,174,-1.1707187885977197,11.13864522812466
2014-05-14 14:00:00,28.0,62,1.7000000000000002,12.1,168,-2.515731458894888,11.835585968879048
2014-05-14 15:00:00,27.3,66,0.0,12.5,168,-2.5988961352219917,12.226845009172571
2014-05-14 16:00:00,27.7,64,0.0,11.7,169,-2.232465245905574,11.485038046337667
2014-05-14 17:00:00,27.6,63,0.0,9.4,173,-1.1455718280083853,9.329933825428428
2014-05-14 18:00:00,26.2,66,0.0,7.9,164,-2.1775351109542926,7.59396739791272
2014-05-14 19:00:00,24.6,71,0.0,8.2,142,-5.048424097670398,6.46168817957512
2014-05-14 20:00:00,23.3,73,0.0,8.7,138,-5.821436275322066,6.46535998165333
2014-05-14 21:00:00,22.2,76,0.0,8.7,138,-5.821436275322066,6.46535998165333
2014-05-14 22:00:00,21.4,78,0.0,9.2,138,-6.156001578501495,6.836932394392027
2014-05-14 23:00:00,21.0,78,0.0,8.7,142,-5.356254835333226,6.855693556378481
2014-05-15 00:00:00,20.5,80,0.0,8.5,144,-4.996174644486021,6.876644452187053
2014-05-15 01:00:00,20.4,79,0.0,8.0,144,-4.702282018339784,6.47213595499958
2014-05-15 02:00:00,20.3,79,0.0,8.5,144,-4.996174644486021,6.876644452187053
2014-05-15 03:00:00,20.9,76,0.0,8.6,147,-4.683895701129233,7.212566884330646
2014-05-15 04:00:00,21.1,76,0.0,8.9,148,-4.716281451675523,7.547628055792193
2014-05-15 05:00:00,21.3,77,0.0,8.9,148,-4.716281451675523,7.547628055792193
2014-05-15 06:00:00,21.2,81,0.0,7.9,156,-3.213219480298822,7.217009115376547
2014-05-15 07:00:00,23.4,78,0.0,9.0,164,-2.4807362023529915,8.65135526344487
2014-05-15 08:00:00,26.0,71,0.0,10.1,176,-0.7045403848156658,10.075396907624224
2014-05-15 09:00:00,26.4,72,0.1,10.5,188,1.4613175600806874,10.397814721786489
2014-05-15 10:00:00,26.8,71,0.0,11.5,182,0.4013442120787624,11.492994510719601
2014-05-15 11:00:00,27.5,68,0.0,12.6,182,0.4397336584515136,12.592324420440606
2014-05-15 12:00:00,27.5,68,0.0,13.4,188,1.8649195528648772,13.269592121137043
2014-05-15 13:00:00,28.1,65,0.0,12.3,195,3.183474254761005,11.88088766335554
2014-05-15 14:00:00,28.2,65,1.3,11.4,208,5.351975815759156,10.065602558591767
2014-05-15 15:00:00,26.8,73,0.5,10.7,213,5.82763767466079,8.973775077016036
2014-05-15 16:00:00,26.2,77,0.0,8.4,190,1.4586446924022156,8.272385125302547
2014-05-15 17:00:00,26.1,77,0.0,6.9,186,0.7212463965468089,6.862201078041086
2014-05-15 18:00:00,25.7,80,0.0,3.1,126,-2.507952682562337,1.822134282106667
2014-05-15 19:00:00,24.2,86,0.0,4.1,135,-2.8991378028648445,2.899137802864845
2014-05-15 20:00:00,23.0,87,0.0,5.7,125,-4.669166652447254,3.269385687200962
2014-05-15 21:00:00,22.0,89,0.0,3.6,135,-2.545584412271571,2.5455844122715714
2014-05-15 22:00:00,21.1,90,0.0,3.3,167,-0.7423384793347546,3.2154212137912763
2014-05-15 23:00:00,20.6,91,0.0,3.4,162,-1.050657780874821,3.2335921554035223
2014-05-16 00:00:00,20.4,90,0.0,3.9,158,-1.4609657143220571,3.616017032810471
2014-05-16 01:00:00,20.3,88,0.5,4.3,156,-1.748967565225941,3.9282454678631837
2014-05-16 02:00:00,20.4,85,0.1,4.1,142,-2.524212048835199,3.23084408978756
2014-05-16 03:00:00,20.3,83,0.0,3.8,139,-2.493024310163927,2.867896404846534
2014-05-16 04:00:00,19.8,84,0.2,4.7,148,-2.4906205418960625,3.9858260519352027
2014-05-16 05:00:00,20.0,82,0.2,3.4,148,-1.8017254983928963,2.8833635269318485
2014-05-16 06:00:00,20.8,80,0.2,5.6,165,-1.4493866525741166,5.4091846272187825
2014-05-16 07:00:00,22.7,84,0.3,6.2,173,-0.7555899291119137,6.153786140176197
2014-05-16 08:00:00,25.6,66,0.6,7.6,185,0.6623836448822018,7.571079705497266
2014-05-16 09:00:00,25.5,69,1.7000000000000002,8.5,192,1.7672493719509554,8.314254606237347
2014-05-16 10:00:00,26.6,70,0.3,9.1,198,2.8120546488120217,8.654614298285896
2014-05-16 11:00:00,27.1,71,0.5,8.7,210,4.3500000000000005,7.534421012924615
2014-05-16 12:00:00,27.7,72,0.2,8.2,218,5.048424097670398,6.46168817957512
2014-05-16 13:00:00,27.8,74,0.6,8.0,216,4.702282018339785,6.47213595499958
2014-05-16 14:00:00,27.2,77,2.0,6.9,219,4.342310698243879,5.3623071340531
2014-05-16 15:00:00,26.1,84,2.3,3.3,221,2.1649947956686737,2.4905416147351476
2014-05-16 16:00:00,26.7,79,0.0,1.6,153,-0.7263847995832747,1.4256104387013888
2014-05-16 17:00:00,27.1,75,0.0,0.5,225,0.3535533905932738,0.35355339059327373
2014-05-16 18:00:00,26.5,81,0.0,2.2,270,2.2,0.0
2014-05-16 19:00:00,25.9,76,0.0,1.8,259,1.7669289302057951,0.34345619167778063
2014-05-16 20:00:00,23.8,83,0.0,1.1,108,-1.0461621679246689,0.3399186938124423
2014-05-16 21:00:00,22.8,84,0.0,1.9,112,-1.7616493236768958,0.7117525274902332
2014-05-16 22:00:00,21.1,88,0.0,1.8,101,-1.7669289302057951,0.34345619167778096
2014-05-16 23:00:00,19.9,94,0.0,4.6,108,-4.3748599749577055,1.4214781741247584
2014-05-17 00:00:00,19.2,95,0.2,3.5,114,-3.197409101749103,1.4235782507653014
2014-05-17 01:00:00,19.2,91,0.5,3.7,119,-3.2360929164157644,1.7937955949114477
2014-05-17 02:00:00,19.0,89,0.4,3.4,122,-2.883363526931848,1.8017254983928965
2014-05-17 03:00:00,18.8,92,0.0,3.6,127,-2.8750878361702545,2.1665340833473734
2014-05-17 04:00:00,18.6,90,0.0,3.6,135,-2.545584412271571,2.5455844122715714
2014-05-17 05:00:00,18.3,89,0.0,2.3,129,-1.7874357113510329,1.4474368994146258
2014-05-17 06:00:00,18.7,88,0.0,1.5,76,-1.4554435894139948,-0.3628828433995013
2014-05-17 07:00:00,22.1,88,0.0,3.1,111,-2.8940993221413254,1.1109406435904308
2014-05-17 08:00:00,26.1,65,0.0,2.2,189,0.34415582308850806,2.1729143493093033
2014-05-17 09:00:00,27.5,60,0.0,4.4,235,3.604268994871564,2.523736319944603
2014-05-17 10:00:00,28.3,62,0.0,5.2,245,4.7128004925905795,2.197614961051637
2014-05-17 11:00:00,29.0,63,0.0,5.6,230,4.289848881466277,3.5996106142446194
2014-05-17 12:00:00,29.2,65,0.0,7.3,237,6.122295146001595,3.9758649556096977
2014-05-17 13:00:00,29.1,67,0.2,8.8,251,8.320563465273988,2.8649997592229792
2014-05-17 14:00:00,27.5,73,0.5,10.5,243,9.355568503977864,4.766900247265241
2014-05-17 15:00:00,27.1,75,0.4,9.5,233,7.587037345449282,5.717242719944458
2014-05-17 16:00:00,27.1,76,0.2,7.6,205,3.211898789229316,6.887939181478539
2014-05-17 17:00:00,27.1,75,0.9,5.4,200,1.8469087739586119,5.074340152243905
2014-05-17 18:00:00,26.4,80,0.0,3.7,241,3.2360929164157644,1.7937955949114472
2014-05-17 19:00:00,25.3,83,0.0,1.8,180,1.1021821192326179e-16,1.8
2014-05-17 20:00:00,24.9,82,0.0,1.8,143,-1.0832670416736871,1.4375439180851268
2014-05-17 21:00:00,24.6,81,0.0,0.8,153,-0.36319239979163737,0.7128052193506944
2014-05-17 22:00:00,23.4,84,0.0,2.1,121,-1.8000513314744357,1.0815799573111142
2014-05-17 23:00:00,22.3,87,0.0,4.0,117,-3.564026096753471,1.8159619989581874
2014-05-18 00:00:00,21.3,89,0.0,4.3,138,-2.8772616073430903,3.195522749552795
2014-05-18 01:00:00,20.5,90,0.0,4.7,157,-1.8364363038995868,4.326372811226469
2014-05-18 02:00:00,20.0,90,0.0,5.5,148,-2.914555953282626,4.664264528860343
2014-05-18 03:00:00,20.4,86,0.0,5.2,146,-2.907803098047883,4.3109953772862175
2014-05-18 04:00:00,20.0,88,0.0,4.5,151,-2.1816432911085166,3.9357886821272814
2014-05-18 05:00:00,19.7,88,0.0,4.5,151,-2.1816432911085166,3.9357886821272814
2014-05-18 06:00:00,19.8,89,0.0,3.1,126,-2.507952682562337,1.822134282106667
2014-05-18 07:00:00,23.1,87,0.0,3.2,117,-2.851220877402777,1.4527695991665501
2014-05-18 08:00:00,25.6,72,0.0,3.2,207,1.45276959916655,2.851220877402777
2014-05-18 09:00:00,25.5,69,2.0,5.9,232,4.64926344627966,3.6324027044213842
2014-05-18 10:00:00,24.8,74,3.4,6.1,220,3.92100441908789,4.6728711030257655
2014-05-18 11:00:00,24.3,80,1.5,6.8,205,2.873804179836756,6.162892951849219
2014-05-18 12:00:00,25.2,76,0.6,8.3,198,2.564841053312064,7.893769085249775
2014-05-18 13:00:00,26.4,69,0.2,8.8,189,1.3766232923540322,8.691657397237213
2014-05-18 14:00:00,26.9,67,0.0,7.6,199,2.474317973874391,7.185941174554807
2014-05-18 15:00:00,25.9,79,0.2,6.5,186,0.6794350112397475,6.4643923198937765
2014-05-18 16:00:00,25.9,80,0.1,5.1,172,-0.7097828148963332,5.050367150582009
2014-05-18 17:00:00,26.0,79,0.0,5.2,155,-2.1976149610516367,4.71280049259058
2014-05-18 18:00:00,25.4,81,0.0,4.7,122,-3.9858260519352022,2.490620541896063
2014-05-18 19:00:00,24.2,84,0.0,3.6,135,-2.545584412271571,2.5455844122715714
2014-05-18 20:00:00,23.0,87,0.0,2.0,135,-1.414213562373095,1.4142135623730951
2014-05-18 21:00:00,22.0,88,0.0,1.9,158,-0.7117525274902329,1.761649323676896
2014-05-18 22:00:00,21.6,88,0.0,3.0,166,-0.7257656867990033,2.9108871788279895
2014-05-18 23:00:00,21.1,88,0.0,3.8,163,-1.1110124779463992,3.633958072659535
2014-05-19 00:00:00,20.8,87,0.0,3.0,166,-0.7257656867990033,2.9108871788279895
2014-05-19 01:00:00,20.3,86,0.0,2.2,171,-0.34415582308850784,2.1729143493093033
2014-05-19 02:00:00,19.9,85,0.0,2.5,180,1.5308084989341916e-16,2.5
2014-05-19 03:00:00,19.7,86,0.0,3.8,163,-1.1110124779463992,3.633958072659535
2014-05-19 04:00:00,19.2,86,0.0,4.2,160,-1.4364846019678086,3.9467090073008158
2014-05-19 05:00:00,18.9,86,0.0,4.0,153,-1.8159619989581868,3.5640260967534716
2014-05-19 06:00:00,19.2,87,0.0,5.1,135,-3.606244584051392,3.6062445840513924
2014-05-19 07:00:00,22.9,86,0.0,6.3,149,-3.2447398719333416,5.400153994423308
2014-05-19 08:00:00,26.0,66,0.0,8.0,207,3.6319239979163744,7.128052193506942
2014-05-19 09:00:00,26.1,69,1.9,9.2,211,4.738350289172498,7.8859391664594325
2014-05-19 10:00:00,25.5,76,1.3,8.9,212,4.716281451675524,7.547628055792192
2014-05-19 11:00:00,25.1,83,3.7,8.4,220,5.399415921366931,6.4347733221994154
2014-05-19 12:00:00,25.3,84,1.8,7.6,211,3.9142893693164114,6.5144714853360535
2014-05-19 13:00:00,26.0,81,0.8,8.0,185,0.6972459419812651,7.969557584733964
2014-05-19 14:00:00,26.5,79,1.8,6.8,212,3.603450996785793,5.766727053863696
2014-05-19 15:00:00,26.0,80,4.2,8.7,218,5.356254835333226,6.855693556378481
2014-05-19 16:00:00,25.1,84,1.8,6.9,189,1.0793978087775935,6.815049550106451
2014-05-19 17:00:00,24.6,87,1.3,5.8,173,-0.7068421917498547,5.756767679519668
2014-05-19 18:00:00,24.2,89,0.5,6.1,152,-2.8637765329939344,5.385980316439453
2014-05-19 19:00:00,23.5,88,0.0,5.9,137,-4.023790324368741,4.314986839553106
2014-05-19 20:00:00,22.7,87,0.0,5.4,127,-4.312631754255382,3.2498011250210603
2014-05-19 21:00:00,21.8,87,0.0,4.6,141,-2.894873798829251,3.5748714227020666
2014-05-19 22:00:00,21.5,88,0.0,6.0,147,-3.2678342100901627,5.032023407672543
2014-05-19 23:00:00,21.3,88,0.0,6.0,147,-3.2678342100901627,5.032023407672543
2014-05-20 00:00:00,21.0,87,0.0,5.0,150,-2.499999999999999,4.330127018922194
2014-05-20 01:00:00,20.7,86,0.0,4.2,160,-1.4364846019678086,3.9467090073008158
2014-05-20 02:00:00,20.5,86,0.6,5.2,155,-2.1976149610516367,4.71280049259058
2014-05-20 03:00:00,20.8,85,0.0,5.5,157,-2.149021206691006,5.062776693988422
2014-05-20 04:00:00,20.3,85,0.0,5.4,160,-1.8469087739586112,5.074340152243906
2014-05-20 05:00:00,19.8,86,0.0,5.4,160,-1.8469087739586112,5.074340152243906
2014-05-20 06:00:00,20.1,86,0.2,2.5,188,0.34793275240016364,2.475670171853926
2014-05-20 07:00:00,22.8,82,0.5,5.2,164,-1.433314250248395,4.998560818879258
2014-05-20 08:00:00,23.8,78,0.7000000000000001,6.9,174,-0.7212463965468096,6.862201078041086
2014-05-20 09:00:00,25.0,74,0.2,7.3,191,1.3929056662487778,7.165878439167947
2014-05-20 10:00:00,25.6,74,1.9,10.9,197,3.186851581477831,10.423721839997087
2014-05-20 11:00:00,25.8,76,1.8,11.8,203,4.61062731617343,10.861957270738797
2014-05-20 12:00:00,25.5,80,0.6,12.1,197,3.5376976271451146,11.571287547152728
2014-05-20 13:00:00,25.6,81,0.8,13.0,185,1.1330246557195558,12.950531075192693
2014-05-20 14:00:00,26.1,77,2.7,13.1,188,1.8231676225768576,12.972511700514572
2014-05-20 15:00:00,25.6,80,4.0,12.8,190,2.2226966741367096,12.605539238556263
2014-05-20 16:00:00,25.1,82,1.5,10.1,174,-1.055737479003301,10.04467114321956
2014-05-20 17:00:00,24.9,83,0.6,8.9,153,-4.040515447681965,7.929958065276475
2014-05-20 18:00:00,24.5,84,1.5,6.1,140,-3.92100441908789,4.6728711030257655
2014-05-20 19:00:00,23.5,86,2.2,7.4,133,-5.412017391981862,5.04678786446249
2014-05-20 20:00:00,22.8,88,2.6,7.1,135,-5.020458146424486,5.020458146424487
2014-05-20 21:00:00,22.4,88,2.0,7.3,147,-3.9758649556096977,6.122295146001594
2014-05-20 22:00:00,22.0,89,1.6,7.3,160,-2.4967470462773815,6.859756131737131
2014-05-20 23:00:00,21.7,88,1.3,7.3,160,-2.4967470462773815,6.859756131737131
2014-05-21 00:00:00,21.3,88,0.3,6.8,148,-3.6034509967857926,5.766727053863697
2014-05-21 01:00:00,21.2,87,1.2,5.2,146,-2.907803098047883,4.3109953772862175
2014-05-21 02:00:00,20.7,88,0.6,5.2,146,-2.907803098047883,4.3109953772862175
2014-05-21 03:00:00,21.1,86,0.0,5.7,145,-3.269385687200963,4.669166652447252
2014-05-21 04:00:00,22.9,76,0.0,5.4,143,-3.2498011250210617,4.312631754255381
2014-05-21 05:00:00,22.5,77,0.2,4.1,142,-2.524212048835199,3.23084408978756
2014-05-21 06:00:00,21.7,81,0.6,6.3,167,-1.4171916423663498,6.1385314081469815
2014-05-21 07:00:00,22.1,84,0.7000000000000001,4.0,180,2.4492935982947064e-16,4.0
2014-05-21 08:00:00,23.3,83,0.8,3.6,174,-0.3763024677635528,3.580278823325784
2014-05-21 09:00:00,24.0,83,1.0,5.8,184,0.40458754771592637,5.78587149150698
2014-05-21 10:00:00,24.4,84,0.5,9.1,198,2.8120546488120217,8.654614298285896
2014-05-21 11:00:00,25.9,78,0.3,12.2,199,3.971931484377312,11.535326622311663
2014-05-21 12:00:00,27.4,72,1.9,12.7,195,3.2870018728020134,12.267257993871167
2014-05-21 13:00:00,27.3,72,2.0,13.0,194,3.14498464279568,12.613844441587954
2014-05-21 14:00:00,25.7,78,5.3,11.3,202,4.233054505599806,10.4771775566047
2014-05-21 15:00:00,25.9,76,1.5,10.9,214,6.09520264783114,9.036509540849956
2014-05-21 16:00:00,25.1,81,1.2,9.5,205,4.014873486536644,8.609923976848174
2014-05-21 17:00:00,24.5,86,1.0,7.3,189,1.1419715947936857,7.210124886344506
2014-05-21 18:00:00,24.0,87,0.0,7.2,180,4.4087284769304716e-16,7.2
2014-05-21 19:00:00,23.1,93,0.0,7.6,175,-0.6623836448822026,7.571079705497266
2014-05-21 20:00:00,22.6,91,0.0,6.2,170,-1.076618701534968,6.10580806867569
2014-05-21 21:00:00,22.6,88,0.0,6.5,161,-2.116193003971518,6.1458707413955596
2014-05-21 22:00:00,23.2,84,0.0,5.7,162,-1.7613968679371999,5.421022142882376
2014-05-21 23:00:00,22.3,86,0.5,5.2,155,-2.1976149610516367,4.71280049259058
2014-05-22 00:00:00,22.9,82,0.2,6.1,152,-2.8637765329939344,5.385980316439453
2014-05-22 01:00:00,21.0,89,0.2,6.4,153,-2.905539198333099,5.702441754805555
2014-05-22 02:00:00,20.5,91,0.0,6.1,152,-2.8637765329939344,5.385980316439453
2014-05-22 03:00:00,20.9,86,0.0,6.3,156,-2.5624408513775414,5.755336383148386
2014-05-22 04:00:00,20.3,85,0.0,6.3,156,-2.5624408513775414,5.755336383148386
2014-05-22 05:00:00,20.2,83,0.0,6.8,162,-2.101315561749642,6.467184310807045
2014-05-22 06:00:00,20.6,83,0.0,7.1,156,-2.8878301658381815,6.486172749262466
2014-05-22 07:00:00,22.2,86,0.5,8.2,157,-3.2039952536120446,7.548139798310009
2014-05-22 08:00:00,25.0,73,0.1,9.6,167,-2.159530121701104,9.353952621938259
2014-05-22 09:00:00,25.4,73,0.2,10.9,174,-1.1393602496174238,10.84028865951418
2014-05-22 10:00:00,26.6,69,0.0,13.0,180,7.960204194457795e-16,13.0
2014-05-22 11:00:00,27.7,65,0.0,13.7,185,1.1940336756429164,13.647867363856914
2014-05-22 12:00:00,28.5,63,0.0,13.9,190,2.413709669570333,13.688827766869691
2014-05-22 13:00:00,29.3,59,0.0,13.6,197,3.97625518422922,13.005744681097282
2014-05-22 14:00:00,29.1,59,0.0,12.3,201,4.407925779407195,11.483039245915583
2014-05-22 15:00:00,28.4,61,0.1,11.6,206,5.085105302753298,10.426010937070338
2014-05-22 16:00:00,27.7,66,0.0,9.4,212,4.981241083792126,7.9716521038704045
2014-05-22 17:00:00,27.2,70,0.1,6.6,189,1.032467469265524,6.518743047927909
2014-05-22 18:00:00,26.2,76,0.0,4.0,170,-0.6945927106677212,3.939231012048832
2014-05-22 19:00:00,24.5,83,0.0,6.1,140,-3.92100441908789,4.6728711030257655
2014-05-22 20:00:00,22.8,86,0.0,7.1,135,-5.020458146424486,5.020458146424487
2014-05-22 21:00:00,21.5,89,0.0,6.4,137,-4.364789504399989,4.6806636903626915
2014-05-22 22:00:00,20.8,90,0.0,5.1,141,-3.20953399435417,3.963444403430552
2014-05-22 23:00:00,20.6,90,0.0,4.8,138,-3.2118269105225195,3.5670951622914924
2014-05-23 00:00:00,20.3,89,0.0,5.4,132,-4.012982057577928,3.613305274337835
2014-05-23 01:00:00,19.9,89,0.0,5.9,128,-4.64926344627966,3.6324027044213847
2014-05-23 02:00:00,19.6,87,0.0,5.4,132,-4.012982057577928,3.613305274337835
2014-05-23 03:00:00,19.9,87,0.0,5.1,141,-3.20953399435417,3.963444403430552
2014-05-23 04:00:00,19.9,86,0.0,5.2,124,-4.310995377286217,2.907803098047884
2014-05-23 05:00:00,19.9,83,0.0,4.0,95,-3.984778792366982,0.3486229709906328
2014-05-23 06:00:00,19.8,84,0.0,3.7,79,-3.632020578756357,-0.7059932828932155
2014-05-23 07:00:00,21.3,89,0.0,3.3,77,-3.2154212137912763,-0.7423384793347544
2014-05-23 08:00:00,24.0,77,0.0,1.5,225,1.0606601717798214,1.0606601717798212
2014-05-23 09:00:00,24.6,69,0.3,4.0,275,3.984778792366982,-0.34862297099063266
2014-05-23 10:00:00,24.6,71,1.2,2.3,252,2.1874299874788528,0.710739087062379
2014-05-23 11:00:00,25.0,69,0.3,2.7,247,2.485363104321589,1.0549740469210394
2014-05-23 12:00:00,25.6,69,0.2,3.8,311,2.8678964048465336,-2.4930243101639276
2014-05-23 13:00:00,26.9,67,0.0,4.0,333,1.8159619989581872,-3.564026096753471
2014-05-23 14:00:00,27.2,65,0.0,2.9,360,1.7757378587636622e-16,-2.9
2014-05-23 15:00:00,25.6,72,0.2,2.9,30,-1.4500000000000013,-2.5114736709748713
2014-05-23 16:00:00,25.4,73,0.2,1.4,90,-1.4,1.7145055188062944e-16
2014-05-23 17:00:00,24.8,77,0.2,3.4,58,-2.8833635269318485,-1.8017254983928963
2014-05-23 18:00:00,24.0,80,0.1,6.6,41,-4.329989591337347,-4.981083229470295
2014-05-23 19:00:00,23.1,82,0.0,7.9,74,-7.59396739791272,-2.177535110954292
2014-05-23 20:00:00,22.5,82,0.0,4.7,86,-4.688551036221174,-0.3278554265973888
2014-05-23 21:00:00,22.2,83,0.0,5.4,86,-5.386845871403051,-0.3766849582182765
2014-05-23 22:00:00,21.9,82,0.0,2.7,67,-2.485363104321589,-1.0549740469210387
2014-05-23 23:00:00,21.8,80,0.0,1.5,76,-1.4554435894139948,-0.3628828433995013
2014-05-24 00:00:00,21.4,81,0.0,1.5,76,-1.4554435894139948,-0.3628828433995013
2014-05-24 01:00:00,20.9,85,0.0,2.6,146,-1.4539015490239415,2.1554976886431088
2014-05-24 02:00:00,20.6,87,0.1,4.2,149,-2.163159914622228,3.600102662948872
2014-05-24 03:00:00,20.7,86,0.0,3.2,153,-1.4527695991665495,2.8512208774027776
2014-05-24 04:00:00,19.9,86,0.0,3.6,135,-2.545584412271571,2.5455844122715714
2014-05-24 05:00:00,19.0,85,0.0,2.2,81,-2.1729143493093033,-0.3441558230885076
2014-05-24 06:00:00,19.0,87,0.0,2.7,67,-2.485363104321589,-1.0549740469210387
2014-05-24 07:00:00,22.7,86,0.0,3.2,90,-3.2,3.9188697572715305e-16
2014-05-24 08:00:00,26.1,61,0.0,1.3,326,0.7269507745119709,-1.0777488443215544
2014-05-24 09:00:00,27.3,56,0.0,3.6,276,3.580278823325784,-0.37630246776355253
2014-05-24 10:00:00,27.8,57,0.0,5.4,262,5.34744757120448,0.7515347451843534
2014-05-24 11:00:00,28.1,60,0.0,6.2,263,6.153786140176196,0.7555899291119144
2014-05-24 12:00:00,28.0,63,0.0,5.8,277,5.756767679519667,-0.7068421917498553
2014-05-24 13:00:00,28.0,65,0.3,4.7,293,4.32637281122647,-1.8364363038995868
2014-05-24 14:00:00,27.9,67,0.1,4.5,299,3.935788682127281,-2.1816432911085166
2014-05-24 15:00:00,27.6,69,0.0,4.3,294,3.9282454678631837,-1.7489675652259409
2014-05-24 16:00:00,27.2,72,0.0,6.2,291,5.788198644282651,-2.2218812871808615
2014-05-24 17:00:00,26.7,75,0.0,6.3,301,5.400153994423308,-3.244739871933341
2014-05-24 18:00:00,26.0,79,0.0,4.6,315,3.2526911934581184,-3.252691193458118
2014-05-24 19:00:00,24.8,87,0.0,5.9,349,1.125773072721615,-5.791600382341218
2014-05-24 20:00:00,23.9,89,0.0,5.8,68,-5.377666356487367,-2.1727182418122895
2014-05-24 21:00:00,23.9,86,0.0,5.8,86,-5.78587149150698,-0.4045875477159266
2014-05-24 22:00:00,23.2,87,0.0,3.2,90,-3.2,3.9188697572715305e-16
2014-05-24 23:00:00,22.5,88,0.0,1.8,101,-1.7669289302057951,0.34345619167778096
2014-05-25 00:00:00,21.4,91,0.0,0.7000000000000001,90,-0.7000000000000001,8.572527594031473e-17
2014-05-25 01:00:00,21.0,93,0.0,2.3,141,-1.4474368994146256,1.7874357113510333
2014-05-25 02:00:00,20.6,93,0.0,2.3,162,-0.7107390870623789,2.187429987478853
2014-05-25 03:00:00,20.0,91,0.0,3.4,162,-1.050657780874821,3.2335921554035223
2014-05-25 04:00:00,19.4,92,0.0,3.0,166,-0.7257656867990033,2.9108871788279895
2014-05-25 05:00:00,19.3,91,0.0,3.3,139,-2.1649947956686737,2.490541614735148
2014-05-25 06:00:00,19.6,91,0.0,5.8,112,-5.377666356487366,2.172718241812291
2014-05-25 07:00:00,22.9,89,0.0,5.2,102,-5.08636752381579,1.0811407922523484
2014-05-25 08:00:00,25.9,70,0.0,2.3,108,-2.1874299874788528,0.7107390870623792
2014-05-25 09:00:00,27.1,66,0.0,1.6,243,1.4256104387013888,0.7263847995832748
2014-05-25 10:00:00,27.6,66,0.0,6.2,280,6.10580806867569,-1.0766187015349682
2014-05-25 11:00:00,27.7,69,0.0,7.0,282,6.84703320513664,-1.4553818357243153
2014-05-25 12:00:00,27.9,70,0.0,7.2,276,7.160557646651568,-0.7526049355271051
2014-05-25 13:00:00,27.0,76,1.6,6.5,270,6.5,0.0
2014-05-25 14:00:00,26.9,78,1.0,3.6,264,3.580278823325784,0.37630246776355253
2014-05-25 15:00:00,26.9,77,0.3,4.3,222,2.8772616073430903,3.195522749552795
2014-05-25 16:00:00,27.2,75,0.8,4.0,175,-0.34862297099063294,3.984778792366982
2014-05-25 17:00:00,26.8,76,2.5,4.3,204,1.7489675652259409,3.9282454678631837
2014-05-25 18:00:00,26.2,80,1.3,2.6,254,2.499280409439629,0.7166571251241979
2014-05-25 19:00:00,25.0,85,0.0,4.1,142,-2.524212048835199,3.23084408978756
2014-05-25 20:00:00,24.0,89,0.0,5.9,137,-4.023790324368741,4.314986839553106
2014-05-25 21:00:00,23.0,91,0.0,3.9,146,-2.180852323535912,3.233246532964663
2014-05-25 22:00:00,22.1,92,0.0,4.1,142,-2.524212048835199,3.23084408978756
2014-05-25 23:00:00,21.5,93,0.0,3.9,146,-2.180852323535912,3.233246532964663
2014-05-26 00:00:00,20.8,95,0.0,3.2,153,-1.4527695991665495,2.8512208774027776
2014-05-26 01:00:00,20.2,95,0.0,4.4,145,-2.5237363199446032,3.6042689948715636
2014-05-26 02:00:00,20.1,93,0.0,4.4,125,-3.6042689948715645,2.5237363199446023
2014-05-26 03:00:00,19.8,93,0.0,4.6,129,-3.5748714227020657,2.8948737988292517
2014-05-26 04:00:00,19.6,91,0.0,4.6,129,-3.5748714227020657,2.8948737988292517
2014-05-26 05:00:00,19.5,90,0.0,5.4,132,-4.012982057577928,3.613305274337835
2014-05-26 06:00:00,20.0,90,0.0,4.4,125,-3.6042689948715645,2.5237363199446023
2014-05-26 07:00:00,23.5,87,0.0,4.3,132,-3.195522749552794,2.8772616073430908
2014-05-26 08:00:00,26.7,68,0.0,4.7,203,1.8364363038995866,4.32637281122647
2014-05-26 09:00:00,27.5,68,0.0,6.0,237,5.032023407672544,3.2678342100901627
2014-05-26 10:00:00,27.9,68,0.0,6.6,241,5.772490067120011,3.1997434936258244
2014-05-26 11:00:00,28.2,69,0.0,6.9,231,5.3623071340531,4.342310698243878
2014-05-26 12:00:00,28.4,69,0.0,7.4,231,5.750880114781585,4.656970893768797
2014-05-26 13:00:00,28.6,69,0.0,8.4,239,7.200205325897744,4.326319829244455
2014-05-26 14:00:00,28.7,69,0.0,8.2,232,6.461688179575119,5.048424097670398
2014-05-26 15:00:00,28.6,71,0.0,7.9,231,6.139453095510071,4.971631089293716
2014-05-26 16:00:00,28.3,72,0.0,7.5,235,6.143640332167439,4.301823272632845
2014-05-26 17:00:00,27.0,77,0.1,7.6,251,7.185941174554808,2.474317973874391
2014-05-26 18:00:00,25.8,83,0.1,4.0,270,4.0,0.0
2014-05-26 19:00:00,25.0,85,0.1,2.9,180,1.7757378587636622e-16,2.9
2014-05-26 20:00:00,24.3,86,0.0,5.6,130,-4.289848881466276,3.5996106142446207
2014-05-26 21:00:00,23.9,88,0.0,4.7,122,-3.9858260519352022,2.490620541896063
2014-05-26 22:00:00,23.2,90,0.0,4.9,126,-3.9641832724372423,2.880147736233119
2014-05-26 23:00:00,22.6,90,0.0,5.9,137,-4.023790324368741,4.314986839553106
2014-05-27 00:00:00,22.0,91,0.0,6.1,152,-2.8637765329939344,5.385980316439453
2014-05-27 01:00:00,21.6,90,0.0,7.1,150,-3.549999999999998,6.148780366869515
2014-05-27 02:00:00,21.6,87,0.0,6.1,152,-2.8637765329939344,5.385980316439453
2014-05-27 03:00:00,21.1,91,0.0,6.0,147,-3.2678342100901627,5.032023407672543
2014-05-27 04:00:00,20.7,92,0.0,4.8,138,-3.2118269105225195,3.5670951622914924
2014-05-27 05:00:00,20.4,92,0.0,3.4,148,-1.8017254983928963,2.8833635269318485
2014-05-27 06:00:00,21.1,91,0.5,2.5,172,-0.3479327524001634,2.475670171853926
2014-05-27 07:00:00,23.8,84,0.4,4.3,185,0.37476969381492997,4.283637201794505
2014-05-27 08:00:00,25.1,76,0.3,5.0,210,2.5000000000000004,4.330127018922193
2014-05-27 09:00:00,25.5,76,0.4,6.0,205,2.5357095704441965,5.437846722219899
2014-05-27 10:00:00,26.8,73,0.0,5.3,208,2.4881992827652213,4.679622242152313
2014-05-27 11:00:00,27.8,70,0.0,6.1,220,3.92100441908789,4.6728711030257655
2014-05-27 12:00:00,28.3,70,0.0,8.0,216,4.702282018339785,6.47213595499958
2014-05-27 13:00:00,28.5,69,0.6,9.0,217,5.4163352083684355,7.187719590425635
2014-05-27 14:00:00,28.9,69,0.1,9.5,209,4.605691392340202,8.30888721782426
2014-05-27 15:00:00,26.9,79,2.5,8.4,205,3.5499933986218752,7.61298541110786
2014-05-27 16:00:00,27.2,78,0.8,7.3,191,1.3929056662487778,7.165878439167947
2014-05-27 17:00:00,26.9,79,0.7000000000000001,6.0,197,1.7542302283364206,5.737828535778212
2014-05-27 18:00:00,26.3,82,0.0,3.4,162,-1.050657780874821,3.2335921554035223
2014-05-27 19:00:00,25.1,89,0.0,4.9,163,-1.4326213531414098,4.685893304218874
2014-05-27 20:00:00,24.7,86,0.0,4.9,163,-1.4326213531414098,4.685893304218874
2014-05-27 21:00:00,23.2,90,0.0,4.7,157,-1.8364363038995868,4.326372811226469
2014-05-27 22:00:00,22.4,91,0.0,5.0,150,-2.499999999999999,4.330127018922194
2014-05-27 23:00:00,21.6,92,0.0,5.0,150,-2.499999999999999,4.330127018922194
2014-05-28 00:00:00,21.3,93,0.0,4.2,149,-2.163159914622228,3.600102662948872
2014-05-28 01:00:00,20.9,94,0.0,3.6,143,-2.1665340833473743,2.8750878361702537
2014-05-28 02:00:00,20.4,94,0.2,3.8,139,-2.493024310163927,2.867896404846534
2014-05-28 03:00:00,20.5,92,0.0,4.1,135,-2.8991378028648445,2.899137802864845
2014-05-28 04:00:00,20.2,91,0.0,3.3,139,-2.1649947956686737,2.490541614735148
2014-05-28 05:00:00,20.2,91,0.0,3.6,135,-2.545584412271571,2.5455844122715714
2014-05-28 06:00:00,20.3,91,0.0,4.8,132,-3.567095162291491,3.21182691052252
2014-05-28 07:00:00,23.9,88,0.0,4.9,144,-2.880147736233118,3.9641832724372428
2014-05-28 08:00:00,26.6,68,0.0,5.3,208,2.4881992827652213,4.679622242152313
2014-05-28 09:00:00,27.4,69,0.1,6.1,225,4.31335136523794,4.313351365237939
2014-05-28 10:00:00,28.1,69,0.9,6.7,216,3.93816119035957,5.420413862312148
2014-05-28 11:00:00,27.8,70,1.0,6.2,216,3.6442685642133337,5.0159053651246746
2014-05-28 12:00:00,27.5,74,0.7000000000000001,4.8,228,3.5670951622914924,3.2118269105225195
2014-05-28 13:00:00,27.5,76,0.6,4.1,195,1.061158084920335,3.96029588778518
2014-05-28 14:00:00,28.5,72,0.3,5.4,217,3.2498011250210617,4.312631754255381
2014-05-28 15:00:00,29.2,70,3.9,6.8,252,6.467184310807044,2.1013155617496424
2014-05-28 16:00:00,28.0,76,4.6,4.5,209,2.181643291108517,3.935788682127281
2014-05-28 17:00:00,26.5,82,8.2,5.3,242,4.679622242152313,2.4881992827652213
2014-05-28 18:00:00,25.7,86,5.3,1.9,158,-0.7117525274902329,1.761649323676896
2014-05-28 19:00:00,24.9,92,2.5,3.7,191,0.7059932828932162,3.632020578756357
2014-05-28 20:00:00,25.2,86,0.8,5.5,169,-1.0494494745709964,5.3989495089621515
2014-05-28 21:00:00,25.2,83,0.9,7.0,168,-1.4553818357243153,6.84703320513664
2014-05-28 22:00:00,24.2,87,0.6,6.7,164,-1.8467702839738938,6.440453362786736
2014-05-28 23:00:00,23.8,89,0.1,3.1,159,-1.1109406435904308,2.8940993221413254
2014-05-29 00:00:00,22.9,90,0.3,4.5,151,-2.1816432911085166,3.9357886821272814
2014-05-29 01:00:00,22.5,92,0.8,6.2,159,-2.2218812871808615,5.788198644282651
2014-05-29 02:00:00,22.3,91,0.6,5.3,152,-2.4881992827652217,4.679622242152313
2014-05-29 03:00:00,21.5,93,0.0,5.3,152,-2.4881992827652217,4.679622242152313
2014-05-29 04:00:00,21.1,93,0.0,4.2,149,-2.163159914622228,3.600102662948872
2014-05-29 05:00:00,20.8,93,0.0,3.4,148,-1.8017254983928963,2.8833635269318485
2014-05-29 06:00:00,21.0,94,0.0,3.1,144,-1.8221342821066664,2.5079526825623373
2014-05-29 07:00:00,23.9,91,0.0,3.0,166,-0.7257656867990033,2.9108871788279895
2014-05-29 08:00:00,26.0,77,0.0,4.2,200,1.436484601967809,3.9467090073008153
2014-05-29 09:00:00,26.7,75,0.0,5.4,217,3.2498011250210617,4.312631754255381
2014-05-29 10:00:00,27.7,72,0.1,6.7,234,5.420413862312148,3.93816119035957
2014-05-29 11:00:00,28.4,70,0.3,7.6,239,6.5144714853360535,3.9142893693164114
2014-05-29 12:00:00,28.3,73,0.6,5.5,203,2.1490212066910055,5.062776693988422
2014-05-29 13:00:00,28.1,77,0.8,5.8,202,2.1727182418122895,5.377666356487367
2014-05-29 14:00:00,27.5,76,0.5,7.4,209,3.587591189822895,6.472185832831529
2014-05-29 15:00:00,27.0,80,2.5,8.7,210,4.3500000000000005,7.534421012924615
2014-05-29 16:00:00,27.1,80,0.3,6.4,196,1.7640790772287946,6.1520748540052415
2014-05-29 17:00:00,26.8,82,0.0,3.0,194,0.725765686799003,2.9108871788279895
2014-05-29 18:00:00,26.4,83,0.4,1.8,233,1.437543918085127,1.083267041673687
2014-05-29 19:00:00,25.8,86,0.0,0.8,243,0.7128052193506944,0.3631923997916374
2014-05-29 20:00:00,25.5,85,0.0,2.3,141,-1.4474368994146256,1.7874357113510333
2014-05-29 21:00:00,23.6,91,0.0,4.6,129,-3.5748714227020657,2.8948737988292517
2014-05-29 22:00:00,22.8,93,0.0,4.3,132,-3.195522749552794,2.8772616073430908
2014-05-29 23:00:00,22.2,93,0.0,4.1,142,-2.524212048835199,3.23084408978756
2014-05-30 00:00:00,21.4,94,0.0,4.6,141,-2.894873798829251,3.5748714227020666
2014-05-30 01:00:00,20.7,95,0.0,4.6,135,-3.252691193458118,3.2526911934581184
2014-05-30 02:00:00,20.4,94,0.0,5.9,133,-4.314986839553106,4.023790324368742
2014-05-30 03:00:00,20.7,93,0.0,5.4,132,-4.012982057577928,3.613305274337835
2014-05-30 04:00:00,20.3,93,0.0,5.1,129,-3.963444403430551,3.2095339943541705
2014-05-30 05:00:00,19.7,95,0.0,4.8,132,-3.567095162291491,3.21182691052252
2014-05-30 06:00:00,20.3,93,0.0,5.2,124,-4.310995377286217,2.907803098047884
2014-05-30 07:00:00,23.8,87,0.0,3.6,127,-2.8750878361702545,2.1665340833473734
2014-05-30 08:00:00,26.3,70,0.0,3.3,193,0.7423384793347542,3.2154212137912763
2014-05-30 09:00:00,27.3,67,0.0,4.3,222,2.8772616073430903,3.195522749552795
2014-05-30 10:00:00,27.6,69,0.1,5.7,252,5.421022142882375,1.7613968679372003
2014-05-30 11:00:00,27.7,71,0.0,7.3,261,7.210124886344506,1.1419715947936853
2014-05-30 12:00:00,27.4,74,0.3,6.8,273,6.790680836331102,-0.3558845024520181
2014-05-30 13:00:00,27.1,76,0.4,3.9,292,3.616017032810471,-1.460965714322057
2014-05-30 14:00:00,27.2,75,0.3,2.6,286,2.499280409439629,-0.7166571251241979
2014-05-30 15:00:00,25.9,82,0.9,2.2,9,-0.3441558230885083,-2.172914349309303
2014-05-30 16:00:00,26.1,82,0.5,2.3,51,-1.7874357113510326,-1.4474368994146265
2014-05-30 17:00:00,26.2,82,0.5,2.1,31,-1.0815799573111144,-1.8000513314744355
2014-05-30 18:00:00,25.7,84,0.3,4.1,15,-1.0611580849203346,-3.96029588778518
2014-05-30 19:00:00,24.8,88,0.0,4.8,63,-4.276831316104166,-2.179154398749824
2014-05-30 20:00:00,24.0,88,0.0,2.5,82,-2.475670171853926,-0.3479327524001638
2014-05-30 21:00:00,23.2,90,0.0,1.1,90,-1.1,1.3471114790620887e-16
2014-05-30 22:00:00,23.0,90,0.0,0.7000000000000001,360,4.2862637970157366e-17,-0.7000000000000001
2014-05-30 23:00:00,23.6,85,0.0,0.7000000000000001,360,4.2862637970157366e-17,-0.7000000000000001
2014-05-31 00:00:00,23.8,81,0.0,1.5,14,-0.36288284339950166,-1.4554435894139948
2014-05-31 01:00:00,24.1,78,0.0,2.3,72,-2.187429987478853,-0.7107390870623786
2014-05-31 02:00:00,24.5,74,0.0,2.3,72,-2.187429987478853,-0.7107390870623786
2014-05-31 03:00:00,21.2,89,0.0,1.3,56,-1.0777488443215544,-0.7269507745119708
2014-05-31 04:00:00,20.7,89,0.0,2.2,81,-2.1729143493093033,-0.3441558230885076
2014-05-31 05:00:00,20.2,91,0.0,2.9,90,-2.9,3.5514757175273243e-16
2014-05-31 06:00:00,20.3,94,0.0,0.8,63,-0.7128052193506944,-0.36319239979163737
2014-05-31 07:00:00,23.7,91,0.0,1.8,90,-1.8,2.2043642384652358e-16
2014-05-31 08:00:00,26.4,72,0.0,2.3,342,0.7107390870623791,-2.1874299874788528
2014-05-31 09:00:00,27.3,70,0.0,4.6,315,3.2526911934581184,-3.252691193458118
2014-05-31 10:00:00,27.9,69,0.0,5.6,310,4.289848881466277,-3.5996106142446194
2014-05-31 11:00:00,28.4,69,0.0,5.1,309,3.963444403430551,-3.2095339943541705
2014-05-31 12:00:00,28.8,69,0.0,5.1,309,3.963444403430551,-3.2095339943541705
2014-05-31 13:00:00,28.8,69,0.1,6.5,304,5.38874422160777,-3.634753872559855
2014-05-31 14:00:00,28.0,73,0.1,7.3,303,6.122295146001595,-3.9758649556096977
2014-05-31 15:00:00,28.2,72,0.0,5.8,300,5.022947341949744,-2.8999999999999995
2014-05-31 16:00:00,27.9,74,0.0,5.2,304,4.310995377286217,-2.907803098047884
2014-05-31 17:00:00,27.4,77,0.0,5.1,315,3.6062445840513924,-3.606244584051392
2014-05-31 18:00:00,26.8,80,0.0,4.9,324,2.8801477362331185,-3.9641832724372428
2014-05-31 19:00:00,25.8,87,0.0,5.2,335,2.197614961051637,-4.7128004925905795
2014-05-31 20:00:00,25.8,83,0.0,4.8,333,2.1791543987498248,-4.276831316104166
2014-05-31 21:00:00,25.6,83,0.0,4.5,14,-1.088648530198505,-4.366330768241984
2014-05-31 22:00:00,25.1,84,0.0,4.2,59,-3.600102662948872,-2.1631599146222276
2014-05-31 23:00:00,23.0,91,0.0,3.4,72,-3.2335921554035223,-1.0506577808748208
2014-06-01 00:00:00,21.8,94,0.0,3.2,90,-3.2,3.9188697572715305e-16
2014-06-01 01:00:00,21.3,94,0.0,1.8,127,-1.4375439180851273,1.0832670416736867
2014-06-01 02:00:00,20.9,93,0.0,1.8,127,-1.4375439180851273,1.0832670416736867
2014-06-01 03:00:00,20.8,95,0.0,0.5,315,0.3535533905932738,-0.35355339059327373
2014-06-01 04:00:00,20.5,94,0.0,0.8,63,-0.7128052193506944,-0.36319239979163737
2014-06-01 05:00:00,20.0,95,0.0,1.1,108,-1.0461621679246689,0.3399186938124423
2014-06-01 06:00:00,20.3,94,0.0,1.8,79,-1.7669289302057951,-0.3434561916777805
2014-06-01 07:00:00,23.8,88,0.0,1.8,53,-1.437543918085127,-1.0832670416736871
2014-06-01 08:00:00,26.2,76,0.0,2.3,309,1.7874357113510329,-1.4474368994146258
2014-06-01 09:00:00,27.1,75,0.0,4.0,280,3.939231012048832,-0.6945927106677213
2014-06-01 10:00:00,28.1,72,0.0,5.8,277,5.756767679519667,-0.7068421917498553
2014-06-01 11:00:00,28.5,70,0.0,6.5,267,6.49109197590473,0.3401837155791349
2014-06-01 12:00:00,28.8,69,0.0,7.3,261,7.210124886344506,1.1419715947936853
2014-06-01 13:00:00,28.9,69,0.0,5.8,263,5.756767679519667,0.7068421917498553
2014-06-01 14:00:00,29.0,68,0.0,6.8,270,6.8,0.0
2014-06-01 15:00:00,28.6,71,0.0,6.9,276,6.862201078041086,-0.721246396546809
2014-06-01 16:00:00,28.5,71,0.0,4.0,265,3.984778792366982,0.34862297099063266
2014-06-01 17:00:00,28.3,71,0.0,2.6,254,2.499280409439629,0.7166571251241979
2014-06-01 18:00:00,27.9,77,0.0,1.3,304,1.0777488443215542,-0.726950774511971
2014-06-01 19:00:00,26.9,78,0.0,1.1,252,1.0461621679246689,0.33991869381244216
2014-06-01 20:00:00,26.9,73,0.0,2.2,180,1.3471114790620887e-16,2.2
2014-06-01 21:00:00,24.4,83,0.0,2.7,157,-1.0549740469210394,2.4853631043215887
2014-06-01 22:00:00,22.2,91,0.0,3.3,174,-0.3449439287832567,3.2819222547153015
2014-06-01 23:00:00,21.1,94,0.0,4.3,156,-1.748967565225941,3.9282454678631837
2014-06-02 00:00:00,20.7,94,0.0,5.3,152,-2.4881992827652217,4.679622242152313
2014-06-02 01:00:00,20.5,94,0.0,5.8,150,-2.8999999999999986,5.022947341949744
2014-06-02 02:00:00,20.5,91,0.0,5.5,148,-2.914555953282626,4.664264528860343
2014-06-02 03:00:00,21.1,90,0.0,4.8,138,-3.2118269105225195,3.5670951622914924
2014-06-02 04:00:00,20.7,89,0.0,5.4,132,-4.012982057577928,3.613305274337835
2014-06-02 05:00:00,20.4,89,0.0,5.1,129,-3.963444403430551,3.2095339943541705
2014-06-02 06:00:00,20.7,89,0.0,3.6,127,-2.8750878361702545,2.1665340833473734
2014-06-02 07:00:00,24.4,84,0.0,4.7,122,-3.9858260519352022,2.490620541896063
2014-06-02 08:00:00,27.2,64,0.0,4.7,171,-0.7352419856890848,4.6421352007971475
2014-06-02 09:00:00,28.2,61,0.1,6.4,196,1.7640790772287946,6.1520748540052415
2014-06-02 10:00:00,28.7,60,0.0,7.6,211,3.9142893693164114,6.5144714853360535
2014-06-02 11:00:00,29.2,61,0.1,8.7,228,6.46535998165333,5.821436275322066
2014-06-02 12:00:00,29.2,62,0.0,8.7,232,6.85569355637848,5.356254835333226
2014-06-02 13:00:00,29.4,64,0.0,9.3,234,7.523858047687012,5.46640284632
2014-06-02 14:00:00,29.2,65,0.1,9.8,234,7.9283665448744856,5.760295472466237
2014-06-02 15:00:00,28.5,70,0.0,9.0,233,7.187719590425635,5.416335208368435
2014-06-02 16:00:00,28.2,72,0.0,7.9,223,5.387787044493738,5.777694242791447
2014-06-02 17:00:00,27.8,74,0.1,7.1,210,3.5500000000000007,6.148780366869514
2014-06-02 18:00:00,26.9,78,0.0,2.8,230,2.1449244407331385,1.7998053071223097
2014-06-02 19:00:00,25.7,82,0.0,5.5,157,-2.149021206691006,5.062776693988422
2014-06-02 20:00:00,24.5,87,0.0,6.6,139,-4.329989591337347,4.981083229470296
2014-06-02 21:00:00,23.7,88,0.0,8.0,144,-4.702282018339784,6.47213595499958
2014-06-02 22:00:00,23.1,88,0.0,7.5,145,-4.301823272632846,6.143640332167438
2014-06-02 23:00:00,22.5,88,0.0,6.2,144,-3.644268564213333,5.0159053651246746
2014-06-03 00:00:00,21.9,88,0.0,5.2,146,-2.907803098047883,4.3109953772862175
2014-06-03 01:00:00,21.5,87,0.0,5.2,146,-2.907803098047883,4.3109953772862175
2014-06-03 02:00:00,21.2,86,0.0,5.4,143,-3.2498011250210617,4.312631754255381
2014-06-03 03:00:00,20.7,88,0.0,5.6,140,-3.5996106142446203,4.289848881466277
2014-06-03 04:00:00,20.7,86,0.0,5.1,141,-3.20953399435417,3.963444403430552
2014-06-03 05:00:00,20.8,85,0.0,5.1,141,-3.20953399435417,3.963444403430552
2014-06-03 06:00:00,21.4,84,0.0,4.8,132,-3.567095162291491,3.21182691052252
2014-06-03 07:00:00,23.9,81,0.0,5.4,143,-3.2498011250210617,4.312631754255381
2014-06-03 08:00:00,26.3,68,0.4,5.1,184,0.35575801609503865,5.087576656325103
2014-06-03 09:00:00,26.2,71,0.9,7.7,208,3.61493103345136,6.798696465013737
2014-06-03 10:00:00,26.3,74,1.3,9.5,217,5.717242719944459,7.587037345449282
2014-06-03 11:00:00,26.5,75,1.7000000000000002,8.8,215,5.0474726398892065,7.208537989743128
2014-06-03 12:00:00,26.3,78,1.0,8.8,192,1.8296228791962834,8.60769888645749
2014-06-03 13:00:00,26.1,80,1.1,9.9,190,1.7191169589026112,9.74959675482086
2014-06-03 14:00:00,25.9,82,2.4,10.4,182,0.36295476570601126,10.393664600998596
2014-06-03 15:00:00,25.5,82,2.7,8.0,188,1.1133848076805237,7.922144549932563
2014-06-03 16:00:00,24.9,86,3.4,8.6,180,5.265981236333618e-16,8.6
2014-06-03 17:00:00,24.4,88,4.0,8.7,175,-0.7582549619046266,8.666893873398186
2014-06-03 18:00:00,24.1,88,2.4,5.2,164,-1.433314250248395,4.998560818879258
2014-06-03 19:00:00,23.7,88,1.2,7.6,149,-3.9142893693164122,6.5144714853360535
2014-06-03 20:00:00,23.3,88,0.7000000000000001,7.1,139,-4.658019105832601,5.358438019581682
2014-06-03 21:00:00,23.1,88,0.5,5.9,137,-4.023790324368741,4.314986839553106
2014-06-03 22:00:00,23.0,88,0.4,5.6,130,-4.289848881466276,3.5996106142446207
2014-06-03 23:00:00,22.8,89,0.2,5.4,138,-3.6133052743378347,4.012982057577929
2014-06-04 00:00:00,22.3,91,0.1,5.9,137,-4.023790324368741,4.314986839553106
2014-06-04 01:00:00,22.2,91,0.2,5.4,143,-3.2498011250210617,4.312631754255381
2014-06-04 02:00:00,22.1,91,0.2,5.9,137,-4.023790324368741,4.314986839553106
2014-06-04 03:00:00,22.6,85,0.0,5.4,132,-4.012982057577928,3.613305274337835
2014-06-04 04:00:00,23.1,81,0.0,5.4,132,-4.012982057577928,3.613305274337835
2014-06-04 05:00:00,23.7,77,0.0,5.4,138,-3.6133052743378347,4.012982057577929
2014-06-04 06:00:00,24.1,75,0.1,4.2,149,-2.163159914622228,3.600102662948872
2014-06-04 07:00:00,24.5,73,0.0,1.8,191,0.34345619167778085,1.7669289302057951
2014-06-04 08:00:00,24.5,77,0.7000000000000001,2.9,180,1.7757378587636622e-16,2.9
2014-06-04 09:00:00,24.4,80,0.8,2.1,239,1.800051331474436,1.0815799573111138
2014-06-04 10:00:00,24.2,83,1.0,3.7,259,3.632020578756357,0.7059932828932158
2014-06-04 11:00:00,25.0,81,0.6,5.6,243,4.98963653545486,2.5423467985414616
2014-06-04 12:00:00,25.9,79,0.4,6.7,216,3.93816119035957,5.420413862312148
2014-06-04 13:00:00,26.4,78,0.2,8.9,212,4.716281451675524,7.547628055792192
2014-06-04 14:00:00,27.6,74,0.0,9.0,209,4.363286582217034,7.871577364254562
2014-06-04 15:00:00,26.9,78,0.0,7.1,204,2.8878301658381815,6.486172749262466
2014-06-04 16:00:00,27.2,75,0.1,7.1,221,4.658019105832602,5.358438019581681
2014-06-04 17:00:00,26.5,79,0.2,7.2,217,4.333068166694749,5.750175672340508
2014-06-04 18:00:00,25.8,82,0.0,3.9,236,3.2332465329646625,2.180852323535913
2014-06-04 19:00:00,24.7,89,0.0,5.9,142,-3.6324027044213842,4.64926344627966
2014-06-04 20:00:00,23.3,92,0.0,6.4,137,-4.364789504399989,4.6806636903626915
2014-06-04 21:00:00,22.1,93,0.0,4.3,138,-2.8772616073430903,3.195522749552795
2014-06-04 22:00:00,20.9,94,0.0,5.6,135,-3.9597979746446654,3.9597979746446663
2014-06-04 23:00:00,20.3,95,0.0,5.5,122,-4.664264528860342,2.914555953282627
2014-06-05 00:00:00,20.0,94,0.0,6.8,115,-6.162892951849219,2.8738041798367564
2014-06-05 01:00:00,19.1,95,0.0,5.8,120,-5.022947341949744,2.8999999999999995
2014-06-05 02:00:00,18.9,92,0.0,5.1,129,-3.963444403430551,3.2095339943541705
2014-06-05 03:00:00,19.4,90,0.0,4.6,129,-3.5748714227020657,2.8948737988292517
2014-06-05 04:00:00,19.2,90,0.0,5.4,132,-4.012982057577928,3.613305274337835
2014-06-05 05:00:00,19.4,88,0.0,5.1,129,-3.963444403430551,3.2095339943541705
2014-06-05 06:00:00,19.7,88,0.0,5.1,135,-3.606244584051392,3.6062445840513924
2014-06-05 07:00:00,22.8,86,0.0,5.4,138,-3.6133052743378347,4.012982057577929
2014-06-05 08:00:00,26.0,66,0.0,5.7,162,-1.7613968679371999,5.421022142882376
2014-06-05 09:00:00,27.0,62,0.1,6.2,190,1.0766187015349686,6.10580806867569
2014-06-05 10:00:00,27.6,64,0.0,6.1,230,4.6728711030257655,3.921004419087889
2014-06-05 11:00:00,28.1,65,0.0,5.7,235,4.669166652447253,3.2693856872009626
2014-06-05 12:00:00,28.8,66,0.0,5.4,217,3.2498011250210617,4.312631754255381
2014-06-05 13:00:00,29.0,67,0.0,4.6,198,1.4214781741247582,4.3748599749577055
2014-06-05 14:00:00,28.4,68,0.2,4.0,180,2.4492935982947064e-16,4.0
2014-06-05 15:00:00,27.7,72,0.0,3.6,186,0.3763024677635525,3.580278823325784
2014-06-05 16:00:00,28.1,69,0.6,4.3,185,0.37476969381492997,4.283637201794505
2014-06-05 17:00:00,27.5,71,1.3,3.7,209,1.7937955949114475,3.2360929164157644
2014-06-05 18:00:00,26.5,78,0.0,0.8,297,0.7128052193506944,-0.3631923997916374
2014-06-05 19:00:00,25.4,81,0.0,2.0,135,-1.414213562373095,1.4142135623730951
2014-06-05 20:00:00,24.5,81,0.0,3.4,148,-1.8017254983928963,2.8833635269318485
2014-06-05 21:00:00,24.0,82,0.2,3.3,174,-0.3449439287832567,3.2819222547153015
2014-06-05 22:00:00,23.3,83,0.0,3.8,139,-2.493024310163927,2.867896404846534
2014-06-05 23:00:00,23.0,83,0.0,4.1,135,-2.8991378028648445,2.899137802864845
2014-06-06 00:00:00,22.5,83,0.0,3.6,143,-2.1665340833473743,2.8750878361702537
2014-06-06 01:00:00,22.0,84,0.2,3.4,162,-1.050657780874821,3.2335921554035223
2014-06-06 02:00:00,21.8,82,0.5,2.5,172,-0.3479327524001634,2.475670171853926
2014-06-06 03:00:00,20.4,86,0.1,1.6,63,-1.4256104387013888,-0.7263847995832747
2014-06-06 04:00:00,20.5,86,0.3,2.9,83,-2.878383839759834,-0.3534210958749272
2014-06-06 05:00:00,20.2,87,0.5,3.6,90,-3.6,4.4087284769304716e-16
2014-06-06 06:00:00,20.3,89,0.5,5.2,65,-4.71280049259058,-2.1976149610516362
2014-06-06 07:00:00,21.9,87,0.5,6.7,74,-6.440453362786736,-1.8467702839738933
2014-06-06 08:00:00,23.8,76,0.6,5.8,90,-5.8,7.102951435054649e-16
2014-06-06 09:00:00,25.1,71,0.0,3.7,119,-3.2360929164157644,1.7937955949114477
2014-06-06 10:00:00,26.1,68,0.0,1.4,180,8.572527594031472e-17,1.4
2014-06-06 11:00:00,27.0,66,0.0,4.2,250,3.9467090073008158,1.4364846019678086
2014-06-06 12:00:00,27.4,67,0.0,7.1,255,6.858073366652385,1.8376152202278973
2014-06-06 13:00:00,27.8,67,0.3,6.9,261,6.815049550106451,1.079397808777593
2014-06-06 14:00:00,27.5,70,4.2,5.2,254,4.998560818879258,1.4333142502483958
2014-06-06 15:00:00,27.2,76,0.4,3.7,259,3.632020578756357,0.7059932828932158
2014-06-06 16:00:00,27.1,74,0.6,1.8,217,1.0832670416736871,1.437543918085127
2014-06-06 17:00:00,26.4,78,3.2,2.9,240,2.511473670974872,1.4499999999999997
2014-06-06 18:00:00,25.8,80,3.3,4.0,360,2.4492935982947064e-16,-4.0
2014-06-06 19:00:00,25.6,80,2.2,3.6,354,0.3763024677635525,-3.580278823325784
2014-06-06 20:00:00,24.7,84,1.7000000000000002,1.4,90,-1.4,1.7145055188062944e-16
2014-06-06 21:00:00,24.6,84,0.9,2.9,187,0.3534210958749277,2.8783838397598336
2014-06-06 22:00:00,25.2,80,3.0,5.0,180,3.061616997868383e-16,5.0
2014-06-06 23:00:00,23.1,90,2.1,4.9,163,-1.4326213531414098,4.685893304218874
2014-06-07 00:00:00,23.1,89,1.8,4.7,148,-2.4906205418960625,3.9858260519352027
2014-06-07 01:00:00,23.1,87,0.5,4.4,145,-2.5237363199446032,3.6042689948715636
2014-06-07 02:00:00,22.5,88,0.1,4.5,151,-2.1816432911085166,3.9357886821272814
2014-06-07 03:00:00,21.6,91,0.1,4.7,171,-0.7352419856890848,4.6421352007971475
2014-06-07 04:00:00,21.5,90,0.2,6.8,162,-2.101315561749642,6.467184310807045
2014-06-07 05:00:00,21.5,88,0.2,6.8,155,-2.8738041798367555,6.16289295184922
2014-06-07 06:00:00,21.8,87,0.3,4.0,153,-1.8159619989581868,3.5640260967534716
2014-06-07 07:00:00,23.9,88,0.4,4.6,135,-3.252691193458118,3.2526911934581184
2014-06-07 08:00:00,25.7,76,0.0,4.3,180,2.632990618166809e-16,4.3
2014-06-07 09:00:00,25.4,79,0.0,4.7,184,0.3278554265973886,4.688551036221174
2014-06-07 10:00:00,26.7,73,0.0,7.0,192,1.4553818357243162,6.847033205136639
2014-06-07 11:00:00,27.9,70,1.2,8.5,208,3.9905082836800725,7.505054539300878
2014-06-07 12:00:00,27.7,68,0.7000000000000001,9.4,220,6.04220353105347,7.200817765318393
2014-06-07 13:00:00,26.2,80,0.4,11.0,229,8.301805382450492,7.2166493188955805
2014-06-07 14:00:00,26.4,80,1.6,10.5,211,5.407899786555569,9.00025665737218
2014-06-07 15:00:00,25.4,82,2.2,6.4,196,1.7640790772287946,6.1520748540052415
2014-06-07 16:00:00,25.1,87,2.1,6.0,213,3.2678342100901627,5.032023407672544
2014-06-07 17:00:00,24.7,90,2.1,8.1,212,4.29234604028896,6.86918957886705
2014-06-07 18:00:00,24.4,92,2.4,8.4,205,3.5499933986218752,7.61298541110786
2014-06-07 19:00:00,23.7,94,1.9,6.9,189,1.0793978087775935,6.815049550106451
2014-06-07 20:00:00,23.4,94,1.9,7.2,153,-3.2687315981247362,6.415246974156249
2014-06-07 21:00:00,23.2,94,1.5,5.4,132,-4.012982057577928,3.613305274337835
2014-06-07 22:00:00,23.8,88,0.9,2.8,140,-1.7998053071223101,2.1449244407331385
2014-06-07 23:00:00,23.1,90,0.4,2.6,164,-0.7166571251241975,2.499280409439629
2014-06-08 00:00:00,22.8,90,0.2,4.4,145,-2.5237363199446032,3.6042689948715636
2014-06-08 01:00:00,22.8,88,0.4,4.0,153,-1.8159619989581868,3.5640260967534716
2014-06-08 02:00:00,23.7,83,0.4,4.2,149,-2.163159914622228,3.600102662948872
2014-06-08 03:00:00,21.2,89,0.6,6.4,142,-3.9402334420842133,5.043268823083022
2014-06-08 04:00:00,21.5,86,0.1,6.6,135,-4.666904755831213,4.666904755831213
2014-06-08 05:00:00,21.6,85,0.2,6.4,133,-4.6806636903626915,4.364789504399991
2014-06-08 06:00:00,21.7,87,0.0,3.1,126,-2.507952682562337,1.822134282106667
2014-06-08 07:00:00,24.0,85,0.0,3.9,146,-2.180852323535912,3.233246532964663
2014-06-08 08:00:00,25.8,73,0.0,4.8,193,1.0797650608505516,4.676976310969129
2014-06-08 09:00:00,26.6,75,0.0,6.4,207,2.9055391983331,5.702441754805554
2014-06-08 10:00:00,27.1,76,0.0,7.4,209,3.587591189822895,6.472185832831529
2014-06-08 11:00:00,27.5,77,0.4,7.9,223,5.387787044493738,5.777694242791447
2014-06-08 12:00:00,27.1,80,0.4,8.7,210,4.3500000000000005,7.534421012924615
2014-06-08 13:00:00,27.2,81,2.7,8.9,212,4.716281451675524,7.547628055792192
2014-06-08 14:00:00,26.6,85,1.3,6.6,229,4.981083229470295,4.329989591337347
2014-06-08 15:00:00,25.9,83,4.6,4.7,203,1.8364363038995866,4.32637281122647
2014-06-08 16:00:00,25.4,85,2.6,3.1,216,1.8221342821066668,2.5079526825623373
2014-06-08 17:00:00,25.2,89,0.9,4.2,239,3.600102662948872,2.1631599146222276
2014-06-08 18:00:00,24.8,91,0.4,1.1,198,0.3399186938124422,1.0461621679246689
2014-06-08 19:00:00,24.1,95,0.8,1.3,124,-1.0777488443215542,0.726950774511971
2014-06-08 20:00:00,23.4,93,0.2,0.4,270,0.4,0.0
2014-06-08 21:00:00,24.0,88,0.3,1.9,22,-0.7117525274902333,-1.7616493236768958
2014-06-08 22:00:00,23.9,89,1.1,2.2,9,-0.3441558230885083,-2.172914349309303
2014-06-08 23:00:00,23.4,92,0.5,3.2,333,1.45276959916655,-2.851220877402777
2014-06-09 00:00:00,23.5,91,0.3,1.4,360,8.572527594031472e-17,-1.4
2014-06-09 01:00:00,23.5,91,0.7000000000000001,1.3,214,0.7269507745119709,1.0777488443215544
2014-06-09 02:00:00,23.1,94,3.8,4.0,243,3.5640260967534716,1.815961998958187
2014-06-09 03:00:00,22.3,95,0.3,3.6,264,3.580278823325784,0.37630246776355253
2014-06-09 04:00:00,23.1,92,0.4,1.3,326,0.7269507745119709,-1.0777488443215544
2014-06-09 05:00:00,23.5,90,0.3,2.0,45,-1.4142135623730954,-1.414213562373095
2014-06-09 06:00:00,23.8,88,0.0,3.7,29,-1.7937955949114464,-3.2360929164157652
2014-06-09 07:00:00,23.8,94,0.0,5.2,25,-2.197614961051636,-4.71280049259058
2014-06-09 08:00:00,24.7,92,0.2,5.9,14,-1.42733918403804,-5.7247447850283795
2014-06-09 09:00:00,25.3,88,0.2,5.9,14,-1.42733918403804,-5.7247447850283795
2014-06-09 10:00:00,26.0,86,0.3,6.5,6,-0.6794350112397468,-6.464392319893777
2014-06-09 11:00:00,26.8,82,0.3,5.9,349,1.125773072721615,-5.791600382341218
2014-06-09 12:00:00,27.0,81,2.8,7.3,351,1.1419715947936857,-7.210124886344506
2014-06-09 13:00:00,27.5,79,0.9,6.5,357,0.3401837155791358,-6.49109197590473
2014-06-09 14:00:00,27.5,79,1.0,6.2,350,1.0766187015349686,-6.10580806867569
2014-06-09 15:00:00,26.6,86,1.2,8.7,355,0.7582549619046257,-8.666893873398186
2014-06-09 16:00:00,26.4,88,1.6,6.8,360,4.1637991171010006e-16,-6.8
2014-06-09 17:00:00,25.9,91,1.9,5.4,352,0.7515347451843536,-5.34744757120448
2014-06-09 18:00:00,25.4,94,1.3,4.9,324,2.8801477362331185,-3.9641832724372428
2014-06-09 19:00:00,24.7,96,0.7000000000000001,3.8,17,-1.111012477946401,-3.633958072659534
2014-06-09 20:00:00,24.2,97,0.6,6.2,7,-0.7555899291119125,-6.153786140176197
2014-06-09 21:00:00,23.7,98,0.7000000000000001,6.3,24,-2.5624408513775405,-5.755336383148386
2014-06-09 22:00:00,24.2,96,0.3,5.9,43,-4.023790324368742,-4.314986839553106
2014-06-09 23:00:00,23.6,96,0.5,4.2,70,-3.9467090073008158,-1.4364846019678084
2014-06-10 00:00:00,23.1,97,0.1,2.8,50,-2.1449244407331385,-1.7998053071223097
2014-06-10 01:00:00,23.5,97,0.2,2.8,40,-1.7998053071223103,-2.144924440733138
2014-06-10 02:00:00,23.4,97,0.2,2.8,50,-2.1449244407331385,-1.7998053071223097
2014-06-10 03:00:00,23.7,90,0.7000000000000001,3.2,63,-2.8512208774027776,-1.4527695991665495
2014-06-10 04:00:00,23.7,90,0.8,4.3,66,-3.9282454678631837,-1.7489675652259409
2014-06-10 05:00:00,23.4,90,0.2,5.0,69,-4.667902132486009,-1.7918397477265022
2014-06-10 06:00:00,23.8,88,0.0,2.5,45,-1.7677669529663693,-1.7677669529663687
2014-06-10 07:00:00,24.8,90,0.0,3.6,354,0.3763024677635525,-3.580278823325784
2014-06-10 08:00:00,25.0,89,0.0,7.8,347,1.7546182238821464,-7.6000865053248345
2014-06-10 09:00:00,26.3,83,0.0,7.9,336,3.2132194802988217,-7.217009115376547
2014-06-10 10:00:00,27.1,80,0.2,8.0,324,4.702282018339785,-6.47213595499958
2014-06-10 11:00:00,27.2,80,0.2,10.1,325,5.793122007145566,-8.273435647318816
2014-06-10 12:00:00,26.7,83,0.0,11.8,333,5.357087896926653,-10.51387698542274
2014-06-10 13:00:00,27.3,79,0.2,12.3,339,4.407925779407195,-11.483039245915583
2014-06-10 14:00:00,26.9,82,0.5,12.2,336,4.962187045524762,-11.14525458323973
2014-06-10 15:00:00,26.5,85,0.4,10.8,330,5.400000000000001,-9.353074360871938
2014-06-10 16:00:00,26.2,86,0.5,10.3,335,4.352968095929205,-9.334970206477495
2014-06-10 17:00:00,25.4,89,0.6,9.5,349,1.8126854560771768,-9.325458242752807
2014-06-10 18:00:00,24.9,91,0.1,7.8,347,1.7546182238821464,-7.6000865053248345
2014-06-10 19:00:00,24.5,93,0.0,7.0,348,1.4553818357243162,-6.847033205136639
2014-06-10 20:00:00,24.2,95,0.0,5.9,349,1.125773072721615,-5.791600382341218
2014-06-10 21:00:00,23.5,97,0.0,4.7,337,1.8364363038995866,-4.32637281122647
2014-06-10 22:00:00,23.2,97,0.0,3.0,346,0.725765686799003,-2.9108871788279895
2014-06-10 23:00:00,23.6,95,0.0,2.5,352,0.34793275240016364,-2.475670171853926
2014-06-11 00:00:00,23.5,95,0.0,3.2,360,1.9594348786357652e-16,-3.2
2014-06-11 01:00:00,23.4,95,0.0,5.1,4,-0.35575801609504043,-5.087576656325103
2014-06-11 02:00:00,23.2,96,0.0,4.6,18,-1.4214781741247586,-4.3748599749577055
2014-06-11 03:00:00,23.4,94,0.0,2.3,39,-1.447436899414627,-1.7874357113510322
2014-06-11 04:00:00,23.5,93,0.0,3.7,11,-0.7059932828932151,-3.632020578756357
2014-06-11 05:00:00,22.3,96,0.0,7.1,15,-1.8376152202278964,-6.858073366652385
2014-06-11 06:00:00,22.3,96,0.0,6.8,25,-2.873804179836754,-6.16289295184922
2014-06-11 07:00:00,24.2,91,0.0,8.4,7,-1.0237024846032363,-8.337387673787106
2014-06-11 08:00:00,25.1,87,0.0,10.8,358,0.3769145643870117,-10.793420931806235
2014-06-11 09:00:00,26.0,83,0.0,11.6,355,1.0110066158728344,-11.555858497864248
2014-06-11 10:00:00,26.7,80,0.0,11.6,353,1.4136843834997108,-11.513535359039334
2014-06-11 11:00:00,27.6,77,0.2,10.0,345,2.5881904510252074,-9.659258262890683
2014-06-11 12:00:00,28.0,75,0.1,9.0,344,2.4807362023529924,-8.65135526344487
2014-06-11 13:00:00,28.0,76,0.3,7.3,340,2.4967470462773824,-6.8597561317371305
2014-06-11 14:00:00,27.3,80,0.4,7.6,335,3.211898789229316,-6.887939181478539
2014-06-11 15:00:00,26.7,83,1.0,8.6,338,3.2216167033768426,-7.973781149274371
2014-06-11 16:00:00,26.2,83,0.2,9.0,344,2.4807362023529924,-8.65135526344487
2014-06-11 17:00:00,25.8,85,0.0,6.8,342,2.1013155617496424,-6.467184310807044
2014-06-11 18:00:00,25.5,86,0.0,4.5,346,1.0886485301985045,-4.366330768241984
2014-06-11 19:00:00,24.8,91,0.0,3.7,331,1.7937955949114475,-3.2360929164157644
2014-06-11 20:00:00,24.4,92,0.0,1.3,56,-1.0777488443215544,-0.7269507745119708
2014-06-11 21:00:00,24.0,93,0.0,0.8,153,-0.36319239979163737,0.7128052193506944
2014-06-11 22:00:00,23.5,94,0.0,1.5,135,-1.0606601717798212,1.0606601717798214
2014-06-11 23:00:00,23.2,95,0.0,1.6,243,1.4256104387013888,0.7263847995832748
2014-06-12 00:00:00,23.0,96,0.0,2.3,252,2.1874299874788528,0.710739087062379
2014-06-12 01:00:00,23.0,94,0.1,1.5,256,1.4554435894139948,0.3628828433995016
2014-06-12 02:00:00,23.5,93,0.0,1.1,360,6.735557395310444e-17,-1.1
2014-06-12 03:00:00,23.9,91,0.3,4.0,27,-1.8159619989581877,-3.564026096753471
2014-06-12 04:00:00,23.6,91,0.0,3.8,41,-2.4930243101639276,-2.8678964048465336
2014-06-12 05:00:00,23.8,89,0.0,1.8,53,-1.437543918085127,-1.0832670416736871
2014-06-12 06:00:00,22.6,93,0.0,1.8,79,-1.7669289302057951,-0.3434561916777805
2014-06-12 07:00:00,24.8,89,0.2,1.1,360,6.735557395310444e-17,-1.1
2014-06-12 08:00:00,25.5,85,0.2,4.4,351,0.6883116461770161,-4.3458286986186065
2014-06-12 09:00:00,26.2,83,0.0,5.8,353,0.7068421917498554,-5.756767679519667
2014-06-12 10:00:00,27.2,80,0.0,7.2,342,2.224922359499622,-6.8476069173251055
2014-06-12 11:00:00,28.2,76,0.1,6.4,344,1.7640790772287946,-6.1520748540052415
2014-06-12 12:00:00,28.4,76,0.9,6.0,343,1.7542302283364206,-5.737828535778212
2014-06-12 13:00:00,28.2,77,0.5,6.8,328,3.603450996785793,-5.766727053863696
2014-06-12 14:00:00,28.8,75,0.2,6.0,327,3.2678342100901627,-5.032023407672544
2014-06-12 15:00:00,28.6,78,0.5,5.1,309,3.963444403430551,-3.2095339943541705
2014-06-12 16:00:00,28.3,79,0.3,4.8,243,4.276831316104166,2.1791543987498243
2014-06-12 17:00:00,27.0,84,0.9,7.4,227,5.412017391981862,5.046787864462489
2014-06-12 18:00:00,26.0,85,0.8,6.6,209,3.199743493625825,5.772490067120011
2014-06-12 19:00:00,25.0,89,0.6,5.6,207,2.542346798541462,4.989636535454859
2014-06-12 20:00:00,24.7,89,2.4,5.4,200,1.8469087739586119,5.074340152243905
2014-06-12 21:00:00,24.3,91,0.8,5.3,208,2.4881992827652213,4.679622242152313
2014-06-12 22:00:00,24.1,94,1.5,3.5,246,3.197409101749103,1.4235782507653008
2014-06-12 23:00:00,23.8,96,2.8,3.2,270,3.2,0.0
2014-06-13 00:00:00,24.4,92,4.3,2.6,304,2.1554976886431083,-1.453901549023942
2014-06-13 01:00:00,23.9,95,4.8,2.1,301,1.800051331474436,-1.0815799573111138
2014-06-13 02:00:00,23.5,96,4.0,2.5,315,1.7677669529663689,-1.7677669529663687
2014-06-13 03:00:00,24.7,85,1.6,3.9,338,1.4609657143220567,-3.616017032810471
2014-06-13 04:00:00,23.6,92,1.5,4.7,351,0.7352419856890854,-4.6421352007971475
2014-06-13 05:00:00,23.6,91,1.9,4.8,333,2.1791543987498248,-4.276831316104166
2014-06-13 06:00:00,23.7,91,0.9,5.1,356,0.35575801609503865,-5.087576656325103
2014-06-13 07:00:00,24.6,91,0.7000000000000001,5.1,352,0.7097828148963339,-5.050367150582009
2014-06-13 08:00:00,25.1,89,0.3,7.0,339,2.5085756468171025,-6.535062985480412
2014-06-13 09:00:00,25.9,86,0.3,6.3,336,2.5624408513775414,-5.755336383148386
2014-06-13 10:00:00,26.7,82,2.1,5.9,346,1.4273391840380394,-5.7247447850283795
2014-06-13 11:00:00,26.8,84,6.1,7.0,325,4.015035054457323,-5.7340643100229425
2014-06-13 12:00:00,26.5,83,5.8,5.6,320,3.5996106142446203,-4.289848881466277
2014-06-13 13:00:00,26.4,84,4.0,4.3,294,3.9282454678631837,-1.7489675652259409
2014-06-13 14:00:00,26.1,87,3.6,4.7,274,4.688551036221174,-0.3278554265973889
2014-06-13 15:00:00,26.0,85,6.3,3.3,276,3.2819222547153015,-0.3449439287832564
2014-06-13 16:00:00,25.7,87,6.1,3.2,333,1.45276959916655,-2.851220877402777
2014-06-13 17:00:00,24.8,92,4.2,4.3,355,0.37476969381492997,-4.283637201794505
2014-06-13 18:00:00,24.2,94,2.1,6.2,7,-0.7555899291119125,-6.153786140176197
2014-06-13 19:00:00,23.8,95,0.8,6.8,18,-2.1013155617496433,-6.467184310807044
2014-06-13 20:00:00,23.5,95,0.3,8.1,21,-2.9027803913169357,-7.562001454627333
2014-06-13 21:00:00,23.3,94,0.2,7.9,30,-3.9500000000000037,-6.841600689897064
2014-06-13 22:00:00,23.2,93,0.1,8.2,29,-3.975438886019962,-7.171881598543046
2014-06-13 23:00:00,23.0,93,0.0,6.3,31,-3.2447398719333433,-5.400153994423306
2014-06-14 00:00:00,22.8,93,0.0,4.7,23,-1.836436303899587,-4.326372811226469
2014-06-14 01:00:00,23.2,88,0.0,5.3,28,-2.488199282765221,-4.679622242152313
2014-06-14 02:00:00,23.3,87,0.0,2.6,56,-2.1554976886431088,-1.4539015490239415
2014-06-14 03:00:00,24.2,85,0.5,2.2,81,-2.1729143493093033,-0.3441558230885076
2014-06-14 04:00:00,24.3,85,0.7000000000000001,2.6,56,-2.1554976886431088,-1.4539015490239415
2014-06-14 05:00:00,24.4,84,0.5,3.8,73,-3.6339580726595346,-1.1110124779463997
2014-06-14 06:00:00,24.4,84,0.4,5.0,69,-4.667902132486009,-1.7918397477265022
2014-06-14 07:00:00,24.1,88,0.2,2.3,72,-2.187429987478853,-0.7107390870623786
2014-06-14 08:00:00,25.2,86,0.0,1.6,297,1.4256104387013888,-0.7263847995832748
2014-06-14 09:00:00,26.7,79,0.0,4.4,279,4.3458286986186065,-0.6883116461770159
2014-06-14 10:00:00,27.3,78,0.2,6.4,308,5.043268823083021,-3.9402334420842133
2014-06-14 11:00:00,27.5,78,0.7000000000000001,8.0,342,2.4721359549995796,-7.608452130361228
2014-06-14 12:00:00,27.1,80,1.0,8.7,343,2.5436338310878095,-8.319851376878407
2014-06-14 13:00:00,27.1,82,1.6,7.9,330,3.950000000000001,-6.841600689897065
2014-06-14 14:00:00,26.7,85,2.2,6.7,324,3.93816119035957,-5.420413862312148
2014-06-14 15:00:00,26.7,85,1.0,4.8,318,3.2118269105225195,-3.5670951622914924
2014-06-14 16:00:00,26.6,86,0.7000000000000001,4.1,315,2.899137802864845,-2.8991378028648445
2014-06-14 17:00:00,26.1,90,0.9,4.6,321,2.894873798829252,-3.5748714227020657
2014-06-14 18:00:00,25.6,93,0.7000000000000001,4.7,9,-0.7352419856890859,-4.6421352007971475
2014-06-14 19:00:00,24.9,96,0.9,7.6,360,4.653657836759942e-16,-7.6
2014-06-14 20:00:00,24.3,97,0.7000000000000001,4.7,328,2.490620541896063,-3.9858260519352022
2014-06-14 21:00:00,23.9,98,1.0,2.6,304,2.1554976886431083,-1.453901549023942
2014-06-14 22:00:00,23.7,98,1.2,2.5,262,2.475670171853926,0.3479327524001636
2014-06-14 23:00:00,23.5,99,1.3,2.9,277,2.8783838397598336,-0.35342109587492765
2014-06-15 00:00:00,23.5,99,1.9,3.2,297,2.8512208774027776,-1.4527695991665497
2014-06-15 01:00:00,23.6,98,2.6,3.1,306,2.5079526825623373,-1.8221342821066668
2014-06-15 02:00:00,23.5,98,2.7,1.6,333,0.726384799583275,-1.4256104387013886
2014-06-15 03:00:00,24.2,94,0.6,1.8,323,1.0832670416736871,-1.437543918085127
2014-06-15 04:00:00,24.0,95,0.9,0.8,297,0.7128052193506944,-0.3631923997916374
2014-06-15 05:00:00,24.0,95,1.2,2.7,293,2.485363104321589,-1.0549740469210394
2014-06-15 06:00:00,23.5,96,1.7000000000000002,2.5,262,2.475670171853926,0.3479327524001636
2014-06-15 07:00:00,24.2,96,2.9,2.3,321,1.447436899414626,-1.7874357113510329
2014-06-15 08:00:00,24.3,96,3.5,2.3,18,-0.7107390870623793,-2.1874299874788528
2014-06-15 09:00:00,24.3,94,4.7,0.4,270,0.4,0.0
2014-06-15 10:00:00,24.5,95,4.6,3.5,246,3.197409101749103,1.4235782507653008
2014-06-15 11:00:00,24.5,96,2.9,7.7,217,4.633975678270772,6.149493427364155
2014-06-15 12:00:00,25.3,94,1.1,11.2,195,2.8987733051482323,10.818369254437565
2014-06-15 13:00:00,25.5,90,0.5,12.6,183,0.659433048661094,12.58273213790763
2014-06-15 14:00:00,26.3,87,0.2,9.4,182,0.3280552690035102,9.394273773979501
2014-06-15 15:00:00,26.6,85,0.0,7.9,196,2.1775351109542935,7.59396739791272
2014-06-15 16:00:00,26.5,84,0.2,9.2,206,4.033014550459512,8.268905225952336
2014-06-15 17:00:00,26.0,85,0.9,7.6,205,3.211898789229316,6.887939181478539
2014-06-15 18:00:00,25.6,87,0.5,6.2,190,1.0766187015349686,6.10580806867569
2014-06-15 19:00:00,24.9,92,0.0,7.0,201,2.5085756468171025,6.535062985480412
2014-06-15 20:00:00,24.7,91,0.0,9.0,196,2.4807362023529924,8.65135526344487
2014-06-15 21:00:00,24.8,91,0.0,8.3,185,0.7233926648055626,8.268415994161488
2014-06-15 22:00:00,24.7,92,0.0,8.8,168,-1.8296228791962823,8.607698886457491
2014-06-15 23:00:00,24.6,92,0.0,9.0,164,-2.4807362023529915,8.65135526344487
2014-06-16 00:00:00,24.5,91,0.0,8.5,168,-1.7672493719509543,8.314254606237348
2014-06-16 01:00:00,24.2,92,0.0,9.4,173,-1.1455718280083853,9.329933825428428
2014-06-16 02:00:00,24.0,92,0.0,9.8,172,-1.3638963894086407,9.70462707366739
2014-06-16 03:00:00,23.8,89,0.0,10.1,163,-2.95295421769964,9.658678035226659
2014-06-16 04:00:00,22.7,91,0.0,9.6,160,-3.2833933759264196,9.02104915954472
2014-06-16 05:00:00,21.5,94,0.0,10.2,157,-3.9854575105905923,9.38914950521489
2014-06-16 06:00:00,22.0,95,0.0,9.4,162,-2.9047597471245052,8.939931253174445
2014-06-16 07:00:00,24.2,90,0.0,10.6,170,-1.8406706832694613,10.438962181929405
2014-06-16 08:00:00,26.0,84,0.0,11.2,195,2.8987733051482323,10.818369254437565
2014-06-16 09:00:00,27.4,78,0.0,13.9,197,4.063966695646041,13.292636107886192
2014-06-16 10:00:00,28.2,76,0.0,18.6,195,4.814034238906886,17.96622036897667
2014-06-16 11:00:00,28.3,75,0.0,19.0,195,4.917561856947894,18.352590699492296
2014-06-16 12:00:00,28.2,76,0.0,19.6,194,4.741669153753487,19.01779623500953
2014-06-16 13:00:00,28.0,75,0.2,20.4,189,3.191263086820711,20.148842148140808
2014-06-16 14:00:00,28.0,73,0.0,20.2,185,1.7605460035026943,20.12313290145326
2014-06-16 15:00:00,28.5,72,0.6,19.6,186,2.048757880046008,19.492629149218157
2014-06-16 16:00:00,28.2,73,0.0,16.4,189,2.565525226659787,16.19808878576026
2014-06-16 17:00:00,27.2,77,0.0,14.3,192,2.9731371786939604,13.987510690493421
2014-06-16 18:00:00,26.6,77,0.0,11.5,200,3.9332316482451914,10.806465139037945
2014-06-16 19:00:00,25.6,79,0.1,10.5,184,0.732442974313315,10.474422527728153
2014-06-16 20:00:00,24.7,82,0.1,10.8,184,0.7533699164365526,10.773691742806102
2014-06-16 21:00:00,24.3,83,0.0,10.4,178,-0.36295476570600993,10.393664600998596
2014-06-16 22:00:00,24.1,83,0.0,11.9,177,-0.6227978792910317,11.88369146357943
2014-06-16 23:00:00,24.0,82,0.0,12.3,177,-0.6437322617882093,12.283143277481258
2014-06-17 00:00:00,24.0,80,0.0,13.7,178,-0.47812310482426307,13.691654330161612
2014-06-17 01:00:00,23.9,80,0.0,14.0,179,-0.24433369012196868,13.997867732189478
2014-06-17 02:00:00,24.0,79,0.1,13.7,175,-1.1940336756429177,13.647867363856914
2014-06-17 03:00:00,24.1,79,0.1,12.6,180,7.715274834628325e-16,12.6
2014-06-17 04:00:00,23.9,81,0.0,11.5,184,0.8021994480574401,11.471986577987979
2014-06-17 05:00:00,23.7,82,0.4,10.4,178,-0.36295476570600993,10.393664600998596
2014-06-17 06:00:00,23.8,83,0.6,8.3,178,-0.28966582263075796,8.294943864258496
2014-06-17 07:00:00,24.3,82,0.3,9.7,176,-0.6766377953180156,9.676371287520293
2014-06-17 08:00:00,25.7,80,0.2,10.4,180,6.368163355566237e-16,10.4
2014-06-17 09:00:00,27.2,74,0.0,12.6,180,7.715274834628325e-16,12.6
2014-06-17 10:00:00,28.1,70,0.0,13.0,178,-0.4536934571325124,12.992080751248245
2014-06-17 11:00:00,28.6,69,0.0,13.3,182,0.4641633061432644,13.291897999353974
2014-06-17 12:00:00,29.1,67,0.0,12.3,185,1.0720156357961952,12.253194786528471
2014-06-17 13:00:00,29.2,67,2.0,12.0,187,1.4624321208617699,11.910553819695863
2014-06-17 14:00:00,28.9,70,0.3,13.6,197,3.97625518422922,13.005744681097282
2014-06-17 15:00:00,29.1,68,0.0,11.9,185,1.0371533386971319,11.854716907291772
2014-06-17 16:00:00,28.9,69,0.0,9.8,186,1.024378940023004,9.746314574609078
2014-06-17 17:00:00,28.5,71,0.0,9.0,203,3.5165801564034633,8.284543681071963
2014-06-17 18:00:00,27.7,75,0.0,5.8,202,2.1727182418122895,5.377666356487367
2014-06-17 19:00:00,26.4,80,0.0,9.4,184,0.6557108531947772,9.377102072442348
2014-06-17 20:00:00,25.2,84,0.0,9.2,169,-1.755442757464212,9.030970087718508
2014-06-17 21:00:00,24.4,85,0.0,9.7,158,-3.633683956134347,8.993683389297837
2014-06-17 22:00:00,23.5,87,0.0,9.8,163,-2.8652427062828196,9.371786608437748
2014-06-17 23:00:00,22.9,86,0.0,8.4,155,-3.5499933986218744,7.612985411107861
2014-06-18 00:00:00,22.6,86,0.0,7.4,151,-3.587591189822894,6.47218583283153
2014-06-18 01:00:00,21.9,87,0.0,7.1,150,-3.549999999999998,6.148780366869515
2014-06-18 02:00:00,21.4,87,0.0,6.3,156,-2.5624408513775414,5.755336383148386
2014-06-18 03:00:00,21.0,88,0.0,5.5,157,-2.149021206691006,5.062776693988422
2014-06-18 04:00:00,20.9,88,0.0,5.3,152,-2.4881992827652217,4.679622242152313
2014-06-18 05:00:00,20.5,88,0.0,5.0,150,-2.499999999999999,4.330127018922194
2014-06-18 06:00:00,20.7,89,0.0,4.3,156,-1.748967565225941,3.9282454678631837
2014-06-18 07:00:00,24.7,84,0.0,6.0,163,-1.75423022833642,5.737828535778213
2014-06-18 08:00:00,27.5,67,0.0,8.9,207,4.040515447681967,7.929958065276474
2014-06-18 09:00:00,28.2,66,0.0,10.2,212,5.40517649517869,8.650090580795544
2014-06-18 10:00:00,28.7,69,0.0,10.7,213,5.82763767466079,8.973775077016036
2014-06-18 11:00:00,28.9,71,0.0,12.8,218,7.880466884168427,10.086537646166043
2014-06-18 12:00:00,29.0,72,0.3,14.3,223,9.752576548893728,10.458357933154138
2014-06-18 13:00:00,28.3,77,0.7000000000000001,12.4,216,7.288537128426667,10.031810730249349
2014-06-18 14:00:00,28.5,77,0.3,13.0,208,6.103130316216581,11.47831870716605
2014-06-18 15:00:00,28.5,76,1.5,13.0,208,6.103130316216581,11.47831870716605
2014-06-18 16:00:00,27.5,77,0.8,11.0,203,4.298042413382011,10.125553387976844
2014-06-18 17:00:00,27.2,80,0.0,9.2,219,5.789747597658504,7.149742845404131
2014-06-18 18:00:00,26.8,83,0.7000000000000001,4.1,218,2.524212048835199,3.23084408978756
2014-06-18 19:00:00,25.8,87,0.0,5.8,202,2.1727182418122895,5.377666356487367
2014-06-18 20:00:00,24.8,90,0.0,6.2,173,-0.7555899291119137,6.153786140176197
2014-06-18 21:00:00,23.7,92,0.0,5.8,158,-2.17271824181229,5.377666356487367
2014-06-18 22:00:00,23.5,90,0.0,5.4,160,-1.8469087739586112,5.074340152243906
2014-06-18 23:00:00,23.5,87,0.0,5.2,155,-2.1976149610516367,4.71280049259058
2014-06-19 00:00:00,24.1,82,0.0,5.0,159,-1.7918397477265013,4.667902132486009
2014-06-19 01:00:00,24.1,80,0.0,5.5,157,-2.149021206691006,5.062776693988422
2014-06-19 02:00:00,23.5,80,0.0,6.4,153,-2.905539198333099,5.702441754805555
2014-06-19 03:00:00,21.9,83,0.0,6.1,152,-2.8637765329939344,5.385980316439453
2014-06-19 04:00:00,21.7,82,0.0,5.8,150,-2.8999999999999986,5.022947341949744
2014-06-19 05:00:00,21.0,84,0.0,6.6,151,-3.199743493625824,5.772490067120012
2014-06-19 06:00:00,21.2,85,0.0,4.7,148,-2.4906205418960625,3.9858260519352027
2014-06-19 07:00:00,24.9,82,0.0,5.2,155,-2.1976149610516367,4.71280049259058
2014-06-19 08:00:00,27.4,67,0.0,7.7,208,3.61493103345136,6.798696465013737
2014-06-19 09:00:00,27.9,69,0.0,10.3,216,6.054188098612474,8.332875042061959
2014-06-19 10:00:00,28.5,69,0.0,11.3,217,6.800509761618147,9.02458126353441
2014-06-19 11:00:00,29.0,70,0.0,11.5,219,7.237184497073131,8.937178556755166
2014-06-19 12:00:00,29.2,71,0.0,12.0,221,7.872708347886087,9.056514962673264
2014-06-19 13:00:00,29.3,71,0.0,11.7,225,8.273149339882606,8.273149339882604
2014-06-19 14:00:00,29.1,71,0.0,12.3,218,7.572636146505597,9.692532269362681
2014-06-19 15:00:00,29.0,73,0.2,12.2,223,8.320379992762481,8.922515159753878
2014-06-19 16:00:00,28.9,71,0.2,11.0,218,6.772276228582241,8.668118289673941
2014-06-19 17:00:00,27.4,78,0.1,8.7,222,5.821436275322066,6.46535998165333
2014-06-19 18:00:00,27.2,79,0.0,6.1,225,4.31335136523794,4.313351365237939
2014-06-19 19:00:00,26.1,86,0.1,7.9,210,3.950000000000001,6.841600689897065
2014-06-19 20:00:00,25.3,88,0.0,8.0,185,0.6972459419812651,7.969557584733964
2014-06-19 21:00:00,25.6,86,0.0,7.9,180,4.837354856632045e-16,7.9
2014-06-19 22:00:00,25.2,87,0.0,8.8,171,-1.3766232923540314,8.691657397237213
2014-06-19 23:00:00,23.4,93,0.0,9.5,169,-1.8126854560771757,9.325458242752807
2014-06-20 00:00:00,22.4,96,0.0,9.3,164,-2.5634274090980913,8.939733772226367
2014-06-20 01:00:00,22.1,95,0.0,8.6,158,-3.2216167033768435,7.973781149274371
2014-06-20 02:00:00,21.8,93,0.0,8.2,157,-3.2039952536120446,7.548139798310009
2014-06-20 03:00:00,21.8,93,0.0,7.9,156,-3.213219480298822,7.217009115376547
2014-06-20 04:00:00,22.6,87,0.0,7.1,156,-2.8878301658381815,6.486172749262466
2014-06-20 05:00:00,22.6,85,0.0,5.8,158,-2.17271824181229,5.377666356487367
2014-06-20 06:00:00,22.5,86,0.0,6.6,151,-3.199743493625824,5.772490067120012
2014-06-20 07:00:00,25.4,86,0.0,7.9,177,-0.41345405431925636,7.889173324561134
2014-06-20 08:00:00,27.5,75,0.0,10.2,203,3.985457510590592,9.389149505214892
2014-06-20 09:00:00,28.1,76,0.0,11.2,222,7.494262791219212,8.323222045346816
2014-06-20 10:00:00,28.5,77,0.0,14.1,220,9.063305296580205,10.80122664797759
2014-06-20 11:00:00,27.9,81,2.2,13.1,212,6.941942361454984,11.10943005964918
2014-06-20 12:00:00,27.5,82,2.8,14.2,207,6.446665096301564,12.652292643474821
2014-06-20 13:00:00,26.9,83,0.2,13.8,208,6.478707566445294,12.184676781453192
2014-06-20 14:00:00,27.1,80,0.0,15.0,207,6.809857496093202,13.365097862825516
2014-06-20 15:00:00,26.7,84,0.6,13.0,204,5.287576359985403,11.876090949353811
2014-06-20 16:00:00,26.7,82,0.2,12.3,195,3.183474254761005,11.88088766335554
2014-06-20 17:00:00,26.7,81,1.1,8.0,188,1.1133848076805237,7.922144549932563
2014-06-20 18:00:00,26.2,84,0.0,3.5,204,1.4235782507653008,3.197409101749103
2014-06-20 19:00:00,25.5,89,0.0,6.5,177,-0.34018371557913496,6.49109197590473
2014-06-20 20:00:00,24.2,93,0.0,8.0,153,-3.6319239979163735,7.128052193506943
2014-06-20 21:00:00,23.5,94,0.0,8.1,159,-2.902780391316932,7.5620014546273335
2014-06-20 22:00:00,23.2,94,0.0,9.3,164,-2.5634274090980913,8.939733772226367
2014-06-20 23:00:00,22.7,94,0.0,9.3,164,-2.5634274090980913,8.939733772226367
2014-06-21 00:00:00,22.2,96,0.0,8.7,163,-2.5436338310878086,8.31985137687841
2014-06-21 01:00:00,21.8,95,0.0,7.0,159,-2.5085756468171017,6.535062985480412
2014-06-21 02:00:00,21.4,95,0.0,5.9,169,-1.1257730727216144,5.791600382341218
2014-06-21 03:00:00,21.8,91,0.0,5.6,165,-1.4493866525741166,5.4091846272187825
2014-06-21 04:00:00,21.2,93,0.0,6.3,167,-1.4171916423663498,6.1385314081469815
2014-06-21 05:00:00,20.8,93,0.0,7.4,166,-1.7902220274375418,7.180188374442374
2014-06-21 06:00:00,21.3,92,0.0,6.0,163,-1.75423022833642,5.737828535778213
2014-06-21 07:00:00,24.6,88,0.0,7.3,171,-1.1419715947936848,7.210124886344506
2014-06-21 08:00:00,27.0,76,0.0,11.8,207,5.357087896926653,10.51387698542274
2014-06-21 09:00:00,27.2,80,0.2,14.8,206,6.487892972478346,13.302151885227673
2014-06-21 10:00:00,27.7,80,0.2,16.2,201,5.805560782633866,15.124002909254667
2014-06-21 11:00:00,28.4,79,0.1,17.6,195,4.555215193804365,17.000294542687605
2014-06-21 12:00:00,28.5,77,0.0,17.5,199,5.6974427030002435,16.54657507298804
2014-06-21 13:00:00,28.9,75,0.0,19.1,200,6.532584737520275,17.94812905701085
2014-06-21 14:00:00,28.9,75,0.1,21.5,203,8.400719262519385,19.79085434922747
2014-06-21 15:00:00,28.9,74,0.1,18.9,201,6.773154246406176,17.64467006079711
2014-06-21 16:00:00,28.3,77,0.0,16.0,194,3.870750329594683,15.524731620415944
2014-06-21 17:00:00,27.5,81,0.0,13.4,194,3.241753401035547,13.001962732098352
2014-06-21 18:00:00,27.0,82,0.0,11.4,198,3.522793735874401,10.84204428576475
2014-06-21 19:00:00,26.3,84,0.0,10.8,182,0.3769145643870117,10.793420931806235
2014-06-21 20:00:00,25.4,88,0.0,10.4,182,0.36295476570601126,10.393664600998596
2014-06-21 21:00:00,24.4,91,0.0,11.5,184,0.8021994480574401,11.471986577987979
2014-06-21 22:00:00,24.2,90,0.0,12.2,180,7.470345474798854e-16,12.2
2014-06-21 23:00:00,23.9,91,0.0,11.9,178,-0.41530401075976137,11.89275084152724
2014-06-22 00:00:00,23.0,93,0.0,11.5,180,7.041719095097281e-16,11.5
2014-06-22 01:00:00,22.9,93,0.0,11.5,176,-0.8021994480574413,11.471986577987979
2014-06-22 02:00:00,22.4,94,0.0,11.9,177,-0.6227978792910317,11.88369146357943
2014-06-22 03:00:00,22.6,90,0.0,12.3,175,-1.0720156357961963,12.253194786528471
2014-06-22 04:00:00,22.3,91,0.0,12.0,173,-1.4624321208617683,11.910553819695865
2014-06-22 05:00:00,21.9,91,0.0,11.4,169,-2.175222547292611,11.19054989130337
2014-06-22 06:00:00,22.8,88,0.0,10.4,166,-2.515987714236545,10.091075553270363
2014-06-22 07:00:00,25.7,82,0.0,12.6,185,1.0981623586204925,12.552053195955994
2014-06-22 08:00:00,27.2,77,0.0,13.9,197,4.063966695646041,13.292636107886192
2014-06-22 09:00:00,27.8,76,0.3,16.3,198,5.036977008311644,15.502221215611003
2014-06-22 10:00:00,28.4,75,0.0,18.5,201,6.629807066588057,17.271237890198233
2014-06-22 11:00:00,28.9,73,0.0,20.1,201,7.203195785860538,18.764966572593757
2014-06-22 12:00:00,29.5,70,0.5,18.7,203,7.306672102749419,17.213440759560633
2014-06-22 13:00:00,29.6,69,0.8,19.5,203,7.619257005540837,17.94984464232259
2014-06-22 14:00:00,28.7,73,0.2,19.3,204,7.850017211362944,17.6314273325022
2014-06-22 15:00:00,28.5,74,0.2,18.1,203,7.072233425655855,16.661137847489172
2014-06-22 16:00:00,28.3,75,0.2,15.6,199,5.0788632095316455,14.750089779349342
2014-06-22 17:00:00,27.8,78,0.2,12.2,204,4.962187045524762,11.14525458323973
2014-06-22 18:00:00,27.0,82,0.0,9.5,205,4.014873486536644,8.609923976848174
2014-06-22 19:00:00,26.1,86,0.0,8.9,194,2.1531048708370424,8.635631963856369
2014-06-22 20:00:00,25.1,92,0.0,9.7,182,0.33852511801426044,9.694091022085228
2014-06-22 21:00:00,24.2,93,0.0,9.7,178,-0.3385251180142592,9.694091022085228
2014-06-22 22:00:00,23.6,94,0.0,9.7,176,-0.6766377953180156,9.676371287520293
2014-06-22 23:00:00,23.9,91,0.0,9.2,169,-1.755442757464212,9.030970087718508
2014-06-23 00:00:00,24.5,88,0.0,10.4,180,6.368163355566237e-16,10.4
2014-06-23 01:00:00,23.1,92,0.0,11.2,184,0.7812725059342026,11.17271736291003
2014-06-23 02:00:00,23.7,89,0.0,10.5,176,-0.732442974313316,10.474422527728153
2014-06-23 03:00:00,25.1,79,0.0,10.1,178,-0.3524849166952596,10.093847352892867
2014-06-23 04:00:00,24.7,81,0.0,10.8,182,0.3769145643870117,10.793420931806235
2014-06-23 05:00:00,24.6,80,0.0,11.5,178,-0.401344212078761,11.492994510719601
2014-06-23 06:00:00,24.8,79,0.0,9.1,173,-1.109011024986841,9.03216997993603
2014-06-23 07:00:00,25.6,82,0.0,8.4,187,1.023702484603239,8.337387673787106
2014-06-23 08:00:00,26.9,76,0.0,12.1,190,2.101142949769858,11.916173811447717
2014-06-23 09:00:00,27.7,76,0.0,13.7,198,4.2335328229367795,13.029474273243602
2014-06-23 10:00:00,28.3,75,0.0,15.3,199,4.981192763194499,14.466434206669547
2014-06-23 11:00:00,29.1,70,0.0,17.5,199,5.6974427030002435,16.54657507298804
2014-06-23 12:00:00,29.1,70,2.1,17.7,200,6.053756536864338,16.632559387910575
2014-06-23 13:00:00,27.9,77,0.5,17.8,201,6.378949501906347,16.61773159165019
2014-06-23 14:00:00,27.9,75,2.5,15.8,204,6.426438960597643,14.434018230753095
2014-06-23 15:00:00,28.7,74,0.0,14.2,201,5.088824883543265,13.256842056260265
2014-06-23 16:00:00,28.6,75,0.0,10.9,207,4.948496447161061,9.71197111365321
2014-06-23 17:00:00,28.2,77,0.1,9.2,206,4.033014550459512,8.268905225952336
2014-06-23 18:00:00,27.2,81,0.0,7.2,198,2.224922359499622,6.8476069173251055
2014-06-23 19:00:00,26.3,84,0.0,9.5,189,1.4861274178821937,9.38303923565381
2014-06-23 20:00:00,25.1,90,0.0,10.2,190,1.77121141220269,10.045039080724521
2014-06-23 21:00:00,24.1,92,0.0,10.7,192,2.224655091750026,10.46617932785172
2014-06-23 22:00:00,23.5,94,0.3,9.7,178,-0.3385251180142592,9.694091022085228
2014-06-23 23:00:00,23.4,94,0.6,9.5,171,-1.4861274178821928,9.38303923565381
2014-06-24 00:00:00,23.5,92,0.1,9.3,164,-2.5634274090980913,8.939733772226367
2014-06-24 01:00:00,23.4,91,0.0,9.1,171,-1.4235536318661004,8.987963899415753
2014-06-24 02:00:00,23.2,91,0.2,9.8,172,-1.3638963894086407,9.70462707366739
2014-06-24 03:00:00,23.4,87,0.0,10.1,176,-0.7045403848156658,10.075396907624224
2014-06-24 04:00:00,23.1,87,0.0,10.8,180,6.613092715395707e-16,10.8
2014-06-24 05:00:00,23.0,88,0.0,10.4,178,-0.36295476570600993,10.393664600998596
2014-06-24 06:00:00,23.2,87,0.0,8.0,188,1.1133848076805237,7.922144549932563
2014-06-24 07:00:00,24.5,85,0.0,6.9,186,0.7212463965468089,6.862201078041086
2014-06-24 08:00:00,26.2,77,0.0,7.6,180,4.653657836759942e-16,7.6
2014-06-24 09:00:00,26.9,76,0.0,8.8,192,1.8296228791962834,8.60769888645749
2014-06-24 10:00:00,28.0,74,0.0,10.5,196,2.8941922360784913,10.093247807352348
2014-06-24 11:00:00,28.8,72,0.0,10.6,204,4.311408416603482,9.683581851011569
2014-06-24 12:00:00,29.1,71,0.0,11.2,213,6.099957192168303,9.393110360988748
2014-06-24 13:00:00,29.1,71,0.0,10.7,220,6.877827423645971,8.196675541373065
2014-06-24 14:00:00,29.1,70,0.0,12.4,216,7.288537128426667,10.031810730249349
2014-06-24 15:00:00,28.3,75,1.1,13.3,218,8.188297621831255,10.480543022969403
2014-06-24 16:00:00,27.3,77,0.2,10.4,214,5.815606196095767,8.621990754572435
2014-06-24 17:00:00,26.7,81,0.0,8.4,223,5.728786224524987,6.143371093601032
2014-06-24 18:00:00,26.3,82,0.7000000000000001,3.8,229,2.8678964048465336,2.4930243101639276
2014-06-24 19:00:00,25.7,88,0.0,4.9,197,1.4326213531414103,4.685893304218874
2014-06-24 20:00:00,25.5,85,0.0,4.9,163,-1.4326213531414098,4.685893304218874
2014-06-24 21:00:00,24.8,87,0.0,5.4,172,-0.7515347451843529,5.34744757120448
2014-06-24 22:00:00,23.7,91,0.0,7.6,183,0.3977532674463741,7.589584464134761
2014-06-24 23:00:00,22.7,94,0.0,9.0,182,0.31409547032250973,8.994517443171862
2014-06-25 00:00:00,22.3,94,0.0,9.7,180,5.939536975864663e-16,9.7
2014-06-25 01:00:00,22.3,94,0.1,9.4,176,-0.6557108531947782,9.377102072442348
2014-06-25 02:00:00,21.8,95,0.1,9.1,162,-2.812054648812021,8.654614298285898
2014-06-25 03:00:00,22.9,90,0.0,8.5,152,-3.990508283680073,7.505054539300878
2014-06-25 04:00:00,22.2,92,0.0,7.2,153,-3.2687315981247362,6.415246974156249
2014-06-25 05:00:00,21.8,92,0.0,7.4,151,-3.587591189822894,6.47218583283153
2014-06-25 06:00:00,21.7,93,0.0,7.6,161,-2.4743179738743906,7.185941174554808
2014-06-25 07:00:00,24.8,87,0.0,8.6,178,-0.30013567164150823,8.594761112364223
2014-06-25 08:00:00,26.7,77,0.0,10.5,196,2.8941922360784913,10.093247807352348
2014-06-25 09:00:00,27.3,77,0.0,11.8,200,4.035837691242892,11.088372925273719
2014-06-25 10:00:00,28.1,76,0.0,12.4,197,3.625409138561936,11.858178973941639
2014-06-25 11:00:00,28.7,74,0.0,13.3,199,4.330056454280185,12.575397055470914
2014-06-25 12:00:00,29.3,72,1.2,13.7,203,5.353016460303049,12.610916492298433
2014-06-25 13:00:00,28.1,76,2.1,14.5,207,6.582862246223429,12.919594600731333
2014-06-25 14:00:00,27.4,80,0.2,15.0,210,7.500000000000002,12.990381056766578
2014-06-25 15:00:00,28.0,78,2.3,12.8,218,7.880466884168427,10.086537646166043
2014-06-25 16:00:00,27.3,81,0.2,10.9,207,4.948496447161061,9.71197111365321
2014-06-25 17:00:00,26.9,83,0.0,10.2,203,3.985457510590592,9.389149505214892
2014-06-25 18:00:00,26.4,85,0.5,7.4,209,3.587591189822895,6.472185832831529
2014-06-25 19:00:00,25.8,87,0.0,6.9,174,-0.7212463965468096,6.862201078041086
2014-06-25 20:00:00,24.8,91,0.0,6.2,159,-2.2218812871808615,5.788198644282651
2014-06-25 21:00:00,24.3,89,0.0,6.8,162,-2.101315561749642,6.467184310807045
2014-06-25 22:00:00,24.1,87,0.0,8.7,163,-2.5436338310878086,8.31985137687841
2014-06-25 23:00:00,24.5,83,0.0,8.6,158,-3.2216167033768435,7.973781149274371
2014-06-26 00:00:00,25.0,79,0.0,8.7,163,-2.5436338310878086,8.31985137687841
2014-06-26 01:00:00,24.1,81,0.0,9.7,165,-2.510544737494452,9.369480515003962
2014-06-26 02:00:00,24.3,78,0.0,9.4,162,-2.9047597471245052,8.939931253174445
2014-06-26 03:00:00,24.6,75,0.0,8.7,156,-3.538608794759462,7.947845481490627
2014-06-26 04:00:00,25.3,72,0.0,7.7,152,-3.6149310334513602,6.798696465013737
2014-06-26 05:00:00,25.1,72,0.0,7.2,153,-3.2687315981247362,6.415246974156249
2014-06-26 06:00:00,25.1,71,0.0,4.8,138,-3.2118269105225195,3.5670951622914924
2014-06-26 07:00:00,25.1,83,0.2,4.8,167,-1.079765060850552,4.676976310969129
2014-06-26 08:00:00,27.2,71,0.0,7.1,195,1.8376152202278973,6.858073366652385
2014-06-26 09:00:00,28.0,71,0.0,9.5,205,4.014873486536644,8.609923976848174
2014-06-26 10:00:00,28.7,70,0.2,11.4,208,5.351975815759156,10.065602558591767
2014-06-26 11:00:00,29.3,68,0.2,12.3,212,6.518006950068421,10.43099158272404
2014-06-26 12:00:00,29.2,71,0.2,11.9,209,5.769234480931412,10.40797451495881
2014-06-26 13:00:00,29.2,74,0.2,11.0,212,5.829111906565254,9.328529057720685
2014-06-26 14:00:00,28.8,77,0.0,10.3,216,6.054188098612474,8.332875042061959
2014-06-26 15:00:00,29.2,72,0.0,9.4,223,6.410784584587486,6.874724795220202
2014-06-26 16:00:00,28.6,73,0.2,8.2,218,5.048424097670398,6.46168817957512
2014-06-26 17:00:00,28.1,77,0.0,7.1,210,3.5500000000000007,6.148780366869514
2014-06-26 18:00:00,27.7,79,0.0,4.0,243,3.5640260967534716,1.815961998958187
2014-06-26 19:00:00,26.8,85,0.0,4.8,207,2.1791543987498248,4.276831316104166
2014-06-26 20:00:00,25.6,89,0.0,5.5,191,1.049449474570997,5.3989495089621515
2014-06-26 21:00:00,24.6,92,0.0,5.8,176,-0.4045875477159269,5.78587149150698
2014-06-26 22:00:00,23.9,94,0.0,6.8,162,-2.101315561749642,6.467184310807045
2014-06-26 23:00:00,23.6,95,0.0,5.4,160,-1.8469087739586112,5.074340152243906
2014-06-27 00:00:00,23.7,93,0.0,5.0,150,-2.499999999999999,4.330127018922194
2014-06-27 01:00:00,23.4,92,0.0,5.0,150,-2.499999999999999,4.330127018922194
2014-06-27 02:00:00,21.9,96,0.0,4.3,138,-2.8772616073430903,3.195522749552795
2014-06-27 03:00:00,21.1,95,0.0,3.6,135,-2.545584412271571,2.5455844122715714
2014-06-27 04:00:00,20.6,96,0.0,4.4,145,-2.5237363199446032,3.6042689948715636
2014-06-27 05:00:00,20.5,94,0.0,5.2,146,-2.907803098047883,4.3109953772862175
2014-06-27 06:00:00,20.9,93,0.0,5.1,135,-3.606244584051392,3.6062445840513924
2014-06-27 07:00:00,24.0,89,0.0,5.5,148,-2.914555953282626,4.664264528860343
2014-06-27 08:00:00,26.7,77,0.0,8.9,212,4.716281451675524,7.547628055792192
2014-06-27 09:00:00,27.7,76,0.0,10.2,219,6.419067988708342,7.926888806861102
2014-06-27 10:00:00,28.7,73,0.0,10.7,222,7.159697488039782,7.951649632608118
2014-06-27 11:00:00,29.1,73,0.0,12.0,226,8.632077604063815,8.335900445507967
2014-06-27 12:00:00,29.0,73,0.1,12.4,234,10.031810730249349,7.288537128426667
2014-06-27 13:00:00,28.9,73,0.4,12.1,240,10.478907385791707,6.049999999999999
2014-06-27 14:00:00,28.5,76,0.5,9.8,242,8.652886410017485,4.60082131530173
2014-06-27 15:00:00,28.5,74,0.3,9.0,247,8.284543681071963,3.5165801564034638
2014-06-27 16:00:00,28.6,73,0.1,7.1,255,6.858073366652385,1.8376152202278973
2014-06-27 17:00:00,28.5,73,0.0,4.3,265,4.283637201794505,0.3747696938149301
2014-06-27 18:00:00,27.9,77,0.0,2.9,300,2.511473670974872,-1.4499999999999997
2014-06-27 19:00:00,27.3,81,0.0,3.5,294,3.197409101749103,-1.4235782507653008
2014-06-27 20:00:00,26.0,85,0.0,3.8,229,2.8678964048465336,2.4930243101639276
2014-06-27 21:00:00,26.8,80,0.0,2.6,214,1.4539015490239418,2.1554976886431088
2014-06-27 22:00:00,26.7,81,0.0,2.2,171,-0.34415582308850784,2.1729143493093033
2014-06-27 23:00:00,25.9,84,0.0,2.3,162,-0.7107390870623789,2.187429987478853
2014-06-28 00:00:00,25.0,87,0.0,4.4,189,0.6883116461770161,4.3458286986186065
2014-06-28 01:00:00,23.3,93,0.0,5.8,184,0.40458754771592637,5.78587149150698
2014-06-28 02:00:00,23.1,94,0.0,4.8,132,-3.567095162291491,3.21182691052252
2014-06-28 03:00:00,23.9,89,0.0,3.9,124,-3.2332465329646625,2.180852323535913
2014-06-28 04:00:00,24.7,86,0.0,3.4,148,-1.8017254983928963,2.8833635269318485
2014-06-28 05:00:00,23.0,93,0.0,5.0,159,-1.7918397477265013,4.667902132486009
2014-06-28 06:00:00,23.4,93,0.0,2.0,135,-1.414213562373095,1.4142135623730951
2014-06-28 07:00:00,25.7,90,0.0,1.4,90,-1.4,1.7145055188062944e-16
2014-06-28 08:00:00,27.1,86,0.0,4.1,285,3.96029588778518,-1.061158084920335
2014-06-28 09:00:00,27.8,84,0.2,4.8,283,4.676976310969129,-1.079765060850552
2014-06-28 10:00:00,27.9,84,0.9,6.3,294,5.755336383148386,-2.5624408513775414
2014-06-28 11:00:00,28.5,83,0.2,7.6,295,6.887939181478539,-3.211898789229316
2014-06-28 12:00:00,27.9,85,2.1,7.4,299,6.472185832831529,-3.5875911898228945
2014-06-28 13:00:00,28.5,83,0.3,5.7,325,3.269385687200963,-4.669166652447253
2014-06-28 14:00:00,28.5,82,1.0,6.6,315,4.666904755831213,-4.666904755831213
2014-06-28 15:00:00,28.0,85,1.7000000000000002,2.7,293,2.485363104321589,-1.0549740469210394
2014-06-28 16:00:00,28.2,80,0.1,4.5,104,-4.366330768241984,1.0886485301985047
2014-06-28 17:00:00,28.4,77,0.0,4.7,351,0.7352419856890854,-4.6421352007971475
2014-06-28 18:00:00,27.9,81,0.0,5.6,297,4.98963653545486,-2.5423467985414616
2014-06-28 19:00:00,26.9,86,0.0,5.9,284,5.7247447850283795,-1.4273391840380396
2014-06-28 20:00:00,26.1,88,0.0,3.7,281,3.632020578756357,-0.7059932828932158
2014-06-28 21:00:00,25.2,91,0.0,3.6,233,2.875087836170254,2.166534083347374
2014-06-28 22:00:00,24.9,92,0.0,3.2,207,1.45276959916655,2.851220877402777
2014-06-28 23:00:00,24.5,94,0.0,4.9,197,1.4326213531414103,4.685893304218874
2014-06-29 00:00:00,24.1,95,0.0,5.5,169,-1.0494494745709964,5.3989495089621515
2014-06-29 01:00:00,23.8,96,0.0,5.4,172,-0.7515347451843529,5.34744757120448
2014-06-29 02:00:00,24.8,93,0.0,6.0,155,-2.535709570444196,5.4378467222199
2014-06-29 03:00:00,24.0,91,0.2,5.4,138,-3.6133052743378347,4.012982057577929
2014-06-29 04:00:00,23.9,90,0.0,6.0,147,-3.2678342100901627,5.032023407672543
2014-06-29 05:00:00,23.1,93,0.0,6.6,158,-2.4724035165450196,6.1194134401407965
2014-06-29 06:00:00,23.0,93,0.0,2.7,157,-1.0549740469210394,2.4853631043215887
2014-06-29 07:00:00,25.6,88,0.0,4.1,135,-2.8991378028648445,2.899137802864845
2014-06-29 08:00:00,27.2,79,0.0,2.6,196,0.7166571251241979,2.499280409439629
2014-06-29 09:00:00,28.0,79,0.0,4.7,247,4.32637281122647,1.8364363038995868
2014-06-29 10:00:00,28.7,76,0.0,7.7,242,6.798696465013738,3.6149310334513594
2014-06-29 11:00:00,29.0,74,0.3,9.8,234,7.9283665448744856,5.760295472466237
2014-06-29 12:00:00,29.0,76,0.2,9.4,230,7.200817765318393,6.042203531053469
2014-06-29 13:00:00,28.7,76,1.5,8.3,214,4.641301098807199,6.881011852206847
2014-06-29 14:00:00,27.7,81,0.3,7.4,194,1.7902220274375409,7.180188374442374
2014-06-29 15:00:00,28.3,78,0.2,8.7,204,3.5386087947594613,7.947845481490627
2014-06-29 16:00:00,27.3,80,0.3,7.7,221,5.051654523226906,5.811263767715345
2014-06-29 17:00:00,26.1,84,0.4,6.1,242,5.385980316439454,2.8637765329939335
2014-06-29 18:00:00,25.8,85,0.2,0.0,270,0.0,0.0
2014-06-29 19:00:00,25.4,86,0.0,3.9,124,-3.2332465329646625,2.180852323535913
2014-06-29 20:00:00,25.0,89,0.0,5.0,159,-1.7918397477265013,4.667902132486009
2014-06-29 21:00:00,25.3,85,0.0,5.8,173,-0.7068421917498547,5.756767679519668
2014-06-29 22:00:00,24.2,89,0.0,5.1,172,-0.7097828148963332,5.050367150582009
2014-06-29 23:00:00,23.8,89,0.0,4.6,162,-1.4214781741247577,4.374859974957706
2014-06-30 00:00:00,22.8,93,0.0,5.0,150,-2.499999999999999,4.330127018922194
2014-06-30 01:00:00,22.4,94,0.0,5.5,148,-2.914555953282626,4.664264528860343
2014-06-30 02:00:00,22.2,94,0.0,5.2,164,-1.433314250248395,4.998560818879258
2014-06-30 03:00:00,23.9,88,0.0,6.6,193,1.4846769586695083,6.430842427582553
2014-06-30 04:00:00,24.8,84,0.0,4.4,171,-0.6883116461770157,4.3458286986186065
2014-06-30 05:00:00,24.5,84,0.0,5.2,146,-2.907803098047883,4.3109953772862175
2014-06-30 06:00:00,24.0,87,0.0,5.4,160,-1.8469087739586112,5.074340152243906
2014-06-30 07:00:00,25.4,88,0.0,5.2,168,-1.0811407922523486,5.08636752381579
2014-06-30 08:00:00,27.0,82,0.0,5.0,210,2.5000000000000004,4.330127018922193
2014-06-30 09:00:00,28.0,80,0.0,7.2,217,4.333068166694749,5.750175672340508
2014-06-30 10:00:00,28.7,77,0.0,9.7,219,6.104407793183423,7.538315826132617
2014-06-30 11:00:00,29.1,76,0.0,10.9,214,6.09520264783114,9.036509540849956
2014-06-30 12:00:00,29.3,73,0.0,12.6,217,7.582869291715809,10.062807426595889
2014-06-30 13:00:00,29.3,71,0.2,13.3,221,8.725585085573748,10.037637416962868
2014-06-30 14:00:00,28.6,74,0.8,13.1,217,7.883776803291833,10.462125181619536
2014-06-30 15:00:00,28.1,77,0.3,9.8,208,4.600821315301731,8.652886410017484
2014-06-30 16:00:00,28.0,77,0.0,8.6,202,3.2216167033768426,7.973781149274371
2014-06-30 17:00:00,28.0,77,0.0,5.9,223,4.023790324368742,4.314986839553106
2014-06-30 18:00:00,27.7,80,0.0,3.1,234,2.5079526825623373,1.8221342821066668
2014-06-30 19:00:00,27.4,80,0.0,3.2,207,1.45276959916655,2.851220877402777
2014-06-30 20:00:00,27.2,80,0.0,0.8,207,0.3631923997916375,0.7128052193506943
2014-06-30 21:00:00,25.7,88,0.0,2.9,180,1.7757378587636622e-16,2.9
2014-06-30 22:00:00,24.6,92,0.0,6.1,177,-0.3192493330819574,6.0916401620029
2014-06-30 23:00:00,25.1,91,0.0,5.8,180,3.5514757175273243e-16,5.8
2014-07-01 00:00:00,24.7,91,0.0,4.8,153,-2.179154398749824,4.276831316104166
2014-07-01 01:00:00,23.7,93,0.3,4.0,170,-0.6945927106677212,3.939231012048832
2014-07-01 02:00:00,22.7,95,0.0,6.2,159,-2.2218812871808615,5.788198644282651
2014-07-01 03:00:00,23.7,89,0.0,7.1,156,-2.8878301658381815,6.486172749262466
2014-07-01 04:00:00,24.3,84,0.0,7.0,159,-2.5085756468171017,6.535062985480412
2014-07-01 05:00:00,23.6,87,0.0,6.9,152,-3.2393537832226476,6.092338390726596
2014-07-01 06:00:00,23.1,89,0.0,4.2,149,-2.163159914622228,3.600102662948872
2014-07-01 07:00:00,25.0,91,0.0,5.0,150,-2.499999999999999,4.330127018922194
2014-07-01 08:00:00,27.7,74,0.0,4.1,195,1.061158084920335,3.96029588778518
2014-07-01 09:00:00,28.7,71,0.0,6.6,221,4.329989591337347,4.981083229470295
2014-07-01 10:00:00,29.3,70,0.0,7.9,219,4.971631089293717,6.139453095510071
2014-07-01 11:00:00,29.6,69,0.0,8.2,232,6.461688179575119,5.048424097670398
2014-07-01 12:00:00,29.6,69,0.0,8.0,243,7.128052193506943,3.631923997916374
2014-07-01 13:00:00,29.8,69,0.0,8.7,253,8.319851376878407,2.5436338310878095
2014-07-01 14:00:00,29.4,71,0.0,7.3,261,7.210124886344506,1.1419715947936853
2014-07-01 15:00:00,28.6,77,0.0,6.2,263,6.153786140176196,0.7555899291119144
2014-07-01 16:00:00,28.7,76,0.0,5.6,255,5.4091846272187825,1.4493866525741161
2014-07-01 17:00:00,28.4,76,0.0,5.9,256,5.7247447850283795,1.4273391840380396
2014-07-01 18:00:00,27.8,80,0.0,4.0,275,3.984778792366982,-0.34862297099063266
2014-07-01 19:00:00,26.7,89,0.0,4.8,257,4.676976310969129,1.079765060850552
2014-07-01 20:00:00,25.9,91,0.0,5.1,231,3.963444403430551,3.2095339943541705
2014-07-01 21:00:00,25.0,94,0.0,5.5,212,2.914555953282627,4.664264528860342
2014-07-01 22:00:00,25.6,91,0.0,5.8,173,-0.7068421917498547,5.756767679519668
2014-07-01 23:00:00,24.9,93,0.0,5.8,150,-2.8999999999999986,5.022947341949744
2014-07-02 00:00:00,24.3,93,0.0,6.4,128,-5.043268823083021,3.9402334420842138
2014-07-02 01:00:00,25.1,89,0.0,5.9,128,-4.64926344627966,3.6324027044213847
2014-07-02 02:00:00,24.8,90,0.0,5.4,138,-3.6133052743378347,4.012982057577929
2014-07-02 03:00:00,22.2,94,0.0,4.3,156,-1.748967565225941,3.9282454678631837
2014-07-02 04:00:00,21.4,97,0.0,2.9,150,-1.4499999999999993,2.511473670974872
2014-07-02 05:00:00,21.0,97,0.0,4.3,132,-3.195522749552794,2.8772616073430908
2014-07-02 06:00:00,21.2,96,0.0,5.5,122,-4.664264528860342,2.914555953282627
2014-07-02 07:00:00,24.1,93,0.0,5.6,117,-4.989636535454859,2.542346798541462
2014-07-02 08:00:00,26.9,78,0.0,3.0,166,-0.7257656867990033,2.9108871788279895
2014-07-02 09:00:00,28.3,71,0.0,4.3,228,3.195522749552795,2.8772616073430903
2014-07-02 10:00:00,29.1,67,0.0,6.0,237,5.032023407672544,3.2678342100901627
2014-07-02 11:00:00,29.9,64,0.0,7.4,241,6.472185832831529,3.5875911898228945
2014-07-02 12:00:00,30.2,64,0.0,8.2,241,7.171881598543044,3.9754388860199636
2014-07-02 13:00:00,29.9,67,0.0,9.3,242,8.211412613588022,4.366085533908785
2014-07-02 14:00:00,29.9,68,0.0,8.9,238,7.547628055792192,4.716281451675524
2014-07-02 15:00:00,29.9,69,0.0,7.9,240,6.841600689897066,3.9499999999999997
2014-07-02 16:00:00,29.7,70,0.0,7.4,241,6.472185832831529,3.5875911898228945
2014-07-02 17:00:00,29.1,72,0.0,6.7,234,5.420413862312148,3.93816119035957
2014-07-02 18:00:00,28.5,76,0.0,4.7,266,4.688551036221174,0.3278554265973889
2014-07-02 19:00:00,27.1,86,0.0,5.7,252,5.421022142882375,1.7613968679372003
2014-07-02 20:00:00,26.8,84,0.0,5.4,228,4.012982057577929,3.6133052743378347
2014-07-02 21:00:00,26.3,86,0.0,5.3,208,2.4881992827652213,4.679622242152313
2014-07-02 22:00:00,25.0,91,0.0,6.2,170,-1.076618701534968,6.10580806867569
2014-07-02 23:00:00,23.9,94,0.0,7.2,183,0.3768188849491966,7.190132650232932
2014-07-03 00:00:00,23.5,95,0.0,8.4,173,-1.0237024846032379,8.337387673787106
2014-07-03 01:00:00,23.6,94,0.0,7.6,172,-1.0577155672964966,7.5260373224359345
2014-07-03 02:00:00,23.7,93,0.0,5.2,168,-1.0811407922523486,5.08636752381579
2014-07-03 03:00:00,23.1,96,0.0,5.5,148,-2.914555953282626,4.664264528860343
2014-07-03 04:00:00,23.1,94,0.1,6.6,139,-4.329989591337347,4.981083229470296
2014-07-03 05:00:00,23.1,92,0.0,6.1,130,-4.672871103025765,3.9210044190878905
2014-07-03 06:00:00,22.6,95,0.0,3.7,119,-3.2360929164157644,1.7937955949114477
2014-07-03 07:00:00,25.2,89,0.0,3.8,107,-3.633958072659535,1.111012477946399
2014-07-03 08:00:00,27.1,78,0.0,1.0,225,0.7071067811865476,0.7071067811865475
2014-07-03 09:00:00,28.2,74,0.1,5.1,266,5.087576656325103,0.35575801609503904
2014-07-03 10:00:00,28.9,71,0.0,6.8,270,6.8,0.0
2014-07-03 11:00:00,29.3,69,0.1,6.9,279,6.815049550106451,-1.079397808777593
2014-07-03 12:00:00,29.7,69,0.2,7.3,281,7.165878439167947,-1.392905666248777
2014-07-03 13:00:00,29.8,70,0.0,7.7,281,7.558529312547013,-1.469229264399395
2014-07-03 14:00:00,29.7,70,0.0,7.6,275,7.571079705497266,-0.662383644882202
2014-07-03 15:00:00,29.7,70,0.0,6.5,270,6.5,0.0
2014-07-03 16:00:00,29.8,70,0.0,4.4,261,4.3458286986186065,0.6883116461770159
2014-07-03 17:00:00,29.5,71,0.0,2.2,261,2.1729143493093033,0.34415582308850795
2014-07-03 18:00:00,28.9,75,0.0,4.2,301,3.600102662948872,-2.1631599146222276
2014-07-03 19:00:00,27.4,85,0.0,5.0,291,4.667902132486009,-1.7918397477265013
2014-07-03 20:00:00,26.0,89,0.0,5.1,262,5.050367150582009,0.7097828148963337
2014-07-03 21:00:00,26.3,88,0.0,5.3,242,4.679622242152313,2.4881992827652213
2014-07-03 22:00:00,25.3,92,0.3,6.3,204,2.5624408513775414,5.755336383148386
2014-07-03 23:00:00,24.0,95,1.4,6.0,205,2.5357095704441965,5.437846722219899
2014-07-04 00:00:00,24.1,94,1.4,4.9,163,-1.4326213531414098,4.685893304218874
2014-07-04 01:00:00,24.9,89,0.2,4.3,156,-1.748967565225941,3.9282454678631837
2014-07-04 02:00:00,25.5,85,0.3,3.2,153,-1.4527695991665495,2.8512208774027776
2014-07-04 03:00:00,24.1,92,3.4,3.5,114,-3.197409101749103,1.4235782507653014
2014-07-04 04:00:00,23.5,93,2.0,3.8,107,-3.633958072659535,1.111012477946399
2014-07-04 05:00:00,24.1,89,0.0,3.6,127,-2.8750878361702545,2.1665340833473734
2014-07-04 06:00:00,24.5,87,0.0,5.2,124,-4.310995377286217,2.907803098047884
2014-07-04 07:00:00,25.6,87,0.0,2.3,162,-0.7107390870623789,2.187429987478853
2014-07-04 08:00:00,26.6,83,0.0,1.5,225,1.0606601717798214,1.0606601717798212
2014-07-04 09:00:00,27.5,80,0.0,3.2,297,2.8512208774027776,-1.4527695991665497
2014-07-04 10:00:00,28.3,78,0.1,4.5,299,3.935788682127281,-2.1816432911085166
2014-07-04 11:00:00,28.8,75,2.0,4.7,274,4.688551036221174,-0.3278554265973889
2014-07-04 12:00:00,28.7,75,1.1,5.4,274,5.386845871403051,-0.37668495821827663
2014-07-04 13:00:00,28.1,79,1.8,5.6,285,5.4091846272187825,-1.4493866525741161
2014-07-04 14:00:00,27.8,82,1.8,5.4,250,5.074340152243906,1.8469087739586112
2014-07-04 15:00:00,27.6,81,1.3,2.4,243,2.138415658052083,1.0895771993749122
2014-07-04 16:00:00,27.7,80,1.4,3.0,166,-0.7257656867990033,2.9108871788279895
2014-07-04 17:00:00,27.3,81,0.7000000000000001,0.4,90,-0.4,4.898587196589413e-17
2014-07-04 18:00:00,26.8,87,0.8,1.5,135,-1.0606601717798212,1.0606601717798214
2014-07-04 19:00:00,26.0,89,1.4,3.9,158,-1.4609657143220571,3.616017032810471
2014-07-04 20:00:00,25.1,93,0.2,4.1,105,-3.9602958877851795,1.0611580849203361
2014-07-04 21:00:00,25.1,91,0.0,3.9,146,-2.180852323535912,3.233246532964663
2014-07-04 22:00:00,26.0,85,0.0,4.5,151,-2.1816432911085166,3.9357886821272814
2014-07-04 23:00:00,24.3,91,0.0,5.5,169,-1.0494494745709964,5.3989495089621515
2014-07-05 00:00:00,23.5,93,0.0,5.4,176,-0.3766849582182768,5.386845871403051
2014-07-05 01:00:00,23.3,93,0.0,3.5,156,-1.423578250765301,3.197409101749103
2014-07-05 02:00:00,23.5,92,0.5,1.1,108,-1.0461621679246689,0.3399186938124423
2014-07-05 03:00:00,22.9,92,0.0,1.1,108,-1.0461621679246689,0.3399186938124423
2014-07-05 04:00:00,23.5,90,0.0,1.1,90,-1.1,1.3471114790620887e-16
2014-07-05 05:00:00,24.7,87,0.0,2.4,63,-2.138415658052083,-1.089577199374912
2014-07-05 06:00:00,25.2,88,0.0,4.1,45,-2.8991378028648453,-2.8991378028648445
2014-07-05 07:00:00,25.2,95,0.0,3.6,354,0.3763024677635525,-3.580278823325784
2014-07-05 08:00:00,26.9,87,0.1,4.3,336,1.7489675652259409,-3.9282454678631837
2014-07-05 09:00:00,27.8,83,0.2,6.4,322,3.9402334420842133,-5.043268823083022
2014-07-05 10:00:00,27.9,80,1.0,7.1,315,5.020458146424487,-5.020458146424486
2014-07-05 11:00:00,27.6,82,1.1,7.7,319,5.051654523226906,-5.811263767715345
2014-07-05 12:00:00,28.8,83,0.0,9.3,332,4.366085533908786,-8.21141261358802
2014-07-05 13:00:00,28.9,84,0.3,9.6,326,5.368251873319169,-7.9587606965284
2014-07-05 14:00:00,28.1,89,2.4,8.6,327,4.683895701129233,-7.212566884330647
2014-07-05 15:00:00,28.4,85,0.9,7.4,321,4.656970893768798,-5.750880114781585
2014-07-05 16:00:00,27.7,87,3.1,6.3,301,5.400153994423308,-3.244739871933341
2014-07-05 17:00:00,26.8,88,1.7000000000000002,4.2,340,1.436484601967809,-3.9467090073008153
2014-07-05 18:00:00,26.7,87,0.0,6.5,34,-3.6347538725598527,-5.388744221607772
2014-07-05 19:00:00,26.1,91,0.0,5.8,356,0.40458754771592637,-5.78587149150698
2014-07-05 20:00:00,25.5,93,0.0,3.6,360,2.2043642384652358e-16,-3.6
2014-07-05 21:00:00,26.1,90,0.0,1.1,18,-0.33991869381244233,-1.0461621679246689
2014-07-05 22:00:00,25.7,92,0.0,0.8,243,0.7128052193506944,0.3631923997916374
2014-07-05 23:00:00,23.5,96,0.0,5.6,195,1.4493866525741161,5.4091846272187825
2014-07-06 00:00:00,23.5,97,0.0,4.7,171,-0.7352419856890848,4.6421352007971475
2014-07-06 01:00:00,23.6,97,0.0,1.5,315,1.0606601717798214,-1.0606601717798212
2014-07-06 02:00:00,23.7,97,0.0,3.7,241,3.2360929164157644,1.7937955949114472
2014-07-06 03:00:00,23.4,96,0.0,3.1,225,2.1920310216782974,2.192031021678297
2014-07-06 04:00:00,24.8,91,0.1,1.3,124,-1.0777488443215542,0.726950774511971
2014-07-06 05:00:00,24.8,91,0.2,0.4,270,0.4,0.0
2014-07-06 06:00:00,24.9,92,0.5,2.9,60,-2.5114736709748717,-1.4500000000000002
2014-07-06 07:00:00,25.4,93,0.1,2.5,45,-1.7677669529663693,-1.7677669529663687
2014-07-06 08:00:00,26.5,89,0.0,4.6,39,-2.894873798829254,-3.5748714227020644
2014-07-06 09:00:00,27.9,85,0.0,4.9,343,1.4326213531414103,-4.685893304218874
2014-07-06 10:00:00,29.1,79,0.2,7.4,321,4.656970893768798,-5.750880114781585
2014-07-06 11:00:00,29.2,78,0.6,7.7,311,5.811263767715345,-5.051654523226906
2014-07-06 12:00:00,29.2,80,0.7000000000000001,7.7,298,6.798696465013738,-3.6149310334513594
2014-07-06 13:00:00,29.1,81,1.3,5.5,328,2.914555953282627,-4.664264528860342
2014-07-06 14:00:00,28.4,82,1.3,1.8,360,1.1021821192326179e-16,-1.8
2014-07-06 15:00:00,29.0,78,0.4,4.0,297,3.5640260967534716,-1.815961998958187
2014-07-06 16:00:00,29.0,80,0.0,5.5,293,5.062776693988422,-2.149021206691006
2014-07-06 17:00:00,28.4,83,0.0,4.5,299,3.935788682127281,-2.1816432911085166
2014-07-06 18:00:00,28.1,85,0.0,3.3,13,-0.7423384793347553,-3.215421213791276
2014-07-06 19:00:00,26.9,89,0.4,4.0,350,0.6945927106677217,-3.939231012048832
2014-07-06 20:00:00,25.9,92,1.0,3.6,186,0.3763024677635525,3.580278823325784
2014-07-06 21:00:00,26.6,86,0.0,3.9,202,1.4609657143220567,3.616017032810471
2014-07-06 22:00:00,25.4,91,0.0,3.6,233,2.875087836170254,2.166534083347374
2014-07-06 23:00:00,25.7,90,0.0,3.9,236,3.2332465329646625,2.180852323535913
2014-07-07 00:00:00,24.7,92,0.0,2.5,180,1.5308084989341916e-16,2.5
2014-07-07 01:00:00,24.8,92,0.0,2.5,180,1.5308084989341916e-16,2.5
2014-07-07 02:00:00,25.2,90,0.4,1.5,225,1.0606601717798214,1.0606601717798212
2014-07-07 03:00:00,25.4,90,0.0,3.4,32,-1.801725498392897,-2.883363526931848
2014-07-07 04:00:00,23.9,96,0.0,6.3,24,-2.5624408513775405,-5.755336383148386
2014-07-07 05:00:00,23.9,96,0.0,6.6,41,-4.329989591337347,-4.981083229470295
2014-07-07 06:00:00,24.4,95,0.0,4.9,36,-2.880147736233119,-3.9641832724372423
2014-07-07 07:00:00,25.8,94,0.0,4.7,4,-0.32785542659739025,-4.688551036221174
2014-07-07 08:00:00,27.1,89,0.0,6.2,339,2.2218812871808624,-5.788198644282651
2014-07-07 09:00:00,28.2,83,0.0,8.2,337,3.203995253612044,-7.54813979831001
2014-07-07 10:00:00,29.0,77,0.0,9.5,335,4.014873486536644,-8.609923976848174
2014-07-07 11:00:00,29.6,75,0.0,9.5,331,4.605691392340202,-8.30888721782426
2014-07-07 12:00:00,30.0,74,0.1,10.3,324,6.054188098612474,-8.332875042061959
2014-07-07 13:00:00,29.9,74,0.0,11.3,323,6.800509761618147,-9.02458126353441
2014-07-07 14:00:00,29.1,79,0.1,11.3,333,5.1300926470568795,-10.068373723328557
2014-07-07 15:00:00,28.6,80,0.5,9.9,350,1.7191169589026112,-9.74959675482086
2014-07-07 16:00:00,28.3,80,0.2,10.1,343,2.952954217699641,-9.658678035226657
2014-07-07 17:00:00,28.1,81,0.0,8.4,340,2.872969203935618,-7.893418014601631
2014-07-07 18:00:00,27.8,83,0.0,4.1,322,2.524212048835199,-3.23084408978756
2014-07-07 19:00:00,27.1,87,0.0,4.2,290,3.9467090073008158,-1.4364846019678086
2014-07-07 20:00:00,25.8,94,0.0,4.8,318,3.2118269105225195,-3.5670951622914924
2014-07-07 21:00:00,26.4,91,0.0,4.8,347,1.0797650608505516,-4.676976310969129
2014-07-07 22:00:00,26.1,91,0.0,4.0,5,-0.348622970990633,-3.984778792366982
2014-07-07 23:00:00,25.4,93,0.0,4.3,360,2.632990618166809e-16,-4.3
2014-07-08 00:00:00,25.0,95,0.0,3.5,336,1.4235782507653008,-3.197409101749103
2014-07-08 01:00:00,24.5,97,0.0,2.7,337,1.0549740469210391,-2.485363104321589
2014-07-08 02:00:00,24.6,97,0.0,2.9,330,1.4500000000000002,-2.5114736709748717
2014-07-08 03:00:00,25.1,94,0.0,5.4,360,3.3065463576978537e-16,-5.4
2014-07-08 04:00:00,25.2,93,0.0,6.6,9,-1.0324674692655247,-6.5187430479279085
2014-07-08 05:00:00,25.0,93,0.0,8.4,10,-1.458644692402215,-8.272385125302547
2014-07-08 06:00:00,24.3,92,0.0,9.4,356,0.6557108531947772,-9.377102072442348
2014-07-08 07:00:00,25.9,87,0.0,14.1,4,-0.9835662797921707,-14.06565310866352
2014-07-08 08:00:00,26.1,85,0.0,16.7,6,-1.7456253365698111,-16.608515652650166
2014-07-08 09:00:00,26.4,81,0.0,18.5,7,-2.2545828529952225,-18.36210380536446
2014-07-08 10:00:00,26.9,82,0.0,19.6,7,-2.3886391307408847,-19.453904572169915
2014-07-08 11:00:00,27.2,83,0.0,20.0,8,-2.7834620192013166,-19.805361374831406
2014-07-08 12:00:00,27.8,81,0.0,20.0,7,-2.4373868681029434,-19.850923032826444
2014-07-08 13:00:00,27.9,79,0.2,20.8,9,-3.2538368728368057,-20.543917484378863
2014-07-08 14:00:00,28.4,79,0.0,19.1,12,-3.971113294619212,-18.682619174015688
2014-07-08 15:00:00,27.9,77,0.0,15.6,15,-4.037577103599322,-15.068442890109464
2014-07-08 16:00:00,28.1,75,0.0,13.7,18,-4.233532822936781,-13.029474273243602
2014-07-08 17:00:00,27.8,74,0.0,10.6,18,-3.2755801403744442,-10.081199072728626
2014-07-08 18:00:00,27.4,76,0.0,7.4,14,-1.7902220274375418,-7.180188374442374
2014-07-08 19:00:00,26.2,82,0.0,6.4,38,-3.940233442084212,-5.043268823083022
2014-07-08 20:00:00,24.7,86,0.0,3.4,58,-2.8833635269318485,-1.8017254983928963
2014-07-08 21:00:00,23.5,86,0.0,1.3,56,-1.0777488443215544,-0.7269507745119708
2014-07-08 22:00:00,22.9,85,0.0,0.5,315,0.3535533905932738,-0.35355339059327373
2014-07-08 23:00:00,22.7,82,0.0,1.1,180,6.735557395310444e-17,1.1
2014-07-09 00:00:00,22.0,83,0.0,4.8,167,-1.079765060850552,4.676976310969129
2014-07-09 01:00:00,21.5,85,0.0,6.0,155,-2.535709570444196,5.4378467222199
2014-07-09 02:00:00,21.2,85,0.0,6.7,144,-3.9381611903595695,5.420413862312148
2014-07-09 03:00:00,23.0,73,0.0,5.9,137,-4.023790324368741,4.314986839553106
2014-07-09 04:00:00,22.5,76,0.1,5.4,143,-3.2498011250210617,4.312631754255381
2014-07-09 05:00:00,22.1,79,0.3,5.4,143,-3.2498011250210617,4.312631754255381
2014-07-09 06:00:00,21.9,82,0.2,6.7,144,-3.9381611903595695,5.420413862312148
2014-07-09 07:00:00,24.8,78,0.0,6.6,151,-3.199743493625824,5.772490067120012
2014-07-09 08:00:00,27.2,67,0.0,6.9,174,-0.7212463965468096,6.862201078041086
2014-07-09 09:00:00,27.8,68,0.0,7.9,180,4.837354856632045e-16,7.9
2014-07-09 10:00:00,28.8,67,0.0,7.9,204,3.2132194802988217,7.217009115376547
2014-07-09 11:00:00,29.6,67,0.0,8.9,212,4.716281451675524,7.547628055792192
2014-07-09 12:00:00,30.0,68,0.0,9.0,209,4.363286582217034,7.871577364254562
2014-07-09 13:00:00,29.9,69,0.0,10.0,221,6.560590289905073,7.54709580222772
2014-07-09 14:00:00,30.2,69,0.0,10.1,215,5.793122007145566,8.273435647318816
2014-07-09 15:00:00,29.6,73,0.4,9.0,217,5.4163352083684355,7.187719590425635
2014-07-09 16:00:00,29.5,74,0.0,10.0,218,6.156614753256583,7.88010753606722
2014-07-09 17:00:00,29.2,77,0.0,7.3,200,2.4967470462773824,6.8597561317371305
2014-07-09 18:00:00,28.5,81,0.0,6.6,221,4.329989591337347,4.981083229470295
2014-07-09 19:00:00,27.4,85,0.0,8.5,216,4.996174644486022,6.876644452187053
2014-07-09 20:00:00,26.3,91,0.0,9.1,198,2.8120546488120217,8.654614298285896
2014-07-09 21:00:00,25.6,93,0.0,8.3,182,0.289665822630759,8.294943864258496
2014-07-09 22:00:00,25.3,93,0.0,8.4,170,-1.4586446924022145,8.272385125302547
2014-07-09 23:00:00,24.9,94,0.0,7.8,167,-1.7546182238821473,7.6000865053248345
2014-07-10 00:00:00,24.2,95,0.0,7.1,165,-1.837615220227898,6.858073366652385
2014-07-10 01:00:00,23.5,96,0.0,6.0,163,-1.75423022833642,5.737828535778213
2014-07-10 02:00:00,23.2,94,0.0,7.2,162,-2.224922359499621,6.847606917325106
2014-07-10 03:00:00,24.0,93,0.0,8.9,166,-2.1531048708370433,8.635631963856369
2014-07-10 04:00:00,24.3,93,0.0,9.2,169,-1.755442757464212,9.030970087718508
2014-07-10 05:00:00,24.9,89,0.0,8.4,160,-2.872969203935617,7.8934180146016315
2014-07-10 06:00:00,25.7,85,0.0,6.9,171,-1.0793978087775926,6.815049550106451
2014-07-10 07:00:00,25.9,89,0.0,5.8,187,0.7068421917498554,5.756767679519667
2014-07-10 08:00:00,27.1,82,0.0,8.4,200,2.872969203935618,7.893418014601631
2014-07-10 09:00:00,27.8,79,0.0,11.1,205,4.691062705321763,10.060016436106814
2014-07-10 10:00:00,28.7,74,0.0,11.9,205,5.029157314714324,10.785062665736135
2014-07-10 11:00:00,28.7,74,0.0,11.3,211,5.8199302464836125,9.68599049793387
2014-07-10 12:00:00,28.9,74,0.1,11.9,205,5.029157314714324,10.785062665736135
2014-07-10 13:00:00,29.2,72,0.2,12.7,209,6.157082177128481,11.107670280670325
2014-07-10 14:00:00,29.1,73,0.1,13.2,202,4.944807033090037,12.238826880281593
2014-07-10 15:00:00,29.1,73,0.0,11.8,200,4.035837691242892,11.088372925273719
2014-07-10 16:00:00,28.8,76,0.0,10.8,201,3.870373855089244,10.08266860616978
2014-07-10 17:00:00,28.6,77,0.0,9.3,196,2.5634274090980926,8.939733772226367
2014-07-10 18:00:00,28.0,81,0.0,5.6,220,3.5996106142446203,4.289848881466277
2014-07-10 19:00:00,26.8,87,0.0,7.7,217,4.633975678270772,6.149493427364155
2014-07-10 20:00:00,26.0,90,0.0,8.4,190,1.4586446924022156,8.272385125302547
2014-07-10 21:00:00,25.8,88,0.0,9.0,178,-0.3140954703225086,8.994517443171862
2014-07-10 22:00:00,26.4,85,0.0,8.8,161,-2.864999759222979,8.320563465273988
2014-07-10 23:00:00,25.5,87,0.0,8.1,159,-2.902780391316932,7.5620014546273335
2014-07-11 00:00:00,24.4,90,0.0,6.5,161,-2.116193003971518,6.1458707413955596
2014-07-11 01:00:00,25.2,86,0.0,6.2,159,-2.2218812871808615,5.788198644282651
2014-07-11 02:00:00,25.7,82,0.0,5.2,155,-2.1976149610516367,4.71280049259058
2014-07-11 03:00:00,21.5,96,0.0,4.8,153,-2.179154398749824,4.276831316104166
2014-07-11 04:00:00,21.4,95,0.0,4.8,153,-2.179154398749824,4.276831316104166
2014-07-11 05:00:00,21.3,93,0.0,5.2,146,-2.907803098047883,4.3109953772862175
2014-07-11 06:00:00,21.6,92,0.0,4.8,138,-3.2118269105225195,3.5670951622914924
2014-07-11 07:00:00,25.4,86,0.0,6.3,167,-1.4171916423663498,6.1385314081469815
2014-07-11 08:00:00,27.9,72,0.0,9.2,201,3.2969851358167634,8.588939923774255
2014-07-11 09:00:00,28.7,72,0.0,11.3,207,5.1300926470568795,10.068373723328557
2014-07-11 10:00:00,29.3,73,0.0,12.8,212,6.782966582185023,10.855015630802253
2014-07-11 11:00:00,29.4,74,0.0,14.9,212,7.895797037074753,12.635916632730748
2014-07-11 12:00:00,29.7,72,0.2,15.5,211,7.98309016110584,13.286093160882741
2014-07-11 13:00:00,29.2,73,0.3,15.8,210,7.900000000000002,13.68320137979413
2014-07-11 14:00:00,28.8,76,0.3,14.2,210,7.100000000000001,12.297560733739028
2014-07-11 15:00:00,29.0,76,0.2,12.8,212,6.782966582185023,10.855015630802253
2014-07-11 16:00:00,28.6,78,0.2,12.2,204,4.962187045524762,11.14525458323973
2014-07-11 17:00:00,28.2,80,0.0,10.2,203,3.985457510590592,9.389149505214892
2014-07-11 18:00:00,27.8,81,0.0,6.7,216,3.93816119035957,5.420413862312148
2014-07-11 19:00:00,26.8,89,0.0,6.2,190,1.0766187015349686,6.10580806867569
2014-07-11 20:00:00,26.2,88,0.0,6.5,186,0.6794350112397475,6.4643923198937765
2014-07-11 21:00:00,26.5,86,0.0,6.6,189,1.032467469265524,6.518743047927909
2014-07-11 22:00:00,26.3,87,0.0,7.6,175,-0.6623836448822026,7.571079705497266
2014-07-11 23:00:00,25.8,88,0.0,8.3,175,-0.7233926648055634,8.268415994161488
2014-07-12 00:00:00,25.8,86,0.0,7.9,177,-0.41345405431925636,7.889173324561134
2014-07-12 01:00:00,25.4,86,0.0,7.3,160,-2.4967470462773815,6.859756131737131
2014-07-12 02:00:00,23.6,91,0.0,7.8,146,-4.361704647071824,6.466493065929326
2014-07-12 03:00:00,22.9,92,0.0,7.1,139,-4.658019105832601,5.358438019581682
2014-07-12 04:00:00,22.2,94,0.0,5.9,137,-4.023790324368741,4.314986839553106
2014-07-12 05:00:00,21.7,95,0.0,6.9,137,-4.705788684431239,5.0463405411722775
2014-07-12 06:00:00,21.6,96,0.0,5.6,140,-3.5996106142446203,4.289848881466277
2014-07-12 07:00:00,24.8,89,0.0,7.9,156,-3.213219480298822,7.217009115376547
2014-07-12 08:00:00,28.1,71,0.0,10.4,180,6.368163355566237e-16,10.4
2014-07-12 09:00:00,29.1,69,0.0,10.9,186,1.1393602496174227,10.84028865951418
2014-07-12 10:00:00,30.0,67,0.0,12.7,215,7.284420741658286,10.403230962470195
2014-07-12 11:00:00,30.1,71,0.0,15.4,217,9.267951356541545,12.29898685472831
2014-07-12 12:00:00,30.0,72,0.0,15.9,208,7.464597848295665,14.038866726456938
2014-07-12 13:00:00,30.0,70,0.0,15.5,208,7.276809223181308,13.685687689313367
2014-07-12 14:00:00,30.5,67,0.0,14.7,205,6.212488447588282,13.322724469438754
2014-07-12 15:00:00,30.0,71,0.0,14.0,209,6.787334683448719,12.24467589995154
2014-07-12 16:00:00,29.6,73,0.1,13.0,214,7.269507745119708,10.777488443215542
2014-07-12 17:00:00,29.3,74,0.0,11.6,206,5.085105302753298,10.426010937070338
2014-07-12 18:00:00,28.5,78,0.0,7.5,215,4.301823272632846,6.143640332167439
2014-07-12 19:00:00,27.4,83,0.0,6.9,219,4.342310698243879,5.3623071340531
2014-07-12 20:00:00,26.2,90,0.0,8.2,203,3.203995253612044,7.54813979831001
2014-07-12 21:00:00,25.6,91,0.0,6.8,198,2.1013155617496424,6.467184310807044
2014-07-12 22:00:00,25.3,91,0.0,6.6,193,1.4846769586695083,6.430842427582553
2014-07-12 23:00:00,24.6,93,0.0,6.5,177,-0.34018371557913496,6.49109197590473
2014-07-13 00:00:00,23.9,94,0.0,7.5,163,-2.192787785420525,7.172285669722767
2014-07-13 01:00:00,23.9,92,0.0,7.1,156,-2.8878301658381815,6.486172749262466
2014-07-13 02:00:00,23.7,90,0.0,6.6,151,-3.199743493625824,5.772490067120012
2014-07-13 03:00:00,23.1,90,0.0,6.0,147,-3.2678342100901627,5.032023407672543
2014-07-13 04:00:00,23.0,90,0.0,5.2,146,-2.907803098047883,4.3109953772862175
2014-07-13 05:00:00,22.5,89,0.0,4.8,138,-3.2118269105225195,3.5670951622914924
2014-07-13 06:00:00,22.3,90,0.0,4.6,135,-3.252691193458118,3.2526911934581184
2014-07-13 07:00:00,25.5,88,0.0,5.0,159,-1.7918397477265013,4.667902132486009
2014-07-13 08:00:00,28.1,70,0.0,6.3,193,1.4171916423663489,6.1385314081469815
2014-07-13 09:00:00,28.9,68,0.0,7.6,211,3.9142893693164114,6.5144714853360535
2014-07-13 10:00:00,29.4,68,0.0,8.1,225,5.727564927611035,5.727564927611034
2014-07-13 11:00:00,29.9,68,0.0,7.9,240,6.841600689897066,3.9499999999999997
2014-07-13 12:00:00,29.9,69,0.0,8.2,241,7.171881598543044,3.9754388860199636
2014-07-13 13:00:00,29.7,69,0.5,6.1,242,5.385980316439454,2.8637765329939335
2014-07-13 14:00:00,29.6,69,0.6,6.9,242,6.092338390726597,3.2393537832226467
2014-07-13 15:00:00,29.7,70,0.0,7.9,246,7.217009115376547,3.2132194802988217
2014-07-13 16:00:00,29.6,70,0.0,6.3,239,5.400153994423308,3.244739871933341
2014-07-13 17:00:00,29.5,71,0.0,6.3,239,5.400153994423308,3.244739871933341
2014-07-13 18:00:00,28.9,75,0.0,3.7,259,3.632020578756357,0.7059932828932158
2014-07-13 19:00:00,27.5,84,0.0,5.9,227,4.314986839553106,4.023790324368742
2014-07-13 20:00:00,26.3,87,0.0,5.5,203,2.1490212066910055,5.062776693988422
2014-07-13 21:00:00,25.9,87,0.0,5.0,201,1.791839747726502,4.667902132486009
2014-07-13 22:00:00,25.4,89,0.0,7.2,177,-0.3768188849491957,7.190132650232932
2014-07-13 23:00:00,25.0,91,0.0,7.6,172,-1.0577155672964966,7.5260373224359345
2014-07-14 00:00:00,24.3,94,0.1,6.9,171,-1.0793978087775926,6.815049550106451
2014-07-14 01:00:00,23.6,96,0.0,7.2,162,-2.224922359499621,6.847606917325106
2014-07-14 02:00:00,23.4,95,0.0,7.4,157,-2.891410350820626,6.811735915548058
2014-07-14 03:00:00,23.8,92,0.0,7.1,156,-2.8878301658381815,6.486172749262466
2014-07-14 04:00:00,23.2,92,0.0,4.7,148,-2.4906205418960625,3.9858260519352027
2014-07-14 05:00:00,22.2,95,0.0,4.1,135,-2.8991378028648445,2.899137802864845
2014-07-14 06:00:00,22.0,96,0.0,5.6,117,-4.989636535454859,2.542346798541462
2014-07-14 07:00:00,25.1,88,0.0,5.4,110,-5.074340152243905,1.846908773958612
2014-07-14 08:00:00,27.2,75,0.0,2.5,172,-0.3479327524001634,2.475670171853926
2014-07-14 09:00:00,28.2,71,0.0,4.2,239,3.600102662948872,2.1631599146222276
2014-07-14 10:00:00,29.2,69,0.0,6.4,243,5.702441754805555,2.9055391983330994
2014-07-14 11:00:00,29.8,68,0.0,8.0,243,7.128052193506943,3.631923997916374
2014-07-14 12:00:00,30.2,67,0.0,8.7,246,7.947845481490627,3.5386087947594613
2014-07-14 13:00:00,30.0,68,0.0,8.1,249,7.5620014546273335,2.902780391316932
2014-07-14 14:00:00,29.4,70,0.1,7.4,256,7.180188374442374,1.7902220274375413
2014-07-14 15:00:00,29.5,70,0.2,6.6,261,6.518743047927909,1.0324674692655236
2014-07-14 16:00:00,29.5,69,0.0,4.7,270,4.7,0.0
2014-07-14 17:00:00,29.0,72,0.0,1.5,284,1.4554435894139948,-0.3628828433995016
2014-07-14 18:00:00,28.8,75,0.0,3.2,297,2.8512208774027776,-1.4527695991665497
2014-07-14 19:00:00,27.4,83,0.0,6.5,270,6.5,0.0
2014-07-14 20:00:00,26.6,85,0.0,6.1,242,5.385980316439454,2.8637765329939335
2014-07-14 21:00:00,25.7,87,0.5,4.7,148,-2.4906205418960625,3.9858260519352027
2014-07-14 22:00:00,24.6,91,0.3,4.6,129,-3.5748714227020657,2.8948737988292517
2014-07-14 23:00:00,25.5,85,0.0,5.6,140,-3.5996106142446203,4.289848881466277
2014-07-15 00:00:00,24.4,88,0.2,6.4,137,-4.364789504399989,4.6806636903626915
2014-07-15 01:00:00,24.9,84,0.0,5.8,150,-2.8999999999999986,5.022947341949744
2014-07-15 02:00:00,24.7,84,0.0,5.5,148,-2.914555953282626,4.664264528860343
2014-07-15 03:00:00,22.6,91,0.0,4.2,149,-2.163159914622228,3.600102662948872
2014-07-15 04:00:00,22.3,92,0.0,4.3,138,-2.8772616073430903,3.195522749552795
2014-07-15 05:00:00,21.9,93,0.0,3.9,124,-3.2332465329646625,2.180852323535913
2014-07-15 06:00:00,21.9,94,0.0,3.6,127,-2.8750878361702545,2.1665340833473734
2014-07-15 07:00:00,25.0,86,0.0,3.6,135,-2.545584412271571,2.5455844122715714
2014-07-15 08:00:00,27.1,77,0.0,4.0,207,1.8159619989581872,3.564026096753471
2014-07-15 09:00:00,28.2,76,0.0,5.5,238,4.664264528860342,2.914555953282627
2014-07-15 10:00:00,29.1,73,0.0,7.8,248,7.232034065620942,2.921931428644114
2014-07-15 11:00:00,29.4,72,0.2,9.4,252,8.939931253174443,2.9047597471245057
2014-07-15 12:00:00,29.3,73,0.6,8.0,252,7.608452130361228,2.472135954999579
2014-07-15 13:00:00,29.3,75,0.2,6.6,261,6.518743047927909,1.0324674692655236
2014-07-15 14:00:00,29.6,75,0.2,4.4,261,4.3458286986186065,0.6883116461770159
2014-07-15 15:00:00,29.1,78,0.2,4.7,266,4.688551036221174,0.3278554265973889
2014-07-15 16:00:00,28.8,79,0.4,4.5,284,4.366330768241984,-1.0886485301985047
2014-07-15 17:00:00,28.0,81,0.9,4.4,305,3.604268994871564,-2.523736319944603
2014-07-15 18:00:00,27.7,81,0.0,1.8,53,-1.437543918085127,-1.0832670416736871
2014-07-15 19:00:00,27.5,82,0.0,3.8,107,-3.633958072659535,1.111012477946399
2014-07-15 20:00:00,25.6,90,0.0,4.7,212,2.490620541896063,3.9858260519352022
2014-07-15 21:00:00,24.5,92,0.0,5.6,207,2.542346798541462,4.989636535454859
2014-07-15 22:00:00,24.6,91,0.1,4.0,185,0.34862297099063255,3.984778792366982
2014-07-15 23:00:00,25.8,88,0.2,3.1,159,-1.1109406435904308,2.8940993221413254
2014-07-16 00:00:00,25.9,88,0.3,2.8,130,-2.144924440733138,1.7998053071223103
2014-07-16 01:00:00,25.4,91,0.0,2.1,121,-1.8000513314744357,1.0815799573111142
2014-07-16 02:00:00,25.2,92,0.3,2.1,121,-1.8000513314744357,1.0815799573111142
2014-07-16 03:00:00,24.2,89,0.9,4.2,110,-3.9467090073008153,1.4364846019678092
2014-07-16 04:00:00,25.6,83,0.0,3.3,77,-3.2154212137912763,-0.7423384793347544
2014-07-16 05:00:00,24.8,88,0.0,2.1,59,-1.800051331474436,-1.0815799573111138
2014-07-16 06:00:00,24.3,91,0.0,3.7,61,-3.236092916415765,-1.7937955949114468
2014-07-16 07:00:00,25.3,93,0.0,3.2,360,1.9594348786357652e-16,-3.2
2014-07-16 08:00:00,26.8,86,0.0,6.2,339,2.2218812871808624,-5.788198644282651
2014-07-16 09:00:00,27.5,82,0.1,8.5,332,3.9905082836800725,-7.505054539300878
2014-07-16 10:00:00,28.5,77,0.0,10.3,331,4.993539088537273,-9.008582983535776
2014-07-16 11:00:00,29.4,73,0.2,10.9,326,6.09520264783114,-9.036509540849956
2014-07-16 12:00:00,29.5,73,0.9,10.2,328,5.40517649517869,-8.650090580795544
2014-07-16 13:00:00,29.3,74,1.0,10.2,328,5.40517649517869,-8.650090580795544
2014-07-16 14:00:00,29.1,73,1.3,8.7,330,4.3500000000000005,-7.534421012924615
2014-07-16 15:00:00,28.9,74,0.1,9.8,343,2.8652427062828205,-9.371786608437748
2014-07-16 16:00:00,28.5,76,0.3,7.6,341,2.474317973874391,-7.185941174554807
2014-07-16 17:00:00,28.1,78,0.4,6.4,344,1.7640790772287946,-6.1520748540052415
2014-07-16 18:00:00,27.7,80,0.0,4.7,351,0.7352419856890854,-4.6421352007971475
2014-07-16 19:00:00,26.8,86,0.2,4.7,351,0.7352419856890854,-4.6421352007971475
2014-07-16 20:00:00,26.2,87,0.0,4.0,360,2.4492935982947064e-16,-4.0
2014-07-16 21:00:00,25.9,88,1.5,3.1,54,-2.5079526825623377,-1.8221342821066664
2014-07-16 22:00:00,24.6,92,2.0,2.9,83,-2.878383839759834,-0.3534210958749272
2014-07-16 23:00:00,24.6,91,0.0,2.7,113,-2.485363104321589,1.0549740469210394
2014-07-17 00:00:00,24.4,90,0.0,2.8,130,-2.144924440733138,1.7998053071223103
2014-07-17 01:00:00,23.3,93,0.0,3.5,114,-3.197409101749103,1.4235782507653014
2014-07-17 02:00:00,23.2,93,0.0,3.7,119,-3.2360929164157644,1.7937955949114477
2014-07-17 03:00:00,23.1,92,1.7000000000000002,3.7,119,-3.2360929164157644,1.7937955949114477
2014-07-17 04:00:00,23.0,92,2.3,4.4,125,-3.6042689948715645,2.5237363199446023
2014-07-17 05:00:00,22.7,91,2.1,4.3,114,-3.9282454678631833,1.7489675652259418
2014-07-17 06:00:00,22.5,91,0.6,2.9,97,-2.8783838397598336,0.35342109587492787
2014-07-17 07:00:00,25.6,85,0.0,1.8,127,-1.4375439180851273,1.0832670416736867
2014-07-17 08:00:00,27.7,74,0.0,3.8,253,3.6339580726595346,1.1110124779463997
2014-07-17 09:00:00,28.3,75,0.0,6.1,267,6.0916401620029,0.31924933308195735
2014-07-17 10:00:00,29.1,74,0.0,7.3,281,7.165878439167947,-1.392905666248777
2014-07-17 11:00:00,29.6,73,0.0,7.4,293,6.811735915548059,-2.891410350820626
2014-07-17 12:00:00,29.6,74,0.2,7.6,295,6.887939181478539,-3.211898789229316
2014-07-17 13:00:00,29.6,74,0.7000000000000001,6.8,295,6.162892951849219,-2.873804179836756
2014-07-17 14:00:00,30.2,71,0.2,4.9,306,3.9641832724372428,-2.8801477362331185
2014-07-17 15:00:00,28.1,76,1.3,3.1,315,2.1920310216782974,-2.192031021678297
2014-07-17 16:00:00,27.6,77,2.5,0.8,27,-0.36319239979163753,-0.7128052193506943
2014-07-17 17:00:00,27.4,78,0.3,1.8,37,-1.083267041673687,-1.437543918085127
2014-07-17 18:00:00,27.4,78,0.0,0.8,63,-0.7128052193506944,-0.36319239979163737
2014-07-17 19:00:00,26.6,86,0.0,0.8,207,0.3631923997916375,0.7128052193506943
2014-07-17 20:00:00,25.2,91,0.0,1.8,191,0.34345619167778085,1.7669289302057951
2014-07-17 21:00:00,24.7,92,1.8,2.3,129,-1.7874357113510329,1.4474368994146258
2014-07-17 22:00:00,24.2,93,3.8,5.2,106,-4.998560818879258,1.433314250248396
2014-07-17 23:00:00,23.9,92,3.7,6.7,106,-6.440453362786736,1.8467702839738949
2014-07-18 00:00:00,24.2,89,2.8,5.7,108,-5.421022142882375,1.7613968679372007
2014-07-18 01:00:00,23.6,89,1.1,4.3,114,-3.9282454678631833,1.7489675652259418
2014-07-18 02:00:00,23.8,86,0.0,5.1,135,-3.606244584051392,3.6062445840513924
2014-07-18 03:00:00,23.3,86,1.3,7.0,159,-2.5085756468171017,6.535062985480412
2014-07-18 04:00:00,23.2,88,2.5,6.0,147,-3.2678342100901627,5.032023407672543
2014-07-18 05:00:00,23.2,88,1.2,4.3,114,-3.9282454678631833,1.7489675652259418
2014-07-18 06:00:00,24.1,83,0.0,5.4,53,-4.312631754255381,-3.2498011250210617
2014-07-18 07:00:00,26.4,74,0.0,3.1,21,-1.1109406435904323,-2.894099322141325
2014-07-18 08:00:00,27.6,72,0.0,4.0,297,3.5640260967534716,-1.815961998958187
2014-07-18 09:00:00,28.2,71,0.0,5.6,285,5.4091846272187825,-1.4493866525741161
2014-07-18 10:00:00,28.9,71,0.0,6.6,292,6.1194134401407965,-2.472403516545019
2014-07-18 11:00:00,29.0,72,0.0,7.5,305,6.143640332167439,-4.301823272632845
2014-07-18 12:00:00,29.1,72,0.7000000000000001,5.7,305,4.669166652447253,-3.2693856872009626
2014-07-18 13:00:00,29.1,72,1.4,6.8,295,6.162892951849219,-2.873804179836756
2014-07-18 14:00:00,28.4,77,4.6,7.9,294,7.217009115376547,-3.2132194802988217
2014-07-18 15:00:00,28.3,74,6.9,6.2,291,5.788198644282651,-2.2218812871808615
2014-07-18 16:00:00,27.7,76,3.3,3.7,259,3.632020578756357,0.7059932828932158
2014-07-18 17:00:00,27.0,80,0.4,1.0,315,0.7071067811865476,-0.7071067811865475
2014-07-18 18:00:00,26.1,84,0.8,2.2,81,-2.1729143493093033,-0.3441558230885076
2014-07-18 19:00:00,25.5,90,0.0,3.4,58,-2.8833635269318485,-1.8017254983928963
2014-07-18 20:00:00,26.0,82,0.0,2.7,23,-1.0549740469210394,-2.4853631043215887
2014-07-18 21:00:00,24.2,91,0.0,2.1,59,-1.800051331474436,-1.0815799573111138
2014-07-18 22:00:00,23.5,93,2.0,1.5,104,-1.4554435894139948,0.3628828433995016
2014-07-18 23:00:00,23.2,94,1.7000000000000002,2.9,150,-1.4499999999999993,2.511473670974872
2014-07-19 00:00:00,24.0,89,1.3,4.9,144,-2.880147736233118,3.9641832724372428
2014-07-19 01:00:00,25.1,83,0.7000000000000001,4.1,128,-3.2308440897875594,2.5242120488351993
2014-07-19 02:00:00,24.8,85,0.0,5.0,120,-4.330127018922194,2.4999999999999996
2014-07-19 03:00:00,24.8,83,2.0,4.6,135,-3.252691193458118,3.2526911934581184
2014-07-19 04:00:00,24.9,82,1.0,4.4,125,-3.6042689948715645,2.5237363199446023
2014-07-19 05:00:00,24.8,82,0.6,4.4,99,-4.345828698618606,0.6883116461770163
2014-07-19 06:00:00,24.9,81,0.2,4.5,104,-4.366330768241984,1.0886485301985047
2014-07-19 07:00:00,25.4,85,0.0,2.6,16,-0.7166571251241971,-2.4992804094396295
2014-07-19 08:00:00,26.3,83,0.0,5.5,337,2.1490212066910055,-5.062776693988422
2014-07-19 09:00:00,27.3,80,0.0,6.8,335,2.873804179836756,-6.162892951849219
2014-07-19 10:00:00,28.0,76,0.0,6.8,328,3.603450996785793,-5.766727053863696
2014-07-19 11:00:00,28.6,74,0.1,6.2,324,3.6442685642133337,-5.0159053651246746
2014-07-19 12:00:00,28.3,76,0.5,5.5,328,2.914555953282627,-4.664264528860342
2014-07-19 13:00:00,27.6,80,1.8,6.3,347,1.4171916423663489,-6.1385314081469815
2014-07-19 14:00:00,27.1,80,3.7,7.4,331,3.587591189822895,-6.472185832831529
2014-07-19 15:00:00,27.4,80,1.0,7.7,323,4.633975678270772,-6.149493427364155
2014-07-19 16:00:00,27.3,82,1.2,5.8,330,2.9000000000000004,-5.0229473419497435
2014-07-19 17:00:00,26.5,85,1.1,4.8,333,2.1791543987498248,-4.276831316104166
2014-07-19 18:00:00,25.8,87,1.5,1.6,333,0.726384799583275,-1.4256104387013886
2014-07-19 19:00:00,25.3,90,0.1,1.4,180,8.572527594031472e-17,1.4
2014-07-19 20:00:00,24.7,92,0.3,5.2,205,2.197614961051637,4.7128004925905795
2014-07-19 21:00:00,24.2,94,0.6,6.4,207,2.9055391983331,5.702441754805554
2014-07-19 22:00:00,23.8,96,0.4,3.6,217,2.1665340833473743,2.875087836170254
2014-07-19 23:00:00,23.8,95,0.1,2.1,211,1.0815799573111138,1.800051331474436
2014-07-20 00:00:00,24.2,92,0.1,2.3,219,1.447436899414626,1.7874357113510329
2014-07-20 01:00:00,23.0,95,0.0,2.4,243,2.138415658052083,1.0895771993749122
2014-07-20 02:00:00,22.9,95,0.0,1.8,259,1.7669289302057951,0.34345619167778063
2014-07-20 03:00:00,23.8,94,0.0,1.4,270,1.4,0.0
2014-07-20 04:00:00,23.6,94,0.0,1.1,270,1.1,0.0
2014-07-20 05:00:00,23.4,96,0.0,0.7000000000000001,270,0.7000000000000001,0.0
2014-07-20 06:00:00,23.1,97,0.0,0.5,225,0.3535533905932738,0.35355339059327373
2014-07-20 07:00:00,24.3,96,0.0,1.4,270,1.4,0.0
2014-07-20 08:00:00,25.1,94,0.0,2.2,270,2.2,0.0
2014-07-20 09:00:00,26.4,91,0.0,3.3,276,3.2819222547153015,-0.3449439287832564
2014-07-20 10:00:00,27.6,87,0.6,4.3,294,3.9282454678631837,-1.7489675652259409
2014-07-20 11:00:00,27.9,84,0.9,5.5,293,5.062776693988422,-2.149021206691006
2014-07-20 12:00:00,28.1,83,0.9,6.6,292,6.1194134401407965,-2.472403516545019
2014-07-20 13:00:00,28.2,79,1.2,3.9,304,3.2332465329646625,-2.180852323535913
2014-07-20 14:00:00,28.3,76,0.9,2.0,315,1.4142135623730951,-1.414213562373095
2014-07-20 15:00:00,27.6,79,1.2,4.0,350,0.6945927106677217,-3.939231012048832
2014-07-20 16:00:00,27.8,79,0.4,4.6,342,1.4214781741247582,-4.3748599749577055
2014-07-20 17:00:00,27.8,79,0.5,4.2,329,2.1631599146222276,-3.600102662948872
2014-07-20 18:00:00,27.4,81,0.0,2.4,333,1.0895771993749124,-2.138415658052083
2014-07-20 19:00:00,26.5,87,0.0,1.5,346,0.3628828433995015,-1.4554435894139948
2014-07-20 20:00:00,25.5,89,0.0,1.8,217,1.0832670416736871,1.437543918085127
2014-07-20 21:00:00,24.4,92,0.0,4.0,185,0.34862297099063255,3.984778792366982
2014-07-20 22:00:00,23.8,94,0.2,6.4,142,-3.9402334420842133,5.043268823083022
2014-07-20 23:00:00,23.6,95,1.9,5.6,140,-3.5996106142446203,4.289848881466277
2014-07-21 00:00:00,23.6,95,1.3,5.6,135,-3.9597979746446654,3.9597979746446663
2014-07-21 01:00:00,23.3,94,0.3,6.1,135,-4.313351365237939,4.31335136523794
2014-07-21 02:00:00,22.9,94,0.2,6.0,147,-3.2678342100901627,5.032023407672543
2014-07-21 03:00:00,23.6,84,0.0,5.8,150,-2.8999999999999986,5.022947341949744
2014-07-21 04:00:00,23.7,82,0.0,5.2,155,-2.1976149610516367,4.71280049259058
2014-07-21 05:00:00,22.9,86,0.0,5.5,148,-2.914555953282626,4.664264528860343
2014-07-21 06:00:00,23.1,85,0.0,4.6,135,-3.252691193458118,3.2526911934581184
2014-07-21 07:00:00,24.9,87,0.0,2.6,146,-1.4539015490239415,2.1554976886431088
2014-07-21 08:00:00,26.8,81,0.0,1.8,270,1.8,0.0
2014-07-21 09:00:00,27.7,81,0.0,3.7,299,3.2360929164157644,-1.7937955949114472
2014-07-21 10:00:00,28.5,78,0.1,4.3,294,3.9282454678631837,-1.7489675652259409
2014-07-21 11:00:00,28.9,76,1.1,4.3,294,3.9282454678631837,-1.7489675652259409
2014-07-21 12:00:00,28.9,77,2.2,5.2,295,4.7128004925905795,-2.197614961051637
2014-07-21 13:00:00,28.9,78,1.8,5.1,315,3.6062445840513924,-3.606244584051392
2014-07-21 14:00:00,29.0,78,0.4,5.9,322,3.6324027044213842,-4.64926344627966
2014-07-21 15:00:00,28.0,77,1.5,6.6,331,3.199743493625825,-5.772490067120011
2014-07-21 16:00:00,28.4,76,1.6,5.9,317,4.023790324368742,-4.314986839553106
2014-07-21 17:00:00,28.4,77,0.8,4.1,315,2.899137802864845,-2.8991378028648445
2014-07-21 18:00:00,27.9,79,0.0,2.5,278,2.475670171853926,-0.3479327524001636
2014-07-21 19:00:00,26.9,85,0.0,2.9,210,1.4500000000000002,2.5114736709748717
2014-07-21 20:00:00,25.7,89,0.0,4.0,207,1.8159619989581872,3.564026096753471
2014-07-21 21:00:00,24.8,92,0.0,4.6,198,1.4214781741247582,4.3748599749577055
2014-07-21 22:00:00,24.3,93,1.3,6.0,147,-3.2678342100901627,5.032023407672543
2014-07-21 23:00:00,24.0,93,1.4,6.7,126,-5.420413862312147,3.938161190359571
2014-07-22 00:00:00,23.7,92,0.4,5.4,132,-4.012982057577928,3.613305274337835
2014-07-22 01:00:00,23.5,90,1.2,5.6,130,-4.289848881466276,3.5996106142446207
2014-07-22 02:00:00,23.2,89,1.4,6.1,118,-5.385980316439454,2.863776532993933
2014-07-22 03:00:00,23.2,90,4.5,5.0,120,-4.330127018922194,2.4999999999999996
2014-07-22 04:00:00,22.8,91,3.9,3.2,117,-2.851220877402777,1.4527695991665501
2014-07-22 05:00:00,22.7,90,0.6,3.4,108,-3.233592155403522,1.0506577808748214
2014-07-22 06:00:00,23.7,84,0.0,1.8,101,-1.7669289302057951,0.34345619167778096
2014-07-22 07:00:00,25.0,81,0.8,1.8,53,-1.437543918085127,-1.0832670416736871
2014-07-22 08:00:00,25.8,76,0.0,1.6,27,-0.7263847995832751,-1.4256104387013886
2014-07-22 09:00:00,26.7,77,0.0,3.1,339,1.1109406435904312,-2.8940993221413254
2014-07-22 10:00:00,27.7,78,0.0,6.4,333,2.9055391983331,-5.702441754805554
2014-07-22 11:00:00,28.4,76,0.0,9.7,338,3.633683956134346,-8.993683389297837
2014-07-22 12:00:00,29.1,73,0.4,10.4,340,3.557009490586956,-9.772803256173447
2014-07-22 13:00:00,29.5,71,0.3,9.2,329,4.738350289172498,-7.8859391664594325
2014-07-22 14:00:00,29.5,72,0.2,6.0,335,2.5357095704441965,-5.437846722219899
2014-07-22 15:00:00,29.7,72,0.6,6.2,324,3.6442685642133337,-5.0159053651246746
2014-07-22 16:00:00,29.1,77,1.1,6.0,327,3.2678342100901627,-5.032023407672544
2014-07-22 17:00:00,28.2,83,2.3,5.0,330,2.5000000000000004,-4.330127018922193
2014-07-22 18:00:00,27.2,88,3.4,6.0,343,1.7542302283364206,-5.737828535778212
2014-07-22 19:00:00,26.3,89,2.6,10.4,2,-0.36295476570600793,-10.393664600998596
2014-07-22 20:00:00,25.5,91,3.1,13.4,352,1.8649195528648772,-13.269592121137043
2014-07-22 21:00:00,24.9,93,5.3,15.5,360,9.491012693391988e-16,-15.5
2014-07-22 22:00:00,24.4,94,5.6,17.8,352,2.4772811970891655,-17.626771623599954
2014-07-22 23:00:00,24.2,95,5.6,19.0,350,3.2993153756716778,-18.711347307231954
2014-07-23 00:00:00,24.3,95,6.5,12.1,350,2.101142949769858,-11.916173811447717
2014-07-23 01:00:00,24.2,95,11.3,1.9,292,1.761649323676896,-0.7117525274902328
2014-07-23 02:00:00,24.3,94,14.0,12.3,201,4.407925779407195,11.483039245915583
2014-07-23 03:00:00,24.9,91,8.2,24.1,190,4.184921081773023,23.733866847594214
2014-07-23 04:00:00,25.6,83,5.0,27.5,191,5.247247372854985,26.99474754481076
2014-07-23 05:00:00,25.5,82,3.7,29.8,188,4.147358408609951,29.5099884484988
2014-07-23 06:00:00,25.4,85,4.7,29.7,191,5.667027162683384,29.15432734839562
2014-07-23 07:00:00,25.1,88,8.3,31.1,193,6.9959777900942,30.302909014820816
2014-07-23 08:00:00,24.5,89,19.1,38.6,201,13.833002852448596,36.036204462791986
2014-07-23 09:00:00,24.4,90,25.4,38.8,202,14.534735824537384,35.97473355719135
2014-07-23 10:00:00,25.0,90,24.0,36.8,198,11.371825392998065,34.998879799661644
2014-07-23 11:00:00,24.9,92,16.8,33.5,197,9.794452108211681,32.036209324761685
2014-07-23 12:00:00,25.1,92,6.0,31.4,198,9.703133623373349,29.86317461166782
2014-07-23 13:00:00,25.6,90,6.7,28.1,199,9.148465140246106,26.5690719743408
2014-07-23 14:00:00,25.9,88,10.2,27.9,200,9.54236199878616,26.21742411992684
2014-07-23 15:00:00,25.2,90,8.0,26.5,198,8.188950350936107,25.202997681821568
2014-07-23 16:00:00,25.2,91,10.5,28.1,201,10.07013938222294,26.23360998457137
2014-07-23 17:00:00,25.0,91,7.5,26.1,198,8.065343553186128,24.822575075303508
2014-07-23 18:00:00,24.5,94,4.8,23.8,183,1.2455957585820665,23.76738292715886
2014-07-23 19:00:00,24.7,93,2.6,25.2,178,-0.879467316903024,25.184648840881213
2014-07-23 20:00:00,24.9,91,2.1,23.8,177,-1.2455957585820634,23.76738292715886
2014-07-23 21:00:00,25.0,89,2.2,22.7,181,0.39616962612633766,22.69654268005008
2014-07-23 22:00:00,25.0,89,1.5,22.3,182,0.7782587764657741,22.286415442525836
2014-07-23 23:00:00,24.9,88,1.3,22.0,181,0.3839529416202392,21.99664929344061
2014-07-24 00:00:00,25.0,86,1.5,21.6,178,-0.7538291287740206,21.58684186361247
2014-07-24 01:00:00,24.9,85,1.0,21.7,175,-1.8912796176241837,21.617424948590877
2014-07-24 02:00:00,24.6,83,0.5,20.3,174,-2.1219278043333674,20.18879447597595
2014-07-24 03:00:00,24.5,80,0.7000000000000001,17.8,172,-2.4772811970891633,17.626771623599954
2014-07-24 04:00:00,24.4,77,0.4,17.6,165,-4.555215193804368,17.000294542687605
2014-07-24 05:00:00,24.4,74,0.0,16.8,165,-4.34815995772235,16.22755388165635
2014-07-24 06:00:00,24.5,73,0.0,15.0,163,-4.38557557084105,14.344571339445533
2014-07-24 07:00:00,24.9,73,0.1,14.6,164,-4.024305394928186,14.034420760699456
2014-07-24 08:00:00,26.0,72,0.1,15.7,171,-2.4560211011316238,15.506706947343663
2014-07-24 09:00:00,26.9,72,0.1,16.2,181,0.2827289842839943,16.197532661533536
2014-07-24 10:00:00,27.6,71,0.0,17.6,179,-0.30716235329618924,17.59731943475249
2014-07-24 11:00:00,28.0,70,0.1,20.2,182,0.7049698333905218,20.187694705785734
2014-07-24 12:00:00,28.6,69,0.0,20.0,188,2.783462019201309,19.805361374831406
2014-07-24 13:00:00,28.5,70,0.1,17.4,193,3.914148345583249,16.95403912726309
2014-07-24 14:00:00,28.3,72,0.0,16.9,196,4.658271313307285,16.245322661357587
2014-07-24 15:00:00,27.7,76,0.1,16.6,198,5.129682106624128,15.78753817049955
2014-07-24 16:00:00,27.2,80,0.0,16.4,195,4.24463233968134,15.84118355114072
2014-07-24 17:00:00,26.8,82,0.0,14.0,192,2.9107636714486325,13.694066410273278
2014-07-24 18:00:00,26.2,82,0.0,10.5,188,1.4613175600806874,10.397814721786489
2014-07-24 19:00:00,25.5,83,0.0,10.1,184,0.7045403848156648,10.075396907624224
2014-07-24 20:00:00,24.7,86,0.0,11.0,191,2.098898949141994,10.797899017924303
2014-07-24 21:00:00,24.2,87,0.0,10.9,189,1.705135668938517,10.765802912487002
2014-07-24 22:00:00,23.9,87,0.0,10.8,182,0.3769145643870117,10.793420931806235
2014-07-24 23:00:00,23.4,88,0.0,10.4,182,0.36295476570601126,10.393664600998596
2014-07-25 00:00:00,23.1,88,0.0,10.4,180,6.368163355566237e-16,10.4
2014-07-25 01:00:00,23.0,88,0.0,10.5,176,-0.732442974313316,10.474422527728153
2014-07-25 02:00:00,23.6,84,0.0,10.2,172,-1.4195656297926664,10.100734301164017
2014-07-25 03:00:00,24.8,80,0.0,9.4,182,0.3280552690035102,9.394273773979501
2014-07-25 04:00:00,24.6,81,0.0,9.7,184,0.6766377953180147,9.676371287520293
2014-07-25 05:00:00,22.8,88,0.0,11.5,182,0.4013442120787624,11.492994510719601
2014-07-25 06:00:00,22.3,90,0.0,9.1,171,-1.4235536318661004,8.987963899415753
2014-07-25 07:00:00,24.6,87,0.0,9.4,173,-1.1455718280083853,9.329933825428428
2014-07-25 08:00:00,26.6,78,0.0,10.7,194,2.588564282916444,10.382164271153162
2014-07-25 09:00:00,27.5,78,0.0,14.7,205,6.212488447588282,13.322724469438754
2014-07-25 10:00:00,27.7,79,0.0,15.6,203,6.09540560443267,14.35987571385807
2014-07-25 11:00:00,28.0,77,0.0,16.1,200,5.506524307543269,15.129051194653126
2014-07-25 12:00:00,28.2,77,1.2,15.5,208,7.276809223181308,13.685687689313367
2014-07-25 13:00:00,27.0,82,0.5,13.0,199,4.232386007943038,12.291741482791117
2014-07-25 14:00:00,26.6,85,0.0,12.4,210,6.200000000000002,10.73871500692704
2014-07-25 15:00:00,27.0,84,2.1,12.4,206,5.435802220184561,11.145046174109671
2014-07-25 16:00:00,26.3,86,4.3,11.8,200,4.035837691242892,11.088372925273719
2014-07-25 17:00:00,25.2,88,2.0,8.8,192,1.8296228791962834,8.60769888645749
2014-07-25 18:00:00,24.9,89,0.0,6.9,186,0.7212463965468089,6.862201078041086
2014-07-25 19:00:00,24.3,93,0.0,5.4,172,-0.7515347451843529,5.34744757120448
2014-07-25 20:00:00,24.3,92,0.0,5.1,176,-0.35575801609503915,5.087576656325103
2014-07-25 21:00:00,23.8,94,0.0,3.5,156,-1.423578250765301,3.197409101749103
2014-07-25 22:00:00,23.6,95,0.0,4.1,142,-2.524212048835199,3.23084408978756
2014-07-25 23:00:00,22.1,98,0.0,4.1,142,-2.524212048835199,3.23084408978756
2014-07-26 00:00:00,21.7,98,0.0,4.1,142,-2.524212048835199,3.23084408978756
2014-07-26 01:00:00,21.4,97,0.0,3.6,143,-2.1665340833473743,2.8750878361702537
2014-07-26 02:00:00,21.4,97,0.0,3.6,135,-2.545584412271571,2.5455844122715714
2014-07-26 03:00:00,21.4,94,0.0,4.0,117,-3.564026096753471,1.8159619989581874
2014-07-26 04:00:00,21.2,95,0.0,4.0,95,-3.984778792366982,0.3486229709906328
2014-07-26 05:00:00,21.0,95,0.0,5.0,90,-5.0,6.123233995736766e-16
2014-07-26 06:00:00,21.1,95,0.0,6.1,87,-6.0916401620029,-0.31924933308195574
2014-07-26 07:00:00,23.6,92,0.0,5.8,86,-5.78587149150698,-0.4045875477159266
2014-07-26 08:00:00,25.6,86,0.0,3.5,24,-1.4235782507653003,-3.1974091017491033
2014-07-26 09:00:00,27.1,79,0.0,4.3,336,1.7489675652259409,-3.9282454678631837
2014-07-26 10:00:00,27.9,76,0.0,5.4,312,4.012982057577929,-3.6133052743378347
2014-07-26 11:00:00,27.9,76,0.4,6.4,297,5.702441754805555,-2.9055391983330994
2014-07-26 12:00:00,28.1,76,1.3,5.3,298,4.679622242152313,-2.4881992827652213
2014-07-26 13:00:00,27.8,74,3.4,5.1,309,3.963444403430551,-3.2095339943541705
2014-07-26 14:00:00,27.3,76,4.2,7.2,333,3.268731598124737,-6.415246974156248
2014-07-26 15:00:00,27.0,78,1.6,8.0,355,0.6972459419812651,-7.969557584733964
2014-07-26 16:00:00,27.3,77,0.0,7.5,343,2.192787785420526,-7.172285669722766
2014-07-26 17:00:00,27.0,80,0.0,7.5,325,4.301823272632846,-6.143640332167439
2014-07-26 18:00:00,26.4,84,0.0,4.8,312,3.5670951622914924,-3.2118269105225195
2014-07-26 19:00:00,25.5,89,0.0,5.0,339,1.791839747726502,-4.667902132486009
2014-07-26 20:00:00,25.5,87,0.0,3.2,360,1.9594348786357652e-16,-3.2
2014-07-26 21:00:00,25.3,88,0.0,2.5,315,1.7677669529663689,-1.7677669529663687
2014-07-26 22:00:00,25.2,89,0.0,1.1,108,-1.0461621679246689,0.3399186938124423
2014-07-26 23:00:00,25.0,90,0.0,2.6,74,-2.499280409439629,-0.7166571251241974
2014-07-27 00:00:00,24.6,92,0.0,2.8,50,-2.1449244407331385,-1.7998053071223097
2014-07-27 01:00:00,24.3,94,0.0,3.8,41,-2.4930243101639276,-2.8678964048465336
2014-07-27 02:00:00,24.0,96,0.0,3.6,45,-2.545584412271572,-2.545584412271571
2014-07-27 03:00:00,24.6,88,0.1,3.3,49,-2.490541614735148,-2.1649947956686733
2014-07-27 04:00:00,24.4,89,0.0,4.2,59,-3.600102662948872,-2.1631599146222276
2014-07-27 05:00:00,23.8,92,0.0,5.2,56,-4.3109953772862175,-2.907803098047883
2014-07-27 06:00:00,23.1,96,0.0,6.9,39,-4.342310698243882,-5.362307134053097
2014-07-27 07:00:00,24.9,93,0.0,8.1,13,-1.8221035401853085,-7.892397524760404
2014-07-27 08:00:00,26.0,86,0.0,10.8,2,-0.37691456438700827,-10.793420931806235
2014-07-27 09:00:00,27.1,80,0.0,11.9,357,0.6227978792910333,-11.88369146357943
2014-07-27 10:00:00,27.8,78,0.0,13.2,349,2.518678738970393,-12.957478821509163
2014-07-27 11:00:00,28.3,75,0.1,12.6,347,2.8343832847326977,-12.277062816293963
2014-07-27 12:00:00,28.2,75,0.5,10.4,340,3.557009490586956,-9.772803256173447
2014-07-27 13:00:00,28.3,79,1.3,9.7,333,4.403707847473604,-8.642763284627167
2014-07-27 14:00:00,27.4,82,5.5,6.3,347,1.4171916423663489,-6.1385314081469815
2014-07-27 15:00:00,27.4,79,0.3,5.3,332,2.4881992827652213,-4.679622242152313
2014-07-27 16:00:00,27.0,80,0.2,6.8,342,2.1013155617496424,-6.467184310807044
2014-07-27 17:00:00,26.8,83,0.0,5.4,340,1.8469087739586119,-5.074340152243905
2014-07-27 18:00:00,26.5,85,0.0,4.7,337,1.8364363038995866,-4.32637281122647
2014-07-27 19:00:00,25.5,92,0.0,2.3,342,0.7107390870623791,-2.1874299874788528
2014-07-27 20:00:00,24.5,93,0.5,2.6,196,0.7166571251241979,2.499280409439629
2014-07-27 21:00:00,24.5,91,0.7000000000000001,2.7,203,1.0549740469210391,2.485363104321589
2014-07-27 22:00:00,23.3,94,1.6,4.3,132,-3.195522749552794,2.8772616073430908
2014-07-27 23:00:00,23.3,92,0.3,4.4,125,-3.6042689948715645,2.5237363199446023
2014-07-28 00:00:00,23.1,92,1.2,3.8,131,-2.8678964048465336,2.4930243101639276
2014-07-28 01:00:00,22.7,92,0.4,5.1,141,-3.20953399435417,3.963444403430552
2014-07-28 02:00:00,23.5,86,0.0,2.8,140,-1.7998053071223101,2.1449244407331385
2014-07-28 03:00:00,23.7,82,0.0,2.3,129,-1.7874357113510329,1.4474368994146258
2014-07-28 04:00:00,23.7,81,0.0,4.0,153,-1.8159619989581868,3.5640260967534716
2014-07-28 05:00:00,23.1,84,0.0,4.4,171,-0.6883116461770157,4.3458286986186065
2014-07-28 06:00:00,22.6,86,0.5,1.8,127,-1.4375439180851273,1.0832670416736867
2014-07-28 07:00:00,24.1,88,0.5,3.5,114,-3.197409101749103,1.4235782507653014
2014-07-28 08:00:00,25.7,82,0.0,1.5,135,-1.0606601717798212,1.0606601717798214
2014-07-28 09:00:00,26.5,82,0.0,4.5,299,3.935788682127281,-2.1816432911085166
2014-07-28 10:00:00,27.6,79,0.1,6.0,303,5.032023407672544,-3.2678342100901627
2014-07-28 11:00:00,28.4,77,0.6,6.5,304,5.38874422160777,-3.634753872559855
2014-07-28 12:00:00,28.6,76,2.4,6.9,298,6.092338390726597,-3.2393537832226467
2014-07-28 13:00:00,28.4,76,2.6,6.4,297,5.702441754805555,-2.9055391983330994
2014-07-28 14:00:00,28.1,79,3.1,6.8,302,5.766727053863696,-3.603450996785793
2014-07-28 15:00:00,27.4,81,1.8,5.0,300,4.330127018922194,-2.4999999999999996
2014-07-28 16:00:00,27.9,78,0.1,4.7,274,4.688551036221174,-0.3278554265973889
2014-07-28 17:00:00,26.9,81,0.7000000000000001,2.0,225,1.4142135623730951,1.414213562373095
2014-07-28 18:00:00,26.7,82,0.6,3.1,234,2.5079526825623373,1.8221342821066668
2014-07-28 19:00:00,25.9,85,0.4,3.3,229,2.4905416147351476,2.1649947956686737
2014-07-28 20:00:00,24.9,89,1.3,2.9,187,0.3534210958749277,2.8783838397598336
2014-07-28 21:00:00,24.1,91,1.8,3.8,163,-1.1110124779463992,3.633958072659535
2014-07-28 22:00:00,23.6,92,0.7000000000000001,5.6,130,-4.289848881466276,3.5996106142446207
2014-07-28 23:00:00,23.3,92,0.5,5.1,129,-3.963444403430551,3.2095339943541705
2014-07-29 00:00:00,23.1,92,0.6,5.1,129,-3.963444403430551,3.2095339943541705
2014-07-29 01:00:00,23.2,90,0.0,5.1,141,-3.20953399435417,3.963444403430552
2014-07-29 02:00:00,23.7,87,0.0,4.9,144,-2.880147736233118,3.9641832724372428
2014-07-29 03:00:00,22.2,91,0.0,5.4,143,-3.2498011250210617,4.312631754255381
2014-07-29 04:00:00,22.4,89,0.0,4.6,135,-3.252691193458118,3.2526911934581184
2014-07-29 05:00:00,22.6,87,0.0,3.4,108,-3.233592155403522,1.0506577808748214
2014-07-29 06:00:00,22.8,86,0.0,2.9,90,-2.9,3.5514757175273243e-16
2014-07-29 07:00:00,24.7,87,0.0,3.6,90,-3.6,4.4087284769304716e-16
2014-07-29 08:00:00,26.3,81,0.0,2.6,344,0.7166571251241979,-2.499280409439629
2014-07-29 09:00:00,27.2,80,0.1,5.1,321,3.209533994354171,-3.963444403430551
2014-07-29 10:00:00,27.7,79,0.4,7.4,317,5.046787864462489,-5.412017391981862
2014-07-29 11:00:00,28.3,77,0.3,7.7,319,5.051654523226906,-5.811263767715345
2014-07-29 12:00:00,28.3,80,1.4,7.9,321,4.971631089293717,-6.139453095510071
2014-07-29 13:00:00,28.7,78,1.7000000000000002,7.1,336,2.8878301658381815,-6.486172749262466
2014-07-29 14:00:00,27.8,79,2.6,6.2,339,2.2218812871808624,-5.788198644282651
2014-07-29 15:00:00,28.3,82,1.4,6.3,336,2.5624408513775414,-5.755336383148386
2014-07-29 16:00:00,28.0,81,3.1,5.0,339,1.791839747726502,-4.667902132486009
2014-07-29 17:00:00,27.6,82,0.6,3.6,307,2.875087836170254,-2.166534083347374
2014-07-29 18:00:00,27.6,82,0.0,2.1,301,1.800051331474436,-1.0815799573111138
2014-07-29 19:00:00,26.6,88,0.0,2.4,243,2.138415658052083,1.0895771993749122
2014-07-29 20:00:00,25.3,91,0.0,4.5,209,2.181643291108517,3.935788682127281
2014-07-29 21:00:00,24.5,92,0.0,6.1,208,2.863776532993934,5.385980316439453
2014-07-29 22:00:00,23.9,94,0.0,6.0,197,1.7542302283364206,5.737828535778212
2014-07-29 23:00:00,23.3,95,0.0,5.4,180,3.3065463576978537e-16,5.4
2014-07-30 00:00:00,23.0,95,0.0,6.8,177,-0.35588450245201814,6.790680836331102
2014-07-30 01:00:00,22.7,95,0.0,7.3,171,-1.1419715947936848,7.210124886344506
2014-07-30 02:00:00,23.1,94,0.0,6.6,171,-1.0324674692655234,6.518743047927909
2014-07-30 03:00:00,23.6,90,0.0,6.2,173,-0.7555899291119137,6.153786140176197
2014-07-30 04:00:00,24.7,86,0.0,4.8,167,-1.079765060850552,4.676976310969129
2014-07-30 05:00:00,24.2,86,0.0,4.2,149,-2.163159914622228,3.600102662948872
2014-07-30 06:00:00,23.9,86,0.0,3.1,126,-2.507952682562337,1.822134282106667
2014-07-30 07:00:00,25.3,87,0.0,1.9,112,-1.7616493236768958,0.7117525274902332
2014-07-30 08:00:00,27.1,78,0.0,1.3,304,1.0777488443215542,-0.726950774511971
2014-07-30 09:00:00,27.7,77,0.0,2.6,326,1.4539015490239418,-2.1554976886431088
2014-07-30 10:00:00,28.4,75,0.0,4.3,336,1.7489675652259409,-3.9282454678631837
2014-07-30 11:00:00,28.9,73,0.0,6.4,333,2.9055391983331,-5.702441754805554
2014-07-30 12:00:00,29.3,73,0.0,7.9,336,3.2132194802988217,-7.217009115376547
2014-07-30 13:00:00,29.4,73,0.3,9.1,342,2.8120546488120217,-8.654614298285896
2014-07-30 14:00:00,28.8,76,0.3,8.4,350,1.4586446924022156,-8.272385125302547
2014-07-30 15:00:00,28.8,76,0.1,8.0,355,0.6972459419812651,-7.969557584733964
2014-07-30 16:00:00,28.5,78,0.2,8.2,345,2.12231616984067,-7.92059177557036
2014-07-30 17:00:00,28.2,80,0.0,7.3,349,1.3929056662487778,-7.165878439167947
2014-07-30 18:00:00,27.5,83,0.0,6.3,347,1.4171916423663489,-6.1385314081469815
2014-07-30 19:00:00,26.7,87,0.0,6.5,341,2.116193003971519,-6.145870741395559
2014-07-30 20:00:00,26.4,87,0.0,5.8,356,0.40458754771592637,-5.78587149150698
2014-07-30 21:00:00,26.2,88,0.0,2.5,360,1.5308084989341916e-16,-2.5
2014-07-30 22:00:00,25.8,90,0.0,0.8,333,0.3631923997916375,-0.7128052193506943
2014-07-30 23:00:00,25.4,91,0.0,1.1,90,-1.1,1.3471114790620887e-16
2014-07-31 00:00:00,24.6,92,0.0,1.1,90,-1.1,1.3471114790620887e-16
2014-07-31 01:00:00,24.6,92,0.0,1.6,63,-1.4256104387013888,-0.7263847995832747
2014-07-31 02:00:00,25.2,88,0.0,2.9,60,-2.5114736709748717,-1.4500000000000002
2014-07-31 03:00:00,24.5,87,0.0,2.6,74,-2.499280409439629,-0.7166571251241974
2014-07-31 04:00:00,25.2,83,0.0,1.6,63,-1.4256104387013888,-0.7263847995832747
2014-07-31 05:00:00,25.2,83,0.0,4.4,35,-2.523736319944604,-3.604268994871563
2014-07-31 06:00:00,24.3,87,0.0,8.6,15,-2.2258437878816775,-8.306962106085987
2014-07-31 07:00:00,25.2,88,0.0,8.0,8,-1.1133848076805266,-7.922144549932562
2014-07-31 08:00:00,26.2,84,0.0,10.9,8,-1.5169868004647176,-10.793921949283115
2014-07-31 09:00:00,27.1,80,0.0,12.7,7,-1.547740661245369,-12.60533612584479
2014-07-31 10:00:00,27.9,78,0.0,14.4,4,-1.0044932219154084,-14.36492232374147
2014-07-31 11:00:00,28.1,78,0.1,15.5,359,0.27051229977789576,-15.497639274924065
2014-07-31 12:00:00,28.6,74,0.0,17.0,354,1.7769838755501088,-16.906872221260645
2014-07-31 13:00:00,29.0,72,0.0,17.5,352,2.4355292668011455,-17.329691202977482
2014-07-31 14:00:00,29.3,71,0.0,16.6,347,3.734187502108158,-16.174543075434908
2014-07-31 15:00:00,28.4,78,0.3,15.6,345,4.0375771035993235,-15.068442890109464
2014-07-31 16:00:00,27.3,81,0.3,14.6,344,4.024305394928188,-14.034420760699456
2014-07-31 17:00:00,27.5,81,0.0,12.0,344,3.30764826980399,-11.535140351259827
2014-07-31 18:00:00,27.0,82,0.1,6.3,347,1.4171916423663489,-6.1385314081469815
2014-07-31 19:00:00,26.1,89,0.0,5.2,348,1.0811407922523493,-5.086367523815789
2014-07-31 20:00:00,25.9,84,0.0,1.1,342,0.3399186938124422,-1.0461621679246689
2014-07-31 21:00:00,25.3,85,0.0,2.2,270,2.2,0.0
2014-07-31 22:00:00,24.6,86,0.0,1.9,158,-0.7117525274902329,1.761649323676896
2014-07-31 23:00:00,23.8,87,0.0,4.2,160,-1.4364846019678086,3.9467090073008158
2014-08-01 00:00:00,23.0,88,0.0,3.9,146,-2.180852323535912,3.233246532964663
2014-08-01 01:00:00,22.1,89,0.0,4.3,132,-3.195522749552794,2.8772616073430908
2014-08-01 02:00:00,21.7,90,0.2,5.2,124,-4.310995377286217,2.907803098047884
2014-08-01 03:00:00,21.3,92,0.6,5.9,133,-4.314986839553106,4.023790324368742
2014-08-01 04:00:00,21.5,92,0.8,5.4,132,-4.012982057577928,3.613305274337835
2014-08-01 05:00:00,21.4,91,1.4,5.7,125,-4.669166652447254,3.269385687200962
2014-08-01 06:00:00,21.6,90,1.4,4.2,149,-2.163159914622228,3.600102662948872
2014-08-01 07:00:00,23.5,88,1.4,3.7,169,-0.7059932828932158,3.632020578756357
2014-08-01 08:00:00,25.4,79,0.9,4.8,193,1.0797650608505516,4.676976310969129
2014-08-01 09:00:00,26.3,77,0.6,6.2,187,0.7555899291119145,6.153786140176196
2014-08-01 10:00:00,26.9,77,0.2,8.1,167,-1.8221035401853067,7.892397524760405
2014-08-01 11:00:00,28.3,73,0.2,7.6,175,-0.6623836448822026,7.571079705497266
2014-08-01 12:00:00,29.1,71,0.1,8.6,180,5.265981236333618e-16,8.6
2014-08-01 13:00:00,29.4,70,0.0,9.0,178,-0.3140954703225086,8.994517443171862
2014-08-01 14:00:00,29.9,67,0.0,9.4,176,-0.6557108531947782,9.377102072442348
2014-08-01 15:00:00,30.1,65,0.3,10.7,194,2.588564282916444,10.382164271153162
2014-08-01 16:00:00,29.3,71,0.5,11.5,200,3.9332316482451914,10.806465139037945
2014-08-01 17:00:00,28.2,79,0.3,11.4,193,2.5644420195200603,11.107818738551682
2014-08-01 18:00:00,27.3,82,0.2,9.7,180,5.939536975864663e-16,9.7
2014-08-01 19:00:00,26.2,85,0.0,8.9,166,-2.1531048708370433,8.635631963856369
2014-08-01 20:00:00,25.5,86,0.0,8.1,159,-2.902780391316932,7.5620014546273335
2014-08-01 21:00:00,24.6,89,0.0,8.7,156,-3.538608794759462,7.947845481490627
2014-08-01 22:00:00,23.8,89,0.9,9.9,170,-1.71911695890261,9.74959675482086
2014-08-01 23:00:00,23.5,89,0.5,9.0,164,-2.4807362023529915,8.65135526344487
2014-08-02 00:00:00,23.0,89,0.5,8.2,151,-3.975438886019963,7.171881598543045
2014-08-02 01:00:00,23.3,89,0.8,8.2,151,-3.975438886019963,7.171881598543045
2014-08-02 02:00:00,23.3,89,1.5,8.2,151,-3.975438886019963,7.171881598543045
2014-08-02 03:00:00,23.3,91,0.7000000000000001,7.3,147,-3.9758649556096977,6.122295146001594
2014-08-02 04:00:00,23.4,91,0.5,7.8,158,-2.9219314286441143,7.232034065620942
2014-08-02 05:00:00,23.5,91,0.5,8.3,162,-2.564841053312063,7.893769085249776
2014-08-02 06:00:00,23.7,92,0.7000000000000001,8.1,148,-4.292346040288959,6.869189578867051
2014-08-02 07:00:00,24.4,91,0.4,7.4,157,-2.891410350820626,6.811735915548058
2014-08-02 08:00:00,25.8,85,0.5,7.2,183,0.3768188849491966,7.190132650232932
2014-08-02 09:00:00,26.7,81,0.5,10.2,190,1.77121141220269,10.045039080724521
2014-08-02 10:00:00,27.4,78,0.6,11.5,194,2.782101799396178,11.15840085217396
2014-08-02 11:00:00,27.6,77,0.5,13.0,194,3.14498464279568,12.613844441587954
2014-08-02 12:00:00,28.3,74,0.2,13.6,192,2.8275989951215283,13.302807369979755
2014-08-02 13:00:00,28.8,72,0.0,12.2,194,2.9514471263159456,11.837607860567156
2014-08-02 14:00:00,28.9,71,0.0,11.9,183,0.6227978792910333,11.88369146357943
2014-08-02 15:00:00,28.2,74,0.0,11.5,194,2.782101799396178,11.15840085217396
2014-08-02 16:00:00,28.2,75,0.0,11.0,203,4.298042413382011,10.125553387976844
2014-08-02 17:00:00,27.8,78,0.0,9.2,206,4.033014550459512,8.268905225952336
2014-08-02 18:00:00,27.4,80,0.0,5.0,201,1.791839747726502,4.667902132486009
2014-08-02 19:00:00,26.2,85,0.0,8.0,175,-0.6972459419812659,7.969557584733964
2014-08-02 20:00:00,25.5,88,0.0,9.4,162,-2.9047597471245052,8.939931253174445
2014-08-02 21:00:00,24.8,91,0.0,9.8,163,-2.8652427062828196,9.371786608437748
2014-08-02 22:00:00,24.3,90,0.0,10.7,166,-2.5885642829164452,10.382164271153162
2014-08-02 23:00:00,23.6,91,0.1,11.5,166,-2.7821017993961794,11.15840085217396
2014-08-03 00:00:00,23.0,92,0.0,11.3,163,-3.3038002633669246,10.806243742382302
2014-08-03 01:00:00,23.2,89,0.0,9.8,156,-3.986019102142843,8.95274548489749
2014-08-03 02:00:00,23.7,85,0.0,10.0,154,-4.383711467890775,8.98794046299167
2014-08-03 03:00:00,22.9,83,0.0,9.2,149,-4.738350289172499,7.8859391664594325
2014-08-03 04:00:00,23.9,78,0.0,7.2,143,-4.333068166694749,5.750175672340507
2014-08-03 05:00:00,24.7,74,0.0,4.6,141,-2.894873798829251,3.5748714227020666
2014-08-03 06:00:00,24.8,73,0.0,6.4,153,-2.905539198333099,5.702441754805555
2014-08-03 07:00:00,25.7,75,0.0,5.6,165,-1.4493866525741166,5.4091846272187825
2014-08-03 08:00:00,27.2,73,0.0,7.2,186,0.752604935527105,7.160557646651568
2014-08-03 09:00:00,27.7,74,0.0,7.9,204,3.2132194802988217,7.217009115376547
2014-08-03 10:00:00,28.2,76,0.0,8.2,221,5.379684037722159,6.18861855782673
2014-08-03 11:00:00,28.7,76,0.0,9.9,226,7.121464023352647,6.877117867544073
2014-08-03 12:00:00,29.0,73,0.0,10.9,226,7.8408038236912985,7.57177623800307
2014-08-03 13:00:00,29.2,72,0.2,10.9,224,7.57177623800307,7.840803823691297
2014-08-03 14:00:00,29.5,70,0.2,11.7,225,8.273149339882606,8.273149339882604
2014-08-03 15:00:00,28.3,78,0.3,10.0,206,4.383711467890775,8.98794046299167
2014-08-03 16:00:00,28.4,79,0.2,8.2,203,3.203995253612044,7.54813979831001
2014-08-03 17:00:00,28.0,79,0.2,8.2,218,5.048424097670398,6.46168817957512
2014-08-03 18:00:00,27.1,83,0.0,5.1,231,3.963444403430551,3.2095339943541705
2014-08-03 19:00:00,26.3,87,0.0,4.6,219,2.894873798829252,3.5748714227020657
2014-08-03 20:00:00,25.3,93,0.0,5.0,210,2.5000000000000004,4.330127018922193
2014-08-03 21:00:00,24.2,96,0.0,6.3,204,2.5624408513775414,5.755336383148386
2014-08-03 22:00:00,24.0,97,0.0,6.0,197,1.7542302283364206,5.737828535778212
2014-08-03 23:00:00,24.4,96,0.0,5.8,176,-0.4045875477159269,5.78587149150698
2014-08-04 00:00:00,24.9,93,0.0,5.2,164,-1.433314250248395,4.998560818879258
2014-08-04 01:00:00,24.6,93,0.0,4.6,141,-2.894873798829251,3.5748714227020666
2014-08-04 02:00:00,24.7,89,0.2,4.6,135,-3.252691193458118,3.2526911934581184
2014-08-04 03:00:00,24.5,88,0.6,1.8,191,0.34345619167778085,1.7669289302057951
2014-08-04 04:00:00,24.2,89,0.6,2.1,149,-1.081579957311114,1.800051331474436
2014-08-04 05:00:00,24.4,86,0.2,2.5,98,-2.475670171853926,0.3479327524001633
2014-08-04 06:00:00,24.5,85,0.0,1.3,146,-0.7269507745119708,1.0777488443215544
2014-08-04 07:00:00,25.0,90,0.0,2.6,196,0.7166571251241979,2.499280409439629
2014-08-04 08:00:00,26.2,83,0.0,2.0,225,1.4142135623730951,1.414213562373095
2014-08-04 09:00:00,26.9,83,0.0,3.2,243,2.8512208774027776,1.4527695991665497
2014-08-04 10:00:00,27.6,83,0.8,4.3,246,3.9282454678631837,1.7489675652259409
2014-08-04 11:00:00,28.0,84,2.8,5.4,250,5.074340152243906,1.8469087739586112
2014-08-04 12:00:00,27.9,86,2.1,5.9,259,5.791600382341218,1.1257730727216144
2014-08-04 13:00:00,27.4,89,1.9,7.7,259,7.558529312547013,1.469229264399395
2014-08-04 14:00:00,27.3,87,1.3,8.2,232,6.461688179575119,5.048424097670398
2014-08-04 15:00:00,25.9,86,3.4,2.5,270,2.5,0.0
2014-08-04 16:00:00,25.5,90,0.7000000000000001,4.3,66,-3.9282454678631837,-1.7489675652259409
2014-08-04 17:00:00,25.6,89,0.3,1.8,281,1.7669289302057951,-0.34345619167778063
2014-08-04 18:00:00,25.7,89,0.2,2.3,321,1.447436899414626,-1.7874357113510329
2014-08-04 19:00:00,25.0,94,0.0,1.6,297,1.4256104387013888,-0.7263847995832748
2014-08-04 20:00:00,25.2,91,0.0,1.8,349,0.34345619167778085,-1.7669289302057951
2014-08-04 21:00:00,25.1,91,0.2,1.8,11,-0.3434561916777803,-1.7669289302057951
2014-08-04 22:00:00,24.6,94,1.7000000000000002,2.5,45,-1.7677669529663693,-1.7677669529663687
2014-08-04 23:00:00,23.5,96,2.8,3.3,84,-3.2819222547153015,-0.3449439287832565
2014-08-05 00:00:00,23.1,96,2.8,3.1,111,-2.8940993221413254,1.1109406435904308
2014-08-05 01:00:00,23.4,95,3.0,4.0,95,-3.984778792366982,0.3486229709906328
2014-08-05 02:00:00,23.4,93,2.7,4.0,100,-3.939231012048832,0.6945927106677211
2014-08-05 03:00:00,22.9,92,1.3,5.0,90,-5.0,6.123233995736766e-16
2014-08-05 04:00:00,22.9,91,0.8,5.8,97,-5.756767679519667,0.7068421917498557
2014-08-05 05:00:00,23.1,89,0.3,5.5,101,-5.3989495089621515,1.0494494745709972
2014-08-05 06:00:00,22.3,92,0.7000000000000001,2.6,106,-2.499280409439629,0.716657125124198
2014-08-05 07:00:00,24.2,92,1.5,3.3,103,-3.215421213791276,0.7423384793347552
2014-08-05 08:00:00,26.2,79,1.3,2.3,108,-2.1874299874788528,0.7107390870623792
2014-08-05 09:00:00,26.6,78,1.0,0.7000000000000001,180,4.2862637970157366e-17,0.7000000000000001
2014-08-05 10:00:00,26.9,80,0.6,3.3,221,2.1649947956686737,2.4905416147351476
2014-08-05 11:00:00,27.0,81,2.6,4.7,184,0.3278554265973886,4.688551036221174
2014-08-05 12:00:00,26.8,83,2.8,1.1,252,1.0461621679246689,0.33991869381244216
2014-08-05 13:00:00,26.8,82,1.7000000000000002,0.8,333,0.3631923997916375,-0.7128052193506943
2014-08-05 14:00:00,26.4,85,5.4,2.2,9,-0.3441558230885083,-2.172914349309303
2014-08-05 15:00:00,27.2,78,1.1,1.5,225,1.0606601717798214,1.0606601717798212
2014-08-05 16:00:00,27.1,77,5.8,4.5,209,2.181643291108517,3.935788682127281
2014-08-05 17:00:00,26.7,79,2.5,5.1,184,0.35575801609503865,5.087576656325103
2014-08-05 18:00:00,25.8,85,0.3,2.5,180,1.5308084989341916e-16,2.5
2014-08-05 19:00:00,25.3,87,0.0,4.9,107,-4.685893304218874,1.4326213531414094
2014-08-05 20:00:00,26.4,79,0.0,3.3,131,-2.4905416147351476,2.1649947956686737
2014-08-05 21:00:00,25.4,85,0.0,3.7,169,-0.7059932828932158,3.632020578756357
2014-08-05 22:00:00,24.8,88,0.7000000000000001,4.7,176,-0.3278554265973891,4.688551036221174
2014-08-05 23:00:00,24.3,89,0.5,4.9,163,-1.4326213531414098,4.685893304218874
2014-08-06 00:00:00,25.4,82,0.0,4.6,162,-1.4214781741247577,4.374859974957706
2014-08-06 01:00:00,25.1,84,0.0,4.0,180,2.4492935982947064e-16,4.0
2014-08-06 02:00:00,25.2,83,0.0,3.7,169,-0.7059932828932158,3.632020578756357
2014-08-06 03:00:00,25.5,81,0.0,3.7,151,-1.793795594911447,3.236092916415765
2014-08-06 04:00:00,25.4,80,0.0,4.3,138,-2.8772616073430903,3.195522749552795
2014-08-06 05:00:00,25.2,80,0.0,4.2,149,-2.163159914622228,3.600102662948872
2014-08-06 06:00:00,25.0,81,0.0,2.2,171,-0.34415582308850784,2.1729143493093033
2014-08-06 07:00:00,25.5,81,0.0,2.2,180,1.3471114790620887e-16,2.2
2014-08-06 08:00:00,26.8,77,0.0,1.1,180,6.735557395310444e-17,1.1
2014-08-06 09:00:00,27.5,75,0.0,1.0,315,0.7071067811865476,-0.7071067811865475
2014-08-06 10:00:00,28.1,73,0.0,3.1,306,2.5079526825623373,-1.8221342821066668
2014-08-06 11:00:00,28.5,72,0.3,4.5,299,3.935788682127281,-2.1816432911085166
2014-08-06 12:00:00,28.7,70,0.2,5.7,252,5.421022142882375,1.7613968679372003
2014-08-06 13:00:00,28.6,70,3.4,5.9,191,1.125773072721615,5.791600382341218
2014-08-06 14:00:00,28.4,71,4.5,4.8,103,-4.6769763109691285,1.079765060850553
2014-08-06 15:00:00,27.9,73,0.0,1.3,124,-1.0777488443215542,0.726950774511971
2014-08-06 16:00:00,28.1,71,0.0,5.4,228,4.012982057577929,3.6133052743378347
2014-08-06 17:00:00,27.8,74,1.8,8.4,230,6.4347733221994154,5.39941592136693
2014-08-06 18:00:00,25.9,84,0.6,4.1,225,2.899137802864845,2.8991378028648445
2014-08-06 19:00:00,25.3,87,0.0,5.4,127,-4.312631754255382,3.2498011250210603
2014-08-06 20:00:00,25.0,89,0.0,4.6,162,-1.4214781741247577,4.374859974957706
2014-08-06 21:00:00,23.7,94,0.0,6.2,201,2.2218812871808624,5.788198644282651
2014-08-06 22:00:00,23.2,94,0.5,7.6,185,0.6623836448822018,7.571079705497266
2014-08-06 23:00:00,23.0,94,0.0,5.8,150,-2.8999999999999986,5.022947341949744
2014-08-07 00:00:00,24.1,88,0.2,5.4,184,0.3766849582182763,5.386845871403051
2014-08-07 01:00:00,22.0,98,0.9,6.5,180,3.9801020972288977e-16,6.5
2014-08-07 02:00:00,22.1,96,0.9,5.4,138,-3.6133052743378347,4.012982057577929
2014-08-07 03:00:00,23.3,90,0.0,6.8,148,-3.6034509967857926,5.766727053863697
2014-08-07 04:00:00,24.1,87,0.0,6.0,155,-2.535709570444196,5.4378467222199
2014-08-07 05:00:00,23.8,87,0.0,4.8,153,-2.179154398749824,4.276831316104166
2014-08-07 06:00:00,22.1,93,0.0,4.1,142,-2.524212048835199,3.23084408978756
2014-08-07 07:00:00,23.6,91,0.0,3.6,135,-2.545584412271571,2.5455844122715714
2014-08-07 08:00:00,25.7,83,0.0,5.0,210,2.5000000000000004,4.330127018922193
2014-08-07 09:00:00,26.9,80,0.0,7.0,215,4.015035054457323,5.7340643100229425
2014-08-07 10:00:00,28.0,76,0.2,7.1,229,5.358438019581681,4.658019105832602
2014-08-07 11:00:00,28.1,79,0.0,6.4,243,5.702441754805555,2.9055391983330994
2014-08-07 12:00:00,28.3,81,0.0,7.6,225,5.374011537017761,5.37401153701776
2014-08-07 13:00:00,28.6,77,2.0,9.7,228,7.208504807130724,6.490566881680924
2014-08-07 14:00:00,26.9,81,1.3,5.5,203,2.1490212066910055,5.062776693988422
2014-08-07 15:00:00,26.7,82,0.6,8.5,216,4.996174644486022,6.876644452187053
2014-08-07 16:00:00,26.3,83,0.8,8.6,202,3.2216167033768426,7.973781149274371
2014-08-07 17:00:00,26.5,82,0.0,6.8,177,-0.35588450245201814,6.790680836331102
2014-08-07 18:00:00,26.2,82,0.0,5.2,214,2.9078030980478835,4.3109953772862175
2014-08-07 19:00:00,25.2,87,0.0,6.9,208,3.239353783222647,6.092338390726596
2014-08-07 20:00:00,24.1,93,0.0,6.3,193,1.4171916423663489,6.1385314081469815
2014-08-07 21:00:00,23.4,95,0.0,7.9,196,2.1775351109542935,7.59396739791272
2014-08-07 22:00:00,23.0,94,0.1,7.9,177,-0.41345405431925636,7.889173324561134
2014-08-07 23:00:00,22.7,95,0.0,8.0,185,0.6972459419812651,7.969557584733964
2014-08-08 00:00:00,22.8,95,0.1,7.6,177,-0.3977532674463732,7.589584464134761
2014-08-08 01:00:00,22.5,94,0.0,6.8,177,-0.35588450245201814,6.790680836331102
2014-08-08 02:00:00,22.5,94,0.1,6.9,174,-0.7212463965468096,6.862201078041086
2014-08-08 03:00:00,23.0,91,0.0,6.2,170,-1.076618701534968,6.10580806867569
2014-08-08 04:00:00,22.9,92,0.0,6.3,156,-2.5624408513775414,5.755336383148386
2014-08-08 05:00:00,23.2,89,0.0,6.3,149,-3.2447398719333416,5.400153994423308
2014-08-08 06:00:00,23.6,86,0.0,5.2,124,-4.310995377286217,2.907803098047884
2014-08-08 07:00:00,23.8,92,0.0,3.2,153,-1.4527695991665495,2.8512208774027776
2014-08-08 08:00:00,25.8,81,0.0,4.8,207,2.1791543987498248,4.276831316104166
2014-08-08 09:00:00,26.7,79,0.0,6.9,219,4.342310698243879,5.3623071340531
2014-08-08 10:00:00,27.7,76,0.0,6.9,231,5.3623071340531,4.342310698243878
2014-08-08 11:00:00,28.5,72,0.1,7.6,251,7.185941174554808,2.474317973874391
2014-08-08 12:00:00,28.7,74,0.2,6.3,239,5.400153994423308,3.244739871933341
2014-08-08 13:00:00,28.7,77,0.5,7.5,235,6.143640332167439,4.301823272632845
2014-08-08 14:00:00,28.6,81,0.6,7.6,225,5.374011537017761,5.37401153701776
2014-08-08 15:00:00,27.3,83,0.3,8.2,221,5.379684037722159,6.18861855782673
2014-08-08 16:00:00,26.8,84,0.3,7.7,217,4.633975678270772,6.149493427364155
2014-08-08 17:00:00,26.5,85,0.2,5.1,219,3.209533994354171,3.963444403430551
2014-08-08 18:00:00,26.1,86,0.0,4.6,219,2.894873798829252,3.5748714227020657
2014-08-08 19:00:00,25.6,88,0.0,7.0,201,2.5085756468171025,6.535062985480412
2014-08-08 20:00:00,25.0,92,0.0,6.4,196,1.7640790772287946,6.1520748540052415
2014-08-08 21:00:00,24.4,94,0.0,5.6,195,1.4493866525741161,5.4091846272187825
2014-08-08 22:00:00,24.0,96,0.0,6.5,174,-0.6794350112397481,6.4643923198937765
2014-08-08 23:00:00,23.7,95,0.0,7.2,177,-0.3768188849491957,7.190132650232932
2014-08-09 00:00:00,23.5,94,0.0,8.0,185,0.6972459419812651,7.969557584733964
2014-08-09 01:00:00,23.4,94,0.1,7.9,183,0.41345405431925736,7.889173324561134
2014-08-09 02:00:00,23.6,92,0.0,7.6,177,-0.3977532674463732,7.589584464134761
2014-08-09 03:00:00,24.1,91,0.0,6.6,171,-1.0324674692655234,6.518743047927909
2014-08-09 04:00:00,24.6,87,0.0,7.3,169,-1.392905666248777,7.165878439167947
2014-08-09 05:00:00,24.5,88,0.0,8.3,180,5.082284216461516e-16,8.3
2014-08-09 06:00:00,24.0,89,0.0,5.9,169,-1.1257730727216144,5.791600382341218
2014-08-09 07:00:00,24.5,91,0.0,6.5,199,2.116193003971519,6.145870741395559
2014-08-09 08:00:00,26.3,83,0.0,9.2,201,3.2969851358167634,8.588939923774255
2014-08-09 09:00:00,27.1,80,0.1,9.8,208,4.600821315301731,8.652886410017484
2014-08-09 10:00:00,27.5,79,0.0,9.2,211,4.738350289172498,7.8859391664594325
2014-08-09 11:00:00,27.8,82,0.0,9.3,216,5.46640284632,7.523858047687012
2014-08-09 12:00:00,27.9,83,0.3,10.0,218,6.156614753256583,7.88010753606722
2014-08-09 13:00:00,27.3,84,0.4,10.5,207,4.766900247265242,9.355568503977862
2014-08-09 14:00:00,27.3,82,0.5,9.8,188,1.3638963894086416,9.70462707366739
2014-08-09 15:00:00,27.3,84,0.0,8.5,192,1.7672493719509554,8.314254606237347
2014-08-09 16:00:00,27.1,83,0.9,8.8,199,2.8649997592229797,8.320563465273988
2014-08-09 17:00:00,26.2,87,0.5,7.0,201,2.5085756468171025,6.535062985480412
2014-08-09 18:00:00,25.6,89,0.5,8.1,201,2.902780391316933,7.5620014546273335
2014-08-09 19:00:00,25.2,90,0.0,7.0,192,1.4553818357243162,6.847033205136639
2014-08-09 20:00:00,24.8,91,0.0,5.9,191,1.125773072721615,5.791600382341218
2014-08-09 21:00:00,24.5,93,0.0,6.6,202,2.4724035165450187,6.1194134401407965
2014-08-09 22:00:00,24.1,94,0.0,6.6,193,1.4846769586695083,6.430842427582553
2014-08-09 23:00:00,23.9,94,0.2,6.1,180,3.735172737399427e-16,6.1
2014-08-10 00:00:00,24.0,93,0.0,6.5,177,-0.34018371557913496,6.49109197590473
2014-08-10 01:00:00,24.1,92,0.0,6.2,187,0.7555899291119145,6.153786140176196
2014-08-10 02:00:00,23.7,94,0.0,6.4,196,1.7640790772287946,6.1520748540052415
2014-08-10 03:00:00,23.8,94,0.1,7.0,192,1.4553818357243162,6.847033205136639
2014-08-10 04:00:00,23.7,94,0.2,8.0,185,0.6972459419812651,7.969557584733964
2014-08-10 05:00:00,23.6,94,0.2,6.9,186,0.7212463965468089,6.862201078041086
2014-08-10 06:00:00,23.6,94,0.0,6.2,190,1.0766187015349686,6.10580806867569
2014-08-10 07:00:00,25.1,90,0.0,7.9,183,0.41345405431925736,7.889173324561134
2014-08-10 08:00:00,26.2,85,0.0,9.1,187,1.1090110249868421,9.032169979936029
2014-08-10 09:00:00,27.0,82,0.0,9.3,196,2.5634274090980926,8.939733772226367
2014-08-10 10:00:00,27.5,81,0.0,9.8,204,3.9860191021428424,8.95274548489749
2014-08-10 11:00:00,28.4,80,0.1,10.5,218,6.464445490919412,8.274112912870581
2014-08-10 12:00:00,27.4,79,1.1,8.4,211,4.326319829244455,7.200205325897744
2014-08-10 13:00:00,27.0,83,0.6,8.4,200,2.872969203935618,7.893418014601631
2014-08-10 14:00:00,26.9,81,1.2,10.3,205,4.352968095929205,9.334970206477495
2014-08-10 15:00:00,26.4,84,0.4,9.4,203,3.672872607799173,8.65274562245294
2014-08-10 16:00:00,26.4,84,0.2,8.2,195,2.12231616984067,7.92059177557036
2014-08-10 17:00:00,26.1,86,0.1,7.9,183,0.41345405431925736,7.889173324561134
2014-08-10 18:00:00,26.1,84,0.0,5.8,176,-0.4045875477159269,5.78587149150698
2014-08-10 19:00:00,25.5,87,0.0,7.9,180,4.837354856632045e-16,7.9
2014-08-10 20:00:00,24.7,89,0.0,8.4,187,1.023702484603239,8.337387673787106
2014-08-10 21:00:00,24.2,91,0.2,9.0,196,2.4807362023529924,8.65135526344487
2014-08-10 22:00:00,23.8,92,0.2,7.6,177,-0.3977532674463732,7.589584464134761
2014-08-10 23:00:00,23.6,92,0.0,7.6,175,-0.6623836448822026,7.571079705497266
2014-08-11 00:00:00,23.3,92,0.1,8.3,180,5.082284216461516e-16,8.3
2014-08-11 01:00:00,23.2,91,0.2,7.7,169,-1.469229264399395,7.558529312547013
2014-08-11 02:00:00,23.2,90,0.0,8.0,170,-1.3891854213354424,7.878462024097664
2014-08-11 03:00:00,23.3,92,0.1,8.3,175,-0.7233926648055634,8.268415994161488
2014-08-11 04:00:00,23.2,91,0.0,8.0,162,-2.4721359549995787,7.608452130361229
2014-08-11 05:00:00,23.8,88,0.1,5.6,135,-3.9597979746446654,3.9597979746446663
2014-08-11 06:00:00,24.0,87,0.3,6.0,163,-1.75423022833642,5.737828535778213
2014-08-11 07:00:00,24.1,89,0.4,6.1,180,3.735172737399427e-16,6.1
2014-08-11 08:00:00,25.6,82,0.3,7.6,172,-1.0577155672964966,7.5260373224359345
2014-08-11 09:00:00,26.3,80,0.4,6.9,186,0.7212463965468089,6.862201078041086
2014-08-11 10:00:00,26.7,80,0.0,8.6,213,4.683895701129233,7.212566884330647
2014-08-11 11:00:00,27.0,81,0.2,9.2,206,4.033014550459512,8.268905225952336
2014-08-11 12:00:00,27.0,82,5.3,10.6,208,4.976398565530443,9.359244484304625
2014-08-11 13:00:00,26.9,82,1.4,8.4,205,3.5499933986218752,7.61298541110786
2014-08-11 14:00:00,26.1,84,3.4,8.4,205,3.5499933986218752,7.61298541110786
2014-08-11 15:00:00,26.8,85,1.0,7.6,205,3.211898789229316,6.887939181478539
2014-08-11 16:00:00,26.2,87,2.5,6.5,186,0.6794350112397475,6.4643923198937765
2014-08-11 17:00:00,25.9,88,0.0,6.1,180,3.735172737399427e-16,6.1
2014-08-11 18:00:00,25.6,89,0.0,7.0,201,2.5085756468171025,6.535062985480412
2014-08-11 19:00:00,24.9,91,0.0,7.6,188,1.0577155672964975,7.5260373224359345
2014-08-11 20:00:00,24.3,94,0.1,7.6,180,4.653657836759942e-16,7.6
2014-08-11 21:00:00,23.8,95,0.0,7.4,194,1.7902220274375409,7.180188374442374
2014-08-11 22:00:00,23.6,95,0.1,7.9,196,2.1775351109542935,7.59396739791272
2014-08-11 23:00:00,23.5,94,0.1,6.5,186,0.6794350112397475,6.4643923198937765
2014-08-12 00:00:00,23.5,94,0.0,5.8,180,3.5514757175273243e-16,5.8
2014-08-12 01:00:00,23.3,95,0.0,6.6,189,1.032467469265524,6.518743047927909
2014-08-12 02:00:00,23.4,95,0.0,7.0,168,-1.4553818357243153,6.84703320513664
2014-08-12 03:00:00,23.1,94,0.7000000000000001,6.8,180,4.1637991171010006e-16,6.8
2014-08-12 04:00:00,23.3,91,0.7000000000000001,6.1,177,-0.3192493330819574,6.0916401620029
2014-08-12 05:00:00,23.7,88,0.8,5.1,176,-0.35575801609503915,5.087576656325103
2014-08-12 06:00:00,23.4,90,0.7000000000000001,3.7,151,-1.793795594911447,3.236092916415765
2014-08-12 07:00:00,23.7,91,0.5,4.7,184,0.3278554265973886,4.688551036221174
2014-08-12 08:00:00,25.2,86,0.3,6.7,196,1.8467702839738944,6.440453362786736
2014-08-12 09:00:00,25.5,86,0.1,6.9,208,3.239353783222647,6.092338390726596
2014-08-12 10:00:00,26.1,86,0.2,7.1,221,4.658019105832602,5.358438019581681
2014-08-12 11:00:00,26.1,88,1.2,6.9,223,4.70578868443124,5.046340541172277
2014-08-12 12:00:00,26.2,84,2.9,9.4,238,7.9716521038704045,4.981241083792126
2014-08-12 13:00:00,25.8,89,4.0,10.7,225,7.566042558696059,7.566042558696057
2014-08-12 14:00:00,25.3,92,2.6,9.2,206,4.033014550459512,8.268905225952336
2014-08-12 15:00:00,25.5,91,6.8,8.8,199,2.8649997592229797,8.320563465273988
2014-08-12 16:00:00,25.3,92,4.7,8.2,203,3.203995253612044,7.54813979831001
2014-08-12 17:00:00,25.0,93,2.6,7.1,204,2.8878301658381815,6.486172749262466
2014-08-12 18:00:00,24.4,95,1.5,6.9,174,-0.7212463965468096,6.862201078041086
2014-08-12 19:00:00,24.1,94,0.8,8.6,182,0.3001356716415093,8.594761112364223
2014-08-12 20:00:00,23.9,94,0.4,9.4,187,1.1455718280083864,9.329933825428427
2014-08-12 21:00:00,23.6,95,0.3,9.0,180,5.51091059616309e-16,9.0
2014-08-12 22:00:00,23.5,95,0.2,10.1,178,-0.3524849166952596,10.093847352892867
2014-08-12 23:00:00,23.7,94,0.5,11.5,178,-0.401344212078761,11.492994510719601
2014-08-13 00:00:00,23.6,94,1.0,12.0,173,-1.4624321208617683,11.910553819695865
2014-08-13 01:00:00,23.5,93,1.5,11.7,171,-1.8302832409707004,11.555953584963111
2014-08-13 02:00:00,23.1,95,1.3,11.3,173,-1.3771235804781654,11.21577151354694
2014-08-13 03:00:00,23.7,91,0.7000000000000001,12.0,171,-1.8772135804827697,11.852260087141653
2014-08-13 04:00:00,23.6,90,1.0,11.4,169,-2.175222547292611,11.19054989130337
2014-08-13 05:00:00,23.5,89,0.9,12.1,170,-2.101142949769857,11.916173811447717
2014-08-13 06:00:00,23.7,88,0.6,10.6,170,-1.8406706832694613,10.438962181929405
2014-08-13 07:00:00,24.2,89,0.8,12.6,177,-0.6594330486610924,12.58273213790763
2014-08-13 08:00:00,25.0,87,1.0,14.4,184,1.0044932219154035,14.36492232374147
2014-08-13 09:00:00,25.9,84,1.2,14.8,186,1.5470212563612713,14.718924051450445
2014-08-13 10:00:00,25.9,85,1.1,18.0,183,0.9420472123729914,17.975331625582328
2014-08-13 11:00:00,25.3,88,1.5,16.3,188,2.268521545649067,16.141369520487597
2014-08-13 12:00:00,24.9,91,1.6,18.9,194,4.572323826833719,18.33858922661633
2014-08-13 13:00:00,24.6,91,2.0,18.2,198,5.624109297624043,17.309228596571792
2014-08-13 14:00:00,24.7,89,2.4,16.2,193,3.6442070803706117,15.78479504952081
2014-08-13 15:00:00,24.2,90,2.0,13.0,185,1.1330246557195558,12.950531075192693
2014-08-13 16:00:00,24.2,90,1.2,11.9,180,7.286648454926752e-16,11.9
2014-08-13 17:00:00,24.3,91,0.7000000000000001,12.2,182,0.42577385977051313,12.192568089632967
2014-08-13 18:00:00,24.4,90,1.4,8.7,185,0.7582549619046257,8.666893873398186
2014-08-13 19:00:00,24.2,90,1.3,7.7,169,-1.469229264399395,7.558529312547013
2014-08-13 20:00:00,24.0,89,0.6,8.5,168,-1.7672493719509543,8.314254606237348
2014-08-13 21:00:00,23.9,89,0.4,8.8,168,-1.8296228791962823,8.607698886457491
2014-08-13 22:00:00,23.7,87,0.2,9.2,169,-1.755442757464212,9.030970087718508
2014-08-13 23:00:00,23.1,89,0.2,9.8,172,-1.3638963894086407,9.70462707366739
2014-08-14 00:00:00,22.5,89,0.0,9.5,169,-1.8126854560771757,9.325458242752807
2014-08-14 01:00:00,22.7,86,0.0,8.7,163,-2.5436338310878086,8.31985137687841
2014-08-14 02:00:00,22.4,86,0.0,9.2,169,-1.755442757464212,9.030970087718508
2014-08-14 03:00:00,22.4,83,0.1,9.1,173,-1.109011024986841,9.03216997993603
2014-08-14 04:00:00,22.1,84,0.0,9.0,164,-2.4807362023529915,8.65135526344487
2014-08-14 05:00:00,21.7,85,0.0,8.8,161,-2.864999759222979,8.320563465273988
2014-08-14 06:00:00,21.4,85,0.0,9.8,172,-1.3638963894086407,9.70462707366739
2014-08-14 07:00:00,23.8,83,0.2,10.1,174,-1.055737479003301,10.04467114321956
2014-08-14 08:00:00,25.9,77,0.0,11.6,175,-1.0110066158728355,11.555858497864248
2014-08-14 09:00:00,27.0,76,0.0,13.1,196,3.610849361202689,12.592528216791978
2014-08-14 10:00:00,27.8,74,0.3,15.2,194,3.6772128131149486,14.748495039395145
2014-08-14 11:00:00,28.1,73,0.1,14.3,192,2.9731371786939604,13.987510690493421
2014-08-14 12:00:00,28.6,72,0.3,13.0,199,4.232386007943038,12.291741482791117
2014-08-14 13:00:00,28.7,72,0.8,12.1,210,6.050000000000002,10.478907385791707
2014-08-14 14:00:00,27.4,77,1.6,12.7,209,6.157082177128481,11.107670280670325
2014-08-14 15:00:00,27.7,77,0.0,9.8,186,1.024378940023004,9.746314574609078
2014-08-14 16:00:00,28.2,74,0.0,9.4,180,5.755839955992561e-16,9.4
2014-08-14 17:00:00,27.8,75,0.1,7.6,180,4.653657836759942e-16,7.6
2014-08-14 18:00:00,27.2,78,0.0,5.5,212,2.914555953282627,4.664264528860342
2014-08-14 19:00:00,25.8,84,0.0,6.5,177,-0.34018371557913496,6.49109197590473
2014-08-14 20:00:00,24.7,87,0.0,7.1,156,-2.8878301658381815,6.486172749262466
2014-08-14 21:00:00,23.8,89,0.0,7.0,145,-4.015035054457323,5.734064310022942
2014-08-14 22:00:00,23.2,89,0.0,7.1,150,-3.549999999999998,6.148780366869515
2014-08-14 23:00:00,22.6,88,0.0,7.1,150,-3.549999999999998,6.148780366869515
2014-08-15 00:00:00,22.3,87,0.0,7.1,150,-3.549999999999998,6.148780366869515
2014-08-15 01:00:00,22.4,85,0.0,6.6,151,-3.199743493625824,5.772490067120012
2014-08-15 02:00:00,22.4,83,0.0,6.6,151,-3.199743493625824,5.772490067120012
2014-08-15 03:00:00,21.6,85,0.0,5.7,145,-3.269385687200963,4.669166652447252
2014-08-15 04:00:00,21.3,84,0.0,4.4,145,-2.5237363199446032,3.6042689948715636
2014-08-15 05:00:00,20.4,87,0.0,3.4,148,-1.8017254983928963,2.8833635269318485
2014-08-15 06:00:00,20.1,88,0.0,3.1,159,-1.1109406435904308,2.8940993221413254
2014-08-15 07:00:00,22.5,91,0.0,3.6,143,-2.1665340833473743,2.8750878361702537
2014-08-15 08:00:00,27.1,69,0.0,3.4,198,1.0506577808748212,3.233592155403522
2014-08-15 09:00:00,28.2,63,0.0,4.1,232,3.2308440897875594,2.524212048835199
2014-08-15 10:00:00,29.1,63,0.0,5.4,250,5.074340152243906,1.8469087739586112
2014-08-15 11:00:00,29.5,65,0.0,7.2,264,7.160557646651568,0.7526049355271051
2014-08-15 12:00:00,29.6,70,0.0,8.3,270,8.3,0.0
2014-08-15 13:00:00,29.2,74,0.1,9.0,270,9.0,0.0
2014-08-15 14:00:00,29.2,77,0.3,7.2,270,7.2,0.0
2014-08-15 15:00:00,28.5,82,0.3,6.1,267,6.0916401620029,0.31924933308195735
2014-08-15 16:00:00,28.3,81,0.0,5.4,270,5.4,0.0
2014-08-15 17:00:00,27.7,81,0.0,4.7,270,4.7,0.0
2014-08-15 18:00:00,26.9,85,0.0,3.3,276,3.2819222547153015,-0.3449439287832564
2014-08-15 19:00:00,25.9,92,0.0,3.9,236,3.2332465329646625,2.180852323535913
2014-08-15 20:00:00,26.2,86,0.0,3.5,204,1.4235782507653008,3.197409101749103
2014-08-15 21:00:00,25.9,87,0.0,3.7,169,-0.7059932828932158,3.632020578756357
2014-08-15 22:00:00,25.6,87,0.0,4.8,167,-1.079765060850552,4.676976310969129
2014-08-15 23:00:00,25.2,88,0.0,4.2,160,-1.4364846019678086,3.9467090073008158
2014-08-16 00:00:00,23.0,93,0.0,4.8,153,-2.179154398749824,4.276831316104166
2014-08-16 01:00:00,22.5,92,0.0,5.0,159,-1.7918397477265013,4.667902132486009
2014-08-16 02:00:00,21.8,94,0.0,4.6,141,-2.894873798829251,3.5748714227020666
2014-08-16 03:00:00,23.8,88,0.0,4.1,135,-2.8991378028648445,2.899137802864845
2014-08-16 04:00:00,24.4,84,0.0,4.3,138,-2.8772616073430903,3.195522749552795
2014-08-16 05:00:00,23.6,87,0.0,5.4,143,-3.2498011250210617,4.312631754255381
2014-08-16 06:00:00,23.4,87,0.0,4.5,151,-2.1816432911085166,3.9357886821272814
2014-08-16 07:00:00,25.1,86,0.0,3.4,198,1.0506577808748212,3.233592155403522
2014-08-16 08:00:00,26.7,83,0.0,3.4,238,2.883363526931848,1.8017254983928965
2014-08-16 09:00:00,27.6,81,0.0,4.8,243,4.276831316104166,2.1791543987498243
2014-08-16 10:00:00,28.4,78,0.0,6.8,245,6.162892951849219,2.873804179836756
2014-08-16 11:00:00,29.1,75,0.0,7.8,257,7.6000865053248345,1.754618223882147
2014-08-16 12:00:00,29.2,74,0.1,8.8,261,8.691657397237213,1.3766232923540318
2014-08-16 13:00:00,29.0,73,0.2,8.4,263,8.337387673787106,1.0237024846032388
2014-08-16 14:00:00,28.4,77,0.5,5.9,232,4.64926344627966,3.6324027044213842
2014-08-16 15:00:00,27.8,85,0.8,5.6,230,4.289848881466277,3.5996106142446194
2014-08-16 16:00:00,27.7,82,0.2,4.0,243,3.5640260967534716,1.815961998958187
2014-08-16 17:00:00,27.6,81,0.2,2.4,243,2.138415658052083,1.0895771993749122
2014-08-16 18:00:00,27.2,87,0.1,2.6,236,2.1554976886431083,1.453901549023942
2014-08-16 19:00:00,27.3,80,0.0,5.1,225,3.6062445840513924,3.606244584051392
2014-08-16 20:00:00,26.6,85,0.0,4.0,175,-0.34862297099063294,3.984778792366982
2014-08-16 21:00:00,25.4,90,0.0,4.7,189,0.7352419856890854,4.6421352007971475
2014-08-16 22:00:00,24.3,93,0.0,6.6,171,-1.0324674692655234,6.518743047927909
2014-08-16 23:00:00,23.5,96,0.0,5.6,165,-1.4493866525741166,5.4091846272187825
2014-08-17 00:00:00,23.5,95,0.0,6.3,156,-2.5624408513775414,5.755336383148386
2014-08-17 01:00:00,23.9,92,0.0,6.0,155,-2.535709570444196,5.4378467222199
2014-08-17 02:00:00,22.8,95,0.0,6.3,156,-2.5624408513775414,5.755336383148386
2014-08-17 03:00:00,21.8,93,0.0,5.6,153,-2.542346798541461,4.98963653545486
2014-08-17 04:00:00,21.6,93,0.0,3.5,156,-1.423578250765301,3.197409101749103
2014-08-17 05:00:00,21.4,93,0.0,4.1,142,-2.524212048835199,3.23084408978756
2014-08-17 06:00:00,21.4,93,0.0,4.8,132,-3.567095162291491,3.21182691052252
2014-08-17 07:00:00,23.3,91,0.0,4.1,142,-2.524212048835199,3.23084408978756
2014-08-17 08:00:00,26.3,79,0.0,3.9,214,2.1808523235359125,3.233246532964663
2014-08-17 09:00:00,27.5,76,0.0,6.2,234,5.0159053651246746,3.6442685642133337
2014-08-17 10:00:00,28.4,75,0.0,7.8,236,6.466493065929325,4.361704647071826
2014-08-17 11:00:00,28.9,73,0.0,9.7,239,8.31452281681049,4.995869326627525
2014-08-17 12:00:00,28.9,73,0.2,10.0,229,7.54709580222772,6.560590289905073
2014-08-17 13:00:00,28.5,74,0.7000000000000001,8.9,230,6.817795543758905,5.7208097262102
2014-08-17 14:00:00,28.0,76,0.6,7.3,237,6.122295146001595,3.9758649556096977
2014-08-17 15:00:00,28.2,76,1.0,6.1,220,3.92100441908789,4.6728711030257655
2014-08-17 16:00:00,28.2,76,0.1,6.8,205,2.873804179836756,6.162892951849219
2014-08-17 17:00:00,27.9,78,0.0,6.2,216,3.6442685642133337,5.0159053651246746
2014-08-17 18:00:00,27.1,82,0.3,3.4,238,2.883363526931848,1.8017254983928965
2014-08-17 19:00:00,26.2,87,0.0,6.0,237,5.032023407672544,3.2678342100901627
2014-08-17 20:00:00,24.9,93,0.0,6.1,220,3.92100441908789,4.6728711030257655
2014-08-17 21:00:00,24.2,94,0.2,4.3,185,0.37476969381492997,4.283637201794505
2014-08-17 22:00:00,24.0,94,0.4,3.1,111,-2.8940993221413254,1.1109406435904308
2014-08-17 23:00:00,24.2,92,0.5,2.6,106,-2.499280409439629,0.716657125124198
2014-08-18 00:00:00,23.7,93,1.4,4.0,175,-0.34862297099063294,3.984778792366982
2014-08-18 01:00:00,23.5,92,3.0,2.9,210,1.4500000000000002,2.5114736709748717
2014-08-18 02:00:00,24.5,89,2.5,1.1,108,-1.0461621679246689,0.3399186938124423
2014-08-18 03:00:00,23.3,93,3.4,3.8,49,-2.867896404846534,-2.4930243101639267
2014-08-18 04:00:00,24.0,88,5.0,5.3,28,-2.488199282765221,-4.679622242152313
2014-08-18 05:00:00,23.6,90,7.5,6.4,27,-2.9055391983331003,-5.702441754805554
2014-08-18 06:00:00,24.0,88,6.1,6.9,51,-5.362307134053099,-4.34231069824388
2014-08-18 07:00:00,24.1,94,2.7,5.4,94,-5.386845871403051,0.37668495821827785
2014-08-18 08:00:00,24.8,85,3.0,3.9,34,-2.1808523235359116,-3.233246532964663
2014-08-18 09:00:00,25.5,83,4.5,5.9,346,1.4273391840380394,-5.7247447850283795
2014-08-18 10:00:00,25.6,83,2.3,5.8,330,2.9000000000000004,-5.0229473419497435
2014-08-18 11:00:00,25.7,86,1.9,5.5,337,2.1490212066910055,-5.062776693988422
2014-08-18 12:00:00,26.8,81,1.8,4.1,345,1.061158084920335,-3.96029588778518
2014-08-18 13:00:00,26.9,81,2.6,5.1,356,0.35575801609503865,-5.087576656325103
2014-08-18 14:00:00,26.1,87,5.0,2.5,352,0.34793275240016364,-2.475670171853926
2014-08-18 15:00:00,26.8,84,0.2,3.6,315,2.5455844122715714,-2.545584412271571
2014-08-18 16:00:00,25.8,88,3.1,3.7,299,3.2360929164157644,-1.7937955949114472
2014-08-18 17:00:00,25.5,90,2.6,1.1,342,0.3399186938124422,-1.0461621679246689
2014-08-18 18:00:00,25.1,93,1.6,2.3,18,-0.7107390870623793,-2.1874299874788528
2014-08-18 19:00:00,24.7,93,0.7000000000000001,3.4,18,-1.0506577808748216,-3.233592155403522
2014-08-18 20:00:00,24.7,91,0.2,2.3,129,-1.7874357113510329,1.4474368994146258
2014-08-18 21:00:00,24.0,93,0.3,5.4,143,-3.2498011250210617,4.312631754255381
2014-08-18 22:00:00,23.7,94,2.3,4.3,132,-3.195522749552794,2.8772616073430908
2014-08-18 23:00:00,24.5,91,0.0,4.8,117,-4.276831316104166,2.1791543987498248
2014-08-19 00:00:00,24.4,92,0.0,4.2,110,-3.9467090073008153,1.4364846019678092
2014-08-19 01:00:00,22.5,98,0.0,3.6,135,-2.545584412271571,2.5455844122715714
2014-08-19 02:00:00,22.2,98,0.1,3.8,139,-2.493024310163927,2.867896404846534
2014-08-19 03:00:00,23.0,91,0.0,4.5,151,-2.1816432911085166,3.9357886821272814
2014-08-19 04:00:00,22.1,93,0.0,5.2,155,-2.1976149610516367,4.71280049259058
2014-08-19 05:00:00,21.6,96,0.0,6.4,164,-1.764079077228794,6.1520748540052415
2014-08-19 06:00:00,21.5,95,0.0,9.5,169,-1.8126854560771757,9.325458242752807
2014-08-19 07:00:00,23.6,92,0.0,10.7,168,-2.2246550917500247,10.46617932785172
2014-08-19 08:00:00,25.6,85,0.0,11.0,191,2.098898949141994,10.797899017924303
2014-08-19 09:00:00,26.7,82,0.0,14.7,202,5.506716923213905,13.629602662131774
2014-08-19 10:00:00,26.9,80,0.2,18.6,202,6.967682637535963,17.24561969494225
2014-08-19 11:00:00,26.6,80,0.0,19.3,204,7.850017211362944,17.6314273325022
2014-08-19 12:00:00,26.8,79,1.2,18.7,205,7.9029614945510795,16.947955617585354
2014-08-19 13:00:00,26.7,78,1.4,19.0,205,8.029746973073289,17.21984795369635
2014-08-19 14:00:00,26.2,81,0.6,19.4,198,5.99492969087398,18.450496416125976
2014-08-19 15:00:00,25.7,82,0.1,17.0,193,3.8241679238457036,16.564291101349
2014-08-19 16:00:00,25.6,82,0.0,17.3,192,3.596872251147239,16.921953492694836
2014-08-19 17:00:00,25.5,81,0.0,15.0,191,2.862134930648174,14.72440775171496
2014-08-19 18:00:00,25.0,80,0.0,12.6,193,2.8343832847326977,12.277062816293963
2014-08-19 19:00:00,24.2,80,0.0,10.8,180,6.613092715395707e-16,10.8
2014-08-19 20:00:00,23.6,82,0.0,10.8,178,-0.3769145643870103,10.793420931806235
2014-08-19 21:00:00,22.9,84,0.0,11.2,174,-1.1707187885977197,11.13864522812466
2014-08-19 22:00:00,22.3,85,0.0,11.3,173,-1.3771235804781654,11.21577151354694
2014-08-19 23:00:00,22.2,83,0.0,10.5,176,-0.732442974313316,10.474422527728153
2014-08-20 00:00:00,22.1,81,0.0,10.1,176,-0.7045403848156658,10.075396907624224
2014-08-20 01:00:00,21.8,81,0.0,9.7,184,0.6766377953180147,9.676371287520293
2014-08-20 02:00:00,21.5,80,0.0,9.8,186,1.024378940023004,9.746314574609078
2014-08-20 03:00:00,21.1,85,0.0,9.1,173,-1.109011024986841,9.03216997993603
2014-08-20 04:00:00,21.6,83,0.0,9.1,162,-2.812054648812021,8.654614298285898
2014-08-20 05:00:00,21.9,80,0.0,8.4,155,-3.5499933986218744,7.612985411107861
2014-08-20 06:00:00,22.2,77,0.0,8.4,149,-4.326319829244456,7.200205325897744
2014-08-20 07:00:00,23.4,79,0.0,7.4,166,-1.7902220274375418,7.180188374442374
2014-08-20 08:00:00,25.9,69,0.0,8.7,185,0.7582549619046257,8.666893873398186
2014-08-20 09:00:00,27.0,68,0.0,10.4,200,3.557009490586956,9.772803256173447
2014-08-20 10:00:00,27.5,68,0.0,12.1,207,5.493285046848516,10.781178942679249
2014-08-20 11:00:00,28.0,68,0.0,12.2,208,5.727553065987868,10.771960632878907
2014-08-20 12:00:00,27.7,71,0.0,12.2,208,5.727553065987868,10.771960632878907
2014-08-20 13:00:00,27.7,72,0.2,12.4,216,7.288537128426667,10.031810730249349
2014-08-20 14:00:00,27.5,73,0.0,12.4,216,7.288537128426667,10.031810730249349
2014-08-20 15:00:00,25.9,78,0.6,10.7,222,7.159697488039782,7.951649632608118
2014-08-20 16:00:00,25.7,80,0.1,8.4,205,3.5499933986218752,7.61298541110786
2014-08-20 17:00:00,25.7,80,0.0,6.3,204,2.5624408513775414,5.755336383148386
2014-08-20 18:00:00,25.2,84,0.2,3.3,264,3.2819222547153015,0.3449439287832564
2014-08-20 19:00:00,24.2,89,0.0,0.5,225,0.3535533905932738,0.35355339059327373
2014-08-20 20:00:00,23.9,87,0.0,2.5,98,-2.475670171853926,0.3479327524001633
2014-08-20 21:00:00,22.9,90,0.0,2.7,113,-2.485363104321589,1.0549740469210394
2014-08-20 22:00:00,22.4,90,0.0,3.7,119,-3.2360929164157644,1.7937955949114477
2014-08-20 23:00:00,22.2,88,0.0,3.7,119,-3.2360929164157644,1.7937955949114477
2014-08-21 00:00:00,21.6,88,0.0,2.7,113,-2.485363104321589,1.0549740469210394
2014-08-21 01:00:00,20.8,88,0.0,4.2,110,-3.9467090073008153,1.4364846019678092
2014-08-21 02:00:00,20.0,89,0.0,4.6,108,-4.3748599749577055,1.4214781741247584
2014-08-21 03:00:00,18.9,95,0.0,4.0,100,-3.939231012048832,0.6945927106677211
2014-08-21 04:00:00,18.8,94,0.0,2.5,98,-2.475670171853926,0.3479327524001633
2014-08-21 05:00:00,18.7,92,0.0,2.2,81,-2.1729143493093033,-0.3441558230885076
2014-08-21 06:00:00,18.6,92,0.0,1.8,79,-1.7669289302057951,-0.3434561916777805
2014-08-21 07:00:00,21.0,93,0.0,3.0,104,-2.9108871788279895,0.7257656867990032
2014-08-21 08:00:00,25.6,74,0.0,0.8,27,-0.36319239979163753,-0.7128052193506943
2014-08-21 09:00:00,27.2,63,0.0,4.3,318,2.8772616073430903,-3.195522749552795
2014-08-21 10:00:00,27.9,63,0.0,6.1,320,3.92100441908789,-4.6728711030257655
2014-08-21 11:00:00,28.4,63,0.0,8.2,319,5.379684037722159,-6.18861855782673
2014-08-21 12:00:00,28.8,65,0.0,8.7,315,6.151828996322964,-6.151828996322962
2014-08-21 13:00:00,28.7,68,0.0,8.7,312,6.46535998165333,-5.821436275322066
2014-08-21 14:00:00,28.5,70,0.0,8.2,311,6.18861855782673,-5.379684037722159
2014-08-21 15:00:00,28.4,72,0.0,8.4,310,6.4347733221994154,-5.39941592136693
2014-08-21 16:00:00,27.8,74,0.0,7.9,313,5.777694242791447,-5.387787044493738
2014-08-21 17:00:00,27.1,78,0.0,5.7,325,3.269385687200963,-4.669166652447253
2014-08-21 18:00:00,26.6,80,0.0,4.8,333,2.1791543987498248,-4.276831316104166
2014-08-21 19:00:00,26.0,83,0.0,5.2,335,2.197614961051637,-4.7128004925905795
2014-08-21 20:00:00,25.7,84,0.0,3.7,299,3.2360929164157644,-1.7937955949114472
2014-08-21 21:00:00,25.3,85,0.0,1.8,281,1.7669289302057951,-0.34345619167778063
2014-08-21 22:00:00,24.9,86,0.0,1.5,256,1.4554435894139948,0.3628828433995016
2014-08-21 23:00:00,24.6,87,0.0,2.0,225,1.4142135623730951,1.414213562373095
2014-08-22 00:00:00,24.3,89,0.1,3.4,162,-1.050657780874821,3.2335921554035223
2014-08-22 01:00:00,23.6,90,0.0,4.6,135,-3.252691193458118,3.2526911934581184
2014-08-22 02:00:00,23.4,89,0.0,4.3,114,-3.9282454678631833,1.7489675652259418
2014-08-22 03:00:00,22.9,85,0.0,2.6,106,-2.499280409439629,0.716657125124198
2014-08-22 04:00:00,23.1,83,0.0,1.8,79,-1.7669289302057951,-0.3434561916777805
2014-08-22 05:00:00,22.8,82,0.0,1.8,79,-1.7669289302057951,-0.3434561916777805
2014-08-22 06:00:00,23.1,80,0.0,1.1,72,-1.046162167924669,-0.33991869381244205
2014-08-22 07:00:00,24.4,80,0.0,1.8,79,-1.7669289302057951,-0.3434561916777805
2014-08-22 08:00:00,25.7,82,0.0,2.4,333,1.0895771993749124,-2.138415658052083
2014-08-22 09:00:00,26.5,81,0.0,5.4,318,3.6133052743378347,-4.012982057577929
2014-08-22 10:00:00,27.5,78,0.0,7.7,319,5.051654523226906,-5.811263767715345
2014-08-22 11:00:00,28.0,76,0.0,9.4,317,6.410784584587486,-6.874724795220202
2014-08-22 12:00:00,27.9,75,0.7000000000000001,6.9,317,4.70578868443124,-5.046340541172277
2014-08-22 13:00:00,28.6,73,0.2,6.4,317,4.36478950439999,-4.6806636903626915
2014-08-22 14:00:00,28.0,75,1.2,5.1,309,3.963444403430551,-3.2095339943541705
2014-08-22 15:00:00,27.8,76,0.6,6.9,313,5.046340541172277,-4.70578868443124
2014-08-22 16:00:00,27.4,78,0.5,6.4,313,4.6806636903626915,-4.36478950439999
2014-08-22 17:00:00,27.0,79,0.9,3.8,311,2.8678964048465336,-2.4930243101639276
2014-08-22 18:00:00,26.6,85,0.7000000000000001,0.7000000000000001,360,4.2862637970157366e-17,-0.7000000000000001
2014-08-22 19:00:00,25.8,85,0.5,4.0,207,1.8159619989581872,3.564026096753471
2014-08-22 20:00:00,24.8,90,0.9,6.0,197,1.7542302283364206,5.737828535778212
2014-08-22 21:00:00,24.5,88,0.2,5.8,184,0.40458754771592637,5.78587149150698
2014-08-22 22:00:00,23.9,89,0.4,5.6,153,-2.542346798541461,4.98963653545486
2014-08-22 23:00:00,23.3,90,0.0,5.9,142,-3.6324027044213842,4.64926344627966
2014-08-23 00:00:00,24.7,82,0.0,4.8,132,-3.567095162291491,3.21182691052252
2014-08-23 01:00:00,22.7,91,0.0,4.3,114,-3.9282454678631833,1.7489675652259418
2014-08-23 02:00:00,21.8,94,0.0,3.8,107,-3.633958072659535,1.111012477946399
2014-08-23 03:00:00,21.8,93,0.3,4.8,103,-4.6769763109691285,1.079765060850553
2014-08-23 04:00:00,21.5,93,0.0,4.6,108,-4.3748599749577055,1.4214781741247584
2014-08-23 05:00:00,21.2,95,0.0,3.8,107,-3.633958072659535,1.111012477946399
2014-08-23 06:00:00,21.0,95,0.0,3.4,108,-3.233592155403522,1.0506577808748214
2014-08-23 07:00:00,22.6,96,0.0,3.7,101,-3.632020578756357,0.7059932828932164
2014-08-23 08:00:00,25.7,77,0.0,1.8,11,-0.3434561916777803,-1.7669289302057951
2014-08-23 09:00:00,26.8,74,0.0,4.5,331,2.181643291108517,-3.935788682127281
2014-08-23 10:00:00,27.4,74,0.0,6.2,324,3.6442685642133337,-5.0159053651246746
2014-08-23 11:00:00,28.2,72,0.0,7.6,315,5.374011537017761,-5.37401153701776
2014-08-23 12:00:00,28.4,71,0.2,8.2,311,6.18861855782673,-5.379684037722159
2014-08-23 13:00:00,28.4,71,0.2,8.0,306,6.47213595499958,-4.702282018339785
2014-08-23 14:00:00,28.3,71,0.3,5.2,286,4.998560818879258,-1.4333142502483958
2014-08-23 15:00:00,27.9,72,0.3,2.6,254,2.499280409439629,0.7166571251241979
2014-08-23 16:00:00,27.7,73,0.8,3.3,193,0.7423384793347542,3.2154212137912763
2014-08-23 17:00:00,27.2,75,0.7000000000000001,1.8,281,1.7669289302057951,-0.34345619167778063
2014-08-23 18:00:00,27.1,74,0.0,4.2,301,3.600102662948872,-2.1631599146222276
2014-08-23 19:00:00,26.6,75,0.0,3.7,331,1.7937955949114475,-3.2360929164157644
2014-08-23 20:00:00,26.0,78,0.0,0.8,297,0.7128052193506944,-0.3631923997916374
2014-08-23 21:00:00,24.2,86,0.3,3.2,180,1.9594348786357652e-16,3.2
2014-08-23 22:00:00,23.4,89,0.4,6.1,177,-0.3192493330819574,6.0916401620029
2014-08-23 23:00:00,23.0,90,0.6,6.2,170,-1.076618701534968,6.10580806867569
2014-08-24 00:00:00,24.5,84,0.6,4.3,156,-1.748967565225941,3.9282454678631837
2014-08-24 01:00:00,24.6,83,0.3,3.1,135,-2.192031021678297,2.1920310216782974
2014-08-24 02:00:00,24.5,82,0.1,4.1,105,-3.9602958877851795,1.0611580849203361
2014-08-24 03:00:00,22.7,88,0.3,4.4,99,-4.345828698618606,0.6883116461770163
2014-08-24 04:00:00,22.1,90,0.1,3.3,103,-3.215421213791276,0.7423384793347552
2014-08-24 05:00:00,21.4,92,0.0,3.3,103,-3.215421213791276,0.7423384793347552
2014-08-24 06:00:00,21.1,93,0.0,3.3,103,-3.215421213791276,0.7423384793347552
2014-08-24 07:00:00,23.1,91,0.0,4.3,95,-4.283637201794505,0.3747696938149302
2014-08-24 08:00:00,25.9,83,0.0,1.5,14,-0.36288284339950166,-1.4554435894139948
2014-08-24 09:00:00,27.2,76,0.0,4.8,318,3.2118269105225195,-3.5670951622914924
2014-08-24 10:00:00,27.9,74,0.0,6.6,311,4.981083229470295,-4.329989591337347
2014-08-24 11:00:00,28.3,73,0.2,7.9,317,5.387787044493738,-5.777694242791447
2014-08-24 12:00:00,28.5,72,0.4,5.5,337,2.1490212066910055,-5.062776693988422
2014-08-24 13:00:00,28.4,72,0.3,5.6,310,4.289848881466277,-3.5996106142446194
2014-08-24 14:00:00,28.9,70,0.0,6.4,297,5.702441754805555,-2.9055391983330994
2014-08-24 15:00:00,28.6,71,0.3,6.1,298,5.385980316439454,-2.8637765329939335
2014-08-24 16:00:00,28.4,71,0.3,4.0,260,3.939231012048832,0.6945927106677213
2014-08-24 17:00:00,27.7,74,0.5,3.4,238,2.883363526931848,1.8017254983928965
2014-08-24 18:00:00,27.2,78,0.0,4.0,260,3.939231012048832,0.6945927106677213
2014-08-24 19:00:00,26.3,84,0.0,4.0,270,4.0,0.0
2014-08-24 20:00:00,26.4,81,0.0,2.9,210,1.4500000000000002,2.5114736709748717
2014-08-24 21:00:00,26.1,82,0.0,3.2,153,-1.4527695991665495,2.8512208774027776
2014-08-24 22:00:00,25.8,84,0.0,5.4,127,-4.312631754255382,3.2498011250210603
2014-08-24 23:00:00,25.3,87,0.0,4.8,153,-2.179154398749824,4.276831316104166
2014-08-25 00:00:00,24.6,90,0.2,5.4,176,-0.3766849582182768,5.386845871403051
2014-08-25 01:00:00,24.1,92,0.5,4.7,157,-1.8364363038995868,4.326372811226469
2014-08-25 02:00:00,23.6,93,0.2,4.6,141,-2.894873798829251,3.5748714227020666
2014-08-25 03:00:00,23.8,85,0.1,3.8,139,-2.493024310163927,2.867896404846534
2014-08-25 04:00:00,24.1,83,0.3,4.2,121,-3.6001026629488715,2.1631599146222285
2014-08-25 05:00:00,24.7,79,0.0,4.1,105,-3.9602958877851795,1.0611580849203361
2014-08-25 06:00:00,23.9,81,0.0,3.8,107,-3.633958072659535,1.111012477946399
2014-08-25 07:00:00,25.1,81,0.0,2.2,99,-2.172914349309303,0.3441558230885082
2014-08-25 08:00:00,26.2,79,0.0,2.1,329,1.0815799573111138,-1.800051331474436
2014-08-25 09:00:00,27.1,78,0.0,4.3,318,2.8772616073430903,-3.195522749552795
2014-08-25 10:00:00,27.4,79,0.1,4.8,318,3.2118269105225195,-3.5670951622914924
2014-08-25 11:00:00,28.1,78,0.0,6.4,313,4.6806636903626915,-4.36478950439999
2014-08-25 12:00:00,27.9,78,0.7000000000000001,6.3,301,5.400153994423308,-3.244739871933341
2014-08-25 13:00:00,28.5,77,0.7000000000000001,4.3,294,3.9282454678631837,-1.7489675652259409
2014-08-25 14:00:00,27.5,81,2.0,5.1,309,3.963444403430551,-3.2095339943541705
2014-08-25 15:00:00,27.7,81,0.9,3.3,311,2.4905416147351476,-2.1649947956686737
2014-08-25 16:00:00,27.3,81,1.5,3.8,311,2.8678964048465336,-2.4930243101639276
2014-08-25 17:00:00,27.2,81,0.0,4.2,301,3.600102662948872,-2.1631599146222276
2014-08-25 18:00:00,26.7,82,0.0,2.9,277,2.8783838397598336,-0.35342109587492765
2014-08-25 19:00:00,26.0,86,0.0,2.2,279,2.1729143493093033,-0.34415582308850795
2014-08-25 20:00:00,26.0,84,0.0,2.5,352,0.34793275240016364,-2.475670171853926
2014-08-25 21:00:00,25.6,86,0.0,4.6,72,-4.374859974957706,-1.4214781741247573
2014-08-25 22:00:00,25.4,86,0.0,4.0,90,-4.0,4.898587196589413e-16
2014-08-25 23:00:00,25.2,87,0.0,2.5,90,-2.5,3.061616997868383e-16
2014-08-26 00:00:00,25.0,87,0.0,2.9,97,-2.8783838397598336,0.35342109587492787
2014-08-26 01:00:00,24.2,89,0.0,3.0,104,-2.9108871788279895,0.7257656867990032
2014-08-26 02:00:00,23.9,90,0.0,1.8,101,-1.7669289302057951,0.34345619167778096
2014-08-26 03:00:00,23.3,88,0.7000000000000001,4.2,110,-3.9467090073008153,1.4364846019678092
2014-08-26 04:00:00,21.7,93,2.2,4.6,108,-4.3748599749577055,1.4214781741247584
2014-08-26 05:00:00,21.6,91,0.5,2.6,74,-2.499280409439629,-0.7166571251241974
2014-08-26 06:00:00,24.2,81,0.0,4.2,70,-3.9467090073008158,-1.4364846019678084
2014-08-26 07:00:00,24.8,84,0.0,4.2,31,-2.163159914622229,-3.600102662948871
2014-08-26 08:00:00,26.1,83,0.0,6.2,350,1.0766187015349686,-6.10580806867569
2014-08-26 09:00:00,27.1,78,0.0,7.9,344,2.1775351109542935,-7.59396739791272
2014-08-26 10:00:00,28.0,73,0.0,8.8,341,2.8649997592229797,-8.320563465273988
2014-08-26 11:00:00,28.4,71,0.0,9.3,332,4.366085533908786,-8.21141261358802
2014-08-26 12:00:00,28.6,73,0.0,7.4,331,3.587591189822895,-6.472185832831529
2014-08-26 13:00:00,28.4,74,0.1,7.3,351,1.1419715947936857,-7.210124886344506
2014-08-26 14:00:00,28.8,72,0.1,7.5,343,2.192787785420526,-7.172285669722766
2014-08-26 15:00:00,28.2,76,0.1,8.0,350,1.3891854213354433,-7.878462024097664
2014-08-26 16:00:00,27.9,77,0.4,5.7,342,1.7613968679372005,-5.421022142882375
2014-08-26 17:00:00,27.7,79,0.0,2.7,337,1.0549740469210391,-2.485363104321589
2014-08-26 18:00:00,26.9,83,0.0,3.9,326,2.1808523235359125,-3.233246532964663
2014-08-26 19:00:00,25.6,92,0.0,4.2,329,2.1631599146222276,-3.600102662948872
2014-08-26 20:00:00,25.2,90,1.3,1.1,342,0.3399186938124422,-1.0461621679246689
2014-08-26 21:00:00,24.1,94,2.5,1.3,124,-1.0777488443215542,0.726950774511971
2014-08-26 22:00:00,23.8,95,5.0,5.5,122,-4.664264528860342,2.914555953282627
2014-08-26 23:00:00,23.7,96,5.2,6.6,119,-5.772490067120011,3.1997434936258253
2014-08-27 00:00:00,23.6,94,4.3,5.3,118,-4.679622242152313,2.4881992827652204
2014-08-27 01:00:00,23.3,93,1.8,4.8,117,-4.276831316104166,2.1791543987498248
2014-08-27 02:00:00,23.1,91,0.0,4.5,119,-3.935788682127281,2.181643291108517
2014-08-27 03:00:00,24.4,78,0.0,4.2,121,-3.6001026629488715,2.1631599146222285
2014-08-27 04:00:00,25.3,72,0.0,4.0,117,-3.564026096753471,1.8159619989581874
2014-08-27 05:00:00,25.0,73,0.0,3.4,122,-2.883363526931848,1.8017254983928965
2014-08-27 06:00:00,22.9,81,0.0,6.0,163,-1.75423022833642,5.737828535778213
2014-08-27 07:00:00,24.1,86,0.0,4.6,141,-2.894873798829251,3.5748714227020666
2014-08-27 08:00:00,26.8,76,0.0,3.1,126,-2.507952682562337,1.822134282106667
2014-08-27 09:00:00,27.5,77,0.0,2.1,239,1.800051331474436,1.0815799573111138
2014-08-27 10:00:00,28.6,74,0.0,4.7,274,4.688551036221174,-0.3278554265973889
2014-08-27 11:00:00,28.9,73,0.1,6.2,280,6.10580806867569,-1.0766187015349682
2014-08-27 12:00:00,28.8,74,0.7000000000000001,8.1,291,7.5620014546273335,-2.902780391316932
2014-08-27 13:00:00,28.5,75,1.3,5.8,277,5.756767679519667,-0.7068421917498553
2014-08-27 14:00:00,28.4,75,5.3,5.1,231,3.963444403430551,3.2095339943541705
2014-08-27 15:00:00,27.8,79,3.5,3.3,229,2.4905416147351476,2.1649947956686737
2014-08-27 16:00:00,27.5,81,0.0,5.4,340,1.8469087739586119,-5.074340152243905
2014-08-27 17:00:00,27.3,82,0.0,4.3,336,1.7489675652259409,-3.9282454678631837
2014-08-27 18:00:00,26.8,85,0.0,6.1,310,4.6728711030257655,-3.921004419087889
2014-08-27 19:00:00,25.4,90,0.0,2.1,121,-1.8000513314744357,1.0815799573111142
2014-08-27 20:00:00,26.2,86,0.0,1.8,281,1.7669289302057951,-0.34345619167778063
2014-08-27 21:00:00,25.3,90,0.4,2.1,239,1.800051331474436,1.0815799573111138
2014-08-27 22:00:00,22.9,94,0.5,5.6,117,-4.989636535454859,2.542346798541462
2014-08-27 23:00:00,22.9,93,0.0,6.3,103,-6.1385314081469815,1.4171916423663506
2014-08-28 00:00:00,22.6,92,0.4,5.0,120,-4.330127018922194,2.4999999999999996
2014-08-28 01:00:00,22.4,92,1.9,3.9,124,-3.2332465329646625,2.180852323535913
2014-08-28 02:00:00,22.0,92,0.9,2.5,135,-1.7677669529663687,1.7677669529663689
2014-08-28 03:00:00,21.5,90,0.0,1.8,101,-1.7669289302057951,0.34345619167778096
2014-08-28 04:00:00,21.3,91,0.0,1.8,37,-1.083267041673687,-1.437543918085127
2014-08-28 05:00:00,20.9,91,0.0,2.6,74,-2.499280409439629,-0.7166571251241974
2014-08-28 06:00:00,20.4,93,0.0,2.7,67,-2.485363104321589,-1.0549740469210387
2014-08-28 07:00:00,22.6,93,0.0,3.0,76,-2.9108871788279895,-0.7257656867990026
2014-08-28 08:00:00,26.6,75,0.0,2.0,315,1.4142135623730951,-1.414213562373095
2014-08-28 09:00:00,27.7,74,0.0,3.5,294,3.197409101749103,-1.4235782507653008
2014-08-28 10:00:00,28.6,71,0.0,4.3,275,4.283637201794505,-0.3747696938149301
2014-08-28 11:00:00,28.9,72,0.0,4.4,279,4.3458286986186065,-0.6883116461770159
2014-08-28 12:00:00,29.3,71,0.0,5.2,286,4.998560818879258,-1.4333142502483958
2014-08-28 13:00:00,29.4,71,0.2,4.6,309,3.5748714227020657,-2.8948737988292517
2014-08-28 14:00:00,29.0,71,0.3,5.9,313,4.314986839553106,-4.023790324368742
2014-08-28 15:00:00,28.1,78,1.0,2.6,326,1.4539015490239418,-2.1554976886431088
2014-08-28 16:00:00,28.0,78,0.3,3.7,101,-3.632020578756357,0.7059932828932164
2014-08-28 17:00:00,27.7,79,0.0,2.1,239,1.800051331474436,1.0815799573111138
2014-08-28 18:00:00,27.1,82,0.0,5.3,298,4.679622242152313,-2.4881992827652213
2014-08-28 19:00:00,26.7,83,0.0,2.6,214,1.4539015490239418,2.1554976886431088
2014-08-28 20:00:00,26.5,84,0.0,3.6,186,0.3763024677635525,3.580278823325784
2014-08-28 21:00:00,26.2,85,0.0,4.2,149,-2.163159914622228,3.600102662948872
2014-08-28 22:00:00,25.0,89,0.0,3.1,111,-2.8940993221413254,1.1109406435904308
2014-08-28 23:00:00,25.6,86,0.0,2.4,117,-2.138415658052083,1.0895771993749124
2014-08-29 00:00:00,25.0,87,0.5,1.4,90,-1.4,1.7145055188062944e-16
2014-08-29 01:00:00,22.8,93,0.8,3.6,90,-3.6,4.4087284769304716e-16
2014-08-29 02:00:00,21.7,96,0.0,2.7,113,-2.485363104321589,1.0549740469210394
2014-08-29 03:00:00,21.4,96,1.0,1.3,56,-1.0777488443215544,-0.7269507745119708
2014-08-29 04:00:00,20.9,98,0.0,1.5,45,-1.0606601717798214,-1.0606601717798212
2014-08-29 05:00:00,20.7,96,0.0,2.0,45,-1.4142135623730954,-1.414213562373095
2014-08-29 06:00:00,20.5,95,0.0,1.8,79,-1.7669289302057951,-0.3434561916777805
2014-08-29 07:00:00,22.7,93,0.0,2.6,124,-2.1554976886431083,1.453901549023942
2014-08-29 08:00:00,26.0,84,0.0,2.7,247,2.485363104321589,1.0549740469210394
2014-08-29 09:00:00,27.1,82,0.0,3.2,243,2.8512208774027776,1.4527695991665497
2014-08-29 10:00:00,28.3,77,0.0,4.9,253,4.685893304218874,1.4326213531414103
2014-08-29 11:00:00,28.5,75,0.4,6.2,260,6.10580806867569,1.0766187015349682
2014-08-29 12:00:00,28.2,77,0.2,5.9,256,5.7247447850283795,1.4273391840380396
2014-08-29 13:00:00,28.4,75,0.8,5.2,254,4.998560818879258,1.4333142502483958
2014-08-29 14:00:00,28.1,76,1.8,4.8,297,4.276831316104166,-2.1791543987498243
2014-08-29 15:00:00,26.1,82,3.4,4.7,4,-0.32785542659739025,-4.688551036221174
2014-08-29 16:00:00,26.6,77,1.3,4.0,85,-3.984778792366982,-0.3486229709906318
2014-08-29 17:00:00,26.3,79,0.0,1.9,202,0.7117525274902327,1.761649323676896
2014-08-29 18:00:00,25.7,84,0.0,3.1,216,1.8221342821066668,2.5079526825623373
2014-08-29 19:00:00,24.7,89,0.0,3.4,198,1.0506577808748212,3.233592155403522
2014-08-29 20:00:00,23.5,92,0.0,4.8,167,-1.079765060850552,4.676976310969129
2014-08-29 21:00:00,22.9,92,1.5,6.4,133,-4.6806636903626915,4.364789504399991
2014-08-29 22:00:00,22.4,93,3.1,6.8,115,-6.162892951849219,2.8738041798367564
2014-08-29 23:00:00,22.2,92,1.3,5.1,135,-3.606244584051392,3.6062445840513924
2014-08-30 00:00:00,22.4,91,0.0,4.8,138,-3.2118269105225195,3.5670951622914924
2014-08-30 01:00:00,22.7,87,0.0,5.4,138,-3.6133052743378347,4.012982057577929
2014-08-30 02:00:00,21.9,90,0.8,4.4,125,-3.6042689948715645,2.5237363199446023
2014-08-30 03:00:00,21.9,92,0.2,5.0,120,-4.330127018922194,2.4999999999999996
2014-08-30 04:00:00,22.5,87,0.0,3.8,107,-3.633958072659535,1.111012477946399
2014-08-30 05:00:00,22.2,86,0.0,2.5,98,-2.475670171853926,0.3479327524001633
2014-08-30 06:00:00,23.5,78,0.0,2.4,63,-2.138415658052083,-1.089577199374912
2014-08-30 07:00:00,24.7,78,0.0,1.8,53,-1.437543918085127,-1.0832670416736871
2014-08-30 08:00:00,26.2,74,0.0,2.7,337,1.0549740469210391,-2.485363104321589
2014-08-30 09:00:00,27.3,75,0.0,3.8,311,2.8678964048465336,-2.4930243101639276
2014-08-30 10:00:00,28.2,74,0.1,5.2,295,4.7128004925905795,-2.197614961051637
2014-08-30 11:00:00,28.5,74,1.6,6.2,291,5.788198644282651,-2.2218812871808615
2014-08-30 12:00:00,28.2,76,2.2,4.0,265,3.984778792366982,0.34862297099063266
2014-08-30 13:00:00,28.3,78,1.0,4.0,270,4.0,0.0
2014-08-30 14:00:00,27.6,80,6.2,3.8,253,3.6339580726595346,1.1110124779463997
2014-08-30 15:00:00,26.2,83,5.0,4.0,207,1.8159619989581872,3.564026096753471
2014-08-30 16:00:00,26.1,82,1.8,3.1,144,-1.8221342821066664,2.5079526825623373
2014-08-30 17:00:00,26.2,80,0.0,2.9,97,-2.8783838397598336,0.35342109587492787
2014-08-30 18:00:00,26.3,77,0.0,0.7000000000000001,360,4.2862637970157366e-17,-0.7000000000000001
2014-08-30 19:00:00,25.8,79,0.0,2.0,135,-1.414213562373095,1.4142135623730951
2014-08-30 20:00:00,25.6,81,0.0,1.1,108,-1.0461621679246689,0.3399186938124423
2014-08-30 21:00:00,23.8,87,0.0,2.3,129,-1.7874357113510329,1.4474368994146258
2014-08-30 22:00:00,22.4,92,0.0,2.8,140,-1.7998053071223101,2.1449244407331385
2014-08-30 23:00:00,22.0,94,0.0,3.7,119,-3.2360929164157644,1.7937955949114477
2014-08-31 00:00:00,21.8,93,0.0,3.5,114,-3.197409101749103,1.4235782507653014
2014-08-31 01:00:00,21.4,94,0.0,3.8,107,-3.633958072659535,1.111012477946399
2014-08-31 02:00:00,21.4,93,0.0,4.0,117,-3.564026096753471,1.8159619989581874
2014-08-31 03:00:00,21.6,92,0.0,4.3,114,-3.9282454678631833,1.7489675652259418
2014-08-31 04:00:00,21.5,90,0.0,4.7,113,-4.32637281122647,1.8364363038995868
2014-08-31 05:00:00,21.1,90,0.0,4.9,107,-4.685893304218874,1.4326213531414094
2014-08-31 06:00:00,20.7,93,0.0,3.5,114,-3.197409101749103,1.4235782507653014
2014-08-31 07:00:00,22.3,90,0.0,4.2,110,-3.9467090073008153,1.4364846019678092
2014-08-31 08:00:00,25.4,82,0.0,0.0,270,0.0,0.0
2014-08-31 09:00:00,27.0,77,0.0,4.5,299,3.935788682127281,-2.1816432911085166
2014-08-31 10:00:00,27.9,75,0.1,7.0,305,5.7340643100229425,-4.015035054457322
2014-08-31 11:00:00,27.8,75,0.5,7.7,307,6.149493427364155,-4.6339756782707715
2014-08-31 12:00:00,27.7,76,0.0,5.4,312,4.012982057577929,-3.6133052743378347
2014-08-31 13:00:00,28.2,74,0.2,5.6,333,2.542346798541462,-4.989636535454859
2014-08-31 14:00:00,27.3,76,1.5,6.3,336,2.5624408513775414,-5.755336383148386
2014-08-31 15:00:00,27.1,77,1.0,6.2,350,1.0766187015349686,-6.10580806867569
2014-08-31 16:00:00,26.9,75,0.4,5.4,356,0.3766849582182763,-5.386845871403051
2014-08-31 17:00:00,26.2,76,0.0,4.1,15,-1.0611580849203346,-3.96029588778518
2014-08-31 18:00:00,25.3,77,0.0,4.4,35,-2.523736319944604,-3.604268994871563
2014-08-31 19:00:00,24.6,78,0.0,5.3,62,-4.679622242152313,-2.4881992827652213
2014-08-31 20:00:00,24.2,80,0.0,5.0,60,-4.330127018922193,-2.5000000000000004
2014-08-31 21:00:00,23.6,85,0.0,3.0,76,-2.9108871788279895,-0.7257656867990026
2014-08-31 22:00:00,23.2,87,0.1,1.8,180,1.1021821192326179e-16,1.8
2014-08-31 23:00:00,22.7,87,0.0,4.3,175,-0.3747696938149304,4.283637201794505
2014-09-01 00:00:00,22.3,87,0.0,5.0,159,-1.7918397477265013,4.667902132486009
2014-09-01 01:00:00,21.8,88,0.0,4.8,138,-3.2118269105225195,3.5670951622914924
2014-09-01 02:00:00,21.5,88,0.1,5.1,129,-3.963444403430551,3.2095339943541705
2014-09-01 03:00:00,20.9,90,0.0,3.8,131,-2.8678964048465336,2.4930243101639276
2014-09-01 04:00:00,20.7,90,0.0,4.1,128,-3.2308440897875594,2.5242120488351993
2014-09-01 05:00:00,20.4,91,0.0,3.1,126,-2.507952682562337,1.822134282106667
2014-09-01 06:00:00,20.1,91,0.0,2.6,124,-2.1554976886431083,1.453901549023942
2014-09-01 07:00:00,22.2,92,0.0,3.3,103,-3.215421213791276,0.7423384793347552
2014-09-01 08:00:00,26.0,75,0.0,2.9,30,-1.4500000000000013,-2.5114736709748713
2014-09-01 09:00:00,27.4,71,0.0,5.4,352,0.7515347451843536,-5.34744757120448
2014-09-01 10:00:00,28.3,70,0.0,6.4,333,2.9055391983331,-5.702441754805554
2014-09-01 11:00:00,29.0,69,0.0,8.4,329,4.326319829244455,-7.200205325897744
2014-09-01 12:00:00,29.1,69,0.4,8.7,322,5.356254835333226,-6.855693556378481
2014-09-01 13:00:00,28.6,70,0.9,6.9,313,5.046340541172277,-4.70578868443124
2014-09-01 14:00:00,28.7,70,0.1,4.3,318,2.8772616073430903,-3.195522749552795
2014-09-01 15:00:00,28.6,72,0.5,4.8,333,2.1791543987498248,-4.276831316104166
2014-09-01 16:00:00,28.0,74,2.0,5.2,344,1.4333142502483958,-4.998560818879258
2014-09-01 17:00:00,28.2,73,0.0,1.8,349,0.34345619167778085,-1.7669289302057951
2014-09-01 18:00:00,28.1,70,0.0,3.4,342,1.0506577808748212,-3.233592155403522
2014-09-01 19:00:00,27.3,74,0.0,4.5,284,4.366330768241984,-1.0886485301985047
2014-09-01 20:00:00,26.5,78,0.0,3.1,249,2.8940993221413254,1.1109406435904308
2014-09-01 21:00:00,25.9,80,0.0,3.4,198,1.0506577808748212,3.233592155403522
2014-09-01 22:00:00,23.6,89,0.0,6.3,149,-3.2447398719333416,5.400153994423308
2014-09-01 23:00:00,22.6,92,0.0,5.6,153,-2.542346798541461,4.98963653545486
2014-09-02 00:00:00,22.2,93,0.0,4.0,153,-1.8159619989581868,3.5640260967534716
2014-09-02 01:00:00,21.8,92,0.3,3.1,135,-2.192031021678297,2.1920310216782974
2014-09-02 02:00:00,21.4,92,0.0,3.4,122,-2.883363526931848,1.8017254983928965
2014-09-02 03:00:00,21.0,93,0.0,2.6,106,-2.499280409439629,0.716657125124198
2014-09-02 04:00:00,20.5,95,0.0,2.3,108,-2.1874299874788528,0.7107390870623792
2014-09-02 05:00:00,20.1,95,0.0,2.7,113,-2.485363104321589,1.0549740469210394
2014-09-02 06:00:00,19.8,95,0.0,3.0,104,-2.9108871788279895,0.7257656867990032
2014-09-02 07:00:00,22.0,93,0.0,4.1,105,-3.9602958877851795,1.0611580849203361
2014-09-02 08:00:00,26.0,77,0.0,0.8,207,0.3631923997916375,0.7128052193506943
2014-09-02 09:00:00,26.8,79,0.0,4.3,270,4.3,0.0
2014-09-02 10:00:00,27.8,76,0.0,4.4,279,4.3458286986186065,-0.6883116461770159
2014-09-02 11:00:00,28.3,73,0.0,5.4,290,5.074340152243906,-1.8469087739586112
2014-09-02 12:00:00,28.3,73,2.0,4.6,288,4.3748599749577055,-1.421478174124758
2014-09-02 13:00:00,28.4,73,0.3,4.9,306,3.9641832724372428,-2.8801477362331185
2014-09-02 14:00:00,28.3,73,0.0,4.7,328,2.490620541896063,-3.9858260519352022
2014-09-02 15:00:00,28.5,70,0.0,4.5,331,2.181643291108517,-3.935788682127281
2014-09-02 16:00:00,28.4,71,0.0,4.6,321,2.894873798829252,-3.5748714227020657
2014-09-02 17:00:00,28.2,71,0.0,4.5,299,3.935788682127281,-2.1816432911085166
2014-09-02 18:00:00,27.5,79,0.0,4.8,312,3.5670951622914924,-3.2118269105225195
2014-09-02 19:00:00,27.5,72,0.0,4.0,297,3.5640260967534716,-1.815961998958187
2014-09-02 20:00:00,26.4,77,0.0,3.3,311,2.4905416147351476,-2.1649947956686737
2014-09-02 21:00:00,25.7,80,0.0,3.3,347,0.7423384793347542,-3.2154212137912763
2014-09-02 22:00:00,24.3,85,0.0,1.6,63,-1.4256104387013888,-0.7263847995832747
2014-09-02 23:00:00,23.2,88,0.0,1.5,104,-1.4554435894139948,0.3628828433995016
2014-09-03 00:00:00,22.6,89,0.0,2.0,135,-1.414213562373095,1.4142135623730951
2014-09-03 01:00:00,21.7,91,0.1,3.8,131,-2.8678964048465336,2.4930243101639276
2014-09-03 02:00:00,21.5,91,0.2,4.9,126,-3.9641832724372423,2.880147736233119
2014-09-03 03:00:00,21.0,93,0.0,4.8,117,-4.276831316104166,2.1791543987498248
2014-09-03 04:00:00,20.9,92,0.0,4.8,117,-4.276831316104166,2.1791543987498248
2014-09-03 05:00:00,20.5,92,0.0,4.8,117,-4.276831316104166,2.1791543987498248
2014-09-03 06:00:00,20.5,92,0.0,5.5,113,-5.062776693988422,2.149021206691006
2014-09-03 07:00:00,22.4,92,0.0,5.6,117,-4.989636535454859,2.542346798541462
2014-09-03 08:00:00,25.9,78,0.0,3.3,167,-0.7423384793347546,3.2154212137912763
2014-09-03 09:00:00,27.3,75,0.0,5.8,240,5.022947341949744,2.8999999999999995
2014-09-03 10:00:00,28.1,74,0.0,6.6,257,6.430842427582553,1.484676958669509
2014-09-03 11:00:00,28.5,72,0.1,7.6,270,7.6,0.0
2014-09-03 12:00:00,28.7,71,0.2,8.0,275,7.969557584733964,-0.6972459419812653
2014-09-03 13:00:00,28.5,72,0.1,6.8,267,6.790680836331102,0.3558845024520181
2014-09-03 14:00:00,28.4,72,0.3,4.7,266,4.688551036221174,0.3278554265973889
2014-09-03 15:00:00,28.5,71,0.0,3.6,270,3.6,0.0
2014-09-03 16:00:00,28.7,70,0.0,4.8,283,4.676976310969129,-1.079765060850552
2014-09-03 17:00:00,28.3,73,0.0,3.3,283,3.2154212137912763,-0.7423384793347545
2014-09-03 18:00:00,27.2,82,0.0,5.4,290,5.074340152243906,-1.8469087739586112
2014-09-03 19:00:00,26.4,81,0.0,4.8,297,4.276831316104166,-2.1791543987498243
2014-09-03 20:00:00,26.6,78,0.0,1.6,63,-1.4256104387013888,-0.7263847995832747
2014-09-03 21:00:00,25.2,84,0.0,4.1,105,-3.9602958877851795,1.0611580849203361
2014-09-03 22:00:00,23.4,91,0.0,3.7,119,-3.2360929164157644,1.7937955949114477
2014-09-03 23:00:00,22.6,94,0.0,2.9,120,-2.511473670974872,1.4499999999999997
2014-09-04 00:00:00,22.2,93,0.0,4.2,110,-3.9467090073008153,1.4364846019678092
2014-09-04 01:00:00,21.8,93,0.0,3.5,114,-3.197409101749103,1.4235782507653014
2014-09-04 02:00:00,21.6,93,0.0,3.1,126,-2.507952682562337,1.822134282106667
2014-09-04 03:00:00,21.8,89,0.0,3.5,114,-3.197409101749103,1.4235782507653014
2014-09-04 04:00:00,21.7,90,0.0,4.1,105,-3.9602958877851795,1.0611580849203361
2014-09-04 05:00:00,21.4,90,0.0,3.7,101,-3.632020578756357,0.7059932828932164
2014-09-04 06:00:00,21.5,90,0.0,3.6,96,-3.580278823325784,0.37630246776355347
2014-09-04 07:00:00,23.5,89,0.0,3.7,101,-3.632020578756357,0.7059932828932164
2014-09-04 08:00:00,26.0,80,0.0,1.6,333,0.726384799583275,-1.4256104387013886
2014-09-04 09:00:00,26.7,81,0.0,5.5,328,2.914555953282627,-4.664264528860342
2014-09-04 10:00:00,27.7,77,0.0,6.7,324,3.93816119035957,-5.420413862312148
2014-09-04 11:00:00,28.1,75,1.2,6.4,322,3.9402334420842133,-5.043268823083022
2014-09-04 12:00:00,28.1,76,1.9,6.9,321,4.342310698243879,-5.3623071340531
2014-09-04 13:00:00,27.7,77,4.2,5.6,333,2.542346798541462,-4.989636535454859
2014-09-04 14:00:00,28.0,75,2.8,5.4,323,3.2498011250210617,-4.312631754255381
2014-09-04 15:00:00,27.3,78,1.9,4.2,329,2.1631599146222276,-3.600102662948872
2014-09-04 16:00:00,26.7,80,2.0,3.3,354,0.3449439287832564,-3.2819222547153015
2014-09-04 17:00:00,26.7,79,5.4,2.2,81,-2.1729143493093033,-0.3441558230885076
2014-09-04 18:00:00,26.4,86,5.9,0.7000000000000001,90,-0.7000000000000001,8.572527594031473e-17
2014-09-04 19:00:00,25.3,88,1.9,3.4,108,-3.233592155403522,1.0506577808748214
2014-09-04 20:00:00,26.4,78,0.0,1.1,72,-1.046162167924669,-0.33991869381244205
2014-09-04 21:00:00,25.7,83,0.0,1.8,127,-1.4375439180851273,1.0832670416736867
2014-09-04 22:00:00,23.4,92,0.0,3.4,148,-1.8017254983928963,2.8833635269318485
2014-09-04 23:00:00,22.9,94,0.0,4.7,148,-2.4906205418960625,3.9858260519352027
2014-09-05 00:00:00,22.6,94,0.4,5.4,132,-4.012982057577928,3.613305274337835
2014-09-05 01:00:00,22.2,94,0.5,4.8,117,-4.276831316104166,2.1791543987498248
2014-09-05 02:00:00,22.0,91,0.2,3.0,104,-2.9108871788279895,0.7257656867990032
2014-09-05 03:00:00,22.0,90,0.6,2.9,97,-2.8783838397598336,0.35342109587492787
2014-09-05 04:00:00,21.9,90,0.1,2.5,98,-2.475670171853926,0.3479327524001633
2014-09-05 05:00:00,22.5,84,0.0,2.3,108,-2.1874299874788528,0.7107390870623792
2014-09-05 06:00:00,21.0,91,0.0,2.3,108,-2.1874299874788528,0.7107390870623792
2014-09-05 07:00:00,22.8,92,0.0,3.3,103,-3.215421213791276,0.7423384793347552
2014-09-05 08:00:00,26.1,77,0.0,1.3,236,1.0777488443215542,0.726950774511971
2014-09-05 09:00:00,27.2,79,0.0,3.6,270,3.6,0.0
2014-09-05 10:00:00,28.1,77,0.0,4.8,283,4.676976310969129,-1.079765060850552
2014-09-05 11:00:00,28.7,75,0.0,4.8,283,4.676976310969129,-1.079765060850552
2014-09-05 12:00:00,28.9,74,0.4,4.3,275,4.283637201794505,-0.3747696938149301
2014-09-05 13:00:00,28.8,74,0.7000000000000001,4.6,288,4.3748599749577055,-1.421478174124758
2014-09-05 14:00:00,28.9,74,1.4,4.7,302,3.9858260519352022,-2.490620541896063
2014-09-05 15:00:00,28.3,79,0.9,4.6,309,3.5748714227020657,-2.8948737988292517
2014-09-05 16:00:00,28.4,77,2.3,2.1,301,1.800051331474436,-1.0815799573111138
2014-09-05 17:00:00,27.6,81,0.1,1.8,307,1.437543918085127,-1.083267041673687
2014-09-05 18:00:00,27.1,85,0.0,4.4,325,2.5237363199446032,-3.604268994871564
2014-09-05 19:00:00,25.8,89,0.0,1.4,270,1.4,0.0
2014-09-05 20:00:00,25.5,89,0.0,4.0,180,2.4492935982947064e-16,4.0
2014-09-05 21:00:00,23.9,93,1.5,5.9,137,-4.023790324368741,4.314986839553106
2014-09-05 22:00:00,23.5,94,0.0,5.7,145,-3.269385687200963,4.669166652447252
2014-09-05 23:00:00,23.1,94,0.0,5.6,140,-3.5996106142446203,4.289848881466277
2014-09-06 00:00:00,22.8,94,0.0,5.9,128,-4.64926344627966,3.6324027044213847
2014-09-06 01:00:00,22.7,93,0.0,5.4,138,-3.6133052743378347,4.012982057577929
2014-09-06 02:00:00,22.5,93,0.0,5.8,150,-2.8999999999999986,5.022947341949744
2014-09-06 03:00:00,22.4,90,1.0,4.8,138,-3.2118269105225195,3.5670951622914924
2014-09-06 04:00:00,22.2,89,0.3,5.9,133,-4.314986839553106,4.023790324368742
2014-09-06 05:00:00,21.9,91,0.0,5.9,137,-4.023790324368741,4.314986839553106
2014-09-06 06:00:00,21.9,90,0.0,5.2,146,-2.907803098047883,4.3109953772862175
2014-09-06 07:00:00,23.6,90,0.0,4.1,142,-2.524212048835199,3.23084408978756
2014-09-06 08:00:00,26.5,76,0.0,3.7,191,0.7059932828932162,3.632020578756357
2014-09-06 09:00:00,27.4,76,0.0,4.1,232,3.2308440897875594,2.524212048835199
2014-09-06 10:00:00,28.2,75,0.0,3.6,270,3.6,0.0
2014-09-06 11:00:00,29.0,72,0.0,4.3,294,3.9282454678631837,-1.7489675652259409
2014-09-06 12:00:00,29.1,72,1.0,5.4,307,4.312631754255381,-3.2498011250210608
2014-09-06 13:00:00,29.3,72,0.2,4.4,351,0.6883116461770161,-4.3458286986186065
2014-09-06 14:00:00,29.2,72,0.7000000000000001,5.2,335,2.197614961051637,-4.7128004925905795
2014-09-06 15:00:00,29.3,71,1.6,4.7,337,1.8364363038995866,-4.32637281122647
2014-09-06 16:00:00,29.1,72,0.0,5.9,317,4.023790324368742,-4.314986839553106
2014-09-06 17:00:00,28.5,75,0.1,1.1,198,0.3399186938124422,1.0461621679246689
2014-09-06 18:00:00,27.0,81,2.3,3.9,236,3.2332465329646625,2.180852323535913
2014-09-06 19:00:00,26.2,84,0.4,3.6,180,2.2043642384652358e-16,3.6
2014-09-06 20:00:00,25.4,89,0.0,5.4,200,1.8469087739586119,5.074340152243905
2014-09-06 21:00:00,25.2,87,0.0,5.4,184,0.3766849582182763,5.386845871403051
2014-09-06 22:00:00,23.9,91,0.0,6.8,180,4.1637991171010006e-16,6.8
2014-09-06 23:00:00,23.4,92,0.0,6.8,177,-0.35588450245201814,6.790680836331102
2014-09-07 00:00:00,23.5,90,0.0,6.5,161,-2.116193003971518,6.1458707413955596
2014-09-07 01:00:00,23.8,87,0.0,6.0,155,-2.535709570444196,5.4378467222199
2014-09-07 02:00:00,25.0,78,0.0,5.4,160,-1.8469087739586112,5.074340152243906
2014-09-07 03:00:00,24.2,84,0.0,3.9,158,-1.4609657143220571,3.616017032810471
2014-09-07 04:00:00,25.3,77,0.0,4.1,142,-2.524212048835199,3.23084408978756
2014-09-07 05:00:00,25.3,76,0.0,4.2,121,-3.6001026629488715,2.1631599146222285
2014-09-07 06:00:00,24.8,77,0.0,4.7,94,-4.688551036221174,0.32785542659739
2014-09-07 07:00:00,24.3,87,0.0,3.5,66,-3.197409101749103,-1.4235782507653008
2014-09-07 08:00:00,26.5,75,0.0,1.9,338,0.7117525274902327,-1.761649323676896
2014-09-07 09:00:00,27.2,74,0.0,3.8,287,3.6339580726595346,-1.1110124779463997
2014-09-07 10:00:00,28.0,75,0.2,5.1,278,5.050367150582009,-0.7097828148963337
2014-09-07 11:00:00,28.1,78,0.3,3.7,281,3.632020578756357,-0.7059932828932158
2014-09-07 12:00:00,28.6,80,0.5,4.7,274,4.688551036221174,-0.3278554265973889
2014-09-07 13:00:00,28.8,80,1.0,5.0,270,5.0,0.0
2014-09-07 14:00:00,28.4,82,2.5,4.3,265,4.283637201794505,0.3747696938149301
2014-09-07 15:00:00,27.9,84,0.2,3.6,276,3.580278823325784,-0.37630246776355253
2014-09-07 16:00:00,28.0,78,1.1,4.0,270,4.0,0.0
2014-09-07 17:00:00,27.5,80,0.6,4.4,261,4.3458286986186065,0.6883116461770159
2014-09-07 18:00:00,26.8,82,0.0,1.4,270,1.4,0.0
2014-09-07 19:00:00,26.6,83,0.0,1.5,225,1.0606601717798214,1.0606601717798212
2014-09-07 20:00:00,26.5,83,0.0,1.5,135,-1.0606601717798212,1.0606601717798214
2014-09-07 21:00:00,26.1,86,0.0,2.9,173,-0.35342109587492737,2.878383839759834
2014-09-07 22:00:00,25.6,87,0.0,4.3,156,-1.748967565225941,3.9282454678631837
2014-09-07 23:00:00,23.2,93,0.0,5.4,138,-3.6133052743378347,4.012982057577929
2014-09-08 00:00:00,22.2,95,0.0,4.6,135,-3.252691193458118,3.2526911934581184
2014-09-08 01:00:00,21.6,96,0.0,4.3,132,-3.195522749552794,2.8772616073430908
2014-09-08 02:00:00,21.3,96,0.0,4.8,132,-3.567095162291491,3.21182691052252
2014-09-08 03:00:00,22.0,91,0.3,4.8,132,-3.567095162291491,3.21182691052252
2014-09-08 04:00:00,21.4,92,0.5,3.9,124,-3.2332465329646625,2.180852323535913
2014-09-08 05:00:00,20.9,93,0.8,3.6,135,-2.545584412271571,2.5455844122715714
2014-09-08 06:00:00,20.8,92,0.0,4.0,117,-3.564026096753471,1.8159619989581874
2014-09-08 07:00:00,22.7,91,0.5,4.3,114,-3.9282454678631833,1.7489675652259418
2014-09-08 08:00:00,25.4,77,1.3,1.6,153,-0.7263847995832747,1.4256104387013888
2014-09-08 09:00:00,26.5,74,0.0,2.9,263,2.8783838397598336,0.35342109587492765
2014-09-08 10:00:00,27.5,73,0.0,4.7,274,4.688551036221174,-0.3278554265973889
2014-09-08 11:00:00,28.6,71,0.0,5.9,281,5.791600382341218,-1.1257730727216144
2014-09-08 12:00:00,28.8,71,0.5,6.9,279,6.815049550106451,-1.079397808777593
2014-09-08 13:00:00,28.5,70,0.4,4.7,266,4.688551036221174,0.3278554265973889
2014-09-08 14:00:00,28.3,74,0.8,4.3,275,4.283637201794505,-0.3747696938149301
2014-09-08 15:00:00,28.7,72,0.9,3.6,270,3.6,0.0
2014-09-08 16:00:00,28.7,72,0.5,4.7,279,4.6421352007971475,-0.7352419856890852
2014-09-08 17:00:00,28.1,76,0.5,4.0,265,3.984778792366982,0.34862297099063266
2014-09-08 18:00:00,27.2,82,0.0,4.1,255,3.96029588778518,1.061158084920335
2014-09-08 19:00:00,25.8,91,0.0,2.5,278,2.475670171853926,-0.3479327524001636
2014-09-08 20:00:00,25.3,91,0.0,1.1,288,1.0461621679246689,-0.33991869381244216
2014-09-08 21:00:00,24.7,93,0.0,3.1,225,2.1920310216782974,2.192031021678297
2014-09-08 22:00:00,24.0,95,0.0,4.7,184,0.3278554265973886,4.688551036221174
2014-09-08 23:00:00,23.9,94,0.0,5.5,157,-2.149021206691006,5.062776693988422
2014-09-09 00:00:00,23.4,95,0.0,4.9,144,-2.880147736233118,3.9641832724372428
2014-09-09 01:00:00,22.5,97,0.0,5.4,143,-3.2498011250210617,4.312631754255381
2014-09-09 02:00:00,22.9,93,0.2,5.7,145,-3.269385687200963,4.669166652447252
2014-09-09 03:00:00,23.7,91,0.2,5.6,140,-3.5996106142446203,4.289848881466277
2014-09-09 04:00:00,24.1,86,0.2,5.1,135,-3.606244584051392,3.6062445840513924
2014-09-09 05:00:00,24.8,82,0.5,3.3,139,-2.1649947956686737,2.490541614735148
2014-09-09 06:00:00,24.6,83,0.0,2.5,45,-1.7677669529663693,-1.7677669529663687
2014-09-09 07:00:00,24.5,86,0.0,1.9,68,-1.761649323676896,-0.7117525274902328
2014-09-09 08:00:00,25.9,83,0.0,1.1,360,6.735557395310444e-17,-1.1
2014-09-09 09:00:00,26.9,80,0.0,2.8,320,1.7998053071223101,-2.1449244407331385
2014-09-09 10:00:00,28.0,74,0.0,4.6,309,3.5748714227020657,-2.8948737988292517
2014-09-09 11:00:00,28.3,74,0.1,6.3,301,5.400153994423308,-3.244739871933341
2014-09-09 12:00:00,28.8,71,0.3,4.5,299,3.935788682127281,-2.1816432911085166
2014-09-09 13:00:00,29.1,71,0.4,5.4,307,4.312631754255381,-3.2498011250210608
2014-09-09 14:00:00,28.9,72,0.0,5.1,309,3.963444403430551,-3.2095339943541705
2014-09-09 15:00:00,27.9,76,0.2,2.2,360,1.3471114790620887e-16,-2.2
2014-09-09 16:00:00,28.1,75,0.0,1.1,288,1.0461621679246689,-0.33991869381244216
2014-09-09 17:00:00,27.8,75,0.1,3.1,234,2.5079526825623373,1.8221342821066668
2014-09-09 18:00:00,26.6,81,0.0,4.4,261,4.3458286986186065,0.6883116461770159
2014-09-09 19:00:00,25.8,87,0.0,1.9,158,-0.7117525274902329,1.761649323676896
2014-09-09 20:00:00,26.7,79,0.0,3.2,180,1.9594348786357652e-16,3.2
2014-09-09 21:00:00,25.3,86,0.0,4.2,200,1.436484601967809,3.9467090073008153
2014-09-09 22:00:00,24.4,89,0.0,5.5,169,-1.0494494745709964,5.3989495089621515
2014-09-09 23:00:00,23.4,92,0.0,5.8,158,-2.17271824181229,5.377666356487367
2014-09-10 00:00:00,22.9,93,0.0,5.4,160,-1.8469087739586112,5.074340152243906
2014-09-10 01:00:00,22.3,95,0.0,5.8,158,-2.17271824181229,5.377666356487367
2014-09-10 02:00:00,22.1,94,0.2,3.8,139,-2.493024310163927,2.867896404846534
2014-09-10 03:00:00,22.0,93,0.0,3.7,119,-3.2360929164157644,1.7937955949114477
2014-09-10 04:00:00,21.6,94,0.0,3.5,114,-3.197409101749103,1.4235782507653014
2014-09-10 05:00:00,21.2,93,0.0,3.1,111,-2.8940993221413254,1.1109406435904308
2014-09-10 06:00:00,20.9,94,0.0,3.5,114,-3.197409101749103,1.4235782507653014
2014-09-10 07:00:00,23.3,92,0.0,3.9,112,-3.6160170328104706,1.4609657143220578
2014-09-10 08:00:00,26.2,81,0.0,0.4,180,2.4492935982947065e-17,0.4
2014-09-10 09:00:00,27.3,80,0.0,3.6,276,3.580278823325784,-0.37630246776355253
2014-09-10 10:00:00,28.1,79,0.0,5.5,281,5.3989495089621515,-1.0494494745709964
2014-09-10 11:00:00,28.1,78,1.8,4.7,270,4.7,0.0
2014-09-10 12:00:00,27.9,79,0.5,4.8,257,4.676976310969129,1.079765060850552
2014-09-10 13:00:00,28.8,74,0.1,4.1,255,3.96029588778518,1.061158084920335
2014-09-10 14:00:00,28.0,76,2.7,4.3,265,4.283637201794505,0.3747696938149301
2014-09-10 15:00:00,27.4,79,4.1,5.5,281,5.3989495089621515,-1.0494494745709964
2014-09-10 16:00:00,27.1,79,2.9,1.0,225,0.7071067811865476,0.7071067811865475
2014-09-10 17:00:00,26.7,82,0.3,0.0,270,0.0,0.0
2014-09-10 18:00:00,26.3,86,0.0,0.7000000000000001,90,-0.7000000000000001,8.572527594031473e-17
2014-09-10 19:00:00,26.0,83,0.0,2.3,129,-1.7874357113510329,1.4474368994146258
2014-09-10 20:00:00,25.5,84,0.0,4.3,156,-1.748967565225941,3.9282454678631837
2014-09-10 21:00:00,25.8,82,0.0,4.0,153,-1.8159619989581868,3.5640260967534716
2014-09-10 22:00:00,25.8,82,0.0,3.8,131,-2.8678964048465336,2.4930243101639276
2014-09-10 23:00:00,25.2,83,0.0,3.4,122,-2.883363526931848,1.8017254983928965
2014-09-11 00:00:00,24.2,87,0.0,4.2,110,-3.9467090073008153,1.4364846019678092
2014-09-11 01:00:00,23.9,87,0.0,4.5,104,-4.366330768241984,1.0886485301985047
2014-09-11 02:00:00,25.2,81,0.0,2.3,108,-2.1874299874788528,0.7107390870623792
2014-09-11 03:00:00,23.3,85,0.3,3.1,126,-2.507952682562337,1.822134282106667
2014-09-11 04:00:00,23.4,84,0.0,3.2,117,-2.851220877402777,1.4527695991665501
2014-09-11 05:00:00,24.5,78,0.0,1.9,112,-1.7616493236768958,0.7117525274902332
2014-09-11 06:00:00,24.7,77,0.0,3.7,79,-3.632020578756357,-0.7059932828932155
2014-09-11 07:00:00,25.3,80,0.0,2.6,56,-2.1554976886431088,-1.4539015490239415
2014-09-11 08:00:00,26.6,81,0.0,3.6,307,2.875087836170254,-2.166534083347374
2014-09-11 09:00:00,27.3,79,0.5,5.2,282,5.08636752381579,-1.0811407922523486
2014-09-11 10:00:00,27.7,78,1.5,4.7,293,4.32637281122647,-1.8364363038995868
2014-09-11 11:00:00,28.3,76,0.2,5.5,302,4.664264528860342,-2.914555953282627
2014-09-11 12:00:00,28.8,75,0.3,7.7,311,5.811263767715345,-5.051654523226906
2014-09-11 13:00:00,28.4,76,2.1,6.9,321,4.342310698243879,-5.3623071340531
2014-09-11 14:00:00,28.0,79,5.9,6.1,310,4.6728711030257655,-3.921004419087889
2014-09-11 15:00:00,26.8,83,3.0,4.8,318,3.2118269105225195,-3.5670951622914924
2014-09-11 16:00:00,26.7,83,0.8,2.4,333,1.0895771993749124,-2.138415658052083
2014-09-11 17:00:00,26.7,83,0.0,2.5,360,1.5308084989341916e-16,-2.5
2014-09-11 18:00:00,26.1,89,0.0,3.6,323,2.1665340833473743,-2.875087836170254
2014-09-11 19:00:00,24.9,92,0.0,1.8,233,1.437543918085127,1.083267041673687
2014-09-11 20:00:00,24.2,93,0.8,5.8,180,3.5514757175273243e-16,5.8
2014-09-11 21:00:00,24.1,94,1.8,6.4,153,-2.905539198333099,5.702441754805555
2014-09-11 22:00:00,23.9,94,0.3,6.1,135,-4.313351365237939,4.31335136523794
2014-09-11 23:00:00,23.9,91,0.0,3.6,143,-2.1665340833473743,2.8750878361702537
2014-09-12 00:00:00,22.6,95,0.0,5.2,155,-2.1976149610516367,4.71280049259058
2014-09-12 01:00:00,22.5,94,0.1,5.8,158,-2.17271824181229,5.377666356487367
2014-09-12 02:00:00,22.5,94,0.4,5.3,152,-2.4881992827652217,4.679622242152313
2014-09-12 03:00:00,23.0,92,0.2,5.4,127,-4.312631754255382,3.2498011250210603
2014-09-12 04:00:00,23.5,86,0.0,5.0,120,-4.330127018922194,2.4999999999999996
2014-09-12 05:00:00,22.9,87,0.0,3.7,119,-3.2360929164157644,1.7937955949114477
2014-09-12 06:00:00,22.1,90,0.0,2.2,99,-2.172914349309303,0.3441558230885082
2014-09-12 07:00:00,23.8,90,0.0,3.6,96,-3.580278823325784,0.37630246776355347
2014-09-12 08:00:00,25.8,83,0.0,0.5,45,-0.35355339059327384,-0.35355339059327373
2014-09-12 09:00:00,27.0,80,0.0,1.1,288,1.0461621679246689,-0.33991869381244216
2014-09-12 10:00:00,27.7,80,0.0,4.1,315,2.899137802864845,-2.8991378028648445
2014-09-12 11:00:00,28.4,79,0.0,5.7,305,4.669166652447253,-3.2693856872009626
2014-09-12 12:00:00,29.1,78,0.0,6.4,308,5.043268823083021,-3.9402334420842133
2014-09-12 13:00:00,28.8,79,0.2,6.0,295,5.437846722219899,-2.5357095704441965
2014-09-12 14:00:00,27.5,83,3.6,3.0,284,2.9108871788279895,-0.7257656867990032
2014-09-12 15:00:00,27.4,82,0.5,2.3,252,2.1874299874788528,0.710739087062379
2014-09-12 16:00:00,27.2,80,0.8,1.5,225,1.0606601717798214,1.0606601717798212
2014-09-12 17:00:00,26.8,80,0.5,1.1,198,0.3399186938124422,1.0461621679246689
2014-09-12 18:00:00,26.1,83,0.0,2.2,81,-2.1729143493093033,-0.3441558230885076
2014-09-12 19:00:00,25.0,92,0.1,2.5,45,-1.7677669529663693,-1.7677669529663687
2014-09-12 20:00:00,24.7,91,0.8,2.2,360,1.3471114790620887e-16,-2.2
2014-09-12 21:00:00,24.4,92,2.1,2.6,56,-2.1554976886431088,-1.4539015490239415
2014-09-12 22:00:00,24.1,92,0.5,5.8,97,-5.756767679519667,0.7068421917498557
2014-09-12 23:00:00,24.2,90,0.0,5.0,111,-4.667902132486009,1.7918397477265011
2014-09-13 00:00:00,24.6,86,0.0,3.3,186,0.3449439287832564,3.2819222547153015
2014-09-13 01:00:00,23.9,89,0.0,4.8,167,-1.079765060850552,4.676976310969129
2014-09-13 02:00:00,24.3,86,0.0,4.9,107,-4.685893304218874,1.4326213531414094
2014-09-13 03:00:00,23.2,91,0.2,5.4,86,-5.386845871403051,-0.3766849582182765
2014-09-13 04:00:00,23.3,90,0.0,5.8,83,-5.756767679519668,-0.7068421917498544
2014-09-13 05:00:00,23.8,85,0.0,3.1,69,-2.8940993221413254,-1.1109406435904314
2014-09-13 06:00:00,24.4,79,0.0,3.1,54,-2.5079526825623377,-1.8221342821066664
2014-09-13 07:00:00,24.4,85,0.0,3.9,68,-3.616017032810471,-1.460965714322057
2014-09-13 08:00:00,26.9,74,0.0,3.7,11,-0.7059932828932151,-3.632020578756357
2014-09-13 09:00:00,27.8,72,0.0,6.4,333,2.9055391983331,-5.702441754805554
2014-09-13 10:00:00,28.5,72,0.0,7.8,326,4.361704647071825,-6.466493065929326
2014-09-13 11:00:00,28.3,74,0.1,7.7,323,4.633975678270772,-6.149493427364155
2014-09-13 12:00:00,28.5,73,0.5,8.2,319,5.379684037722159,-6.18861855782673
2014-09-13 13:00:00,27.7,76,1.0,7.9,321,4.971631089293717,-6.139453095510071
2014-09-13 14:00:00,27.5,78,2.1,7.7,323,4.633975678270772,-6.149493427364155
2014-09-13 15:00:00,27.1,80,2.2,5.8,338,2.1727182418122895,-5.377666356487367
2014-09-13 16:00:00,27.1,80,2.7,4.7,9,-0.7352419856890859,-4.6421352007971475
2014-09-13 17:00:00,26.7,84,2.3,3.3,13,-0.7423384793347553,-3.215421213791276
2014-09-13 18:00:00,26.2,89,0.8,2.9,360,1.7757378587636622e-16,-2.9
2014-09-13 19:00:00,26.0,85,0.3,5.0,21,-1.7918397477265036,-4.667902132486008
2014-09-13 20:00:00,26.6,81,0.1,4.1,45,-2.8991378028648453,-2.8991378028648445
2014-09-13 21:00:00,26.3,83,0.0,3.8,49,-2.867896404846534,-2.4930243101639267
2014-09-13 22:00:00,25.9,85,0.0,5.0,60,-4.330127018922193,-2.5000000000000004
2014-09-13 23:00:00,25.7,86,0.0,5.5,67,-5.062776693988422,-2.1490212066910046
2014-09-14 00:00:00,25.4,86,0.0,4.3,66,-3.9282454678631837,-1.7489675652259409
2014-09-14 01:00:00,25.0,88,0.0,2.1,59,-1.800051331474436,-1.0815799573111138
2014-09-14 02:00:00,24.0,93,0.0,2.1,59,-1.800051331474436,-1.0815799573111138
2014-09-14 03:00:00,23.9,89,0.0,2.9,60,-2.5114736709748717,-1.4500000000000002
2014-09-14 04:00:00,24.3,88,0.0,3.4,58,-2.8833635269318485,-1.8017254983928963
2014-09-14 05:00:00,23.7,92,0.0,3.6,53,-2.875087836170254,-2.1665340833473743
2014-09-14 06:00:00,22.2,97,0.0,2.3,51,-1.7874357113510326,-1.4474368994146265
2014-09-14 07:00:00,24.2,95,0.0,1.4,90,-1.4,1.7145055188062944e-16
2014-09-14 08:00:00,26.6,86,0.0,3.6,315,2.5455844122715714,-2.545584412271571
2014-09-14 09:00:00,27.6,81,0.0,4.9,306,3.9641832724372428,-2.8801477362331185
2014-09-14 10:00:00,28.8,76,0.1,5.1,315,3.6062445840513924,-3.606244584051392
2014-09-14 11:00:00,29.4,74,0.7000000000000001,6.4,322,3.9402334420842133,-5.043268823083022
2014-09-14 12:00:00,29.9,73,0.3,7.4,313,5.412017391981862,-5.046787864462489
2014-09-14 13:00:00,30.3,71,0.6,7.0,325,4.015035054457323,-5.7340643100229425
2014-09-14 14:00:00,30.8,70,0.4,2.6,304,2.1554976886431083,-1.453901549023942
2014-09-14 15:00:00,30.3,72,6.0,4.8,222,3.2118269105225195,3.5670951622914924
2014-09-14 16:00:00,29.5,76,3.9,3.8,221,2.4930243101639276,2.8678964048465336
2014-09-14 17:00:00,28.5,83,1.3,1.8,180,1.1021821192326179e-16,1.8
2014-09-14 18:00:00,27.6,86,0.0,4.2,211,2.1631599146222276,3.600102662948872
2014-09-14 19:00:00,26.5,91,0.0,3.9,214,2.1808523235359125,3.233246532964663
2014-09-14 20:00:00,26.0,91,0.0,3.1,159,-1.1109406435904308,2.8940993221413254
2014-09-14 21:00:00,25.0,93,0.0,1.8,79,-1.7669289302057951,-0.3434561916777805
2014-09-14 22:00:00,25.2,93,0.0,3.6,53,-2.875087836170254,-2.1665340833473743
2014-09-14 23:00:00,25.3,93,0.0,4.6,39,-2.894873798829254,-3.5748714227020644
2014-09-15 00:00:00,24.5,95,0.1,1.6,63,-1.4256104387013888,-0.7263847995832747
2014-09-15 01:00:00,24.1,96,0.3,1.8,101,-1.7669289302057951,0.34345619167778096
2014-09-15 02:00:00,24.1,96,1.4,2.3,108,-2.1874299874788528,0.7107390870623792
2014-09-15 03:00:00,24.5,94,0.0,3.6,135,-2.545584412271571,2.5455844122715714
2014-09-15 04:00:00,24.0,95,0.0,5.4,138,-3.6133052743378347,4.012982057577929
2014-09-15 05:00:00,24.1,95,1.0,4.7,122,-3.9858260519352022,2.490620541896063
2014-09-15 06:00:00,24.0,93,0.1,7.1,120,-6.148780366869515,3.5499999999999994
2014-09-15 07:00:00,25.3,90,0.0,4.3,132,-3.195522749552794,2.8772616073430908
2014-09-15 08:00:00,28.4,79,0.0,6.4,218,3.9402334420842133,5.043268823083022
2014-09-15 09:00:00,29.0,76,0.2,8.6,237,7.212566884330647,4.683895701129233
2014-09-15 10:00:00,29.4,77,0.1,8.7,253,8.319851376878407,2.5436338310878095
2014-09-15 11:00:00,29.9,78,0.0,9.1,261,8.987963899415753,1.4235536318661008
2014-09-15 12:00:00,30.5,77,0.0,9.7,272,9.694091022085228,-0.3385251180142594
2014-09-15 13:00:00,30.6,76,0.3,10.5,278,10.397814721786489,-1.4613175600806871
2014-09-15 14:00:00,30.3,77,0.3,10.0,283,9.743700647852352,-2.24951054343865
2014-09-15 15:00:00,30.3,81,0.4,9.0,286,8.65135526344487,-2.4807362023529924
2014-09-15 16:00:00,29.8,83,0.1,8.0,288,7.608452130361228,-2.472135954999579
2014-09-15 17:00:00,28.7,87,1.3,5.7,288,5.421022142882375,-1.7613968679372003
2014-09-15 18:00:00,27.9,89,0.0,1.1,270,1.1,0.0
2014-09-15 19:00:00,27.0,93,0.0,4.0,170,-0.6945927106677212,3.939231012048832
2014-09-15 20:00:00,26.2,95,0.3,7.4,119,-6.472185832831529,3.5875911898228954
2014-09-15 21:00:00,25.4,94,0.2,3.8,163,-1.1110124779463992,3.633958072659535
2014-09-15 22:00:00,24.9,92,1.2,4.4,235,3.604268994871564,2.523736319944603
2014-09-15 23:00:00,24.3,92,0.8,3.4,58,-2.8833635269318485,-1.8017254983928963
2014-09-16 00:00:00,24.6,87,0.0,1.8,90,-1.8,2.2043642384652358e-16
2014-09-16 01:00:00,25.9,78,0.0,1.0,45,-0.7071067811865477,-0.7071067811865475
2014-09-16 02:00:00,24.2,86,0.0,1.5,284,1.4554435894139948,-0.3628828433995016
2014-09-16 03:00:00,23.3,89,0.0,1.6,207,0.726384799583275,1.4256104387013886
2014-09-16 04:00:00,24.2,89,0.0,0.4,270,0.4,0.0
2014-09-16 05:00:00,25.7,86,0.0,1.1,18,-0.33991869381244233,-1.0461621679246689
2014-09-16 06:00:00,25.5,91,0.4,2.6,344,0.7166571251241979,-2.499280409439629
2014-09-16 07:00:00,25.0,96,0.7000000000000001,3.2,333,1.45276959916655,-2.851220877402777
2014-09-16 08:00:00,26.8,90,1.0,3.9,326,2.1808523235359125,-3.233246532964663
2014-09-16 09:00:00,27.7,85,0.8,4.0,297,3.5640260967534716,-1.815961998958187
2014-09-16 10:00:00,28.6,80,0.4,4.1,285,3.96029588778518,-1.061158084920335
2014-09-16 11:00:00,29.8,77,0.1,5.5,281,5.3989495089621515,-1.0494494745709964
2014-09-16 12:00:00,29.8,76,0.2,6.8,270,6.8,0.0
2014-09-16 13:00:00,29.8,75,1.3,4.5,256,4.366330768241984,1.0886485301985047
2014-09-16 14:00:00,28.1,80,3.1,4.6,252,4.3748599749577055,1.421478174124758
2014-09-16 15:00:00,27.3,85,6.1,4.3,246,3.9282454678631837,1.7489675652259409
2014-09-16 16:00:00,26.7,85,5.0,2.3,141,-1.4474368994146256,1.7874357113510333
2014-09-16 17:00:00,25.4,89,0.8,3.1,45,-2.192031021678298,-2.192031021678297
2014-09-16 18:00:00,25.2,88,0.0,4.2,59,-3.600102662948872,-2.1631599146222276
2014-09-16 19:00:00,25.6,84,0.0,4.4,55,-3.604268994871564,-2.5237363199446032
2014-09-16 20:00:00,25.9,81,0.0,5.0,60,-4.330127018922193,-2.5000000000000004
2014-09-16 21:00:00,25.9,80,0.9,3.4,18,-1.0506577808748216,-3.233592155403522
2014-09-16 22:00:00,23.7,89,1.8,2.3,141,-1.4474368994146256,1.7874357113510333
2014-09-16 23:00:00,24.0,86,0.3,6.1,130,-4.672871103025765,3.9210044190878905
2014-09-17 00:00:00,24.6,81,0.0,5.9,133,-4.314986839553106,4.023790324368742
2014-09-17 01:00:00,24.1,82,0.0,4.8,138,-3.2118269105225195,3.5670951622914924
2014-09-17 02:00:00,22.2,90,0.0,3.8,131,-2.8678964048465336,2.4930243101639276
2014-09-17 03:00:00,21.8,93,0.0,3.9,124,-3.2332465329646625,2.180852323535913
2014-09-17 04:00:00,21.7,95,0.0,3.2,117,-2.851220877402777,1.4527695991665501
2014-09-17 05:00:00,21.6,95,0.0,2.6,106,-2.499280409439629,0.716657125124198
2014-09-17 06:00:00,21.6,95,0.0,4.0,95,-3.984778792366982,0.3486229709906328
2014-09-17 07:00:00,23.3,93,0.0,3.6,90,-3.6,4.4087284769304716e-16
2014-09-17 08:00:00,26.1,79,0.0,2.5,315,1.7677669529663689,-1.7677669529663687
2014-09-17 09:00:00,27.0,81,0.0,4.8,312,3.5670951622914924,-3.2118269105225195
2014-09-17 10:00:00,28.2,77,0.0,6.6,319,4.329989591337347,-4.981083229470295
2014-09-17 11:00:00,29.2,73,0.0,7.1,315,5.020458146424487,-5.020458146424486
2014-09-17 12:00:00,29.1,72,0.1,8.7,308,6.85569355637848,-5.356254835333226
2014-09-17 13:00:00,29.6,71,0.2,8.7,312,6.46535998165333,-5.821436275322066
2014-09-17 14:00:00,29.0,72,0.1,6.1,357,0.3192493330819582,-6.0916401620029
2014-09-17 15:00:00,28.3,76,0.4,7.1,330,3.5500000000000007,-6.148780366869514
2014-09-17 16:00:00,28.0,79,0.2,6.8,335,2.873804179836756,-6.162892951849219
2014-09-17 17:00:00,27.6,81,0.4,6.2,353,0.7555899291119145,-6.153786140176196
2014-09-17 18:00:00,26.9,84,0.0,5.6,333,2.542346798541462,-4.989636535454859
2014-09-17 19:00:00,26.0,89,0.0,4.8,333,2.1791543987498248,-4.276831316104166
2014-09-17 20:00:00,25.3,90,0.0,4.5,346,1.0886485301985045,-4.366330768241984
2014-09-17 21:00:00,25.8,89,0.0,1.8,360,1.1021821192326179e-16,-1.8
2014-09-17 22:00:00,25.6,91,0.0,1.8,360,1.1021821192326179e-16,-1.8
2014-09-17 23:00:00,25.7,90,0.0,2.3,39,-1.447436899414627,-1.7874357113510322
2014-09-18 00:00:00,25.7,90,0.0,3.6,96,-3.580278823325784,0.37630246776355347
2014-09-18 01:00:00,25.3,91,0.0,2.6,56,-2.1554976886431088,-1.4539015490239415
2014-09-18 02:00:00,23.7,95,0.0,2.4,63,-2.138415658052083,-1.089577199374912
2014-09-18 03:00:00,23.9,93,0.0,2.8,50,-2.1449244407331385,-1.7998053071223097
2014-09-18 04:00:00,23.3,94,0.0,3.3,49,-2.490541614735148,-2.1649947956686733
2014-09-18 05:00:00,23.5,90,0.0,3.1,54,-2.5079526825623377,-1.8221342821066664
2014-09-18 06:00:00,24.0,89,0.0,2.9,60,-2.5114736709748717,-1.4500000000000002
2014-09-18 07:00:00,23.7,96,0.0,2.3,51,-1.7874357113510326,-1.4474368994146265
2014-09-18 08:00:00,27.1,87,0.0,4.3,336,1.7489675652259409,-3.9282454678631837
2014-09-18 09:00:00,28.2,81,0.0,5.4,312,4.012982057577929,-3.6133052743378347
2014-09-18 10:00:00,29.1,77,0.0,6.1,298,5.385980316439454,-2.8637765329939335
2014-09-18 11:00:00,29.5,76,0.0,7.4,284,7.180188374442374,-1.7902220274375413
2014-09-18 12:00:00,29.9,75,0.0,8.6,272,8.594761112364223,-0.30013567164150834
2014-09-18 13:00:00,30.2,74,0.1,9.5,279,9.38303923565381,-1.4861274178821933
2014-09-18 14:00:00,29.6,76,0.0,7.0,291,6.535062985480412,-2.5085756468171017
2014-09-18 15:00:00,29.6,78,0.1,6.2,306,5.0159053651246746,-3.6442685642133337
2014-09-18 16:00:00,29.1,80,0.0,6.4,322,3.9402334420842133,-5.043268823083022
2014-09-18 17:00:00,28.7,81,0.0,3.6,307,2.875087836170254,-2.166534083347374
2014-09-18 18:00:00,28.0,85,0.4,4.3,294,3.9282454678631837,-1.7489675652259409
2014-09-18 19:00:00,26.7,91,1.3,4.1,285,3.96029588778518,-1.061158084920335
2014-09-18 20:00:00,26.4,91,0.0,2.7,293,2.485363104321589,-1.0549740469210394
2014-09-18 21:00:00,25.9,92,0.0,2.0,315,1.4142135623730951,-1.414213562373095
2014-09-18 22:00:00,24.5,95,0.0,5.1,172,-0.7097828148963332,5.050367150582009
2014-09-18 23:00:00,24.2,96,0.0,3.9,158,-1.4609657143220571,3.616017032810471
2014-09-19 00:00:00,24.1,96,0.0,3.3,174,-0.3449439287832567,3.2819222547153015
2014-09-19 01:00:00,23.8,96,0.0,3.6,174,-0.3763024677635528,3.580278823325784
2014-09-19 02:00:00,23.6,96,0.0,5.4,180,3.3065463576978537e-16,5.4
2014-09-19 03:00:00,24.3,96,0.0,5.1,176,-0.35575801609503915,5.087576656325103
2014-09-19 04:00:00,24.4,96,0.0,4.8,167,-1.079765060850552,4.676976310969129
2014-09-19 05:00:00,24.2,97,0.0,3.7,169,-0.7059932828932158,3.632020578756357
2014-09-19 06:00:00,24.1,97,0.0,5.2,146,-2.907803098047883,4.3109953772862175
2014-09-19 07:00:00,25.4,95,0.0,5.4,172,-0.7515347451843529,5.34744757120448
2014-09-19 08:00:00,26.5,91,0.0,6.1,225,4.31335136523794,4.313351365237939
2014-09-19 09:00:00,27.9,86,0.0,6.2,249,5.788198644282651,2.2218812871808615
2014-09-19 10:00:00,28.6,84,0.3,6.9,276,6.862201078041086,-0.721246396546809
2014-09-19 11:00:00,29.6,80,0.3,7.9,270,7.9,0.0
2014-09-19 12:00:00,30.3,78,0.8,9.4,270,9.4,0.0
2014-09-19 13:00:00,29.8,79,1.6,9.4,288,8.939931253174443,-2.9047597471245057
2014-09-19 14:00:00,29.6,81,0.0,8.0,297,7.128052193506943,-3.631923997916374
2014-09-19 15:00:00,29.0,82,2.1,5.8,277,5.756767679519667,-0.7068421917498553
2014-09-19 16:00:00,28.7,82,4.6,2.9,263,2.8783838397598336,0.35342109587492765
2014-09-19 17:00:00,27.6,86,5.6,0.5,135,-0.35355339059327373,0.3535533905932738
2014-09-19 18:00:00,26.4,91,9.7,2.5,270,2.5,0.0
2014-09-19 19:00:00,25.2,93,5.2,0.8,297,0.7128052193506944,-0.3631923997916374
2014-09-19 20:00:00,24.4,94,8.4,0.7000000000000001,180,4.2862637970157366e-17,0.7000000000000001
2014-09-19 21:00:00,24.2,94,6.5,4.9,107,-4.685893304218874,1.4326213531414094
2014-09-19 22:00:00,24.0,94,1.4,6.0,107,-5.737828535778213,1.7542302283364197
2014-09-19 23:00:00,23.7,92,3.7,6.6,119,-5.772490067120011,3.1997434936258253
2014-09-20 00:00:00,23.6,92,6.1,6.5,109,-6.1458707413955596,2.1161930039715178
2014-09-20 01:00:00,23.3,92,3.4,5.2,106,-4.998560818879258,1.433314250248396
2014-09-20 02:00:00,24.3,85,1.0,3.9,112,-3.6160170328104706,1.4609657143220578
2014-09-20 03:00:00,25.6,73,0.0,1.9,112,-1.7616493236768958,0.7117525274902332
2014-09-20 04:00:00,24.5,78,0.0,1.5,135,-1.0606601717798212,1.0606601717798214
2014-09-20 05:00:00,23.3,85,0.0,1.5,166,-0.36288284339950166,1.4554435894139948
2014-09-20 06:00:00,23.3,84,0.0,2.6,124,-2.1554976886431083,1.453901549023942
2014-09-20 07:00:00,24.6,82,0.0,2.1,121,-1.8000513314744357,1.0815799573111142
2014-09-20 08:00:00,26.8,73,0.0,1.3,304,1.0777488443215542,-0.726950774511971
2014-09-20 09:00:00,27.7,73,0.0,3.7,281,3.632020578756357,-0.7059932828932158
2014-09-20 10:00:00,28.4,74,0.0,7.2,288,6.8476069173251055,-2.2249223594996215
2014-09-20 11:00:00,29.2,74,0.0,6.9,298,6.092338390726597,-3.2393537832226467
2014-09-20 12:00:00,29.3,75,0.0,8.1,302,6.86918957886705,-4.29234604028896
2014-09-20 13:00:00,29.9,70,0.1,8.7,318,5.821436275322066,-6.46535998165333
2014-09-20 14:00:00,30.0,70,0.2,9.0,331,4.363286582217034,-7.871577364254562
2014-09-20 15:00:00,29.2,73,0.6,9.5,349,1.8126854560771768,-9.325458242752807
2014-09-20 16:00:00,28.9,76,0.3,10.2,342,3.151973342624464,-9.700776466210565
2014-09-20 17:00:00,27.9,82,0.4,9.3,344,2.5634274090980926,-8.939733772226367
2014-09-20 18:00:00,26.8,86,0.2,9.7,345,2.510544737494451,-9.369480515003962
2014-09-20 19:00:00,25.9,90,0.1,3.1,339,1.1109406435904312,-2.8940993221413254
2014-09-20 20:00:00,25.4,92,0.2,2.9,277,2.8783838397598336,-0.35342109587492765
2014-09-20 21:00:00,25.1,93,0.4,1.8,281,1.7669289302057951,-0.34345619167778063
2014-09-20 22:00:00,25.2,91,0.3,3.5,336,1.4235782507653008,-3.197409101749103
2014-09-20 23:00:00,24.8,92,0.3,6.2,339,2.2218812871808624,-5.788198644282651
2014-09-21 00:00:00,24.7,93,0.4,4.3,336,1.7489675652259409,-3.9282454678631837
2014-09-21 01:00:00,24.0,95,0.8,7.2,342,2.224922359499622,-6.8476069173251055
2014-09-21 02:00:00,23.8,96,1.2,6.5,354,0.6794350112397475,-6.4643923198937765
2014-09-21 03:00:00,24.1,96,1.8,7.6,5,-0.6623836448822027,-7.571079705497266
2014-09-21 04:00:00,24.1,97,1.1,10.0,15,-2.5881904510252065,-9.659258262890683
2014-09-21 05:00:00,24.4,96,0.9,10.9,9,-1.7051356689385184,-10.765802912487
2014-09-21 06:00:00,24.4,97,0.6,13.8,15,-3.571702822414785,-13.329776402789143
2014-09-21 07:00:00,24.7,95,2.0,14.2,9,-2.2213694035712805,-14.025174436450953
2014-09-21 08:00:00,25.4,93,3.8,16.9,359,0.29494566879009276,-16.89742604814301
2014-09-21 09:00:00,25.7,93,2.0,21.3,2,-0.7433592797632662,-21.28702461550674
2014-09-21 10:00:00,25.9,93,0.9,23.8,358,0.8306080215195257,-23.78550168305448
2014-09-21 11:00:00,26.0,90,0.4,25.6,358,0.8934271155840277,-25.584405171688854
2014-09-21 12:00:00,26.1,92,0.4,24.6,355,2.1440312715923904,-24.506389573056943
2014-09-21 13:00:00,27.2,84,0.4,22.9,353,2.7908079639778776,-22.72930687258627
2014-09-21 14:00:00,27.5,81,0.3,21.1,346,5.1045519971529885,-20.473239824423526
2014-09-21 15:00:00,26.4,86,0.9,15.0,336,6.101049646137003,-13.703181864639014
2014-09-21 16:00:00,25.4,92,0.9,7.7,298,6.798696465013738,-3.6149310334513594
2014-09-21 17:00:00,25.1,92,1.2,9.4,272,9.394273773979501,-0.3280552690035091
2014-09-21 18:00:00,24.4,91,2.2,3.9,248,3.616017032810471,1.460965714322057
2014-09-21 19:00:00,23.6,91,3.7,5.9,256,5.7247447850283795,1.4273391840380396
2014-09-21 20:00:00,23.2,93,4.3,6.5,236,5.38874422160777,3.634753872559855
2014-09-21 21:00:00,22.8,93,4.7,9.4,230,7.200817765318393,6.042203531053469
2014-09-21 22:00:00,22.4,93,5.2,12.5,229,9.43386975278465,8.200737862381342
2014-09-21 23:00:00,22.1,92,4.5,13.8,227,10.092681082344553,9.41157736886248
2014-09-22 00:00:00,22.2,91,3.9,12.5,226,8.99174750423314,8.683229630737465
2014-09-22 01:00:00,22.3,89,4.7,10.7,222,7.159697488039782,7.951649632608118
2014-09-22 02:00:00,22.3,88,2.6,7.3,213,3.9758649556096977,6.122295146001595
2014-09-22 03:00:00,22.4,90,0.9,5.4,217,3.2498011250210617,4.312631754255381
2014-09-22 04:00:00,22.4,90,0.7000000000000001,4.3,222,2.8772616073430903,3.195522749552795
2014-09-22 05:00:00,22.2,92,0.5,4.0,207,1.8159619989581872,3.564026096753471
2014-09-22 06:00:00,21.9,93,0.3,3.9,214,2.1808523235359125,3.233246532964663
2014-09-22 07:00:00,22.3,93,0.0,2.0,315,1.4142135623730951,-1.414213562373095
2014-09-22 08:00:00,23.8,85,0.0,3.7,331,1.7937955949114475,-3.2360929164157644
2014-09-22 09:00:00,24.5,82,0.0,3.1,315,2.1920310216782974,-2.192031021678297
2014-09-22 10:00:00,25.9,76,0.0,4.0,275,3.984778792366982,-0.34862297099063266
2014-09-22 11:00:00,26.7,73,0.0,7.0,258,6.84703320513664,1.4553818357243153
2014-09-22 12:00:00,27.1,73,0.0,8.6,248,7.973781149274371,3.221616703376843
2014-09-22 13:00:00,26.6,76,0.4,8.5,242,7.505054539300879,3.990508283680072
2014-09-22 14:00:00,26.8,75,0.2,9.1,236,7.544241910250879,5.0886554215837965
2014-09-22 15:00:00,25.8,80,0.3,8.9,238,7.547628055792192,4.716281451675524
2014-09-22 16:00:00,25.6,81,0.4,6.8,238,5.766727053863696,3.603450996785793
2014-09-22 17:00:00,25.3,82,0.2,6.0,245,5.437846722219899,2.5357095704441965
2014-09-22 18:00:00,24.5,87,0.1,5.6,255,5.4091846272187825,1.4493866525741161
2014-09-22 19:00:00,23.6,92,0.2,3.6,233,2.875087836170254,2.166534083347374
2014-09-22 20:00:00,23.1,92,0.5,4.4,215,2.5237363199446032,3.604268994871564
2014-09-22 21:00:00,23.4,91,0.7000000000000001,4.7,212,2.490620541896063,3.9858260519352022
2014-09-22 22:00:00,23.9,89,1.0,4.8,193,1.0797650608505516,4.676976310969129
2014-09-22 23:00:00,23.8,89,0.9,6.0,197,1.7542302283364206,5.737828535778212
2014-09-23 00:00:00,22.3,94,0.7000000000000001,5.9,191,1.125773072721615,5.791600382341218
2014-09-23 01:00:00,22.1,95,0.2,6.5,174,-0.6794350112397481,6.4643923198937765
2014-09-23 02:00:00,22.2,94,0.0,8.0,175,-0.6972459419812659,7.969557584733964
2014-09-23 03:00:00,23.1,89,0.0,8.0,172,-1.1133848076805228,7.922144549932563
2014-09-23 04:00:00,23.7,85,0.0,7.6,161,-2.4743179738743906,7.185941174554808
2014-09-23 05:00:00,22.0,91,0.0,6.4,142,-3.9402334420842133,5.043268823083022
2014-09-23 06:00:00,21.3,93,0.0,5.4,143,-3.2498011250210617,4.312631754255381
2014-09-23 07:00:00,22.8,90,0.0,4.3,156,-1.748967565225941,3.9282454678631837
2014-09-23 08:00:00,24.9,82,0.0,5.6,207,2.542346798541462,4.989636535454859
2014-09-23 09:00:00,25.9,81,0.0,7.9,210,3.950000000000001,6.841600689897065
2014-09-23 10:00:00,26.7,78,0.0,9.0,209,4.363286582217034,7.871577364254562
2014-09-23 11:00:00,27.1,77,0.0,10.4,214,5.815606196095767,8.621990754572435
2014-09-23 12:00:00,27.4,79,0.1,10.0,218,6.156614753256583,7.88010753606722
2014-09-23 13:00:00,27.1,82,0.3,10.5,207,4.766900247265242,9.355568503977862
2014-09-23 14:00:00,27.1,80,4.7,11.8,207,5.357087896926653,10.51387698542274
2014-09-23 15:00:00,25.8,86,1.2,11.1,209,5.3813867847343415,9.708278749247292
2014-09-23 16:00:00,25.6,85,1.5,10.7,194,2.588564282916444,10.382164271153162
2014-09-23 17:00:00,25.2,87,1.3,8.0,185,0.6972459419812651,7.969557584733964
2014-09-23 18:00:00,24.6,90,0.0,6.6,193,1.4846769586695083,6.430842427582553
2014-09-23 19:00:00,23.8,94,0.0,6.9,171,-1.0793978087775926,6.815049550106451
2014-09-23 20:00:00,24.2,89,0.0,7.1,156,-2.8878301658381815,6.486172749262466
2014-09-23 21:00:00,24.1,88,0.0,7.7,152,-3.6149310334513602,6.798696465013737
2014-09-23 22:00:00,24.1,86,0.0,7.3,160,-2.4967470462773815,6.859756131737131
2014-09-23 23:00:00,23.2,89,0.0,6.8,162,-2.101315561749642,6.467184310807045
2014-09-24 00:00:00,22.8,88,0.0,5.6,153,-2.542346798541461,4.98963653545486
2014-09-24 01:00:00,21.5,91,0.0,5.2,146,-2.907803098047883,4.3109953772862175
2014-09-24 02:00:00,21.1,93,0.0,4.8,138,-3.2118269105225195,3.5670951622914924
2014-09-24 03:00:00,21.2,91,0.0,4.1,135,-2.8991378028648445,2.899137802864845
2014-09-24 04:00:00,20.7,93,0.0,3.8,139,-2.493024310163927,2.867896404846534
2014-09-24 05:00:00,20.6,94,0.0,4.3,138,-2.8772616073430903,3.195522749552795
2014-09-24 06:00:00,20.3,94,0.0,3.6,135,-2.545584412271571,2.5455844122715714
2014-09-24 07:00:00,21.7,95,0.0,3.9,146,-2.180852323535912,3.233246532964663
2014-09-24 08:00:00,25.1,79,0.0,4.8,207,2.1791543987498248,4.276831316104166
2014-09-24 09:00:00,26.1,76,0.0,6.5,199,2.116193003971519,6.145870741395559
2014-09-24 10:00:00,26.8,77,0.0,6.4,218,3.9402334420842133,5.043268823083022
2014-09-24 11:00:00,27.2,78,0.0,7.1,221,4.658019105832602,5.358438019581681
2014-09-24 12:00:00,27.2,78,0.1,8.2,232,6.461688179575119,5.048424097670398
2014-09-24 13:00:00,27.4,75,0.8,7.8,236,6.466493065929325,4.361704647071826
2014-09-24 14:00:00,27.2,76,1.0,5.1,219,3.209533994354171,3.963444403430551
2014-09-24 15:00:00,26.8,85,0.9,5.9,218,3.6324027044213842,4.64926344627966
2014-09-24 16:00:00,27.0,80,3.4,4.8,222,3.2118269105225195,3.5670951622914924
2014-09-24 17:00:00,25.4,85,1.6,2.9,210,1.4500000000000002,2.5114736709748717
2014-09-24 18:00:00,24.6,91,0.2,0.8,63,-0.7128052193506944,-0.36319239979163737
2014-09-24 19:00:00,24.8,87,0.0,3.6,127,-2.8750878361702545,2.1665340833473734
2014-09-24 20:00:00,24.6,88,0.0,3.7,119,-3.2360929164157644,1.7937955949114477
2014-09-24 21:00:00,24.3,90,0.0,4.1,128,-3.2308440897875594,2.5242120488351993
2014-09-24 22:00:00,23.6,91,0.0,4.8,138,-3.2118269105225195,3.5670951622914924
2014-09-24 23:00:00,23.2,91,0.0,5.6,140,-3.5996106142446203,4.289848881466277
2014-09-25 00:00:00,23.2,89,0.0,5.6,140,-3.5996106142446203,4.289848881466277
2014-09-25 01:00:00,22.4,91,0.0,5.4,138,-3.6133052743378347,4.012982057577929
2014-09-25 02:00:00,21.7,93,0.0,4.8,132,-3.567095162291491,3.21182691052252
2014-09-25 03:00:00,22.1,87,0.1,4.9,126,-3.9641832724372423,2.880147736233119
2014-09-25 04:00:00,21.8,89,0.0,3.0,104,-2.9108871788279895,0.7257656867990032
2014-09-25 05:00:00,21.6,89,0.2,1.8,90,-1.8,2.2043642384652358e-16
2014-09-25 06:00:00,22.2,84,0.0,3.7,101,-3.632020578756357,0.7059932828932164
2014-09-25 07:00:00,22.6,88,0.0,2.9,90,-2.9,3.5514757175273243e-16
2014-09-25 08:00:00,24.8,80,0.0,1.8,53,-1.437543918085127,-1.0832670416736871
2014-09-25 09:00:00,26.2,79,0.0,2.8,320,1.7998053071223101,-2.1449244407331385
2014-09-25 10:00:00,27.1,78,0.0,4.4,305,3.604268994871564,-2.523736319944603
2014-09-25 11:00:00,27.4,76,0.0,6.3,301,5.400153994423308,-3.244739871933341
2014-09-25 12:00:00,27.7,75,0.2,5.7,305,4.669166652447253,-3.2693856872009626
2014-09-25 13:00:00,27.9,76,0.2,5.7,325,3.269385687200963,-4.669166652447253
2014-09-25 14:00:00,27.8,77,0.2,5.9,322,3.6324027044213842,-4.64926344627966
2014-09-25 15:00:00,27.1,85,1.8,4.4,325,2.5237363199446032,-3.604268994871564
2014-09-25 16:00:00,27.4,83,0.0,4.6,321,2.894873798829252,-3.5748714227020657
2014-09-25 17:00:00,26.6,84,0.1,3.3,311,2.4905416147351476,-2.1649947956686737
2014-09-25 18:00:00,25.7,87,0.0,4.2,290,3.9467090073008158,-1.4364846019678086
2014-09-25 19:00:00,25.5,87,0.0,1.8,360,1.1021821192326179e-16,-1.8
2014-09-25 20:00:00,25.4,88,0.0,0.5,225,0.3535533905932738,0.35355339059327373
2014-09-25 21:00:00,25.0,87,0.2,2.7,203,1.0549740469210391,2.485363104321589
2014-09-25 22:00:00,23.3,91,0.3,5.0,210,2.5000000000000004,4.330127018922193
2014-09-25 23:00:00,22.9,92,0.2,5.1,188,0.7097828148963339,5.050367150582009
2014-09-26 00:00:00,23.5,90,0.2,3.6,180,2.2043642384652358e-16,3.6
2014-09-26 01:00:00,23.4,90,0.3,1.6,243,1.4256104387013888,0.7263847995832748
2014-09-26 02:00:00,22.7,92,0.4,0.5,315,0.3535533905932738,-0.35355339059327373
2014-09-26 03:00:00,22.0,94,0.6,1.1,108,-1.0461621679246689,0.3399186938124423
2014-09-26 04:00:00,22.2,91,0.2,1.5,76,-1.4554435894139948,-0.3628828433995013
2014-09-26 05:00:00,23.4,84,0.1,1.3,34,-0.7269507745119705,-1.0777488443215544
2014-09-26 06:00:00,23.7,81,0.2,2.4,27,-1.0895771993749126,-2.138415658052083
2014-09-26 07:00:00,23.9,83,0.3,2.6,16,-0.7166571251241971,-2.4992804094396295
2014-09-26 08:00:00,25.2,79,0.0,4.5,346,1.0886485301985045,-4.366330768241984
2014-09-26 09:00:00,25.9,79,0.0,5.8,330,2.9000000000000004,-5.0229473419497435
2014-09-26 10:00:00,27.0,77,0.0,6.8,335,2.873804179836756,-6.162892951849219
2014-09-26 11:00:00,27.8,76,0.0,7.9,336,3.2132194802988217,-7.217009115376547
2014-09-26 12:00:00,28.3,74,0.0,9.8,332,4.600821315301731,-8.652886410017484
2014-09-26 13:00:00,28.0,75,0.1,10.3,335,4.352968095929205,-9.334970206477495
2014-09-26 14:00:00,28.1,75,0.0,10.4,340,3.557009490586956,-9.772803256173447
2014-09-26 15:00:00,27.5,78,0.1,8.2,345,2.12231616984067,-7.92059177557036
2014-09-26 16:00:00,27.4,78,0.0,7.6,355,0.6623836448822018,-7.571079705497266
2014-09-26 17:00:00,26.8,81,0.0,4.7,337,1.8364363038995866,-4.32637281122647
2014-09-26 18:00:00,25.8,87,0.0,6.3,329,3.244739871933341,-5.400153994423308
2014-09-26 19:00:00,25.5,86,0.0,4.3,355,0.37476969381492997,-4.283637201794505
2014-09-26 20:00:00,25.3,88,0.0,2.7,23,-1.0549740469210394,-2.4853631043215887
2014-09-26 21:00:00,25.0,89,0.0,0.7000000000000001,90,-0.7000000000000001,8.572527594031473e-17
2014-09-26 22:00:00,23.5,92,0.0,3.5,156,-1.423578250765301,3.197409101749103
2014-09-26 23:00:00,22.3,94,0.0,5.4,160,-1.8469087739586112,5.074340152243906
2014-09-27 00:00:00,22.0,93,0.0,5.8,158,-2.17271824181229,5.377666356487367
2014-09-27 01:00:00,22.3,92,0.0,5.5,157,-2.149021206691006,5.062776693988422
2014-09-27 02:00:00,22.2,91,0.0,5.3,152,-2.4881992827652217,4.679622242152313
2014-09-27 03:00:00,22.1,87,0.0,4.9,144,-2.880147736233118,3.9641832724372428
2014-09-27 04:00:00,22.1,87,0.0,4.4,125,-3.6042689948715645,2.5237363199446023
2014-09-27 05:00:00,22.1,87,0.0,3.3,103,-3.215421213791276,0.7423384793347552
2014-09-27 06:00:00,22.4,85,0.0,2.5,90,-2.5,3.061616997868383e-16
2014-09-27 07:00:00,23.9,82,0.0,2.1,59,-1.800051331474436,-1.0815799573111138
2014-09-27 08:00:00,25.5,80,0.0,2.3,321,1.447436899414626,-1.7874357113510329
2014-09-27 09:00:00,26.5,81,0.0,5.1,315,3.6062445840513924,-3.606244584051392
2014-09-27 10:00:00,27.3,78,0.0,6.6,319,4.329989591337347,-4.981083229470295
2014-09-27 11:00:00,28.0,75,0.0,8.2,322,5.048424097670398,-6.46168817957512
2014-09-27 12:00:00,28.2,73,0.0,8.1,328,4.29234604028896,-6.86918957886705
2014-09-27 13:00:00,28.3,74,0.0,9.2,329,4.738350289172498,-7.8859391664594325
2014-09-27 14:00:00,28.4,73,0.0,9.5,331,4.605691392340202,-8.30888721782426
2014-09-27 15:00:00,27.9,77,0.1,9.0,337,3.5165801564034633,-8.284543681071963
2014-09-27 16:00:00,27.3,80,0.0,7.3,340,2.4967470462773824,-6.8597561317371305
2014-09-27 17:00:00,26.8,82,0.0,5.2,335,2.197614961051637,-4.7128004925905795
2014-09-27 18:00:00,25.8,90,0.0,5.4,323,3.2498011250210617,-4.312631754255381
2014-09-27 19:00:00,25.7,86,0.0,4.4,325,2.5237363199446032,-3.604268994871564
2014-09-27 20:00:00,25.1,89,0.0,0.8,297,0.7128052193506944,-0.3631923997916374
2014-09-27 21:00:00,24.1,91,0.0,2.3,162,-0.7107390870623789,2.187429987478853
2014-09-27 22:00:00,22.7,94,0.0,3.5,156,-1.423578250765301,3.197409101749103
2014-09-27 23:00:00,22.0,93,0.0,4.1,165,-1.0611580849203355,3.96029588778518
2014-09-28 00:00:00,22.4,92,0.0,4.1,165,-1.0611580849203355,3.96029588778518
2014-09-28 01:00:00,22.9,91,0.0,5.1,176,-0.35575801609503915,5.087576656325103
2014-09-28 02:00:00,22.7,92,0.0,5.4,184,0.3766849582182763,5.386845871403051
2014-09-28 03:00:00,23.8,88,0.0,5.4,200,1.8469087739586119,5.074340152243905
2014-09-28 04:00:00,24.2,88,0.0,5.4,217,3.2498011250210617,4.312631754255381
2014-09-28 05:00:00,24.1,89,0.1,4.6,219,2.894873798829252,3.5748714227020657
2014-09-28 06:00:00,23.8,91,0.2,3.1,216,1.8221342821066668,2.5079526825623373
2014-09-28 07:00:00,24.2,90,0.3,1.1,198,0.3399186938124422,1.0461621679246689
2014-09-28 08:00:00,24.8,90,0.3,2.5,278,2.475670171853926,-0.3479327524001636
2014-09-28 09:00:00,26.0,84,0.4,4.9,306,3.9641832724372428,-2.8801477362331185
2014-09-28 10:00:00,27.0,77,0.2,5.6,310,4.289848881466277,-3.5996106142446194
2014-09-28 11:00:00,27.9,74,0.2,6.5,304,5.38874422160777,-3.634753872559855
2014-09-28 12:00:00,27.9,74,0.2,7.9,300,6.841600689897066,-3.9499999999999997
2014-09-28 13:00:00,27.5,76,0.3,6.6,311,4.981083229470295,-4.329989591337347
2014-09-28 14:00:00,27.8,75,0.2,6.1,320,3.92100441908789,-4.6728711030257655
2014-09-28 15:00:00,27.2,79,0.1,5.6,320,3.5996106142446203,-4.289848881466277
2014-09-28 16:00:00,26.4,81,0.2,4.7,351,0.7352419856890854,-4.6421352007971475
2014-09-28 17:00:00,25.9,82,0.2,4.9,343,1.4326213531414103,-4.685893304218874
2014-09-28 18:00:00,25.3,89,0.0,3.4,342,1.0506577808748212,-3.233592155403522
2014-09-28 19:00:00,25.2,84,0.0,3.7,349,0.7059932828932162,-3.632020578756357
2014-09-28 20:00:00,24.8,86,0.0,2.8,40,-1.7998053071223103,-2.144924440733138
2014-09-28 21:00:00,24.4,87,0.0,1.1,90,-1.1,1.3471114790620887e-16
2014-09-28 22:00:00,23.4,89,0.0,2.7,203,1.0549740469210391,2.485363104321589
2014-09-28 23:00:00,22.5,91,0.0,4.9,197,1.4326213531414103,4.685893304218874
2014-09-29 00:00:00,22.1,92,0.0,6.6,193,1.4846769586695083,6.430842427582553
2014-09-29 01:00:00,22.3,92,0.0,6.8,205,2.873804179836756,6.162892951849219
2014-09-29 02:00:00,22.8,92,0.0,5.3,208,2.4881992827652213,4.679622242152313
2014-09-29 03:00:00,23.0,93,0.0,4.1,218,2.524212048835199,3.23084408978756
2014-09-29 04:00:00,23.6,91,0.0,2.6,214,1.4539015490239418,2.1554976886431088
2014-09-29 05:00:00,23.2,94,0.1,2.6,236,2.1554976886431083,1.453901549023942
2014-09-29 06:00:00,23.3,94,0.2,2.2,261,2.1729143493093033,0.34415582308850795
2014-09-29 07:00:00,23.7,94,0.1,1.8,270,1.8,0.0
2014-09-29 08:00:00,24.7,89,0.0,2.8,310,2.1449244407331385,-1.7998053071223097
2014-09-29 09:00:00,25.7,84,0.0,5.6,320,3.5996106142446203,-4.289848881466277
2014-09-29 10:00:00,26.8,79,0.0,6.9,321,4.342310698243879,-5.3623071340531
2014-09-29 11:00:00,27.6,76,0.2,8.7,322,5.356254835333226,-6.855693556378481
2014-09-29 12:00:00,27.7,76,0.0,9.2,321,5.789747597658504,-7.149742845404131
2014-09-29 13:00:00,27.3,77,0.3,8.7,322,5.356254835333226,-6.855693556378481
2014-09-29 14:00:00,27.4,77,0.3,7.6,329,3.9142893693164114,-6.5144714853360535
2014-09-29 15:00:00,27.0,78,0.4,7.4,331,3.587591189822895,-6.472185832831529
2014-09-29 16:00:00,26.8,79,0.1,6.0,335,2.5357095704441965,-5.437846722219899
2014-09-29 17:00:00,26.3,81,0.0,4.9,324,2.8801477362331185,-3.9641832724372428
2014-09-29 18:00:00,25.3,87,0.0,4.2,329,2.1631599146222276,-3.600102662948872
2014-09-29 19:00:00,25.1,84,0.0,2.6,344,0.7166571251241979,-2.499280409439629
2014-09-29 20:00:00,24.9,85,0.0,0.0,270,0.0,0.0
2014-09-29 21:00:00,24.6,86,0.0,1.1,180,6.735557395310444e-17,1.1
2014-09-29 22:00:00,22.6,91,0.0,2.2,180,1.3471114790620887e-16,2.2
2014-09-29 23:00:00,21.9,93,0.0,3.6,174,-0.3763024677635528,3.580278823325784
2014-09-30 00:00:00,22.0,93,0.0,4.3,180,2.632990618166809e-16,4.3
2014-09-30 01:00:00,22.0,92,0.0,3.6,180,2.2043642384652358e-16,3.6
2014-09-30 02:00:00,21.4,94,0.0,3.3,174,-0.3449439287832567,3.2819222547153015
2014-09-30 03:00:00,20.9,96,0.0,1.5,194,0.3628828433995015,1.4554435894139948
2014-09-30 04:00:00,20.9,97,0.2,1.0,45,-0.7071067811865477,-0.7071067811865475
2014-09-30 05:00:00,20.8,96,0.1,1.9,68,-1.761649323676896,-0.7117525274902328
2014-09-30 06:00:00,21.3,94,0.0,2.2,99,-2.172914349309303,0.3441558230885082
2014-09-30 07:00:00,22.5,96,0.2,2.6,146,-1.4539015490239415,2.1554976886431088
2014-09-30 08:00:00,24.5,90,0.4,2.4,207,1.0895771993749124,2.138415658052083
2014-09-30 09:00:00,25.0,87,0.5,3.7,259,3.632020578756357,0.7059932828932158
2014-09-30 10:00:00,25.6,86,0.1,5.4,290,5.074340152243906,-1.8469087739586112
2014-09-30 11:00:00,26.3,85,0.0,7.2,307,5.750175672340508,-4.333068166694748
2014-09-30 12:00:00,26.7,84,0.1,8.2,319,5.379684037722159,-6.18861855782673
2014-09-30 13:00:00,27.1,79,0.3,8.7,318,5.821436275322066,-6.46535998165333
2014-09-30 14:00:00,27.7,76,0.2,7.8,326,4.361704647071825,-6.466493065929326
2014-09-30 15:00:00,26.9,79,0.9,4.6,342,1.4214781741247582,-4.3748599749577055
2014-09-30 16:00:00,26.4,81,0.2,5.1,4,-0.35575801609504043,-5.087576656325103
2014-09-30 17:00:00,26.3,82,0.0,1.8,349,0.34345619167778085,-1.7669289302057951
2014-09-30 18:00:00,25.6,85,0.0,2.2,279,2.1729143493093033,-0.34415582308850795
2014-09-30 19:00:00,24.4,89,0.0,4.7,157,-1.8364363038995868,4.326372811226469
2014-09-30 20:00:00,23.0,94,0.0,6.6,189,1.032467469265524,6.518743047927909
2014-09-30 21:00:00,22.3,95,0.0,7.0,192,1.4553818357243162,6.847033205136639
2014-09-30 22:00:00,22.1,96,0.2,5.8,176,-0.4045875477159269,5.78587149150698
2014-09-30 23:00:00,21.9,97,0.2,5.6,165,-1.4493866525741166,5.4091846272187825
2014-10-01 00:00:00,21.7,96,0.0,5.8,176,-0.4045875477159269,5.78587149150698
2014-10-01 01:00:00,21.5,96,0.0,4.8,193,1.0797650608505516,4.676976310969129
2014-10-01 02:00:00,21.6,95,0.0,4.6,135,-3.252691193458118,3.2526911934581184
2014-10-01 03:00:00,22.8,87,0.2,4.6,129,-3.5748714227020657,2.8948737988292517
2014-10-01 04:00:00,23.4,84,0.1,3.1,111,-2.8940993221413254,1.1109406435904308
2014-10-01 05:00:00,23.4,84,0.0,4.0,100,-3.939231012048832,0.6945927106677211
2014-10-01 06:00:00,23.5,83,0.0,4.7,81,-4.6421352007971475,-0.7352419856890845
2014-10-01 07:00:00,23.7,85,0.0,2.6,56,-2.1554976886431088,-1.4539015490239415
2014-10-01 08:00:00,24.9,85,0.0,2.4,333,1.0895771993749124,-2.138415658052083
2014-10-01 09:00:00,25.7,82,0.0,3.8,319,2.4930243101639276,-2.8678964048465336
2014-10-01 10:00:00,26.2,80,0.2,5.1,315,3.6062445840513924,-3.606244584051392
2014-10-01 11:00:00,26.9,77,0.6,5.9,313,4.314986839553106,-4.023790324368742
2014-10-01 12:00:00,27.3,77,0.2,6.0,303,5.032023407672544,-3.2678342100901627
2014-10-01 13:00:00,27.0,79,0.1,4.5,299,3.935788682127281,-2.1816432911085166
2014-10-01 14:00:00,26.6,79,0.9,4.3,318,2.8772616073430903,-3.195522749552795
2014-10-01 15:00:00,27.1,81,0.6,5.2,326,2.9078030980478835,-4.3109953772862175
2014-10-01 16:00:00,26.4,82,1.1,5.1,356,0.35575801609503865,-5.087576656325103
2014-10-01 17:00:00,25.9,82,0.1,2.7,337,1.0549740469210391,-2.485363104321589
2014-10-01 18:00:00,25.0,87,0.0,3.1,315,2.1920310216782974,-2.192031021678297
2014-10-01 19:00:00,23.9,91,0.0,1.9,22,-0.7117525274902333,-1.7616493236768958
2014-10-01 20:00:00,23.4,91,0.2,1.5,14,-0.36288284339950166,-1.4554435894139948
2014-10-01 21:00:00,22.9,92,0.3,1.1,360,6.735557395310444e-17,-1.1
2014-10-01 22:00:00,21.8,95,0.3,0.4,180,2.4492935982947065e-17,0.4
2014-10-01 23:00:00,21.6,94,0.1,1.3,146,-0.7269507745119708,1.0777488443215544
2014-10-02 00:00:00,21.5,93,0.2,3.8,131,-2.8678964048465336,2.4930243101639276
2014-10-02 01:00:00,21.5,92,0.1,3.7,119,-3.2360929164157644,1.7937955949114477
2014-10-02 02:00:00,22.0,89,0.0,3.5,114,-3.197409101749103,1.4235782507653014
2014-10-02 03:00:00,23.1,84,0.0,3.6,96,-3.580278823325784,0.37630246776355347
2014-10-02 04:00:00,23.2,82,0.0,3.7,79,-3.632020578756357,-0.7059932828932155
2014-10-02 05:00:00,23.1,83,0.0,2.6,74,-2.499280409439629,-0.7166571251241974
2014-10-02 06:00:00,22.7,84,0.0,2.4,63,-2.138415658052083,-1.089577199374912
2014-10-02 07:00:00,22.9,86,0.0,3.1,36,-1.822134282106667,-2.507952682562337
2014-10-02 08:00:00,24.5,84,0.0,5.4,4,-0.37668495821827813,-5.386845871403051
2014-10-02 09:00:00,25.6,80,0.0,7.3,351,1.1419715947936857,-7.210124886344506
2014-10-02 10:00:00,26.5,78,0.0,8.2,345,2.12231616984067,-7.92059177557036
2014-10-02 11:00:00,27.1,75,0.0,9.5,335,4.014873486536644,-8.609923976848174
2014-10-02 12:00:00,27.4,74,0.2,10.6,332,4.976398565530443,-9.359244484304625
2014-10-02 13:00:00,26.9,76,0.2,10.0,347,2.249510543438649,-9.743700647852352
2014-10-02 14:00:00,26.9,76,0.3,7.7,349,1.4692292643993958,-7.558529312547013
2014-10-02 15:00:00,26.8,76,0.1,7.1,336,2.8878301658381815,-6.486172749262466
2014-10-02 16:00:00,26.6,78,0.0,6.4,333,2.9055391983331,-5.702441754805554
2014-10-02 17:00:00,25.7,81,0.0,5.4,340,1.8469087739586119,-5.074340152243905
2014-10-02 18:00:00,24.8,88,0.0,4.0,333,1.8159619989581872,-3.564026096753471
2014-10-02 19:00:00,24.8,82,0.0,2.2,360,1.3471114790620887e-16,-2.2
2014-10-02 20:00:00,24.6,83,0.0,2.1,31,-1.0815799573111144,-1.8000513314744355
2014-10-02 21:00:00,24.2,84,0.0,2.1,31,-1.0815799573111144,-1.8000513314744355
2014-10-02 22:00:00,24.0,84,0.0,1.5,14,-0.36288284339950166,-1.4554435894139948
2014-10-02 23:00:00,23.7,85,0.0,1.3,34,-0.7269507745119705,-1.0777488443215544
2014-10-03 00:00:00,22.5,88,0.0,1.1,90,-1.1,1.3471114790620887e-16
2014-10-03 01:00:00,22.2,88,0.0,1.1,90,-1.1,1.3471114790620887e-16
2014-10-03 02:00:00,22.8,86,0.0,2.1,59,-1.800051331474436,-1.0815799573111138
2014-10-03 03:00:00,21.8,89,0.0,2.8,50,-2.1449244407331385,-1.7998053071223097
2014-10-03 04:00:00,21.1,91,0.0,3.1,69,-2.8940993221413254,-1.1109406435904314
2014-10-03 05:00:00,20.5,91,0.0,2.4,63,-2.138415658052083,-1.089577199374912
2014-10-03 06:00:00,20.2,90,0.0,2.3,18,-0.7107390870623793,-2.1874299874788528
2014-10-03 07:00:00,21.6,90,0.0,2.3,39,-1.447436899414627,-1.7874357113510322
2014-10-03 08:00:00,24.4,82,0.0,3.9,338,1.4609657143220567,-3.616017032810471
2014-10-03 09:00:00,25.4,78,0.0,5.4,318,3.6133052743378347,-4.012982057577929
2014-10-03 10:00:00,26.2,76,0.0,5.1,309,3.963444403430551,-3.2095339943541705
2014-10-03 11:00:00,26.8,74,0.2,6.1,320,3.92100441908789,-4.6728711030257655
2014-10-03 12:00:00,27.3,72,0.0,7.3,327,3.9758649556096977,-6.122295146001595
2014-10-03 13:00:00,27.5,71,0.0,9.4,337,3.672872607799173,-8.65274562245294
2014-10-03 14:00:00,27.4,70,0.0,12.2,346,2.9514471263159456,-11.837607860567156
2014-10-03 15:00:00,27.1,66,0.0,12.4,350,2.1532374030699373,-12.21161613735138
2014-10-03 16:00:00,26.3,69,0.0,12.8,350,2.2226966741367096,-12.605539238556263
2014-10-03 17:00:00,25.1,72,0.0,9.8,354,1.024378940023004,-9.746314574609078
2014-10-03 18:00:00,23.6,79,0.0,10.5,352,1.4613175600806874,-10.397814721786489
2014-10-03 19:00:00,23.5,75,0.0,10.5,8,-1.4613175600806911,-10.397814721786487
2014-10-03 20:00:00,23.3,74,0.0,8.6,22,-3.2216167033768457,-7.97378114927437
2014-10-03 21:00:00,22.7,78,0.0,5.7,35,-3.2693856872009643,-4.669166652447252
2014-10-03 22:00:00,21.0,85,0.0,2.8,40,-1.7998053071223103,-2.144924440733138
2014-10-03 23:00:00,20.1,89,0.0,3.1,54,-2.5079526825623377,-1.8221342821066664
2014-10-04 00:00:00,19.6,91,0.0,3.1,54,-2.5079526825623377,-1.8221342821066664
2014-10-04 01:00:00,20.1,90,0.0,3.3,41,-2.1649947956686737,-2.4905416147351476
2014-10-04 02:00:00,20.4,89,0.0,4.4,55,-3.604268994871564,-2.5237363199446032
2014-10-04 03:00:00,20.3,80,0.0,4.8,48,-3.5670951622914924,-3.2118269105225195
2014-10-04 04:00:00,20.2,78,0.0,5.4,48,-4.012982057577929,-3.6133052743378347
2014-10-04 05:00:00,20.0,78,0.0,5.0,30,-2.500000000000002,-4.330127018922192
2014-10-04 06:00:00,19.9,78,0.0,4.5,14,-1.088648530198505,-4.366330768241984
2014-10-04 07:00:00,20.1,77,0.0,5.2,16,-1.4333142502483942,-4.998560818879259
2014-10-04 08:00:00,21.7,74,0.0,7.9,357,0.41345405431925736,-7.889173324561134
2014-10-04 09:00:00,23.1,69,0.0,8.8,348,1.8296228791962834,-8.60769888645749
2014-10-04 10:00:00,24.0,65,0.0,10.8,345,2.795245687107224,-10.431998923921938
2014-10-04 11:00:00,24.8,62,0.0,11.9,346,2.8788705576360454,-11.546519142684359
2014-10-04 12:00:00,25.2,60,0.0,12.6,347,2.8343832847326977,-12.277062816293963
2014-10-04 13:00:00,25.4,60,0.0,13.5,344,3.7211043035294886,-12.977032895167305
2014-10-04 14:00:00,25.2,61,0.0,15.6,345,4.0375771035993235,-15.068442890109464
2014-10-04 15:00:00,24.4,64,0.0,15.0,349,2.862134930648174,-14.72440775171496
2014-10-04 16:00:00,23.7,66,0.0,13.2,349,2.518678738970393,-12.957478821509163
2014-10-04 17:00:00,22.6,70,0.0,9.5,349,1.8126854560771768,-9.325458242752807
2014-10-04 18:00:00,21.2,74,0.0,9.4,337,3.672872607799173,-8.65274562245294
2014-10-04 19:00:00,20.1,80,0.0,7.0,348,1.4553818357243162,-6.847033205136639
2014-10-04 20:00:00,20.7,73,0.0,6.0,17,-1.7542302283364226,-5.7378285357782115
2014-10-04 21:00:00,20.4,74,0.0,5.4,20,-1.8469087739586103,-5.074340152243906
2014-10-04 22:00:00,19.0,79,0.0,3.6,6,-0.3763024677635521,-3.5802788233257843
2014-10-04 23:00:00,17.9,83,0.0,3.0,14,-0.7257656867990033,-2.9108871788279895
2014-10-05 00:00:00,17.7,86,0.0,1.5,76,-1.4554435894139948,-0.3628828433995013
2014-10-05 01:00:00,16.6,91,0.0,2.3,129,-1.7874357113510329,1.4474368994146258
2014-10-05 02:00:00,16.5,91,0.0,2.9,120,-2.511473670974872,1.4499999999999997
2014-10-05 03:00:00,17.1,90,0.0,2.6,124,-2.1554976886431083,1.453901549023942
2014-10-05 04:00:00,17.4,91,0.0,2.2,99,-2.172914349309303,0.3441558230885082
2014-10-05 05:00:00,17.4,92,0.0,2.6,74,-2.499280409439629,-0.7166571251241974
2014-10-05 06:00:00,18.0,88,0.1,2.9,60,-2.5114736709748717,-1.4500000000000002
2014-10-05 07:00:00,19.8,84,0.0,3.1,36,-1.822134282106667,-2.507952682562337
2014-10-05 08:00:00,21.9,78,0.0,5.0,360,3.061616997868383e-16,-5.0
2014-10-05 09:00:00,23.0,73,0.0,6.9,351,1.0793978087775935,-6.815049550106451
2014-10-05 10:00:00,24.0,68,0.0,8.3,342,2.564841053312064,-7.893769085249775
2014-10-05 11:00:00,24.6,66,0.0,9.2,339,3.2969851358167634,-8.588939923774255
2014-10-05 12:00:00,25.1,65,0.0,9.5,335,4.014873486536644,-8.609923976848174
2014-10-05 13:00:00,25.6,64,0.0,10.1,333,4.585304047369423,-8.999165894302514
2014-10-05 14:00:00,25.5,64,0.0,11.4,336,4.636797731064123,-10.41441821712565
2014-10-05 15:00:00,25.0,64,0.0,11.0,341,3.5812496990287244,-10.400704331592484
2014-10-05 16:00:00,24.4,66,0.0,10.5,344,2.8941922360784913,-10.093247807352348
2014-10-05 17:00:00,23.4,69,0.0,8.1,347,1.8221035401853058,-7.892397524760405
2014-10-05 18:00:00,22.0,75,0.0,7.3,340,2.4967470462773824,-6.8597561317371305
2014-10-05 19:00:00,20.7,81,0.0,4.0,350,0.6945927106677217,-3.939231012048832
2014-10-05 20:00:00,19.9,83,0.0,1.8,349,0.34345619167778085,-1.7669289302057951
2014-10-05 21:00:00,19.2,86,0.0,0.7000000000000001,180,4.2862637970157366e-17,0.7000000000000001
2014-10-05 22:00:00,18.6,88,0.0,2.3,162,-0.7107390870623789,2.187429987478853
2014-10-05 23:00:00,18.2,90,0.0,4.5,151,-2.1816432911085166,3.9357886821272814
2014-10-06 00:00:00,18.4,91,0.0,5.2,146,-2.907803098047883,4.3109953772862175
2014-10-06 01:00:00,18.6,92,0.0,5.1,141,-3.20953399435417,3.963444403430552
2014-10-06 02:00:00,18.6,93,0.0,4.1,128,-3.2308440897875594,2.5242120488351993
2014-10-06 03:00:00,19.2,91,0.0,2.5,135,-1.7677669529663687,1.7677669529663689
2014-10-06 04:00:00,19.2,92,0.0,1.9,112,-1.7616493236768958,0.7117525274902332
2014-10-06 05:00:00,19.1,92,0.0,1.8,90,-1.8,2.2043642384652358e-16
2014-10-06 06:00:00,19.0,92,0.1,1.8,53,-1.437543918085127,-1.0832670416736871
2014-10-06 07:00:00,19.8,92,0.2,1.8,37,-1.083267041673687,-1.437543918085127
2014-10-06 08:00:00,22.1,82,0.1,3.4,342,1.0506577808748212,-3.233592155403522
2014-10-06 09:00:00,23.3,76,0.0,5.2,344,1.4333142502483958,-4.998560818879258
2014-10-06 10:00:00,24.7,70,0.0,7.0,339,2.5085756468171025,-6.535062985480412
2014-10-06 11:00:00,25.7,66,0.0,7.6,335,3.211898789229316,-6.887939181478539
2014-10-06 12:00:00,26.3,64,0.0,8.0,333,3.6319239979163744,-7.128052193506942
2014-10-06 13:00:00,26.9,63,0.1,8.9,339,3.1894747509531736,-8.308865795825096
2014-10-06 14:00:00,27.0,63,0.2,9.4,337,3.672872607799173,-8.65274562245294
2014-10-06 15:00:00,26.4,61,0.0,10.0,334,4.383711467890775,-8.98794046299167
2014-10-06 16:00:00,25.5,63,0.0,9.5,335,4.014873486536644,-8.609923976848174
2014-10-06 17:00:00,24.3,67,0.0,5.6,333,2.542346798541462,-4.989636535454859
2014-10-06 18:00:00,22.9,73,0.0,5.4,318,3.6133052743378347,-4.012982057577929
2014-10-06 19:00:00,21.5,79,0.0,2.0,315,1.4142135623730951,-1.414213562373095
2014-10-06 20:00:00,20.6,82,0.0,1.4,270,1.4,0.0
2014-10-06 21:00:00,20.2,84,0.0,1.4,270,1.4,0.0
2014-10-06 22:00:00,19.9,87,0.0,2.3,252,2.1874299874788528,0.710739087062379
2014-10-06 23:00:00,20.0,88,0.0,2.1,239,1.800051331474436,1.0815799573111138
2014-10-07 00:00:00,19.6,90,0.1,1.6,243,1.4256104387013888,0.7263847995832748
2014-10-07 01:00:00,19.6,92,0.3,1.4,270,1.4,0.0
2014-10-07 02:00:00,19.9,92,0.5,0.8,297,0.7128052193506944,-0.3631923997916374
2014-10-07 03:00:00,19.8,88,0.3,0.7000000000000001,270,0.7000000000000001,0.0
2014-10-07 04:00:00,19.6,90,0.1,1.1,270,1.1,0.0
2014-10-07 05:00:00,19.7,90,0.0,1.8,259,1.7669289302057951,0.34345619167778063
2014-10-07 06:00:00,19.4,91,0.0,1.4,270,1.4,0.0
2014-10-07 07:00:00,20.5,90,0.2,2.0,315,1.4142135623730951,-1.414213562373095
2014-10-07 08:00:00,22.2,80,0.4,2.8,320,1.7998053071223101,-2.1449244407331385
2014-10-07 09:00:00,23.2,75,0.5,3.9,292,3.616017032810471,-1.460965714322057
2014-10-07 10:00:00,24.1,72,0.5,5.6,285,5.4091846272187825,-1.4493866525741161
2014-10-07 11:00:00,24.6,71,0.4,7.2,297,6.415246974156249,-3.2687315981247367
2014-10-07 12:00:00,25.2,70,0.4,7.2,307,5.750175672340508,-4.333068166694748
2014-10-07 13:00:00,25.5,69,0.3,7.6,315,5.374011537017761,-5.37401153701776
2014-10-07 14:00:00,25.5,69,0.2,9.0,323,5.4163352083684355,-7.187719590425635
2014-10-07 15:00:00,24.5,65,0.0,9.5,335,4.014873486536644,-8.609923976848174
2014-10-07 16:00:00,23.9,66,0.0,9.0,344,2.4807362023529924,-8.65135526344487
2014-10-07 17:00:00,23.1,68,0.0,6.6,347,1.4846769586695083,-6.430842427582553
2014-10-07 18:00:00,21.7,77,0.0,6.0,335,2.5357095704441965,-5.437846722219899
2014-10-07 19:00:00,20.9,76,0.0,5.0,330,2.5000000000000004,-4.330127018922193
2014-10-07 20:00:00,20.2,77,0.0,3.1,324,1.8221342821066668,-2.5079526825623373
2014-10-07 21:00:00,19.0,84,0.0,2.3,321,1.447436899414626,-1.7874357113510329
2014-10-07 22:00:00,18.3,88,0.0,1.3,304,1.0777488443215542,-0.726950774511971
2014-10-07 23:00:00,18.1,91,0.0,0.8,243,0.7128052193506944,0.3631923997916374
2014-10-08 00:00:00,18.4,92,0.1,1.5,194,0.3628828433995015,1.4554435894139948
2014-10-08 01:00:00,18.5,93,0.3,3.3,193,0.7423384793347542,3.2154212137912763
2014-10-08 02:00:00,18.7,94,0.5,2.7,203,1.0549740469210391,2.485363104321589
2014-10-08 03:00:00,18.8,93,0.0,3.8,197,1.1110124779463997,3.6339580726595346
2014-10-08 04:00:00,18.5,94,0.0,3.0,194,0.725765686799003,2.9108871788279895
2014-10-08 05:00:00,18.0,95,0.2,4.9,197,1.4326213531414103,4.685893304218874
2014-10-08 06:00:00,18.3,96,0.2,5.8,184,0.40458754771592637,5.78587149150698
2014-10-08 07:00:00,19.3,95,0.1,4.1,218,2.524212048835199,3.23084408978756
2014-10-08 08:00:00,21.4,88,0.3,4.2,239,3.600102662948872,2.1631599146222276
2014-10-08 09:00:00,22.2,84,0.3,4.0,260,3.939231012048832,0.6945927106677213
2014-10-08 10:00:00,23.2,81,0.1,4.8,283,4.676976310969129,-1.079765060850552
2014-10-08 11:00:00,24.1,77,0.0,6.2,291,5.788198644282651,-2.2218812871808615
2014-10-08 12:00:00,24.4,77,0.0,7.7,298,6.798696465013738,-3.6149310334513594
2014-10-08 13:00:00,25.2,74,0.1,8.0,306,6.47213595499958,-4.702282018339785
2014-10-08 14:00:00,25.4,73,0.2,7.6,315,5.374011537017761,-5.37401153701776
2014-10-08 15:00:00,25.5,71,0.2,8.2,319,5.379684037722159,-6.18861855782673
2014-10-08 16:00:00,24.9,72,0.0,8.1,328,4.29234604028896,-6.86918957886705
2014-10-08 17:00:00,24.0,74,0.0,5.3,332,2.4881992827652213,-4.679622242152313
2014-10-08 18:00:00,22.9,80,0.2,4.5,299,3.935788682127281,-2.1816432911085166
2014-10-08 19:00:00,21.6,86,0.5,2.6,286,2.499280409439629,-0.7166571251241979
2014-10-08 20:00:00,21.2,88,0.5,2.5,278,2.475670171853926,-0.3479327524001636
2014-10-08 21:00:00,20.9,90,0.4,2.1,239,1.800051331474436,1.0815799573111138
2014-10-08 22:00:00,20.5,92,0.3,2.7,203,1.0549740469210391,2.485363104321589
2014-10-08 23:00:00,20.5,94,0.2,2.9,210,1.4500000000000002,2.5114736709748717
2014-10-09 00:00:00,20.5,95,0.2,3.2,207,1.45276959916655,2.851220877402777
2014-10-09 01:00:00,20.2,95,0.3,2.4,207,1.0895771993749124,2.138415658052083
2014-10-09 02:00:00,19.8,96,0.2,1.8,233,1.437543918085127,1.083267041673687
2014-10-09 03:00:00,19.5,93,0.3,1.1,270,1.1,0.0
2014-10-09 04:00:00,19.4,93,0.2,0.8,63,-0.7128052193506944,-0.36319239979163737
2014-10-09 05:00:00,19.5,92,0.0,1.5,45,-1.0606601717798214,-1.0606601717798212
2014-10-09 06:00:00,19.7,90,0.0,1.8,53,-1.437543918085127,-1.0832670416736871
2014-10-09 07:00:00,20.5,89,0.0,2.0,45,-1.4142135623730954,-1.414213562373095
2014-10-09 08:00:00,22.6,82,0.0,3.3,347,0.7423384793347542,-3.2154212137912763
2014-10-09 09:00:00,23.5,78,0.0,4.7,337,1.8364363038995866,-4.32637281122647
2014-10-09 10:00:00,24.9,73,0.0,6.6,331,3.199743493625825,-5.772490067120011
2014-10-09 11:00:00,26.0,69,0.0,7.9,330,3.950000000000001,-6.841600689897065
2014-10-09 12:00:00,26.6,68,0.0,8.9,333,4.040515447681967,-7.929958065276474
2014-10-09 13:00:00,26.8,68,0.0,9.5,331,4.605691392340202,-8.30888721782426
2014-10-09 14:00:00,27.2,67,0.0,10.5,329,5.407899786555569,-9.00025665737218
2014-10-09 15:00:00,26.6,70,0.0,10.2,337,3.985457510590592,-9.389149505214892
2014-10-09 16:00:00,26.0,73,0.2,7.9,336,3.2132194802988217,-7.217009115376547
2014-10-09 17:00:00,25.1,76,0.2,3.9,326,2.1808523235359125,-3.233246532964663
2014-10-09 18:00:00,23.7,83,0.1,4.3,294,3.9282454678631837,-1.7489675652259409
2014-10-09 19:00:00,22.3,90,0.2,1.6,297,1.4256104387013888,-0.7263847995832748
2014-10-09 20:00:00,21.3,92,0.1,0.4,270,0.4,0.0
2014-10-09 21:00:00,21.0,93,0.0,0.5,135,-0.35355339059327373,0.3535533905932738
2014-10-09 22:00:00,21.1,91,0.0,1.1,72,-1.046162167924669,-0.33991869381244205
2014-10-09 23:00:00,21.3,90,0.0,1.3,56,-1.0777488443215544,-0.7269507745119708
2014-10-10 00:00:00,21.6,90,0.0,1.5,76,-1.4554435894139948,-0.3628828433995013
2014-10-10 01:00:00,21.7,89,0.0,2.2,99,-2.172914349309303,0.3441558230885082
2014-10-10 02:00:00,21.6,89,0.0,2.2,81,-2.1729143493093033,-0.3441558230885076
2014-10-10 03:00:00,22.0,85,0.0,2.6,56,-2.1554976886431088,-1.4539015490239415
2014-10-10 04:00:00,22.2,85,0.0,3.6,53,-2.875087836170254,-2.1665340833473743
2014-10-10 05:00:00,22.1,85,0.0,4.1,52,-3.23084408978756,-2.5242120488351985
2014-10-10 06:00:00,22.1,84,0.0,3.9,34,-2.1808523235359116,-3.233246532964663
2014-10-10 07:00:00,22.5,84,0.0,4.7,23,-1.836436303899587,-4.326372811226469
2014-10-10 08:00:00,24.3,81,0.0,6.1,357,0.3192493330819582,-6.0916401620029
2014-10-10 09:00:00,25.4,78,0.0,8.4,350,1.4586446924022156,-8.272385125302547
2014-10-10 10:00:00,26.4,74,0.0,11.3,351,1.7677094549546095,-11.160878248725057
2014-10-10 11:00:00,26.9,73,0.0,12.6,347,2.8343832847326977,-12.277062816293963
2014-10-10 12:00:00,27.1,71,0.0,14.6,351,2.2839431895873714,-14.420249772689012
2014-10-10 13:00:00,27.1,72,0.1,14.5,354,1.5156627173809751,-14.420567482839962
2014-10-10 14:00:00,26.8,74,0.3,14.5,354,1.5156627173809751,-14.420567482839962
2014-10-10 15:00:00,26.2,74,0.1,12.8,350,2.2226966741367096,-12.605539238556263
2014-10-10 16:00:00,25.6,76,0.0,12.0,353,1.4624321208617699,-11.910553819695863
2014-10-10 17:00:00,24.6,79,0.1,8.0,355,0.6972459419812651,-7.969557584733964
2014-10-10 18:00:00,23.4,83,0.4,8.3,2,-0.28966582263075635,-8.294943864258496
2014-10-10 19:00:00,22.4,90,0.6,4.3,24,-1.7489675652259404,-3.928245467863184
2014-10-10 20:00:00,21.9,89,0.6,4.3,5,-0.37476969381493047,-4.283637201794505
2014-10-10 21:00:00,21.8,89,0.3,5.4,8,-0.7515347451843555,-5.34744757120448
2014-10-10 22:00:00,22.3,86,0.0,6.5,19,-2.116193003971518,-6.1458707413955596
2014-10-10 23:00:00,22.4,86,0.0,6.0,17,-1.7542302283364226,-5.7378285357782115
2014-10-11 00:00:00,21.3,90,0.0,5.4,20,-1.8469087739586103,-5.074340152243906
2014-10-11 01:00:00,20.8,92,0.0,5.3,28,-2.488199282765221,-4.679622242152313
2014-10-11 02:00:00,20.6,92,0.0,4.7,32,-2.490620541896064,-3.9858260519352022
2014-10-11 03:00:00,21.5,89,0.0,6.3,31,-3.2447398719333433,-5.400153994423306
2014-10-11 04:00:00,21.1,90,0.0,6.6,29,-3.199743493625823,-5.772490067120013
2014-10-11 05:00:00,20.3,94,0.0,7.8,34,-4.361704647071823,-6.466493065929326
2014-10-11 06:00:00,20.0,94,0.0,6.9,39,-4.342310698243882,-5.362307134053097
2014-10-11 07:00:00,20.7,93,0.0,8.0,36,-4.702282018339786,-6.472135954999579
2014-10-11 08:00:00,23.3,84,0.0,11.8,12,-2.453357951649566,-11.542141688658907
2014-10-11 09:00:00,24.4,79,0.0,14.2,7,-1.7305446763530898,-14.094155353306773
2014-10-11 10:00:00,25.2,76,0.0,15.5,5,-1.350914012588703,-15.441017820422056
2014-10-11 11:00:00,26.1,73,0.0,16.9,360,1.0348265452795135e-15,-16.9
2014-10-11 12:00:00,26.0,74,0.1,18.4,2,-0.642150739326014,-18.38879121715136
2014-10-11 13:00:00,25.9,74,0.2,18.0,2,-0.6281909406450137,-17.989034886343724
2014-10-11 14:00:00,25.7,73,0.0,18.7,2,-0.6526205883367642,-18.68860846525709
2014-10-11 15:00:00,24.8,73,0.0,18.0,2,-0.6281909406450137,-17.989034886343724
2014-10-11 16:00:00,24.5,73,0.0,16.2,1,-0.2827289842839927,-16.197532661533536
2014-10-11 17:00:00,23.5,75,0.0,13.7,360,8.388830574159369e-16,-13.7
2014-10-11 18:00:00,22.1,79,0.0,12.3,5,-1.0720156357961965,-12.253194786528471
2014-10-11 19:00:00,21.4,81,0.0,12.8,11,-2.442355140819771,-12.5648279481301
2014-10-11 20:00:00,20.4,86,0.0,11.1,13,-2.496956703216904,-10.815507719116109
2014-10-11 21:00:00,19.8,87,0.0,11.2,15,-2.898773305148231,-10.818369254437565
2014-10-11 22:00:00,20.8,81,0.0,11.3,22,-4.233054505599809,-10.477177556604698
2014-10-11 23:00:00,20.6,82,0.0,10.5,27,-4.766900247265243,-9.355568503977862
2014-10-12 00:00:00,20.3,82,0.0,9.8,36,-5.760295472466238,-7.928366544874485
2014-10-12 01:00:00,20.4,82,0.0,9.4,40,-6.042203531053471,-7.2008177653183925
2014-10-12 02:00:00,19.1,86,0.0,10.6,35,-6.0799102253210915,-8.68301166946331
2014-10-12 03:00:00,19.6,81,0.0,11.6,30,-5.800000000000005,-10.045894683899485
2014-10-12 04:00:00,19.6,80,0.0,11.3,31,-5.819930246483616,-9.685990497933867
2014-10-12 05:00:00,19.6,79,0.0,9.9,33,-5.3919264466487675,-8.302838622659698
2014-10-12 06:00:00,19.2,80,0.0,10.6,24,-4.311408416603481,-9.68358185101157
2014-10-12 07:00:00,18.3,85,0.0,10.5,16,-2.894192236078488,-10.09324780735235
2014-10-12 08:00:00,21.1,78,0.0,16.3,14,-3.9433268982745853,-15.815820338298742
2014-10-12 09:00:00,22.3,75,0.0,18.9,9,-2.9566113892603663,-18.6673096372481
2014-10-12 10:00:00,23.4,71,0.0,19.9,5,-1.734399280678399,-19.824274492025737
2014-10-12 11:00:00,24.3,68,0.0,20.9,3,-1.0938214854775359,-20.871357276370592
2014-10-12 12:00:00,24.8,66,0.0,20.5,359,0.35777433196431374,-20.49687775070602
2014-10-12 13:00:00,24.9,65,0.0,20.2,355,1.7605460035026943,-20.12313290145326
2014-10-12 14:00:00,24.8,64,0.0,20.6,355,1.7954083006017578,-20.521610780689958
2014-10-12 15:00:00,24.1,67,0.0,18.8,356,1.3114217063895544,-18.754204144884696
2014-10-12 16:00:00,23.8,67,0.0,16.3,355,1.4206386067868277,-16.237973578895453
2014-10-12 17:00:00,22.7,70,0.0,11.9,355,1.0371533386971319,-11.854716907291772
2014-10-12 18:00:00,21.2,75,0.0,11.7,11,-2.232465245905572,-11.485038046337667
2014-10-12 19:00:00,19.6,80,0.0,10.4,20,-3.557009490586953,-9.772803256173448
2014-10-12 20:00:00,18.7,82,0.0,10.0,41,-6.560590289905073,-7.54709580222772
2014-10-12 21:00:00,17.2,86,0.0,8.2,61,-7.171881598543045,-3.9754388860199628
2014-10-12 22:00:00,15.8,89,0.0,5.9,76,-5.7247447850283795,-1.4273391840380383
2014-10-12 23:00:00,14.7,95,0.0,4.5,61,-3.9357886821272814,-2.181643291108516
2014-10-13 00:00:00,14.3,96,0.0,3.1,45,-2.192031021678298,-2.192031021678297
2014-10-13 01:00:00,14.6,90,0.0,2.3,51,-1.7874357113510326,-1.4474368994146265
2014-10-13 02:00:00,14.2,86,0.0,2.9,60,-2.5114736709748717,-1.4500000000000002
2014-10-13 03:00:00,13.8,91,0.0,3.7,61,-3.236092916415765,-1.7937955949114468
2014-10-13 04:00:00,14.3,86,0.0,3.7,61,-3.236092916415765,-1.7937955949114468
2014-10-13 05:00:00,15.2,80,0.0,3.9,56,-3.233246532964663,-2.180852323535912
2014-10-13 06:00:00,15.7,75,0.0,3.7,61,-3.236092916415765,-1.7937955949114468
2014-10-13 07:00:00,17.7,72,0.0,4.1,45,-2.8991378028648453,-2.8991378028648445
2014-10-13 08:00:00,21.4,70,0.0,5.9,11,-1.1257730727216133,-5.791600382341218
2014-10-13 09:00:00,23.2,61,0.0,8.6,360,5.265981236333618e-16,-8.6
2014-10-13 10:00:00,24.1,59,0.0,9.5,349,1.8126854560771768,-9.325458242752807
2014-10-13 11:00:00,25.0,57,0.0,9.8,343,2.8652427062828205,-9.371786608437748
2014-10-13 12:00:00,25.4,55,0.0,10.6,342,3.275580140374443,-10.081199072728626
2014-10-13 13:00:00,25.5,55,0.0,11.4,342,3.522793735874401,-10.84204428576475
2014-10-13 14:00:00,25.2,56,0.0,11.8,340,4.035837691242892,-11.088372925273719
2014-10-13 15:00:00,24.9,59,0.0,11.7,342,3.615498834186885,-11.127361240653295
2014-10-13 16:00:00,24.0,64,0.0,10.9,343,3.186851581477831,-10.423721839997087
2014-10-13 17:00:00,22.6,69,0.0,7.4,346,1.7902220274375409,-7.180188374442374
2014-10-13 18:00:00,21.0,80,0.0,6.7,344,1.8467702839738944,-6.440453362786736
2014-10-13 19:00:00,20.8,73,0.0,5.4,20,-1.8469087739586103,-5.074340152243906
2014-10-13 20:00:00,20.7,74,0.0,3.2,63,-2.8512208774027776,-1.4527695991665495
2014-10-13 21:00:00,20.1,76,0.0,3.7,79,-3.632020578756357,-0.7059932828932155
2014-10-13 22:00:00,18.3,82,0.0,4.4,125,-3.6042689948715645,2.5237363199446023
2014-10-13 23:00:00,17.4,84,0.0,3.1,135,-2.192031021678297,2.1920310216782974
2014-10-14 00:00:00,16.7,85,0.0,2.0,135,-1.414213562373095,1.4142135623730951
2014-10-14 01:00:00,15.5,89,0.0,2.6,124,-2.1554976886431083,1.453901549023942
2014-10-14 02:00:00,14.3,93,0.0,3.6,127,-2.8750878361702545,2.1665340833473734
2014-10-14 03:00:00,16.7,85,0.0,3.7,119,-3.2360929164157644,1.7937955949114477
2014-10-14 04:00:00,18.2,80,0.0,3.2,90,-3.2,3.9188697572715305e-16
2014-10-14 05:00:00,18.4,80,0.0,3.4,58,-2.8833635269318485,-1.8017254983928963
2014-10-14 06:00:00,18.1,81,0.0,4.0,80,-3.939231012048832,-0.6945927106677219
2014-10-14 07:00:00,18.5,80,0.0,2.8,50,-2.1449244407331385,-1.7998053071223097
2014-10-14 08:00:00,20.5,77,0.0,4.0,360,2.4492935982947064e-16,-4.0
2014-10-14 09:00:00,22.2,69,0.0,4.9,343,1.4326213531414103,-4.685893304218874
2014-10-14 10:00:00,23.4,64,0.0,6.3,329,3.244739871933341,-5.400153994423308
2014-10-14 11:00:00,24.2,61,0.0,7.9,321,4.971631089293717,-6.139453095510071
2014-10-14 12:00:00,24.4,59,0.0,8.8,325,5.0474726398892065,-7.208537989743128
2014-10-14 13:00:00,24.6,58,0.0,9.2,329,4.738350289172498,-7.8859391664594325
2014-10-14 14:00:00,24.4,57,0.0,10.1,333,4.585304047369423,-8.999165894302514
2014-10-14 15:00:00,24.1,58,0.0,11.5,340,3.9332316482451914,-10.806465139037945
2014-10-14 16:00:00,23.3,61,0.0,10.0,345,2.5881904510252074,-9.659258262890683
2014-10-14 17:00:00,22.0,66,0.0,7.0,348,1.4553818357243162,-6.847033205136639
2014-10-14 18:00:00,20.4,74,0.0,8.0,342,2.4721359549995796,-7.608452130361228
2014-10-14 19:00:00,19.1,80,0.0,8.3,358,0.289665822630759,-8.294943864258496
2014-10-14 20:00:00,19.6,73,0.0,6.4,27,-2.9055391983331003,-5.702441754805554
2014-10-14 21:00:00,19.8,73,0.0,3.3,49,-2.490541614735148,-2.1649947956686733
2014-10-14 22:00:00,18.7,78,0.0,3.1,54,-2.5079526825623377,-1.8221342821066664
2014-10-14 23:00:00,17.8,81,0.0,2.6,74,-2.499280409439629,-0.7166571251241974
2014-10-15 00:00:00,18.2,79,0.0,1.6,63,-1.4256104387013888,-0.7263847995832747
2014-10-15 01:00:00,17.9,80,0.0,1.8,37,-1.083267041673687,-1.437543918085127
2014-10-15 02:00:00,16.6,84,0.0,2.5,82,-2.475670171853926,-0.3479327524001638
2014-10-15 03:00:00,16.6,84,0.0,3.3,96,-3.2819222547153015,0.3449439287832573
2014-10-15 04:00:00,17.7,80,0.0,2.9,97,-2.8783838397598336,0.35342109587492787
2014-10-15 05:00:00,18.1,78,0.0,2.1,59,-1.800051331474436,-1.0815799573111138
2014-10-15 06:00:00,17.9,78,0.0,2.8,50,-2.1449244407331385,-1.7998053071223097
2014-10-15 07:00:00,18.6,77,0.0,2.3,51,-1.7874357113510326,-1.4474368994146265
2014-10-15 08:00:00,20.5,74,0.0,3.5,336,1.4235782507653008,-3.197409101749103
2014-10-15 09:00:00,21.7,68,0.0,6.1,332,2.863776532993934,-5.385980316439453
2014-10-15 10:00:00,23.1,62,0.0,5.6,333,2.542346798541462,-4.989636535454859
2014-10-15 11:00:00,24.3,58,0.0,6.4,322,3.9402334420842133,-5.043268823083022
2014-10-15 12:00:00,24.7,58,0.0,7.9,313,5.777694242791447,-5.387787044493738
2014-10-15 13:00:00,24.5,58,0.0,7.9,309,6.139453095510071,-4.971631089293716
2014-10-15 14:00:00,24.4,58,0.0,9.0,307,7.187719590425635,-5.416335208368435
2014-10-15 15:00:00,24.0,58,0.0,8.4,317,5.728786224524987,-6.143371093601032
2014-10-15 16:00:00,23.1,61,0.0,8.6,327,4.683895701129233,-7.212566884330647
2014-10-15 17:00:00,21.9,65,0.0,6.3,336,2.5624408513775414,-5.755336383148386
2014-10-15 18:00:00,20.4,77,0.0,6.5,326,3.634753872559854,-5.388744221607771
2014-10-15 19:00:00,20.5,68,0.0,4.2,340,1.436484601967809,-3.9467090073008153
2014-10-15 20:00:00,20.1,70,0.0,1.5,14,-0.36288284339950166,-1.4554435894139948
2014-10-15 21:00:00,19.8,72,0.0,1.8,360,1.1021821192326179e-16,-1.8
2014-10-15 22:00:00,19.3,75,0.0,2.2,9,-0.3441558230885083,-2.172914349309303
2014-10-15 23:00:00,18.1,81,0.0,1.9,22,-0.7117525274902333,-1.7616493236768958
2014-10-16 00:00:00,17.3,85,0.0,2.3,39,-1.447436899414627,-1.7874357113510322
2014-10-16 01:00:00,16.5,88,0.0,3.1,69,-2.8940993221413254,-1.1109406435904314
2014-10-16 02:00:00,16.7,87,0.2,4.0,95,-3.984778792366982,0.3486229709906328
2014-10-16 03:00:00,18.5,80,0.1,3.2,117,-2.851220877402777,1.4527695991665501
2014-10-16 04:00:00,19.2,77,0.0,2.1,121,-1.8000513314744357,1.0815799573111142
2014-10-16 05:00:00,18.9,78,0.0,2.5,360,1.5308084989341916e-16,-2.5
2014-10-16 06:00:00,18.5,79,0.0,4.2,20,-1.436484601967808,-3.9467090073008158
2014-10-16 07:00:00,19.0,78,0.0,3.7,29,-1.7937955949114464,-3.2360929164157652
2014-10-16 08:00:00,20.6,76,0.0,2.6,344,0.7166571251241979,-2.499280409439629
2014-10-16 09:00:00,22.0,72,0.0,3.9,304,3.2332465329646625,-2.180852323535913
2014-10-16 10:00:00,23.2,68,0.0,6.0,295,5.437846722219899,-2.5357095704441965
2014-10-16 11:00:00,23.8,66,0.0,7.8,304,6.466493065929325,-4.361704647071826
2014-10-16 12:00:00,24.0,65,0.0,8.8,305,7.208537989743128,-5.047472639889206
2014-10-16 13:00:00,24.3,64,0.0,9.4,310,7.200817765318393,-6.042203531053469
2014-10-16 14:00:00,24.2,64,0.0,9.4,317,6.410784584587486,-6.874724795220202
2014-10-16 15:00:00,23.5,61,0.0,9.3,324,5.46640284632,-7.523858047687012
2014-10-16 16:00:00,22.8,62,0.0,9.0,331,4.363286582217034,-7.871577364254562
2014-10-16 17:00:00,21.8,66,0.0,5.6,333,2.542346798541462,-4.989636535454859
2014-10-16 18:00:00,20.1,79,0.0,5.4,318,3.6133052743378347,-4.012982057577929
2014-10-16 19:00:00,20.0,71,0.0,2.6,326,1.4539015490239418,-2.1554976886431088
2014-10-16 20:00:00,19.0,77,0.0,1.1,360,6.735557395310444e-17,-1.1
2014-10-16 21:00:00,18.2,83,0.0,1.3,34,-0.7269507745119705,-1.0777488443215544
2014-10-16 22:00:00,17.7,87,0.1,1.0,135,-0.7071067811865475,0.7071067811865476
2014-10-16 23:00:00,17.4,89,0.2,3.2,180,1.9594348786357652e-16,3.2
2014-10-17 00:00:00,17.3,91,0.4,3.7,191,0.7059932828932162,3.632020578756357
2014-10-17 01:00:00,18.0,89,0.5,4.0,180,2.4492935982947064e-16,4.0
2014-10-17 02:00:00,19.2,84,0.4,2.9,173,-0.35342109587492737,2.878383839759834
2014-10-17 03:00:00,19.7,82,0.2,2.3,141,-1.4474368994146256,1.7874357113510333
2014-10-17 04:00:00,19.5,82,0.0,1.8,127,-1.4375439180851273,1.0832670416736867
2014-10-17 05:00:00,19.4,83,0.0,1.1,108,-1.0461621679246689,0.3399186938124423
2014-10-17 06:00:00,19.4,83,0.1,1.9,112,-1.7616493236768958,0.7117525274902332
2014-10-17 07:00:00,19.7,84,0.0,1.1,108,-1.0461621679246689,0.3399186938124423
2014-10-17 08:00:00,21.0,83,0.0,2.2,261,2.1729143493093033,0.34415582308850795
2014-10-17 09:00:00,21.9,79,0.0,4.0,270,4.0,0.0
2014-10-17 10:00:00,22.8,75,0.0,6.3,283,6.1385314081469815,-1.4171916423663495
2014-10-17 11:00:00,23.3,74,0.0,7.6,289,7.185941174554808,-2.474317973874391
2014-10-17 12:00:00,24.0,72,0.0,8.4,295,7.61298541110786,-3.5499933986218752
2014-10-17 13:00:00,24.7,70,0.0,8.5,298,7.505054539300879,-3.990508283680072
2014-10-17 14:00:00,24.8,69,0.0,8.9,302,7.547628055792192,-4.716281451675524
2014-10-17 15:00:00,24.7,68,0.2,9.0,307,7.187719590425635,-5.416335208368435
2014-10-17 16:00:00,24.1,68,0.1,7.9,309,6.139453095510071,-4.971631089293716
2014-10-17 17:00:00,23.3,70,0.0,4.1,308,3.2308440897875594,-2.524212048835199
2014-10-17 18:00:00,21.7,82,0.0,4.6,309,3.5748714227020657,-2.8948737988292517
2014-10-17 19:00:00,20.5,84,0.0,1.0,315,0.7071067811865476,-0.7071067811865475
2014-10-17 20:00:00,20.2,86,0.0,1.0,45,-0.7071067811865477,-0.7071067811865475
2014-10-17 21:00:00,19.8,88,0.1,2.0,135,-1.414213562373095,1.4142135623730951
2014-10-17 22:00:00,19.1,90,0.0,3.8,163,-1.1110124779463992,3.633958072659535
2014-10-17 23:00:00,18.9,91,0.2,4.5,166,-1.088648530198505,4.366330768241984
2014-10-18 00:00:00,18.8,91,0.1,3.7,169,-0.7059932828932158,3.632020578756357
2014-10-18 01:00:00,18.9,90,0.2,3.4,162,-1.050657780874821,3.2335921554035223
2014-10-18 02:00:00,19.4,88,0.2,3.3,139,-2.1649947956686737,2.490541614735148
2014-10-18 03:00:00,19.8,84,0.1,3.1,126,-2.507952682562337,1.822134282106667
2014-10-18 04:00:00,20.0,83,0.0,3.2,117,-2.851220877402777,1.4527695991665501
2014-10-18 05:00:00,20.5,82,0.0,2.5,98,-2.475670171853926,0.3479327524001633
2014-10-18 06:00:00,20.9,80,0.0,1.1,90,-1.1,1.3471114790620887e-16
2014-10-18 07:00:00,20.7,82,0.0,0.5,135,-0.35355339059327373,0.3535533905932738
2014-10-18 08:00:00,22.3,81,0.0,1.8,233,1.437543918085127,1.083267041673687
2014-10-18 09:00:00,23.2,79,0.0,3.3,257,3.2154212137912763,0.7423384793347545
2014-10-18 10:00:00,24.3,76,0.0,4.7,266,4.688551036221174,0.3278554265973889
2014-10-18 11:00:00,25.4,72,0.0,5.8,266,5.78587149150698,0.40458754771592675
2014-10-18 12:00:00,25.8,70,0.0,7.2,276,7.160557646651568,-0.7526049355271051
2014-10-18 13:00:00,25.5,71,0.0,8.0,280,7.878462024097664,-1.3891854213354426
2014-10-18 14:00:00,25.3,71,0.0,8.0,288,7.608452130361228,-2.472135954999579
2014-10-18 15:00:00,25.3,70,0.2,6.4,297,5.702441754805555,-2.9055391983330994
2014-10-18 16:00:00,24.8,71,0.0,6.5,304,5.38874422160777,-3.634753872559855
2014-10-18 17:00:00,24.2,72,0.0,4.3,312,3.195522749552795,-2.8772616073430903
2014-10-18 18:00:00,22.7,83,0.0,5.2,304,4.310995377286217,-2.907803098047884
2014-10-18 19:00:00,21.6,85,0.0,2.6,286,2.499280409439629,-0.7166571251241979
2014-10-18 20:00:00,21.0,86,0.0,2.1,239,1.800051331474436,1.0815799573111138
2014-10-18 21:00:00,20.7,88,0.2,3.9,214,2.1808523235359125,3.233246532964663
2014-10-18 22:00:00,20.5,89,0.4,4.5,209,2.181643291108517,3.935788682127281
2014-10-18 23:00:00,20.4,89,0.3,5.2,196,1.4333142502483958,4.998560818879258
2014-10-19 00:00:00,20.4,89,0.3,5.9,191,1.125773072721615,5.791600382341218
2014-10-19 01:00:00,20.4,90,0.3,5.8,184,0.40458754771592637,5.78587149150698
2014-10-19 02:00:00,20.2,91,0.2,5.0,180,3.061616997868383e-16,5.0
2014-10-19 03:00:00,21.4,86,0.0,3.6,180,2.2043642384652358e-16,3.6
2014-10-19 04:00:00,21.3,87,0.0,1.8,191,0.34345619167778085,1.7669289302057951
2014-10-19 05:00:00,21.3,87,0.0,0.8,243,0.7128052193506944,0.3631923997916374
2014-10-19 06:00:00,20.7,88,0.0,1.9,112,-1.7616493236768958,0.7117525274902332
2014-10-19 07:00:00,20.8,90,0.0,0.7000000000000001,180,4.2862637970157366e-17,0.7000000000000001
2014-10-19 08:00:00,22.6,86,0.0,3.7,241,3.2360929164157644,1.7937955949114472
2014-10-19 09:00:00,23.4,83,0.0,5.0,249,4.667902132486009,1.7918397477265013
2014-10-19 10:00:00,24.9,76,0.0,6.2,263,6.153786140176196,0.7555899291119144
2014-10-19 11:00:00,25.6,72,0.0,6.8,270,6.8,0.0
2014-10-19 12:00:00,26.5,68,0.0,7.2,270,7.2,0.0
2014-10-19 13:00:00,26.7,66,0.0,6.9,276,6.862201078041086,-0.721246396546809
2014-10-19 14:00:00,26.8,65,0.0,7.5,287,7.172285669722766,-2.192787785420526
2014-10-19 15:00:00,26.0,68,0.1,7.4,293,6.811735915548059,-2.891410350820626
2014-10-19 16:00:00,25.4,69,0.0,6.8,302,5.766727053863696,-3.603450996785793
2014-10-19 17:00:00,24.5,69,0.0,4.3,318,2.8772616073430903,-3.195522749552795
2014-10-19 18:00:00,23.7,71,0.0,5.6,320,3.5996106142446203,-4.289848881466277
2014-10-19 19:00:00,23.6,69,0.0,3.6,360,2.2043642384652358e-16,-3.6
2014-10-19 20:00:00,23.5,69,0.0,2.9,30,-1.4500000000000013,-2.5114736709748713
2014-10-19 21:00:00,23.0,71,0.0,1.8,37,-1.083267041673687,-1.437543918085127
2014-10-19 22:00:00,21.3,78,0.0,0.8,27,-0.36319239979163753,-0.7128052193506943
2014-10-19 23:00:00,20.3,82,0.0,0.4,360,2.4492935982947065e-17,-0.4
2014-10-20 00:00:00,20.4,81,0.0,0.4,90,-0.4,4.898587196589413e-17
2014-10-20 01:00:00,20.8,79,0.0,0.8,63,-0.7128052193506944,-0.36319239979163737
2014-10-20 02:00:00,21.0,77,0.0,1.3,34,-0.7269507745119705,-1.0777488443215544
2014-10-20 03:00:00,22.5,76,0.0,1.8,37,-1.083267041673687,-1.437543918085127
2014-10-20 04:00:00,22.1,77,0.0,2.3,51,-1.7874357113510326,-1.4474368994146265
2014-10-20 05:00:00,21.5,80,0.0,2.6,56,-2.1554976886431088,-1.4539015490239415
2014-10-20 06:00:00,21.0,81,0.0,3.5,66,-3.197409101749103,-1.4235782507653008
2014-10-20 07:00:00,19.7,88,0.0,3.3,41,-2.1649947956686737,-2.4905416147351476
2014-10-20 08:00:00,23.4,79,0.0,4.0,10,-0.6945927106677213,-3.939231012048832
2014-10-20 09:00:00,24.9,74,0.0,5.5,337,2.1490212066910055,-5.062776693988422
2014-10-20 10:00:00,26.2,68,0.0,5.9,322,3.6324027044213842,-4.64926344627966
2014-10-20 11:00:00,27.2,63,0.0,7.4,313,5.412017391981862,-5.046787864462489
2014-10-20 12:00:00,27.8,59,0.0,8.4,317,5.728786224524987,-6.143371093601032
2014-10-20 13:00:00,28.0,58,0.0,9.0,323,5.4163352083684355,-7.187719590425635
2014-10-20 14:00:00,27.6,59,0.0,10.2,328,5.40517649517869,-8.650090580795544
2014-10-20 15:00:00,27.2,61,0.0,9.5,331,4.605691392340202,-8.30888721782426
2014-10-20 16:00:00,26.5,63,0.0,8.0,333,3.6319239979163744,-7.128052193506942
2014-10-20 17:00:00,25.3,72,0.0,5.9,322,3.6324027044213842,-4.64926344627966
2014-10-20 18:00:00,24.9,64,0.0,4.0,10,-0.6945927106677213,-3.939231012048832
2014-10-20 19:00:00,24.4,67,0.0,2.5,45,-1.7677669529663693,-1.7677669529663687
2014-10-20 20:00:00,23.3,72,0.0,3.1,45,-2.192031021678298,-2.192031021678297
2014-10-20 21:00:00,22.1,77,0.0,2.7,67,-2.485363104321589,-1.0549740469210387
2014-10-20 22:00:00,21.5,78,0.0,2.9,90,-2.9,3.5514757175273243e-16
2014-10-20 23:00:00,20.8,80,0.0,2.6,106,-2.499280409439629,0.716657125124198
2014-10-21 00:00:00,20.3,81,0.0,2.2,99,-2.172914349309303,0.3441558230885082
2014-10-21 01:00:00,19.3,84,0.0,2.5,98,-2.475670171853926,0.3479327524001633
2014-10-21 02:00:00,18.2,87,0.0,2.6,106,-2.499280409439629,0.716657125124198
2014-10-21 03:00:00,17.0,91,0.0,3.0,104,-2.9108871788279895,0.7257656867990032
2014-10-21 04:00:00,16.7,91,0.0,3.0,104,-2.9108871788279895,0.7257656867990032
2014-10-21 05:00:00,16.5,92,0.0,3.2,90,-3.2,3.9188697572715305e-16
2014-10-21 06:00:00,16.2,92,0.0,2.7,67,-2.485363104321589,-1.0549740469210387
2014-10-21 07:00:00,17.7,92,0.0,4.1,75,-3.96029588778518,-1.0611580849203353
2014-10-21 08:00:00,23.4,76,0.0,2.8,50,-2.1449244407331385,-1.7998053071223097
2014-10-21 09:00:00,25.5,68,0.0,4.3,336,1.7489675652259409,-3.9282454678631837
2014-10-21 10:00:00,26.7,63,0.0,5.1,321,3.209533994354171,-3.963444403430551
2014-10-21 11:00:00,27.7,56,0.0,6.4,313,4.6806636903626915,-4.36478950439999
2014-10-21 12:00:00,28.4,54,0.0,8.1,315,5.727564927611035,-5.727564927611034
2014-10-21 13:00:00,28.5,54,0.0,8.5,324,4.996174644486022,-6.876644452187053
2014-10-21 14:00:00,28.6,54,0.0,8.7,330,4.3500000000000005,-7.534421012924615
2014-10-21 15:00:00,28.0,58,0.0,8.7,336,3.5386087947594613,-7.947845481490627
2014-10-21 16:00:00,27.5,60,0.0,7.6,335,3.211898789229316,-6.887939181478539
2014-10-21 17:00:00,26.1,67,0.0,7.0,339,2.5085756468171025,-6.535062985480412
2014-10-21 18:00:00,24.9,69,0.0,6.8,3,-0.3558845024520213,-6.790680836331102
2014-10-21 19:00:00,24.3,67,0.0,5.9,38,-3.632402704421383,-4.649263446279661
2014-10-21 20:00:00,22.2,75,0.0,5.8,60,-5.0229473419497435,-2.9000000000000004
2014-10-21 21:00:00,20.7,80,0.0,4.8,63,-4.276831316104166,-2.179154398749824
2014-10-21 22:00:00,19.5,84,0.0,4.1,75,-3.96029588778518,-1.0611580849203353
2014-10-21 23:00:00,18.5,87,0.0,3.2,90,-3.2,3.9188697572715305e-16
2014-10-22 00:00:00,17.7,91,0.0,3.3,103,-3.215421213791276,0.7423384793347552
2014-10-22 01:00:00,17.0,94,0.0,3.3,84,-3.2819222547153015,-0.3449439287832565
2014-10-22 02:00:00,16.6,95,0.0,2.7,67,-2.485363104321589,-1.0549740469210387
2014-10-22 03:00:00,16.6,95,0.0,3.1,69,-2.8940993221413254,-1.1109406435904314
2014-10-22 04:00:00,16.7,93,0.0,4.1,75,-3.96029588778518,-1.0611580849203353
2014-10-22 05:00:00,16.5,91,0.0,4.0,80,-3.939231012048832,-0.6945927106677219
2014-10-22 06:00:00,16.7,87,0.0,3.8,73,-3.6339580726595346,-1.1110124779463997
2014-10-22 07:00:00,18.0,88,0.0,5.0,69,-4.667902132486009,-1.7918397477265022
2014-10-22 08:00:00,23.2,78,0.0,4.3,24,-1.7489675652259404,-3.928245467863184
2014-10-22 09:00:00,25.6,67,0.0,8.0,342,2.4721359549995796,-7.608452130361228
2014-10-22 10:00:00,26.4,66,0.0,10.3,335,4.352968095929205,-9.334970206477495
2014-10-22 11:00:00,27.1,64,0.0,11.6,338,4.345436483624579,-10.755332712974734
2014-10-22 12:00:00,27.7,62,0.0,12.5,342,3.862712429686843,-11.888206453689419
2014-10-22 13:00:00,27.4,64,0.0,12.4,343,3.625409138561936,-11.858178973941639
2014-10-22 14:00:00,27.1,66,0.0,12.8,344,3.5281581544575893,-12.304149708010483
2014-10-22 15:00:00,26.7,68,0.0,11.9,346,2.8788705576360454,-11.546519142684359
2014-10-22 16:00:00,25.8,71,0.0,10.4,346,2.515987714236544,-10.091075553270363
2014-10-22 17:00:00,24.3,76,0.0,7.2,342,2.224922359499622,-6.8476069173251055
2014-10-22 18:00:00,22.7,83,0.0,6.3,336,2.5624408513775414,-5.755336383148386
2014-10-22 19:00:00,21.6,86,0.0,3.6,360,2.2043642384652358e-16,-3.6
2014-10-22 20:00:00,20.5,89,0.0,1.5,45,-1.0606601717798214,-1.0606601717798212
2014-10-22 21:00:00,19.6,92,0.0,1.5,76,-1.4554435894139948,-0.3628828433995013
2014-10-22 22:00:00,19.5,92,0.0,1.4,90,-1.4,1.7145055188062944e-16
2014-10-22 23:00:00,19.2,92,0.0,1.8,101,-1.7669289302057951,0.34345619167778096
2014-10-23 00:00:00,19.1,91,0.0,2.6,106,-2.499280409439629,0.716657125124198
2014-10-23 01:00:00,19.1,90,0.0,2.5,98,-2.475670171853926,0.3479327524001633
2014-10-23 02:00:00,19.1,90,0.0,2.9,97,-2.8783838397598336,0.35342109587492787
2014-10-23 03:00:00,18.6,88,0.0,2.5,98,-2.475670171853926,0.3479327524001633
2014-10-23 04:00:00,18.6,88,0.0,2.5,82,-2.475670171853926,-0.3479327524001638
2014-10-23 05:00:00,19.0,87,0.0,2.4,63,-2.138415658052083,-1.089577199374912
2014-10-23 06:00:00,19.4,85,0.0,3.3,77,-3.2154212137912763,-0.7423384793347544
2014-10-23 07:00:00,20.3,83,0.0,2.3,39,-1.447436899414627,-1.7874357113510322
2014-10-23 08:00:00,22.7,79,0.0,4.4,351,0.6883116461770161,-4.3458286986186065
2014-10-23 09:00:00,23.7,77,0.0,6.0,335,2.5357095704441965,-5.437846722219899
2014-10-23 10:00:00,24.8,74,0.2,5.8,330,2.9000000000000004,-5.0229473419497435
2014-10-23 11:00:00,25.4,69,0.3,5.2,326,2.9078030980478835,-4.3109953772862175
2014-10-23 12:00:00,25.3,71,0.3,4.8,318,3.2118269105225195,-3.5670951622914924
2014-10-23 13:00:00,24.9,71,0.4,6.9,313,5.046340541172277,-4.70578868443124
2014-10-23 14:00:00,24.8,72,0.4,8.8,325,5.0474726398892065,-7.208537989743128
2014-10-23 15:00:00,24.0,73,0.2,7.8,338,2.9219314286441134,-7.232034065620942
2014-10-23 16:00:00,24.0,72,0.0,7.2,342,2.224922359499622,-6.8476069173251055
2014-10-23 17:00:00,23.4,71,0.0,5.0,339,1.791839747726502,-4.667902132486009
2014-10-23 18:00:00,22.3,79,0.0,4.3,318,2.8772616073430903,-3.195522749552795
2014-10-23 19:00:00,21.8,78,0.0,2.3,309,1.7874357113510329,-1.4474368994146258
2014-10-23 20:00:00,21.6,75,0.0,2.2,270,2.2,0.0
2014-10-23 21:00:00,20.7,81,0.0,1.8,270,1.8,0.0
2014-10-23 22:00:00,20.6,81,0.0,1.6,297,1.4256104387013888,-0.7263847995832748
2014-10-23 23:00:00,20.3,83,0.0,1.0,315,0.7071067811865476,-0.7071067811865475
2014-10-24 00:00:00,18.7,92,0.0,0.5,45,-0.35355339059327384,-0.35355339059327373
2014-10-24 01:00:00,19.2,90,0.0,1.4,90,-1.4,1.7145055188062944e-16
2014-10-24 02:00:00,19.0,91,0.0,1.1,90,-1.1,1.3471114790620887e-16
2014-10-24 03:00:00,20.4,81,0.0,0.8,117,-0.7128052193506943,0.36319239979163753
2014-10-24 04:00:00,19.5,85,0.0,0.8,27,-0.36319239979163753,-0.7128052193506943
2014-10-24 05:00:00,18.6,88,0.0,1.8,37,-1.083267041673687,-1.437543918085127
2014-10-24 06:00:00,17.2,93,0.0,2.7,67,-2.485363104321589,-1.0549740469210387
2014-10-24 07:00:00,18.7,91,0.0,2.0,45,-1.4142135623730954,-1.414213562373095
2014-10-24 08:00:00,21.6,81,0.0,1.8,349,0.34345619167778085,-1.7669289302057951
2014-10-24 09:00:00,23.1,76,0.0,3.3,311,2.4905416147351476,-2.1649947956686737
2014-10-24 10:00:00,24.2,73,0.0,5.8,292,5.377666356487367,-2.1727182418122895
2014-10-24 11:00:00,25.0,71,0.2,5.6,297,4.98963653545486,-2.5423467985414616
2014-10-24 12:00:00,25.4,68,0.2,4.8,297,4.276831316104166,-2.1791543987498243
2014-10-24 13:00:00,25.3,69,0.1,6.5,304,5.38874422160777,-3.634753872559855
2014-10-24 14:00:00,25.3,67,0.2,4.4,305,3.604268994871564,-2.523736319944603
2014-10-24 15:00:00,25.1,69,0.0,3.7,331,1.7937955949114475,-3.2360929164157644
2014-10-24 16:00:00,25.1,69,0.0,4.2,340,1.436484601967809,-3.9467090073008153
2014-10-24 17:00:00,24.5,77,0.0,5.2,326,2.9078030980478835,-4.3109953772862175
2014-10-24 18:00:00,23.2,78,0.0,4.2,329,2.1631599146222276,-3.600102662948872
2014-10-24 19:00:00,23.3,74,0.0,2.7,23,-1.0549740469210394,-2.4853631043215887
2014-10-24 20:00:00,22.6,77,0.0,2.4,27,-1.0895771993749126,-2.138415658052083
2014-10-24 21:00:00,21.9,80,0.0,1.8,11,-0.3434561916777803,-1.7669289302057951
2014-10-24 22:00:00,21.1,83,0.0,1.5,45,-1.0606601717798214,-1.0606601717798212
2014-10-24 23:00:00,19.7,87,0.0,2.3,72,-2.187429987478853,-0.7107390870623786
2014-10-25 00:00:00,18.2,91,0.0,3.3,84,-3.2819222547153015,-0.3449439287832565
2014-10-25 01:00:00,17.6,91,0.0,2.6,74,-2.499280409439629,-0.7166571251241974
2014-10-25 02:00:00,16.8,94,0.0,3.3,84,-3.2819222547153015,-0.3449439287832565
2014-10-25 03:00:00,16.8,92,0.0,3.3,84,-3.2819222547153015,-0.3449439287832565
2014-10-25 04:00:00,16.6,93,0.0,2.2,81,-2.1729143493093033,-0.3441558230885076
2014-10-25 05:00:00,16.6,91,0.0,1.9,68,-1.761649323676896,-0.7117525274902328
2014-10-25 06:00:00,16.6,90,0.0,2.3,72,-2.187429987478853,-0.7107390870623786
2014-10-25 07:00:00,17.8,89,0.0,2.0,45,-1.4142135623730954,-1.414213562373095
2014-10-25 08:00:00,22.5,73,0.0,1.1,360,6.735557395310444e-17,-1.1
2014-10-25 09:00:00,24.2,71,0.0,2.8,320,1.7998053071223101,-2.1449244407331385
2014-10-25 10:00:00,25.3,70,0.0,4.1,308,3.2308440897875594,-2.524212048835199
2014-10-25 11:00:00,26.2,68,0.0,4.8,297,4.276831316104166,-2.1791543987498243
2014-10-25 12:00:00,26.8,67,0.0,6.8,295,6.162892951849219,-2.873804179836756
2014-10-25 13:00:00,26.9,66,0.0,7.5,305,6.143640332167439,-4.301823272632845
2014-10-25 14:00:00,27.1,65,0.0,6.6,315,4.666904755831213,-4.666904755831213
2014-10-25 15:00:00,25.9,70,0.2,7.4,321,4.656970893768798,-5.750880114781585
2014-10-25 16:00:00,25.5,71,0.0,7.1,330,3.5500000000000007,-6.148780366869514
2014-10-25 17:00:00,24.7,74,0.0,6.1,332,2.863776532993934,-5.385980316439453
2014-10-25 18:00:00,24.3,73,0.0,2.6,344,0.7166571251241979,-2.499280409439629
2014-10-25 19:00:00,23.6,76,0.0,2.6,16,-0.7166571251241971,-2.4992804094396295
2014-10-25 20:00:00,23.1,78,0.0,3.1,54,-2.5079526825623377,-1.8221342821066664
2014-10-25 21:00:00,22.7,79,0.0,2.4,63,-2.138415658052083,-1.089577199374912
2014-10-25 22:00:00,22.2,79,0.0,2.1,59,-1.800051331474436,-1.0815799573111138
2014-10-25 23:00:00,21.6,79,0.0,2.1,59,-1.800051331474436,-1.0815799573111138
2014-10-26 00:00:00,21.0,79,0.0,2.3,72,-2.187429987478853,-0.7107390870623786
2014-10-26 01:00:00,20.2,81,0.0,2.7,67,-2.485363104321589,-1.0549740469210387
2014-10-26 02:00:00,19.7,81,0.0,2.4,63,-2.138415658052083,-1.089577199374912
2014-10-26 03:00:00,18.6,83,0.0,2.1,59,-1.800051331474436,-1.0815799573111138
2014-10-26 04:00:00,17.9,84,0.0,2.4,63,-2.138415658052083,-1.089577199374912
2014-10-26 05:00:00,17.5,84,0.0,2.4,63,-2.138415658052083,-1.089577199374912
2014-10-26 06:00:00,17.3,83,0.0,2.9,60,-2.5114736709748717,-1.4500000000000002
2014-10-26 07:00:00,18.3,83,0.0,4.1,38,-2.524212048835198,-3.2308440897875603
2014-10-26 08:00:00,23.3,74,0.0,4.7,32,-2.490620541896064,-3.9858260519352022
2014-10-26 09:00:00,25.2,66,0.0,4.4,9,-0.6883116461770166,-4.345828698618606
2014-10-26 10:00:00,26.3,64,0.0,6.4,333,2.9055391983331,-5.702441754805554
2014-10-26 11:00:00,27.1,62,0.0,8.8,325,5.0474726398892065,-7.208537989743128
2014-10-26 12:00:00,27.4,61,0.0,10.2,321,6.419067988708342,-7.926888806861102
2014-10-26 13:00:00,27.5,61,0.0,10.6,325,6.079910225321089,-8.683011669463312
2014-10-26 14:00:00,27.2,63,0.0,9.8,332,4.600821315301731,-8.652886410017484
2014-10-26 15:00:00,26.9,64,0.0,9.7,333,4.403707847473604,-8.642763284627167
2014-10-26 16:00:00,26.2,66,0.0,9.2,334,4.033014550459512,-8.268905225952336
2014-10-26 17:00:00,25.1,71,0.0,8.0,333,3.6319239979163744,-7.128052193506942
2014-10-26 18:00:00,23.5,83,0.0,6.1,3,-0.31924933308196024,-6.0916401620029
2014-10-26 19:00:00,23.0,81,0.0,3.9,34,-2.1808523235359116,-3.233246532964663
2014-10-26 20:00:00,23.7,77,0.0,2.1,59,-1.800051331474436,-1.0815799573111138
2014-10-26 21:00:00,23.4,78,0.0,2.1,59,-1.800051331474436,-1.0815799573111138
2014-10-26 22:00:00,23.1,79,0.0,3.0,76,-2.9108871788279895,-0.7257656867990026
2014-10-26 23:00:00,21.2,85,0.0,2.9,97,-2.8783838397598336,0.35342109587492787
2014-10-27 00:00:00,20.3,87,0.0,2.6,106,-2.499280409439629,0.716657125124198
2014-10-27 01:00:00,20.3,87,0.0,2.7,113,-2.485363104321589,1.0549740469210394
2014-10-27 02:00:00,20.3,86,0.0,2.2,81,-2.1729143493093033,-0.3441558230885076
2014-10-27 03:00:00,22.7,68,0.0,2.3,51,-1.7874357113510326,-1.4474368994146265
2014-10-27 04:00:00,22.7,69,0.0,2.4,63,-2.138415658052083,-1.089577199374912
2014-10-27 05:00:00,22.5,70,0.0,2.4,63,-2.138415658052083,-1.089577199374912
2014-10-27 06:00:00,22.3,72,0.0,3.5,66,-3.197409101749103,-1.4235782507653008
2014-10-27 07:00:00,22.2,73,0.0,2.8,40,-1.7998053071223103,-2.144924440733138
2014-10-27 08:00:00,23.2,79,0.0,4.8,13,-1.0797650608505531,-4.6769763109691285
2014-10-27 09:00:00,24.7,77,0.0,6.2,350,1.0766187015349686,-6.10580806867569
2014-10-27 10:00:00,26.2,72,0.0,7.2,333,3.268731598124737,-6.415246974156248
2014-10-27 11:00:00,27.0,69,0.4,7.3,327,3.9758649556096977,-6.122295146001595
2014-10-27 12:00:00,27.5,67,0.6,6.4,322,3.9402334420842133,-5.043268823083022
2014-10-27 13:00:00,27.3,66,0.5,3.4,302,2.883363526931848,-1.8017254983928965
2014-10-27 14:00:00,27.1,66,1.1,4.0,275,3.984778792366982,-0.34862297099063266
2014-10-27 15:00:00,26.8,68,1.9,2.6,304,2.1554976886431083,-1.453901549023942
2014-10-27 16:00:00,26.0,73,1.3,1.8,307,1.437543918085127,-1.083267041673687
2014-10-27 17:00:00,25.1,77,1.4,1.9,248,1.761649323676896,0.7117525274902328
2014-10-27 18:00:00,23.9,82,1.5,2.5,172,-0.3479327524001634,2.475670171853926
2014-10-27 19:00:00,23.1,85,0.8,2.6,124,-2.1554976886431083,1.453901549023942
2014-10-27 20:00:00,22.6,84,0.6,4.1,128,-3.2308440897875594,2.5242120488351993
2014-10-27 21:00:00,22.4,84,0.7000000000000001,4.8,132,-3.567095162291491,3.21182691052252
2014-10-27 22:00:00,22.1,84,0.0,3.7,119,-3.2360929164157644,1.7937955949114477
2014-10-27 23:00:00,22.1,83,0.0,2.2,90,-2.2,2.6942229581241775e-16
2014-10-28 00:00:00,22.4,82,0.0,2.0,45,-1.4142135623730954,-1.414213562373095
2014-10-28 01:00:00,22.2,82,0.0,3.1,54,-2.5079526825623377,-1.8221342821066664
2014-10-28 02:00:00,21.9,83,0.0,2.9,60,-2.5114736709748717,-1.4500000000000002
2014-10-28 03:00:00,20.7,85,0.0,2.5,45,-1.7677669529663693,-1.7677669529663687
2014-10-28 04:00:00,19.0,90,0.0,2.4,63,-2.138415658052083,-1.089577199374912
2014-10-28 05:00:00,17.9,92,0.0,3.3,84,-3.2819222547153015,-0.3449439287832565
2014-10-28 06:00:00,17.8,92,0.0,2.5,82,-2.475670171853926,-0.3479327524001638
2014-10-28 07:00:00,19.6,87,0.0,2.5,45,-1.7677669529663693,-1.7677669529663687
2014-10-28 08:00:00,22.6,79,0.0,1.6,27,-0.7263847995832751,-1.4256104387013886
2014-10-28 09:00:00,24.3,75,0.0,1.6,297,1.4256104387013888,-0.7263847995832748
2014-10-28 10:00:00,25.7,72,0.0,4.7,270,4.7,0.0
2014-10-28 11:00:00,26.7,69,0.0,6.9,276,6.862201078041086,-0.721246396546809
2014-10-28 12:00:00,26.9,68,0.0,8.2,285,7.92059177557036,-2.12231616984067
2014-10-28 13:00:00,26.8,68,0.0,8.5,298,7.505054539300879,-3.990508283680072
2014-10-28 14:00:00,26.8,67,0.0,6.4,313,4.6806636903626915,-4.36478950439999
2014-10-28 15:00:00,26.7,64,0.3,4.9,324,2.8801477362331185,-3.9641832724372428
2014-10-28 16:00:00,26.2,66,0.0,3.6,315,2.5455844122715714,-2.545584412271571
2014-10-28 17:00:00,25.2,68,0.0,4.0,297,3.5640260967534716,-1.815961998958187
2014-10-28 18:00:00,23.5,79,0.0,5.6,297,4.98963653545486,-2.5423467985414616
2014-10-28 19:00:00,22.5,79,0.0,2.2,279,2.1729143493093033,-0.34415582308850795
2014-10-28 20:00:00,21.8,81,0.0,1.5,256,1.4554435894139948,0.3628828433995016
2014-10-28 21:00:00,21.4,83,0.0,3.1,234,2.5079526825623373,1.8221342821066668
2014-10-28 22:00:00,21.8,81,0.0,2.0,225,1.4142135623730951,1.414213562373095
2014-10-28 23:00:00,21.7,81,0.0,0.7000000000000001,360,4.2862637970157366e-17,-0.7000000000000001
2014-10-29 00:00:00,21.3,82,0.0,1.3,56,-1.0777488443215544,-0.7269507745119708
2014-10-29 01:00:00,20.5,84,0.0,1.5,76,-1.4554435894139948,-0.3628828433995013
2014-10-29 02:00:00,20.3,84,0.0,1.8,101,-1.7669289302057951,0.34345619167778096
2014-10-29 03:00:00,21.7,79,0.0,1.6,63,-1.4256104387013888,-0.7263847995832747
2014-10-29 04:00:00,21.8,77,0.0,1.5,45,-1.0606601717798214,-1.0606601717798212
2014-10-29 05:00:00,21.3,78,0.0,1.5,45,-1.0606601717798214,-1.0606601717798212
2014-10-29 06:00:00,20.3,81,0.0,1.5,14,-0.36288284339950166,-1.4554435894139948
2014-10-29 07:00:00,20.5,82,0.0,0.4,360,2.4492935982947065e-17,-0.4
2014-10-29 08:00:00,23.1,79,0.0,2.7,247,2.485363104321589,1.0549740469210394
2014-10-29 09:00:00,24.3,77,0.0,4.3,270,4.3,0.0
2014-10-29 10:00:00,25.2,75,0.0,5.2,282,5.08636752381579,-1.0811407922523486
2014-10-29 11:00:00,26.0,72,0.2,5.9,284,5.7247447850283795,-1.4273391840380396
2014-10-29 12:00:00,26.7,69,0.2,6.5,289,6.1458707413955596,-2.1161930039715187
2014-10-29 13:00:00,27.0,68,0.0,7.6,289,7.185941174554808,-2.474317973874391
2014-10-29 14:00:00,27.1,68,0.0,8.3,288,7.893769085249775,-2.5648410533120636
2014-10-29 15:00:00,26.3,71,0.1,7.8,292,7.232034065620942,-2.921931428644114
2014-10-29 16:00:00,25.8,72,0.0,6.1,298,5.385980316439454,-2.8637765329939335
2014-10-29 17:00:00,24.9,74,0.0,4.8,297,4.276831316104166,-2.1791543987498243
2014-10-29 18:00:00,23.6,84,0.0,5.2,286,4.998560818879258,-1.4333142502483958
2014-10-29 19:00:00,23.8,78,0.0,3.0,284,2.9108871788279895,-0.7257656867990032
2014-10-29 20:00:00,23.4,80,0.0,2.9,270,2.9,0.0
2014-10-29 21:00:00,22.0,86,0.0,3.7,241,3.2360929164157644,1.7937955949114472
2014-10-29 22:00:00,20.9,90,0.0,4.1,225,2.899137802864845,2.8991378028648445
2014-10-29 23:00:00,20.7,91,0.0,4.9,216,2.8801477362331185,3.9641832724372428
2014-10-30 00:00:00,20.7,91,0.1,5.0,210,2.5000000000000004,4.330127018922193
2014-10-30 01:00:00,20.7,91,0.2,4.6,219,2.894873798829252,3.5748714227020657
2014-10-30 02:00:00,21.9,88,0.3,3.8,253,3.6339580726595346,1.1110124779463997
2014-10-30 03:00:00,22.4,89,0.6,3.7,281,3.632020578756357,-0.7059932828932158
2014-10-30 04:00:00,22.3,90,0.4,2.5,270,2.5,0.0
2014-10-30 05:00:00,22.2,90,0.3,3.0,256,2.9108871788279895,0.7257656867990032
2014-10-30 06:00:00,22.0,92,0.2,0.4,360,2.4492935982947065e-17,-0.4
2014-10-30 07:00:00,21.9,93,0.1,0.7000000000000001,180,4.2862637970157366e-17,0.7000000000000001
2014-10-30 08:00:00,23.1,89,0.1,2.4,243,2.138415658052083,1.0895771993749122
2014-10-30 09:00:00,24.4,81,0.0,5.4,266,5.386845871403051,0.37668495821827663
2014-10-30 10:00:00,25.8,76,0.0,8.0,280,7.878462024097664,-1.3891854213354426
2014-10-30 11:00:00,26.1,74,0.0,9.1,279,8.987963899415753,-1.4235536318661008
2014-10-30 12:00:00,26.5,73,0.0,9.5,279,9.38303923565381,-1.4861274178821933
2014-10-30 13:00:00,26.3,73,0.2,9.5,281,9.325458242752807,-1.8126854560771757
2014-10-30 14:00:00,25.9,74,0.2,9.1,279,8.987963899415753,-1.4235536318661008
2014-10-30 15:00:00,25.2,75,0.2,8.5,282,8.314254606237348,-1.7672493719509543
2014-10-30 16:00:00,24.8,74,0.0,7.1,285,6.858073366652385,-1.8376152202278973
2014-10-30 17:00:00,24.1,75,0.0,4.2,290,3.9467090073008158,-1.4364846019678086
2014-10-30 18:00:00,23.4,81,0.0,4.7,293,4.32637281122647,-1.8364363038995868
2014-10-30 19:00:00,22.7,86,0.0,4.7,302,3.9858260519352022,-2.490620541896063
2014-10-30 20:00:00,22.4,86,0.0,3.5,294,3.197409101749103,-1.4235782507653008
2014-10-30 21:00:00,22.3,85,0.0,3.3,276,3.2819222547153015,-0.3449439287832564
2014-10-30 22:00:00,22.0,87,0.0,3.4,238,2.883363526931848,1.8017254983928965
2014-10-30 23:00:00,22.3,85,0.0,3.6,233,2.875087836170254,2.166534083347374
2014-10-31 00:00:00,22.5,85,0.2,3.9,236,3.2332465329646625,2.180852323535913
2014-10-31 01:00:00,22.2,87,0.2,3.7,241,3.2360929164157644,1.7937955949114472
2014-10-31 02:00:00,21.8,89,0.3,2.5,262,2.475670171853926,0.3479327524001636
2014-10-31 03:00:00,22.0,88,0.3,2.3,309,1.7874357113510329,-1.4474368994146258
2014-10-31 04:00:00,22.0,87,0.3,2.5,315,1.7677669529663689,-1.7677669529663687
2014-10-31 05:00:00,21.9,88,0.3,1.8,281,1.7669289302057951,-0.34345619167778063
2014-10-31 06:00:00,21.9,88,0.0,2.7,203,1.0549740469210391,2.485363104321589
2014-10-31 07:00:00,21.8,89,0.0,3.3,221,2.1649947956686737,2.4905416147351476
2014-10-31 08:00:00,22.8,87,0.1,5.3,242,4.679622242152313,2.4881992827652213
2014-10-31 09:00:00,23.7,83,0.0,6.6,261,6.518743047927909,1.0324674692655236
2014-10-31 10:00:00,24.4,79,0.0,7.6,278,7.5260373224359345,-1.0577155672964973
2014-10-31 11:00:00,25.1,76,0.0,7.9,294,7.217009115376547,-3.2132194802988217
2014-10-31 12:00:00,25.5,73,0.0,8.8,305,7.208537989743128,-5.047472639889206
2014-10-31 13:00:00,26.1,70,0.0,9.5,307,7.587037345449282,-5.717242719944458
2014-10-31 14:00:00,25.9,69,0.0,9.4,310,7.200817765318393,-6.042203531053469
2014-10-31 15:00:00,25.5,67,0.0,8.9,317,6.069785404556237,-6.509047944410617
2014-10-31 16:00:00,25.0,68,0.0,7.5,325,4.301823272632846,-6.143640332167439
2014-10-31 17:00:00,24.3,70,0.0,5.4,323,3.2498011250210617,-4.312631754255381
2014-10-31 18:00:00,23.4,74,0.0,4.7,337,1.8364363038995866,-4.32637281122647
2014-10-31 19:00:00,23.1,73,0.0,3.2,360,1.9594348786357652e-16,-3.2
2014-10-31 20:00:00,22.7,76,0.0,1.8,349,0.34345619167778085,-1.7669289302057951
2014-10-31 21:00:00,21.0,83,0.0,0.5,135,-0.35355339059327373,0.3535533905932738
2014-10-31 22:00:00,19.6,89,0.0,4.0,153,-1.8159619989581868,3.5640260967534716
2014-10-31 23:00:00,19.0,92,0.0,3.5,156,-1.423578250765301,3.197409101749103
2014-11-01 00:00:00,19.5,90,0.0,2.4,153,-1.089577199374912,2.138415658052083
2014-11-01 01:00:00,20.7,87,0.0,1.9,112,-1.7616493236768958,0.7117525274902332
2014-11-01 02:00:00,20.8,87,0.1,2.5,82,-2.475670171853926,-0.3479327524001638
2014-11-01 03:00:00,18.2,92,0.0,2.5,90,-2.5,3.061616997868383e-16
2014-11-01 04:00:00,18.7,89,0.0,4.0,95,-3.984778792366982,0.3486229709906328
2014-11-01 05:00:00,20.7,78,0.0,2.7,67,-2.485363104321589,-1.0549740469210387
2014-11-01 06:00:00,20.9,78,0.1,3.1,54,-2.5079526825623377,-1.8221342821066664
2014-11-01 07:00:00,21.2,77,0.0,2.3,39,-1.447436899414627,-1.7874357113510322
2014-11-01 08:00:00,22.2,80,0.0,3.1,339,1.1109406435904312,-2.8940993221413254
2014-11-01 09:00:00,23.9,75,0.0,4.8,312,3.5670951622914924,-3.2118269105225195
2014-11-01 10:00:00,24.8,73,0.0,6.4,308,5.043268823083021,-3.9402334420842133
2014-11-01 11:00:00,25.8,71,0.0,6.9,313,5.046340541172277,-4.70578868443124
2014-11-01 12:00:00,26.6,68,0.0,7.1,315,5.020458146424487,-5.020458146424486
2014-11-01 13:00:00,27.1,66,0.0,7.7,311,5.811263767715345,-5.051654523226906
2014-11-01 14:00:00,27.1,66,0.0,8.2,311,6.18861855782673,-5.379684037722159
2014-11-01 15:00:00,26.7,69,0.0,8.0,306,6.47213595499958,-4.702282018339785
2014-11-01 16:00:00,25.7,71,0.0,8.7,312,6.46535998165333,-5.821436275322066
2014-11-01 17:00:00,24.6,76,0.0,6.7,324,3.93816119035957,-5.420413862312148
2014-11-01 18:00:00,23.6,81,0.0,6.4,333,2.9055391983331,-5.702441754805554
2014-11-01 19:00:00,22.6,89,0.0,6.8,335,2.873804179836756,-6.162892951849219
2014-11-01 20:00:00,22.7,87,0.0,5.2,335,2.197614961051637,-4.7128004925905795
2014-11-01 21:00:00,22.8,86,0.0,3.2,360,1.9594348786357652e-16,-3.2
2014-11-01 22:00:00,22.4,87,0.0,1.8,37,-1.083267041673687,-1.437543918085127
2014-11-01 23:00:00,21.5,89,0.0,0.7000000000000001,90,-0.7000000000000001,8.572527594031473e-17
2014-11-02 00:00:00,21.8,86,0.0,1.1,90,-1.1,1.3471114790620887e-16
2014-11-02 01:00:00,22.0,85,0.0,1.1,72,-1.046162167924669,-0.33991869381244205
2014-11-02 02:00:00,20.1,90,0.0,1.5,45,-1.0606601717798214,-1.0606601717798212
2014-11-02 03:00:00,21.3,85,0.0,2.0,45,-1.4142135623730954,-1.414213562373095
2014-11-02 04:00:00,21.6,82,0.0,2.4,63,-2.138415658052083,-1.089577199374912
2014-11-02 05:00:00,21.9,80,0.0,3.2,63,-2.8512208774027776,-1.4527695991665495
2014-11-02 06:00:00,20.9,83,0.0,3.8,49,-2.867896404846534,-2.4930243101639267
2014-11-02 07:00:00,20.7,86,0.0,4.1,45,-2.8991378028648453,-2.8991378028648445
2014-11-02 08:00:00,23.0,84,0.0,5.9,11,-1.1257730727216133,-5.791600382341218
2014-11-02 09:00:00,24.2,82,0.0,9.4,356,0.6557108531947772,-9.377102072442348
2014-11-02 10:00:00,25.2,76,0.0,12.2,358,0.42577385977051313,-12.192568089632967
2014-11-02 11:00:00,25.6,75,0.0,14.0,1,-0.24433369012196898,-13.997867732189478
2014-11-02 12:00:00,26.3,70,0.0,14.5,354,1.5156627173809751,-14.420567482839962
2014-11-02 13:00:00,26.5,67,0.0,15.0,349,2.862134930648174,-14.72440775171496
2014-11-02 14:00:00,26.2,68,0.0,15.2,346,3.6772128131149486,-14.748495039395145
2014-11-02 15:00:00,25.8,67,0.0,15.9,347,3.5767217640674525,-15.49248403008524
2014-11-02 16:00:00,24.4,72,0.0,15.3,351,2.3934473151155333,-15.111631611105608
2014-11-02 17:00:00,22.8,76,0.0,11.6,353,1.4136843834997108,-11.513535359039334
2014-11-02 18:00:00,21.6,80,0.0,11.2,360,6.858022075225178e-16,-11.2
2014-11-02 19:00:00,20.5,86,0.0,9.7,2,-0.33852511801425733,-9.694091022085228
2014-11-02 20:00:00,20.8,81,0.0,7.6,8,-1.0577155672965002,-7.526037322435934
2014-11-02 21:00:00,20.8,80,0.0,5.8,4,-0.40458754771592836,-5.78587149150698
2014-11-02 22:00:00,20.4,80,0.0,5.4,360,3.3065463576978537e-16,-5.4
2014-11-02 23:00:00,19.6,82,0.0,4.3,5,-0.37476969381493047,-4.283637201794505
2014-11-03 00:00:00,18.6,85,0.0,3.6,6,-0.3763024677635521,-3.5802788233257843
2014-11-03 01:00:00,18.5,85,0.0,4.0,5,-0.348622970990633,-3.984778792366982
2014-11-03 02:00:00,18.8,84,0.2,4.7,9,-0.7352419856890859,-4.6421352007971475
2014-11-03 03:00:00,19.9,76,0.0,6.2,10,-1.0766187015349682,-6.10580806867569
2014-11-03 04:00:00,19.5,75,0.0,7.6,8,-1.0577155672965002,-7.526037322435934
2014-11-03 05:00:00,19.2,74,0.0,7.9,16,-2.1775351109542913,-7.593967397912721
2014-11-03 06:00:00,19.0,73,0.0,9.6,20,-3.283393375926418,-9.02104915954472
2014-11-03 07:00:00,18.5,76,0.0,8.8,12,-1.8296228791962863,-8.60769888645749
2014-11-03 08:00:00,20.7,68,0.0,11.5,4,-0.8021994480574441,-11.471986577987979
2014-11-03 09:00:00,21.6,65,0.0,12.6,355,1.0981623586204925,-12.552053195955994
2014-11-03 10:00:00,22.9,62,0.0,13.4,352,1.8649195528648772,-13.269592121137043
2014-11-03 11:00:00,23.8,59,0.0,14.1,345,3.6493485359455424,-13.619554150675864
2014-11-03 12:00:00,23.9,58,0.0,15.3,345,3.9599313900685673,-14.778665142222746
2014-11-03 13:00:00,23.8,58,0.0,14.1,347,3.1718098662484953,-13.738617913471817
2014-11-03 14:00:00,23.6,58,0.0,13.0,341,4.232386007943038,-12.291741482791117
2014-11-03 15:00:00,23.4,56,0.0,13.0,336,5.287576359985403,-11.876090949353811
2014-11-03 16:00:00,22.4,58,0.0,11.8,337,4.61062731617343,-10.861957270738797
2014-11-03 17:00:00,21.1,60,0.0,8.8,341,2.8649997592229797,-8.320563465273988
2014-11-03 18:00:00,19.9,69,0.0,8.1,328,4.29234604028896,-6.86918957886705
2014-11-03 19:00:00,19.4,71,0.0,7.2,333,3.268731598124737,-6.415246974156248
2014-11-03 20:00:00,19.7,62,0.0,6.1,332,2.863776532993934,-5.385980316439453
2014-11-03 21:00:00,19.4,65,0.0,5.0,330,2.5000000000000004,-4.330127018922193
2014-11-03 22:00:00,18.7,72,0.0,3.4,328,1.8017254983928965,-2.883363526931848
2014-11-03 23:00:00,17.7,79,0.0,1.5,256,1.4554435894139948,0.3628828433995016
2014-11-04 00:00:00,17.1,84,0.0,2.6,236,2.1554976886431083,1.453901549023942
2014-11-04 01:00:00,16.4,86,0.0,2.7,247,2.485363104321589,1.0549740469210394
2014-11-04 02:00:00,16.3,88,0.0,1.8,233,1.437543918085127,1.083267041673687
2014-11-04 03:00:00,17.5,80,0.0,1.0,225,0.7071067811865476,0.7071067811865475
2014-11-04 04:00:00,17.4,82,0.0,1.1,198,0.3399186938124422,1.0461621679246689
2014-11-04 05:00:00,17.5,82,0.0,0.0,270,0.0,0.0
2014-11-04 06:00:00,16.8,86,0.0,2.0,135,-1.414213562373095,1.4142135623730951
2014-11-04 07:00:00,17.8,84,0.0,1.1,162,-0.3399186938124421,1.046162167924669
2014-11-04 08:00:00,19.7,76,0.0,1.5,256,1.4554435894139948,0.3628828433995016
2014-11-04 09:00:00,21.2,71,0.0,2.6,286,2.499280409439629,-0.7166571251241979
2014-11-04 10:00:00,22.3,68,0.0,4.6,288,4.3748599749577055,-1.421478174124758
2014-11-04 11:00:00,23.3,66,0.0,6.2,291,5.788198644282651,-2.2218812871808615
2014-11-04 12:00:00,23.9,65,0.0,6.8,288,6.467184310807044,-2.1013155617496424
2014-11-04 13:00:00,24.2,64,0.0,7.0,291,6.535062985480412,-2.5085756468171017
2014-11-04 14:00:00,24.1,63,0.0,7.9,294,7.217009115376547,-3.2132194802988217
2014-11-04 15:00:00,24.0,62,0.0,8.4,310,6.4347733221994154,-5.39941592136693
2014-11-04 16:00:00,22.8,64,0.0,8.5,324,4.996174644486022,-6.876644452187053
2014-11-04 17:00:00,21.7,65,0.0,6.7,324,3.93816119035957,-5.420413862312148
2014-11-04 18:00:00,20.2,75,0.0,4.4,305,3.604268994871564,-2.523736319944603
2014-11-04 19:00:00,20.1,68,0.0,2.9,300,2.511473670974872,-1.4499999999999997
2014-11-04 20:00:00,19.7,70,0.0,2.6,304,2.1554976886431083,-1.453901549023942
2014-11-04 21:00:00,18.5,79,0.0,1.1,270,1.1,0.0
2014-11-04 22:00:00,18.2,81,0.0,1.8,127,-1.4375439180851273,1.0832670416736867
2014-11-04 23:00:00,18.0,83,0.0,1.6,153,-0.7263847995832747,1.4256104387013888
2014-11-05 00:00:00,17.6,85,0.2,0.4,180,2.4492935982947065e-17,0.4
2014-11-05 01:00:00,17.3,87,0.2,1.1,72,-1.046162167924669,-0.33991869381244205
2014-11-05 02:00:00,17.3,87,0.2,2.2,99,-2.172914349309303,0.3441558230885082
2014-11-05 03:00:00,17.5,84,0.3,2.3,129,-1.7874357113510329,1.4474368994146258
2014-11-05 04:00:00,18.0,83,0.3,2.0,135,-1.414213562373095,1.4142135623730951
2014-11-05 05:00:00,17.5,84,0.2,0.8,153,-0.36319239979163737,0.7128052193506944
2014-11-05 06:00:00,17.2,84,0.2,1.3,146,-0.7269507745119708,1.0777488443215544
2014-11-05 07:00:00,17.8,83,0.2,0.8,117,-0.7128052193506943,0.36319239979163753
2014-11-05 08:00:00,20.1,79,0.1,0.4,180,2.4492935982947065e-17,0.4
2014-11-05 09:00:00,21.7,67,0.0,2.2,261,2.1729143493093033,0.34415582308850795
2014-11-05 10:00:00,22.9,64,0.0,4.0,265,3.984778792366982,0.34862297099063266
2014-11-05 11:00:00,23.6,62,0.0,6.1,273,6.0916401620029,-0.31924933308195735
2014-11-05 12:00:00,24.1,62,0.0,7.2,276,7.160557646651568,-0.7526049355271051
2014-11-05 13:00:00,24.5,61,0.0,7.6,289,7.185941174554808,-2.474317973874391
2014-11-05 14:00:00,24.6,60,0.0,7.9,300,6.841600689897066,-3.9499999999999997
2014-11-05 15:00:00,23.8,63,0.0,8.2,308,6.461688179575119,-5.048424097670398
2014-11-05 16:00:00,23.2,64,0.0,7.4,317,5.046787864462489,-5.412017391981862
2014-11-05 17:00:00,22.2,64,0.0,4.3,318,2.8772616073430903,-3.195522749552795
2014-11-05 18:00:00,20.6,74,0.0,4.6,321,2.894873798829252,-3.5748714227020657
2014-11-05 19:00:00,20.5,69,0.0,2.6,326,1.4539015490239418,-2.1554976886431088
2014-11-05 20:00:00,19.4,74,0.0,1.9,22,-0.7117525274902333,-1.7616493236768958
2014-11-05 21:00:00,18.3,79,0.0,1.9,68,-1.761649323676896,-0.7117525274902328
2014-11-05 22:00:00,17.4,82,0.0,1.8,79,-1.7669289302057951,-0.3434561916777805
2014-11-05 23:00:00,16.7,84,0.0,1.3,56,-1.0777488443215544,-0.7269507745119708
2014-11-06 00:00:00,16.2,84,0.0,1.9,68,-1.761649323676896,-0.7117525274902328
2014-11-06 01:00:00,15.7,84,0.0,2.0,45,-1.4142135623730954,-1.414213562373095
2014-11-06 02:00:00,15.2,84,0.0,1.8,53,-1.437543918085127,-1.0832670416736871
2014-11-06 03:00:00,16.6,75,0.0,1.8,53,-1.437543918085127,-1.0832670416736871
2014-11-06 04:00:00,16.5,73,0.0,1.8,53,-1.437543918085127,-1.0832670416736871
2014-11-06 05:00:00,15.9,74,0.0,2.6,56,-2.1554976886431088,-1.4539015490239415
2014-11-06 06:00:00,15.3,76,0.0,4.0,63,-3.5640260967534716,-1.8159619989581868
2014-11-06 07:00:00,15.9,77,0.0,2.9,30,-1.4500000000000013,-2.5114736709748713
2014-11-06 08:00:00,20.4,70,0.0,6.5,357,0.3401837155791358,-6.49109197590473
2014-11-06 09:00:00,22.6,58,0.0,9.7,356,0.6766377953180147,-9.676371287520293
2014-11-06 10:00:00,23.6,54,0.0,9.8,354,1.024378940023004,-9.746314574609078
2014-11-06 11:00:00,24.5,51,0.0,9.7,345,2.510544737494451,-9.369480515003962
2014-11-06 12:00:00,25.0,50,0.0,10.9,333,4.948496447161061,-9.71197111365321
2014-11-06 13:00:00,25.2,51,0.0,12.2,336,4.962187045524762,-11.14525458323973
2014-11-06 14:00:00,24.9,52,0.0,12.2,341,3.971931484377312,-11.535326622311663
2014-11-06 15:00:00,24.3,56,0.0,11.8,340,4.035837691242892,-11.088372925273719
2014-11-06 16:00:00,23.4,60,0.0,10.3,335,4.352968095929205,-9.334970206477495
2014-11-06 17:00:00,22.0,64,0.0,9.4,328,4.981241083792126,-7.9716521038704045
2014-11-06 18:00:00,20.5,75,0.0,4.6,321,2.894873798829252,-3.5748714227020657
2014-11-06 19:00:00,20.5,69,0.0,0.8,27,-0.36319239979163753,-0.7128052193506943
2014-11-06 20:00:00,18.3,80,0.0,0.7000000000000001,90,-0.7000000000000001,8.572527594031473e-17
2014-11-06 21:00:00,17.0,84,0.0,1.0,135,-0.7071067811865475,0.7071067811865476
2014-11-06 22:00:00,16.3,88,0.0,3.8,139,-2.493024310163927,2.867896404846534
2014-11-06 23:00:00,15.7,90,0.0,4.1,165,-1.0611580849203355,3.96029588778518
2014-11-07 00:00:00,15.5,91,0.0,4.1,165,-1.0611580849203355,3.96029588778518
2014-11-07 01:00:00,15.5,92,0.0,4.2,160,-1.4364846019678086,3.9467090073008158
2014-11-07 02:00:00,15.6,92,0.0,4.0,153,-1.8159619989581868,3.5640260967534716
2014-11-07 03:00:00,15.8,91,0.1,4.4,145,-2.5237363199446032,3.6042689948715636
2014-11-07 04:00:00,15.7,92,0.1,5.6,135,-3.9597979746446654,3.9597979746446663
2014-11-07 05:00:00,15.8,92,0.0,4.8,138,-3.2118269105225195,3.5670951622914924
2014-11-07 06:00:00,16.0,91,0.0,4.8,153,-2.179154398749824,4.276831316104166
2014-11-07 07:00:00,16.9,90,0.0,3.2,153,-1.4527695991665495,2.8512208774027776
2014-11-07 08:00:00,19.8,85,0.2,2.4,243,2.138415658052083,1.0895771993749122
2014-11-07 09:00:00,21.4,79,0.3,3.7,241,3.2360929164157644,1.7937955949114472
2014-11-07 10:00:00,22.7,74,0.2,6.0,237,5.032023407672544,3.2678342100901627
2014-11-07 11:00:00,23.1,73,0.3,7.7,259,7.558529312547013,1.469229264399395
2014-11-07 12:00:00,23.8,70,0.4,8.7,277,8.6351515192795,-1.060263287624783
2014-11-07 13:00:00,23.6,71,0.4,8.3,288,7.893769085249775,-2.5648410533120636
2014-11-07 14:00:00,23.8,69,0.3,7.0,291,6.535062985480412,-2.5085756468171017
2014-11-07 15:00:00,23.6,69,0.5,6.5,289,6.1458707413955596,-2.1161930039715187
2014-11-07 16:00:00,22.6,73,0.2,5.4,290,5.074340152243906,-1.8469087739586112
2014-11-07 17:00:00,21.7,77,0.5,4.0,297,3.5640260967534716,-1.815961998958187
2014-11-07 18:00:00,20.3,89,0.8,4.2,301,3.600102662948872,-2.1631599146222276
2014-11-07 19:00:00,20.0,88,0.7000000000000001,3.2,297,2.8512208774027776,-1.4527695991665497
2014-11-07 20:00:00,19.6,90,0.6,2.2,270,2.2,0.0
2014-11-07 21:00:00,18.9,91,0.5,4.0,207,1.8159619989581872,3.564026096753471
2014-11-07 22:00:00,18.7,93,0.6,6.5,199,2.116193003971519,6.145870741395559
2014-11-07 23:00:00,18.5,93,0.6,6.5,199,2.116193003971519,6.145870741395559
2014-11-08 00:00:00,18.0,94,0.4,6.0,197,1.7542302283364206,5.737828535778212
2014-11-08 01:00:00,18.4,94,0.3,5.7,198,1.7613968679372005,5.421022142882375
2014-11-08 02:00:00,19.6,90,0.2,4.7,184,0.3278554265973886,4.688551036221174
2014-11-08 03:00:00,20.1,85,0.2,4.3,180,2.632990618166809e-16,4.3
2014-11-08 04:00:00,20.3,84,0.1,5.6,153,-2.542346798541461,4.98963653545486
2014-11-08 05:00:00,20.1,83,0.0,6.2,144,-3.644268564213333,5.0159053651246746
2014-11-08 06:00:00,20.2,82,0.0,5.4,143,-3.2498011250210617,4.312631754255381
2014-11-08 07:00:00,20.1,81,0.0,3.4,162,-1.050657780874821,3.2335921554035223
2014-11-08 08:00:00,20.8,90,0.0,3.8,229,2.8678964048465336,2.4930243101639276
2014-11-08 09:00:00,22.4,79,0.0,7.0,249,6.535062985480412,2.5085756468171017
2014-11-08 10:00:00,23.2,75,0.0,8.0,260,7.878462024097664,1.3891854213354426
2014-11-08 11:00:00,24.0,71,0.0,7.2,267,7.190132650232932,0.37681888494919563
2014-11-08 12:00:00,24.3,70,0.0,7.3,281,7.165878439167947,-1.392905666248777
2014-11-08 13:00:00,24.7,68,0.0,8.5,282,8.314254606237348,-1.7672493719509543
2014-11-08 14:00:00,24.7,66,0.0,8.8,289,8.320563465273988,-2.8649997592229792
2014-11-08 15:00:00,23.9,71,0.2,8.7,308,6.85569355637848,-5.356254835333226
2014-11-08 16:00:00,23.0,75,0.0,8.0,333,3.6319239979163744,-7.128052193506942
2014-11-08 17:00:00,22.3,78,0.0,6.3,347,1.4171916423663489,-6.1385314081469815
2014-11-08 18:00:00,21.7,82,0.0,6.9,354,0.7212463965468089,-6.862201078041086
2014-11-08 19:00:00,20.8,88,0.0,7.2,3,-0.376818884949199,-7.190132650232932
2014-11-08 20:00:00,19.8,91,0.0,8.6,360,5.265981236333618e-16,-8.6
2014-11-08 21:00:00,19.2,93,0.0,9.2,11,-1.7554427574642102,-9.030970087718508
2014-11-08 22:00:00,18.7,95,0.0,8.4,20,-2.872969203935616,-7.8934180146016315
2014-11-08 23:00:00,18.3,96,0.0,8.4,25,-3.549993398621873,-7.612985411107861
2014-11-09 00:00:00,18.0,97,0.0,7.9,24,-3.2132194802988208,-7.217009115376548
2014-11-09 01:00:00,18.0,95,0.0,6.5,19,-2.116193003971518,-6.1458707413955596
2014-11-09 02:00:00,19.3,91,0.0,5.4,8,-0.7515347451843555,-5.34744757120448
2014-11-09 03:00:00,19.6,93,0.0,4.3,5,-0.37476969381493047,-4.283637201794505
2014-11-09 04:00:00,19.5,93,0.0,3.6,360,2.2043642384652358e-16,-3.6
2014-11-09 05:00:00,19.3,94,0.0,3.6,360,2.2043642384652358e-16,-3.6
2014-11-09 06:00:00,19.2,94,0.0,4.1,15,-1.0611580849203346,-3.96029588778518
2014-11-09 07:00:00,19.3,94,0.0,4.9,17,-1.4326213531414118,-4.685893304218873
2014-11-09 08:00:00,20.4,91,0.0,9.7,360,5.939536975864663e-16,-9.7
2014-11-09 09:00:00,21.6,86,0.0,12.6,357,0.659433048661094,-12.58273213790763
2014-11-09 10:00:00,22.6,81,0.0,14.9,353,1.8158532167366976,-14.788937659455698
2014-11-09 11:00:00,22.6,78,0.1,16.0,352,2.2267696153610474,-15.844289099865126
2014-11-09 12:00:00,22.9,76,0.2,15.6,352,2.171100374977021,-15.448181872368497
2014-11-09 13:00:00,23.1,76,0.3,15.6,352,2.171100374977021,-15.448181872368497
2014-11-09 14:00:00,22.9,76,0.0,14.5,353,1.7671054793746386,-14.391919198799169
2014-11-09 15:00:00,22.3,79,0.0,13.0,360,7.960204194457795e-16,-13.0
2014-11-09 16:00:00,22.2,79,0.0,9.6,13,-2.1595301217011063,-9.353952621938257
2014-11-09 17:00:00,22.1,79,0.0,7.0,21,-2.508575646817105,-6.535062985480412
2014-11-09 18:00:00,21.5,80,0.0,3.0,14,-0.7257656867990033,-2.9108871788279895
2014-11-09 19:00:00,20.8,83,0.0,1.8,323,1.0832670416736871,-1.437543918085127
2014-11-09 20:00:00,19.2,88,0.0,2.4,297,2.138415658052083,-1.0895771993749122
2014-11-09 21:00:00,18.3,92,0.0,1.8,323,1.0832670416736871,-1.437543918085127
2014-11-09 22:00:00,18.0,93,0.0,1.4,360,8.572527594031472e-17,-1.4
2014-11-09 23:00:00,16.9,94,0.0,1.8,53,-1.437543918085127,-1.0832670416736871
2014-11-10 00:00:00,15.8,95,0.0,3.3,84,-3.2819222547153015,-0.3449439287832565
2014-11-10 01:00:00,15.6,94,0.0,2.9,97,-2.8783838397598336,0.35342109587492787
2014-11-10 02:00:00,15.8,93,0.0,1.6,63,-1.4256104387013888,-0.7263847995832747
2014-11-10 03:00:00,17.8,86,0.1,1.8,53,-1.437543918085127,-1.0832670416736871
2014-11-10 04:00:00,18.2,85,0.0,1.8,53,-1.437543918085127,-1.0832670416736871
2014-11-10 05:00:00,18.4,84,0.0,2.6,56,-2.1554976886431088,-1.4539015490239415
2014-11-10 06:00:00,18.4,82,0.0,1.9,68,-1.761649323676896,-0.7117525274902328
2014-11-10 07:00:00,18.7,82,0.0,1.8,53,-1.437543918085127,-1.0832670416736871
2014-11-10 08:00:00,20.3,87,0.0,1.6,63,-1.4256104387013888,-0.7263847995832747
2014-11-10 09:00:00,22.4,78,0.0,1.3,304,1.0777488443215542,-0.726950774511971
2014-11-10 10:00:00,23.5,75,0.0,2.5,270,2.5,0.0
2014-11-10 11:00:00,24.6,71,0.0,4.0,270,4.0,0.0
2014-11-10 12:00:00,25.0,68,0.0,5.1,262,5.050367150582009,0.7097828148963337
2014-11-10 13:00:00,25.1,66,0.0,6.8,267,6.790680836331102,0.3558845024520181
2014-11-10 14:00:00,24.9,66,0.0,8.6,285,8.306962106085987,-2.2258437878816784
2014-11-10 15:00:00,25.0,66,0.0,8.9,310,6.817795543758905,-5.7208097262102
2014-11-10 16:00:00,23.9,69,0.0,8.2,331,3.975438886019964,-7.171881598543044
2014-11-10 17:00:00,22.7,72,0.0,7.6,335,3.211898789229316,-6.887939181478539
2014-11-10 18:00:00,21.1,80,0.0,6.4,322,3.9402334420842133,-5.043268823083022
2014-11-10 19:00:00,21.0,76,0.0,4.8,333,2.1791543987498248,-4.276831316104166
2014-11-10 20:00:00,20.4,78,0.0,2.6,326,1.4539015490239418,-2.1554976886431088
2014-11-10 21:00:00,19.8,82,0.0,2.4,333,1.0895771993749124,-2.138415658052083
2014-11-10 22:00:00,18.4,86,0.0,2.2,351,0.34415582308850806,-2.1729143493093033
2014-11-10 23:00:00,18.8,85,0.0,1.3,56,-1.0777488443215544,-0.7269507745119708
2014-11-11 00:00:00,18.9,85,0.0,2.2,81,-2.1729143493093033,-0.3441558230885076
2014-11-11 01:00:00,18.2,87,0.0,1.9,112,-1.7616493236768958,0.7117525274902332
2014-11-11 02:00:00,18.5,86,0.0,1.5,135,-1.0606601717798212,1.0606601717798214
2014-11-11 03:00:00,19.3,83,0.0,0.5,45,-0.35355339059327384,-0.35355339059327373
2014-11-11 04:00:00,19.3,83,0.0,1.5,45,-1.0606601717798214,-1.0606601717798212
2014-11-11 05:00:00,18.6,84,0.0,2.1,59,-1.800051331474436,-1.0815799573111138
2014-11-11 06:00:00,17.1,87,0.0,2.4,63,-2.138415658052083,-1.089577199374912
2014-11-11 07:00:00,15.9,93,0.0,2.3,51,-1.7874357113510326,-1.4474368994146265
2014-11-11 08:00:00,20.2,85,0.0,1.6,63,-1.4256104387013888,-0.7263847995832747
2014-11-11 09:00:00,22.7,68,0.0,2.1,329,1.0815799573111138,-1.800051331474436
2014-11-11 10:00:00,23.9,62,0.0,3.4,288,3.233592155403522,-1.0506577808748212
2014-11-11 11:00:00,24.9,58,0.0,5.2,282,5.08636752381579,-1.0811407922523486
2014-11-11 12:00:00,25.6,57,0.0,8.2,293,7.54813979831001,-3.2039952536120446
2014-11-11 13:00:00,25.6,58,0.0,10.7,303,8.973775077016036,-5.82763767466079
2014-11-11 14:00:00,24.8,60,0.0,11.2,318,7.494262791219212,-8.323222045346816
2014-11-11 15:00:00,24.1,62,0.0,10.1,333,4.585304047369423,-8.999165894302514
2014-11-11 16:00:00,23.2,63,0.0,9.2,339,3.2969851358167634,-8.588939923774255
2014-11-11 17:00:00,22.1,66,0.0,8.4,340,2.872969203935618,-7.893418014601631
2014-11-11 18:00:00,21.0,74,0.0,7.0,339,2.5085756468171025,-6.535062985480412
2014-11-11 19:00:00,20.0,77,0.0,5.6,345,1.4493866525741161,-5.4091846272187825
2014-11-11 20:00:00,20.1,73,0.0,3.8,17,-1.111012477946401,-3.633958072659534
2014-11-11 21:00:00,19.9,74,0.0,2.6,34,-1.453901549023941,-2.1554976886431088
2014-11-11 22:00:00,19.5,75,0.0,2.1,59,-1.800051331474436,-1.0815799573111138
2014-11-11 23:00:00,18.6,79,0.0,2.0,45,-1.4142135623730954,-1.414213562373095
2014-11-12 00:00:00,18.1,80,0.0,2.1,31,-1.0815799573111144,-1.8000513314744355
2014-11-12 01:00:00,18.0,79,0.0,1.8,53,-1.437543918085127,-1.0832670416736871
2014-11-12 02:00:00,17.6,80,0.0,3.1,69,-2.8940993221413254,-1.1109406435904314
2014-11-12 03:00:00,17.3,78,0.0,3.5,66,-3.197409101749103,-1.4235782507653008
2014-11-12 04:00:00,18.0,74,0.0,3.1,69,-2.8940993221413254,-1.1109406435904314
2014-11-12 05:00:00,18.3,73,0.0,3.2,63,-2.8512208774027776,-1.4527695991665495
2014-11-12 06:00:00,19.2,68,0.0,3.4,72,-3.2335921554035223,-1.0506577808748208
2014-11-12 07:00:00,19.6,67,0.0,3.6,53,-2.875087836170254,-2.1665340833473743
2014-11-12 08:00:00,19.4,79,0.0,4.7,9,-0.7352419856890859,-4.6421352007971475
2014-11-12 09:00:00,21.2,70,0.0,5.9,346,1.4273391840380394,-5.7247447850283795
2014-11-12 10:00:00,21.4,70,0.0,7.2,333,3.268731598124737,-6.415246974156248
2014-11-12 11:00:00,21.2,72,0.2,7.4,331,3.587591189822895,-6.472185832831529
2014-11-12 12:00:00,21.2,72,0.0,7.8,326,4.361704647071825,-6.466493065929326
2014-11-12 13:00:00,21.3,72,0.0,8.0,324,4.702282018339785,-6.47213595499958
2014-11-12 14:00:00,21.5,72,0.0,8.0,324,4.702282018339785,-6.47213595499958
2014-11-12 15:00:00,22.6,69,0.0,7.9,330,3.950000000000001,-6.841600689897065
2014-11-12 16:00:00,21.7,73,0.0,7.0,339,2.5085756468171025,-6.535062985480412
2014-11-12 17:00:00,20.8,75,0.0,7.3,340,2.4967470462773824,-6.8597561317371305
2014-11-12 18:00:00,19.4,85,0.0,7.1,345,1.8376152202278973,-6.858073366652385
2014-11-12 19:00:00,19.1,85,0.0,5.5,349,1.049449474570997,-5.3989495089621515
2014-11-12 20:00:00,19.8,79,0.0,3.6,6,-0.3763024677635521,-3.5802788233257843
2014-11-12 21:00:00,19.8,79,0.0,3.6,354,0.3763024677635525,-3.580278823325784
2014-11-12 22:00:00,18.9,84,0.0,3.6,360,2.2043642384652358e-16,-3.6
2014-11-12 23:00:00,18.2,88,0.0,2.9,360,1.7757378587636622e-16,-2.9
2014-11-13 00:00:00,18.3,88,0.2,3.0,346,0.725765686799003,-2.9108871788279895
2014-11-13 01:00:00,18.7,86,0.2,2.3,342,0.7107390870623791,-2.1874299874788528
2014-11-13 02:00:00,18.1,89,0.2,1.8,11,-0.3434561916777803,-1.7669289302057951
2014-11-13 03:00:00,18.1,88,0.1,1.4,360,8.572527594031472e-17,-1.4
2014-11-13 04:00:00,18.0,88,0.0,1.5,45,-1.0606601717798214,-1.0606601717798212
2014-11-13 05:00:00,17.7,89,0.0,1.5,45,-1.0606601717798214,-1.0606601717798212
2014-11-13 06:00:00,17.5,90,0.0,2.4,27,-1.0895771993749126,-2.138415658052083
2014-11-13 07:00:00,17.6,90,0.2,2.4,27,-1.0895771993749126,-2.138415658052083
2014-11-13 08:00:00,19.2,88,0.2,3.2,360,1.9594348786357652e-16,-3.2
2014-11-13 09:00:00,20.6,82,0.0,4.9,343,1.4326213531414103,-4.685893304218874
2014-11-13 10:00:00,21.9,77,0.2,5.6,320,3.5996106142446203,-4.289848881466277
2014-11-13 11:00:00,22.6,73,0.4,5.6,297,4.98963653545486,-2.5423467985414616
2014-11-13 12:00:00,22.3,74,1.0,6.3,301,5.400153994423308,-3.244739871933341
2014-11-13 13:00:00,21.5,78,1.0,6.8,302,5.766727053863696,-3.603450996785793
2014-11-13 14:00:00,20.3,84,1.0,6.6,299,5.772490067120011,-3.1997434936258244
2014-11-13 15:00:00,21.6,76,1.0,6.3,301,5.400153994423308,-3.244739871933341
2014-11-13 16:00:00,20.5,80,0.7000000000000001,6.1,315,4.31335136523794,-4.313351365237939
2014-11-13 17:00:00,19.7,83,0.9,4.4,325,2.5237363199446032,-3.604268994871564
2014-11-13 18:00:00,18.9,89,0.8,4.4,325,2.5237363199446032,-3.604268994871564
2014-11-13 19:00:00,18.2,93,0.8,5.7,342,1.7613968679372005,-5.421022142882375
2014-11-13 20:00:00,17.8,95,1.0,6.0,343,1.7542302283364206,-5.737828535778212
2014-11-13 21:00:00,17.5,95,0.9,5.2,348,1.0811407922523493,-5.086367523815789
2014-11-13 22:00:00,17.1,96,0.8,2.9,360,1.7757378587636622e-16,-2.9
2014-11-13 23:00:00,17.0,96,0.7000000000000001,2.2,9,-0.3441558230885083,-2.172914349309303
2014-11-14 00:00:00,16.9,96,0.7000000000000001,1.6,63,-1.4256104387013888,-0.7263847995832747
2014-11-14 01:00:00,16.7,96,0.5,0.8,153,-0.36319239979163737,0.7128052193506944
2014-11-14 02:00:00,16.7,95,0.3,1.0,135,-0.7071067811865475,0.7071067811865476
2014-11-14 03:00:00,17.2,90,0.1,0.4,90,-0.4,4.898587196589413e-17
2014-11-14 04:00:00,17.6,88,0.0,1.8,37,-1.083267041673687,-1.437543918085127
2014-11-14 05:00:00,17.3,89,0.0,1.8,37,-1.083267041673687,-1.437543918085127
2014-11-14 06:00:00,17.6,88,0.2,2.3,39,-1.447436899414627,-1.7874357113510322
2014-11-14 07:00:00,17.1,91,0.2,2.0,45,-1.4142135623730954,-1.414213562373095
2014-11-14 08:00:00,18.7,90,0.3,1.5,346,0.3628828433995015,-1.4554435894139948
2014-11-14 09:00:00,19.6,85,0.2,3.3,319,2.1649947956686737,-2.4905416147351476
2014-11-14 10:00:00,20.0,85,0.1,5.2,304,4.310995377286217,-2.907803098047884
2014-11-14 11:00:00,20.2,86,0.2,6.4,297,5.702441754805555,-2.9055391983330994
2014-11-14 12:00:00,20.7,83,0.4,8.9,313,6.509047944410617,-6.069785404556237
2014-11-14 13:00:00,20.8,78,0.7000000000000001,9.4,328,4.981241083792126,-7.9716521038704045
2014-11-14 14:00:00,20.0,85,0.2,9.0,337,3.5165801564034633,-8.284543681071963
2014-11-14 15:00:00,20.3,81,0.6,8.2,337,3.203995253612044,-7.54813979831001
2014-11-14 16:00:00,20.2,81,0.3,6.6,338,2.4724035165450187,-6.1194134401407965
2014-11-14 17:00:00,19.9,82,0.4,4.7,337,1.8364363038995866,-4.32637281122647
2014-11-14 18:00:00,18.9,90,0.0,3.7,331,1.7937955949114475,-3.2360929164157644
2014-11-14 19:00:00,18.2,90,0.1,1.1,18,-0.33991869381244233,-1.0461621679246689
2014-11-14 20:00:00,17.7,91,0.2,0.8,153,-0.36319239979163737,0.7128052193506944
2014-11-14 21:00:00,17.2,94,0.0,0.8,117,-0.7128052193506943,0.36319239979163753
2014-11-14 22:00:00,16.6,93,0.1,1.6,117,-1.4256104387013886,0.7263847995832751
2014-11-14 23:00:00,16.4,93,0.1,1.9,112,-1.7616493236768958,0.7117525274902332
2014-11-15 00:00:00,16.2,92,0.0,2.2,81,-2.1729143493093033,-0.3441558230885076
2014-11-15 01:00:00,16.2,92,0.0,1.9,68,-1.761649323676896,-0.7117525274902328
2014-11-15 02:00:00,15.9,91,0.0,2.6,74,-2.499280409439629,-0.7166571251241974
2014-11-15 03:00:00,16.9,89,0.1,3.6,84,-3.580278823325784,-0.3763024677635526
2014-11-15 04:00:00,17.2,87,0.1,3.9,112,-3.6160170328104706,1.4609657143220578
2014-11-15 05:00:00,16.7,89,0.3,4.1,128,-3.2308440897875594,2.5242120488351993
2014-11-15 06:00:00,16.4,91,0.2,5.0,150,-2.499999999999999,4.330127018922194
2014-11-15 07:00:00,16.6,91,0.3,4.7,148,-2.4906205418960625,3.9858260519352027
2014-11-15 08:00:00,18.1,92,0.4,2.6,146,-1.4539015490239415,2.1554976886431088
2014-11-15 09:00:00,19.7,87,0.3,1.5,256,1.4554435894139948,0.3628828433995016
2014-11-15 10:00:00,20.1,86,0.2,3.3,276,3.2819222547153015,-0.3449439287832564
2014-11-15 11:00:00,20.8,82,0.0,4.7,274,4.688551036221174,-0.3278554265973889
2014-11-15 12:00:00,21.5,79,0.0,6.2,277,6.153786140176196,-0.7555899291119144
2014-11-15 13:00:00,21.8,78,0.2,6.6,283,6.430842427582553,-1.484676958669509
2014-11-15 14:00:00,21.8,78,0.4,6.8,288,6.467184310807044,-2.1013155617496424
2014-11-15 15:00:00,21.1,84,1.2,6.0,303,5.032023407672544,-3.2678342100901627
2014-11-15 16:00:00,20.7,88,1.9,4.6,315,3.2526911934581184,-3.252691193458118
2014-11-15 17:00:00,20.1,91,1.9,4.2,301,3.600102662948872,-2.1631599146222276
2014-11-15 18:00:00,19.2,94,1.4,1.8,323,1.0832670416736871,-1.437543918085127
2014-11-15 19:00:00,18.9,94,1.1,1.8,11,-0.3434561916777803,-1.7669289302057951
2014-11-15 20:00:00,19.0,92,0.8,2.6,344,0.7166571251241979,-2.499280409439629
2014-11-15 21:00:00,19.1,91,0.7000000000000001,2.4,27,-1.0895771993749126,-2.138415658052083
2014-11-15 22:00:00,19.3,91,0.5,3.1,45,-2.192031021678298,-2.192031021678297
2014-11-15 23:00:00,19.5,90,0.2,5.4,37,-3.2498011250210608,-4.312631754255381
2014-11-16 00:00:00,19.6,89,0.0,7.4,39,-4.656970893768801,-5.750880114781583
2014-11-16 01:00:00,19.5,88,0.0,7.2,37,-4.333068166694748,-5.750175672340508
2014-11-16 02:00:00,19.5,88,0.0,7.0,35,-4.015035054457325,-5.734064310022941
2014-11-16 03:00:00,17.1,89,0.0,7.6,31,-3.914289369316414,-6.514471485336052
2014-11-16 04:00:00,16.6,90,0.0,8.5,28,-3.9905082836800716,-7.505054539300879
2014-11-16 05:00:00,16.5,91,0.0,8.7,30,-4.350000000000003,-7.534421012924613
2014-11-16 06:00:00,17.5,89,0.0,9.3,36,-5.466402846320002,-7.5238580476870105
2014-11-16 07:00:00,18.1,88,0.0,7.8,34,-4.361704647071823,-6.466493065929326
2014-11-16 08:00:00,18.8,93,0.0,9.4,18,-2.904759747124507,-8.939931253174443
2014-11-16 09:00:00,21.1,85,0.2,11.2,360,6.858022075225178e-16,-11.2
2014-11-16 10:00:00,21.5,85,0.0,9.9,341,3.223124729125852,-9.360633898433235
2014-11-16 11:00:00,22.3,83,0.0,9.0,337,3.5165801564034633,-8.284543681071963
2014-11-16 12:00:00,22.6,82,0.0,10.1,333,4.585304047369423,-8.999165894302514
2014-11-16 13:00:00,22.4,82,0.0,12.2,336,4.962187045524762,-11.14525458323973
2014-11-16 14:00:00,21.7,84,0.2,12.9,342,3.986319227436822,-12.26862906020748
2014-11-16 15:00:00,22.3,80,0.2,12.9,347,2.9018686010358574,-12.569373835729534
2014-11-16 16:00:00,21.3,84,0.1,12.4,352,1.7257464519048118,-12.279324052395474
2014-11-16 17:00:00,20.2,89,0.1,10.8,356,0.7533699164365526,-10.773691742806102
2014-11-16 18:00:00,19.3,93,0.0,9.8,6,-1.024378940023003,-9.74631457460908
2014-11-16 19:00:00,18.9,95,0.1,11.6,7,-1.413684383499707,-11.513535359039336
2014-11-16 20:00:00,18.4,96,0.1,9.8,6,-1.024378940023003,-9.74631457460908
2014-11-16 21:00:00,18.1,97,0.1,8.6,358,0.3001356716415093,-8.594761112364223
2014-11-16 22:00:00,17.9,97,0.1,8.6,358,0.3001356716415093,-8.594761112364223
2014-11-16 23:00:00,17.8,97,0.0,9.4,4,-0.6557108531947805,-9.377102072442348
2014-11-17 00:00:00,17.6,97,0.0,9.1,9,-1.4235536318661024,-8.987963899415753
2014-11-17 01:00:00,17.7,97,0.0,8.5,12,-1.767249371950958,-8.314254606237347
2014-11-17 02:00:00,17.1,97,0.2,9.1,7,-1.1090110249868392,-9.03216997993603
2014-11-17 03:00:00,17.5,96,0.2,9.3,13,-2.092044805397947,-9.061641602502688
2014-11-17 04:00:00,17.5,96,0.0,9.5,9,-1.4861274178821948,-9.383039235653808
2014-11-17 05:00:00,17.7,95,0.0,10.2,8,-1.4195656297926713,-10.100734301164016
2014-11-17 06:00:00,17.8,94,0.0,7.2,3,-0.376818884949199,-7.190132650232932
2014-11-17 07:00:00,17.9,94,0.1,8.7,355,0.7582549619046257,-8.666893873398186
2014-11-17 08:00:00,18.8,92,0.0,8.7,353,1.060263287624783,-8.6351515192795
2014-11-17 09:00:00,19.9,87,0.0,10.4,358,0.36295476570601126,-10.393664600998596
2014-11-17 10:00:00,20.4,85,0.0,10.8,358,0.3769145643870117,-10.793420931806235
2014-11-17 11:00:00,20.7,84,0.0,8.8,348,1.8296228791962834,-8.60769888645749
2014-11-17 12:00:00,21.3,81,0.0,8.1,328,4.29234604028896,-6.86918957886705
2014-11-17 13:00:00,21.6,80,0.2,7.7,319,5.051654523226906,-5.811263767715345
2014-11-17 14:00:00,21.0,82,0.0,5.1,321,3.209533994354171,-3.963444403430551
2014-11-17 15:00:00,21.9,83,0.6,4.3,318,2.8772616073430903,-3.195522749552795
2014-11-17 16:00:00,21.1,87,0.6,5.1,321,3.209533994354171,-3.963444403430551
2014-11-17 17:00:00,20.2,90,0.5,5.3,332,2.4881992827652213,-4.679622242152313
2014-11-17 18:00:00,19.5,92,0.2,5.7,342,1.7613968679372005,-5.421022142882375
2014-11-17 19:00:00,18.9,92,0.1,6.2,353,0.7555899291119145,-6.153786140176196
2014-11-17 20:00:00,18.7,92,0.0,6.3,347,1.4171916423663489,-6.1385314081469815
2014-11-17 21:00:00,18.2,92,0.2,7.3,349,1.3929056662487778,-7.165878439167947
2014-11-17 22:00:00,17.7,92,0.2,7.3,351,1.1419715947936857,-7.210124886344506
2014-11-17 23:00:00,17.2,91,0.2,7.2,360,4.4087284769304716e-16,-7.2
2014-11-18 00:00:00,17.1,91,0.2,7.3,11,-1.3929056662487755,-7.165878439167947
2014-11-18 01:00:00,16.9,91,0.3,6.4,16,-1.7640790772287929,-6.152074854005242
2014-11-18 02:00:00,16.9,90,0.2,5.6,15,-1.4493866525741155,-5.4091846272187825
2014-11-18 03:00:00,17.5,81,0.0,5.2,16,-1.4333142502483942,-4.998560818879259
2014-11-18 04:00:00,17.6,79,0.0,3.8,17,-1.111012477946401,-3.633958072659534
2014-11-18 05:00:00,17.7,79,0.0,2.9,7,-0.35342109587492676,-2.878383839759834
2014-11-18 06:00:00,17.6,79,0.0,3.7,11,-0.7059932828932151,-3.632020578756357
2014-11-18 07:00:00,17.6,80,0.0,3.3,13,-0.7423384793347553,-3.215421213791276
2014-11-18 08:00:00,18.8,81,0.0,4.0,360,2.4492935982947064e-16,-4.0
2014-11-18 09:00:00,20.3,74,0.0,4.5,346,1.0886485301985045,-4.366330768241984
2014-11-18 10:00:00,21.4,71,0.0,5.9,322,3.6324027044213842,-4.64926344627966
2014-11-18 11:00:00,22.2,69,0.0,8.4,317,5.728786224524987,-6.143371093601032
2014-11-18 12:00:00,22.9,66,0.0,9.5,323,5.717242719944459,-7.587037345449282
2014-11-18 13:00:00,22.6,67,0.0,9.9,327,5.391926446648768,-8.302838622659698
2014-11-18 14:00:00,22.7,65,0.0,9.7,333,4.403707847473604,-8.642763284627167
2014-11-18 15:00:00,21.9,67,0.0,9.6,340,3.2833933759264204,-9.02104915954472
2014-11-18 16:00:00,21.3,68,0.0,8.6,338,3.2216167033768426,-7.973781149274371
2014-11-18 17:00:00,20.2,70,0.0,7.1,330,3.5500000000000007,-6.148780366869514
2014-11-18 18:00:00,18.4,82,0.0,3.6,323,2.1665340833473743,-2.875087836170254
2014-11-18 19:00:00,18.4,75,0.0,1.8,349,0.34345619167778085,-1.7669289302057951
2014-11-18 20:00:00,17.5,79,0.0,0.4,360,2.4492935982947065e-17,-0.4
2014-11-18 21:00:00,16.8,84,0.0,0.4,180,2.4492935982947065e-17,0.4
2014-11-18 22:00:00,16.4,87,0.0,1.0,225,0.7071067811865476,0.7071067811865475
2014-11-18 23:00:00,16.4,89,0.2,1.5,225,1.0606601717798214,1.0606601717798212
2014-11-19 00:00:00,16.8,89,0.3,1.6,243,1.4256104387013888,0.7263847995832748
2014-11-19 01:00:00,16.8,90,0.5,1.8,259,1.7669289302057951,0.34345619167778063
2014-11-19 02:00:00,16.8,90,0.3,1.6,243,1.4256104387013888,0.7263847995832748
2014-11-19 03:00:00,16.5,86,0.4,1.1,180,6.735557395310444e-17,1.1
2014-11-19 04:00:00,16.5,87,0.3,2.5,135,-1.7677669529663687,1.7677669529663689
2014-11-19 05:00:00,16.7,86,0.1,2.4,117,-2.138415658052083,1.0895771993749124
2014-11-19 06:00:00,17.0,84,0.0,3.1,126,-2.507952682562337,1.822134282106667
2014-11-19 07:00:00,16.9,85,0.0,1.1,108,-1.0461621679246689,0.3399186938124423
2014-11-19 08:00:00,18.0,89,0.0,1.5,256,1.4554435894139948,0.3628828433995016
2014-11-19 09:00:00,20.0,80,0.0,3.3,257,3.2154212137912763,0.7423384793347545
2014-11-19 10:00:00,21.3,76,0.0,5.9,256,5.7247447850283795,1.4273391840380396
2014-11-19 11:00:00,22.2,72,0.0,7.8,257,7.6000865053248345,1.754618223882147
2014-11-19 12:00:00,22.7,69,0.2,8.7,263,8.6351515192795,1.060263287624783
2014-11-19 13:00:00,22.8,68,0.2,9.0,268,8.994517443171862,0.31409547032250873
2014-11-19 14:00:00,22.5,70,0.0,7.6,273,7.589584464134761,-0.3977532674463731
2014-11-19 15:00:00,21.5,73,0.3,5.8,277,5.756767679519667,-0.7068421917498553
2014-11-19 16:00:00,21.4,74,0.1,4.0,280,3.939231012048832,-0.6945927106677213
2014-11-19 17:00:00,20.7,77,0.0,4.4,279,4.3458286986186065,-0.6883116461770159
2014-11-19 18:00:00,19.2,85,0.0,4.0,280,3.939231012048832,-0.6945927106677213
2014-11-19 19:00:00,19.3,81,0.0,2.3,309,1.7874357113510329,-1.4474368994146258
2014-11-19 20:00:00,18.9,83,0.0,2.9,353,0.3534210958749277,-2.8783838397598336
2014-11-19 21:00:00,18.1,86,0.0,1.8,360,1.1021821192326179e-16,-1.8
2014-11-19 22:00:00,17.3,89,0.0,1.1,18,-0.33991869381244233,-1.0461621679246689
2014-11-19 23:00:00,17.0,89,0.0,1.5,45,-1.0606601717798214,-1.0606601717798212
2014-11-20 00:00:00,16.6,90,0.0,1.6,63,-1.4256104387013888,-0.7263847995832747
2014-11-20 01:00:00,15.9,91,0.0,2.6,74,-2.499280409439629,-0.7166571251241974
2014-11-20 02:00:00,15.5,90,0.0,3.4,72,-3.2335921554035223,-1.0506577808748208
2014-11-20 03:00:00,15.7,86,0.0,3.3,77,-3.2154212137912763,-0.7423384793347544
2014-11-20 04:00:00,15.7,83,0.0,3.1,69,-2.8940993221413254,-1.1109406435904314
2014-11-20 05:00:00,15.7,82,0.0,2.8,50,-2.1449244407331385,-1.7998053071223097
2014-11-20 06:00:00,15.7,81,0.0,3.4,58,-2.8833635269318485,-1.8017254983928963
2014-11-20 07:00:00,15.8,81,0.0,1.9,68,-1.761649323676896,-0.7117525274902328
2014-11-20 08:00:00,18.1,88,0.0,1.8,90,-1.8,2.2043642384652358e-16
2014-11-20 09:00:00,20.6,77,0.0,2.1,301,1.800051331474436,-1.0815799573111138
2014-11-20 10:00:00,21.8,75,0.0,4.1,285,3.96029588778518,-1.061158084920335
2014-11-20 11:00:00,22.7,73,0.0,6.2,277,6.153786140176196,-0.7555899291119144
2014-11-20 12:00:00,23.3,72,0.0,7.3,279,7.210124886344506,-1.1419715947936853
2014-11-20 13:00:00,23.5,70,0.0,7.9,286,7.59396739791272,-2.1775351109542935
2014-11-20 14:00:00,23.3,70,0.2,7.6,295,6.887939181478539,-3.211898789229316
2014-11-20 15:00:00,23.3,69,0.0,7.1,300,6.148780366869515,-3.5499999999999994
2014-11-20 16:00:00,22.5,72,0.3,5.9,308,4.64926344627966,-3.6324027044213842
2014-11-20 17:00:00,21.5,78,0.0,5.0,300,4.330127018922194,-2.4999999999999996
2014-11-20 18:00:00,20.7,77,0.0,1.5,346,0.3628828433995015,-1.4554435894139948
2014-11-20 19:00:00,20.2,79,0.0,1.8,37,-1.083267041673687,-1.437543918085127
2014-11-20 20:00:00,19.2,83,0.0,1.8,53,-1.437543918085127,-1.0832670416736871
2014-11-20 21:00:00,17.1,89,0.0,1.6,63,-1.4256104387013888,-0.7263847995832747
2014-11-20 22:00:00,16.3,91,0.1,2.4,63,-2.138415658052083,-1.089577199374912
2014-11-20 23:00:00,16.1,92,0.0,2.3,51,-1.7874357113510326,-1.4474368994146265
2014-11-21 00:00:00,16.1,91,0.0,2.3,51,-1.7874357113510326,-1.4474368994146265
2014-11-21 01:00:00,15.9,91,0.0,2.3,51,-1.7874357113510326,-1.4474368994146265
2014-11-21 02:00:00,15.6,91,0.0,2.3,51,-1.7874357113510326,-1.4474368994146265
2014-11-21 03:00:00,14.7,86,0.0,2.3,51,-1.7874357113510326,-1.4474368994146265
2014-11-21 04:00:00,14.3,87,0.0,2.9,60,-2.5114736709748717,-1.4500000000000002
2014-11-21 05:00:00,13.8,88,0.0,2.4,63,-2.138415658052083,-1.089577199374912
2014-11-21 06:00:00,13.6,88,0.0,2.8,50,-2.1449244407331385,-1.7998053071223097
2014-11-21 07:00:00,13.8,89,0.0,3.3,49,-2.490541614735148,-2.1649947956686733
2014-11-21 08:00:00,18.1,89,0.0,2.8,40,-1.7998053071223103,-2.144924440733138
2014-11-21 09:00:00,21.8,71,0.0,5.9,349,1.125773072721615,-5.791600382341218
2014-11-21 10:00:00,23.0,72,0.0,8.0,350,1.3891854213354433,-7.878462024097664
2014-11-21 11:00:00,23.9,70,0.0,9.4,353,1.1455718280083864,-9.329933825428427
2014-11-21 12:00:00,24.4,68,0.0,10.4,346,2.515987714236544,-10.091075553270363
2014-11-21 13:00:00,24.5,68,0.0,11.2,345,2.8987733051482323,-10.818369254437565
2014-11-21 14:00:00,24.1,70,0.0,12.6,347,2.8343832847326977,-12.277062816293963
2014-11-21 15:00:00,23.6,71,0.0,12.1,348,2.5157314588948894,-11.835585968879046
2014-11-21 16:00:00,22.9,74,0.0,10.2,350,1.77121141220269,-10.045039080724521
2014-11-21 17:00:00,21.6,79,0.0,9.6,347,2.159530121701103,-9.353952621938259
2014-11-21 18:00:00,19.8,90,0.0,10.9,9,-1.7051356689385184,-10.765802912487
2014-11-21 19:00:00,19.3,88,0.0,8.7,38,-5.356254835333225,-6.8556935563784815
2014-11-21 20:00:00,19.0,87,0.0,5.7,55,-4.669166652447253,-3.269385687200963
2014-11-21 21:00:00,18.9,85,0.0,5.0,60,-4.330127018922193,-2.5000000000000004
2014-11-21 22:00:00,18.0,85,0.0,4.9,54,-3.964183272437243,-2.880147736233118
2014-11-21 23:00:00,17.6,83,0.0,4.1,45,-2.8991378028648453,-2.8991378028648445
2014-11-22 00:00:00,16.7,84,0.0,3.6,45,-2.545584412271572,-2.545584412271571
2014-11-22 01:00:00,15.5,85,0.0,2.6,56,-2.1554976886431088,-1.4539015490239415
2014-11-22 02:00:00,14.5,86,0.0,2.6,56,-2.1554976886431088,-1.4539015490239415
2014-11-22 03:00:00,12.9,90,0.0,2.5,45,-1.7677669529663693,-1.7677669529663687
2014-11-22 04:00:00,12.8,89,0.0,2.3,51,-1.7874357113510326,-1.4474368994146265
2014-11-22 05:00:00,12.7,89,0.0,2.8,50,-2.1449244407331385,-1.7998053071223097
2014-11-22 06:00:00,12.6,88,0.0,3.8,49,-2.867896404846534,-2.4930243101639267
2014-11-22 07:00:00,13.0,88,0.0,4.3,48,-3.195522749552795,-2.8772616073430903
2014-11-22 08:00:00,17.4,89,0.0,5.1,51,-3.9634444034305507,-3.2095339943541714
2014-11-22 09:00:00,22.7,60,0.0,6.6,9,-1.0324674692655247,-6.5187430479279085
2014-11-22 10:00:00,23.9,60,0.0,8.0,350,1.3891854213354433,-7.878462024097664
2014-11-22 11:00:00,24.8,60,0.0,7.9,330,3.950000000000001,-6.841600689897065
2014-11-22 12:00:00,25.3,59,0.0,7.6,315,5.374011537017761,-5.37401153701776
2014-11-22 13:00:00,25.5,59,0.0,7.3,303,6.122295146001595,-3.9758649556096977
2014-11-22 14:00:00,25.3,60,0.0,6.6,292,6.1194134401407965,-2.472403516545019
2014-11-22 15:00:00,25.1,65,0.0,6.4,286,6.1520748540052415,-1.7640790772287946
2014-11-22 16:00:00,24.3,69,0.0,5.4,290,5.074340152243906,-1.8469087739586112
2014-11-22 17:00:00,22.9,76,0.0,5.5,281,5.3989495089621515,-1.0494494745709964
2014-11-22 18:00:00,20.4,89,0.0,3.2,270,3.2,0.0
2014-11-22 19:00:00,19.1,90,0.0,1.4,180,8.572527594031472e-17,1.4
2014-11-22 20:00:00,17.9,92,0.0,3.9,158,-1.4609657143220571,3.616017032810471
2014-11-22 21:00:00,17.0,92,0.0,4.2,149,-2.163159914622228,3.600102662948872
2014-11-22 22:00:00,16.4,92,0.0,3.4,162,-1.050657780874821,3.2335921554035223
2014-11-22 23:00:00,16.1,92,0.0,3.8,163,-1.1110124779463992,3.633958072659535
2014-11-23 00:00:00,15.8,92,0.0,3.5,156,-1.423578250765301,3.197409101749103
2014-11-23 01:00:00,15.3,92,0.0,3.2,153,-1.4527695991665495,2.8512208774027776
2014-11-23 02:00:00,14.8,91,0.0,2.9,150,-1.4499999999999993,2.511473670974872
2014-11-23 03:00:00,14.2,91,0.0,3.1,126,-2.507952682562337,1.822134282106667
2014-11-23 04:00:00,14.1,90,0.0,2.6,106,-2.499280409439629,0.716657125124198
2014-11-23 05:00:00,13.8,90,0.0,2.6,106,-2.499280409439629,0.716657125124198
2014-11-23 06:00:00,13.7,91,0.0,2.7,113,-2.485363104321589,1.0549740469210394
2014-11-23 07:00:00,13.8,91,0.0,3.9,112,-3.6160170328104706,1.4609657143220578
2014-11-23 08:00:00,17.6,90,0.0,4.2,121,-3.6001026629488715,2.1631599146222285
2014-11-23 09:00:00,23.0,65,0.0,2.9,240,2.511473670974872,1.4499999999999997
2014-11-23 10:00:00,24.0,66,0.0,5.5,259,5.3989495089621515,1.0494494745709964
2014-11-23 11:00:00,24.7,68,0.0,6.6,261,6.518743047927909,1.0324674692655236
2014-11-23 12:00:00,25.2,67,0.0,7.2,270,7.2,0.0
2014-11-23 13:00:00,25.3,68,0.0,8.0,275,7.969557584733964,-0.6972459419812653
2014-11-23 14:00:00,25.0,69,0.0,8.1,283,7.892397524760405,-1.8221035401853065
2014-11-23 15:00:00,24.5,71,0.0,7.6,295,6.887939181478539,-3.211898789229316
2014-11-23 16:00:00,23.7,73,0.0,5.9,308,4.64926344627966,-3.6324027044213842
2014-11-23 17:00:00,22.6,81,0.0,5.6,310,4.289848881466277,-3.5996106142446194
2014-11-23 18:00:00,22.0,78,0.0,3.8,311,2.8678964048465336,-2.4930243101639276
2014-11-23 19:00:00,21.3,81,0.0,2.2,9,-0.3441558230885083,-2.172914349309303
2014-11-23 20:00:00,20.2,84,0.0,2.0,45,-1.4142135623730954,-1.414213562373095
2014-11-23 21:00:00,19.2,86,0.0,1.8,37,-1.083267041673687,-1.437543918085127
2014-11-23 22:00:00,18.5,87,0.1,1.5,76,-1.4554435894139948,-0.3628828433995013
2014-11-23 23:00:00,17.9,88,0.1,0.8,117,-0.7128052193506943,0.36319239979163753
2014-11-24 00:00:00,18.0,88,0.0,1.1,162,-0.3399186938124421,1.046162167924669
2014-11-24 01:00:00,18.5,86,0.1,1.1,162,-0.3399186938124421,1.046162167924669
2014-11-24 02:00:00,18.5,86,0.0,0.4,90,-0.4,4.898587196589413e-17
2014-11-24 03:00:00,14.9,90,0.0,1.0,45,-0.7071067811865477,-0.7071067811865475
2014-11-24 04:00:00,14.5,90,0.0,1.5,45,-1.0606601717798214,-1.0606601717798212
2014-11-24 05:00:00,14.3,89,0.0,2.1,31,-1.0815799573111144,-1.8000513314744355
2014-11-24 06:00:00,14.1,89,0.0,3.4,58,-2.8833635269318485,-1.8017254983928963
2014-11-24 07:00:00,14.6,90,0.0,2.5,82,-2.475670171853926,-0.3479327524001638
2014-11-24 08:00:00,18.3,90,0.0,2.5,98,-2.475670171853926,0.3479327524001633
2014-11-24 09:00:00,22.7,64,0.0,1.8,281,1.7669289302057951,-0.34345619167778063
2014-11-24 10:00:00,23.8,65,0.0,4.3,270,4.3,0.0
2014-11-24 11:00:00,24.6,65,0.0,5.8,270,5.8,0.0
2014-11-24 12:00:00,25.1,64,0.0,6.5,276,6.4643923198937765,-0.6794350112397476
2014-11-24 13:00:00,25.2,64,0.0,7.1,285,6.858073366652385,-1.8376152202278973
2014-11-24 14:00:00,25.0,66,0.0,6.6,292,6.1194134401407965,-2.472403516545019
2014-11-24 15:00:00,24.3,68,0.0,5.7,305,4.669166652447253,-3.2693856872009626
2014-11-24 16:00:00,23.8,70,0.0,4.8,312,3.5670951622914924,-3.2118269105225195
2014-11-24 17:00:00,22.8,78,0.0,4.4,325,2.5237363199446032,-3.604268994871564
2014-11-24 18:00:00,21.0,79,0.0,3.3,41,-2.1649947956686737,-2.4905416147351476
2014-11-24 19:00:00,19.4,82,0.0,2.4,63,-2.138415658052083,-1.089577199374912
2014-11-24 20:00:00,18.1,84,0.0,1.1,72,-1.046162167924669,-0.33991869381244205
2014-11-24 21:00:00,17.0,84,0.0,0.7000000000000001,360,4.2862637970157366e-17,-0.7000000000000001
2014-11-24 22:00:00,16.1,84,0.0,0.8,27,-0.36319239979163753,-0.7128052193506943
2014-11-24 23:00:00,15.3,83,0.0,1.8,79,-1.7669289302057951,-0.3434561916777805
2014-11-25 00:00:00,14.6,82,0.0,2.5,90,-2.5,3.061616997868383e-16
2014-11-25 01:00:00,13.5,84,0.0,2.6,124,-2.1554976886431083,1.453901549023942
2014-11-25 02:00:00,12.7,85,0.0,3.1,126,-2.507952682562337,1.822134282106667
2014-11-25 03:00:00,12.2,88,0.0,1.9,112,-1.7616493236768958,0.7117525274902332
2014-11-25 04:00:00,12.1,87,0.0,1.6,63,-1.4256104387013888,-0.7263847995832747
2014-11-25 05:00:00,12.2,85,0.0,2.3,51,-1.7874357113510326,-1.4474368994146265
2014-11-25 06:00:00,12.3,83,0.0,2.9,60,-2.5114736709748717,-1.4500000000000002
2014-11-25 07:00:00,12.6,85,0.0,3.3,84,-3.2819222547153015,-0.3449439287832565
2014-11-25 08:00:00,16.7,87,0.0,3.1,69,-2.8940993221413254,-1.1109406435904314
2014-11-25 09:00:00,22.1,53,0.0,2.9,360,1.7757378587636622e-16,-2.9
2014-11-25 10:00:00,23.6,51,0.0,4.4,325,2.5237363199446032,-3.604268994871564
2014-11-25 11:00:00,24.4,54,0.0,6.9,317,4.70578868443124,-5.046340541172277
2014-11-25 12:00:00,24.8,55,0.0,6.9,317,4.70578868443124,-5.046340541172277
2014-11-25 13:00:00,25.0,56,0.0,6.9,313,5.046340541172277,-4.70578868443124
2014-11-25 14:00:00,24.9,58,0.0,6.9,317,4.70578868443124,-5.046340541172277
2014-11-25 15:00:00,24.4,62,0.0,6.5,326,3.634753872559854,-5.388744221607771
2014-11-25 16:00:00,23.8,65,0.0,6.1,332,2.863776532993934,-5.385980316439453
2014-11-25 17:00:00,22.3,74,0.0,5.5,337,2.1490212066910055,-5.062776693988422
2014-11-25 18:00:00,21.4,71,0.0,3.3,49,-2.490541614735148,-2.1649947956686733
2014-11-25 19:00:00,20.3,74,0.0,4.0,63,-3.5640260967534716,-1.8159619989581868
2014-11-25 20:00:00,19.6,76,0.0,3.9,68,-3.616017032810471,-1.460965714322057
2014-11-25 21:00:00,18.0,78,0.0,3.2,63,-2.8512208774027776,-1.4527695991665495
2014-11-25 22:00:00,16.7,80,0.0,2.7,67,-2.485363104321589,-1.0549740469210387
2014-11-25 23:00:00,16.2,79,0.0,2.7,67,-2.485363104321589,-1.0549740469210387
2014-11-26 00:00:00,16.0,77,0.0,2.8,50,-2.1449244407331385,-1.7998053071223097
2014-11-26 01:00:00,15.9,76,0.0,3.1,45,-2.192031021678298,-2.192031021678297
2014-11-26 02:00:00,15.9,75,0.0,3.3,41,-2.1649947956686737,-2.4905416147351476
2014-11-26 03:00:00,13.9,81,0.0,3.3,41,-2.1649947956686737,-2.4905416147351476
2014-11-26 04:00:00,13.6,80,0.0,3.8,49,-2.867896404846534,-2.4930243101639267
2014-11-26 05:00:00,13.3,80,0.0,3.8,49,-2.867896404846534,-2.4930243101639267
2014-11-26 06:00:00,13.1,80,0.0,3.8,49,-2.867896404846534,-2.4930243101639267
2014-11-26 07:00:00,13.5,80,0.0,4.1,38,-2.524212048835198,-3.2308440897875603
2014-11-26 08:00:00,17.9,81,0.0,4.4,35,-2.523736319944604,-3.604268994871563
2014-11-26 09:00:00,22.5,57,0.0,6.5,3,-0.340183715579138,-6.49109197590473
2014-11-26 10:00:00,23.8,56,0.0,7.0,348,1.4553818357243162,-6.847033205136639
2014-11-26 11:00:00,24.9,55,0.0,7.6,341,2.474317973874391,-7.185941174554807
2014-11-26 12:00:00,25.5,54,0.0,8.6,338,3.2216167033768426,-7.973781149274371
2014-11-26 13:00:00,25.6,54,0.0,9.0,337,3.5165801564034633,-8.284543681071963
2014-11-26 14:00:00,25.5,54,0.0,8.2,337,3.203995253612044,-7.54813979831001
2014-11-26 15:00:00,25.2,57,0.0,7.1,330,3.5500000000000007,-6.148780366869514
2014-11-26 16:00:00,24.3,62,0.0,5.7,325,3.269385687200963,-4.669166652447253
2014-11-26 17:00:00,22.5,70,0.0,5.7,305,4.669166652447253,-3.2693856872009626
2014-11-26 18:00:00,20.7,76,0.0,2.6,254,2.499280409439629,0.7166571251241979
2014-11-26 19:00:00,19.6,80,0.0,0.4,90,-0.4,4.898587196589413e-17
2014-11-26 20:00:00,18.7,83,0.0,1.5,76,-1.4554435894139948,-0.3628828433995013
2014-11-26 21:00:00,18.0,85,0.0,2.9,83,-2.878383839759834,-0.3534210958749272
2014-11-26 22:00:00,16.8,88,0.0,3.0,76,-2.9108871788279895,-0.7257656867990026
2014-11-26 23:00:00,16.0,89,0.0,2.6,74,-2.499280409439629,-0.7166571251241974
2014-11-27 00:00:00,15.5,90,0.0,2.6,74,-2.499280409439629,-0.7166571251241974
2014-11-27 01:00:00,15.5,90,0.0,2.5,82,-2.475670171853926,-0.3479327524001638
2014-11-27 02:00:00,15.6,89,0.0,2.6,74,-2.499280409439629,-0.7166571251241974
2014-11-27 03:00:00,15.5,88,0.0,2.7,67,-2.485363104321589,-1.0549740469210387
2014-11-27 04:00:00,15.5,86,0.0,3.1,69,-2.8940993221413254,-1.1109406435904314
2014-11-27 05:00:00,15.7,85,0.0,3.2,63,-2.8512208774027776,-1.4527695991665495
2014-11-27 06:00:00,15.6,85,0.0,3.5,66,-3.197409101749103,-1.4235782507653008
2014-11-27 07:00:00,15.9,85,0.0,3.9,56,-3.233246532964663,-2.180852323535912
2014-11-27 08:00:00,20.2,78,0.0,4.1,52,-3.23084408978756,-2.5242120488351985
2014-11-27 09:00:00,23.0,68,0.0,4.8,347,1.0797650608505516,-4.676976310969129
2014-11-27 10:00:00,24.4,65,0.0,5.5,328,2.914555953282627,-4.664264528860342
2014-11-27 11:00:00,25.4,63,0.0,5.3,332,2.4881992827652213,-4.679622242152313
2014-11-27 12:00:00,26.2,62,0.0,6.4,333,2.9055391983331,-5.702441754805554
2014-11-27 13:00:00,26.4,61,0.0,7.4,337,2.8914103508206255,-6.811735915548059
2014-11-27 14:00:00,26.1,63,0.0,8.0,355,0.6972459419812651,-7.969557584733964
2014-11-27 15:00:00,25.9,60,0.1,7.2,360,4.4087284769304716e-16,-7.2
2014-11-27 16:00:00,25.4,62,0.0,5.5,349,1.049449474570997,-5.3989495089621515
2014-11-27 17:00:00,23.9,67,0.0,5.8,330,2.9000000000000004,-5.0229473419497435
2014-11-27 18:00:00,22.1,77,0.0,4.3,24,-1.7489675652259404,-3.928245467863184
2014-11-27 19:00:00,20.9,78,0.0,2.4,63,-2.138415658052083,-1.089577199374912
2014-11-27 20:00:00,22.2,70,0.0,0.4,180,2.4492935982947065e-17,0.4
2014-11-27 21:00:00,21.7,72,0.0,1.1,108,-1.0461621679246689,0.3399186938124423
2014-11-27 22:00:00,21.1,75,0.0,2.5,98,-2.475670171853926,0.3479327524001633
2014-11-27 23:00:00,21.3,74,0.0,3.1,69,-2.8940993221413254,-1.1109406435904314
2014-11-28 00:00:00,21.1,73,0.0,3.4,72,-3.2335921554035223,-1.0506577808748208
2014-11-28 01:00:00,21.0,73,0.0,3.1,69,-2.8940993221413254,-1.1109406435904314
2014-11-28 02:00:00,20.1,76,0.0,2.3,72,-2.187429987478853,-0.7107390870623786
2014-11-28 03:00:00,17.5,83,0.0,2.1,59,-1.800051331474436,-1.0815799573111138
2014-11-28 04:00:00,18.0,80,0.0,2.0,45,-1.4142135623730954,-1.414213562373095
2014-11-28 05:00:00,17.4,82,0.0,3.1,54,-2.5079526825623377,-1.8221342821066664
2014-11-28 06:00:00,18.4,78,0.0,3.1,69,-2.8940993221413254,-1.1109406435904314
2014-11-28 07:00:00,20.2,72,0.0,2.6,56,-2.1554976886431088,-1.4539015490239415
2014-11-28 08:00:00,21.3,74,0.0,2.1,59,-1.800051331474436,-1.0815799573111138
2014-11-28 09:00:00,23.1,73,0.0,2.0,315,1.4142135623730951,-1.414213562373095
2014-11-28 10:00:00,24.5,69,0.0,3.5,294,3.197409101749103,-1.4235782507653008
2014-11-28 11:00:00,25.3,66,0.0,4.5,299,3.935788682127281,-2.1816432911085166
2014-11-28 12:00:00,26.0,63,0.0,6.6,315,4.666904755831213,-4.666904755831213
2014-11-28 13:00:00,26.4,61,0.0,7.2,323,4.333068166694749,-5.750175672340508
2014-11-28 14:00:00,26.4,60,0.0,5.8,338,2.1727182418122895,-5.377666356487367
2014-11-28 15:00:00,25.6,66,0.0,7.3,327,3.9758649556096977,-6.122295146001595
2014-11-28 16:00:00,24.9,68,0.0,7.1,336,2.8878301658381815,-6.486172749262466
2014-11-28 17:00:00,23.6,74,0.0,7.6,335,3.211898789229316,-6.887939181478539
2014-11-28 18:00:00,21.7,85,0.0,5.0,30,-2.500000000000002,-4.330127018922192
2014-11-28 19:00:00,22.0,79,0.0,4.5,61,-3.9357886821272814,-2.181643291108516
2014-11-28 20:00:00,21.7,80,0.0,3.3,77,-3.2154212137912763,-0.7423384793347544
2014-11-28 21:00:00,21.0,81,0.0,1.9,68,-1.761649323676896,-0.7117525274902328
2014-11-28 22:00:00,19.9,83,0.0,1.5,45,-1.0606601717798214,-1.0606601717798212
2014-11-28 23:00:00,18.9,85,0.0,1.5,45,-1.0606601717798214,-1.0606601717798212
2014-11-29 00:00:00,18.1,86,0.0,2.1,59,-1.800051331474436,-1.0815799573111138
2014-11-29 01:00:00,17.7,86,0.0,2.6,74,-2.499280409439629,-0.7166571251241974
2014-11-29 02:00:00,17.1,87,0.0,3.0,76,-2.9108871788279895,-0.7257656867990026
2014-11-29 03:00:00,16.5,89,0.0,2.6,74,-2.499280409439629,-0.7166571251241974
2014-11-29 04:00:00,16.3,90,0.0,2.4,63,-2.138415658052083,-1.089577199374912
2014-11-29 05:00:00,16.5,89,0.0,2.3,51,-1.7874357113510326,-1.4474368994146265
2014-11-29 06:00:00,16.8,86,0.0,2.6,56,-2.1554976886431088,-1.4539015490239415
2014-11-29 07:00:00,17.3,84,0.0,2.6,56,-2.1554976886431088,-1.4539015490239415
2014-11-29 08:00:00,21.7,74,0.0,2.1,59,-1.800051331474436,-1.0815799573111138
2014-11-29 09:00:00,24.0,70,0.0,3.1,324,1.8221342821066668,-2.5079526825623373
2014-11-29 10:00:00,24.9,72,0.0,5.5,302,4.664264528860342,-2.914555953282627
2014-11-29 11:00:00,25.7,71,0.0,7.4,293,6.811735915548059,-2.891410350820626
2014-11-29 12:00:00,26.0,72,0.0,6.6,283,6.430842427582553,-1.484676958669509
2014-11-29 13:00:00,25.7,74,0.0,6.8,288,6.467184310807044,-2.1013155617496424
2014-11-29 14:00:00,25.6,74,0.0,7.2,297,6.415246974156249,-3.2687315981247367
2014-11-29 15:00:00,24.5,77,0.0,6.4,308,5.043268823083021,-3.9402334420842133
2014-11-29 16:00:00,24.1,79,0.0,6.2,324,3.6442685642133337,-5.0159053651246746
2014-11-29 17:00:00,23.4,82,0.0,6.7,324,3.93816119035957,-5.420413862312148
2014-11-29 18:00:00,22.5,88,0.0,5.2,344,1.4333142502483958,-4.998560818879258
2014-11-29 19:00:00,21.4,93,0.0,3.3,354,0.3449439287832564,-3.2819222547153015
2014-11-29 20:00:00,21.5,91,0.0,2.2,351,0.34415582308850806,-2.1729143493093033
2014-11-29 21:00:00,21.2,93,0.0,1.8,37,-1.083267041673687,-1.437543918085127
2014-11-29 22:00:00,20.9,94,0.0,1.3,56,-1.0777488443215544,-0.7269507745119708
2014-11-29 23:00:00,20.9,94,0.0,1.3,56,-1.0777488443215544,-0.7269507745119708
2014-11-30 00:00:00,20.7,95,0.0,1.8,53,-1.437543918085127,-1.0832670416736871
2014-11-30 01:00:00,20.5,95,0.0,2.1,59,-1.800051331474436,-1.0815799573111138
2014-11-30 02:00:00,20.5,95,0.0,2.3,51,-1.7874357113510326,-1.4474368994146265
2014-11-30 03:00:00,20.9,88,0.0,2.0,45,-1.4142135623730954,-1.414213562373095
2014-11-30 04:00:00,21.1,88,0.0,2.3,39,-1.447436899414627,-1.7874357113510322
2014-11-30 05:00:00,21.1,88,0.0,2.3,51,-1.7874357113510326,-1.4474368994146265
2014-11-30 06:00:00,20.5,88,0.0,4.0,63,-3.5640260967534716,-1.8159619989581868
2014-11-30 07:00:00,20.2,88,0.0,3.1,45,-2.192031021678298,-2.192031021678297
2014-11-30 08:00:00,21.3,89,0.0,2.3,39,-1.447436899414627,-1.7874357113510322
2014-11-30 09:00:00,22.7,85,0.0,3.8,343,1.1110124779463997,-3.6339580726595346
2014-11-30 10:00:00,23.6,82,0.0,5.2,344,1.4333142502483958,-4.998560818879258
2014-11-30 11:00:00,25.0,77,0.0,6.6,331,3.199743493625825,-5.772490067120011
2014-11-30 12:00:00,25.8,74,0.0,7.4,321,4.656970893768798,-5.750880114781585
2014-11-30 13:00:00,26.3,73,0.0,7.6,315,5.374011537017761,-5.37401153701776
2014-11-30 14:00:00,26.1,73,0.0,7.9,317,5.387787044493738,-5.777694242791447
2014-11-30 15:00:00,25.7,73,0.0,8.2,319,5.379684037722159,-6.18861855782673
2014-11-30 16:00:00,24.8,74,0.0,8.3,326,4.641301098807199,-6.881011852206847
2014-11-30 17:00:00,23.6,78,0.0,7.3,327,3.9758649556096977,-6.122295146001595
2014-11-30 18:00:00,22.3,86,0.0,6.8,357,0.35588450245201897,-6.790680836331102
2014-11-30 19:00:00,21.2,88,0.0,6.3,24,-2.5624408513775405,-5.755336383148386
2014-11-30 20:00:00,20.7,88,0.0,5.6,50,-4.289848881466277,-3.5996106142446194
2014-11-30 21:00:00,21.0,85,0.0,5.3,62,-4.679622242152313,-2.4881992827652213
2014-11-30 22:00:00,20.4,87,0.0,4.3,48,-3.195522749552795,-2.8772616073430903
2014-11-30 23:00:00,19.2,89,0.0,6.5,56,-5.388744221607772,-3.6347538725598536
2014-12-01 00:00:00,18.5,91,0.0,8.1,69,-7.5620014546273335,-2.9027803913169334
2014-12-01 01:00:00,18.4,90,0.0,7.4,67,-6.811735915548059,-2.8914103508206246
2014-12-01 02:00:00,18.2,90,0.0,8.2,49,-6.1886185578267305,-5.379684037722157
2014-12-01 03:00:00,17.9,89,0.0,10.5,27,-4.766900247265243,-9.355568503977862
2014-12-01 04:00:00,18.1,92,0.0,13.1,16,-3.6108493612026855,-12.592528216791978
2014-12-01 05:00:00,17.8,94,0.0,14.2,16,-3.914050452601384,-13.649916082324129
2014-12-01 06:00:00,17.6,94,0.0,13.8,15,-3.571702822414785,-13.329776402789143
2014-12-01 07:00:00,17.3,92,0.0,11.9,25,-5.02915731471432,-10.785062665736136
2014-12-01 08:00:00,19.2,84,0.0,10.4,20,-3.557009490586953,-9.772803256173448
2014-12-01 09:00:00,20.2,79,0.0,11.2,358,0.3908743630680121,-11.193177262613872
2014-12-01 10:00:00,20.6,76,0.0,10.5,344,2.8941922360784913,-10.093247807352348
2014-12-01 11:00:00,21.3,72,0.0,10.8,334,4.734408385322037,-9.706975700031006
2014-12-01 12:00:00,20.9,72,0.0,11.1,335,4.691062705321763,-10.060016436106814
2014-12-01 13:00:00,20.3,73,0.2,11.9,335,5.029157314714324,-10.785062665736135
2014-12-01 14:00:00,19.8,75,0.0,13.9,339,4.981314498679676,-12.976767928311105
2014-12-01 15:00:00,20.3,70,0.0,13.9,343,4.063966695646041,-13.292636107886192
2014-12-01 16:00:00,19.5,71,0.0,11.9,346,2.8788705576360454,-11.546519142684359
2014-12-01 17:00:00,18.7,72,0.0,9.7,345,2.510544737494451,-9.369480515003962
2014-12-01 18:00:00,18.0,74,0.8,8.7,353,1.060263287624783,-8.6351515192795
2014-12-01 19:00:00,17.2,78,0.8,8.0,350,1.3891854213354433,-7.878462024097664
2014-12-01 20:00:00,16.5,87,0.7000000000000001,6.8,342,2.1013155617496424,-6.467184310807044
2014-12-01 21:00:00,16.2,90,1.0,6.4,344,1.7640790772287946,-6.1520748540052415
2014-12-01 22:00:00,16.2,91,0.2,7.1,345,1.8376152202278973,-6.858073366652385
2014-12-01 23:00:00,15.9,92,0.2,7.6,352,1.0577155672964975,-7.5260373224359345
2014-12-02 00:00:00,15.5,93,0.5,7.1,345,1.8376152202278973,-6.858073366652385
2014-12-02 01:00:00,15.2,93,0.6,8.7,343,2.5436338310878095,-8.319851376878407
2014-12-02 02:00:00,15.2,93,0.9,9.0,358,0.31409547032250973,-8.994517443171862
2014-12-02 03:00:00,15.3,91,1.1,6.6,13,-1.4846769586695105,-6.430842427582552
2014-12-02 04:00:00,15.5,90,1.3,4.7,356,0.3278554265973886,-4.688551036221174
2014-12-02 05:00:00,15.4,93,1.1,6.7,344,1.8467702839738944,-6.440453362786736
2014-12-02 06:00:00,15.8,87,1.1,5.5,11,-1.0494494745709955,-5.3989495089621515
2014-12-02 07:00:00,16.2,88,1.7000000000000002,3.4,32,-1.801725498392897,-2.883363526931848
2014-12-02 08:00:00,16.6,91,0.5,2.7,23,-1.0549740469210394,-2.4853631043215887
2014-12-02 09:00:00,17.0,89,0.0,5.6,345,1.4493866525741161,-5.4091846272187825
2014-12-02 10:00:00,16.9,88,0.0,8.9,333,4.040515447681967,-7.929958065276474
2014-12-02 11:00:00,17.4,86,0.0,8.2,337,3.203995253612044,-7.54813979831001
2014-12-02 12:00:00,17.5,84,0.0,8.0,350,1.3891854213354433,-7.878462024097664
2014-12-02 13:00:00,17.4,84,0.0,6.6,351,1.032467469265524,-6.518743047927909
2014-12-02 14:00:00,17.4,84,0.0,7.2,333,3.268731598124737,-6.415246974156248
2014-12-02 15:00:00,17.9,79,0.0,6.8,335,2.873804179836756,-6.162892951849219
2014-12-02 16:00:00,17.7,79,0.0,5.8,338,2.1727182418122895,-5.377666356487367
2014-12-02 17:00:00,17.0,81,0.0,5.0,330,2.5000000000000004,-4.330127018922193
2014-12-02 18:00:00,16.3,86,0.0,3.4,342,1.0506577808748212,-3.233592155403522
2014-12-02 19:00:00,16.2,84,0.0,3.8,343,1.1110124779463997,-3.6339580726595346
2014-12-02 20:00:00,15.2,89,0.0,3.8,343,1.1110124779463997,-3.6339580726595346
2014-12-02 21:00:00,14.8,91,0.0,1.5,45,-1.0606601717798214,-1.0606601717798212
2014-12-02 22:00:00,15.1,90,0.2,0.5,315,0.3535533905932738,-0.35355339059327373
2014-12-02 23:00:00,15.5,90,0.2,0.4,360,2.4492935982947065e-17,-0.4
2014-12-03 00:00:00,15.5,93,0.0,0.5,135,-0.35355339059327373,0.3535533905932738
2014-12-03 01:00:00,15.8,92,0.0,0.0,270,0.0,0.0
2014-12-03 02:00:00,15.7,91,0.0,0.5,45,-0.35355339059327384,-0.35355339059327373
2014-12-03 03:00:00,16.5,84,0.0,0.8,117,-0.7128052193506943,0.36319239979163753
2014-12-03 04:00:00,16.2,86,0.0,1.5,256,1.4554435894139948,0.3628828433995016
2014-12-03 05:00:00,16.4,86,0.1,3.3,354,0.3449439287832564,-3.2819222547153015
2014-12-03 06:00:00,16.3,86,0.1,5.2,78,-5.086367523815789,-1.0811407922523495
2014-12-03 07:00:00,14.7,93,0.0,3.9,112,-3.6160170328104706,1.4609657143220578
2014-12-03 08:00:00,16.7,92,0.0,2.6,196,0.7166571251241979,2.499280409439629
2014-12-03 09:00:00,17.9,89,0.3,5.0,249,4.667902132486009,1.7918397477265013
2014-12-03 10:00:00,19.0,83,0.3,6.3,257,6.1385314081469815,1.4171916423663495
2014-12-03 11:00:00,19.7,82,0.7000000000000001,6.2,260,6.10580806867569,1.0766187015349682
2014-12-03 12:00:00,19.5,83,0.7000000000000001,6.1,267,6.0916401620029,0.31924933308195735
2014-12-03 13:00:00,19.6,82,1.0,6.2,277,6.153786140176196,-0.7555899291119144
2014-12-03 14:00:00,19.8,82,1.1,7.1,294,6.486172749262466,-2.8878301658381815
2014-12-03 15:00:00,20.2,80,0.0,6.8,302,5.766727053863696,-3.603450996785793
2014-12-03 16:00:00,19.9,79,0.0,5.9,308,4.64926344627966,-3.6324027044213842
2014-12-03 17:00:00,19.4,81,0.0,4.3,318,2.8772616073430903,-3.195522749552795
2014-12-03 18:00:00,18.5,86,0.0,1.8,101,-1.7669289302057951,0.34345619167778096
2014-12-03 19:00:00,17.3,91,0.0,0.8,27,-0.36319239979163753,-0.7128052193506943
2014-12-03 20:00:00,17.0,90,0.8,1.9,338,0.7117525274902327,-1.761649323676896
2014-12-03 21:00:00,16.4,94,0.5,1.1,342,0.3399186938124422,-1.0461621679246689
2014-12-03 22:00:00,16.8,93,0.4,2.7,337,1.0549740469210391,-2.485363104321589
2014-12-03 23:00:00,16.6,96,0.5,4.4,351,0.6883116461770161,-4.3458286986186065
2014-12-04 00:00:00,16.7,96,0.9,6.7,16,-1.8467702839738926,-6.440453362786737
2014-12-04 01:00:00,16.8,96,0.5,8.7,17,-2.5436338310878126,-8.319851376878407
2014-12-04 02:00:00,16.7,96,0.5,9.4,4,-0.6557108531947805,-9.377102072442348
2014-12-04 03:00:00,17.2,98,1.0,11.2,6,-1.1707187885977175,-11.13864522812466
2014-12-04 04:00:00,16.9,98,1.1,14.5,7,-1.767105479374634,-14.39191919879917
2014-12-04 05:00:00,16.0,96,0.6,17.3,12,-3.5968722511472446,-16.921953492694836
2014-12-04 06:00:00,15.6,95,0.2,15.0,17,-4.385575570841056,-14.34457133944553
2014-12-04 07:00:00,15.5,94,0.0,14.8,6,-1.5470212563612697,-14.718924051450447
2014-12-04 08:00:00,16.1,90,0.1,17.0,4,-1.185860053650135,-16.958588854417012
2014-12-04 09:00:00,16.3,87,0.3,16.9,2,-0.5898014942722628,-16.889704976622717
2014-12-04 10:00:00,15.9,88,0.3,16.6,5,-1.446785329611127,-16.536831988322977
2014-12-04 11:00:00,16.7,84,0.3,15.6,8,-2.171100374977027,-15.448181872368496
2014-12-04 12:00:00,17.3,81,0.2,15.1,359,0.26353133720298233,-15.097700196861508
2014-12-04 13:00:00,16.5,83,0.2,16.6,4,-1.1579574641524848,-16.55956323431308
2014-12-04 14:00:00,17.2,80,0.0,15.3,15,-3.959931390068566,-14.778665142222746
2014-12-04 15:00:00,17.7,77,0.0,12.8,10,-2.2226966741367082,-12.605539238556263
2014-12-04 16:00:00,17.0,79,0.0,14.2,351,2.221369403571279,-14.025174436450955
2014-12-04 17:00:00,15.6,79,0.0,13.0,358,0.453693457132514,-12.992080751248245
2014-12-04 18:00:00,14.7,78,0.0,12.6,357,0.659433048661094,-12.58273213790763
2014-12-04 19:00:00,14.2,78,0.0,13.0,358,0.453693457132514,-12.992080751248245
2014-12-04 20:00:00,13.9,82,0.0,10.5,6,-1.0975488643103604,-10.442479901366871
2014-12-04 21:00:00,13.5,83,0.0,10.5,356,0.732442974313315,-10.474422527728153
2014-12-04 22:00:00,13.5,80,0.0,9.4,358,0.3280552690035102,-9.394273773979501
2014-12-04 23:00:00,14.1,75,0.0,5.1,4,-0.35575801609504043,-5.087576656325103
2014-12-05 00:00:00,14.6,72,0.0,4.4,351,0.6883116461770161,-4.3458286986186065
2014-12-05 01:00:00,14.0,83,0.3,4.6,342,1.4214781741247582,-4.3748599749577055
2014-12-05 02:00:00,14.0,85,0.9,4.2,340,1.436484601967809,-3.9467090073008153
2014-12-05 03:00:00,14.2,82,0.0,6.3,336,2.5624408513775414,-5.755336383148386
2014-12-05 04:00:00,14.1,79,0.0,7.8,347,1.7546182238821464,-7.6000865053248345
2014-12-05 05:00:00,13.8,79,0.0,9.1,353,1.1090110249868421,-9.032169979936029
2014-12-05 06:00:00,13.6,84,0.0,8.7,5,-0.7582549619046267,-8.666893873398186
2014-12-05 07:00:00,13.4,87,0.0,9.6,13,-2.1595301217011063,-9.353952621938257
2014-12-05 08:00:00,14.6,77,0.0,7.6,352,1.0577155672964975,-7.5260373224359345
2014-12-05 09:00:00,15.4,75,0.0,10.8,356,0.7533699164365526,-10.773691742806102
2014-12-05 10:00:00,16.8,72,0.0,10.4,2,-0.36295476570600793,-10.393664600998596
2014-12-05 11:00:00,17.9,70,0.0,10.3,348,2.1414904154229224,-10.074920287558198
2014-12-05 12:00:00,18.7,68,0.0,12.0,344,3.30764826980399,-11.535140351259827
2014-12-05 13:00:00,18.9,68,0.0,12.8,344,3.5281581544575893,-12.304149708010483
2014-12-05 14:00:00,18.6,67,0.0,13.0,346,3.14498464279568,-12.613844441587954
2014-12-05 15:00:00,17.5,65,0.0,12.8,344,3.5281581544575893,-12.304149708010483
2014-12-05 16:00:00,16.6,67,0.0,11.3,343,3.303800263366926,-10.806243742382302
2014-12-05 17:00:00,15.5,70,0.0,8.9,346,2.1531048708370424,-8.635631963856369
2014-12-05 18:00:00,14.5,76,0.0,3.9,338,1.4609657143220567,-3.616017032810471
2014-12-05 19:00:00,14.8,70,0.0,2.8,320,1.7998053071223101,-2.1449244407331385
2014-12-05 20:00:00,14.4,72,0.0,1.5,315,1.0606601717798214,-1.0606601717798212
2014-12-05 21:00:00,12.7,80,0.0,0.4,180,2.4492935982947065e-17,0.4
2014-12-05 22:00:00,12.0,83,0.0,0.4,90,-0.4,4.898587196589413e-17
2014-12-05 23:00:00,11.9,84,0.0,0.8,63,-0.7128052193506944,-0.36319239979163737
2014-12-06 00:00:00,12.0,85,0.0,1.5,45,-1.0606601717798214,-1.0606601717798212
2014-12-06 01:00:00,12.1,85,0.1,1.5,45,-1.0606601717798214,-1.0606601717798212
2014-12-06 02:00:00,12.1,86,0.2,1.3,56,-1.0777488443215544,-0.7269507745119708
2014-12-06 03:00:00,14.0,76,0.1,0.5,45,-0.35355339059327384,-0.35355339059327373
2014-12-06 04:00:00,13.8,77,0.0,1.5,346,0.3628828433995015,-1.4554435894139948
2014-12-06 05:00:00,13.0,80,0.1,1.8,349,0.34345619167778085,-1.7669289302057951
2014-12-06 06:00:00,12.4,83,0.2,1.3,34,-0.7269507745119705,-1.0777488443215544
2014-12-06 07:00:00,12.1,85,0.1,0.8,63,-0.7128052193506944,-0.36319239979163737
2014-12-06 08:00:00,13.5,87,0.1,1.9,338,0.7117525274902327,-1.761649323676896
2014-12-06 09:00:00,16.1,75,0.1,2.6,326,1.4539015490239418,-2.1554976886431088
2014-12-06 10:00:00,17.2,73,0.0,3.6,264,3.580278823325784,0.37630246776355253
2014-12-06 11:00:00,17.8,72,0.2,6.6,261,6.518743047927909,1.0324674692655236
2014-12-06 12:00:00,18.0,72,0.5,8.7,263,8.6351515192795,1.060263287624783
2014-12-06 13:00:00,18.3,71,0.7000000000000001,10.1,276,10.04467114321956,-1.0557374790033
2014-12-06 14:00:00,18.3,71,0.8,10.1,287,9.658678035226657,-2.952954217699641
2014-12-06 15:00:00,18.1,71,0.9,8.9,302,7.547628055792192,-4.716281451675524
2014-12-06 16:00:00,17.6,73,0.5,6.6,311,4.981083229470295,-4.329989591337347
2014-12-06 17:00:00,16.5,80,0.2,3.9,304,3.2332465329646625,-2.180852323535913
2014-12-06 18:00:00,15.0,90,0.5,2.7,293,2.485363104321589,-1.0549740469210394
2014-12-06 19:00:00,14.3,91,0.4,1.6,297,1.4256104387013888,-0.7263847995832748
2014-12-06 20:00:00,14.4,90,0.6,1.1,342,0.3399186938124422,-1.0461621679246689
2014-12-06 21:00:00,14.1,91,0.6,1.0,135,-0.7071067811865475,0.7071067811865476
2014-12-06 22:00:00,13.6,92,0.7000000000000001,2.5,180,1.5308084989341916e-16,2.5
2014-12-06 23:00:00,13.5,93,0.7000000000000001,4.0,185,0.34862297099063255,3.984778792366982
2014-12-07 00:00:00,13.4,93,0.8,5.4,184,0.3766849582182763,5.386845871403051
2014-12-07 01:00:00,13.6,92,0.9,6.1,180,3.735172737399427e-16,6.1
2014-12-07 02:00:00,14.1,90,0.7000000000000001,5.8,176,-0.4045875477159269,5.78587149150698
2014-12-07 03:00:00,15.6,85,0.9,5.9,166,-1.42733918403804,5.7247447850283795
2014-12-07 04:00:00,15.4,85,0.5,6.0,163,-1.75423022833642,5.737828535778213
2014-12-07 05:00:00,14.4,88,0.3,6.3,156,-2.5624408513775414,5.755336383148386
2014-12-07 06:00:00,14.5,87,0.1,6.8,155,-2.8738041798367555,6.16289295184922
2014-12-07 07:00:00,15.2,84,0.0,4.8,132,-3.567095162291491,3.21182691052252
2014-12-07 08:00:00,16.2,82,0.0,4.4,125,-3.6042689948715645,2.5237363199446023
2014-12-07 09:00:00,17.8,77,0.0,1.5,194,0.3628828433995015,1.4554435894139948
2014-12-07 10:00:00,18.7,76,0.0,4.0,265,3.984778792366982,0.34862297099063266
2014-12-07 11:00:00,19.5,75,0.0,5.8,270,5.8,0.0
2014-12-07 12:00:00,20.2,74,0.0,6.8,270,6.8,0.0
2014-12-07 13:00:00,20.2,74,0.0,8.4,277,8.337387673787106,-1.0237024846032388
2014-12-07 14:00:00,19.9,75,0.1,8.9,284,8.635631963856369,-2.153104870837043
2014-12-07 15:00:00,19.4,73,0.1,8.7,300,7.534421012924616,-4.349999999999999
2014-12-07 16:00:00,18.8,75,0.0,6.9,317,4.70578868443124,-5.046340541172277
2014-12-07 17:00:00,18.0,80,0.0,5.9,322,3.6324027044213842,-4.64926344627966
2014-12-07 18:00:00,17.4,82,0.0,4.0,355,0.34862297099063255,-3.984778792366982
2014-12-07 19:00:00,17.1,82,0.0,4.5,14,-1.088648530198505,-4.366330768241984
2014-12-07 20:00:00,16.7,84,0.1,4.7,23,-1.836436303899587,-4.326372811226469
2014-12-07 21:00:00,16.5,84,0.1,3.6,37,-2.166534083347374,-2.875087836170254
2014-12-07 22:00:00,16.3,84,0.1,2.1,59,-1.800051331474436,-1.0815799573111138
2014-12-07 23:00:00,14.4,89,0.2,2.3,51,-1.7874357113510326,-1.4474368994146265
2014-12-08 00:00:00,13.6,91,0.0,2.0,45,-1.4142135623730954,-1.414213562373095
2014-12-08 01:00:00,13.6,91,0.1,2.8,40,-1.7998053071223103,-2.144924440733138
2014-12-08 02:00:00,14.1,89,0.0,3.3,41,-2.1649947956686737,-2.4905416147351476
2014-12-08 03:00:00,16.5,83,0.0,3.8,49,-2.867896404846534,-2.4930243101639267
2014-12-08 04:00:00,16.5,84,0.0,4.1,45,-2.8991378028648453,-2.8991378028648445
2014-12-08 05:00:00,16.4,84,0.0,3.6,37,-2.166534083347374,-2.875087836170254
2014-12-08 06:00:00,16.1,85,0.0,3.3,49,-2.490541614735148,-2.1649947956686733
2014-12-08 07:00:00,16.1,85,0.0,3.8,41,-2.4930243101639276,-2.8678964048465336
2014-12-08 08:00:00,16.8,86,0.0,4.9,17,-1.4326213531414118,-4.685893304218873
2014-12-08 09:00:00,18.8,80,0.0,8.4,353,1.023702484603239,-8.337387673787106
2014-12-08 10:00:00,20.2,75,0.0,9.1,342,2.8120546488120217,-8.654614298285896
2014-12-08 11:00:00,21.0,72,0.0,10.0,339,3.583679495453004,-9.335804264972017
2014-12-08 12:00:00,21.4,69,0.0,10.5,333,4.766900247265242,-9.355568503977862
2014-12-08 13:00:00,21.5,68,0.0,10.3,335,4.352968095929205,-9.334970206477495
2014-12-08 14:00:00,21.0,70,0.1,10.8,334,4.734408385322037,-9.706975700031006
2014-12-08 15:00:00,20.9,70,0.0,11.2,339,4.013721034907364,-10.45610077676866
2014-12-08 16:00:00,20.1,73,0.0,10.0,339,3.583679495453004,-9.335804264972017
2014-12-08 17:00:00,18.8,76,0.0,9.0,331,4.363286582217034,-7.871577364254562
2014-12-08 18:00:00,17.2,83,0.0,6.3,336,2.5624408513775414,-5.755336383148386
2014-12-08 19:00:00,16.2,88,0.0,4.3,355,0.37476969381492997,-4.283637201794505
2014-12-08 20:00:00,15.4,89,0.1,1.3,34,-0.7269507745119705,-1.0777488443215544
2014-12-08 21:00:00,14.9,92,0.0,1.8,53,-1.437543918085127,-1.0832670416736871
2014-12-08 22:00:00,14.7,92,0.0,2.5,45,-1.7677669529663693,-1.7677669529663687
2014-12-08 23:00:00,14.4,91,0.0,3.1,54,-2.5079526825623377,-1.8221342821066664
2014-12-09 00:00:00,14.5,90,0.0,3.9,56,-3.233246532964663,-2.180852323535912
2014-12-09 01:00:00,14.8,88,0.0,4.5,61,-3.9357886821272814,-2.181643291108516
2014-12-09 02:00:00,15.1,86,0.0,4.3,66,-3.9282454678631837,-1.7489675652259409
2014-12-09 03:00:00,14.7,85,0.0,3.9,68,-3.616017032810471,-1.460965714322057
2014-12-09 04:00:00,14.4,85,0.0,4.0,63,-3.5640260967534716,-1.8159619989581868
2014-12-09 05:00:00,14.2,86,0.0,3.7,61,-3.236092916415765,-1.7937955949114468
2014-12-09 06:00:00,14.1,86,0.0,4.0,85,-3.984778792366982,-0.3486229709906318
2014-12-09 07:00:00,13.8,87,0.0,2.7,67,-2.485363104321589,-1.0549740469210387
2014-12-09 08:00:00,16.1,88,0.0,2.5,82,-2.475670171853926,-0.3479327524001638
2014-12-09 09:00:00,19.5,75,0.0,1.8,323,1.0832670416736871,-1.437543918085127
2014-12-09 10:00:00,20.7,73,0.0,3.8,287,3.6339580726595346,-1.1110124779463997
2014-12-09 11:00:00,21.5,72,0.0,5.9,284,5.7247447850283795,-1.4273391840380396
2014-12-09 12:00:00,21.9,72,0.0,7.1,285,6.858073366652385,-1.8376152202278973
2014-12-09 13:00:00,21.8,73,0.0,7.5,287,7.172285669722766,-2.192787785420526
2014-12-09 14:00:00,21.4,75,0.0,6.3,294,5.755336383148386,-2.5624408513775414
2014-12-09 15:00:00,21.6,75,0.3,6.0,295,5.437846722219899,-2.5357095704441965
2014-12-09 16:00:00,21.0,79,0.4,4.2,290,3.9467090073008158,-1.4364846019678086
2014-12-09 17:00:00,19.9,88,1.1,5.1,266,5.087576656325103,0.35575801609503904
2014-12-09 18:00:00,18.9,92,1.0,4.1,218,2.524212048835199,3.23084408978756
2014-12-09 19:00:00,18.4,93,1.0,5.1,219,3.209533994354171,3.963444403430551
2014-12-09 20:00:00,17.8,94,0.8,4.6,231,3.5748714227020657,2.8948737988292517
2014-12-09 21:00:00,17.6,95,0.8,3.3,264,3.2819222547153015,0.3449439287832564
2014-12-09 22:00:00,17.5,95,0.7000000000000001,1.6,297,1.4256104387013888,-0.7263847995832748
2014-12-09 23:00:00,17.3,95,0.5,1.1,342,0.3399186938124422,-1.0461621679246689
2014-12-10 00:00:00,17.3,95,0.4,1.8,360,1.1021821192326179e-16,-1.8
2014-12-10 01:00:00,17.3,95,0.3,1.6,27,-0.7263847995832751,-1.4256104387013886
2014-12-10 02:00:00,17.3,94,0.1,1.9,22,-0.7117525274902333,-1.7616493236768958
2014-12-10 03:00:00,17.2,93,0.2,2.4,27,-1.0895771993749126,-2.138415658052083
2014-12-10 04:00:00,17.4,92,0.2,2.9,30,-1.4500000000000013,-2.5114736709748713
2014-12-10 05:00:00,17.6,92,0.3,3.7,29,-1.7937955949114464,-3.2360929164157652
2014-12-10 06:00:00,17.8,92,0.3,4.8,42,-3.211826910522519,-3.567095162291493
2014-12-10 07:00:00,17.8,92,0.2,4.0,27,-1.8159619989581877,-3.564026096753471
2014-12-10 08:00:00,18.3,92,0.0,4.7,4,-0.32785542659739025,-4.688551036221174
2014-12-10 09:00:00,19.2,92,0.0,9.0,358,0.31409547032250973,-8.994517443171862
2014-12-10 10:00:00,19.9,90,0.0,10.1,358,0.3524849166952609,-10.093847352892867
2014-12-10 11:00:00,20.7,88,0.0,10.3,348,2.1414904154229224,-10.074920287558198
2014-12-10 12:00:00,21.0,88,0.0,10.4,340,3.557009490586956,-9.772803256173447
2014-12-10 13:00:00,21.0,88,0.0,11.2,339,4.013721034907364,-10.45610077676866
2014-12-10 14:00:00,20.5,89,0.0,11.4,342,3.522793735874401,-10.84204428576475
2014-12-10 15:00:00,20.6,89,0.0,11.1,347,2.4969567032169007,-10.81550771911611
2014-12-10 16:00:00,20.0,90,0.0,10.5,356,0.732442974313315,-10.474422527728153
2014-12-10 17:00:00,19.1,92,0.0,9.7,358,0.33852511801426044,-9.694091022085228
2014-12-10 18:00:00,18.5,95,0.0,8.6,360,5.265981236333618e-16,-8.6
2014-12-10 19:00:00,18.2,95,0.0,9.8,17,-2.8652427062828236,-9.371786608437747
2014-12-10 20:00:00,17.8,95,0.0,8.4,7,-1.0237024846032363,-8.337387673787106
2014-12-10 21:00:00,17.5,96,0.0,8.7,7,-1.0602632876247804,-8.635151519279502
2014-12-10 22:00:00,17.0,97,0.0,9.0,23,-3.5165801564034647,-8.284543681071963
2014-12-10 23:00:00,16.7,97,0.0,7.4,29,-3.5875911898228927,-6.4721858328315305
2014-12-11 00:00:00,16.7,96,0.0,7.4,23,-2.8914103508206264,-6.811735915548058
2014-12-11 01:00:00,16.2,96,0.0,8.5,28,-3.9905082836800716,-7.505054539300879
2014-12-11 02:00:00,15.8,95,0.0,9.0,29,-4.3632865822170315,-7.871577364254564
2014-12-11 03:00:00,16.3,93,0.0,8.5,28,-3.9905082836800716,-7.505054539300879
2014-12-11 04:00:00,16.0,93,0.0,8.5,28,-3.9905082836800716,-7.505054539300879
2014-12-11 05:00:00,16.7,90,0.0,8.5,28,-3.9905082836800716,-7.505054539300879
2014-12-11 06:00:00,17.4,88,0.0,7.8,22,-2.921931428644116,-7.232034065620941
2014-12-11 07:00:00,17.5,87,0.0,7.2,18,-2.2249223594996224,-6.8476069173251055
2014-12-11 08:00:00,17.3,90,0.0,6.9,6,-0.7212463965468082,-6.862201078041087
2014-12-11 09:00:00,18.7,86,0.0,8.7,353,1.060263287624783,-8.6351515192795
2014-12-11 10:00:00,19.1,84,0.0,9.1,351,1.4235536318661013,-8.987963899415753
2014-12-11 11:00:00,19.9,81,0.0,8.9,346,2.1531048708370424,-8.635631963856369
2014-12-11 12:00:00,19.6,82,0.0,9.3,344,2.5634274090980926,-8.939733772226367
2014-12-11 13:00:00,19.7,81,0.0,9.3,344,2.5634274090980926,-8.939733772226367
2014-12-11 14:00:00,19.0,84,0.0,9.9,350,1.7191169589026112,-9.74959675482086
2014-12-11 15:00:00,19.5,81,0.0,10.6,350,1.8406706832694624,-10.438962181929405
2014-12-11 16:00:00,18.7,84,0.0,10.9,352,1.5169868004647136,-10.793921949283117
2014-12-11 17:00:00,17.9,84,0.0,9.0,355,0.7844016847289232,-8.96575228282571
2014-12-11 18:00:00,17.3,86,0.0,10.1,4,-0.7045403848156684,-10.075396907624224
2014-12-11 19:00:00,16.8,87,0.0,10.4,360,6.368163355566237e-16,-10.4
2014-12-11 20:00:00,16.4,88,0.0,11.2,358,0.3908743630680121,-11.193177262613872
2014-12-11 21:00:00,16.1,89,0.0,11.5,4,-0.8021994480574441,-11.471986577987979
2014-12-11 22:00:00,16.0,89,0.0,10.5,8,-1.4613175600806911,-10.397814721786487
2014-12-11 23:00:00,15.7,89,0.0,10.1,4,-0.7045403848156684,-10.075396907624224
2014-12-12 00:00:00,15.7,88,0.0,10.8,2,-0.37691456438700827,-10.793420931806235
2014-12-12 01:00:00,15.7,86,0.1,10.8,2,-0.37691456438700827,-10.793420931806235
2014-12-12 02:00:00,15.6,86,0.3,10.1,360,6.184466335694133e-16,-10.1
2014-12-12 03:00:00,15.4,86,0.2,10.5,4,-0.7324429743133186,-10.474422527728153
2014-12-12 04:00:00,15.2,87,0.2,10.2,8,-1.4195656297926713,-10.100734301164016
2014-12-12 05:00:00,15.2,87,0.2,10.8,4,-0.7533699164365563,-10.773691742806102
2014-12-12 06:00:00,15.0,86,0.2,10.4,358,0.36295476570601126,-10.393664600998596
2014-12-12 07:00:00,14.9,86,0.3,10.4,2,-0.36295476570600793,-10.393664600998596
2014-12-12 08:00:00,15.2,85,0.3,11.5,2,-0.40134421207875876,-11.492994510719601
2014-12-12 09:00:00,15.3,85,0.4,12.2,358,0.42577385977051313,-12.192568089632967
2014-12-12 10:00:00,15.1,86,0.3,13.3,357,0.6960682180311548,-13.281772812235833
2014-12-12 11:00:00,15.1,84,0.3,13.4,354,1.4006814077865564,-13.326593397934863
2014-12-12 12:00:00,15.0,84,0.3,14.1,354,1.4738513320739137,-14.022758724692652
2014-12-12 13:00:00,14.5,86,0.3,14.4,356,1.0044932219154035,-14.36492232374147
2014-12-12 14:00:00,14.1,87,0.3,14.5,354,1.5156627173809751,-14.420567482839962
2014-12-12 15:00:00,14.2,87,0.2,14.8,357,0.7745721523955708,-14.779717114367694
2014-12-12 16:00:00,13.6,88,0.0,14.0,360,8.572527594031472e-16,-14.0
2014-12-12 17:00:00,13.3,87,0.0,12.6,2,-0.4397336584515096,-12.592324420440606
2014-12-12 18:00:00,12.9,87,0.0,11.9,360,7.286648454926752e-16,-11.9
2014-12-12 19:00:00,12.7,85,0.0,10.4,358,0.36295476570601126,-10.393664600998596
2014-12-12 20:00:00,12.7,82,0.0,9.7,360,5.939536975864663e-16,-9.7
2014-12-12 21:00:00,12.8,80,0.0,9.7,2,-0.33852511801425733,-9.694091022085228
2014-12-12 22:00:00,13.0,79,0.0,10.1,358,0.3524849166952609,-10.093847352892867
2014-12-12 23:00:00,13.1,78,0.0,10.5,354,1.0975488643103612,-10.44247990136687
2014-12-13 00:00:00,13.2,77,0.0,9.7,360,5.939536975864663e-16,-9.7
2014-12-13 01:00:00,13.1,80,0.0,8.0,5,-0.697245941981266,-7.969557584733964
2014-12-13 02:00:00,12.9,82,0.0,7.9,360,4.837354856632045e-16,-7.9
2014-12-13 03:00:00,13.2,78,0.0,9.4,356,0.6557108531947772,-9.377102072442348
2014-12-13 04:00:00,12.8,80,0.0,10.1,356,0.7045403848156648,-10.075396907624224
2014-12-13 05:00:00,12.4,82,0.0,9.7,356,0.6766377953180147,-9.676371287520293
2014-12-13 06:00:00,12.5,83,0.0,8.7,5,-0.7582549619046267,-8.666893873398186
2014-12-13 07:00:00,12.7,84,0.0,8.8,348,1.8296228791962834,-8.60769888645749
2014-12-13 08:00:00,13.5,81,0.0,7.0,348,1.4553818357243162,-6.847033205136639
2014-12-13 09:00:00,14.7,73,0.0,6.5,341,2.116193003971519,-6.145870741395559
2014-12-13 10:00:00,15.8,72,0.0,6.1,332,2.863776532993934,-5.385980316439453
2014-12-13 11:00:00,16.7,71,0.0,7.0,325,4.015035054457323,-5.7340643100229425
2014-12-13 12:00:00,17.5,70,0.0,8.5,324,4.996174644486022,-6.876644452187053
2014-12-13 13:00:00,17.6,70,0.0,10.1,325,5.793122007145566,-8.273435647318816
2014-12-13 14:00:00,17.4,71,0.0,11.4,332,5.351975815759156,-10.065602558591767
2014-12-13 15:00:00,16.4,70,0.0,11.4,336,4.636797731064123,-10.41441821712565
2014-12-13 16:00:00,15.6,70,0.0,10.8,339,3.870373855089244,-10.08266860616978
2014-12-13 17:00:00,14.7,71,0.0,7.6,341,2.474317973874391,-7.185941174554807
2014-12-13 18:00:00,13.8,74,0.0,6.8,335,2.873804179836756,-6.162892951849219
2014-12-13 19:00:00,13.3,77,0.0,7.0,339,2.5085756468171025,-6.535062985480412
2014-12-13 20:00:00,12.8,82,0.0,6.7,344,1.8467702839738944,-6.440453362786736
2014-12-13 21:00:00,12.1,86,0.0,4.2,340,1.436484601967809,-3.9467090073008153
2014-12-13 22:00:00,11.8,88,0.0,2.9,330,1.4500000000000002,-2.5114736709748717
2014-12-13 23:00:00,11.7,88,0.1,2.9,330,1.4500000000000002,-2.5114736709748717
2014-12-14 00:00:00,11.9,88,0.3,3.2,333,1.45276959916655,-2.851220877402777
2014-12-14 01:00:00,12.1,87,0.2,2.7,337,1.0549740469210391,-2.485363104321589
2014-12-14 02:00:00,12.5,86,0.3,1.8,11,-0.3434561916777803,-1.7669289302057951
2014-12-14 03:00:00,12.2,90,0.2,2.5,8,-0.3479327524001646,-2.475670171853926
2014-12-14 04:00:00,12.5,88,0.1,3.7,11,-0.7059932828932151,-3.632020578756357
2014-12-14 05:00:00,13.0,85,0.0,3.4,18,-1.0506577808748216,-3.233592155403522
2014-12-14 06:00:00,13.1,85,0.0,2.4,63,-2.138415658052083,-1.089577199374912
2014-12-14 07:00:00,13.1,85,0.0,1.9,22,-0.7117525274902333,-1.7616493236768958
2014-12-14 08:00:00,13.2,92,0.0,3.1,339,1.1109406435904312,-2.8940993221413254
2014-12-14 09:00:00,15.4,84,0.0,5.0,330,2.5000000000000004,-4.330127018922193
2014-12-14 10:00:00,16.3,80,0.0,5.4,312,4.012982057577929,-3.6133052743378347
2014-12-14 11:00:00,17.3,77,0.0,7.1,300,6.148780366869515,-3.5499999999999994
2014-12-14 12:00:00,17.7,77,0.0,8.7,300,7.534421012924616,-4.349999999999999
2014-12-14 13:00:00,18.0,77,0.0,8.9,302,7.547628055792192,-4.716281451675524
2014-12-14 14:00:00,17.7,78,0.2,8.1,302,6.86918957886705,-4.29234604028896
2014-12-14 15:00:00,17.4,81,0.2,8.5,306,6.876644452187053,-4.996174644486022
2014-12-14 16:00:00,16.7,84,0.3,8.4,317,5.728786224524987,-6.143371093601032
2014-12-14 17:00:00,16.0,86,0.2,5.6,320,3.5996106142446203,-4.289848881466277
2014-12-14 18:00:00,14.9,90,0.2,2.6,286,2.499280409439629,-0.7166571251241979
2014-12-14 19:00:00,14.2,92,0.0,2.1,301,1.800051331474436,-1.0815799573111138
2014-12-14 20:00:00,13.8,93,0.0,1.0,315,0.7071067811865476,-0.7071067811865475
2014-12-14 21:00:00,13.9,94,0.2,1.9,338,0.7117525274902327,-1.761649323676896
2014-12-14 22:00:00,13.9,93,0.2,3.0,346,0.725765686799003,-2.9108871788279895
2014-12-14 23:00:00,14.2,91,0.2,2.5,360,1.5308084989341916e-16,-2.5
2014-12-15 00:00:00,13.8,93,0.2,2.9,360,1.7757378587636622e-16,-2.9
2014-12-15 01:00:00,13.9,93,0.1,3.5,24,-1.4235782507653003,-3.1974091017491033
2014-12-15 02:00:00,14.0,92,0.1,5.1,39,-3.2095339943541727,-3.96344440343055
2014-12-15 03:00:00,15.0,84,0.0,5.4,48,-4.012982057577929,-3.6133052743378347
2014-12-15 04:00:00,14.9,84,0.0,4.8,42,-3.211826910522519,-3.567095162291493
2014-12-15 05:00:00,15.2,82,0.0,4.6,45,-3.2526911934581193,-3.252691193458118
2014-12-15 06:00:00,15.0,81,0.0,5.9,38,-3.632402704421383,-4.649263446279661
2014-12-15 07:00:00,15.1,80,0.0,7.9,39,-4.971631089293719,-6.139453095510068
2014-12-15 08:00:00,15.9,82,0.0,7.3,20,-2.49674704627738,-6.859756131737131
2014-12-15 09:00:00,17.7,77,0.0,9.7,358,0.33852511801426044,-9.694091022085228
2014-12-15 10:00:00,18.6,75,0.0,10.9,352,1.5169868004647136,-10.793921949283117
2014-12-15 11:00:00,19.5,73,0.0,10.8,356,0.7533699164365526,-10.773691742806102
2014-12-15 12:00:00,20.0,72,0.0,11.6,355,1.0110066158728344,-11.555858497864248
2014-12-15 13:00:00,20.3,72,0.0,12.0,351,1.877213580482771,-11.852260087141653
2014-12-15 14:00:00,20.3,72,0.0,12.7,352,1.7674983821928314,-12.576404473017943
2014-12-15 15:00:00,20.0,74,0.0,12.7,353,1.547740661245373,-12.605336125844788
2014-12-15 16:00:00,19.3,77,0.0,11.6,353,1.4136843834997108,-11.513535359039334
2014-12-15 17:00:00,17.9,83,0.0,10.1,354,1.0557374790032998,-10.04467114321956
2014-12-15 18:00:00,16.4,90,0.0,8.1,32,-4.292346040288961,-6.86918957886705
2014-12-15 19:00:00,15.2,92,0.0,6.7,36,-3.938161190359571,-5.420413862312147
2014-12-15 20:00:00,15.8,88,0.0,6.6,41,-4.329989591337347,-4.981083229470295
2014-12-15 21:00:00,15.8,87,0.0,6.1,45,-4.31335136523794,-4.313351365237939
2014-12-15 22:00:00,15.7,87,0.0,6.4,52,-5.043268823083022,-3.9402334420842124
2014-12-15 23:00:00,15.6,85,0.0,6.8,58,-5.766727053863697,-3.6034509967857926
2014-12-16 00:00:00,15.3,84,0.0,6.4,52,-5.043268823083022,-3.9402334420842124
2014-12-16 01:00:00,15.1,83,0.0,7.7,41,-5.051654523226906,-5.811263767715345
2014-12-16 02:00:00,14.9,84,0.0,8.9,40,-5.720809726210201,-6.817795543758904
2014-12-16 03:00:00,15.1,81,0.0,8.8,35,-5.047472639889208,-7.208537989743126
2014-12-16 04:00:00,14.1,86,0.0,9.9,33,-5.3919264466487675,-8.302838622659698
2014-12-16 05:00:00,14.3,87,0.0,10.8,30,-5.400000000000005,-9.353074360871934
2014-12-16 06:00:00,13.1,90,0.0,10.0,26,-4.383711467890778,-8.987940462991668
2014-12-16 07:00:00,11.5,93,0.0,11.8,23,-4.6106273161734315,-10.861957270738795
2014-12-16 08:00:00,14.0,89,0.0,13.0,14,-3.144984642795681,-12.613844441587954
2014-12-16 09:00:00,15.9,77,0.0,17.0,5,-1.4816476267101901,-16.935309867559674
2014-12-16 10:00:00,16.5,73,0.0,18.7,1,-0.3263600003772014,-18.697151899424515
2014-12-16 11:00:00,17.0,69,0.0,19.8,358,0.6910100347095214,-19.787938374978097
2014-12-16 12:00:00,17.2,67,0.0,20.5,357,1.0728871029803513,-20.471905462468765
2014-12-16 13:00:00,17.0,66,0.0,20.6,356,1.43698335912898,-20.54981943535238
2014-12-16 14:00:00,16.6,66,0.0,20.2,357,1.0571863161074682,-20.17231660204239
2014-12-16 15:00:00,16.2,66,0.0,19.5,357,1.0205511467374073,-19.47327592771419
2014-12-16 16:00:00,14.8,70,0.0,18.1,355,1.5775189437326125,-18.031124035460596
2014-12-16 17:00:00,13.2,72,0.0,14.8,359,0.2582956152717973,-14.79774588831459
2014-12-16 18:00:00,12.0,74,0.0,14.4,3,-0.753637769898398,-14.380265300465863
2014-12-16 19:00:00,11.2,76,0.0,15.2,5,-1.3247672897644054,-15.142159410994532
2014-12-16 20:00:00,10.4,78,0.0,14.1,6,-1.4738513320739124,-14.022758724692654
2014-12-16 21:00:00,9.5,80,0.0,13.4,5,-1.1678869528186206,-13.34900895442939
2014-12-16 22:00:00,8.9,79,0.0,13.0,3,-0.680367431158276,-12.98218395180946
2014-12-16 23:00:00,8.3,79,0.0,12.6,3,-0.6594330486610982,-12.58273213790763
2014-12-17 00:00:00,8.1,78,0.0,12.3,5,-1.0720156357961965,-12.253194786528471
2014-12-17 01:00:00,7.6,79,0.0,11.6,7,-1.413684383499707,-11.513535359039336
2014-12-17 02:00:00,7.1,79,0.0,12.0,9,-1.8772135804827723,-11.852260087141651
2014-12-17 03:00:00,7.7,76,0.0,12.1,12,-2.5157314588948934,-11.835585968879046
2014-12-17 04:00:00,7.5,76,0.0,12.5,12,-2.5988961352219975,-12.22684500917257
2014-12-17 05:00:00,7.4,75,0.0,12.1,12,-2.5157314588948934,-11.835585968879046
2014-12-17 06:00:00,7.0,76,0.0,10.9,8,-1.5169868004647176,-10.793921949283115
2014-12-17 07:00:00,6.8,78,0.0,12.0,7,-1.462432120861766,-11.910553819695865
2014-12-17 08:00:00,9.4,77,0.0,11.9,355,1.0371533386971319,-11.854716907291772
2014-12-17 09:00:00,12.2,62,0.0,13.5,351,2.1118652780431173,-13.33379259803436
2014-12-17 10:00:00,13.1,61,0.0,14.7,349,2.8048922320352103,-14.42991959668066
2014-12-17 11:00:00,13.7,59,0.0,14.8,347,3.329275604289201,-14.420676958821483
2014-12-17 12:00:00,14.3,58,0.0,15.3,345,3.9599313900685673,-14.778665142222746
2014-12-17 13:00:00,14.6,57,0.0,15.5,347,3.486741342329906,-15.102736004171147
2014-12-17 14:00:00,14.4,57,0.0,15.2,346,3.6772128131149486,-14.748495039395145
2014-12-17 15:00:00,13.5,58,0.0,14.5,346,3.507867486195181,-14.06928803100195
2014-12-17 16:00:00,12.7,60,0.0,12.9,342,3.986319227436822,-12.26862906020748
2014-12-17 17:00:00,11.5,63,0.0,10.4,340,3.557009490586956,-9.772803256173447
2014-12-17 18:00:00,10.5,67,0.0,8.7,343,2.5436338310878095,-8.319851376878407
2014-12-17 19:00:00,9.6,73,0.0,6.5,341,2.116193003971519,-6.145870741395559
2014-12-17 20:00:00,10.4,64,0.0,4.4,351,0.6883116461770161,-4.3458286986186065
2014-12-17 21:00:00,9.9,68,0.0,3.8,343,1.1110124779463997,-3.6339580726595346
2014-12-17 22:00:00,9.0,74,0.0,2.4,333,1.0895771993749124,-2.138415658052083
2014-12-17 23:00:00,8.1,79,0.0,0.5,315,0.3535533905932738,-0.35355339059327373
2014-12-18 00:00:00,7.6,83,0.0,0.4,270,0.4,0.0
2014-12-18 01:00:00,7.0,87,0.0,0.5,225,0.3535533905932738,0.35355339059327373
2014-12-18 02:00:00,6.8,90,0.0,0.5,225,0.3535533905932738,0.35355339059327373
2014-12-18 03:00:00,7.7,85,0.0,0.8,333,0.3631923997916375,-0.7128052193506943
2014-12-18 04:00:00,7.6,86,0.0,1.1,18,-0.33991869381244233,-1.0461621679246689
2014-12-18 05:00:00,7.9,87,0.0,1.5,14,-0.36288284339950166,-1.4554435894139948
2014-12-18 06:00:00,7.6,88,0.0,3.1,144,-1.8221342821066664,2.5079526825623373
2014-12-18 07:00:00,7.3,90,0.0,4.5,151,-2.1816432911085166,3.9357886821272814
2014-12-18 08:00:00,9.9,89,0.0,3.2,207,1.45276959916655,2.851220877402777
2014-12-18 09:00:00,13.4,76,0.0,3.6,270,3.6,0.0
2014-12-18 10:00:00,14.7,71,0.0,5.9,281,5.791600382341218,-1.1257730727216144
2014-12-18 11:00:00,15.4,70,0.0,7.4,284,7.180188374442374,-1.7902220274375413
2014-12-18 12:00:00,16.2,69,0.0,7.9,286,7.59396739791272,-2.1775351109542935
2014-12-18 13:00:00,16.7,67,0.0,8.0,288,7.608452130361228,-2.472135954999579
2014-12-18 14:00:00,16.5,67,0.0,7.8,292,7.232034065620942,-2.921931428644114
2014-12-18 15:00:00,15.8,66,0.0,7.4,299,6.472185832831529,-3.5875911898228945
2014-12-18 16:00:00,15.2,69,0.0,6.4,313,4.6806636903626915,-4.36478950439999
2014-12-18 17:00:00,14.6,71,0.0,4.1,322,2.524212048835199,-3.23084408978756
2014-12-18 18:00:00,13.8,76,0.0,3.1,291,2.8940993221413254,-1.1109406435904308
2014-12-18 19:00:00,13.1,81,0.0,1.4,270,1.4,0.0
2014-12-18 20:00:00,12.2,86,0.0,1.1,180,6.735557395310444e-17,1.1
2014-12-18 21:00:00,12.0,88,0.0,2.2,171,-0.34415582308850784,2.1729143493093033
2014-12-18 22:00:00,11.1,91,0.0,3.3,174,-0.3449439287832567,3.2819222547153015
2014-12-18 23:00:00,11.2,90,0.0,3.2,153,-1.4527695991665495,2.8512208774027776
2014-12-19 00:00:00,12.2,83,0.0,3.6,135,-2.545584412271571,2.5455844122715714
2014-12-19 01:00:00,13.0,78,0.0,4.1,135,-2.8991378028648445,2.899137802864845
2014-12-19 02:00:00,13.2,77,0.0,3.4,148,-1.8017254983928963,2.8833635269318485
2014-12-19 03:00:00,13.5,82,0.0,4.0,153,-1.8159619989581868,3.5640260967534716
2014-12-19 04:00:00,13.4,82,0.0,4.0,153,-1.8159619989581868,3.5640260967534716
2014-12-19 05:00:00,13.7,81,0.0,3.7,151,-1.793795594911447,3.236092916415765
2014-12-19 06:00:00,13.9,80,0.0,6.3,103,-6.1385314081469815,1.4171916423663506
2014-12-19 07:00:00,13.9,80,0.1,3.4,108,-3.233592155403522,1.0506577808748214
2014-12-19 08:00:00,14.0,80,0.2,2.7,67,-2.485363104321589,-1.0549740469210387
2014-12-19 09:00:00,13.8,90,0.3,3.3,311,2.4905416147351476,-2.1649947956686737
2014-12-19 10:00:00,14.5,88,0.4,3.1,306,2.5079526825623373,-1.8221342821066668
2014-12-19 11:00:00,15.2,84,0.4,4.6,315,3.2526911934581184,-3.252691193458118
2014-12-19 12:00:00,15.2,86,0.4,5.7,325,3.269385687200963,-4.669166652447253
2014-12-19 13:00:00,15.0,88,0.5,7.0,348,1.4553818357243162,-6.847033205136639
2014-12-19 14:00:00,14.7,90,0.6,7.3,9,-1.1419715947936866,-7.210124886344505
2014-12-19 15:00:00,14.5,91,0.4,8.2,15,-2.122316169840669,-7.92059177557036
2014-12-19 16:00:00,14.5,91,0.3,6.9,6,-0.7212463965468082,-6.862201078041087
2014-12-19 17:00:00,14.3,92,0.0,8.5,12,-1.767249371950958,-8.314254606237347
2014-12-19 18:00:00,13.6,94,0.0,9.2,21,-3.296985135816766,-8.588939923774255
2014-12-19 19:00:00,13.2,95,0.0,9.4,18,-2.904759747124507,-8.939931253174443
2014-12-19 20:00:00,13.0,95,0.0,10.0,15,-2.5881904510252065,-9.659258262890683
2014-12-19 21:00:00,13.3,94,0.0,10.8,15,-2.795245687107223,-10.431998923921938
2014-12-19 22:00:00,13.4,94,0.0,10.6,10,-1.8406706832694615,-10.438962181929405
2014-12-19 23:00:00,13.4,94,0.0,10.7,12,-2.2246550917500296,-10.46617932785172
2014-12-20 00:00:00,13.3,94,0.0,9.2,21,-3.296985135816766,-8.588939923774255
2014-12-20 01:00:00,13.2,94,0.0,8.4,31,-4.326319829244458,-7.200205325897742
2014-12-20 02:00:00,13.4,93,0.0,9.2,26,-4.033014550459515,-8.268905225952334
2014-12-20 03:00:00,13.6,91,0.0,9.7,22,-3.633683956134349,-8.993683389297836
2014-12-20 04:00:00,13.4,92,0.0,10.9,17,-3.1868515814778346,-10.423721839997086
2014-12-20 05:00:00,12.9,95,0.0,12.6,13,-2.834383284732702,-12.277062816293963
2014-12-20 06:00:00,12.8,94,0.0,9.0,29,-4.3632865822170315,-7.871577364254564
2014-12-20 07:00:00,13.1,92,0.0,7.7,28,-3.614931033451359,-6.798696465013738
2014-12-20 08:00:00,14.0,89,0.0,7.5,17,-2.192787785420528,-7.172285669722765
2014-12-20 09:00:00,15.7,84,0.0,10.1,360,6.184466335694133e-16,-10.1
2014-12-20 10:00:00,16.3,82,0.0,11.9,346,2.8788705576360454,-11.546519142684359
2014-12-20 11:00:00,16.1,81,0.0,12.4,350,2.1532374030699373,-12.21161613735138
2014-12-20 12:00:00,16.9,77,0.0,12.0,351,1.877213580482771,-11.852260087141653
2014-12-20 13:00:00,17.5,73,0.0,11.4,347,2.5644420195200603,-11.107818738551682
2014-12-20 14:00:00,17.8,71,0.0,10.6,342,3.275580140374443,-10.081199072728626
2014-12-20 15:00:00,17.6,72,0.0,9.2,339,3.2969851358167634,-8.588939923774255
2014-12-20 16:00:00,17.4,72,0.0,7.7,332,3.61493103345136,-6.798696465013737
2014-12-20 17:00:00,16.4,75,0.0,5.4,307,4.312631754255381,-3.2498011250210608
2014-12-20 18:00:00,14.9,81,0.0,0.7000000000000001,270,0.7000000000000001,0.0
2014-12-20 19:00:00,13.7,85,0.0,0.7000000000000001,90,-0.7000000000000001,8.572527594031473e-17
2014-12-20 20:00:00,13.0,87,0.0,1.4,90,-1.4,1.7145055188062944e-16
2014-12-20 21:00:00,13.0,87,0.0,1.8,79,-1.7669289302057951,-0.3434561916777805
2014-12-20 22:00:00,12.3,90,0.2,1.8,53,-1.437543918085127,-1.0832670416736871
2014-12-20 23:00:00,12.0,91,0.0,1.8,79,-1.7669289302057951,-0.3434561916777805
2014-12-21 00:00:00,12.1,91,0.2,1.8,90,-1.8,2.2043642384652358e-16
2014-12-21 01:00:00,12.2,91,0.2,1.8,90,-1.8,2.2043642384652358e-16
2014-12-21 02:00:00,12.3,91,0.2,1.5,45,-1.0606601717798214,-1.0606601717798212
2014-12-21 03:00:00,14.4,79,0.2,1.9,22,-0.7117525274902333,-1.7616493236768958
2014-12-21 04:00:00,14.0,80,0.1,2.1,31,-1.0815799573111144,-1.8000513314744355
2014-12-21 05:00:00,14.0,80,0.1,2.3,51,-1.7874357113510326,-1.4474368994146265
2014-12-21 06:00:00,13.8,80,0.0,1.8,90,-1.8,2.2043642384652358e-16
2014-12-21 07:00:00,13.4,82,0.0,2.2,81,-2.1729143493093033,-0.3441558230885076
2014-12-21 08:00:00,14.1,85,0.0,1.8,37,-1.083267041673687,-1.437543918085127
2014-12-21 09:00:00,16.3,83,0.0,3.6,315,2.5455844122715714,-2.545584412271571
2014-12-21 10:00:00,17.3,79,0.0,5.2,304,4.310995377286217,-2.907803098047884
2014-12-21 11:00:00,17.9,75,0.0,8.1,302,6.86918957886705,-4.29234604028896
2014-12-21 12:00:00,18.2,74,0.0,11.6,324,6.818308926592688,-9.38459713474939
2014-12-21 13:00:00,17.8,74,0.0,13.6,338,5.094649670456403,-12.60970042210831
2014-12-21 14:00:00,17.4,74,0.0,14.9,345,3.856403772027559,-14.392294811707119
2014-12-21 15:00:00,16.6,74,0.0,15.9,347,3.5767217640674525,-15.49248403008524
2014-12-21 16:00:00,15.3,76,0.0,15.5,348,3.2226312076752714,-15.161287811373986
2014-12-21 17:00:00,13.8,78,0.0,12.3,355,1.0720156357961952,-12.253194786528471
2014-12-21 18:00:00,12.7,81,0.0,11.5,360,7.041719095097281e-16,-11.5
2014-12-21 19:00:00,11.5,87,0.0,10.8,360,6.613092715395707e-16,-10.8
2014-12-21 20:00:00,10.7,87,0.0,10.5,6,-1.0975488643103604,-10.442479901366871
2014-12-21 21:00:00,10.4,85,0.0,10.2,10,-1.7712114122026892,-10.045039080724521
2014-12-21 22:00:00,11.3,80,0.0,9.3,13,-2.092044805397947,-9.061641602502688
2014-12-21 23:00:00,11.6,78,0.0,7.6,19,-2.4743179738743906,-7.185941174554808
2014-12-22 00:00:00,10.5,82,0.0,6.8,18,-2.1013155617496433,-6.467184310807044
2014-12-22 01:00:00,9.9,84,0.0,7.2,18,-2.2249223594996224,-6.8476069173251055
2014-12-22 02:00:00,10.1,82,0.0,8.4,20,-2.872969203935616,-7.8934180146016315
2014-12-22 03:00:00,11.9,75,0.0,8.0,27,-3.6319239979163753,-7.128052193506942
2014-12-22 04:00:00,11.8,73,0.0,7.9,30,-3.9500000000000037,-6.841600689897064
2014-12-22 05:00:00,11.6,73,0.0,8.4,31,-4.326319829244458,-7.200205325897742
2014-12-22 06:00:00,11.5,72,0.0,8.8,35,-5.047472639889208,-7.208537989743126
2014-12-22 07:00:00,11.4,71,0.0,7.8,34,-4.361704647071823,-6.466493065929326
2014-12-22 08:00:00,12.1,72,0.0,6.6,22,-2.472403516545021,-6.119413440140796
2014-12-22 09:00:00,14.2,69,0.0,9.4,353,1.1455718280083864,-9.329933825428427
2014-12-22 10:00:00,15.5,66,0.0,9.7,345,2.510544737494451,-9.369480515003962
2014-12-22 11:00:00,16.7,63,0.0,10.2,337,3.985457510590592,-9.389149505214892
2014-12-22 12:00:00,17.2,62,0.0,10.6,332,4.976398565530443,-9.359244484304625
2014-12-22 13:00:00,17.4,62,0.0,11.3,329,5.8199302464836125,-9.68599049793387
2014-12-22 14:00:00,17.4,62,0.0,10.2,328,5.40517649517869,-8.650090580795544
2014-12-22 15:00:00,17.0,62,0.0,9.8,324,5.760295472466237,-7.9283665448744856
2014-12-22 16:00:00,16.2,65,0.0,8.7,322,5.356254835333226,-6.855693556378481
2014-12-22 17:00:00,14.8,70,0.0,7.1,315,5.020458146424487,-5.020458146424486
2014-12-22 18:00:00,12.9,79,0.0,3.3,319,2.1649947956686737,-2.4905416147351476
2014-12-22 19:00:00,11.6,85,0.0,2.2,351,0.34415582308850806,-2.1729143493093033
2014-12-22 20:00:00,10.9,86,0.0,1.5,45,-1.0606601717798214,-1.0606601717798212
2014-12-22 21:00:00,10.5,87,0.0,2.3,72,-2.187429987478853,-0.7107390870623786
2014-12-22 22:00:00,10.3,87,0.0,2.9,60,-2.5114736709748717,-1.4500000000000002
2014-12-22 23:00:00,9.9,88,0.0,3.2,63,-2.8512208774027776,-1.4527695991665495
2014-12-23 00:00:00,9.2,89,0.0,3.9,68,-3.616017032810471,-1.460965714322057
2014-12-23 01:00:00,9.0,87,0.0,3.3,49,-2.490541614735148,-2.1649947956686733
2014-12-23 02:00:00,9.3,84,0.0,2.8,40,-1.7998053071223103,-2.144924440733138
2014-12-23 03:00:00,11.2,79,0.0,2.8,40,-1.7998053071223103,-2.144924440733138
2014-12-23 04:00:00,10.8,79,0.0,2.5,45,-1.7677669529663693,-1.7677669529663687
2014-12-23 05:00:00,10.6,78,0.0,1.8,53,-1.437543918085127,-1.0832670416736871
2014-12-23 06:00:00,12.3,72,0.0,2.9,97,-2.8783838397598336,0.35342109587492787
2014-12-23 07:00:00,13.1,68,0.0,1.5,76,-1.4554435894139948,-0.3628828433995013
2014-12-23 08:00:00,13.7,70,0.0,1.4,360,8.572527594031472e-17,-1.4
2014-12-23 09:00:00,15.0,73,0.0,2.0,315,1.4142135623730951,-1.414213562373095
2014-12-23 10:00:00,16.1,73,0.0,3.7,299,3.2360929164157644,-1.7937955949114472
2014-12-23 11:00:00,16.7,74,0.0,5.5,302,4.664264528860342,-2.914555953282627
2014-12-23 12:00:00,17.5,72,0.0,5.6,310,4.289848881466277,-3.5996106142446194
2014-12-23 13:00:00,17.8,71,0.0,5.1,309,3.963444403430551,-3.2095339943541705
2014-12-23 14:00:00,18.0,70,0.0,6.5,304,5.38874422160777,-3.634753872559855
2014-12-23 15:00:00,18.0,69,0.0,7.4,313,5.412017391981862,-5.046787864462489
2014-12-23 16:00:00,17.4,71,0.0,6.7,324,3.93816119035957,-5.420413862312148
2014-12-23 17:00:00,16.6,74,0.0,5.2,326,2.9078030980478835,-4.3109953772862175
2014-12-23 18:00:00,15.5,80,0.0,3.3,41,-2.1649947956686737,-2.4905416147351476
2014-12-23 19:00:00,14.9,79,0.0,3.4,32,-1.801725498392897,-2.883363526931848
2014-12-23 20:00:00,14.3,82,0.0,3.9,22,-1.460965714322058,-3.6160170328104706
2014-12-23 21:00:00,13.5,84,0.0,4.0,27,-1.8159619989581877,-3.564026096753471
2014-12-23 22:00:00,13.3,85,0.0,4.2,31,-2.163159914622229,-3.600102662948871
2014-12-23 23:00:00,13.4,83,0.0,4.2,31,-2.163159914622229,-3.600102662948871
2014-12-24 00:00:00,14.1,80,0.0,4.3,24,-1.7489675652259404,-3.928245467863184
2014-12-24 01:00:00,15.8,72,0.0,3.9,22,-1.460965714322058,-3.6160170328104706
2014-12-24 02:00:00,16.2,70,0.0,4.1,15,-1.0611580849203346,-3.96029588778518
2014-12-24 03:00:00,15.3,76,0.0,4.7,23,-1.836436303899587,-4.326372811226469
2014-12-24 04:00:00,14.1,82,0.0,5.2,25,-2.197614961051636,-4.71280049259058
2014-12-24 05:00:00,13.6,86,0.0,5.8,30,-2.9000000000000026,-5.022947341949743
2014-12-24 06:00:00,13.5,87,0.0,6.7,36,-3.938161190359571,-5.420413862312147
2014-12-24 07:00:00,13.1,87,0.0,6.4,43,-4.364789504399991,-4.6806636903626915
2014-12-24 08:00:00,15.5,85,0.0,6.4,38,-3.940233442084212,-5.043268823083022
2014-12-24 09:00:00,19.1,73,0.0,8.4,20,-2.872969203935616,-7.8934180146016315
2014-12-24 10:00:00,20.6,66,0.0,9.1,7,-1.1090110249868392,-9.03216997993603
2014-12-24 11:00:00,21.5,64,0.0,10.4,358,0.36295476570601126,-10.393664600998596
2014-12-24 12:00:00,22.2,61,0.0,11.7,351,1.8302832409707017,-11.555953584963111
2014-12-24 13:00:00,22.2,60,0.0,12.9,347,2.9018686010358574,-12.569373835729534
2014-12-24 14:00:00,21.7,62,0.0,12.1,348,2.5157314588948894,-11.835585968879046
2014-12-24 15:00:00,21.4,67,0.0,10.1,343,2.952954217699641,-9.658678035226657
2014-12-24 16:00:00,20.6,70,0.0,7.4,331,3.587591189822895,-6.472185832831529
2014-12-24 17:00:00,19.1,74,0.0,5.1,309,3.963444403430551,-3.2095339943541705
2014-12-24 18:00:00,17.1,87,0.0,1.9,292,1.761649323676896,-0.7117525274902328
2014-12-24 19:00:00,16.4,85,0.0,1.1,18,-0.33991869381244233,-1.0461621679246689
2014-12-24 20:00:00,16.7,83,0.0,1.3,56,-1.0777488443215544,-0.7269507745119708
2014-12-24 21:00:00,16.6,84,0.0,2.0,45,-1.4142135623730954,-1.414213562373095
2014-12-24 22:00:00,16.5,84,0.1,3.1,45,-2.192031021678298,-2.192031021678297
2014-12-24 23:00:00,16.1,85,0.1,3.3,49,-2.490541614735148,-2.1649947956686733
2014-12-25 00:00:00,15.6,86,0.1,3.1,54,-2.5079526825623377,-1.8221342821066664
2014-12-25 01:00:00,15.7,86,0.0,3.9,56,-3.233246532964663,-2.180852323535912
2014-12-25 02:00:00,15.7,86,0.0,4.8,48,-3.5670951622914924,-3.2118269105225195
2014-12-25 03:00:00,16.7,79,0.0,4.8,42,-3.211826910522519,-3.567095162291493
2014-12-25 04:00:00,16.4,80,0.0,5.2,34,-2.907803098047882,-4.3109953772862175
2014-12-25 05:00:00,16.6,78,0.0,5.3,28,-2.488199282765221,-4.679622242152313
2014-12-25 06:00:00,16.8,76,0.0,6.1,45,-4.31335136523794,-4.313351365237939
2014-12-25 07:00:00,16.9,75,0.0,4.7,32,-2.490620541896064,-3.9858260519352022
2014-12-25 08:00:00,17.4,75,0.0,5.1,4,-0.35575801609504043,-5.087576656325103
2014-12-25 09:00:00,18.2,75,0.0,7.0,348,1.4553818357243162,-6.847033205136639
2014-12-25 10:00:00,18.6,75,0.0,6.6,338,2.4724035165450187,-6.1194134401407965
2014-12-25 11:00:00,18.5,76,0.0,6.1,320,3.92100441908789,-4.6728711030257655
2014-12-25 12:00:00,18.2,77,0.1,6.6,311,4.981083229470295,-4.329989591337347
2014-12-25 13:00:00,17.2,82,0.2,7.6,315,5.374011537017761,-5.37401153701776
2014-12-25 14:00:00,17.3,81,0.3,10.4,326,5.815606196095767,-8.621990754572435
2014-12-25 15:00:00,16.0,84,0.5,11.4,349,2.175222547292612,-11.19054989130337
2014-12-25 16:00:00,15.3,89,0.3,10.8,2,-0.37691456438700827,-10.793420931806235
2014-12-25 17:00:00,14.8,91,0.2,8.4,20,-2.872969203935616,-7.8934180146016315
2014-12-25 18:00:00,14.7,92,0.7000000000000001,7.4,29,-3.5875911898228927,-6.4721858328315305
2014-12-25 19:00:00,14.5,93,0.7000000000000001,8.1,13,-1.8221035401853085,-7.892397524760404
2014-12-25 20:00:00,14.2,93,0.8,10.1,358,0.3524849166952609,-10.093847352892867
2014-12-25 21:00:00,14.2,93,0.7000000000000001,9.1,18,-2.8120546488120226,-8.654614298285896
2014-12-25 22:00:00,14.2,92,0.3,7.9,30,-3.9500000000000037,-6.841600689897064
2014-12-25 23:00:00,14.3,91,0.0,5.7,35,-3.2693856872009643,-4.669166652447252
2014-12-26 00:00:00,14.5,90,0.0,4.6,18,-1.4214781741247586,-4.3748599749577055
2014-12-26 01:00:00,14.0,92,0.0,4.4,9,-0.6883116461770166,-4.345828698618606
2014-12-26 02:00:00,14.0,92,0.0,4.2,20,-1.436484601967808,-3.9467090073008158
2014-12-26 03:00:00,15.7,82,0.0,3.6,45,-2.545584412271572,-2.545584412271571
2014-12-26 04:00:00,15.9,81,0.0,2.6,56,-2.1554976886431088,-1.4539015490239415
2014-12-26 05:00:00,16.2,79,0.2,1.5,14,-0.36288284339950166,-1.4554435894139948
2014-12-26 06:00:00,16.1,79,0.0,0.7000000000000001,360,4.2862637970157366e-17,-0.7000000000000001
2014-12-26 07:00:00,14.8,85,0.0,1.3,304,1.0777488443215542,-0.726950774511971
2014-12-26 08:00:00,14.7,92,0.0,3.8,311,2.8678964048465336,-2.4930243101639276
2014-12-26 09:00:00,16.5,84,0.3,5.8,330,2.9000000000000004,-5.0229473419497435
2014-12-26 10:00:00,16.8,82,0.2,7.1,336,2.8878301658381815,-6.486172749262466
2014-12-26 11:00:00,17.5,80,0.3,7.4,337,2.8914103508206255,-6.811735915548059
2014-12-26 12:00:00,17.5,80,0.5,7.1,330,3.5500000000000007,-6.148780366869514
2014-12-26 13:00:00,17.8,79,0.0,6.6,319,4.329989591337347,-4.981083229470295
2014-12-26 14:00:00,17.7,79,0.0,6.6,319,4.329989591337347,-4.981083229470295
2014-12-26 15:00:00,17.9,79,0.0,7.1,319,4.658019105832602,-5.358438019581681
2014-12-26 16:00:00,17.5,80,0.0,5.1,321,3.209533994354171,-3.963444403430551
2014-12-26 17:00:00,17.1,81,0.0,4.4,305,3.604268994871564,-2.523736319944603
2014-12-26 18:00:00,16.5,84,0.2,6.4,322,3.9402334420842133,-5.043268823083022
2014-12-26 19:00:00,15.7,90,0.3,6.5,354,0.6794350112397475,-6.4643923198937765
2014-12-26 20:00:00,15.9,84,0.5,2.7,337,1.0549740469210391,-2.485363104321589
2014-12-26 21:00:00,15.0,90,0.2,2.6,304,2.1554976886431083,-1.453901549023942
2014-12-26 22:00:00,15.0,88,0.1,0.8,27,-0.36319239979163753,-0.7128052193506943
2014-12-26 23:00:00,15.0,88,0.3,0.5,45,-0.35355339059327384,-0.35355339059327373
2014-12-27 00:00:00,14.0,92,0.0,1.8,101,-1.7669289302057951,0.34345619167778096
2014-12-27 01:00:00,14.0,91,0.0,2.2,99,-2.172914349309303,0.3441558230885082
2014-12-27 02:00:00,14.1,90,0.0,1.1,90,-1.1,1.3471114790620887e-16
2014-12-27 03:00:00,14.2,85,0.0,1.1,72,-1.046162167924669,-0.33991869381244205
2014-12-27 04:00:00,14.4,85,0.2,1.8,11,-0.3434561916777803,-1.7669289302057951
2014-12-27 05:00:00,14.3,86,0.1,2.0,45,-1.4142135623730954,-1.414213562373095
2014-12-27 06:00:00,14.1,88,0.4,1.8,53,-1.437543918085127,-1.0832670416736871
2014-12-27 07:00:00,14.0,88,0.0,1.1,72,-1.046162167924669,-0.33991869381244205
2014-12-27 08:00:00,14.7,90,0.0,2.2,360,1.3471114790620887e-16,-2.2
2014-12-27 09:00:00,16.4,88,0.3,5.6,320,3.5996106142446203,-4.289848881466277
2014-12-27 10:00:00,17.0,86,0.0,6.7,324,3.93816119035957,-5.420413862312148
2014-12-27 11:00:00,17.0,87,0.0,7.5,325,4.301823272632846,-6.143640332167439
2014-12-27 12:00:00,17.0,88,0.1,7.8,326,4.361704647071825,-6.466493065929326
2014-12-27 13:00:00,17.0,89,0.4,9.5,331,4.605691392340202,-8.30888721782426
2014-12-27 14:00:00,17.1,89,0.3,11.3,338,4.233054505599806,-10.4771775566047
2014-12-27 15:00:00,17.0,91,0.6,10.0,347,2.249510543438649,-9.743700647852352
2014-12-27 16:00:00,16.7,91,0.0,8.9,346,2.1531048708370424,-8.635631963856369
2014-12-27 17:00:00,15.9,95,0.0,6.8,342,2.1013155617496424,-6.467184310807044
2014-12-27 18:00:00,15.5,96,0.2,5.4,340,1.8469087739586119,-5.074340152243905
2014-12-27 19:00:00,15.0,97,0.3,5.7,342,1.7613968679372005,-5.421022142882375
2014-12-27 20:00:00,14.6,97,0.4,4.3,336,1.7489675652259409,-3.9282454678631837
2014-12-27 21:00:00,14.4,97,0.6,3.0,14,-0.7257656867990033,-2.9108871788279895
2014-12-27 22:00:00,14.4,96,0.1,2.9,353,0.3534210958749277,-2.8783838397598336
2014-12-27 23:00:00,14.8,94,0.0,2.7,23,-1.0549740469210394,-2.4853631043215887
2014-12-28 00:00:00,14.3,94,0.0,2.8,50,-2.1449244407331385,-1.7998053071223097
2014-12-28 01:00:00,13.5,96,0.1,1.3,34,-0.7269507745119705,-1.0777488443215544
2014-12-28 02:00:00,13.3,97,0.3,2.6,344,0.7166571251241979,-2.499280409439629
2014-12-28 03:00:00,14.6,91,0.3,4.0,350,0.6945927106677217,-3.939231012048832
2014-12-28 04:00:00,14.4,93,0.3,5.5,11,-1.0494494745709955,-5.3989495089621515
2014-12-28 05:00:00,14.4,93,0.3,4.8,27,-2.179154398749825,-4.276831316104166
2014-12-28 06:00:00,14.3,93,0.3,4.2,31,-2.163159914622229,-3.600102662948871
2014-12-28 07:00:00,14.2,93,0.3,6.3,13,-1.417191642366351,-6.1385314081469815
2014-12-28 08:00:00,14.1,96,0.3,7.2,3,-0.376818884949199,-7.190132650232932
2014-12-28 09:00:00,15.1,94,0.3,7.6,360,4.653657836759942e-16,-7.6
2014-12-28 10:00:00,15.3,93,0.4,8.2,345,2.12231616984067,-7.92059177557036
2014-12-28 11:00:00,15.7,94,0.8,8.8,341,2.8649997592229797,-8.320563465273988
2014-12-28 12:00:00,16.0,97,1.4,8.1,347,1.8221035401853058,-7.892397524760405
2014-12-28 13:00:00,16.1,94,0.6,8.1,347,1.8221035401853058,-7.892397524760405
2014-12-28 14:00:00,16.1,95,0.2,10.5,344,2.8941922360784913,-10.093247807352348
2014-12-28 15:00:00,15.8,91,0.0,12.7,345,3.2870018728020134,-12.267257993871167
2014-12-28 16:00:00,15.1,91,0.0,13.6,348,2.8275989951215283,-13.302807369979755
2014-12-28 17:00:00,14.1,91,0.0,12.6,357,0.659433048661094,-12.58273213790763
2014-12-28 18:00:00,13.4,92,0.0,12.0,9,-1.8772135804827723,-11.852260087141651
2014-12-28 19:00:00,12.7,94,0.0,11.3,7,-1.3771235804781632,-11.21577151354694
2014-12-28 20:00:00,11.6,95,0.0,12.4,8,-1.7257464519048162,-12.279324052395472
2014-12-28 21:00:00,11.1,94,0.0,12.6,13,-2.834383284732702,-12.277062816293963
2014-12-28 22:00:00,11.3,92,0.0,12.4,17,-3.62540913856194,-11.858178973941639
2014-12-28 23:00:00,11.5,90,0.0,11.8,20,-4.0358376912428895,-11.08837292527372
2014-12-29 00:00:00,11.5,88,0.0,10.9,17,-3.1868515814778346,-10.423721839997086
2014-12-29 01:00:00,11.3,88,0.0,10.1,17,-2.9529542176996446,-9.658678035226657
2014-12-29 02:00:00,10.7,88,0.0,10.2,18,-3.1519733426244647,-9.700776466210565
2014-12-29 03:00:00,9.7,90,0.0,11.2,15,-2.898773305148231,-10.818369254437565
2014-12-29 04:00:00,9.2,91,0.0,12.2,14,-2.951447126315947,-11.837607860567156
2014-12-29 05:00:00,9.3,90,0.0,11.5,14,-2.7821017993961794,-11.15840085217396
2014-12-29 06:00:00,9.4,89,0.0,11.6,16,-3.197393327477187,-11.1506356728845
2014-12-29 07:00:00,9.9,86,0.0,11.7,18,-3.6154988341868863,-11.127361240653295
2014-12-29 08:00:00,10.9,88,0.0,10.2,10,-1.7712114122026892,-10.045039080724521
2014-12-29 09:00:00,13.9,78,0.0,13.0,360,7.960204194457795e-16,-13.0
2014-12-29 10:00:00,15.0,74,0.0,13.7,355,1.1940336756429164,-13.647867363856914
2014-12-29 11:00:00,16.0,71,0.0,14.2,353,1.7305446763530943,-14.094155353306771
2014-12-29 12:00:00,16.8,68,0.0,14.6,351,2.2839431895873714,-14.420249772689012
2014-12-29 13:00:00,17.2,66,0.0,15.0,350,2.604722665003956,-14.772116295183121
2014-12-29 14:00:00,17.1,66,0.0,14.6,350,2.535263393937184,-14.378193193978237
2014-12-29 15:00:00,16.1,64,0.0,13.6,348,2.8275989951215283,-13.302807369979755
2014-12-29 16:00:00,15.1,67,0.0,11.9,346,2.8788705576360454,-11.546519142684359
2014-12-29 17:00:00,13.9,70,0.0,9.9,341,3.223124729125852,-9.360633898433235
2014-12-29 18:00:00,12.1,81,0.0,7.2,354,0.752604935527105,-7.160557646651568
2014-12-29 19:00:00,12.4,71,0.0,4.2,20,-1.436484601967808,-3.9467090073008158
2014-12-29 20:00:00,12.2,72,0.0,2.9,30,-1.4500000000000013,-2.5114736709748713
2014-12-29 21:00:00,11.9,73,0.0,2.9,30,-1.4500000000000013,-2.5114736709748713
2014-12-29 22:00:00,11.6,74,0.0,2.4,27,-1.0895771993749126,-2.138415658052083
2014-12-29 23:00:00,11.2,76,0.0,2.0,45,-1.4142135623730954,-1.414213562373095
2014-12-30 00:00:00,11.4,76,0.0,1.5,45,-1.0606601717798214,-1.0606601717798212
2014-12-30 01:00:00,11.4,77,0.0,1.3,34,-0.7269507745119705,-1.0777488443215544
2014-12-30 02:00:00,11.1,79,0.2,2.6,56,-2.1554976886431088,-1.4539015490239415
2014-12-30 03:00:00,11.7,75,0.0,3.1,54,-2.5079526825623377,-1.8221342821066664
2014-12-30 04:00:00,11.8,75,0.0,3.4,58,-2.8833635269318485,-1.8017254983928963
2014-12-30 05:00:00,11.8,75,0.0,3.4,58,-2.8833635269318485,-1.8017254983928963
2014-12-30 06:00:00,11.8,74,0.1,4.0,63,-3.5640260967534716,-1.8159619989581868
2014-12-30 07:00:00,11.8,73,0.0,3.2,63,-2.8512208774027776,-1.4527695991665495
2014-12-30 08:00:00,12.5,74,0.0,2.0,45,-1.4142135623730954,-1.414213562373095
2014-12-30 09:00:00,14.4,74,0.0,3.1,339,1.1109406435904312,-2.8940993221413254
2014-12-30 10:00:00,15.8,70,0.0,5.4,318,3.6133052743378347,-4.012982057577929
2014-12-30 11:00:00,16.4,69,0.0,7.1,311,5.358438019581681,-4.658019105832602
2014-12-30 12:00:00,17.3,68,0.0,7.9,309,6.139453095510071,-4.971631089293716
2014-12-30 13:00:00,17.8,67,0.0,8.0,306,6.47213595499958,-4.702282018339785
2014-12-30 14:00:00,17.6,67,0.0,8.2,311,6.18861855782673,-5.379684037722159
2014-12-30 15:00:00,17.0,66,0.0,8.2,319,5.379684037722159,-6.18861855782673
2014-12-30 16:00:00,16.3,68,0.0,7.5,325,4.301823272632846,-6.143640332167439
2014-12-30 17:00:00,15.2,72,0.0,6.4,322,3.9402334420842133,-5.043268823083022
2014-12-30 18:00:00,13.3,84,0.0,5.9,322,3.6324027044213842,-4.64926344627966
2014-12-30 19:00:00,13.6,76,0.0,4.3,24,-1.7489675652259404,-3.928245467863184
2014-12-30 20:00:00,13.4,76,0.0,4.3,42,-2.87726160734309,-3.195522749552796
2014-12-30 21:00:00,13.2,76,0.0,4.4,55,-3.604268994871564,-2.5237363199446032
2014-12-30 22:00:00,12.8,76,0.0,4.1,52,-3.23084408978756,-2.5242120488351985
2014-12-30 23:00:00,12.2,76,0.0,3.6,37,-2.166534083347374,-2.875087836170254
2014-12-31 00:00:00,10.3,80,0.0,2.6,34,-1.453901549023941,-2.1554976886431088
2014-12-31 01:00:00,8.9,83,0.0,2.1,31,-1.0815799573111144,-1.8000513314744355
2014-12-31 02:00:00,8.7,83,0.0,2.1,31,-1.0815799573111144,-1.8000513314744355
2014-12-31 03:00:00,12.7,70,0.0,3.1,36,-1.822134282106667,-2.507952682562337
2014-12-31 04:00:00,12.5,68,0.0,3.8,41,-2.4930243101639276,-2.8678964048465336
2014-12-31 05:00:00,12.3,67,0.0,4.1,52,-3.23084408978756,-2.5242120488351985
2014-12-31 06:00:00,12.2,67,0.0,4.0,63,-3.5640260967534716,-1.8159619989581868
2014-12-31 07:00:00,12.2,69,0.0,4.4,55,-3.604268994871564,-2.5237363199446032
2014-12-31 08:00:00,13.0,71,0.0,4.6,45,-3.2526911934581193,-3.252691193458118
2014-12-31 09:00:00,14.6,76,0.0,5.8,353,0.7068421917498554,-5.756767679519667
2014-12-31 10:00:00,16.0,72,0.0,7.5,343,2.192787785420526,-7.172285669722766
2014-12-31 11:00:00,17.2,68,0.0,9.9,341,3.223124729125852,-9.360633898433235
2014-12-31 12:00:00,17.8,67,0.0,11.6,344,3.19739332747719,-11.1506356728845
2014-12-31 13:00:00,18.3,65,0.0,11.5,346,2.782101799396178,-11.15840085217396
2014-12-31 14:00:00,18.3,66,0.0,12.0,339,4.300415394543604,-11.202965117966421
2014-12-31 15:00:00,17.8,68,0.0,12.3,339,4.407925779407195,-11.483039245915583
2014-12-31 16:00:00,17.0,71,0.0,10.6,336,4.311408416603482,-9.683581851011569
2014-12-31 17:00:00,15.9,75,0.0,6.5,326,3.634753872559854,-5.388744221607771
2014-12-31 18:00:00,14.3,82,0.0,2.5,278,2.475670171853926,-0.3479327524001636
2014-12-31 19:00:00,12.9,89,0.0,1.1,252,1.0461621679246689,0.33991869381244216
2014-12-31 20:00:00,12.0,91,0.0,1.1,108,-1.0461621679246689,0.3399186938124423
2014-12-31 21:00:00,11.4,91,0.0,1.8,79,-1.7669289302057951,-0.3434561916777805
2014-12-31 22:00:00,11.1,91,0.0,2.3,72,-2.187429987478853,-0.7107390870623786
2014-12-31 23:00:00,10.8,90,0.0,2.6,74,-2.499280409439629,-0.7166571251241974
2015-01-01 00:00:00,10.9,90,0.0,2.3,51,-1.7874357113510326,-1.4474368994146265
2015-01-01 01:00:00,10.4,90,0.0,2.4,63,-2.138415658052083,-1.089577199374912
2015-01-01 02:00:00,10.1,90,0.0,1.9,68,-1.761649323676896,-0.7117525274902328
2015-01-01 03:00:00,12.1,83,0.0,2.5,45,-1.7677669529663693,-1.7677669529663687
2015-01-01 04:00:00,13.1,80,0.0,3.6,45,-2.545584412271572,-2.545584412271571
2015-01-01 05:00:00,13.0,79,0.0,3.8,41,-2.4930243101639276,-2.8678964048465336
2015-01-01 06:00:00,12.8,78,0.0,4.5,29,-2.1816432911085157,-3.935788682127282
2015-01-01 07:00:00,12.6,77,0.0,4.8,27,-2.179154398749825,-4.276831316104166
2015-01-01 08:00:00,13.1,76,0.0,4.8,13,-1.0797650608505531,-4.6769763109691285
2015-01-01 09:00:00,14.5,74,0.0,7.7,349,1.4692292643993958,-7.558529312547013
2015-01-01 10:00:00,15.4,72,0.0,9.1,342,2.8120546488120217,-8.654614298285896
2015-01-01 11:00:00,16.4,69,0.0,11.0,337,4.298042413382011,-10.125553387976844
2015-01-01 12:00:00,16.8,66,0.0,11.6,334,5.085105302753298,-10.426010937070338
2015-01-01 13:00:00,16.8,63,0.0,12.2,336,4.962187045524762,-11.14525458323973
2015-01-01 14:00:00,16.3,63,0.0,12.8,338,4.794964395723674,-11.86795333845488
2015-01-01 15:00:00,15.6,61,0.0,13.0,341,4.232386007943038,-12.291741482791117
2015-01-01 16:00:00,14.5,63,0.0,11.6,338,4.345436483624579,-10.755332712974734
2015-01-01 17:00:00,13.2,66,0.0,8.0,342,2.4721359549995796,-7.608452130361228
2015-01-01 18:00:00,11.9,69,0.0,6.1,332,2.863776532993934,-5.385980316439453
2015-01-01 19:00:00,10.3,79,0.0,4.9,343,1.4326213531414103,-4.685893304218874
2015-01-01 20:00:00,9.8,81,0.0,4.8,347,1.0797650608505516,-4.676976310969129
2015-01-01 21:00:00,9.5,80,0.0,4.5,346,1.0886485301985045,-4.366330768241984
2015-01-01 22:00:00,9.3,81,0.0,3.8,343,1.1110124779463997,-3.6339580726595346
2015-01-01 23:00:00,9.1,83,0.0,3.3,347,0.7423384793347542,-3.2154212137912763
2015-01-02 00:00:00,9.2,86,0.0,2.6,344,0.7166571251241979,-2.499280409439629
2015-01-02 01:00:00,9.3,88,0.2,2.3,342,0.7107390870623791,-2.1874299874788528
2015-01-02 02:00:00,9.5,88,0.1,2.6,344,0.7166571251241979,-2.499280409439629
2015-01-02 03:00:00,9.4,87,0.2,2.5,352,0.34793275240016364,-2.475670171853926
2015-01-02 04:00:00,9.7,85,0.0,5.1,4,-0.35575801609504043,-5.087576656325103
2015-01-02 05:00:00,10.0,84,0.0,4.9,17,-1.4326213531414118,-4.685893304218873
2015-01-02 06:00:00,10.3,83,0.0,3.1,36,-1.822134282106667,-2.507952682562337
2015-01-02 07:00:00,10.2,83,0.0,1.1,360,6.735557395310444e-17,-1.1
2015-01-02 08:00:00,10.7,89,0.0,1.8,323,1.0832670416736871,-1.437543918085127
2015-01-02 09:00:00,13.1,82,0.0,4.4,305,3.604268994871564,-2.523736319944603
2015-01-02 10:00:00,14.0,78,0.0,6.1,298,5.385980316439454,-2.8637765329939335
2015-01-02 11:00:00,14.9,76,0.0,7.6,295,6.887939181478539,-3.211898789229316
2015-01-02 12:00:00,14.9,76,0.0,7.4,293,6.811735915548059,-2.891410350820626
2015-01-02 13:00:00,15.2,76,0.3,7.6,295,6.887939181478539,-3.211898789229316
2015-01-02 14:00:00,15.2,77,0.2,8.2,293,7.54813979831001,-3.2039952536120446
2015-01-02 15:00:00,15.1,74,0.2,8.7,300,7.534421012924616,-4.349999999999999
2015-01-02 16:00:00,14.6,77,0.2,8.2,308,6.461688179575119,-5.048424097670398
2015-01-02 17:00:00,13.5,85,0.0,5.4,312,4.012982057577929,-3.6133052743378347
2015-01-02 18:00:00,12.5,88,0.2,4.1,315,2.899137802864845,-2.8991378028648445
2015-01-02 19:00:00,11.8,91,0.2,4.2,329,2.1631599146222276,-3.600102662948872
2015-01-02 20:00:00,11.5,93,0.1,4.8,333,2.1791543987498248,-4.276831316104166
2015-01-02 21:00:00,11.0,93,0.2,3.7,331,1.7937955949114475,-3.2360929164157644
2015-01-02 22:00:00,11.0,92,0.3,2.6,326,1.4539015490239418,-2.1554976886431088
2015-01-02 23:00:00,11.0,92,0.4,1.5,346,0.3628828433995015,-1.4554435894139948
2015-01-03 00:00:00,11.0,92,0.3,1.5,14,-0.36288284339950166,-1.4554435894139948
2015-01-03 01:00:00,10.7,93,0.4,1.3,304,1.0777488443215542,-0.726950774511971
2015-01-03 02:00:00,10.7,93,0.3,2.1,301,1.800051331474436,-1.0815799573111138
2015-01-03 03:00:00,10.8,91,0.3,1.8,323,1.0832670416736871,-1.437543918085127
2015-01-03 04:00:00,11.5,89,0.1,1.5,14,-0.36288284339950166,-1.4554435894139948
2015-01-03 05:00:00,11.1,90,0.0,1.8,37,-1.083267041673687,-1.437543918085127
2015-01-03 06:00:00,11.3,90,0.0,2.9,83,-2.878383839759834,-0.3534210958749272
2015-01-03 07:00:00,11.0,91,0.0,1.8,79,-1.7669289302057951,-0.3434561916777805
2015-01-03 08:00:00,11.7,92,0.0,1.3,214,0.7269507745119709,1.0777488443215544
2015-01-03 09:00:00,13.6,87,0.1,4.7,261,4.6421352007971475,0.7352419856890852
2015-01-03 10:00:00,14.7,81,0.0,6.9,261,6.815049550106451,1.079397808777593
2015-01-03 11:00:00,15.4,78,0.0,8.2,255,7.92059177557036,2.12231616984067
2015-01-03 12:00:00,15.9,77,0.1,9.3,254,8.939733772226367,2.5634274090980926
2015-01-03 13:00:00,16.3,75,0.1,9.7,255,9.369480515003962,2.510544737494451
2015-01-03 14:00:00,16.3,74,0.2,9.8,264,9.746314574609078,1.0243789400230041
2015-01-03 15:00:00,16.0,77,0.1,8.7,275,8.666893873398186,-0.7582549619046259
2015-01-03 16:00:00,15.4,78,0.1,6.8,288,6.467184310807044,-2.1013155617496424
2015-01-03 17:00:00,14.9,78,0.1,4.4,305,3.604268994871564,-2.523736319944603
2015-01-03 18:00:00,14.1,82,0.0,4.9,324,2.8801477362331185,-3.9641832724372428
2015-01-03 19:00:00,13.3,87,0.0,4.8,347,1.0797650608505516,-4.676976310969129
2015-01-03 20:00:00,12.4,91,0.0,5.1,8,-0.7097828148963357,-5.050367150582008
2015-01-03 21:00:00,12.1,90,0.0,4.7,23,-1.836436303899587,-4.326372811226469
2015-01-03 22:00:00,12.3,88,0.0,3.4,32,-1.801725498392897,-2.883363526931848
2015-01-03 23:00:00,12.9,84,0.0,3.6,45,-2.545584412271572,-2.545584412271571
2015-01-04 00:00:00,13.0,83,0.0,4.1,45,-2.8991378028648453,-2.8991378028648445
2015-01-04 01:00:00,12.5,84,0.0,5.1,45,-3.606244584051393,-3.606244584051392
2015-01-04 02:00:00,12.1,86,0.0,5.1,45,-3.606244584051393,-3.606244584051392
2015-01-04 03:00:00,12.4,83,0.0,5.1,45,-3.606244584051393,-3.606244584051392
2015-01-04 04:00:00,11.8,84,0.0,5.1,51,-3.9634444034305507,-3.2095339943541714
2015-01-04 05:00:00,11.6,84,0.0,4.9,54,-3.964183272437243,-2.880147736233118
2015-01-04 06:00:00,12.1,79,0.0,6.1,62,-5.385980316439453,-2.863776532993934
2015-01-04 07:00:00,13.2,74,0.0,3.3,49,-2.490541614735148,-2.1649947956686733
2015-01-04 08:00:00,13.8,76,0.0,3.1,45,-2.192031021678298,-2.192031021678297
2015-01-04 09:00:00,15.9,73,0.0,3.3,354,0.3449439287832564,-3.2819222547153015
2015-01-04 10:00:00,17.1,69,0.0,5.0,330,2.5000000000000004,-4.330127018922193
2015-01-04 11:00:00,18.1,65,0.0,6.1,315,4.31335136523794,-4.313351365237939
2015-01-04 12:00:00,18.8,63,0.0,6.7,306,5.420413862312148,-3.93816119035957
2015-01-04 13:00:00,19.1,62,0.0,7.9,309,6.139453095510071,-4.971631089293716
2015-01-04 14:00:00,19.1,62,0.0,8.7,315,6.151828996322964,-6.151828996322962
2015-01-04 15:00:00,18.8,62,0.0,7.9,321,4.971631089293717,-6.139453095510071
2015-01-04 16:00:00,18.2,63,0.0,6.8,328,3.603450996785793,-5.766727053863696
2015-01-04 17:00:00,17.2,68,0.0,6.8,328,3.603450996785793,-5.766727053863696
2015-01-04 18:00:00,15.3,78,0.0,5.5,23,-2.149021206691006,-5.062776693988422
2015-01-04 19:00:00,15.1,74,0.0,5.5,58,-4.664264528860343,-2.914555953282626
2015-01-04 20:00:00,14.8,74,0.0,5.0,69,-4.667902132486009,-1.7918397477265022
2015-01-04 21:00:00,14.4,75,0.0,4.7,67,-4.32637281122647,-1.8364363038995857
2015-01-04 22:00:00,13.5,77,0.0,3.5,66,-3.197409101749103,-1.4235782507653008
2015-01-04 23:00:00,12.3,80,0.0,3.4,72,-3.2335921554035223,-1.0506577808748208
2015-01-05 00:00:00,11.9,80,0.0,3.0,76,-2.9108871788279895,-0.7257656867990026
2015-01-05 01:00:00,11.5,80,0.0,3.5,66,-3.197409101749103,-1.4235782507653008
2015-01-05 02:00:00,11.2,80,0.0,3.2,63,-2.8512208774027776,-1.4527695991665495
2015-01-05 03:00:00,8.5,88,0.0,3.2,63,-2.8512208774027776,-1.4527695991665495
2015-01-05 04:00:00,8.4,88,0.0,3.7,61,-3.236092916415765,-1.7937955949114468
2015-01-05 05:00:00,8.1,88,0.0,3.4,58,-2.8833635269318485,-1.8017254983928963
2015-01-05 06:00:00,8.0,87,0.0,3.8,73,-3.6339580726595346,-1.1110124779463997
2015-01-05 07:00:00,8.3,85,0.0,3.8,73,-3.6339580726595346,-1.1110124779463997
2015-01-05 08:00:00,11.5,84,0.0,3.9,68,-3.616017032810471,-1.460965714322057
2015-01-05 09:00:00,17.1,66,0.0,2.2,9,-0.3441558230885083,-2.172914349309303
2015-01-05 10:00:00,18.7,62,0.0,5.2,326,2.9078030980478835,-4.3109953772862175
2015-01-05 11:00:00,19.8,56,0.0,6.5,326,3.634753872559854,-5.388744221607771
2015-01-05 12:00:00,20.5,53,0.0,7.0,325,4.015035054457323,-5.7340643100229425
2015-01-05 13:00:00,20.9,53,0.0,6.8,328,3.603450996785793,-5.766727053863696
2015-01-05 14:00:00,21.0,54,0.0,6.3,329,3.244739871933341,-5.400153994423308
2015-01-05 15:00:00,20.8,56,0.0,6.0,335,2.5357095704441965,-5.437846722219899
2015-01-05 16:00:00,20.3,59,0.0,5.6,345,1.4493866525741161,-5.4091846272187825
2015-01-05 17:00:00,19.2,64,0.0,6.1,357,0.3192493330819582,-6.0916401620029
2015-01-05 18:00:00,16.4,78,0.0,6.5,56,-5.388744221607772,-3.6347538725598536
2015-01-05 19:00:00,15.0,78,0.0,5.0,69,-4.667902132486009,-1.7918397477265022
2015-01-05 20:00:00,14.1,78,0.0,3.9,68,-3.616017032810471,-1.460965714322057
2015-01-05 21:00:00,13.4,78,0.0,2.9,60,-2.5114736709748717,-1.4500000000000002
2015-01-05 22:00:00,12.8,78,0.0,2.5,45,-1.7677669529663693,-1.7677669529663687
2015-01-05 23:00:00,12.7,76,0.0,2.5,45,-1.7677669529663693,-1.7677669529663687
2015-01-06 00:00:00,12.6,73,0.0,3.1,54,-2.5079526825623377,-1.8221342821066664
2015-01-06 01:00:00,12.5,70,0.0,3.4,58,-2.8833635269318485,-1.8017254983928963
2015-01-06 02:00:00,12.0,69,0.0,3.6,53,-2.875087836170254,-2.1665340833473743
2015-01-06 03:00:00,12.6,68,0.0,3.9,56,-3.233246532964663,-2.180852323535912
2015-01-06 04:00:00,12.8,66,0.0,4.0,63,-3.5640260967534716,-1.8159619989581868
2015-01-06 05:00:00,12.7,66,0.0,3.9,68,-3.616017032810471,-1.460965714322057
2015-01-06 06:00:00,12.5,68,0.0,4.8,63,-4.276831316104166,-2.179154398749824
2015-01-06 07:00:00,12.6,72,0.0,4.7,67,-4.32637281122647,-1.8364363038995857
2015-01-06 08:00:00,14.3,77,0.0,4.8,63,-4.276831316104166,-2.179154398749824
2015-01-06 09:00:00,18.3,75,0.0,4.6,39,-2.894873798829254,-3.5748714227020644
2015-01-06 10:00:00,20.5,65,0.0,6.1,357,0.3192493330819582,-6.0916401620029
2015-01-06 11:00:00,21.2,67,0.0,7.0,348,1.4553818357243162,-6.847033205136639
2015-01-06 12:00:00,21.9,69,0.0,8.0,342,2.4721359549995796,-7.608452130361228
2015-01-06 13:00:00,22.0,72,0.0,8.4,335,3.5499933986218752,-7.61298541110786
2015-01-06 14:00:00,22.1,74,0.0,9.7,333,4.403707847473604,-8.642763284627167
2015-01-06 15:00:00,21.8,77,0.0,10.0,330,5.000000000000001,-8.660254037844386
2015-01-06 16:00:00,20.8,80,0.0,8.7,330,4.3500000000000005,-7.534421012924615
2015-01-06 17:00:00,19.5,84,0.0,6.4,333,2.9055391983331,-5.702441754805554
2015-01-06 18:00:00,17.9,90,0.0,7.4,337,2.8914103508206255,-6.811735915548059
2015-01-06 19:00:00,17.0,94,0.0,5.5,11,-1.0494494745709955,-5.3989495089621515
2015-01-06 20:00:00,16.8,93,0.0,3.9,34,-2.1808523235359116,-3.233246532964663
2015-01-06 21:00:00,16.6,94,0.0,2.6,16,-0.7166571251241971,-2.4992804094396295
2015-01-06 22:00:00,16.3,94,0.0,2.7,23,-1.0549740469210394,-2.4853631043215887
2015-01-06 23:00:00,16.1,94,0.0,2.7,23,-1.0549740469210394,-2.4853631043215887
2015-01-07 00:00:00,15.9,93,0.0,2.5,45,-1.7677669529663693,-1.7677669529663687
2015-01-07 01:00:00,15.9,91,0.0,2.5,45,-1.7677669529663693,-1.7677669529663687
2015-01-07 02:00:00,15.9,88,0.0,2.6,16,-0.7166571251241971,-2.4992804094396295
2015-01-07 03:00:00,16.1,82,0.0,4.1,15,-1.0611580849203346,-3.96029588778518
2015-01-07 04:00:00,16.2,82,0.0,4.6,39,-2.894873798829254,-3.5748714227020644
2015-01-07 05:00:00,16.0,82,0.0,4.6,39,-2.894873798829254,-3.5748714227020644
2015-01-07 06:00:00,15.9,84,0.0,5.0,21,-1.7918397477265036,-4.667902132486008
2015-01-07 07:00:00,15.7,85,0.0,4.8,13,-1.0797650608505531,-4.6769763109691285
2015-01-07 08:00:00,16.1,85,0.0,4.7,360,2.8779199779962803e-16,-4.7
2015-01-07 09:00:00,17.3,84,0.0,8.3,342,2.564841053312064,-7.893769085249775
2015-01-07 10:00:00,18.2,83,0.0,9.6,340,3.2833933759264204,-9.02104915954472
2015-01-07 11:00:00,18.7,84,0.0,10.5,338,3.9333692308670756,-9.735430472951268
2015-01-07 12:00:00,18.9,84,0.0,11.6,334,5.085105302753298,-10.426010937070338
2015-01-07 13:00:00,18.9,83,0.0,13.2,338,4.944807033090037,-12.238826880281593
2015-01-07 14:00:00,18.8,82,0.0,13.1,344,3.610849361202689,-12.592528216791978
2015-01-07 15:00:00,18.4,78,0.0,12.8,344,3.5281581544575893,-12.304149708010483
2015-01-07 16:00:00,17.5,79,0.0,12.5,342,3.862712429686843,-11.888206453689419
2015-01-07 17:00:00,16.3,81,0.0,10.7,346,2.588564282916444,-10.382164271153162
2015-01-07 18:00:00,14.9,84,0.0,11.6,355,1.0110066158728344,-11.555858497864248
2015-01-07 19:00:00,14.5,84,0.1,10.4,2,-0.36295476570600793,-10.393664600998596
2015-01-07 20:00:00,14.1,84,0.0,10.9,354,1.1393602496174227,-10.84028865951418
2015-01-07 21:00:00,13.5,86,0.0,11.5,360,7.041719095097281e-16,-11.5
2015-01-07 22:00:00,12.8,89,0.0,10.9,8,-1.5169868004647176,-10.793921949283115
2015-01-07 23:00:00,12.5,88,0.0,10.5,6,-1.0975488643103604,-10.442479901366871
2015-01-08 00:00:00,12.4,86,0.0,10.2,8,-1.4195656297926713,-10.100734301164016
2015-01-08 01:00:00,12.4,83,0.0,10.1,6,-1.055737479003299,-10.044671143219562
2015-01-08 02:00:00,12.2,82,0.0,9.5,11,-1.812685456077174,-9.325458242752807
2015-01-08 03:00:00,12.0,80,0.0,9.3,13,-2.092044805397947,-9.061641602502688
2015-01-08 04:00:00,12.0,79,0.0,9.5,11,-1.812685456077174,-9.325458242752807
2015-01-08 05:00:00,12.0,78,0.0,9.5,11,-1.812685456077174,-9.325458242752807
2015-01-08 06:00:00,11.7,77,0.0,8.6,15,-2.2258437878816775,-8.306962106085987
2015-01-08 07:00:00,11.2,78,0.0,10.0,15,-2.5881904510252065,-9.659258262890683
2015-01-08 08:00:00,12.1,78,0.0,10.1,4,-0.7045403848156684,-10.075396907624224
2015-01-08 09:00:00,14.5,71,0.0,11.5,360,7.041719095097281e-16,-11.5
2015-01-08 10:00:00,15.7,69,0.0,11.7,351,1.8302832409707017,-11.555953584963111
2015-01-08 11:00:00,16.4,68,0.0,12.4,343,3.625409138561936,-11.858178973941639
2015-01-08 12:00:00,17.0,67,0.0,12.4,343,3.625409138561936,-11.858178973941639
2015-01-08 13:00:00,17.3,67,0.0,12.2,341,3.971931484377312,-11.535326622311663
2015-01-08 14:00:00,17.1,67,0.0,12.4,338,4.645121758357308,-11.497079796628164
2015-01-08 15:00:00,16.5,66,0.0,12.1,337,4.727846654720212,-11.138108726774528
2015-01-08 16:00:00,15.4,68,0.0,11.4,336,4.636797731064123,-10.41441821712565
2015-01-08 17:00:00,14.0,73,0.0,8.2,337,3.203995253612044,-7.54813979831001
2015-01-08 18:00:00,12.6,76,0.0,6.6,331,3.199743493625825,-5.772490067120011
2015-01-08 19:00:00,11.4,86,0.0,5.2,335,2.197614961051637,-4.7128004925905795
2015-01-08 20:00:00,11.8,78,0.0,4.2,340,1.436484601967809,-3.9467090073008153
2015-01-08 21:00:00,11.8,78,0.0,3.6,360,2.2043642384652358e-16,-3.6
2015-01-08 22:00:00,11.5,79,0.0,2.9,353,0.3534210958749277,-2.8783838397598336
2015-01-08 23:00:00,11.4,79,0.0,3.3,354,0.3449439287832564,-3.2819222547153015
2015-01-09 00:00:00,11.4,80,0.0,3.3,6,-0.3449439287832561,-3.281922254715302
2015-01-09 01:00:00,10.9,82,0.0,3.4,342,1.0506577808748212,-3.233592155403522
2015-01-09 02:00:00,11.1,82,0.0,3.5,336,1.4235782507653008,-3.197409101749103
2015-01-09 03:00:00,11.9,79,0.0,3.9,338,1.4609657143220567,-3.616017032810471
2015-01-09 04:00:00,11.9,79,0.0,3.7,11,-0.7059932828932151,-3.632020578756357
2015-01-09 05:00:00,11.7,80,0.0,2.9,360,1.7757378587636622e-16,-2.9
2015-01-09 06:00:00,10.9,84,0.0,1.6,27,-0.7263847995832751,-1.4256104387013886
2015-01-09 07:00:00,10.6,85,0.0,1.8,11,-0.3434561916777803,-1.7669289302057951
2015-01-09 08:00:00,11.4,86,0.0,2.2,9,-0.3441558230885083,-2.172914349309303
2015-01-09 09:00:00,13.9,78,0.0,4.0,333,1.8159619989581872,-3.564026096753471
2015-01-09 10:00:00,15.2,75,0.0,5.1,315,3.6062445840513924,-3.606244584051392
2015-01-09 11:00:00,16.1,73,0.0,6.8,302,5.766727053863696,-3.603450996785793
2015-01-09 12:00:00,16.6,73,0.0,7.6,295,6.887939181478539,-3.211898789229316
2015-01-09 13:00:00,16.7,73,0.3,8.0,297,7.128052193506943,-3.631923997916374
2015-01-09 14:00:00,16.5,74,0.2,8.1,291,7.5620014546273335,-2.902780391316932
2015-01-09 15:00:00,16.3,75,0.3,8.7,294,7.947845481490627,-3.5386087947594613
2015-01-09 16:00:00,15.6,78,0.4,8.7,315,6.151828996322964,-6.151828996322962
2015-01-09 17:00:00,14.6,84,0.3,6.1,332,2.863776532993934,-5.385980316439453
2015-01-09 18:00:00,13.8,87,0.0,5.0,330,2.5000000000000004,-4.330127018922193
2015-01-09 19:00:00,12.8,91,0.0,5.0,330,2.5000000000000004,-4.330127018922193
2015-01-09 20:00:00,12.0,93,0.3,5.3,332,2.4881992827652213,-4.679622242152313
2015-01-09 21:00:00,11.8,91,0.2,4.3,336,1.7489675652259409,-3.9282454678631837
2015-01-09 22:00:00,11.6,91,0.2,3.5,336,1.4235782507653008,-3.197409101749103
2015-01-09 23:00:00,11.3,90,0.2,3.2,333,1.45276959916655,-2.851220877402777
2015-01-10 00:00:00,11.4,89,0.2,3.1,339,1.1109406435904312,-2.8940993221413254
2015-01-10 01:00:00,11.2,90,0.2,2.5,352,0.34793275240016364,-2.475670171853926
2015-01-10 02:00:00,10.7,91,0.1,1.6,333,0.726384799583275,-1.4256104387013886
2015-01-10 03:00:00,10.9,91,0.0,1.8,323,1.0832670416736871,-1.437543918085127
2015-01-10 04:00:00,11.0,91,0.0,1.6,333,0.726384799583275,-1.4256104387013886
2015-01-10 05:00:00,10.6,93,0.0,0.7000000000000001,360,4.2862637970157366e-17,-0.7000000000000001
2015-01-10 06:00:00,10.3,94,0.2,0.4,270,0.4,0.0
2015-01-10 07:00:00,10.2,95,0.3,1.3,304,1.0777488443215542,-0.726950774511971
2015-01-10 08:00:00,11.4,95,0.3,1.9,338,0.7117525274902327,-1.761649323676896
2015-01-10 09:00:00,13.8,88,0.3,3.6,315,2.5455844122715714,-2.545584412271571
2015-01-10 10:00:00,14.5,87,0.3,4.4,305,3.604268994871564,-2.523736319944603
2015-01-10 11:00:00,15.4,82,0.4,5.8,300,5.022947341949744,-2.8999999999999995
2015-01-10 12:00:00,16.0,81,0.4,7.7,298,6.798696465013738,-3.6149310334513594
2015-01-10 13:00:00,16.4,80,0.4,7.7,298,6.798696465013738,-3.6149310334513594
2015-01-10 14:00:00,16.7,80,0.4,7.8,304,6.466493065929325,-4.361704647071826
2015-01-10 15:00:00,16.1,83,0.4,8.1,315,5.727564927611035,-5.727564927611034
2015-01-10 16:00:00,15.8,84,0.3,7.2,323,4.333068166694749,-5.750175672340508
2015-01-10 17:00:00,15.3,87,0.0,4.8,318,3.2118269105225195,-3.5670951622914924
2015-01-10 18:00:00,14.4,90,0.0,5.2,304,4.310995377286217,-2.907803098047884
2015-01-10 19:00:00,13.2,94,0.0,4.2,301,3.600102662948872,-2.1631599146222276
2015-01-10 20:00:00,13.1,92,0.2,3.4,328,1.8017254983928965,-2.883363526931848
2015-01-10 21:00:00,12.9,92,0.3,2.9,353,0.3534210958749277,-2.8783838397598336
2015-01-10 22:00:00,12.4,93,0.2,2.2,351,0.34415582308850806,-2.1729143493093033
2015-01-10 23:00:00,12.2,94,0.2,0.8,333,0.3631923997916375,-0.7128052193506943
2015-01-11 00:00:00,11.7,95,0.3,1.1,288,1.0461621679246689,-0.33991869381244216
2015-01-11 01:00:00,11.6,95,0.3,1.6,243,1.4256104387013888,0.7263847995832748
2015-01-11 02:00:00,11.5,95,0.4,1.1,252,1.0461621679246689,0.33991869381244216
2015-01-11 03:00:00,12.5,89,0.4,0.5,315,0.3535533905932738,-0.35355339059327373
2015-01-11 04:00:00,12.2,90,0.4,0.5,135,-0.35355339059327373,0.3535533905932738
2015-01-11 05:00:00,11.6,92,0.3,1.1,162,-0.3399186938124421,1.046162167924669
2015-01-11 06:00:00,11.3,93,0.3,2.0,135,-1.414213562373095,1.4142135623730951
2015-01-11 07:00:00,11.5,93,0.4,2.5,135,-1.7677669529663687,1.7677669529663689
2015-01-11 08:00:00,12.8,93,0.4,1.9,158,-0.7117525274902329,1.761649323676896
2015-01-11 09:00:00,14.9,87,0.4,3.3,264,3.2819222547153015,0.3449439287832564
2015-01-11 10:00:00,15.7,85,0.3,3.2,270,3.2,0.0
2015-01-11 11:00:00,16.7,80,0.3,5.1,274,5.087576656325103,-0.35575801609503904
2015-01-11 12:00:00,17.6,76,0.3,7.6,275,7.571079705497266,-0.662383644882202
2015-01-11 13:00:00,17.9,75,0.1,8.9,284,8.635631963856369,-2.153104870837043
2015-01-11 14:00:00,17.8,74,0.0,8.9,297,7.929958065276475,-4.040515447681966
2015-01-11 15:00:00,17.3,83,0.6,7.9,313,5.777694242791447,-5.387787044493738
2015-01-11 16:00:00,17.0,84,0.5,6.1,332,2.863776532993934,-5.385980316439453
2015-01-11 17:00:00,16.5,87,0.4,4.5,331,2.181643291108517,-3.935788682127281
2015-01-11 18:00:00,15.4,92,0.4,3.1,315,2.1920310216782974,-2.192031021678297
2015-01-11 19:00:00,14.8,93,0.4,1.9,338,0.7117525274902327,-1.761649323676896
2015-01-11 20:00:00,14.2,93,0.2,1.8,349,0.34345619167778085,-1.7669289302057951
2015-01-11 21:00:00,14.1,94,0.3,1.4,360,8.572527594031472e-17,-1.4
2015-01-11 22:00:00,14.0,94,0.3,1.0,45,-0.7071067811865477,-0.7071067811865475
2015-01-11 23:00:00,13.8,95,0.3,0.8,117,-0.7128052193506943,0.36319239979163753
2015-01-12 00:00:00,13.7,95,0.4,2.1,121,-1.8000513314744357,1.0815799573111142
2015-01-12 01:00:00,13.8,94,0.6,2.6,124,-2.1554976886431083,1.453901549023942
2015-01-12 02:00:00,13.7,95,0.7000000000000001,0.4,90,-0.4,4.898587196589413e-17
2015-01-12 03:00:00,14.9,85,1.2,1.3,56,-1.0777488443215544,-0.7269507745119708
2015-01-12 04:00:00,14.8,86,1.2,1.8,37,-1.083267041673687,-1.437543918085127
2015-01-12 05:00:00,13.9,90,0.6,0.8,63,-0.7128052193506944,-0.36319239979163737
2015-01-12 06:00:00,14.2,89,0.3,3.6,96,-3.580278823325784,0.37630246776355347
2015-01-12 07:00:00,14.4,88,0.7000000000000001,3.5,66,-3.197409101749103,-1.4235782507653008
2015-01-12 08:00:00,14.8,90,0.9,1.3,34,-0.7269507745119705,-1.0777488443215544
2015-01-12 09:00:00,15.8,89,0.6,3.4,302,2.883363526931848,-1.8017254983928965
2015-01-12 10:00:00,16.2,84,0.5,5.2,304,4.310995377286217,-2.907803098047884
2015-01-12 11:00:00,17.2,81,0.2,6.4,308,5.043268823083021,-3.9402334420842133
2015-01-12 12:00:00,17.4,82,0.1,6.9,317,4.70578868443124,-5.046340541172277
2015-01-12 13:00:00,17.4,83,0.4,8.0,306,6.47213595499958,-4.702282018339785
2015-01-12 14:00:00,18.1,82,0.6,7.4,313,5.412017391981862,-5.046787864462489
2015-01-12 15:00:00,18.0,82,0.7000000000000001,6.4,317,4.36478950439999,-4.6806636903626915
2015-01-12 16:00:00,17.4,87,0.5,6.6,315,4.666904755831213,-4.666904755831213
2015-01-12 17:00:00,16.6,90,0.6,5.1,321,3.209533994354171,-3.963444403430551
2015-01-12 18:00:00,15.7,93,1.0,2.5,360,1.5308084989341916e-16,-2.5
2015-01-12 19:00:00,15.2,95,0.8,0.0,270,0.0,0.0
2015-01-12 20:00:00,14.6,95,0.3,2.8,140,-1.7998053071223101,2.1449244407331385
2015-01-12 21:00:00,14.8,93,0.3,2.5,188,0.34793275240016364,2.475670171853926
2015-01-12 22:00:00,15.2,90,0.4,1.9,202,0.7117525274902327,1.761649323676896
2015-01-12 23:00:00,14.9,91,0.4,0.7000000000000001,180,4.2862637970157366e-17,0.7000000000000001
2015-01-13 00:00:00,14.6,91,0.5,0.8,63,-0.7128052193506944,-0.36319239979163737
2015-01-13 01:00:00,14.4,92,0.5,1.6,63,-1.4256104387013888,-0.7263847995832747
2015-01-13 02:00:00,14.4,91,0.4,3.7,79,-3.632020578756357,-0.7059932828932155
2015-01-13 03:00:00,15.0,86,0.1,4.3,85,-4.283637201794505,-0.37476969381492914
2015-01-13 04:00:00,14.5,86,0.0,3.2,90,-3.2,3.9188697572715305e-16
2015-01-13 05:00:00,13.0,88,0.0,3.3,96,-3.2819222547153015,0.3449439287832573
2015-01-13 06:00:00,12.4,88,0.0,4.0,100,-3.939231012048832,0.6945927106677211
2015-01-13 07:00:00,12.2,87,0.0,4.0,85,-3.984778792366982,-0.3486229709906318
2015-01-13 08:00:00,14.5,83,0.0,2.5,90,-2.5,3.061616997868383e-16
2015-01-13 09:00:00,17.3,75,0.0,2.2,261,2.1729143493093033,0.34415582308850795
2015-01-13 10:00:00,18.6,74,0.0,5.5,281,5.3989495089621515,-1.0494494745709964
2015-01-13 11:00:00,19.8,72,0.0,7.6,278,7.5260373224359345,-1.0577155672964973
2015-01-13 12:00:00,20.7,71,0.0,8.4,277,8.337387673787106,-1.0237024846032388
2015-01-13 13:00:00,21.1,72,0.0,9.3,283,9.06164160250269,-2.092044805397945
2015-01-13 14:00:00,20.6,75,0.0,9.0,293,8.284543681071963,-3.5165801564034638
2015-01-13 15:00:00,19.2,84,0.0,8.8,305,7.208537989743128,-5.047472639889206
2015-01-13 16:00:00,18.3,86,0.0,8.2,311,6.18861855782673,-5.379684037722159
2015-01-13 17:00:00,17.2,90,0.0,6.9,317,4.70578868443124,-5.046340541172277
2015-01-13 18:00:00,16.0,95,0.1,8.9,328,4.716281451675524,-7.547628055792192
2015-01-13 19:00:00,15.3,98,0.2,10.2,342,3.151973342624464,-9.700776466210565
2015-01-13 20:00:00,14.8,98,0.4,11.7,342,3.615498834186885,-11.127361240653295
2015-01-13 21:00:00,14.0,98,0.4,12.7,352,1.7674983821928314,-12.576404473017943
2015-01-13 22:00:00,13.3,97,0.4,11.9,360,7.286648454926752e-16,-11.9
2015-01-13 23:00:00,12.9,97,0.6,10.8,4,-0.7533699164365563,-10.773691742806102
2015-01-14 00:00:00,12.6,96,0.9,10.5,6,-1.0975488643103604,-10.442479901366871
2015-01-14 01:00:00,12.4,97,1.1,9.6,20,-3.283393375926418,-9.02104915954472
2015-01-14 02:00:00,12.5,97,0.8,9.0,23,-3.5165801564034647,-8.284543681071963
2015-01-14 03:00:00,12.6,96,0.2,8.0,27,-3.6319239979163753,-7.128052193506942
2015-01-14 04:00:00,13.0,93,1.1,7.7,37,-4.6339756782707715,-6.149493427364155
2015-01-14 05:00:00,12.9,91,0.6,7.9,39,-4.971631089293719,-6.139453095510068
2015-01-14 06:00:00,12.8,92,0.6,7.9,24,-3.2132194802988208,-7.217009115376548
2015-01-14 07:00:00,12.7,92,0.4,9.3,16,-2.56342740909809,-8.939733772226367
2015-01-14 08:00:00,13.8,93,0.4,12.1,12,-2.5157314588948934,-11.835585968879046
2015-01-14 09:00:00,14.5,91,0.0,14.5,7,-1.767105479374634,-14.39191919879917
2015-01-14 10:00:00,15.3,88,0.0,17.0,6,-1.776983875550107,-16.90687222126065
2015-01-14 11:00:00,16.5,82,0.0,18.4,4,-1.2835191168919107,-18.355178524780765
2015-01-14 12:00:00,17.3,78,0.0,18.7,1,-0.3263600003772014,-18.697151899424515
2015-01-14 13:00:00,17.9,74,0.0,18.7,360,1.1450447572027753e-15,-18.7
2015-01-14 14:00:00,18.1,74,0.0,18.0,357,0.9420472123729914,-17.975331625582328
2015-01-14 15:00:00,17.6,76,0.0,17.4,354,1.81879526085717,-17.304680979407955
2015-01-14 16:00:00,16.7,78,0.0,16.7,354,1.7456253365698127,-16.608515652650162
2015-01-14 17:00:00,15.2,81,0.0,13.0,357,0.6803674311582716,-12.98218395180946
2015-01-14 18:00:00,13.5,85,0.0,12.3,3,-0.643732261788215,-12.283143277481258
2015-01-14 19:00:00,12.3,90,0.0,10.2,8,-1.4195656297926713,-10.100734301164016
2015-01-14 20:00:00,12.8,84,0.0,8.5,12,-1.767249371950958,-8.314254606237347
2015-01-14 21:00:00,12.8,83,0.0,7.6,25,-3.2118987892293136,-6.88793918147854
2015-01-14 22:00:00,12.8,82,0.0,6.4,27,-2.9055391983331003,-5.702441754805554
2015-01-14 23:00:00,13.1,80,0.0,6.6,29,-3.199743493625823,-5.772490067120013
2015-01-15 00:00:00,13.1,80,0.0,6.1,28,-2.8637765329939335,-5.385980316439454
2015-01-15 01:00:00,13.2,79,0.0,5.3,28,-2.488199282765221,-4.679622242152313
2015-01-15 02:00:00,13.4,77,0.0,5.0,30,-2.500000000000002,-4.330127018922192
2015-01-15 03:00:00,13.7,76,0.0,4.8,27,-2.179154398749825,-4.276831316104166
2015-01-15 04:00:00,13.5,77,0.0,4.7,23,-1.836436303899587,-4.326372811226469
2015-01-15 05:00:00,13.5,76,0.0,4.6,18,-1.4214781741247586,-4.3748599749577055
2015-01-15 06:00:00,13.2,77,0.0,4.7,23,-1.836436303899587,-4.326372811226469
2015-01-15 07:00:00,13.1,78,0.0,4.2,20,-1.436484601967808,-3.9467090073008158
2015-01-15 08:00:00,13.5,77,0.0,5.1,4,-0.35575801609504043,-5.087576656325103
2015-01-15 09:00:00,15.5,75,0.0,8.4,350,1.4586446924022156,-8.272385125302547
2015-01-15 10:00:00,16.7,73,0.0,9.3,344,2.5634274090980926,-8.939733772226367
2015-01-15 11:00:00,17.5,71,0.0,10.2,337,3.985457510590592,-9.389149505214892
2015-01-15 12:00:00,18.2,70,0.0,11.4,336,4.636797731064123,-10.41441821712565
2015-01-15 13:00:00,18.5,70,0.0,11.8,337,4.61062731617343,-10.861957270738797
2015-01-15 14:00:00,18.7,69,0.0,11.8,337,4.61062731617343,-10.861957270738797
2015-01-15 15:00:00,18.0,69,0.0,11.0,337,4.298042413382011,-10.125553387976844
2015-01-15 16:00:00,17.3,71,0.0,9.5,335,4.014873486536644,-8.609923976848174
2015-01-15 17:00:00,16.0,76,0.0,6.8,328,3.603450996785793,-5.766727053863696
2015-01-15 18:00:00,14.3,83,0.0,4.8,312,3.5670951622914924,-3.2118269105225195
2015-01-15 19:00:00,13.2,87,0.0,2.6,344,0.7166571251241979,-2.499280409439629
2015-01-15 20:00:00,13.0,87,0.0,1.8,11,-0.3434561916777803,-1.7669289302057951
2015-01-15 21:00:00,13.0,87,0.1,1.3,34,-0.7269507745119705,-1.0777488443215544
2015-01-15 22:00:00,12.7,87,0.1,1.0,45,-0.7071067811865477,-0.7071067811865475
2015-01-15 23:00:00,12.6,88,0.1,0.8,63,-0.7128052193506944,-0.36319239979163737
2015-01-16 00:00:00,12.6,88,0.0,1.1,18,-0.33991869381244233,-1.0461621679246689
2015-01-16 01:00:00,12.8,87,0.0,1.1,18,-0.33991869381244233,-1.0461621679246689
2015-01-16 02:00:00,12.8,87,0.2,1.1,360,6.735557395310444e-17,-1.1
2015-01-16 03:00:00,13.2,84,0.2,1.1,360,6.735557395310444e-17,-1.1
2015-01-16 04:00:00,12.9,86,0.2,1.8,11,-0.3434561916777803,-1.7669289302057951
2015-01-16 05:00:00,12.7,87,0.0,2.2,360,1.3471114790620887e-16,-2.2
2015-01-16 06:00:00,12.5,88,0.1,2.2,351,0.34415582308850806,-2.1729143493093033
2015-01-16 07:00:00,12.5,88,0.1,2.2,360,1.3471114790620887e-16,-2.2
2015-01-16 08:00:00,13.2,88,0.0,3.3,13,-0.7423384793347553,-3.215421213791276
2015-01-16 09:00:00,14.6,87,0.0,5.5,349,1.049449474570997,-5.3989495089621515
2015-01-16 10:00:00,15.7,82,0.0,7.2,342,2.224922359499622,-6.8476069173251055
2015-01-16 11:00:00,16.9,79,0.0,8.7,336,3.5386087947594613,-7.947845481490627
2015-01-16 12:00:00,17.3,76,0.0,9.7,333,4.403707847473604,-8.642763284627167
2015-01-16 13:00:00,17.2,76,0.0,10.5,333,4.766900247265242,-9.355568503977862
2015-01-16 14:00:00,16.9,77,0.0,11.3,333,5.1300926470568795,-10.068373723328557
2015-01-16 15:00:00,16.9,76,0.0,12.0,339,4.300415394543604,-11.202965117966421
2015-01-16 16:00:00,16.2,78,0.0,11.7,342,3.615498834186885,-11.127361240653295
2015-01-16 17:00:00,15.2,81,0.0,8.7,343,2.5436338310878095,-8.319851376878407
2015-01-16 18:00:00,14.1,84,0.0,9.3,344,2.5634274090980926,-8.939733772226367
2015-01-16 19:00:00,12.8,91,0.0,8.6,360,5.265981236333618e-16,-8.6
2015-01-16 20:00:00,13.0,86,0.0,8.0,10,-1.3891854213354426,-7.878462024097664
2015-01-16 21:00:00,12.9,86,0.0,7.2,18,-2.2249223594996224,-6.8476069173251055
2015-01-16 22:00:00,12.8,86,0.0,4.7,23,-1.836436303899587,-4.326372811226469
2015-01-16 23:00:00,12.7,86,0.0,2.6,16,-0.7166571251241971,-2.4992804094396295
2015-01-17 00:00:00,12.4,87,0.0,2.4,27,-1.0895771993749126,-2.138415658052083
2015-01-17 01:00:00,12.1,88,0.0,3.1,36,-1.822134282106667,-2.507952682562337
2015-01-17 02:00:00,11.9,88,0.0,2.7,23,-1.0549740469210394,-2.4853631043215887
2015-01-17 03:00:00,12.5,85,0.0,2.6,16,-0.7166571251241971,-2.4992804094396295
2015-01-17 04:00:00,12.3,85,0.0,2.1,31,-1.0815799573111144,-1.8000513314744355
2015-01-17 05:00:00,12.2,84,0.0,1.8,37,-1.083267041673687,-1.437543918085127
2015-01-17 06:00:00,11.8,85,0.0,1.3,56,-1.0777488443215544,-0.7269507745119708
2015-01-17 07:00:00,10.9,86,0.0,2.3,39,-1.447436899414627,-1.7874357113510322
2015-01-17 08:00:00,11.6,87,0.0,2.6,16,-0.7166571251241971,-2.4992804094396295
2015-01-17 09:00:00,14.8,79,0.0,5.2,335,2.197614961051637,-4.7128004925905795
2015-01-17 10:00:00,15.9,76,0.0,7.2,323,4.333068166694749,-5.750175672340508
2015-01-17 11:00:00,16.7,74,0.0,8.7,322,5.356254835333226,-6.855693556378481
2015-01-17 12:00:00,17.3,71,0.0,9.7,318,6.490566881680924,-7.208504807130724
2015-01-17 13:00:00,17.0,72,0.0,10.5,319,6.888619804400326,-7.924450592339106
2015-01-17 14:00:00,16.8,72,0.0,10.9,326,6.09520264783114,-9.036509540849956
2015-01-17 15:00:00,15.9,70,0.1,10.6,332,4.976398565530443,-9.359244484304625
2015-01-17 16:00:00,15.2,72,0.0,9.8,336,3.9860191021428424,-8.95274548489749
2015-01-17 17:00:00,14.3,76,0.1,7.5,343,2.192787785420526,-7.172285669722766
2015-01-17 18:00:00,13.2,79,0.2,5.8,330,2.9000000000000004,-5.0229473419497435
2015-01-17 19:00:00,12.3,84,0.2,3.8,343,1.1110124779463997,-3.6339580726595346
2015-01-17 20:00:00,11.2,89,0.0,2.4,333,1.0895771993749124,-2.138415658052083
2015-01-17 21:00:00,10.5,90,0.0,2.4,333,1.0895771993749124,-2.138415658052083
2015-01-17 22:00:00,10.4,91,0.0,2.6,344,0.7166571251241979,-2.499280409439629
2015-01-17 23:00:00,10.1,92,0.0,1.8,349,0.34345619167778085,-1.7669289302057951
2015-01-18 00:00:00,9.9,94,0.0,1.3,326,0.7269507745119709,-1.0777488443215544
2015-01-18 01:00:00,9.6,94,0.0,1.1,342,0.3399186938124422,-1.0461621679246689
2015-01-18 02:00:00,10.2,93,0.0,1.4,360,8.572527594031472e-17,-1.4
2015-01-18 03:00:00,10.3,91,0.0,1.5,346,0.3628828433995015,-1.4554435894139948
2015-01-18 04:00:00,9.9,92,0.0,1.3,326,0.7269507745119709,-1.0777488443215544
2015-01-18 05:00:00,9.7,93,0.0,1.6,333,0.726384799583275,-1.4256104387013886
2015-01-18 06:00:00,10.1,93,0.0,2.5,45,-1.7677669529663693,-1.7677669529663687
2015-01-18 07:00:00,11.1,91,0.0,2.1,59,-1.800051331474436,-1.0815799573111138
2015-01-18 08:00:00,11.9,90,0.0,2.3,18,-0.7107390870623793,-2.1874299874788528
2015-01-18 09:00:00,13.6,84,0.0,4.5,331,2.181643291108517,-3.935788682127281
2015-01-18 10:00:00,14.9,80,0.0,6.4,322,3.9402334420842133,-5.043268823083022
2015-01-18 11:00:00,15.9,76,0.0,8.4,320,5.399415921366931,-6.4347733221994154
2015-01-18 12:00:00,16.6,74,0.0,10.0,330,5.000000000000001,-8.660254037844386
2015-01-18 13:00:00,16.4,74,0.0,11.5,340,3.9332316482451914,-10.806465139037945
2015-01-18 14:00:00,16.5,73,0.0,13.3,347,2.991849022773404,-12.959121861643629
2015-01-18 15:00:00,15.7,72,0.0,14.2,351,2.221369403571279,-14.025174436450955
2015-01-18 16:00:00,15.1,73,0.0,13.6,348,2.8275989951215283,-13.302807369979755
2015-01-18 17:00:00,14.3,75,0.0,10.3,348,2.1414904154229224,-10.074920287558198
2015-01-18 18:00:00,13.2,78,0.0,9.0,344,2.4807362023529924,-8.65135526344487
2015-01-18 19:00:00,12.4,83,0.0,8.1,347,1.8221035401853058,-7.892397524760405
2015-01-18 20:00:00,11.7,85,0.0,5.8,7,-0.7068421917498535,-5.756767679519668
2015-01-18 21:00:00,11.5,85,0.0,3.2,360,1.9594348786357652e-16,-3.2
2015-01-18 22:00:00,11.3,85,0.0,3.3,6,-0.3449439287832561,-3.281922254715302
2015-01-18 23:00:00,11.8,84,0.0,3.5,24,-1.4235782507653003,-3.1974091017491033
2015-01-19 00:00:00,12.0,84,0.0,3.2,27,-1.4527695991665501,-2.851220877402777
2015-01-19 01:00:00,12.0,84,0.0,2.3,39,-1.447436899414627,-1.7874357113510322
2015-01-19 02:00:00,11.9,84,0.0,1.1,72,-1.046162167924669,-0.33991869381244205
2015-01-19 03:00:00,10.8,85,0.0,1.1,90,-1.1,1.3471114790620887e-16
2015-01-19 04:00:00,10.2,87,0.0,1.5,45,-1.0606601717798214,-1.0606601717798212
2015-01-19 05:00:00,10.2,86,0.0,1.8,53,-1.437543918085127,-1.0832670416736871
2015-01-19 06:00:00,9.1,89,0.0,3.0,104,-2.9108871788279895,0.7257656867990032
2015-01-19 07:00:00,8.4,90,0.0,2.2,81,-2.1729143493093033,-0.3441558230885076
2015-01-19 08:00:00,11.1,88,0.0,2.1,59,-1.800051331474436,-1.0815799573111138
2015-01-19 09:00:00,14.6,78,0.0,3.5,336,1.4235782507653008,-3.197409101749103
2015-01-19 10:00:00,16.3,75,0.0,6.1,320,3.92100441908789,-4.6728711030257655
2015-01-19 11:00:00,17.5,72,0.0,7.6,315,5.374011537017761,-5.37401153701776
2015-01-19 12:00:00,18.3,71,0.0,8.7,318,5.821436275322066,-6.46535998165333
2015-01-19 13:00:00,18.8,70,0.0,10.3,324,6.054188098612474,-8.332875042061959
2015-01-19 14:00:00,18.7,69,0.0,10.6,325,6.079910225321089,-8.683011669463312
2015-01-19 15:00:00,17.7,67,0.0,9.4,328,4.981241083792126,-7.9716521038704045
2015-01-19 16:00:00,17.1,68,0.0,7.7,323,4.633975678270772,-6.149493427364155
2015-01-19 17:00:00,16.2,73,0.0,5.6,320,3.5996106142446203,-4.289848881466277
2015-01-19 18:00:00,14.4,79,0.0,5.2,304,4.310995377286217,-2.907803098047884
2015-01-19 19:00:00,13.3,86,0.0,2.4,297,2.138415658052083,-1.0895771993749122
2015-01-19 20:00:00,12.4,89,0.0,0.8,297,0.7128052193506944,-0.3631923997916374
2015-01-19 21:00:00,11.6,91,0.0,1.1,270,1.1,0.0
2015-01-19 22:00:00,11.1,93,0.0,1.8,281,1.7669289302057951,-0.34345619167778063
2015-01-19 23:00:00,11.1,94,0.0,1.5,284,1.4554435894139948,-0.3628828433995016
2015-01-20 00:00:00,11.0,95,0.0,1.8,307,1.437543918085127,-1.083267041673687
2015-01-20 01:00:00,11.3,95,0.2,2.0,315,1.4142135623730951,-1.414213562373095
2015-01-20 02:00:00,11.7,94,0.2,1.3,326,0.7269507745119709,-1.0777488443215544
2015-01-20 03:00:00,12.8,89,0.0,1.3,56,-1.0777488443215544,-0.7269507745119708
2015-01-20 04:00:00,13.0,89,0.0,1.3,124,-1.0777488443215542,0.726950774511971
2015-01-20 05:00:00,13.5,87,0.0,1.0,135,-0.7071067811865475,0.7071067811865476
2015-01-20 06:00:00,13.7,86,0.0,1.8,180,1.1021821192326179e-16,1.8
2015-01-20 07:00:00,14.3,82,0.0,1.8,217,1.0832670416736871,1.437543918085127
2015-01-20 08:00:00,14.6,85,0.0,2.9,263,2.8783838397598336,0.35342109587492765
2015-01-20 09:00:00,15.5,83,0.0,4.1,285,3.96029588778518,-1.061158084920335
2015-01-20 10:00:00,16.4,81,0.0,4.0,280,3.939231012048832,-0.6945927106677213
2015-01-20 11:00:00,17.3,80,0.0,5.2,258,5.08636752381579,1.0811407922523486
2015-01-20 12:00:00,18.2,78,0.0,7.0,258,6.84703320513664,1.4553818357243153
2015-01-20 13:00:00,18.4,78,0.0,8.0,265,7.969557584733964,0.6972459419812653
2015-01-20 14:00:00,18.6,78,0.0,8.3,272,8.294943864258496,-0.2896658226307581
2015-01-20 15:00:00,18.3,80,0.0,8.8,279,8.691657397237213,-1.3766232923540318
2015-01-20 16:00:00,17.5,80,0.1,8.7,294,7.947845481490627,-3.5386087947594613
2015-01-20 17:00:00,16.7,81,0.3,6.1,310,4.6728711030257655,-3.921004419087889
2015-01-20 18:00:00,16.1,83,0.1,6.4,322,3.9402334420842133,-5.043268823083022
2015-01-20 19:00:00,15.6,88,0.0,5.8,338,2.1727182418122895,-5.377666356487367
2015-01-20 20:00:00,15.3,88,0.0,4.8,333,2.1791543987498248,-4.276831316104166
2015-01-20 21:00:00,15.6,84,0.0,5.2,348,1.0811407922523493,-5.086367523815789
2015-01-20 22:00:00,15.4,85,0.0,5.8,4,-0.40458754771592836,-5.78587149150698
2015-01-20 23:00:00,15.2,86,0.1,6.1,360,3.735172737399427e-16,-6.1
2015-01-21 00:00:00,14.8,88,0.0,4.7,9,-0.7352419856890859,-4.6421352007971475
2015-01-21 01:00:00,14.5,90,0.0,4.2,20,-1.436484601967808,-3.9467090073008158
2015-01-21 02:00:00,13.9,92,0.0,5.7,35,-3.2693856872009643,-4.669166652447252
2015-01-21 03:00:00,14.0,90,0.0,5.4,48,-4.012982057577929,-3.6133052743378347
2015-01-21 04:00:00,14.2,88,0.0,4.6,39,-2.894873798829254,-3.5748714227020644
2015-01-21 05:00:00,13.7,89,0.0,5.8,30,-2.9000000000000026,-5.022947341949743
2015-01-21 06:00:00,12.6,93,0.0,10.5,16,-2.894192236078488,-10.09324780735235
2015-01-21 07:00:00,12.3,95,0.0,9.2,11,-1.7554427574642102,-9.030970087718508
2015-01-21 08:00:00,13.2,96,0.1,8.1,13,-1.8221035401853085,-7.892397524760404
2015-01-21 09:00:00,15.9,89,0.0,11.3,9,-1.7677094549546108,-11.160878248725057
2015-01-21 10:00:00,17.0,85,0.0,11.9,357,0.6227978792910333,-11.88369146357943
2015-01-21 11:00:00,17.9,83,0.0,12.5,348,2.598896135221993,-12.22684500917257
2015-01-21 12:00:00,18.7,82,0.0,13.4,346,3.241753401035547,-13.001962732098352
2015-01-21 13:00:00,18.7,81,0.0,14.5,346,3.507867486195181,-14.06928803100195
2015-01-21 14:00:00,18.8,80,0.0,15.2,346,3.6772128131149486,-14.748495039395145
2015-01-21 15:00:00,18.8,77,0.0,15.0,350,2.604722665003956,-14.772116295183121
2015-01-21 16:00:00,18.2,77,0.0,14.2,351,2.221369403571279,-14.025174436450955
2015-01-21 17:00:00,16.8,80,0.0,12.0,353,1.4624321208617699,-11.910553819695863
2015-01-21 18:00:00,15.2,85,0.0,11.6,7,-1.413684383499707,-11.513535359039336
2015-01-21 19:00:00,14.3,89,0.0,12.2,14,-2.951447126315947,-11.837607860567156
2015-01-21 20:00:00,13.0,92,0.0,11.0,19,-3.581249699028723,-10.400704331592486
2015-01-21 21:00:00,13.0,90,0.0,10.6,24,-4.311408416603481,-9.68358185101157
2015-01-21 22:00:00,12.8,89,0.0,10.1,35,-5.793122007145568,-8.273435647318815
2015-01-21 23:00:00,13.2,86,0.0,9.0,37,-5.416335208368435,-7.187719590425635
2015-01-22 00:00:00,13.2,83,0.0,8.5,36,-4.996174644486023,-6.876644452187052
2015-01-22 01:00:00,13.0,80,0.0,8.3,34,-4.6413010988071965,-6.881011852206848
2015-01-22 02:00:00,12.8,78,0.0,9.0,29,-4.3632865822170315,-7.871577364254564
2015-01-22 03:00:00,12.8,76,0.0,10.3,29,-4.99353908853727,-9.00858298353578
2015-01-22 04:00:00,12.5,73,0.0,10.7,33,-5.827637674660788,-8.973775077016036
2015-01-22 05:00:00,12.3,70,0.0,10.6,35,-6.0799102253210915,-8.68301166946331
2015-01-22 06:00:00,12.0,67,0.0,10.5,38,-6.46444549091941,-8.274112912870581
2015-01-22 07:00:00,11.5,65,0.0,10.9,34,-6.095202647831138,-9.036509540849956
2015-01-22 08:00:00,12.3,65,0.0,9.2,21,-3.296985135816766,-8.588939923774255
2015-01-22 09:00:00,15.0,59,0.0,12.7,8,-1.7674983821928358,-12.576404473017941
2015-01-22 10:00:00,16.4,52,0.0,14.8,4,-1.0323958114130587,-14.763947943845398
2015-01-22 11:00:00,17.2,48,0.0,16.6,359,0.2897099468589078,-16.597471739596095
2015-01-22 12:00:00,17.6,45,0.0,18.0,359,0.3141433158711048,-17.997258512815044
2015-01-22 13:00:00,17.7,44,0.0,18.0,359,0.3141433158711048,-17.997258512815044
2015-01-22 14:00:00,17.6,44,0.0,16.9,1,-0.2949456687900911,-16.89742604814301
2015-01-22 15:00:00,17.3,48,0.0,15.5,1,-0.2705122997778942,-15.497639274924065
2015-01-22 16:00:00,16.6,52,0.0,14.4,360,8.817456953860943e-16,-14.4
2015-01-22 17:00:00,15.1,58,0.0,10.8,360,6.613092715395707e-16,-10.8
2015-01-22 18:00:00,12.9,62,0.0,12.9,18,-3.9863192274368235,-12.26862906020748
2015-01-22 19:00:00,10.8,70,0.0,11.5,39,-7.237184497073135,-8.937178556755162
2015-01-22 20:00:00,8.8,74,0.0,10.9,46,-7.840803823691297,-7.571776238003071
2015-01-22 21:00:00,7.8,71,0.0,11.5,49,-8.679160172561879,-7.544678833390831
2015-01-22 22:00:00,7.3,65,0.0,10.6,55,-8.683011669463312,-6.079910225321089
2015-01-22 23:00:00,7.3,59,0.0,9.2,59,-7.8859391664594325,-4.738350289172498
2015-01-23 00:00:00,7.3,54,0.0,6.6,61,-5.772490067120012,-3.1997434936258236
2015-01-23 01:00:00,7.1,50,0.0,4.2,59,-3.600102662948872,-2.1631599146222276
2015-01-23 02:00:00,6.2,50,0.0,3.5,66,-3.197409101749103,-1.4235782507653008
2015-01-23 03:00:00,3.8,60,0.0,3.3,49,-2.490541614735148,-2.1649947956686733
2015-01-23 04:00:00,3.1,60,0.0,3.1,36,-1.822134282106667,-2.507952682562337
2015-01-23 05:00:00,2.5,61,0.0,2.6,34,-1.453901549023941,-2.1554976886431088
2015-01-23 06:00:00,2.1,62,0.0,1.6,27,-0.7263847995832751,-1.4256104387013886
2015-01-23 07:00:00,2.0,67,0.0,1.8,53,-1.437543918085127,-1.0832670416736871
2015-01-23 08:00:00,5.5,77,0.0,1.6,63,-1.4256104387013888,-0.7263847995832747
2015-01-23 09:00:00,13.4,51,0.0,2.2,270,2.2,0.0
2015-01-23 10:00:00,15.4,42,0.0,5.8,274,5.78587149150698,-0.40458754771592675
2015-01-23 11:00:00,16.4,45,0.0,7.2,276,7.160557646651568,-0.7526049355271051
2015-01-23 12:00:00,17.2,48,0.0,8.8,279,8.691657397237213,-1.3766232923540318
2015-01-23 13:00:00,17.5,51,0.0,9.8,287,9.371786608437748,-2.8652427062828205
2015-01-23 14:00:00,17.5,53,0.0,9.3,298,8.211412613588022,-4.366085533908785
2015-01-23 15:00:00,17.1,54,0.0,9.8,306,7.9283665448744856,-5.760295472466237
2015-01-23 16:00:00,16.4,57,0.0,9.2,318,6.156001578501495,-6.836932394392027
2015-01-23 17:00:00,15.3,61,0.0,5.7,325,3.269385687200963,-4.669166652447253
2015-01-23 18:00:00,13.0,80,0.0,4.7,351,0.7352419856890854,-4.6421352007971475
2015-01-23 19:00:00,12.9,69,0.0,4.9,54,-3.964183272437243,-2.880147736233118
2015-01-23 20:00:00,12.6,69,0.0,5.0,69,-4.667902132486009,-1.7918397477265022
2015-01-23 21:00:00,12.2,69,0.0,4.3,66,-3.9282454678631837,-1.7489675652259409
2015-01-23 22:00:00,10.4,72,0.0,3.2,63,-2.8512208774027776,-1.4527695991665495
2015-01-23 23:00:00,9.4,73,0.0,3.5,66,-3.197409101749103,-1.4235782507653008
2015-01-24 00:00:00,8.6,74,0.0,3.4,72,-3.2335921554035223,-1.0506577808748208
2015-01-24 01:00:00,8.2,73,0.0,3.5,66,-3.197409101749103,-1.4235782507653008
2015-01-24 02:00:00,7.8,71,0.0,3.5,66,-3.197409101749103,-1.4235782507653008
2015-01-24 03:00:00,7.1,71,0.0,3.4,58,-2.8833635269318485,-1.8017254983928963
2015-01-24 04:00:00,7.5,68,0.0,3.4,58,-2.8833635269318485,-1.8017254983928963
2015-01-24 05:00:00,7.3,67,0.0,3.2,63,-2.8512208774027776,-1.4527695991665495
2015-01-24 06:00:00,7.4,65,0.0,3.2,63,-2.8512208774027776,-1.4527695991665495
2015-01-24 07:00:00,6.3,68,0.0,3.7,79,-3.632020578756357,-0.7059932828932155
2015-01-24 08:00:00,8.7,73,0.0,3.6,90,-3.6,4.4087284769304716e-16
2015-01-24 09:00:00,14.6,60,0.0,0.4,270,0.4,0.0
2015-01-24 10:00:00,16.6,53,0.0,5.2,282,5.08636752381579,-1.0811407922523486
2015-01-24 11:00:00,17.7,53,0.0,7.6,278,7.5260373224359345,-1.0577155672964973
2015-01-24 12:00:00,18.3,52,0.0,9.4,277,9.329933825428427,-1.1455718280083864
2015-01-24 13:00:00,18.5,53,0.0,10.2,280,10.045039080724521,-1.7712114122026892
2015-01-24 14:00:00,18.3,54,0.0,10.0,291,9.335804264972017,-3.5836794954530027
2015-01-24 15:00:00,18.0,60,0.0,9.8,306,7.9283665448744856,-5.760295472466237
2015-01-24 16:00:00,17.1,62,0.0,8.9,317,6.069785404556237,-6.509047944410617
2015-01-24 17:00:00,16.0,67,0.0,6.3,329,3.244739871933341,-5.400153994423308
2015-01-24 18:00:00,14.0,82,0.0,7.2,3,-0.376818884949199,-7.190132650232932
2015-01-24 19:00:00,13.9,76,0.0,6.9,43,-4.705788684431241,-5.046340541172277
2015-01-24 20:00:00,13.5,78,0.0,6.3,59,-5.400153994423308,-3.244739871933341
2015-01-24 21:00:00,13.3,80,0.0,5.6,75,-5.4091846272187825,-1.4493866525741164
2015-01-24 22:00:00,12.0,82,0.0,5.8,83,-5.756767679519668,-0.7068421917498544
2015-01-24 23:00:00,9.1,88,0.0,6.1,90,-6.1,7.470345474798854e-16
2015-01-25 00:00:00,7.7,90,0.0,6.2,97,-6.153786140176196,0.7555899291119148
2015-01-25 01:00:00,7.1,90,0.0,5.0,90,-5.0,6.123233995736766e-16
2015-01-25 02:00:00,6.7,90,0.0,2.9,83,-2.878383839759834,-0.3534210958749272
2015-01-25 03:00:00,7.2,88,0.0,2.4,63,-2.138415658052083,-1.089577199374912
2015-01-25 04:00:00,7.5,86,0.0,3.1,54,-2.5079526825623377,-1.8221342821066664
2015-01-25 05:00:00,7.7,85,0.0,3.0,76,-2.9108871788279895,-0.7257656867990026
2015-01-25 06:00:00,7.6,84,0.0,2.4,63,-2.138415658052083,-1.089577199374912
2015-01-25 07:00:00,7.8,82,0.0,2.9,60,-2.5114736709748717,-1.4500000000000002
2015-01-25 08:00:00,11.2,83,0.0,2.7,67,-2.485363104321589,-1.0549740469210387
2015-01-25 09:00:00,15.6,80,0.0,1.8,37,-1.083267041673687,-1.437543918085127
2015-01-25 10:00:00,18.6,57,0.0,3.9,326,2.1808523235359125,-3.233246532964663
2015-01-25 11:00:00,19.0,62,0.0,5.4,312,4.012982057577929,-3.6133052743378347
2015-01-25 12:00:00,19.6,63,0.0,6.9,298,6.092338390726597,-3.2393537832226467
2015-01-25 13:00:00,19.2,67,0.0,7.4,299,6.472185832831529,-3.5875911898228945
2015-01-25 14:00:00,19.4,68,0.0,6.9,309,5.3623071340531,-4.342310698243878
2015-01-25 15:00:00,19.4,69,0.0,7.1,311,5.358438019581681,-4.658019105832602
2015-01-25 16:00:00,18.9,72,0.0,7.1,319,4.658019105832602,-5.358438019581681
2015-01-25 17:00:00,18.1,75,0.0,5.2,326,2.9078030980478835,-4.3109953772862175
2015-01-25 18:00:00,16.4,87,0.0,3.4,18,-1.0506577808748216,-3.233592155403522
2015-01-25 19:00:00,16.3,81,0.0,2.8,40,-1.7998053071223103,-2.144924440733138
2015-01-25 20:00:00,16.1,82,0.0,3.1,45,-2.192031021678298,-2.192031021678297
2015-01-25 21:00:00,15.8,82,0.0,3.9,56,-3.233246532964663,-2.180852323535912
2015-01-25 22:00:00,15.5,83,0.0,3.7,61,-3.236092916415765,-1.7937955949114468
2015-01-25 23:00:00,15.4,82,0.0,3.6,45,-2.545584412271572,-2.545584412271571
2015-01-26 00:00:00,14.7,83,0.0,4.3,42,-2.87726160734309,-3.195522749552796
2015-01-26 01:00:00,13.6,85,0.0,4.3,42,-2.87726160734309,-3.195522749552796
2015-01-26 02:00:00,13.7,83,0.0,4.1,38,-2.524212048835198,-3.2308440897875603
2015-01-26 03:00:00,15.0,78,0.0,3.8,41,-2.4930243101639276,-2.8678964048465336
2015-01-26 04:00:00,13.6,83,0.0,4.6,39,-2.894873798829254,-3.5748714227020644
2015-01-26 05:00:00,12.8,85,0.0,4.3,48,-3.195522749552795,-2.8772616073430903
2015-01-26 06:00:00,12.6,84,0.0,3.8,49,-2.867896404846534,-2.4930243101639267
2015-01-26 07:00:00,12.7,82,0.0,3.6,45,-2.545584412271572,-2.545584412271571
2015-01-26 08:00:00,14.9,77,0.0,4.1,45,-2.8991378028648453,-2.8991378028648445
2015-01-26 09:00:00,17.4,74,0.0,4.7,356,0.3278554265973886,-4.688551036221174
2015-01-26 10:00:00,18.5,73,0.0,6.2,339,2.2218812871808624,-5.788198644282651
2015-01-26 11:00:00,19.2,71,0.0,7.1,336,2.8878301658381815,-6.486172749262466
2015-01-26 12:00:00,20.0,67,0.0,7.6,329,3.9142893693164114,-6.5144714853360535
2015-01-26 13:00:00,20.0,67,0.0,8.3,326,4.641301098807199,-6.881011852206847
2015-01-26 14:00:00,19.9,69,0.0,8.9,328,4.716281451675524,-7.547628055792192
2015-01-26 15:00:00,19.9,71,0.0,9.5,331,4.605691392340202,-8.30888721782426
2015-01-26 16:00:00,19.0,75,0.0,9.0,331,4.363286582217034,-7.871577364254562
2015-01-26 17:00:00,18.0,79,0.0,7.2,333,3.268731598124737,-6.415246974156248
2015-01-26 18:00:00,16.7,85,0.0,7.1,345,1.8376152202278973,-6.858073366652385
2015-01-26 19:00:00,15.2,93,0.0,6.9,6,-0.7212463965468082,-6.862201078041087
2015-01-26 20:00:00,15.5,89,0.0,5.7,18,-1.7613968679372012,-5.421022142882375
2015-01-26 21:00:00,15.4,89,0.0,5.2,34,-2.907803098047882,-4.3109953772862175
2015-01-26 22:00:00,15.5,88,0.0,4.8,42,-3.211826910522519,-3.567095162291493
2015-01-26 23:00:00,15.4,88,0.0,3.6,37,-2.166534083347374,-2.875087836170254
2015-01-27 00:00:00,15.5,87,0.0,3.6,37,-2.166534083347374,-2.875087836170254
2015-01-27 01:00:00,15.5,86,0.0,3.2,27,-1.4527695991665501,-2.851220877402777
2015-01-27 02:00:00,14.9,86,0.5,3.9,22,-1.460965714322058,-3.6160170328104706
2015-01-27 03:00:00,15.7,86,0.6,4.1,38,-2.524212048835198,-3.2308440897875603
2015-01-27 04:00:00,15.7,85,0.7000000000000001,4.2,20,-1.436484601967808,-3.9467090073008158
2015-01-27 05:00:00,15.4,86,0.6,4.8,27,-2.179154398749825,-4.276831316104166
2015-01-27 06:00:00,15.4,86,0.5,3.6,360,2.2043642384652358e-16,-3.6
2015-01-27 07:00:00,15.4,86,0.6,3.5,24,-1.4235782507653003,-3.1974091017491033
2015-01-27 08:00:00,15.8,88,0.5,3.4,32,-1.801725498392897,-2.883363526931848
2015-01-27 09:00:00,16.6,88,0.8,4.0,355,0.34862297099063255,-3.984778792366982
2015-01-27 10:00:00,17.2,88,0.4,3.9,338,1.4609657143220567,-3.616017032810471
2015-01-27 11:00:00,17.7,89,0.5,4.4,305,3.604268994871564,-2.523736319944603
2015-01-27 12:00:00,18.4,87,0.6,6.8,288,6.467184310807044,-2.1013155617496424
2015-01-27 13:00:00,18.1,89,0.8,7.0,282,6.84703320513664,-1.4553818357243153
2015-01-27 14:00:00,18.0,91,0.9,6.3,283,6.1385314081469815,-1.4171916423663495
2015-01-27 15:00:00,17.9,87,1.1,7.9,309,6.139453095510071,-4.971631089293716
2015-01-27 16:00:00,17.5,90,0.9,6.8,328,3.603450996785793,-5.766727053863696
2015-01-27 17:00:00,17.0,93,1.0,5.3,332,2.4881992827652213,-4.679622242152313
2015-01-27 18:00:00,16.0,96,1.2,6.8,328,3.603450996785793,-5.766727053863696
2015-01-27 19:00:00,15.4,98,0.9,7.3,349,1.3929056662487778,-7.165878439167947
2015-01-27 20:00:00,14.8,98,0.2,6.7,344,1.8467702839738944,-6.440453362786736
2015-01-27 21:00:00,14.8,97,0.2,4.5,346,1.0886485301985045,-4.366330768241984
2015-01-27 22:00:00,14.5,97,0.2,3.4,342,1.0506577808748212,-3.233592155403522
2015-01-27 23:00:00,14.5,97,0.2,3.3,354,0.3449439287832564,-3.2819222547153015
2015-01-28 00:00:00,15.1,95,0.2,2.9,360,1.7757378587636622e-16,-2.9
2015-01-28 01:00:00,15.2,94,0.5,2.5,352,0.34793275240016364,-2.475670171853926
2015-01-28 02:00:00,15.1,93,0.5,3.6,360,2.2043642384652358e-16,-3.6
2015-01-28 03:00:00,15.2,89,0.7000000000000001,3.7,11,-0.7059932828932151,-3.632020578756357
2015-01-28 04:00:00,15.2,88,0.5,3.3,13,-0.7423384793347553,-3.215421213791276
2015-01-28 05:00:00,15.2,87,0.2,2.9,7,-0.35342109587492676,-2.878383839759834
2015-01-28 06:00:00,14.7,89,0.1,3.3,347,0.7423384793347542,-3.2154212137912763
2015-01-28 07:00:00,14.6,89,0.0,2.9,7,-0.35342109587492676,-2.878383839759834
2015-01-28 08:00:00,15.1,88,0.0,2.9,353,0.3534210958749277,-2.8783838397598336
2015-01-28 09:00:00,16.2,86,0.2,4.2,340,1.436484601967809,-3.9467090073008153
2015-01-28 10:00:00,17.3,83,0.2,4.6,321,2.894873798829252,-3.5748714227020657
2015-01-28 11:00:00,18.2,80,0.4,6.0,303,5.032023407672544,-3.2678342100901627
2015-01-28 12:00:00,18.6,78,0.2,7.1,300,6.148780366869515,-3.5499999999999994
2015-01-28 13:00:00,19.3,77,0.4,8.2,308,6.461688179575119,-5.048424097670398
2015-01-28 14:00:00,19.2,77,0.3,8.4,313,6.143371093601032,-5.728786224524987
2015-01-28 15:00:00,18.5,80,0.6,8.2,322,5.048424097670398,-6.46168817957512
2015-01-28 16:00:00,17.8,82,0.3,7.6,329,3.9142893693164114,-6.5144714853360535
2015-01-28 17:00:00,17.0,84,0.2,6.0,327,3.2678342100901627,-5.032023407672544
2015-01-28 18:00:00,16.2,86,0.4,5.6,320,3.5996106142446203,-4.289848881466277
2015-01-28 19:00:00,15.2,93,0.4,5.2,326,2.9078030980478835,-4.3109953772862175
2015-01-28 20:00:00,14.6,94,0.5,4.9,324,2.8801477362331185,-3.9641832724372428
2015-01-28 21:00:00,14.3,93,0.4,4.7,328,2.490620541896063,-3.9858260519352022
2015-01-28 22:00:00,14.4,92,0.4,2.9,330,1.4500000000000002,-2.5114736709748717
2015-01-28 23:00:00,14.5,91,0.5,3.2,333,1.45276959916655,-2.851220877402777
2015-01-29 00:00:00,14.3,92,0.4,3.3,347,0.7423384793347542,-3.2154212137912763
2015-01-29 01:00:00,14.2,92,0.4,3.6,360,2.2043642384652358e-16,-3.6
2015-01-29 02:00:00,14.6,89,0.4,4.8,13,-1.0797650608505531,-4.6769763109691285
2015-01-29 03:00:00,13.8,92,0.7000000000000001,5.7,18,-1.7613968679372012,-5.421022142882375
2015-01-29 04:00:00,13.8,90,0.4,5.8,30,-2.9000000000000026,-5.022947341949743
2015-01-29 05:00:00,13.9,89,0.3,5.5,32,-2.9145559532826275,-4.664264528860342
2015-01-29 06:00:00,14.2,88,0.0,5.1,39,-3.2095339943541727,-3.96344440343055
2015-01-29 07:00:00,14.3,87,0.0,5.2,34,-2.907803098047882,-4.3109953772862175
2015-01-29 08:00:00,15.0,85,0.0,4.7,23,-1.836436303899587,-4.326372811226469
2015-01-29 09:00:00,16.9,84,0.0,5.8,353,0.7068421917498554,-5.756767679519667
2015-01-29 10:00:00,17.9,81,0.0,6.4,333,2.9055391983331,-5.702441754805554
2015-01-29 11:00:00,19.0,78,0.0,7.6,329,3.9142893693164114,-6.5144714853360535
2015-01-29 12:00:00,19.9,75,0.0,8.5,324,4.996174644486022,-6.876644452187053
2015-01-29 13:00:00,20.0,75,0.0,9.5,323,5.717242719944459,-7.587037345449282
2015-01-29 14:00:00,20.1,76,0.0,10.2,328,5.40517649517869,-8.650090580795544
2015-01-29 15:00:00,19.7,78,0.0,10.5,333,4.766900247265242,-9.355568503977862
2015-01-29 16:00:00,18.8,81,0.0,10.2,337,3.985457510590592,-9.389149505214892
2015-01-29 17:00:00,17.7,84,0.0,8.8,341,2.8649997592229797,-8.320563465273988
2015-01-29 18:00:00,16.3,89,0.0,9.4,342,2.904759747124506,-8.939931253174443
2015-01-29 19:00:00,15.1,95,0.0,9.4,4,-0.6557108531947805,-9.377102072442348
2015-01-29 20:00:00,14.8,94,0.0,8.9,14,-2.1531048708370433,-8.635631963856369
2015-01-29 21:00:00,14.6,94,0.0,7.9,16,-2.1775351109542913,-7.593967397912721
2015-01-29 22:00:00,14.7,92,0.0,6.8,32,-3.603450996785794,-5.766727053863696
2015-01-29 23:00:00,14.6,91,0.0,6.4,38,-3.940233442084212,-5.043268823083022
2015-01-30 00:00:00,14.5,90,0.0,6.4,43,-4.364789504399991,-4.6806636903626915
2015-01-30 01:00:00,14.6,87,0.0,6.9,39,-4.342310698243882,-5.362307134053097
2015-01-30 02:00:00,14.5,86,0.0,7.4,39,-4.656970893768801,-5.750880114781583
2015-01-30 03:00:00,14.3,86,0.0,8.2,38,-5.048424097670396,-6.461688179575121
2015-01-30 04:00:00,14.1,86,0.0,8.7,38,-5.356254835333225,-6.8556935563784815
2015-01-30 05:00:00,14.0,87,0.0,8.3,34,-4.6413010988071965,-6.881011852206848
2015-01-30 06:00:00,13.8,87,0.0,7.9,30,-3.9500000000000037,-6.841600689897064
2015-01-30 07:00:00,13.7,89,0.0,7.4,29,-3.5875911898228927,-6.4721858328315305
2015-01-30 08:00:00,14.2,89,0.0,8.2,15,-2.122316169840669,-7.92059177557036
2015-01-30 09:00:00,16.3,84,0.0,10.5,354,1.0975488643103612,-10.44247990136687
2015-01-30 10:00:00,17.6,80,0.0,10.6,342,3.275580140374443,-10.081199072728626
2015-01-30 11:00:00,18.6,76,0.0,12.0,339,4.300415394543604,-11.202965117966421
2015-01-30 12:00:00,19.0,75,0.0,14.0,337,5.470235798849832,-12.887067948334165
2015-01-30 13:00:00,19.1,74,0.0,14.4,338,5.394334945189132,-13.351447505761739
2015-01-30 14:00:00,19.0,74,0.0,13.9,339,4.981314498679676,-12.976767928311105
2015-01-30 15:00:00,18.2,74,0.0,13.6,338,5.094649670456403,-12.60970042210831
2015-01-30 16:00:00,17.2,76,0.0,12.9,342,3.986319227436822,-12.26862906020748
2015-01-30 17:00:00,16.1,78,0.0,10.9,343,3.186851581477831,-10.423721839997087
2015-01-30 18:00:00,14.8,81,0.0,10.6,350,1.8406706832694624,-10.438962181929405
2015-01-30 19:00:00,13.6,87,0.0,10.8,2,-0.37691456438700827,-10.793420931806235
2015-01-30 20:00:00,13.0,86,0.0,9.8,8,-1.363896389408645,-9.704627073667389
2015-01-30 21:00:00,13.4,82,0.0,8.0,18,-2.4721359549995805,-7.608452130361228
2015-01-30 22:00:00,13.1,83,0.0,7.1,15,-1.8376152202278964,-6.858073366652385
2015-01-30 23:00:00,12.9,82,0.0,7.8,13,-1.7546182238821488,-7.600086505324834
2015-01-31 00:00:00,12.7,82,0.0,7.5,17,-2.192787785420528,-7.172285669722765
2015-01-31 01:00:00,12.7,81,0.0,6.8,18,-2.1013155617496433,-6.467184310807044
2015-01-31 02:00:00,12.5,81,0.0,7.2,18,-2.2249223594996224,-6.8476069173251055
2015-01-31 03:00:00,12.5,79,0.0,8.1,21,-2.9027803913169357,-7.562001454627333
2015-01-31 04:00:00,12.3,79,0.0,8.6,22,-3.2216167033768457,-7.97378114927437
2015-01-31 05:00:00,12.3,79,0.0,8.1,21,-2.9027803913169357,-7.562001454627333
2015-01-31 06:00:00,12.2,79,0.0,6.6,29,-3.199743493625823,-5.772490067120013
2015-01-31 07:00:00,12.2,79,0.0,5.5,32,-2.9145559532826275,-4.664264528860342
2015-01-31 08:00:00,13.3,77,0.0,4.9,17,-1.4326213531414118,-4.685893304218873
2015-01-31 09:00:00,15.4,73,0.0,8.0,352,1.1133848076805237,-7.922144549932563
2015-01-31 10:00:00,16.7,71,0.0,8.9,339,3.1894747509531736,-8.308865795825096
2015-01-31 11:00:00,17.9,69,0.0,9.5,331,4.605691392340202,-8.30888721782426
2015-01-31 12:00:00,18.7,67,0.0,10.2,328,5.40517649517869,-8.650090580795544
2015-01-31 13:00:00,18.9,67,0.0,11.1,324,6.524416300446451,-8.980088637561916
2015-01-31 14:00:00,18.7,67,0.0,11.9,325,6.8255595925774495,-9.747909327039002
2015-01-31 15:00:00,18.1,67,0.0,12.9,330,6.450000000000002,-11.171727708819258
2015-01-31 16:00:00,16.9,69,0.0,12.4,334,5.435802220184561,-11.145046174109671
2015-01-31 17:00:00,15.7,72,0.0,10.2,337,3.985457510590592,-9.389149505214892
2015-01-31 18:00:00,14.2,77,0.0,8.0,342,2.4721359549995796,-7.608452130361228
2015-01-31 19:00:00,13.3,81,0.0,9.1,342,2.8120546488120217,-8.654614298285896
2015-01-31 20:00:00,12.5,87,0.0,8.1,347,1.8221035401853058,-7.892397524760405
2015-01-31 21:00:00,12.0,87,0.0,7.7,349,1.4692292643993958,-7.558529312547013
2015-01-31 22:00:00,11.9,86,0.0,7.4,346,1.7902220274375409,-7.180188374442374
2015-01-31 23:00:00,11.9,85,0.0,8.0,352,1.1133848076805237,-7.922144549932563
2015-02-01 00:00:00,11.9,84,0.0,7.6,360,4.653657836759942e-16,-7.6
2015-02-01 01:00:00,12.5,82,0.0,7.2,3,-0.376818884949199,-7.190132650232932
2015-02-01 02:00:00,12.3,83,0.1,6.8,357,0.35588450245201897,-6.790680836331102
2015-02-01 03:00:00,11.4,88,0.0,5.7,342,1.7613968679372005,-5.421022142882375
2015-02-01 04:00:00,11.4,88,0.0,3.8,343,1.1110124779463997,-3.6339580726595346
2015-02-01 05:00:00,11.3,89,0.0,4.1,345,1.061158084920335,-3.96029588778518
2015-02-01 06:00:00,11.2,89,0.0,3.6,360,2.2043642384652358e-16,-3.6
2015-02-01 07:00:00,11.2,90,0.0,4.4,9,-0.6883116461770166,-4.345828698618606
2015-02-01 08:00:00,12.4,91,0.0,5.8,356,0.40458754771592637,-5.78587149150698
2015-02-01 09:00:00,14.6,82,0.0,6.7,344,1.8467702839738944,-6.440453362786736
2015-02-01 10:00:00,15.5,79,0.0,8.4,335,3.5499933986218752,-7.61298541110786
2015-02-01 11:00:00,16.3,77,0.0,9.6,326,5.368251873319169,-7.9587606965284
2015-02-01 12:00:00,16.5,78,0.0,10.6,325,6.079910225321089,-8.683011669463312
2015-02-01 13:00:00,16.8,78,0.2,10.3,331,4.993539088537273,-9.008582983535776
2015-02-01 14:00:00,16.8,77,0.2,10.0,334,4.383711467890775,-8.98794046299167
2015-02-01 15:00:00,16.6,80,0.3,9.3,332,4.366085533908786,-8.21141261358802
2015-02-01 16:00:00,15.9,81,0.0,8.9,333,4.040515447681967,-7.929958065276474
2015-02-01 17:00:00,15.4,82,0.0,8.2,337,3.203995253612044,-7.54813979831001
2015-02-01 18:00:00,14.4,87,0.2,6.8,342,2.1013155617496424,-6.467184310807044
2015-02-01 19:00:00,13.6,91,0.1,7.3,340,2.4967470462773824,-6.8597561317371305
2015-02-01 20:00:00,12.8,93,0.0,7.0,348,1.4553818357243162,-6.847033205136639
2015-02-01 21:00:00,13.0,88,0.0,6.9,351,1.0793978087775935,-6.815049550106451
2015-02-01 22:00:00,13.2,87,0.0,5.2,335,2.197614961051637,-4.7128004925905795
2015-02-01 23:00:00,13.3,86,0.1,3.7,331,1.7937955949114475,-3.2360929164157644
2015-02-02 00:00:00,13.2,87,0.2,2.6,344,0.7166571251241979,-2.499280409439629
2015-02-02 01:00:00,13.2,87,0.2,1.8,11,-0.3434561916777803,-1.7669289302057951
2015-02-02 02:00:00,13.1,88,0.1,3.3,13,-0.7423384793347553,-3.215421213791276
2015-02-02 03:00:00,13.0,89,0.0,4.5,14,-1.088648530198505,-4.366330768241984
2015-02-02 04:00:00,13.2,89,0.0,5.0,21,-1.7918397477265036,-4.667902132486008
2015-02-02 05:00:00,12.9,90,0.0,4.5,29,-2.1816432911085157,-3.935788682127282
2015-02-02 06:00:00,12.9,91,0.0,3.6,45,-2.545584412271572,-2.545584412271571
2015-02-02 07:00:00,12.9,91,0.0,3.4,32,-1.801725498392897,-2.883363526931848
2015-02-02 08:00:00,12.9,94,0.0,4.7,351,0.7352419856890854,-4.6421352007971475
2015-02-02 09:00:00,14.8,89,0.0,6.2,339,2.2218812871808624,-5.788198644282651
2015-02-02 10:00:00,15.5,85,0.0,6.3,329,3.244739871933341,-5.400153994423308
2015-02-02 11:00:00,16.5,81,0.1,6.9,309,5.3623071340531,-4.342310698243878
2015-02-02 12:00:00,17.8,77,0.0,9.2,301,7.8859391664594325,-4.738350289172498
2015-02-02 13:00:00,18.2,76,0.0,10.0,308,7.880107536067219,-6.156614753256583
2015-02-02 14:00:00,18.2,75,0.1,9.9,316,6.877117867544073,-7.121464023352646
2015-02-02 15:00:00,17.7,77,0.4,10.1,325,5.793122007145566,-8.273435647318816
2015-02-02 16:00:00,17.1,78,0.3,10.0,330,5.000000000000001,-8.660254037844386
2015-02-02 17:00:00,16.5,80,0.2,8.4,335,3.5499933986218752,-7.61298541110786
2015-02-02 18:00:00,15.6,83,0.4,6.6,319,4.329989591337347,-4.981083229470295
2015-02-02 19:00:00,14.5,90,0.2,5.6,320,3.5996106142446203,-4.289848881466277
2015-02-02 20:00:00,13.5,94,0.0,3.9,326,2.1808523235359125,-3.233246532964663
2015-02-02 21:00:00,12.9,95,0.2,3.2,333,1.45276959916655,-2.851220877402777
2015-02-02 22:00:00,12.6,96,0.2,3.2,333,1.45276959916655,-2.851220877402777
2015-02-02 23:00:00,12.7,96,0.3,4.6,342,1.4214781741247582,-4.3748599749577055
2015-02-03 00:00:00,13.2,95,0.2,4.7,4,-0.32785542659739025,-4.688551036221174
2015-02-03 01:00:00,13.5,95,0.3,5.1,4,-0.35575801609504043,-5.087576656325103
2015-02-03 02:00:00,13.6,94,0.2,4.8,13,-1.0797650608505531,-4.6769763109691285
2015-02-03 03:00:00,14.0,92,0.5,4.7,23,-1.836436303899587,-4.326372811226469
2015-02-03 04:00:00,13.7,93,0.3,5.7,18,-1.7613968679372012,-5.421022142882375
2015-02-03 05:00:00,13.6,93,0.2,6.8,18,-2.1013155617496433,-6.467184310807044
2015-02-03 06:00:00,13.6,92,0.0,5.4,37,-3.2498011250210608,-4.312631754255381
2015-02-03 07:00:00,13.6,92,0.0,4.6,45,-3.2526911934581193,-3.252691193458118
2015-02-03 08:00:00,14.7,89,0.0,5.5,11,-1.0494494745709955,-5.3989495089621515
2015-02-03 09:00:00,16.5,85,0.0,7.7,349,1.4692292643993958,-7.558529312547013
2015-02-03 10:00:00,17.7,83,0.0,8.2,337,3.203995253612044,-7.54813979831001
2015-02-03 11:00:00,18.9,79,0.0,10.3,324,6.054188098612474,-8.332875042061959
2015-02-03 12:00:00,19.5,76,0.0,12.3,322,7.572636146505597,-9.692532269362681
2015-02-03 13:00:00,19.5,75,0.3,13.4,329,6.901510203794726,-11.486041829408306
2015-02-03 14:00:00,19.1,76,0.3,13.2,334,5.786499137615822,-11.864081411149003
2015-02-03 15:00:00,18.5,76,0.1,12.7,335,5.367251924106883,-11.510108895365454
2015-02-03 16:00:00,17.9,79,0.0,12.1,333,5.493285046848516,-10.781178942679249
2015-02-03 17:00:00,16.8,82,0.0,10.0,334,4.383711467890775,-8.98794046299167
2015-02-03 18:00:00,15.6,86,0.0,8.9,333,4.040515447681967,-7.929958065276474
2015-02-03 19:00:00,14.2,92,0.0,7.7,332,3.61493103345136,-6.798696465013737
2015-02-03 20:00:00,13.5,94,0.0,7.2,342,2.224922359499622,-6.8476069173251055
2015-02-03 21:00:00,13.2,94,0.0,7.0,348,1.4553818357243162,-6.847033205136639
2015-02-03 22:00:00,13.2,94,0.0,5.8,360,3.5514757175273243e-16,-5.8
2015-02-03 23:00:00,13.0,95,0.0,4.3,360,2.632990618166809e-16,-4.3
2015-02-04 00:00:00,13.5,94,0.0,4.0,360,2.4492935982947064e-16,-4.0
2015-02-04 01:00:00,13.5,94,0.1,3.7,11,-0.7059932828932151,-3.632020578756357
2015-02-04 02:00:00,13.6,93,0.1,3.4,32,-1.801725498392897,-2.883363526931848
2015-02-04 03:00:00,14.0,90,0.0,3.4,18,-1.0506577808748216,-3.233592155403522
2015-02-04 04:00:00,14.1,89,0.0,4.7,23,-1.836436303899587,-4.326372811226469
2015-02-04 05:00:00,13.9,89,0.0,5.3,28,-2.488199282765221,-4.679622242152313
2015-02-04 06:00:00,13.7,89,0.0,5.4,37,-3.2498011250210608,-4.312631754255381
2015-02-04 07:00:00,13.5,88,0.0,4.6,51,-3.5748714227020653,-2.894873798829253
2015-02-04 08:00:00,14.6,84,0.0,3.8,41,-2.4930243101639276,-2.8678964048465336
2015-02-04 09:00:00,16.5,79,0.0,5.0,360,3.061616997868383e-16,-5.0
2015-02-04 10:00:00,18.0,74,0.0,6.6,331,3.199743493625825,-5.772490067120011
2015-02-04 11:00:00,19.2,67,0.0,10.5,322,6.464445490919412,-8.274112912870581
2015-02-04 12:00:00,19.4,66,0.0,12.2,336,4.962187045524762,-11.14525458323973
2015-02-04 13:00:00,19.2,66,0.3,12.9,342,3.986319227436822,-12.26862906020748
2015-02-04 14:00:00,18.8,67,0.0,13.5,344,3.7211043035294886,-12.977032895167305
2015-02-04 15:00:00,18.3,71,0.4,13.9,343,4.063966695646041,-13.292636107886192
2015-02-04 16:00:00,17.2,74,0.0,14.2,344,3.914050452601388,-13.649916082324127
2015-02-04 17:00:00,15.7,79,0.0,12.1,343,3.5376976271451146,-11.571287547152728
2015-02-04 18:00:00,14.2,83,0.0,11.7,351,1.8302832409707017,-11.555953584963111
2015-02-04 19:00:00,12.8,88,0.0,10.4,360,6.368163355566237e-16,-10.4
2015-02-04 20:00:00,11.9,90,0.0,7.8,13,-1.7546182238821488,-7.600086505324834
2015-02-04 21:00:00,12.5,85,0.0,5.6,15,-1.4493866525741155,-5.4091846272187825
2015-02-04 22:00:00,12.6,83,0.0,4.9,17,-1.4326213531414118,-4.685893304218873
2015-02-04 23:00:00,12.7,82,0.0,5.2,16,-1.4333142502483942,-4.998560818879259
2015-02-05 00:00:00,12.7,81,0.0,5.9,14,-1.42733918403804,-5.7247447850283795
2015-02-05 01:00:00,12.6,81,0.0,7.0,12,-1.4553818357243185,-6.847033205136639
2015-02-05 02:00:00,11.9,84,0.0,7.4,14,-1.7902220274375418,-7.180188374442374
2015-02-05 03:00:00,11.4,84,0.0,7.3,11,-1.3929056662487755,-7.165878439167947
2015-02-05 04:00:00,11.8,83,0.0,7.1,15,-1.8376152202278964,-6.858073366652385
2015-02-05 05:00:00,11.6,82,0.0,7.2,18,-2.2249223594996224,-6.8476069173251055
2015-02-05 06:00:00,11.3,82,0.0,6.6,13,-1.4846769586695105,-6.430842427582552
2015-02-05 07:00:00,10.4,85,0.0,7.1,24,-2.8878301658381806,-6.486172749262467
2015-02-05 08:00:00,10.8,90,0.0,6.6,13,-1.4846769586695105,-6.430842427582552
2015-02-05 09:00:00,11.9,84,0.0,8.6,360,5.265981236333618e-16,-8.6
2015-02-05 10:00:00,12.7,82,0.0,9.5,349,1.8126854560771768,-9.325458242752807
2015-02-05 11:00:00,14.2,78,0.0,10.4,340,3.557009490586956,-9.772803256173447
2015-02-05 12:00:00,14.5,77,0.0,11.9,335,5.029157314714324,-10.785062665736135
2015-02-05 13:00:00,15.1,74,0.0,14.0,337,5.470235798849832,-12.887067948334165
2015-02-05 14:00:00,14.8,73,0.0,15.5,338,5.806402197946635,-14.371349745785205
2015-02-05 15:00:00,14.7,72,0.0,16.4,341,5.339317733097371,-15.506504639828792
2015-02-05 16:00:00,13.4,74,0.0,16.8,345,4.348159957722348,-16.22755388165635
2015-02-05 17:00:00,11.9,78,0.2,13.8,351,2.158795617555187,-13.630099100212902
2015-02-05 18:00:00,10.9,81,0.3,10.8,356,0.7533699164365526,-10.773691742806102
2015-02-05 19:00:00,10.4,83,0.3,9.7,356,0.6766377953180147,-9.676371287520293
2015-02-05 20:00:00,10.0,86,0.2,9.0,355,0.7844016847289232,-8.96575228282571
2015-02-05 21:00:00,9.6,89,0.2,8.0,352,1.1133848076805237,-7.922144549932563
2015-02-05 22:00:00,10.1,86,0.6,4.7,360,2.8779199779962803e-16,-4.7
2015-02-05 23:00:00,10.0,86,0.1,3.9,338,1.4609657143220567,-3.616017032810471
2015-02-06 00:00:00,10.6,82,0.5,2.0,315,1.4142135623730951,-1.414213562373095
2015-02-06 01:00:00,9.9,90,0.4,1.6,297,1.4256104387013888,-0.7263847995832748
2015-02-06 02:00:00,10.1,90,0.5,2.6,304,2.1554976886431083,-1.453901549023942
2015-02-06 03:00:00,10.1,92,0.1,2.3,321,1.447436899414626,-1.7874357113510329
2015-02-06 04:00:00,10.2,90,0.0,2.6,304,2.1554976886431083,-1.453901549023942
2015-02-06 05:00:00,10.4,89,0.0,2.1,301,1.800051331474436,-1.0815799573111138
2015-02-06 06:00:00,10.4,89,0.0,1.8,323,1.0832670416736871,-1.437543918085127
2015-02-06 07:00:00,10.6,89,0.0,3.3,311,2.4905416147351476,-2.1649947956686737
2015-02-06 08:00:00,11.1,90,0.4,3.9,326,2.1808523235359125,-3.233246532964663
2015-02-06 09:00:00,13.3,82,0.4,5.7,325,3.269385687200963,-4.669166652447253
2015-02-06 10:00:00,14.3,79,0.1,6.7,324,3.93816119035957,-5.420413862312148
2015-02-06 11:00:00,15.1,77,0.1,8.4,320,5.399415921366931,-6.4347733221994154
2015-02-06 12:00:00,15.5,77,0.3,8.2,322,5.048424097670398,-6.46168817957512
2015-02-06 13:00:00,15.3,78,0.3,8.0,324,4.702282018339785,-6.47213595499958
2015-02-06 14:00:00,15.3,78,0.2,6.9,332,3.239353783222647,-6.092338390726596
2015-02-06 15:00:00,13.6,87,0.4,6.6,331,3.199743493625825,-5.772490067120011
2015-02-06 16:00:00,13.4,88,0.1,6.3,336,2.5624408513775414,-5.755336383148386
2015-02-06 17:00:00,13.1,89,0.0,6.0,335,2.5357095704441965,-5.437846722219899
2015-02-06 18:00:00,12.6,89,0.0,6.1,357,0.3192493330819582,-6.0916401620029
2015-02-06 19:00:00,11.9,91,0.0,5.4,360,3.3065463576978537e-16,-5.4
2015-02-06 20:00:00,11.3,94,0.0,5.2,12,-1.0811407922523508,-5.086367523815789
2015-02-06 21:00:00,11.5,89,0.0,4.5,14,-1.088648530198505,-4.366330768241984
2015-02-06 22:00:00,11.7,87,0.0,3.5,24,-1.4235782507653003,-3.1974091017491033
2015-02-06 23:00:00,11.6,87,0.0,3.1,36,-1.822134282106667,-2.507952682562337
2015-02-07 00:00:00,11.6,87,0.0,2.5,45,-1.7677669529663693,-1.7677669529663687
2015-02-07 01:00:00,11.5,87,0.0,2.0,45,-1.4142135623730954,-1.414213562373095
2015-02-07 02:00:00,11.5,87,0.0,1.8,53,-1.437543918085127,-1.0832670416736871
2015-02-07 03:00:00,11.7,84,0.0,1.6,63,-1.4256104387013888,-0.7263847995832747
2015-02-07 04:00:00,11.6,84,0.0,1.9,68,-1.761649323676896,-0.7117525274902328
2015-02-07 05:00:00,11.7,83,0.0,2.3,72,-2.187429987478853,-0.7107390870623786
2015-02-07 06:00:00,11.7,81,0.0,3.1,69,-2.8940993221413254,-1.1109406435904314
2015-02-07 07:00:00,11.1,81,0.0,2.1,59,-1.800051331474436,-1.0815799573111138
2015-02-07 08:00:00,12.6,81,0.0,1.5,45,-1.0606601717798214,-1.0606601717798212
2015-02-07 09:00:00,14.7,80,0.0,3.6,315,2.5455844122715714,-2.545584412271571
2015-02-07 10:00:00,16.2,77,0.0,3.8,311,2.8678964048465336,-2.4930243101639276
2015-02-07 11:00:00,17.5,73,0.0,4.2,290,3.9467090073008158,-1.4364846019678086
2015-02-07 12:00:00,18.2,73,0.0,5.4,278,5.34744757120448,-0.7515347451843534
2015-02-07 13:00:00,18.4,71,0.5,5.8,266,5.78587149150698,0.40458754771592675
2015-02-07 14:00:00,18.7,70,0.2,6.5,276,6.4643923198937765,-0.6794350112397476
2015-02-07 15:00:00,18.9,73,0.3,9.0,299,7.871577364254562,-4.363286582217033
2015-02-07 16:00:00,17.8,79,0.0,10.2,318,6.825132184860354,-7.580077219869421
2015-02-07 17:00:00,16.5,84,0.0,9.3,324,5.46640284632,-7.523858047687012
2015-02-07 18:00:00,15.0,90,0.0,9.2,329,4.738350289172498,-7.8859391664594325
2015-02-07 19:00:00,14.0,92,0.1,8.7,343,2.5436338310878095,-8.319851376878407
2015-02-07 20:00:00,13.5,96,0.1,8.7,5,-0.7582549619046267,-8.666893873398186
2015-02-07 21:00:00,12.9,96,0.0,7.8,22,-2.921931428644116,-7.232034065620941
2015-02-07 22:00:00,12.4,95,0.0,5.6,27,-2.5423467985414625,-4.989636535454859
2015-02-07 23:00:00,13.0,93,0.0,5.8,30,-2.9000000000000026,-5.022947341949743
2015-02-08 00:00:00,12.7,92,0.0,6.6,22,-2.472403516545021,-6.119413440140796
2015-02-08 01:00:00,12.2,93,0.0,8.8,19,-2.864999759222979,-8.320563465273988
2015-02-08 02:00:00,11.9,93,0.0,11.0,19,-3.581249699028723,-10.400704331592486
2015-02-08 03:00:00,10.8,96,0.0,12.3,21,-4.407925779407199,-11.483039245915581
2015-02-08 04:00:00,10.3,96,0.0,12.4,22,-4.645121758357313,-11.497079796628164
2015-02-08 05:00:00,10.1,96,0.0,11.6,26,-5.085105302753302,-10.426010937070334
2015-02-08 06:00:00,10.5,94,0.0,11.0,23,-4.298042413382012,-10.125553387976844
2015-02-08 07:00:00,11.0,91,0.0,9.4,18,-2.904759747124507,-8.939931253174443
2015-02-08 08:00:00,12.2,91,0.0,10.8,15,-2.795245687107223,-10.431998923921938
2015-02-08 09:00:00,14.7,84,0.0,14.4,357,0.7536377698983932,-14.380265300465863
2015-02-08 10:00:00,15.9,79,0.0,15.0,350,2.604722665003956,-14.772116295183121
2015-02-08 11:00:00,16.9,73,0.0,15.2,346,3.6772128131149486,-14.748495039395145
2015-02-08 12:00:00,17.5,69,0.0,15.6,341,5.0788632095316455,-14.750089779349342
2015-02-08 13:00:00,17.7,65,0.0,15.6,341,5.0788632095316455,-14.750089779349342
2015-02-08 14:00:00,17.3,63,0.0,14.5,341,4.720738239628773,-13.710019346190093
2015-02-08 15:00:00,16.6,63,0.0,13.6,343,3.97625518422922,-13.005744681097282
2015-02-08 16:00:00,16.0,62,0.0,12.9,342,3.986319227436822,-12.26862906020748
2015-02-08 17:00:00,14.6,64,0.0,11.4,342,3.522793735874401,-10.84204428576475
2015-02-08 18:00:00,13.3,65,0.0,9.0,344,2.4807362023529924,-8.65135526344487
2015-02-08 19:00:00,12.7,68,0.0,9.2,339,3.2969851358167634,-8.588939923774255
2015-02-08 20:00:00,11.7,76,0.0,7.3,349,1.3929056662487778,-7.165878439167947
2015-02-08 21:00:00,11.0,80,0.0,5.9,346,1.4273391840380394,-5.7247447850283795
2015-02-08 22:00:00,10.4,82,0.0,4.9,343,1.4326213531414103,-4.685893304218874
2015-02-08 23:00:00,10.3,83,0.3,4.2,329,2.1631599146222276,-3.600102662948872
2015-02-09 00:00:00,9.9,84,0.3,4.5,331,2.181643291108517,-3.935788682127281
2015-02-09 01:00:00,10.1,82,0.3,4.7,337,1.8364363038995866,-4.32637281122647
2015-02-09 02:00:00,10.1,84,0.0,4.6,342,1.4214781741247582,-4.3748599749577055
2015-02-09 03:00:00,10.0,86,0.0,4.9,343,1.4326213531414103,-4.685893304218874
2015-02-09 04:00:00,9.9,86,0.0,5.2,344,1.4333142502483958,-4.998560818879258
2015-02-09 05:00:00,9.8,86,0.0,5.7,342,1.7613968679372005,-5.421022142882375
2015-02-09 06:00:00,9.5,86,0.0,4.9,343,1.4326213531414103,-4.685893304218874
2015-02-09 07:00:00,9.3,86,0.0,5.6,333,2.542346798541462,-4.989636535454859
2015-02-09 08:00:00,11.0,80,0.0,6.3,336,2.5624408513775414,-5.755336383148386
2015-02-09 09:00:00,12.9,72,0.0,8.5,332,3.9905082836800725,-7.505054539300878
2015-02-09 10:00:00,14.2,69,0.0,10.9,333,4.948496447161061,-9.71197111365321
2015-02-09 11:00:00,14.6,67,0.0,11.9,335,5.029157314714324,-10.785062665736135
2015-02-09 12:00:00,14.7,67,0.2,13.0,336,5.287576359985403,-11.876090949353811
2015-02-09 13:00:00,15.0,66,0.3,14.0,337,5.470235798849832,-12.887067948334165
2015-02-09 14:00:00,14.6,67,0.1,14.3,342,4.418943019561749,-13.600108183020696
2015-02-09 15:00:00,13.7,68,0.1,13.6,343,3.97625518422922,-13.005744681097282
2015-02-09 16:00:00,13.0,69,0.0,13.0,346,3.14498464279568,-12.613844441587954
2015-02-09 17:00:00,12.4,70,0.0,11.9,346,2.8788705576360454,-11.546519142684359
2015-02-09 18:00:00,11.5,72,0.0,8.3,342,2.564841053312064,-7.893769085249775
2015-02-09 19:00:00,10.6,75,0.0,9.3,344,2.5634274090980926,-8.939733772226367
2015-02-09 20:00:00,9.8,80,0.1,9.5,349,1.8126854560771768,-9.325458242752807
2015-02-09 21:00:00,9.1,82,0.0,8.0,5,-0.697245941981266,-7.969557584733964
2015-02-09 22:00:00,9.4,78,0.0,5.4,8,-0.7515347451843555,-5.34744757120448
2015-02-09 23:00:00,9.3,79,0.0,4.4,9,-0.6883116461770166,-4.345828698618606
2015-02-10 00:00:00,9.4,78,0.0,4.7,9,-0.7352419856890859,-4.6421352007971475
2015-02-10 01:00:00,9.6,77,0.0,4.9,17,-1.4326213531414118,-4.685893304218873
2015-02-10 02:00:00,9.9,76,0.0,5.7,18,-1.7613968679372012,-5.421022142882375
2015-02-10 03:00:00,10.1,76,0.0,5.2,25,-2.197614961051636,-4.71280049259058
2015-02-10 04:00:00,9.9,76,0.0,4.2,31,-2.163159914622229,-3.600102662948871
2015-02-10 05:00:00,9.7,77,0.0,3.6,37,-2.166534083347374,-2.875087836170254
2015-02-10 06:00:00,9.5,78,0.0,2.3,51,-1.7874357113510326,-1.4474368994146265
2015-02-10 07:00:00,9.1,80,0.0,2.5,45,-1.7677669529663693,-1.7677669529663687
2015-02-10 08:00:00,9.9,86,0.0,1.8,37,-1.083267041673687,-1.437543918085127
2015-02-10 09:00:00,13.0,75,0.0,3.1,315,2.1920310216782974,-2.192031021678297
2015-02-10 10:00:00,14.3,70,0.0,5.6,285,5.4091846272187825,-1.4493866525741161
2015-02-10 11:00:00,15.3,68,0.0,7.6,275,7.571079705497266,-0.662383644882202
2015-02-10 12:00:00,16.3,67,0.0,9.8,276,9.746314574609078,-1.0243789400230041
2015-02-10 13:00:00,16.3,67,0.0,9.7,270,9.7,0.0
2015-02-10 14:00:00,16.1,68,0.0,9.9,289,9.360633898433237,-3.2231247291258516
2015-02-10 15:00:00,16.1,68,0.0,9.4,310,7.200817765318393,-6.042203531053469
2015-02-10 16:00:00,15.5,68,0.0,9.0,323,5.4163352083684355,-7.187719590425635
2015-02-10 17:00:00,14.9,69,0.0,8.2,331,3.975438886019964,-7.171881598543044
2015-02-10 18:00:00,13.4,72,0.0,7.2,333,3.268731598124737,-6.415246974156248
2015-02-10 19:00:00,11.8,84,0.0,5.8,360,3.5514757175273243e-16,-5.8
2015-02-10 20:00:00,12.2,74,0.0,3.8,17,-1.111012477946401,-3.633958072659534
2015-02-10 21:00:00,11.8,75,0.0,3.2,27,-1.4527695991665501,-2.851220877402777
2015-02-10 22:00:00,11.6,76,0.0,3.1,21,-1.1109406435904323,-2.894099322141325
2015-02-10 23:00:00,11.6,75,0.0,2.1,31,-1.0815799573111144,-1.8000513314744355
2015-02-11 00:00:00,11.5,76,0.0,2.7,23,-1.0549740469210394,-2.4853631043215887
2015-02-11 01:00:00,11.5,76,0.0,4.3,42,-2.87726160734309,-3.195522749552796
2015-02-11 02:00:00,11.5,75,0.0,4.1,52,-3.23084408978756,-2.5242120488351985
2015-02-11 03:00:00,11.5,76,0.0,4.5,61,-3.9357886821272814,-2.181643291108516
2015-02-11 04:00:00,11.2,77,0.0,4.3,66,-3.9282454678631837,-1.7489675652259409
2015-02-11 05:00:00,11.1,77,0.0,3.4,58,-2.8833635269318485,-1.8017254983928963
2015-02-11 06:00:00,11.0,77,0.0,3.5,66,-3.197409101749103,-1.4235782507653008
2015-02-11 07:00:00,10.5,78,0.0,3.1,45,-2.192031021678298,-2.192031021678297
2015-02-11 08:00:00,12.4,77,0.0,3.6,45,-2.545584412271572,-2.545584412271571
2015-02-11 09:00:00,14.4,74,0.0,5.4,340,1.8469087739586119,-5.074340152243905
2015-02-11 10:00:00,15.6,70,0.0,6.8,328,3.603450996785793,-5.766727053863696
2015-02-11 11:00:00,16.4,69,0.0,8.1,315,5.727564927611035,-5.727564927611034
2015-02-11 12:00:00,16.7,69,0.0,8.9,317,6.069785404556237,-6.509047944410617
2015-02-11 13:00:00,17.5,67,0.0,8.7,318,5.821436275322066,-6.46535998165333
2015-02-11 14:00:00,17.6,67,0.0,9.7,321,6.104407793183423,-7.538315826132617
2015-02-11 15:00:00,17.2,66,0.0,10.1,325,5.793122007145566,-8.273435647318816
2015-02-11 16:00:00,16.4,68,0.0,10.7,327,5.82763767466079,-8.973775077016036
2015-02-11 17:00:00,15.3,72,0.0,8.2,337,3.203995253612044,-7.54813979831001
2015-02-11 18:00:00,14.0,76,0.0,7.9,357,0.41345405431925736,-7.889173324561134
2015-02-11 19:00:00,12.4,87,0.0,7.4,14,-1.7902220274375418,-7.180188374442374
2015-02-11 20:00:00,13.1,79,0.0,5.4,42,-3.613305274337834,-4.01298205757793
2015-02-11 21:00:00,13.2,78,0.0,3.6,45,-2.545584412271572,-2.545584412271571
2015-02-11 22:00:00,13.5,76,0.0,3.8,41,-2.4930243101639276,-2.8678964048465336
2015-02-11 23:00:00,13.4,75,0.0,3.6,45,-2.545584412271572,-2.545584412271571
2015-02-12 00:00:00,13.2,75,0.0,4.8,42,-3.211826910522519,-3.567095162291493
2015-02-12 01:00:00,12.2,77,0.0,6.1,40,-3.9210044190878905,-4.672871103025765
2015-02-12 02:00:00,11.4,80,0.0,7.6,31,-3.914289369316414,-6.514471485336052
2015-02-12 03:00:00,10.5,85,0.0,9.3,28,-4.366085533908785,-8.211412613588022
2015-02-12 04:00:00,9.9,87,0.0,9.5,29,-4.6056913923402,-8.308887217824262
2015-02-12 05:00:00,9.4,87,0.0,9.4,32,-4.981241083792128,-7.9716521038704045
2015-02-12 06:00:00,8.9,86,0.0,10.5,27,-4.766900247265243,-9.355568503977862
2015-02-12 07:00:00,8.4,86,0.0,11.9,25,-5.02915731471432,-10.785062665736136
2015-02-12 08:00:00,10.6,85,0.0,11.8,12,-2.453357951649566,-11.542141688658907
2015-02-12 09:00:00,14.9,66,0.0,15.5,1,-0.2705122997778942,-15.497639274924065
2015-02-12 10:00:00,15.9,60,0.0,16.9,359,0.29494566879009276,-16.89742604814301
2015-02-12 11:00:00,16.9,57,0.0,16.6,356,1.157957464152479,-16.55956323431308
2015-02-12 12:00:00,17.7,54,0.0,17.0,354,1.7769838755501088,-16.906872221260645
2015-02-12 13:00:00,18.0,53,0.0,16.7,354,1.7456253365698127,-16.608515652650162
2015-02-12 14:00:00,18.3,52,0.0,16.3,352,2.268521545649067,-16.141369520487597
2015-02-12 15:00:00,17.7,54,0.0,15.6,352,2.171100374977021,-15.448181872368497
2015-02-12 16:00:00,16.9,56,0.0,13.5,351,2.1118652780431173,-13.33379259803436
2015-02-12 17:00:00,15.8,59,0.0,9.4,353,1.1455718280083864,-9.329933825428427
2015-02-12 18:00:00,14.0,64,0.0,9.0,5,-0.7844016847289242,-8.96575228282571
2015-02-12 19:00:00,13.0,65,0.0,6.5,34,-3.6347538725598527,-5.388744221607772
2015-02-12 20:00:00,13.3,59,0.0,4.6,51,-3.5748714227020653,-2.894873798829253
2015-02-12 21:00:00,12.9,58,0.0,4.1,38,-2.524212048835198,-3.2308440897875603
2015-02-12 22:00:00,12.6,59,0.0,3.4,58,-2.8833635269318485,-1.8017254983928963
2015-02-12 23:00:00,12.2,59,0.0,3.6,53,-2.875087836170254,-2.1665340833473743
2015-02-13 00:00:00,10.6,62,0.0,3.6,53,-2.875087836170254,-2.1665340833473743
2015-02-13 01:00:00,9.7,62,0.0,3.1,45,-2.192031021678298,-2.192031021678297
2015-02-13 02:00:00,9.4,59,0.0,3.1,45,-2.192031021678298,-2.192031021678297
2015-02-13 03:00:00,6.5,69,0.0,2.8,50,-2.1449244407331385,-1.7998053071223097
2015-02-13 04:00:00,5.9,69,0.0,2.6,56,-2.1554976886431088,-1.4539015490239415
2015-02-13 05:00:00,5.3,70,0.0,2.8,50,-2.1449244407331385,-1.7998053071223097
2015-02-13 06:00:00,4.7,70,0.0,2.6,56,-2.1554976886431088,-1.4539015490239415
2015-02-13 07:00:00,4.5,72,0.0,2.3,72,-2.187429987478853,-0.7107390870623786
2015-02-13 08:00:00,9.0,76,0.0,3.0,76,-2.9108871788279895,-0.7257656867990026
2015-02-13 09:00:00,15.5,50,0.0,2.1,301,1.800051331474436,-1.0815799573111138
2015-02-13 10:00:00,16.9,52,0.0,5.8,277,5.756767679519667,-0.7068421917498553
2015-02-13 11:00:00,18.2,53,0.0,7.9,267,7.889173324561134,0.4134540543192563
2015-02-13 12:00:00,18.7,54,0.0,9.7,268,9.694091022085228,0.3385251180142594
2015-02-13 13:00:00,19.1,54,0.0,9.7,270,9.7,0.0
2015-02-13 14:00:00,19.1,54,0.0,9.8,276,9.746314574609078,-1.0243789400230041
2015-02-13 15:00:00,18.7,54,0.0,8.9,284,8.635631963856369,-2.153104870837043
2015-02-13 16:00:00,17.9,55,0.0,8.2,293,7.54813979831001,-3.2039952536120446
2015-02-13 17:00:00,17.1,57,0.0,4.9,306,3.9641832724372428,-2.8801477362331185
2015-02-13 18:00:00,15.1,74,0.0,6.6,315,4.666904755831213,-4.666904755831213
2015-02-13 19:00:00,15.0,62,0.0,4.1,15,-1.0611580849203346,-3.96029588778518
2015-02-13 20:00:00,14.7,64,0.0,4.3,48,-3.195522749552795,-2.8772616073430903
2015-02-13 21:00:00,14.4,64,0.0,4.7,58,-3.9858260519352027,-2.4906205418960625
2015-02-13 22:00:00,14.2,65,0.0,4.1,52,-3.23084408978756,-2.5242120488351985
2015-02-13 23:00:00,13.2,67,0.0,3.7,61,-3.236092916415765,-1.7937955949114468
2015-02-14 00:00:00,11.5,71,0.0,3.6,84,-3.580278823325784,-0.3763024677635526
2015-02-14 01:00:00,11.1,71,0.0,3.3,103,-3.215421213791276,0.7423384793347552
2015-02-14 02:00:00,10.7,71,0.0,2.6,106,-2.499280409439629,0.716657125124198
2015-02-14 03:00:00,9.4,75,0.0,2.5,98,-2.475670171853926,0.3479327524001633
2015-02-14 04:00:00,9.1,75,0.0,2.9,90,-2.9,3.5514757175273243e-16
2015-02-14 05:00:00,8.7,75,0.0,2.9,83,-2.878383839759834,-0.3534210958749272
2015-02-14 06:00:00,8.0,77,0.0,2.5,98,-2.475670171853926,0.3479327524001633
2015-02-14 07:00:00,7.8,78,0.0,2.9,97,-2.8783838397598336,0.35342109587492787
2015-02-14 08:00:00,12.4,72,0.0,3.0,104,-2.9108871788279895,0.7257656867990032
2015-02-14 09:00:00,16.8,55,0.0,3.0,256,2.9108871788279895,0.7257656867990032
2015-02-14 10:00:00,18.1,54,0.0,6.5,267,6.49109197590473,0.3401837155791349
2015-02-14 11:00:00,19.2,54,0.0,8.3,272,8.294943864258496,-0.2896658226307581
2015-02-14 12:00:00,20.0,54,0.0,10.7,282,10.46617932785172,-2.2246550917500247
2015-02-14 13:00:00,20.2,54,0.0,9.7,292,8.993683389297837,-3.6336839561343464
2015-02-14 14:00:00,20.2,55,0.0,9.3,298,8.211412613588022,-4.366085533908785
2015-02-14 15:00:00,19.9,52,0.0,9.1,304,7.544241910250879,-5.0886554215837965
2015-02-14 16:00:00,19.3,53,0.0,8.7,312,6.46535998165333,-5.821436275322066
2015-02-14 17:00:00,18.3,55,0.0,5.9,322,3.6324027044213842,-4.64926344627966
2015-02-14 18:00:00,16.5,63,0.0,6.3,336,2.5624408513775414,-5.755336383148386
2015-02-14 19:00:00,15.5,64,0.0,4.7,23,-1.836436303899587,-4.326372811226469
2015-02-14 20:00:00,15.8,60,0.0,4.3,66,-3.9282454678631837,-1.7489675652259409
2015-02-14 21:00:00,15.6,60,0.0,4.0,80,-3.939231012048832,-0.6945927106677219
2015-02-14 22:00:00,14.2,67,0.0,2.1,59,-1.800051331474436,-1.0815799573111138
2015-02-14 23:00:00,13.2,72,0.0,2.4,63,-2.138415658052083,-1.089577199374912
2015-02-15 00:00:00,12.4,75,0.0,2.7,67,-2.485363104321589,-1.0549740469210387
2015-02-15 01:00:00,12.0,78,0.0,3.1,69,-2.8940993221413254,-1.1109406435904314
2015-02-15 02:00:00,11.4,82,0.0,2.5,82,-2.475670171853926,-0.3479327524001638
2015-02-15 03:00:00,11.4,86,0.0,1.8,90,-1.8,2.2043642384652358e-16
2015-02-15 04:00:00,11.1,87,0.0,1.1,108,-1.0461621679246689,0.3399186938124423
2015-02-15 05:00:00,11.1,87,0.0,1.3,124,-1.0777488443215542,0.726950774511971
2015-02-15 06:00:00,11.2,88,0.0,2.9,97,-2.8783838397598336,0.35342109587492787
2015-02-15 07:00:00,11.2,87,0.0,2.9,90,-2.9,3.5514757175273243e-16
2015-02-15 08:00:00,16.6,75,0.0,2.3,72,-2.187429987478853,-0.7107390870623786
2015-02-15 09:00:00,19.1,63,0.0,1.9,292,1.761649323676896,-0.7117525274902328
2015-02-15 10:00:00,20.5,59,0.1,4.9,253,4.685893304218874,1.4326213531414103
2015-02-15 11:00:00,21.4,58,0.0,6.5,251,6.1458707413955596,2.1161930039715187
2015-02-15 12:00:00,22.1,58,0.0,8.0,252,7.608452130361228,2.472135954999579
2015-02-15 13:00:00,23.0,59,0.1,7.3,261,7.210124886344506,1.1419715947936853
2015-02-15 14:00:00,23.8,59,0.0,6.6,261,6.518743047927909,1.0324674692655236
2015-02-15 15:00:00,23.0,60,0.0,5.7,288,5.421022142882375,-1.7613968679372003
2015-02-15 16:00:00,22.0,61,0.1,5.9,308,4.64926344627966,-3.6324027044213842
2015-02-15 17:00:00,20.8,64,0.0,4.6,321,2.894873798829252,-3.5748714227020657
2015-02-15 18:00:00,18.9,74,0.0,5.1,352,0.7097828148963339,-5.050367150582009
2015-02-15 19:00:00,17.2,78,0.1,5.2,25,-2.197614961051636,-4.71280049259058
2015-02-15 20:00:00,16.7,77,0.2,4.9,36,-2.880147736233119,-3.9641832724372423
2015-02-15 21:00:00,16.1,78,0.2,5.1,45,-3.606244584051393,-3.606244584051392
2015-02-15 22:00:00,16.4,75,0.2,4.4,55,-3.604268994871564,-2.5237363199446032
2015-02-15 23:00:00,15.7,77,0.2,3.3,49,-2.490541614735148,-2.1649947956686733
2015-02-16 00:00:00,17.0,72,0.3,3.6,37,-2.166534083347374,-2.875087836170254
2015-02-16 01:00:00,16.1,76,0.4,4.2,31,-2.163159914622229,-3.600102662948871
2015-02-16 02:00:00,15.0,82,0.9,5.2,34,-2.907803098047882,-4.3109953772862175
2015-02-16 03:00:00,14.4,87,1.9,6.4,47,-4.6806636903626915,-4.364789504399989
2015-02-16 04:00:00,14.1,90,1.7000000000000002,5.7,55,-4.669166652447253,-3.269385687200963
2015-02-16 05:00:00,14.3,89,1.5,5.5,58,-4.664264528860343,-2.914555953282626
2015-02-16 06:00:00,14.9,86,1.0,7.4,61,-6.47218583283153,-3.5875911898228936
2015-02-16 07:00:00,15.2,84,0.4,5.2,65,-4.71280049259058,-2.1976149610516362
2015-02-16 08:00:00,16.8,83,0.3,4.3,48,-3.195522749552795,-2.8772616073430903
2015-02-16 09:00:00,19.8,76,0.0,3.8,17,-1.111012477946401,-3.633958072659534
2015-02-16 10:00:00,21.4,70,0.0,6.4,344,1.7640790772287946,-6.1520748540052415
2015-02-16 11:00:00,22.4,68,0.0,9.4,337,3.672872607799173,-8.65274562245294
2015-02-16 12:00:00,22.6,69,0.0,11.6,334,5.085105302753298,-10.426010937070338
2015-02-16 13:00:00,22.6,72,0.0,13.0,336,5.287576359985403,-11.876090949353811
2015-02-16 14:00:00,22.1,76,0.0,13.6,338,5.094649670456403,-12.60970042210831
2015-02-16 15:00:00,22.4,76,0.0,12.3,339,4.407925779407195,-11.483039245915583
2015-02-16 16:00:00,21.8,77,0.0,10.2,337,3.985457510590592,-9.389149505214892
2015-02-16 17:00:00,20.8,81,0.0,7.7,332,3.61493103345136,-6.798696465013737
2015-02-16 18:00:00,19.1,86,0.0,6.0,343,1.7542302283364206,-5.737828535778212
2015-02-16 19:00:00,17.4,93,0.0,5.4,37,-3.2498011250210608,-4.312631754255381
2015-02-16 20:00:00,16.4,92,0.0,3.7,61,-3.236092916415765,-1.7937955949114468
2015-02-16 21:00:00,15.6,92,0.0,3.4,72,-3.2335921554035223,-1.0506577808748208
2015-02-16 22:00:00,13.3,96,0.0,2.4,63,-2.138415658052083,-1.089577199374912
2015-02-16 23:00:00,12.1,99,0.0,2.2,90,-2.2,2.6942229581241775e-16
2015-02-17 00:00:00,11.5,99,0.0,3.4,122,-2.883363526931848,1.8017254983928965
2015-02-17 01:00:00,11.5,95,0.0,4.2,149,-2.163159914622228,3.600102662948872
2015-02-17 02:00:00,11.6,92,0.0,3.3,186,0.3449439287832564,3.2819222547153015
2015-02-17 03:00:00,12.4,88,0.0,1.4,180,8.572527594031472e-17,1.4
2015-02-17 04:00:00,12.5,86,0.0,1.1,108,-1.0461621679246689,0.3399186938124423
2015-02-17 05:00:00,13.0,84,0.0,1.5,104,-1.4554435894139948,0.3628828433995016
2015-02-17 06:00:00,13.2,82,0.0,2.8,140,-1.7998053071223101,2.1449244407331385
2015-02-17 07:00:00,13.1,85,0.0,3.2,153,-1.4527695991665495,2.8512208774027776
2015-02-17 08:00:00,16.5,84,0.0,2.3,162,-0.7107390870623789,2.187429987478853
2015-02-17 09:00:00,19.1,80,0.0,4.6,252,4.3748599749577055,1.421478174124758
2015-02-17 10:00:00,19.5,82,0.0,6.8,270,6.8,0.0
2015-02-17 11:00:00,20.8,80,0.0,6.5,276,6.4643923198937765,-0.6794350112397476
2015-02-17 12:00:00,21.7,76,0.1,6.3,283,6.1385314081469815,-1.4171916423663495
2015-02-17 13:00:00,22.0,71,0.2,6.5,289,6.1458707413955596,-2.1161930039715187
2015-02-17 14:00:00,22.0,70,0.0,7.6,301,6.5144714853360535,-3.9142893693164114
2015-02-17 15:00:00,22.2,71,0.0,9.4,320,6.04220353105347,-7.200817765318393
2015-02-17 16:00:00,21.5,73,0.0,9.7,329,4.995869326627525,-8.31452281681049
2015-02-17 17:00:00,20.4,77,0.0,7.4,331,3.587591189822895,-6.472185832831529
2015-02-17 18:00:00,18.7,81,0.0,7.6,329,3.9142893693164114,-6.5144714853360535
2015-02-17 19:00:00,17.0,89,0.0,6.6,9,-1.0324674692655247,-6.5187430479279085
2015-02-17 20:00:00,15.8,89,0.0,3.5,66,-3.197409101749103,-1.4235782507653008
2015-02-17 21:00:00,14.9,90,0.0,2.6,56,-2.1554976886431088,-1.4539015490239415
2015-02-17 22:00:00,14.5,89,0.0,1.8,37,-1.083267041673687,-1.437543918085127
2015-02-17 23:00:00,14.0,89,0.0,1.1,72,-1.046162167924669,-0.33991869381244205
2015-02-18 00:00:00,13.7,90,0.0,0.8,27,-0.36319239979163753,-0.7128052193506943
2015-02-18 01:00:00,13.3,89,0.1,1.8,360,1.1021821192326179e-16,-1.8
2015-02-18 02:00:00,13.2,89,0.1,2.4,27,-1.0895771993749126,-2.138415658052083
2015-02-18 03:00:00,11.2,92,0.1,2.3,39,-1.447436899414627,-1.7874357113510322
2015-02-18 04:00:00,11.4,92,0.0,2.1,31,-1.0815799573111144,-1.8000513314744355
2015-02-18 05:00:00,11.4,91,0.1,1.8,37,-1.083267041673687,-1.437543918085127
2015-02-18 06:00:00,11.7,89,0.0,1.1,72,-1.046162167924669,-0.33991869381244205
2015-02-18 07:00:00,12.2,88,0.1,1.8,90,-1.8,2.2043642384652358e-16
2015-02-18 08:00:00,15.5,86,0.2,0.7000000000000001,360,4.2862637970157366e-17,-0.7000000000000001
2015-02-18 09:00:00,18.0,81,0.0,3.2,297,2.8512208774027776,-1.4527695991665497
2015-02-18 10:00:00,19.5,79,0.0,4.8,283,4.676976310969129,-1.079765060850552
2015-02-18 11:00:00,20.1,78,0.1,7.0,291,6.535062985480412,-2.5085756468171017
2015-02-18 12:00:00,20.8,71,0.2,7.6,295,6.887939181478539,-3.211898789229316
2015-02-18 13:00:00,21.1,69,0.2,7.4,299,6.472185832831529,-3.5875911898228945
2015-02-18 14:00:00,21.4,69,0.4,7.3,303,6.122295146001595,-3.9758649556096977
2015-02-18 15:00:00,21.6,68,0.3,7.9,313,5.777694242791447,-5.387787044493738
2015-02-18 16:00:00,20.8,71,0.0,8.0,324,4.702282018339785,-6.47213595499958
2015-02-18 17:00:00,20.1,72,0.0,6.0,327,3.2678342100901627,-5.032023407672544
2015-02-18 18:00:00,18.4,82,0.0,6.6,315,4.666904755831213,-4.666904755831213
2015-02-18 19:00:00,17.9,78,0.0,4.0,333,1.8159619989581872,-3.564026096753471
2015-02-18 20:00:00,17.1,81,0.0,2.3,18,-0.7107390870623793,-2.1874299874788528
2015-02-18 21:00:00,16.3,83,0.0,3.3,84,-3.2819222547153015,-0.3449439287832565
2015-02-18 22:00:00,15.1,85,0.0,3.3,96,-3.2819222547153015,0.3449439287832573
2015-02-18 23:00:00,14.5,85,0.0,2.5,90,-2.5,3.061616997868383e-16
2015-02-19 00:00:00,13.1,88,0.0,2.2,81,-2.1729143493093033,-0.3441558230885076
2015-02-19 01:00:00,12.8,87,0.0,1.8,79,-1.7669289302057951,-0.3434561916777805
2015-02-19 02:00:00,13.1,85,0.1,1.8,90,-1.8,2.2043642384652358e-16
2015-02-19 03:00:00,12.4,83,0.0,2.2,81,-2.1729143493093033,-0.3441558230885076
2015-02-19 04:00:00,12.7,83,0.0,3.0,76,-2.9108871788279895,-0.7257656867990026
2015-02-19 05:00:00,12.9,83,0.0,2.3,72,-2.187429987478853,-0.7107390870623786
2015-02-19 06:00:00,13.0,83,0.0,2.2,81,-2.1729143493093033,-0.3441558230885076
2015-02-19 07:00:00,12.9,84,0.1,1.9,68,-1.761649323676896,-0.7117525274902328
2015-02-19 08:00:00,14.9,85,0.2,1.8,11,-0.3434561916777803,-1.7669289302057951
2015-02-19 09:00:00,16.9,81,0.2,2.6,326,1.4539015490239418,-2.1554976886431088
2015-02-19 10:00:00,18.3,78,0.2,4.0,297,3.5640260967534716,-1.815961998958187
2015-02-19 11:00:00,19.5,76,0.3,5.9,281,5.791600382341218,-1.1257730727216144
2015-02-19 12:00:00,19.7,72,0.3,6.9,276,6.862201078041086,-0.721246396546809
2015-02-19 13:00:00,20.4,68,0.4,6.8,288,6.467184310807044,-2.1013155617496424
2015-02-19 14:00:00,20.4,69,0.4,6.6,292,6.1194134401407965,-2.472403516545019
2015-02-19 15:00:00,20.6,68,0.5,6.0,303,5.032023407672544,-3.2678342100901627
2015-02-19 16:00:00,19.8,70,0.3,6.4,313,4.6806636903626915,-4.36478950439999
2015-02-19 17:00:00,19.3,71,0.2,5.4,323,3.2498011250210617,-4.312631754255381
2015-02-19 18:00:00,17.8,77,0.0,6.4,317,4.36478950439999,-4.6806636903626915
2015-02-19 19:00:00,17.1,78,0.0,5.2,326,2.9078030980478835,-4.3109953772862175
2015-02-19 20:00:00,16.7,79,0.0,2.3,18,-0.7107390870623793,-2.1874299874788528
2015-02-19 21:00:00,16.2,81,0.0,1.5,45,-1.0606601717798214,-1.0606601717798212
2015-02-19 22:00:00,15.5,83,0.0,1.1,90,-1.1,1.3471114790620887e-16
2015-02-19 23:00:00,15.4,83,0.0,0.7000000000000001,90,-0.7000000000000001,8.572527594031473e-17
2015-02-20 00:00:00,15.0,84,0.1,1.1,108,-1.0461621679246689,0.3399186938124423
2015-02-20 01:00:00,15.1,83,0.2,0.7000000000000001,90,-0.7000000000000001,8.572527594031473e-17
2015-02-20 02:00:00,15.4,80,0.2,0.5,45,-0.35355339059327384,-0.35355339059327373
2015-02-20 03:00:00,15.0,78,0.2,0.8,27,-0.36319239979163753,-0.7128052193506943
2015-02-20 04:00:00,15.3,76,0.4,1.6,27,-0.7263847995832751,-1.4256104387013886
2015-02-20 05:00:00,15.0,76,0.0,1.3,34,-0.7269507745119705,-1.0777488443215544
2015-02-20 06:00:00,14.9,75,0.0,1.3,34,-0.7269507745119705,-1.0777488443215544
2015-02-20 07:00:00,15.0,75,0.0,1.6,63,-1.4256104387013888,-0.7263847995832747
2015-02-20 08:00:00,15.8,79,0.0,1.1,360,6.735557395310444e-17,-1.1
2015-02-20 09:00:00,17.8,80,0.0,3.3,319,2.1649947956686737,-2.4905416147351476
2015-02-20 10:00:00,18.8,77,0.0,5.0,300,4.330127018922194,-2.4999999999999996
2015-02-20 11:00:00,20.1,75,0.0,6.7,286,6.440453362786736,-1.8467702839738944
2015-02-20 12:00:00,20.3,76,0.0,8.9,284,8.635631963856369,-2.153104870837043
2015-02-20 13:00:00,20.4,77,0.3,10.4,290,9.772803256173448,-3.557009490586955
2015-02-20 14:00:00,20.4,78,0.1,9.8,298,8.652886410017485,-4.60082131530173
2015-02-20 15:00:00,19.6,80,0.5,8.9,302,7.547628055792192,-4.716281451675524
2015-02-20 16:00:00,18.8,81,0.2,8.0,306,6.47213595499958,-4.702282018339785
2015-02-20 17:00:00,18.3,82,0.0,6.7,324,3.93816119035957,-5.420413862312148
2015-02-20 18:00:00,17.5,83,0.0,6.1,332,2.863776532993934,-5.385980316439453
2015-02-20 19:00:00,16.2,89,0.0,6.6,351,1.032467469265524,-6.518743047927909
2015-02-20 20:00:00,15.4,92,0.0,5.4,8,-0.7515347451843555,-5.34744757120448
2015-02-20 21:00:00,15.1,90,0.0,3.7,11,-0.7059932828932151,-3.632020578756357
2015-02-20 22:00:00,14.9,88,0.0,3.1,36,-1.822134282106667,-2.507952682562337
2015-02-20 23:00:00,14.8,86,0.0,3.8,73,-3.6339580726595346,-1.1110124779463997
2015-02-21 00:00:00,15.3,84,0.0,3.2,63,-2.8512208774027776,-1.4527695991665495
2015-02-21 01:00:00,14.9,83,0.0,3.1,54,-2.5079526825623377,-1.8221342821066664
2015-02-21 02:00:00,14.1,83,0.0,3.5,66,-3.197409101749103,-1.4235782507653008
2015-02-21 03:00:00,15.3,79,0.0,2.3,51,-1.7874357113510326,-1.4474368994146265
2015-02-21 04:00:00,14.9,79,0.0,1.9,22,-0.7117525274902333,-1.7616493236768958
2015-02-21 05:00:00,13.5,81,0.0,2.3,39,-1.447436899414627,-1.7874357113510322
2015-02-21 06:00:00,12.7,82,0.0,4.0,63,-3.5640260967534716,-1.8159619989581868
2015-02-21 07:00:00,12.1,83,0.0,3.8,49,-2.867896404846534,-2.4930243101639267
2015-02-21 08:00:00,16.4,78,0.0,3.9,56,-3.233246532964663,-2.180852323535912
2015-02-21 09:00:00,18.9,74,0.0,3.3,347,0.7423384793347542,-3.2154212137912763
2015-02-21 10:00:00,20.3,73,0.0,5.4,290,5.074340152243906,-1.8469087739586112
2015-02-21 11:00:00,21.3,71,0.0,6.5,264,6.4643923198937765,0.6794350112397476
2015-02-21 12:00:00,22.2,69,0.0,9.0,247,8.284543681071963,3.5165801564034638
2015-02-21 13:00:00,22.8,69,0.0,10.7,222,7.159697488039782,7.951649632608118
2015-02-21 14:00:00,22.3,70,0.0,9.2,211,4.738350289172498,7.8859391664594325
2015-02-21 15:00:00,22.3,72,0.0,9.4,203,3.672872607799173,8.65274562245294
2015-02-21 16:00:00,22.1,73,0.0,7.9,223,5.387787044493738,5.777694242791447
2015-02-21 17:00:00,21.5,76,0.0,4.4,235,3.604268994871564,2.523736319944603
2015-02-21 18:00:00,20.3,84,0.0,2.6,236,2.1554976886431083,1.453901549023942
2015-02-21 19:00:00,19.7,82,0.2,1.5,284,1.4554435894139948,-0.3628828433995016
2015-02-21 20:00:00,19.6,82,0.7000000000000001,0.0,270,0.0,0.0
2015-02-21 21:00:00,19.0,84,0.7000000000000001,0.7000000000000001,90,-0.7000000000000001,8.572527594031473e-17
2015-02-21 22:00:00,16.6,92,0.8,1.8,11,-0.3434561916777803,-1.7669289302057951
2015-02-21 23:00:00,15.6,94,0.7000000000000001,3.3,41,-2.1649947956686737,-2.4905416147351476
2015-02-22 00:00:00,15.8,91,0.5,3.3,49,-2.490541614735148,-2.1649947956686733
2015-02-22 01:00:00,16.4,88,0.6,3.7,61,-3.236092916415765,-1.7937955949114468
2015-02-22 02:00:00,16.1,89,0.6,3.4,72,-3.2335921554035223,-1.0506577808748208
2015-02-22 03:00:00,15.7,91,0.5,2.3,72,-2.187429987478853,-0.7107390870623786
2015-02-22 04:00:00,15.7,89,0.6,1.8,79,-1.7669289302057951,-0.3434561916777805
2015-02-22 05:00:00,16.4,84,0.5,2.2,99,-2.172914349309303,0.3441558230885082
2015-02-22 06:00:00,17.6,78,0.5,3.4,72,-3.2335921554035223,-1.0506577808748208
2015-02-22 07:00:00,17.3,78,0.4,3.1,69,-2.8940993221413254,-1.1109406435904314
2015-02-22 08:00:00,17.9,83,0.4,3.3,41,-2.1649947956686737,-2.4905416147351476
2015-02-22 09:00:00,19.9,80,0.3,5.2,344,1.4333142502483958,-4.998560818879258
2015-02-22 10:00:00,20.7,79,0.2,5.8,338,2.1727182418122895,-5.377666356487367
2015-02-22 11:00:00,21.6,76,0.0,6.9,332,3.239353783222647,-6.092338390726596
2015-02-22 12:00:00,22.8,73,0.0,8.1,328,4.29234604028896,-6.86918957886705
2015-02-22 13:00:00,23.0,73,0.0,9.7,318,6.490566881680924,-7.208504807130724
2015-02-22 14:00:00,23.1,74,0.2,11.2,318,7.494262791219212,-8.323222045346816
2015-02-22 15:00:00,22.9,76,0.2,11.8,322,7.2648054088427685,-9.29852689255932
2015-02-22 16:00:00,21.9,79,0.0,10.5,333,4.766900247265242,-9.355568503977862
2015-02-22 17:00:00,20.9,81,0.0,8.2,337,3.203995253612044,-7.54813979831001
2015-02-22 18:00:00,19.5,85,0.0,7.8,347,1.7546182238821464,-7.6000865053248345
2015-02-22 19:00:00,18.5,90,0.0,5.5,23,-2.149021206691006,-5.062776693988422
2015-02-22 20:00:00,18.2,90,0.0,3.4,32,-1.801725498392897,-2.883363526931848
2015-02-22 21:00:00,17.8,92,0.0,2.9,353,0.3534210958749277,-2.8783838397598336
2015-02-22 22:00:00,17.5,92,0.0,3.0,14,-0.7257656867990033,-2.9108871788279895
2015-02-22 23:00:00,16.8,92,0.0,3.1,69,-2.8940993221413254,-1.1109406435904314
2015-02-23 00:00:00,16.6,89,0.0,1.8,79,-1.7669289302057951,-0.3434561916777805
2015-02-23 01:00:00,17.4,84,0.0,1.0,45,-0.7071067811865477,-0.7071067811865475
2015-02-23 02:00:00,17.6,82,0.0,1.1,108,-1.0461621679246689,0.3399186938124423
2015-02-23 03:00:00,17.4,81,0.0,1.1,108,-1.0461621679246689,0.3399186938124423
2015-02-23 04:00:00,18.0,77,0.0,1.6,117,-1.4256104387013886,0.7263847995832751
2015-02-23 05:00:00,18.1,76,0.0,2.6,106,-2.499280409439629,0.716657125124198
2015-02-23 06:00:00,18.0,75,0.0,2.2,90,-2.2,2.6942229581241775e-16
2015-02-23 07:00:00,18.1,73,0.0,2.6,56,-2.1554976886431088,-1.4539015490239415
2015-02-23 08:00:00,19.0,75,0.0,3.1,36,-1.822134282106667,-2.507952682562337
2015-02-23 09:00:00,20.4,72,0.0,3.6,315,2.5455844122715714,-2.545584412271571
2015-02-23 10:00:00,20.6,75,0.0,6.5,304,5.38874422160777,-3.634753872559855
2015-02-23 11:00:00,21.1,76,0.0,6.6,319,4.329989591337347,-4.981083229470295
2015-02-23 12:00:00,21.6,76,0.0,7.1,336,2.8878301658381815,-6.486172749262466
2015-02-23 13:00:00,21.7,77,0.2,6.8,342,2.1013155617496424,-6.467184310807044
2015-02-23 14:00:00,21.8,77,0.0,6.3,336,2.5624408513775414,-5.755336383148386
2015-02-23 15:00:00,20.8,79,0.0,5.6,333,2.542346798541462,-4.989636535454859
2015-02-23 16:00:00,20.8,79,0.0,5.3,332,2.4881992827652213,-4.679622242152313
2015-02-23 17:00:00,20.2,82,0.0,6.2,324,3.6442685642133337,-5.0159053651246746
2015-02-23 18:00:00,18.8,87,0.0,5.2,326,2.9078030980478835,-4.3109953772862175
2015-02-23 19:00:00,17.6,92,0.0,4.5,14,-1.088648530198505,-4.366330768241984
2015-02-23 20:00:00,17.2,93,0.0,3.0,14,-0.7257656867990033,-2.9108871788279895
2015-02-23 21:00:00,16.7,95,0.0,2.5,45,-1.7677669529663693,-1.7677669529663687
2015-02-23 22:00:00,16.6,95,0.0,2.5,45,-1.7677669529663693,-1.7677669529663687
2015-02-23 23:00:00,16.5,94,0.2,2.4,27,-1.0895771993749126,-2.138415658052083
2015-02-24 00:00:00,16.3,94,0.0,2.6,16,-0.7166571251241971,-2.4992804094396295
2015-02-24 01:00:00,14.1,98,0.2,2.7,23,-1.0549740469210394,-2.4853631043215887
2015-02-24 02:00:00,13.4,98,0.3,2.7,23,-1.0549740469210394,-2.4853631043215887
2015-02-24 03:00:00,14.4,92,0.6,2.9,30,-1.4500000000000013,-2.5114736709748713
2015-02-24 04:00:00,14.5,93,0.8,3.1,21,-1.1109406435904323,-2.894099322141325
2015-02-24 05:00:00,14.5,91,0.9,3.5,24,-1.4235782507653003,-3.1974091017491033
2015-02-24 06:00:00,14.4,91,1.0,4.6,51,-3.5748714227020653,-2.894873798829253
2015-02-24 07:00:00,14.8,89,0.6,4.7,58,-3.9858260519352027,-2.4906205418960625
2015-02-24 08:00:00,17.4,86,0.5,4.7,58,-3.9858260519352027,-2.4906205418960625
2015-02-24 09:00:00,20.0,77,0.2,2.9,30,-1.4500000000000013,-2.5114736709748713
2015-02-24 10:00:00,21.3,74,0.2,3.9,338,1.4609657143220567,-3.616017032810471
2015-02-24 11:00:00,22.5,69,0.2,5.8,330,2.9000000000000004,-5.0229473419497435
2015-02-24 12:00:00,23.2,68,0.0,6.6,331,3.199743493625825,-5.772490067120011
2015-02-24 13:00:00,23.8,67,0.0,8.3,326,4.641301098807199,-6.881011852206847
2015-02-24 14:00:00,24.0,67,0.0,9.6,326,5.368251873319169,-7.9587606965284
2015-02-24 15:00:00,23.8,67,0.0,10.0,330,5.000000000000001,-8.660254037844386
2015-02-24 16:00:00,23.0,71,0.0,9.5,331,4.605691392340202,-8.30888721782426
2015-02-24 17:00:00,21.7,76,0.0,7.6,329,3.9142893693164114,-6.5144714853360535
2015-02-24 18:00:00,20.1,81,0.0,7.3,340,2.4967470462773824,-6.8597561317371305
2015-02-24 19:00:00,18.6,88,0.0,5.0,21,-1.7918397477265036,-4.667902132486008
2015-02-24 20:00:00,18.2,88,0.0,3.6,53,-2.875087836170254,-2.1665340833473743
2015-02-24 21:00:00,17.8,86,0.0,2.3,51,-1.7874357113510326,-1.4474368994146265
2015-02-24 22:00:00,16.6,87,0.0,1.8,79,-1.7669289302057951,-0.3434561916777805
2015-02-24 23:00:00,16.4,85,0.0,1.4,90,-1.4,1.7145055188062944e-16
2015-02-25 00:00:00,16.7,82,0.0,1.8,101,-1.7669289302057951,0.34345619167778096
2015-02-25 01:00:00,16.4,82,0.0,2.6,106,-2.499280409439629,0.716657125124198
2015-02-25 02:00:00,16.3,81,0.0,2.6,106,-2.499280409439629,0.716657125124198
2015-02-25 03:00:00,17.3,72,0.0,2.5,90,-2.5,3.061616997868383e-16
2015-02-25 04:00:00,16.6,73,0.0,2.9,60,-2.5114736709748717,-1.4500000000000002
2015-02-25 05:00:00,15.2,77,0.0,3.1,54,-2.5079526825623377,-1.8221342821066664
2015-02-25 06:00:00,14.7,77,0.0,2.9,60,-2.5114736709748717,-1.4500000000000002
2015-02-25 07:00:00,14.5,78,0.0,2.3,18,-0.7107390870623793,-2.1874299874788528
2015-02-25 08:00:00,18.0,76,0.0,1.3,34,-0.7269507745119705,-1.0777488443215544
2015-02-25 09:00:00,20.9,63,0.0,3.5,294,3.197409101749103,-1.4235782507653008
2015-02-25 10:00:00,21.9,66,0.0,5.7,288,5.421022142882375,-1.7613968679372003
2015-02-25 11:00:00,22.6,66,0.0,5.5,281,5.3989495089621515,-1.0494494745709964
2015-02-25 12:00:00,23.3,67,0.0,5.1,278,5.050367150582009,-0.7097828148963337
2015-02-25 13:00:00,23.6,68,0.0,4.9,234,3.9641832724372428,2.8801477362331185
2015-02-25 14:00:00,24.0,67,0.0,6.9,227,5.046340541172277,4.70578868443124
2015-02-25 15:00:00,24.1,68,0.0,7.6,245,6.887939181478539,3.211898789229316
2015-02-25 16:00:00,23.3,73,0.0,7.1,255,6.858073366652385,1.8376152202278973
2015-02-25 17:00:00,22.4,77,0.0,5.4,270,5.4,0.0
2015-02-25 18:00:00,21.1,82,0.0,2.1,301,1.800051331474436,-1.0815799573111138
2015-02-25 19:00:00,20.0,85,0.0,2.1,31,-1.0815799573111144,-1.8000513314744355
2015-02-25 20:00:00,19.4,87,0.0,2.3,72,-2.187429987478853,-0.7107390870623786
2015-02-25 21:00:00,18.0,89,0.0,3.3,84,-3.2819222547153015,-0.3449439287832565
2015-02-25 22:00:00,16.4,91,0.0,1.8,53,-1.437543918085127,-1.0832670416736871
2015-02-25 23:00:00,15.3,91,0.0,2.3,72,-2.187429987478853,-0.7107390870623786
2015-02-26 00:00:00,14.4,90,0.0,2.2,90,-2.2,2.6942229581241775e-16
2015-02-26 01:00:00,13.4,91,0.0,2.2,99,-2.172914349309303,0.3441558230885082
2015-02-26 02:00:00,12.6,91,0.0,3.7,119,-3.2360929164157644,1.7937955949114477
2015-02-26 03:00:00,11.9,91,0.0,2.6,124,-2.1554976886431083,1.453901549023942
2015-02-26 04:00:00,11.6,90,0.0,2.6,74,-2.499280409439629,-0.7166571251241974
2015-02-26 05:00:00,11.5,88,0.0,2.7,67,-2.485363104321589,-1.0549740469210387
2015-02-26 06:00:00,11.3,86,0.0,4.2,70,-3.9467090073008158,-1.4364846019678084
2015-02-26 07:00:00,11.6,85,0.0,4.7,86,-4.688551036221174,-0.3278554265973888
2015-02-26 08:00:00,15.9,87,0.0,4.7,94,-4.688551036221174,0.32785542659739
2015-02-26 09:00:00,22.2,57,0.0,0.7000000000000001,90,-0.7000000000000001,8.572527594031473e-17
2015-02-26 10:00:00,24.4,45,0.0,3.0,284,2.9108871788279895,-0.7257656867990032
2015-02-26 11:00:00,25.7,43,0.0,3.2,297,2.8512208774027776,-1.4527695991665497
2015-02-26 12:00:00,26.5,43,0.0,4.3,312,3.195522749552795,-2.8772616073430903
2015-02-26 13:00:00,26.5,44,0.0,5.9,313,4.314986839553106,-4.023790324368742
2015-02-26 14:00:00,26.0,49,0.0,7.4,313,5.412017391981862,-5.046787864462489
2015-02-26 15:00:00,25.2,56,0.0,10.0,319,6.560590289905073,-7.54709580222772
2015-02-26 16:00:00,24.0,63,0.0,10.0,330,5.000000000000001,-8.660254037844386
2015-02-26 17:00:00,22.4,72,0.0,8.2,337,3.203995253612044,-7.54813979831001
2015-02-26 18:00:00,20.6,79,0.0,9.0,355,0.7844016847289232,-8.96575228282571
2015-02-26 19:00:00,18.8,88,0.0,7.9,30,-3.9500000000000037,-6.841600689897064
2015-02-26 20:00:00,18.6,85,0.0,6.1,40,-3.9210044190878905,-4.672871103025765
2015-02-26 21:00:00,18.4,84,0.0,4.6,39,-2.894873798829254,-3.5748714227020644
2015-02-26 22:00:00,18.1,84,0.0,3.9,34,-2.1808523235359116,-3.233246532964663
2015-02-26 23:00:00,17.8,85,0.0,3.8,17,-1.111012477946401,-3.633958072659534
2015-02-27 00:00:00,17.5,85,0.0,4.0,10,-0.6945927106677213,-3.939231012048832
2015-02-27 01:00:00,17.2,85,0.0,4.3,24,-1.7489675652259404,-3.928245467863184
2015-02-27 02:00:00,17.1,83,0.0,4.8,42,-3.211826910522519,-3.567095162291493
2015-02-27 03:00:00,16.7,77,0.0,4.6,51,-3.5748714227020653,-2.894873798829253
2015-02-27 04:00:00,15.5,77,0.0,3.8,41,-2.4930243101639276,-2.8678964048465336
2015-02-27 05:00:00,15.3,75,0.0,3.5,24,-1.4235782507653003,-3.1974091017491033
2015-02-27 06:00:00,14.9,73,0.0,4.6,45,-3.2526911934581193,-3.252691193458118
2015-02-27 07:00:00,14.5,73,0.0,3.4,32,-1.801725498392897,-2.883363526931848
2015-02-27 08:00:00,17.7,76,0.0,3.9,22,-1.460965714322058,-3.6160170328104706
2015-02-27 09:00:00,22.0,56,0.0,5.5,349,1.049449474570997,-5.3989495089621515
2015-02-27 10:00:00,23.5,55,0.0,5.4,318,3.6133052743378347,-4.012982057577929
2015-02-27 11:00:00,24.8,55,0.0,6.6,299,5.772490067120011,-3.1997434936258244
2015-02-27 12:00:00,25.2,58,0.0,7.4,299,6.472185832831529,-3.5875911898228945
2015-02-27 13:00:00,25.0,61,0.0,7.7,307,6.149493427364155,-4.6339756782707715
2015-02-27 14:00:00,24.8,63,0.0,8.4,317,5.728786224524987,-6.143371093601032
2015-02-27 15:00:00,22.9,73,0.0,9.1,326,5.088655421583796,-7.5442419102508795
2015-02-27 16:00:00,21.7,77,0.0,9.4,337,3.672872607799173,-8.65274562245294
2015-02-27 17:00:00,20.8,80,0.0,8.8,341,2.8649997592229797,-8.320563465273988
2015-02-27 18:00:00,19.5,85,0.0,10.5,344,2.8941922360784913,-10.093247807352348
2015-02-27 19:00:00,18.2,91,0.0,10.6,10,-1.8406706832694615,-10.438962181929405
2015-02-27 20:00:00,16.7,94,0.0,9.9,19,-3.2231247291258507,-9.360633898433237
2015-02-27 21:00:00,17.1,91,0.0,9.8,24,-3.986019102142841,-8.95274548489749
2015-02-27 22:00:00,17.2,89,0.0,7.9,30,-3.9500000000000037,-6.841600689897064
2015-02-27 23:00:00,17.4,87,0.0,6.8,32,-3.603450996785794,-5.766727053863696
2015-02-28 00:00:00,17.3,86,0.0,6.6,29,-3.199743493625823,-5.772490067120013
2015-02-28 01:00:00,17.1,85,0.0,6.0,33,-3.267834210090162,-5.032023407672544
2015-02-28 02:00:00,16.9,85,0.0,5.8,30,-2.9000000000000026,-5.022947341949743
2015-02-28 03:00:00,16.3,86,0.0,5.6,27,-2.5423467985414625,-4.989636535454859
2015-02-28 04:00:00,16.1,86,0.0,6.4,38,-3.940233442084212,-5.043268823083022
2015-02-28 05:00:00,16.0,86,0.0,6.4,43,-4.364789504399991,-4.6806636903626915
2015-02-28 06:00:00,16.0,83,0.0,6.6,45,-4.666904755831214,-4.666904755831213
2015-02-28 07:00:00,15.8,80,0.0,5.9,43,-4.023790324368742,-4.314986839553106
2015-02-28 08:00:00,17.5,82,0.0,5.5,23,-2.149021206691006,-5.062776693988422
2015-02-28 09:00:00,20.6,70,0.0,6.4,344,1.7640790772287946,-6.1520748540052415
2015-02-28 10:00:00,22.0,67,0.0,7.5,325,4.301823272632846,-6.143640332167439
2015-02-28 11:00:00,23.0,65,0.0,10.0,322,6.156614753256583,-7.88010753606722
2015-02-28 12:00:00,23.2,66,0.0,10.0,330,5.000000000000001,-8.660254037844386
2015-02-28 13:00:00,23.9,65,0.0,7.9,330,3.950000000000001,-6.841600689897065
2015-02-28 14:00:00,24.0,66,0.0,5.9,313,4.314986839553106,-4.023790324368742
2015-02-28 15:00:00,24.1,67,0.0,6.1,298,5.385980316439454,-2.8637765329939335
2015-02-28 16:00:00,23.2,71,0.0,7.2,307,5.750175672340508,-4.333068166694748
2015-02-28 17:00:00,21.9,76,0.0,7.1,319,4.658019105832602,-5.358438019581681
2015-02-28 18:00:00,20.3,81,0.0,6.2,350,1.0766187015349686,-6.10580806867569
2015-02-28 19:00:00,18.4,91,0.0,4.7,23,-1.836436303899587,-4.326372811226469
2015-02-28 20:00:00,17.9,89,0.0,4.2,31,-2.163159914622229,-3.600102662948871
2015-02-28 21:00:00,16.8,91,0.0,4.7,23,-1.836436303899587,-4.326372811226469
2015-02-28 22:00:00,16.1,91,0.0,5.5,32,-2.9145559532826275,-4.664264528860342
2015-02-28 23:00:00,15.6,90,0.0,5.9,43,-4.023790324368742,-4.314986839553106
2015-03-01 00:00:00,15.5,88,0.0,5.4,53,-4.312631754255381,-3.2498011250210617
2015-03-01 01:00:00,15.7,85,0.0,5.2,56,-4.3109953772862175,-2.907803098047883
2015-03-01 02:00:00,16.5,80,0.0,6.1,45,-4.31335136523794,-4.313351365237939
2015-03-01 03:00:00,16.8,81,0.0,8.2,29,-3.975438886019962,-7.171881598543046
2015-03-01 04:00:00,14.9,87,0.0,9.7,27,-4.403707847473605,-8.642763284627167
2015-03-01 05:00:00,15.5,86,0.0,9.5,29,-4.6056913923402,-8.308887217824262
2015-03-01 06:00:00,15.8,84,0.0,7.4,23,-2.8914103508206264,-6.811735915548058
2015-03-01 07:00:00,15.5,84,0.0,7.5,17,-2.192787785420528,-7.172285669722765
2015-03-01 08:00:00,16.6,86,0.0,9.5,9,-1.4861274178821948,-9.383039235653808
2015-03-01 09:00:00,18.8,77,0.0,10.9,354,1.1393602496174227,-10.84028865951418
2015-03-01 10:00:00,20.1,73,0.0,11.4,347,2.5644420195200603,-11.107818738551682
2015-03-01 11:00:00,21.5,68,0.0,11.3,338,4.233054505599806,-10.4771775566047
2015-03-01 12:00:00,22.0,67,0.0,13.2,331,6.39948698725165,-11.544980134240022
2015-03-01 13:00:00,21.6,67,0.0,14.2,333,6.446665096301564,-12.652292643474821
2015-03-01 14:00:00,21.3,67,0.0,13.9,335,5.874393838195722,-12.597678239809435
2015-03-01 15:00:00,20.0,68,0.0,13.5,335,5.705346533499442,-12.235155124994774
2015-03-01 16:00:00,18.7,69,0.0,13.8,340,4.71987797789423,-12.967758166845535
2015-03-01 17:00:00,17.3,72,0.0,12.1,350,2.101142949769858,-11.916173811447717
2015-03-01 18:00:00,16.0,76,0.0,9.5,349,1.8126854560771768,-9.325458242752807
2015-03-01 19:00:00,15.0,79,0.0,10.9,354,1.1393602496174227,-10.84028865951418
2015-03-01 20:00:00,14.2,85,0.0,9.7,358,0.33852511801426044,-9.694091022085228
2015-03-01 21:00:00,14.2,81,0.0,9.0,2,-0.31409547032250684,-8.994517443171862
2015-03-01 22:00:00,14.4,78,0.0,8.6,2,-0.3001356716415065,-8.594761112364223
2015-03-01 23:00:00,14.5,78,0.0,8.6,2,-0.3001356716415065,-8.594761112364223
2015-03-02 00:00:00,13.3,85,0.0,10.1,358,0.3524849166952609,-10.093847352892867
2015-03-02 01:00:00,13.9,80,0.1,7.7,11,-1.4692292643993936,-7.558529312547013
2015-03-02 02:00:00,14.5,77,0.1,4.5,14,-1.088648530198505,-4.366330768241984
2015-03-02 03:00:00,14.4,82,0.1,3.6,6,-0.3763024677635521,-3.5802788233257843
2015-03-02 04:00:00,14.2,83,0.0,3.6,354,0.3763024677635525,-3.580278823325784
2015-03-02 05:00:00,14.2,84,0.0,4.0,355,0.34862297099063255,-3.984778792366982
2015-03-02 06:00:00,14.2,84,0.0,3.5,336,1.4235782507653008,-3.197409101749103
2015-03-02 07:00:00,14.3,84,0.2,4.2,340,1.436484601967809,-3.9467090073008153
2015-03-02 08:00:00,15.5,82,0.2,3.9,338,1.4609657143220567,-3.616017032810471
2015-03-02 09:00:00,16.6,80,0.1,4.8,318,3.2118269105225195,-3.5670951622914924
2015-03-02 10:00:00,17.4,79,0.2,5.7,305,4.669166652447253,-3.2693856872009626
2015-03-02 11:00:00,18.5,77,0.3,6.6,299,5.772490067120011,-3.1997434936258244
2015-03-02 12:00:00,18.9,78,0.5,7.0,282,6.84703320513664,-1.4553818357243153
2015-03-02 13:00:00,19.0,78,0.6,7.6,278,7.5260373224359345,-1.0577155672964973
2015-03-02 14:00:00,19.0,79,0.4,7.6,275,7.571079705497266,-0.662383644882202
2015-03-02 15:00:00,18.2,81,0.0,7.0,282,6.84703320513664,-1.4553818357243153
2015-03-02 16:00:00,17.8,82,0.0,7.0,291,6.535062985480412,-2.5085756468171017
2015-03-02 17:00:00,17.3,83,0.0,7.4,309,5.750880114781585,-4.656970893768797
2015-03-02 18:00:00,16.4,85,0.0,5.5,337,2.1490212066910055,-5.062776693988422
2015-03-02 19:00:00,15.6,88,0.0,5.5,349,1.049449474570997,-5.3989495089621515
2015-03-02 20:00:00,15.5,90,0.0,3.7,11,-0.7059932828932151,-3.632020578756357
2015-03-02 21:00:00,15.4,88,0.0,2.4,27,-1.0895771993749126,-2.138415658052083
2015-03-02 22:00:00,15.4,88,0.0,0.8,27,-0.36319239979163753,-0.7128052193506943
2015-03-02 23:00:00,15.4,87,0.0,1.1,360,6.735557395310444e-17,-1.1
2015-03-03 00:00:00,15.2,88,0.0,1.5,45,-1.0606601717798214,-1.0606601717798212
2015-03-03 01:00:00,15.2,88,0.0,2.8,40,-1.7998053071223103,-2.144924440733138
2015-03-03 02:00:00,15.2,87,0.0,4.5,29,-2.1816432911085157,-3.935788682127282
2015-03-03 03:00:00,15.1,88,0.0,5.4,42,-3.613305274337834,-4.01298205757793
2015-03-03 04:00:00,14.8,88,0.0,5.2,56,-4.3109953772862175,-2.907803098047883
2015-03-03 05:00:00,13.6,90,0.0,4.1,45,-2.8991378028648453,-2.8991378028648445
2015-03-03 06:00:00,12.1,91,0.0,4.1,75,-3.96029588778518,-1.0611580849203353
2015-03-03 07:00:00,11.9,90,0.0,3.4,72,-3.2335921554035223,-1.0506577808748208
2015-03-03 08:00:00,16.5,87,0.0,3.1,111,-2.8940993221413254,1.1109406435904308
2015-03-03 09:00:00,20.3,68,0.0,3.5,204,1.4235782507653008,3.197409101749103
2015-03-03 10:00:00,21.8,65,0.0,7.3,237,6.122295146001595,3.9758649556096977
2015-03-03 11:00:00,22.6,66,0.0,8.5,234,6.876644452187053,4.996174644486022
2015-03-03 12:00:00,23.4,65,0.0,11.0,218,6.772276228582241,8.668118289673941
2015-03-03 13:00:00,24.0,65,0.0,12.0,221,7.872708347886087,9.056514962673264
2015-03-03 14:00:00,23.9,66,0.0,11.2,228,8.323222045346816,7.494262791219212
2015-03-03 15:00:00,23.9,68,0.0,9.3,234,7.523858047687012,5.46640284632
2015-03-03 16:00:00,23.6,70,0.0,7.1,246,6.486172749262466,2.8878301658381815
2015-03-03 17:00:00,22.5,75,0.0,6.0,295,5.437846722219899,-2.5357095704441965
2015-03-03 18:00:00,20.4,83,0.3,8.5,324,4.996174644486022,-6.876644452187053
2015-03-03 19:00:00,18.6,90,0.1,8.7,355,0.7582549619046257,-8.666893873398186
2015-03-03 20:00:00,17.4,95,0.0,8.2,23,-3.203995253612045,-7.548139798310009
2015-03-03 21:00:00,16.9,96,0.0,8.4,31,-4.326319829244458,-7.200205325897742
2015-03-03 22:00:00,15.7,97,0.0,6.9,28,-3.239353783222646,-6.092338390726597
2015-03-03 23:00:00,16.2,95,0.0,5.6,27,-2.5423467985414625,-4.989636535454859
2015-03-04 00:00:00,16.3,94,0.0,5.0,21,-1.7918397477265036,-4.667902132486008
2015-03-04 01:00:00,16.4,92,0.0,5.3,28,-2.488199282765221,-4.679622242152313
2015-03-04 02:00:00,16.2,92,0.0,5.5,32,-2.9145559532826275,-4.664264528860342
2015-03-04 03:00:00,16.3,90,0.0,5.5,32,-2.9145559532826275,-4.664264528860342
2015-03-04 04:00:00,16.0,90,0.0,5.6,27,-2.5423467985414625,-4.989636535454859
2015-03-04 05:00:00,15.9,89,0.0,5.0,21,-1.7918397477265036,-4.667902132486008
2015-03-04 06:00:00,15.8,88,0.0,4.7,9,-0.7352419856890859,-4.6421352007971475
2015-03-04 07:00:00,15.9,88,0.0,4.7,4,-0.32785542659739025,-4.688551036221174
2015-03-04 08:00:00,16.9,91,0.0,4.7,9,-0.7352419856890859,-4.6421352007971475
2015-03-04 09:00:00,19.0,80,0.0,6.5,341,2.116193003971519,-6.145870741395559
2015-03-04 10:00:00,20.3,76,0.0,7.7,332,3.61493103345136,-6.798696465013737
2015-03-04 11:00:00,21.5,73,0.0,8.1,328,4.29234604028896,-6.86918957886705
2015-03-04 12:00:00,21.9,72,0.0,8.6,327,4.683895701129233,-7.212566884330647
2015-03-04 13:00:00,22.2,71,0.0,7.7,323,4.633975678270772,-6.149493427364155
2015-03-04 14:00:00,22.1,71,0.0,8.1,315,5.727564927611035,-5.727564927611034
2015-03-04 15:00:00,20.3,76,0.0,8.5,324,4.996174644486022,-6.876644452187053
2015-03-04 16:00:00,19.5,78,0.0,8.8,325,5.0474726398892065,-7.208537989743128
2015-03-04 17:00:00,18.5,80,0.0,8.2,331,3.975438886019964,-7.171881598543044
2015-03-04 18:00:00,17.6,83,0.0,6.9,332,3.239353783222647,-6.092338390726596
2015-03-04 19:00:00,16.6,87,0.0,6.6,338,2.4724035165450187,-6.1194134401407965
2015-03-04 20:00:00,16.0,92,0.0,6.4,344,1.7640790772287946,-6.1520748540052415
2015-03-04 21:00:00,15.7,88,0.0,6.6,351,1.032467469265524,-6.518743047927909
2015-03-04 22:00:00,15.5,88,0.0,5.8,356,0.40458754771592637,-5.78587149150698
2015-03-04 23:00:00,15.0,91,0.0,4.7,4,-0.32785542659739025,-4.688551036221174
2015-03-05 00:00:00,15.3,89,0.0,5.4,360,3.3065463576978537e-16,-5.4
2015-03-05 01:00:00,15.1,89,0.0,5.8,7,-0.7068421917498535,-5.756767679519668
2015-03-05 02:00:00,15.0,89,0.0,5.9,14,-1.42733918403804,-5.7247447850283795
2015-03-05 03:00:00,15.0,85,0.0,4.9,17,-1.4326213531414118,-4.685893304218873
2015-03-05 04:00:00,15.0,85,0.0,4.6,18,-1.4214781741247586,-4.3748599749577055
2015-03-05 05:00:00,15.3,84,0.0,4.6,18,-1.4214781741247586,-4.3748599749577055
2015-03-05 06:00:00,15.2,84,0.0,4.3,48,-3.195522749552795,-2.8772616073430903
2015-03-05 07:00:00,15.7,83,0.0,2.3,51,-1.7874357113510326,-1.4474368994146265
2015-03-05 08:00:00,17.4,79,0.0,1.5,135,-1.0606601717798212,1.0606601717798214
2015-03-05 09:00:00,19.5,73,0.0,4.0,260,3.939231012048832,0.6945927106677213
2015-03-05 10:00:00,21.0,69,0.0,7.2,276,7.160557646651568,-0.7526049355271051
2015-03-05 11:00:00,22.3,68,0.0,8.0,280,7.878462024097664,-1.3891854213354426
2015-03-05 12:00:00,22.7,69,0.0,9.4,272,9.394273773979501,-0.3280552690035091
2015-03-05 13:00:00,23.2,70,0.0,10.0,285,9.659258262890683,-2.5881904510252074
2015-03-05 14:00:00,22.7,73,0.0,10.7,303,8.973775077016036,-5.82763767466079
2015-03-05 15:00:00,21.3,76,0.0,10.0,319,6.560590289905073,-7.54709580222772
2015-03-05 16:00:00,20.5,77,0.1,9.2,321,5.789747597658504,-7.149742845404131
2015-03-05 17:00:00,19.6,79,0.0,9.0,323,5.4163352083684355,-7.187719590425635
2015-03-05 18:00:00,18.0,85,0.0,8.6,338,3.2216167033768426,-7.973781149274371
2015-03-05 19:00:00,17.0,88,0.0,8.7,355,0.7582549619046257,-8.666893873398186
2015-03-05 20:00:00,16.3,90,0.0,8.1,13,-1.8221035401853085,-7.892397524760404
2015-03-05 21:00:00,15.8,92,0.0,6.2,10,-1.0766187015349682,-6.10580806867569
2015-03-05 22:00:00,15.0,95,0.0,6.0,17,-1.7542302283364226,-5.7378285357782115
2015-03-05 23:00:00,15.0,92,0.0,6.3,24,-2.5624408513775405,-5.755336383148386
2015-03-06 00:00:00,15.0,91,0.0,5.2,25,-2.197614961051636,-4.71280049259058
2015-03-06 01:00:00,14.7,91,0.0,5.5,11,-1.0494494745709955,-5.3989495089621515
2015-03-06 02:00:00,14.1,93,0.0,8.1,13,-1.8221035401853085,-7.892397524760404
2015-03-06 03:00:00,14.0,93,0.0,7.9,24,-3.2132194802988208,-7.217009115376548
2015-03-06 04:00:00,14.6,91,0.0,6.4,27,-2.9055391983331003,-5.702441754805554
2015-03-06 05:00:00,14.5,93,0.0,6.3,24,-2.5624408513775405,-5.755336383148386
2015-03-06 06:00:00,14.6,91,0.0,8.4,20,-2.872969203935616,-7.8934180146016315
2015-03-06 07:00:00,14.5,94,0.1,7.3,11,-1.3929056662487755,-7.165878439167947
2015-03-06 08:00:00,16.2,89,0.0,8.5,12,-1.767249371950958,-8.314254606237347
2015-03-06 09:00:00,17.4,85,0.2,8.3,2,-0.28966582263075635,-8.294943864258496
2015-03-06 10:00:00,18.7,81,0.0,7.6,341,2.474317973874391,-7.185941174554807
2015-03-06 11:00:00,20.1,76,0.0,6.5,341,2.116193003971519,-6.145870741395559
2015-03-06 12:00:00,21.3,73,0.0,6.1,320,3.92100441908789,-4.6728711030257655
2015-03-06 13:00:00,21.6,72,0.0,7.6,315,5.374011537017761,-5.37401153701776
2015-03-06 14:00:00,21.7,73,0.0,8.0,324,4.702282018339785,-6.47213595499958
2015-03-06 15:00:00,20.4,80,0.0,7.9,330,3.950000000000001,-6.841600689897065
2015-03-06 16:00:00,20.4,81,0.0,7.1,330,3.5500000000000007,-6.148780366869514
2015-03-06 17:00:00,19.7,83,0.0,6.7,324,3.93816119035957,-5.420413862312148
2015-03-06 18:00:00,18.2,88,0.0,7.7,332,3.61493103345136,-6.798696465013737
2015-03-06 19:00:00,16.6,94,0.0,9.8,354,1.024378940023004,-9.746314574609078
2015-03-06 20:00:00,15.6,96,0.0,9.5,11,-1.812685456077174,-9.325458242752807
2015-03-06 21:00:00,15.2,96,0.0,8.0,18,-2.4721359549995805,-7.608452130361228
2015-03-06 22:00:00,14.8,97,0.0,6.4,27,-2.9055391983331003,-5.702441754805554
2015-03-06 23:00:00,14.0,98,0.0,5.6,27,-2.5423467985414625,-4.989636535454859
2015-03-07 00:00:00,14.3,94,0.0,5.6,27,-2.5423467985414625,-4.989636535454859
2015-03-07 01:00:00,15.3,89,0.0,6.0,25,-2.5357095704441948,-5.4378467222199
2015-03-07 02:00:00,15.3,86,0.0,6.8,25,-2.873804179836754,-6.16289295184922
2015-03-07 03:00:00,14.7,87,0.0,6.9,28,-3.239353783222646,-6.092338390726597
2015-03-07 04:00:00,14.6,87,0.0,6.6,22,-2.472403516545021,-6.119413440140796
2015-03-07 05:00:00,14.6,88,0.0,7.6,25,-3.2118987892293136,-6.88793918147854
2015-03-07 06:00:00,14.8,87,0.0,6.5,34,-3.6347538725598527,-5.388744221607772
2015-03-07 07:00:00,15.2,86,0.0,5.5,23,-2.149021206691006,-5.062776693988422
2015-03-07 08:00:00,17.0,84,0.0,4.4,9,-0.6883116461770166,-4.345828698618606
2015-03-07 09:00:00,18.6,77,0.0,4.0,360,2.4492935982947064e-16,-4.0
2015-03-07 10:00:00,20.0,74,0.0,4.8,318,3.2118269105225195,-3.5670951622914924
2015-03-07 11:00:00,20.6,75,0.0,8.7,308,6.85569355637848,-5.356254835333226
2015-03-07 12:00:00,21.3,74,0.0,10.3,324,6.054188098612474,-8.332875042061959
2015-03-07 13:00:00,21.9,73,0.0,9.6,326,5.368251873319169,-7.9587606965284
2015-03-07 14:00:00,22.1,74,0.0,9.4,317,6.410784584587486,-6.874724795220202
2015-03-07 15:00:00,21.0,78,0.0,9.9,314,7.121464023352647,-6.877117867544073
2015-03-07 16:00:00,20.2,79,0.0,9.5,323,5.717242719944459,-7.587037345449282
2015-03-07 17:00:00,19.0,82,0.0,9.7,333,4.403707847473604,-8.642763284627167
2015-03-07 18:00:00,17.8,86,0.0,7.1,336,2.8878301658381815,-6.486172749262466
2015-03-07 19:00:00,16.8,90,0.0,5.8,353,0.7068421917498554,-5.756767679519667
2015-03-07 20:00:00,16.5,90,0.0,5.1,8,-0.7097828148963357,-5.050367150582008
2015-03-07 21:00:00,16.6,89,0.0,4.3,5,-0.37476969381493047,-4.283637201794505
2015-03-07 22:00:00,16.3,90,0.0,4.0,5,-0.348622970990633,-3.984778792366982
2015-03-07 23:00:00,16.3,90,0.0,4.1,15,-1.0611580849203346,-3.96029588778518
2015-03-08 00:00:00,16.3,90,0.0,4.2,20,-1.436484601967808,-3.9467090073008158
2015-03-08 01:00:00,16.3,89,0.0,4.4,35,-2.523736319944604,-3.604268994871563
2015-03-08 02:00:00,16.3,89,0.0,4.6,39,-2.894873798829254,-3.5748714227020644
2015-03-08 03:00:00,16.5,86,0.0,4.7,32,-2.490620541896064,-3.9858260519352022
2015-03-08 04:00:00,16.2,87,0.0,5.2,34,-2.907803098047882,-4.3109953772862175
2015-03-08 05:00:00,16.2,86,0.0,4.6,45,-3.2526911934581193,-3.252691193458118
2015-03-08 06:00:00,16.3,84,0.0,3.6,45,-2.545584412271572,-2.545584412271571
2015-03-08 07:00:00,16.7,81,0.0,2.9,360,1.7757378587636622e-16,-2.9
2015-03-08 08:00:00,17.1,90,0.0,5.3,332,2.4881992827652213,-4.679622242152313
2015-03-08 09:00:00,19.9,78,0.0,7.7,323,4.633975678270772,-6.149493427364155
2015-03-08 10:00:00,21.2,74,0.0,8.5,324,4.996174644486022,-6.876644452187053
2015-03-08 11:00:00,22.2,71,0.0,8.1,315,5.727564927611035,-5.727564927611034
2015-03-08 12:00:00,22.9,71,0.0,9.1,304,7.544241910250879,-5.0886554215837965
2015-03-08 13:00:00,23.5,71,0.0,9.3,306,7.523858047687012,-5.46640284632
2015-03-08 14:00:00,23.0,74,0.0,9.4,310,7.200817765318393,-6.042203531053469
2015-03-08 15:00:00,21.6,79,0.0,10.2,318,6.825132184860354,-7.580077219869421
2015-03-08 16:00:00,20.6,82,0.0,9.6,326,5.368251873319169,-7.9587606965284
2015-03-08 17:00:00,19.7,84,0.0,8.6,338,3.2216167033768426,-7.973781149274371
2015-03-08 18:00:00,18.7,87,0.0,8.0,8,-1.1133848076805266,-7.922144549932562
2015-03-08 19:00:00,17.7,91,0.0,6.5,19,-2.116193003971518,-6.1458707413955596
2015-03-08 20:00:00,16.4,95,0.0,6.9,6,-0.7212463965468082,-6.862201078041087
2015-03-08 21:00:00,15.4,96,0.0,9.1,18,-2.8120546488120226,-8.654614298285896
2015-03-08 22:00:00,15.0,96,0.0,8.2,49,-6.1886185578267305,-5.379684037722157
2015-03-08 23:00:00,15.2,92,0.0,6.5,56,-5.388744221607772,-3.6347538725598536
2015-03-09 00:00:00,15.3,90,0.0,4.9,54,-3.964183272437243,-2.880147736233118
2015-03-09 01:00:00,15.6,87,0.0,4.6,39,-2.894873798829254,-3.5748714227020644
2015-03-09 02:00:00,15.6,85,0.0,5.4,53,-4.312631754255381,-3.2498011250210617
2015-03-09 03:00:00,15.8,84,0.0,5.5,58,-4.664264528860343,-2.914555953282626
2015-03-09 04:00:00,15.4,86,0.0,5.2,56,-4.3109953772862175,-2.907803098047883
2015-03-09 05:00:00,15.1,86,0.0,5.4,53,-4.312631754255381,-3.2498011250210617
2015-03-09 06:00:00,14.6,86,0.0,4.6,51,-3.5748714227020653,-2.894873798829253
2015-03-09 07:00:00,15.2,86,0.0,4.2,31,-2.163159914622229,-3.600102662948871
2015-03-09 08:00:00,19.5,76,0.0,7.1,15,-1.8376152202278964,-6.858073366652385
2015-03-09 09:00:00,20.6,75,0.0,13.3,347,2.991849022773404,-12.959121861643629
2015-03-09 10:00:00,21.6,72,0.0,16.6,347,3.734187502108158,-16.174543075434908
2015-03-09 11:00:00,22.4,70,0.0,15.8,348,3.2850047149205994,-15.45473209159413
2015-03-09 12:00:00,23.0,67,0.0,16.1,344,4.437761428653687,-15.476313304606936
2015-03-09 13:00:00,23.2,65,0.0,17.0,343,4.970318980286525,-16.2571808513716
2015-03-09 14:00:00,22.8,64,0.0,16.9,340,5.780140422203803,-15.880805291281849
2015-03-09 15:00:00,22.3,65,0.0,14.7,338,5.506716923213905,-13.629602662131774
2015-03-09 16:00:00,21.2,66,0.0,13.4,336,5.450271017215723,-12.241509132410853
2015-03-09 17:00:00,19.5,69,0.0,11.6,338,4.345436483624579,-10.755332712974734
2015-03-09 18:00:00,17.8,74,0.0,10.2,337,3.985457510590592,-9.389149505214892
2015-03-09 19:00:00,16.5,79,0.0,8.2,345,2.12231616984067,-7.92059177557036
2015-03-09 20:00:00,15.5,85,0.0,6.8,357,0.35588450245201897,-6.790680836331102
2015-03-09 21:00:00,15.6,82,0.0,6.8,360,4.1637991171010006e-16,-6.8
2015-03-09 22:00:00,15.8,81,0.1,5.8,7,-0.7068421917498535,-5.756767679519668
2015-03-09 23:00:00,15.5,83,0.0,4.1,15,-1.0611580849203346,-3.96029588778518
2015-03-10 00:00:00,15.9,82,0.4,4.2,31,-2.163159914622229,-3.600102662948871
2015-03-10 01:00:00,16.0,83,0.2,3.0,14,-0.7257656867990033,-2.9108871788279895
2015-03-10 02:00:00,15.9,85,0.0,1.8,360,1.1021821192326179e-16,-1.8
2015-03-10 03:00:00,15.6,82,0.3,3.3,311,2.4905416147351476,-2.1649947956686737
2015-03-10 04:00:00,15.9,81,0.3,5.4,312,4.012982057577929,-3.6133052743378347
2015-03-10 05:00:00,15.6,81,0.3,4.5,331,2.181643291108517,-3.935788682127281
2015-03-10 06:00:00,15.3,83,0.5,3.9,338,1.4609657143220567,-3.616017032810471
2015-03-10 07:00:00,15.1,86,0.3,3.9,338,1.4609657143220567,-3.616017032810471
2015-03-10 08:00:00,15.8,86,0.8,5.0,330,2.5000000000000004,-4.330127018922193
2015-03-10 09:00:00,16.0,89,0.3,5.2,326,2.9078030980478835,-4.3109953772862175
2015-03-10 10:00:00,16.5,88,0.3,4.8,318,3.2118269105225195,-3.5670951622914924
2015-03-10 11:00:00,17.1,86,0.1,6.0,303,5.032023407672544,-3.2678342100901627
2015-03-10 12:00:00,18.6,81,0.1,7.4,299,6.472185832831529,-3.5875911898228945
2015-03-10 13:00:00,20.1,76,0.2,7.8,292,7.232034065620942,-2.921931428644114
2015-03-10 14:00:00,20.7,72,0.0,9.1,277,9.032169979936029,-1.109011024986842
2015-03-10 15:00:00,19.2,74,0.5,11.3,287,10.806243742382302,-3.303800263366926
2015-03-10 16:00:00,17.6,77,0.4,10.7,312,7.951649632608118,-7.159697488039782
2015-03-10 17:00:00,16.4,81,0.6,7.9,321,4.971631089293717,-6.139453095510071
2015-03-10 18:00:00,15.8,83,0.5,5.4,318,3.6133052743378347,-4.012982057577929
2015-03-10 19:00:00,15.4,86,0.3,4.9,324,2.8801477362331185,-3.9641832724372428
2015-03-10 20:00:00,15.2,88,0.3,5.0,330,2.5000000000000004,-4.330127018922193
2015-03-10 21:00:00,15.2,89,0.3,4.6,321,2.894873798829252,-3.5748714227020657
2015-03-10 22:00:00,14.8,93,0.5,5.4,323,3.2498011250210617,-4.312631754255381
2015-03-10 23:00:00,14.6,94,0.6,5.3,332,2.4881992827652213,-4.679622242152313
2015-03-11 00:00:00,14.4,95,0.6,5.8,338,2.1727182418122895,-5.377666356487367
2015-03-11 01:00:00,14.2,96,0.7000000000000001,4.7,360,2.8779199779962803e-16,-4.7
2015-03-11 02:00:00,14.0,97,0.5,4.0,360,2.4492935982947064e-16,-4.0
2015-03-11 03:00:00,13.8,96,0.5,6.1,3,-0.31924933308196024,-6.0916401620029
2015-03-11 04:00:00,13.8,96,0.2,5.5,11,-1.0494494745709955,-5.3989495089621515
2015-03-11 05:00:00,14.0,95,0.2,6.2,339,2.2218812871808624,-5.788198644282651
2015-03-11 06:00:00,13.9,95,0.5,6.6,347,1.4846769586695083,-6.430842427582553
2015-03-11 07:00:00,14.1,92,0.1,4.7,337,1.8364363038995866,-4.32637281122647
2015-03-11 08:00:00,15.2,89,0.0,1.8,323,1.0832670416736871,-1.437543918085127
2015-03-11 09:00:00,16.5,86,0.0,4.1,285,3.96029588778518,-1.061158084920335
2015-03-11 10:00:00,17.1,86,0.0,8.5,298,7.505054539300879,-3.990508283680072
2015-03-11 11:00:00,18.8,82,0.0,10.8,300,9.353074360871938,-5.3999999999999995
2015-03-11 12:00:00,18.8,80,0.5,9.0,299,7.871577364254562,-4.363286582217033
2015-03-11 13:00:00,19.0,79,0.0,7.6,295,6.887939181478539,-3.211898789229316
2015-03-11 14:00:00,18.8,80,0.0,10.3,295,9.334970206477495,-4.352968095929205
2015-03-11 15:00:00,17.3,84,0.3,10.5,308,8.27411291287058,-6.464445490919412
2015-03-11 16:00:00,16.4,86,0.2,10.0,330,5.000000000000001,-8.660254037844386
2015-03-11 17:00:00,15.7,87,0.0,8.4,340,2.872969203935618,-7.893418014601631
2015-03-11 18:00:00,15.2,89,0.0,6.9,351,1.0793978087775935,-6.815049550106451
2015-03-11 19:00:00,14.7,92,0.0,6.5,354,0.6794350112397475,-6.4643923198937765
2015-03-11 20:00:00,14.6,93,0.0,5.9,14,-1.42733918403804,-5.7247447850283795
2015-03-11 21:00:00,14.5,94,0.0,3.3,6,-0.3449439287832561,-3.281922254715302
2015-03-11 22:00:00,14.4,95,0.2,4.0,350,0.6945927106677217,-3.939231012048832
2015-03-11 23:00:00,14.4,95,0.3,7.1,336,2.8878301658381815,-6.486172749262466
2015-03-12 00:00:00,14.3,95,0.5,7.0,348,1.4553818357243162,-6.847033205136639
2015-03-12 01:00:00,14.1,96,0.6,6.9,354,0.7212463965468089,-6.862201078041086
2015-03-12 02:00:00,13.9,96,0.4,7.2,360,4.4087284769304716e-16,-7.2
2015-03-12 03:00:00,14.0,96,0.9,6.5,3,-0.340183715579138,-6.49109197590473
2015-03-12 04:00:00,13.9,96,0.7000000000000001,6.8,3,-0.3558845024520213,-6.790680836331102
2015-03-12 05:00:00,13.8,96,0.7000000000000001,7.0,12,-1.4553818357243185,-6.847033205136639
2015-03-12 06:00:00,13.9,96,0.1,7.1,15,-1.8376152202278964,-6.858073366652385
2015-03-12 07:00:00,14.4,95,0.0,6.6,13,-1.4846769586695105,-6.430842427582552
2015-03-12 08:00:00,15.2,91,0.0,6.5,19,-2.116193003971518,-6.1458707413955596
2015-03-12 09:00:00,16.5,85,0.0,8.0,352,1.1133848076805237,-7.922144549932563
2015-03-12 10:00:00,17.7,82,0.0,12.8,338,4.794964395723674,-11.86795333845488
2015-03-12 11:00:00,18.5,79,0.0,13.0,341,4.232386007943038,-12.291741482791117
2015-03-12 12:00:00,19.9,74,0.0,12.2,341,3.971931484377312,-11.535326622311663
2015-03-12 13:00:00,20.5,72,0.2,10.8,339,3.870373855089244,-10.08266860616978
2015-03-12 14:00:00,19.8,75,0.0,8.7,336,3.5386087947594613,-7.947845481490627
2015-03-12 15:00:00,18.2,80,0.0,8.2,331,3.975438886019964,-7.171881598543044
2015-03-12 16:00:00,17.8,82,0.0,9.3,332,4.366085533908786,-8.21141261358802
2015-03-12 17:00:00,17.0,84,0.0,8.9,333,4.040515447681967,-7.929958065276474
2015-03-12 18:00:00,16.2,86,0.0,6.5,341,2.116193003971519,-6.145870741395559
2015-03-12 19:00:00,15.6,89,0.0,5.4,352,0.7515347451843536,-5.34744757120448
2015-03-12 20:00:00,15.2,90,0.0,2.3,18,-0.7107390870623793,-2.1874299874788528
2015-03-12 21:00:00,14.9,90,0.0,2.4,27,-1.0895771993749126,-2.138415658052083
2015-03-12 22:00:00,14.9,90,0.0,3.2,27,-1.4527695991665501,-2.851220877402777
2015-03-12 23:00:00,14.8,88,0.0,3.3,13,-0.7423384793347553,-3.215421213791276
2015-03-13 00:00:00,14.7,87,0.0,3.2,27,-1.4527695991665501,-2.851220877402777
2015-03-13 01:00:00,14.8,85,0.0,2.9,30,-1.4500000000000013,-2.5114736709748713
2015-03-13 02:00:00,15.0,82,0.0,3.1,36,-1.822134282106667,-2.507952682562337
2015-03-13 03:00:00,9.7,97,0.0,3.3,41,-2.1649947956686737,-2.4905416147351476
2015-03-13 04:00:00,9.6,94,0.0,3.3,49,-2.490541614735148,-2.1649947956686733
2015-03-13 05:00:00,9.5,92,0.0,2.6,56,-2.1554976886431088,-1.4539015490239415
2015-03-13 06:00:00,9.5,90,0.0,2.3,51,-1.7874357113510326,-1.4474368994146265
2015-03-13 07:00:00,10.6,88,0.0,2.3,51,-1.7874357113510326,-1.4474368994146265
2015-03-13 08:00:00,16.1,79,0.0,0.8,297,0.7128052193506944,-0.3631923997916374
2015-03-13 09:00:00,18.4,72,0.0,4.6,288,4.3748599749577055,-1.421478174124758
2015-03-13 10:00:00,19.4,72,0.0,5.6,285,5.4091846272187825,-1.4493866525741161
2015-03-13 11:00:00,20.4,70,0.0,5.5,259,5.3989495089621515,1.0494494745709964
2015-03-13 12:00:00,21.4,67,0.0,6.6,257,6.430842427582553,1.484676958669509
2015-03-13 13:00:00,22.0,67,0.0,7.6,273,7.589584464134761,-0.3977532674463731
2015-03-13 14:00:00,22.1,67,0.0,7.2,276,7.160557646651568,-0.7526049355271051
2015-03-13 15:00:00,22.1,69,0.0,6.6,283,6.430842427582553,-1.484676958669509
2015-03-13 16:00:00,21.5,73,0.0,7.2,297,6.415246974156249,-3.2687315981247367
2015-03-13 17:00:00,20.4,76,0.0,7.5,305,6.143640332167439,-4.301823272632845
2015-03-13 18:00:00,19.0,81,0.0,5.1,309,3.963444403430551,-3.2095339943541705
2015-03-13 19:00:00,17.4,91,0.0,1.9,338,0.7117525274902327,-1.761649323676896
2015-03-13 20:00:00,17.1,90,0.0,1.1,18,-0.33991869381244233,-1.0461621679246689
2015-03-13 21:00:00,16.5,93,0.0,2.9,360,1.7757378587636622e-16,-2.9
2015-03-13 22:00:00,16.1,94,0.0,3.4,32,-1.801725498392897,-2.883363526931848
2015-03-13 23:00:00,15.8,93,0.0,3.5,66,-3.197409101749103,-1.4235782507653008
2015-03-14 00:00:00,14.7,92,0.0,3.7,61,-3.236092916415765,-1.7937955949114468
2015-03-14 01:00:00,14.3,89,0.0,2.6,74,-2.499280409439629,-0.7166571251241974
2015-03-14 02:00:00,12.5,92,0.0,2.3,72,-2.187429987478853,-0.7107390870623786
2015-03-14 03:00:00,13.4,82,0.0,2.6,56,-2.1554976886431088,-1.4539015490239415
2015-03-14 04:00:00,13.3,80,0.0,3.1,54,-2.5079526825623377,-1.8221342821066664
2015-03-14 05:00:00,12.5,81,0.0,3.1,69,-2.8940993221413254,-1.1109406435904314
2015-03-14 06:00:00,11.7,84,0.0,3.2,63,-2.8512208774027776,-1.4527695991665495
2015-03-14 07:00:00,12.1,86,0.0,2.8,50,-2.1449244407331385,-1.7998053071223097
2015-03-14 08:00:00,17.4,81,0.0,2.1,59,-1.800051331474436,-1.0815799573111138
2015-03-14 09:00:00,20.9,61,0.0,2.3,288,2.1874299874788528,-0.710739087062379
2015-03-14 10:00:00,22.2,61,0.0,5.0,270,5.0,0.0
2015-03-14 11:00:00,22.9,63,0.0,7.9,273,7.889173324561134,-0.4134540543192563
2015-03-14 12:00:00,23.0,65,0.0,7.6,270,7.6,0.0
2015-03-14 13:00:00,23.1,66,0.0,7.0,258,6.84703320513664,1.4553818357243153
2015-03-14 14:00:00,23.3,67,0.0,8.0,252,7.608452130361228,2.472135954999579
2015-03-14 15:00:00,23.5,70,0.0,9.1,261,8.987963899415753,1.4235536318661008
2015-03-14 16:00:00,22.8,73,0.0,8.3,275,8.268415994161488,-0.7233926648055629
2015-03-14 17:00:00,21.8,76,0.0,6.6,292,6.1194134401407965,-2.472403516545019
2015-03-14 18:00:00,20.4,81,0.0,6.4,308,5.043268823083021,-3.9402334420842133
2015-03-14 19:00:00,18.7,90,0.0,3.3,347,0.7423384793347542,-3.2154212137912763
2015-03-14 20:00:00,18.4,89,0.0,2.5,45,-1.7677669529663693,-1.7677669529663687
2015-03-14 21:00:00,18.0,90,0.0,3.1,54,-2.5079526825623377,-1.8221342821066664
2015-03-14 22:00:00,17.6,89,0.0,3.4,72,-3.2335921554035223,-1.0506577808748208
2015-03-14 23:00:00,17.4,88,0.0,2.7,67,-2.485363104321589,-1.0549740469210387
2015-03-15 00:00:00,16.0,89,0.0,2.6,56,-2.1554976886431088,-1.4539015490239415
2015-03-15 01:00:00,14.5,91,0.0,3.1,54,-2.5079526825623377,-1.8221342821066664
2015-03-15 02:00:00,13.6,91,0.0,4.0,63,-3.5640260967534716,-1.8159619989581868
2015-03-15 03:00:00,13.4,89,0.0,4.5,76,-4.366330768241984,-1.0886485301985038
2015-03-15 04:00:00,12.9,89,0.0,4.2,70,-3.9467090073008158,-1.4364846019678084
2015-03-15 05:00:00,12.5,88,0.0,3.1,69,-2.8940993221413254,-1.1109406435904314
2015-03-15 06:00:00,12.1,88,0.0,3.4,72,-3.2335921554035223,-1.0506577808748208
2015-03-15 07:00:00,12.9,91,0.0,4.8,77,-4.676976310969129,-1.0797650608505518
2015-03-15 08:00:00,18.9,82,0.0,4.0,95,-3.984778792366982,0.3486229709906328
2015-03-15 09:00:00,22.1,66,0.0,1.8,259,1.7669289302057951,0.34345619167778063
2015-03-15 10:00:00,23.3,67,0.0,4.7,238,3.9858260519352022,2.490620541896063
2015-03-15 11:00:00,24.2,65,0.0,7.8,236,6.466493065929325,4.361704647071826
2015-03-15 12:00:00,24.8,65,0.0,9.3,234,7.523858047687012,5.46640284632
2015-03-15 13:00:00,25.4,64,0.2,10.4,236,8.621990754572433,5.815606196095768
2015-03-15 14:00:00,25.7,64,0.0,12.1,247,11.138108726774528,4.727846654720213
2015-03-15 15:00:00,25.1,70,0.0,11.0,259,10.797899017924303,2.0988989491419927
2015-03-15 16:00:00,24.0,75,0.3,7.3,259,7.165878439167947,1.392905666248777
2015-03-15 17:00:00,23.1,79,0.0,4.3,275,4.283637201794505,-0.3747696938149301
2015-03-15 18:00:00,22.3,81,0.0,4.1,315,2.899137802864845,-2.8991378028648445
2015-03-15 19:00:00,21.0,88,0.0,2.2,9,-0.3441558230885083,-2.172914349309303
2015-03-15 20:00:00,20.5,89,0.0,2.0,45,-1.4142135623730954,-1.414213562373095
2015-03-15 21:00:00,19.6,90,0.0,1.8,79,-1.7669289302057951,-0.3434561916777805
2015-03-15 22:00:00,18.7,90,0.0,3.3,96,-3.2819222547153015,0.3449439287832573
2015-03-15 23:00:00,18.2,90,0.0,4.9,107,-4.685893304218874,1.4326213531414094
2015-03-16 00:00:00,18.4,88,0.0,3.0,104,-2.9108871788279895,0.7257656867990032
2015-03-16 01:00:00,18.2,87,0.0,1.8,79,-1.7669289302057951,-0.3434561916777805
2015-03-16 02:00:00,16.4,93,0.0,2.5,90,-2.5,3.061616997868383e-16
2015-03-16 03:00:00,15.1,93,0.0,3.3,84,-3.2819222547153015,-0.3449439287832565
2015-03-16 04:00:00,15.1,92,0.0,2.9,97,-2.8783838397598336,0.35342109587492787
2015-03-16 05:00:00,15.2,90,0.0,2.6,106,-2.499280409439629,0.716657125124198
2015-03-16 06:00:00,15.0,90,0.0,2.5,98,-2.475670171853926,0.3479327524001633
2015-03-16 07:00:00,15.6,90,0.0,3.0,104,-2.9108871788279895,0.7257656867990032
2015-03-16 08:00:00,19.9,81,0.0,3.3,174,-0.3449439287832567,3.2819222547153015
2015-03-16 09:00:00,22.6,70,0.0,6.0,205,2.5357095704441965,5.437846722219899
2015-03-16 10:00:00,23.3,73,0.0,6.7,216,3.93816119035957,5.420413862312148
2015-03-16 11:00:00,23.3,77,0.1,7.7,229,5.811263767715345,5.051654523226906
2015-03-16 12:00:00,23.6,78,0.2,8.2,221,5.379684037722159,6.18861855782673
2015-03-16 13:00:00,23.9,77,0.4,9.4,212,4.981241083792126,7.9716521038704045
2015-03-16 14:00:00,24.6,73,0.2,9.5,217,5.717242719944459,7.587037345449282
2015-03-16 15:00:00,25.7,68,0.4,9.8,216,5.760295472466237,7.9283665448744856
2015-03-16 16:00:00,24.5,73,0.0,8.5,216,4.996174644486022,6.876644452187053
2015-03-16 17:00:00,24.1,74,0.0,6.9,219,4.342310698243879,5.3623071340531
2015-03-16 18:00:00,23.2,82,0.0,4.8,228,3.5670951622914924,3.2118269105225195
2015-03-16 19:00:00,21.1,88,0.0,2.7,203,1.0549740469210391,2.485363104321589
2015-03-16 20:00:00,20.5,88,0.0,1.4,180,8.572527594031472e-17,1.4
2015-03-16 21:00:00,21.0,87,0.0,2.4,153,-1.089577199374912,2.138415658052083
2015-03-16 22:00:00,20.3,89,0.0,3.8,131,-2.8678964048465336,2.4930243101639276
2015-03-16 23:00:00,18.9,92,0.0,5.6,130,-4.289848881466276,3.5996106142446207
2015-03-17 00:00:00,17.3,96,0.0,6.1,130,-4.672871103025765,3.9210044190878905
2015-03-17 01:00:00,17.1,95,0.0,6.1,135,-4.313351365237939,4.31335136523794
2015-03-17 02:00:00,16.5,94,0.0,5.4,138,-3.6133052743378347,4.012982057577929
2015-03-17 03:00:00,17.1,89,0.0,4.3,138,-2.8772616073430903,3.195522749552795
2015-03-17 04:00:00,16.0,93,0.0,3.8,131,-2.8678964048465336,2.4930243101639276
2015-03-17 05:00:00,15.3,92,0.0,3.3,131,-2.4905416147351476,2.1649947956686737
2015-03-17 06:00:00,15.1,90,0.0,3.8,107,-3.633958072659535,1.111012477946399
2015-03-17 07:00:00,16.4,87,0.0,1.9,112,-1.7616493236768958,0.7117525274902332
2015-03-17 08:00:00,20.7,85,0.0,1.5,194,0.3628828433995015,1.4554435894139948
2015-03-17 09:00:00,22.9,80,0.0,5.6,230,4.289848881466277,3.5996106142446194
2015-03-17 10:00:00,24.2,76,0.0,7.3,237,6.122295146001595,3.9758649556096977
2015-03-17 11:00:00,25.2,71,0.0,8.4,239,7.200205325897744,4.326319829244455
2015-03-17 12:00:00,25.9,67,0.0,9.8,242,8.652886410017485,4.60082131530173
2015-03-17 13:00:00,26.4,67,0.1,10.8,244,9.706975700031006,4.734408385322037
2015-03-17 14:00:00,26.4,69,0.2,11.3,248,10.4771775566047,4.233054505599806
2015-03-17 15:00:00,24.8,78,0.4,11.1,241,9.708278749247292,5.3813867847343415
2015-03-17 16:00:00,24.0,80,0.5,11.0,238,9.328529057720685,5.829111906565254
2015-03-17 17:00:00,23.3,83,0.2,8.3,236,6.881011852206846,4.6413010988072
2015-03-17 18:00:00,23.0,83,0.0,6.5,236,5.38874422160777,3.634753872559855
2015-03-17 19:00:00,21.6,91,0.0,5.2,214,2.9078030980478835,4.3109953772862175
2015-03-17 20:00:00,21.4,89,0.0,4.7,184,0.3278554265973886,4.688551036221174
2015-03-17 21:00:00,21.3,89,0.0,5.1,176,-0.35575801609503915,5.087576656325103
2015-03-17 22:00:00,20.9,91,0.0,5.1,184,0.35575801609503865,5.087576656325103
2015-03-17 23:00:00,20.4,92,0.0,4.7,184,0.3278554265973886,4.688551036221174
2015-03-18 00:00:00,20.0,93,0.0,3.8,163,-1.1110124779463992,3.633958072659535
2015-03-18 01:00:00,19.5,92,0.0,4.2,149,-2.163159914622228,3.600102662948872
2015-03-18 02:00:00,18.9,90,0.0,3.2,153,-1.4527695991665495,2.8512208774027776
2015-03-18 03:00:00,19.5,85,0.0,1.8,169,-0.34345619167778063,1.7669289302057951
2015-03-18 04:00:00,17.6,88,0.0,1.4,180,8.572527594031472e-17,1.4
2015-03-18 05:00:00,16.9,88,0.0,1.3,214,0.7269507745119709,1.0777488443215544
2015-03-18 06:00:00,16.1,87,0.0,1.1,162,-0.3399186938124421,1.046162167924669
2015-03-18 07:00:00,16.3,87,0.0,1.1,180,6.735557395310444e-17,1.1
2015-03-18 08:00:00,20.5,83,0.0,2.5,172,-0.3479327524001634,2.475670171853926
2015-03-18 09:00:00,22.8,71,0.0,6.6,209,3.199743493625825,5.772490067120011
2015-03-18 10:00:00,24.3,65,0.0,9.1,214,5.088655421583796,7.5442419102508795
2015-03-18 11:00:00,25.7,60,0.0,10.6,215,6.079910225321089,8.683011669463312
2015-03-18 12:00:00,26.6,57,0.0,11.9,215,6.8255595925774495,9.747909327039002
2015-03-18 13:00:00,27.1,55,0.0,12.4,216,7.288537128426667,10.031810730249349
2015-03-18 14:00:00,27.4,53,0.0,12.6,217,7.582869291715809,10.062807426595889
2015-03-18 15:00:00,26.8,57,0.0,12.8,218,7.880466884168427,10.086537646166043
2015-03-18 16:00:00,26.2,59,0.0,12.3,218,7.572636146505597,9.692532269362681
2015-03-18 17:00:00,25.2,64,0.0,10.0,218,6.156614753256583,7.88010753606722
2015-03-18 18:00:00,23.5,69,0.0,9.1,214,5.088655421583796,7.5442419102508795
2015-03-18 19:00:00,21.5,78,0.0,7.2,183,0.3768188849491966,7.190132650232932
2015-03-18 20:00:00,21.7,73,0.0,6.4,164,-1.764079077228794,6.1520748540052415
2015-03-18 21:00:00,21.4,72,0.0,6.0,155,-2.535709570444196,5.4378467222199
2015-03-18 22:00:00,21.1,71,0.0,5.8,150,-2.8999999999999986,5.022947341949744
2015-03-18 23:00:00,20.9,70,0.0,4.7,148,-2.4906205418960625,3.9858260519352027
2015-03-19 00:00:00,20.5,69,0.0,3.3,139,-2.1649947956686737,2.490541614735148
2015-03-19 01:00:00,20.0,69,0.0,2.5,135,-1.7677669529663687,1.7677669529663689
2015-03-19 02:00:00,18.2,73,0.0,2.1,149,-1.081579957311114,1.800051331474436
2015-03-19 03:00:00,16.4,76,0.0,2.8,130,-2.144924440733138,1.7998053071223103
2015-03-19 04:00:00,15.3,78,0.0,2.3,129,-1.7874357113510329,1.4474368994146258
2015-03-19 05:00:00,14.0,81,0.0,0.8,117,-0.7128052193506943,0.36319239979163753
2015-03-19 06:00:00,13.3,82,0.0,1.8,101,-1.7669289302057951,0.34345619167778096
2015-03-19 07:00:00,14.3,85,0.0,1.5,76,-1.4554435894139948,-0.3628828433995013
2015-03-19 08:00:00,20.7,74,0.0,3.1,69,-2.8940993221413254,-1.1109406435904314
2015-03-19 09:00:00,25.0,47,0.0,3.8,343,1.1110124779463997,-3.6339580726595346
2015-03-19 10:00:00,26.6,42,0.0,5.0,330,2.5000000000000004,-4.330127018922193
2015-03-19 11:00:00,27.7,42,0.0,6.1,315,4.31335136523794,-4.313351365237939
2015-03-19 12:00:00,28.4,45,0.0,7.5,305,6.143640332167439,-4.301823272632845
2015-03-19 13:00:00,28.4,49,0.0,8.9,297,7.929958065276475,-4.040515447681966
2015-03-19 14:00:00,28.0,54,0.0,9.2,296,8.268905225952336,-4.033014550459511
2015-03-19 15:00:00,27.0,61,0.0,9.2,296,8.268905225952336,-4.033014550459511
2015-03-19 16:00:00,25.8,66,0.0,8.1,302,6.86918957886705,-4.29234604028896
2015-03-19 17:00:00,24.4,73,0.0,7.7,311,5.811263767715345,-5.051654523226906
2015-03-19 18:00:00,22.8,80,0.0,6.1,310,4.6728711030257655,-3.921004419087889
2015-03-19 19:00:00,21.2,90,0.0,2.6,344,0.7166571251241979,-2.499280409439629
2015-03-19 20:00:00,20.9,89,0.0,1.0,45,-0.7071067811865477,-0.7071067811865475
2015-03-19 21:00:00,20.5,90,0.0,1.3,34,-0.7269507745119705,-1.0777488443215544
2015-03-19 22:00:00,20.1,92,0.0,2.1,31,-1.0815799573111144,-1.8000513314744355
2015-03-19 23:00:00,19.8,93,0.0,3.6,45,-2.545584412271572,-2.545584412271571
2015-03-20 00:00:00,19.5,92,0.0,4.3,42,-2.87726160734309,-3.195522749552796
2015-03-20 01:00:00,19.3,90,0.0,3.8,49,-2.867896404846534,-2.4930243101639267
2015-03-20 02:00:00,19.1,89,0.0,3.3,41,-2.1649947956686737,-2.4905416147351476
2015-03-20 03:00:00,18.7,88,0.0,3.1,36,-1.822134282106667,-2.507952682562337
2015-03-20 04:00:00,17.9,88,0.0,3.5,24,-1.4235782507653003,-3.1974091017491033
2015-03-20 05:00:00,16.8,89,0.0,3.9,22,-1.460965714322058,-3.6160170328104706
2015-03-20 06:00:00,16.4,88,0.0,4.6,45,-3.2526911934581193,-3.252691193458118
2015-03-20 07:00:00,17.2,86,0.0,3.5,24,-1.4235782507653003,-3.1974091017491033
2015-03-20 08:00:00,21.2,79,0.0,3.7,11,-0.7059932828932151,-3.632020578756357
2015-03-20 09:00:00,23.0,72,0.0,4.9,324,2.8801477362331185,-3.9641832724372428
2015-03-20 10:00:00,24.5,69,0.0,6.1,298,5.385980316439454,-2.8637765329939335
2015-03-20 11:00:00,25.7,65,0.0,7.3,290,6.859756131737131,-2.4967470462773815
2015-03-20 12:00:00,26.3,64,0.0,7.6,289,7.185941174554808,-2.474317973874391
2015-03-20 13:00:00,26.5,65,0.0,8.0,288,7.608452130361228,-2.472135954999579
2015-03-20 14:00:00,26.4,67,0.0,8.1,291,7.5620014546273335,-2.902780391316932
2015-03-20 15:00:00,25.6,72,0.0,8.6,292,7.973781149274371,-3.221616703376843
2015-03-20 16:00:00,24.8,75,0.0,8.4,301,7.200205325897744,-4.326319829244455
2015-03-20 17:00:00,23.5,79,0.0,8.4,310,6.4347733221994154,-5.39941592136693
2015-03-20 18:00:00,21.8,86,0.0,5.9,322,3.6324027044213842,-4.64926344627966
2015-03-20 19:00:00,20.7,91,0.0,6.3,347,1.4171916423663489,-6.1385314081469815
2015-03-20 20:00:00,19.6,96,0.0,4.5,14,-1.088648530198505,-4.366330768241984
2015-03-20 21:00:00,19.4,95,0.0,3.6,37,-2.166534083347374,-2.875087836170254
2015-03-20 22:00:00,19.3,95,0.0,3.4,58,-2.8833635269318485,-1.8017254983928963
2015-03-20 23:00:00,18.9,96,0.0,3.8,49,-2.867896404846534,-2.4930243101639267
2015-03-21 00:00:00,18.8,95,0.0,4.6,39,-2.894873798829254,-3.5748714227020644
2015-03-21 01:00:00,18.7,94,0.0,5.4,37,-3.2498011250210608,-4.312631754255381
2015-03-21 02:00:00,18.2,93,0.0,5.4,37,-3.2498011250210608,-4.312631754255381
2015-03-21 03:00:00,18.5,89,0.0,5.1,39,-3.2095339943541727,-3.96344440343055
2015-03-21 04:00:00,17.4,89,0.0,5.4,48,-4.012982057577929,-3.6133052743378347
2015-03-21 05:00:00,16.8,87,0.0,4.9,54,-3.964183272437243,-2.880147736233118
2015-03-21 06:00:00,16.6,85,0.0,4.5,61,-3.9357886821272814,-2.181643291108516
2015-03-21 07:00:00,17.1,84,0.0,3.2,27,-1.4527695991665501,-2.851220877402777
2015-03-21 08:00:00,20.7,80,0.0,4.7,356,0.3278554265973886,-4.688551036221174
2015-03-21 09:00:00,22.5,75,0.0,6.5,326,3.634753872559854,-5.388744221607771
2015-03-21 10:00:00,23.7,72,0.0,7.1,315,5.020458146424487,-5.020458146424486
2015-03-21 11:00:00,24.4,70,0.0,8.0,306,6.47213595499958,-4.702282018339785
2015-03-21 12:00:00,25.2,68,0.0,8.8,305,7.208537989743128,-5.047472639889206
2015-03-21 13:00:00,25.2,70,0.0,9.0,307,7.187719590425635,-5.416335208368435
2015-03-21 14:00:00,25.3,70,0.0,10.2,309,7.926888806861102,-6.419067988708341
2015-03-21 15:00:00,24.9,74,0.0,10.2,315,7.212489168102785,-7.212489168102784
2015-03-21 16:00:00,23.9,77,0.0,9.4,320,6.04220353105347,-7.200817765318393
2015-03-21 17:00:00,22.5,81,0.0,8.9,328,4.716281451675524,-7.547628055792192
2015-03-21 18:00:00,21.1,85,0.0,7.4,337,2.8914103508206255,-6.811735915548059
2015-03-21 19:00:00,19.8,91,0.0,8.5,348,1.7672493719509554,-8.314254606237347
2015-03-21 20:00:00,19.0,93,0.0,9.1,7,-1.1090110249868392,-9.03216997993603
2015-03-21 21:00:00,18.2,95,0.0,8.4,10,-1.458644692402215,-8.272385125302547
2015-03-21 22:00:00,18.4,94,0.0,6.2,10,-1.0766187015349682,-6.10580806867569
2015-03-21 23:00:00,18.5,93,0.0,4.6,18,-1.4214781741247586,-4.3748599749577055
2015-03-22 00:00:00,18.3,94,0.0,3.7,29,-1.7937955949114464,-3.2360929164157652
2015-03-22 01:00:00,18.1,94,0.0,3.1,36,-1.822134282106667,-2.507952682562337
2015-03-22 02:00:00,18.0,93,0.1,3.1,36,-1.822134282106667,-2.507952682562337
2015-03-22 03:00:00,18.3,90,0.3,3.3,6,-0.3449439287832561,-3.281922254715302
2015-03-22 04:00:00,18.2,90,0.3,4.0,27,-1.8159619989581877,-3.564026096753471
2015-03-22 05:00:00,18.3,88,0.5,3.8,49,-2.867896404846534,-2.4930243101639267
2015-03-22 06:00:00,18.5,87,0.2,3.9,34,-2.1808523235359116,-3.233246532964663
2015-03-22 07:00:00,18.6,87,0.2,5.6,15,-1.4493866525741155,-5.4091846272187825
2015-03-22 08:00:00,19.5,87,0.5,5.8,360,3.5514757175273243e-16,-5.8
2015-03-22 09:00:00,20.7,84,0.0,5.6,345,1.4493866525741161,-5.4091846272187825
2015-03-22 10:00:00,21.5,83,0.0,7.4,331,3.587591189822895,-6.472185832831529
2015-03-22 11:00:00,22.7,77,0.0,8.6,327,4.683895701129233,-7.212566884330647
2015-03-22 12:00:00,23.4,74,0.2,9.4,320,6.04220353105347,-7.200817765318393
2015-03-22 13:00:00,24.1,72,0.0,10.0,319,6.560590289905073,-7.54709580222772
2015-03-22 14:00:00,24.3,71,0.1,9.2,321,5.789747597658504,-7.149742845404131
2015-03-22 15:00:00,23.5,71,0.0,10.0,319,6.560590289905073,-7.54709580222772
2015-03-22 16:00:00,22.9,72,0.2,10.6,325,6.079910225321089,-8.683011669463312
2015-03-22 17:00:00,21.8,74,0.0,9.1,326,5.088655421583796,-7.5442419102508795
2015-03-22 18:00:00,20.6,78,0.1,5.9,322,3.6324027044213842,-4.64926344627966
2015-03-22 19:00:00,19.5,84,0.2,5.1,321,3.209533994354171,-3.963444403430551
2015-03-22 20:00:00,18.6,90,0.5,3.6,323,2.1665340833473743,-2.875087836170254
2015-03-22 21:00:00,17.8,92,0.3,2.5,315,1.7677669529663689,-1.7677669529663687
2015-03-22 22:00:00,17.9,93,0.0,1.9,292,1.761649323676896,-0.7117525274902328
2015-03-22 23:00:00,17.8,93,0.2,1.1,342,0.3399186938124422,-1.0461621679246689
2015-03-23 00:00:00,17.7,95,0.3,0.7000000000000001,90,-0.7000000000000001,8.572527594031473e-17
2015-03-23 01:00:00,17.1,95,0.0,1.5,135,-1.0606601717798212,1.0606601717798214
2015-03-23 02:00:00,17.6,95,0.2,0.8,207,0.3631923997916375,0.7128052193506943
2015-03-23 03:00:00,17.7,91,0.4,0.7000000000000001,270,0.7000000000000001,0.0
2015-03-23 04:00:00,17.8,91,0.3,0.5,225,0.3535533905932738,0.35355339059327373
2015-03-23 05:00:00,17.6,92,0.3,0.4,90,-0.4,4.898587196589413e-17
2015-03-23 06:00:00,17.9,92,0.4,1.1,90,-1.1,1.3471114790620887e-16
2015-03-23 07:00:00,17.8,94,0.4,0.8,153,-0.36319239979163737,0.7128052193506944
2015-03-23 08:00:00,19.4,89,0.2,2.1,239,1.800051331474436,1.0815799573111138
2015-03-23 09:00:00,20.5,86,0.0,5.2,258,5.08636752381579,1.0811407922523486
2015-03-23 10:00:00,21.6,83,0.0,7.2,267,7.190132650232932,0.37681888494919563
2015-03-23 11:00:00,22.5,80,0.1,10.1,276,10.04467114321956,-1.0557374790033
2015-03-23 12:00:00,22.3,76,1.7000000000000002,12.9,293,11.874512609536481,-5.040431557511631
2015-03-23 13:00:00,22.5,77,1.0,14.1,320,9.063305296580205,-10.80122664797759
2015-03-23 14:00:00,21.6,82,0.6,16.4,341,5.339317733097371,-15.506504639828792
2015-03-23 15:00:00,18.2,99,0.7000000000000001,15.5,347,3.486741342329906,-15.102736004171147
2015-03-23 16:00:00,17.2,99,0.5,16.2,347,3.6442070803706117,-15.78479504952081
2015-03-23 17:00:00,16.4,97,0.3,16.2,356,1.1300548746548287,-16.16053761420915
2015-03-23 18:00:00,15.6,96,0.2,14.1,4,-0.9835662797921707,-14.06565310866352
2015-03-23 19:00:00,15.2,96,0.0,13.8,9,-2.1587956175551883,-13.6300991002129
2015-03-23 20:00:00,15.2,95,0.2,9.0,29,-4.3632865822170315,-7.871577364254564
2015-03-23 21:00:00,15.5,93,0.3,5.6,50,-4.289848881466277,-3.5996106142446194
2015-03-23 22:00:00,15.4,93,0.2,4.7,32,-2.490620541896064,-3.9858260519352022
2015-03-23 23:00:00,15.8,91,0.3,6.0,17,-1.7542302283364226,-5.7378285357782115
2015-03-24 00:00:00,17.1,84,0.4,7.9,360,4.837354856632045e-16,-7.9
2015-03-24 01:00:00,16.6,87,0.0,10.5,8,-1.4613175600806911,-10.397814721786487
2015-03-24 02:00:00,16.5,88,0.0,8.3,18,-2.564841053312065,-7.893769085249775
2015-03-24 03:00:00,16.4,88,0.0,6.2,21,-2.2218812871808646,-5.78819864428265
2015-03-24 04:00:00,16.6,87,0.2,5.2,25,-2.197614961051636,-4.71280049259058
2015-03-24 05:00:00,16.6,87,0.0,4.0,27,-1.8159619989581877,-3.564026096753471
2015-03-24 06:00:00,16.8,85,0.0,3.9,34,-2.1808523235359116,-3.233246532964663
2015-03-24 07:00:00,17.1,86,0.0,4.5,14,-1.088648530198505,-4.366330768241984
2015-03-24 08:00:00,18.5,85,0.0,5.5,349,1.049449474570997,-5.3989495089621515
2015-03-24 09:00:00,20.2,81,0.0,7.1,336,2.8878301658381815,-6.486172749262466
2015-03-24 10:00:00,21.4,78,0.0,8.2,331,3.975438886019964,-7.171881598543044
2015-03-24 11:00:00,22.8,73,0.0,7.4,321,4.656970893768798,-5.750880114781585
2015-03-24 12:00:00,23.3,72,0.4,8.3,304,6.881011852206846,-4.6413010988072
2015-03-24 13:00:00,23.3,73,0.9,10.0,311,7.54709580222772,-6.560590289905073
2015-03-24 14:00:00,22.7,74,1.1,10.4,326,5.815606196095767,-8.621990754572435
2015-03-24 15:00:00,21.9,79,2.3,8.8,325,5.0474726398892065,-7.208537989743128
2015-03-24 16:00:00,20.9,84,0.7000000000000001,8.1,328,4.29234604028896,-6.86918957886705
2015-03-24 17:00:00,20.1,89,0.8,7.5,325,4.301823272632846,-6.143640332167439
2015-03-24 18:00:00,19.2,91,0.7000000000000001,5.4,340,1.8469087739586119,-5.074340152243905
2015-03-24 19:00:00,18.0,97,0.6,5.8,330,2.9000000000000004,-5.0229473419497435
2015-03-24 20:00:00,17.6,98,0.7000000000000001,4.0,333,1.8159619989581872,-3.564026096753471
2015-03-24 21:00:00,17.2,98,1.0,3.2,333,1.45276959916655,-2.851220877402777
2015-03-24 22:00:00,17.1,98,0.9,2.4,333,1.0895771993749124,-2.138415658052083
2015-03-24 23:00:00,16.5,98,0.7000000000000001,2.2,360,1.3471114790620887e-16,-2.2
2015-03-25 00:00:00,16.5,97,0.8,3.3,6,-0.3449439287832561,-3.281922254715302
2015-03-25 01:00:00,16.7,96,1.2,3.7,29,-1.7937955949114464,-3.2360929164157652
2015-03-25 02:00:00,16.1,98,1.2,2.9,7,-0.35342109587492676,-2.878383839759834
2015-03-25 03:00:00,16.1,96,0.3,3.6,354,0.3763024677635525,-3.580278823325784
2015-03-25 04:00:00,15.6,97,0.3,5.8,7,-0.7068421917498535,-5.756767679519668
2015-03-25 05:00:00,15.4,97,0.3,5.2,12,-1.0811407922523508,-5.086367523815789
2015-03-25 06:00:00,15.5,96,0.4,4.0,63,-3.5640260967534716,-1.8159619989581868
2015-03-25 07:00:00,15.7,96,0.4,2.9,7,-0.35342109587492676,-2.878383839759834
2015-03-25 08:00:00,17.2,92,0.5,4.6,342,1.4214781741247582,-4.3748599749577055
2015-03-25 09:00:00,17.9,92,0.4,7.5,343,2.192787785420526,-7.172285669722766
2015-03-25 10:00:00,19.1,88,0.3,8.7,343,2.5436338310878095,-8.319851376878407
2015-03-25 11:00:00,19.6,88,0.4,9.5,335,4.014873486536644,-8.609923976848174
2015-03-25 12:00:00,19.6,88,0.6,11.0,328,5.829111906565254,-9.328529057720685
2015-03-25 13:00:00,19.3,88,0.6,11.4,336,4.636797731064123,-10.41441821712565
2015-03-25 14:00:00,18.8,90,0.6,11.6,338,4.345436483624579,-10.755332712974734
2015-03-25 15:00:00,19.0,86,0.7000000000000001,10.7,340,3.659615533584656,-10.054711042409219
2015-03-25 16:00:00,18.3,90,0.3,10.3,348,2.1414904154229224,-10.074920287558198
2015-03-25 17:00:00,18.0,91,0.4,9.6,340,3.2833933759264204,-9.02104915954472
2015-03-25 18:00:00,17.3,93,0.3,7.6,355,0.6623836448822018,-7.571079705497266
2015-03-25 19:00:00,17.0,95,1.0,9.0,355,0.7844016847289232,-8.96575228282571
2015-03-25 20:00:00,16.8,95,0.8,8.3,18,-2.564841053312065,-7.893769085249775
2015-03-25 21:00:00,16.5,96,0.7000000000000001,5.5,11,-1.0494494745709955,-5.3989495089621515
2015-03-25 22:00:00,16.3,96,1.2,3.6,37,-2.166534083347374,-2.875087836170254
2015-03-25 23:00:00,16.6,94,0.9,3.2,333,1.45276959916655,-2.851220877402777
2015-03-26 00:00:00,16.7,93,1.5,2.9,360,1.7757378587636622e-16,-2.9
2015-03-26 01:00:00,16.2,96,1.3,2.9,60,-2.5114736709748717,-1.4500000000000002
2015-03-26 02:00:00,17.0,92,1.8,2.6,34,-1.453901549023941,-2.1554976886431088
2015-03-26 03:00:00,16.2,91,0.7000000000000001,4.3,5,-0.37476969381493047,-4.283637201794505
2015-03-26 04:00:00,16.7,89,0.3,4.6,39,-2.894873798829254,-3.5748714227020644
2015-03-26 05:00:00,16.4,91,0.3,4.6,18,-1.4214781741247586,-4.3748599749577055
2015-03-26 06:00:00,15.9,93,0.3,3.2,27,-1.4527695991665501,-2.851220877402777
2015-03-26 07:00:00,16.1,94,0.2,4.1,15,-1.0611580849203346,-3.96029588778518
2015-03-26 08:00:00,17.8,92,0.2,5.1,356,0.35575801609503865,-5.087576656325103
2015-03-26 09:00:00,18.4,94,0.2,7.1,345,1.8376152202278973,-6.858073366652385
2015-03-26 10:00:00,19.6,91,0.2,8.9,339,3.1894747509531736,-8.308865795825096
2015-03-26 11:00:00,19.6,91,0.2,9.2,329,4.738350289172498,-7.8859391664594325
2015-03-26 12:00:00,19.9,91,0.6,8.8,325,5.0474726398892065,-7.208537989743128
2015-03-26 13:00:00,19.2,92,0.5,10.0,322,6.156614753256583,-7.88010753606722
2015-03-26 14:00:00,19.3,94,0.6,10.0,330,5.000000000000001,-8.660254037844386
2015-03-26 15:00:00,19.0,92,0.8,9.7,338,3.633683956134346,-8.993683389297837
2015-03-26 16:00:00,18.5,95,0.6,9.3,347,2.092044805397944,-9.06164160250269
2015-03-26 17:00:00,18.0,97,0.4,9.0,344,2.4807362023529924,-8.65135526344487
2015-03-26 18:00:00,17.8,97,0.4,6.9,354,0.7212463965468089,-6.862201078041086
2015-03-26 19:00:00,17.4,98,0.4,6.9,9,-1.0793978087775942,-6.81504955010645
2015-03-26 20:00:00,17.2,98,0.3,6.0,17,-1.7542302283364226,-5.7378285357782115
2015-03-26 21:00:00,17.1,98,0.5,4.0,355,0.34862297099063255,-3.984778792366982
2015-03-26 22:00:00,16.9,98,0.2,4.0,350,0.6945927106677217,-3.939231012048832
2015-03-26 23:00:00,16.7,98,0.0,4.0,355,0.34862297099063255,-3.984778792366982
2015-03-27 00:00:00,16.3,99,0.2,4.3,5,-0.37476969381493047,-4.283637201794505
2015-03-27 01:00:00,16.2,99,0.1,4.7,4,-0.32785542659739025,-4.688551036221174
2015-03-27 02:00:00,16.1,98,0.2,4.8,27,-2.179154398749825,-4.276831316104166
2015-03-27 03:00:00,16.0,98,0.0,4.9,36,-2.880147736233119,-3.9641832724372423
2015-03-27 04:00:00,15.4,98,0.0,5.5,32,-2.9145559532826275,-4.664264528860342
2015-03-27 05:00:00,15.1,98,0.0,6.1,28,-2.8637765329939335,-5.385980316439454
2015-03-27 06:00:00,15.0,98,0.0,7.3,33,-3.9758649556096968,-6.122295146001595
2015-03-27 07:00:00,15.8,98,0.2,7.4,23,-2.8914103508206264,-6.811735915548058
2015-03-27 08:00:00,17.6,94,0.2,8.0,8,-1.1133848076805266,-7.922144549932562
2015-03-27 09:00:00,18.5,89,0.3,8.3,5,-0.7233926648055635,-8.268415994161488
2015-03-27 10:00:00,19.4,86,0.3,8.8,12,-1.8296228791962863,-8.60769888645749
2015-03-27 11:00:00,19.3,88,0.2,9.7,360,5.939536975864663e-16,-9.7
2015-03-27 12:00:00,19.8,86,0.3,9.7,356,0.6766377953180147,-9.676371287520293
2015-03-27 13:00:00,19.8,86,0.5,10.5,356,0.732442974313315,-10.474422527728153
2015-03-27 14:00:00,20.0,85,1.2,11.9,355,1.0371533386971319,-11.854716907291772
2015-03-27 15:00:00,21.1,85,0.0,13.0,360,7.960204194457795e-16,-13.0
2015-03-27 16:00:00,21.0,82,0.0,12.6,360,7.715274834628325e-16,-12.6
2015-03-27 17:00:00,20.4,83,0.0,11.5,360,7.041719095097281e-16,-11.5
2015-03-27 18:00:00,19.1,88,0.0,8.6,360,5.265981236333618e-16,-8.6
2015-03-27 19:00:00,17.6,93,0.0,10.1,17,-2.9529542176996446,-9.658678035226657
2015-03-27 20:00:00,16.5,95,0.0,8.7,30,-4.350000000000003,-7.534421012924613
2015-03-27 21:00:00,16.3,92,0.0,7.7,37,-4.6339756782707715,-6.149493427364155
2015-03-27 22:00:00,16.5,89,0.0,7.1,49,-5.358438019581682,-4.6580191058326
2015-03-27 23:00:00,17.2,85,0.0,5.9,47,-4.314986839553106,-4.023790324368741
2015-03-28 00:00:00,17.3,83,0.0,4.8,48,-3.5670951622914924,-3.2118269105225195
2015-03-28 01:00:00,17.1,81,0.0,4.3,48,-3.195522749552795,-2.8772616073430903
2015-03-28 02:00:00,17.3,79,0.0,3.8,49,-2.867896404846534,-2.4930243101639267
2015-03-28 03:00:00,17.4,78,0.0,3.8,49,-2.867896404846534,-2.4930243101639267
2015-03-28 04:00:00,17.3,76,0.0,3.6,45,-2.545584412271572,-2.545584412271571
2015-03-28 05:00:00,17.3,74,0.0,3.3,41,-2.1649947956686737,-2.4905416147351476
2015-03-28 06:00:00,17.1,73,0.0,3.8,41,-2.4930243101639276,-2.8678964048465336
2015-03-28 07:00:00,17.1,74,0.0,3.9,22,-1.460965714322058,-3.6160170328104706
2015-03-28 08:00:00,19.2,72,0.0,5.2,12,-1.0811407922523508,-5.086367523815789
2015-03-28 09:00:00,20.7,69,0.0,5.8,353,0.7068421917498554,-5.756767679519667
2015-03-28 10:00:00,21.7,69,0.0,7.0,339,2.5085756468171025,-6.535062985480412
2015-03-28 11:00:00,22.4,69,0.0,7.5,325,4.301823272632846,-6.143640332167439
2015-03-28 12:00:00,23.1,68,0.0,7.2,323,4.333068166694749,-5.750175672340508
2015-03-28 13:00:00,23.3,68,0.0,7.1,319,4.658019105832602,-5.358438019581681
2015-03-28 14:00:00,23.4,68,0.0,7.9,317,5.387787044493738,-5.777694242791447
2015-03-28 15:00:00,23.3,71,0.0,7.7,323,4.633975678270772,-6.149493427364155
2015-03-28 16:00:00,22.5,74,0.0,7.0,325,4.015035054457323,-5.7340643100229425
2015-03-28 17:00:00,21.7,77,0.0,6.0,327,3.2678342100901627,-5.032023407672544
2015-03-28 18:00:00,20.7,80,0.0,5.6,333,2.542346798541462,-4.989636535454859
2015-03-28 19:00:00,18.9,90,0.0,4.7,23,-1.836436303899587,-4.326372811226469
2015-03-28 20:00:00,17.8,91,0.0,4.1,52,-3.23084408978756,-2.5242120488351985
2015-03-28 21:00:00,16.6,92,0.0,3.8,73,-3.6339580726595346,-1.1110124779463997
2015-03-28 22:00:00,14.7,97,0.0,3.1,69,-2.8940993221413254,-1.1109406435904314
2015-03-28 23:00:00,14.1,97,0.0,2.3,129,-1.7874357113510329,1.4474368994146258
2015-03-29 00:00:00,13.9,94,0.0,4.7,157,-1.8364363038995868,4.326372811226469
2015-03-29 01:00:00,13.7,92,0.0,4.7,157,-1.8364363038995868,4.326372811226469
2015-03-29 02:00:00,13.7,89,0.0,3.6,174,-0.3763024677635528,3.580278823325784
2015-03-29 03:00:00,18.4,71,0.0,0.8,243,0.7128052193506944,0.3631923997916374
2015-03-29 04:00:00,18.0,71,0.0,1.5,346,0.3628828433995015,-1.4554435894139948
2015-03-29 05:00:00,17.4,72,0.0,2.3,39,-1.447436899414627,-1.7874357113510322
2015-03-29 06:00:00,16.1,75,0.0,4.2,70,-3.9467090073008158,-1.4364846019678084
2015-03-29 07:00:00,17.0,76,0.0,2.8,40,-1.7998053071223103,-2.144924440733138
2015-03-29 08:00:00,20.0,72,0.0,2.6,326,1.4539015490239418,-2.1554976886431088
2015-03-29 09:00:00,21.3,72,0.0,4.5,284,4.366330768241984,-1.0886485301985047
2015-03-29 10:00:00,22.3,73,0.0,5.8,266,5.78587149150698,0.40458754771592675
2015-03-29 11:00:00,23.5,71,0.0,6.5,264,6.4643923198937765,0.6794350112397476
2015-03-29 12:00:00,24.1,70,0.0,7.9,270,7.9,0.0
2015-03-29 13:00:00,24.6,70,0.0,8.0,278,7.922144549932563,-1.1133848076805235
2015-03-29 14:00:00,23.9,73,0.0,9.0,286,8.65135526344487,-2.4807362023529924
2015-03-29 15:00:00,23.0,77,0.0,8.9,297,7.929958065276475,-4.040515447681966
2015-03-29 16:00:00,22.4,77,0.0,8.1,302,6.86918957886705,-4.29234604028896
2015-03-29 17:00:00,21.6,79,0.0,6.9,309,5.3623071340531,-4.342310698243878
2015-03-29 18:00:00,20.7,81,0.0,4.8,318,3.2118269105225195,-3.5670951622914924
2015-03-29 19:00:00,19.8,88,0.0,4.6,321,2.894873798829252,-3.5748714227020657
2015-03-29 20:00:00,19.6,86,0.0,1.9,338,0.7117525274902327,-1.761649323676896
2015-03-29 21:00:00,19.1,88,0.0,1.0,45,-0.7071067811865477,-0.7071067811865475
2015-03-29 22:00:00,16.8,96,0.0,1.9,112,-1.7616493236768958,0.7117525274902332
2015-03-29 23:00:00,16.1,97,0.0,0.8,117,-0.7128052193506943,0.36319239979163753
2015-03-30 00:00:00,16.1,95,0.0,1.5,76,-1.4554435894139948,-0.3628828433995013
2015-03-30 01:00:00,16.3,94,0.0,2.3,51,-1.7874357113510326,-1.4474368994146265
2015-03-30 02:00:00,16.6,90,0.0,2.6,56,-2.1554976886431088,-1.4539015490239415
2015-03-30 03:00:00,18.8,82,0.0,3.2,63,-2.8512208774027776,-1.4527695991665495
2015-03-30 04:00:00,18.3,83,0.0,3.9,68,-3.616017032810471,-1.460965714322057
2015-03-30 05:00:00,19.0,79,0.0,3.1,36,-1.822134282106667,-2.507952682562337
2015-03-30 06:00:00,18.7,80,0.0,4.3,48,-3.195522749552795,-2.8772616073430903
2015-03-30 07:00:00,17.6,87,0.0,3.9,56,-3.233246532964663,-2.180852323535912
2015-03-30 08:00:00,20.7,76,0.0,3.1,36,-1.822134282106667,-2.507952682562337
2015-03-30 09:00:00,22.3,72,0.0,2.2,351,0.34415582308850806,-2.1729143493093033
2015-03-30 10:00:00,23.6,70,0.0,3.2,270,3.2,0.0
2015-03-30 11:00:00,24.7,70,0.0,6.6,257,6.430842427582553,1.484676958669509
2015-03-30 12:00:00,25.5,69,0.0,9.2,259,9.030970087718508,1.755442757464212
2015-03-30 13:00:00,25.8,69,0.0,9.8,264,9.746314574609078,1.0243789400230041
2015-03-30 14:00:00,26.0,69,0.0,9.0,268,8.994517443171862,0.31409547032250873
2015-03-30 15:00:00,24.4,78,0.0,7.6,275,7.571079705497266,-0.662383644882202
2015-03-30 16:00:00,24.0,80,0.0,5.2,282,5.08636752381579,-1.0811407922523486
2015-03-30 17:00:00,23.5,81,0.0,4.1,285,3.96029588778518,-1.061158084920335
2015-03-30 18:00:00,22.8,83,0.0,3.7,299,3.2360929164157644,-1.7937955949114472
2015-03-30 19:00:00,21.7,91,0.0,2.5,315,1.7677669529663689,-1.7677669529663687
2015-03-30 20:00:00,21.6,87,0.0,0.8,63,-0.7128052193506944,-0.36319239979163737
2015-03-30 21:00:00,21.3,89,0.0,2.3,108,-2.1874299874788528,0.7107390870623792
2015-03-30 22:00:00,20.7,90,0.0,1.8,101,-1.7669289302057951,0.34345619167778096
2015-03-30 23:00:00,19.4,93,0.0,2.2,90,-2.2,2.6942229581241775e-16
2015-03-31 00:00:00,17.2,97,0.0,2.5,82,-2.475670171853926,-0.3479327524001638
2015-03-31 01:00:00,16.5,97,0.0,2.5,82,-2.475670171853926,-0.3479327524001638
2015-03-31 02:00:00,15.8,99,0.0,3.3,77,-3.2154212137912763,-0.7423384793347544
2015-03-31 03:00:00,15.5,97,0.0,2.6,74,-2.499280409439629,-0.7166571251241974
2015-03-31 04:00:00,15.6,94,0.0,2.4,63,-2.138415658052083,-1.089577199374912
2015-03-31 05:00:00,15.6,92,0.0,2.6,74,-2.499280409439629,-0.7166571251241974
2015-03-31 06:00:00,15.5,90,0.0,3.1,69,-2.8940993221413254,-1.1109406435904314
2015-03-31 07:00:00,16.7,92,0.0,3.8,73,-3.6339580726595346,-1.1110124779463997
2015-03-31 08:00:00,22.0,77,0.0,2.2,99,-2.172914349309303,0.3441558230885082
2015-03-31 09:00:00,24.0,69,0.0,3.6,217,2.1665340833473743,2.875087836170254
2015-03-31 10:00:00,25.1,68,0.0,7.1,221,4.658019105832602,5.358438019581681
2015-03-31 11:00:00,26.0,67,0.0,9.0,217,5.4163352083684355,7.187719590425635
2015-03-31 12:00:00,26.7,64,0.0,10.4,214,5.815606196095767,8.621990754572435
2015-03-31 13:00:00,27.2,63,0.0,11.9,215,6.8255595925774495,9.747909327039002
2015-03-31 14:00:00,27.2,63,0.0,14.1,218,8.680826802091781,11.11095162585478
2015-03-31 15:00:00,26.9,67,0.0,14.8,219,9.313941787537596,11.50176022956317
2015-03-31 16:00:00,26.2,71,0.0,12.0,219,7.55184469259805,9.32575153748365
2015-03-31 17:00:00,25.5,74,0.0,8.3,214,4.641301098807199,6.881011852206847
2015-03-31 18:00:00,24.5,82,0.0,6.0,213,3.2678342100901627,5.032023407672544
2015-03-31 19:00:00,24.3,77,0.0,4.6,198,1.4214781741247582,4.3748599749577055
2015-03-31 20:00:00,23.3,80,0.0,5.1,141,-3.20953399435417,3.963444403430552
2015-03-31 21:00:00,22.6,80,0.0,4.9,144,-2.880147736233118,3.9641832724372428
2015-03-31 22:00:00,19.5,91,0.0,5.9,137,-4.023790324368741,4.314986839553106
2015-03-31 23:00:00,17.7,96,0.0,4.8,138,-3.2118269105225195,3.5670951622914924
2015-04-01 00:00:00,17.2,95,0.0,3.1,159,-1.1109406435904308,2.8940993221413254
2015-04-01 01:00:00,16.7,92,0.0,2.5,180,1.5308084989341916e-16,2.5
2015-04-01 02:00:00,16.3,90,0.0,3.5,156,-1.423578250765301,3.197409101749103
2015-04-01 03:00:00,16.9,87,0.0,4.6,129,-3.5748714227020657,2.8948737988292517
2015-04-01 04:00:00,17.9,79,0.0,3.0,194,0.725765686799003,2.9108871788279895
2015-04-01 05:00:00,18.5,75,0.0,1.8,217,1.0832670416736871,1.437543918085127
2015-04-01 06:00:00,17.1,81,0.0,6.7,106,-6.440453362786736,1.8467702839738949
2015-04-01 07:00:00,18.3,84,0.0,5.5,122,-4.664264528860342,2.914555953282627
2015-04-01 08:00:00,23.4,69,0.0,3.6,143,-2.1665340833473743,2.8750878361702537
2015-04-01 09:00:00,25.4,58,0.0,4.6,219,2.894873798829252,3.5748714227020657
2015-04-01 10:00:00,26.7,57,0.0,8.0,234,6.47213595499958,4.702282018339785
2015-04-01 11:00:00,27.4,59,0.0,10.0,244,8.98794046299167,4.383711467890774
2015-04-01 12:00:00,27.7,63,0.0,10.0,244,8.98794046299167,4.383711467890774
2015-04-01 13:00:00,27.6,67,0.0,10.8,244,9.706975700031006,4.734408385322037
2015-04-01 14:00:00,27.7,68,0.0,11.8,247,10.861957270738797,4.610627316173431
2015-04-01 15:00:00,26.6,75,0.0,10.8,244,9.706975700031006,4.734408385322037
2015-04-01 16:00:00,26.2,77,0.0,9.8,246,8.95274548489749,3.9860191021428424
2015-04-01 17:00:00,25.6,78,0.0,7.0,235,5.7340643100229425,4.015035054457322
2015-04-01 18:00:00,24.8,81,0.0,4.9,253,4.685893304218874,1.4326213531414103
2015-04-01 19:00:00,22.7,92,0.0,5.3,242,4.679622242152313,2.4881992827652213
2015-04-01 20:00:00,22.4,90,0.0,4.8,193,1.0797650608505516,4.676976310969129
2015-04-01 21:00:00,20.8,95,0.0,6.0,163,-1.75423022833642,5.737828535778213
2015-04-01 22:00:00,19.2,98,0.0,5.2,155,-2.1976149610516367,4.71280049259058
2015-04-01 23:00:00,18.4,97,0.0,4.8,153,-2.179154398749824,4.276831316104166
2015-04-02 00:00:00,17.1,98,0.0,5.3,152,-2.4881992827652217,4.679622242152313
2015-04-02 01:00:00,16.5,95,0.0,4.8,153,-2.179154398749824,4.276831316104166
2015-04-02 02:00:00,16.1,92,0.0,4.2,160,-1.4364846019678086,3.9467090073008158
2015-04-02 03:00:00,18.1,89,0.0,3.8,163,-1.1110124779463992,3.633958072659535
2015-04-02 04:00:00,17.4,87,0.0,3.9,158,-1.4609657143220571,3.616017032810471
2015-04-02 05:00:00,16.7,85,0.0,3.5,156,-1.423578250765301,3.197409101749103
2015-04-02 06:00:00,15.7,85,0.0,3.2,153,-1.4527695991665495,2.8512208774027776
2015-04-02 07:00:00,17.6,85,0.0,2.9,173,-0.35342109587492737,2.878383839759834
2015-04-02 08:00:00,23.0,68,0.0,5.2,192,1.0811407922523493,5.086367523815789
2015-04-02 09:00:00,25.0,62,0.0,8.0,207,3.6319239979163744,7.128052193506942
2015-04-02 10:00:00,26.2,61,0.0,10.2,212,5.40517649517869,8.650090580795544
2015-04-02 11:00:00,27.2,61,0.0,12.0,221,7.872708347886087,9.056514962673264
2015-04-02 12:00:00,27.7,61,0.0,13.3,221,8.725585085573748,10.037637416962868
2015-04-02 13:00:00,28.1,62,0.0,15.0,222,10.036959095382873,11.147172382160914
2015-04-02 14:00:00,28.1,63,0.0,15.8,223,10.775574088987476,11.555388485582894
2015-04-02 15:00:00,27.5,67,0.0,15.1,220,9.706092906266743,11.567271091096568
2015-04-02 16:00:00,26.9,68,0.0,13.3,218,8.188297621831255,10.480543022969403
2015-04-02 17:00:00,26.1,72,0.0,10.5,221,6.888619804400326,7.924450592339106
2015-04-02 18:00:00,24.8,76,0.0,7.9,223,5.387787044493738,5.777694242791447
2015-04-02 19:00:00,22.7,85,0.0,8.3,182,0.289665822630759,8.294943864258496
2015-04-02 20:00:00,21.0,87,0.0,9.3,164,-2.5634274090980913,8.939733772226367
2015-04-02 21:00:00,20.4,84,0.0,9.2,159,-3.296985135816762,8.588939923774255
2015-04-02 22:00:00,19.9,82,0.0,9.0,157,-3.5165801564034638,8.284543681071963
2015-04-02 23:00:00,19.4,80,0.0,8.1,159,-2.902780391316932,7.5620014546273335
2015-04-03 00:00:00,18.9,77,0.0,7.5,163,-2.192787785420525,7.172285669722767
2015-04-03 01:00:00,18.2,75,0.0,7.2,162,-2.224922359499621,6.847606917325106
2015-04-03 02:00:00,17.2,75,0.0,7.2,162,-2.224922359499621,6.847606917325106
2015-04-03 03:00:00,14.8,83,0.0,6.7,164,-1.8467702839738938,6.440453362786736
2015-04-03 04:00:00,14.4,81,0.0,5.9,169,-1.1257730727216144,5.791600382341218
2015-04-03 05:00:00,14.1,77,0.0,5.2,168,-1.0811407922523486,5.08636752381579
2015-04-03 06:00:00,14.0,76,0.0,5.2,155,-2.1976149610516367,4.71280049259058
2015-04-03 07:00:00,15.9,82,0.0,5.4,160,-1.8469087739586112,5.074340152243906
2015-04-03 08:00:00,23.0,61,0.0,5.8,173,-0.7068421917498547,5.756767679519668
2015-04-03 09:00:00,25.6,45,0.0,9.2,211,4.738350289172498,7.8859391664594325
2015-04-03 10:00:00,26.7,48,0.0,10.1,215,5.793122007145566,8.273435647318816
2015-04-03 11:00:00,27.6,51,0.0,10.7,220,6.877827423645971,8.196675541373065
2015-04-03 12:00:00,28.3,52,0.0,11.2,222,7.494262791219212,8.323222045346816
2015-04-03 13:00:00,28.7,53,0.0,11.2,222,7.494262791219212,8.323222045346816
2015-04-03 14:00:00,28.9,54,0.0,11.5,221,7.544678833390834,8.679160172561879
2015-04-03 15:00:00,28.4,61,0.0,11.2,222,7.494262791219212,8.323222045346816
2015-04-03 16:00:00,27.8,65,0.0,10.7,225,7.566042558696059,7.566042558696057
2015-04-03 17:00:00,26.9,69,0.0,8.7,228,6.46535998165333,5.821436275322066
2015-04-03 18:00:00,25.4,76,0.0,7.4,227,5.412017391981862,5.046787864462489
2015-04-03 19:00:00,23.3,84,0.0,7.9,183,0.41345405431925736,7.889173324561134
2015-04-03 20:00:00,23.2,80,0.0,8.0,170,-1.3891854213354424,7.878462024097664
2015-04-03 21:00:00,23.0,80,0.0,6.7,164,-1.8467702839738938,6.440453362786736
2015-04-03 22:00:00,22.4,80,0.0,6.6,158,-2.4724035165450196,6.1194134401407965
2015-04-03 23:00:00,21.3,80,0.0,6.9,152,-3.2393537832226476,6.092338390726596
2015-04-04 00:00:00,20.7,78,0.0,6.1,152,-2.8637765329939344,5.385980316439453
2015-04-04 01:00:00,19.6,77,0.0,4.5,166,-1.088648530198505,4.366330768241984
2015-04-04 02:00:00,18.4,77,0.0,3.3,174,-0.3449439287832567,3.2819222547153015
2015-04-04 03:00:00,17.9,76,0.0,3.5,156,-1.423578250765301,3.197409101749103
2015-04-04 04:00:00,17.1,76,0.0,3.6,143,-2.1665340833473743,2.8750878361702537
2015-04-04 05:00:00,16.2,77,0.0,4.2,160,-1.4364846019678086,3.9467090073008158
2015-04-04 06:00:00,15.4,77,0.0,2.5,180,1.5308084989341916e-16,2.5
2015-04-04 07:00:00,17.3,78,0.0,1.8,169,-0.34345619167778063,1.7669289302057951
2015-04-04 08:00:00,23.4,62,0.0,2.9,210,1.4500000000000002,2.5114736709748717
2015-04-04 09:00:00,25.1,59,0.0,6.7,234,5.420413862312148,3.93816119035957
2015-04-04 10:00:00,26.1,61,0.0,8.4,239,7.200205325897744,4.326319829244455
2015-04-04 11:00:00,26.9,63,0.0,10.2,247,9.389149505214892,3.9854575105905923
2015-04-04 12:00:00,27.4,64,0.0,11.0,247,10.125553387976844,4.298042413382012
2015-04-04 13:00:00,27.6,65,0.0,11.7,236,9.699739598893986,6.542556970607738
2015-04-04 14:00:00,27.9,65,0.0,11.5,238,9.7525531057989,6.094071538681856
2015-04-04 15:00:00,27.9,67,0.0,11.0,238,9.328529057720685,5.829111906565254
2015-04-04 16:00:00,27.2,70,0.0,10.2,238,8.650090580795544,5.40517649517869
2015-04-04 17:00:00,26.4,74,0.0,7.1,240,6.148780366869515,3.5499999999999994
2015-04-04 18:00:00,25.4,78,0.0,5.2,245,4.7128004925905795,2.197614961051637
2015-04-04 19:00:00,24.3,82,0.0,5.2,192,1.0811407922523493,5.086367523815789
2015-04-04 20:00:00,23.8,82,0.0,5.8,158,-2.17271824181229,5.377666356487367
2015-04-04 21:00:00,23.4,83,0.0,4.8,153,-2.179154398749824,4.276831316104166
2015-04-04 22:00:00,22.9,83,0.0,4.4,171,-0.6883116461770157,4.3458286986186065
2015-04-04 23:00:00,22.6,85,0.0,0.8,207,0.3631923997916375,0.7128052193506943
2015-04-05 00:00:00,21.7,88,0.0,2.8,50,-2.1449244407331385,-1.7998053071223097
2015-04-05 01:00:00,21.4,90,0.0,3.3,49,-2.490541614735148,-2.1649947956686733
2015-04-05 02:00:00,21.2,91,0.0,3.3,49,-2.490541614735148,-2.1649947956686733
2015-04-05 03:00:00,21.1,84,0.0,3.3,49,-2.490541614735148,-2.1649947956686733
2015-04-05 04:00:00,21.4,85,0.0,3.9,56,-3.233246532964663,-2.180852323535912
2015-04-05 05:00:00,21.4,87,0.0,4.2,59,-3.600102662948872,-2.1631599146222276
2015-04-05 06:00:00,21.3,90,0.0,5.2,65,-4.71280049259058,-2.1976149610516362
2015-04-05 07:00:00,21.9,90,0.0,4.7,58,-3.9858260519352027,-2.4906205418960625
2015-04-05 08:00:00,23.8,84,0.0,5.8,360,3.5514757175273243e-16,-5.8
2015-04-05 09:00:00,25.2,79,0.0,6.3,336,2.5624408513775414,-5.755336383148386
2015-04-05 10:00:00,26.3,76,0.0,7.5,325,4.301823272632846,-6.143640332167439
2015-04-05 11:00:00,27.1,74,0.0,8.9,320,5.7208097262102005,-6.817795543758905
2015-04-05 12:00:00,27.3,74,0.0,8.9,320,5.7208097262102005,-6.817795543758905
2015-04-05 13:00:00,26.8,76,0.6,7.9,321,4.971631089293717,-6.139453095510071
2015-04-05 14:00:00,26.7,76,0.5,8.5,324,4.996174644486022,-6.876644452187053
2015-04-05 15:00:00,26.3,76,0.4,8.7,330,4.3500000000000005,-7.534421012924615
2015-04-05 16:00:00,26.2,75,0.0,7.4,337,2.8914103508206255,-6.811735915548059
2015-04-05 17:00:00,25.7,76,0.0,5.8,338,2.1727182418122895,-5.377666356487367
2015-04-05 18:00:00,24.7,79,0.0,6.8,335,2.873804179836756,-6.162892951849219
2015-04-05 19:00:00,23.3,89,0.0,7.0,348,1.4553818357243162,-6.847033205136639
2015-04-05 20:00:00,23.0,86,0.0,4.8,27,-2.179154398749825,-4.276831316104166
2015-04-05 21:00:00,23.1,85,0.0,3.6,37,-2.166534083347374,-2.875087836170254
2015-04-05 22:00:00,22.8,86,0.0,2.8,50,-2.1449244407331385,-1.7998053071223097
2015-04-05 23:00:00,22.5,86,0.0,3.1,69,-2.8940993221413254,-1.1109406435904314
2015-04-06 00:00:00,22.3,88,0.0,4.5,61,-3.9357886821272814,-2.181643291108516
2015-04-06 01:00:00,22.1,89,0.0,5.6,63,-4.98963653545486,-2.542346798541461
2015-04-06 02:00:00,21.9,89,0.0,5.6,63,-4.98963653545486,-2.542346798541461
2015-04-06 03:00:00,22.2,85,0.0,4.7,67,-4.32637281122647,-1.8364363038995857
2015-04-06 04:00:00,22.0,86,0.0,3.9,68,-3.616017032810471,-1.460965714322057
2015-04-06 05:00:00,21.8,87,0.0,4.0,63,-3.5640260967534716,-1.8159619989581868
2015-04-06 06:00:00,21.7,87,0.0,5.0,69,-4.667902132486009,-1.7918397477265022
2015-04-06 07:00:00,22.4,87,0.0,5.1,51,-3.9634444034305507,-3.2095339943541714
2015-04-06 08:00:00,24.1,83,0.0,5.4,360,3.3065463576978537e-16,-5.4
2015-04-06 09:00:00,25.6,77,0.0,5.8,330,2.9000000000000004,-5.0229473419497435
2015-04-06 10:00:00,26.3,75,0.1,7.3,303,6.122295146001595,-3.9758649556096977
2015-04-06 11:00:00,26.8,74,0.6,7.3,281,7.165878439167947,-1.392905666248777
2015-04-06 12:00:00,26.7,74,1.0,5.4,270,5.4,0.0
2015-04-06 13:00:00,26.4,75,1.6,4.4,279,4.3458286986186065,-0.6883116461770159
2015-04-06 14:00:00,26.0,77,1.8,4.6,288,4.3748599749577055,-1.421478174124758
2015-04-06 15:00:00,25.6,77,1.0,2.7,293,2.485363104321589,-1.0549740469210394
2015-04-06 16:00:00,25.9,76,0.6,2.9,360,1.7757378587636622e-16,-2.9
2015-04-06 17:00:00,25.6,78,0.6,3.7,349,0.7059932828932162,-3.632020578756357
2015-04-06 18:00:00,24.7,84,0.8,4.2,329,2.1631599146222276,-3.600102662948872
2015-04-06 19:00:00,22.9,90,0.7000000000000001,9.2,59,-7.8859391664594325,-4.738350289172498
2015-04-06 20:00:00,22.5,89,0.3,8.5,62,-7.505054539300878,-3.9905082836800725
2015-04-06 21:00:00,22.1,88,0.0,5.5,58,-4.664264528860343,-2.914555953282626
2015-04-06 22:00:00,22.5,85,0.0,4.1,52,-3.23084408978756,-2.5242120488351985
2015-04-06 23:00:00,23.3,81,0.0,2.9,60,-2.5114736709748717,-1.4500000000000002
2015-04-07 00:00:00,22.6,85,0.0,2.5,45,-1.7677669529663693,-1.7677669529663687
2015-04-07 01:00:00,22.1,89,0.0,2.8,40,-1.7998053071223103,-2.144924440733138
2015-04-07 02:00:00,21.6,91,0.0,3.6,45,-2.545584412271572,-2.545584412271571
2015-04-07 03:00:00,18.6,93,0.0,4.1,38,-2.524212048835198,-3.2308440897875603
2015-04-07 04:00:00,18.8,94,0.0,4.6,39,-2.894873798829254,-3.5748714227020644
2015-04-07 05:00:00,19.8,91,0.0,5.1,39,-3.2095339943541727,-3.96344440343055
2015-04-07 06:00:00,19.0,94,0.0,4.9,36,-2.880147736233119,-3.9641832724372423
2015-04-07 07:00:00,20.0,94,0.0,3.9,22,-1.460965714322058,-3.6160170328104706
2015-04-07 08:00:00,22.8,86,0.0,5.1,352,0.7097828148963339,-5.050367150582009
2015-04-07 09:00:00,24.2,81,0.0,6.2,339,2.2218812871808624,-5.788198644282651
2015-04-07 10:00:00,25.5,77,0.0,7.8,326,4.361704647071825,-6.466493065929326
2015-04-07 11:00:00,25.8,75,0.0,9.4,320,6.04220353105347,-7.200817765318393
2015-04-07 12:00:00,25.4,76,0.0,11.2,318,7.494262791219212,-8.323222045346816
2015-04-07 13:00:00,25.3,75,0.4,12.0,321,7.55184469259805,-9.32575153748365
2015-04-07 14:00:00,25.1,74,0.0,11.1,331,5.3813867847343415,-9.708278749247292
2015-04-07 15:00:00,24.7,71,0.0,9.3,332,4.366085533908786,-8.21141261358802
2015-04-07 16:00:00,24.1,73,0.0,8.9,328,4.716281451675524,-7.547628055792192
2015-04-07 17:00:00,23.3,76,0.0,9.8,332,4.600821315301731,-8.652886410017484
2015-04-07 18:00:00,22.3,78,0.0,6.8,342,2.1013155617496424,-6.467184310807044
2015-04-07 19:00:00,21.2,83,0.0,8.2,345,2.12231616984067,-7.92059177557036
2015-04-07 20:00:00,20.2,88,0.0,8.6,360,5.265981236333618e-16,-8.6
2015-04-07 21:00:00,20.0,87,0.0,10.8,360,6.613092715395707e-16,-10.8
2015-04-07 22:00:00,19.2,89,0.0,10.5,16,-2.894192236078488,-10.09324780735235
2015-04-07 23:00:00,18.7,90,0.0,8.9,21,-3.1894747509531767,-8.308865795825096
2015-04-08 00:00:00,18.6,88,0.0,8.1,21,-2.9027803913169357,-7.562001454627333
2015-04-08 01:00:00,17.9,90,0.0,7.9,16,-2.1775351109542913,-7.593967397912721
2015-04-08 02:00:00,17.5,89,0.0,7.5,17,-2.192787785420528,-7.172285669722765
2015-04-08 03:00:00,17.1,83,0.0,8.5,28,-3.9905082836800716,-7.505054539300879
2015-04-08 04:00:00,17.1,80,0.0,8.4,25,-3.549993398621873,-7.612985411107861
2015-04-08 05:00:00,17.1,79,0.0,8.5,28,-3.9905082836800716,-7.505054539300879
2015-04-08 06:00:00,17.3,77,0.0,9.2,21,-3.296985135816766,-8.588939923774255
2015-04-08 07:00:00,17.8,80,0.0,9.3,13,-2.092044805397947,-9.061641602502688
2015-04-08 08:00:00,20.2,71,0.0,11.5,356,0.8021994480574401,-11.471986577987979
2015-04-08 09:00:00,21.4,69,0.0,12.3,353,1.4989929238833142,-12.208317665188261
2015-04-08 10:00:00,22.4,68,0.0,12.5,348,2.598896135221993,-12.22684500917257
2015-04-08 11:00:00,23.4,66,0.0,12.8,344,3.5281581544575893,-12.304149708010483
2015-04-08 12:00:00,23.9,65,0.0,13.1,339,4.694620139043435,-12.229903587113343
2015-04-08 13:00:00,24.0,64,0.0,14.3,335,6.043441142892003,-12.960201354624095
2015-04-08 14:00:00,23.7,65,0.0,14.2,336,5.775660331676363,-12.972345498524932
2015-04-08 15:00:00,22.2,66,0.0,13.9,339,4.981314498679676,-12.976767928311105
2015-04-08 16:00:00,21.5,68,0.0,13.5,344,3.7211043035294886,-12.977032895167305
2015-04-08 17:00:00,20.2,71,0.0,12.7,345,3.2870018728020134,-12.267257993871167
2015-04-08 18:00:00,18.8,74,0.0,10.5,344,2.8941922360784913,-10.093247807352348
2015-04-08 19:00:00,17.8,77,0.0,10.5,352,1.4613175600806874,-10.397814721786489
2015-04-08 20:00:00,17.4,80,0.0,10.1,356,0.7045403848156648,-10.075396907624224
2015-04-08 21:00:00,16.9,85,0.0,9.4,2,-0.3280552690035072,-9.394273773979501
2015-04-08 22:00:00,16.8,86,0.0,8.6,360,5.265981236333618e-16,-8.6
2015-04-08 23:00:00,16.5,87,0.0,7.6,357,0.3977532674463741,-7.589584464134761
2015-04-09 00:00:00,16.9,84,0.0,6.6,9,-1.0324674692655247,-6.5187430479279085
2015-04-09 01:00:00,16.9,83,0.0,7.2,357,0.3768188849491966,-7.190132650232932
2015-04-09 02:00:00,17.0,83,0.0,8.3,358,0.289665822630759,-8.294943864258496
2015-04-09 03:00:00,16.0,88,0.0,7.9,16,-2.1775351109542913,-7.593967397912721
2015-04-09 04:00:00,15.8,88,0.0,7.5,17,-2.192787785420528,-7.172285669722765
2015-04-09 05:00:00,15.9,87,0.0,6.8,32,-3.603450996785794,-5.766727053863696
2015-04-09 06:00:00,16.6,83,0.0,5.5,32,-2.9145559532826275,-4.664264528860342
2015-04-09 07:00:00,17.2,84,0.0,4.9,17,-1.4326213531414118,-4.685893304218873
2015-04-09 08:00:00,18.8,80,0.0,6.1,360,3.735172737399427e-16,-6.1
2015-04-09 09:00:00,19.9,78,0.0,6.2,350,1.0766187015349686,-6.10580806867569
2015-04-09 10:00:00,21.2,73,0.0,6.6,331,3.199743493625825,-5.772490067120011
2015-04-09 11:00:00,22.1,70,0.0,8.4,313,6.143371093601032,-5.728786224524987
2015-04-09 12:00:00,23.0,67,0.0,10.7,312,7.951649632608118,-7.159697488039782
2015-04-09 13:00:00,23.1,67,0.0,11.2,320,7.1992212284892405,-8.579697762932554
2015-04-09 14:00:00,23.2,67,0.0,11.7,326,6.542556970607737,-9.699739598893988
2015-04-09 15:00:00,22.7,71,0.0,11.9,331,5.769234480931412,-10.40797451495881
2015-04-09 16:00:00,22.1,72,0.0,11.8,337,4.61062731617343,-10.861957270738797
2015-04-09 17:00:00,21.3,74,0.0,11.0,341,3.5812496990287244,-10.400704331592484
2015-04-09 18:00:00,20.1,77,0.0,8.0,350,1.3891854213354433,-7.878462024097664
2015-04-09 19:00:00,19.3,81,0.0,7.9,360,4.837354856632045e-16,-7.9
2015-04-09 20:00:00,18.6,85,0.0,8.4,10,-1.458644692402215,-8.272385125302547
2015-04-09 21:00:00,17.9,90,0.0,7.2,6,-0.7526049355271042,-7.160557646651569
2015-04-09 22:00:00,17.8,88,0.0,6.2,7,-0.7555899291119125,-6.153786140176197
2015-04-09 23:00:00,17.9,87,0.0,5.2,12,-1.0811407922523508,-5.086367523815789
2015-04-10 00:00:00,17.8,87,0.0,4.5,14,-1.088648530198505,-4.366330768241984
2015-04-10 01:00:00,17.2,90,0.0,6.1,3,-0.31924933308196024,-6.0916401620029
2015-04-10 02:00:00,17.3,89,0.0,8.0,5,-0.697245941981266,-7.969557584733964
2015-04-10 03:00:00,16.7,90,0.0,8.2,15,-2.122316169840669,-7.92059177557036
2015-04-10 04:00:00,16.8,90,0.0,8.1,21,-2.9027803913169357,-7.562001454627333
2015-04-10 05:00:00,16.9,90,0.0,6.7,36,-3.938161190359571,-5.420413862312147
2015-04-10 06:00:00,16.0,92,0.0,7.7,41,-5.051654523226906,-5.811263767715345
2015-04-10 07:00:00,17.1,92,0.0,7.2,27,-3.268731598124738,-6.415246974156248
2015-04-10 08:00:00,19.4,84,0.2,9.0,360,5.51091059616309e-16,-9.0
2015-04-10 09:00:00,20.0,84,0.1,9.4,360,5.755839955992561e-16,-9.4
2015-04-10 10:00:00,20.7,82,0.0,9.8,354,1.024378940023004,-9.746314574609078
2015-04-10 11:00:00,21.5,79,0.3,10.4,346,2.515987714236544,-10.091075553270363
2015-04-10 12:00:00,22.0,80,0.0,10.5,344,2.8941922360784913,-10.093247807352348
2015-04-10 13:00:00,22.4,77,0.0,10.7,348,2.224655091750026,-10.46617932785172
2015-04-10 14:00:00,22.3,76,0.0,10.4,346,2.515987714236544,-10.091075553270363
2015-04-10 15:00:00,22.3,74,0.0,11.8,340,4.035837691242892,-11.088372925273719
2015-04-10 16:00:00,21.4,78,0.2,12.3,339,4.407925779407195,-11.483039245915583
2015-04-10 17:00:00,20.5,81,0.0,11.2,345,2.8987733051482323,-10.818369254437565
2015-04-10 18:00:00,19.4,84,0.0,9.5,351,1.4861274178821937,-9.38303923565381
2015-04-10 19:00:00,18.7,87,0.0,9.0,358,0.31409547032250973,-8.994517443171862
2015-04-10 20:00:00,18.2,88,0.0,8.6,360,5.265981236333618e-16,-8.6
2015-04-10 21:00:00,18.0,90,0.0,9.2,11,-1.7554427574642102,-9.030970087718508
2015-04-10 22:00:00,17.4,93,0.0,6.7,16,-1.8467702839738926,-6.440453362786737
2015-04-10 23:00:00,16.7,94,0.0,5.6,15,-1.4493866525741155,-5.4091846272187825
2015-04-11 00:00:00,16.8,93,0.0,5.5,23,-2.149021206691006,-5.062776693988422
2015-04-11 01:00:00,16.4,94,0.0,3.6,37,-2.166534083347374,-2.875087836170254
2015-04-11 02:00:00,15.5,96,0.0,3.1,21,-1.1109406435904323,-2.894099322141325
2015-04-11 03:00:00,17.1,87,0.0,4.6,18,-1.4214781741247586,-4.3748599749577055
2015-04-11 04:00:00,17.1,87,0.0,5.7,18,-1.7613968679372012,-5.421022142882375
2015-04-11 05:00:00,17.1,87,0.3,5.6,27,-2.5423467985414625,-4.989636535454859
2015-04-11 06:00:00,17.1,87,0.3,5.3,28,-2.488199282765221,-4.679622242152313
2015-04-11 07:00:00,17.5,87,0.5,4.9,17,-1.4326213531414118,-4.685893304218873
2015-04-11 08:00:00,18.1,87,0.3,5.7,342,1.7613968679372005,-5.421022142882375
2015-04-11 09:00:00,18.4,89,0.3,8.0,324,4.702282018339785,-6.47213595499958
2015-04-11 10:00:00,18.7,91,0.7000000000000001,9.9,327,5.391926446648768,-8.302838622659698
2015-04-11 11:00:00,18.5,92,1.6,10.9,333,4.948496447161061,-9.71197111365321
2015-04-11 12:00:00,18.5,94,2.7,11.0,337,4.298042413382011,-10.125553387976844
2015-04-11 13:00:00,18.3,95,3.4,9.6,347,2.159530121701103,-9.353952621938259
2015-04-11 14:00:00,18.3,95,3.4,8.8,348,1.8296228791962834,-8.60769888645749
2015-04-11 15:00:00,17.9,93,3.7,8.0,352,1.1133848076805237,-7.922144549932563
2015-04-11 16:00:00,18.0,93,5.1,7.9,3,-0.41345405431926,-7.889173324561134
2015-04-11 17:00:00,18.1,91,4.8,6.3,13,-1.417191642366351,-6.1385314081469815
2015-04-11 18:00:00,17.8,94,3.9,7.3,349,1.3929056662487778,-7.165878439167947
2015-04-11 19:00:00,17.3,95,2.4,7.9,357,0.41345405431925736,-7.889173324561134
2015-04-11 20:00:00,16.9,96,1.3,6.6,13,-1.4846769586695105,-6.430842427582552
2015-04-11 21:00:00,16.7,96,0.7000000000000001,6.2,10,-1.0766187015349682,-6.10580806867569
2015-04-11 22:00:00,16.4,96,1.0,7.2,360,4.4087284769304716e-16,-7.2
2015-04-11 23:00:00,16.7,94,1.2,8.3,5,-0.7233926648055635,-8.268415994161488
2015-04-12 00:00:00,16.8,93,2.1,6.3,24,-2.5624408513775405,-5.755336383148386
2015-04-12 01:00:00,16.9,92,1.2,5.3,28,-2.488199282765221,-4.679622242152313
2015-04-12 02:00:00,16.4,94,2.0,4.3,360,2.632990618166809e-16,-4.3
2015-04-12 03:00:00,17.0,89,0.3,4.4,9,-0.6883116461770166,-4.345828698618606
2015-04-12 04:00:00,16.8,90,0.3,4.9,17,-1.4326213531414118,-4.685893304218873
2015-04-12 05:00:00,16.6,91,0.5,4.7,9,-0.7352419856890859,-4.6421352007971475
2015-04-12 06:00:00,16.7,91,0.5,6.4,43,-4.364789504399991,-4.6806636903626915
2015-04-12 07:00:00,16.7,95,0.3,5.9,14,-1.42733918403804,-5.7247447850283795
2015-04-12 08:00:00,18.7,87,0.0,9.4,353,1.1455718280083864,-9.329933825428427
2015-04-12 09:00:00,19.6,85,0.0,11.3,353,1.3771235804781667,-11.215771513546938
2015-04-12 10:00:00,20.6,81,0.0,10.7,348,2.224655091750026,-10.46617932785172
2015-04-12 11:00:00,21.5,78,0.0,11.4,336,4.636797731064123,-10.41441821712565
2015-04-12 12:00:00,21.8,79,0.0,12.2,332,5.727553065987868,-10.771960632878907
2015-04-12 13:00:00,22.0,78,0.0,13.4,336,5.450271017215723,-12.241509132410853
2015-04-12 14:00:00,21.7,79,0.0,14.1,341,4.59051097784591,-13.331811915950366
2015-04-12 15:00:00,21.0,81,0.0,13.7,346,3.314329969715447,-13.293051449981151
2015-04-12 16:00:00,20.4,82,0.0,12.8,350,2.2226966741367096,-12.605539238556263
2015-04-12 17:00:00,19.7,85,0.0,11.1,347,2.4969567032169007,-10.81550771911611
2015-04-12 18:00:00,18.5,89,0.0,7.6,352,1.0577155672964975,-7.5260373224359345
2015-04-12 19:00:00,18.0,91,0.0,6.8,3,-0.3558845024520213,-6.790680836331102
2015-04-12 20:00:00,17.7,92,0.0,7.7,11,-1.4692292643993936,-7.558529312547013
2015-04-12 21:00:00,17.1,94,0.0,6.3,31,-3.2447398719333433,-5.400153994423306
2015-04-12 22:00:00,16.9,93,0.0,5.1,45,-3.606244584051393,-3.606244584051392
2015-04-12 23:00:00,17.5,89,0.0,4.9,36,-2.880147736233119,-3.9641832724372423
2015-04-13 00:00:00,17.4,88,0.0,5.0,30,-2.500000000000002,-4.330127018922192
2015-04-13 01:00:00,16.7,91,0.0,6.9,28,-3.239353783222646,-6.092338390726597
2015-04-13 02:00:00,16.7,89,0.0,8.5,28,-3.9905082836800716,-7.505054539300879
2015-04-13 03:00:00,16.3,92,0.0,8.2,29,-3.975438886019962,-7.171881598543046
2015-04-13 04:00:00,15.6,95,0.0,8.3,34,-4.6413010988071965,-6.881011852206848
2015-04-13 05:00:00,16.1,91,0.0,8.2,29,-3.975438886019962,-7.171881598543046
2015-04-13 06:00:00,16.0,90,0.0,7.4,43,-5.04678786446249,-5.412017391981862
2015-04-13 07:00:00,16.7,88,0.0,8.1,13,-1.8221035401853085,-7.892397524760404
2015-04-13 08:00:00,18.5,77,0.0,10.9,351,1.705135668938517,-10.765802912487002
2015-04-13 09:00:00,19.5,68,0.0,13.8,345,3.571702822414786,-13.329776402789143
2015-04-13 10:00:00,20.2,65,0.0,16.2,347,3.6442070803706117,-15.78479504952081
2015-04-13 11:00:00,20.7,65,0.0,16.2,348,3.368169391247703,-15.845991131887649
2015-04-13 12:00:00,21.2,65,0.0,15.5,347,3.486741342329906,-15.102736004171147
2015-04-13 13:00:00,21.6,65,0.0,13.8,345,3.571702822414786,-13.329776402789143
2015-04-13 14:00:00,21.3,66,0.0,12.0,344,3.30764826980399,-11.535140351259827
2015-04-13 15:00:00,21.7,64,0.0,12.9,337,5.040431557511631,-11.874512609536481
2015-04-13 16:00:00,20.8,67,0.0,14.1,341,4.59051097784591,-13.331811915950366
2015-04-13 17:00:00,19.6,72,0.0,13.0,346,3.14498464279568,-12.613844441587954
2015-04-13 18:00:00,18.1,76,0.0,8.7,355,0.7582549619046257,-8.666893873398186
2015-04-13 19:00:00,16.7,80,0.0,9.7,22,-3.633683956134349,-8.993683389297836
2015-04-13 20:00:00,15.1,86,0.0,9.0,53,-7.187719590425635,-5.4163352083684355
2015-04-13 21:00:00,13.3,89,0.0,8.9,58,-7.547628055792193,-4.716281451675523
2015-04-13 22:00:00,12.1,88,0.0,9.3,54,-7.523858047687013,-5.466402846319999
2015-04-13 23:00:00,11.6,82,0.0,10.4,46,-7.481133923521972,-7.224447052773573
2015-04-14 00:00:00,11.7,69,0.0,12.0,39,-7.5518446925980545,-9.325751537483647
2015-04-14 01:00:00,12.0,60,0.0,11.9,29,-5.7692344809314084,-10.407974514958813
2015-04-14 02:00:00,13.4,50,0.0,11.4,18,-3.5227937358744024,-10.84204428576475
2015-04-14 03:00:00,12.0,61,0.0,12.4,10,-2.1532374030699364,-12.21161613735138
2015-04-14 04:00:00,12.1,65,0.0,12.4,17,-3.62540913856194,-11.858178973941639
2015-04-14 05:00:00,11.8,66,0.0,11.0,32,-5.829111906565255,-9.328529057720685
2015-04-14 06:00:00,11.6,64,0.0,10.0,41,-6.560590289905073,-7.54709580222772
2015-04-14 07:00:00,13.1,68,0.0,8.2,23,-3.203995253612045,-7.548139798310009
2015-04-14 08:00:00,16.9,51,0.0,11.4,11,-2.1752225472926088,-11.19054989130337
2015-04-14 09:00:00,17.9,43,0.0,13.0,3,-0.680367431158276,-12.98218395180946
2015-04-14 10:00:00,18.9,38,0.0,13.8,354,1.4424927930936178,-13.724402156082173
2015-04-14 11:00:00,19.5,39,0.0,15.6,345,4.0375771035993235,-15.068442890109464
2015-04-14 12:00:00,19.8,40,0.0,16.5,344,4.548016370980486,-15.860817982982262
2015-04-14 13:00:00,19.9,41,0.0,16.4,345,4.24463233968134,-15.84118355114072
2015-04-14 14:00:00,19.9,42,0.0,15.1,348,3.1394665313481678,-14.770028771080463
2015-04-14 15:00:00,19.8,47,0.0,13.6,348,2.8275989951215283,-13.302807369979755
2015-04-14 16:00:00,19.3,50,0.0,12.7,345,3.2870018728020134,-12.267257993871167
2015-04-14 17:00:00,18.4,58,0.0,10.6,342,3.275580140374443,-10.081199072728626
2015-04-14 18:00:00,16.7,64,0.0,8.7,353,1.060263287624783,-8.6351515192795
2015-04-14 19:00:00,14.8,70,0.0,7.0,35,-4.015035054457325,-5.734064310022941
2015-04-14 20:00:00,12.9,76,0.0,6.3,59,-5.400153994423308,-3.244739871933341
2015-04-14 21:00:00,11.0,78,0.0,5.6,63,-4.98963653545486,-2.542346798541461
2015-04-14 22:00:00,9.7,77,0.0,3.9,56,-3.233246532964663,-2.180852323535912
2015-04-14 23:00:00,8.7,74,0.0,3.5,66,-3.197409101749103,-1.4235782507653008
2015-04-15 00:00:00,7.9,71,0.0,3.1,111,-2.8940993221413254,1.1109406435904308
2015-04-15 01:00:00,7.4,67,0.0,3.9,124,-3.2332465329646625,2.180852323535913
2015-04-15 02:00:00,7.0,64,0.0,3.8,131,-2.8678964048465336,2.4930243101639276
2015-04-15 03:00:00,7.1,68,0.0,3.6,135,-2.545584412271571,2.5455844122715714
2015-04-15 04:00:00,6.9,67,0.0,4.4,125,-3.6042689948715645,2.5237363199446023
2015-04-15 05:00:00,6.6,67,0.0,2.9,83,-2.878383839759834,-0.3534210958749272
2015-04-15 06:00:00,6.6,71,0.0,4.2,110,-3.9467090073008153,1.4364846019678092
2015-04-15 07:00:00,10.0,82,0.0,3.8,107,-3.633958072659535,1.111012477946399
2015-04-15 08:00:00,17.4,49,0.0,1.8,217,1.0832670416736871,1.437543918085127
2015-04-15 09:00:00,19.1,48,0.0,5.2,258,5.08636752381579,1.0811407922523486
2015-04-15 10:00:00,20.4,48,0.0,6.6,257,6.430842427582553,1.484676958669509
2015-04-15 11:00:00,21.3,50,0.0,9.1,252,8.654614298285896,2.8120546488120213
2015-04-15 12:00:00,22.0,53,0.0,10.1,243,8.999165894302516,4.585304047369422
2015-04-15 13:00:00,22.4,55,0.0,10.3,234,8.332875042061959,6.054188098612474
2015-04-15 14:00:00,22.7,57,0.0,11.8,239,10.114574148284927,6.077449283938639
2015-04-15 15:00:00,23.5,59,0.0,11.8,247,10.861957270738797,4.610627316173431
2015-04-15 16:00:00,23.1,62,0.0,11.3,239,9.68599049793387,5.8199302464836125
2015-04-15 17:00:00,22.1,68,0.0,7.6,251,7.185941174554808,2.474317973874391
2015-04-15 18:00:00,20.7,73,0.0,5.1,278,5.050367150582009,-0.7097828148963337
2015-04-15 19:00:00,18.6,85,0.0,1.6,297,1.4256104387013888,-0.7263847995832748
2015-04-15 20:00:00,17.0,88,0.0,3.4,148,-1.8017254983928963,2.8833635269318485
2015-04-15 21:00:00,16.5,87,0.0,5.9,137,-4.023790324368741,4.314986839553106
2015-04-15 22:00:00,16.5,86,0.0,5.9,137,-4.023790324368741,4.314986839553106
2015-04-15 23:00:00,14.5,93,0.0,6.1,140,-3.92100441908789,4.6728711030257655
2015-04-16 00:00:00,13.1,95,0.0,5.0,150,-2.499999999999999,4.330127018922194
2015-04-16 01:00:00,12.2,96,0.0,4.7,157,-1.8364363038995868,4.326372811226469
2015-04-16 02:00:00,11.5,94,0.0,3.9,146,-2.180852323535912,3.233246532964663
2015-04-16 03:00:00,11.7,92,0.0,5.4,110,-5.074340152243905,1.846908773958612
2015-04-16 04:00:00,11.3,92,0.0,5.7,108,-5.421022142882375,1.7613968679372007
2015-04-16 05:00:00,10.9,92,0.0,6.2,111,-5.788198644282651,2.2218812871808615
2015-04-16 06:00:00,10.8,91,0.0,6.9,118,-6.092338390726597,3.2393537832226458
2015-04-16 07:00:00,13.9,92,0.0,7.9,120,-6.841600689897066,3.9499999999999997
2015-04-16 08:00:00,20.6,73,0.0,6.8,148,-3.6034509967857926,5.766727053863697
2015-04-16 09:00:00,23.3,55,0.0,7.3,191,1.3929056662487778,7.165878439167947
2015-04-16 10:00:00,24.6,52,0.0,8.7,210,4.3500000000000005,7.534421012924615
2015-04-16 11:00:00,25.2,53,0.0,9.2,231,7.149742845404131,5.789747597658503
2015-04-16 12:00:00,25.6,54,0.0,8.2,247,7.54813979831001,3.2039952536120446
2015-04-16 13:00:00,25.5,56,0.0,7.3,261,7.210124886344506,1.1419715947936853
2015-04-16 14:00:00,25.7,56,0.0,6.9,261,6.815049550106451,1.079397808777593
2015-04-16 15:00:00,25.4,63,0.0,6.8,270,6.8,0.0
2015-04-16 16:00:00,24.9,66,0.0,6.7,286,6.440453362786736,-1.8467702839738944
2015-04-16 17:00:00,24.0,71,0.0,6.2,306,5.0159053651246746,-3.6442685642133337
2015-04-16 18:00:00,22.8,76,0.0,5.4,307,4.312631754255381,-3.2498011250210608
2015-04-16 19:00:00,21.4,81,0.0,2.6,344,0.7166571251241979,-2.499280409439629
2015-04-16 20:00:00,20.6,84,0.0,2.9,7,-0.35342109587492676,-2.878383839759834
2015-04-16 21:00:00,20.0,86,0.0,3.4,32,-1.801725498392897,-2.883363526931848
2015-04-16 22:00:00,19.5,86,0.0,3.3,41,-2.1649947956686737,-2.4905416147351476
2015-04-16 23:00:00,18.6,86,0.0,3.1,45,-2.192031021678298,-2.192031021678297
2015-04-17 00:00:00,15.9,89,0.0,3.2,63,-2.8512208774027776,-1.4527695991665495
2015-04-17 01:00:00,13.8,92,0.0,3.1,69,-2.8940993221413254,-1.1109406435904314
2015-04-17 02:00:00,13.0,93,0.0,3.8,73,-3.6339580726595346,-1.1110124779463997
2015-04-17 03:00:00,12.6,93,0.0,4.1,75,-3.96029588778518,-1.0611580849203353
2015-04-17 04:00:00,12.3,92,0.0,3.6,90,-3.6,4.4087284769304716e-16
2015-04-17 05:00:00,12.4,90,0.0,2.4,63,-2.138415658052083,-1.089577199374912
2015-04-17 06:00:00,12.3,88,0.0,2.9,90,-2.9,3.5514757175273243e-16
2015-04-17 07:00:00,15.2,89,0.0,2.9,97,-2.8783838397598336,0.35342109587492787
2015-04-17 08:00:00,20.8,66,0.0,1.1,342,0.3399186938124422,-1.0461621679246689
2015-04-17 09:00:00,22.2,70,0.0,3.5,294,3.197409101749103,-1.4235782507653008
2015-04-17 10:00:00,23.7,71,0.0,5.2,282,5.08636752381579,-1.0811407922523486
2015-04-17 11:00:00,24.4,69,0.0,5.8,277,5.756767679519667,-0.7068421917498553
2015-04-17 12:00:00,24.8,69,0.0,6.2,260,6.10580806867569,1.0766187015349682
2015-04-17 13:00:00,25.5,68,0.0,7.1,240,6.148780366869515,3.5499999999999994
2015-04-17 14:00:00,26.2,66,0.0,8.7,232,6.85569355637848,5.356254835333226
2015-04-17 15:00:00,25.1,72,0.0,9.0,247,8.284543681071963,3.5165801564034638
2015-04-17 16:00:00,24.4,75,0.0,7.4,247,6.811735915548059,2.891410350820626
2015-04-17 17:00:00,23.9,77,0.0,4.8,257,4.676976310969129,1.079765060850552
2015-04-17 18:00:00,23.2,80,0.0,4.3,265,4.283637201794505,0.3747696938149301
2015-04-17 19:00:00,22.4,82,0.0,2.8,230,2.1449244407331385,1.7998053071223097
2015-04-17 20:00:00,21.9,84,0.0,2.9,150,-1.4499999999999993,2.511473670974872
2015-04-17 21:00:00,21.6,84,0.0,2.1,121,-1.8000513314744357,1.0815799573111142
2015-04-17 22:00:00,21.4,84,0.0,2.5,172,-0.3479327524001634,2.475670171853926
2015-04-17 23:00:00,21.2,84,0.0,5.0,180,3.061616997868383e-16,5.0
2015-04-18 00:00:00,21.1,84,0.0,4.9,163,-1.4326213531414098,4.685893304218874
2015-04-18 01:00:00,18.4,90,0.0,4.8,153,-2.179154398749824,4.276831316104166
2015-04-18 02:00:00,18.0,89,0.0,4.2,149,-2.163159914622228,3.600102662948872
2015-04-18 03:00:00,18.2,88,0.0,3.7,151,-1.793795594911447,3.236092916415765
2015-04-18 04:00:00,17.3,90,0.0,4.0,153,-1.8159619989581868,3.5640260967534716
2015-04-18 05:00:00,16.8,91,0.0,4.5,151,-2.1816432911085166,3.9357886821272814
2015-04-18 06:00:00,16.5,91,0.0,4.2,160,-1.4364846019678086,3.9467090073008158
2015-04-18 07:00:00,19.1,90,0.0,6.0,155,-2.535709570444196,5.4378467222199
2015-04-18 08:00:00,23.8,71,0.0,7.3,191,1.3929056662487778,7.165878439167947
2015-04-18 09:00:00,25.5,68,0.0,11.0,203,4.298042413382011,10.125553387976844
2015-04-18 10:00:00,26.5,68,0.0,15.3,199,4.981192763194499,14.466434206669547
2015-04-18 11:00:00,27.9,67,0.0,18.5,201,6.629807066588057,17.271237890198233
2015-04-18 12:00:00,28.7,64,0.0,21.2,201,7.5974005303603676,19.791905041740677
2015-04-18 13:00:00,28.7,64,0.0,20.8,203,8.127207472576893,19.14650095181076
2015-04-18 14:00:00,28.6,64,0.0,20.9,204,8.500795840284225,19.093100064730358
2015-04-18 15:00:00,28.2,65,0.0,20.0,203,7.814622569785474,18.410097069048806
2015-04-18 16:00:00,27.6,68,0.0,17.9,202,6.705458022144824,16.596590996745494
2015-04-18 17:00:00,26.6,74,0.0,13.7,207,6.219669846431791,12.206789381380638
2015-04-18 18:00:00,25.2,79,0.0,11.0,203,4.298042413382011,10.125553387976844
2015-04-18 19:00:00,23.9,86,0.0,10.1,207,4.585304047369423,8.999165894302514
2015-04-18 20:00:00,23.0,89,0.0,10.2,190,1.77121141220269,10.045039080724521
2015-04-18 21:00:00,23.0,86,0.0,9.4,180,5.755839955992561e-16,9.4
2015-04-18 22:00:00,21.7,88,0.1,9.1,173,-1.109011024986841,9.03216997993603
2015-04-18 23:00:00,21.1,89,0.1,9.7,182,0.33852511801426044,9.694091022085228
2015-04-19 00:00:00,21.6,85,0.4,10.5,176,-0.732442974313316,10.474422527728153
2015-04-19 01:00:00,20.5,89,0.5,10.3,168,-2.1414904154229215,10.0749202875582
2015-04-19 02:00:00,20.3,88,0.0,10.0,167,-2.2495105434386504,9.743700647852352
2015-04-19 03:00:00,20.9,84,0.0,9.6,167,-2.159530121701104,9.353952621938259
2015-04-19 04:00:00,20.5,83,0.0,9.3,167,-2.092044805397945,9.06164160250269
2015-04-19 05:00:00,20.8,79,0.1,9.0,164,-2.4807362023529915,8.65135526344487
2015-04-19 06:00:00,20.8,79,0.0,7.2,143,-4.333068166694749,5.750175672340507
2015-04-19 07:00:00,21.9,82,0.0,6.0,155,-2.535709570444196,5.4378467222199
2015-04-19 08:00:00,24.9,70,0.0,7.2,177,-0.3768188849491957,7.190132650232932
2015-04-19 09:00:00,26.3,66,0.0,10.1,197,2.952954217699641,9.658678035226657
2015-04-19 10:00:00,27.5,62,0.0,11.6,202,4.345436483624579,10.755332712974734
2015-04-19 11:00:00,28.3,58,0.0,12.4,202,4.645121758357308,11.497079796628164
2015-04-19 12:00:00,28.7,55,0.0,13.1,196,3.610849361202689,12.592528216791978
2015-04-19 13:00:00,28.8,54,0.0,13.9,197,4.063966695646041,13.292636107886192
2015-04-19 14:00:00,28.9,53,0.0,14.1,193,3.1718098662484953,13.738617913471817
2015-04-19 15:00:00,28.9,55,0.0,13.6,191,2.5950023371210107,13.35012969488823
2015-04-19 16:00:00,28.5,58,0.0,11.3,202,4.233054505599806,10.4771775566047
2015-04-19 17:00:00,27.3,63,0.0,8.9,212,4.716281451675524,7.547628055792192
2015-04-19 18:00:00,25.8,69,0.0,7.3,200,2.4967470462773824,6.8597561317371305
2015-04-19 19:00:00,24.1,75,0.0,8.3,162,-2.564841053312063,7.893769085249776
2015-04-19 20:00:00,22.5,80,0.0,7.8,158,-2.9219314286441143,7.232034065620942
2015-04-19 21:00:00,21.7,79,0.0,8.4,160,-2.872969203935617,7.8934180146016315
2015-04-19 22:00:00,21.6,75,0.0,7.4,157,-2.891410350820626,6.811735915548058
2015-04-19 23:00:00,20.6,77,0.0,8.1,159,-2.902780391316932,7.5620014546273335
2015-04-20 00:00:00,20.4,75,0.0,10.1,163,-2.95295421769964,9.658678035226659
2015-04-20 01:00:00,20.0,73,0.0,9.8,163,-2.8652427062828196,9.371786608437748
2015-04-20 02:00:00,19.8,71,0.0,9.9,161,-3.2231247291258507,9.360633898433237
2015-04-20 03:00:00,19.9,67,0.0,9.2,159,-3.296985135816762,8.588939923774255
2015-04-20 04:00:00,19.9,67,0.0,8.2,157,-3.2039952536120446,7.548139798310009
2015-04-20 05:00:00,19.2,69,0.0,6.8,162,-2.101315561749642,6.467184310807045
2015-04-20 06:00:00,19.1,73,0.0,7.1,156,-2.8878301658381815,6.486172749262466
2015-04-20 07:00:00,20.9,77,0.0,5.1,172,-0.7097828148963332,5.050367150582009
2015-04-20 08:00:00,25.6,57,0.0,7.2,180,4.4087284769304716e-16,7.2
2015-04-20 09:00:00,27.1,54,0.0,8.8,199,2.8649997592229797,8.320563465273988
2015-04-20 10:00:00,28.4,53,0.0,9.5,209,4.605691392340202,8.30888721782426
2015-04-20 11:00:00,28.9,54,0.0,10.9,214,6.09520264783114,9.036509540849956
2015-04-20 12:00:00,29.2,54,0.0,11.2,220,7.1992212284892405,8.579697762932554
2015-04-20 13:00:00,29.1,53,0.0,10.9,214,6.09520264783114,9.036509540849956
2015-04-20 14:00:00,28.9,54,0.0,11.3,211,5.8199302464836125,9.68599049793387
2015-04-20 15:00:00,28.8,52,0.0,10.8,210,5.400000000000001,9.353074360871938
2015-04-20 16:00:00,28.0,58,0.0,10.4,214,5.815606196095767,8.621990754572435
2015-04-20 17:00:00,26.7,63,0.0,8.9,223,6.069785404556237,6.509047944410617
2015-04-20 18:00:00,25.4,69,0.0,6.2,216,3.6442685642133337,5.0159053651246746
2015-04-20 19:00:00,23.6,80,0.0,4.3,180,2.632990618166809e-16,4.3
2015-04-20 20:00:00,23.1,77,0.0,3.6,174,-0.3763024677635528,3.580278823325784
2015-04-20 21:00:00,22.4,78,0.0,3.0,166,-0.7257656867990033,2.9108871788279895
2015-04-20 22:00:00,21.2,82,0.0,5.0,150,-2.499999999999999,4.330127018922194
2015-04-20 23:00:00,20.1,86,0.0,6.1,152,-2.8637765329939344,5.385980316439453
2015-04-21 00:00:00,19.6,87,0.0,6.0,163,-1.75423022833642,5.737828535778213
2015-04-21 01:00:00,19.2,87,0.0,7.2,180,4.4087284769304716e-16,7.2
2015-04-21 02:00:00,19.1,87,0.0,7.0,168,-1.4553818357243153,6.84703320513664
2015-04-21 03:00:00,19.0,90,0.1,8.3,180,5.082284216461516e-16,8.3
2015-04-21 04:00:00,19.0,90,0.4,8.8,161,-2.864999759222979,8.320563465273988
2015-04-21 05:00:00,19.0,90,0.0,8.8,161,-2.864999759222979,8.320563465273988
2015-04-21 06:00:00,21.3,78,0.0,8.7,163,-2.5436338310878086,8.31985137687841
2015-04-21 07:00:00,21.9,82,0.0,5.9,191,1.125773072721615,5.791600382341218
2015-04-21 08:00:00,23.1,82,0.1,8.7,228,6.46535998165333,5.821436275322066
2015-04-21 09:00:00,23.6,81,0.6,8.9,249,8.308865795825096,3.1894747509531727
2015-04-21 10:00:00,23.6,83,0.6,6.6,261,6.518743047927909,1.0324674692655236
2015-04-21 11:00:00,24.4,80,0.2,5.8,274,5.78587149150698,-0.40458754771592675
2015-04-21 12:00:00,25.5,73,0.3,6.5,264,6.4643923198937765,0.6794350112397476
2015-04-21 13:00:00,24.5,78,0.7000000000000001,7.6,265,7.571079705497266,0.662383644882202
2015-04-21 14:00:00,23.8,82,1.5,7.0,282,6.84703320513664,-1.4553818357243153
2015-04-21 15:00:00,23.1,84,2.4,5.8,300,5.022947341949744,-2.8999999999999995
2015-04-21 16:00:00,22.5,87,2.7,5.4,312,4.012982057577929,-3.6133052743378347
2015-04-21 17:00:00,21.5,93,2.8,5.1,315,3.6062445840513924,-3.606244584051392
2015-04-21 18:00:00,20.7,95,2.3,5.0,300,4.330127018922194,-2.4999999999999996
2015-04-21 19:00:00,19.9,97,2.0,2.3,321,1.447436899414626,-1.7874357113510329
2015-04-21 20:00:00,19.3,99,2.1,2.6,326,1.4539015490239418,-2.1554976886431088
2015-04-21 21:00:00,19.1,99,2.0,3.4,328,1.8017254983928965,-2.883363526931848
2015-04-21 22:00:00,18.6,99,1.6,4.7,4,-0.32785542659739025,-4.688551036221174
2015-04-21 23:00:00,18.2,99,1.3,5.0,360,3.061616997868383e-16,-5.0
2015-04-22 00:00:00,18.2,99,1.1,6.1,3,-0.31924933308196024,-6.0916401620029
2015-04-22 01:00:00,18.1,99,0.7000000000000001,5.9,11,-1.1257730727216133,-5.791600382341218
2015-04-22 02:00:00,18.2,98,0.5,4.2,20,-1.436484601967808,-3.9467090073008158
2015-04-22 03:00:00,18.8,95,0.8,2.9,30,-1.4500000000000013,-2.5114736709748713
2015-04-22 04:00:00,19.0,94,0.4,1.8,53,-1.437543918085127,-1.0832670416736871
2015-04-22 05:00:00,18.9,94,0.3,1.0,45,-0.7071067811865477,-0.7071067811865475
2015-04-22 06:00:00,18.7,95,0.1,1.5,346,0.3628828433995015,-1.4554435894139948
2015-04-22 07:00:00,19.2,94,0.0,4.0,350,0.6945927106677217,-3.939231012048832
2015-04-22 08:00:00,20.1,90,0.2,5.9,346,1.4273391840380394,-5.7247447850283795
2015-04-22 09:00:00,21.0,86,0.6,6.8,335,2.873804179836756,-6.162892951849219
2015-04-22 10:00:00,22.1,82,0.3,7.7,332,3.61493103345136,-6.798696465013737
2015-04-22 11:00:00,22.8,79,0.2,6.4,333,2.9055391983331,-5.702441754805554
2015-04-22 12:00:00,23.5,78,0.2,6.1,315,4.31335136523794,-4.313351365237939
2015-04-22 13:00:00,23.7,77,0.3,6.4,313,4.6806636903626915,-4.36478950439999
2015-04-22 14:00:00,24.1,77,0.2,6.1,310,4.6728711030257655,-3.921004419087889
2015-04-22 15:00:00,24.3,76,0.4,7.1,315,5.020458146424487,-5.020458146424486
2015-04-22 16:00:00,23.6,78,0.3,6.4,322,3.9402334420842133,-5.043268823083022
2015-04-22 17:00:00,22.8,81,0.2,6.0,327,3.2678342100901627,-5.032023407672544
2015-04-22 18:00:00,21.9,85,0.2,5.5,328,2.914555953282627,-4.664264528860342
2015-04-22 19:00:00,21.1,89,0.2,4.3,336,1.7489675652259409,-3.9282454678631837
2015-04-22 20:00:00,20.6,93,0.1,2.4,333,1.0895771993749124,-2.138415658052083
2015-04-22 21:00:00,20.3,93,0.2,1.3,304,1.0777488443215542,-0.726950774511971
2015-04-22 22:00:00,20.3,93,0.4,1.3,304,1.0777488443215542,-0.726950774511971
2015-04-22 23:00:00,20.2,93,0.2,0.8,63,-0.7128052193506944,-0.36319239979163737
2015-04-23 00:00:00,19.6,95,0.0,2.7,67,-2.485363104321589,-1.0549740469210387
2015-04-23 01:00:00,19.5,95,0.0,2.5,82,-2.475670171853926,-0.3479327524001638
2015-04-23 02:00:00,19.9,93,0.0,1.9,68,-1.761649323676896,-0.7117525274902328
2015-04-23 03:00:00,18.4,95,0.0,2.3,18,-0.7107390870623793,-2.1874299874788528
2015-04-23 04:00:00,17.6,97,0.0,2.8,40,-1.7998053071223103,-2.144924440733138
2015-04-23 05:00:00,17.0,97,0.0,2.3,39,-1.447436899414627,-1.7874357113510322
2015-04-23 06:00:00,17.2,96,0.0,2.1,59,-1.800051331474436,-1.0815799573111138
2015-04-23 07:00:00,19.7,94,0.0,1.8,11,-0.3434561916777803,-1.7669289302057951
2015-04-23 08:00:00,21.2,86,0.0,3.7,331,1.7937955949114475,-3.2360929164157644
2015-04-23 09:00:00,22.2,83,0.1,4.4,325,2.5237363199446032,-3.604268994871564
2015-04-23 10:00:00,23.0,81,0.0,5.1,309,3.963444403430551,-3.2095339943541705
2015-04-23 11:00:00,24.1,77,0.0,6.7,306,5.420413862312148,-3.93816119035957
2015-04-23 12:00:00,24.5,76,0.2,9.2,312,6.836932394392027,-6.156001578501495
2015-04-23 13:00:00,24.3,77,0.2,10.3,324,6.054188098612474,-8.332875042061959
2015-04-23 14:00:00,24.2,77,0.3,10.1,333,4.585304047369423,-8.999165894302514
2015-04-23 15:00:00,24.5,77,0.2,9.8,332,4.600821315301731,-8.652886410017484
2015-04-23 16:00:00,23.8,78,0.3,9.7,333,4.403707847473604,-8.642763284627167
2015-04-23 17:00:00,23.2,81,0.2,7.8,347,1.7546182238821464,-7.6000865053248345
2015-04-23 18:00:00,22.5,84,0.0,6.6,331,3.199743493625825,-5.772490067120011
2015-04-23 19:00:00,21.4,90,0.0,7.1,345,1.8376152202278973,-6.858073366652385
2015-04-23 20:00:00,20.7,94,0.0,7.2,6,-0.7526049355271042,-7.160557646651569
2015-04-23 21:00:00,20.5,94,0.0,5.7,35,-3.2693856872009643,-4.669166652447252
2015-04-23 22:00:00,20.7,92,0.0,4.1,45,-2.8991378028648453,-2.8991378028648445
2015-04-23 23:00:00,20.2,94,0.0,2.8,50,-2.1449244407331385,-1.7998053071223097
2015-04-24 00:00:00,18.7,95,0.0,2.1,59,-1.800051331474436,-1.0815799573111138
2015-04-24 01:00:00,19.0,92,0.0,3.1,21,-1.1109406435904323,-2.894099322141325
2015-04-24 02:00:00,19.7,88,0.0,3.6,45,-2.545584412271572,-2.545584412271571
2015-04-24 03:00:00,15.9,98,0.0,3.3,49,-2.490541614735148,-2.1649947956686733
2015-04-24 04:00:00,16.2,96,0.0,3.1,45,-2.192031021678298,-2.192031021678297
2015-04-24 05:00:00,16.2,95,0.0,2.9,30,-1.4500000000000013,-2.5114736709748713
2015-04-24 06:00:00,16.7,94,0.0,3.3,41,-2.1649947956686737,-2.4905416147351476
2015-04-24 07:00:00,18.9,91,0.0,4.3,42,-2.87726160734309,-3.195522749552796
2015-04-24 08:00:00,22.4,78,0.0,5.2,12,-1.0811407922523508,-5.086367523815789
2015-04-24 09:00:00,23.2,78,0.0,5.7,342,1.7613968679372005,-5.421022142882375
2015-04-24 10:00:00,24.3,74,0.0,6.9,321,4.342310698243879,-5.3623071340531
2015-04-24 11:00:00,25.0,70,0.0,8.7,315,6.151828996322964,-6.151828996322962
2015-04-24 12:00:00,25.6,67,0.4,9.8,324,5.760295472466237,-7.9283665448744856
2015-04-24 13:00:00,25.5,69,0.2,9.5,335,4.014873486536644,-8.609923976848174
2015-04-24 14:00:00,25.4,69,0.2,8.8,348,1.8296228791962834,-8.60769888645749
2015-04-24 15:00:00,24.4,77,0.5,8.7,353,1.060263287624783,-8.6351515192795
2015-04-24 16:00:00,24.7,75,0.0,8.2,345,2.12231616984067,-7.92059177557036
2015-04-24 17:00:00,24.2,78,0.0,8.9,339,3.1894747509531736,-8.308865795825096
2015-04-24 18:00:00,23.0,83,0.0,7.2,342,2.224922359499622,-6.8476069173251055
2015-04-24 19:00:00,21.8,90,0.0,8.3,5,-0.7233926648055635,-8.268415994161488
2015-04-24 20:00:00,21.1,91,0.0,7.0,21,-2.508575646817105,-6.535062985480412
2015-04-24 21:00:00,21.0,91,0.0,5.5,32,-2.9145559532826275,-4.664264528860342
2015-04-24 22:00:00,20.7,92,0.0,4.6,39,-2.894873798829254,-3.5748714227020644
2015-04-24 23:00:00,20.5,91,0.0,3.1,54,-2.5079526825623377,-1.8221342821066664
2015-04-25 00:00:00,19.3,91,0.0,1.6,63,-1.4256104387013888,-0.7263847995832747
2015-04-25 01:00:00,19.0,89,0.0,1.0,45,-0.7071067811865477,-0.7071067811865475
2015-04-25 02:00:00,19.0,87,0.0,1.6,63,-1.4256104387013888,-0.7263847995832747
2015-04-25 03:00:00,15.5,97,0.0,1.8,53,-1.437543918085127,-1.0832670416736871
2015-04-25 04:00:00,15.4,94,0.0,2.1,59,-1.800051331474436,-1.0815799573111138
2015-04-25 05:00:00,15.3,92,0.0,2.9,60,-2.5114736709748717,-1.4500000000000002
2015-04-25 06:00:00,15.3,90,0.0,2.6,74,-2.499280409439629,-0.7166571251241974
2015-04-25 07:00:00,18.9,90,0.0,2.4,63,-2.138415658052083,-1.089577199374912
2015-04-25 08:00:00,22.7,76,0.0,3.0,346,0.725765686799003,-2.9108871788279895
2015-04-25 09:00:00,24.0,76,0.0,3.6,315,2.5455844122715714,-2.545584412271571
2015-04-25 10:00:00,25.1,72,0.2,5.5,293,5.062776693988422,-2.149021206691006
2015-04-25 11:00:00,25.5,71,0.0,8.0,306,6.47213595499958,-4.702282018339785
2015-04-25 12:00:00,25.6,68,0.3,9.4,313,6.874724795220202,-6.410784584587486
2015-04-25 13:00:00,25.3,69,0.2,8.5,332,3.9905082836800725,-7.505054539300878
2015-04-25 14:00:00,25.5,69,0.1,7.6,335,3.211898789229316,-6.887939181478539
2015-04-25 15:00:00,25.6,70,0.4,8.4,329,4.326319829244455,-7.200205325897744
2015-04-25 16:00:00,24.4,75,0.3,8.5,332,3.9905082836800725,-7.505054539300878
2015-04-25 17:00:00,24.2,76,0.0,6.9,332,3.239353783222647,-6.092338390726596
2015-04-25 18:00:00,23.3,79,0.0,5.6,315,3.9597979746446663,-3.9597979746446654
2015-04-25 19:00:00,21.9,87,0.0,4.6,309,3.5748714227020657,-2.8948737988292517
2015-04-25 20:00:00,20.8,93,0.0,2.1,301,1.800051331474436,-1.0815799573111138
2015-04-25 21:00:00,19.9,94,0.0,0.7000000000000001,180,4.2862637970157366e-17,0.7000000000000001
2015-04-25 22:00:00,19.6,94,0.0,0.8,117,-0.7128052193506943,0.36319239979163753
2015-04-25 23:00:00,19.3,94,0.0,1.0,135,-0.7071067811865475,0.7071067811865476
2015-04-26 00:00:00,19.3,92,0.0,0.8,117,-0.7128052193506943,0.36319239979163753
2015-04-26 01:00:00,19.8,91,0.0,1.3,56,-1.0777488443215544,-0.7269507745119708
2015-04-26 02:00:00,19.6,90,0.0,2.3,18,-0.7107390870623793,-2.1874299874788528
2015-04-26 03:00:00,18.6,89,0.0,2.9,60,-2.5114736709748717,-1.4500000000000002
2015-04-26 04:00:00,18.1,88,0.0,2.5,82,-2.475670171853926,-0.3479327524001638
2015-04-26 05:00:00,17.8,87,0.0,1.9,68,-1.761649323676896,-0.7117525274902328
2015-04-26 06:00:00,17.4,87,0.0,2.3,51,-1.7874357113510326,-1.4474368994146265
2015-04-26 07:00:00,19.5,90,0.0,2.1,59,-1.800051331474436,-1.0815799573111138
2015-04-26 08:00:00,22.8,78,0.0,4.2,329,2.1631599146222276,-3.600102662948872
2015-04-26 09:00:00,23.9,76,0.0,6.1,315,4.31335136523794,-4.313351365237939
2015-04-26 10:00:00,24.3,73,0.0,6.0,295,5.437846722219899,-2.5357095704441965
2015-04-26 11:00:00,24.9,71,0.1,6.3,283,6.1385314081469815,-1.4171916423663495
2015-04-26 12:00:00,25.3,70,0.1,8.6,285,8.306962106085987,-2.2258437878816784
2015-04-26 13:00:00,25.4,69,0.7000000000000001,7.8,292,7.232034065620942,-2.921931428644114
2015-04-26 14:00:00,24.9,72,0.3,6.7,306,5.420413862312148,-3.93816119035957
2015-04-26 15:00:00,25.1,70,0.4,7.4,309,5.750880114781585,-4.656970893768797
2015-04-26 16:00:00,25.0,72,0.2,7.1,311,5.358438019581681,-4.658019105832602
2015-04-26 17:00:00,24.4,74,0.0,5.6,315,3.9597979746446663,-3.9597979746446654
2015-04-26 18:00:00,23.3,80,0.0,5.7,325,3.269385687200963,-4.669166652447253
2015-04-26 19:00:00,21.9,89,0.0,5.0,339,1.791839747726502,-4.667902132486009
2015-04-26 20:00:00,21.9,87,0.0,3.1,36,-1.822134282106667,-2.507952682562337
2015-04-26 21:00:00,21.7,88,0.0,2.6,74,-2.499280409439629,-0.7166571251241974
2015-04-26 22:00:00,21.4,87,0.0,2.6,74,-2.499280409439629,-0.7166571251241974
2015-04-26 23:00:00,19.8,92,0.0,1.5,76,-1.4554435894139948,-0.3628828433995013
2015-04-27 00:00:00,17.8,96,0.0,1.8,90,-1.8,2.2043642384652358e-16
2015-04-27 01:00:00,17.4,95,0.0,1.5,76,-1.4554435894139948,-0.3628828433995013
2015-04-27 02:00:00,17.2,92,0.0,1.8,53,-1.437543918085127,-1.0832670416736871
2015-04-27 03:00:00,15.9,93,0.0,2.4,63,-2.138415658052083,-1.089577199374912
2015-04-27 04:00:00,15.7,93,0.0,2.6,56,-2.1554976886431088,-1.4539015490239415
2015-04-27 05:00:00,15.6,91,0.0,2.9,60,-2.5114736709748717,-1.4500000000000002
2015-04-27 06:00:00,15.7,91,0.0,3.3,84,-3.2819222547153015,-0.3449439287832565
2015-04-27 07:00:00,19.4,89,0.0,2.9,90,-2.9,3.5514757175273243e-16
2015-04-27 08:00:00,23.0,70,0.0,1.1,288,1.0461621679246689,-0.33991869381244216
2015-04-27 09:00:00,24.2,71,0.0,4.4,279,4.3458286986186065,-0.6883116461770159
2015-04-27 10:00:00,25.2,69,0.0,6.0,287,5.737828535778212,-1.7542302283364206
2015-04-27 11:00:00,26.0,66,0.0,7.3,281,7.165878439167947,-1.392905666248777
2015-04-27 12:00:00,26.2,65,0.2,7.3,281,7.165878439167947,-1.392905666248777
2015-04-27 13:00:00,26.3,64,0.2,7.3,279,7.210124886344506,-1.1419715947936853
2015-04-27 14:00:00,26.3,66,0.2,7.6,275,7.571079705497266,-0.662383644882202
2015-04-27 15:00:00,26.2,69,0.0,8.0,280,7.878462024097664,-1.3891854213354426
2015-04-27 16:00:00,25.4,73,0.0,7.1,285,6.858073366652385,-1.8376152202278973
2015-04-27 17:00:00,24.8,75,0.0,6.3,294,5.755336383148386,-2.5624408513775414
2015-04-27 18:00:00,23.9,79,0.0,3.6,315,2.5455844122715714,-2.545584412271571
2015-04-27 19:00:00,22.7,88,0.0,3.8,311,2.8678964048465336,-2.4930243101639276
2015-04-27 20:00:00,22.6,85,0.0,2.1,329,1.0815799573111138,-1.800051331474436
2015-04-27 21:00:00,22.4,86,0.0,1.1,90,-1.1,1.3471114790620887e-16
2015-04-27 22:00:00,22.0,87,0.0,1.6,153,-0.7263847995832747,1.4256104387013888
2015-04-27 23:00:00,21.6,87,0.0,2.2,171,-0.34415582308850784,2.1729143493093033
2015-04-28 00:00:00,20.0,91,0.0,1.6,153,-0.7263847995832747,1.4256104387013888
2015-04-28 01:00:00,18.3,94,0.0,2.4,153,-1.089577199374912,2.138415658052083
2015-04-28 02:00:00,17.9,95,0.0,2.6,146,-1.4539015490239415,2.1554976886431088
2015-04-28 03:00:00,17.0,95,0.0,1.8,143,-1.0832670416736871,1.4375439180851268
2015-04-28 04:00:00,16.7,94,0.0,2.2,90,-2.2,2.6942229581241775e-16
2015-04-28 05:00:00,16.6,93,0.0,2.9,97,-2.8783838397598336,0.35342109587492787
2015-04-28 06:00:00,16.9,92,0.0,3.3,103,-3.215421213791276,0.7423384793347552
2015-04-28 07:00:00,20.7,87,0.0,3.4,122,-2.883363526931848,1.8017254983928965
2015-04-28 08:00:00,24.0,70,0.0,3.1,216,1.8221342821066668,2.5079526825623373
2015-04-28 09:00:00,25.0,69,0.0,5.5,238,4.664264528860342,2.914555953282627
2015-04-28 10:00:00,25.5,70,0.0,6.8,252,6.467184310807044,2.1013155617496424
2015-04-28 11:00:00,26.3,69,0.2,7.6,245,6.887939181478539,3.211898789229316
2015-04-28 12:00:00,26.7,66,0.3,8.4,250,7.8934180146016315,2.872969203935617
2015-04-28 13:00:00,26.1,71,0.5,9.1,252,8.654614298285896,2.8120546488120213
2015-04-28 14:00:00,25.8,73,0.8,8.1,249,7.5620014546273335,2.902780391316932
2015-04-28 15:00:00,25.3,75,0.4,7.8,257,7.6000865053248345,1.754618223882147
2015-04-28 16:00:00,24.7,77,0.8,5.0,249,4.667902132486009,1.7918397477265013
2015-04-28 17:00:00,24.8,77,0.1,0.8,243,0.7128052193506944,0.3631923997916374
2015-04-28 18:00:00,24.7,77,0.0,2.3,321,1.447436899414626,-1.7874357113510329
2015-04-28 19:00:00,23.8,82,0.0,3.2,360,1.9594348786357652e-16,-3.2
2015-04-28 20:00:00,23.9,78,0.0,3.1,45,-2.192031021678298,-2.192031021678297
2015-04-28 21:00:00,23.5,78,0.0,3.4,58,-2.8833635269318485,-1.8017254983928963
2015-04-28 22:00:00,22.0,82,0.0,2.3,72,-2.187429987478853,-0.7107390870623786
2015-04-28 23:00:00,21.5,82,0.0,1.8,79,-1.7669289302057951,-0.3434561916777805
2015-04-29 00:00:00,21.0,81,0.0,0.4,180,2.4492935982947065e-17,0.4
2015-04-29 01:00:00,20.9,79,0.0,1.5,194,0.3628828433995015,1.4554435894139948
2015-04-29 02:00:00,21.6,75,0.0,1.5,166,-0.36288284339950166,1.4554435894139948
2015-04-29 03:00:00,20.5,77,0.0,1.3,146,-0.7269507745119708,1.0777488443215544
2015-04-29 04:00:00,22.0,69,0.0,1.5,14,-0.36288284339950166,-1.4554435894139948
2015-04-29 05:00:00,20.5,75,0.0,2.1,31,-1.0815799573111144,-1.8000513314744355
2015-04-29 06:00:00,21.1,72,0.0,2.3,51,-1.7874357113510326,-1.4474368994146265
2015-04-29 07:00:00,22.2,75,0.0,2.6,16,-0.7166571251241971,-2.4992804094396295
2015-04-29 08:00:00,23.7,70,0.0,3.3,347,0.7423384793347542,-3.2154212137912763
2015-04-29 09:00:00,24.8,68,0.0,3.3,311,2.4905416147351476,-2.1649947956686737
2015-04-29 10:00:00,25.6,66,0.0,5.2,282,5.08636752381579,-1.0811407922523486
2015-04-29 11:00:00,26.7,64,0.3,4.7,261,4.6421352007971475,0.7352419856890852
2015-04-29 12:00:00,27.2,63,0.2,6.5,267,6.49109197590473,0.3401837155791349
2015-04-29 13:00:00,27.6,63,0.2,6.8,267,6.790680836331102,0.3558845024520181
2015-04-29 14:00:00,27.6,65,0.3,5.8,263,5.756767679519667,0.7068421917498553
2015-04-29 15:00:00,27.0,65,0.1,6.5,276,6.4643923198937765,-0.6794350112397476
2015-04-29 16:00:00,26.5,69,0.0,5.8,277,5.756767679519667,-0.7068421917498553
2015-04-29 17:00:00,25.7,74,0.0,5.8,292,5.377666356487367,-2.1727182418122895
2015-04-29 18:00:00,24.6,78,0.0,4.2,290,3.9467090073008158,-1.4364846019678086
2015-04-29 19:00:00,24.0,82,0.0,3.5,294,3.197409101749103,-1.4235782507653008
2015-04-29 20:00:00,23.5,84,0.0,3.7,299,3.2360929164157644,-1.7937955949114472
2015-04-29 21:00:00,23.2,85,0.0,4.2,301,3.600102662948872,-2.1631599146222276
2015-04-29 22:00:00,22.8,87,0.0,4.2,301,3.600102662948872,-2.1631599146222276
2015-04-29 23:00:00,22.4,89,0.0,2.6,254,2.499280409439629,0.7166571251241979
2015-04-30 00:00:00,22.2,90,0.0,3.6,180,2.2043642384652358e-16,3.6
2015-04-30 01:00:00,21.9,91,0.0,5.1,184,0.35575801609503865,5.087576656325103
2015-04-30 02:00:00,21.7,91,0.0,3.6,233,2.875087836170254,2.166534083347374
2015-04-30 03:00:00,21.8,91,0.0,1.1,252,1.0461621679246689,0.33991869381244216
2015-04-30 04:00:00,21.7,90,0.1,1.3,34,-0.7269507745119705,-1.0777488443215544
2015-04-30 05:00:00,20.9,91,0.0,2.4,63,-2.138415658052083,-1.089577199374912
2015-04-30 06:00:00,20.7,91,0.0,3.3,41,-2.1649947956686737,-2.4905416147351476
2015-04-30 07:00:00,21.9,89,0.0,3.2,27,-1.4527695991665501,-2.851220877402777
2015-04-30 08:00:00,24.1,79,0.0,3.8,343,1.1110124779463997,-3.6339580726595346
2015-04-30 09:00:00,25.1,75,0.0,4.8,318,3.2118269105225195,-3.5670951622914924
2015-04-30 10:00:00,26.1,72,0.0,6.6,311,4.981083229470295,-4.329989591337347
2015-04-30 11:00:00,27.0,68,0.4,7.4,309,5.750880114781585,-4.656970893768797
2015-04-30 12:00:00,27.2,66,0.6,7.4,317,5.046787864462489,-5.412017391981862
2015-04-30 13:00:00,26.3,69,1.1,6.9,321,4.342310698243879,-5.3623071340531
2015-04-30 14:00:00,26.6,69,0.2,7.1,319,4.658019105832602,-5.358438019581681
2015-04-30 15:00:00,26.9,65,0.1,5.7,325,3.269385687200963,-4.669166652447253
2015-04-30 16:00:00,27.0,67,0.5,5.4,318,3.6133052743378347,-4.012982057577929
2015-04-30 17:00:00,26.2,70,0.3,5.1,309,3.963444403430551,-3.2095339943541705
2015-04-30 18:00:00,25.5,73,0.0,3.5,294,3.197409101749103,-1.4235782507653008
2015-04-30 19:00:00,24.1,84,0.0,3.9,304,3.2332465329646625,-2.180852323535913
2015-04-30 20:00:00,23.9,82,0.0,1.1,270,1.1,0.0
2015-04-30 21:00:00,23.3,85,0.0,2.9,180,1.7757378587636622e-16,2.9
2015-04-30 22:00:00,21.7,90,0.0,4.3,175,-0.3747696938149304,4.283637201794505
2015-04-30 23:00:00,21.7,90,0.0,5.9,169,-1.1257730727216144,5.791600382341218
2015-05-01 00:00:00,22.3,88,0.0,5.8,173,-0.7068421917498547,5.756767679519668
2015-05-01 01:00:00,22.0,91,0.0,6.5,177,-0.34018371557913496,6.49109197590473
2015-05-01 02:00:00,20.8,95,0.1,6.5,183,0.3401837155791358,6.49109197590473
2015-05-01 03:00:00,21.5,89,0.0,5.6,195,1.4493866525741161,5.4091846272187825
2015-05-01 04:00:00,22.3,87,0.0,4.0,207,1.8159619989581872,3.564026096753471
2015-05-01 05:00:00,22.1,88,0.0,2.5,188,0.34793275240016364,2.475670171853926
2015-05-01 06:00:00,21.8,89,0.0,0.5,135,-0.35355339059327373,0.3535533905932738
2015-05-01 07:00:00,22.4,90,0.0,1.1,252,1.0461621679246689,0.33991869381244216
2015-05-01 08:00:00,23.9,84,0.0,3.3,264,3.2819222547153015,0.3449439287832564
2015-05-01 09:00:00,24.9,80,0.1,4.3,275,4.283637201794505,-0.3747696938149301
2015-05-01 10:00:00,25.6,76,0.1,5.5,281,5.3989495089621515,-1.0494494745709964
2015-05-01 11:00:00,26.0,75,0.1,6.5,289,6.1458707413955596,-2.1161930039715187
2015-05-01 12:00:00,26.5,74,0.2,6.6,283,6.430842427582553,-1.484676958669509
2015-05-01 13:00:00,24.7,79,0.9,6.3,301,5.400153994423308,-3.244739871933341
2015-05-01 14:00:00,24.9,79,2.0,5.4,312,4.012982057577929,-3.6133052743378347
2015-05-01 15:00:00,23.7,83,2.9,3.1,339,1.1109406435904312,-2.8940993221413254
2015-05-01 16:00:00,24.2,81,0.7000000000000001,3.1,339,1.1109406435904312,-2.8940993221413254
2015-05-01 17:00:00,24.4,80,0.3,2.3,309,1.7874357113510329,-1.4474368994146258
2015-05-01 18:00:00,24.1,82,0.0,3.3,283,3.2154212137912763,-0.7423384793347545
2015-05-01 19:00:00,23.2,90,0.0,2.9,300,2.511473670974872,-1.4499999999999997
2015-05-01 20:00:00,23.2,87,0.0,0.7000000000000001,270,0.7000000000000001,0.0
2015-05-01 21:00:00,23.0,88,0.0,1.3,124,-1.0777488443215542,0.726950774511971
2015-05-01 22:00:00,22.2,91,0.0,2.1,121,-1.8000513314744357,1.0815799573111142
2015-05-01 23:00:00,19.2,98,0.0,2.6,124,-2.1554976886431083,1.453901549023942
2015-05-02 00:00:00,18.5,98,0.0,3.8,131,-2.8678964048465336,2.4930243101639276
2015-05-02 01:00:00,18.4,96,0.0,3.3,139,-2.1649947956686737,2.490541614735148
2015-05-02 02:00:00,18.1,97,0.0,2.2,171,-0.34415582308850784,2.1729143493093033
2015-05-02 03:00:00,18.4,92,0.0,2.4,153,-1.089577199374912,2.138415658052083
2015-05-02 04:00:00,18.1,94,0.0,4.7,122,-3.9858260519352022,2.490620541896063
2015-05-02 05:00:00,17.9,93,0.0,4.3,132,-3.195522749552794,2.8772616073430908
2015-05-02 06:00:00,18.0,91,0.0,1.1,108,-1.0461621679246689,0.3399186938124423
2015-05-02 07:00:00,21.5,89,0.0,2.9,120,-2.511473670974872,1.4499999999999997
2015-05-02 08:00:00,24.8,68,0.0,4.4,189,0.6883116461770161,4.3458286986186065
2015-05-02 09:00:00,26.0,67,0.0,8.1,212,4.29234604028896,6.86918957886705
2015-05-02 10:00:00,27.2,65,0.0,11.0,221,7.2166493188955805,8.301805382450492
2015-05-02 11:00:00,28.0,64,0.0,13.2,215,7.571208959833809,10.81280698461469
2015-05-02 12:00:00,28.6,63,0.0,15.0,215,8.603646545265692,12.287280664334878
2015-05-02 13:00:00,28.5,63,0.1,16.5,216,9.698456662825807,13.348780407186633
2015-05-02 14:00:00,27.8,66,1.1,16.6,214,9.282602197614398,13.762023704413695
2015-05-02 15:00:00,27.1,70,0.0,15.6,214,8.72340929414365,12.932986131858652
2015-05-02 16:00:00,26.8,72,0.0,13.4,211,6.901510203794726,11.486041829408306
2015-05-02 17:00:00,26.5,74,0.0,11.8,207,5.357087896926653,10.51387698542274
2015-05-02 18:00:00,25.5,77,0.0,6.6,221,4.329989591337347,4.981083229470295
2015-05-02 19:00:00,24.3,83,0.0,6.5,186,0.6794350112397475,6.4643923198937765
2015-05-02 20:00:00,23.2,88,0.0,6.0,163,-1.75423022833642,5.737828535778213
2015-05-02 21:00:00,23.8,81,0.0,5.5,157,-2.149021206691006,5.062776693988422
2015-05-02 22:00:00,23.9,79,0.0,5.8,150,-2.8999999999999986,5.022947341949744
2015-05-02 23:00:00,21.9,84,0.0,6.7,144,-3.9381611903595695,5.420413862312148
2015-05-03 00:00:00,21.3,84,0.0,7.1,139,-4.658019105832601,5.358438019581682
2015-05-03 01:00:00,20.8,82,0.0,7.2,143,-4.333068166694749,5.750175672340507
2015-05-03 02:00:00,20.1,81,0.0,7.5,145,-4.301823272632846,6.143640332167438
2015-05-03 03:00:00,20.4,73,0.0,7.5,145,-4.301823272632846,6.143640332167438
2015-05-03 04:00:00,21.2,66,0.0,7.1,139,-4.658019105832601,5.358438019581682
2015-05-03 05:00:00,21.9,60,0.0,6.4,137,-4.364789504399989,4.6806636903626915
2015-05-03 06:00:00,21.4,61,0.0,5.1,135,-3.606244584051392,3.6062445840513924
2015-05-03 07:00:00,22.8,65,0.0,4.7,148,-2.4906205418960625,3.9858260519352027
2015-05-03 08:00:00,25.3,56,0.0,4.3,180,2.632990618166809e-16,4.3
2015-05-03 09:00:00,26.4,55,0.0,5.6,207,2.542346798541462,4.989636535454859
2015-05-03 10:00:00,26.8,58,0.0,5.4,228,4.012982057577929,3.6133052743378347
2015-05-03 11:00:00,27.3,60,0.0,5.8,248,5.377666356487367,2.1727182418122895
2015-05-03 12:00:00,27.9,61,0.0,6.0,253,5.737828535778212,1.7542302283364206
2015-05-03 13:00:00,28.0,61,0.4,6.9,261,6.815049550106451,1.079397808777593
2015-05-03 14:00:00,27.6,64,1.5,7.9,254,7.59396739791272,2.1775351109542935
2015-05-03 15:00:00,27.2,68,0.0,6.8,252,6.467184310807044,2.1013155617496424
2015-05-03 16:00:00,27.0,69,0.0,5.3,242,4.679622242152313,2.4881992827652213
2015-05-03 17:00:00,26.7,70,0.0,4.4,235,3.604268994871564,2.523736319944603
2015-05-03 18:00:00,25.9,74,0.0,4.6,252,4.3748599749577055,1.421478174124758
2015-05-03 19:00:00,24.3,83,0.0,4.4,189,0.6883116461770161,4.3458286986186065
2015-05-03 20:00:00,23.7,82,0.0,4.7,148,-2.4906205418960625,3.9858260519352027
2015-05-03 21:00:00,22.3,86,0.2,5.2,146,-2.907803098047883,4.3109953772862175
2015-05-03 22:00:00,21.3,90,0.2,6.1,140,-3.92100441908789,4.6728711030257655
2015-05-03 23:00:00,20.9,92,0.1,6.4,137,-4.364789504399989,4.6806636903626915
2015-05-04 00:00:00,21.7,89,0.2,6.2,144,-3.644268564213333,5.0159053651246746
2015-05-04 01:00:00,21.6,89,0.3,6.4,142,-3.9402334420842133,5.043268823083022
2015-05-04 02:00:00,21.3,89,0.1,4.6,129,-3.5748714227020657,2.8948737988292517
2015-05-04 03:00:00,21.4,84,0.0,2.5,135,-1.7677669529663687,1.7677669529663689
2015-05-04 04:00:00,21.0,85,0.0,1.5,135,-1.0606601717798212,1.0606601717798214
2015-05-04 05:00:00,20.7,85,0.1,0.8,117,-0.7128052193506943,0.36319239979163753
2015-05-04 06:00:00,20.7,85,0.0,2.4,117,-2.138415658052083,1.0895771993749124
2015-05-04 07:00:00,22.8,84,0.0,2.5,98,-2.475670171853926,0.3479327524001633
2015-05-04 08:00:00,25.4,66,0.0,0.8,297,0.7128052193506944,-0.3631923997916374
2015-05-04 09:00:00,26.6,63,0.0,4.0,265,3.984778792366982,0.34862297099063266
2015-05-04 10:00:00,27.5,64,0.0,5.4,262,5.34744757120448,0.7515347451843534
2015-05-04 11:00:00,27.8,67,0.0,6.8,270,6.8,0.0
2015-05-04 12:00:00,27.2,68,0.3,8.0,280,7.878462024097664,-1.3891854213354426
2015-05-04 13:00:00,27.5,68,0.6,8.1,283,7.892397524760405,-1.8221035401853065
2015-05-04 14:00:00,26.4,74,2.1,6.3,283,6.1385314081469815,-1.4171916423663495
2015-05-04 15:00:00,26.5,74,0.4,2.0,225,1.4142135623730951,1.414213562373095
2015-05-04 16:00:00,26.9,69,0.2,3.4,238,2.883363526931848,1.8017254983928965
2015-05-04 17:00:00,26.4,70,1.8,5.0,240,4.330127018922194,2.4999999999999996
2015-05-04 18:00:00,25.7,73,0.7000000000000001,3.8,253,3.6339580726595346,1.1110124779463997
2015-05-04 19:00:00,24.4,82,0.3,5.6,255,5.4091846272187825,1.4493866525741161
2015-05-04 20:00:00,23.2,86,0.5,4.6,252,4.3748599749577055,1.421478174124758
2015-05-04 21:00:00,22.1,93,0.2,2.4,243,2.138415658052083,1.0895771993749122
2015-05-04 22:00:00,21.7,94,0.1,3.3,193,0.7423384793347542,3.2154212137912763
2015-05-04 23:00:00,22.3,92,0.4,5.8,187,0.7068421917498554,5.756767679519667
2015-05-05 00:00:00,22.4,91,0.8,7.1,195,1.8376152202278973,6.858073366652385
2015-05-05 01:00:00,22.4,90,1.7000000000000002,6.5,199,2.116193003971519,6.145870741395559
2015-05-05 02:00:00,22.4,90,2.5,6.5,199,2.116193003971519,6.145870741395559
2015-05-05 03:00:00,21.3,91,1.6,6.0,213,3.2678342100901627,5.032023407672544
2015-05-05 04:00:00,21.3,92,1.8,4.7,212,2.490620541896063,3.9858260519352022
2015-05-05 05:00:00,21.8,89,2.2,3.6,217,2.1665340833473743,2.875087836170254
2015-05-05 06:00:00,21.4,92,1.9,3.9,214,2.1808523235359125,3.233246532964663
2015-05-05 07:00:00,21.9,91,1.6,4.0,207,1.8159619989581872,3.564026096753471
2015-05-05 08:00:00,22.5,88,1.0,3.9,214,2.1808523235359125,3.233246532964663
2015-05-05 09:00:00,23.3,85,0.5,2.7,247,2.485363104321589,1.0549740469210394
2015-05-05 10:00:00,24.4,80,0.5,3.0,256,2.9108871788279895,0.7257656867990032
2015-05-05 11:00:00,25.1,80,0.5,4.0,270,4.0,0.0
2015-05-05 12:00:00,24.7,84,1.0,6.1,242,5.385980316439454,2.8637765329939335
2015-05-05 13:00:00,24.6,87,3.4,7.8,248,7.232034065620942,2.921931428644114
2015-05-05 14:00:00,25.1,87,4.3,7.3,261,7.210124886344506,1.1419715947936853
2015-05-05 15:00:00,23.8,83,1.6,5.8,292,5.377666356487367,-2.1727182418122895
2015-05-05 16:00:00,23.8,82,0.8,3.3,319,2.1649947956686737,-2.4905416147351476
2015-05-05 17:00:00,23.5,83,0.3,3.3,319,2.1649947956686737,-2.4905416147351476
2015-05-05 18:00:00,23.1,86,0.1,3.8,319,2.4930243101639276,-2.8678964048465336
2015-05-05 19:00:00,22.3,93,0.0,3.3,319,2.1649947956686737,-2.4905416147351476
2015-05-05 20:00:00,22.0,91,0.0,3.3,354,0.3449439287832564,-3.2819222547153015
2015-05-05 21:00:00,21.6,94,0.0,4.4,9,-0.6883116461770166,-4.345828698618606
2015-05-05 22:00:00,21.4,95,0.0,3.9,22,-1.460965714322058,-3.6160170328104706
2015-05-05 23:00:00,21.5,93,0.0,2.3,51,-1.7874357113510326,-1.4474368994146265
2015-05-06 00:00:00,20.2,97,0.0,2.5,90,-2.5,3.061616997868383e-16
2015-05-06 01:00:00,19.2,98,0.0,2.9,90,-2.9,3.5514757175273243e-16
2015-05-06 02:00:00,18.8,98,0.0,2.9,83,-2.878383839759834,-0.3534210958749272
2015-05-06 03:00:00,21.0,92,0.0,1.3,56,-1.0777488443215544,-0.7269507745119708
2015-05-06 04:00:00,18.7,98,0.0,1.5,76,-1.4554435894139948,-0.3628828433995013
2015-05-06 05:00:00,18.1,96,0.0,2.9,83,-2.878383839759834,-0.3534210958749272
2015-05-06 06:00:00,18.0,97,0.0,3.3,77,-3.2154212137912763,-0.7423384793347544
2015-05-06 07:00:00,21.3,92,0.0,3.0,104,-2.9108871788279895,0.7257656867990032
2015-05-06 08:00:00,24.1,79,0.0,1.8,233,1.437543918085127,1.083267041673687
2015-05-06 09:00:00,25.4,76,0.0,6.2,234,5.0159053651246746,3.6442685642133337
2015-05-06 10:00:00,26.2,74,0.0,8.4,227,6.143371093601032,5.728786224524987
2015-05-06 11:00:00,27.5,69,0.0,10.9,224,7.57177623800307,7.840803823691297
2015-05-06 12:00:00,28.3,66,0.0,12.7,223,8.66137917279373,9.288192010563463
2015-05-06 13:00:00,28.6,66,0.0,12.9,234,10.436319227436822,7.582429754572904
2015-05-06 14:00:00,28.0,67,0.8,11.0,238,9.328529057720685,5.829111906565254
2015-05-06 15:00:00,26.0,78,0.4,9.4,230,7.200817765318393,6.042203531053469
2015-05-06 16:00:00,25.7,79,0.2,7.1,221,4.658019105832602,5.358438019581681
2015-05-06 17:00:00,25.7,78,0.1,4.7,212,2.490620541896063,3.9858260519352022
2015-05-06 18:00:00,24.9,78,0.8,3.4,252,3.233592155403522,1.0506577808748212
2015-05-06 19:00:00,23.8,88,0.3,1.8,180,1.1021821192326179e-16,1.8
2015-05-06 20:00:00,23.4,85,0.0,2.5,98,-2.475670171853926,0.3479327524001633
2015-05-06 21:00:00,21.8,91,0.0,1.8,101,-1.7669289302057951,0.34345619167778096
2015-05-06 22:00:00,20.9,92,0.0,1.3,124,-1.0777488443215542,0.726950774511971
2015-05-06 23:00:00,19.6,95,0.0,1.1,72,-1.046162167924669,-0.33991869381244205
2015-05-07 00:00:00,18.9,93,0.0,2.9,90,-2.9,3.5514757175273243e-16
2015-05-07 01:00:00,18.5,92,0.0,3.6,90,-3.6,4.4087284769304716e-16
2015-05-07 02:00:00,18.1,92,0.0,2.9,83,-2.878383839759834,-0.3534210958749272
2015-05-07 03:00:00,19.3,86,0.0,1.8,53,-1.437543918085127,-1.0832670416736871
2015-05-07 04:00:00,19.0,85,0.0,1.5,14,-0.36288284339950166,-1.4554435894139948
2015-05-07 05:00:00,18.4,86,0.0,1.5,14,-0.36288284339950166,-1.4554435894139948
2015-05-07 06:00:00,18.7,84,0.0,1.6,63,-1.4256104387013888,-0.7263847995832747
2015-05-07 07:00:00,21.9,86,0.0,1.8,53,-1.437543918085127,-1.0832670416736871
2015-05-07 08:00:00,24.4,70,0.0,3.6,323,2.1665340833473743,-2.875087836170254
2015-05-07 09:00:00,25.2,70,0.0,5.1,315,3.6062445840513924,-3.606244584051392
2015-05-07 10:00:00,26.1,70,0.0,8.5,324,4.996174644486022,-6.876644452187053
2015-05-07 11:00:00,26.6,69,0.0,10.0,330,5.000000000000001,-8.660254037844386
2015-05-07 12:00:00,26.8,69,0.0,10.0,334,4.383711467890775,-8.98794046299167
2015-05-07 13:00:00,26.7,71,0.0,10.5,333,4.766900247265242,-9.355568503977862
2015-05-07 14:00:00,27.3,69,0.0,10.5,333,4.766900247265242,-9.355568503977862
2015-05-07 15:00:00,26.7,74,0.0,9.8,343,2.8652427062828205,-9.371786608437748
2015-05-07 16:00:00,26.8,73,0.0,8.8,351,1.3766232923540322,-8.691657397237213
2015-05-07 17:00:00,26.5,75,0.0,7.4,346,1.7902220274375409,-7.180188374442374
2015-05-07 18:00:00,25.6,79,0.0,4.7,328,2.490620541896063,-3.9858260519352022
2015-05-07 19:00:00,24.1,91,0.0,2.5,8,-0.3479327524001646,-2.475670171853926
2015-05-07 20:00:00,24.1,85,0.1,1.8,349,0.34345619167778085,-1.7669289302057951
2015-05-07 21:00:00,22.3,91,0.0,0.8,243,0.7128052193506944,0.3631923997916374
2015-05-07 22:00:00,21.3,94,0.4,1.1,198,0.3399186938124422,1.0461621679246689
2015-05-07 23:00:00,21.1,94,0.5,1.8,180,1.1021821192326179e-16,1.8
2015-05-08 00:00:00,21.2,94,0.1,0.4,90,-0.4,4.898587196589413e-17
2015-05-08 01:00:00,21.8,93,0.0,2.6,106,-2.499280409439629,0.716657125124198
2015-05-08 02:00:00,21.9,93,0.0,2.7,113,-2.485363104321589,1.0549740469210394
2015-05-08 03:00:00,23.1,82,0.0,1.8,101,-1.7669289302057951,0.34345619167778096
2015-05-08 04:00:00,23.0,83,0.0,1.5,104,-1.4554435894139948,0.3628828433995016
2015-05-08 05:00:00,22.7,84,0.1,2.0,135,-1.414213562373095,1.4142135623730951
2015-05-08 06:00:00,22.3,84,0.0,2.9,120,-2.511473670974872,1.4499999999999997
2015-05-08 07:00:00,22.9,90,0.0,1.8,169,-0.34345619167778063,1.7669289302057951
2015-05-08 08:00:00,24.9,81,0.0,3.9,248,3.616017032810471,1.460965714322057
2015-05-08 09:00:00,25.5,80,0.0,5.1,266,5.087576656325103,0.35575801609503904
2015-05-08 10:00:00,26.5,79,0.1,6.5,267,6.49109197590473,0.3401837155791349
2015-05-08 11:00:00,26.8,79,0.5,8.3,270,8.3,0.0
2015-05-08 12:00:00,27.1,81,0.7000000000000001,9.7,268,9.694091022085228,0.3385251180142594
2015-05-08 13:00:00,26.8,86,0.6,9.0,265,8.96575228282571,0.7844016847289235
2015-05-08 14:00:00,27.1,88,0.4,6.6,261,6.518743047927909,1.0324674692655236
2015-05-08 15:00:00,26.5,79,0.5,5.4,266,5.386845871403051,0.37668495821827663
2015-05-08 16:00:00,26.7,76,0.9,5.4,228,4.012982057577929,3.6133052743378347
2015-05-08 17:00:00,26.5,75,0.4,4.7,212,2.490620541896063,3.9858260519352022
2015-05-08 18:00:00,26.0,76,0.1,4.7,270,4.7,0.0
2015-05-08 19:00:00,24.6,84,0.0,3.3,276,3.2819222547153015,-0.3449439287832564
2015-05-08 20:00:00,23.1,92,0.0,1.9,202,0.7117525274902327,1.761649323676896
2015-05-08 21:00:00,22.4,92,0.0,3.2,180,1.9594348786357652e-16,3.2
2015-05-08 22:00:00,21.4,95,0.0,4.3,180,2.632990618166809e-16,4.3
2015-05-08 23:00:00,20.7,95,0.0,4.2,160,-1.4364846019678086,3.9467090073008158
2015-05-09 00:00:00,19.7,94,0.0,4.5,151,-2.1816432911085166,3.9357886821272814
2015-05-09 01:00:00,19.3,93,0.0,4.3,156,-1.748967565225941,3.9282454678631837
2015-05-09 02:00:00,18.7,92,0.0,5.4,143,-3.2498011250210617,4.312631754255381
2015-05-09 03:00:00,18.1,95,0.0,5.4,132,-4.012982057577928,3.613305274337835
2015-05-09 04:00:00,17.9,93,0.0,5.1,141,-3.20953399435417,3.963444403430552
2015-05-09 05:00:00,17.7,92,0.0,4.9,144,-2.880147736233118,3.9641832724372428
2015-05-09 06:00:00,17.9,91,0.0,3.6,135,-2.545584412271571,2.5455844122715714
2015-05-09 07:00:00,21.6,90,0.0,3.4,108,-3.233592155403522,1.0506577808748214
2015-05-09 08:00:00,25.9,65,0.0,0.5,135,-0.35355339059327373,0.3535533905932738
2015-05-09 09:00:00,27.2,58,0.0,3.3,276,3.2819222547153015,-0.3449439287832564
2015-05-09 10:00:00,28.2,58,0.0,5.4,278,5.34744757120448,-0.7515347451843534
2015-05-09 11:00:00,28.7,59,0.0,6.2,280,6.10580806867569,-1.0766187015349682
2015-05-09 12:00:00,29.2,60,0.0,7.7,281,7.558529312547013,-1.469229264399395
2015-05-09 13:00:00,29.4,62,0.0,8.4,280,8.272385125302547,-1.458644692402215
2015-05-09 14:00:00,29.1,66,0.0,8.0,275,7.969557584733964,-0.6972459419812653
2015-05-09 15:00:00,28.4,69,0.0,7.6,267,7.589584464134761,0.3977532674463731
2015-05-09 16:00:00,28.0,71,0.0,7.5,287,7.172285669722766,-2.192787785420526
2015-05-09 17:00:00,26.8,77,0.0,8.2,311,6.18861855782673,-5.379684037722159
2015-05-09 18:00:00,24.7,83,0.2,6.9,332,3.239353783222647,-6.092338390726596
2015-05-09 19:00:00,23.9,85,0.2,5.2,25,-2.197614961051636,-4.71280049259058
2015-05-09 20:00:00,23.8,89,0.0,5.3,28,-2.488199282765221,-4.679622242152313
2015-05-09 21:00:00,24.2,81,0.0,4.6,39,-2.894873798829254,-3.5748714227020644
2015-05-09 22:00:00,24.1,81,0.0,4.1,52,-3.23084408978756,-2.5242120488351985
2015-05-09 23:00:00,23.8,81,0.0,4.7,67,-4.32637281122647,-1.8364363038995857
2015-05-10 00:00:00,23.6,81,0.0,4.1,75,-3.96029588778518,-1.0611580849203353
2015-05-10 01:00:00,23.3,82,0.0,3.4,72,-3.2335921554035223,-1.0506577808748208
2015-05-10 02:00:00,23.0,82,0.0,3.1,69,-2.8940993221413254,-1.1109406435904314
2015-05-10 03:00:00,22.4,81,0.0,2.6,56,-2.1554976886431088,-1.4539015490239415
2015-05-10 04:00:00,22.5,80,0.0,2.8,50,-2.1449244407331385,-1.7998053071223097
2015-05-10 05:00:00,22.6,81,0.0,3.6,53,-2.875087836170254,-2.1665340833473743
2015-05-10 06:00:00,22.1,83,0.0,3.2,63,-2.8512208774027776,-1.4527695991665495
2015-05-10 07:00:00,22.5,91,0.0,1.9,22,-0.7117525274902333,-1.7616493236768958
2015-05-10 08:00:00,25.2,82,0.0,4.5,331,2.181643291108517,-3.935788682127281
2015-05-10 09:00:00,26.5,78,0.0,7.0,325,4.015035054457323,-5.7340643100229425
2015-05-10 10:00:00,27.4,74,0.0,8.6,327,4.683895701129233,-7.212566884330647
2015-05-10 11:00:00,27.6,74,0.0,9.6,326,5.368251873319169,-7.9587606965284
2015-05-10 12:00:00,28.0,72,0.4,7.4,331,3.587591189822895,-6.472185832831529
2015-05-10 13:00:00,28.1,72,0.8,5.8,330,2.9000000000000004,-5.0229473419497435
2015-05-10 14:00:00,27.5,73,2.2,7.2,333,3.268731598124737,-6.415246974156248
2015-05-10 15:00:00,26.8,75,0.3,8.8,9,-1.3766232923540331,-8.691657397237211
2015-05-10 16:00:00,27.1,73,0.2,8.3,360,5.082284216461516e-16,-8.3
2015-05-10 17:00:00,26.9,73,0.2,7.0,339,2.5085756468171025,-6.535062985480412
2015-05-10 18:00:00,26.1,77,0.1,4.8,333,2.1791543987498248,-4.276831316104166
2015-05-10 19:00:00,24.8,83,0.0,7.6,335,3.211898789229316,-6.887939181478539
2015-05-10 20:00:00,23.4,92,0.0,8.8,351,1.3766232923540322,-8.691657397237213
2015-05-10 21:00:00,22.8,93,0.0,9.0,355,0.7844016847289232,-8.96575228282571
2015-05-10 22:00:00,22.9,93,0.0,7.1,15,-1.8376152202278964,-6.858073366652385
2015-05-10 23:00:00,22.4,95,0.0,5.2,25,-2.197614961051636,-4.71280049259058
2015-05-11 00:00:00,22.3,96,0.0,5.4,20,-1.8469087739586103,-5.074340152243906
2015-05-11 01:00:00,22.5,96,0.0,6.1,28,-2.8637765329939335,-5.385980316439454
2015-05-11 02:00:00,22.2,96,0.0,7.4,14,-1.7902220274375418,-7.180188374442374
2015-05-11 03:00:00,22.0,94,0.0,7.2,18,-2.2249223594996224,-6.8476069173251055
2015-05-11 04:00:00,22.7,93,0.0,4.7,23,-1.836436303899587,-4.326372811226469
2015-05-11 05:00:00,22.5,94,0.0,2.8,50,-2.1449244407331385,-1.7998053071223097
2015-05-11 06:00:00,22.2,94,0.0,4.0,5,-0.348622970990633,-3.984778792366982
2015-05-11 07:00:00,22.5,96,0.0,6.2,353,0.7555899291119145,-6.153786140176196
2015-05-11 08:00:00,23.9,91,0.0,10.1,354,1.0557374790032998,-10.04467114321956
2015-05-11 09:00:00,24.7,87,0.0,9.7,356,0.6766377953180147,-9.676371287520293
2015-05-11 10:00:00,25.5,84,0.0,9.7,345,2.510544737494451,-9.369480515003962
2015-05-11 11:00:00,26.0,82,0.0,10.9,333,4.948496447161061,-9.71197111365321
2015-05-11 12:00:00,26.0,82,0.3,10.0,339,3.583679495453004,-9.335804264972017
2015-05-11 13:00:00,26.1,81,0.2,10.4,340,3.557009490586956,-9.772803256173447
2015-05-11 14:00:00,25.5,82,0.0,9.9,350,1.7191169589026112,-9.74959675482086
2015-05-11 15:00:00,25.3,78,0.4,9.4,353,1.1455718280083864,-9.329933825428427
2015-05-11 16:00:00,25.5,75,0.1,9.1,353,1.1090110249868421,-9.032169979936029
2015-05-11 17:00:00,25.6,74,0.0,7.2,354,0.752604935527105,-7.160557646651568
2015-05-11 18:00:00,25.5,71,0.0,4.0,27,-1.8159619989581877,-3.564026096753471
2015-05-11 19:00:00,24.0,82,0.0,5.4,70,-5.074340152243906,-1.846908773958611
2015-05-11 20:00:00,22.9,85,0.0,4.0,90,-4.0,4.898587196589413e-16
2015-05-11 21:00:00,21.7,88,0.0,2.9,120,-2.511473670974872,1.4499999999999997
2015-05-11 22:00:00,20.7,91,0.0,2.3,141,-1.4474368994146256,1.7874357113510333
2015-05-11 23:00:00,20.6,89,0.0,3.1,159,-1.1109406435904308,2.8940993221413254
2015-05-12 00:00:00,20.6,86,0.0,3.3,174,-0.3449439287832567,3.2819222547153015
2015-05-12 01:00:00,20.4,85,0.0,4.0,170,-0.6945927106677212,3.939231012048832
2015-05-12 02:00:00,21.1,82,0.3,4.5,166,-1.088648530198505,4.366330768241984
2015-05-12 03:00:00,22.7,68,0.0,4.2,160,-1.4364846019678086,3.9467090073008158
2015-05-12 04:00:00,23.5,63,0.0,4.6,162,-1.4214781741247577,4.374859974957706
2015-05-12 05:00:00,23.4,63,0.0,3.1,159,-1.1109406435904308,2.8940993221413254
2015-05-12 06:00:00,23.1,65,0.1,2.8,140,-1.7998053071223101,2.1449244407331385
2015-05-12 07:00:00,22.5,80,0.1,1.6,207,0.726384799583275,1.4256104387013886
2015-05-12 08:00:00,24.0,67,0.0,1.1,270,1.1,0.0
2015-05-12 09:00:00,24.4,68,0.3,1.8,233,1.437543918085127,1.083267041673687
2015-05-12 10:00:00,25.4,67,0.2,2.6,236,2.1554976886431083,1.453901549023942
2015-05-12 11:00:00,26.1,66,0.1,5.2,236,4.310995377286217,2.907803098047884
2015-05-12 12:00:00,26.7,67,1.5,7.6,239,6.5144714853360535,3.9142893693164114
2015-05-12 13:00:00,27.2,70,0.2,8.6,255,8.306962106085987,2.2258437878816784
2015-05-12 14:00:00,27.1,72,0.0,9.7,268,9.694091022085228,0.3385251180142594
2015-05-12 15:00:00,25.7,79,0.6,8.2,285,7.92059177557036,-2.12231616984067
2015-05-12 16:00:00,24.8,83,0.5,5.6,315,3.9597979746446663,-3.9597979746446654
2015-05-12 17:00:00,24.3,85,0.2,4.7,328,2.490620541896063,-3.9858260519352022
2015-05-12 18:00:00,23.8,87,0.0,3.7,331,1.7937955949114475,-3.2360929164157644
2015-05-12 19:00:00,23.3,89,0.0,2.9,330,1.4500000000000002,-2.5114736709748717
2015-05-12 20:00:00,22.0,95,0.0,1.8,53,-1.437543918085127,-1.0832670416736871
2015-05-12 21:00:00,21.5,95,0.0,3.9,112,-3.6160170328104706,1.4609657143220578
2015-05-12 22:00:00,20.7,97,0.0,4.4,125,-3.6042689948715645,2.5237363199446023
2015-05-12 23:00:00,20.4,97,0.0,3.8,131,-2.8678964048465336,2.4930243101639276
2015-05-13 00:00:00,20.3,96,0.0,3.3,131,-2.4905416147351476,2.1649947956686737
2015-05-13 01:00:00,20.1,95,0.0,3.9,124,-3.2332465329646625,2.180852323535913
2015-05-13 02:00:00,19.9,95,0.0,4.5,119,-3.935788682127281,2.181643291108517
2015-05-13 03:00:00,20.6,90,0.0,4.0,117,-3.564026096753471,1.8159619989581874
2015-05-13 04:00:00,19.4,95,0.0,2.6,124,-2.1554976886431083,1.453901549023942
2015-05-13 05:00:00,19.1,95,0.0,3.3,139,-2.1649947956686737,2.490541614735148
2015-05-13 06:00:00,19.0,95,0.0,2.4,153,-1.089577199374912,2.138415658052083
2015-05-13 07:00:00,21.9,92,0.0,3.6,180,2.2043642384652358e-16,3.6
2015-05-13 08:00:00,24.5,81,0.0,6.6,209,3.199743493625825,5.772490067120011
2015-05-13 09:00:00,25.7,77,0.0,9.0,217,5.4163352083684355,7.187719590425635
2015-05-13 10:00:00,26.8,73,0.0,9.4,223,6.410784584587486,6.874724795220202
2015-05-13 11:00:00,27.3,71,0.0,11.0,232,8.668118289673941,6.772276228582241
2015-05-13 12:00:00,27.6,71,0.2,11.3,239,9.68599049793387,5.8199302464836125
2015-05-13 13:00:00,27.4,71,0.4,8.9,227,6.509047944410617,6.069785404556237
2015-05-13 14:00:00,27.2,75,1.0,7.4,223,5.046787864462489,5.412017391981862
2015-05-13 15:00:00,26.1,79,0.6,8.6,237,7.212566884330647,4.683895701129233
2015-05-13 16:00:00,26.0,79,0.5,7.2,243,6.415246974156249,3.2687315981247367
2015-05-13 17:00:00,25.1,82,0.5,6.0,245,5.437846722219899,2.5357095704441965
2015-05-13 18:00:00,25.0,81,0.0,4.2,250,3.9467090073008158,1.4364846019678086
2015-05-13 19:00:00,24.2,88,0.0,3.8,229,2.8678964048465336,2.4930243101639276
2015-05-13 20:00:00,23.6,89,0.0,3.5,204,1.4235782507653008,3.197409101749103
2015-05-13 21:00:00,24.2,85,0.0,5.4,160,-1.8469087739586112,5.074340152243906
2015-05-13 22:00:00,23.8,87,0.0,7.2,162,-2.224922359499621,6.847606917325106
2015-05-13 23:00:00,22.2,92,0.0,5.0,159,-1.7918397477265013,4.667902132486009
2015-05-14 00:00:00,20.3,95,0.0,4.5,151,-2.1816432911085166,3.9357886821272814
2015-05-14 01:00:00,19.6,96,0.0,5.1,141,-3.20953399435417,3.963444403430552
2015-05-14 02:00:00,18.8,97,0.0,4.1,142,-2.524212048835199,3.23084408978756
2015-05-14 03:00:00,18.0,98,0.0,4.1,142,-2.524212048835199,3.23084408978756
2015-05-14 04:00:00,17.7,97,0.0,3.7,151,-1.793795594911447,3.236092916415765
2015-05-14 05:00:00,17.4,96,0.0,4.9,144,-2.880147736233118,3.9641832724372428
2015-05-14 06:00:00,17.7,95,0.0,5.1,129,-3.963444403430551,3.2095339943541705
2015-05-14 07:00:00,21.4,92,0.0,4.8,132,-3.567095162291491,3.21182691052252
2015-05-14 08:00:00,25.6,70,0.0,5.4,188,0.7515347451843536,5.34744757120448
2015-05-14 09:00:00,27.0,64,0.0,8.4,205,3.5499933986218752,7.61298541110786
2015-05-14 10:00:00,28.1,63,0.0,10.4,214,5.815606196095767,8.621990754572435
2015-05-14 11:00:00,28.8,63,0.0,12.5,224,8.683229630737465,8.991747504233139
2015-05-14 12:00:00,29.3,63,0.0,14.3,231,11.113187248834684,8.999281592012675
2015-05-14 13:00:00,29.6,64,0.0,14.8,229,11.169701787297026,9.709673629059509
2015-05-14 14:00:00,29.4,65,0.0,15.0,224,10.419875556884959,10.790097005079765
2015-05-14 15:00:00,28.8,67,0.0,14.8,223,10.093575728924979,10.824034783963723
2015-05-14 16:00:00,28.5,68,0.0,13.0,222,8.698697882665158,9.660882731206126
2015-05-14 17:00:00,27.8,73,0.0,10.2,225,7.212489168102785,7.212489168102784
2015-05-14 18:00:00,27.0,76,0.0,6.6,229,4.981083229470295,4.329989591337347
2015-05-14 19:00:00,26.3,78,0.0,5.5,191,1.049449474570997,5.3989495089621515
2015-05-14 20:00:00,25.8,79,0.0,5.2,155,-2.1976149610516367,4.71280049259058
2015-05-14 21:00:00,24.9,81,0.0,4.0,153,-1.8159619989581868,3.5640260967534716
2015-05-14 22:00:00,23.9,83,0.0,4.4,145,-2.5237363199446032,3.6042689948715636
2015-05-14 23:00:00,23.6,82,0.0,4.1,142,-2.524212048835199,3.23084408978756
2015-05-15 00:00:00,22.5,83,0.0,4.6,141,-2.894873798829251,3.5748714227020666
2015-05-15 01:00:00,20.9,86,0.0,3.5,156,-1.423578250765301,3.197409101749103
2015-05-15 02:00:00,20.4,85,0.0,4.2,160,-1.4364846019678086,3.9467090073008158
2015-05-15 03:00:00,19.7,84,0.0,4.2,160,-1.4364846019678086,3.9467090073008158
2015-05-15 04:00:00,19.3,84,0.0,4.2,160,-1.4364846019678086,3.9467090073008158
2015-05-15 05:00:00,18.9,83,0.0,4.6,162,-1.4214781741247577,4.374859974957706
2015-05-15 06:00:00,19.2,82,0.0,4.2,160,-1.4364846019678086,3.9467090073008158
2015-05-15 07:00:00,22.8,84,0.0,4.3,156,-1.748967565225941,3.9282454678631837
2015-05-15 08:00:00,26.2,62,0.0,7.3,200,2.4967470462773824,6.8597561317371305
2015-05-15 09:00:00,27.3,61,0.0,10.7,213,5.82763767466079,8.973775077016036
2015-05-15 10:00:00,28.2,61,0.0,12.9,216,7.582429754572904,10.436319227436822
2015-05-15 11:00:00,28.9,62,0.0,14.7,216,8.640443208699354,11.892549817311727
2015-05-15 12:00:00,29.4,63,0.0,15.4,217,9.267951356541545,12.29898685472831
2015-05-15 13:00:00,29.4,65,0.0,16.1,219,10.132058295902384,12.512049979457233
2015-05-15 14:00:00,29.0,67,0.0,16.2,217,9.749403375063183,12.937895262766144
2015-05-15 15:00:00,28.6,69,0.0,15.8,215,9.06250769434653,12.94260229976607
2015-05-15 16:00:00,28.1,71,0.0,14.4,212,7.630837404958151,12.211892584652533
2015-05-15 17:00:00,27.5,74,0.0,10.9,207,4.948496447161061,9.71197111365321
2015-05-15 18:00:00,26.8,77,0.0,6.2,201,2.2218812871808624,5.788198644282651
2015-05-15 19:00:00,25.2,84,0.0,6.9,171,-1.0793978087775926,6.815049550106451
2015-05-15 20:00:00,23.1,89,0.0,7.4,151,-3.587591189822894,6.47218583283153
2015-05-15 21:00:00,22.2,87,0.0,6.1,140,-3.92100441908789,4.6728711030257655
2015-05-15 22:00:00,21.0,88,0.0,3.9,146,-2.180852323535912,3.233246532964663
2015-05-15 23:00:00,19.8,89,0.0,4.0,153,-1.8159619989581868,3.5640260967534716
2015-05-16 00:00:00,18.9,89,0.0,4.3,156,-1.748967565225941,3.9282454678631837
2015-05-16 01:00:00,18.3,88,0.0,4.4,145,-2.5237363199446032,3.6042689948715636
2015-05-16 02:00:00,17.8,87,0.0,4.2,149,-2.163159914622228,3.600102662948872
2015-05-16 03:00:00,17.3,87,0.0,4.2,149,-2.163159914622228,3.600102662948872
2015-05-16 04:00:00,17.1,85,0.0,4.3,138,-2.8772616073430903,3.195522749552795
2015-05-16 05:00:00,16.9,82,0.0,4.3,132,-3.195522749552794,2.8772616073430908
2015-05-16 06:00:00,17.1,83,0.0,4.3,132,-3.195522749552794,2.8772616073430908
2015-05-16 07:00:00,21.4,83,0.0,3.6,127,-2.8750878361702545,2.1665340833473734
2015-05-16 08:00:00,26.4,52,0.0,3.6,217,2.1665340833473743,2.875087836170254
2015-05-16 09:00:00,27.7,48,0.0,4.8,243,4.276831316104166,2.1791543987498243
2015-05-16 10:00:00,28.5,52,0.0,6.0,253,5.737828535778212,1.7542302283364206
2015-05-16 11:00:00,29.1,55,0.0,7.3,261,7.210124886344506,1.1419715947936853
2015-05-16 12:00:00,29.3,58,0.0,7.6,267,7.589584464134761,0.3977532674463731
2015-05-16 13:00:00,29.4,61,0.0,8.3,270,8.3,0.0
2015-05-16 14:00:00,29.3,63,0.0,8.3,268,8.294943864258496,0.2896658226307581
2015-05-16 15:00:00,28.9,67,0.0,8.0,262,7.922144549932563,1.1133848076805235
2015-05-16 16:00:00,28.4,70,0.0,7.8,257,7.6000865053248345,1.754618223882147
2015-05-16 17:00:00,27.7,73,0.0,7.0,258,6.84703320513664,1.4553818357243153
2015-05-16 18:00:00,26.5,79,0.0,5.1,266,5.087576656325103,0.35575801609503904
2015-05-16 19:00:00,25.3,86,0.0,5.4,266,5.386845871403051,0.37668495821827663
2015-05-16 20:00:00,24.8,87,0.0,1.5,256,1.4554435894139948,0.3628828433995016
2015-05-16 21:00:00,24.4,88,0.0,1.1,90,-1.1,1.3471114790620887e-16
2015-05-16 22:00:00,23.8,89,0.0,3.1,111,-2.8940993221413254,1.1109406435904308
2015-05-16 23:00:00,23.2,89,0.0,3.8,139,-2.493024310163927,2.867896404846534
2015-05-17 00:00:00,23.5,86,0.0,3.4,162,-1.050657780874821,3.2335921554035223
2015-05-17 01:00:00,21.1,91,0.0,4.1,165,-1.0611580849203355,3.96029588778518
2015-05-17 02:00:00,18.8,95,0.0,3.8,163,-1.1110124779463992,3.633958072659535
2015-05-17 03:00:00,21.0,86,0.0,3.1,159,-1.1109406435904308,2.8940993221413254
2015-05-17 04:00:00,20.3,84,0.0,3.1,144,-1.8221342821066664,2.5079526825623373
2015-05-17 05:00:00,19.4,83,0.0,2.6,146,-1.4539015490239415,2.1554976886431088
2015-05-17 06:00:00,18.9,83,0.0,2.3,141,-1.4474368994146256,1.7874357113510333
2015-05-17 07:00:00,22.5,81,0.0,2.4,117,-2.138415658052083,1.0895771993749124
2015-05-17 08:00:00,25.7,67,0.0,3.1,249,2.8940993221413254,1.1109406435904308
2015-05-17 09:00:00,26.6,66,0.0,4.7,261,4.6421352007971475,0.7352419856890852
2015-05-17 10:00:00,27.4,64,0.0,5.8,266,5.78587149150698,0.40458754771592675
2015-05-17 11:00:00,28.2,62,0.0,6.6,261,6.518743047927909,1.0324674692655236
2015-05-17 12:00:00,28.9,60,0.0,7.6,251,7.185941174554808,2.474317973874391
2015-05-17 13:00:00,29.2,59,0.0,9.2,244,8.268905225952336,4.033014550459511
2015-05-17 14:00:00,29.1,62,0.0,10.2,247,9.389149505214892,3.9854575105905923
2015-05-17 15:00:00,28.6,66,0.0,10.9,253,10.423721839997087,3.186851581477831
2015-05-17 16:00:00,27.6,70,0.0,9.7,255,9.369480515003962,2.510544737494451
2015-05-17 17:00:00,26.7,75,0.0,7.3,259,7.165878439167947,1.392905666248777
2015-05-17 18:00:00,25.9,78,0.0,4.8,257,4.676976310969129,1.079765060850552
2015-05-17 19:00:00,24.8,86,0.0,5.9,227,4.314986839553106,4.023790324368742
2015-05-17 20:00:00,23.6,88,0.0,6.1,180,3.735172737399427e-16,6.1
2015-05-17 21:00:00,23.0,89,0.0,6.3,156,-2.5624408513775414,5.755336383148386
2015-05-17 22:00:00,22.5,88,0.0,7.1,139,-4.658019105832601,5.358438019581682
2015-05-17 23:00:00,21.6,89,0.0,6.9,137,-4.705788684431239,5.0463405411722775
2015-05-18 00:00:00,18.6,97,0.0,4.5,151,-2.1816432911085166,3.9357886821272814
2015-05-18 01:00:00,17.8,98,0.0,4.0,153,-1.8159619989581868,3.5640260967534716
2015-05-18 02:00:00,17.6,93,0.0,3.5,156,-1.423578250765301,3.197409101749103
2015-05-18 03:00:00,17.2,90,0.0,2.7,157,-1.0549740469210394,2.4853631043215887
2015-05-18 04:00:00,16.9,87,0.0,3.4,148,-1.8017254983928963,2.8833635269318485
2015-05-18 05:00:00,16.7,84,0.0,5.1,129,-3.963444403430551,3.2095339943541705
2015-05-18 06:00:00,17.0,83,0.0,6.0,123,-5.032023407672543,3.2678342100901636
2015-05-18 07:00:00,21.2,82,0.0,7.1,131,-5.358438019581681,4.658019105832602
2015-05-18 08:00:00,26.0,57,0.0,6.8,177,-0.35588450245201814,6.790680836331102
2015-05-18 09:00:00,27.6,50,0.0,9.9,199,3.223124729125852,9.360633898433235
2015-05-18 10:00:00,28.5,52,0.0,11.8,211,6.077449283938639,10.114574148284927
2015-05-18 11:00:00,29.1,55,0.0,13.0,219,8.181165083647887,10.10289749894062
2015-05-18 12:00:00,29.4,57,0.0,14.0,222,9.367828489024015,10.40402755668352
2015-05-18 13:00:00,29.5,59,0.0,14.0,224,9.725217186425962,10.070757204741115
2015-05-18 14:00:00,29.5,59,0.0,14.5,226,10.430427104910443,10.07254637165546
2015-05-18 15:00:00,28.7,66,0.0,14.8,225,10.465180361560904,10.465180361560902
2015-05-18 16:00:00,28.1,68,0.0,14.1,220,9.063305296580205,10.80122664797759
2015-05-18 17:00:00,27.4,72,0.0,11.3,217,6.800509761618147,9.02458126353441
2015-05-18 18:00:00,26.4,77,0.0,5.4,222,3.6133052743378347,4.012982057577929
2015-05-18 19:00:00,25.2,82,0.0,6.8,183,0.35588450245201897,6.790680836331102
2015-05-18 20:00:00,23.9,88,0.0,6.8,162,-2.101315561749642,6.467184310807045
2015-05-18 21:00:00,23.5,85,0.0,6.3,149,-3.2447398719333416,5.400153994423308
2015-05-18 22:00:00,22.3,87,0.0,6.1,140,-3.92100441908789,4.6728711030257655
2015-05-18 23:00:00,20.5,90,0.0,5.9,133,-4.314986839553106,4.023790324368742
2015-05-19 00:00:00,19.3,91,0.0,4.4,145,-2.5237363199446032,3.6042689948715636
2015-05-19 01:00:00,18.6,91,0.0,4.2,149,-2.163159914622228,3.600102662948872
2015-05-19 02:00:00,18.3,90,0.0,4.1,142,-2.524212048835199,3.23084408978756
2015-05-19 03:00:00,18.6,86,0.0,4.3,138,-2.8772616073430903,3.195522749552795
2015-05-19 04:00:00,18.2,85,0.0,5.4,132,-4.012982057577928,3.613305274337835
2015-05-19 05:00:00,18.0,83,0.0,5.6,135,-3.9597979746446654,3.9597979746446663
2015-05-19 06:00:00,18.5,83,0.0,4.6,135,-3.252691193458118,3.2526911934581184
2015-05-19 07:00:00,23.1,77,0.0,5.4,132,-4.012982057577928,3.613305274337835
2015-05-19 08:00:00,27.3,48,0.0,5.9,166,-1.42733918403804,5.7247447850283795
2015-05-19 09:00:00,28.4,46,0.0,6.4,207,2.9055391983331,5.702441754805554
2015-05-19 10:00:00,29.0,50,0.0,8.7,228,6.46535998165333,5.821436275322066
2015-05-19 11:00:00,29.1,54,0.1,10.8,233,8.625263508510763,6.4996022500421216
2015-05-19 12:00:00,29.3,56,0.0,11.7,236,9.699739598893986,6.542556970607738
2015-05-19 13:00:00,29.1,58,0.0,11.2,230,8.579697762932554,7.199221228489239
2015-05-19 14:00:00,28.9,61,0.0,12.0,221,7.872708347886087,9.056514962673264
2015-05-19 15:00:00,28.3,67,0.0,12.5,226,8.99174750423314,8.683229630737465
2015-05-19 16:00:00,27.9,68,0.0,11.1,216,6.524416300446451,8.980088637561916
2015-05-19 17:00:00,27.2,72,0.0,8.9,207,4.040515447681967,7.929958065276474
2015-05-19 18:00:00,26.4,75,0.0,4.6,219,2.894873798829252,3.5748714227020657
2015-05-19 19:00:00,25.4,79,0.0,7.6,183,0.3977532674463741,7.589584464134761
2015-05-19 20:00:00,24.5,82,0.0,8.4,155,-3.5499933986218744,7.612985411107861
2015-05-19 21:00:00,23.1,87,0.0,7.7,152,-3.6149310334513602,6.798696465013737
2015-05-19 22:00:00,22.5,86,0.0,8.0,153,-3.6319239979163735,7.128052193506943
2015-05-19 23:00:00,21.9,85,0.0,8.9,148,-4.716281451675523,7.547628055792193
2015-05-20 00:00:00,21.5,85,0.0,9.7,149,-4.995869326627526,8.31452281681049
2015-05-20 01:00:00,20.9,85,0.0,9.1,146,-5.088655421583795,7.5442419102508795
2015-05-20 02:00:00,20.4,85,0.0,8.3,146,-4.641301098807197,6.881011852206847
2015-05-20 03:00:00,21.0,81,0.0,7.7,143,-4.633975678270772,6.149493427364154
2015-05-20 04:00:00,21.0,78,0.0,7.2,143,-4.333068166694749,5.750175672340507
2015-05-20 05:00:00,21.1,76,0.0,6.8,148,-3.6034509967857926,5.766727053863697
2015-05-20 06:00:00,22.3,71,0.1,7.1,150,-3.549999999999998,6.148780366869515
2015-05-20 07:00:00,23.7,77,0.2,7.2,162,-2.224922359499621,6.847606917325106
2015-05-20 08:00:00,25.6,64,0.2,7.6,180,4.653657836759942e-16,7.6
2015-05-20 09:00:00,25.4,69,0.3,8.4,200,2.872969203935618,7.893418014601631
2015-05-20 10:00:00,25.0,73,0.4,7.5,197,2.192787785420526,7.172285669722766
2015-05-20 11:00:00,25.6,73,0.5,7.5,197,2.192787785420526,7.172285669722766
2015-05-20 12:00:00,26.0,73,0.3,8.3,198,2.564841053312064,7.893769085249775
2015-05-20 13:00:00,26.5,71,0.2,8.8,199,2.8649997592229797,8.320563465273988
2015-05-20 14:00:00,26.9,69,0.0,8.7,197,2.5436338310878095,8.319851376878407
2015-05-20 15:00:00,27.5,64,0.0,7.9,196,2.1775351109542935,7.59396739791272
2015-05-20 16:00:00,27.0,67,0.0,6.8,198,2.1013155617496424,6.467184310807044
2015-05-20 17:00:00,26.4,70,0.5,5.4,188,0.7515347451843536,5.34744757120448
2015-05-20 18:00:00,25.5,78,0.5,3.1,234,2.5079526825623373,1.8221342821066668
2015-05-20 19:00:00,25.0,77,0.7000000000000001,3.3,131,-2.4905416147351476,2.1649947956686737
2015-05-20 20:00:00,24.4,77,0.7000000000000001,4.0,85,-3.984778792366982,-0.3486229709906318
2015-05-20 21:00:00,24.7,74,0.8,4.7,67,-4.32637281122647,-1.8364363038995857
2015-05-20 22:00:00,24.2,77,0.5,2.4,117,-2.138415658052083,1.0895771993749124
2015-05-20 23:00:00,23.7,80,0.3,3.6,174,-0.3763024677635528,3.580278823325784
2015-05-21 00:00:00,21.8,90,0.4,4.3,180,2.632990618166809e-16,4.3
2015-05-21 01:00:00,21.5,92,0.5,3.8,197,1.1110124779463997,3.6339580726595346
2015-05-21 02:00:00,21.3,92,0.4,2.3,198,0.7107390870623791,2.1874299874788528
2015-05-21 03:00:00,23.5,78,0.4,1.3,214,0.7269507745119709,1.0777488443215544
2015-05-21 04:00:00,23.4,79,0.2,1.3,146,-0.7269507745119708,1.0777488443215544
2015-05-21 05:00:00,23.1,79,0.2,1.6,117,-1.4256104387013886,0.7263847995832751
2015-05-21 06:00:00,22.9,80,0.4,1.5,76,-1.4554435894139948,-0.3628828433995013
2015-05-21 07:00:00,23.0,82,1.1,2.5,188,0.34793275240016364,2.475670171853926
2015-05-21 08:00:00,22.9,86,2.2,3.4,198,1.0506577808748212,3.233592155403522
2015-05-21 09:00:00,23.5,85,3.1,2.3,219,1.447436899414626,1.7874357113510329
2015-05-21 10:00:00,23.3,86,2.7,2.9,180,1.7757378587636622e-16,2.9
2015-05-21 11:00:00,24.0,85,1.9,6.8,180,4.1637991171010006e-16,6.8
2015-05-21 12:00:00,24.6,84,1.2,9.7,184,0.6766377953180147,9.676371287520293
2015-05-21 13:00:00,25.1,84,1.1,8.9,194,2.1531048708370424,8.635631963856369
2015-05-21 14:00:00,25.0,88,0.6,8.6,202,3.2216167033768426,7.973781149274371
2015-05-21 15:00:00,24.8,82,0.0,8.7,204,3.5386087947594613,7.947845481490627
2015-05-21 16:00:00,24.8,82,0.0,7.1,210,3.5500000000000007,6.148780366869514
2015-05-21 17:00:00,24.5,84,0.7000000000000001,7.0,215,4.015035054457323,5.7340643100229425
2015-05-21 18:00:00,23.5,90,1.0,5.4,180,3.3065463576978537e-16,5.4
2015-05-21 19:00:00,23.7,85,1.3,7.0,159,-2.5085756468171017,6.535062985480412
2015-05-21 20:00:00,23.8,83,0.2,5.0,180,3.061616997868383e-16,5.0
2015-05-21 21:00:00,23.9,81,0.3,4.0,185,0.34862297099063255,3.984778792366982
2015-05-21 22:00:00,23.5,83,0.2,3.9,158,-1.4609657143220571,3.616017032810471
2015-05-21 23:00:00,23.0,84,0.0,5.3,152,-2.4881992827652217,4.679622242152313
2015-05-22 00:00:00,20.5,93,0.0,5.4,143,-3.2498011250210617,4.312631754255381
2015-05-22 01:00:00,20.1,93,0.0,5.9,142,-3.6324027044213842,4.64926344627966
2015-05-22 02:00:00,20.0,93,0.0,6.4,133,-4.6806636903626915,4.364789504399991
2015-05-22 03:00:00,21.6,88,0.1,5.5,122,-4.664264528860342,2.914555953282627
2015-05-22 04:00:00,21.0,91,0.0,4.6,108,-4.3748599749577055,1.4214781741247584
2015-05-22 05:00:00,20.8,91,0.0,3.3,103,-3.215421213791276,0.7423384793347552
2015-05-22 06:00:00,21.0,92,0.0,4.0,85,-3.984778792366982,-0.3486229709906318
2015-05-22 07:00:00,23.8,86,0.0,4.3,85,-4.283637201794505,-0.37476969381492914
2015-05-22 08:00:00,25.2,78,0.0,4.3,132,-3.195522749552794,2.8772616073430908
2015-05-22 09:00:00,26.1,75,0.2,4.7,176,-0.3278554265973891,4.688551036221174
2015-05-22 10:00:00,26.4,76,0.1,8.2,195,2.12231616984067,7.92059177557036
2015-05-22 11:00:00,27.1,75,0.5,7.2,207,3.268731598124737,6.415246974156248
2015-05-22 12:00:00,26.8,78,0.6,8.9,201,3.1894747509531736,8.308865795825096
2015-05-22 13:00:00,26.5,79,0.7000000000000001,13.6,191,2.5950023371210107,13.35012969488823
2015-05-22 14:00:00,26.1,80,0.7000000000000001,16.0,189,2.502951440643695,15.803013449522204
2015-05-22 15:00:00,25.1,88,2.5,17.5,189,2.737603138204041,17.28454596041491
2015-05-22 16:00:00,24.7,89,3.0,15.9,193,3.5767217640674525,15.49248403008524
2015-05-22 17:00:00,24.0,92,4.5,13.4,200,4.583069920563962,12.591881118531171
2015-05-22 18:00:00,23.7,90,1.5,9.7,202,3.633683956134346,8.993683389297837
2015-05-22 19:00:00,23.2,92,0.9,7.9,177,-0.41345405431925636,7.889173324561134
2015-05-22 20:00:00,23.1,92,0.4,6.1,177,-0.3192493330819574,6.0916401620029
2015-05-22 21:00:00,23.0,92,0.6,4.9,197,1.4326213531414103,4.685893304218874
2015-05-22 22:00:00,22.9,93,0.7000000000000001,5.2,214,2.9078030980478835,4.3109953772862175
2015-05-22 23:00:00,22.8,94,0.7000000000000001,5.1,219,3.209533994354171,3.963444403430551
2015-05-23 00:00:00,22.6,94,1.1,5.2,214,2.9078030980478835,4.3109953772862175
2015-05-23 01:00:00,22.6,93,1.5,5.5,191,1.049449474570997,5.3989495089621515
2015-05-23 02:00:00,22.5,93,1.2,6.2,173,-0.7555899291119137,6.153786140176197
2015-05-23 03:00:00,22.5,94,0.5,5.4,172,-0.7515347451843529,5.34744757120448
2015-05-23 04:00:00,22.5,95,0.0,6.5,177,-0.34018371557913496,6.49109197590473
2015-05-23 05:00:00,22.3,95,0.0,6.1,180,3.735172737399427e-16,6.1
2015-05-23 06:00:00,22.4,94,0.0,3.3,186,0.3449439287832564,3.2819222547153015
2015-05-23 07:00:00,23.8,90,0.0,3.3,221,2.1649947956686737,2.4905416147351476
2015-05-23 08:00:00,24.7,86,0.2,4.9,234,3.9641832724372428,2.8801477362331185
2015-05-23 09:00:00,24.8,87,1.0,5.9,232,4.64926344627966,3.6324027044213842
2015-05-23 10:00:00,25.0,87,2.4,7.7,233,6.149493427364155,4.6339756782707715
2015-05-23 11:00:00,25.2,88,4.4,8.3,236,6.881011852206846,4.6413010988072
2015-05-23 12:00:00,24.5,90,5.3,9.0,217,5.4163352083684355,7.187719590425635
2015-05-23 13:00:00,24.2,90,5.3,12.3,201,4.407925779407195,11.483039245915583
2015-05-23 14:00:00,24.4,89,3.7,15.3,188,2.129348444689002,15.151101451746028
2015-05-23 15:00:00,23.8,90,7.8,12.6,182,0.4397336584515136,12.592324420440606
2015-05-23 16:00:00,24.1,87,6.0,12.6,180,7.715274834628325e-16,12.6
2015-05-23 17:00:00,23.8,87,4.7,13.0,180,7.960204194457795e-16,13.0
2015-05-23 18:00:00,23.5,90,2.9,8.4,187,1.023702484603239,8.337387673787106
2015-05-23 19:00:00,23.6,89,2.8,8.6,182,0.3001356716415093,8.594761112364223
2015-05-23 20:00:00,23.5,88,6.6,10.1,184,0.7045403848156648,10.075396907624224
2015-05-23 21:00:00,23.5,87,5.2,11.4,162,-3.5227937358743997,10.842044285764752
2015-05-23 22:00:00,23.0,89,3.3,12.3,148,-6.518006950068419,10.430991582724042
2015-05-23 23:00:00,22.8,92,2.4,10.6,145,-6.079910225321089,8.683011669463312
2015-05-24 00:00:00,22.9,92,2.5,10.1,153,-4.585304047369421,8.999165894302516
2015-05-24 01:00:00,23.2,91,3.2,8.7,156,-3.538608794759462,7.947845481490627
2015-05-24 02:00:00,23.3,89,3.5,4.2,149,-2.163159914622228,3.600102662948872
2015-05-24 03:00:00,22.1,90,11.6,0.7000000000000001,270,0.7000000000000001,0.0
2015-05-24 04:00:00,22.8,83,20.1,1.3,304,1.0777488443215542,-0.726950774511971
2015-05-24 05:00:00,21.5,92,18.3,1.1,360,6.735557395310444e-17,-1.1
2015-05-24 06:00:00,21.7,90,11.4,2.2,81,-2.1729143493093033,-0.3441558230885076
2015-05-24 07:00:00,21.8,89,8.5,5.5,148,-2.914555953282626,4.664264528860343
2015-05-24 08:00:00,22.1,89,8.1,8.8,192,1.8296228791962834,8.60769888645749
2015-05-24 09:00:00,22.4,92,11.0,10.2,203,3.985457510590592,9.389149505214892
2015-05-24 10:00:00,23.3,90,11.0,13.0,214,7.269507745119708,10.777488443215542
2015-05-24 11:00:00,23.7,93,8.8,14.3,221,9.381644114564255,10.792346997185641
2015-05-24 12:00:00,23.9,96,8.3,14.3,219,8.999281592012677,11.113187248834684
2015-05-24 13:00:00,24.2,94,6.6,14.5,222,9.702393792203445,10.775599969422217
2015-05-24 14:00:00,23.9,95,4.8,13.8,229,10.414992207074254,9.053614600069
2015-05-24 15:00:00,23.3,98,5.5,13.0,222,8.698697882665158,9.660882731206126
2015-05-24 16:00:00,23.1,97,5.8,13.7,210,6.850000000000001,11.864548031846809
2015-05-24 17:00:00,22.8,96,4.7,11.3,197,3.303800263366926,10.806243742382302
2015-05-24 18:00:00,22.8,95,4.0,8.1,193,1.8221035401853058,7.892397524760405
2015-05-24 19:00:00,22.9,94,3.0,5.8,187,0.7068421917498554,5.756767679519667
2015-05-24 20:00:00,22.9,92,2.4,5.9,194,1.4273391840380394,5.7247447850283795
2015-05-24 21:00:00,22.8,93,1.9,5.5,212,2.914555953282627,4.664264528860342
2015-05-24 22:00:00,22.6,94,2.7,4.2,211,2.1631599146222276,3.600102662948872
2015-05-24 23:00:00,22.6,94,3.7,3.3,186,0.3449439287832564,3.2819222547153015
2015-05-25 00:00:00,22.4,95,2.9,4.3,180,2.632990618166809e-16,4.3
2015-05-25 01:00:00,22.3,95,2.3,8.7,150,-4.349999999999998,7.534421012924616
2015-05-25 02:00:00,22.7,95,2.1,11.6,144,-6.818308926592687,9.38459713474939
2015-05-25 03:00:00,22.8,91,2.8,13.4,153,-6.083472696509926,11.93948742412413
2015-05-25 04:00:00,22.7,91,3.8,17.4,173,-2.120526575249564,17.270303038559003
2015-05-25 05:00:00,22.6,92,5.2,16.0,188,2.2267696153610474,15.844289099865126
2015-05-25 06:00:00,22.4,95,5.5,13.9,197,4.063966695646041,13.292636107886192
2015-05-25 07:00:00,22.4,97,4.5,8.4,200,2.872969203935618,7.893418014601631
2015-05-25 08:00:00,23.0,96,2.3,5.4,200,1.8469087739586119,5.074340152243905
2015-05-25 09:00:00,23.5,94,0.6,5.2,196,1.4333142502483958,4.998560818879258
2015-05-25 10:00:00,24.4,89,0.6,5.8,210,2.9000000000000004,5.0229473419497435
2015-05-25 11:00:00,25.8,84,0.3,7.1,225,5.020458146424487,5.020458146424486
2015-05-25 12:00:00,26.2,83,0.3,8.5,234,6.876644452187053,4.996174644486022
2015-05-25 13:00:00,27.1,82,0.3,8.9,238,7.547628055792192,4.716281451675524
2015-05-25 14:00:00,26.2,80,1.3,8.5,258,8.314254606237348,1.7672493719509543
2015-05-25 15:00:00,25.4,83,1.7000000000000002,6.2,249,5.788198644282651,2.2218812871808615
2015-05-25 16:00:00,25.5,79,2.1,6.6,229,4.981083229470295,4.329989591337347
2015-05-25 17:00:00,24.8,85,3.8,7.0,235,5.7340643100229425,4.015035054457322
2015-05-25 18:00:00,24.6,85,2.7,4.3,228,3.195522749552795,2.8772616073430903
2015-05-25 19:00:00,23.9,88,1.0,4.0,243,3.5640260967534716,1.815961998958187
2015-05-25 20:00:00,23.4,90,0.1,5.5,238,4.664264528860342,2.914555953282627
2015-05-25 21:00:00,23.1,92,0.0,3.4,212,1.8017254983928965,2.883363526931848
2015-05-25 22:00:00,22.7,94,0.0,4.3,185,0.37476969381492997,4.283637201794505
2015-05-25 23:00:00,22.8,91,0.0,3.5,204,1.4235782507653008,3.197409101749103
2015-05-26 00:00:00,22.8,90,0.0,3.4,198,1.0506577808748212,3.233592155403522
2015-05-26 01:00:00,22.5,92,0.1,4.0,207,1.8159619989581872,3.564026096753471
2015-05-26 02:00:00,22.3,92,0.2,4.1,195,1.061158084920335,3.96029588778518
2015-05-26 03:00:00,22.2,92,0.0,4.0,175,-0.34862297099063294,3.984778792366982
2015-05-26 04:00:00,22.6,90,0.0,4.7,180,2.8779199779962803e-16,4.7
2015-05-26 05:00:00,22.3,90,0.0,4.7,171,-0.7352419856890848,4.6421352007971475
2015-05-26 06:00:00,22.5,88,0.2,4.0,153,-1.8159619989581868,3.5640260967534716
2015-05-26 07:00:00,23.8,88,0.3,3.6,174,-0.3763024677635528,3.580278823325784
2015-05-26 08:00:00,24.8,83,0.4,5.2,205,2.197614961051637,4.7128004925905795
2015-05-26 09:00:00,25.3,82,0.3,6.4,196,1.7640790772287946,6.1520748540052415
2015-05-26 10:00:00,25.7,81,0.8,6.4,207,2.9055391983331,5.702441754805554
2015-05-26 11:00:00,26.4,78,1.3,8.1,212,4.29234604028896,6.86918957886705
2015-05-26 12:00:00,26.2,80,2.9,8.8,215,5.0474726398892065,7.208537989743128
2015-05-26 13:00:00,25.7,84,3.6,8.9,212,4.716281451675524,7.547628055792192
2015-05-26 14:00:00,25.7,82,2.7,9.4,212,4.981241083792126,7.9716521038704045
2015-05-26 15:00:00,25.3,85,7.1,9.4,212,4.981241083792126,7.9716521038704045
2015-05-26 16:00:00,24.9,88,5.9,10.4,194,2.515987714236544,10.091075553270363
2015-05-26 17:00:00,24.6,89,2.3,7.9,183,0.41345405431925736,7.889173324561134
2015-05-26 18:00:00,24.2,89,2.5,6.5,177,-0.34018371557913496,6.49109197590473
2015-05-26 19:00:00,23.7,90,2.8,7.1,165,-1.837615220227898,6.858073366652385
2015-05-26 20:00:00,23.3,90,0.8,7.0,159,-2.5085756468171017,6.535062985480412
2015-05-26 21:00:00,22.9,91,0.0,5.4,138,-3.6133052743378347,4.012982057577929
2015-05-26 22:00:00,22.9,89,0.0,3.6,143,-2.1665340833473743,2.8750878361702537
2015-05-26 23:00:00,23.7,83,0.0,3.7,151,-1.793795594911447,3.236092916415765
2015-05-27 00:00:00,23.0,85,0.0,5.4,176,-0.3766849582182768,5.386845871403051
2015-05-27 01:00:00,22.6,86,0.1,7.1,156,-2.8878301658381815,6.486172749262466
2015-05-27 02:00:00,22.8,83,0.2,7.2,153,-3.2687315981247362,6.415246974156249
2015-05-27 03:00:00,22.8,81,0.0,6.6,151,-3.199743493625824,5.772490067120012
2015-05-27 04:00:00,21.9,84,0.0,6.3,149,-3.2447398719333416,5.400153994423308
2015-05-27 05:00:00,21.3,86,0.0,6.1,152,-2.8637765329939344,5.385980316439453
2015-05-27 06:00:00,21.2,89,0.0,4.4,145,-2.5237363199446032,3.6042689948715636
2015-05-27 07:00:00,23.6,88,0.0,5.2,155,-2.1976149610516367,4.71280049259058
2015-05-27 08:00:00,25.6,75,0.0,5.4,160,-1.8469087739586112,5.074340152243906
2015-05-27 09:00:00,26.3,75,0.0,5.2,214,2.9078030980478835,4.3109953772862175
2015-05-27 10:00:00,27.1,74,0.2,5.9,218,3.6324027044213842,4.64926344627966
2015-05-27 11:00:00,27.6,72,0.0,6.0,197,1.7542302283364206,5.737828535778212
2015-05-27 12:00:00,28.3,69,0.1,7.5,215,4.301823272632846,6.143640332167439
2015-05-27 13:00:00,28.2,69,2.9,7.1,210,3.5500000000000007,6.148780366869514
2015-05-27 14:00:00,27.0,75,0.8,6.4,207,2.9055391983331,5.702441754805554
2015-05-27 15:00:00,26.3,78,1.4,7.4,209,3.587591189822895,6.472185832831529
2015-05-27 16:00:00,26.3,77,0.5,7.4,194,1.7902220274375409,7.180188374442374
2015-05-27 17:00:00,25.5,80,0.4,6.3,156,-2.5624408513775414,5.755336383148386
2015-05-27 18:00:00,25.2,80,0.0,4.3,138,-2.8772616073430903,3.195522749552795
2015-05-27 19:00:00,24.5,82,0.0,6.1,152,-2.8637765329939344,5.385980316439453
2015-05-27 20:00:00,23.9,85,0.0,6.4,142,-3.9402334420842133,5.043268823083022
2015-05-27 21:00:00,23.4,86,0.0,6.8,148,-3.6034509967857926,5.766727053863697
2015-05-27 22:00:00,22.9,86,0.0,6.6,151,-3.199743493625824,5.772490067120012
2015-05-27 23:00:00,22.5,86,0.2,6.6,151,-3.199743493625824,5.772490067120012
2015-05-28 00:00:00,22.2,84,0.0,6.4,153,-2.905539198333099,5.702441754805555
2015-05-28 01:00:00,21.9,83,0.0,7.0,145,-4.015035054457323,5.734064310022942
2015-05-28 02:00:00,21.4,83,0.0,7.0,145,-4.015035054457323,5.734064310022942
2015-05-28 03:00:00,21.1,80,0.0,7.1,139,-4.658019105832601,5.358438019581682
2015-05-28 04:00:00,20.9,80,0.0,5.9,137,-4.023790324368741,4.314986839553106
2015-05-28 05:00:00,20.5,83,0.0,5.2,146,-2.907803098047883,4.3109953772862175
2015-05-28 06:00:00,20.9,86,0.0,4.5,151,-2.1816432911085166,3.9357886821272814
2015-05-28 07:00:00,23.4,84,0.0,6.3,156,-2.5624408513775414,5.755336383148386
2015-05-28 08:00:00,26.2,70,0.0,6.8,183,0.35588450245201897,6.790680836331102
2015-05-28 09:00:00,27.0,67,0.2,8.1,201,2.902780391316933,7.5620014546273335
2015-05-28 10:00:00,26.9,70,0.7000000000000001,7.3,189,1.1419715947936857,7.210124886344506
2015-05-28 11:00:00,27.0,71,0.2,8.3,175,-0.7233926648055634,8.268415994161488
2015-05-28 12:00:00,27.9,67,0.0,7.9,183,0.41345405431925736,7.889173324561134
2015-05-28 13:00:00,28.6,64,0.0,7.1,195,1.8376152202278973,6.858073366652385
2015-05-28 14:00:00,28.9,63,0.0,8.8,189,1.3766232923540322,8.691657397237213
2015-05-28 15:00:00,28.6,65,0.0,8.9,201,3.1894747509531736,8.308865795825096
2015-05-28 16:00:00,28.7,65,0.0,8.5,192,1.7672493719509554,8.314254606237347
2015-05-28 17:00:00,28.2,69,0.2,7.9,210,3.950000000000001,6.841600689897065
2015-05-28 18:00:00,27.1,74,0.0,4.7,203,1.8364363038995866,4.32637281122647
2015-05-28 19:00:00,25.6,80,0.0,6.8,162,-2.101315561749642,6.467184310807045
2015-05-28 20:00:00,24.3,85,0.0,6.8,162,-2.101315561749642,6.467184310807045
2015-05-28 21:00:00,23.1,86,0.0,8.4,155,-3.5499933986218744,7.612985411107861
2015-05-28 22:00:00,22.4,87,0.0,7.1,156,-2.8878301658381815,6.486172749262466
2015-05-28 23:00:00,21.7,88,0.0,5.5,157,-2.149021206691006,5.062776693988422
2015-05-29 00:00:00,21.3,88,0.4,5.5,148,-2.914555953282626,4.664264528860343
2015-05-29 01:00:00,21.3,86,1.0,5.6,153,-2.542346798541461,4.98963653545486
2015-05-29 02:00:00,21.5,83,0.8,6.0,155,-2.535709570444196,5.4378467222199
2015-05-29 03:00:00,21.1,82,0.0,6.8,148,-3.6034509967857926,5.766727053863697
2015-05-29 04:00:00,21.1,82,0.0,5.9,142,-3.6324027044213842,4.64926344627966
2015-05-29 05:00:00,20.8,84,0.0,5.1,141,-3.20953399435417,3.963444403430552
2015-05-29 06:00:00,20.8,86,0.0,4.9,144,-2.880147736233118,3.9641832724372428
2015-05-29 07:00:00,24.4,82,0.0,6.9,141,-4.342310698243877,5.3623071340531006
2015-05-29 08:00:00,27.2,67,0.0,7.3,169,-1.392905666248777,7.165878439167947
2015-05-29 09:00:00,27.8,67,0.0,8.6,195,2.2258437878816784,8.306962106085987
2015-05-29 10:00:00,28.3,68,0.0,9.9,213,5.391926446648768,8.302838622659698
2015-05-29 11:00:00,28.8,68,0.0,11.0,212,5.829111906565254,9.328529057720685
2015-05-29 12:00:00,28.8,69,0.0,10.3,205,4.352968095929205,9.334970206477495
2015-05-29 13:00:00,28.9,70,0.0,11.0,199,3.5812496990287244,10.400704331592484
2015-05-29 14:00:00,29.0,70,0.0,11.0,199,3.5812496990287244,10.400704331592484
2015-05-29 15:00:00,29.0,67,0.0,9.8,197,2.8652427062828205,9.371786608437748
2015-05-29 16:00:00,28.9,67,0.2,8.8,199,2.8649997592229797,8.320563465273988
2015-05-29 17:00:00,27.8,72,0.0,8.7,197,2.5436338310878095,8.319851376878407
2015-05-29 18:00:00,26.7,77,0.0,6.2,190,1.0766187015349686,6.10580806867569
2015-05-29 19:00:00,25.6,80,0.0,8.4,173,-1.0237024846032379,8.337387673787106
2015-05-29 20:00:00,24.5,85,0.0,9.0,178,-0.3140954703225086,8.994517443171862
2015-05-29 21:00:00,23.5,86,0.0,10.0,167,-2.2495105434386504,9.743700647852352
2015-05-29 22:00:00,23.0,87,0.0,9.2,159,-3.296985135816762,8.588939923774255
2015-05-29 23:00:00,22.4,87,0.0,9.4,162,-2.9047597471245052,8.939931253174445
2015-05-30 00:00:00,22.0,86,0.0,7.8,158,-2.9219314286441143,7.232034065620942
2015-05-30 01:00:00,22.1,83,0.1,7.6,155,-3.211898789229315,6.88793918147854
2015-05-30 02:00:00,21.9,83,0.3,7.4,151,-3.587591189822894,6.47218583283153
2015-05-30 03:00:00,21.2,85,0.0,6.6,151,-3.199743493625824,5.772490067120012
2015-05-30 04:00:00,21.4,82,0.5,6.8,148,-3.6034509967857926,5.766727053863697
2015-05-30 05:00:00,21.0,84,0.0,7.2,143,-4.333068166694749,5.750175672340507
2015-05-30 06:00:00,21.4,85,0.0,5.7,145,-3.269385687200963,4.669166652447252
2015-05-30 07:00:00,24.9,79,0.0,7.7,143,-4.633975678270772,6.149493427364154
2015-05-30 08:00:00,27.3,69,0.0,6.9,171,-1.0793978087775926,6.815049550106451
2015-05-30 09:00:00,28.4,67,0.0,7.9,196,2.1775351109542935,7.59396739791272
2015-05-30 10:00:00,28.6,70,0.1,9.3,208,4.366085533908786,8.21141261358802
2015-05-30 11:00:00,28.0,74,1.7000000000000002,9.4,203,3.672872607799173,8.65274562245294
2015-05-30 12:00:00,28.3,73,0.1,9.2,201,3.2969851358167634,8.588939923774255
2015-05-30 13:00:00,29.0,68,0.0,9.7,211,4.995869326627525,8.31452281681049
2015-05-30 14:00:00,28.9,68,1.7000000000000002,10.0,201,3.583679495453004,9.335804264972017
2015-05-30 15:00:00,29.2,67,0.0,10.3,192,2.1414904154229224,10.074920287558198
2015-05-30 16:00:00,29.0,68,0.1,10.2,203,3.985457510590592,9.389149505214892
2015-05-30 17:00:00,28.5,72,0.0,8.9,212,4.716281451675524,7.547628055792192
2015-05-30 18:00:00,27.5,77,0.0,4.4,235,3.604268994871564,2.523736319944603
2015-05-30 19:00:00,26.0,84,0.0,5.8,210,2.9000000000000004,5.0229473419497435
2015-05-30 20:00:00,24.5,89,0.0,6.8,183,0.35588450245201897,6.790680836331102
2015-05-30 21:00:00,23.5,90,0.0,8.3,175,-0.7233926648055634,8.268415994161488
2015-05-30 22:00:00,23.0,91,0.0,8.4,170,-1.4586446924022145,8.272385125302547
2015-05-30 23:00:00,22.7,91,0.6,9.4,162,-2.9047597471245052,8.939931253174445
2015-05-31 00:00:00,22.2,91,0.2,7.1,156,-2.8878301658381815,6.486172749262466
2015-05-31 01:00:00,21.5,93,0.7000000000000001,5.0,159,-1.7918397477265013,4.667902132486009
2015-05-31 02:00:00,21.2,92,0.3,4.8,153,-2.179154398749824,4.276831316104166
2015-05-31 03:00:00,21.8,86,0.0,4.3,156,-1.748967565225941,3.9282454678631837
2015-05-31 04:00:00,23.1,77,0.0,3.9,158,-1.4609657143220571,3.616017032810471
2015-05-31 05:00:00,22.2,80,0.0,4.2,149,-2.163159914622228,3.600102662948872
2015-05-31 06:00:00,22.6,79,0.0,3.6,135,-2.545584412271571,2.5455844122715714
2015-05-31 07:00:00,24.6,80,0.0,3.1,159,-1.1109406435904308,2.8940993221413254
2015-05-31 08:00:00,26.5,67,0.0,5.4,217,3.2498011250210617,4.312631754255381
2015-05-31 09:00:00,27.2,68,0.3,7.8,236,6.466493065929325,4.361704647071826
2015-05-31 10:00:00,27.9,70,0.4,8.1,225,5.727564927611035,5.727564927611034
2015-05-31 11:00:00,27.8,73,2.0,8.1,212,4.29234604028896,6.86918957886705
2015-05-31 12:00:00,27.8,75,2.1,8.4,223,5.728786224524987,6.143371093601032
2015-05-31 13:00:00,27.5,77,5.1,9.4,223,6.410784584587486,6.874724795220202
2015-05-31 14:00:00,26.6,81,2.0,6.3,211,3.244739871933341,5.400153994423308
2015-05-31 15:00:00,26.4,83,2.3,5.4,180,3.3065463576978537e-16,5.4
2015-05-31 16:00:00,26.2,83,2.0,5.8,187,0.7068421917498554,5.756767679519667
2015-05-31 17:00:00,25.9,86,0.6,5.6,195,1.4493866525741161,5.4091846272187825
2015-05-31 18:00:00,25.2,90,0.8,4.3,180,2.632990618166809e-16,4.3
2015-05-31 19:00:00,24.6,92,0.7000000000000001,5.2,168,-1.0811407922523486,5.08636752381579
2015-05-31 20:00:00,24.7,87,0.3,5.4,180,3.3065463576978537e-16,5.4
2015-05-31 21:00:00,24.5,87,0.1,5.2,196,1.4333142502483958,4.998560818879258
2015-05-31 22:00:00,24.6,85,0.0,6.8,155,-2.8738041798367555,6.16289295184922
2015-05-31 23:00:00,24.4,85,0.0,6.3,149,-3.2447398719333416,5.400153994423308
2015-06-01 00:00:00,23.9,85,0.0,7.9,137,-5.387787044493737,5.777694242791448
2015-06-01 01:00:00,23.7,84,0.0,8.2,131,-6.18861855782673,5.379684037722159
2015-06-01 02:00:00,24.2,80,0.0,7.1,131,-5.358438019581681,4.658019105832602
2015-06-01 03:00:00,22.4,88,0.0,6.4,133,-4.6806636903626915,4.364789504399991
2015-06-01 04:00:00,22.2,88,0.0,5.1,135,-3.606244584051392,3.6062445840513924
2015-06-01 05:00:00,21.6,89,0.0,4.9,144,-2.880147736233118,3.9641832724372428
2015-06-01 06:00:00,21.5,90,0.0,3.1,144,-1.8221342821066664,2.5079526825623373
2015-06-01 07:00:00,24.3,89,0.0,4.4,145,-2.5237363199446032,3.6042689948715636
2015-06-01 08:00:00,26.4,74,0.0,4.7,184,0.3278554265973886,4.688551036221174
2015-06-01 09:00:00,27.1,68,0.0,5.8,202,2.1727182418122895,5.377666356487367
2015-06-01 10:00:00,28.0,65,0.0,7.7,208,3.61493103345136,6.798696465013737
2015-06-01 11:00:00,28.1,67,0.0,8.7,218,5.356254835333226,6.855693556378481
2015-06-01 12:00:00,28.4,68,0.0,10.2,219,6.419067988708342,7.926888806861102
2015-06-01 13:00:00,28.3,70,0.0,10.7,230,8.196675541373065,6.87782742364597
2015-06-01 14:00:00,28.4,70,0.0,10.7,230,8.196675541373065,6.87782742364597
2015-06-01 15:00:00,28.1,72,0.0,11.0,232,8.668118289673941,6.772276228582241
2015-06-01 16:00:00,27.4,75,0.0,10.2,228,7.580077219869421,6.825132184860354
2015-06-01 17:00:00,26.9,78,0.0,8.4,223,5.728786224524987,6.143371093601032
2015-06-01 18:00:00,26.2,82,0.0,4.6,231,3.5748714227020657,2.8948737988292517
2015-06-01 19:00:00,25.4,88,0.0,5.4,217,3.2498011250210617,4.312631754255381
2015-06-01 20:00:00,24.4,88,0.0,5.8,187,0.7068421917498554,5.756767679519667
2015-06-01 21:00:00,23.9,88,0.0,6.5,180,3.9801020972288977e-16,6.5
2015-06-01 22:00:00,21.6,96,0.0,6.4,153,-2.905539198333099,5.702441754805555
2015-06-01 23:00:00,21.0,97,0.0,7.1,139,-4.658019105832601,5.358438019581682
2015-06-02 00:00:00,20.6,95,0.0,5.9,133,-4.314986839553106,4.023790324368742
2015-06-02 01:00:00,19.9,93,0.0,7.2,127,-5.750175672340509,4.333068166694747
2015-06-02 02:00:00,19.4,92,0.0,5.9,133,-4.314986839553106,4.023790324368742
2015-06-02 03:00:00,20.0,92,0.0,5.1,135,-3.606244584051392,3.6062445840513924
2015-06-02 04:00:00,19.3,91,0.0,4.3,138,-2.8772616073430903,3.195522749552795
2015-06-02 05:00:00,18.9,91,0.0,4.1,135,-2.8991378028648445,2.899137802864845
2015-06-02 06:00:00,19.2,91,0.0,4.1,135,-2.8991378028648445,2.899137802864845
2015-06-02 07:00:00,23.2,87,0.0,5.2,124,-4.310995377286217,2.907803098047884
2015-06-02 08:00:00,26.8,65,0.0,5.5,169,-1.0494494745709964,5.3989495089621515
2015-06-02 09:00:00,28.0,61,0.0,7.7,208,3.61493103345136,6.798696465013737
2015-06-02 10:00:00,28.7,63,0.0,9.4,223,6.410784584587486,6.874724795220202
2015-06-02 11:00:00,29.1,66,0.0,10.7,225,7.566042558696059,7.566042558696057
2015-06-02 12:00:00,29.4,67,0.1,12.5,224,8.683229630737465,8.991747504233139
2015-06-02 13:00:00,29.1,70,0.2,14.0,222,9.367828489024015,10.40402755668352
2015-06-02 14:00:00,28.7,71,0.2,14.6,220,9.384699101423475,11.184248869537079
2015-06-02 15:00:00,28.3,74,0.2,13.2,223,9.00237835282498,9.65386886137305
2015-06-02 16:00:00,27.5,77,0.3,11.2,222,7.494262791219212,8.323222045346816
2015-06-02 17:00:00,27.3,79,0.0,9.7,211,4.995869326627525,8.31452281681049
2015-06-02 18:00:00,26.6,82,0.0,4.8,207,2.1791543987498248,4.276831316104166
2015-06-02 19:00:00,25.7,89,0.0,6.1,183,0.3192493330819582,6.0916401620029
2015-06-02 20:00:00,24.2,92,0.0,6.9,174,-0.7212463965468096,6.862201078041086
2015-06-02 21:00:00,23.7,90,0.0,7.2,162,-2.224922359499621,6.847606917325106
2015-06-02 22:00:00,22.2,95,0.0,7.6,155,-3.211898789229315,6.88793918147854
2015-06-02 23:00:00,21.6,95,0.0,6.5,146,-3.6347538725598536,5.388744221607771
2015-06-03 00:00:00,21.0,94,0.0,7.2,143,-4.333068166694749,5.750175672340507
2015-06-03 01:00:00,20.7,92,0.0,6.1,152,-2.8637765329939344,5.385980316439453
2015-06-03 02:00:00,20.5,90,0.0,5.6,153,-2.542346798541461,4.98963653545486
2015-06-03 03:00:00,20.1,91,0.0,6.5,146,-3.6347538725598536,5.388744221607771
2015-06-03 04:00:00,19.8,91,0.0,7.1,139,-4.658019105832601,5.358438019581682
2015-06-03 05:00:00,19.5,90,0.0,6.1,140,-3.92100441908789,4.6728711030257655
2015-06-03 06:00:00,19.8,90,0.0,5.1,135,-3.606244584051392,3.6062445840513924
2015-06-03 07:00:00,23.1,89,0.0,5.4,127,-4.312631754255382,3.2498011250210603
2015-06-03 08:00:00,26.6,69,0.0,4.7,176,-0.3278554265973891,4.688551036221174
2015-06-03 09:00:00,27.8,62,0.0,5.9,218,3.6324027044213842,4.64926344627966
2015-06-03 10:00:00,28.5,63,0.0,6.8,238,5.766727053863696,3.603450996785793
2015-06-03 11:00:00,29.0,65,0.0,7.4,247,6.811735915548059,2.891410350820626
2015-06-03 12:00:00,28.9,68,0.7000000000000001,9.0,254,8.65135526344487,2.4807362023529924
2015-06-03 13:00:00,29.1,67,0.2,8.3,252,7.893769085249775,2.5648410533120636
2015-06-03 14:00:00,28.7,69,0.3,5.2,245,4.7128004925905795,2.197614961051637
2015-06-03 15:00:00,28.1,73,0.2,3.6,225,2.5455844122715714,2.545584412271571
2015-06-03 16:00:00,28.3,71,0.0,4.5,241,3.935788682127281,2.1816432911085166
2015-06-03 17:00:00,28.1,72,0.2,4.5,256,4.366330768241984,1.0886485301985047
2015-06-03 18:00:00,27.4,77,0.0,2.6,254,2.499280409439629,0.7166571251241979
2015-06-03 19:00:00,25.9,86,0.0,2.6,196,0.7166571251241979,2.499280409439629
2015-06-03 20:00:00,25.1,86,0.0,2.0,225,1.4142135623730951,1.414213562373095
2015-06-03 21:00:00,24.5,86,0.0,3.1,144,-1.8221342821066664,2.5079526825623373
2015-06-03 22:00:00,22.7,93,0.0,2.1,149,-1.081579957311114,1.800051331474436
2015-06-03 23:00:00,22.0,92,0.0,2.6,146,-1.4539015490239415,2.1554976886431088
2015-06-04 00:00:00,21.6,91,0.0,3.1,144,-1.8221342821066664,2.5079526825623373
2015-06-04 01:00:00,21.2,90,0.0,3.6,135,-2.545584412271571,2.5455844122715714
2015-06-04 02:00:00,21.1,87,0.0,2.8,140,-1.7998053071223101,2.1449244407331385
2015-06-04 03:00:00,20.1,92,0.0,3.6,127,-2.8750878361702545,2.1665340833473734
2015-06-04 04:00:00,20.0,92,0.0,4.1,128,-3.2308440897875594,2.5242120488351993
2015-06-04 05:00:00,19.9,91,0.0,4.3,138,-2.8772616073430903,3.195522749552795
2015-06-04 06:00:00,20.3,91,0.0,2.3,129,-1.7874357113510329,1.4474368994146258
2015-06-04 07:00:00,23.9,88,0.0,3.2,117,-2.851220877402777,1.4527695991665501
2015-06-04 08:00:00,26.5,73,0.0,1.3,214,0.7269507745119709,1.0777488443215544
2015-06-04 09:00:00,27.5,70,0.0,4.5,256,4.366330768241984,1.0886485301985047
2015-06-04 10:00:00,28.2,70,0.0,6.5,270,6.5,0.0
2015-06-04 11:00:00,28.4,71,0.2,7.6,265,7.571079705497266,0.662383644882202
2015-06-04 12:00:00,28.5,70,0.3,7.7,259,7.558529312547013,1.469229264399395
2015-06-04 13:00:00,28.6,70,0.3,7.5,253,7.172285669722766,2.192787785420526
2015-06-04 14:00:00,28.4,71,0.1,7.2,252,6.8476069173251055,2.2249223594996215
2015-06-04 15:00:00,28.6,70,0.0,7.3,250,6.859756131737131,2.4967470462773815
2015-06-04 16:00:00,28.4,71,0.0,7.1,246,6.486172749262466,2.8878301658381815
2015-06-04 17:00:00,28.0,73,0.0,6.3,246,5.755336383148386,2.5624408513775414
2015-06-04 18:00:00,27.2,77,0.0,3.9,248,3.616017032810471,1.460965714322057
2015-06-04 19:00:00,25.9,85,0.0,5.9,223,4.023790324368742,4.314986839553106
2015-06-04 20:00:00,24.8,89,0.0,5.8,184,0.40458754771592637,5.78587149150698
2015-06-04 21:00:00,24.2,88,0.0,5.1,184,0.35575801609503865,5.087576656325103
2015-06-04 22:00:00,23.5,88,0.0,5.4,176,-0.3766849582182768,5.386845871403051
2015-06-04 23:00:00,22.6,90,0.0,7.1,156,-2.8878301658381815,6.486172749262466
2015-06-05 00:00:00,21.1,94,0.0,7.1,150,-3.549999999999998,6.148780366869515
2015-06-05 01:00:00,20.3,94,0.0,7.5,145,-4.301823272632846,6.143640332167438
2015-06-05 02:00:00,19.9,93,0.0,6.7,144,-3.9381611903595695,5.420413862312148
2015-06-05 03:00:00,20.9,88,0.0,5.6,140,-3.5996106142446203,4.289848881466277
2015-06-05 04:00:00,20.2,87,0.0,4.9,144,-2.880147736233118,3.9641832724372428
2015-06-05 05:00:00,19.7,87,0.0,4.6,141,-2.894873798829251,3.5748714227020666
2015-06-05 06:00:00,20.0,88,0.0,4.4,145,-2.5237363199446032,3.6042689948715636
2015-06-05 07:00:00,24.0,83,0.0,5.0,150,-2.499999999999999,4.330127018922194
2015-06-05 08:00:00,26.7,63,0.0,5.4,200,1.8469087739586119,5.074340152243905
2015-06-05 09:00:00,27.6,62,0.0,6.4,218,3.9402334420842133,5.043268823083022
2015-06-05 10:00:00,27.8,65,0.0,7.1,229,5.358438019581681,4.658019105832602
2015-06-05 11:00:00,28.3,66,0.0,7.2,233,5.750175672340508,4.333068166694748
2015-06-05 12:00:00,28.2,69,0.0,7.7,229,5.811263767715345,5.051654523226906
2015-06-05 13:00:00,28.5,68,0.0,8.7,228,6.46535998165333,5.821436275322066
2015-06-05 14:00:00,28.3,70,0.0,8.7,222,5.821436275322066,6.46535998165333
2015-06-05 15:00:00,28.1,74,0.0,9.2,228,6.836932394392027,6.156001578501495
2015-06-05 16:00:00,27.9,68,0.1,7.8,236,6.466493065929325,4.361704647071826
2015-06-05 17:00:00,26.5,78,1.0,6.1,225,4.31335136523794,4.313351365237939
2015-06-05 18:00:00,25.7,82,0.2,2.9,173,-0.35342109587492737,2.878383839759834
2015-06-05 19:00:00,24.9,84,0.0,4.6,141,-2.894873798829251,3.5748714227020666
2015-06-05 20:00:00,24.2,87,0.0,6.2,144,-3.644268564213333,5.0159053651246746
2015-06-05 21:00:00,23.5,90,0.0,5.9,142,-3.6324027044213842,4.64926344627966
2015-06-05 22:00:00,22.9,90,0.0,6.2,144,-3.644268564213333,5.0159053651246746
2015-06-05 23:00:00,22.4,89,0.0,6.7,144,-3.9381611903595695,5.420413862312148
2015-06-06 00:00:00,22.4,88,0.0,6.6,139,-4.329989591337347,4.981083229470296
2015-06-06 01:00:00,22.2,87,0.0,6.5,146,-3.6347538725598536,5.388744221607771
2015-06-06 02:00:00,22.0,86,0.0,6.7,144,-3.9381611903595695,5.420413862312148
2015-06-06 03:00:00,20.7,91,0.0,5.7,145,-3.269385687200963,4.669166652447252
2015-06-06 04:00:00,20.4,91,0.0,4.1,142,-2.524212048835199,3.23084408978756
2015-06-06 05:00:00,20.1,91,0.0,4.3,132,-3.195522749552794,2.8772616073430908
2015-06-06 06:00:00,20.3,92,0.0,4.6,129,-3.5748714227020657,2.8948737988292517
2015-06-06 07:00:00,23.8,88,0.0,3.9,146,-2.180852323535912,3.233246532964663
2015-06-06 08:00:00,26.4,70,0.0,4.3,222,2.8772616073430903,3.195522749552795
2015-06-06 09:00:00,27.4,66,0.0,5.7,235,4.669166652447253,3.2693856872009626
2015-06-06 10:00:00,28.0,68,0.0,6.1,242,5.385980316439454,2.8637765329939335
2015-06-06 11:00:00,28.4,68,0.0,7.1,255,6.858073366652385,1.8376152202278973
2015-06-06 12:00:00,28.7,68,0.0,8.0,260,7.878462024097664,1.3891854213354426
2015-06-06 13:00:00,28.3,73,0.5,5.8,248,5.377666356487367,2.1727182418122895
2015-06-06 14:00:00,27.8,76,1.6,4.8,228,3.5670951622914924,3.2118269105225195
2015-06-06 15:00:00,26.0,83,1.7000000000000002,5.8,210,2.9000000000000004,5.0229473419497435
2015-06-06 16:00:00,26.4,80,1.0,5.4,176,-0.3766849582182768,5.386845871403051
2015-06-06 17:00:00,26.2,80,0.7000000000000001,3.1,225,2.1920310216782974,2.192031021678297
2015-06-06 18:00:00,25.9,82,0.0,1.1,72,-1.046162167924669,-0.33991869381244205
2015-06-06 19:00:00,25.5,85,0.2,1.1,90,-1.1,1.3471114790620887e-16
2015-06-06 20:00:00,25.1,85,0.0,0.8,207,0.3631923997916375,0.7128052193506943
2015-06-06 21:00:00,25.0,84,0.0,1.5,194,0.3628828433995015,1.4554435894139948
2015-06-06 22:00:00,24.1,88,0.0,2.9,173,-0.35342109587492737,2.878383839759834
2015-06-06 23:00:00,23.3,90,0.0,3.0,166,-0.7257656867990033,2.9108871788279895
2015-06-07 00:00:00,22.7,91,0.0,1.9,158,-0.7117525274902329,1.761649323676896
2015-06-07 01:00:00,22.2,91,0.0,2.5,135,-1.7677669529663687,1.7677669529663689
2015-06-07 02:00:00,21.4,93,0.0,4.1,142,-2.524212048835199,3.23084408978756
2015-06-07 03:00:00,22.8,87,0.0,4.3,156,-1.748967565225941,3.9282454678631837
2015-06-07 04:00:00,22.2,88,0.0,4.2,149,-2.163159914622228,3.600102662948872
2015-06-07 05:00:00,20.9,91,0.0,3.7,151,-1.793795594911447,3.236092916415765
2015-06-07 06:00:00,20.9,94,0.0,2.3,129,-1.7874357113510329,1.4474368994146258
2015-06-07 07:00:00,24.1,92,0.0,1.6,117,-1.4256104387013886,0.7263847995832751
2015-06-07 08:00:00,26.3,75,0.0,3.2,207,1.45276959916655,2.851220877402777
2015-06-07 09:00:00,27.3,73,0.0,5.6,220,3.5996106142446203,4.289848881466277
2015-06-07 10:00:00,28.2,70,0.0,8.2,229,6.18861855782673,5.379684037722159
2015-06-07 11:00:00,28.8,69,0.0,9.7,231,7.538315826132617,6.104407793183422
2015-06-07 12:00:00,29.0,69,0.0,11.2,230,8.579697762932554,7.199221228489239
2015-06-07 13:00:00,28.6,71,0.0,11.2,228,8.323222045346816,7.494262791219212
2015-06-07 14:00:00,28.6,72,0.1,11.5,231,8.937178556755166,7.23718449707313
2015-06-07 15:00:00,28.6,70,0.0,10.2,238,8.650090580795544,5.40517649517869
2015-06-07 16:00:00,27.9,73,0.0,8.6,237,7.212566884330647,4.683895701129233
2015-06-07 17:00:00,27.4,76,0.0,6.4,232,5.043268823083021,3.9402334420842133
2015-06-07 18:00:00,26.9,79,0.0,3.3,257,3.2154212137912763,0.7423384793347545
2015-06-07 19:00:00,26.1,84,0.0,4.5,256,4.366330768241984,1.0886485301985047
2015-06-07 20:00:00,26.0,82,0.0,1.6,243,1.4256104387013888,0.7263847995832748
2015-06-07 21:00:00,25.6,83,0.0,3.4,148,-1.8017254983928963,2.8833635269318485
2015-06-07 22:00:00,25.0,86,0.0,5.2,155,-2.1976149610516367,4.71280049259058
2015-06-07 23:00:00,22.9,92,0.0,6.8,155,-2.8738041798367555,6.16289295184922
2015-06-08 00:00:00,21.8,93,0.0,7.3,147,-3.9758649556096977,6.122295146001594
2015-06-08 01:00:00,20.4,96,0.0,5.7,145,-3.269385687200963,4.669166652447252
2015-06-08 02:00:00,19.6,95,0.0,4.1,135,-2.8991378028648445,2.899137802864845
2015-06-08 03:00:00,19.2,99,0.0,4.6,135,-3.252691193458118,3.2526911934581184
2015-06-08 04:00:00,19.1,96,0.0,5.4,132,-4.012982057577928,3.613305274337835
2015-06-08 05:00:00,19.0,93,0.0,5.6,130,-4.289848881466276,3.5996106142446207
2015-06-08 06:00:00,19.3,92,0.0,4.6,129,-3.5748714227020657,2.8948737988292517
2015-06-08 07:00:00,23.0,89,0.0,5.1,135,-3.606244584051392,3.6062445840513924
2015-06-08 08:00:00,26.6,65,0.0,6.6,167,-1.4846769586695092,6.430842427582553
2015-06-08 09:00:00,27.8,60,0.0,8.2,195,2.12231616984067,7.92059177557036
2015-06-08 10:00:00,28.6,60,0.0,8.2,221,5.379684037722159,6.18861855782673
2015-06-08 11:00:00,28.9,62,0.0,8.9,238,7.547628055792192,4.716281451675524
2015-06-08 12:00:00,29.0,64,0.0,9.7,243,8.642763284627168,4.403707847473603
2015-06-08 13:00:00,29.1,65,0.0,10.6,246,9.683581851011569,4.311408416603482
2015-06-08 14:00:00,29.0,66,0.0,10.0,240,8.660254037844387,4.999999999999999
2015-06-08 15:00:00,28.8,68,0.0,9.2,231,7.149742845404131,5.789747597658503
2015-06-08 16:00:00,28.6,69,0.0,8.1,225,5.727564927611035,5.727564927611034
2015-06-08 17:00:00,28.0,72,0.0,7.4,223,5.046787864462489,5.412017391981862
2015-06-08 18:00:00,27.4,76,0.0,3.2,243,2.8512208774027776,1.4527695991665497
2015-06-08 19:00:00,26.0,84,0.0,3.5,246,3.197409101749103,1.4235782507653008
2015-06-08 20:00:00,24.4,87,0.0,2.7,157,-1.0549740469210394,2.4853631043215887
2015-06-08 21:00:00,23.3,88,0.0,4.5,151,-2.1816432911085166,3.9357886821272814
2015-06-08 22:00:00,22.9,87,0.0,5.0,159,-1.7918397477265013,4.667902132486009
2015-06-08 23:00:00,20.6,95,0.0,5.7,162,-1.7613968679371999,5.421022142882376
2015-06-09 00:00:00,19.9,95,0.0,3.6,180,2.2043642384652358e-16,3.6
2015-06-09 01:00:00,19.5,93,0.0,3.2,180,1.9594348786357652e-16,3.2
2015-06-09 02:00:00,19.3,92,0.0,3.9,158,-1.4609657143220571,3.616017032810471
2015-06-09 03:00:00,19.4,91,0.0,4.8,138,-3.2118269105225195,3.5670951622914924
2015-06-09 04:00:00,18.9,91,0.0,5.4,138,-3.6133052743378347,4.012982057577929
2015-06-09 05:00:00,18.7,90,0.0,5.4,127,-4.312631754255382,3.2498011250210603
2015-06-09 06:00:00,19.0,90,0.0,5.6,117,-4.989636535454859,2.542346798541462
2015-06-09 07:00:00,23.2,87,0.0,5.8,120,-5.022947341949744,2.8999999999999995
2015-06-09 08:00:00,26.9,65,0.0,4.7,171,-0.7352419856890848,4.6421352007971475
2015-06-09 09:00:00,28.2,59,0.0,6.5,214,3.634753872559854,5.388744221607771
2015-06-09 10:00:00,28.9,59,0.0,7.9,231,6.139453095510071,4.971631089293716
2015-06-09 11:00:00,29.4,60,0.0,8.6,237,7.212566884330647,4.683895701129233
2015-06-09 12:00:00,29.6,61,0.0,9.5,241,8.30888721782426,4.605691392340202
2015-06-09 13:00:00,29.6,63,0.0,10.0,240,8.660254037844387,4.999999999999999
2015-06-09 14:00:00,29.2,66,0.0,9.9,237,8.302838622659698,5.391926446648768
2015-06-09 15:00:00,29.0,68,0.0,9.0,233,7.187719590425635,5.416335208368435
2015-06-09 16:00:00,28.6,70,0.0,7.9,231,6.139453095510071,4.971631089293716
2015-06-09 17:00:00,28.3,72,0.0,7.1,229,5.358438019581681,4.658019105832602
2015-06-09 18:00:00,27.5,77,0.0,3.6,233,2.875087836170254,2.166534083347374
2015-06-09 19:00:00,26.3,84,0.0,5.2,196,1.4333142502483958,4.998560818879258
2015-06-09 20:00:00,24.5,90,0.0,5.8,176,-0.4045875477159269,5.78587149150698
2015-06-09 21:00:00,24.0,88,0.0,6.7,164,-1.8467702839738938,6.440453362786736
2015-06-09 22:00:00,24.0,87,0.0,7.2,153,-3.2687315981247362,6.415246974156249
2015-06-09 23:00:00,22.8,90,0.0,7.1,150,-3.549999999999998,6.148780366869515
2015-06-10 00:00:00,21.5,94,0.0,7.7,139,-5.0516545232269054,5.811263767715346
2015-06-10 01:00:00,21.1,94,0.0,5.9,133,-4.314986839553106,4.023790324368742
2015-06-10 02:00:00,20.1,97,0.0,6.7,126,-5.420413862312147,3.938161190359571
2015-06-10 03:00:00,20.7,94,0.0,6.8,122,-5.766727053863696,3.603450996785793
2015-06-10 04:00:00,20.1,93,0.0,6.3,121,-5.400153994423307,3.2447398719333425
2015-06-10 05:00:00,19.6,92,0.0,6.2,126,-5.015905365124674,3.644268564213334
2015-06-10 06:00:00,19.9,92,0.0,5.4,127,-4.312631754255382,3.2498011250210603
2015-06-10 07:00:00,23.8,87,0.0,5.6,135,-3.9597979746446654,3.9597979746446663
2015-06-10 08:00:00,27.3,66,0.0,5.4,188,0.7515347451843536,5.34744757120448
2015-06-10 09:00:00,28.4,63,0.0,7.2,217,4.333068166694749,5.750175672340508
2015-06-10 10:00:00,29.1,63,0.0,8.4,227,6.143371093601032,5.728786224524987
2015-06-10 11:00:00,29.6,63,0.0,9.7,231,7.538315826132617,6.104407793183422
2015-06-10 12:00:00,29.9,63,0.0,10.6,235,8.683011669463312,6.079910225321088
2015-06-10 13:00:00,30.1,64,0.2,11.8,232,9.29852689255932,7.2648054088427685
2015-06-10 14:00:00,29.8,66,0.2,11.8,232,9.29852689255932,7.2648054088427685
2015-06-10 15:00:00,29.2,69,0.0,11.3,233,9.02458126353441,6.800509761618146
2015-06-10 16:00:00,29.0,70,0.0,10.7,225,7.566042558696059,7.566042558696057
2015-06-10 17:00:00,28.5,73,0.0,9.4,220,6.04220353105347,7.200817765318393
2015-06-10 18:00:00,27.7,77,0.0,4.8,222,3.2118269105225195,3.5670951622914924
2015-06-10 19:00:00,26.2,86,0.0,6.1,208,2.863776532993934,5.385980316439453
2015-06-10 20:00:00,24.8,89,0.0,6.1,180,3.735172737399427e-16,6.1
2015-06-10 21:00:00,24.3,89,0.0,7.1,156,-2.8878301658381815,6.486172749262466
2015-06-10 22:00:00,23.8,88,0.0,7.2,153,-3.2687315981247362,6.415246974156249
2015-06-10 23:00:00,22.7,89,0.0,6.9,141,-4.342310698243877,5.3623071340531006
2015-06-11 00:00:00,21.3,91,0.0,5.4,138,-3.6133052743378347,4.012982057577929
2015-06-11 01:00:00,20.1,93,0.0,6.4,133,-4.6806636903626915,4.364789504399991
2015-06-11 02:00:00,19.8,91,0.0,5.9,128,-4.64926344627966,3.6324027044213847
2015-06-11 03:00:00,19.5,92,0.0,5.9,133,-4.314986839553106,4.023790324368742
2015-06-11 04:00:00,19.2,91,0.0,5.9,133,-4.314986839553106,4.023790324368742
2015-06-11 05:00:00,18.9,90,0.0,5.9,133,-4.314986839553106,4.023790324368742
2015-06-11 06:00:00,19.3,89,0.0,5.1,129,-3.963444403430551,3.2095339943541705
2015-06-11 07:00:00,23.2,85,0.0,5.6,135,-3.9597979746446654,3.9597979746446663
2015-06-11 08:00:00,27.2,61,0.0,5.9,194,1.4273391840380394,5.7247447850283795
2015-06-11 09:00:00,28.5,57,0.0,8.4,205,3.5499933986218752,7.61298541110786
2015-06-11 10:00:00,29.4,56,0.0,10.0,210,5.000000000000001,8.660254037844386
2015-06-11 11:00:00,30.0,56,0.0,10.7,213,5.82763767466079,8.973775077016036
2015-06-11 12:00:00,30.3,56,0.0,10.7,220,6.877827423645971,8.196675541373065
2015-06-11 13:00:00,30.3,57,0.0,10.9,226,7.8408038236912985,7.57177623800307
2015-06-11 14:00:00,30.1,60,0.0,11.2,230,8.579697762932554,7.199221228489239
2015-06-11 15:00:00,29.6,65,0.0,9.7,231,7.538315826132617,6.104407793183422
2015-06-11 16:00:00,29.3,66,0.0,7.9,223,5.387787044493738,5.777694242791447
2015-06-11 17:00:00,28.9,69,0.0,6.6,221,4.329989591337347,4.981083229470295
2015-06-11 18:00:00,28.2,73,0.0,3.3,221,2.1649947956686737,2.4905416147351476
2015-06-11 19:00:00,26.7,82,0.0,3.2,207,1.45276959916655,2.851220877402777
2015-06-11 20:00:00,26.4,78,0.0,2.3,219,1.447436899414626,1.7874357113510329
2015-06-11 21:00:00,24.4,84,0.0,3.0,166,-0.7257656867990033,2.9108871788279895
2015-06-11 22:00:00,22.9,89,0.0,4.6,141,-2.894873798829251,3.5748714227020666
2015-06-11 23:00:00,22.3,92,0.0,4.1,142,-2.524212048835199,3.23084408978756
2015-06-12 00:00:00,21.6,94,0.0,4.3,132,-3.195522749552794,2.8772616073430908
2015-06-12 01:00:00,21.2,93,0.0,5.3,118,-4.679622242152313,2.4881992827652204
2015-06-12 02:00:00,20.7,92,0.0,5.5,113,-5.062776693988422,2.149021206691006
2015-06-12 03:00:00,21.0,93,0.0,4.0,117,-3.564026096753471,1.8159619989581874
2015-06-12 04:00:00,20.5,92,0.0,4.5,119,-3.935788682127281,2.181643291108517
2015-06-12 05:00:00,20.2,91,0.0,4.4,125,-3.6042689948715645,2.5237363199446023
2015-06-12 06:00:00,20.4,90,0.0,4.3,114,-3.9282454678631833,1.7489675652259418
2015-06-12 07:00:00,24.6,85,0.0,3.2,117,-2.851220877402777,1.4527695991665501
2015-06-12 08:00:00,27.6,67,0.0,2.9,240,2.511473670974872,1.4499999999999997
2015-06-12 09:00:00,28.4,69,0.0,6.3,246,5.755336383148386,2.5624408513775414
2015-06-12 10:00:00,29.0,68,0.0,8.1,249,7.5620014546273335,2.902780391316932
2015-06-12 11:00:00,29.4,69,0.0,9.2,249,8.588939923774255,3.296985135816762
2015-06-12 12:00:00,29.6,69,0.0,9.9,251,9.360633898433237,3.2231247291258516
2015-06-12 13:00:00,29.4,70,0.0,9.8,253,9.371786608437748,2.8652427062828205
2015-06-12 14:00:00,29.1,70,0.4,8.4,250,7.8934180146016315,2.872969203935617
2015-06-12 15:00:00,28.5,77,0.4,7.5,253,7.172285669722766,2.192787785420526
2015-06-12 16:00:00,28.5,77,0.1,4.3,228,3.195522749552795,2.8772616073430903
2015-06-12 17:00:00,28.7,75,0.0,4.3,246,3.9282454678631837,1.7489675652259409
2015-06-12 18:00:00,28.3,76,0.0,4.3,270,4.3,0.0
2015-06-12 19:00:00,27.0,86,0.0,5.0,270,5.0,0.0
2015-06-12 20:00:00,26.7,84,0.0,4.6,252,4.3748599749577055,1.421478174124758
2015-06-12 21:00:00,26.1,87,0.0,5.4,217,3.2498011250210617,4.312631754255381
2015-06-12 22:00:00,25.7,88,0.0,6.5,186,0.6794350112397475,6.4643923198937765
2015-06-12 23:00:00,24.5,91,0.0,6.9,174,-0.7212463965468096,6.862201078041086
2015-06-13 00:00:00,23.3,94,0.0,6.4,153,-2.905539198333099,5.702441754805555
2015-06-13 01:00:00,22.1,96,0.0,6.2,144,-3.644268564213333,5.0159053651246746
2015-06-13 02:00:00,21.4,97,0.0,6.1,152,-2.8637765329939344,5.385980316439453
2015-06-13 03:00:00,21.4,96,0.0,4.2,149,-2.163159914622228,3.600102662948872
2015-06-13 04:00:00,20.9,96,0.0,4.6,135,-3.252691193458118,3.2526911934581184
2015-06-13 05:00:00,20.6,96,0.0,5.9,133,-4.314986839553106,4.023790324368742
2015-06-13 06:00:00,21.1,96,0.0,6.1,135,-4.313351365237939,4.31335136523794
2015-06-13 07:00:00,24.2,88,0.0,5.8,150,-2.8999999999999986,5.022947341949744
2015-06-13 08:00:00,27.0,77,0.0,7.6,205,3.211898789229316,6.887939181478539
2015-06-13 09:00:00,28.0,73,0.0,9.2,219,5.789747597658504,7.149742845404131
2015-06-13 10:00:00,29.0,69,0.0,9.9,224,6.877117867544073,7.121464023352646
2015-06-13 11:00:00,29.6,67,0.0,11.7,227,8.556838308944293,7.979380812731232
2015-06-13 12:00:00,29.8,66,0.0,12.5,221,8.200737862381342,9.43386975278465
2015-06-13 13:00:00,29.7,66,0.0,13.6,220,8.741911491736936,10.4182044264181
2015-06-13 14:00:00,29.4,67,0.0,13.3,218,8.188297621831255,10.480543022969403
2015-06-13 15:00:00,29.2,67,0.0,11.6,216,6.818308926592688,9.38459713474939
2015-06-13 16:00:00,29.0,68,0.0,10.5,218,6.464445490919412,8.274112912870581
2015-06-13 17:00:00,28.7,69,0.0,9.4,220,6.04220353105347,7.200817765318393
2015-06-13 18:00:00,28.2,72,0.0,4.9,216,2.8801477362331185,3.9641832724372428
2015-06-13 19:00:00,27.0,82,0.0,6.8,205,2.873804179836756,6.162892951849219
2015-06-13 20:00:00,26.5,79,0.0,6.6,171,-1.0324674692655234,6.518743047927909
2015-06-13 21:00:00,26.1,80,0.0,6.5,161,-2.116193003971518,6.1458707413955596
2015-06-13 22:00:00,25.3,82,0.0,6.8,162,-2.101315561749642,6.467184310807045
2015-06-13 23:00:00,24.8,83,0.0,6.4,153,-2.905539198333099,5.702441754805555
2015-06-14 00:00:00,24.2,84,0.0,5.7,145,-3.269385687200963,4.669166652447252
2015-06-14 01:00:00,22.9,87,0.0,5.4,143,-3.2498011250210617,4.312631754255381
2015-06-14 02:00:00,22.1,88,0.0,4.2,149,-2.163159914622228,3.600102662948872
2015-06-14 03:00:00,20.5,95,0.0,4.9,144,-2.880147736233118,3.9641832724372428
2015-06-14 04:00:00,20.6,95,0.0,5.1,141,-3.20953399435417,3.963444403430552
2015-06-14 05:00:00,20.6,94,0.0,5.1,135,-3.606244584051392,3.6062445840513924
2015-06-14 06:00:00,20.8,94,0.0,4.7,122,-3.9858260519352022,2.490620541896063
2015-06-14 07:00:00,24.0,85,0.0,3.5,114,-3.197409101749103,1.4235782507653014
2015-06-14 08:00:00,26.9,72,0.0,2.5,225,1.7677669529663689,1.7677669529663687
2015-06-14 09:00:00,28.2,71,0.0,6.4,218,3.9402334420842133,5.043268823083022
2015-06-14 10:00:00,29.2,69,0.0,8.7,225,6.151828996322964,6.151828996322962
2015-06-14 11:00:00,29.6,68,0.1,11.2,230,8.579697762932554,7.199221228489239
2015-06-14 12:00:00,29.8,68,0.7000000000000001,11.2,230,8.579697762932554,7.199221228489239
2015-06-14 13:00:00,29.2,70,0.4,9.0,203,3.5165801564034633,8.284543681071963
2015-06-14 14:00:00,29.1,71,0.0,8.4,200,2.872969203935618,7.893418014601631
2015-06-14 15:00:00,28.6,74,0.0,7.1,204,2.8878301658381815,6.486172749262466
2015-06-14 16:00:00,28.3,74,0.0,7.9,210,3.950000000000001,6.841600689897065
2015-06-14 17:00:00,27.8,76,0.3,6.6,209,3.199743493625825,5.772490067120011
2015-06-14 18:00:00,27.0,79,0.2,2.6,164,-0.7166571251241975,2.499280409439629
2015-06-14 19:00:00,26.3,80,0.2,3.6,135,-2.545584412271571,2.5455844122715714
2015-06-14 20:00:00,25.4,88,0.0,4.1,128,-3.2308440897875594,2.5242120488351993
2015-06-14 21:00:00,25.3,83,0.0,3.4,122,-2.883363526931848,1.8017254983928965
2015-06-14 22:00:00,25.1,83,0.0,5.4,143,-3.2498011250210617,4.312631754255381
2015-06-14 23:00:00,24.5,84,0.0,5.6,153,-2.542346798541461,4.98963653545486
2015-06-15 00:00:00,25.1,81,0.0,5.2,146,-2.907803098047883,4.3109953772862175
2015-06-15 01:00:00,25.0,80,0.0,5.0,150,-2.499999999999999,4.330127018922194
2015-06-15 02:00:00,22.9,88,0.0,4.8,153,-2.179154398749824,4.276831316104166
2015-06-15 03:00:00,22.7,86,0.0,5.7,145,-3.269385687200963,4.669166652447252
2015-06-15 04:00:00,22.9,85,0.0,5.1,141,-3.20953399435417,3.963444403430552
2015-06-15 05:00:00,22.2,88,0.0,4.1,135,-2.8991378028648445,2.899137802864845
2015-06-15 06:00:00,21.5,93,0.0,4.2,121,-3.6001026629488715,2.1631599146222285
2015-06-15 07:00:00,24.6,88,0.0,4.5,104,-4.366330768241984,1.0886485301985047
2015-06-15 08:00:00,26.5,79,0.0,1.0,225,0.7071067811865476,0.7071067811865475
2015-06-15 09:00:00,27.7,77,0.0,3.7,259,3.632020578756357,0.7059932828932158
2015-06-15 10:00:00,28.6,74,0.0,5.9,256,5.7247447850283795,1.4273391840380396
2015-06-15 11:00:00,29.0,72,0.2,8.2,255,7.92059177557036,2.12231616984067
2015-06-15 12:00:00,29.2,70,0.2,10.2,247,9.389149505214892,3.9854575105905923
2015-06-15 13:00:00,28.6,71,0.3,8.6,237,7.212566884330647,4.683895701129233
2015-06-15 14:00:00,28.7,71,0.3,6.2,201,2.2218812871808624,5.788198644282651
2015-06-15 15:00:00,28.7,71,0.2,6.3,211,3.244739871933341,5.400153994423308
2015-06-15 16:00:00,28.6,71,0.0,7.2,217,4.333068166694749,5.750175672340508
2015-06-15 17:00:00,28.2,73,0.0,6.4,223,4.36478950439999,4.6806636903626915
2015-06-15 18:00:00,27.7,76,0.0,3.3,264,3.2819222547153015,0.3449439287832564
2015-06-15 19:00:00,27.1,80,0.0,4.7,274,4.688551036221174,-0.3278554265973889
2015-06-15 20:00:00,27.2,77,0.0,2.9,263,2.8783838397598336,0.35342109587492765
2015-06-15 21:00:00,26.8,79,0.0,2.6,214,1.4539015490239418,2.1554976886431088
2015-06-15 22:00:00,26.2,81,0.0,4.4,189,0.6883116461770161,4.3458286986186065
2015-06-15 23:00:00,25.5,84,0.0,5.4,172,-0.7515347451843529,5.34744757120448
2015-06-16 00:00:00,25.2,84,0.0,5.4,160,-1.8469087739586112,5.074340152243906
2015-06-16 01:00:00,24.7,85,0.0,4.7,157,-1.8364363038995868,4.326372811226469
2015-06-16 02:00:00,21.9,93,0.0,4.7,148,-2.4906205418960625,3.9858260519352027
2015-06-16 03:00:00,20.9,96,0.0,3.6,143,-2.1665340833473743,2.8750878361702537
2015-06-16 04:00:00,20.5,95,0.0,3.6,143,-2.1665340833473743,2.8750878361702537
2015-06-16 05:00:00,20.3,96,0.0,4.1,135,-2.8991378028648445,2.899137802864845
2015-06-16 06:00:00,21.0,95,0.0,4.7,122,-3.9858260519352022,2.490620541896063
2015-06-16 07:00:00,24.1,88,0.0,4.2,121,-3.6001026629488715,2.1631599146222285
2015-06-16 08:00:00,26.8,79,0.0,4.2,211,2.1631599146222276,3.600102662948872
2015-06-16 09:00:00,28.2,76,0.0,6.9,231,5.3623071340531,4.342310698243878
2015-06-16 10:00:00,29.1,71,0.0,9.0,233,7.187719590425635,5.416335208368435
2015-06-16 11:00:00,29.6,68,0.0,9.7,239,8.31452281681049,4.995869326627525
2015-06-16 12:00:00,30.0,66,0.0,10.5,239,9.00025665737218,5.407899786555569
2015-06-16 13:00:00,30.3,64,0.0,11.2,237,9.393110360988748,6.099957192168303
2015-06-16 14:00:00,30.4,63,0.0,10.8,233,8.625263508510763,6.4996022500421216
2015-06-16 15:00:00,29.7,67,0.0,10.7,230,8.196675541373065,6.87782742364597
2015-06-16 16:00:00,29.4,68,0.0,10.5,229,7.924450592339106,6.888619804400326
2015-06-16 17:00:00,29.0,69,0.0,8.4,230,6.4347733221994154,5.39941592136693
2015-06-16 18:00:00,28.3,73,0.0,4.5,241,3.935788682127281,2.1816432911085166
2015-06-16 19:00:00,27.1,82,0.0,6.1,230,4.6728711030257655,3.921004419087889
2015-06-16 20:00:00,25.6,87,0.0,7.1,204,2.8878301658381815,6.486172749262466
2015-06-16 21:00:00,25.6,86,0.0,7.2,177,-0.3768188849491957,7.190132650232932
2015-06-16 22:00:00,26.0,83,0.0,7.2,162,-2.224922359499621,6.847606917325106
2015-06-16 23:00:00,25.4,85,0.0,7.0,159,-2.5085756468171017,6.535062985480412
2015-06-17 00:00:00,22.4,95,0.0,7.9,150,-3.9499999999999984,6.841600689897066
2015-06-17 01:00:00,20.9,99,0.0,5.8,150,-2.8999999999999986,5.022947341949744
2015-06-17 02:00:00,20.7,98,0.0,5.5,148,-2.914555953282626,4.664264528860343
2015-06-17 03:00:00,21.0,94,0.0,6.4,142,-3.9402334420842133,5.043268823083022
2015-06-17 04:00:00,20.4,97,0.0,6.6,135,-4.666904755831213,4.666904755831213
2015-06-17 05:00:00,20.6,93,0.0,6.4,133,-4.6806636903626915,4.364789504399991
2015-06-17 06:00:00,20.8,91,0.0,6.5,124,-5.38874422160777,3.634753872559855
2015-06-17 07:00:00,24.2,82,0.0,5.6,130,-4.289848881466276,3.5996106142446207
2015-06-17 08:00:00,27.6,65,0.0,6.1,180,3.735172737399427e-16,6.1
2015-06-17 09:00:00,29.1,58,0.0,8.4,200,2.872969203935618,7.893418014601631
2015-06-17 10:00:00,30.0,57,0.0,9.2,219,5.789747597658504,7.149742845404131
2015-06-17 11:00:00,30.3,57,0.0,9.3,234,7.523858047687012,5.46640284632
2015-06-17 12:00:00,30.6,58,0.0,9.6,236,7.958760696528399,5.36825187331917
2015-06-17 13:00:00,30.7,59,0.1,10.4,236,8.621990754572433,5.815606196095768
2015-06-17 14:00:00,30.5,62,0.0,10.7,237,8.973775077016036,5.82763767466079
2015-06-17 15:00:00,30.2,65,0.0,11.1,234,8.980088637561916,6.524416300446451
2015-06-17 16:00:00,29.7,68,0.0,10.7,228,7.951649632608118,7.159697488039782
2015-06-17 17:00:00,29.1,71,0.0,9.7,228,7.208504807130724,6.490566881680924
2015-06-17 18:00:00,28.2,75,0.0,5.8,240,5.022947341949744,2.8999999999999995
2015-06-17 19:00:00,27.2,81,0.0,5.7,215,3.269385687200963,4.669166652447253
2015-06-17 20:00:00,25.6,90,0.0,6.5,174,-0.6794350112397481,6.4643923198937765
2015-06-17 21:00:00,24.6,90,0.0,7.2,153,-3.2687315981247362,6.415246974156249
2015-06-17 22:00:00,24.2,89,0.0,7.7,143,-4.633975678270772,6.149493427364154
2015-06-17 23:00:00,23.3,92,0.0,6.7,144,-3.9381611903595695,5.420413862312148
2015-06-18 00:00:00,22.2,92,0.0,5.8,150,-2.8999999999999986,5.022947341949744
2015-06-18 01:00:00,21.0,92,0.0,6.2,144,-3.644268564213333,5.0159053651246746
2015-06-18 02:00:00,21.0,87,0.0,6.1,140,-3.92100441908789,4.6728711030257655
2015-06-18 03:00:00,19.5,92,0.0,4.8,138,-3.2118269105225195,3.5670951622914924
2015-06-18 04:00:00,19.4,90,0.0,4.8,132,-3.567095162291491,3.21182691052252
2015-06-18 05:00:00,19.2,89,0.0,5.4,127,-4.312631754255382,3.2498011250210603
2015-06-18 06:00:00,19.5,89,0.0,5.4,127,-4.312631754255382,3.2498011250210603
2015-06-18 07:00:00,23.9,82,0.0,6.7,126,-5.420413862312147,3.938161190359571
2015-06-18 08:00:00,28.0,57,0.0,5.5,169,-1.0494494745709964,5.3989495089621515
2015-06-18 09:00:00,29.1,55,0.0,6.5,214,3.634753872559854,5.388744221607771
2015-06-18 10:00:00,29.7,56,0.0,7.1,240,6.148780366869515,3.5499999999999994
2015-06-18 11:00:00,30.2,57,0.0,7.4,256,7.180188374442374,1.7902220274375413
2015-06-18 12:00:00,30.4,57,0.0,8.4,260,8.272385125302547,1.458644692402215
2015-06-18 13:00:00,30.6,57,0.0,8.6,255,8.306962106085987,2.2258437878816784
2015-06-18 14:00:00,30.7,57,0.0,8.4,250,7.8934180146016315,2.872969203935617
2015-06-18 15:00:00,30.2,61,0.0,8.0,243,7.128052193506943,3.631923997916374
2015-06-18 16:00:00,29.8,62,0.0,6.6,241,5.772490067120011,3.1997434936258244
2015-06-18 17:00:00,29.4,64,0.0,5.4,228,4.012982057577929,3.6133052743378347
2015-06-18 18:00:00,28.7,68,0.0,2.6,236,2.1554976886431083,1.453901549023942
2015-06-18 19:00:00,26.9,79,0.0,4.4,215,2.5237363199446032,3.604268994871564
2015-06-18 20:00:00,25.0,83,0.0,4.5,166,-1.088648530198505,4.366330768241984
2015-06-18 21:00:00,23.7,85,0.0,5.5,148,-2.914555953282626,4.664264528860343
2015-06-18 22:00:00,23.0,86,0.0,6.4,142,-3.9402334420842133,5.043268823083022
2015-06-18 23:00:00,21.9,89,0.0,3.9,146,-2.180852323535912,3.233246532964663
2015-06-19 00:00:00,21.1,92,0.0,4.6,141,-2.894873798829251,3.5748714227020666
2015-06-19 01:00:00,20.8,92,0.0,5.6,135,-3.9597979746446654,3.9597979746446663
2015-06-19 02:00:00,20.5,91,0.0,6.7,126,-5.420413862312147,3.938161190359571
2015-06-19 03:00:00,19.8,94,0.0,5.7,125,-4.669166652447254,3.269385687200962
2015-06-19 04:00:00,20.0,91,0.0,5.4,127,-4.312631754255382,3.2498011250210603
2015-06-19 05:00:00,19.9,88,0.0,5.7,125,-4.669166652447254,3.269385687200962
2015-06-19 06:00:00,20.0,88,0.0,5.6,117,-4.989636535454859,2.542346798541462
2015-06-19 07:00:00,24.2,84,0.0,5.6,117,-4.989636535454859,2.542346798541462
2015-06-19 08:00:00,27.8,61,0.0,2.5,180,1.5308084989341916e-16,2.5
2015-06-19 09:00:00,28.8,60,0.0,3.3,229,2.4905416147351476,2.1649947956686737
2015-06-19 10:00:00,29.6,60,0.0,4.7,261,4.6421352007971475,0.7352419856890852
2015-06-19 11:00:00,30.1,60,0.0,6.5,273,6.49109197590473,-0.3401837155791349
2015-06-19 12:00:00,30.6,61,0.1,7.6,270,7.6,0.0
2015-06-19 13:00:00,30.5,63,0.0,9.4,270,9.4,0.0
2015-06-19 14:00:00,30.2,66,0.0,9.0,275,8.96575228282571,-0.7844016847289235
2015-06-19 15:00:00,30.1,66,0.0,7.6,275,7.571079705497266,-0.662383644882202
2015-06-19 16:00:00,29.7,68,0.0,7.6,262,7.5260373224359345,1.0577155672964973
2015-06-19 17:00:00,28.9,71,0.3,5.7,252,5.421022142882375,1.7613968679372003
2015-06-19 18:00:00,28.1,75,0.0,1.5,284,1.4554435894139948,-0.3628828433995016
2015-06-19 19:00:00,27.2,79,0.0,2.0,135,-1.414213562373095,1.4142135623730951
2015-06-19 20:00:00,25.9,87,0.0,4.3,156,-1.748967565225941,3.9282454678631837
2015-06-19 21:00:00,25.3,87,0.0,4.9,144,-2.880147736233118,3.9641832724372428
2015-06-19 22:00:00,25.8,82,0.0,3.4,148,-1.8017254983928963,2.8833635269318485
2015-06-19 23:00:00,25.7,80,0.0,3.5,156,-1.423578250765301,3.197409101749103
2015-06-20 00:00:00,25.2,81,0.0,5.0,159,-1.7918397477265013,4.667902132486009
2015-06-20 01:00:00,25.7,78,0.0,5.7,162,-1.7613968679371999,5.421022142882376
2015-06-20 02:00:00,25.7,77,0.0,6.0,155,-2.535709570444196,5.4378467222199
2015-06-20 03:00:00,24.2,80,0.0,6.0,147,-3.2678342100901627,5.032023407672543
2015-06-20 04:00:00,24.0,81,0.0,4.8,138,-3.2118269105225195,3.5670951622914924
2015-06-20 05:00:00,22.8,84,0.0,4.3,138,-2.8772616073430903,3.195522749552795
2015-06-20 06:00:00,21.7,91,0.0,4.7,113,-4.32637281122647,1.8364363038995868
2015-06-20 07:00:00,25.3,83,0.0,4.0,100,-3.939231012048832,0.6945927106677211
2015-06-20 08:00:00,27.7,70,0.0,1.1,360,6.735557395310444e-17,-1.1
2015-06-20 09:00:00,28.6,68,0.0,3.1,306,2.5079526825623373,-1.8221342821066668
2015-06-20 10:00:00,29.5,65,0.0,5.2,295,4.7128004925905795,-2.197614961051637
2015-06-20 11:00:00,30.1,64,0.0,6.4,297,5.702441754805555,-2.9055391983330994
2015-06-20 12:00:00,30.5,64,0.0,7.4,299,6.472185832831529,-3.5875911898228945
2015-06-20 13:00:00,30.5,65,0.2,6.5,304,5.38874422160777,-3.634753872559855
2015-06-20 14:00:00,30.3,67,0.3,6.1,298,5.385980316439454,-2.8637765329939335
2015-06-20 15:00:00,30.3,64,0.3,6.3,294,5.755336383148386,-2.5624408513775414
2015-06-20 16:00:00,29.7,67,0.2,6.2,291,5.788198644282651,-2.2218812871808615
2015-06-20 17:00:00,28.8,71,0.5,4.4,279,4.3458286986186065,-0.6883116461770159
2015-06-20 18:00:00,27.1,80,0.7000000000000001,3.0,284,2.9108871788279895,-0.7257656867990032
2015-06-20 19:00:00,26.8,82,1.7000000000000002,3.0,194,0.725765686799003,2.9108871788279895
2015-06-20 20:00:00,26.1,85,0.8,3.7,191,0.7059932828932162,3.632020578756357
2015-06-20 21:00:00,25.5,89,0.0,4.3,156,-1.748967565225941,3.9282454678631837
2015-06-20 22:00:00,26.3,81,0.0,4.8,132,-3.567095162291491,3.21182691052252
2015-06-20 23:00:00,26.2,82,0.0,2.5,135,-1.7677669529663687,1.7677669529663689
2015-06-21 00:00:00,26.0,82,0.0,3.1,144,-1.8221342821066664,2.5079526825623373
2015-06-21 01:00:00,25.8,81,0.0,3.3,131,-2.4905416147351476,2.1649947956686737
2015-06-21 02:00:00,24.9,83,0.0,2.2,99,-2.172914349309303,0.3441558230885082
2015-06-21 03:00:00,25.1,79,0.0,2.6,74,-2.499280409439629,-0.7166571251241974
2015-06-21 04:00:00,24.2,81,0.0,3.8,73,-3.6339580726595346,-1.1110124779463997
2015-06-21 05:00:00,23.8,81,0.0,3.3,84,-3.2819222547153015,-0.3449439287832565
2015-06-21 06:00:00,23.8,81,0.0,4.1,75,-3.96029588778518,-1.0611580849203353
2015-06-21 07:00:00,25.4,88,0.0,2.5,45,-1.7677669529663693,-1.7677669529663687
2015-06-21 08:00:00,27.5,75,0.0,3.9,338,1.4609657143220567,-3.616017032810471
2015-06-21 09:00:00,28.3,73,0.0,5.2,326,2.9078030980478835,-4.3109953772862175
2015-06-21 10:00:00,29.2,69,0.0,5.8,300,5.022947341949744,-2.8999999999999995
2015-06-21 11:00:00,29.8,67,0.1,5.2,286,4.998560818879258,-1.4333142502483958
2015-06-21 12:00:00,29.6,68,0.6,3.6,264,3.580278823325784,0.37630246776355253
2015-06-21 13:00:00,29.3,70,0.8,5.6,243,4.98963653545486,2.5423467985414616
2015-06-21 14:00:00,29.3,72,0.5,6.0,237,5.032023407672544,3.2678342100901627
2015-06-21 15:00:00,28.4,75,2.4,2.9,187,0.3534210958749277,2.8783838397598336
2015-06-21 16:00:00,27.7,77,2.4,2.3,309,1.7874357113510329,-1.4474368994146258
2015-06-21 17:00:00,27.5,79,0.2,4.5,299,3.935788682127281,-2.1816432911085166
2015-06-21 18:00:00,27.1,80,1.1,3.3,319,2.1649947956686737,-2.4905416147351476
2015-06-21 19:00:00,26.3,84,0.9,1.3,326,0.7269507745119709,-1.0777488443215544
2015-06-21 20:00:00,26.4,82,0.5,4.0,5,-0.348622970990633,-3.984778792366982
2015-06-21 21:00:00,24.9,88,0.9,5.7,18,-1.7613968679372012,-5.421022142882375
2015-06-21 22:00:00,26.1,81,0.2,1.9,22,-0.7117525274902333,-1.7616493236768958
2015-06-21 23:00:00,24.4,89,0.0,3.1,225,2.1920310216782974,2.192031021678297
2015-06-22 00:00:00,23.1,92,0.0,6.5,180,3.9801020972288977e-16,6.5
2015-06-22 01:00:00,23.6,90,0.0,5.6,153,-2.542346798541461,4.98963653545486
2015-06-22 02:00:00,24.0,88,0.0,4.8,207,2.1791543987498248,4.276831316104166
2015-06-22 03:00:00,22.8,92,0.0,5.4,200,1.8469087739586119,5.074340152243905
2015-06-22 04:00:00,24.0,88,0.0,3.3,186,0.3449439287832564,3.2819222547153015
2015-06-22 05:00:00,24.7,86,0.0,1.5,14,-0.36288284339950166,-1.4554435894139948
2015-06-22 06:00:00,24.7,87,0.0,4.3,66,-3.9282454678631837,-1.7489675652259409
2015-06-22 07:00:00,25.1,91,0.0,3.9,56,-3.233246532964663,-2.180852323535912
2015-06-22 08:00:00,26.8,83,0.0,3.6,276,3.580278823325784,-0.37630246776355253
2015-06-22 09:00:00,27.6,80,0.2,5.7,235,4.669166652447253,3.2693856872009626
2015-06-22 10:00:00,27.9,76,0.6,6.1,225,4.31335136523794,4.313351365237939
2015-06-22 11:00:00,28.3,77,0.4,5.6,243,4.98963653545486,2.5423467985414616
2015-06-22 12:00:00,27.9,78,2.5,8.9,230,6.817795543758905,5.7208097262102
2015-06-22 13:00:00,28.0,77,0.0,7.3,191,1.3929056662487778,7.165878439167947
2015-06-22 14:00:00,27.8,78,0.6,4.2,211,2.1631599146222276,3.600102662948872
2015-06-22 15:00:00,27.7,78,1.1,6.4,232,5.043268823083021,3.9402334420842133
2015-06-22 16:00:00,26.9,81,5.9,6.5,199,2.116193003971519,6.145870741395559
2015-06-22 17:00:00,26.9,81,2.5,4.5,166,-1.088648530198505,4.366330768241984
2015-06-22 18:00:00,25.9,86,1.1,2.5,315,1.7677669529663689,-1.7677669529663687
2015-06-22 19:00:00,24.9,93,1.9,4.5,331,2.181643291108517,-3.935788682127281
2015-06-22 20:00:00,24.6,92,1.9,4.0,350,0.6945927106677217,-3.939231012048832
2015-06-22 21:00:00,23.7,96,1.0,5.4,360,3.3065463576978537e-16,-5.4
2015-06-22 22:00:00,23.2,96,0.2,6.9,39,-4.342310698243882,-5.362307134053097
2015-06-22 23:00:00,23.6,93,0.0,6.5,71,-6.145870741395559,-2.116193003971519
2015-06-23 00:00:00,22.7,95,0.2,3.7,119,-3.2360929164157644,1.7937955949114477
2015-06-23 01:00:00,23.3,91,0.1,4.3,138,-2.8772616073430903,3.195522749552795
2015-06-23 02:00:00,24.4,86,0.0,4.4,171,-0.6883116461770157,4.3458286986186065
2015-06-23 03:00:00,25.1,84,0.0,3.4,148,-1.8017254983928963,2.8833635269318485
2015-06-23 04:00:00,24.9,85,0.0,3.3,131,-2.4905416147351476,2.1649947956686737
2015-06-23 05:00:00,24.7,85,0.0,3.3,139,-2.1649947956686737,2.490541614735148
2015-06-23 06:00:00,24.7,86,0.0,3.6,90,-3.6,4.4087284769304716e-16
2015-06-23 07:00:00,25.6,88,0.0,1.9,112,-1.7616493236768958,0.7117525274902332
2015-06-23 08:00:00,26.7,85,0.0,2.1,239,1.800051331474436,1.0815799573111138
2015-06-23 09:00:00,27.5,82,0.0,6.6,221,4.329989591337347,4.981083229470295
2015-06-23 10:00:00,27.8,81,0.4,9.2,206,4.033014550459512,8.268905225952336
2015-06-23 11:00:00,28.2,81,0.6,11.9,209,5.769234480931412,10.40797451495881
2015-06-23 12:00:00,28.3,80,0.0,12.2,208,5.727553065987868,10.771960632878907
2015-06-23 13:00:00,28.3,80,0.0,12.6,200,4.309453805903427,11.840127021902445
2015-06-23 14:00:00,27.7,84,2.3,12.8,190,2.2226966741367096,12.605539238556263
2015-06-23 15:00:00,27.4,82,1.5,8.9,194,2.1531048708370424,8.635631963856369
2015-06-23 16:00:00,27.0,84,0.0,7.1,195,1.8376152202278973,6.858073366652385
2015-06-23 17:00:00,27.3,82,0.0,4.7,203,1.8364363038995866,4.32637281122647
2015-06-23 18:00:00,26.9,85,0.0,4.9,234,3.9641832724372428,2.8801477362331185
2015-06-23 19:00:00,26.6,85,0.0,5.2,196,1.4333142502483958,4.998560818879258
2015-06-23 20:00:00,25.0,91,0.6,6.6,193,1.4846769586695083,6.430842427582553
2015-06-23 21:00:00,24.1,92,1.1,6.5,180,3.9801020972288977e-16,6.5
2015-06-23 22:00:00,24.1,92,0.0,4.7,157,-1.8364363038995868,4.326372811226469
2015-06-23 23:00:00,24.5,88,0.0,4.7,171,-0.7352419856890848,4.6421352007971475
2015-06-24 00:00:00,24.7,85,0.0,4.7,148,-2.4906205418960625,3.9858260519352027
2015-06-24 01:00:00,23.9,88,0.0,4.6,135,-3.252691193458118,3.2526911934581184
2015-06-24 02:00:00,23.7,88,0.0,4.8,153,-2.179154398749824,4.276831316104166
2015-06-24 03:00:00,23.5,89,0.0,6.2,170,-1.076618701534968,6.10580806867569
2015-06-24 04:00:00,23.1,89,0.0,6.6,158,-2.4724035165450196,6.1194134401407965
2015-06-24 05:00:00,22.2,92,0.0,6.0,155,-2.535709570444196,5.4378467222199
2015-06-24 06:00:00,22.3,93,0.0,5.4,160,-1.8469087739586112,5.074340152243906
2015-06-24 07:00:00,24.7,92,0.0,7.9,150,-3.9499999999999984,6.841600689897066
2015-06-24 08:00:00,27.0,78,0.0,7.8,167,-1.7546182238821473,7.6000865053248345
2015-06-24 09:00:00,28.1,74,0.0,10.9,197,3.186851581477831,10.423721839997087
2015-06-24 10:00:00,29.0,73,0.0,13.4,207,6.0834726965099275,11.93948742412413
2015-06-24 11:00:00,29.4,73,0.0,16.1,209,7.8054348859660285,14.081377284944272
2015-06-24 12:00:00,28.8,75,0.6,16.6,204,6.751828275058284,15.164854596867176
2015-06-24 13:00:00,28.2,78,0.2,14.2,204,5.775660331676363,12.972345498524932
2015-06-24 14:00:00,28.5,78,0.0,15.5,208,7.276809223181308,13.685687689313367
2015-06-24 15:00:00,27.2,81,2.1,15.0,210,7.500000000000002,12.990381056766578
2015-06-24 16:00:00,26.3,85,0.6,10.8,195,2.795245687107224,10.431998923921938
2015-06-24 17:00:00,26.2,84,0.0,7.9,183,0.41345405431925736,7.889173324561134
2015-06-24 18:00:00,26.1,86,0.0,5.8,173,-0.7068421917498547,5.756767679519668
2015-06-24 19:00:00,26.3,82,0.0,7.0,159,-2.5085756468171017,6.535062985480412
2015-06-24 20:00:00,25.6,85,0.0,8.6,182,0.3001356716415093,8.594761112364223
2015-06-24 21:00:00,24.5,88,0.0,6.7,164,-1.8467702839738938,6.440453362786736
2015-06-24 22:00:00,23.3,92,0.0,7.4,157,-2.891410350820626,6.811735915548058
2015-06-24 23:00:00,22.7,92,0.0,8.6,158,-3.2216167033768435,7.973781149274371
2015-06-25 00:00:00,22.1,93,0.0,6.6,158,-2.4724035165450196,6.1194134401407965
2015-06-25 01:00:00,21.8,93,0.0,7.0,159,-2.5085756468171017,6.535062985480412
2015-06-25 02:00:00,21.8,91,0.0,7.6,155,-3.211898789229315,6.88793918147854
2015-06-25 03:00:00,21.8,90,0.0,8.6,158,-3.2216167033768435,7.973781149274371
2015-06-25 04:00:00,21.9,88,0.0,9.6,160,-3.2833933759264196,9.02104915954472
2015-06-25 05:00:00,22.1,85,0.0,10.0,159,-3.5836794954530027,9.335804264972017
2015-06-25 06:00:00,22.8,82,0.0,10.0,167,-2.2495105434386504,9.743700647852352
2015-06-25 07:00:00,25.6,79,0.0,9.4,178,-0.328055269003509,9.394273773979501
2015-06-25 08:00:00,27.8,69,0.0,12.0,189,1.877213580482771,11.852260087141653
2015-06-25 09:00:00,28.6,70,0.0,13.6,192,2.8275989951215283,13.302807369979755
2015-06-25 10:00:00,29.0,69,0.6,14.1,193,3.1718098662484953,13.738617913471817
2015-06-25 11:00:00,29.2,70,0.2,15.5,192,3.2226312076752714,15.161287811373986
2015-06-25 12:00:00,29.9,67,0.0,13.7,198,4.2335328229367795,13.029474273243602
2015-06-25 13:00:00,29.9,68,0.7000000000000001,14.8,209,7.17518237964579,12.944371665663057
2015-06-25 14:00:00,29.4,70,0.1,13.8,208,6.478707566445294,12.184676781453192
2015-06-25 15:00:00,28.9,74,0.4,13.4,204,5.450271017215723,12.241509132410853
2015-06-25 16:00:00,27.6,78,0.4,9.0,203,3.5165801564034633,8.284543681071963
2015-06-25 17:00:00,27.4,79,0.5,9.6,200,3.2833933759264204,9.02104915954472
2015-06-25 18:00:00,26.7,83,0.5,6.4,196,1.7640790772287946,6.1520748540052415
2015-06-25 19:00:00,26.0,84,0.0,6.5,161,-2.116193003971518,6.1458707413955596
2015-06-25 20:00:00,25.5,85,0.0,7.2,143,-4.333068166694749,5.750175672340507
2015-06-25 21:00:00,24.8,86,0.0,7.0,145,-4.015035054457323,5.734064310022942
2015-06-25 22:00:00,24.0,88,0.0,6.8,155,-2.8738041798367555,6.16289295184922
2015-06-25 23:00:00,23.4,88,0.0,7.3,160,-2.4967470462773815,6.859756131737131
2015-06-26 00:00:00,22.9,87,0.0,8.2,157,-3.2039952536120446,7.548139798310009
2015-06-26 01:00:00,22.8,84,0.0,9.5,155,-4.0148734865366436,8.609923976848176
2015-06-26 02:00:00,22.7,81,0.0,10.3,155,-4.352968095929203,9.334970206477497
2015-06-26 03:00:00,22.7,78,0.0,10.5,153,-4.76690024726524,9.355568503977864
2015-06-26 04:00:00,23.3,74,0.0,10.6,152,-4.9763985655304435,9.359244484304625
2015-06-26 05:00:00,23.5,72,0.0,10.6,152,-4.9763985655304435,9.359244484304625
2015-06-26 06:00:00,23.6,73,0.0,8.0,153,-3.6319239979163735,7.128052193506943
2015-06-26 07:00:00,25.8,75,0.0,7.2,162,-2.224922359499621,6.847606917325106
2015-06-26 08:00:00,28.1,65,0.0,8.3,185,0.7233926648055626,8.268415994161488
2015-06-26 09:00:00,28.8,66,0.0,10.5,196,2.8941922360784913,10.093247807352348
2015-06-26 10:00:00,29.2,67,0.0,10.6,204,4.311408416603482,9.683581851011569
2015-06-26 11:00:00,29.8,67,0.0,11.6,210,5.800000000000001,10.045894683899487
2015-06-26 12:00:00,30.2,66,0.0,12.8,212,6.782966582185023,10.855015630802253
2015-06-26 13:00:00,30.3,66,1.1,13.8,213,7.516018683207374,11.573653837646852
2015-06-26 14:00:00,28.8,74,0.0,14.1,212,7.471861625688189,11.957478155805605
2015-06-26 15:00:00,29.5,72,0.0,14.3,208,6.71344334783824,12.626150577882655
2015-06-26 16:00:00,29.3,73,0.0,13.9,205,5.874393838195722,12.597678239809435
2015-06-26 17:00:00,29.1,75,0.2,11.4,204,4.636797731064123,10.41441821712565
2015-06-26 18:00:00,27.9,80,0.0,7.2,207,3.268731598124737,6.415246974156248
2015-06-26 19:00:00,26.9,83,0.0,8.6,178,-0.30013567164150823,8.594761112364223
2015-06-26 20:00:00,25.7,87,0.0,8.9,159,-3.1894747509531727,8.308865795825096
2015-06-26 21:00:00,24.5,89,0.0,9.0,157,-3.5165801564034638,8.284543681071963
2015-06-26 22:00:00,24.1,87,0.0,9.7,158,-3.633683956134347,8.993683389297837
2015-06-26 23:00:00,23.9,84,0.0,9.9,161,-3.2231247291258507,9.360633898433237
2015-06-27 00:00:00,23.6,82,0.0,10.5,158,-3.933369230867077,9.735430472951268
2015-06-27 01:00:00,23.4,80,0.0,10.0,154,-4.383711467890775,8.98794046299167
2015-06-27 02:00:00,23.3,77,0.0,10.5,153,-4.76690024726524,9.355568503977864
2015-06-27 03:00:00,22.7,80,0.0,11.0,157,-4.298042413382012,10.125553387976844
2015-06-27 04:00:00,22.7,79,0.0,11.6,158,-4.34543648362458,10.755332712974734
2015-06-27 05:00:00,22.7,79,0.0,11.3,153,-5.130092647056878,10.068373723328557
2015-06-27 06:00:00,23.0,79,0.0,10.2,162,-3.1519733426244625,9.700776466210566
2015-06-27 07:00:00,25.9,75,0.0,9.2,169,-1.755442757464212,9.030970087718508
2015-06-27 08:00:00,28.1,67,0.0,11.2,186,1.1707187885977186,11.13864522812466
2015-06-27 09:00:00,29.2,66,0.0,13.4,194,3.241753401035547,13.001962732098352
2015-06-27 10:00:00,30.0,64,0.0,14.1,199,4.59051097784591,13.331811915950366
2015-06-27 11:00:00,30.3,64,0.0,14.3,208,6.71344334783824,12.626150577882655
2015-06-27 12:00:00,30.2,66,0.1,14.0,215,8.030070108914646,11.468128620045885
2015-06-27 13:00:00,30.2,67,0.0,14.1,220,9.063305296580205,10.80122664797759
2015-06-27 14:00:00,29.6,71,0.4,12.3,220,7.906287599144434,9.42234665036343
2015-06-27 15:00:00,29.3,71,0.1,9.7,222,6.490566881680924,7.208504807130724
2015-06-27 16:00:00,29.0,71,0.0,8.7,225,6.151828996322964,6.151828996322962
2015-06-27 17:00:00,28.2,76,0.1,6.1,225,4.31335136523794,4.313351365237939
2015-06-27 18:00:00,27.3,81,0.0,3.6,186,0.3763024677635525,3.580278823325784
2015-06-27 19:00:00,26.5,83,0.0,6.4,164,-1.764079077228794,6.1520748540052415
2015-06-27 20:00:00,25.4,88,0.0,7.4,157,-2.891410350820626,6.811735915548058
2015-06-27 21:00:00,24.0,91,0.0,7.9,156,-3.213219480298822,7.217009115376547
2015-06-27 22:00:00,23.3,90,0.0,8.5,152,-3.990508283680073,7.505054539300878
2015-06-27 23:00:00,22.5,91,0.0,8.7,150,-4.349999999999998,7.534421012924616
2015-06-28 00:00:00,22.0,91,0.0,9.2,149,-4.738350289172499,7.8859391664594325
2015-06-28 01:00:00,21.6,91,0.0,8.7,150,-4.349999999999998,7.534421012924616
2015-06-28 02:00:00,21.0,92,0.0,8.2,151,-3.975438886019963,7.171881598543045
2015-06-28 03:00:00,22.1,84,0.0,8.4,149,-4.326319829244456,7.200205325897744
2015-06-28 04:00:00,22.4,80,0.0,7.8,146,-4.361704647071824,6.466493065929326
2015-06-28 05:00:00,22.4,78,0.0,7.5,145,-4.301823272632846,6.143640332167438
2015-06-28 06:00:00,22.8,76,0.0,5.4,138,-3.6133052743378347,4.012982057577929
2015-06-28 07:00:00,25.4,80,0.0,5.1,141,-3.20953399435417,3.963444403430552
2015-06-28 08:00:00,28.1,64,0.0,6.5,183,0.3401837155791358,6.49109197590473
2015-06-28 09:00:00,28.6,65,0.0,8.2,203,3.203995253612044,7.54813979831001
2015-06-28 10:00:00,29.2,66,0.0,8.3,214,4.641301098807199,6.881011852206847
2015-06-28 11:00:00,29.3,66,0.1,8.8,215,5.0474726398892065,7.208537989743128
2015-06-28 12:00:00,29.8,65,0.1,9.3,216,5.46640284632,7.523858047687012
2015-06-28 13:00:00,29.8,67,0.0,8.7,225,6.151828996322964,6.151828996322962
2015-06-28 14:00:00,29.8,69,0.0,8.9,230,6.817795543758905,5.7208097262102
2015-06-28 15:00:00,29.2,72,0.0,8.7,225,6.151828996322964,6.151828996322962
2015-06-28 16:00:00,29.1,73,0.0,8.4,220,5.399415921366931,6.4347733221994154
2015-06-28 17:00:00,28.6,75,0.1,7.9,219,4.971631089293717,6.139453095510071
2015-06-28 18:00:00,27.9,78,0.0,4.6,231,3.5748714227020657,2.8948737988292517
2015-06-28 19:00:00,26.9,82,0.0,6.1,183,0.3192493330819582,6.0916401620029
2015-06-28 20:00:00,25.6,87,0.0,7.1,156,-2.8878301658381815,6.486172749262466
2015-06-28 21:00:00,24.3,90,0.0,8.1,148,-4.292346040288959,6.869189578867051
2015-06-28 22:00:00,24.3,86,0.0,7.5,145,-4.301823272632846,6.143640332167438
2015-06-28 23:00:00,23.9,85,0.0,6.8,148,-3.6034509967857926,5.766727053863697
2015-06-29 00:00:00,22.6,89,0.0,7.1,150,-3.549999999999998,6.148780366869515
2015-06-29 01:00:00,21.7,92,0.0,5.8,150,-2.8999999999999986,5.022947341949744
2015-06-29 02:00:00,21.3,91,0.0,5.9,142,-3.6324027044213842,4.64926344627966
2015-06-29 03:00:00,20.9,92,0.0,6.1,135,-4.313351365237939,4.31335136523794
2015-06-29 04:00:00,20.7,92,0.0,6.1,135,-4.313351365237939,4.31335136523794
2015-06-29 05:00:00,20.6,90,0.0,5.9,137,-4.023790324368741,4.314986839553106
2015-06-29 06:00:00,20.9,89,0.0,4.3,138,-2.8772616073430903,3.195522749552795
2015-06-29 07:00:00,25.0,83,0.0,4.7,148,-2.4906205418960625,3.9858260519352027
2015-06-29 08:00:00,27.9,66,0.0,6.2,201,2.2218812871808624,5.788198644282651
2015-06-29 09:00:00,28.6,68,0.0,8.5,216,4.996174644486022,6.876644452187053
2015-06-29 10:00:00,29.0,68,0.2,10.2,219,6.419067988708342,7.926888806861102
2015-06-29 11:00:00,29.0,69,0.2,11.3,233,9.02458126353441,6.800509761618146
2015-06-29 12:00:00,28.5,70,1.0,10.5,243,9.355568503977864,4.766900247265241
2015-06-29 13:00:00,28.2,75,0.4,8.0,243,7.128052193506943,3.631923997916374
2015-06-29 14:00:00,28.5,74,0.2,6.2,234,5.0159053651246746,3.6442685642133337
2015-06-29 15:00:00,28.6,79,0.0,6.0,213,3.2678342100901627,5.032023407672544
2015-06-29 16:00:00,28.9,73,0.1,7.6,205,3.211898789229316,6.887939181478539
2015-06-29 17:00:00,28.8,72,0.0,7.6,205,3.211898789229316,6.887939181478539
2015-06-29 18:00:00,28.3,73,0.0,4.7,203,1.8364363038995866,4.32637281122647
2015-06-29 19:00:00,27.2,77,0.0,7.6,175,-0.6623836448822026,7.571079705497266
2015-06-29 20:00:00,25.7,83,0.0,7.9,156,-3.213219480298822,7.217009115376547
2015-06-29 21:00:00,24.3,87,0.0,6.5,146,-3.6347538725598536,5.388744221607771
2015-06-29 22:00:00,23.7,87,0.0,7.0,145,-4.015035054457323,5.734064310022942
2015-06-29 23:00:00,22.8,88,0.0,6.8,148,-3.6034509967857926,5.766727053863697
2015-06-30 00:00:00,22.0,90,0.0,6.8,148,-3.6034509967857926,5.766727053863697
2015-06-30 01:00:00,21.8,88,0.0,7.3,147,-3.9758649556096977,6.122295146001594
2015-06-30 02:00:00,21.7,86,0.0,6.7,144,-3.9381611903595695,5.420413862312148
2015-06-30 03:00:00,20.8,89,0.1,6.4,142,-3.9402334420842133,5.043268823083022
2015-06-30 04:00:00,20.6,89,0.0,5.7,145,-3.269385687200963,4.669166652447252
2015-06-30 05:00:00,20.9,86,0.2,5.9,142,-3.6324027044213842,4.64926344627966
2015-06-30 06:00:00,21.7,83,0.0,6.1,135,-4.313351365237939,4.31335136523794
2015-06-30 07:00:00,24.9,79,0.0,7.2,143,-4.333068166694749,5.750175672340507
2015-06-30 08:00:00,27.2,68,0.0,7.9,177,-0.41345405431925636,7.889173324561134
2015-06-30 09:00:00,28.0,70,0.0,9.5,191,1.8126854560771768,9.325458242752807
2015-06-30 10:00:00,28.9,69,0.0,10.5,207,4.766900247265242,9.355568503977862
2015-06-30 11:00:00,29.3,68,0.0,11.6,216,6.818308926592688,9.38459713474939
2015-06-30 12:00:00,29.5,67,0.6,12.6,217,7.582869291715809,10.062807426595889
2015-06-30 13:00:00,29.3,70,0.2,13.6,217,8.184684314867857,10.861442936643183
2015-06-30 14:00:00,29.3,70,0.2,12.3,212,6.518006950068421,10.43099158272404
2015-06-30 15:00:00,29.1,72,0.0,11.8,203,4.61062731617343,10.861957270738797
2015-06-30 16:00:00,29.1,70,0.1,11.3,197,3.303800263366926,10.806243742382302
2015-06-30 17:00:00,29.1,68,0.2,10.7,194,2.588564282916444,10.382164271153162
2015-06-30 18:00:00,28.4,70,0.0,6.6,202,2.4724035165450187,6.1194134401407965
2015-06-30 19:00:00,27.0,74,0.0,8.4,170,-1.4586446924022145,8.272385125302547
2015-06-30 20:00:00,25.7,79,0.0,8.4,155,-3.5499933986218744,7.612985411107861
2015-06-30 21:00:00,24.2,84,0.0,8.7,150,-4.349999999999998,7.534421012924616
2015-06-30 22:00:00,23.5,84,0.0,8.2,142,-5.048424097670398,6.46168817957512
2015-06-30 23:00:00,23.5,80,0.0,7.1,139,-4.658019105832601,5.358438019581682
2015-07-01 00:00:00,23.1,78,0.1,7.1,139,-4.658019105832601,5.358438019581682
2015-07-01 01:00:00,22.8,77,0.2,6.9,141,-4.342310698243877,5.3623071340531006
2015-07-01 02:00:00,22.2,78,0.2,7.0,145,-4.015035054457323,5.734064310022942
2015-07-01 03:00:00,21.3,80,0.0,7.1,150,-3.549999999999998,6.148780366869515
2015-07-01 04:00:00,21.2,79,0.0,7.1,150,-3.549999999999998,6.148780366869515
2015-07-01 05:00:00,20.8,81,0.0,6.8,148,-3.6034509967857926,5.766727053863697
2015-07-01 06:00:00,21.2,82,0.0,6.3,149,-3.2447398719333416,5.400153994423308
2015-07-01 07:00:00,25.6,72,0.0,7.9,156,-3.213219480298822,7.217009115376547
2015-07-01 08:00:00,27.8,62,0.0,9.4,184,0.6557108531947772,9.377102072442348
2015-07-01 09:00:00,28.8,63,0.0,11.0,199,3.5812496990287244,10.400704331592484
2015-07-01 10:00:00,29.6,63,0.0,10.9,207,4.948496447161061,9.71197111365321
2015-07-01 11:00:00,30.1,62,0.0,11.4,208,5.351975815759156,10.065602558591767
2015-07-01 12:00:00,29.6,65,0.3,12.8,212,6.782966582185023,10.855015630802253
2015-07-01 13:00:00,29.5,67,0.0,13.3,218,8.188297621831255,10.480543022969403
2015-07-01 14:00:00,29.4,67,0.4,11.9,215,6.8255595925774495,9.747909327039002
2015-07-01 15:00:00,29.2,70,0.4,11.6,210,5.800000000000001,10.045894683899487
2015-07-01 16:00:00,28.8,73,0.0,10.3,205,4.352968095929205,9.334970206477495
2015-07-01 17:00:00,28.5,73,0.0,9.2,201,3.2969851358167634,8.588939923774255
2015-07-01 18:00:00,27.9,76,0.0,5.7,215,3.269385687200963,4.669166652447253
2015-07-01 19:00:00,26.9,79,0.0,8.3,178,-0.28966582263075796,8.294943864258496
2015-07-01 20:00:00,25.9,83,0.0,8.0,162,-2.4721359549995787,7.608452130361229
2015-07-01 21:00:00,24.9,86,0.0,8.9,159,-3.1894747509531727,8.308865795825096
2015-07-01 22:00:00,24.0,88,0.0,9.6,160,-3.2833933759264196,9.02104915954472
2015-07-01 23:00:00,23.5,86,0.0,10.0,159,-3.5836794954530027,9.335804264972017
2015-07-02 00:00:00,23.5,84,0.0,9.0,157,-3.5165801564034638,8.284543681071963
2015-07-02 01:00:00,23.2,83,0.0,7.7,152,-3.6149310334513602,6.798696465013737
2015-07-02 02:00:00,22.7,84,0.1,7.6,149,-3.9142893693164122,6.5144714853360535
2015-07-02 03:00:00,22.0,87,0.1,8.0,144,-4.702282018339784,6.47213595499958
2015-07-02 04:00:00,22.1,85,0.1,7.5,145,-4.301823272632846,6.143640332167438
2015-07-02 05:00:00,22.4,84,0.0,7.3,147,-3.9758649556096977,6.122295146001594
2015-07-02 06:00:00,22.5,85,0.1,7.2,153,-3.2687315981247362,6.415246974156249
2015-07-02 07:00:00,24.8,84,0.0,7.8,167,-1.7546182238821473,7.6000865053248345
2015-07-02 08:00:00,27.3,71,0.0,8.0,172,-1.1133848076805228,7.922144549932563
2015-07-02 09:00:00,28.2,70,0.0,8.3,180,5.082284216461516e-16,8.3
2015-07-02 10:00:00,29.0,68,0.0,8.8,199,2.8649997592229797,8.320563465273988
2015-07-02 11:00:00,29.2,67,0.1,9.7,211,4.995869326627525,8.31452281681049
2015-07-02 12:00:00,29.4,69,0.2,11.0,212,5.829111906565254,9.328529057720685
2015-07-02 13:00:00,29.4,70,0.2,12.8,212,6.782966582185023,10.855015630802253
2015-07-02 14:00:00,29.7,70,0.3,13.0,214,7.269507745119708,10.777488443215542
2015-07-02 15:00:00,29.6,69,0.1,12.7,209,6.157082177128481,11.107670280670325
2015-07-02 16:00:00,29.5,70,0.2,11.9,209,5.769234480931412,10.40797451495881
2015-07-02 17:00:00,28.6,75,0.1,10.6,204,4.311408416603482,9.683581851011569
2015-07-02 18:00:00,27.5,80,0.0,6.2,216,3.6442685642133337,5.0159053651246746
2015-07-02 19:00:00,26.4,83,0.0,6.9,174,-0.7212463965468096,6.862201078041086
2015-07-02 20:00:00,25.7,85,0.0,8.2,151,-3.975438886019963,7.171881598543045
2015-07-02 21:00:00,24.5,89,0.0,7.1,150,-3.549999999999998,6.148780366869515
2015-07-02 22:00:00,23.9,88,0.0,7.7,143,-4.633975678270772,6.149493427364154
2015-07-02 23:00:00,23.7,85,0.0,7.4,141,-4.656970893768796,5.750880114781586
2015-07-03 00:00:00,23.0,85,0.0,5.7,145,-3.269385687200963,4.669166652447252
2015-07-03 01:00:00,22.6,84,0.0,5.1,135,-3.606244584051392,3.6062445840513924
2015-07-03 02:00:00,21.7,86,0.0,6.4,128,-5.043268823083021,3.9402334420842138
2015-07-03 03:00:00,20.0,97,0.0,7.2,127,-5.750175672340509,4.333068166694747
2015-07-03 04:00:00,19.9,96,0.0,6.9,129,-5.3623071340531,4.342310698243878
2015-07-03 05:00:00,19.8,94,0.0,5.6,130,-4.289848881466276,3.5996106142446207
2015-07-03 06:00:00,20.4,91,0.0,4.4,125,-3.6042689948715645,2.5237363199446023
2015-07-03 07:00:00,23.8,89,0.0,5.4,132,-4.012982057577928,3.613305274337835
2015-07-03 08:00:00,27.8,64,0.0,5.6,195,1.4493866525741161,5.4091846272187825
2015-07-03 09:00:00,28.7,63,0.0,8.1,212,4.29234604028896,6.86918957886705
2015-07-03 10:00:00,29.5,63,0.0,9.3,216,5.46640284632,7.523858047687012
2015-07-03 11:00:00,30.1,62,0.0,10.2,219,6.419067988708342,7.926888806861102
2015-07-03 12:00:00,30.4,63,0.0,12.0,226,8.632077604063815,8.335900445507967
2015-07-03 13:00:00,30.2,67,0.0,13.0,226,9.351417404402465,9.030558815966964
2015-07-03 14:00:00,29.6,69,0.0,13.5,228,10.032455143944823,9.033263185844586
2015-07-03 15:00:00,29.1,72,0.2,12.4,234,10.031810730249349,7.288537128426667
2015-07-03 16:00:00,28.3,75,0.2,10.7,237,8.973775077016036,5.82763767466079
2015-07-03 17:00:00,27.5,79,0.1,7.7,229,5.811263767715345,5.051654523226906
2015-07-03 18:00:00,27.0,81,0.0,2.5,262,2.475670171853926,0.3479327524001636
2015-07-03 19:00:00,26.3,85,0.0,0.5,315,0.3535533905932738,-0.35355339059327373
2015-07-03 20:00:00,25.4,90,0.0,3.5,114,-3.197409101749103,1.4235782507653014
2015-07-03 21:00:00,25.3,86,0.0,3.9,112,-3.6160170328104706,1.4609657143220578
2015-07-03 22:00:00,24.6,87,0.0,4.1,128,-3.2308440897875594,2.5242120488351993
2015-07-03 23:00:00,24.1,86,0.0,4.1,135,-2.8991378028648445,2.899137802864845
2015-07-04 00:00:00,24.0,85,0.0,3.9,124,-3.2332465329646625,2.180852323535913
2015-07-04 01:00:00,24.5,81,0.0,2.3,108,-2.1874299874788528,0.7107390870623792
2015-07-04 02:00:00,25.6,77,0.0,1.4,90,-1.4,1.7145055188062944e-16
2015-07-04 03:00:00,24.5,80,0.0,1.5,104,-1.4554435894139948,0.3628828433995016
2015-07-04 04:00:00,22.5,87,0.0,1.9,112,-1.7616493236768958,0.7117525274902332
2015-07-04 05:00:00,22.2,87,0.0,3.1,111,-2.8940993221413254,1.1109406435904308
2015-07-04 06:00:00,22.0,90,0.0,2.5,82,-2.475670171853926,-0.3479327524001638
2015-07-04 07:00:00,24.8,89,0.0,2.5,82,-2.475670171853926,-0.3479327524001638
2015-07-04 08:00:00,27.0,83,0.0,2.7,337,1.0549740469210391,-2.485363104321589
2015-07-04 09:00:00,28.2,79,0.1,4.8,312,3.5670951622914924,-3.2118269105225195
2015-07-04 10:00:00,29.1,75,0.2,6.7,306,5.420413862312148,-3.93816119035957
2015-07-04 11:00:00,29.6,73,0.3,7.5,305,6.143640332167439,-4.301823272632845
2015-07-04 12:00:00,29.6,73,0.4,8.2,311,6.18861855782673,-5.379684037722159
2015-07-04 13:00:00,29.4,75,0.6,6.6,338,2.4724035165450187,-6.1194134401407965
2015-07-04 14:00:00,29.9,74,0.3,7.1,345,1.8376152202278973,-6.858073366652385
2015-07-04 15:00:00,28.0,75,0.4,9.3,344,2.5634274090980926,-8.939733772226367
2015-07-04 16:00:00,28.3,73,0.2,9.1,353,1.1090110249868421,-9.032169979936029
2015-07-04 17:00:00,28.3,73,0.0,9.8,352,1.3638963894086416,-9.70462707366739
2015-07-04 18:00:00,27.5,76,0.0,9.4,356,0.6557108531947772,-9.377102072442348
2015-07-04 19:00:00,26.6,80,0.0,8.0,5,-0.697245941981266,-7.969557584733964
2015-07-04 20:00:00,25.4,89,0.0,10.5,6,-1.0975488643103604,-10.442479901366871
2015-07-04 21:00:00,25.2,88,0.0,10.2,10,-1.7712114122026892,-10.045039080724521
2015-07-04 22:00:00,25.8,86,0.0,9.0,23,-3.5165801564034647,-8.284543681071963
2015-07-04 23:00:00,25.6,88,0.0,5.7,35,-3.2693856872009643,-4.669166652447252
2015-07-05 00:00:00,25.4,91,0.0,3.1,36,-1.822134282106667,-2.507952682562337
2015-07-05 01:00:00,24.8,93,0.0,2.6,56,-2.1554976886431088,-1.4539015490239415
2015-07-05 02:00:00,24.0,94,0.0,2.3,51,-1.7874357113510326,-1.4474368994146265
2015-07-05 03:00:00,25.2,90,0.0,2.8,50,-2.1449244407331385,-1.7998053071223097
2015-07-05 04:00:00,24.6,91,0.0,2.2,81,-2.1729143493093033,-0.3441558230885076
2015-07-05 05:00:00,23.2,93,0.0,2.7,113,-2.485363104321589,1.0549740469210394
2015-07-05 06:00:00,23.7,92,0.0,1.5,104,-1.4554435894139948,0.3628828433995016
2015-07-05 07:00:00,26.1,90,0.0,5.1,4,-0.35575801609504043,-5.087576656325103
2015-07-05 08:00:00,27.5,84,0.0,6.6,347,1.4846769586695083,-6.430842427582553
2015-07-05 09:00:00,28.9,78,0.0,6.1,320,3.92100441908789,-4.6728711030257655
2015-07-05 10:00:00,29.7,73,0.9,6.6,299,5.772490067120011,-3.1997434936258244
2015-07-05 11:00:00,30.4,69,0.8,7.9,309,6.139453095510071,-4.971631089293716
2015-07-05 12:00:00,29.7,71,0.2,8.4,335,3.5499933986218752,-7.61298541110786
2015-07-05 13:00:00,30.6,68,1.2,7.7,332,3.61493103345136,-6.798696465013737
2015-07-05 14:00:00,30.7,67,1.0,7.1,319,4.658019105832602,-5.358438019581681
2015-07-05 15:00:00,28.4,80,6.5,7.5,325,4.301823272632846,-6.143640332167439
2015-07-05 16:00:00,28.8,77,2.3,6.1,315,4.31335136523794,-4.313351365237939
2015-07-05 17:00:00,28.7,80,6.0,2.3,321,1.447436899414626,-1.7874357113510329
2015-07-05 18:00:00,27.1,88,7.3,5.9,313,4.314986839553106,-4.023790324368742
2015-07-05 19:00:00,25.9,95,10.8,5.8,330,2.9000000000000004,-5.0229473419497435
2015-07-05 20:00:00,25.7,95,13.3,3.9,338,1.4609657143220567,-3.616017032810471
2015-07-05 21:00:00,25.4,98,14.7,3.0,346,0.725765686799003,-2.9108871788279895
2015-07-05 22:00:00,25.2,98,11.3,3.8,343,1.1110124779463997,-3.6339580726595346
2015-07-05 23:00:00,25.0,97,6.4,4.8,13,-1.0797650608505531,-4.6769763109691285
2015-07-06 00:00:00,24.7,99,3.7,3.6,37,-2.166534083347374,-2.875087836170254
2015-07-06 01:00:00,24.5,99,3.4,3.1,36,-1.822134282106667,-2.507952682562337
2015-07-06 02:00:00,24.6,99,1.9,2.3,39,-1.447436899414627,-1.7874357113510322
2015-07-06 03:00:00,24.6,95,1.1,1.4,360,8.572527594031472e-17,-1.4
2015-07-06 04:00:00,24.7,95,0.0,1.0,45,-0.7071067811865477,-0.7071067811865475
2015-07-06 05:00:00,24.4,96,0.0,0.8,27,-0.36319239979163753,-0.7128052193506943
2015-07-06 06:00:00,24.4,97,0.2,4.9,324,2.8801477362331185,-3.9641832724372428
2015-07-06 07:00:00,25.8,96,1.0,1.9,338,0.7117525274902327,-1.761649323676896
2015-07-06 08:00:00,26.5,95,2.1,1.1,198,0.3399186938124422,1.0461621679246689
2015-07-06 09:00:00,27.2,89,6.9,4.5,256,4.366330768241984,1.0886485301985047
2015-07-06 10:00:00,27.7,85,12.4,5.7,252,5.421022142882375,1.7613968679372003
2015-07-06 11:00:00,27.6,87,5.8,4.9,234,3.9641832724372428,2.8801477362331185
2015-07-06 12:00:00,27.2,88,3.0,6.2,249,5.788198644282651,2.2218812871808615
2015-07-06 13:00:00,27.1,88,2.0,5.1,274,5.087576656325103,-0.35575801609503904
2015-07-06 14:00:00,27.4,86,3.0,4.5,284,4.366330768241984,-1.0886485301985047
2015-07-06 15:00:00,26.6,88,2.2,3.7,299,3.2360929164157644,-1.7937955949114472
2015-07-06 16:00:00,26.5,88,0.5,5.4,307,4.312631754255381,-3.2498011250210608
2015-07-06 17:00:00,26.2,89,0.6,4.9,306,3.9641832724372428,-2.8801477362331185
2015-07-06 18:00:00,25.9,89,1.4,3.5,336,1.4235782507653008,-3.197409101749103
2015-07-06 19:00:00,25.3,94,2.7,1.8,281,1.7669289302057951,-0.34345619167778063
2015-07-06 20:00:00,25.0,94,2.0,1.9,292,1.761649323676896,-0.7117525274902328
2015-07-06 21:00:00,24.9,94,2.2,1.5,346,0.3628828433995015,-1.4554435894139948
2015-07-06 22:00:00,24.7,95,2.6,1.5,14,-0.36288284339950166,-1.4554435894139948
2015-07-06 23:00:00,24.5,96,2.8,0.8,333,0.3631923997916375,-0.7128052193506943
2015-07-07 00:00:00,24.5,96,3.5,2.5,270,2.5,0.0
2015-07-07 01:00:00,24.1,97,5.8,3.6,233,2.875087836170254,2.166534083347374
2015-07-07 02:00:00,24.0,97,3.7,3.1,225,2.1920310216782974,2.192031021678297
2015-07-07 03:00:00,23.6,96,0.3,4.2,200,1.436484601967809,3.9467090073008153
2015-07-07 04:00:00,23.3,96,0.4,5.8,210,2.9000000000000004,5.0229473419497435
2015-07-07 05:00:00,23.1,97,0.7000000000000001,5.8,210,2.9000000000000004,5.0229473419497435
2015-07-07 06:00:00,23.3,99,0.7000000000000001,3.9,214,2.1808523235359125,3.233246532964663
2015-07-07 07:00:00,24.8,96,0.8,2.3,288,2.1874299874788528,-0.710739087062379
2015-07-07 08:00:00,25.8,93,0.7000000000000001,4.0,297,3.5640260967534716,-1.815961998958187
2015-07-07 09:00:00,26.2,92,2.2,5.7,305,4.669166652447253,-3.2693856872009626
2015-07-07 10:00:00,26.7,91,3.0,5.9,313,4.314986839553106,-4.023790324368742
2015-07-07 11:00:00,27.4,88,2.5,6.9,321,4.342310698243879,-5.3623071340531
2015-07-07 12:00:00,28.1,86,3.9,9.2,312,6.836932394392027,-6.156001578501495
2015-07-07 13:00:00,27.7,86,6.1,7.9,300,6.841600689897066,-3.9499999999999997
2015-07-07 14:00:00,27.6,82,5.0,7.7,311,5.811263767715345,-5.051654523226906
2015-07-07 15:00:00,25.4,93,6.6,6.9,321,4.342310698243879,-5.3623071340531
2015-07-07 16:00:00,25.7,92,6.4,7.0,339,2.5085756468171025,-6.535062985480412
2015-07-07 17:00:00,25.7,90,6.1,7.2,333,3.268731598124737,-6.415246974156248
2015-07-07 18:00:00,25.2,93,4.2,6.4,333,2.9055391983331,-5.702441754805554
2015-07-07 19:00:00,25.0,94,1.4,4.1,308,3.2308440897875594,-2.524212048835199
2015-07-07 20:00:00,24.8,95,1.4,2.4,297,2.138415658052083,-1.0895771993749122
2015-07-07 21:00:00,24.5,96,1.2,2.7,293,2.485363104321589,-1.0549740469210394
2015-07-07 22:00:00,24.4,96,1.2,3.1,306,2.5079526825623373,-1.8221342821066668
2015-07-07 23:00:00,24.2,97,1.6,2.3,288,2.1874299874788528,-0.710739087062379
2015-07-08 00:00:00,24.1,98,2.5,2.5,262,2.475670171853926,0.3479327524001636
2015-07-08 01:00:00,24.0,98,2.5,2.7,247,2.485363104321589,1.0549740469210394
2015-07-08 02:00:00,24.2,98,2.3,2.9,240,2.511473670974872,1.4499999999999997
2015-07-08 03:00:00,23.7,99,2.8,3.9,214,2.1808523235359125,3.233246532964663
2015-07-08 04:00:00,23.7,99,4.4,4.1,218,2.524212048835199,3.23084408978756
2015-07-08 05:00:00,23.9,98,3.4,2.5,262,2.475670171853926,0.3479327524001636
2015-07-08 06:00:00,23.9,99,2.8,3.3,354,0.3449439287832564,-3.2819222547153015
2015-07-08 07:00:00,23.9,98,2.4,1.9,338,0.7117525274902327,-1.761649323676896
2015-07-08 08:00:00,24.4,97,1.9,1.6,297,1.4256104387013888,-0.7263847995832748
2015-07-08 09:00:00,24.8,97,1.9,5.5,259,5.3989495089621515,1.0494494745709964
2015-07-08 10:00:00,25.4,97,1.6,7.6,273,7.589584464134761,-0.3977532674463731
2015-07-08 11:00:00,26.1,97,1.8,7.4,293,6.811735915548059,-2.891410350820626
2015-07-08 12:00:00,26.4,96,2.4,6.9,309,5.3623071340531,-4.342310698243878
2015-07-08 13:00:00,26.5,95,2.7,7.1,315,5.020458146424487,-5.020458146424486
2015-07-08 14:00:00,26.2,94,3.2,7.1,319,4.658019105832602,-5.358438019581681
2015-07-08 15:00:00,26.5,87,4.5,7.6,329,3.9142893693164114,-6.5144714853360535
2015-07-08 16:00:00,26.1,90,3.4,8.0,324,4.702282018339785,-6.47213595499958
2015-07-08 17:00:00,25.6,93,5.1,6.4,322,3.9402334420842133,-5.043268823083022
2015-07-08 18:00:00,25.2,94,4.9,3.6,315,2.5455844122715714,-2.545584412271571
2015-07-08 19:00:00,24.7,95,4.4,2.4,297,2.138415658052083,-1.0895771993749122
2015-07-08 20:00:00,24.2,96,1.8,2.9,270,2.9,0.0
2015-07-08 21:00:00,23.8,96,0.5,4.3,265,4.283637201794505,0.3747696938149301
2015-07-08 22:00:00,23.5,96,0.2,4.4,279,4.3458286986186065,-0.6883116461770159
2015-07-08 23:00:00,23.5,95,0.1,3.4,328,1.8017254983928965,-2.883363526931848
2015-07-09 00:00:00,23.0,96,0.0,3.2,333,1.45276959916655,-2.851220877402777
2015-07-09 01:00:00,22.3,97,0.0,3.0,284,2.9108871788279895,-0.7257656867990032
2015-07-09 02:00:00,22.0,98,0.0,2.9,240,2.511473670974872,1.4499999999999997
2015-07-09 03:00:00,22.4,96,0.0,1.3,236,1.0777488443215542,0.726950774511971
2015-07-09 04:00:00,22.7,96,0.0,0.4,360,2.4492935982947065e-17,-0.4
2015-07-09 05:00:00,23.0,96,0.0,1.3,56,-1.0777488443215544,-0.7269507745119708
2015-07-09 06:00:00,23.2,96,0.5,1.3,124,-1.0777488443215542,0.726950774511971
2015-07-09 07:00:00,24.0,97,0.5,1.4,360,8.572527594031472e-17,-1.4
2015-07-09 08:00:00,25.2,92,1.3,3.1,339,1.1109406435904312,-2.8940993221413254
2015-07-09 09:00:00,25.6,90,2.7,4.0,333,1.8159619989581872,-3.564026096753471
2015-07-09 10:00:00,26.2,85,4.3,5.8,330,2.9000000000000004,-5.0229473419497435
2015-07-09 11:00:00,27.0,82,4.1,7.4,346,1.7902220274375409,-7.180188374442374
2015-07-09 12:00:00,26.9,82,2.2,7.3,351,1.1419715947936857,-7.210124886344506
2015-07-09 13:00:00,27.6,78,0.6,9.7,345,2.510544737494451,-9.369480515003962
2015-07-09 14:00:00,27.1,80,0.7000000000000001,11.3,351,1.7677094549546095,-11.160878248725057
2015-07-09 15:00:00,26.6,80,1.7000000000000002,12.2,358,0.42577385977051313,-12.192568089632967
2015-07-09 16:00:00,26.8,80,0.5,11.5,346,2.782101799396178,-11.15840085217396
2015-07-09 17:00:00,26.3,83,0.1,8.2,331,3.975438886019964,-7.171881598543044
2015-07-09 18:00:00,26.0,86,0.1,6.3,336,2.5624408513775414,-5.755336383148386
2015-07-09 19:00:00,25.5,88,0.2,4.1,315,2.899137802864845,-2.8991378028648445
2015-07-09 20:00:00,24.8,93,0.0,1.5,256,1.4554435894139948,0.3628828433995016
2015-07-09 21:00:00,24.2,95,0.0,1.8,180,1.1021821192326179e-16,1.8
2015-07-09 22:00:00,24.0,96,0.0,2.6,214,1.4539015490239418,2.1554976886431088
2015-07-09 23:00:00,23.7,96,0.0,2.6,214,1.4539015490239418,2.1554976886431088
2015-07-10 00:00:00,23.4,97,0.2,2.3,198,0.7107390870623791,2.1874299874788528
2015-07-10 01:00:00,23.3,97,0.2,1.6,207,0.726384799583275,1.4256104387013886
2015-07-10 02:00:00,23.2,98,0.2,1.6,243,1.4256104387013888,0.7263847995832748
2015-07-10 03:00:00,23.3,97,0.4,1.5,284,1.4554435894139948,-0.3628828433995016
2015-07-10 04:00:00,23.1,98,0.4,1.5,284,1.4554435894139948,-0.3628828433995016
2015-07-10 05:00:00,23.2,98,0.2,1.8,307,1.437543918085127,-1.083267041673687
2015-07-10 06:00:00,23.4,99,0.2,4.9,343,1.4326213531414103,-4.685893304218874
2015-07-10 07:00:00,24.2,98,0.2,10.2,350,1.77121141220269,-10.045039080724521
2015-07-10 08:00:00,24.9,95,0.2,15.1,1,-0.26353133720298083,-15.097700196861508
2015-07-10 09:00:00,25.4,93,0.2,19.2,6,-2.0069464947389446,-19.094820391070847
2015-07-10 10:00:00,25.6,87,0.4,19.8,3,-1.0362519336102973,-19.772864788140563
2015-07-10 11:00:00,25.6,89,0.5,24.9,4,-1.7369361962287269,-24.839344851469622
2015-07-10 12:00:00,26.4,89,0.1,23.5,4,-1.639277132986951,-23.44275518110587
2015-07-10 13:00:00,25.8,87,0.3,23.8,4,-1.6602040751101887,-23.742024396183815
2015-07-10 14:00:00,26.0,85,0.3,23.5,4,-1.639277132986951,-23.44275518110587
2015-07-10 15:00:00,25.3,88,0.5,24.3,8,-3.3819063533295997,-24.063514070420158
2015-07-10 16:00:00,25.4,85,0.3,18.5,13,-4.161594505361507,-18.02584619852685
2015-07-10 17:00:00,25.2,85,0.1,17.4,18,-5.376895702124087,-16.54838338353567
2015-07-10 18:00:00,25.1,83,0.0,16.3,28,-7.6523864734100195,-14.39204576360051
2015-07-10 19:00:00,24.4,84,0.0,12.8,40,-8.227681403987706,-9.805368871922918
2015-07-10 20:00:00,24.1,84,0.0,8.8,35,-5.047472639889208,-7.208537989743126
2015-07-10 21:00:00,23.8,86,0.0,4.4,351,0.6883116461770161,-4.3458286986186065
2015-07-10 22:00:00,23.4,87,0.2,1.3,304,1.0777488443215542,-0.726950774511971
2015-07-10 23:00:00,23.0,89,0.6,4.0,207,1.8159619989581872,3.564026096753471
2015-07-11 00:00:00,23.0,88,1.4,5.4,180,3.3065463576978537e-16,5.4
2015-07-11 01:00:00,23.0,87,2.5,7.0,168,-1.4553818357243153,6.84703320513664
2015-07-11 02:00:00,23.1,88,3.6,8.8,171,-1.3766232923540314,8.691657397237213
2015-07-11 03:00:00,22.7,86,2.6,9.8,174,-1.024378940023005,9.746314574609078
2015-07-11 04:00:00,23.2,87,2.9,10.8,184,0.7533699164365526,10.773691742806102
2015-07-11 05:00:00,23.5,92,2.7,12.1,190,2.101142949769858,11.916173811447717
2015-07-11 06:00:00,24.0,90,2.2,11.5,182,0.4013442120787624,11.492994510719601
2015-07-11 07:00:00,24.3,89,2.4,11.2,184,0.7812725059342026,11.17271736291003
2015-07-11 08:00:00,24.5,89,1.9,12.3,177,-0.6437322617882093,12.283143277481258
2015-07-11 09:00:00,25.6,87,3.3,12.6,175,-1.0981623586204938,12.552053195955994
2015-07-11 10:00:00,25.7,86,2.2,13.7,177,-0.7170026005283306,13.681224626137661
2015-07-11 11:00:00,26.1,84,2.3,15.8,192,3.2850047149205994,15.45473209159413
2015-07-11 12:00:00,26.9,81,3.0,14.1,184,0.9835662797921657,14.06565310866352
2015-07-11 13:00:00,26.9,81,2.6,15.5,192,3.2226312076752714,15.161287811373986
2015-07-11 14:00:00,27.0,81,1.1,14.8,186,1.5470212563612713,14.718924051450445
2015-07-11 15:00:00,27.1,80,1.7000000000000002,15.2,184,1.0602984009107035,15.162973563949327
2015-07-11 16:00:00,26.8,80,0.8,13.3,177,-0.6960682180311532,13.281772812235833
2015-07-11 17:00:00,26.7,78,0.6,11.5,180,7.041719095097281e-16,11.5
2015-07-11 18:00:00,26.1,80,0.5,9.1,173,-1.109011024986841,9.03216997993603
2015-07-11 19:00:00,25.6,80,0.2,10.0,165,-2.5881904510252083,9.659258262890683
2015-07-11 20:00:00,24.8,82,0.5,11.2,159,-4.013721034907363,10.45610077676866
2015-07-11 21:00:00,24.2,83,0.1,11.4,156,-4.6367977310641235,10.41441821712565
2015-07-11 22:00:00,24.3,81,0.0,11.3,158,-4.233054505599807,10.4771775566047
2015-07-11 23:00:00,24.2,79,0.0,10.6,156,-4.3114084166034825,9.683581851011569
2015-07-12 00:00:00,23.9,80,0.1,10.0,159,-3.5836794954530027,9.335804264972017
2015-07-12 01:00:00,23.5,83,0.2,9.8,163,-2.8652427062828196,9.371786608437748
2015-07-12 02:00:00,23.4,84,0.2,9.4,162,-2.9047597471245052,8.939931253174445
2015-07-12 03:00:00,23.3,82,0.3,8.9,166,-2.1531048708370433,8.635631963856369
2015-07-12 04:00:00,23.0,85,0.6,9.2,154,-4.033014550459513,8.268905225952334
2015-07-12 05:00:00,22.6,87,0.7000000000000001,8.9,159,-3.1894747509531727,8.308865795825096
2015-07-12 06:00:00,22.8,88,0.8,8.7,163,-2.5436338310878086,8.31985137687841
2015-07-12 07:00:00,24.5,84,0.7000000000000001,7.9,177,-0.41345405431925636,7.889173324561134
2015-07-12 08:00:00,25.8,79,0.2,8.3,182,0.289665822630759,8.294943864258496
2015-07-12 09:00:00,27.0,75,0.4,10.5,186,1.0975488643103612,10.44247990136687
2015-07-12 10:00:00,28.2,71,0.9,12.1,190,2.101142949769858,11.916173811447717
2015-07-12 11:00:00,28.8,70,2.5,11.0,199,3.5812496990287244,10.400704331592484
2015-07-12 12:00:00,28.7,71,1.4,12.9,203,5.040431557511631,11.874512609536481
2015-07-12 13:00:00,28.1,75,0.0,10.8,201,3.870373855089244,10.08266860616978
2015-07-12 14:00:00,28.7,72,0.0,10.1,207,4.585304047369423,8.999165894302514
2015-07-12 15:00:00,28.7,72,0.2,11.2,213,6.099957192168303,9.393110360988748
2015-07-12 16:00:00,28.3,75,0.2,10.0,218,6.156614753256583,7.88010753606722
2015-07-12 17:00:00,27.7,77,0.0,8.6,213,4.683895701129233,7.212566884330647
2015-07-12 18:00:00,27.2,80,0.0,5.6,195,1.4493866525741161,5.4091846272187825
2015-07-12 19:00:00,26.1,86,0.0,7.9,196,2.1775351109542935,7.59396739791272
2015-07-12 20:00:00,24.7,91,0.0,8.3,175,-0.7233926648055634,8.268415994161488
2015-07-12 21:00:00,24.5,91,0.0,7.4,157,-2.891410350820626,6.811735915548058
2015-07-12 22:00:00,23.7,92,0.0,6.8,148,-3.6034509967857926,5.766727053863697
2015-07-12 23:00:00,22.5,95,0.0,6.6,151,-3.199743493625824,5.772490067120012
2015-07-13 00:00:00,22.1,95,0.0,7.7,152,-3.6149310334513602,6.798696465013737
2015-07-13 01:00:00,21.6,94,0.0,7.3,147,-3.9758649556096977,6.122295146001594
2015-07-13 02:00:00,21.3,95,0.0,6.6,139,-4.329989591337347,4.981083229470296
2015-07-13 03:00:00,22.6,90,0.0,5.6,140,-3.5996106142446203,4.289848881466277
2015-07-13 04:00:00,22.5,88,0.0,4.6,141,-2.894873798829251,3.5748714227020666
2015-07-13 05:00:00,21.6,90,0.0,4.6,135,-3.252691193458118,3.2526911934581184
2015-07-13 06:00:00,21.8,89,0.0,2.3,141,-1.4474368994146256,1.7874357113510333
2015-07-13 07:00:00,24.6,87,0.0,3.3,131,-2.4905416147351476,2.1649947956686737
2015-07-13 08:00:00,26.5,76,0.0,3.3,221,2.1649947956686737,2.4905416147351476
2015-07-13 09:00:00,27.3,73,0.0,4.5,241,3.935788682127281,2.1816432911085166
2015-07-13 10:00:00,28.1,71,0.0,3.9,248,3.616017032810471,1.460965714322057
2015-07-13 11:00:00,28.7,72,0.0,5.7,252,5.421022142882375,1.7613968679372003
2015-07-13 12:00:00,29.0,72,0.2,7.4,256,7.180188374442374,1.7902220274375413
2015-07-13 13:00:00,28.3,76,0.5,8.4,263,8.337387673787106,1.0237024846032388
2015-07-13 14:00:00,28.3,78,2.9,5.4,250,5.074340152243906,1.8469087739586112
2015-07-13 15:00:00,27.4,78,1.3,5.9,281,5.791600382341218,-1.1257730727216144
2015-07-13 16:00:00,27.8,77,1.3,1.0,225,0.7071067811865476,0.7071067811865475
2015-07-13 17:00:00,27.5,78,3.5,4.6,198,1.4214781741247582,4.3748599749577055
2015-07-13 18:00:00,26.5,81,0.9,4.0,207,1.8159619989581872,3.564026096753471
2015-07-13 19:00:00,25.8,84,0.1,5.2,205,2.197614961051637,4.7128004925905795
2015-07-13 20:00:00,24.8,90,0.0,4.7,171,-0.7352419856890848,4.6421352007971475
2015-07-13 21:00:00,25.3,85,0.0,4.1,195,1.061158084920335,3.96029588778518
2015-07-13 22:00:00,25.4,85,0.0,5.2,205,2.197614961051637,4.7128004925905795
2015-07-13 23:00:00,24.9,87,0.0,6.8,177,-0.35588450245201814,6.790680836331102
2015-07-14 00:00:00,24.7,88,0.0,6.6,158,-2.4724035165450196,6.1194134401407965
2015-07-14 01:00:00,24.7,88,0.0,6.2,170,-1.076618701534968,6.10580806867569
2015-07-14 02:00:00,24.6,88,0.0,5.4,172,-0.7515347451843529,5.34744757120448
2015-07-14 03:00:00,24.7,86,0.0,4.1,165,-1.0611580849203355,3.96029588778518
2015-07-14 04:00:00,24.6,87,0.0,2.8,130,-2.144924440733138,1.7998053071223103
2015-07-14 05:00:00,24.5,87,0.0,2.6,124,-2.1554976886431083,1.453901549023942
2015-07-14 06:00:00,24.4,88,0.0,1.1,180,6.735557395310444e-17,1.1
2015-07-14 07:00:00,24.7,90,0.0,3.1,249,2.8940993221413254,1.1109406435904308
2015-07-14 08:00:00,25.5,86,0.0,3.2,243,2.8512208774027776,1.4527695991665497
2015-07-14 09:00:00,26.5,81,0.2,2.9,270,2.9,0.0
2015-07-14 10:00:00,27.1,78,0.0,5.1,278,5.050367150582009,-0.7097828148963337
2015-07-14 11:00:00,28.0,75,0.1,5.2,282,5.08636752381579,-1.0811407922523486
2015-07-14 12:00:00,27.9,73,0.3,7.0,282,6.84703320513664,-1.4553818357243153
2015-07-14 13:00:00,28.4,72,0.3,6.4,286,6.1520748540052415,-1.7640790772287946
2015-07-14 14:00:00,28.2,72,0.3,5.8,292,5.377666356487367,-2.1727182418122895
2015-07-14 15:00:00,27.1,84,0.4,5.7,288,5.421022142882375,-1.7613968679372003
2015-07-14 16:00:00,26.8,81,0.7000000000000001,3.2,270,3.2,0.0
2015-07-14 17:00:00,26.7,80,0.7000000000000001,2.9,240,2.511473670974872,1.4499999999999997
2015-07-14 18:00:00,26.4,82,0.3,3.6,217,2.1665340833473743,2.875087836170254
2015-07-14 19:00:00,25.6,87,0.0,5.1,188,0.7097828148963339,5.050367150582009
2015-07-14 20:00:00,24.7,91,0.0,6.9,171,-1.0793978087775926,6.815049550106451
2015-07-14 21:00:00,23.8,95,0.0,5.8,180,3.5514757175273243e-16,5.8
2015-07-14 22:00:00,23.5,95,0.0,4.3,185,0.37476969381492997,4.283637201794505
2015-07-14 23:00:00,23.5,94,0.0,4.0,170,-0.6945927106677212,3.939231012048832
2015-07-15 00:00:00,24.0,93,0.0,4.2,149,-2.163159914622228,3.600102662948872
2015-07-15 01:00:00,23.8,93,0.0,3.4,148,-1.8017254983928963,2.8833635269318485
2015-07-15 02:00:00,23.3,94,0.1,4.3,138,-2.8772616073430903,3.195522749552795
2015-07-15 03:00:00,24.6,84,0.0,5.1,135,-3.606244584051392,3.6062445840513924
2015-07-15 04:00:00,24.9,82,0.0,4.9,144,-2.880147736233118,3.9641832724372428
2015-07-15 05:00:00,21.7,95,0.0,4.7,148,-2.4906205418960625,3.9858260519352027
2015-07-15 06:00:00,21.4,96,0.0,4.9,144,-2.880147736233118,3.9641832724372428
2015-07-15 07:00:00,24.1,90,0.0,4.9,163,-1.4326213531414098,4.685893304218874
2015-07-15 08:00:00,25.8,83,0.0,6.9,219,4.342310698243879,5.3623071340531
2015-07-15 09:00:00,26.6,81,0.0,7.1,225,5.020458146424487,5.020458146424486
2015-07-15 10:00:00,27.6,75,0.0,6.2,234,5.0159053651246746,3.6442685642133337
2015-07-15 11:00:00,28.3,72,0.0,6.8,245,6.162892951849219,2.873804179836756
2015-07-15 12:00:00,28.6,71,0.2,7.1,246,6.486172749262466,2.8878301658381815
2015-07-15 13:00:00,28.5,72,0.6,5.9,227,4.314986839553106,4.023790324368742
2015-07-15 14:00:00,28.3,75,0.3,5.4,217,3.2498011250210617,4.312631754255381
2015-07-15 15:00:00,28.1,77,0.7000000000000001,6.3,204,2.5624408513775414,5.755336383148386
2015-07-15 16:00:00,27.3,79,0.6,4.3,222,2.8772616073430903,3.195522749552795
2015-07-15 17:00:00,26.6,80,0.2,3.7,241,3.2360929164157644,1.7937955949114472
2015-07-15 18:00:00,26.1,82,0.0,2.5,270,2.5,0.0
2015-07-15 19:00:00,25.6,87,0.0,1.8,259,1.7669289302057951,0.34345619167778063
2015-07-15 20:00:00,24.7,89,0.0,3.3,167,-0.7423384793347546,3.2154212137912763
2015-07-15 21:00:00,24.8,87,0.0,3.7,191,0.7059932828932162,3.632020578756357
2015-07-15 22:00:00,24.3,89,0.0,4.7,189,0.7352419856890854,4.6421352007971475
2015-07-15 23:00:00,24.2,91,0.0,4.4,189,0.6883116461770161,4.3458286986186065
2015-07-16 00:00:00,24.3,92,0.0,2.5,180,1.5308084989341916e-16,2.5
2015-07-16 01:00:00,24.3,91,0.0,2.5,180,1.5308084989341916e-16,2.5
2015-07-16 02:00:00,24.1,92,0.0,1.9,202,0.7117525274902327,1.761649323676896
2015-07-16 03:00:00,24.3,90,0.0,1.3,124,-1.0777488443215542,0.726950774511971
2015-07-16 04:00:00,23.2,94,0.2,3.1,54,-2.5079526825623377,-1.8221342821066664
2015-07-16 05:00:00,23.2,94,0.3,4.3,42,-2.87726160734309,-3.195522749552796
2015-07-16 06:00:00,23.8,91,0.1,4.1,45,-2.8991378028648453,-2.8991378028648445
2015-07-16 07:00:00,24.9,90,0.0,2.7,23,-1.0549740469210394,-2.4853631043215887
2015-07-16 08:00:00,25.7,86,0.0,3.7,331,1.7937955949114475,-3.2360929164157644
2015-07-16 09:00:00,26.4,84,0.2,5.4,318,3.6133052743378347,-4.012982057577929
2015-07-16 10:00:00,26.9,82,0.4,6.2,306,5.0159053651246746,-3.6442685642133337
2015-07-16 11:00:00,27.7,79,0.2,6.8,295,6.162892951849219,-2.873804179836756
2015-07-16 12:00:00,28.0,78,0.4,6.3,301,5.400153994423308,-3.244739871933341
2015-07-16 13:00:00,27.2,78,3.0,6.0,303,5.032023407672544,-3.2678342100901627
2015-07-16 14:00:00,27.7,77,3.2,5.6,345,1.4493866525741161,-5.4091846272187825
2015-07-16 15:00:00,27.1,80,4.2,7.3,9,-1.1419715947936866,-7.210124886344505
2015-07-16 16:00:00,27.4,79,0.4,8.6,358,0.3001356716415093,-8.594761112364223
2015-07-16 17:00:00,27.3,80,0.0,6.2,339,2.2218812871808624,-5.788198644282651
2015-07-16 18:00:00,27.1,81,0.0,2.8,320,1.7998053071223101,-2.1449244407331385
2015-07-16 19:00:00,26.3,86,0.3,4.6,288,4.3748599749577055,-1.421478174124758
2015-07-16 20:00:00,25.5,91,2.2,3.6,276,3.580278823325784,-0.37630246776355253
2015-07-16 21:00:00,24.7,94,1.8,3.4,252,3.233592155403522,1.0506577808748212
2015-07-16 22:00:00,24.7,93,1.6,4.1,225,2.899137802864845,2.8991378028648445
2015-07-16 23:00:00,25.0,91,1.2,3.1,201,1.1109406435904312,2.8940993221413254
2015-07-17 00:00:00,24.7,92,1.7000000000000002,1.1,180,6.735557395310444e-17,1.1
2015-07-17 01:00:00,25.5,87,0.6,1.9,292,1.761649323676896,-0.7117525274902328
2015-07-17 02:00:00,25.8,85,0.2,2.9,277,2.8783838397598336,-0.35342109587492765
2015-07-17 03:00:00,24.7,93,0.1,3.6,264,3.580278823325784,0.37630246776355253
2015-07-17 04:00:00,24.3,95,0.4,2.5,262,2.475670171853926,0.3479327524001636
2015-07-17 05:00:00,23.6,94,0.4,2.4,243,2.138415658052083,1.0895771993749122
2015-07-17 06:00:00,24.9,83,0.4,3.1,201,1.1109406435904312,2.8940993221413254
2015-07-17 07:00:00,25.0,87,0.2,2.4,243,2.138415658052083,1.0895771993749122
2015-07-17 08:00:00,25.5,86,0.2,3.2,297,2.8512208774027776,-1.4527695991665497
2015-07-17 09:00:00,26.2,84,0.0,4.1,322,2.524212048835199,-3.23084408978756
2015-07-17 10:00:00,27.2,80,0.0,5.7,305,4.669166652447253,-3.2693856872009626
2015-07-17 11:00:00,27.3,80,0.8,6.4,297,5.702441754805555,-2.9055391983330994
2015-07-17 12:00:00,27.6,78,0.0,5.8,292,5.377666356487367,-2.1727182418122895
2015-07-17 13:00:00,27.9,75,0.1,4.6,288,4.3748599749577055,-1.421478174124758
2015-07-17 14:00:00,27.6,75,0.1,5.4,307,4.312631754255381,-3.2498011250210608
2015-07-17 15:00:00,27.0,81,2.6,4.1,315,2.899137802864845,-2.8991378028648445
2015-07-17 16:00:00,27.0,79,0.7000000000000001,1.3,326,0.7269507745119709,-1.0777488443215544
2015-07-17 17:00:00,27.1,78,0.4,1.4,180,8.572527594031472e-17,1.4
2015-07-17 18:00:00,26.7,86,0.0,2.1,211,1.0815799573111138,1.800051331474436
2015-07-17 19:00:00,26.5,81,0.2,2.5,188,0.34793275240016364,2.475670171853926
2015-07-17 20:00:00,26.3,81,0.2,4.3,204,1.7489675652259409,3.9282454678631837
2015-07-17 21:00:00,26.0,82,0.3,4.9,234,3.9641832724372428,2.8801477362331185
2015-07-17 22:00:00,26.3,80,0.0,4.3,222,2.8772616073430903,3.195522749552795
2015-07-17 23:00:00,26.1,81,0.0,3.4,212,1.8017254983928965,2.883363526931848
2015-07-18 00:00:00,25.5,85,0.0,3.8,221,2.4930243101639276,2.8678964048465336
2015-07-18 01:00:00,25.2,87,0.0,4.1,232,3.2308440897875594,2.524212048835199
2015-07-18 02:00:00,24.4,91,0.0,3.6,217,2.1665340833473743,2.875087836170254
2015-07-18 03:00:00,25.1,86,0.2,2.9,210,1.4500000000000002,2.5114736709748717
2015-07-18 04:00:00,25.2,86,0.0,3.1,201,1.1109406435904312,2.8940993221413254
2015-07-18 05:00:00,25.2,85,0.2,3.3,186,0.3449439287832564,3.2819222547153015
2015-07-18 06:00:00,25.1,86,0.0,0.8,117,-0.7128052193506943,0.36319239979163753
2015-07-18 07:00:00,25.6,87,0.0,1.6,27,-0.7263847995832751,-1.4256104387013886
2015-07-18 08:00:00,26.5,85,0.0,3.3,347,0.7423384793347542,-3.2154212137912763
2015-07-18 09:00:00,27.3,83,0.0,5.2,335,2.197614961051637,-4.7128004925905795
2015-07-18 10:00:00,27.8,80,0.9,6.1,320,3.92100441908789,-4.6728711030257655
2015-07-18 11:00:00,28.3,78,0.6,6.2,306,5.0159053651246746,-3.6442685642133337
2015-07-18 12:00:00,28.4,79,1.1,5.4,290,5.074340152243906,-1.8469087739586112
2015-07-18 13:00:00,28.1,80,4.4,5.0,300,4.330127018922194,-2.4999999999999996
2015-07-18 14:00:00,27.5,83,8.2,2.6,286,2.499280409439629,-0.7166571251241979
2015-07-18 15:00:00,27.0,81,1.0,3.3,264,3.2819222547153015,0.3449439287832564
2015-07-18 16:00:00,27.2,82,0.2,3.0,284,2.9108871788279895,-0.7257656867990032
2015-07-18 17:00:00,27.4,81,0.0,2.9,330,1.4500000000000002,-2.5114736709748717
2015-07-18 18:00:00,27.2,81,0.0,2.9,120,-2.511473670974872,1.4499999999999997
2015-07-18 19:00:00,26.6,84,0.0,5.1,188,0.7097828148963339,5.050367150582009
2015-07-18 20:00:00,25.4,90,0.5,7.6,211,3.9142893693164114,6.5144714853360535
2015-07-18 21:00:00,24.9,92,0.4,4.3,204,1.7489675652259409,3.9282454678631837
2015-07-18 22:00:00,24.9,89,0.0,2.3,198,0.7107390870623791,2.1874299874788528
2015-07-18 23:00:00,25.3,87,0.0,4.5,209,2.181643291108517,3.935788682127281
2015-07-19 00:00:00,23.8,94,0.0,3.0,194,0.725765686799003,2.9108871788279895
2015-07-19 01:00:00,23.4,96,0.4,1.3,124,-1.0777488443215542,0.726950774511971
2015-07-19 02:00:00,23.7,95,0.9,1.5,104,-1.4554435894139948,0.3628828433995016
2015-07-19 03:00:00,24.3,87,0.0,1.5,135,-1.0606601717798212,1.0606601717798214
2015-07-19 04:00:00,24.5,86,0.3,2.9,120,-2.511473670974872,1.4499999999999997
2015-07-19 05:00:00,24.4,85,0.5,3.4,108,-3.233592155403522,1.0506577808748214
2015-07-19 06:00:00,24.1,86,0.9,5.2,164,-1.433314250248395,4.998560818879258
2015-07-19 07:00:00,24.6,89,0.9,1.9,112,-1.7616493236768958,0.7117525274902332
2015-07-19 08:00:00,25.4,85,0.9,1.5,76,-1.4554435894139948,-0.3628828433995013
2015-07-19 09:00:00,26.2,83,0.6,3.6,180,2.2043642384652358e-16,3.6
2015-07-19 10:00:00,26.3,84,1.5,8.0,188,1.1133848076805237,7.922144549932563
2015-07-19 11:00:00,26.2,86,1.5,11.2,182,0.3908743630680121,11.193177262613872
2015-07-19 12:00:00,26.9,84,0.3,9.4,187,1.1455718280083864,9.329933825428427
2015-07-19 13:00:00,27.1,84,0.4,12.0,187,1.4624321208617699,11.910553819695863
2015-07-19 14:00:00,27.2,81,2.5,14.9,188,2.0736792043049754,14.7549942242494
2015-07-19 15:00:00,26.3,84,3.5,17.0,176,-1.1858600536501307,16.958588854417012
2015-07-19 16:00:00,25.9,88,0.6,14.8,176,-1.032395811413055,14.763947943845398
2015-07-19 17:00:00,25.7,88,1.0,15.3,172,-2.129348444689,15.151101451746028
2015-07-19 18:00:00,25.3,87,0.9,10.5,176,-0.732442974313316,10.474422527728153
2015-07-19 19:00:00,24.8,84,0.3,11.5,160,-3.93323164824519,10.806465139037947
2015-07-19 20:00:00,24.7,83,0.1,11.8,160,-4.035837691242891,11.08837292527372
2015-07-19 21:00:00,24.5,82,0.1,13.3,167,-2.991849022773405,12.959121861643629
2015-07-19 22:00:00,24.4,82,0.6,15.1,168,-3.139466531348166,14.770028771080465
2015-07-19 23:00:00,24.1,85,0.8,16.6,167,-3.73418750210816,16.174543075434908
2015-07-20 00:00:00,24.1,84,0.8,17.3,175,-1.5077943495344874,17.234168276987198
2015-07-20 01:00:00,23.9,84,1.8,18.7,178,-0.6526205883367678,18.68860846525709
2015-07-20 02:00:00,23.5,85,2.8,17.7,176,-1.2346895852710182,17.65688368959889
2015-07-20 03:00:00,24.1,80,0.0,16.7,173,-2.0352180348659608,16.575520732410077
2015-07-20 04:00:00,24.1,77,0.0,15.9,174,-1.6620025659556916,15.812898136355546
2015-07-20 05:00:00,23.8,79,0.2,15.2,176,-1.060298400910705,15.162973563949327
2015-07-20 06:00:00,23.7,81,0.2,13.0,174,-1.3588700224794963,12.928784639787553
2015-07-20 07:00:00,24.5,79,0.2,14.3,168,-2.9731371786939587,13.987510690493423
2015-07-20 08:00:00,25.7,73,0.1,17.1,173,-2.0839657722280203,16.97253919306661
2015-07-20 09:00:00,26.2,75,0.5,18.0,178,-0.6281909406450172,17.989034886343724
2015-07-20 10:00:00,25.7,79,1.0,16.6,180,1.0164568432923032e-15,16.6
2015-07-20 11:00:00,26.8,78,1.4,16.9,180,1.0348265452795135e-15,16.9
2015-07-20 12:00:00,27.0,79,0.6,16.6,180,1.0164568432923032e-15,16.6
2015-07-20 13:00:00,27.0,79,0.3,16.9,178,-0.5898014942722661,16.889704976622717
2015-07-20 14:00:00,27.2,79,0.0,17.7,186,1.8501537998374662,17.60303754801844
2015-07-20 15:00:00,26.5,81,0.3,14.9,188,2.0736792043049754,14.7549942242494
2015-07-20 16:00:00,26.1,83,0.4,18.4,192,3.8255751110467737,17.997915853502022
2015-07-20 17:00:00,25.5,83,1.1,14.5,187,1.7671054793746386,14.391919198799169
2015-07-20 18:00:00,24.6,87,2.0,14.9,173,-1.8158532167366959,14.7889376594557
2015-07-20 19:00:00,24.2,85,1.3,13.4,156,-5.450271017215724,12.241509132410853
2015-07-20 20:00:00,23.9,84,0.2,13.6,158,-5.094649670456404,12.60970042210831
2015-07-20 21:00:00,23.8,83,0.1,12.9,162,-3.986319227436821,12.268629060207482
2015-07-20 22:00:00,23.3,83,0.0,12.8,164,-3.528158154457588,12.304149708010483
2015-07-20 23:00:00,23.0,83,0.0,13.2,169,-2.518678738970391,12.957478821509163
2015-07-21 00:00:00,23.0,82,0.0,13.8,174,-1.442492793093619,13.724402156082173
2015-07-21 01:00:00,22.7,82,0.5,14.0,179,-0.24433369012196868,13.997867732189478
2015-07-21 02:00:00,22.6,82,0.1,14.4,181,0.2513146526968838,14.397806810252035
2015-07-21 03:00:00,23.1,77,0.1,14.6,170,-2.5352633939371825,14.378193193978237
2015-07-21 04:00:00,23.1,77,0.0,14.9,160,-5.096100135552464,14.001420049710037
2015-07-21 05:00:00,22.8,79,0.0,13.3,167,-2.991849022773405,12.959121861643629
2015-07-21 06:00:00,22.3,82,0.0,11.3,171,-1.7677094549546084,11.160878248725057
2015-07-21 07:00:00,23.6,82,0.0,12.8,169,-2.4423551408197737,12.5648279481301
2015-07-21 08:00:00,26.3,71,0.0,14.2,173,-1.7305446763530925,14.094155353306773
2015-07-21 09:00:00,27.7,68,0.0,16.2,177,-0.8478424911356902,16.177798463024097
2015-07-21 10:00:00,29.2,61,0.0,19.5,183,1.0205511467374073,19.47327592771419
2015-07-21 11:00:00,29.7,59,0.0,21.0,186,2.1950977286207225,20.88495980273374
2015-07-21 12:00:00,30.0,58,0.0,21.2,190,3.6813413665389247,20.87792436385881
2015-07-21 13:00:00,30.0,59,0.0,20.8,190,3.611882095472153,20.484001262653926
2015-07-21 14:00:00,29.7,61,0.1,20.7,188,2.880883189873355,20.498549022950506
2015-07-21 15:00:00,29.2,63,0.1,19.2,188,2.6721235384332567,19.01314691983815
2015-07-21 16:00:00,28.6,66,0.0,17.7,186,1.8501537998374662,17.60303754801844
2015-07-21 17:00:00,27.8,67,0.0,15.9,184,1.1091279325315913,15.861268399131205
2015-07-21 18:00:00,26.8,66,0.0,12.6,183,0.659433048661094,12.58273213790763
2015-07-21 19:00:00,25.8,66,0.0,12.2,178,-0.42577385977051163,12.192568089632967
2015-07-21 20:00:00,25.2,66,0.0,12.2,178,-0.42577385977051163,12.192568089632967
2015-07-21 21:00:00,24.5,66,0.0,12.6,177,-0.6594330486610924,12.58273213790763
2015-07-21 22:00:00,23.9,66,0.0,13.0,175,-1.1330246557195571,12.950531075192693
2015-07-21 23:00:00,23.7,65,0.0,12.7,172,-1.7674983821928298,12.576404473017943
2015-07-22 00:00:00,23.0,67,0.0,12.7,173,-1.5477406612453715,12.60533612584479
2015-07-22 01:00:00,22.7,67,0.0,12.2,180,7.470345474798854e-16,12.2
2015-07-22 02:00:00,22.7,67,0.0,12.2,178,-0.42577385977051163,12.192568089632967
2015-07-22 03:00:00,22.6,69,0.0,11.6,175,-1.0110066158728355,11.555858497864248
2015-07-22 04:00:00,22.5,70,0.0,11.9,175,-1.037153338697133,11.854716907291772
2015-07-22 05:00:00,22.4,71,0.0,12.3,177,-0.6437322617882093,12.283143277481258
2015-07-22 06:00:00,22.4,74,0.0,11.2,182,0.3908743630680121,11.193177262613872
2015-07-22 07:00:00,23.9,73,0.0,11.5,182,0.4013442120787624,11.492994510719601
2015-07-22 08:00:00,26.0,66,0.0,12.2,178,-0.42577385977051163,12.192568089632967
2015-07-22 09:00:00,27.1,65,0.0,13.0,183,0.6803674311582716,12.98218395180946
2015-07-22 10:00:00,28.3,61,0.0,17.1,187,2.083965772228022,16.972539193066606
2015-07-22 11:00:00,28.1,64,0.1,17.5,194,4.2336331729941845,16.980175209829937
2015-07-22 12:00:00,28.4,63,0.8,18.9,193,4.251574927099047,18.415594224440945
2015-07-22 13:00:00,27.8,65,2.8,15.9,193,3.5767217640674525,15.49248403008524
2015-07-22 14:00:00,27.1,72,0.4,15.9,186,1.66200256595569,15.812898136355546
2015-07-22 15:00:00,26.7,67,0.5,14.1,193,3.1718098662484953,13.738617913471817
2015-07-22 16:00:00,25.6,70,0.3,14.3,198,4.418943019561749,13.600108183020696
2015-07-22 17:00:00,25.3,72,0.9,11.7,191,2.2324652459055754,11.485038046337667
2015-07-22 18:00:00,25.1,72,0.5,8.6,195,2.2258437878816784,8.306962106085987
2015-07-22 19:00:00,24.2,76,0.0,9.6,193,2.159530121701103,9.353952621938259
2015-07-22 20:00:00,23.5,78,0.0,9.7,180,5.939536975864663e-16,9.7
2015-07-22 21:00:00,23.0,78,0.0,10.1,182,0.3524849166952609,10.093847352892867
2015-07-22 22:00:00,22.8,76,0.2,10.1,178,-0.3524849166952596,10.093847352892867
2015-07-22 23:00:00,22.3,78,0.2,9.8,172,-1.3638963894086407,9.70462707366739
2015-07-23 00:00:00,22.2,79,0.1,10.0,165,-2.5881904510252083,9.659258262890683
2015-07-23 01:00:00,21.7,80,0.0,10.5,164,-2.89419223607849,10.093247807352348
2015-07-23 02:00:00,21.5,80,0.0,10.4,160,-3.557009490586955,9.772803256173448
2015-07-23 03:00:00,22.6,72,0.0,10.2,157,-3.9854575105905923,9.38914950521489
2015-07-23 04:00:00,22.7,71,0.0,9.5,155,-4.0148734865366436,8.609923976848176
2015-07-23 05:00:00,22.1,74,0.0,8.7,156,-3.538608794759462,7.947845481490627
2015-07-23 06:00:00,21.8,78,0.0,8.2,157,-3.2039952536120446,7.548139798310009
2015-07-23 07:00:00,23.7,83,0.0,7.4,166,-1.7902220274375418,7.180188374442374
2015-07-23 08:00:00,26.9,66,0.0,9.7,182,0.33852511801426044,9.694091022085228
2015-07-23 09:00:00,28.1,62,0.0,12.2,199,3.971931484377312,11.535326622311663
2015-07-23 10:00:00,28.5,65,0.8,14.7,211,7.571059701177796,12.60035932032105
2015-07-23 11:00:00,27.8,72,0.4,14.7,208,6.901231972952595,12.979329615026224
2015-07-23 12:00:00,27.7,74,0.0,14.7,205,6.212488447588282,13.322724469438754
2015-07-23 13:00:00,27.3,73,2.7,15.2,211,7.828578738632823,13.028942970672107
2015-07-23 14:00:00,26.8,77,0.3,12.9,207,5.856477446640154,11.493984162029944
2015-07-23 15:00:00,27.7,75,0.0,12.9,207,5.856477446640154,11.493984162029944
2015-07-23 16:00:00,28.0,72,0.4,11.4,215,6.538771374401926,9.338333304894507
2015-07-23 17:00:00,27.0,78,0.9,9.7,207,4.403707847473604,8.642763284627167
2015-07-23 18:00:00,25.9,83,0.0,6.7,216,3.93816119035957,5.420413862312148
2015-07-23 19:00:00,25.2,87,0.0,7.2,177,-0.3768188849491957,7.190132650232932
2015-07-23 20:00:00,24.4,88,0.0,8.0,170,-1.3891854213354424,7.878462024097664
2015-07-23 21:00:00,24.8,82,0.0,8.2,157,-3.2039952536120446,7.548139798310009
2015-07-23 22:00:00,25.2,77,0.0,8.0,153,-3.6319239979163735,7.128052193506943
2015-07-23 23:00:00,24.9,76,0.0,8.4,149,-4.326319829244456,7.200205325897744
2015-07-24 00:00:00,24.1,76,0.0,8.9,148,-4.716281451675523,7.547628055792193
2015-07-24 01:00:00,23.3,77,0.0,8.7,150,-4.349999999999998,7.534421012924616
2015-07-24 02:00:00,23.1,74,0.0,8.7,150,-4.349999999999998,7.534421012924616
2015-07-24 03:00:00,22.0,74,0.0,8.2,142,-5.048424097670398,6.46168817957512
2015-07-24 04:00:00,22.0,73,0.0,6.9,141,-4.342310698243877,5.3623071340531006
2015-07-24 05:00:00,21.1,77,0.0,6.2,144,-3.644268564213333,5.0159053651246746
2015-07-24 06:00:00,20.3,82,0.0,7.2,143,-4.333068166694749,5.750175672340507
2015-07-24 07:00:00,22.3,86,0.0,5.3,152,-2.4881992827652217,4.679622242152313
2015-07-24 08:00:00,26.3,64,0.0,6.5,186,0.6794350112397475,6.4643923198937765
2015-07-24 09:00:00,27.1,60,0.0,8.5,192,1.7672493719509554,8.314254606237347
2015-07-24 10:00:00,27.8,59,0.1,9.2,211,4.738350289172498,7.8859391664594325
2015-07-24 11:00:00,27.4,62,0.0,9.6,214,5.368251873319169,7.9587606965284
2015-07-24 12:00:00,27.2,64,0.0,9.5,209,4.605691392340202,8.30888721782426
2015-07-24 13:00:00,27.5,64,0.0,10.0,210,5.000000000000001,8.660254037844386
2015-07-24 14:00:00,27.8,64,0.0,10.5,218,6.464445490919412,8.274112912870581
2015-07-24 15:00:00,27.5,69,0.0,11.2,222,7.494262791219212,8.323222045346816
2015-07-24 16:00:00,26.9,74,0.0,11.4,208,5.351975815759156,10.065602558591767
2015-07-24 17:00:00,26.6,77,0.0,9.5,205,4.014873486536644,8.609923976848174
2015-07-24 18:00:00,26.1,79,0.0,5.6,195,1.4493866525741161,5.4091846272187825
2015-07-24 19:00:00,24.8,86,0.0,6.3,193,1.4171916423663489,6.1385314081469815
2015-07-24 20:00:00,23.5,89,0.0,6.8,177,-0.35588450245201814,6.790680836331102
2015-07-24 21:00:00,22.7,90,0.0,8.1,159,-2.902780391316932,7.5620014546273335
2015-07-24 22:00:00,22.2,88,0.0,7.9,137,-5.387787044493737,5.777694242791448
2015-07-24 23:00:00,22.0,85,0.3,6.6,135,-4.666904755831213,4.666904755831213
2015-07-25 00:00:00,21.8,83,0.0,5.9,137,-4.023790324368741,4.314986839553106
2015-07-25 01:00:00,21.2,85,0.0,5.4,138,-3.6133052743378347,4.012982057577929
2015-07-25 02:00:00,20.6,88,0.0,5.9,137,-4.023790324368741,4.314986839553106
2015-07-25 03:00:00,21.6,79,0.0,6.6,135,-4.666904755831213,4.666904755831213
2015-07-25 04:00:00,21.9,75,0.0,6.9,137,-4.705788684431239,5.0463405411722775
2015-07-25 05:00:00,21.8,73,0.0,6.6,139,-4.329989591337347,4.981083229470296
2015-07-25 06:00:00,22.0,72,0.0,4.8,138,-3.2118269105225195,3.5670951622914924
2015-07-25 07:00:00,23.4,79,0.0,4.3,138,-2.8772616073430903,3.195522749552795
2015-07-25 08:00:00,26.3,63,0.0,4.0,185,0.34862297099063255,3.984778792366982
2015-07-25 09:00:00,27.5,58,0.0,4.8,207,2.1791543987498248,4.276831316104166
2015-07-25 10:00:00,28.1,61,0.0,6.4,223,4.36478950439999,4.6806636903626915
2015-07-25 11:00:00,28.7,63,0.0,7.1,229,5.358438019581681,4.658019105832602
2015-07-25 12:00:00,29.2,65,0.0,7.7,229,5.811263767715345,5.051654523226906
2015-07-25 13:00:00,28.9,68,0.1,8.6,237,7.212566884330647,4.683895701129233
2015-07-25 14:00:00,28.9,70,0.0,9.1,236,7.544241910250879,5.0886554215837965
2015-07-25 15:00:00,28.6,70,0.0,8.4,230,6.4347733221994154,5.39941592136693
2015-07-25 16:00:00,28.2,72,0.0,8.9,223,6.069785404556237,6.509047944410617
2015-07-25 17:00:00,27.7,76,0.0,9.4,223,6.410784584587486,6.874724795220202
2015-07-25 18:00:00,27.0,79,0.0,4.6,219,2.894873798829252,3.5748714227020657
2015-07-25 19:00:00,25.9,86,0.0,6.3,193,1.4171916423663489,6.1385314081469815
2015-07-25 20:00:00,24.8,90,0.0,8.2,195,2.12231616984067,7.92059177557036
2015-07-25 21:00:00,24.0,92,0.0,7.3,169,-1.392905666248777,7.165878439167947
2015-07-25 22:00:00,23.5,91,0.0,7.2,153,-3.2687315981247362,6.415246974156249
2015-07-25 23:00:00,22.7,92,0.0,7.4,151,-3.587591189822894,6.47218583283153
2015-07-26 00:00:00,22.1,92,0.0,7.9,156,-3.213219480298822,7.217009115376547
2015-07-26 01:00:00,21.4,93,0.0,6.1,152,-2.8637765329939344,5.385980316439453
2015-07-26 02:00:00,21.1,93,0.1,5.7,145,-3.269385687200963,4.669166652447252
2015-07-26 03:00:00,20.9,92,0.0,6.6,135,-4.666904755831213,4.666904755831213
2015-07-26 04:00:00,20.5,93,0.0,4.8,138,-3.2118269105225195,3.5670951622914924
2015-07-26 05:00:00,20.3,92,0.0,4.6,135,-3.252691193458118,3.2526911934581184
2015-07-26 06:00:00,20.3,91,0.0,3.8,139,-2.493024310163927,2.867896404846534
2015-07-26 07:00:00,23.1,90,0.0,4.1,128,-3.2308440897875594,2.5242120488351993
2015-07-26 08:00:00,26.7,65,0.0,3.7,169,-0.7059932828932158,3.632020578756357
2015-07-26 09:00:00,27.7,63,0.0,4.2,200,1.436484601967809,3.9467090073008153
2015-07-26 10:00:00,28.6,64,0.0,5.9,227,4.314986839553106,4.023790324368742
2015-07-26 11:00:00,29.2,65,0.0,7.3,237,6.122295146001595,3.9758649556096977
2015-07-26 12:00:00,29.2,68,0.0,7.5,235,6.143640332167439,4.301823272632845
2015-07-26 13:00:00,29.1,69,0.2,7.3,237,6.122295146001595,3.9758649556096977
2015-07-26 14:00:00,28.5,72,0.9,8.7,240,7.534421012924616,4.349999999999999
2015-07-26 15:00:00,28.2,72,0.4,5.8,210,2.9000000000000004,5.0229473419497435
2015-07-26 16:00:00,27.7,73,0.7000000000000001,7.0,192,1.4553818357243162,6.847033205136639
2015-07-26 17:00:00,27.3,75,0.8,6.8,205,2.873804179836756,6.162892951849219
2015-07-26 18:00:00,26.7,79,0.0,3.3,221,2.1649947956686737,2.4905416147351476
2015-07-26 19:00:00,25.4,88,0.0,4.7,203,1.8364363038995866,4.32637281122647
2015-07-26 20:00:00,25.1,87,0.0,5.0,201,1.791839747726502,4.667902132486009
2015-07-26 21:00:00,24.9,87,0.0,6.0,205,2.5357095704441965,5.437846722219899
2015-07-26 22:00:00,24.3,89,0.0,6.6,171,-1.0324674692655234,6.518743047927909
2015-07-26 23:00:00,23.0,93,0.0,6.7,144,-3.9381611903595695,5.420413862312148
2015-07-27 00:00:00,22.3,93,0.0,6.4,137,-4.364789504399989,4.6806636903626915
2015-07-27 01:00:00,21.7,95,0.0,4.6,129,-3.5748714227020657,2.8948737988292517
2015-07-27 02:00:00,21.3,95,0.0,3.8,139,-2.493024310163927,2.867896404846534
2015-07-27 03:00:00,21.3,95,0.0,3.6,143,-2.1665340833473743,2.8750878361702537
2015-07-27 04:00:00,21.2,95,0.0,3.8,139,-2.493024310163927,2.867896404846534
2015-07-27 05:00:00,21.0,94,0.0,4.1,142,-2.524212048835199,3.23084408978756
2015-07-27 06:00:00,21.1,93,0.0,4.4,145,-2.5237363199446032,3.6042689948715636
2015-07-27 07:00:00,23.8,87,0.0,5.2,146,-2.907803098047883,4.3109953772862175
2015-07-27 08:00:00,25.8,77,0.0,4.9,197,1.4326213531414103,4.685893304218874
2015-07-27 09:00:00,26.8,74,0.0,5.6,220,3.5996106142446203,4.289848881466277
2015-07-27 10:00:00,27.6,73,0.0,5.8,240,5.022947341949744,2.8999999999999995
2015-07-27 11:00:00,28.1,72,0.0,5.4,250,5.074340152243906,1.8469087739586112
2015-07-27 12:00:00,28.2,72,0.0,6.4,243,5.702441754805555,2.9055391983330994
2015-07-27 13:00:00,27.9,73,0.2,6.6,241,5.772490067120011,3.1997434936258244
2015-07-27 14:00:00,27.0,76,3.3,4.4,235,3.604268994871564,2.523736319944603
2015-07-27 15:00:00,26.3,83,3.1,4.4,215,2.5237363199446032,3.604268994871564
2015-07-27 16:00:00,25.8,85,0.8,4.0,190,0.6945927106677217,3.939231012048832
2015-07-27 17:00:00,26.1,83,0.0,4.8,193,1.0797650608505516,4.676976310969129
2015-07-27 18:00:00,25.7,85,0.0,2.9,210,1.4500000000000002,2.5114736709748717
2015-07-27 19:00:00,24.8,90,0.0,6.2,144,-3.644268564213333,5.0159053651246746
2015-07-27 20:00:00,23.7,92,0.0,5.0,159,-1.7918397477265013,4.667902132486009
2015-07-27 21:00:00,22.9,94,0.0,4.7,157,-1.8364363038995868,4.326372811226469
2015-07-27 22:00:00,22.8,93,0.0,6.1,140,-3.92100441908789,4.6728711030257655
2015-07-27 23:00:00,23.1,90,0.1,6.3,149,-3.2447398719333416,5.400153994423308
2015-07-28 00:00:00,23.5,87,0.3,6.4,137,-4.364789504399989,4.6806636903626915
2015-07-28 01:00:00,22.6,90,0.1,4.3,138,-2.8772616073430903,3.195522749552795
2015-07-28 02:00:00,22.0,91,0.0,2.9,150,-1.4499999999999993,2.511473670974872
2015-07-28 03:00:00,21.8,89,0.3,2.8,140,-1.7998053071223101,2.1449244407331385
2015-07-28 04:00:00,21.7,89,0.6,4.9,126,-3.9641832724372423,2.880147736233119
2015-07-28 05:00:00,21.4,91,0.8,5.2,124,-4.310995377286217,2.907803098047884
2015-07-28 06:00:00,21.6,91,0.6,4.7,113,-4.32637281122647,1.8364363038995868
2015-07-28 07:00:00,22.3,91,0.7000000000000001,6.8,115,-6.162892951849219,2.8738041798367564
2015-07-28 08:00:00,24.2,82,0.5,5.8,120,-5.022947341949744,2.8999999999999995
2015-07-28 09:00:00,25.5,74,0.3,3.3,139,-2.1649947956686737,2.490541614735148
2015-07-28 10:00:00,26.9,68,0.0,3.8,229,2.8678964048465336,2.4930243101639276
2015-07-28 11:00:00,27.1,69,0.0,5.4,233,4.312631754255381,3.2498011250210608
2015-07-28 12:00:00,27.4,70,0.1,4.7,189,0.7352419856890854,4.6421352007971475
2015-07-28 13:00:00,27.1,72,0.0,4.4,215,2.5237363199446032,3.604268994871564
2015-07-28 14:00:00,27.3,70,0.0,6.1,230,4.6728711030257655,3.921004419087889
2015-07-28 15:00:00,27.5,74,0.2,5.6,230,4.289848881466277,3.5996106142446194
2015-07-28 16:00:00,27.0,76,0.1,5.4,233,4.312631754255381,3.2498011250210608
2015-07-28 17:00:00,26.7,80,0.0,5.0,210,2.5000000000000004,4.330127018922193
2015-07-28 18:00:00,25.5,83,1.8,4.3,185,0.37476969381492997,4.283637201794505
2015-07-28 19:00:00,24.6,86,0.2,6.0,115,-5.437846722219899,2.535709570444197
2015-07-28 20:00:00,25.1,81,0.2,5.3,118,-4.679622242152313,2.4881992827652204
2015-07-28 21:00:00,23.6,88,0.2,5.4,143,-3.2498011250210617,4.312631754255381
2015-07-28 22:00:00,22.8,90,0.1,5.8,150,-2.8999999999999986,5.022947341949744
2015-07-28 23:00:00,22.2,91,0.0,5.7,145,-3.269385687200963,4.669166652447252
2015-07-29 00:00:00,21.8,92,0.0,5.9,142,-3.6324027044213842,4.64926344627966
2015-07-29 01:00:00,21.2,93,0.2,5.4,132,-4.012982057577928,3.613305274337835
2015-07-29 02:00:00,20.6,94,0.1,4.4,125,-3.6042689948715645,2.5237363199446023
2015-07-29 03:00:00,20.6,91,0.0,4.2,121,-3.6001026629488715,2.1631599146222285
2015-07-29 04:00:00,19.8,94,0.0,4.5,119,-3.935788682127281,2.181643291108517
2015-07-29 05:00:00,19.1,96,0.4,4.3,114,-3.9282454678631833,1.7489675652259418
2015-07-29 06:00:00,19.0,96,0.0,4.6,108,-4.3748599749577055,1.4214781741247584
2015-07-29 07:00:00,21.7,93,0.0,5.6,105,-5.409184627218782,1.4493866525741177
2015-07-29 08:00:00,25.2,75,0.0,2.3,129,-1.7874357113510329,1.4474368994146258
2015-07-29 09:00:00,26.7,66,0.0,1.8,217,1.0832670416736871,1.437543918085127
2015-07-29 10:00:00,27.5,66,0.0,3.2,243,2.8512208774027776,1.4527695991665497
2015-07-29 11:00:00,27.7,68,0.0,4.4,261,4.3458286986186065,0.6883116461770159
2015-07-29 12:00:00,28.2,69,0.0,4.8,257,4.676976310969129,1.079765060850552
2015-07-29 13:00:00,28.3,68,0.0,6.4,254,6.1520748540052415,1.7640790772287946
2015-07-29 14:00:00,28.8,66,0.0,7.2,252,6.8476069173251055,2.2249223594996215
2015-07-29 15:00:00,28.8,67,0.0,6.4,232,5.043268823083021,3.9402334420842133
2015-07-29 16:00:00,28.7,68,0.0,6.1,225,4.31335136523794,4.313351365237939
2015-07-29 17:00:00,28.1,71,0.3,6.0,205,2.5357095704441965,5.437846722219899
2015-07-29 18:00:00,27.1,77,0.0,4.3,246,3.9282454678631837,1.7489675652259409
2015-07-29 19:00:00,25.7,84,0.0,6.0,237,5.032023407672544,3.2678342100901627
2015-07-29 20:00:00,23.9,92,0.0,5.5,212,2.914555953282627,4.664264528860342
2015-07-29 21:00:00,23.8,90,0.0,4.1,142,-2.524212048835199,3.23084408978756
2015-07-29 22:00:00,22.9,92,0.2,5.2,146,-2.907803098047883,4.3109953772862175
2015-07-29 23:00:00,22.6,92,0.0,5.2,124,-4.310995377286217,2.907803098047884
2015-07-30 00:00:00,23.0,89,0.0,5.0,120,-4.330127018922194,2.4999999999999996
2015-07-30 01:00:00,21.9,93,0.0,5.4,132,-4.012982057577928,3.613305274337835
2015-07-30 02:00:00,21.1,96,0.0,4.1,135,-2.8991378028648445,2.899137802864845
2015-07-30 03:00:00,21.2,91,1.3,4.6,129,-3.5748714227020657,2.8948737988292517
2015-07-30 04:00:00,21.0,92,0.0,3.9,124,-3.2332465329646625,2.180852323535913
2015-07-30 05:00:00,20.6,91,0.0,4.2,121,-3.6001026629488715,2.1631599146222285
2015-07-30 06:00:00,20.6,91,0.0,4.0,117,-3.564026096753471,1.8159619989581874
2015-07-30 07:00:00,23.5,90,0.0,4.2,110,-3.9467090073008153,1.4364846019678092
2015-07-30 08:00:00,25.7,78,0.0,1.1,180,6.735557395310444e-17,1.1
2015-07-30 09:00:00,27.0,77,0.0,3.0,256,2.9108871788279895,0.7257656867990032
2015-07-30 10:00:00,27.8,73,0.0,4.7,270,4.7,0.0
2015-07-30 11:00:00,28.2,71,0.0,6.5,270,6.5,0.0
2015-07-30 12:00:00,28.1,72,0.6,5.8,263,5.756767679519667,0.7068421917498553
2015-07-30 13:00:00,28.0,73,1.6,5.4,262,5.34744757120448,0.7515347451843534
2015-07-30 14:00:00,27.9,73,0.3,5.0,249,4.667902132486009,1.7918397477265013
2015-07-30 15:00:00,27.4,76,1.4,4.3,246,3.9282454678631837,1.7489675652259409
2015-07-30 16:00:00,27.1,77,0.0,3.3,264,3.2819222547153015,0.3449439287832564
2015-07-30 17:00:00,26.8,77,0.5,1.1,288,1.0461621679246689,-0.33991869381244216
2015-07-30 18:00:00,26.6,77,0.0,3.2,297,2.8512208774027776,-1.4527695991665497
2015-07-30 19:00:00,25.7,83,0.0,2.9,277,2.8783838397598336,-0.35342109587492765
2015-07-30 20:00:00,24.3,89,0.3,3.4,198,1.0506577808748212,3.233592155403522
2015-07-30 21:00:00,23.8,89,0.8,4.7,184,0.3278554265973886,4.688551036221174
2015-07-30 22:00:00,24.1,86,0.1,6.2,144,-3.644268564213333,5.0159053651246746
2015-07-30 23:00:00,24.4,84,0.0,5.7,145,-3.269385687200963,4.669166652447252
2015-07-31 00:00:00,23.4,87,0.0,4.7,148,-2.4906205418960625,3.9858260519352027
2015-07-31 01:00:00,23.4,87,0.0,4.6,162,-1.4214781741247577,4.374859974957706
2015-07-31 02:00:00,22.8,87,0.2,4.2,160,-1.4364846019678086,3.9467090073008158
2015-07-31 03:00:00,23.1,86,0.7000000000000001,2.5,135,-1.7677669529663687,1.7677669529663689
2015-07-31 04:00:00,22.3,89,0.5,4.7,94,-4.688551036221174,0.32785542659739
2015-07-31 05:00:00,22.8,85,0.2,4.7,58,-3.9858260519352027,-2.4906205418960625
2015-07-31 06:00:00,23.2,82,0.0,4.8,63,-4.276831316104166,-2.179154398749824
2015-07-31 07:00:00,23.8,86,0.0,4.3,66,-3.9282454678631837,-1.7489675652259409
2015-07-31 08:00:00,25.6,77,0.0,3.2,27,-1.4527695991665501,-2.851220877402777
2015-07-31 09:00:00,26.7,76,0.0,3.9,338,1.4609657143220567,-3.616017032810471
2015-07-31 10:00:00,27.6,73,0.0,5.4,318,3.6133052743378347,-4.012982057577929
2015-07-31 11:00:00,28.4,71,0.0,7.1,300,6.148780366869515,-3.5499999999999994
2015-07-31 12:00:00,28.8,70,0.3,6.8,295,6.162892951849219,-2.873804179836756
2015-07-31 13:00:00,28.7,70,0.5,7.7,298,6.798696465013738,-3.6149310334513594
2015-07-31 14:00:00,28.3,72,0.6,6.2,306,5.0159053651246746,-3.6442685642133337
2015-07-31 15:00:00,27.8,71,0.8,3.9,304,3.2332465329646625,-2.180852323535913
2015-07-31 16:00:00,28.1,71,0.0,5.0,300,4.330127018922194,-2.4999999999999996
2015-07-31 17:00:00,28.1,71,0.0,6.2,291,5.788198644282651,-2.2218812871808615
2015-07-31 18:00:00,27.2,75,0.0,4.2,301,3.600102662948872,-2.1631599146222276
2015-07-31 19:00:00,25.8,85,0.0,5.5,302,4.664264528860342,-2.914555953282627
2015-07-31 20:00:00,25.0,87,0.0,5.4,290,5.074340152243906,-1.8469087739586112
2015-07-31 21:00:00,25.6,84,0.4,4.0,280,3.939231012048832,-0.6945927106677213
2015-07-31 22:00:00,25.3,86,0.3,1.5,225,1.0606601717798214,1.0606601717798212
2015-07-31 23:00:00,25.2,86,0.4,2.4,153,-1.089577199374912,2.138415658052083
2015-08-01 00:00:00,24.5,89,0.1,3.3,167,-0.7423384793347546,3.2154212137912763
2015-08-01 01:00:00,24.5,89,0.0,3.6,174,-0.3763024677635528,3.580278823325784
2015-08-01 02:00:00,24.3,87,0.4,3.3,174,-0.3449439287832567,3.2819222547153015
2015-08-01 03:00:00,23.5,86,0.4,3.6,135,-2.545584412271571,2.5455844122715714
2015-08-01 04:00:00,24.5,80,0.5,1.8,143,-1.0832670416736871,1.4375439180851268
2015-08-01 05:00:00,23.7,82,0.2,0.5,225,0.3535533905932738,0.35355339059327373
2015-08-01 06:00:00,24.5,77,0.0,1.9,68,-1.761649323676896,-0.7117525274902328
2015-08-01 07:00:00,24.5,87,0.0,2.4,333,1.0895771993749124,-2.138415658052083
2015-08-01 08:00:00,26.1,78,0.0,5.2,326,2.9078030980478835,-4.3109953772862175
2015-08-01 09:00:00,27.0,78,0.0,7.3,327,3.9758649556096977,-6.122295146001595
2015-08-01 10:00:00,27.7,75,0.1,9.1,326,5.088655421583796,-7.5442419102508795
2015-08-01 11:00:00,28.4,73,0.5,9.8,324,5.760295472466237,-7.9283665448744856
2015-08-01 12:00:00,28.5,75,0.4,9.5,323,5.717242719944459,-7.587037345449282
2015-08-01 13:00:00,28.0,78,0.7000000000000001,7.7,332,3.61493103345136,-6.798696465013737
2015-08-01 14:00:00,28.4,77,0.4,7.5,325,4.301823272632846,-6.143640332167439
2015-08-01 15:00:00,26.9,76,0.9,5.4,323,3.2498011250210617,-4.312631754255381
2015-08-01 16:00:00,27.6,75,0.0,6.5,326,3.634753872559854,-5.388744221607771
2015-08-01 17:00:00,27.5,75,0.0,6.6,331,3.199743493625825,-5.772490067120011
2015-08-01 18:00:00,26.9,78,0.0,3.5,336,1.4235782507653008,-3.197409101749103
2015-08-01 19:00:00,25.6,88,0.0,4.5,331,2.181643291108517,-3.935788682127281
2015-08-01 20:00:00,25.5,85,0.0,4.2,340,1.436484601967809,-3.9467090073008153
2015-08-01 21:00:00,25.6,84,0.0,1.1,342,0.3399186938124422,-1.0461621679246689
2015-08-01 22:00:00,25.0,87,0.0,1.3,124,-1.0777488443215542,0.726950774511971
2015-08-01 23:00:00,23.7,90,0.0,2.6,146,-1.4539015490239415,2.1554976886431088
2015-08-02 00:00:00,22.9,93,0.2,4.2,160,-1.4364846019678086,3.9467090073008158
2015-08-02 01:00:00,22.4,94,0.3,5.2,164,-1.433314250248395,4.998560818879258
2015-08-02 02:00:00,22.5,92,0.0,5.9,133,-4.314986839553106,4.023790324368742
2015-08-02 03:00:00,23.4,87,0.0,4.5,119,-3.935788682127281,2.181643291108517
2015-08-02 04:00:00,24.7,80,0.2,4.0,95,-3.984778792366982,0.3486229709906328
2015-08-02 05:00:00,22.9,85,0.3,5.4,90,-5.4,6.613092715395707e-16
2015-08-02 06:00:00,21.9,88,0.3,5.2,74,-4.998560818879258,-1.4333142502483949
2015-08-02 07:00:00,23.3,86,0.2,4.9,73,-4.685893304218874,-1.4326213531414103
2015-08-02 08:00:00,25.2,77,0.0,4.8,42,-3.211826910522519,-3.567095162291493
2015-08-02 09:00:00,26.4,76,0.0,6.1,3,-0.31924933308196024,-6.0916401620029
2015-08-02 10:00:00,27.3,75,0.0,7.9,344,2.1775351109542935,-7.59396739791272
2015-08-02 11:00:00,28.4,72,0.0,9.5,335,4.014873486536644,-8.609923976848174
2015-08-02 12:00:00,28.9,71,0.0,8.9,333,4.040515447681967,-7.929958065276474
2015-08-02 13:00:00,29.1,70,0.0,8.2,322,5.048424097670398,-6.46168817957512
2015-08-02 14:00:00,28.5,72,0.6,6.4,322,3.9402334420842133,-5.043268823083022
2015-08-02 15:00:00,28.6,70,0.3,6.9,313,5.046340541172277,-4.70578868443124
2015-08-02 16:00:00,28.1,70,0.7000000000000001,4.6,315,3.2526911934581184,-3.252691193458118
2015-08-02 17:00:00,27.8,71,0.2,4.4,325,2.5237363199446032,-3.604268994871564
2015-08-02 18:00:00,27.2,75,0.0,1.5,315,1.0606601717798214,-1.0606601717798212
2015-08-02 19:00:00,25.8,83,0.0,2.8,310,2.1449244407331385,-1.7998053071223097
2015-08-02 20:00:00,26.1,76,0.0,0.4,270,0.4,0.0
2015-08-02 21:00:00,25.8,78,0.0,0.4,180,2.4492935982947065e-17,0.4
2015-08-02 22:00:00,25.3,81,0.0,2.0,135,-1.414213562373095,1.4142135623730951
2015-08-02 23:00:00,24.2,86,0.0,2.8,130,-2.144924440733138,1.7998053071223103
2015-08-03 00:00:00,23.4,89,0.0,4.1,142,-2.524212048835199,3.23084408978756
2015-08-03 01:00:00,23.2,89,0.5,5.4,143,-3.2498011250210617,4.312631754255381
2015-08-03 02:00:00,24.2,84,0.9,4.7,122,-3.9858260519352022,2.490620541896063
2015-08-03 03:00:00,24.6,81,0.0,4.0,90,-4.0,4.898587196589413e-16
2015-08-03 04:00:00,23.6,83,0.0,4.7,81,-4.6421352007971475,-0.7352419856890845
2015-08-03 05:00:00,23.6,81,0.0,4.4,81,-4.3458286986186065,-0.6883116461770152
2015-08-03 06:00:00,23.3,81,0.0,3.5,66,-3.197409101749103,-1.4235782507653008
2015-08-03 07:00:00,24.8,80,0.0,3.9,56,-3.233246532964663,-2.180852323535912
2015-08-03 08:00:00,26.1,76,0.1,3.6,360,2.2043642384652358e-16,-3.6
2015-08-03 09:00:00,27.4,73,0.0,5.2,326,2.9078030980478835,-4.3109953772862175
2015-08-03 10:00:00,28.2,70,0.0,6.6,315,4.666904755831213,-4.666904755831213
2015-08-03 11:00:00,28.7,68,0.0,7.6,315,5.374011537017761,-5.37401153701776
2015-08-03 12:00:00,29.3,66,0.0,8.2,308,6.461688179575119,-5.048424097670398
2015-08-03 13:00:00,29.3,66,0.0,8.3,304,6.881011852206846,-4.6413010988072
2015-08-03 14:00:00,28.7,67,0.8,8.5,298,7.505054539300879,-3.990508283680072
2015-08-03 15:00:00,28.0,66,0.0,5.9,308,4.64926344627966,-3.6324027044213842
2015-08-03 16:00:00,27.9,66,0.4,5.1,321,3.209533994354171,-3.963444403430551
2015-08-03 17:00:00,27.4,67,0.8,4.1,315,2.899137802864845,-2.8991378028648445
2015-08-03 18:00:00,26.7,78,0.4,3.3,319,2.1649947956686737,-2.4905416147351476
2015-08-03 19:00:00,26.5,71,0.2,4.5,331,2.181643291108517,-3.935788682127281
2015-08-03 20:00:00,26.7,67,0.2,3.6,354,0.3763024677635525,-3.580278823325784
2015-08-03 21:00:00,26.2,70,0.0,1.8,323,1.0832670416736871,-1.437543918085127
2015-08-03 22:00:00,25.6,74,0.0,0.7000000000000001,270,0.7000000000000001,0.0
2015-08-03 23:00:00,24.9,79,0.0,1.8,169,-0.34345619167778063,1.7669289302057951
2015-08-04 00:00:00,25.0,79,0.0,2.9,150,-1.4499999999999993,2.511473670974872
2015-08-04 01:00:00,24.9,80,0.2,3.2,153,-1.4527695991665495,2.8512208774027776
2015-08-04 02:00:00,24.7,81,0.2,2.5,135,-1.7677669529663687,1.7677669529663689
2015-08-04 03:00:00,23.6,84,0.1,3.0,104,-2.9108871788279895,0.7257656867990032
2015-08-04 04:00:00,22.5,87,0.1,3.6,96,-3.580278823325784,0.37630246776355347
2015-08-04 05:00:00,21.4,91,0.0,3.3,96,-3.2819222547153015,0.3449439287832573
2015-08-04 06:00:00,21.1,91,0.0,4.3,85,-4.283637201794505,-0.37476969381492914
2015-08-04 07:00:00,24.1,88,0.0,4.6,72,-4.374859974957706,-1.4214781741247573
2015-08-04 08:00:00,26.6,75,0.0,4.3,355,0.37476969381492997,-4.283637201794505
2015-08-04 09:00:00,27.6,71,0.0,6.6,331,3.199743493625825,-5.772490067120011
2015-08-04 10:00:00,28.2,68,0.0,8.4,329,4.326319829244455,-7.200205325897744
2015-08-04 11:00:00,28.5,66,0.1,9.5,323,5.717242719944459,-7.587037345449282
2015-08-04 12:00:00,28.8,63,0.2,9.2,318,6.156001578501495,-6.836932394392027
2015-08-04 13:00:00,29.0,61,0.1,7.9,313,5.777694242791447,-5.387787044493738
2015-08-04 14:00:00,28.5,62,0.4,6.9,309,5.3623071340531,-4.342310698243878
2015-08-04 15:00:00,28.1,63,0.2,4.6,315,3.2526911934581184,-3.252691193458118
2015-08-04 16:00:00,27.9,63,0.2,4.4,325,2.5237363199446032,-3.604268994871564
2015-08-04 17:00:00,27.9,63,0.1,4.3,336,1.7489675652259409,-3.9282454678631837
2015-08-04 18:00:00,26.9,77,0.0,4.0,333,1.8159619989581872,-3.564026096753471
2015-08-04 19:00:00,27.1,63,0.0,5.4,323,3.2498011250210617,-4.312631754255381
2015-08-04 20:00:00,26.8,64,0.0,3.7,331,1.7937955949114475,-3.2360929164157644
2015-08-04 21:00:00,26.1,68,0.0,3.1,306,2.5079526825623373,-1.8221342821066668
2015-08-04 22:00:00,25.7,71,0.0,1.8,281,1.7669289302057951,-0.34345619167778063
2015-08-04 23:00:00,25.2,75,0.0,0.0,270,0.0,0.0
2015-08-05 00:00:00,24.8,78,0.0,2.8,140,-1.7998053071223101,2.1449244407331385
2015-08-05 01:00:00,23.9,82,0.0,3.3,139,-2.1649947956686737,2.490541614735148
2015-08-05 02:00:00,23.1,85,0.4,3.7,119,-3.2360929164157644,1.7937955949114477
2015-08-05 03:00:00,23.2,84,0.1,3.9,112,-3.6160170328104706,1.4609657143220578
2015-08-05 04:00:00,23.1,84,0.1,4.2,110,-3.9467090073008153,1.4364846019678092
2015-08-05 05:00:00,24.2,79,0.1,4.9,107,-4.685893304218874,1.4326213531414094
2015-08-05 06:00:00,24.3,78,0.0,2.5,82,-2.475670171853926,-0.3479327524001638
2015-08-05 07:00:00,24.6,78,0.0,1.8,37,-1.083267041673687,-1.437543918085127
2015-08-05 08:00:00,25.8,77,0.0,2.6,344,0.7166571251241979,-2.499280409439629
2015-08-05 09:00:00,26.3,76,0.2,5.2,344,1.4333142502483958,-4.998560818879258
2015-08-05 10:00:00,26.8,73,0.0,7.7,332,3.61493103345136,-6.798696465013737
2015-08-05 11:00:00,27.5,69,0.1,9.1,326,5.088655421583796,-7.5442419102508795
2015-08-05 12:00:00,28.0,68,0.1,8.7,330,4.3500000000000005,-7.534421012924615
2015-08-05 13:00:00,28.6,66,0.1,7.8,338,2.9219314286441134,-7.232034065620942
2015-08-05 14:00:00,27.9,67,0.4,6.9,354,0.7212463965468089,-6.862201078041086
2015-08-05 15:00:00,27.4,67,0.6,7.7,349,1.4692292643993958,-7.558529312547013
2015-08-05 16:00:00,27.4,68,0.7000000000000001,8.0,352,1.1133848076805237,-7.922144549932563
2015-08-05 17:00:00,27.1,69,0.0,6.6,351,1.032467469265524,-6.518743047927909
2015-08-05 18:00:00,26.4,75,0.0,4.3,336,1.7489675652259409,-3.9282454678631837
2015-08-05 19:00:00,25.7,76,0.0,4.4,325,2.5237363199446032,-3.604268994871564
2015-08-05 20:00:00,24.4,82,0.0,2.5,315,1.7677669529663689,-1.7677669529663687
2015-08-05 21:00:00,23.6,86,0.0,1.1,180,6.735557395310444e-17,1.1
2015-08-05 22:00:00,22.9,89,0.0,2.5,172,-0.3479327524001634,2.475670171853926
2015-08-05 23:00:00,22.5,91,0.0,1.3,146,-0.7269507745119708,1.0777488443215544
2015-08-06 00:00:00,22.2,92,0.2,1.1,90,-1.1,1.3471114790620887e-16
2015-08-06 01:00:00,21.8,93,0.1,1.5,76,-1.4554435894139948,-0.3628828433995013
2015-08-06 02:00:00,22.1,92,0.0,2.2,81,-2.1729143493093033,-0.3441558230885076
2015-08-06 03:00:00,22.9,87,0.2,2.9,97,-2.8783838397598336,0.35342109587492787
2015-08-06 04:00:00,22.8,87,0.1,2.2,99,-2.172914349309303,0.3441558230885082
2015-08-06 05:00:00,23.0,85,0.0,2.9,97,-2.8783838397598336,0.35342109587492787
2015-08-06 06:00:00,22.9,84,0.0,1.1,72,-1.046162167924669,-0.33991869381244205
2015-08-06 07:00:00,23.8,90,0.0,1.6,27,-0.7263847995832751,-1.4256104387013886
2015-08-06 08:00:00,25.6,83,0.0,3.7,331,1.7937955949114475,-3.2360929164157644
2015-08-06 09:00:00,26.5,80,0.0,5.6,315,3.9597979746446663,-3.9597979746446654
2015-08-06 10:00:00,27.6,75,0.0,7.2,307,5.750175672340508,-4.333068166694748
2015-08-06 11:00:00,28.4,72,0.1,7.9,313,5.777694242791447,-5.387787044493738
2015-08-06 12:00:00,28.9,71,0.3,8.4,317,5.728786224524987,-6.143371093601032
2015-08-06 13:00:00,28.9,70,1.7000000000000002,9.3,332,4.366085533908786,-8.21141261358802
2015-08-06 14:00:00,29.1,68,1.2,9.0,344,2.4807362023529924,-8.65135526344487
2015-08-06 15:00:00,28.4,70,2.0,10.7,348,2.224655091750026,-10.46617932785172
2015-08-06 16:00:00,28.3,70,1.0,8.8,351,1.3766232923540322,-8.691657397237213
2015-08-06 17:00:00,28.0,73,0.0,7.8,347,1.7546182238821464,-7.6000865053248345
2015-08-06 18:00:00,27.3,75,0.0,4.0,333,1.8159619989581872,-3.564026096753471
2015-08-06 19:00:00,25.9,85,0.0,2.8,310,2.1449244407331385,-1.7998053071223097
2015-08-06 20:00:00,25.2,84,0.0,2.4,333,1.0895771993749124,-2.138415658052083
2015-08-06 21:00:00,23.7,90,0.0,1.8,101,-1.7669289302057951,0.34345619167778096
2015-08-06 22:00:00,23.0,92,0.0,3.0,104,-2.9108871788279895,0.7257656867990032
2015-08-06 23:00:00,22.7,94,0.0,2.5,98,-2.475670171853926,0.3479327524001633
2015-08-07 00:00:00,22.4,95,0.0,2.7,113,-2.485363104321589,1.0549740469210394
2015-08-07 01:00:00,22.2,96,0.0,3.1,126,-2.507952682562337,1.822134282106667
2015-08-07 02:00:00,22.1,96,0.0,3.6,127,-2.8750878361702545,2.1665340833473734
2015-08-07 03:00:00,22.5,96,0.0,3.8,131,-2.8678964048465336,2.4930243101639276
2015-08-07 04:00:00,22.5,97,0.0,3.1,126,-2.507952682562337,1.822134282106667
2015-08-07 05:00:00,22.4,97,0.0,3.7,119,-3.2360929164157644,1.7937955949114477
2015-08-07 06:00:00,22.3,97,0.0,3.1,135,-2.192031021678297,2.1920310216782974
2015-08-07 07:00:00,24.0,95,0.0,1.8,143,-1.0832670416736871,1.4375439180851268
2015-08-07 08:00:00,26.6,86,0.0,2.5,278,2.475670171853926,-0.3479327524001636
2015-08-07 09:00:00,27.8,80,0.0,3.2,297,2.8512208774027776,-1.4527695991665497
2015-08-07 10:00:00,29.2,73,0.3,6.0,327,3.2678342100901627,-5.032023407672544
2015-08-07 11:00:00,30.0,69,0.2,10.0,345,2.5881904510252074,-9.659258262890683
2015-08-07 12:00:00,30.5,66,0.0,14.6,351,2.2839431895873714,-14.420249772689012
2015-08-07 13:00:00,30.1,67,0.0,17.7,355,1.542656646633549,-17.632646156223895
2015-08-07 14:00:00,28.9,72,0.4,19.8,2,-0.691010034709515,-19.787938374978097
2015-08-07 15:00:00,28.1,73,0.4,19.4,359,0.3385766848833018,-19.39704528603399
2015-08-07 16:00:00,26.9,80,0.5,18.4,2,-0.642150739326014,-18.38879121715136
2015-08-07 17:00:00,25.7,88,0.8,16.9,2,-0.5898014942722628,-16.889704976622717
2015-08-07 18:00:00,24.8,91,0.6,19.2,6,-2.0069464947389446,-19.094820391070847
2015-08-07 19:00:00,24.2,94,0.4,20.2,3,-1.057186316107475,-20.17231660204239
2015-08-07 20:00:00,24.1,93,0.4,20.6,5,-1.79540830060176,-20.521610780689958
2015-08-07 21:00:00,24.0,94,0.6,20.2,360,1.2368932671388266e-15,-20.2
2015-08-07 22:00:00,23.7,95,1.0,22.7,2,-0.7922185751467673,-22.686171773333474
2015-08-07 23:00:00,23.8,94,2.2,25.9,350,4.497487801573498,-25.506520803016187
2015-08-08 00:00:00,23.8,93,4.5,33.5,345,8.670438010934445,-32.35851518068379
2015-08-08 01:00:00,23.9,93,3.0,39.1,345,10.119824663508561,-37.767699807902574
2015-08-08 02:00:00,23.9,93,2.2,41.8,337,16.33256117085164,-38.477102874312
2015-08-08 03:00:00,23.9,92,4.2,45.4,336,18.465843595641328,-41.47496377697408
2015-08-08 04:00:00,23.8,92,3.9,46.9,324,27.56712833251699,-37.94289703618504
2015-08-08 05:00:00,23.7,93,7.2,44.3,314,31.866753155002247,-30.773365811333576
2015-08-08 06:00:00,23.9,94,11.0,24.8,294,22.6559273495365,-10.087068748279846
2015-08-08 07:00:00,24.0,96,8.7,17.7,287,16.926594180545727,-5.17497917359244
2015-08-08 08:00:00,24.4,95,7.3,10.9,226,7.8408038236912985,7.57177623800307
2015-08-08 09:00:00,24.5,96,7.9,15.8,201,5.662213602815746,14.750570738655789
2015-08-08 10:00:00,24.7,96,7.8,25.8,203,10.080863115023263,23.749025219072962
2015-08-08 11:00:00,25.1,93,8.9,27.9,218,17.176955161585866,21.985500025627545
2015-08-08 12:00:00,24.9,93,12.4,37.2,227,27.206357700233145,25.370338994324946
2015-08-08 13:00:00,24.0,93,16.1,43.6,222,29.17409443724622,32.40111439081439
2015-08-08 14:00:00,23.2,92,22.8,42.8,218,26.350311143938175,33.7268602543677
2015-08-08 15:00:00,23.6,93,10.2,46.1,214,25.778792850001427,38.218632094787424
2015-08-08 16:00:00,23.3,91,15.6,45.9,210,22.950000000000003,39.75056603370573
2015-08-08 17:00:00,23.6,88,18.1,45.1,205,19.060083604505547,40.874481195352914
2015-08-08 18:00:00,23.7,87,15.2,36.7,194,8.878533568507804,35.60985315432907
2015-08-08 19:00:00,23.7,86,9.4,34.2,182,1.193562787225537,34.179166284053075
2015-08-08 20:00:00,23.7,84,6.3,33.8,173,-4.119183807093981,33.548059925476686
2015-08-08 21:00:00,23.7,83,3.5,31.7,171,-4.958972541775316,31.309720396865867
2015-08-08 22:00:00,23.8,81,2.1,29.9,170,-5.1920805122412155,29.44575181506502
2015-08-08 23:00:00,24.1,79,1.6,29.1,168,-6.050230202796797,28.46409518135375
2015-08-09 00:00:00,24.3,76,0.9,28.6,163,-8.361830755070269,27.350316020542817
2015-08-09 01:00:00,25.0,72,1.6,28.1,164,-7.7454096984576735,27.011453655866763
2015-08-09 02:00:00,25.7,73,2.6,27.9,174,-2.916344125167534,27.747160880774825
2015-08-09 03:00:00,25.1,84,2.0,28.5,177,-1.4915747529238994,28.460941740505355
2015-08-09 04:00:00,25.0,84,1.6,26.4,175,-2.3009116085381773,26.29954002962208
2015-08-09 05:00:00,25.0,83,1.5,25.6,177,-1.3398004798193623,25.56491608971709
2015-08-09 06:00:00,25.0,82,2.4,25.5,171,-3.9890788585258856,25.186052685176012
2015-08-09 07:00:00,24.9,83,2.2,23.4,170,-4.063367357406169,23.044501420485666
2015-08-09 08:00:00,25.0,84,1.7000000000000002,21.4,173,-2.6080039488701536,21.24048764512429
2015-08-09 09:00:00,25.4,83,1.6,21.3,177,-1.1147558679747038,21.270809090272422
2015-08-09 10:00:00,25.8,82,1.3,20.5,181,0.35777433196431374,20.49687775070602
2015-08-09 11:00:00,26.0,83,1.0,20.9,180,1.279755905108984e-15,20.9
2015-08-09 12:00:00,26.0,84,0.7000000000000001,22.0,185,1.917426340448479,21.9162833580184
2015-08-09 13:00:00,26.3,84,0.5,19.1,181,0.33334096295211674,19.097090977487074
2015-08-09 14:00:00,27.0,79,0.3,19.5,184,1.3602512380104421,19.452498980066572
2015-08-09 15:00:00,26.8,82,0.5,18.8,184,1.3114217063895544,18.754204144884696
2015-08-09 16:00:00,26.4,80,0.2,17.3,184,1.2067869957733666,17.257858069494958
2015-08-09 17:00:00,26.1,78,0.0,15.9,177,-0.8321417042628071,15.878209602597725
2015-08-09 18:00:00,25.9,77,0.1,14.4,180,8.817456953860943e-16,14.4
2015-08-09 19:00:00,25.1,79,0.0,13.0,178,-0.4536934571325124,12.992080751248245
2015-08-09 20:00:00,24.5,81,0.0,13.0,178,-0.4536934571325124,12.992080751248245
2015-08-09 21:00:00,24.1,82,0.0,13.0,178,-0.4536934571325124,12.992080751248245
2015-08-09 22:00:00,23.5,84,0.0,12.6,175,-1.0981623586204938,12.552053195955994
2015-08-09 23:00:00,23.1,85,0.0,12.0,171,-1.8772135804827697,11.852260087141653
2015-08-10 00:00:00,22.8,85,0.0,12.5,168,-2.5988961352219917,12.226845009172571
2015-08-10 01:00:00,22.6,85,0.0,12.5,168,-2.5988961352219917,12.226845009172571
2015-08-10 02:00:00,22.2,86,0.0,12.5,168,-2.5988961352219917,12.226845009172571
2015-08-10 03:00:00,21.7,84,0.0,12.0,164,-3.3076482698039884,11.535140351259827
2015-08-10 04:00:00,21.0,85,0.0,12.0,159,-4.300415394543603,11.202965117966421
2015-08-10 05:00:00,20.5,85,0.0,11.3,158,-4.233054505599807,10.4771775566047
2015-08-10 06:00:00,20.2,85,0.0,11.9,166,-2.8788705576360467,11.546519142684359
2015-08-10 07:00:00,22.7,84,0.0,11.7,169,-2.232465245905574,11.485038046337667
2015-08-10 08:00:00,27.2,67,0.0,12.6,178,-0.439733658451512,12.592324420440606
2015-08-10 09:00:00,28.2,65,0.0,15.3,188,2.129348444689002,15.151101451746028
2015-08-10 10:00:00,28.9,64,0.0,17.4,193,3.914148345583249,16.95403912726309
2015-08-10 11:00:00,29.4,63,0.0,18.2,194,4.402978499913951,17.659382218223136
2015-08-10 12:00:00,29.6,63,0.0,18.0,196,4.961472404705985,17.30271052688974
2015-08-10 13:00:00,29.6,64,0.0,16.7,199,5.436988179434517,15.790160212508589
2015-08-10 14:00:00,29.5,66,0.0,15.0,201,5.375519243179506,14.003706397458027
2015-08-10 15:00:00,29.1,66,0.0,14.2,204,5.775660331676363,12.972345498524932
2015-08-10 16:00:00,28.9,68,0.0,12.6,207,5.72028029671829,11.226682204773434
2015-08-10 17:00:00,28.2,72,0.0,11.1,209,5.3813867847343415,9.708278749247292
2015-08-10 18:00:00,27.1,77,0.0,7.0,215,4.015035054457323,5.7340643100229425
2015-08-10 19:00:00,25.5,85,0.0,9.1,187,1.1090110249868421,9.032169979936029
2015-08-10 20:00:00,24.5,85,0.0,9.2,169,-1.755442757464212,9.030970087718508
2015-08-10 21:00:00,24.7,81,0.0,9.6,160,-3.2833933759264196,9.02104915954472
2015-08-10 22:00:00,23.9,83,0.0,10.3,155,-4.352968095929203,9.334970206477497
2015-08-10 23:00:00,22.9,84,0.0,10.1,153,-4.585304047369421,8.999165894302516
2015-08-11 00:00:00,22.3,84,0.0,10.1,153,-4.585304047369421,8.999165894302516
2015-08-11 01:00:00,21.7,85,0.0,9.2,149,-4.738350289172499,7.8859391664594325
2015-08-11 02:00:00,21.0,85,0.0,8.3,146,-4.641301098807197,6.881011852206847
2015-08-11 03:00:00,20.2,86,0.0,6.7,144,-3.9381611903595695,5.420413862312148
2015-08-11 04:00:00,19.5,88,0.0,5.8,150,-2.8999999999999986,5.022947341949744
2015-08-11 05:00:00,19.0,89,0.0,6.3,149,-3.2447398719333416,5.400153994423308
2015-08-11 06:00:00,19.0,90,0.0,6.1,152,-2.8637765329939344,5.385980316439453
2015-08-11 07:00:00,22.4,89,0.0,6.8,155,-2.8738041798367555,6.16289295184922
2015-08-11 08:00:00,26.4,71,0.0,7.9,183,0.41345405431925736,7.889173324561134
2015-08-11 09:00:00,27.5,67,0.0,9.3,193,2.092044805397944,9.06164160250269
2015-08-11 10:00:00,28.3,69,0.0,10.5,207,4.766900247265242,9.355568503977862
2015-08-11 11:00:00,28.7,71,0.0,11.2,213,6.099957192168303,9.393110360988748
2015-08-11 12:00:00,28.7,72,0.0,11.5,219,7.237184497073131,8.937178556755166
2015-08-11 13:00:00,29.0,71,0.2,12.7,215,7.284420741658286,10.403230962470195
2015-08-11 14:00:00,27.8,77,0.6,13.2,215,7.571208959833809,10.81280698461469
2015-08-11 15:00:00,28.6,72,0.0,14.5,215,8.31685832709017,11.87770464219038
2015-08-11 16:00:00,28.2,73,0.3,12.2,214,6.822153422343111,10.114258385171508
2015-08-11 17:00:00,27.4,78,0.1,9.7,202,3.633683956134346,8.993683389297837
2015-08-11 18:00:00,26.7,81,0.0,6.3,204,2.5624408513775414,5.755336383148386
2015-08-11 19:00:00,25.6,86,0.0,8.6,195,2.2258437878816784,8.306962106085987
2015-08-11 20:00:00,24.6,91,0.0,9.0,185,0.7844016847289232,8.96575228282571
2015-08-11 21:00:00,23.9,94,0.0,9.1,173,-1.109011024986841,9.03216997993603
2015-08-11 22:00:00,23.9,91,0.0,8.6,178,-0.30013567164150823,8.594761112364223
2015-08-11 23:00:00,24.2,89,0.0,9.4,178,-0.328055269003509,9.394273773979501
2015-08-12 00:00:00,22.2,96,0.0,9.0,164,-2.4807362023529915,8.65135526344487
2015-08-12 01:00:00,21.1,97,0.0,7.1,156,-2.8878301658381815,6.486172749262466
2015-08-12 02:00:00,20.3,98,0.0,6.6,151,-3.199743493625824,5.772490067120012
2015-08-12 03:00:00,21.0,94,0.0,5.5,148,-2.914555953282626,4.664264528860343
2015-08-12 04:00:00,20.2,94,0.0,4.4,145,-2.5237363199446032,3.6042689948715636
2015-08-12 05:00:00,19.8,93,0.0,4.4,145,-2.5237363199446032,3.6042689948715636
2015-08-12 06:00:00,20.0,93,0.1,3.4,148,-1.8017254983928963,2.8833635269318485
2015-08-12 07:00:00,23.1,90,0.0,3.9,146,-2.180852323535912,3.233246532964663
2015-08-12 08:00:00,26.2,72,0.0,5.5,191,1.049449474570997,5.3989495089621515
2015-08-12 09:00:00,27.1,72,0.0,7.6,211,3.9142893693164114,6.5144714853360535
2015-08-12 10:00:00,27.8,74,0.0,9.7,222,6.490566881680924,7.208504807130724
2015-08-12 11:00:00,28.4,74,0.2,12.2,223,8.320379992762481,8.922515159753878
2015-08-12 12:00:00,28.2,74,0.4,11.0,221,7.2166493188955805,8.301805382450492
2015-08-12 13:00:00,29.0,72,0.1,11.8,218,7.2648054088427685,9.29852689255932
2015-08-12 14:00:00,28.3,74,1.3,14.0,224,9.725217186425962,10.070757204741115
2015-08-12 15:00:00,26.2,84,1.4,10.9,214,6.09520264783114,9.036509540849956
2015-08-12 16:00:00,26.5,82,0.2,11.7,189,1.8302832409707017,11.555953584963111
2015-08-12 17:00:00,26.4,84,0.0,9.0,203,3.5165801564034633,8.284543681071963
2015-08-12 18:00:00,26.0,86,0.1,7.1,204,2.8878301658381815,6.486172749262466
2015-08-12 19:00:00,24.9,92,0.0,7.1,195,1.8376152202278973,6.858073366652385
2015-08-12 20:00:00,24.2,95,0.0,8.2,195,2.12231616984067,7.92059177557036
2015-08-12 21:00:00,23.9,95,0.0,7.3,191,1.3929056662487778,7.165878439167947
2015-08-12 22:00:00,23.8,95,0.0,7.3,171,-1.1419715947936848,7.210124886344506
2015-08-12 23:00:00,23.1,96,0.0,8.1,167,-1.8221035401853067,7.892397524760405
2015-08-13 00:00:00,22.5,95,0.1,7.5,163,-2.192787785420525,7.172285669722767
2015-08-13 01:00:00,22.2,94,0.1,8.1,167,-1.8221035401853067,7.892397524760405
2015-08-13 02:00:00,22.5,92,0.1,8.5,168,-1.7672493719509543,8.314254606237348
2015-08-13 03:00:00,22.2,91,0.2,7.4,157,-2.891410350820626,6.811735915548058
2015-08-13 04:00:00,22.0,91,0.0,6.6,151,-3.199743493625824,5.772490067120012
2015-08-13 05:00:00,21.7,91,0.0,6.6,151,-3.199743493625824,5.772490067120012
2015-08-13 06:00:00,21.2,94,0.0,4.6,162,-1.4214781741247577,4.374859974957706
2015-08-13 07:00:00,23.3,92,0.0,6.2,170,-1.076618701534968,6.10580806867569
2015-08-13 08:00:00,25.9,80,0.0,7.9,196,2.1775351109542935,7.59396739791272
2015-08-13 09:00:00,26.9,75,0.0,10.5,202,3.9333692308670756,9.735430472951268
2015-08-13 10:00:00,27.9,73,0.2,11.7,214,6.542556970607737,9.699739598893988
2015-08-13 11:00:00,27.7,74,1.1,10.9,207,4.948496447161061,9.71197111365321
2015-08-13 12:00:00,28.0,75,0.1,12.8,220,8.227681403987704,9.80536887192292
2015-08-13 13:00:00,28.3,75,0.4,12.3,212,6.518006950068421,10.43099158272404
2015-08-13 14:00:00,27.9,75,0.5,12.4,197,3.625409138561936,11.858178973941639
2015-08-13 15:00:00,27.1,78,2.5,12.0,201,4.300415394543604,11.202965117966421
2015-08-13 16:00:00,26.7,80,1.2,10.7,194,2.588564282916444,10.382164271153162
2015-08-13 17:00:00,26.3,83,0.5,9.2,201,3.2969851358167634,8.588939923774255
2015-08-13 18:00:00,25.8,84,0.7000000000000001,7.0,215,4.015035054457323,5.7340643100229425
2015-08-13 19:00:00,24.6,91,1.0,7.3,200,2.4967470462773824,6.8597561317371305
2015-08-13 20:00:00,23.8,93,1.8,7.1,195,1.8376152202278973,6.858073366652385
2015-08-13 21:00:00,23.7,93,1.9,7.6,180,4.653657836759942e-16,7.6
2015-08-13 22:00:00,23.6,92,0.9,6.6,167,-1.4846769586695092,6.430842427582553
2015-08-13 23:00:00,23.0,92,0.0,6.9,171,-1.0793978087775926,6.815049550106451
2015-08-14 00:00:00,22.5,92,0.0,7.0,168,-1.4553818357243153,6.84703320513664
2015-08-14 01:00:00,22.1,92,0.0,7.4,166,-1.7902220274375418,7.180188374442374
2015-08-14 02:00:00,22.1,90,0.0,7.9,164,-2.1775351109542926,7.59396739791272
2015-08-14 03:00:00,22.6,85,0.0,7.9,164,-2.1775351109542926,7.59396739791272
2015-08-14 04:00:00,23.4,78,0.0,7.5,163,-2.192787785420525,7.172285669722767
2015-08-14 05:00:00,24.7,71,0.0,7.3,160,-2.4967470462773815,6.859756131737131
2015-08-14 06:00:00,24.7,70,0.0,6.0,155,-2.535709570444196,5.4378467222199
2015-08-14 07:00:00,24.3,79,0.0,4.7,171,-0.7352419856890848,4.6421352007971475
2015-08-14 08:00:00,26.3,72,0.0,7.6,188,1.0577155672964975,7.5260373224359345
2015-08-14 09:00:00,27.2,72,0.0,10.7,200,3.659615533584656,10.054711042409219
2015-08-14 10:00:00,27.8,70,1.0,12.4,197,3.625409138561936,11.858178973941639
2015-08-14 11:00:00,27.3,76,0.5,13.5,196,3.7211043035294886,12.977032895167305
2015-08-14 12:00:00,26.7,80,0.3,12.6,200,4.309453805903427,11.840127021902445
2015-08-14 13:00:00,27.3,76,1.9,11.3,207,5.1300926470568795,10.068373723328557
2015-08-14 14:00:00,26.4,82,2.1,11.9,215,6.8255595925774495,9.747909327039002
2015-08-14 15:00:00,26.5,82,1.4,9.9,199,3.223124729125852,9.360633898433235
2015-08-14 16:00:00,26.4,82,0.9,9.0,182,0.31409547032250973,8.994517443171862
2015-08-14 17:00:00,26.4,82,1.4,10.2,198,3.151973342624464,9.700776466210565
2015-08-14 18:00:00,25.1,89,1.2,9.3,196,2.5634274090980926,8.939733772226367
2015-08-14 19:00:00,24.3,91,0.8,8.0,175,-0.6972459419812659,7.969557584733964
2015-08-14 20:00:00,24.0,90,0.5,8.0,175,-0.6972459419812659,7.969557584733964
2015-08-14 21:00:00,23.4,92,1.1,8.3,182,0.289665822630759,8.294943864258496
2015-08-14 22:00:00,23.1,91,1.5,8.6,182,0.3001356716415093,8.594761112364223
2015-08-14 23:00:00,22.9,90,2.2,7.3,169,-1.392905666248777,7.165878439167947
2015-08-15 00:00:00,22.8,90,1.9,6.3,149,-3.2447398719333416,5.400153994423308
2015-08-15 01:00:00,22.9,88,1.1,5.6,153,-2.542346798541461,4.98963653545486
2015-08-15 02:00:00,23.6,83,0.8,5.2,164,-1.433314250248395,4.998560818879258
2015-08-15 03:00:00,21.9,90,0.5,5.1,176,-0.35575801609503915,5.087576656325103
2015-08-15 04:00:00,21.9,88,1.4,8.0,175,-0.6972459419812659,7.969557584733964
2015-08-15 05:00:00,22.1,85,1.6,8.6,165,-2.2258437878816792,8.306962106085987
2015-08-15 06:00:00,23.4,77,1.2,8.4,155,-3.5499933986218744,7.612985411107861
2015-08-15 07:00:00,23.3,87,1.3,7.3,169,-1.392905666248777,7.165878439167947
2015-08-15 08:00:00,25.3,77,1.3,7.9,183,0.41345405431925736,7.889173324561134
2015-08-15 09:00:00,25.8,78,1.6,8.5,192,1.7672493719509554,8.314254606237347
2015-08-15 10:00:00,26.7,78,0.0,10.1,215,5.793122007145566,8.273435647318816
2015-08-15 11:00:00,27.3,77,0.5,12.5,219,7.866504888122969,9.714324518212136
2015-08-15 12:00:00,26.8,79,2.6,11.2,201,4.013721034907364,10.45610077676866
2015-08-15 13:00:00,26.5,81,1.9,11.5,194,2.782101799396178,11.15840085217396
2015-08-15 14:00:00,26.6,82,0.6,10.1,182,0.3524849166952609,10.093847352892867
2015-08-15 15:00:00,27.5,74,0.0,8.1,193,1.8221035401853058,7.892397524760405
2015-08-15 16:00:00,27.6,75,0.0,8.4,205,3.5499933986218752,7.61298541110786
2015-08-15 17:00:00,27.1,79,0.0,7.8,202,2.9219314286441134,7.232034065620942
2015-08-15 18:00:00,26.2,82,0.0,5.2,192,1.0811407922523493,5.086367523815789
2015-08-15 19:00:00,25.2,85,0.0,6.9,171,-1.0793978087775926,6.815049550106451
2015-08-15 20:00:00,24.1,89,0.0,6.5,161,-2.116193003971518,6.1458707413955596
2015-08-15 21:00:00,23.3,88,0.0,6.3,149,-3.2447398719333416,5.400153994423308
2015-08-15 22:00:00,22.9,88,0.0,5.8,150,-2.8999999999999986,5.022947341949744
2015-08-15 23:00:00,22.5,87,0.0,5.8,158,-2.17271824181229,5.377666356487367
2015-08-16 00:00:00,22.1,85,0.0,6.2,159,-2.2218812871808615,5.788198644282651
2015-08-16 01:00:00,21.7,86,0.0,6.0,155,-2.535709570444196,5.4378467222199
2015-08-16 02:00:00,21.3,86,0.0,5.6,165,-1.4493866525741166,5.4091846272187825
2015-08-16 03:00:00,21.4,90,0.0,5.4,180,3.3065463576978537e-16,5.4
2015-08-16 04:00:00,22.0,85,0.0,6.9,171,-1.0793978087775926,6.815049550106451
2015-08-16 05:00:00,22.8,78,0.0,8.7,163,-2.5436338310878086,8.31985137687841
2015-08-16 06:00:00,23.7,72,0.0,7.9,156,-3.213219480298822,7.217009115376547
2015-08-16 07:00:00,24.2,78,2.2,6.0,163,-1.75423022833642,5.737828535778213
2015-08-16 08:00:00,25.6,70,0.7000000000000001,10.0,193,2.249510543438649,9.743700647852352
2015-08-16 09:00:00,26.0,73,0.6,11.8,203,4.61062731617343,10.861957270738797
2015-08-16 10:00:00,27.0,72,0.8,9.9,213,5.391926446648768,8.302838622659698
2015-08-16 11:00:00,27.6,71,4.2,8.8,215,5.0474726398892065,7.208537989743128
2015-08-16 12:00:00,27.6,73,2.9,8.9,227,6.509047944410617,6.069785404556237
2015-08-16 13:00:00,26.1,84,2.3,8.3,214,4.641301098807199,6.881011852206847
2015-08-16 14:00:00,26.7,81,1.3,5.4,176,-0.3766849582182768,5.386845871403051
2015-08-16 15:00:00,25.2,88,1.5,4.4,145,-2.5237363199446032,3.6042689948715636
2015-08-16 16:00:00,25.3,87,1.2,4.7,122,-3.9858260519352022,2.490620541896063
2015-08-16 17:00:00,25.3,85,1.0,6.3,121,-5.400153994423307,3.2447398719333425
2015-08-16 18:00:00,24.7,86,0.6,4.3,114,-3.9282454678631833,1.7489675652259418
2015-08-16 19:00:00,24.0,88,1.2,5.0,120,-4.330127018922194,2.4999999999999996
2015-08-16 20:00:00,23.6,87,0.2,5.3,118,-4.679622242152313,2.4881992827652204
2015-08-16 21:00:00,23.4,85,0.2,6.3,121,-5.400153994423307,3.2447398719333425
2015-08-16 22:00:00,23.2,85,0.0,4.1,142,-2.524212048835199,3.23084408978756
2015-08-16 23:00:00,22.6,88,0.0,3.7,151,-1.793795594911447,3.236092916415765
2015-08-17 00:00:00,21.9,90,0.0,4.2,149,-2.163159914622228,3.600102662948872
2015-08-17 01:00:00,21.6,88,0.0,4.1,165,-1.0611580849203355,3.96029588778518
2015-08-17 02:00:00,21.4,87,0.0,4.1,165,-1.0611580849203355,3.96029588778518
2015-08-17 03:00:00,21.5,86,0.0,4.5,166,-1.088648530198505,4.366330768241984
2015-08-17 04:00:00,21.4,84,0.0,4.3,156,-1.748967565225941,3.9282454678631837
2015-08-17 05:00:00,21.1,84,0.0,4.2,149,-2.163159914622228,3.600102662948872
2015-08-17 06:00:00,21.0,86,0.0,3.9,146,-2.180852323535912,3.233246532964663
2015-08-17 07:00:00,22.9,89,0.0,4.7,148,-2.4906205418960625,3.9858260519352027
2015-08-17 08:00:00,26.5,71,0.4,5.4,180,3.3065463576978537e-16,5.4
2015-08-17 09:00:00,27.4,64,0.0,8.5,208,3.9905082836800725,7.505054539300878
2015-08-17 10:00:00,28.1,64,0.3,7.2,217,4.333068166694749,5.750175672340508
2015-08-17 11:00:00,28.4,65,2.3,6.9,231,5.3623071340531,4.342310698243878
2015-08-17 12:00:00,28.3,69,0.6,6.4,223,4.36478950439999,4.6806636903626915
2015-08-17 13:00:00,28.3,71,0.0,5.7,235,4.669166652447253,3.2693856872009626
2015-08-17 14:00:00,28.3,72,0.1,5.9,232,4.64926344627966,3.6324027044213842
2015-08-17 15:00:00,28.3,70,3.0,5.9,218,3.6324027044213842,4.64926344627966
2015-08-17 16:00:00,27.6,76,1.7000000000000002,6.0,213,3.2678342100901627,5.032023407672544
2015-08-17 17:00:00,26.8,81,0.0,4.2,200,1.436484601967809,3.9467090073008153
2015-08-17 18:00:00,26.3,84,0.0,2.3,162,-0.7107390870623789,2.187429987478853
2015-08-17 19:00:00,25.5,87,0.0,4.3,138,-2.8772616073430903,3.195522749552795
2015-08-17 20:00:00,24.5,90,0.0,2.4,153,-1.089577199374912,2.138415658052083
2015-08-17 21:00:00,23.5,90,0.0,3.3,131,-2.4905416147351476,2.1649947956686737
2015-08-17 22:00:00,22.7,91,0.0,3.4,122,-2.883363526931848,1.8017254983928965
2015-08-17 23:00:00,22.2,92,0.0,3.6,135,-2.545584412271571,2.5455844122715714
2015-08-18 00:00:00,21.9,92,0.0,3.3,139,-2.1649947956686737,2.490541614735148
2015-08-18 01:00:00,22.0,90,0.0,4.3,132,-3.195522749552794,2.8772616073430908
2015-08-18 02:00:00,21.7,88,0.0,3.8,131,-2.8678964048465336,2.4930243101639276
2015-08-18 03:00:00,21.3,91,0.0,4.1,135,-2.8991378028648445,2.899137802864845
2015-08-18 04:00:00,21.2,90,0.0,4.8,132,-3.567095162291491,3.21182691052252
2015-08-18 05:00:00,21.1,89,0.0,4.3,132,-3.195522749552794,2.8772616073430908
2015-08-18 06:00:00,21.1,89,0.0,4.4,125,-3.6042689948715645,2.5237363199446023
2015-08-18 07:00:00,22.6,92,0.0,2.6,146,-1.4539015490239415,2.1554976886431088
2015-08-18 08:00:00,26.1,74,0.0,2.9,180,1.7757378587636622e-16,2.9
2015-08-18 09:00:00,26.9,70,0.0,3.4,212,1.8017254983928965,2.883363526931848
2015-08-18 10:00:00,27.7,69,0.4,3.3,221,2.1649947956686737,2.4905416147351476
2015-08-18 11:00:00,28.3,67,1.3,4.0,243,3.5640260967534716,1.815961998958187
2015-08-18 12:00:00,29.2,65,0.7000000000000001,4.2,250,3.9467090073008158,1.4364846019678086
2015-08-18 13:00:00,28.7,69,2.2,3.6,264,3.580278823325784,0.37630246776355253
2015-08-18 14:00:00,27.6,74,3.3,4.7,266,4.688551036221174,0.3278554265973889
2015-08-18 15:00:00,27.7,75,2.4,4.7,274,4.688551036221174,-0.3278554265973889
2015-08-18 16:00:00,27.1,78,1.4,3.2,243,2.8512208774027776,1.4527695991665497
2015-08-18 17:00:00,26.6,81,0.1,1.8,281,1.7669289302057951,-0.34345619167778063
2015-08-18 18:00:00,26.0,84,0.0,1.8,360,1.1021821192326179e-16,-1.8
2015-08-18 19:00:00,25.1,90,0.0,3.7,79,-3.632020578756357,-0.7059932828932155
2015-08-18 20:00:00,24.3,90,0.0,5.4,98,-5.34744757120448,0.7515347451843528
2015-08-18 21:00:00,23.4,91,0.0,4.0,117,-3.564026096753471,1.8159619989581874
2015-08-18 22:00:00,23.0,92,0.0,2.9,120,-2.511473670974872,1.4499999999999997
2015-08-18 23:00:00,22.9,90,0.0,2.1,149,-1.081579957311114,1.800051331474436
2015-08-19 00:00:00,22.2,92,0.0,2.8,140,-1.7998053071223101,2.1449244407331385
2015-08-19 01:00:00,21.8,92,0.0,2.3,108,-2.1874299874788528,0.7107390870623792
2015-08-19 02:00:00,21.6,92,0.0,2.9,97,-2.8783838397598336,0.35342109587492787
2015-08-19 03:00:00,22.0,91,0.0,2.2,90,-2.2,2.6942229581241775e-16
2015-08-19 04:00:00,22.0,90,0.0,2.2,90,-2.2,2.6942229581241775e-16
2015-08-19 05:00:00,21.8,90,0.0,1.8,101,-1.7669289302057951,0.34345619167778096
2015-08-19 06:00:00,21.6,90,0.0,2.8,130,-2.144924440733138,1.7998053071223103
2015-08-19 07:00:00,23.6,88,0.0,3.6,143,-2.1665340833473743,2.8750878361702537
2015-08-19 08:00:00,25.3,86,0.0,1.6,207,0.726384799583275,1.4256104387013886
2015-08-19 09:00:00,26.4,84,0.0,3.6,276,3.580278823325784,-0.37630246776355253
2015-08-19 10:00:00,27.1,80,0.3,6.5,276,6.4643923198937765,-0.6794350112397476
2015-08-19 11:00:00,27.0,82,0.7000000000000001,6.5,276,6.4643923198937765,-0.6794350112397476
2015-08-19 12:00:00,27.0,85,1.3,5.2,282,5.08636752381579,-1.0811407922523486
2015-08-19 13:00:00,27.4,82,2.4,5.8,300,5.022947341949744,-2.8999999999999995
2015-08-19 14:00:00,27.2,85,2.3,7.0,291,6.535062985480412,-2.5085756468171017
2015-08-19 15:00:00,26.7,82,5.5,5.6,315,3.9597979746446663,-3.9597979746446654
2015-08-19 16:00:00,26.1,85,5.6,3.9,338,1.4609657143220567,-3.616017032810471
2015-08-19 17:00:00,25.8,87,1.4,3.6,354,0.3763024677635525,-3.580278823325784
2015-08-19 18:00:00,25.6,87,0.3,2.4,27,-1.0895771993749126,-2.138415658052083
2015-08-19 19:00:00,25.2,91,0.0,1.8,37,-1.083267041673687,-1.437543918085127
2015-08-19 20:00:00,24.6,92,0.0,1.0,225,0.7071067811865476,0.7071067811865475
2015-08-19 21:00:00,23.6,94,0.0,0.7000000000000001,180,4.2862637970157366e-17,0.7000000000000001
2015-08-19 22:00:00,23.3,95,0.0,1.1,108,-1.0461621679246689,0.3399186938124423
2015-08-19 23:00:00,22.8,97,0.0,2.2,81,-2.1729143493093033,-0.3441558230885076
2015-08-20 00:00:00,22.5,97,0.0,2.9,90,-2.9,3.5514757175273243e-16
2015-08-20 01:00:00,22.4,96,0.0,2.9,97,-2.8783838397598336,0.35342109587492787
2015-08-20 02:00:00,22.5,95,0.0,2.3,108,-2.1874299874788528,0.7107390870623792
2015-08-20 03:00:00,22.2,94,0.0,2.7,113,-2.485363104321589,1.0549740469210394
2015-08-20 04:00:00,22.8,92,0.0,1.9,112,-1.7616493236768958,0.7117525274902332
2015-08-20 05:00:00,22.3,93,0.0,1.8,127,-1.4375439180851273,1.0832670416736867
2015-08-20 06:00:00,22.3,94,0.0,3.3,131,-2.4905416147351476,2.1649947956686737
2015-08-20 07:00:00,24.5,94,0.0,2.7,157,-1.0549740469210394,2.4853631043215887
2015-08-20 08:00:00,25.8,89,0.0,3.4,252,3.233592155403522,1.0506577808748212
2015-08-20 09:00:00,26.9,85,0.0,5.1,274,5.087576656325103,-0.35575801609503904
2015-08-20 10:00:00,27.5,82,0.2,6.3,283,6.1385314081469815,-1.4171916423663495
2015-08-20 11:00:00,28.5,78,0.0,7.3,281,7.165878439167947,-1.392905666248777
2015-08-20 12:00:00,29.0,76,0.3,6.9,279,6.815049550106451,-1.079397808777593
2015-08-20 13:00:00,28.7,76,2.2,7.2,267,7.190132650232932,0.37681888494919563
2015-08-20 14:00:00,28.5,78,0.2,6.2,277,6.153786140176196,-0.7555899291119144
2015-08-20 15:00:00,27.8,83,0.2,3.9,292,3.616017032810471,-1.460965714322057
2015-08-20 16:00:00,27.6,83,0.3,3.7,299,3.2360929164157644,-1.7937955949114472
2015-08-20 17:00:00,27.5,82,0.1,3.4,302,2.883363526931848,-1.8017254983928965
2015-08-20 18:00:00,27.1,84,0.0,2.5,278,2.475670171853926,-0.3479327524001636
2015-08-20 19:00:00,25.9,91,0.0,1.8,281,1.7669289302057951,-0.34345619167778063
2015-08-20 20:00:00,24.8,92,0.0,0.4,270,0.4,0.0
2015-08-20 21:00:00,23.9,93,0.3,1.8,143,-1.0832670416736871,1.4375439180851268
2015-08-20 22:00:00,23.9,93,1.0,1.5,135,-1.0606601717798212,1.0606601717798214
2015-08-20 23:00:00,23.7,93,1.1,1.8,101,-1.7669289302057951,0.34345619167778096
2015-08-21 00:00:00,23.6,93,0.3,2.4,117,-2.138415658052083,1.0895771993749124
2015-08-21 01:00:00,23.4,92,0.5,2.6,106,-2.499280409439629,0.716657125124198
2015-08-21 02:00:00,23.7,89,0.1,2.5,90,-2.5,3.061616997868383e-16
2015-08-21 03:00:00,23.7,90,0.7000000000000001,2.5,98,-2.475670171853926,0.3479327524001633
2015-08-21 04:00:00,23.3,90,0.6,1.1,108,-1.0461621679246689,0.3399186938124423
2015-08-21 05:00:00,22.7,93,0.9,1.8,127,-1.4375439180851273,1.0832670416736867
2015-08-21 06:00:00,22.6,93,1.3,2.6,106,-2.499280409439629,0.716657125124198
2015-08-21 07:00:00,24.5,89,1.4,1.6,117,-1.4256104387013886,0.7263847995832751
2015-08-21 08:00:00,25.2,85,1.7000000000000002,1.4,270,1.4,0.0
2015-08-21 09:00:00,26.1,79,1.3,3.3,283,3.2154212137912763,-0.7423384793347545
2015-08-21 10:00:00,27.1,78,0.2,6.0,295,5.437846722219899,-2.5357095704441965
2015-08-21 11:00:00,28.5,76,0.0,6.8,288,6.467184310807044,-2.1013155617496424
2015-08-21 12:00:00,28.8,76,0.0,7.1,285,6.858073366652385,-1.8376152202278973
2015-08-21 13:00:00,29.1,78,0.0,6.3,294,5.755336383148386,-2.5624408513775414
2015-08-21 14:00:00,29.3,77,0.2,6.6,299,5.772490067120011,-3.1997434936258244
2015-08-21 15:00:00,28.9,81,5.8,4.6,309,3.5748714227020657,-2.8948737988292517
2015-08-21 16:00:00,28.6,83,2.5,3.6,315,2.5455844122715714,-2.545584412271571
2015-08-21 17:00:00,28.5,83,0.2,2.8,310,2.1449244407331385,-1.7998053071223097
2015-08-21 18:00:00,27.9,87,0.0,3.6,233,2.875087836170254,2.166534083347374
2015-08-21 19:00:00,26.7,91,3.0,1.8,217,1.0832670416736871,1.437543918085127
2015-08-21 20:00:00,25.4,94,1.1,3.5,204,1.4235782507653008,3.197409101749103
2015-08-21 21:00:00,24.9,94,1.2,3.4,162,-1.050657780874821,3.2335921554035223
2015-08-21 22:00:00,24.3,93,1.9,3.4,148,-1.8017254983928963,2.8833635269318485
2015-08-21 23:00:00,23.9,93,1.5,3.6,135,-2.545584412271571,2.5455844122715714
2015-08-22 00:00:00,23.5,92,0.8,3.1,126,-2.507952682562337,1.822134282106667
2015-08-22 01:00:00,23.5,90,0.0,3.3,131,-2.4905416147351476,2.1649947956686737
2015-08-22 02:00:00,23.6,87,0.0,3.8,131,-2.8678964048465336,2.4930243101639276
2015-08-22 03:00:00,23.6,90,0.0,3.6,127,-2.8750878361702545,2.1665340833473734
2015-08-22 04:00:00,23.3,90,0.0,4.2,121,-3.6001026629488715,2.1631599146222285
2015-08-22 05:00:00,23.6,89,0.0,3.7,119,-3.2360929164157644,1.7937955949114477
2015-08-22 06:00:00,24.0,86,0.0,4.6,135,-3.252691193458118,3.2526911934581184
2015-08-22 07:00:00,24.9,88,0.0,2.8,130,-2.144924440733138,1.7998053071223103
2015-08-22 08:00:00,27.4,74,0.0,3.6,225,2.5455844122715714,2.545584412271571
2015-08-22 09:00:00,27.8,74,0.0,4.7,238,3.9858260519352022,2.490620541896063
2015-08-22 10:00:00,28.2,75,0.0,5.5,259,5.3989495089621515,1.0494494745709964
2015-08-22 11:00:00,29.1,74,0.0,5.8,270,5.8,0.0
2015-08-22 12:00:00,29.5,74,0.0,6.4,286,6.1520748540052415,-1.7640790772287946
2015-08-22 13:00:00,29.7,73,0.3,6.3,294,5.755336383148386,-2.5624408513775414
2015-08-22 14:00:00,28.9,76,1.8,4.6,315,3.2526911934581184,-3.252691193458118
2015-08-22 15:00:00,28.9,76,3.5,5.7,325,3.269385687200963,-4.669166652447253
2015-08-22 16:00:00,28.8,78,2.1,3.9,304,3.2332465329646625,-2.180852323535913
2015-08-22 17:00:00,28.4,79,0.7000000000000001,0.4,180,2.4492935982947065e-17,0.4
2015-08-22 18:00:00,27.8,83,0.0,3.9,236,3.2332465329646625,2.180852323535913
2015-08-22 19:00:00,26.9,86,0.0,5.6,207,2.542346798541462,4.989636535454859
2015-08-22 20:00:00,26.3,89,0.0,5.2,214,2.9078030980478835,4.3109953772862175
2015-08-22 21:00:00,25.7,91,1.6,5.3,208,2.4881992827652213,4.679622242152313
2015-08-22 22:00:00,25.3,92,0.9,5.1,176,-0.35575801609503915,5.087576656325103
2015-08-22 23:00:00,24.8,93,1.2,5.8,173,-0.7068421917498547,5.756767679519668
2015-08-23 00:00:00,24.4,94,1.0,7.6,177,-0.3977532674463732,7.589584464134761
2015-08-23 01:00:00,24.1,95,0.1,6.3,193,1.4171916423663489,6.1385314081469815
2015-08-23 02:00:00,24.6,91,0.0,4.4,189,0.6883116461770161,4.3458286986186065
2015-08-23 03:00:00,23.7,96,0.0,3.2,207,1.45276959916655,2.851220877402777
2015-08-23 04:00:00,23.5,96,0.0,4.4,189,0.6883116461770161,4.3458286986186065
2015-08-23 05:00:00,23.5,96,0.0,3.2,180,1.9594348786357652e-16,3.2
2015-08-23 06:00:00,23.5,96,0.0,4.1,165,-1.0611580849203355,3.96029588778518
2015-08-23 07:00:00,24.5,95,0.0,2.9,210,1.4500000000000002,2.5114736709748717
2015-08-23 08:00:00,25.8,88,0.0,2.1,239,1.800051331474436,1.0815799573111138
2015-08-23 09:00:00,27.1,81,0.0,3.4,328,1.8017254983928965,-2.883363526931848
2015-08-23 10:00:00,27.9,78,0.0,7.9,3,-0.41345405431926,-7.889173324561134
2015-08-23 11:00:00,28.0,78,0.2,12.2,2,-0.42577385977050924,-12.192568089632967
2015-08-23 12:00:00,27.7,80,0.3,18.0,358,0.6281909406450195,-17.989034886343724
2015-08-23 13:00:00,27.1,82,0.3,18.9,352,2.630371608145237,-18.716066499215678
2015-08-23 14:00:00,26.6,85,0.3,19.5,358,0.6805401856987711,-19.488121126872368
2015-08-23 15:00:00,26.3,85,0.6,18.0,357,0.9420472123729914,-17.975331625582328
2015-08-23 16:00:00,26.0,88,0.1,15.6,352,2.171100374977021,-15.448181872368497
2015-08-23 17:00:00,25.6,89,0.3,12.8,350,2.2226966741367096,-12.605539238556263
2015-08-23 18:00:00,24.7,92,0.6,10.1,343,2.952954217699641,-9.658678035226657
2015-08-23 19:00:00,24.5,93,0.7000000000000001,10.2,350,1.77121141220269,-10.045039080724521
2015-08-23 20:00:00,24.4,93,1.2,9.4,360,5.755839955992561e-16,-9.4
2015-08-23 21:00:00,24.2,94,0.4,7.2,357,0.3768188849491966,-7.190132650232932
2015-08-23 22:00:00,24.2,94,0.3,7.2,360,4.4087284769304716e-16,-7.2
2015-08-23 23:00:00,24.2,94,0.5,4.7,9,-0.7352419856890859,-4.6421352007971475
2015-08-24 00:00:00,23.8,98,0.6,4.9,343,1.4326213531414103,-4.685893304218874
2015-08-24 01:00:00,23.7,97,2.6,4.4,351,0.6883116461770161,-4.3458286986186065
2015-08-24 02:00:00,23.3,97,2.3,2.8,310,2.1449244407331385,-1.7998053071223097
2015-08-24 03:00:00,23.4,92,0.6,3.1,291,2.8940993221413254,-1.1109406435904308
2015-08-24 04:00:00,23.5,92,0.3,1.6,243,1.4256104387013888,0.7263847995832748
2015-08-24 05:00:00,23.5,92,0.4,2.9,187,0.3534210958749277,2.8783838397598336
2015-08-24 06:00:00,23.5,92,0.5,4.0,185,0.34862297099063255,3.984778792366982
2015-08-24 07:00:00,23.7,91,0.2,4.3,204,1.7489675652259409,3.9282454678631837
2015-08-24 08:00:00,24.3,89,0.1,4.0,175,-0.34862297099063294,3.984778792366982
2015-08-24 09:00:00,25.9,80,0.6,2.2,180,1.3471114790620887e-16,2.2
2015-08-24 10:00:00,26.9,74,1.0,3.2,207,1.45276959916655,2.851220877402777
2015-08-24 11:00:00,27.3,73,0.4,6.6,202,2.4724035165450187,6.1194134401407965
2015-08-24 12:00:00,27.4,72,0.3,6.5,180,3.9801020972288977e-16,6.5
2015-08-24 13:00:00,27.2,77,0.4,7.6,180,4.653657836759942e-16,7.6
2015-08-24 14:00:00,27.7,75,0.3,7.9,183,0.41345405431925736,7.889173324561134
2015-08-24 15:00:00,27.5,75,0.1,8.4,190,1.4586446924022156,8.272385125302547
2015-08-24 16:00:00,27.6,76,0.0,8.5,192,1.7672493719509554,8.314254606237347
2015-08-24 17:00:00,27.4,78,0.3,8.2,209,3.975438886019964,7.171881598543044
2015-08-24 18:00:00,26.5,82,0.2,6.6,193,1.4846769586695083,6.430842427582553
2015-08-24 19:00:00,25.3,88,0.0,7.7,169,-1.469229264399395,7.558529312547013
2015-08-24 20:00:00,24.3,91,0.0,8.4,160,-2.872969203935617,7.8934180146016315
2015-08-24 21:00:00,23.9,92,0.0,8.2,165,-2.122316169840671,7.92059177557036
2015-08-24 22:00:00,23.4,92,0.0,8.6,165,-2.2258437878816792,8.306962106085987
2015-08-24 23:00:00,23.2,91,0.0,8.2,165,-2.122316169840671,7.92059177557036
2015-08-25 00:00:00,23.1,90,0.1,8.2,165,-2.122316169840671,7.92059177557036
2015-08-25 01:00:00,23.1,88,0.3,9.0,164,-2.4807362023529915,8.65135526344487
2015-08-25 02:00:00,22.5,90,0.3,8.7,156,-3.538608794759462,7.947845481490627
2015-08-25 03:00:00,22.6,86,0.0,7.2,153,-3.2687315981247362,6.415246974156249
2015-08-25 04:00:00,24.1,78,0.0,6.0,155,-2.535709570444196,5.4378467222199
2015-08-25 05:00:00,23.2,83,0.0,5.7,145,-3.269385687200963,4.669166652447252
2015-08-25 06:00:00,22.1,87,0.2,7.2,153,-3.2687315981247362,6.415246974156249
2015-08-25 07:00:00,23.9,88,0.2,7.4,166,-1.7902220274375418,7.180188374442374
2015-08-25 08:00:00,25.7,78,0.2,8.3,175,-0.7233926648055634,8.268415994161488
2015-08-25 09:00:00,26.4,78,0.2,9.0,180,5.51091059616309e-16,9.0
2015-08-25 10:00:00,26.9,79,0.0,8.6,195,2.2258437878816784,8.306962106085987
2015-08-25 11:00:00,27.9,78,0.0,10.5,196,2.8941922360784913,10.093247807352348
2015-08-25 12:00:00,28.1,81,0.2,11.8,203,4.61062731617343,10.861957270738797
2015-08-25 13:00:00,27.6,82,2.1,11.0,218,6.772276228582241,8.668118289673941
2015-08-25 14:00:00,26.9,81,0.8,13.0,204,5.287576359985403,11.876090949353811
2015-08-25 15:00:00,27.0,80,0.2,11.0,199,3.5812496990287244,10.400704331592484
2015-08-25 16:00:00,26.8,81,0.4,9.3,193,2.092044805397944,9.06164160250269
2015-08-25 17:00:00,26.7,82,0.3,6.5,199,2.116193003971519,6.145870741395559
2015-08-25 18:00:00,26.1,85,0.0,2.6,236,2.1554976886431083,1.453901549023942
2015-08-25 19:00:00,24.8,93,0.1,6.0,197,1.7542302283364206,5.737828535778212
2015-08-25 20:00:00,24.6,92,0.2,7.2,198,2.224922359499622,6.8476069173251055
2015-08-25 21:00:00,23.7,95,0.0,7.1,195,1.8376152202278973,6.858073366652385
2015-08-25 22:00:00,22.9,96,0.2,7.2,186,0.752604935527105,7.160557646651568
2015-08-25 23:00:00,22.5,97,0.2,7.1,165,-1.837615220227898,6.858073366652385
2015-08-26 00:00:00,22.3,97,0.2,6.8,177,-0.35588450245201814,6.790680836331102
2015-08-26 01:00:00,22.4,96,0.3,7.2,177,-0.3768188849491957,7.190132650232932
2015-08-26 02:00:00,22.3,96,0.5,7.2,174,-0.7526049355271056,7.160557646651568
2015-08-26 03:00:00,22.7,94,0.8,6.9,171,-1.0793978087775926,6.815049550106451
2015-08-26 04:00:00,22.6,93,0.7000000000000001,6.6,167,-1.4846769586695092,6.430842427582553
2015-08-26 05:00:00,22.2,95,0.6,7.7,169,-1.469229264399395,7.558529312547013
2015-08-26 06:00:00,22.5,93,0.1,7.4,166,-1.7902220274375418,7.180188374442374
2015-08-26 07:00:00,23.7,92,0.3,6.4,164,-1.764079077228794,6.1520748540052415
2015-08-26 08:00:00,24.7,88,1.0,5.8,202,2.1727182418122895,5.377666356487367
2015-08-26 09:00:00,24.8,88,0.9,6.0,213,3.2678342100901627,5.032023407672544
2015-08-26 10:00:00,25.0,89,1.0,7.4,227,5.412017391981862,5.046787864462489
2015-08-26 11:00:00,25.7,87,1.5,11.5,229,8.679160172561879,7.544678833390834
2015-08-26 12:00:00,25.5,88,2.0,10.3,216,6.054188098612474,8.332875042061959
2015-08-26 13:00:00,24.5,92,2.3,10.4,214,5.815606196095767,8.621990754572435
2015-08-26 14:00:00,24.4,92,1.8,10.1,215,5.793122007145566,8.273435647318816
2015-08-26 15:00:00,24.9,89,1.1,8.1,212,4.29234604028896,6.86918957886705
2015-08-26 16:00:00,25.3,86,1.8,7.4,203,2.8914103508206255,6.811735915548059
2015-08-26 17:00:00,24.8,90,3.0,7.0,215,4.015035054457323,5.7340643100229425
2015-08-26 18:00:00,24.2,93,3.3,3.8,229,2.8678964048465336,2.4930243101639276
2015-08-26 19:00:00,23.3,97,3.7,6.3,204,2.5624408513775414,5.755336383148386
2015-08-26 20:00:00,22.9,97,1.6,7.0,201,2.5085756468171025,6.535062985480412
2015-08-26 21:00:00,23.2,94,1.8,5.4,188,0.7515347451843536,5.34744757120448
2015-08-26 22:00:00,23.4,92,1.3,5.4,180,3.3065463576978537e-16,5.4
2015-08-26 23:00:00,22.5,95,1.3,7.2,183,0.3768188849491966,7.190132650232932
2015-08-27 00:00:00,22.2,96,1.5,6.8,177,-0.35588450245201814,6.790680836331102
2015-08-27 01:00:00,22.4,96,1.6,7.3,191,1.3929056662487778,7.165878439167947
2015-08-27 02:00:00,22.5,96,1.5,9.4,184,0.6557108531947772,9.377102072442348
2015-08-27 03:00:00,23.3,93,1.8,9.0,185,0.7844016847289232,8.96575228282571
2015-08-27 04:00:00,22.8,94,1.4,9.1,187,1.1090110249868421,9.032169979936029
2015-08-27 05:00:00,22.4,96,1.4,8.7,185,0.7582549619046257,8.666893873398186
2015-08-27 06:00:00,23.0,94,1.5,5.5,148,-2.914555953282626,4.664264528860343
2015-08-27 07:00:00,22.8,95,1.3,3.7,151,-1.793795594911447,3.236092916415765
2015-08-27 08:00:00,23.5,95,1.0,5.1,176,-0.35575801609503915,5.087576656325103
2015-08-27 09:00:00,24.0,92,2.2,6.4,207,2.9055391983331,5.702441754805554
2015-08-27 10:00:00,24.4,93,2.1,11.5,212,6.094071538681856,9.7525531057989
2015-08-27 11:00:00,24.8,93,2.0,11.0,212,5.829111906565254,9.328529057720685
2015-08-27 12:00:00,25.0,91,2.0,11.6,206,5.085105302753298,10.426010937070338
2015-08-27 13:00:00,24.9,91,1.5,13.1,196,3.610849361202689,12.592528216791978
2015-08-27 14:00:00,25.3,89,1.4,13.7,203,5.353016460303049,12.610916492298433
2015-08-27 15:00:00,24.6,91,0.8,11.1,205,4.691062705321763,10.060016436106814
2015-08-27 16:00:00,24.3,92,1.4,10.3,192,2.1414904154229224,10.074920287558198
2015-08-27 17:00:00,23.8,94,1.9,8.3,182,0.289665822630759,8.294943864258496
2015-08-27 18:00:00,23.6,94,2.1,6.7,196,1.8467702839738944,6.440453362786736
2015-08-27 19:00:00,22.9,96,0.9,7.4,166,-1.7902220274375418,7.180188374442374
2015-08-27 20:00:00,23.2,93,0.3,8.9,166,-2.1531048708370433,8.635631963856369
2015-08-27 21:00:00,23.2,90,0.0,9.3,167,-2.092044805397945,9.06164160250269
2015-08-27 22:00:00,23.5,87,0.0,8.9,159,-3.1894747509531727,8.308865795825096
2015-08-27 23:00:00,23.1,87,0.0,8.4,155,-3.5499933986218744,7.612985411107861
2015-08-28 00:00:00,23.5,84,0.2,8.6,158,-3.2216167033768435,7.973781149274371
2015-08-28 01:00:00,23.5,83,0.5,6.4,153,-2.905539198333099,5.702441754805555
2015-08-28 02:00:00,22.9,85,0.3,6.3,156,-2.5624408513775414,5.755336383148386
2015-08-28 03:00:00,23.1,80,0.0,9.1,171,-1.4235536318661004,8.987963899415753
2015-08-28 04:00:00,24.0,74,0.0,10.1,176,-0.7045403848156658,10.075396907624224
2015-08-28 05:00:00,23.7,77,0.0,8.3,175,-0.7233926648055634,8.268415994161488
2015-08-28 06:00:00,23.7,77,0.0,7.2,153,-3.2687315981247362,6.415246974156249
2015-08-28 07:00:00,24.0,77,0.0,6.9,171,-1.0793978087775926,6.815049550106451
2015-08-28 08:00:00,24.3,81,0.2,8.8,192,1.8296228791962834,8.60769888645749
2015-08-28 09:00:00,24.8,82,0.3,10.7,200,3.659615533584656,10.054711042409219
2015-08-28 10:00:00,25.0,83,0.6,11.6,206,5.085105302753298,10.426010937070338
2015-08-28 11:00:00,25.2,85,0.7000000000000001,13.8,200,4.71987797789423,12.967758166845535
2015-08-28 12:00:00,26.1,82,1.2,14.1,199,4.59051097784591,13.331811915950366
2015-08-28 13:00:00,25.6,86,3.2,12.9,207,5.856477446640154,11.493984162029944
2015-08-28 14:00:00,24.8,91,2.9,11.5,200,3.9332316482451914,10.806465139037945
2015-08-28 15:00:00,24.9,89,0.8,11.2,195,2.8987733051482323,10.818369254437565
2015-08-28 16:00:00,25.0,89,1.8,11.4,198,3.522793735874401,10.84204428576475
2015-08-28 17:00:00,24.4,90,2.5,10.0,193,2.249510543438649,9.743700647852352
2015-08-28 18:00:00,23.8,90,2.7,9.0,180,5.51091059616309e-16,9.0
2015-08-28 19:00:00,23.2,91,3.0,8.7,187,1.060263287624783,8.6351515192795
2015-08-28 20:00:00,22.9,91,2.6,9.4,176,-0.6557108531947782,9.377102072442348
2015-08-28 21:00:00,22.5,91,1.4,10.1,178,-0.3524849166952596,10.093847352892867
2015-08-28 22:00:00,22.4,90,0.7000000000000001,10.1,184,0.7045403848156648,10.075396907624224
2015-08-28 23:00:00,22.4,88,1.8,9.4,178,-0.328055269003509,9.394273773979501
2015-08-29 00:00:00,22.2,88,0.7000000000000001,10.6,170,-1.8406706832694613,10.438962181929405
2015-08-29 01:00:00,21.9,89,1.0,11.2,178,-0.39087436306801066,11.193177262613872
2015-08-29 02:00:00,22.0,89,1.3,11.4,169,-2.175222547292611,11.19054989130337
2015-08-29 03:00:00,21.8,89,2.8,10.6,156,-4.3114084166034825,9.683581851011569
2015-08-29 04:00:00,21.9,87,2.6,11.2,159,-4.013721034907363,10.45610077676866
2015-08-29 05:00:00,21.5,88,2.2,12.2,166,-2.951447126315947,11.837607860567156
2015-08-29 06:00:00,21.6,87,2.1,9.8,156,-3.986019102142843,8.95274548489749
2015-08-29 07:00:00,22.0,88,1.9,10.3,155,-4.352968095929203,9.334970206477497
2015-08-29 08:00:00,23.7,83,1.7000000000000002,12.4,163,-3.6254091385619347,11.85817897394164
2015-08-29 09:00:00,25.0,81,1.7000000000000002,11.9,175,-1.037153338697133,11.854716907291772
2015-08-29 10:00:00,25.3,82,2.5,11.7,198,3.615498834186885,11.127361240653295
2015-08-29 11:00:00,25.4,84,4.1,10.7,192,2.224655091750026,10.46617932785172
2015-08-29 12:00:00,24.9,84,4.3,11.9,185,1.0371533386971319,11.854716907291772
2015-08-29 13:00:00,24.2,85,4.8,13.1,189,2.049291492027025,12.938717261796304
2015-08-29 14:00:00,24.0,85,4.7,14.8,181,0.2582956152717973,14.79774588831459
2015-08-29 15:00:00,24.4,84,1.5,14.5,174,-1.5156627173809765,14.420567482839962
2015-08-29 16:00:00,24.4,82,1.4,14.5,187,1.7671054793746386,14.391919198799169
2015-08-29 17:00:00,23.7,83,2.0,12.0,189,1.877213580482771,11.852260087141653
2015-08-29 18:00:00,23.1,85,2.2,8.3,182,0.289665822630759,8.294943864258496
2015-08-29 19:00:00,22.4,88,3.7,8.3,175,-0.7233926648055634,8.268415994161488
2015-08-29 20:00:00,22.2,89,3.6,10.0,165,-2.5881904510252083,9.659258262890683
2015-08-29 21:00:00,22.4,87,3.0,10.5,164,-2.89419223607849,10.093247807352348
2015-08-29 22:00:00,22.6,86,2.0,9.3,152,-4.366085533908786,8.21141261358802
2015-08-29 23:00:00,22.2,88,1.9,8.5,144,-4.996174644486021,6.876644452187053
2015-08-30 00:00:00,22.0,88,2.1,7.7,143,-4.633975678270772,6.149493427364154
2015-08-30 01:00:00,21.8,89,2.3,6.9,141,-4.342310698243877,5.3623071340531006
2015-08-30 02:00:00,21.5,90,2.6,6.4,142,-3.9402334420842133,5.043268823083022
2015-08-30 03:00:00,21.5,89,0.7000000000000001,5.0,150,-2.499999999999999,4.330127018922194
2015-08-30 04:00:00,21.0,90,1.0,4.3,156,-1.748967565225941,3.9282454678631837
2015-08-30 05:00:00,20.8,90,1.0,5.0,159,-1.7918397477265013,4.667902132486009
2015-08-30 06:00:00,20.6,91,1.0,5.0,150,-2.499999999999999,4.330127018922194
2015-08-30 07:00:00,20.9,91,0.5,5.4,143,-3.2498011250210617,4.312631754255381
2015-08-30 08:00:00,22.7,91,0.7000000000000001,5.6,140,-3.5996106142446203,4.289848881466277
2015-08-30 09:00:00,25.0,77,0.2,5.8,176,-0.4045875477159269,5.78587149150698
2015-08-30 10:00:00,25.0,81,0.7000000000000001,9.4,198,2.904759747124506,8.939931253174443
2015-08-30 11:00:00,25.1,86,1.0,9.5,205,4.014873486536644,8.609923976848174
2015-08-30 12:00:00,25.4,86,1.1,12.4,202,4.645121758357308,11.497079796628164
2015-08-30 13:00:00,25.5,87,1.3,12.6,193,2.8343832847326977,12.277062816293963
2015-08-30 14:00:00,24.9,90,1.3,13.7,185,1.1940336756429164,13.647867363856914
2015-08-30 15:00:00,24.9,88,1.1,9.6,160,-3.2833933759264196,9.02104915954472
2015-08-30 16:00:00,25.0,86,1.2,10.4,166,-2.515987714236545,10.091075553270363
2015-08-30 17:00:00,24.5,87,1.0,8.3,175,-0.7233926648055634,8.268415994161488
2015-08-30 18:00:00,23.7,90,1.2,5.2,155,-2.1976149610516367,4.71280049259058
2015-08-30 19:00:00,23.3,88,0.9,5.3,152,-2.4881992827652217,4.679622242152313
2015-08-30 20:00:00,22.8,88,0.4,4.3,156,-1.748967565225941,3.9282454678631837
2015-08-30 21:00:00,22.2,90,0.2,3.7,151,-1.793795594911447,3.236092916415765
2015-08-30 22:00:00,21.7,91,0.0,3.7,169,-0.7059932828932158,3.632020578756357
2015-08-30 23:00:00,21.6,89,0.1,3.5,156,-1.423578250765301,3.197409101749103
2015-08-31 00:00:00,21.5,88,0.2,3.2,153,-1.4527695991665495,2.8512208774027776
2015-08-31 01:00:00,21.1,89,0.2,3.8,163,-1.1110124779463992,3.633958072659535
2015-08-31 02:00:00,20.8,90,0.0,4.8,153,-2.179154398749824,4.276831316104166
2015-08-31 03:00:00,20.3,87,0.0,5.2,155,-2.1976149610516367,4.71280049259058
2015-08-31 04:00:00,20.1,86,0.0,6.0,155,-2.535709570444196,5.4378467222199
2015-08-31 05:00:00,20.6,83,0.0,5.2,155,-2.1976149610516367,4.71280049259058
2015-08-31 06:00:00,21.4,78,0.0,4.5,151,-2.1816432911085166,3.9357886821272814
2015-08-31 07:00:00,22.2,81,0.0,3.4,148,-1.8017254983928963,2.8833635269318485
2015-08-31 08:00:00,24.5,73,0.0,2.7,157,-1.0549740469210394,2.4853631043215887
2015-08-31 09:00:00,25.0,74,0.1,4.7,203,1.8364363038995866,4.32637281122647
2015-08-31 10:00:00,25.4,79,0.2,6.8,205,2.873804179836756,6.162892951849219
2015-08-31 11:00:00,25.8,81,1.3,8.9,212,4.716281451675524,7.547628055792192
2015-08-31 12:00:00,25.5,85,1.4,9.0,209,4.363286582217034,7.871577364254562
2015-08-31 13:00:00,25.9,84,1.2,8.4,200,2.872969203935618,7.893418014601631
2015-08-31 14:00:00,25.1,88,0.7000000000000001,10.5,207,4.766900247265242,9.355568503977862
2015-08-31 15:00:00,24.3,89,1.6,9.1,189,1.4235536318661013,8.987963899415753
2015-08-31 16:00:00,24.5,89,1.2,8.0,188,1.1133848076805237,7.922144549932563
2015-08-31 17:00:00,24.3,92,0.6,4.8,193,1.0797650608505516,4.676976310969129
2015-08-31 18:00:00,24.2,90,0.0,2.3,231,1.7874357113510329,1.4474368994146258
2015-08-31 19:00:00,24.1,89,0.0,2.9,173,-0.35342109587492737,2.878383839759834
2015-08-31 20:00:00,23.6,89,0.0,6.0,163,-1.75423022833642,5.737828535778213
2015-08-31 21:00:00,23.2,89,0.0,5.8,158,-2.17271824181229,5.377666356487367
2015-08-31 22:00:00,22.6,89,0.0,8.3,162,-2.564841053312063,7.893769085249776
2015-08-31 23:00:00,22.1,90,0.6,7.7,143,-4.633975678270772,6.149493427364154
2015-09-01 00:00:00,23.0,85,0.5,5.1,129,-3.963444403430551,3.2095339943541705
2015-09-01 01:00:00,22.5,86,0.2,3.6,143,-2.1665340833473743,2.8750878361702537
2015-09-01 02:00:00,22.0,86,0.2,6.5,161,-2.116193003971518,6.1458707413955596
2015-09-01 03:00:00,22.5,82,0.0,7.6,149,-3.9142893693164122,6.5144714853360535
2015-09-01 04:00:00,21.4,87,0.0,6.1,118,-5.385980316439454,2.863776532993933
2015-09-01 05:00:00,20.9,89,0.0,4.9,126,-3.9641832724372423,2.880147736233119
2015-09-01 06:00:00,20.4,90,0.0,3.5,156,-1.423578250765301,3.197409101749103
2015-09-01 07:00:00,21.4,92,0.0,4.9,163,-1.4326213531414098,4.685893304218874
2015-09-01 08:00:00,25.2,79,0.0,5.9,169,-1.1257730727216144,5.791600382341218
2015-09-01 09:00:00,26.7,71,0.0,6.6,202,2.4724035165450187,6.1194134401407965
2015-09-01 10:00:00,27.3,73,0.0,8.5,216,4.996174644486022,6.876644452187053
2015-09-01 11:00:00,26.7,76,0.8,9.9,224,6.877117867544073,7.121464023352646
2015-09-01 12:00:00,26.0,80,1.8,10.0,232,7.880107536067219,6.156614753256583
2015-09-01 13:00:00,26.2,79,2.2,8.5,242,7.505054539300879,3.990508283680072
2015-09-01 14:00:00,25.7,83,0.5,5.9,232,4.64926344627966,3.6324027044213842
2015-09-01 15:00:00,26.4,80,1.1,5.6,255,5.4091846272187825,1.4493866525741161
2015-09-01 16:00:00,25.8,82,1.6,6.9,231,5.3623071340531,4.342310698243878
2015-09-01 17:00:00,24.9,88,0.2,7.8,236,6.466493065929325,4.361704647071826
2015-09-01 18:00:00,23.9,93,0.5,4.7,157,-1.8364363038995868,4.326372811226469
2015-09-01 19:00:00,23.7,94,0.4,5.4,98,-5.34744757120448,0.7515347451843528
2015-09-01 20:00:00,23.2,94,0.0,3.9,56,-3.233246532964663,-2.180852323535912
2015-09-01 21:00:00,22.7,94,0.0,2.6,74,-2.499280409439629,-0.7166571251241974
2015-09-01 22:00:00,22.1,94,0.0,2.9,83,-2.878383839759834,-0.3534210958749272
2015-09-01 23:00:00,21.5,95,0.0,2.9,97,-2.8783838397598336,0.35342109587492787
2015-09-02 00:00:00,21.2,94,0.0,3.0,104,-2.9108871788279895,0.7257656867990032
2015-09-02 01:00:00,20.8,93,0.0,4.0,117,-3.564026096753471,1.8159619989581874
2015-09-02 02:00:00,20.5,92,0.0,4.2,121,-3.6001026629488715,2.1631599146222285
2015-09-02 03:00:00,19.9,94,0.0,4.7,122,-3.9858260519352022,2.490620541896063
2015-09-02 04:00:00,19.7,93,0.0,4.7,122,-3.9858260519352022,2.490620541896063
2015-09-02 05:00:00,19.3,95,0.0,4.8,117,-4.276831316104166,2.1791543987498248
2015-09-02 06:00:00,19.4,93,0.0,3.7,101,-3.632020578756357,0.7059932828932164
2015-09-02 07:00:00,21.1,94,0.0,4.8,103,-4.6769763109691285,1.079765060850553
2015-09-02 08:00:00,24.3,85,0.0,2.6,106,-2.499280409439629,0.716657125124198
2015-09-02 09:00:00,26.5,72,0.0,1.9,248,1.761649323676896,0.7117525274902328
2015-09-02 10:00:00,27.1,71,0.0,4.2,250,3.9467090073008158,1.4364846019678086
2015-09-02 11:00:00,27.5,73,0.0,5.2,258,5.08636752381579,1.0811407922523486
2015-09-02 12:00:00,27.6,74,0.0,7.3,261,7.210124886344506,1.1419715947936853
2015-09-02 13:00:00,27.5,75,0.2,6.9,261,6.815049550106451,1.079397808777593
2015-09-02 14:00:00,27.6,75,0.6,7.2,267,7.190132650232932,0.37681888494919563
2015-09-02 15:00:00,27.5,74,0.4,5.4,270,5.4,0.0
2015-09-02 16:00:00,27.3,75,0.0,5.1,266,5.087576656325103,0.35575801609503904
2015-09-02 17:00:00,26.4,80,0.9,3.4,252,3.233592155403522,1.0506577808748212
2015-09-02 18:00:00,25.2,85,2.2,2.8,230,2.1449244407331385,1.7998053071223097
2015-09-02 19:00:00,24.4,92,1.5,3.0,104,-2.9108871788279895,0.7257656867990032
2015-09-02 20:00:00,24.7,84,0.4,3.8,49,-2.867896404846534,-2.4930243101639267
2015-09-02 21:00:00,24.6,84,0.3,4.6,39,-2.894873798829254,-3.5748714227020644
2015-09-02 22:00:00,24.6,83,0.0,3.6,45,-2.545584412271572,-2.545584412271571
2015-09-02 23:00:00,24.0,85,0.0,3.3,84,-3.2819222547153015,-0.3449439287832565
2015-09-03 00:00:00,22.9,88,0.0,4.6,108,-4.3748599749577055,1.4214781741247584
2015-09-03 01:00:00,22.3,90,0.0,4.0,117,-3.564026096753471,1.8159619989581874
2015-09-03 02:00:00,21.6,92,0.0,3.3,131,-2.4905416147351476,2.1649947956686737
2015-09-03 03:00:00,22.3,86,0.1,2.7,157,-1.0549740469210394,2.4853631043215887
2015-09-03 04:00:00,22.3,85,0.0,1.6,153,-0.7263847995832747,1.4256104387013888
2015-09-03 05:00:00,21.8,87,0.0,2.2,81,-2.1729143493093033,-0.3441558230885076
2015-09-03 06:00:00,21.4,88,0.0,3.2,63,-2.8512208774027776,-1.4527695991665495
2015-09-03 07:00:00,22.8,91,0.0,4.4,81,-4.3458286986186065,-0.6883116461770152
2015-09-03 08:00:00,25.5,82,0.0,3.3,6,-0.3449439287832561,-3.281922254715302
2015-09-03 09:00:00,26.8,78,0.0,6.1,332,2.863776532993934,-5.385980316439453
2015-09-03 10:00:00,27.6,76,0.0,7.8,326,4.361704647071825,-6.466493065929326
2015-09-03 11:00:00,27.2,78,0.2,8.7,322,5.356254835333226,-6.855693556378481
2015-09-03 12:00:00,27.4,79,1.2,8.6,338,3.2216167033768426,-7.973781149274371
2015-09-03 13:00:00,27.2,77,1.1,8.0,342,2.4721359549995796,-7.608452130361228
2015-09-03 14:00:00,26.9,77,0.5,9.4,2,-0.3280552690035072,-9.394273773979501
2015-09-03 15:00:00,26.5,79,0.0,7.6,5,-0.6623836448822027,-7.571079705497266
2015-09-03 16:00:00,26.6,78,0.0,4.0,355,0.34862297099063255,-3.984778792366982
2015-09-03 17:00:00,26.9,78,0.0,2.3,321,1.447436899414626,-1.7874357113510329
2015-09-03 18:00:00,26.1,85,0.0,4.2,329,2.1631599146222276,-3.600102662948872
2015-09-03 19:00:00,26.0,80,0.0,2.6,34,-1.453901549023941,-2.1554976886431088
2015-09-03 20:00:00,24.2,88,0.0,1.1,18,-0.33991869381244233,-1.0461621679246689
2015-09-03 21:00:00,23.7,90,0.0,1.1,72,-1.046162167924669,-0.33991869381244205
2015-09-03 22:00:00,22.7,92,0.0,3.6,127,-2.8750878361702545,2.1665340833473734
2015-09-03 23:00:00,22.2,92,0.0,4.2,110,-3.9467090073008153,1.4364846019678092
2015-09-04 00:00:00,21.8,93,0.0,3.7,101,-3.632020578756357,0.7059932828932164
2015-09-04 01:00:00,21.6,93,0.0,2.5,98,-2.475670171853926,0.3479327524001633
2015-09-04 02:00:00,20.9,94,0.0,2.3,108,-2.1874299874788528,0.7107390870623792
2015-09-04 03:00:00,21.4,92,0.0,2.6,106,-2.499280409439629,0.716657125124198
2015-09-04 04:00:00,21.2,92,0.0,2.6,106,-2.499280409439629,0.716657125124198
2015-09-04 05:00:00,20.9,92,0.0,2.2,81,-2.1729143493093033,-0.3441558230885076
2015-09-04 06:00:00,20.4,94,0.0,1.6,63,-1.4256104387013888,-0.7263847995832747
2015-09-04 07:00:00,22.1,94,0.0,2.7,67,-2.485363104321589,-1.0549740469210387
2015-09-04 08:00:00,25.8,76,0.0,4.0,360,2.4492935982947064e-16,-4.0
2015-09-04 09:00:00,27.1,73,0.0,6.6,338,2.4724035165450187,-6.1194134401407965
2015-09-04 10:00:00,27.6,71,0.0,8.0,333,3.6319239979163744,-7.128052193506942
2015-09-04 11:00:00,28.0,71,0.0,8.9,328,4.716281451675524,-7.547628055792192
2015-09-04 12:00:00,28.0,73,0.0,9.2,334,4.033014550459512,-8.268905225952336
2015-09-04 13:00:00,27.5,75,0.2,8.4,335,3.5499933986218752,-7.61298541110786
2015-09-04 14:00:00,27.4,75,0.2,8.6,327,4.683895701129233,-7.212566884330647
2015-09-04 15:00:00,27.4,77,0.4,7.0,325,4.015035054457323,-5.7340643100229425
2015-09-04 16:00:00,27.2,78,0.7000000000000001,3.2,333,1.45276959916655,-2.851220877402777
2015-09-04 17:00:00,27.0,79,0.2,2.0,315,1.4142135623730951,-1.414213562373095
2015-09-04 18:00:00,26.3,87,0.0,3.2,297,2.8512208774027776,-1.4527695991665497
2015-09-04 19:00:00,25.8,85,0.0,1.6,243,1.4256104387013888,0.7263847995832748
2015-09-04 20:00:00,26.2,81,0.0,5.4,217,3.2498011250210617,4.312631754255381
2015-09-04 21:00:00,25.8,83,0.0,3.6,174,-0.3763024677635528,3.580278823325784
2015-09-04 22:00:00,25.5,85,0.0,3.4,148,-1.8017254983928963,2.8833635269318485
2015-09-04 23:00:00,23.9,90,0.0,2.0,135,-1.414213562373095,1.4142135623730951
2015-09-05 00:00:00,22.6,94,0.0,2.7,113,-2.485363104321589,1.0549740469210394
2015-09-05 01:00:00,21.9,95,0.0,2.6,106,-2.499280409439629,0.716657125124198
2015-09-05 02:00:00,21.5,95,0.0,0.8,117,-0.7128052193506943,0.36319239979163753
2015-09-05 03:00:00,21.2,93,0.0,0.7000000000000001,180,4.2862637970157366e-17,0.7000000000000001
2015-09-05 04:00:00,20.6,95,0.0,1.8,143,-1.0832670416736871,1.4375439180851268
2015-09-05 05:00:00,20.3,95,0.0,4.3,132,-3.195522749552794,2.8772616073430908
2015-09-05 06:00:00,20.3,95,0.0,1.5,135,-1.0606601717798212,1.0606601717798214
2015-09-05 07:00:00,22.0,95,0.0,2.9,120,-2.511473670974872,1.4499999999999997
2015-09-05 08:00:00,24.9,83,0.0,1.8,180,1.1021821192326179e-16,1.8
2015-09-05 09:00:00,26.7,74,0.0,3.6,233,2.875087836170254,2.166534083347374
2015-09-05 10:00:00,27.7,73,0.0,6.0,245,5.437846722219899,2.5357095704441965
2015-09-05 11:00:00,28.3,72,0.0,7.3,250,6.859756131737131,2.4967470462773815
2015-09-05 12:00:00,28.4,72,0.0,7.6,251,7.185941174554808,2.474317973874391
2015-09-05 13:00:00,28.3,74,0.3,8.0,252,7.608452130361228,2.472135954999579
2015-09-05 14:00:00,27.1,77,0.6,7.0,249,6.535062985480412,2.5085756468171017
2015-09-05 15:00:00,27.6,74,0.1,4.7,238,3.9858260519352022,2.490620541896063
2015-09-05 16:00:00,27.7,74,0.0,5.4,228,4.012982057577929,3.6133052743378347
2015-09-05 17:00:00,27.3,77,0.0,4.2,250,3.9467090073008158,1.4364846019678086
2015-09-05 18:00:00,26.8,78,0.0,3.7,299,3.2360929164157644,-1.7937955949114472
2015-09-05 19:00:00,26.2,79,0.0,2.5,262,2.475670171853926,0.3479327524001636
2015-09-05 20:00:00,25.7,81,0.0,2.9,173,-0.35342109587492737,2.878383839759834
2015-09-05 21:00:00,24.5,85,0.0,4.7,157,-1.8364363038995868,4.326372811226469
2015-09-05 22:00:00,22.9,88,0.0,4.2,149,-2.163159914622228,3.600102662948872
2015-09-05 23:00:00,22.0,91,0.0,5.6,140,-3.5996106142446203,4.289848881466277
2015-09-06 00:00:00,21.0,93,0.0,6.1,135,-4.313351365237939,4.31335136523794
2015-09-06 01:00:00,20.4,95,0.0,5.9,133,-4.314986839553106,4.023790324368742
2015-09-06 02:00:00,20.1,94,0.0,4.6,141,-2.894873798829251,3.5748714227020666
2015-09-06 03:00:00,20.0,92,0.0,4.4,145,-2.5237363199446032,3.6042689948715636
2015-09-06 04:00:00,20.2,89,0.0,4.8,138,-3.2118269105225195,3.5670951622914924
2015-09-06 05:00:00,20.0,87,0.0,4.8,132,-3.567095162291491,3.21182691052252
2015-09-06 06:00:00,19.6,87,0.0,4.3,132,-3.195522749552794,2.8772616073430908
2015-09-06 07:00:00,21.5,90,0.1,5.6,130,-4.289848881466276,3.5996106142446207
2015-09-06 08:00:00,26.0,69,0.0,5.2,164,-1.433314250248395,4.998560818879258
2015-09-06 09:00:00,26.9,67,0.0,7.0,201,2.5085756468171025,6.535062985480412
2015-09-06 10:00:00,27.6,69,0.0,7.4,223,5.046787864462489,5.412017391981862
2015-09-06 11:00:00,27.8,71,0.0,7.7,242,6.798696465013738,3.6149310334513594
2015-09-06 12:00:00,28.2,70,0.0,7.4,241,6.472185832831529,3.5875911898228945
2015-09-06 13:00:00,28.3,71,0.0,7.1,229,5.358438019581681,4.658019105832602
2015-09-06 14:00:00,28.4,72,0.0,7.1,229,5.358438019581681,4.658019105832602
2015-09-06 15:00:00,28.6,72,0.0,6.6,221,4.329989591337347,4.981083229470295
2015-09-06 16:00:00,28.6,71,0.0,6.7,216,3.93816119035957,5.420413862312148
2015-09-06 17:00:00,28.0,74,0.0,5.6,230,4.289848881466277,3.5996106142446194
2015-09-06 18:00:00,26.8,81,0.0,4.8,257,4.676976310969129,1.079765060850552
2015-09-06 19:00:00,25.4,88,0.0,3.3,193,0.7423384793347542,3.2154212137912763
2015-09-06 20:00:00,24.5,89,0.0,4.0,175,-0.34862297099063294,3.984778792366982
2015-09-06 21:00:00,23.8,90,0.0,5.4,160,-1.8469087739586112,5.074340152243906
2015-09-06 22:00:00,23.8,89,0.0,5.2,155,-2.1976149610516367,4.71280049259058
2015-09-06 23:00:00,23.5,89,0.2,6.9,141,-4.342310698243877,5.3623071340531006
2015-09-07 00:00:00,23.0,90,0.0,6.0,147,-3.2678342100901627,5.032023407672543
2015-09-07 01:00:00,22.8,89,0.0,6.7,144,-3.9381611903595695,5.420413862312148
2015-09-07 02:00:00,22.7,88,0.0,6.8,155,-2.8738041798367555,6.16289295184922
2015-09-07 03:00:00,22.8,86,0.0,8.4,149,-4.326319829244456,7.200205325897744
2015-09-07 04:00:00,24.9,77,0.0,4.7,148,-2.4906205418960625,3.9858260519352027
2015-09-07 05:00:00,24.6,78,0.0,2.7,157,-1.0549740469210394,2.4853631043215887
2015-09-07 06:00:00,23.4,83,0.2,2.2,90,-2.2,2.6942229581241775e-16
2015-09-07 07:00:00,24.4,81,0.2,0.7000000000000001,180,4.2862637970157366e-17,0.7000000000000001
2015-09-07 08:00:00,25.5,78,0.2,0.8,243,0.7128052193506944,0.3631923997916374
2015-09-07 09:00:00,25.5,81,0.5,3.0,256,2.9108871788279895,0.7257656867990032
2015-09-07 10:00:00,25.4,84,0.4,5.1,219,3.209533994354171,3.963444403430551
2015-09-07 11:00:00,25.9,83,0.6,7.4,231,5.750880114781585,4.656970893768797
2015-09-07 12:00:00,26.2,80,1.2,9.4,227,6.874724795220202,6.410784584587486
2015-09-07 13:00:00,26.0,82,0.9,9.8,197,2.8652427062828205,9.371786608437748
2015-09-07 14:00:00,26.5,80,0.5,10.1,176,-0.7045403848156658,10.075396907624224
2015-09-07 15:00:00,24.5,88,7.8,12.1,170,-2.101142949769857,11.916173811447717
2015-09-07 16:00:00,24.3,90,6.9,10.1,182,0.3524849166952609,10.093847352892867
2015-09-07 17:00:00,24.0,92,5.6,7.1,204,2.8878301658381815,6.486172749262466
2015-09-07 18:00:00,23.6,92,4.0,6.8,212,3.603450996785793,5.766727053863696
2015-09-07 19:00:00,23.3,92,3.2,5.9,227,4.314986839553106,4.023790324368742
2015-09-07 20:00:00,24.0,88,2.6,2.8,220,1.7998053071223101,2.1449244407331385
2015-09-07 21:00:00,23.9,88,2.0,1.8,217,1.0832670416736871,1.437543918085127
2015-09-07 22:00:00,23.8,88,1.0,1.0,225,0.7071067811865476,0.7071067811865475
2015-09-07 23:00:00,23.7,88,0.2,0.5,135,-0.35355339059327373,0.3535533905932738
2015-09-08 00:00:00,23.7,88,0.0,1.3,146,-0.7269507745119708,1.0777488443215544
2015-09-08 01:00:00,23.5,89,0.0,1.1,180,6.735557395310444e-17,1.1
2015-09-08 02:00:00,23.3,89,0.0,1.8,191,0.34345619167778085,1.7669289302057951
2015-09-08 03:00:00,23.2,91,0.5,2.1,211,1.0815799573111138,1.800051331474436
2015-09-08 04:00:00,23.3,90,0.5,2.3,219,1.447436899414626,1.7874357113510329
2015-09-08 05:00:00,23.3,89,0.7000000000000001,2.7,203,1.0549740469210391,2.485363104321589
2015-09-08 06:00:00,23.4,88,0.9,0.7000000000000001,270,0.7000000000000001,0.0
2015-09-08 07:00:00,23.6,88,1.0,1.0,315,0.7071067811865476,-0.7071067811865475
2015-09-08 08:00:00,23.9,89,0.9,2.3,321,1.447436899414626,-1.7874357113510329
2015-09-08 09:00:00,24.0,90,1.0,3.6,315,2.5455844122715714,-2.545584412271571
2015-09-08 10:00:00,24.6,89,0.6,4.6,315,3.2526911934581184,-3.252691193458118
2015-09-08 11:00:00,25.2,88,0.6,3.6,323,2.1665340833473743,-2.875087836170254
2015-09-08 12:00:00,25.5,90,0.5,3.9,326,2.1808523235359125,-3.233246532964663
2015-09-08 13:00:00,26.3,89,0.5,5.6,345,1.4493866525741161,-5.4091846272187825
2015-09-08 14:00:00,25.5,88,0.6,7.3,340,2.4967470462773824,-6.8597561317371305
2015-09-08 15:00:00,26.2,82,0.3,5.2,344,1.4333142502483958,-4.998560818879258
2015-09-08 16:00:00,26.5,79,0.2,3.7,331,1.7937955949114475,-3.2360929164157644
2015-09-08 17:00:00,25.7,80,0.5,1.3,326,0.7269507745119709,-1.0777488443215544
2015-09-08 18:00:00,25.1,84,0.0,1.8,259,1.7669289302057951,0.34345619167778063
2015-09-08 19:00:00,23.9,92,0.0,2.5,180,1.5308084989341916e-16,2.5
2015-09-08 20:00:00,23.1,93,0.0,3.3,167,-0.7423384793347546,3.2154212137912763
2015-09-08 21:00:00,22.7,94,0.0,4.3,175,-0.3747696938149304,4.283637201794505
2015-09-08 22:00:00,22.5,95,0.0,4.9,197,1.4326213531414103,4.685893304218874
2015-09-08 23:00:00,22.1,96,0.0,5.6,195,1.4493866525741161,5.4091846272187825
2015-09-09 00:00:00,21.6,96,0.0,6.6,202,2.4724035165450187,6.1194134401407965
2015-09-09 01:00:00,21.6,96,0.0,6.7,196,1.8467702839738944,6.440453362786736
2015-09-09 02:00:00,21.8,95,0.0,5.4,188,0.7515347451843536,5.34744757120448
2015-09-09 03:00:00,23.2,88,0.0,4.3,185,0.37476969381492997,4.283637201794505
2015-09-09 04:00:00,23.3,87,0.0,3.0,194,0.725765686799003,2.9108871788279895
2015-09-09 05:00:00,23.0,88,0.1,2.4,153,-1.089577199374912,2.138415658052083
2015-09-09 06:00:00,23.0,88,0.0,1.9,112,-1.7616493236768958,0.7117525274902332
2015-09-09 07:00:00,23.2,88,0.0,1.6,117,-1.4256104387013886,0.7263847995832751
2015-09-09 08:00:00,24.4,85,0.1,1.5,194,0.3628828433995015,1.4554435894139948
2015-09-09 09:00:00,25.4,84,0.2,3.9,236,3.2332465329646625,2.180852323535913
2015-09-09 10:00:00,25.9,84,0.1,5.9,256,5.7247447850283795,1.4273391840380396
2015-09-09 11:00:00,26.1,85,0.1,6.5,273,6.49109197590473,-0.3401837155791349
2015-09-09 12:00:00,26.7,86,0.3,7.0,282,6.84703320513664,-1.4553818357243153
2015-09-09 13:00:00,26.6,89,0.3,7.3,290,6.859756131737131,-2.4967470462773815
2015-09-09 14:00:00,26.9,89,0.2,7.1,300,6.148780366869515,-3.5499999999999994
2015-09-09 15:00:00,26.8,74,0.2,7.1,311,5.358438019581681,-4.658019105832602
2015-09-09 16:00:00,26.2,75,0.1,6.1,320,3.92100441908789,-4.6728711030257655
2015-09-09 17:00:00,25.6,79,0.0,3.9,326,2.1808523235359125,-3.233246532964663
2015-09-09 18:00:00,24.9,81,0.0,3.7,299,3.2360929164157644,-1.7937955949114472
2015-09-09 19:00:00,24.4,83,0.0,1.5,166,-0.36288284339950166,1.4554435894139948
2015-09-09 20:00:00,23.7,86,0.0,4.1,165,-1.0611580849203355,3.96029588778518
2015-09-09 21:00:00,23.0,89,0.0,5.9,169,-1.1257730727216144,5.791600382341218
2015-09-09 22:00:00,22.3,91,0.0,5.8,176,-0.4045875477159269,5.78587149150698
2015-09-09 23:00:00,21.5,93,0.0,5.8,187,0.7068421917498554,5.756767679519667
2015-09-10 00:00:00,21.0,95,0.0,5.8,202,2.1727182418122895,5.377666356487367
2015-09-10 01:00:00,21.4,94,0.0,4.9,197,1.4326213531414103,4.685893304218874
2015-09-10 02:00:00,20.9,97,0.0,3.7,191,0.7059932828932162,3.632020578756357
2015-09-10 03:00:00,21.6,93,0.0,2.6,146,-1.4539015490239415,2.1554976886431088
2015-09-10 04:00:00,21.5,93,0.0,3.3,96,-3.2819222547153015,0.3449439287832573
2015-09-10 05:00:00,21.6,92,0.0,3.6,84,-3.580278823325784,-0.3763024677635526
2015-09-10 06:00:00,21.2,93,0.0,2.9,83,-2.878383839759834,-0.3534210958749272
2015-09-10 07:00:00,22.2,90,0.0,2.9,83,-2.878383839759834,-0.3534210958749272
2015-09-10 08:00:00,23.8,82,0.0,1.8,37,-1.083267041673687,-1.437543918085127
2015-09-10 09:00:00,24.7,78,0.0,3.9,326,2.1808523235359125,-3.233246532964663
2015-09-10 10:00:00,25.5,75,0.0,5.6,315,3.9597979746446663,-3.9597979746446654
2015-09-10 11:00:00,25.9,72,0.0,7.4,317,5.046787864462489,-5.412017391981862
2015-09-10 12:00:00,26.1,70,0.0,8.4,320,5.399415921366931,-6.4347733221994154
2015-09-10 13:00:00,26.1,68,0.0,9.2,321,5.789747597658504,-7.149742845404131
2015-09-10 14:00:00,26.0,68,0.0,8.8,325,5.0474726398892065,-7.208537989743128
2015-09-10 15:00:00,25.5,70,0.0,8.4,335,3.5499933986218752,-7.61298541110786
2015-09-10 16:00:00,25.1,72,0.0,8.1,339,2.902780391316933,-7.5620014546273335
2015-09-10 17:00:00,24.3,74,0.0,6.2,324,3.6442685642133337,-5.0159053651246746
2015-09-10 18:00:00,23.4,78,0.0,3.9,326,2.1808523235359125,-3.233246532964663
2015-09-10 19:00:00,22.3,88,0.0,1.6,297,1.4256104387013888,-0.7263847995832748
2015-09-10 20:00:00,21.6,90,0.0,2.1,149,-1.081579957311114,1.800051331474436
2015-09-10 21:00:00,20.9,92,0.0,5.2,168,-1.0811407922523486,5.08636752381579
2015-09-10 22:00:00,20.7,93,0.0,6.2,170,-1.076618701534968,6.10580806867569
2015-09-10 23:00:00,20.3,94,0.0,6.1,183,0.3192493330819582,6.0916401620029
2015-09-11 00:00:00,20.4,95,0.1,6.5,186,0.6794350112397475,6.4643923198937765
2015-09-11 01:00:00,20.3,95,0.4,6.1,183,0.3192493330819582,6.0916401620029
2015-09-11 02:00:00,20.5,95,0.2,5.4,184,0.3766849582182763,5.386845871403051
2015-09-11 03:00:00,22.1,85,0.5,4.3,180,2.632990618166809e-16,4.3
2015-09-11 04:00:00,22.0,86,0.2,4.0,175,-0.34862297099063294,3.984778792366982
2015-09-11 05:00:00,21.9,86,0.0,3.3,174,-0.3449439287832567,3.2819222547153015
2015-09-11 06:00:00,21.9,87,0.2,2.0,135,-1.414213562373095,1.4142135623730951
2015-09-11 07:00:00,22.1,87,0.3,0.8,207,0.3631923997916375,0.7128052193506943
2015-09-11 08:00:00,22.8,86,0.4,2.2,270,2.2,0.0
2015-09-11 09:00:00,23.5,84,0.5,3.9,292,3.616017032810471,-1.460965714322057
2015-09-11 10:00:00,24.3,81,0.2,4.7,293,4.32637281122647,-1.8364363038995868
2015-09-11 11:00:00,25.0,77,0.0,4.8,312,3.5670951622914924,-3.2118269105225195
2015-09-11 12:00:00,25.1,76,0.0,4.6,321,2.894873798829252,-3.5748714227020657
2015-09-11 13:00:00,25.2,75,0.5,5.6,320,3.5996106142446203,-4.289848881466277
2015-09-11 14:00:00,25.4,73,0.5,4.6,309,3.5748714227020657,-2.8948737988292517
2015-09-11 15:00:00,25.1,68,0.0,3.3,311,2.4905416147351476,-2.1649947956686737
2015-09-11 16:00:00,25.0,68,0.0,2.8,320,1.7998053071223101,-2.1449244407331385
2015-09-11 17:00:00,24.6,69,0.0,2.6,326,1.4539015490239418,-2.1554976886431088
2015-09-11 18:00:00,24.0,77,0.0,2.5,352,0.34793275240016364,-2.475670171853926
2015-09-11 19:00:00,24.0,70,0.0,1.3,56,-1.0777488443215544,-0.7269507745119708
2015-09-11 20:00:00,23.8,72,0.0,2.4,153,-1.089577199374912,2.138415658052083
2015-09-11 21:00:00,23.5,74,0.0,3.4,162,-1.050657780874821,3.2335921554035223
2015-09-11 22:00:00,23.3,76,0.0,3.2,180,1.9594348786357652e-16,3.2
2015-09-11 23:00:00,21.7,84,0.0,4.3,180,2.632990618166809e-16,4.3
2015-09-12 00:00:00,21.3,89,0.1,4.3,180,2.632990618166809e-16,4.3
2015-09-12 01:00:00,20.9,90,0.0,4.9,197,1.4326213531414103,4.685893304218874
2015-09-12 02:00:00,20.8,92,0.4,5.3,208,2.4881992827652213,4.679622242152313
2015-09-12 03:00:00,22.3,84,0.8,4.9,197,1.4326213531414103,4.685893304218874
2015-09-12 04:00:00,22.8,83,0.6,4.8,207,2.1791543987498248,4.276831316104166
2015-09-12 05:00:00,22.8,83,0.5,3.8,221,2.4930243101639276,2.8678964048465336
2015-09-12 06:00:00,22.6,84,0.1,0.4,360,2.4492935982947065e-17,-0.4
2015-09-12 07:00:00,22.7,86,0.2,1.1,252,1.0461621679246689,0.33991869381244216
2015-09-12 08:00:00,23.1,85,0.3,4.3,312,3.195522749552795,-2.8772616073430903
2015-09-12 09:00:00,24.1,77,0.0,5.7,325,3.269385687200963,-4.669166652447253
2015-09-12 10:00:00,24.6,74,0.2,6.2,324,3.6442685642133337,-5.0159053651246746
2015-09-12 11:00:00,25.1,71,0.1,7.2,323,4.333068166694749,-5.750175672340508
2015-09-12 12:00:00,25.7,68,0.2,6.9,317,4.70578868443124,-5.046340541172277
2015-09-12 13:00:00,26.0,67,0.0,8.2,319,5.379684037722159,-6.18861855782673
2015-09-12 14:00:00,26.0,67,0.0,8.4,329,4.326319829244455,-7.200205325897744
2015-09-12 15:00:00,25.5,69,0.0,8.5,332,3.9905082836800725,-7.505054539300878
2015-09-12 16:00:00,25.1,72,0.0,8.1,339,2.902780391316933,-7.5620014546273335
2015-09-12 17:00:00,24.7,74,0.0,6.2,339,2.2218812871808624,-5.788198644282651
2015-09-12 18:00:00,24.0,81,0.0,4.6,321,2.894873798829252,-3.5748714227020657
2015-09-12 19:00:00,23.8,77,0.0,3.1,324,1.8221342821066668,-2.5079526825623373
2015-09-12 20:00:00,23.0,82,0.0,1.8,349,0.34345619167778085,-1.7669289302057951
2015-09-12 21:00:00,21.6,90,0.0,1.8,217,1.0832670416736871,1.437543918085127
2015-09-12 22:00:00,21.2,92,0.0,4.2,200,1.436484601967809,3.9467090073008153
2015-09-12 23:00:00,20.8,93,0.0,5.9,194,1.4273391840380394,5.7247447850283795
2015-09-13 00:00:00,20.8,94,0.0,5.8,187,0.7068421917498554,5.756767679519667
2015-09-13 01:00:00,20.6,95,0.0,6.2,190,1.0766187015349686,6.10580806867569
2015-09-13 02:00:00,20.7,95,0.1,6.2,190,1.0766187015349686,6.10580806867569
2015-09-13 03:00:00,20.9,95,0.3,5.0,180,3.061616997868383e-16,5.0
2015-09-13 04:00:00,20.7,96,0.2,4.0,185,0.34862297099063255,3.984778792366982
2015-09-13 05:00:00,20.9,95,0.1,5.2,192,1.0811407922523493,5.086367523815789
2015-09-13 06:00:00,21.1,94,0.3,3.3,193,0.7423384793347542,3.2154212137912763
2015-09-13 07:00:00,22.3,90,0.8,2.3,162,-0.7107390870623789,2.187429987478853
2015-09-13 08:00:00,23.4,87,0.9,3.4,238,2.883363526931848,1.8017254983928965
2015-09-13 09:00:00,24.4,86,0.6,3.7,259,3.632020578756357,0.7059932828932158
2015-09-13 10:00:00,25.0,84,0.4,3.6,270,3.6,0.0
2015-09-13 11:00:00,25.6,82,0.4,5.1,266,5.087576656325103,0.35575801609503904
2015-09-13 12:00:00,25.7,78,0.4,6.2,277,6.153786140176196,-0.7555899291119144
2015-09-13 13:00:00,26.1,75,0.4,6.7,286,6.440453362786736,-1.8467702839738944
2015-09-13 14:00:00,26.0,76,0.3,6.0,303,5.032023407672544,-3.2678342100901627
2015-09-13 15:00:00,26.3,75,0.0,5.4,312,4.012982057577929,-3.6133052743378347
2015-09-13 16:00:00,25.9,77,0.0,5.4,318,3.6133052743378347,-4.012982057577929
2015-09-13 17:00:00,25.4,80,0.0,3.6,315,2.5455844122715714,-2.545584412271571
2015-09-13 18:00:00,24.7,83,0.0,3.0,284,2.9108871788279895,-0.7257656867990032
2015-09-13 19:00:00,23.7,89,0.0,4.5,209,2.181643291108517,3.935788682127281
2015-09-13 20:00:00,22.8,93,0.2,6.5,186,0.6794350112397475,6.4643923198937765
2015-09-13 21:00:00,22.5,94,0.3,6.8,183,0.35588450245201897,6.790680836331102
2015-09-13 22:00:00,22.0,94,0.3,6.9,171,-1.0793978087775926,6.815049550106451
2015-09-13 23:00:00,21.9,94,0.1,6.3,156,-2.5624408513775414,5.755336383148386
2015-09-14 00:00:00,22.7,89,0.0,5.9,142,-3.6324027044213842,4.64926344627966
2015-09-14 01:00:00,23.0,87,0.0,5.6,135,-3.9597979746446654,3.9597979746446663
2015-09-14 02:00:00,22.7,86,0.0,5.4,132,-4.012982057577928,3.613305274337835
2015-09-14 03:00:00,20.9,84,0.0,5.9,128,-4.64926344627966,3.6324027044213847
2015-09-14 04:00:00,21.2,81,0.0,4.6,108,-4.3748599749577055,1.4214781741247584
2015-09-14 05:00:00,21.5,79,0.0,3.3,96,-3.2819222547153015,0.3449439287832573
2015-09-14 06:00:00,22.0,76,0.0,4.0,80,-3.939231012048832,-0.6945927106677219
2015-09-14 07:00:00,22.9,80,0.0,2.9,83,-2.878383839759834,-0.3534210958749272
2015-09-14 08:00:00,24.5,83,0.0,0.8,333,0.3631923997916375,-0.7128052193506943
2015-09-14 09:00:00,25.6,82,0.0,3.7,331,1.7937955949114475,-3.2360929164157644
2015-09-14 10:00:00,26.7,77,0.1,4.6,321,2.894873798829252,-3.5748714227020657
2015-09-14 11:00:00,27.5,74,0.2,5.9,308,4.64926344627966,-3.6324027044213842
2015-09-14 12:00:00,27.6,73,0.4,5.2,304,4.310995377286217,-2.907803098047884
2015-09-14 13:00:00,27.5,74,0.2,6.7,306,5.420413862312148,-3.93816119035957
2015-09-14 14:00:00,27.4,75,1.1,5.9,308,4.64926344627966,-3.6324027044213842
2015-09-14 15:00:00,27.2,75,0.2,6.4,308,5.043268823083021,-3.9402334420842133
2015-09-14 16:00:00,27.2,75,0.3,5.4,307,4.312631754255381,-3.2498011250210608
2015-09-14 17:00:00,26.2,79,0.4,3.1,291,2.8940993221413254,-1.1109406435904308
2015-09-14 18:00:00,25.2,83,0.5,2.3,309,1.7874357113510329,-1.4474368994146258
2015-09-14 19:00:00,24.3,88,1.3,1.3,34,-0.7269507745119705,-1.0777488443215544
2015-09-14 20:00:00,22.7,93,1.5,3.1,126,-2.507952682562337,1.822134282106667
2015-09-14 21:00:00,22.4,93,1.5,4.4,145,-2.5237363199446032,3.6042689948715636
2015-09-14 22:00:00,22.2,93,1.2,5.8,150,-2.8999999999999986,5.022947341949744
2015-09-14 23:00:00,22.7,89,0.3,3.6,143,-2.1665340833473743,2.8750878361702537
2015-09-15 00:00:00,23.6,84,0.0,1.1,108,-1.0461621679246689,0.3399186938124423
2015-09-15 01:00:00,22.4,88,0.0,1.5,76,-1.4554435894139948,-0.3628828433995013
2015-09-15 02:00:00,21.2,91,0.0,3.4,108,-3.233592155403522,1.0506577808748214
2015-09-15 03:00:00,23.8,83,0.0,2.9,120,-2.511473670974872,1.4499999999999997
2015-09-15 04:00:00,23.7,83,0.0,2.3,129,-1.7874357113510329,1.4474368994146258
2015-09-15 05:00:00,23.5,84,0.0,1.6,117,-1.4256104387013886,0.7263847995832751
2015-09-15 06:00:00,23.4,84,0.0,3.8,107,-3.633958072659535,1.111012477946399
2015-09-15 07:00:00,22.9,87,0.3,3.9,112,-3.6160170328104706,1.4609657143220578
2015-09-15 08:00:00,24.8,83,0.0,1.8,143,-1.0832670416736871,1.4375439180851268
2015-09-15 09:00:00,25.4,80,0.0,2.0,225,1.4142135623730951,1.414213562373095
2015-09-15 10:00:00,26.1,78,0.0,3.2,243,2.8512208774027776,1.4527695991665497
2015-09-15 11:00:00,27.1,74,0.0,3.6,276,3.580278823325784,-0.37630246776355253
2015-09-15 12:00:00,27.5,73,0.0,5.4,278,5.34744757120448,-0.7515347451843534
2015-09-15 13:00:00,27.4,74,0.6,6.5,273,6.49109197590473,-0.3401837155791349
2015-09-15 14:00:00,26.9,75,0.0,1.9,292,1.761649323676896,-0.7117525274902328
2015-09-15 15:00:00,27.0,75,0.0,3.9,338,1.4609657143220567,-3.616017032810471
2015-09-15 16:00:00,26.8,75,0.0,5.6,333,2.542346798541462,-4.989636535454859
2015-09-15 17:00:00,26.2,79,0.0,6.3,336,2.5624408513775414,-5.755336383148386
2015-09-15 18:00:00,25.3,83,0.0,6.7,344,1.8467702839738944,-6.440453362786736
2015-09-15 19:00:00,24.1,91,0.0,7.4,29,-3.5875911898228927,-6.4721858328315305
2015-09-15 20:00:00,23.8,91,0.0,3.4,58,-2.8833635269318485,-1.8017254983928963
2015-09-15 21:00:00,24.1,90,0.0,2.5,82,-2.475670171853926,-0.3479327524001638
2015-09-15 22:00:00,23.5,92,0.0,1.8,79,-1.7669289302057951,-0.3434561916777805
2015-09-15 23:00:00,22.1,96,0.0,1.8,101,-1.7669289302057951,0.34345619167778096
2015-09-16 00:00:00,21.7,96,0.1,2.3,108,-2.1874299874788528,0.7107390870623792
2015-09-16 01:00:00,21.0,94,0.6,2.5,90,-2.5,3.061616997868383e-16
2015-09-16 02:00:00,21.3,92,0.2,3.3,84,-3.2819222547153015,-0.3449439287832565
2015-09-16 03:00:00,20.4,92,0.0,3.2,90,-3.2,3.9188697572715305e-16
2015-09-16 04:00:00,20.2,94,0.0,2.9,90,-2.9,3.5514757175273243e-16
2015-09-16 05:00:00,20.0,93,0.0,2.5,90,-2.5,3.061616997868383e-16
2015-09-16 06:00:00,19.9,93,0.0,2.3,72,-2.187429987478853,-0.7107390870623786
2015-09-16 07:00:00,21.2,93,0.0,4.1,75,-3.96029588778518,-1.0611580849203353
2015-09-16 08:00:00,24.1,83,0.0,2.6,34,-1.453901549023941,-2.1554976886431088
2015-09-16 09:00:00,25.4,81,0.0,4.7,337,1.8364363038995866,-4.32637281122647
2015-09-16 10:00:00,26.1,81,0.0,6.2,339,2.2218812871808624,-5.788198644282651
2015-09-16 11:00:00,26.8,78,0.0,7.0,339,2.5085756468171025,-6.535062985480412
2015-09-16 12:00:00,27.5,75,0.1,7.1,336,2.8878301658381815,-6.486172749262466
2015-09-16 13:00:00,27.8,73,0.3,8.4,340,2.872969203935618,-7.893418014601631
2015-09-16 14:00:00,27.6,74,0.5,8.5,348,1.7672493719509554,-8.314254606237347
2015-09-16 15:00:00,27.7,73,0.3,8.7,343,2.5436338310878095,-8.319851376878407
2015-09-16 16:00:00,27.5,74,0.0,7.3,349,1.3929056662487778,-7.165878439167947
2015-09-16 17:00:00,27.0,77,0.0,5.5,337,2.1490212066910055,-5.062776693988422
2015-09-16 18:00:00,25.6,84,0.0,6.1,315,4.31335136523794,-4.313351365237939
2015-09-16 19:00:00,24.3,90,0.0,1.9,22,-0.7117525274902333,-1.7616493236768958
2015-09-16 20:00:00,24.3,89,0.0,2.3,288,2.1874299874788528,-0.710739087062379
2015-09-16 21:00:00,23.0,93,0.1,1.8,217,1.0832670416736871,1.437543918085127
2015-09-16 22:00:00,21.9,94,0.5,3.0,166,-0.7257656867990033,2.9108871788279895
2015-09-16 23:00:00,21.1,95,0.4,4.3,156,-1.748967565225941,3.9282454678631837
2015-09-17 00:00:00,21.2,95,0.4,5.9,169,-1.1257730727216144,5.791600382341218
2015-09-17 01:00:00,21.4,95,0.4,5.2,168,-1.0811407922523486,5.08636752381579
2015-09-17 02:00:00,21.5,95,0.4,4.3,132,-3.195522749552794,2.8772616073430908
2015-09-17 03:00:00,22.6,86,0.0,3.3,103,-3.215421213791276,0.7423384793347552
2015-09-17 04:00:00,23.0,83,0.0,3.0,76,-2.9108871788279895,-0.7257656867990026
2015-09-17 05:00:00,22.1,85,0.0,3.0,76,-2.9108871788279895,-0.7257656867990026
2015-09-17 06:00:00,21.6,86,0.0,2.7,67,-2.485363104321589,-1.0549740469210387
2015-09-17 07:00:00,23.4,84,0.0,1.8,79,-1.7669289302057951,-0.3434561916777805
2015-09-17 08:00:00,25.1,79,0.0,2.6,344,0.7166571251241979,-2.499280409439629
2015-09-17 09:00:00,26.1,76,0.0,4.3,336,1.7489675652259409,-3.9282454678631837
2015-09-17 10:00:00,26.9,73,0.0,5.2,335,2.197614961051637,-4.7128004925905795
2015-09-17 11:00:00,27.6,70,0.0,6.5,326,3.634753872559854,-5.388744221607771
2015-09-17 12:00:00,28.1,68,0.3,8.4,329,4.326319829244455,-7.200205325897744
2015-09-17 13:00:00,28.2,68,0.3,8.4,340,2.872969203935618,-7.893418014601631
2015-09-17 14:00:00,27.9,71,0.1,8.0,342,2.4721359549995796,-7.608452130361228
2015-09-17 15:00:00,27.3,73,0.0,8.0,342,2.4721359549995796,-7.608452130361228
2015-09-17 16:00:00,26.8,75,0.0,8.6,338,3.2216167033768426,-7.973781149274371
2015-09-17 17:00:00,25.9,79,0.0,6.4,333,2.9055391983331,-5.702441754805554
2015-09-17 18:00:00,25.1,83,0.0,6.0,327,3.2678342100901627,-5.032023407672544
2015-09-17 19:00:00,23.8,91,0.0,4.2,329,2.1631599146222276,-3.600102662948872
2015-09-17 20:00:00,23.2,91,0.0,2.9,353,0.3534210958749277,-2.8783838397598336
2015-09-17 21:00:00,22.8,90,0.0,2.6,34,-1.453901549023941,-2.1554976886431088
2015-09-17 22:00:00,22.7,90,0.0,3.0,76,-2.9108871788279895,-0.7257656867990026
2015-09-17 23:00:00,21.6,92,0.0,2.2,81,-2.1729143493093033,-0.3441558230885076
2015-09-18 00:00:00,21.2,92,0.0,2.2,90,-2.2,2.6942229581241775e-16
2015-09-18 01:00:00,21.0,92,0.0,2.9,97,-2.8783838397598336,0.35342109587492787
2015-09-18 02:00:00,20.1,94,0.0,4.0,90,-4.0,4.898587196589413e-16
2015-09-18 03:00:00,19.0,95,0.0,3.7,79,-3.632020578756357,-0.7059932828932155
2015-09-18 04:00:00,18.7,95,0.0,3.3,77,-3.2154212137912763,-0.7423384793347544
2015-09-18 05:00:00,18.3,93,0.0,2.9,60,-2.5114736709748717,-1.4500000000000002
2015-09-18 06:00:00,17.9,91,0.0,2.6,56,-2.1554976886431088,-1.4539015490239415
2015-09-18 07:00:00,19.8,92,0.0,3.5,66,-3.197409101749103,-1.4235782507653008
2015-09-18 08:00:00,24.3,70,0.0,4.6,18,-1.4214781741247586,-4.3748599749577055
2015-09-18 09:00:00,25.3,67,0.0,7.2,354,0.752604935527105,-7.160557646651568
2015-09-18 10:00:00,26.1,64,0.0,8.9,346,2.1531048708370424,-8.635631963856369
2015-09-18 11:00:00,26.7,61,0.0,9.3,344,2.5634274090980926,-8.939733772226367
2015-09-18 12:00:00,27.2,59,0.0,9.8,343,2.8652427062828205,-9.371786608437748
2015-09-18 13:00:00,27.4,59,0.0,10.4,340,3.557009490586956,-9.772803256173447
2015-09-18 14:00:00,27.2,61,0.0,11.1,335,4.691062705321763,-10.060016436106814
2015-09-18 15:00:00,26.3,66,0.0,12.6,336,5.124881702755083,-11.510672766296771
2015-09-18 16:00:00,25.4,71,0.0,11.4,342,3.522793735874401,-10.84204428576475
2015-09-18 17:00:00,24.5,76,0.0,9.3,344,2.5634274090980926,-8.939733772226367
2015-09-18 18:00:00,23.3,81,0.0,9.3,344,2.5634274090980926,-8.939733772226367
2015-09-18 19:00:00,21.9,90,0.0,7.6,5,-0.6623836448822027,-7.571079705497266
2015-09-18 20:00:00,21.8,86,0.0,6.4,27,-2.9055391983331003,-5.702441754805554
2015-09-18 21:00:00,21.8,85,0.0,4.8,42,-3.211826910522519,-3.567095162291493
2015-09-18 22:00:00,20.2,89,0.0,3.9,68,-3.616017032810471,-1.460965714322057
2015-09-18 23:00:00,19.0,91,0.0,3.4,72,-3.2335921554035223,-1.0506577808748208
2015-09-19 00:00:00,18.0,94,0.0,3.2,117,-2.851220877402777,1.4527695991665501
2015-09-19 01:00:00,17.5,93,0.0,2.5,135,-1.7677669529663687,1.7677669529663689
2015-09-19 02:00:00,17.2,91,0.0,1.9,158,-0.7117525274902329,1.761649323676896
2015-09-19 03:00:00,18.5,83,0.0,1.1,162,-0.3399186938124421,1.046162167924669
2015-09-19 04:00:00,18.4,81,0.0,1.1,162,-0.3399186938124421,1.046162167924669
2015-09-19 05:00:00,18.1,80,0.0,1.0,135,-0.7071067811865475,0.7071067811865476
2015-09-19 06:00:00,17.6,81,0.0,1.8,127,-1.4375439180851273,1.0832670416736867
2015-09-19 07:00:00,19.7,85,0.0,1.3,124,-1.0777488443215542,0.726950774511971
2015-09-19 08:00:00,24.4,63,0.0,2.0,315,1.4142135623730951,-1.414213562373095
2015-09-19 09:00:00,25.4,61,0.0,4.6,315,3.2526911934581184,-3.252691193458118
2015-09-19 10:00:00,26.2,60,0.0,5.9,313,4.314986839553106,-4.023790324368742
2015-09-19 11:00:00,26.8,60,0.0,5.9,308,4.64926344627966,-3.6324027044213842
2015-09-19 12:00:00,27.2,60,0.0,6.5,304,5.38874422160777,-3.634753872559855
2015-09-19 13:00:00,27.4,62,0.0,8.4,301,7.200205325897744,-4.326319829244455
2015-09-19 14:00:00,27.0,64,0.0,9.2,309,7.149742845404131,-5.789747597658503
2015-09-19 15:00:00,26.5,69,0.0,8.5,324,4.996174644486022,-6.876644452187053
2015-09-19 16:00:00,26.1,71,0.0,6.9,332,3.239353783222647,-6.092338390726596
2015-09-19 17:00:00,25.6,73,0.0,6.0,327,3.2678342100901627,-5.032023407672544
2015-09-19 18:00:00,24.5,79,0.0,5.9,308,4.64926344627966,-3.6324027044213842
2015-09-19 19:00:00,23.2,86,0.0,4.3,312,3.195522749552795,-2.8772616073430903
2015-09-19 20:00:00,23.5,82,0.0,2.4,297,2.138415658052083,-1.0895771993749122
2015-09-19 21:00:00,23.3,83,0.0,2.9,263,2.8783838397598336,0.35342109587492765
2015-09-19 22:00:00,22.6,86,0.0,3.3,167,-0.7423384793347546,3.2154212137912763
2015-09-19 23:00:00,20.7,92,0.0,3.3,174,-0.3449439287832567,3.2819222547153015
2015-09-20 00:00:00,20.1,94,0.0,4.0,190,0.6945927106677217,3.939231012048832
2015-09-20 01:00:00,19.8,95,0.0,5.1,176,-0.35575801609503915,5.087576656325103
2015-09-20 02:00:00,20.2,93,0.0,5.0,159,-1.7918397477265013,4.667902132486009
2015-09-20 03:00:00,21.4,90,0.0,5.0,159,-1.7918397477265013,4.667902132486009
2015-09-20 04:00:00,22.2,86,0.0,5.2,164,-1.433314250248395,4.998560818879258
2015-09-20 05:00:00,22.6,84,0.0,4.5,166,-1.088648530198505,4.366330768241984
2015-09-20 06:00:00,22.5,84,0.0,4.2,160,-1.4364846019678086,3.9467090073008158
2015-09-20 07:00:00,22.9,85,0.0,3.5,156,-1.423578250765301,3.197409101749103
2015-09-20 08:00:00,24.3,82,0.0,3.6,233,2.875087836170254,2.166534083347374
2015-09-20 09:00:00,25.5,79,0.0,5.4,262,5.34744757120448,0.7515347451843534
2015-09-20 10:00:00,26.1,75,0.0,5.5,281,5.3989495089621515,-1.0494494745709964
2015-09-20 11:00:00,26.8,72,0.0,6.4,286,6.1520748540052415,-1.7640790772287946
2015-09-20 12:00:00,27.0,71,0.0,8.9,297,7.929958065276475,-4.040515447681966
2015-09-20 13:00:00,27.0,71,0.2,9.4,302,7.9716521038704045,-4.981241083792126
2015-09-20 14:00:00,26.8,72,0.2,7.9,313,5.777694242791447,-5.387787044493738
2015-09-20 15:00:00,26.4,77,0.2,6.9,317,4.70578868443124,-5.046340541172277
2015-09-20 16:00:00,26.3,75,0.1,6.4,308,5.043268823083021,-3.9402334420842133
2015-09-20 17:00:00,25.6,79,0.0,5.1,309,3.963444403430551,-3.2095339943541705
2015-09-20 18:00:00,24.8,88,0.0,5.2,304,4.310995377286217,-2.907803098047884
2015-09-20 19:00:00,24.8,80,0.0,3.5,294,3.197409101749103,-1.4235782507653008
2015-09-20 20:00:00,24.2,83,0.0,3.6,307,2.875087836170254,-2.166534083347374
2015-09-20 21:00:00,24.1,84,0.0,2.2,279,2.1729143493093033,-0.34415582308850795
2015-09-20 22:00:00,24.0,84,0.0,3.6,180,2.2043642384652358e-16,3.6
2015-09-20 23:00:00,23.8,85,0.0,5.1,188,0.7097828148963339,5.050367150582009
2015-09-21 00:00:00,23.6,86,0.1,5.6,207,2.542346798541462,4.989636535454859
2015-09-21 01:00:00,23.4,87,0.2,5.6,195,1.4493866525741161,5.4091846272187825
2015-09-21 02:00:00,23.3,87,0.2,4.7,180,2.8779199779962803e-16,4.7
2015-09-21 03:00:00,23.6,86,0.0,4.0,180,2.4492935982947064e-16,4.0
2015-09-21 04:00:00,23.5,87,0.0,1.6,207,0.726384799583275,1.4256104387013886
2015-09-21 05:00:00,22.6,91,0.0,1.5,76,-1.4554435894139948,-0.3628828433995013
2015-09-21 06:00:00,22.5,92,0.0,3.4,72,-3.2335921554035223,-1.0506577808748208
2015-09-21 07:00:00,22.1,95,0.0,3.9,68,-3.616017032810471,-1.460965714322057
2015-09-21 08:00:00,24.0,87,0.0,3.0,346,0.725765686799003,-2.9108871788279895
2015-09-21 09:00:00,24.7,84,0.0,4.7,328,2.490620541896063,-3.9858260519352022
2015-09-21 10:00:00,25.3,82,0.1,6.4,317,4.36478950439999,-4.6806636903626915
2015-09-21 11:00:00,26.0,79,0.1,7.4,313,5.412017391981862,-5.046787864462489
2015-09-21 12:00:00,26.2,78,0.2,7.7,311,5.811263767715345,-5.051654523226906
2015-09-21 13:00:00,26.4,79,0.9,7.9,309,6.139453095510071,-4.971631089293716
2015-09-21 14:00:00,26.4,80,0.8,6.9,309,5.3623071340531,-4.342310698243878
2015-09-21 15:00:00,26.0,79,0.3,7.1,315,5.020458146424487,-5.020458146424486
2015-09-21 16:00:00,25.8,79,0.2,7.7,319,5.051654523226906,-5.811263767715345
2015-09-21 17:00:00,25.0,81,0.3,4.4,325,2.5237363199446032,-3.604268994871564
2015-09-21 18:00:00,24.5,84,0.2,4.2,301,3.600102662948872,-2.1631599146222276
2015-09-21 19:00:00,24.2,84,0.2,1.8,270,1.8,0.0
2015-09-21 20:00:00,23.0,92,0.2,2.2,180,1.3471114790620887e-16,2.2
2015-09-21 21:00:00,22.6,92,0.1,2.9,187,0.3534210958749277,2.8783838397598336
2015-09-21 22:00:00,22.5,92,0.0,4.0,207,1.8159619989581872,3.564026096753471
2015-09-21 23:00:00,22.8,89,0.0,4.8,207,2.1791543987498248,4.276831316104166
2015-09-22 00:00:00,22.8,89,0.0,5.2,214,2.9078030980478835,4.3109953772862175
2015-09-22 01:00:00,23.0,88,0.0,5.1,219,3.209533994354171,3.963444403430551
2015-09-22 02:00:00,23.1,88,0.0,4.6,225,3.2526911934581184,3.252691193458118
2015-09-22 03:00:00,23.7,87,0.7000000000000001,3.9,236,3.2332465329646625,2.180852323535913
2015-09-22 04:00:00,23.6,87,0.6,3.7,241,3.2360929164157644,1.7937955949114472
2015-09-22 05:00:00,23.7,87,0.3,1.0,225,0.7071067811865476,0.7071067811865475
2015-09-22 06:00:00,23.7,86,0.0,0.4,360,2.4492935982947065e-17,-0.4
2015-09-22 07:00:00,22.9,92,0.0,3.0,346,0.725765686799003,-2.9108871788279895
2015-09-22 08:00:00,24.8,85,0.0,5.0,339,1.791839747726502,-4.667902132486009
2015-09-22 09:00:00,25.6,82,0.0,6.6,338,2.4724035165450187,-6.1194134401407965
2015-09-22 10:00:00,26.2,80,0.3,7.5,325,4.301823272632846,-6.143640332167439
2015-09-22 11:00:00,27.0,77,0.0,7.4,317,5.046787864462489,-5.412017391981862
2015-09-22 12:00:00,27.5,74,0.1,7.7,307,6.149493427364155,-4.6339756782707715
2015-09-22 13:00:00,27.5,75,0.1,7.7,307,6.149493427364155,-4.6339756782707715
2015-09-22 14:00:00,27.2,77,0.4,7.9,317,5.387787044493738,-5.777694242791447
2015-09-22 15:00:00,26.5,78,0.3,6.8,328,3.603450996785793,-5.766727053863696
2015-09-22 16:00:00,26.2,80,0.3,6.3,336,2.5624408513775414,-5.755336383148386
2015-09-22 17:00:00,25.7,82,0.2,5.4,340,1.8469087739586119,-5.074340152243905
2015-09-22 18:00:00,25.1,87,0.0,6.3,347,1.4171916423663489,-6.1385314081469815
2015-09-22 19:00:00,25.0,84,0.0,6.5,3,-0.340183715579138,-6.49109197590473
2015-09-22 20:00:00,24.8,84,0.0,5.2,34,-2.907803098047882,-4.3109953772862175
2015-09-22 21:00:00,24.5,86,0.0,2.4,63,-2.138415658052083,-1.089577199374912
2015-09-22 22:00:00,24.3,87,0.0,2.5,82,-2.475670171853926,-0.3479327524001638
2015-09-22 23:00:00,24.1,88,0.0,2.3,72,-2.187429987478853,-0.7107390870623786
2015-09-23 00:00:00,23.7,89,0.0,3.6,84,-3.580278823325784,-0.3763024677635526
2015-09-23 01:00:00,22.2,93,0.0,3.6,84,-3.580278823325784,-0.3763024677635526
2015-09-23 02:00:00,21.6,93,0.0,3.1,69,-2.8940993221413254,-1.1109406435904314
2015-09-23 03:00:00,20.1,93,0.0,2.3,72,-2.187429987478853,-0.7107390870623786
2015-09-23 04:00:00,19.7,93,0.0,2.6,74,-2.499280409439629,-0.7166571251241974
2015-09-23 05:00:00,19.3,94,0.0,3.3,77,-3.2154212137912763,-0.7423384793347544
2015-09-23 06:00:00,19.1,94,0.0,3.9,68,-3.616017032810471,-1.460965714322057
2015-09-23 07:00:00,20.9,93,0.0,4.9,73,-4.685893304218874,-1.4326213531414103
2015-09-23 08:00:00,25.2,74,0.0,2.8,40,-1.7998053071223103,-2.144924440733138
2015-09-23 09:00:00,26.7,68,0.0,2.9,330,1.4500000000000002,-2.5114736709748717
2015-09-23 10:00:00,27.9,65,0.0,4.9,287,4.685893304218874,-1.4326213531414103
2015-09-23 11:00:00,28.5,66,0.0,7.3,290,6.859756131737131,-2.4967470462773815
2015-09-23 12:00:00,28.7,68,0.2,7.7,298,6.798696465013738,-3.6149310334513594
2015-09-23 13:00:00,28.3,67,0.4,8.1,302,6.86918957886705,-4.29234604028896
2015-09-23 14:00:00,27.5,71,0.5,9.0,307,7.187719590425635,-5.416335208368435
2015-09-23 15:00:00,27.5,73,0.3,6.4,308,5.043268823083021,-3.9402334420842133
2015-09-23 16:00:00,27.3,74,0.0,5.4,307,4.312631754255381,-3.2498011250210608
2015-09-23 17:00:00,27.0,75,0.0,5.6,310,4.289848881466277,-3.5996106142446194
2015-09-23 18:00:00,26.1,84,0.0,5.6,320,3.5996106142446203,-4.289848881466277
2015-09-23 19:00:00,25.7,80,0.0,4.5,331,2.181643291108517,-3.935788682127281
2015-09-23 20:00:00,25.5,80,0.0,2.5,360,1.5308084989341916e-16,-2.5
2015-09-23 21:00:00,25.1,81,0.0,3.0,14,-0.7257656867990033,-2.9108871788279895
2015-09-23 22:00:00,24.8,81,0.0,3.4,32,-1.801725498392897,-2.883363526931848
2015-09-23 23:00:00,23.5,85,0.0,3.6,53,-2.875087836170254,-2.1665340833473743
2015-09-24 00:00:00,22.2,87,0.0,3.1,54,-2.5079526825623377,-1.8221342821066664
2015-09-24 01:00:00,21.6,87,0.0,1.5,45,-1.0606601717798214,-1.0606601717798212
2015-09-24 02:00:00,21.6,84,0.0,0.8,333,0.3631923997916375,-0.7128052193506943
2015-09-24 03:00:00,20.7,84,0.0,0.4,360,2.4492935982947065e-17,-0.4
2015-09-24 04:00:00,20.7,82,0.0,1.1,108,-1.0461621679246689,0.3399186938124423
2015-09-24 05:00:00,20.2,82,0.0,2.1,121,-1.8000513314744357,1.0815799573111142
2015-09-24 06:00:00,19.5,83,0.0,1.5,135,-1.0606601717798212,1.0606601717798214
2015-09-24 07:00:00,21.1,88,0.0,0.5,135,-0.35355339059327373,0.3535533905932738
2015-09-24 08:00:00,25.8,67,0.0,1.9,292,1.761649323676896,-0.7117525274902328
2015-09-24 09:00:00,26.8,64,0.0,4.1,285,3.96029588778518,-1.061158084920335
2015-09-24 10:00:00,27.5,63,0.0,5.8,277,5.756767679519667,-0.7068421917498553
2015-09-24 11:00:00,28.2,63,0.0,6.5,276,6.4643923198937765,-0.6794350112397476
2015-09-24 12:00:00,28.6,63,0.0,5.9,281,5.791600382341218,-1.1257730727216144
2015-09-24 13:00:00,28.8,64,0.0,5.8,292,5.377666356487367,-2.1727182418122895
2015-09-24 14:00:00,29.0,66,0.0,6.0,295,5.437846722219899,-2.5357095704441965
2015-09-24 15:00:00,28.1,72,0.0,7.0,305,5.7340643100229425,-4.015035054457322
2015-09-24 16:00:00,27.6,74,0.1,7.7,311,5.811263767715345,-5.051654523226906
2015-09-24 17:00:00,27.0,76,0.4,6.1,315,4.31335136523794,-4.313351365237939
2015-09-24 18:00:00,26.1,82,0.0,5.3,332,2.4881992827652213,-4.679622242152313
2015-09-24 19:00:00,25.1,84,0.0,5.5,349,1.049449474570997,-5.3989495089621515
2015-09-24 20:00:00,24.3,87,0.0,4.8,27,-2.179154398749825,-4.276831316104166
2015-09-24 21:00:00,24.5,84,0.0,4.1,38,-2.524212048835198,-3.2308440897875603
2015-09-24 22:00:00,24.0,84,0.0,3.4,32,-1.801725498392897,-2.883363526931848
2015-09-24 23:00:00,23.2,86,0.0,3.1,36,-1.822134282106667,-2.507952682562337
2015-09-25 00:00:00,21.5,91,0.0,3.1,54,-2.5079526825623377,-1.8221342821066664
2015-09-25 01:00:00,20.7,95,0.0,3.3,84,-3.2819222547153015,-0.3449439287832565
2015-09-25 02:00:00,20.2,97,0.0,2.5,82,-2.475670171853926,-0.3479327524001638
2015-09-25 03:00:00,20.7,92,0.0,0.4,90,-0.4,4.898587196589413e-17
2015-09-25 04:00:00,20.4,91,0.0,0.4,360,2.4492935982947065e-17,-0.4
2015-09-25 05:00:00,20.2,90,0.0,0.8,63,-0.7128052193506944,-0.36319239979163737
2015-09-25 06:00:00,19.9,89,0.0,1.6,63,-1.4256104387013888,-0.7263847995832747
2015-09-25 07:00:00,21.7,91,0.0,1.8,79,-1.7669289302057951,-0.3434561916777805
2015-09-25 08:00:00,25.9,71,0.0,1.9,22,-0.7117525274902333,-1.7616493236768958
2015-09-25 09:00:00,26.9,67,0.0,2.6,326,1.4539015490239418,-2.1554976886431088
2015-09-25 10:00:00,27.8,66,0.0,5.4,307,4.312631754255381,-3.2498011250210608
2015-09-25 11:00:00,28.4,67,0.0,7.7,307,6.149493427364155,-4.6339756782707715
2015-09-25 12:00:00,28.6,68,0.2,8.9,313,6.509047944410617,-6.069785404556237
2015-09-25 13:00:00,28.5,70,0.3,9.0,323,5.4163352083684355,-7.187719590425635
2015-09-25 14:00:00,28.4,71,0.2,9.2,334,4.033014550459512,-8.268905225952336
2015-09-25 15:00:00,27.6,75,0.3,8.7,343,2.5436338310878095,-8.319851376878407
2015-09-25 16:00:00,27.3,76,0.2,10.1,354,1.0557374790032998,-10.04467114321956
2015-09-25 17:00:00,26.6,79,0.0,7.6,360,4.653657836759942e-16,-7.6
2015-09-25 18:00:00,25.6,83,0.0,6.8,3,-0.3558845024520213,-6.790680836331102
2015-09-25 19:00:00,24.4,87,0.0,5.1,39,-3.2095339943541727,-3.96344440343055
2015-09-25 20:00:00,23.6,89,0.0,3.6,53,-2.875087836170254,-2.1665340833473743
2015-09-25 21:00:00,24.2,83,0.0,1.5,45,-1.0606601717798214,-1.0606601717798212
2015-09-25 22:00:00,24.2,82,0.0,1.5,346,0.3628828433995015,-1.4554435894139948
2015-09-25 23:00:00,21.4,93,0.0,1.3,34,-0.7269507745119705,-1.0777488443215544
2015-09-26 00:00:00,20.5,95,0.0,2.9,83,-2.878383839759834,-0.3534210958749272
2015-09-26 01:00:00,20.2,95,0.0,2.4,63,-2.138415658052083,-1.089577199374912
2015-09-26 02:00:00,19.8,96,0.0,2.0,45,-1.4142135623730954,-1.414213562373095
2015-09-26 03:00:00,20.6,91,0.0,1.5,45,-1.0606601717798214,-1.0606601717798212
2015-09-26 04:00:00,20.5,90,0.0,1.6,63,-1.4256104387013888,-0.7263847995832747
2015-09-26 05:00:00,20.2,90,0.0,2.4,63,-2.138415658052083,-1.089577199374912
2015-09-26 06:00:00,20.2,89,0.0,4.6,51,-3.5748714227020653,-2.894873798829253
2015-09-26 07:00:00,22.1,87,0.0,4.8,27,-2.179154398749825,-4.276831316104166
2015-09-26 08:00:00,25.5,76,0.0,8.8,9,-1.3766232923540331,-8.691657397237211
2015-09-26 09:00:00,26.3,75,0.0,10.5,356,0.732442974313315,-10.474422527728153
2015-09-26 10:00:00,26.8,76,0.0,11.6,355,1.0110066158728344,-11.555858497864248
2015-09-26 11:00:00,27.3,76,0.0,12.3,353,1.4989929238833142,-12.208317665188261
2015-09-26 12:00:00,27.3,76,0.0,13.3,347,2.991849022773404,-12.959121861643629
2015-09-26 13:00:00,27.4,76,0.0,14.6,351,2.2839431895873714,-14.420249772689012
2015-09-26 14:00:00,27.3,76,0.0,15.2,356,1.0602984009107035,-15.162973563949327
2015-09-26 15:00:00,26.4,81,0.0,15.9,357,0.8321417042628091,-15.878209602597725
2015-09-26 16:00:00,25.8,83,0.0,14.8,359,0.2582956152717973,-14.79774588831459
2015-09-26 17:00:00,25.4,84,0.0,11.9,357,0.6227978792910333,-11.88369146357943
2015-09-26 18:00:00,24.4,86,0.0,9.7,360,5.939536975864663e-16,-9.7
2015-09-26 19:00:00,23.7,90,0.0,9.7,2,-0.33852511801425733,-9.694091022085228
2015-09-26 20:00:00,23.6,87,0.0,11.2,15,-2.898773305148231,-10.818369254437565
2015-09-26 21:00:00,22.9,90,0.0,9.2,21,-3.296985135816766,-8.588939923774255
2015-09-26 22:00:00,22.5,91,0.0,8.2,29,-3.975438886019962,-7.171881598543046
2015-09-26 23:00:00,21.8,92,0.0,7.6,31,-3.914289369316414,-6.514471485336052
2015-09-27 00:00:00,21.9,91,0.0,7.3,33,-3.9758649556096968,-6.122295146001595
2015-09-27 01:00:00,21.9,90,0.0,8.3,34,-4.6413010988071965,-6.881011852206848
2015-09-27 02:00:00,22.1,88,0.0,8.4,25,-3.549993398621873,-7.612985411107861
2015-09-27 03:00:00,22.4,82,0.0,8.1,21,-2.9027803913169357,-7.562001454627333
2015-09-27 04:00:00,22.1,83,0.0,8.4,20,-2.872969203935616,-7.8934180146016315
2015-09-27 05:00:00,22.1,83,0.0,8.4,20,-2.872969203935616,-7.8934180146016315
2015-09-27 06:00:00,22.0,83,0.0,8.4,20,-2.872969203935616,-7.8934180146016315
2015-09-27 07:00:00,22.0,86,0.0,9.5,9,-1.4861274178821948,-9.383039235653808
2015-09-27 08:00:00,23.5,82,0.0,13.0,2,-0.4536934571325099,-12.992080751248245
2015-09-27 09:00:00,24.0,81,0.0,15.1,359,0.26353133720298233,-15.097700196861508
2015-09-27 10:00:00,24.8,78,0.0,16.9,358,0.5898014942722682,-16.889704976622717
2015-09-27 11:00:00,25.5,75,0.0,19.1,357,0.9996167642402298,-19.07382411381236
2015-09-27 12:00:00,25.6,75,0.0,19.6,353,2.388639130740891,-19.45390457216991
2015-09-27 13:00:00,25.4,77,0.0,19.8,350,3.4382339178052224,-19.49919350964172
2015-09-27 14:00:00,24.7,78,0.0,19.7,352,2.7417100889132895,-19.508280954208935
2015-09-27 15:00:00,24.2,79,0.0,19.2,355,1.6733902607550362,-19.126938203361515
2015-09-27 16:00:00,23.8,80,0.0,16.7,354,1.7456253365698127,-16.608515652650162
2015-09-27 17:00:00,22.9,83,0.0,15.2,355,1.3247672897644036,-15.142159410994532
2015-09-27 18:00:00,22.3,85,0.0,11.6,355,1.0110066158728344,-11.555858497864248
2015-09-27 19:00:00,22.0,86,0.0,11.2,2,-0.3908743630680085,-11.193177262613872
2015-09-27 20:00:00,21.8,87,0.0,11.2,360,6.858022075225178e-16,-11.2
2015-09-27 21:00:00,21.6,88,0.0,10.4,2,-0.36295476570600793,-10.393664600998596
2015-09-27 22:00:00,21.3,90,0.0,11.5,358,0.4013442120787624,-11.492994510719601
2015-09-27 23:00:00,21.1,92,0.0,11.5,2,-0.40134421207875876,-11.492994510719601
2015-09-28 00:00:00,20.8,93,0.0,11.9,5,-1.0371533386971332,-11.854716907291772
2015-09-28 01:00:00,20.9,93,0.0,12.3,7,-1.4989929238833102,-12.208317665188263
2015-09-28 02:00:00,20.8,93,0.0,13.1,9,-2.0492914920270264,-12.938717261796302
2015-09-28 03:00:00,21.1,93,0.0,13.7,14,-3.3143299697154487,-13.293051449981151
2015-09-28 04:00:00,21.1,94,0.0,14.3,10,-2.483168940637104,-14.082750868074575
2015-09-28 05:00:00,21.3,94,0.0,13.1,9,-2.0492914920270264,-12.938717261796302
2015-09-28 06:00:00,21.4,95,0.1,13.5,9,-2.111865278043119,-13.333792598034359
2015-09-28 07:00:00,22.5,93,0.2,15.6,7,-1.901161757120296,-15.483719965604624
2015-09-28 08:00:00,23.5,91,0.3,18.1,6,-1.891965185144526,-18.00084630616575
2015-09-28 09:00:00,23.4,94,0.4,23.1,4,-1.611374543489301,-23.04372956100194
2015-09-28 10:00:00,24.0,92,0.6,21.6,359,0.37697197904532576,-21.596710215378053
2015-09-28 11:00:00,24.3,91,1.2,23.8,356,1.6602040751101805,-23.742024396183815
2015-09-28 12:00:00,24.6,92,1.7000000000000002,29.4,353,3.582958696111336,-29.180856858254867
2015-09-28 13:00:00,24.4,94,1.5,31.5,349,6.010483354361165,-30.921256278601415
2015-09-28 14:00:00,24.0,95,2.0,28.9,346,6.991542782830395,-28.041546489376298
2015-09-28 15:00:00,23.9,96,2.7,33.5,341,10.90653317431475,-31.67487228257711
2015-09-28 16:00:00,24.0,95,2.5,35.5,340,12.141715088061243,-33.359088037899745
2015-09-28 17:00:00,23.6,96,2.4,34.6,339,12.399531054267394,-32.30188275680318
2015-09-28 18:00:00,23.4,94,5.3,32.2,335,13.608308028050523,-29.18311074258013
2015-09-28 19:00:00,23.5,95,8.5,35.6,324,20.925154981612046,-28.80100499974813
2015-09-28 20:00:00,23.4,95,15.9,33.1,317,22.5741457180687,-24.207807523594543
2015-09-28 21:00:00,23.5,95,19.0,27.0,307,21.563158771276907,-16.249005625105305
2015-09-28 22:00:00,23.8,96,21.3,21.5,301,18.429096965095415,-11.073318610566165
2015-09-28 23:00:00,23.9,96,19.2,18.1,275,18.031124035460596,-1.577518943732613
2015-09-29 00:00:00,24.1,94,19.8,22.5,243,20.04764679423828,10.214786244139802
2015-09-29 01:00:00,23.7,93,23.1,37.7,227,27.57203455104273,25.711338174356193
2015-09-29 02:00:00,23.3,92,25.3,43.9,218,27.027538766796397,34.59367208333509
2015-09-29 03:00:00,23.0,89,20.9,40.1,205,16.946992295802048,36.342942260169664
2015-09-29 04:00:00,23.0,88,20.3,34.7,195,8.98102086505747,33.51762617223067
2015-09-29 05:00:00,23.5,87,16.7,28.7,192,5.967065526469696,28.07283614106022
2015-09-29 06:00:00,23.7,86,11.6,22.3,181,0.38918866355142423,22.296603601987528
2015-09-29 07:00:00,23.9,86,7.6,23.8,177,-1.2455957585820634,23.76738292715886
2015-09-29 08:00:00,24.2,85,4.5,24.2,177,-1.266530141079241,24.166834741060686
2015-09-29 09:00:00,24.3,84,2.3,22.8,175,-1.9871509346466079,22.7132391164918
2015-09-29 10:00:00,24.8,82,1.5,22.0,177,-1.1513910373447644,21.969849764600625
2015-09-29 11:00:00,25.5,81,0.7000000000000001,20.9,181,0.36475529453922717,20.896816828768575
2015-09-29 12:00:00,26.1,80,0.5,20.6,186,2.1532863433136615,20.48715104458643
2015-09-29 13:00:00,26.5,80,1.0,20.3,187,2.473947671124494,20.148686878318838
2015-09-29 14:00:00,26.3,82,0.2,17.1,187,2.083965772228022,16.972539193066606
2015-09-29 15:00:00,26.8,81,0.0,14.2,196,3.914050452601388,13.649916082324127
2015-09-29 16:00:00,26.3,83,0.0,15.4,196,4.244815279581787,14.80343011745011
2015-09-29 17:00:00,25.7,85,0.0,13.6,192,2.8275989951215283,13.302807369979755
2015-09-29 18:00:00,24.8,90,0.0,12.1,197,3.5376976271451146,11.571287547152728
2015-09-29 19:00:00,24.9,86,0.0,10.4,178,-0.36295476570600993,10.393664600998596
2015-09-29 20:00:00,25.1,84,0.0,9.8,174,-1.024378940023005,9.746314574609078
2015-09-29 21:00:00,24.9,85,0.0,10.0,167,-2.2495105434386504,9.743700647852352
2015-09-29 22:00:00,23.8,88,0.0,8.6,165,-2.2258437878816792,8.306962106085987
2015-09-29 23:00:00,24.0,87,0.0,8.8,168,-1.8296228791962823,8.607698886457491
2015-09-30 00:00:00,22.9,91,0.0,7.2,162,-2.224922359499621,6.847606917325106
2015-09-30 01:00:00,22.6,92,0.0,4.9,163,-1.4326213531414098,4.685893304218874
2015-09-30 02:00:00,23.4,90,0.0,4.1,165,-1.0611580849203355,3.96029588778518
2015-09-30 03:00:00,24.4,85,0.0,4.5,151,-2.1816432911085166,3.9357886821272814
2015-09-30 04:00:00,24.1,88,0.0,4.7,148,-2.4906205418960625,3.9858260519352027
2015-09-30 05:00:00,23.7,90,0.0,3.8,131,-2.8678964048465336,2.4930243101639276
2015-09-30 06:00:00,23.7,90,0.0,3.9,124,-3.2332465329646625,2.180852323535913
2015-09-30 07:00:00,24.0,92,0.0,2.9,83,-2.878383839759834,-0.3534210958749272
2015-09-30 08:00:00,25.3,89,0.0,1.9,338,0.7117525274902327,-1.761649323676896
2015-09-30 09:00:00,26.3,86,0.0,3.7,259,3.632020578756357,0.7059932828932158
2015-09-30 10:00:00,27.2,82,0.3,4.5,256,4.366330768241984,1.0886485301985047
2015-09-30 11:00:00,27.4,81,1.5,4.3,265,4.283637201794505,0.3747696938149301
2015-09-30 12:00:00,26.8,83,1.6,2.3,288,2.1874299874788528,-0.710739087062379
2015-09-30 13:00:00,26.9,82,1.0,2.5,225,1.7677669529663689,1.7677669529663687
2015-09-30 14:00:00,26.6,82,2.5,4.6,225,3.2526911934581184,3.252691193458118
2015-09-30 15:00:00,25.3,94,3.5,4.7,203,1.8364363038995866,4.32637281122647
2015-09-30 16:00:00,25.5,90,5.6,6.5,180,3.9801020972288977e-16,6.5
2015-09-30 17:00:00,24.6,92,1.2,1.8,180,1.1021821192326179e-16,1.8
2015-09-30 18:00:00,24.1,94,0.0,5.4,8,-0.7515347451843555,-5.34744757120448
2015-09-30 19:00:00,24.2,90,0.0,3.3,6,-0.3449439287832561,-3.281922254715302
2015-09-30 20:00:00,24.4,90,0.0,1.0,135,-0.7071067811865475,0.7071067811865476
2015-09-30 21:00:00,24.2,92,0.0,1.9,112,-1.7616493236768958,0.7117525274902332
2015-09-30 22:00:00,24.2,91,0.0,5.0,111,-4.667902132486009,1.7918397477265011
2015-09-30 23:00:00,22.0,97,0.0,4.6,108,-4.3748599749577055,1.4214781741247584
2015-10-01 00:00:00,22.0,95,0.0,2.5,90,-2.5,3.061616997868383e-16
2015-10-01 01:00:00,21.9,94,0.0,2.9,97,-2.8783838397598336,0.35342109587492787
2015-10-01 02:00:00,21.1,95,0.0,2.9,90,-2.9,3.5514757175273243e-16
2015-10-01 03:00:00,20.5,95,0.0,2.9,90,-2.9,3.5514757175273243e-16
2015-10-01 04:00:00,20.5,94,0.0,2.5,82,-2.475670171853926,-0.3479327524001638
2015-10-01 05:00:00,20.1,94,0.0,2.5,82,-2.475670171853926,-0.3479327524001638
2015-10-01 06:00:00,20.1,93,0.0,3.1,69,-2.8940993221413254,-1.1109406435904314
2015-10-01 07:00:00,21.4,93,0.0,4.4,81,-4.3458286986186065,-0.6883116461770152
2015-10-01 08:00:00,25.4,82,0.0,2.2,90,-2.2,2.6942229581241775e-16
2015-10-01 09:00:00,26.7,83,0.0,3.3,283,3.2154212137912763,-0.7423384793347545
2015-10-01 10:00:00,27.5,80,0.2,6.2,260,6.10580806867569,1.0766187015349682
2015-10-01 11:00:00,27.6,79,0.2,8.0,265,7.969557584733964,0.6972459419812653
2015-10-01 12:00:00,27.4,84,0.3,9.4,274,9.377102072442348,-0.6557108531947778
2015-10-01 13:00:00,27.9,80,0.9,6.0,287,5.737828535778212,-1.7542302283364206
2015-10-01 14:00:00,26.6,83,0.3,5.7,288,5.421022142882375,-1.7613968679372003
2015-10-01 15:00:00,27.2,82,0.8,6.9,279,6.815049550106451,-1.079397808777593
2015-10-01 16:00:00,26.7,84,0.0,4.0,260,3.939231012048832,0.6945927106677213
2015-10-01 17:00:00,26.3,85,0.0,3.2,243,2.8512208774027776,1.4527695991665497
2015-10-01 18:00:00,25.6,90,0.0,2.6,286,2.499280409439629,-0.7166571251241979
2015-10-01 19:00:00,25.5,88,0.0,1.8,233,1.437543918085127,1.083267041673687
2015-10-01 20:00:00,25.1,89,0.0,0.5,225,0.3535533905932738,0.35355339059327373
2015-10-01 21:00:00,24.9,90,0.0,1.6,27,-0.7263847995832751,-1.4256104387013886
2015-10-01 22:00:00,24.4,92,0.0,3.1,36,-1.822134282106667,-2.507952682562337
2015-10-01 23:00:00,22.8,96,0.0,4.2,20,-1.436484601967808,-3.9467090073008158
2015-10-02 00:00:00,21.8,96,0.0,4.9,36,-2.880147736233119,-3.9641832724372423
2015-10-02 01:00:00,22.1,96,0.0,7.1,49,-5.358438019581682,-4.6580191058326
2015-10-02 02:00:00,22.6,95,0.0,7.4,39,-4.656970893768801,-5.750880114781583
2015-10-02 03:00:00,22.4,95,0.0,6.1,50,-4.6728711030257655,-3.921004419087889
2015-10-02 04:00:00,23.3,94,0.0,4.8,48,-3.5670951622914924,-3.2118269105225195
2015-10-02 05:00:00,23.3,95,0.0,4.2,70,-3.9467090073008158,-1.4364846019678084
2015-10-02 06:00:00,22.1,98,0.0,3.3,84,-3.2819222547153015,-0.3449439287832565
2015-10-02 07:00:00,22.7,98,0.0,2.9,83,-2.878383839759834,-0.3534210958749272
2015-10-02 08:00:00,24.9,89,0.0,5.1,352,0.7097828148963339,-5.050367150582009
2015-10-02 09:00:00,26.0,85,0.0,6.4,344,1.7640790772287946,-6.1520748540052415
2015-10-02 10:00:00,27.1,80,0.1,6.3,329,3.244739871933341,-5.400153994423308
2015-10-02 11:00:00,27.9,77,0.4,6.9,317,4.70578868443124,-5.046340541172277
2015-10-02 12:00:00,27.6,79,0.8,7.9,321,4.971631089293717,-6.139453095510071
2015-10-02 13:00:00,27.9,78,0.3,8.7,322,5.356254835333226,-6.855693556378481
2015-10-02 14:00:00,27.4,80,0.8,8.7,330,4.3500000000000005,-7.534421012924615
2015-10-02 15:00:00,26.9,81,1.4,4.4,351,0.6883116461770161,-4.3458286986186065
2015-10-02 16:00:00,26.6,83,0.6,4.8,347,1.0797650608505516,-4.676976310969129
2015-10-02 17:00:00,25.8,86,1.6,3.7,331,1.7937955949114475,-3.2360929164157644
2015-10-02 18:00:00,24.5,90,3.4,3.8,49,-2.867896404846534,-2.4930243101639267
2015-10-02 19:00:00,23.9,92,0.9,4.6,108,-4.3748599749577055,1.4214781741247584
2015-10-02 20:00:00,25.0,84,0.0,1.3,124,-1.0777488443215542,0.726950774511971
2015-10-02 21:00:00,24.7,85,0.0,0.7000000000000001,270,0.7000000000000001,0.0
2015-10-02 22:00:00,22.6,93,1.8,1.5,225,1.0606601717798214,1.0606601717798212
2015-10-02 23:00:00,22.2,95,3.4,0.8,207,0.3631923997916375,0.7128052193506943
2015-10-03 00:00:00,22.2,95,2.2,0.5,45,-0.35355339059327384,-0.35355339059327373
2015-10-03 01:00:00,21.8,94,1.2,1.0,45,-0.7071067811865477,-0.7071067811865475
2015-10-03 02:00:00,22.3,89,0.4,1.9,68,-1.761649323676896,-0.7117525274902328
2015-10-03 03:00:00,23.8,86,0.0,2.6,74,-2.499280409439629,-0.7166571251241974
2015-10-03 04:00:00,24.0,84,0.0,2.4,63,-2.138415658052083,-1.089577199374912
2015-10-03 05:00:00,23.1,87,0.0,1.8,53,-1.437543918085127,-1.0832670416736871
2015-10-03 06:00:00,22.5,89,0.0,2.5,98,-2.475670171853926,0.3479327524001633
2015-10-03 07:00:00,23.1,92,0.0,1.8,90,-1.8,2.2043642384652358e-16
2015-10-03 08:00:00,25.7,89,0.0,1.8,307,1.437543918085127,-1.083267041673687
2015-10-03 09:00:00,26.7,85,0.0,3.9,292,3.616017032810471,-1.460965714322057
2015-10-03 10:00:00,27.4,82,0.0,5.8,292,5.377666356487367,-2.1727182418122895
2015-10-03 11:00:00,27.8,81,0.3,7.6,295,6.887939181478539,-3.211898789229316
2015-10-03 12:00:00,27.6,82,1.2,6.1,298,5.385980316439454,-2.8637765329939335
2015-10-03 13:00:00,27.5,80,4.1,2.6,344,0.7166571251241979,-2.499280409439629
2015-10-03 14:00:00,27.0,81,4.3,4.4,305,3.604268994871564,-2.523736319944603
2015-10-03 15:00:00,27.2,81,2.5,4.6,321,2.894873798829252,-3.5748714227020657
2015-10-03 16:00:00,26.9,83,0.6,4.4,325,2.5237363199446032,-3.604268994871564
2015-10-03 17:00:00,26.0,87,0.1,2.5,352,0.34793275240016364,-2.475670171853926
2015-10-03 18:00:00,24.3,90,3.3,1.9,68,-1.761649323676896,-0.7117525274902328
2015-10-03 19:00:00,23.3,89,2.2,4.3,90,-4.3,5.265981236333618e-16
2015-10-03 20:00:00,23.0,91,1.3,3.2,90,-3.2,3.9188697572715305e-16
2015-10-03 21:00:00,22.5,90,1.2,4.0,95,-3.984778792366982,0.3486229709906328
2015-10-03 22:00:00,22.1,90,1.3,5.2,106,-4.998560818879258,1.433314250248396
2015-10-03 23:00:00,22.2,87,1.1,5.2,102,-5.08636752381579,1.0811407922523484
2015-10-04 00:00:00,22.5,84,1.0,5.1,98,-5.050367150582009,0.7097828148963331
2015-10-04 01:00:00,22.6,83,1.0,5.1,98,-5.050367150582009,0.7097828148963331
2015-10-04 02:00:00,22.3,83,0.5,6.5,96,-6.4643923198937765,0.6794350112397493
2015-10-04 03:00:00,20.6,92,0.1,4.0,95,-3.984778792366982,0.3486229709906328
2015-10-04 04:00:00,21.8,84,0.0,3.2,90,-3.2,3.9188697572715305e-16
2015-10-04 05:00:00,21.0,86,0.5,4.1,105,-3.9602958877851795,1.0611580849203361
2015-10-04 06:00:00,20.3,88,0.5,5.1,94,-5.087576656325103,0.35575801609504015
2015-10-04 07:00:00,21.8,88,0.0,3.2,90,-3.2,3.9188697572715305e-16
2015-10-04 08:00:00,25.5,72,0.0,1.9,338,0.7117525274902327,-1.761649323676896
2015-10-04 09:00:00,26.0,75,0.0,4.1,315,2.899137802864845,-2.8991378028648445
2015-10-04 10:00:00,26.9,76,0.0,4.7,302,3.9858260519352022,-2.490620541896063
2015-10-04 11:00:00,27.7,75,0.0,4.5,299,3.935788682127281,-2.1816432911085166
2015-10-04 12:00:00,27.9,75,0.3,4.9,287,4.685893304218874,-1.4326213531414103
2015-10-04 13:00:00,28.3,75,0.5,5.8,274,5.78587149150698,-0.40458754771592675
2015-10-04 14:00:00,27.4,80,3.4,3.3,276,3.2819222547153015,-0.3449439287832564
2015-10-04 15:00:00,27.6,74,1.1,3.4,302,2.883363526931848,-1.8017254983928965
2015-10-04 16:00:00,26.9,77,1.6,1.9,292,1.761649323676896,-0.7117525274902328
2015-10-04 17:00:00,26.7,79,0.0,1.6,297,1.4256104387013888,-0.7263847995832748
2015-10-04 18:00:00,25.4,87,0.0,2.3,129,-1.7874357113510329,1.4474368994146258
2015-10-04 19:00:00,24.6,87,1.4,5.5,122,-4.664264528860342,2.914555953282627
2015-10-04 20:00:00,23.3,90,1.6,2.8,140,-1.7998053071223101,2.1449244407331385
2015-10-04 21:00:00,23.5,87,0.3,5.0,120,-4.330127018922194,2.4999999999999996
2015-10-04 22:00:00,24.3,82,0.0,5.6,117,-4.989636535454859,2.542346798541462
2015-10-04 23:00:00,22.9,86,0.0,6.1,140,-3.92100441908789,4.6728711030257655
2015-10-05 00:00:00,21.7,90,0.1,6.9,137,-4.705788684431239,5.0463405411722775
2015-10-05 01:00:00,21.2,91,0.4,6.4,128,-5.043268823083021,3.9402334420842138
2015-10-05 02:00:00,21.1,89,0.0,4.7,122,-3.9858260519352022,2.490620541896063
2015-10-05 03:00:00,21.6,84,0.0,3.6,127,-2.8750878361702545,2.1665340833473734
2015-10-05 04:00:00,22.1,80,0.0,1.3,124,-1.0777488443215542,0.726950774511971
2015-10-05 05:00:00,22.0,78,0.0,1.5,104,-1.4554435894139948,0.3628828433995016
2015-10-05 06:00:00,22.3,78,0.0,1.6,117,-1.4256104387013886,0.7263847995832751
2015-10-05 07:00:00,23.9,76,0.0,1.8,79,-1.7669289302057951,-0.3434561916777805
2015-10-05 08:00:00,25.5,75,0.0,1.4,360,8.572527594031472e-17,-1.4
2015-10-05 09:00:00,26.2,78,0.0,2.8,320,1.7998053071223101,-2.1449244407331385
2015-10-05 10:00:00,27.1,77,0.0,3.9,304,3.2332465329646625,-2.180852323535913
2015-10-05 11:00:00,27.7,76,0.0,6.0,287,5.737828535778212,-1.7542302283364206
2015-10-05 12:00:00,28.2,75,0.1,6.0,287,5.737828535778212,-1.7542302283364206
2015-10-05 13:00:00,27.9,77,0.9,5.0,291,4.667902132486009,-1.7918397477265013
2015-10-05 14:00:00,27.9,75,0.6,2.4,297,2.138415658052083,-1.0895771993749122
2015-10-05 15:00:00,27.5,77,0.1,3.8,311,2.8678964048465336,-2.4930243101639276
2015-10-05 16:00:00,27.2,77,0.9,3.8,319,2.4930243101639276,-2.8678964048465336
2015-10-05 17:00:00,26.6,80,0.0,3.4,328,1.8017254983928965,-2.883363526931848
2015-10-05 18:00:00,25.8,86,0.0,5.4,323,3.2498011250210617,-4.312631754255381
2015-10-05 19:00:00,25.8,84,0.0,0.8,27,-0.36319239979163753,-0.7128052193506943
2015-10-05 20:00:00,25.5,85,0.0,1.8,349,0.34345619167778085,-1.7669289302057951
2015-10-05 21:00:00,25.4,84,0.0,0.8,297,0.7128052193506944,-0.3631923997916374
2015-10-05 22:00:00,25.0,85,0.0,1.8,217,1.0832670416736871,1.437543918085127
2015-10-05 23:00:00,24.6,85,0.0,1.5,225,1.0606601717798214,1.0606601717798212
2015-10-06 00:00:00,22.4,91,0.4,1.8,143,-1.0832670416736871,1.4375439180851268
2015-10-06 01:00:00,21.5,92,0.2,3.1,144,-1.8221342821066664,2.5079526825623373
2015-10-06 02:00:00,21.9,89,0.0,5.2,155,-2.1976149610516367,4.71280049259058
2015-10-06 03:00:00,23.9,80,0.0,1.1,162,-0.3399186938124421,1.046162167924669
2015-10-06 04:00:00,23.3,81,0.0,1.1,72,-1.046162167924669,-0.33991869381244205
2015-10-06 05:00:00,22.8,82,0.0,2.1,121,-1.8000513314744357,1.0815799573111142
2015-10-06 06:00:00,23.1,79,0.0,1.8,180,1.1021821192326179e-16,1.8
2015-10-06 07:00:00,24.0,76,0.0,2.2,189,0.34415582308850806,2.1729143493093033
2015-10-06 08:00:00,25.0,80,0.0,2.8,230,2.1449244407331385,1.7998053071223097
2015-10-06 09:00:00,26.2,80,0.0,3.3,264,3.2819222547153015,0.3449439287832564
2015-10-06 10:00:00,27.1,80,0.0,4.7,279,4.6421352007971475,-0.7352419856890852
2015-10-06 11:00:00,27.6,78,0.3,5.8,277,5.756767679519667,-0.7068421917498553
2015-10-06 12:00:00,27.9,76,0.3,6.2,280,6.10580806867569,-1.0766187015349682
2015-10-06 13:00:00,28.1,75,0.0,5.8,277,5.756767679519667,-0.7068421917498553
2015-10-06 14:00:00,27.9,77,0.3,3.7,299,3.2360929164157644,-1.7937955949114472
2015-10-06 15:00:00,27.3,76,0.6,3.6,270,3.6,0.0
2015-10-06 16:00:00,26.5,78,0.6,3.5,246,3.197409101749103,1.4235782507653008
2015-10-06 17:00:00,26.1,79,0.6,3.4,238,2.883363526931848,1.8017254983928965
2015-10-06 18:00:00,24.9,84,1.0,4.1,195,1.061158084920335,3.96029588778518
2015-10-06 19:00:00,23.7,89,0.2,5.6,153,-2.542346798541461,4.98963653545486
2015-10-06 20:00:00,23.2,90,0.0,4.8,138,-3.2118269105225195,3.5670951622914924
2015-10-06 21:00:00,22.8,91,0.0,4.4,145,-2.5237363199446032,3.6042689948715636
2015-10-06 22:00:00,22.2,92,0.0,4.8,153,-2.179154398749824,4.276831316104166
2015-10-06 23:00:00,22.2,90,0.0,4.1,165,-1.0611580849203355,3.96029588778518
2015-10-07 00:00:00,22.7,86,0.0,4.2,160,-1.4364846019678086,3.9467090073008158
2015-10-07 01:00:00,21.3,92,0.0,4.2,160,-1.4364846019678086,3.9467090073008158
2015-10-07 02:00:00,20.8,92,0.0,4.2,160,-1.4364846019678086,3.9467090073008158
2015-10-07 03:00:00,21.6,84,0.0,3.8,163,-1.1110124779463992,3.633958072659535
2015-10-07 04:00:00,22.0,80,0.0,2.3,162,-0.7107390870623789,2.187429987478853
2015-10-07 05:00:00,21.6,80,0.0,1.5,166,-0.36288284339950166,1.4554435894139948
2015-10-07 06:00:00,21.1,80,0.0,1.1,180,6.735557395310444e-17,1.1
2015-10-07 07:00:00,21.7,82,0.0,1.9,158,-0.7117525274902329,1.761649323676896
2015-10-07 08:00:00,24.2,79,0.0,2.6,214,1.4539015490239418,2.1554976886431088
2015-10-07 09:00:00,25.1,79,0.0,4.3,228,3.195522749552795,2.8772616073430903
2015-10-07 10:00:00,26.0,77,0.0,4.7,247,4.32637281122647,1.8364363038995868
2015-10-07 11:00:00,26.8,74,0.0,5.8,266,5.78587149150698,0.40458754771592675
2015-10-07 12:00:00,27.1,73,0.0,6.1,273,6.0916401620029,-0.31924933308195735
2015-10-07 13:00:00,27.2,72,0.0,6.9,279,6.815049550106451,-1.079397808777593
2015-10-07 14:00:00,27.4,71,0.2,7.4,284,7.180188374442374,-1.7902220274375413
2015-10-07 15:00:00,26.7,74,0.2,6.8,288,6.467184310807044,-2.1013155617496424
2015-10-07 16:00:00,26.3,76,0.1,5.7,288,5.421022142882375,-1.7613968679372003
2015-10-07 17:00:00,25.9,77,0.0,4.5,284,4.366330768241984,-1.0886485301985047
2015-10-07 18:00:00,25.4,78,0.1,5.0,270,5.0,0.0
2015-10-07 19:00:00,24.4,83,0.0,4.5,241,3.935788682127281,2.1816432911085166
2015-10-07 20:00:00,23.4,86,0.0,4.2,200,1.436484601967809,3.9467090073008153
2015-10-07 21:00:00,22.4,89,0.0,5.0,180,3.061616997868383e-16,5.0
2015-10-07 22:00:00,21.6,91,0.0,6.0,163,-1.75423022833642,5.737828535778213
2015-10-07 23:00:00,20.7,94,0.0,6.2,144,-3.644268564213333,5.0159053651246746
2015-10-08 00:00:00,20.1,93,0.0,4.8,138,-3.2118269105225195,3.5670951622914924
2015-10-08 01:00:00,19.7,92,0.0,3.9,146,-2.180852323535912,3.233246532964663
2015-10-08 02:00:00,19.4,91,0.0,4.4,145,-2.5237363199446032,3.6042689948715636
2015-10-08 03:00:00,19.9,88,0.0,6.1,140,-3.92100441908789,4.6728711030257655
2015-10-08 04:00:00,19.6,87,0.0,5.9,133,-4.314986839553106,4.023790324368742
2015-10-08 05:00:00,19.0,88,0.0,4.8,132,-3.567095162291491,3.21182691052252
2015-10-08 06:00:00,18.6,88,0.0,4.3,138,-2.8772616073430903,3.195522749552795
2015-10-08 07:00:00,20.0,91,0.0,3.3,139,-2.1649947956686737,2.490541614735148
2015-10-08 08:00:00,24.5,73,0.0,2.9,180,1.7757378587636622e-16,2.9
2015-10-08 09:00:00,25.9,64,0.0,3.9,236,3.2332465329646625,2.180852323535913
2015-10-08 10:00:00,26.5,65,0.0,4.8,257,4.676976310969129,1.079765060850552
2015-10-08 11:00:00,26.9,66,0.0,4.9,253,4.685893304218874,1.4326213531414103
2015-10-08 12:00:00,26.9,67,0.0,6.0,253,5.737828535778212,1.7542302283364206
2015-10-08 13:00:00,26.2,71,1.5,6.3,257,6.1385314081469815,1.4171916423663495
2015-10-08 14:00:00,25.7,74,3.3,6.6,261,6.518743047927909,1.0324674692655236
2015-10-08 15:00:00,25.3,75,0.6,5.1,262,5.050367150582009,0.7097828148963337
2015-10-08 16:00:00,25.2,77,0.1,3.6,270,3.6,0.0
2015-10-08 17:00:00,25.2,77,0.0,2.5,262,2.475670171853926,0.3479327524001636
2015-10-08 18:00:00,24.7,78,0.3,3.1,225,2.1920310216782974,2.192031021678297
2015-10-08 19:00:00,24.6,77,0.2,2.4,243,2.138415658052083,1.0895771993749122
2015-10-08 20:00:00,24.0,79,0.0,1.3,214,0.7269507745119709,1.0777488443215544
2015-10-08 21:00:00,22.7,84,0.1,1.4,180,8.572527594031472e-17,1.4
2015-10-08 22:00:00,22.3,85,0.1,2.4,153,-1.089577199374912,2.138415658052083
2015-10-08 23:00:00,22.6,83,0.0,1.5,14,-0.36288284339950166,-1.4554435894139948
2015-10-09 00:00:00,20.4,91,0.0,2.8,40,-1.7998053071223103,-2.144924440733138
2015-10-09 01:00:00,19.9,93,0.2,1.3,56,-1.0777488443215544,-0.7269507745119708
2015-10-09 02:00:00,19.9,93,0.5,1.3,34,-0.7269507745119705,-1.0777488443215544
2015-10-09 03:00:00,22.4,84,0.0,1.3,56,-1.0777488443215544,-0.7269507745119708
2015-10-09 04:00:00,22.3,83,0.0,1.5,76,-1.4554435894139948,-0.3628828433995013
2015-10-09 05:00:00,22.0,83,0.0,2.5,82,-2.475670171853926,-0.3479327524001638
2015-10-09 06:00:00,22.4,82,0.0,5.0,30,-2.500000000000002,-4.330127018922192
2015-10-09 07:00:00,22.6,83,0.0,3.7,11,-0.7059932828932151,-3.632020578756357
2015-10-09 08:00:00,23.6,83,0.0,5.8,4,-0.40458754771592836,-5.78587149150698
2015-10-09 09:00:00,24.2,82,0.0,7.7,349,1.4692292643993958,-7.558529312547013
2015-10-09 10:00:00,24.8,80,0.0,8.0,333,3.6319239979163744,-7.128052193506942
2015-10-09 11:00:00,25.5,78,0.0,8.3,326,4.641301098807199,-6.881011852206847
2015-10-09 12:00:00,25.7,77,0.4,8.2,331,3.975438886019964,-7.171881598543044
2015-10-09 13:00:00,25.6,79,0.3,5.6,333,2.542346798541462,-4.989636535454859
2015-10-09 14:00:00,25.5,77,0.4,5.1,321,3.209533994354171,-3.963444403430551
2015-10-09 15:00:00,25.4,79,0.2,7.1,319,4.658019105832602,-5.358438019581681
2015-10-09 16:00:00,24.8,82,0.1,7.0,339,2.5085756468171025,-6.535062985480412
2015-10-09 17:00:00,24.0,86,0.0,4.1,345,1.061158084920335,-3.96029588778518
2015-10-09 18:00:00,23.5,89,0.0,2.9,353,0.3534210958749277,-2.8783838397598336
2015-10-09 19:00:00,22.8,92,0.0,2.7,337,1.0549740469210391,-2.485363104321589
2015-10-09 20:00:00,22.4,93,0.0,2.4,333,1.0895771993749124,-2.138415658052083
2015-10-09 21:00:00,21.7,95,0.0,0.8,333,0.3631923997916375,-0.7128052193506943
2015-10-09 22:00:00,21.3,95,0.0,1.4,90,-1.4,1.7145055188062944e-16
2015-10-09 23:00:00,21.5,94,0.0,1.6,63,-1.4256104387013888,-0.7263847995832747
2015-10-10 00:00:00,20.8,96,0.0,2.2,81,-2.1729143493093033,-0.3441558230885076
2015-10-10 01:00:00,20.3,96,0.0,1.8,90,-1.8,2.2043642384652358e-16
2015-10-10 02:00:00,20.8,94,0.0,1.8,101,-1.7669289302057951,0.34345619167778096
2015-10-10 03:00:00,19.3,95,0.0,1.5,76,-1.4554435894139948,-0.3628828433995013
2015-10-10 04:00:00,18.9,96,0.0,2.5,82,-2.475670171853926,-0.3479327524001638
2015-10-10 05:00:00,18.7,95,0.0,2.6,74,-2.499280409439629,-0.7166571251241974
2015-10-10 06:00:00,18.6,95,0.0,3.0,76,-2.9108871788279895,-0.7257656867990026
2015-10-10 07:00:00,19.8,96,0.0,3.5,114,-3.197409101749103,1.4235782507653014
2015-10-10 08:00:00,23.5,84,0.0,2.9,210,1.4500000000000002,2.5114736709748717
2015-10-10 09:00:00,23.9,82,0.2,5.6,243,4.98963653545486,2.5423467985414616
2015-10-10 10:00:00,24.1,82,0.7000000000000001,4.8,243,4.276831316104166,2.1791543987498243
2015-10-10 11:00:00,23.9,81,1.3,5.2,282,5.08636752381579,-1.0811407922523486
2015-10-10 12:00:00,24.6,78,0.5,5.4,307,4.312631754255381,-3.2498011250210608
2015-10-10 13:00:00,24.9,78,0.4,5.2,326,2.9078030980478835,-4.3109953772862175
2015-10-10 14:00:00,25.5,74,0.2,6.8,328,3.603450996785793,-5.766727053863696
2015-10-10 15:00:00,24.7,79,0.0,8.7,336,3.5386087947594613,-7.947845481490627
2015-10-10 16:00:00,24.1,83,0.0,9.0,344,2.4807362023529924,-8.65135526344487
2015-10-10 17:00:00,23.1,87,0.0,7.5,343,2.192787785420526,-7.172285669722766
2015-10-10 18:00:00,22.3,90,0.0,8.1,347,1.8221035401853058,-7.892397524760405
2015-10-10 19:00:00,21.6,92,0.0,7.2,3,-0.376818884949199,-7.190132650232932
2015-10-10 20:00:00,21.1,95,0.0,7.1,15,-1.8376152202278964,-6.858073366652385
2015-10-10 21:00:00,21.1,93,0.0,6.6,29,-3.199743493625823,-5.772490067120013
2015-10-10 22:00:00,21.2,91,0.0,5.5,32,-2.9145559532826275,-4.664264528860342
2015-10-10 23:00:00,20.6,93,0.0,5.6,27,-2.5423467985414625,-4.989636535454859
2015-10-11 00:00:00,20.3,92,0.0,5.8,30,-2.9000000000000026,-5.022947341949743
2015-10-11 01:00:00,20.3,91,0.0,6.5,34,-3.6347538725598527,-5.388744221607772
2015-10-11 02:00:00,20.3,90,0.0,6.7,36,-3.938161190359571,-5.420413862312147
2015-10-11 03:00:00,21.0,88,0.0,6.4,38,-3.940233442084212,-5.043268823083022
2015-10-11 04:00:00,20.8,89,0.0,4.3,42,-2.87726160734309,-3.195522749552796
2015-10-11 05:00:00,20.4,90,0.0,3.9,34,-2.1808523235359116,-3.233246532964663
2015-10-11 06:00:00,20.1,90,0.0,3.4,32,-1.801725498392897,-2.883363526931848
2015-10-11 07:00:00,20.6,88,0.0,4.1,15,-1.0611580849203346,-3.96029588778518
2015-10-11 08:00:00,22.1,85,0.0,7.6,357,0.3977532674463741,-7.589584464134761
2015-10-11 09:00:00,22.5,82,0.0,8.6,358,0.3001356716415093,-8.594761112364223
2015-10-11 10:00:00,23.2,79,0.0,8.4,350,1.4586446924022156,-8.272385125302547
2015-10-11 11:00:00,23.4,79,0.0,8.0,342,2.4721359549995796,-7.608452130361228
2015-10-11 12:00:00,23.3,80,0.0,8.6,338,3.2216167033768426,-7.973781149274371
2015-10-11 13:00:00,23.2,81,0.0,7.5,343,2.192787785420526,-7.172285669722766
2015-10-11 14:00:00,22.7,84,0.0,7.4,346,1.7902220274375409,-7.180188374442374
2015-10-11 15:00:00,23.9,79,0.0,8.7,343,2.5436338310878095,-8.319851376878407
2015-10-11 16:00:00,23.3,81,0.0,8.8,341,2.8649997592229797,-8.320563465273988
2015-10-11 17:00:00,22.5,83,0.0,8.4,340,2.872969203935618,-7.893418014601631
2015-10-11 18:00:00,21.6,88,0.0,7.0,339,2.5085756468171025,-6.535062985480412
2015-10-11 19:00:00,21.7,85,0.0,6.4,344,1.7640790772287946,-6.1520748540052415
2015-10-11 20:00:00,21.9,82,0.0,5.2,335,2.197614961051637,-4.7128004925905795
2015-10-11 21:00:00,21.7,83,0.0,4.0,333,1.8159619989581872,-3.564026096753471
2015-10-11 22:00:00,21.5,85,0.0,3.5,336,1.4235782507653008,-3.197409101749103
2015-10-11 23:00:00,21.1,88,0.0,3.1,36,-1.822134282106667,-2.507952682562337
2015-10-12 00:00:00,21.2,88,0.0,3.7,11,-0.7059932828932151,-3.632020578756357
2015-10-12 01:00:00,21.1,87,0.0,3.3,13,-0.7423384793347553,-3.215421213791276
2015-10-12 02:00:00,20.5,89,0.0,2.3,39,-1.447436899414627,-1.7874357113510322
2015-10-12 03:00:00,21.1,81,0.0,1.9,338,0.7117525274902327,-1.761649323676896
2015-10-12 04:00:00,20.9,82,0.0,2.7,337,1.0549740469210391,-2.485363104321589
2015-10-12 05:00:00,20.9,82,0.0,2.5,352,0.34793275240016364,-2.475670171853926
2015-10-12 06:00:00,20.8,82,0.0,0.5,45,-0.35355339059327384,-0.35355339059327373
2015-10-12 07:00:00,21.1,83,0.0,0.0,270,0.0,0.0
2015-10-12 08:00:00,21.5,85,0.0,1.1,252,1.0461621679246689,0.33991869381244216
2015-10-12 09:00:00,22.4,83,0.0,2.6,286,2.499280409439629,-0.7166571251241979
2015-10-12 10:00:00,22.9,83,0.0,4.2,290,3.9467090073008158,-1.4364846019678086
2015-10-12 11:00:00,23.7,81,0.0,5.2,286,4.998560818879258,-1.4333142502483958
2015-10-12 12:00:00,24.2,78,0.0,5.5,281,5.3989495089621515,-1.0494494745709964
2015-10-12 13:00:00,24.2,78,0.0,5.8,277,5.756767679519667,-0.7068421917498553
2015-10-12 14:00:00,24.5,78,0.0,5.4,274,5.386845871403051,-0.37668495821827663
2015-10-12 15:00:00,24.4,79,0.0,5.1,278,5.050367150582009,-0.7097828148963337
2015-10-12 16:00:00,24.0,81,0.0,4.7,279,4.6421352007971475,-0.7352419856890852
2015-10-12 17:00:00,23.4,84,0.0,3.3,283,3.2154212137912763,-0.7423384793347545
2015-10-12 18:00:00,22.7,87,0.0,3.8,311,2.8678964048465336,-2.4930243101639276
2015-10-12 19:00:00,22.3,88,0.0,3.3,319,2.1649947956686737,-2.4905416147351476
2015-10-12 20:00:00,22.2,88,0.0,2.2,351,0.34415582308850806,-2.1729143493093033
2015-10-12 21:00:00,22.1,89,0.0,2.4,27,-1.0895771993749126,-2.138415658052083
2015-10-12 22:00:00,21.9,89,0.0,1.3,236,1.0777488443215542,0.726950774511971
2015-10-12 23:00:00,21.2,91,0.1,3.6,217,2.1665340833473743,2.875087836170254
2015-10-13 00:00:00,20.7,93,0.2,3.9,202,1.4609657143220567,3.616017032810471
2015-10-13 01:00:00,20.6,93,0.4,2.8,220,1.7998053071223101,2.1449244407331385
2015-10-13 02:00:00,20.7,93,0.5,1.5,225,1.0606601717798214,1.0606601717798212
2015-10-13 03:00:00,20.9,90,0.4,1.0,225,0.7071067811865476,0.7071067811865475
2015-10-13 04:00:00,21.3,89,0.2,0.8,297,0.7128052193506944,-0.3631923997916374
2015-10-13 05:00:00,21.3,89,0.1,1.3,326,0.7269507745119709,-1.0777488443215544
2015-10-13 06:00:00,21.3,89,0.1,0.7000000000000001,360,4.2862637970157366e-17,-0.7000000000000001
2015-10-13 07:00:00,21.6,89,0.0,0.7000000000000001,270,0.7000000000000001,0.0
2015-10-13 08:00:00,22.6,87,0.0,2.3,309,1.7874357113510329,-1.4474368994146258
2015-10-13 09:00:00,23.6,83,0.0,3.6,307,2.875087836170254,-2.166534083347374
2015-10-13 10:00:00,24.5,80,0.0,5.9,308,4.64926344627966,-3.6324027044213842
2015-10-13 11:00:00,25.2,78,0.0,6.6,311,4.981083229470295,-4.329989591337347
2015-10-13 12:00:00,25.8,75,0.1,7.1,300,6.148780366869515,-3.5499999999999994
2015-10-13 13:00:00,25.8,76,0.0,7.6,301,6.5144714853360535,-3.9142893693164114
2015-10-13 14:00:00,25.5,77,0.1,8.3,304,6.881011852206846,-4.6413010988072
2015-10-13 15:00:00,24.8,76,0.3,8.7,315,6.151828996322964,-6.151828996322962
2015-10-13 16:00:00,24.2,77,0.1,8.2,322,5.048424097670398,-6.46168817957512
2015-10-13 17:00:00,23.2,80,0.0,5.9,317,4.023790324368742,-4.314986839553106
2015-10-13 18:00:00,22.2,84,0.0,3.8,319,2.4930243101639276,-2.8678964048465336
2015-10-13 19:00:00,21.1,91,0.0,1.8,323,1.0832670416736871,-1.437543918085127
2015-10-13 20:00:00,20.7,91,0.0,0.8,297,0.7128052193506944,-0.3631923997916374
2015-10-13 21:00:00,20.3,93,0.0,1.8,259,1.7669289302057951,0.34345619167778063
2015-10-13 22:00:00,20.0,93,0.1,3.1,249,2.8940993221413254,1.1109406435904308
2015-10-13 23:00:00,20.2,93,0.3,2.4,243,2.138415658052083,1.0895771993749122
2015-10-14 00:00:00,20.7,91,0.5,2.3,231,1.7874357113510329,1.4474368994146258
2015-10-14 01:00:00,20.6,92,0.6,1.6,243,1.4256104387013888,0.7263847995832748
2015-10-14 02:00:00,20.4,93,0.5,1.8,259,1.7669289302057951,0.34345619167778063
2015-10-14 03:00:00,20.8,88,0.2,1.8,307,1.437543918085127,-1.083267041673687
2015-10-14 04:00:00,20.8,88,0.2,2.9,7,-0.35342109587492676,-2.878383839759834
2015-10-14 05:00:00,20.2,89,0.0,4.6,18,-1.4214781741247586,-4.3748599749577055
2015-10-14 06:00:00,19.4,90,0.0,4.7,4,-0.32785542659739025,-4.688551036221174
2015-10-14 07:00:00,20.1,90,0.0,3.7,349,0.7059932828932162,-3.632020578756357
2015-10-14 08:00:00,21.9,82,0.0,5.0,339,1.791839747726502,-4.667902132486009
2015-10-14 09:00:00,23.1,78,0.0,4.9,324,2.8801477362331185,-3.9641832724372428
2015-10-14 10:00:00,23.9,75,0.0,6.3,301,5.400153994423308,-3.244739871933341
2015-10-14 11:00:00,24.2,74,0.1,8.4,295,7.61298541110786,-3.5499933986218752
2015-10-14 12:00:00,24.4,73,0.1,8.9,302,7.547628055792192,-4.716281451675524
2015-10-14 13:00:00,24.4,73,0.2,8.9,313,6.509047944410617,-6.069785404556237
2015-10-14 14:00:00,24.3,73,0.2,9.2,321,5.789747597658504,-7.149742845404131
2015-10-14 15:00:00,23.4,75,0.2,8.4,329,4.326319829244455,-7.200205325897744
2015-10-14 16:00:00,23.0,76,0.0,7.2,333,3.268731598124737,-6.415246974156248
2015-10-14 17:00:00,22.4,80,0.0,4.5,331,2.181643291108517,-3.935788682127281
2015-10-14 18:00:00,21.3,88,0.0,4.1,308,3.2308440897875594,-2.524212048835199
2015-10-14 19:00:00,20.6,89,0.0,2.6,304,2.1554976886431083,-1.453901549023942
2015-10-14 20:00:00,20.3,88,0.0,2.1,329,1.0815799573111138,-1.800051331474436
2015-10-14 21:00:00,20.3,88,0.0,1.8,349,0.34345619167778085,-1.7669289302057951
2015-10-14 22:00:00,20.2,88,0.0,1.5,14,-0.36288284339950166,-1.4554435894139948
2015-10-14 23:00:00,20.2,89,0.0,1.8,307,1.437543918085127,-1.083267041673687
2015-10-15 00:00:00,19.9,90,0.1,2.0,315,1.4142135623730951,-1.414213562373095
2015-10-15 01:00:00,19.9,90,0.3,2.4,333,1.0895771993749124,-2.138415658052083
2015-10-15 02:00:00,19.8,91,0.2,2.6,16,-0.7166571251241971,-2.4992804094396295
2015-10-15 03:00:00,20.1,85,0.0,2.6,34,-1.453901549023941,-2.1554976886431088
2015-10-15 04:00:00,19.8,86,0.0,2.1,31,-1.0815799573111144,-1.8000513314744355
2015-10-15 05:00:00,19.6,86,0.0,1.5,14,-0.36288284339950166,-1.4554435894139948
2015-10-15 06:00:00,19.3,87,0.0,2.2,351,0.34415582308850806,-2.1729143493093033
2015-10-15 07:00:00,19.6,87,0.0,1.8,349,0.34345619167778085,-1.7669289302057951
2015-10-15 08:00:00,21.4,82,0.0,4.1,322,2.524212048835199,-3.23084408978756
2015-10-15 09:00:00,22.4,79,0.0,5.9,317,4.023790324368742,-4.314986839553106
2015-10-15 10:00:00,23.3,77,0.0,7.4,313,5.412017391981862,-5.046787864462489
2015-10-15 11:00:00,23.7,76,0.0,7.6,315,5.374011537017761,-5.37401153701776
2015-10-15 12:00:00,23.9,75,0.1,7.9,317,5.387787044493738,-5.777694242791447
2015-10-15 13:00:00,24.4,74,0.1,8.2,319,5.379684037722159,-6.18861855782673
2015-10-15 14:00:00,24.4,74,0.2,7.9,321,4.971631089293717,-6.139453095510071
2015-10-15 15:00:00,24.0,72,0.0,8.0,324,4.702282018339785,-6.47213595499958
2015-10-15 16:00:00,23.6,74,0.0,7.7,332,3.61493103345136,-6.798696465013737
2015-10-15 17:00:00,22.8,77,0.0,5.6,333,2.542346798541462,-4.989636535454859
2015-10-15 18:00:00,21.3,86,0.0,5.3,332,2.4881992827652213,-4.679622242152313
2015-10-15 19:00:00,20.4,87,0.0,2.7,337,1.0549740469210391,-2.485363104321589
2015-10-15 20:00:00,19.6,89,0.0,1.1,360,6.735557395310444e-17,-1.1
2015-10-15 21:00:00,18.9,91,0.0,0.4,180,2.4492935982947065e-17,0.4
2015-10-15 22:00:00,18.3,93,0.0,1.3,214,0.7269507745119709,1.0777488443215544
2015-10-15 23:00:00,18.0,94,0.0,2.2,189,0.34415582308850806,2.1729143493093033
2015-10-16 00:00:00,18.3,95,0.0,3.6,186,0.3763024677635525,3.580278823325784
2015-10-16 01:00:00,18.4,96,0.2,4.5,194,1.0886485301985045,4.366330768241984
2015-10-16 02:00:00,18.9,96,0.2,4.4,189,0.6883116461770161,4.3458286986186065
2015-10-16 03:00:00,18.9,93,0.3,4.3,180,2.632990618166809e-16,4.3
2015-10-16 04:00:00,18.7,94,0.4,4.7,184,0.3278554265973886,4.688551036221174
2015-10-16 05:00:00,18.7,95,0.3,5.4,184,0.3766849582182763,5.386845871403051
2015-10-16 06:00:00,18.7,95,0.2,5.4,176,-0.3766849582182768,5.386845871403051
2015-10-16 07:00:00,19.6,95,0.2,3.3,193,0.7423384793347542,3.2154212137912763
2015-10-16 08:00:00,21.8,88,0.1,2.5,278,2.475670171853926,-0.3479327524001636
2015-10-16 09:00:00,22.7,83,0.0,3.6,307,2.875087836170254,-2.166534083347374
2015-10-16 10:00:00,24.0,79,0.0,4.9,306,3.9641832724372428,-2.8801477362331185
2015-10-16 11:00:00,24.9,76,0.0,7.0,305,5.7340643100229425,-4.015035054457322
2015-10-16 12:00:00,25.7,74,0.0,7.7,311,5.811263767715345,-5.051654523226906
2015-10-16 13:00:00,25.6,76,0.0,8.7,318,5.821436275322066,-6.46535998165333
2015-10-16 14:00:00,25.7,76,0.0,9.7,329,4.995869326627525,-8.31452281681049
2015-10-16 15:00:00,25.6,76,0.0,10.3,335,4.352968095929205,-9.334970206477495
2015-10-16 16:00:00,24.9,78,0.0,8.7,336,3.5386087947594613,-7.947845481490627
2015-10-16 17:00:00,24.1,81,0.0,4.8,333,2.1791543987498248,-4.276831316104166
2015-10-16 18:00:00,22.8,86,0.0,2.5,270,2.5,0.0
2015-10-16 19:00:00,21.5,91,0.0,4.0,185,0.34862297099063255,3.984778792366982
2015-10-16 20:00:00,20.8,95,0.0,5.1,172,-0.7097828148963332,5.050367150582009
2015-10-16 21:00:00,20.3,95,0.0,3.7,151,-1.793795594911447,3.236092916415765
2015-10-16 22:00:00,20.4,94,0.0,3.3,131,-2.4905416147351476,2.1649947956686737
2015-10-16 23:00:00,20.0,94,0.0,3.4,122,-2.883363526931848,1.8017254983928965
2015-10-17 00:00:00,19.8,93,0.0,3.1,111,-2.8940993221413254,1.1109406435904308
2015-10-17 01:00:00,19.3,93,0.0,2.2,81,-2.1729143493093033,-0.3441558230885076
2015-10-17 02:00:00,18.8,93,0.0,1.8,79,-1.7669289302057951,-0.3434561916777805
2015-10-17 03:00:00,18.8,90,0.0,1.9,68,-1.761649323676896,-0.7117525274902328
2015-10-17 04:00:00,18.7,91,0.0,2.1,59,-1.800051331474436,-1.0815799573111138
2015-10-17 05:00:00,18.3,92,0.0,2.3,51,-1.7874357113510326,-1.4474368994146265
2015-10-17 06:00:00,17.7,92,0.0,1.4,90,-1.4,1.7145055188062944e-16
2015-10-17 07:00:00,18.8,93,0.0,2.1,59,-1.800051331474436,-1.0815799573111138
2015-10-17 08:00:00,22.2,87,0.0,2.2,9,-0.3441558230885083,-2.172914349309303
2015-10-17 09:00:00,23.6,83,0.0,5.0,339,1.791839747726502,-4.667902132486009
2015-10-17 10:00:00,25.0,79,0.0,6.3,329,3.244739871933341,-5.400153994423308
2015-10-17 11:00:00,25.8,76,0.0,7.2,323,4.333068166694749,-5.750175672340508
2015-10-17 12:00:00,26.2,74,0.0,9.4,328,4.981241083792126,-7.9716521038704045
2015-10-17 13:00:00,26.5,72,0.0,10.3,335,4.352968095929205,-9.334970206477495
2015-10-17 14:00:00,26.1,73,0.0,9.2,334,4.033014550459512,-8.268905225952336
2015-10-17 15:00:00,26.2,70,0.0,8.3,326,4.641301098807199,-6.881011852206847
2015-10-17 16:00:00,25.5,73,0.0,7.2,323,4.333068166694749,-5.750175672340508
2015-10-17 17:00:00,24.3,78,0.0,4.8,318,3.2118269105225195,-3.5670951622914924
2015-10-17 18:00:00,22.8,84,0.0,3.4,302,2.883363526931848,-1.8017254983928965
2015-10-17 19:00:00,21.8,90,0.0,2.2,360,1.3471114790620887e-16,-2.2
2015-10-17 20:00:00,21.1,92,0.0,1.8,53,-1.437543918085127,-1.0832670416736871
2015-10-17 21:00:00,20.6,92,0.0,2.4,63,-2.138415658052083,-1.089577199374912
2015-10-17 22:00:00,20.1,92,0.0,2.3,72,-2.187429987478853,-0.7107390870623786
2015-10-17 23:00:00,19.7,92,0.0,2.3,72,-2.187429987478853,-0.7107390870623786
2015-10-18 00:00:00,19.4,91,0.0,2.3,72,-2.187429987478853,-0.7107390870623786
2015-10-18 01:00:00,19.1,92,0.0,2.5,90,-2.5,3.061616997868383e-16
2015-10-18 02:00:00,18.9,92,0.0,2.2,90,-2.2,2.6942229581241775e-16
2015-10-18 03:00:00,19.9,84,0.0,1.9,68,-1.761649323676896,-0.7117525274902328
2015-10-18 04:00:00,19.7,85,0.0,2.1,59,-1.800051331474436,-1.0815799573111138
2015-10-18 05:00:00,19.6,84,0.0,2.3,51,-1.7874357113510326,-1.4474368994146265
2015-10-18 06:00:00,19.7,84,0.0,3.4,58,-2.8833635269318485,-1.8017254983928963
2015-10-18 07:00:00,20.4,85,0.0,3.8,49,-2.867896404846534,-2.4930243101639267
2015-10-18 08:00:00,23.0,79,0.0,3.2,27,-1.4527695991665501,-2.851220877402777
2015-10-18 09:00:00,24.3,76,0.0,5.4,340,1.8469087739586119,-5.074340152243905
2015-10-18 10:00:00,25.6,72,0.0,7.9,336,3.2132194802988217,-7.217009115376547
2015-10-18 11:00:00,26.5,69,0.0,9.0,337,3.5165801564034633,-8.284543681071963
2015-10-18 12:00:00,27.0,67,0.0,9.7,333,4.403707847473604,-8.642763284627167
2015-10-18 13:00:00,26.9,67,0.0,10.0,334,4.383711467890775,-8.98794046299167
2015-10-18 14:00:00,27.0,68,0.1,10.3,335,4.352968095929205,-9.334970206477495
2015-10-18 15:00:00,26.5,72,0.0,9.7,338,3.633683956134346,-8.993683389297837
2015-10-18 16:00:00,26.0,75,0.0,7.8,338,2.9219314286441134,-7.232034065620942
2015-10-18 17:00:00,25.1,79,0.0,6.4,344,1.7640790772287946,-6.1520748540052415
2015-10-18 18:00:00,23.9,84,0.0,6.6,331,3.199743493625825,-5.772490067120011
2015-10-18 19:00:00,23.0,87,0.0,5.4,360,3.3065463576978537e-16,-5.4
2015-10-18 20:00:00,22.7,87,0.3,2.6,16,-0.7166571251241971,-2.4992804094396295
2015-10-18 21:00:00,22.2,89,1.2,1.3,34,-0.7269507745119705,-1.0777488443215544
2015-10-18 22:00:00,21.7,90,1.3,0.7000000000000001,180,4.2862637970157366e-17,0.7000000000000001
2015-10-18 23:00:00,21.4,91,0.8,1.4,180,8.572527594031472e-17,1.4
2015-10-19 00:00:00,21.3,92,0.6,0.7000000000000001,90,-0.7000000000000001,8.572527594031473e-17
2015-10-19 01:00:00,21.1,92,0.5,1.0,45,-0.7071067811865477,-0.7071067811865475
2015-10-19 02:00:00,21.0,92,0.5,1.8,79,-1.7669289302057951,-0.3434561916777805
2015-10-19 03:00:00,21.3,91,0.0,3.4,72,-3.2335921554035223,-1.0506577808748208
2015-10-19 04:00:00,21.7,88,0.0,3.9,68,-3.616017032810471,-1.460965714322057
2015-10-19 05:00:00,21.7,89,0.0,3.3,77,-3.2154212137912763,-0.7423384793347544
2015-10-19 06:00:00,21.5,89,0.0,4.0,85,-3.984778792366982,-0.3486229709906318
2015-10-19 07:00:00,21.8,90,0.0,2.1,59,-1.800051331474436,-1.0815799573111138
2015-10-19 08:00:00,24.2,85,0.0,1.6,333,0.726384799583275,-1.4256104387013886
2015-10-19 09:00:00,25.2,83,0.0,4.4,325,2.5237363199446032,-3.604268994871564
2015-10-19 10:00:00,26.3,80,0.0,4.1,322,2.524212048835199,-3.23084408978756
2015-10-19 11:00:00,27.2,77,0.0,6.3,301,5.400153994423308,-3.244739871933341
2015-10-19 12:00:00,27.7,75,0.2,8.4,301,7.200205325897744,-4.326319829244455
2015-10-19 13:00:00,27.3,77,0.7000000000000001,8.5,306,6.876644452187053,-4.996174644486022
2015-10-19 14:00:00,27.1,78,0.2,9.3,324,5.46640284632,-7.523858047687012
2015-10-19 15:00:00,26.4,80,0.9,8.4,335,3.5499933986218752,-7.61298541110786
2015-10-19 16:00:00,25.7,84,2.2,6.8,342,2.1013155617496424,-6.467184310807044
2015-10-19 17:00:00,25.1,89,2.8,5.0,339,1.791839747726502,-4.667902132486009
2015-10-19 18:00:00,24.1,92,2.5,4.6,321,2.894873798829252,-3.5748714227020657
2015-10-19 19:00:00,23.3,93,2.0,3.0,346,0.725765686799003,-2.9108871788279895
2015-10-19 20:00:00,22.8,93,1.4,0.0,270,0.0,0.0
2015-10-19 21:00:00,22.4,93,1.1,1.8,191,0.34345619167778085,1.7669289302057951
2015-10-19 22:00:00,22.1,93,0.8,1.8,191,0.34345619167778085,1.7669289302057951
2015-10-19 23:00:00,21.9,93,1.2,2.3,198,0.7107390870623791,2.1874299874788528
2015-10-20 00:00:00,21.7,93,1.5,3.2,180,1.9594348786357652e-16,3.2
2015-10-20 01:00:00,22.0,92,1.9,5.4,184,0.3766849582182763,5.386845871403051
2015-10-20 02:00:00,22.2,90,2.2,5.4,180,3.3065463576978537e-16,5.4
2015-10-20 03:00:00,22.0,93,1.7000000000000002,6.1,183,0.3192493330819582,6.0916401620029
2015-10-20 04:00:00,22.5,92,1.9,5.4,184,0.3766849582182763,5.386845871403051
2015-10-20 05:00:00,23.5,88,2.0,4.3,175,-0.3747696938149304,4.283637201794505
2015-10-20 06:00:00,22.3,92,3.0,3.0,194,0.725765686799003,2.9108871788279895
2015-10-20 07:00:00,23.0,91,4.3,3.3,229,2.4905416147351476,2.1649947956686737
2015-10-20 08:00:00,22.5,96,4.9,2.6,254,2.499280409439629,0.7166571251241979
2015-10-20 09:00:00,23.2,95,4.6,3.2,270,3.2,0.0
2015-10-20 10:00:00,23.5,95,3.9,4.3,275,4.283637201794505,-0.3747696938149301
2015-10-20 11:00:00,23.8,94,3.2,5.2,282,5.08636752381579,-1.0811407922523486
2015-10-20 12:00:00,24.2,92,3.3,5.0,291,4.667902132486009,-1.7918397477265013
2015-10-20 13:00:00,24.1,92,3.0,5.5,293,5.062776693988422,-2.149021206691006
2015-10-20 14:00:00,23.8,94,3.5,6.0,303,5.032023407672544,-3.2678342100901627
2015-10-20 15:00:00,24.3,90,5.5,4.5,299,3.935788682127281,-2.1816432911085166
2015-10-20 16:00:00,23.9,94,4.4,3.4,328,1.8017254983928965,-2.883363526931848
2015-10-20 17:00:00,23.5,95,3.4,2.1,329,1.0815799573111138,-1.800051331474436
2015-10-20 18:00:00,23.0,97,6.2,3.6,276,3.580278823325784,-0.37630246776355253
2015-10-20 19:00:00,23.1,95,7.8,3.0,284,2.9108871788279895,-0.7257656867990032
2015-10-20 20:00:00,22.9,94,9.1,2.9,300,2.511473670974872,-1.4499999999999997
2015-10-20 21:00:00,22.4,96,10.1,2.5,270,2.5,0.0
2015-10-20 22:00:00,22.4,95,10.4,1.8,191,0.34345619167778085,1.7669289302057951
2015-10-20 23:00:00,23.3,92,10.0,3.7,209,1.7937955949114475,3.2360929164157644
2015-10-21 00:00:00,23.5,92,9.3,4.7,212,2.490620541896063,3.9858260519352022
2015-10-21 01:00:00,23.4,92,8.0,5.1,225,3.6062445840513924,3.606244584051392
2015-10-21 02:00:00,23.3,92,7.1,3.4,238,2.883363526931848,1.8017254983928965
2015-10-21 03:00:00,22.6,94,6.4,2.5,225,1.7677669529663689,1.7677669529663687
2015-10-21 04:00:00,22.0,95,4.8,3.1,225,2.1920310216782974,2.192031021678297
2015-10-21 05:00:00,21.8,96,3.5,3.6,217,2.1665340833473743,2.875087836170254
2015-10-21 06:00:00,21.7,96,2.4,4.3,175,-0.3747696938149304,4.283637201794505
2015-10-21 07:00:00,21.5,96,1.8,4.0,180,2.4492935982947064e-16,4.0
2015-10-21 08:00:00,22.3,96,1.5,4.5,209,2.181643291108517,3.935788682127281
2015-10-21 09:00:00,23.0,95,1.1,6.4,218,3.9402334420842133,5.043268823083022
2015-10-21 10:00:00,23.3,95,1.1,7.1,229,5.358438019581681,4.658019105832602
2015-10-21 11:00:00,23.8,94,0.8,6.5,236,5.38874422160777,3.634753872559855
2015-10-21 12:00:00,23.7,93,0.8,5.4,233,4.312631754255381,3.2498011250210608
2015-10-21 13:00:00,23.5,91,1.2,5.6,230,4.289848881466277,3.5996106142446194
2015-10-21 14:00:00,23.4,93,1.8,4.1,232,3.2308440897875594,2.524212048835199
2015-10-21 15:00:00,23.8,89,1.5,4.7,238,3.9858260519352022,2.490620541896063
2015-10-21 16:00:00,23.5,92,1.0,3.7,241,3.2360929164157644,1.7937955949114472
2015-10-21 17:00:00,23.0,93,0.8,3.1,234,2.5079526825623373,1.8221342821066668
2015-10-21 18:00:00,22.6,95,0.7000000000000001,4.0,207,1.8159619989581872,3.564026096753471
2015-10-21 19:00:00,22.4,96,0.3,4.5,209,2.181643291108517,3.935788682127281
2015-10-21 20:00:00,22.2,96,0.2,5.0,201,1.791839747726502,4.667902132486009
2015-10-21 21:00:00,22.0,97,0.5,5.2,196,1.4333142502483958,4.998560818879258
2015-10-21 22:00:00,21.9,97,0.7000000000000001,5.1,184,0.35575801609503865,5.087576656325103
2015-10-21 23:00:00,21.8,97,0.7000000000000001,5.0,201,1.791839747726502,4.667902132486009
2015-10-22 00:00:00,21.8,97,0.7000000000000001,5.2,214,2.9078030980478835,4.3109953772862175
2015-10-22 01:00:00,21.7,96,1.6,5.3,208,2.4881992827652213,4.679622242152313
2015-10-22 02:00:00,21.7,97,1.1,4.9,197,1.4326213531414103,4.685893304218874
2015-10-22 03:00:00,21.7,95,2.5,5.5,191,1.049449474570997,5.3989495089621515
2015-10-22 04:00:00,21.6,94,2.9,4.7,184,0.3278554265973886,4.688551036221174
2015-10-22 05:00:00,21.5,95,2.8,3.4,162,-1.050657780874821,3.2335921554035223
2015-10-22 06:00:00,21.6,94,2.7,3.1,126,-2.507952682562337,1.822134282106667
2015-10-22 07:00:00,22.2,91,2.4,3.3,131,-2.4905416147351476,2.1649947956686737
2015-10-22 08:00:00,22.4,92,2.1,2.0,135,-1.414213562373095,1.4142135623730951
2015-10-22 09:00:00,23.1,91,1.4,0.4,180,2.4492935982947065e-17,0.4
2015-10-22 10:00:00,23.3,92,0.7000000000000001,0.7000000000000001,270,0.7000000000000001,0.0
2015-10-22 11:00:00,23.3,91,0.4,2.3,288,2.1874299874788528,-0.710739087062379
2015-10-22 12:00:00,23.6,89,0.2,3.4,288,3.233592155403522,-1.0506577808748212
2015-10-22 13:00:00,23.6,89,0.3,3.3,283,3.2154212137912763,-0.7423384793347545
2015-10-22 14:00:00,23.2,92,0.7000000000000001,2.4,297,2.138415658052083,-1.0895771993749122
2015-10-22 15:00:00,23.7,89,0.7000000000000001,2.4,297,2.138415658052083,-1.0895771993749122
2015-10-22 16:00:00,23.2,94,0.7000000000000001,1.8,307,1.437543918085127,-1.083267041673687
2015-10-22 17:00:00,23.1,94,0.5,2.2,279,2.1729143493093033,-0.34415582308850795
2015-10-22 18:00:00,22.3,96,0.4,1.6,333,0.726384799583275,-1.4256104387013886
2015-10-22 19:00:00,21.9,96,0.2,1.4,360,8.572527594031472e-17,-1.4
2015-10-22 20:00:00,21.8,96,0.1,1.1,342,0.3399186938124422,-1.0461621679246689
2015-10-22 21:00:00,21.7,96,0.0,0.7000000000000001,270,0.7000000000000001,0.0
2015-10-22 22:00:00,21.5,96,0.0,1.1,270,1.1,0.0
2015-10-22 23:00:00,21.3,97,0.0,0.8,297,0.7128052193506944,-0.3631923997916374
2015-10-23 00:00:00,21.3,97,0.1,1.1,360,6.735557395310444e-17,-1.1
2015-10-23 01:00:00,21.2,96,0.0,2.5,45,-1.7677669529663693,-1.7677669529663687
2015-10-23 02:00:00,21.4,95,0.0,3.4,58,-2.8833635269318485,-1.8017254983928963
2015-10-23 03:00:00,22.3,89,0.0,2.9,60,-2.5114736709748717,-1.4500000000000002
2015-10-23 04:00:00,22.2,89,0.0,2.1,59,-1.800051331474436,-1.0815799573111138
2015-10-23 05:00:00,22.0,89,0.0,2.0,45,-1.4142135623730954,-1.414213562373095
2015-10-23 06:00:00,22.0,88,0.0,1.6,63,-1.4256104387013888,-0.7263847995832747
2015-10-23 07:00:00,22.3,87,0.0,1.8,37,-1.083267041673687,-1.437543918085127
2015-10-23 08:00:00,23.3,87,0.0,3.0,346,0.725765686799003,-2.9108871788279895
2015-10-23 09:00:00,23.8,86,0.0,4.9,343,1.4326213531414103,-4.685893304218874
2015-10-23 10:00:00,24.7,83,0.0,6.8,342,2.1013155617496424,-6.467184310807044
2015-10-23 11:00:00,25.3,82,0.0,9.0,344,2.4807362023529924,-8.65135526344487
2015-10-23 12:00:00,25.6,81,0.0,9.4,342,2.904759747124506,-8.939931253174443
2015-10-23 13:00:00,26.2,78,0.0,8.8,348,1.8296228791962834,-8.60769888645749
2015-10-23 14:00:00,26.3,77,0.0,8.9,346,2.1531048708370424,-8.635631963856369
2015-10-23 15:00:00,25.1,84,0.3,8.5,348,1.7672493719509554,-8.314254606237347
2015-10-23 16:00:00,24.6,87,0.0,7.0,348,1.4553818357243162,-6.847033205136639
2015-10-23 17:00:00,24.0,89,0.0,4.6,342,1.4214781741247582,-4.3748599749577055
2015-10-23 18:00:00,23.1,94,0.0,3.3,347,0.7423384793347542,-3.2154212137912763
2015-10-23 19:00:00,23.0,93,0.0,2.6,16,-0.7166571251241971,-2.4992804094396295
2015-10-23 20:00:00,22.7,94,0.0,3.3,6,-0.3449439287832561,-3.281922254715302
2015-10-23 21:00:00,22.6,94,0.0,2.9,360,1.7757378587636622e-16,-2.9
2015-10-23 22:00:00,22.5,93,0.0,2.2,9,-0.3441558230885083,-2.172914349309303
2015-10-23 23:00:00,22.4,92,0.0,1.3,56,-1.0777488443215544,-0.7269507745119708
2015-10-24 00:00:00,21.8,92,0.0,1.3,124,-1.0777488443215542,0.726950774511971
2015-10-24 01:00:00,21.6,90,0.0,1.5,104,-1.4554435894139948,0.3628828433995016
2015-10-24 02:00:00,22.1,87,0.0,1.8,90,-1.8,2.2043642384652358e-16
2015-10-24 03:00:00,19.5,97,0.0,1.8,79,-1.7669289302057951,-0.3434561916777805
2015-10-24 04:00:00,19.2,95,0.0,2.2,81,-2.1729143493093033,-0.3441558230885076
2015-10-24 05:00:00,19.1,95,0.2,2.9,83,-2.878383839759834,-0.3534210958749272
2015-10-24 06:00:00,19.4,92,0.2,3.0,104,-2.9108871788279895,0.7257656867990032
2015-10-24 07:00:00,20.4,91,0.1,2.2,81,-2.1729143493093033,-0.3441558230885076
2015-10-24 08:00:00,23.4,85,0.0,1.5,14,-0.36288284339950166,-1.4554435894139948
2015-10-24 09:00:00,24.3,84,0.0,2.6,326,1.4539015490239418,-2.1554976886431088
2015-10-24 10:00:00,25.3,82,0.2,3.4,288,3.233592155403522,-1.0506577808748212
2015-10-24 11:00:00,25.8,80,0.2,5.4,278,5.34744757120448,-0.7515347451843534
2015-10-24 12:00:00,25.6,81,0.2,6.2,280,6.10580806867569,-1.0766187015349682
2015-10-24 13:00:00,26.0,81,0.0,5.2,286,4.998560818879258,-1.4333142502483958
2015-10-24 14:00:00,25.8,82,0.1,3.9,292,3.616017032810471,-1.460965714322057
2015-10-24 15:00:00,25.6,80,0.2,3.0,284,2.9108871788279895,-0.7257656867990032
2015-10-24 16:00:00,25.0,83,0.2,2.0,315,1.4142135623730951,-1.414213562373095
2015-10-24 17:00:00,24.1,88,0.3,0.8,297,0.7128052193506944,-0.3631923997916374
2015-10-24 18:00:00,23.4,91,0.3,2.2,81,-2.1729143493093033,-0.3441558230885076
2015-10-24 19:00:00,22.7,94,0.3,2.5,135,-1.7677669529663687,1.7677669529663689
2015-10-24 20:00:00,22.0,95,0.2,1.6,153,-0.7263847995832747,1.4256104387013888
2015-10-24 21:00:00,22.1,93,0.1,2.6,106,-2.499280409439629,0.716657125124198
2015-10-24 22:00:00,22.1,92,0.3,3.0,76,-2.9108871788279895,-0.7257656867990026
2015-10-24 23:00:00,21.2,93,0.2,3.1,54,-2.5079526825623377,-1.8221342821066664
2015-10-25 00:00:00,21.4,91,0.2,3.0,76,-2.9108871788279895,-0.7257656867990026
2015-10-25 01:00:00,22.3,86,0.1,1.8,101,-1.7669289302057951,0.34345619167778096
2015-10-25 02:00:00,22.0,86,0.0,2.4,153,-1.089577199374912,2.138415658052083
2015-10-25 03:00:00,21.9,85,0.6,2.2,171,-0.34415582308850784,2.1729143493093033
2015-10-25 04:00:00,22.1,84,0.6,0.7000000000000001,90,-0.7000000000000001,8.572527594031473e-17
2015-10-25 05:00:00,22.3,83,0.5,1.3,34,-0.7269507745119705,-1.0777488443215544
2015-10-25 06:00:00,22.2,84,0.2,2.4,63,-2.138415658052083,-1.089577199374912
2015-10-25 07:00:00,22.5,84,0.0,1.3,56,-1.0777488443215544,-0.7269507745119708
2015-10-25 08:00:00,23.4,86,0.0,2.1,329,1.0815799573111138,-1.800051331474436
2015-10-25 09:00:00,24.2,86,0.0,3.6,315,2.5455844122715714,-2.545584412271571
2015-10-25 10:00:00,25.1,82,0.0,4.0,297,3.5640260967534716,-1.815961998958187
2015-10-25 11:00:00,26.1,79,0.0,5.2,282,5.08636752381579,-1.0811407922523486
2015-10-25 12:00:00,26.7,77,0.2,5.4,290,5.074340152243906,-1.8469087739586112
2015-10-25 13:00:00,26.5,79,0.1,5.4,307,4.312631754255381,-3.2498011250210608
2015-10-25 14:00:00,26.1,80,0.2,5.6,310,4.289848881466277,-3.5996106142446194
2015-10-25 15:00:00,26.0,83,0.2,6.9,317,4.70578868443124,-5.046340541172277
2015-10-25 16:00:00,25.4,86,0.3,5.6,315,3.9597979746446663,-3.9597979746446654
2015-10-25 17:00:00,24.5,89,0.0,3.4,302,2.883363526931848,-1.8017254983928965
2015-10-25 18:00:00,23.6,93,0.0,3.7,259,3.632020578756357,0.7059932828932158
2015-10-25 19:00:00,22.6,97,0.0,2.6,254,2.499280409439629,0.7166571251241979
2015-10-25 20:00:00,22.2,97,0.2,3.0,256,2.9108871788279895,0.7257656867990032
2015-10-25 21:00:00,21.6,97,0.3,2.7,247,2.485363104321589,1.0549740469210394
2015-10-25 22:00:00,21.6,97,0.0,2.9,240,2.511473670974872,1.4499999999999997
2015-10-25 23:00:00,21.3,97,0.0,2.8,220,1.7998053071223101,2.1449244407331385
2015-10-26 00:00:00,21.1,97,0.2,3.3,221,2.1649947956686737,2.4905416147351476
2015-10-26 01:00:00,20.9,97,0.3,3.1,225,2.1920310216782974,2.192031021678297
2015-10-26 02:00:00,20.9,96,0.5,3.5,246,3.197409101749103,1.4235782507653008
2015-10-26 03:00:00,21.2,96,1.0,2.0,225,1.4142135623730951,1.414213562373095
2015-10-26 04:00:00,21.8,93,0.5,2.8,230,2.1449244407331385,1.7998053071223097
2015-10-26 05:00:00,22.0,92,0.1,2.6,254,2.499280409439629,0.7166571251241979
2015-10-26 06:00:00,22.5,90,0.0,0.5,135,-0.35355339059327373,0.3535533905932738
2015-10-26 07:00:00,22.6,90,0.0,0.8,153,-0.36319239979163737,0.7128052193506944
2015-10-26 08:00:00,23.6,87,0.0,2.7,247,2.485363104321589,1.0549740469210394
2015-10-26 09:00:00,24.4,85,0.0,5.8,248,5.377666356487367,2.1727182418122895
2015-10-26 10:00:00,25.4,81,0.0,7.9,246,7.217009115376547,3.2132194802988217
2015-10-26 11:00:00,25.2,79,0.2,8.6,255,8.306962106085987,2.2258437878816784
2015-10-26 12:00:00,24.3,83,0.7000000000000001,7.6,251,7.185941174554808,2.474317973874391
2015-10-26 13:00:00,24.3,82,1.4,6.8,252,6.467184310807044,2.1013155617496424
2015-10-26 14:00:00,24.8,80,0.6,6.8,245,6.162892951849219,2.873804179836756
2015-10-26 15:00:00,24.5,80,0.2,6.8,252,6.467184310807044,2.1013155617496424
2015-10-26 16:00:00,24.4,81,0.1,5.8,263,5.756767679519667,0.7068421917498553
2015-10-26 17:00:00,24.0,83,0.0,4.1,255,3.96029588778518,1.061158084920335
2015-10-26 18:00:00,23.1,89,0.0,5.4,228,4.012982057577929,3.6133052743378347
2015-10-26 19:00:00,22.1,93,0.1,5.5,212,2.914555953282627,4.664264528860342
2015-10-26 20:00:00,21.2,94,0.0,5.7,198,1.7613968679372005,5.421022142882375
2015-10-26 21:00:00,20.7,95,0.0,5.4,200,1.8469087739586119,5.074340152243905
2015-10-26 22:00:00,20.9,95,0.0,5.0,180,3.061616997868383e-16,5.0
2015-10-26 23:00:00,21.5,93,0.1,4.3,175,-0.3747696938149304,4.283637201794505
2015-10-27 00:00:00,21.4,95,0.0,2.6,164,-0.7166571251241975,2.499280409439629
2015-10-27 01:00:00,21.4,95,0.0,2.1,149,-1.081579957311114,1.800051331474436
2015-10-27 02:00:00,22.1,93,0.0,1.5,166,-0.36288284339950166,1.4554435894139948
2015-10-27 03:00:00,18.9,94,0.0,1.1,180,6.735557395310444e-17,1.1
2015-10-27 04:00:00,18.4,94,0.0,0.4,180,2.4492935982947065e-17,0.4
2015-10-27 05:00:00,18.3,94,0.0,0.0,270,0.0,0.0
2015-10-27 06:00:00,17.8,93,0.0,0.8,207,0.3631923997916375,0.7128052193506943
2015-10-27 07:00:00,18.6,93,0.0,1.6,117,-1.4256104387013886,0.7263847995832751
2015-10-27 08:00:00,22.7,81,0.0,0.5,45,-0.35355339059327384,-0.35355339059327373
2015-10-27 09:00:00,24.1,73,0.0,2.6,304,2.1554976886431083,-1.453901549023942
2015-10-27 10:00:00,24.8,72,0.0,3.9,304,3.2332465329646625,-2.180852323535913
2015-10-27 11:00:00,25.5,71,0.0,4.3,294,3.9282454678631837,-1.7489675652259409
2015-10-27 12:00:00,26.1,68,0.0,5.6,297,4.98963653545486,-2.5423467985414616
2015-10-27 13:00:00,26.3,67,0.0,6.8,302,5.766727053863696,-3.603450996785793
2015-10-27 14:00:00,26.3,67,0.0,6.5,304,5.38874422160777,-3.634753872559855
2015-10-27 15:00:00,26.0,70,0.0,6.6,299,5.772490067120011,-3.1997434936258244
2015-10-27 16:00:00,25.3,74,0.0,6.8,302,5.766727053863696,-3.603450996785793
2015-10-27 17:00:00,24.3,79,0.0,4.6,309,3.5748714227020657,-2.8948737988292517
2015-10-27 18:00:00,23.0,87,0.0,5.4,307,4.312631754255381,-3.2498011250210608
2015-10-27 19:00:00,23.0,85,0.0,2.9,330,1.4500000000000002,-2.5114736709748717
2015-10-27 20:00:00,22.5,88,0.0,2.9,30,-1.4500000000000013,-2.5114736709748713
2015-10-27 21:00:00,22.2,90,0.0,4.3,42,-2.87726160734309,-3.195522749552796
2015-10-27 22:00:00,22.0,91,0.0,4.1,52,-3.23084408978756,-2.5242120488351985
2015-10-27 23:00:00,22.0,91,0.0,2.6,56,-2.1554976886431088,-1.4539015490239415
2015-10-28 00:00:00,21.9,92,0.1,1.8,79,-1.7669289302057951,-0.3434561916777805
2015-10-28 01:00:00,21.8,92,0.1,1.0,45,-0.7071067811865477,-0.7071067811865475
2015-10-28 02:00:00,21.5,93,0.0,2.0,45,-1.4142135623730954,-1.414213562373095
2015-10-28 03:00:00,17.9,94,0.0,2.6,74,-2.499280409439629,-0.7166571251241974
2015-10-28 04:00:00,17.9,92,0.0,2.9,90,-2.9,3.5514757175273243e-16
2015-10-28 05:00:00,17.7,91,0.0,2.2,90,-2.2,2.6942229581241775e-16
2015-10-28 06:00:00,17.6,89,0.0,1.6,117,-1.4256104387013886,0.7263847995832751
2015-10-28 07:00:00,18.6,91,0.0,1.8,143,-1.0832670416736871,1.4375439180851268
2015-10-28 08:00:00,22.7,76,0.0,1.8,217,1.0832670416736871,1.437543918085127
2015-10-28 09:00:00,24.1,76,0.0,3.9,248,3.616017032810471,1.460965714322057
2015-10-28 10:00:00,24.8,78,0.0,5.7,252,5.421022142882375,1.7613968679372003
2015-10-28 11:00:00,25.6,77,0.0,7.1,255,6.858073366652385,1.8376152202278973
2015-10-28 12:00:00,25.9,76,0.0,7.9,267,7.889173324561134,0.4134540543192563
2015-10-28 13:00:00,25.9,76,0.1,8.8,279,8.691657397237213,-1.3766232923540318
2015-10-28 14:00:00,25.5,77,0.3,7.2,288,6.8476069173251055,-2.2249223594996215
2015-10-28 15:00:00,24.9,79,0.1,5.8,300,5.022947341949744,-2.8999999999999995
2015-10-28 16:00:00,24.8,79,0.0,5.4,307,4.312631754255381,-3.2498011250210608
2015-10-28 17:00:00,24.3,81,0.0,3.6,315,2.5455844122715714,-2.545584412271571
2015-10-28 18:00:00,23.6,83,0.0,4.0,297,3.5640260967534716,-1.815961998958187
2015-10-28 19:00:00,23.1,85,0.0,2.3,309,1.7874357113510329,-1.4474368994146258
2015-10-28 20:00:00,22.1,88,0.0,1.4,270,1.4,0.0
2015-10-28 21:00:00,21.4,89,0.0,1.1,198,0.3399186938124422,1.0461621679246689
2015-10-28 22:00:00,20.7,90,0.0,2.6,164,-0.7166571251241975,2.499280409439629
2015-10-28 23:00:00,20.5,89,0.0,2.9,180,1.7757378587636622e-16,2.9
2015-10-29 00:00:00,20.0,91,0.0,1.9,202,0.7117525274902327,1.761649323676896
2015-10-29 01:00:00,19.4,93,0.0,0.8,153,-0.36319239979163737,0.7128052193506944
2015-10-29 02:00:00,19.6,93,0.2,3.1,111,-2.8940993221413254,1.1109406435904308
2015-10-29 03:00:00,19.7,91,0.1,3.6,96,-3.580278823325784,0.37630246776355347
2015-10-29 04:00:00,19.5,89,0.0,3.2,90,-3.2,3.9188697572715305e-16
2015-10-29 05:00:00,19.7,87,0.0,3.3,84,-3.2819222547153015,-0.3449439287832565
2015-10-29 06:00:00,19.1,87,0.0,2.3,72,-2.187429987478853,-0.7107390870623786
2015-10-29 07:00:00,19.4,88,0.0,2.3,108,-2.1874299874788528,0.7107390870623792
2015-10-29 08:00:00,23.0,82,0.0,1.5,194,0.3628828433995015,1.4554435894139948
2015-10-29 09:00:00,24.4,81,0.0,3.0,256,2.9108871788279895,0.7257656867990032
2015-10-29 10:00:00,25.1,79,0.0,4.7,261,4.6421352007971475,0.7352419856890852
2015-10-29 11:00:00,25.6,77,0.2,6.5,273,6.49109197590473,-0.3401837155791349
2015-10-29 12:00:00,25.5,77,0.2,5.4,274,5.386845871403051,-0.37668495821827663
2015-10-29 13:00:00,25.5,78,0.2,5.4,278,5.34744757120448,-0.7515347451843534
2015-10-29 14:00:00,25.2,77,0.2,5.9,281,5.791600382341218,-1.1257730727216144
2015-10-29 15:00:00,25.2,74,0.2,3.5,294,3.197409101749103,-1.4235782507653008
2015-10-29 16:00:00,24.9,76,0.0,2.6,286,2.499280409439629,-0.7166571251241979
2015-10-29 17:00:00,24.3,79,0.0,3.7,299,3.2360929164157644,-1.7937955949114472
2015-10-29 18:00:00,22.8,89,0.0,2.5,352,0.34793275240016364,-2.475670171853926
2015-10-29 19:00:00,22.6,87,0.0,2.5,45,-1.7677669529663693,-1.7677669529663687
2015-10-29 20:00:00,22.4,88,0.0,3.1,54,-2.5079526825623377,-1.8221342821066664
2015-10-29 21:00:00,22.0,88,0.0,2.9,60,-2.5114736709748717,-1.4500000000000002
2015-10-29 22:00:00,21.0,89,0.0,2.9,60,-2.5114736709748717,-1.4500000000000002
2015-10-29 23:00:00,18.8,94,0.0,2.9,60,-2.5114736709748717,-1.4500000000000002
2015-10-30 00:00:00,17.8,95,0.0,2.6,56,-2.1554976886431088,-1.4539015490239415
2015-10-30 01:00:00,17.7,94,0.0,2.0,45,-1.4142135623730954,-1.414213562373095
2015-10-30 02:00:00,17.6,93,0.0,2.4,63,-2.138415658052083,-1.089577199374912
2015-10-30 03:00:00,17.1,94,0.0,2.9,83,-2.878383839759834,-0.3534210958749272
2015-10-30 04:00:00,17.0,92,0.0,3.8,107,-3.633958072659535,1.111012477946399
2015-10-30 05:00:00,16.4,94,0.0,3.7,119,-3.2360929164157644,1.7937955949114477
2015-10-30 06:00:00,16.0,95,0.0,3.3,131,-2.4905416147351476,2.1649947956686737
2015-10-30 07:00:00,17.0,94,0.0,2.7,113,-2.485363104321589,1.0549740469210394
2015-10-30 08:00:00,21.3,86,0.0,2.2,90,-2.2,2.6942229581241775e-16
2015-10-30 09:00:00,24.2,70,0.0,3.9,338,1.4609657143220567,-3.616017032810471
2015-10-30 10:00:00,25.1,72,0.0,6.8,335,2.873804179836756,-6.162892951849219
2015-10-30 11:00:00,25.6,73,0.0,8.2,337,3.203995253612044,-7.54813979831001
2015-10-30 12:00:00,25.8,73,0.0,9.7,338,3.633683956134346,-8.993683389297837
2015-10-30 13:00:00,25.6,74,0.2,10.2,342,3.151973342624464,-9.700776466210565
2015-10-30 14:00:00,25.5,75,0.3,10.6,342,3.275580140374443,-10.081199072728626
2015-10-30 15:00:00,24.9,79,0.2,9.9,350,1.7191169589026112,-9.74959675482086
2015-10-30 16:00:00,24.4,82,0.2,9.4,360,5.755839955992561e-16,-9.4
2015-10-30 17:00:00,23.2,87,0.0,7.3,351,1.1419715947936857,-7.210124886344506
2015-10-30 18:00:00,22.2,92,0.0,8.4,353,1.023702484603239,-8.337387673787106
2015-10-30 19:00:00,21.9,92,0.0,6.7,36,-3.938161190359571,-5.420413862312147
2015-10-30 20:00:00,21.7,92,0.0,4.0,27,-1.8159619989581877,-3.564026096753471
2015-10-30 21:00:00,20.9,93,0.0,3.1,45,-2.192031021678298,-2.192031021678297
2015-10-30 22:00:00,21.0,91,0.0,3.8,49,-2.867896404846534,-2.4930243101639267
2015-10-30 23:00:00,20.2,92,0.0,4.4,55,-3.604268994871564,-2.5237363199446032
2015-10-31 00:00:00,19.7,92,0.0,4.5,76,-4.366330768241984,-1.0886485301985038
2015-10-31 01:00:00,19.9,89,0.0,3.8,73,-3.6339580726595346,-1.1110124779463997
2015-10-31 02:00:00,19.7,89,0.0,3.8,73,-3.6339580726595346,-1.1110124779463997
2015-10-31 03:00:00,18.9,87,0.0,4.1,75,-3.96029588778518,-1.0611580849203353
2015-10-31 04:00:00,18.6,86,0.0,2.9,60,-2.5114736709748717,-1.4500000000000002
2015-10-31 05:00:00,18.1,87,0.0,3.1,45,-2.192031021678298,-2.192031021678297
2015-10-31 06:00:00,16.8,92,0.0,2.7,67,-2.485363104321589,-1.0549740469210387
2015-10-31 07:00:00,17.3,95,0.0,3.4,58,-2.8833635269318485,-1.8017254983928963
2015-10-31 08:00:00,21.9,85,0.0,2.3,39,-1.447436899414627,-1.7874357113510322
2015-10-31 09:00:00,23.8,77,0.0,4.6,342,1.4214781741247582,-4.3748599749577055
2015-10-31 10:00:00,24.7,76,0.0,6.6,331,3.199743493625825,-5.772490067120011
2015-10-31 11:00:00,25.4,75,0.0,7.8,326,4.361704647071825,-6.466493065929326
2015-10-31 12:00:00,25.6,74,0.0,8.7,330,4.3500000000000005,-7.534421012924615
2015-10-31 13:00:00,25.9,73,0.1,8.1,347,1.8221035401853058,-7.892397524760405
2015-10-31 14:00:00,25.6,75,0.2,6.6,347,1.4846769586695083,-6.430842427582553
2015-10-31 15:00:00,25.3,78,0.0,5.8,330,2.9000000000000004,-5.0229473419497435
2015-10-31 16:00:00,24.4,82,0.0,6.9,321,4.342310698243879,-5.3623071340531
2015-10-31 17:00:00,23.4,86,0.0,5.7,325,3.269385687200963,-4.669166652447253
2015-10-31 18:00:00,22.1,92,0.0,2.4,333,1.0895771993749124,-2.138415658052083
2015-10-31 19:00:00,21.2,95,0.0,0.5,225,0.3535533905932738,0.35355339059327373
2015-10-31 20:00:00,20.2,96,0.0,1.3,146,-0.7269507745119708,1.0777488443215544
2015-10-31 21:00:00,19.7,95,0.0,0.0,270,0.0,0.0
2015-10-31 22:00:00,19.3,95,0.0,0.8,27,-0.36319239979163753,-0.7128052193506943
2015-10-31 23:00:00,18.8,95,0.0,1.0,45,-0.7071067811865477,-0.7071067811865475
2015-11-01 00:00:00,18.4,95,0.0,1.6,117,-1.4256104387013886,0.7263847995832751
2015-11-01 01:00:00,18.2,94,0.0,1.8,90,-1.8,2.2043642384652358e-16
2015-11-01 02:00:00,18.3,94,0.0,1.8,79,-1.7669289302057951,-0.3434561916777805
2015-11-01 03:00:00,19.1,89,0.0,1.5,76,-1.4554435894139948,-0.3628828433995013
2015-11-01 04:00:00,19.6,87,0.0,2.1,59,-1.800051331474436,-1.0815799573111138
2015-11-01 05:00:00,20.2,85,0.0,2.6,74,-2.499280409439629,-0.7166571251241974
2015-11-01 06:00:00,19.6,86,0.0,1.5,45,-1.0606601717798214,-1.0606601717798212
2015-11-01 07:00:00,18.7,90,0.0,2.1,31,-1.0815799573111144,-1.8000513314744355
2015-11-01 08:00:00,21.8,86,0.0,1.8,349,0.34345619167778085,-1.7669289302057951
2015-11-01 09:00:00,23.2,84,0.0,4.3,318,2.8772616073430903,-3.195522749552795
2015-11-01 10:00:00,24.1,81,0.0,4.8,318,3.2118269105225195,-3.5670951622914924
2015-11-01 11:00:00,25.0,72,0.2,5.1,309,3.963444403430551,-3.2095339943541705
2015-11-01 12:00:00,24.7,75,0.3,7.9,313,5.777694242791447,-5.387787044493738
2015-11-01 13:00:00,24.1,77,0.1,8.5,332,3.9905082836800725,-7.505054539300878
2015-11-01 14:00:00,23.9,79,0.0,9.8,354,1.024378940023004,-9.746314574609078
2015-11-01 15:00:00,23.1,84,0.0,9.5,349,1.8126854560771768,-9.325458242752807
2015-11-01 16:00:00,22.8,85,0.0,10.4,346,2.515987714236544,-10.091075553270363
2015-11-01 17:00:00,21.9,88,0.0,9.6,347,2.159530121701103,-9.353952621938259
2015-11-01 18:00:00,21.0,91,0.0,9.4,353,1.1455718280083864,-9.329933825428427
2015-11-01 19:00:00,20.6,92,0.0,7.6,8,-1.0577155672965002,-7.526037322435934
2015-11-01 20:00:00,19.8,95,0.0,7.6,5,-0.6623836448822027,-7.571079705497266
2015-11-01 21:00:00,20.4,91,0.0,5.2,34,-2.907803098047882,-4.3109953772862175
2015-11-01 22:00:00,20.2,91,0.0,3.0,76,-2.9108871788279895,-0.7257656867990026
2015-11-01 23:00:00,20.0,92,0.0,2.5,82,-2.475670171853926,-0.3479327524001638
2015-11-02 00:00:00,19.6,93,0.0,2.0,45,-1.4142135623730954,-1.414213562373095
2015-11-02 01:00:00,18.2,95,0.0,2.4,63,-2.138415658052083,-1.089577199374912
2015-11-02 02:00:00,17.5,95,0.0,3.0,76,-2.9108871788279895,-0.7257656867990026
2015-11-02 03:00:00,16.6,95,0.0,2.8,40,-1.7998053071223103,-2.144924440733138
2015-11-02 04:00:00,16.9,95,0.0,3.9,34,-2.1808523235359116,-3.233246532964663
2015-11-02 05:00:00,19.1,88,0.0,4.6,45,-3.2526911934581193,-3.252691193458118
2015-11-02 06:00:00,19.4,86,0.0,5.8,60,-5.0229473419497435,-2.9000000000000004
2015-11-02 07:00:00,19.8,85,0.0,4.7,23,-1.836436303899587,-4.326372811226469
2015-11-02 08:00:00,21.0,86,0.0,8.4,7,-1.0237024846032363,-8.337387673787106
2015-11-02 09:00:00,22.3,83,0.0,8.3,358,0.289665822630759,-8.294943864258496
2015-11-02 10:00:00,23.3,81,0.0,8.8,341,2.8649997592229797,-8.320563465273988
2015-11-02 11:00:00,23.4,81,0.0,10.3,335,4.352968095929205,-9.334970206477495
2015-11-02 12:00:00,23.7,80,0.2,11.6,334,5.085105302753298,-10.426010937070338
2015-11-02 13:00:00,23.9,78,0.1,12.4,338,4.645121758357308,-11.497079796628164
2015-11-02 14:00:00,23.7,78,0.3,12.1,343,3.5376976271451146,-11.571287547152728
2015-11-02 15:00:00,23.3,79,0.1,11.5,340,3.9332316482451914,-10.806465139037945
2015-11-02 16:00:00,22.7,80,0.0,9.8,343,2.8652427062828205,-9.371786608437748
2015-11-02 17:00:00,21.9,83,0.0,7.5,343,2.192787785420526,-7.172285669722766
2015-11-02 18:00:00,20.6,91,0.0,6.5,357,0.3401837155791358,-6.49109197590473
2015-11-02 19:00:00,20.8,85,0.0,3.0,14,-0.7257656867990033,-2.9108871788279895
2015-11-02 20:00:00,20.3,86,0.0,1.5,14,-0.36288284339950166,-1.4554435894139948
2015-11-02 21:00:00,19.3,89,0.0,1.3,34,-0.7269507745119705,-1.0777488443215544
2015-11-02 22:00:00,18.8,90,0.0,1.8,37,-1.083267041673687,-1.437543918085127
2015-11-02 23:00:00,18.7,90,0.0,2.7,23,-1.0549740469210394,-2.4853631043215887
2015-11-03 00:00:00,18.8,89,0.0,3.3,41,-2.1649947956686737,-2.4905416147351476
2015-11-03 01:00:00,18.5,90,0.0,3.6,53,-2.875087836170254,-2.1665340833473743
2015-11-03 02:00:00,18.4,89,0.0,3.7,61,-3.236092916415765,-1.7937955949114468
2015-11-03 03:00:00,20.3,81,0.0,4.0,63,-3.5640260967534716,-1.8159619989581868
2015-11-03 04:00:00,20.3,80,0.0,4.2,59,-3.600102662948872,-2.1631599146222276
2015-11-03 05:00:00,20.3,79,0.0,4.1,52,-3.23084408978756,-2.5242120488351985
2015-11-03 06:00:00,19.5,81,0.0,3.6,53,-2.875087836170254,-2.1665340833473743
2015-11-03 07:00:00,19.0,84,0.0,3.6,45,-2.545584412271572,-2.545584412271571
2015-11-03 08:00:00,21.9,83,0.0,3.1,36,-1.822134282106667,-2.507952682562337
2015-11-03 09:00:00,23.5,76,0.0,4.0,350,0.6945927106677217,-3.939231012048832
2015-11-03 10:00:00,24.4,75,0.0,4.7,328,2.490620541896063,-3.9858260519352022
2015-11-03 11:00:00,25.3,73,0.0,7.1,315,5.020458146424487,-5.020458146424486
2015-11-03 12:00:00,25.3,74,0.0,8.2,319,5.379684037722159,-6.18861855782673
2015-11-03 13:00:00,25.7,74,0.0,8.7,322,5.356254835333226,-6.855693556378481
2015-11-03 14:00:00,25.8,74,0.2,8.1,328,4.29234604028896,-6.86918957886705
2015-11-03 15:00:00,24.9,78,0.9,8.4,329,4.326319829244455,-7.200205325897744
2015-11-03 16:00:00,24.7,80,0.0,8.3,326,4.641301098807199,-6.881011852206847
2015-11-03 17:00:00,23.7,85,0.0,7.2,323,4.333068166694749,-5.750175672340508
2015-11-03 18:00:00,22.1,94,0.0,3.1,339,1.1109406435904312,-2.8940993221413254
2015-11-03 19:00:00,21.8,92,0.0,2.5,8,-0.3479327524001646,-2.475670171853926
2015-11-03 20:00:00,20.8,94,0.0,1.6,63,-1.4256104387013888,-0.7263847995832747
2015-11-03 21:00:00,20.0,95,0.0,1.5,104,-1.4554435894139948,0.3628828433995016
2015-11-03 22:00:00,19.5,95,0.0,1.8,101,-1.7669289302057951,0.34345619167778096
2015-11-03 23:00:00,19.2,95,0.0,2.5,98,-2.475670171853926,0.3479327524001633
2015-11-04 00:00:00,19.1,94,0.0,2.6,74,-2.499280409439629,-0.7166571251241974
2015-11-04 01:00:00,18.9,93,0.0,2.1,59,-1.800051331474436,-1.0815799573111138
2015-11-04 02:00:00,18.7,92,0.0,1.9,68,-1.761649323676896,-0.7117525274902328
2015-11-04 03:00:00,18.6,90,0.0,2.3,72,-2.187429987478853,-0.7107390870623786
2015-11-04 04:00:00,18.6,89,0.0,2.6,56,-2.1554976886431088,-1.4539015490239415
2015-11-04 05:00:00,18.5,88,0.0,2.1,59,-1.800051331474436,-1.0815799573111138
2015-11-04 06:00:00,18.3,88,0.0,2.1,59,-1.800051331474436,-1.0815799573111138
2015-11-04 07:00:00,18.7,89,0.0,2.4,63,-2.138415658052083,-1.089577199374912
2015-11-04 08:00:00,22.8,85,0.0,1.3,146,-0.7269507745119708,1.0777488443215544
2015-11-04 09:00:00,24.6,75,0.0,2.6,236,2.1554976886431083,1.453901549023942
2015-11-04 10:00:00,25.8,73,0.0,4.6,231,3.5748714227020657,2.8948737988292517
2015-11-04 11:00:00,26.5,72,0.0,5.9,232,4.64926344627966,3.6324027044213842
2015-11-04 12:00:00,26.6,73,0.0,7.1,240,6.148780366869515,3.5499999999999994
2015-11-04 13:00:00,26.8,74,0.0,8.5,258,8.314254606237348,1.7672493719509543
2015-11-04 14:00:00,26.6,74,0.0,8.7,277,8.6351515192795,-1.060263287624783
2015-11-04 15:00:00,26.1,76,0.0,6.0,287,5.737828535778212,-1.7542302283364206
2015-11-04 16:00:00,25.7,79,0.0,4.8,283,4.676976310969129,-1.079765060850552
2015-11-04 17:00:00,24.7,83,0.2,3.3,276,3.2819222547153015,-0.3449439287832564
2015-11-04 18:00:00,23.6,91,0.2,2.5,315,1.7677669529663689,-1.7677669529663687
2015-11-04 19:00:00,22.8,93,0.1,1.8,323,1.0832670416736871,-1.437543918085127
2015-11-04 20:00:00,22.3,93,0.0,0.7000000000000001,360,4.2862637970157366e-17,-0.7000000000000001
2015-11-04 21:00:00,21.9,93,0.0,1.1,90,-1.1,1.3471114790620887e-16
2015-11-04 22:00:00,21.7,92,0.0,1.4,90,-1.4,1.7145055188062944e-16
2015-11-04 23:00:00,21.3,92,0.0,0.8,117,-0.7128052193506943,0.36319239979163753
2015-11-05 00:00:00,21.0,93,0.0,0.4,90,-0.4,4.898587196589413e-17
2015-11-05 01:00:00,20.6,93,0.0,0.8,63,-0.7128052193506944,-0.36319239979163737
2015-11-05 02:00:00,19.9,93,0.0,1.3,56,-1.0777488443215544,-0.7269507745119708
2015-11-05 03:00:00,19.0,95,0.0,1.3,34,-0.7269507745119705,-1.0777488443215544
2015-11-05 04:00:00,18.7,95,0.0,1.3,56,-1.0777488443215544,-0.7269507745119708
2015-11-05 05:00:00,18.4,96,0.0,1.9,68,-1.761649323676896,-0.7117525274902328
2015-11-05 06:00:00,18.2,96,0.0,3.4,72,-3.2335921554035223,-1.0506577808748208
2015-11-05 07:00:00,18.8,95,0.0,2.7,67,-2.485363104321589,-1.0549740469210387
2015-11-05 08:00:00,22.4,88,0.0,2.0,45,-1.4142135623730954,-1.414213562373095
2015-11-05 09:00:00,24.3,86,0.0,3.7,331,1.7937955949114475,-3.2360929164157644
2015-11-05 10:00:00,25.6,81,0.0,4.6,321,2.894873798829252,-3.5748714227020657
2015-11-05 11:00:00,26.3,78,0.0,5.9,317,4.023790324368742,-4.314986839553106
2015-11-05 12:00:00,26.2,78,0.0,6.6,319,4.329989591337347,-4.981083229470295
2015-11-05 13:00:00,26.6,77,0.0,7.9,317,5.387787044493738,-5.777694242791447
2015-11-05 14:00:00,26.3,76,0.3,7.4,321,4.656970893768798,-5.750880114781585
2015-11-05 15:00:00,26.1,78,0.3,6.0,335,2.5357095704441965,-5.437846722219899
2015-11-05 16:00:00,25.8,81,0.2,5.5,328,2.914555953282627,-4.664264528860342
2015-11-05 17:00:00,24.9,84,0.0,5.6,315,3.9597979746446663,-3.9597979746446654
2015-11-05 18:00:00,23.3,94,0.0,6.6,338,2.4724035165450187,-6.1194134401407965
2015-11-05 19:00:00,23.2,92,0.0,3.8,17,-1.111012477946401,-3.633958072659534
2015-11-05 20:00:00,22.7,94,0.0,2.9,30,-1.4500000000000013,-2.5114736709748713
2015-11-05 21:00:00,21.9,94,0.0,1.8,37,-1.083267041673687,-1.437543918085127
2015-11-05 22:00:00,21.4,94,0.0,1.1,90,-1.1,1.3471114790620887e-16
2015-11-05 23:00:00,21.4,93,0.0,0.7000000000000001,90,-0.7000000000000001,8.572527594031473e-17
2015-11-06 00:00:00,21.1,93,0.0,1.1,108,-1.0461621679246689,0.3399186938124423
2015-11-06 01:00:00,21.4,91,0.0,1.1,90,-1.1,1.3471114790620887e-16
2015-11-06 02:00:00,21.8,90,0.0,1.1,72,-1.046162167924669,-0.33991869381244205
2015-11-06 03:00:00,22.1,86,0.0,1.5,76,-1.4554435894139948,-0.3628828433995013
2015-11-06 04:00:00,21.8,87,0.0,1.9,68,-1.761649323676896,-0.7117525274902328
2015-11-06 05:00:00,21.1,88,0.0,1.5,76,-1.4554435894139948,-0.3628828433995013
2015-11-06 06:00:00,20.6,89,0.0,2.5,82,-2.475670171853926,-0.3479327524001638
2015-11-06 07:00:00,20.7,89,0.0,0.8,63,-0.7128052193506944,-0.36319239979163737
2015-11-06 08:00:00,23.1,89,0.0,0.8,207,0.3631923997916375,0.7128052193506943
2015-11-06 09:00:00,25.0,85,0.0,3.6,276,3.580278823325784,-0.37630246776355253
2015-11-06 10:00:00,25.9,82,0.0,5.2,282,5.08636752381579,-1.0811407922523486
2015-11-06 11:00:00,26.5,80,0.0,5.9,281,5.791600382341218,-1.1257730727216144
2015-11-06 12:00:00,27.1,78,0.0,6.9,276,6.862201078041086,-0.721246396546809
2015-11-06 13:00:00,27.1,78,0.0,7.6,270,7.6,0.0
2015-11-06 14:00:00,27.0,78,0.0,5.8,266,5.78587149150698,0.40458754771592675
2015-11-06 15:00:00,26.0,81,0.4,5.4,270,5.4,0.0
2015-11-06 16:00:00,25.5,83,0.1,5.7,288,5.421022142882375,-1.7613968679372003
2015-11-06 17:00:00,24.8,85,0.0,4.8,312,3.5670951622914924,-3.2118269105225195
2015-11-06 18:00:00,24.0,92,0.0,4.0,333,1.8159619989581872,-3.564026096753471
2015-11-06 19:00:00,23.7,90,0.0,1.3,326,0.7269507745119709,-1.0777488443215544
2015-11-06 20:00:00,22.2,95,0.0,1.3,236,1.0777488443215542,0.726950774511971
2015-11-06 21:00:00,21.6,96,0.0,1.8,259,1.7669289302057951,0.34345619167778063
2015-11-06 22:00:00,21.4,96,0.0,2.7,247,2.485363104321589,1.0549740469210394
2015-11-06 23:00:00,22.2,96,0.3,3.4,252,3.233592155403522,1.0506577808748212
2015-11-07 00:00:00,22.4,95,0.4,3.3,229,2.4905416147351476,2.1649947956686737
2015-11-07 01:00:00,22.2,96,0.4,3.4,198,1.0506577808748212,3.233592155403522
2015-11-07 02:00:00,21.6,94,0.3,4.0,180,2.4492935982947064e-16,4.0
2015-11-07 03:00:00,21.1,95,0.0,3.3,167,-0.7423384793347546,3.2154212137912763
2015-11-07 04:00:00,21.1,94,0.0,1.6,153,-0.7263847995832747,1.4256104387013888
2015-11-07 05:00:00,20.7,95,0.0,1.5,104,-1.4554435894139948,0.3628828433995016
2015-11-07 06:00:00,20.7,95,0.0,2.5,90,-2.5,3.061616997868383e-16
2015-11-07 07:00:00,21.9,92,0.0,1.8,53,-1.437543918085127,-1.0832670416736871
2015-11-07 08:00:00,23.2,92,0.0,1.9,22,-0.7117525274902333,-1.7616493236768958
2015-11-07 09:00:00,24.3,87,0.0,3.3,319,2.1649947956686737,-2.4905416147351476
2015-11-07 10:00:00,25.1,84,0.0,4.3,312,3.195522749552795,-2.8772616073430903
2015-11-07 11:00:00,25.8,81,0.2,5.9,308,4.64926344627966,-3.6324027044213842
2015-11-07 12:00:00,26.1,79,0.3,6.4,308,5.043268823083021,-3.9402334420842133
2015-11-07 13:00:00,26.1,78,0.1,7.1,315,5.020458146424487,-5.020458146424486
2015-11-07 14:00:00,26.2,77,0.2,6.9,321,4.342310698243879,-5.3623071340531
2015-11-07 15:00:00,25.9,77,0.1,6.0,327,3.2678342100901627,-5.032023407672544
2015-11-07 16:00:00,25.5,79,0.0,5.3,332,2.4881992827652213,-4.679622242152313
2015-11-07 17:00:00,24.9,81,0.0,5.3,332,2.4881992827652213,-4.679622242152313
2015-11-07 18:00:00,23.5,88,0.0,5.2,12,-1.0811407922523508,-5.086367523815789
2015-11-07 19:00:00,23.6,86,0.0,4.8,42,-3.211826910522519,-3.567095162291493
2015-11-07 20:00:00,23.3,86,0.0,3.6,53,-2.875087836170254,-2.1665340833473743
2015-11-07 21:00:00,23.0,86,0.0,3.9,56,-3.233246532964663,-2.180852323535912
2015-11-07 22:00:00,21.7,88,0.0,3.4,72,-3.2335921554035223,-1.0506577808748208
2015-11-07 23:00:00,20.8,89,0.0,2.2,90,-2.2,2.6942229581241775e-16
2015-11-08 00:00:00,20.5,88,0.0,1.8,143,-1.0832670416736871,1.4375439180851268
2015-11-08 01:00:00,19.0,95,0.0,2.8,140,-1.7998053071223101,2.1449244407331385
2015-11-08 02:00:00,18.8,95,0.0,2.5,135,-1.7677669529663687,1.7677669529663689
2015-11-08 03:00:00,18.4,94,0.0,2.8,130,-2.144924440733138,1.7998053071223103
2015-11-08 04:00:00,18.1,94,0.0,3.7,119,-3.2360929164157644,1.7937955949114477
2015-11-08 05:00:00,17.8,94,0.0,3.7,119,-3.2360929164157644,1.7937955949114477
2015-11-08 06:00:00,17.7,93,0.0,3.0,104,-2.9108871788279895,0.7257656867990032
2015-11-08 07:00:00,18.7,92,0.0,2.5,90,-2.5,3.061616997868383e-16
2015-11-08 08:00:00,22.8,85,0.0,0.5,45,-0.35355339059327384,-0.35355339059327373
2015-11-08 09:00:00,24.9,75,0.0,3.9,292,3.616017032810471,-1.460965714322057
2015-11-08 10:00:00,25.4,78,0.0,4.7,302,3.9858260519352022,-2.490620541896063
2015-11-08 11:00:00,26.1,77,0.0,5.5,302,4.664264528860342,-2.914555953282627
2015-11-08 12:00:00,26.6,75,0.0,5.9,308,4.64926344627966,-3.6324027044213842
2015-11-08 13:00:00,26.5,75,0.0,5.9,313,4.314986839553106,-4.023790324368742
2015-11-08 14:00:00,26.5,75,0.0,6.3,301,5.400153994423308,-3.244739871933341
2015-11-08 15:00:00,26.6,76,0.0,6.6,311,4.981083229470295,-4.329989591337347
2015-11-08 16:00:00,26.0,78,0.0,7.1,319,4.658019105832602,-5.358438019581681
2015-11-08 17:00:00,25.0,82,0.0,5.9,322,3.6324027044213842,-4.64926344627966
2015-11-08 18:00:00,23.5,92,0.0,3.8,343,1.1110124779463997,-3.6339580726595346
2015-11-08 19:00:00,23.4,90,0.0,4.0,355,0.34862297099063255,-3.984778792366982
2015-11-08 20:00:00,23.1,91,0.1,4.6,18,-1.4214781741247586,-4.3748599749577055
2015-11-08 21:00:00,22.9,92,0.4,3.3,41,-2.1649947956686737,-2.4905416147351476
2015-11-08 22:00:00,22.2,92,0.0,2.6,74,-2.499280409439629,-0.7166571251241974
2015-11-08 23:00:00,22.9,87,0.2,2.1,59,-1.800051331474436,-1.0815799573111138
2015-11-09 00:00:00,22.1,89,0.2,1.6,63,-1.4256104387013888,-0.7263847995832747
2015-11-09 01:00:00,21.0,90,0.2,2.2,90,-2.2,2.6942229581241775e-16
2015-11-09 02:00:00,20.9,88,0.0,3.2,90,-3.2,3.9188697572715305e-16
2015-11-09 03:00:00,21.8,85,0.0,2.4,63,-2.138415658052083,-1.089577199374912
2015-11-09 04:00:00,21.7,84,0.0,2.6,34,-1.453901549023941,-2.1554976886431088
2015-11-09 05:00:00,20.3,87,0.0,4.1,45,-2.8991378028648453,-2.8991378028648445
2015-11-09 06:00:00,18.7,92,0.0,5.6,63,-4.98963653545486,-2.542346798541461
2015-11-09 07:00:00,18.9,95,0.0,5.8,60,-5.0229473419497435,-2.9000000000000004
2015-11-09 08:00:00,22.6,88,0.0,5.2,56,-4.3109953772862175,-2.907803098047883
2015-11-09 09:00:00,24.8,80,0.0,6.2,10,-1.0766187015349682,-6.10580806867569
2015-11-09 10:00:00,25.8,74,0.0,8.4,353,1.023702484603239,-8.337387673787106
2015-11-09 11:00:00,26.5,72,0.0,10.9,351,1.705135668938517,-10.765802912487002
2015-11-09 12:00:00,26.8,71,0.0,13.1,351,2.049291492027025,-12.938717261796304
2015-11-09 13:00:00,26.7,72,0.0,14.1,354,1.4738513320739137,-14.022758724692652
2015-11-09 14:00:00,26.5,73,0.0,13.7,357,0.7170026005283323,-13.681224626137661
2015-11-09 15:00:00,25.8,78,0.0,12.6,355,1.0981623586204925,-12.552053195955994
2015-11-09 16:00:00,25.1,80,0.0,11.4,349,2.175222547292612,-11.19054989130337
2015-11-09 17:00:00,23.9,85,0.0,8.3,358,0.289665822630759,-8.294943864258496
2015-11-09 18:00:00,22.6,91,0.0,8.0,352,1.1133848076805237,-7.922144549932563
2015-11-09 19:00:00,22.2,90,0.0,4.9,36,-2.880147736233119,-3.9641832724372423
2015-11-09 20:00:00,22.1,90,0.0,3.1,45,-2.192031021678298,-2.192031021678297
2015-11-09 21:00:00,21.7,91,0.0,2.5,8,-0.3479327524001646,-2.475670171853926
2015-11-09 22:00:00,20.5,93,0.0,2.7,23,-1.0549740469210394,-2.4853631043215887
2015-11-09 23:00:00,19.3,95,0.0,2.5,45,-1.7677669529663693,-1.7677669529663687
2015-11-10 00:00:00,19.6,93,0.0,1.8,53,-1.437543918085127,-1.0832670416736871
2015-11-10 01:00:00,20.2,92,0.0,2.0,45,-1.4142135623730954,-1.414213562373095
2015-11-10 02:00:00,20.6,91,0.1,2.3,39,-1.447436899414627,-1.7874357113510322
2015-11-10 03:00:00,20.7,89,0.1,2.6,34,-1.453901549023941,-2.1554976886431088
2015-11-10 04:00:00,20.7,88,0.0,3.1,45,-2.192031021678298,-2.192031021678297
2015-11-10 05:00:00,20.7,88,0.0,2.8,40,-1.7998053071223103,-2.144924440733138
2015-11-10 06:00:00,20.4,88,0.0,2.5,45,-1.7677669529663693,-1.7677669529663687
2015-11-10 07:00:00,20.1,88,0.1,2.7,23,-1.0549740469210394,-2.4853631043215887
2015-11-10 08:00:00,22.1,85,0.0,4.0,355,0.34862297099063255,-3.984778792366982
2015-11-10 09:00:00,23.3,81,0.0,5.8,338,2.1727182418122895,-5.377666356487367
2015-11-10 10:00:00,24.2,79,0.0,8.1,328,4.29234604028896,-6.86918957886705
2015-11-10 11:00:00,25.1,77,0.0,7.7,332,3.61493103345136,-6.798696465013737
2015-11-10 12:00:00,25.2,76,0.1,7.2,333,3.268731598124737,-6.415246974156248
2015-11-10 13:00:00,25.3,74,0.2,7.9,336,3.2132194802988217,-7.217009115376547
2015-11-10 14:00:00,25.4,74,0.0,7.1,336,2.8878301658381815,-6.486172749262466
2015-11-10 15:00:00,24.9,75,0.0,6.2,339,2.2218812871808624,-5.788198644282651
2015-11-10 16:00:00,24.4,77,0.0,7.4,331,3.587591189822895,-6.472185832831529
2015-11-10 17:00:00,23.1,81,0.0,7.2,323,4.333068166694749,-5.750175672340508
2015-11-10 18:00:00,21.5,89,0.0,3.6,354,0.3763024677635525,-3.580278823325784
2015-11-10 19:00:00,21.3,86,0.0,1.8,37,-1.083267041673687,-1.437543918085127
2015-11-10 20:00:00,20.1,90,0.0,1.5,45,-1.0606601717798214,-1.0606601717798212
2015-11-10 21:00:00,19.2,92,0.0,2.1,59,-1.800051331474436,-1.0815799573111138
2015-11-10 22:00:00,18.8,92,0.0,1.5,45,-1.0606601717798214,-1.0606601717798212
2015-11-10 23:00:00,18.8,92,0.0,2.3,18,-0.7107390870623793,-2.1874299874788528
2015-11-11 00:00:00,18.8,92,0.0,3.4,72,-3.2335921554035223,-1.0506577808748208
2015-11-11 01:00:00,18.8,92,0.0,2.5,90,-2.5,3.061616997868383e-16
2015-11-11 02:00:00,18.9,91,0.0,2.3,72,-2.187429987478853,-0.7107390870623786
2015-11-11 03:00:00,18.1,89,0.0,2.2,81,-2.1729143493093033,-0.3441558230885076
2015-11-11 04:00:00,18.1,88,0.0,1.9,68,-1.761649323676896,-0.7117525274902328
2015-11-11 05:00:00,18.5,85,0.0,1.9,68,-1.761649323676896,-0.7117525274902328
2015-11-11 06:00:00,19.0,84,0.0,2.3,72,-2.187429987478853,-0.7107390870623786
2015-11-11 07:00:00,18.9,86,0.0,2.1,59,-1.800051331474436,-1.0815799573111138
2015-11-11 08:00:00,21.4,85,0.0,1.0,315,0.7071067811865476,-0.7071067811865475
2015-11-11 09:00:00,23.3,78,0.0,2.8,320,1.7998053071223101,-2.1449244407331385
2015-11-11 10:00:00,23.9,77,0.0,4.9,306,3.9641832724372428,-2.8801477362331185
2015-11-11 11:00:00,24.6,76,0.0,7.1,311,5.358438019581681,-4.658019105832602
2015-11-11 12:00:00,24.7,76,0.1,7.7,332,3.61493103345136,-6.798696465013737
2015-11-11 13:00:00,24.9,75,0.3,7.9,357,0.41345405431925736,-7.889173324561134
2015-11-11 14:00:00,24.1,77,0.3,7.6,352,1.0577155672964975,-7.5260373224359345
2015-11-11 15:00:00,24.2,78,0.0,6.5,341,2.116193003971519,-6.145870741395559
2015-11-11 16:00:00,24.1,78,0.0,5.2,326,2.9078030980478835,-4.3109953772862175
2015-11-11 17:00:00,23.4,81,0.0,5.6,315,3.9597979746446663,-3.9597979746446654
2015-11-11 18:00:00,22.3,89,0.0,1.5,284,1.4554435894139948,-0.3628828433995016
2015-11-11 19:00:00,22.3,85,0.0,0.4,180,2.4492935982947065e-17,0.4
2015-11-11 20:00:00,21.8,87,0.0,1.8,53,-1.437543918085127,-1.0832670416736871
2015-11-11 21:00:00,21.2,89,0.0,1.8,79,-1.7669289302057951,-0.3434561916777805
2015-11-11 22:00:00,19.9,93,0.0,1.5,76,-1.4554435894139948,-0.3628828433995013
2015-11-11 23:00:00,19.7,93,0.0,1.5,45,-1.0606601717798214,-1.0606601717798212
2015-11-12 00:00:00,19.7,92,0.0,2.5,45,-1.7677669529663693,-1.7677669529663687
2015-11-12 01:00:00,19.6,90,0.0,3.7,61,-3.236092916415765,-1.7937955949114468
2015-11-12 02:00:00,19.3,90,0.0,3.7,79,-3.632020578756357,-0.7059932828932155
2015-11-12 03:00:00,20.5,85,0.0,3.0,76,-2.9108871788279895,-0.7257656867990026
2015-11-12 04:00:00,19.7,86,0.0,2.1,59,-1.800051331474436,-1.0815799573111138
2015-11-12 05:00:00,19.3,86,0.0,2.1,59,-1.800051331474436,-1.0815799573111138
2015-11-12 06:00:00,18.3,88,0.0,3.0,76,-2.9108871788279895,-0.7257656867990026
2015-11-12 07:00:00,18.8,87,0.0,2.9,60,-2.5114736709748717,-1.4500000000000002
2015-11-12 08:00:00,21.9,85,0.0,2.3,51,-1.7874357113510326,-1.4474368994146265
2015-11-12 09:00:00,23.6,81,0.0,0.5,315,0.3535533905932738,-0.35355339059327373
2015-11-12 10:00:00,24.8,78,0.0,4.9,287,4.685893304218874,-1.4326213531414103
2015-11-12 11:00:00,25.6,76,0.0,6.4,297,5.702441754805555,-2.9055391983330994
2015-11-12 12:00:00,25.7,75,0.0,6.4,297,5.702441754805555,-2.9055391983330994
2015-11-12 13:00:00,25.5,76,0.2,6.9,298,6.092338390726597,-3.2393537832226467
2015-11-12 14:00:00,25.7,75,0.0,6.2,306,5.0159053651246746,-3.6442685642133337
2015-11-12 15:00:00,25.5,76,0.0,4.6,321,2.894873798829252,-3.5748714227020657
2015-11-12 16:00:00,25.1,78,0.0,3.8,311,2.8678964048465336,-2.4930243101639276
2015-11-12 17:00:00,24.3,81,0.0,5.0,291,4.667902132486009,-1.7918397477265013
2015-11-12 18:00:00,22.6,91,0.0,3.0,284,2.9108871788279895,-0.7257656867990032
2015-11-12 19:00:00,22.7,88,0.0,1.6,333,0.726384799583275,-1.4256104387013886
2015-11-12 20:00:00,22.3,90,0.0,0.8,333,0.3631923997916375,-0.7128052193506943
2015-11-12 21:00:00,22.1,91,0.0,0.5,315,0.3535533905932738,-0.35355339059327373
2015-11-12 22:00:00,21.9,91,0.2,0.5,225,0.3535533905932738,0.35355339059327373
2015-11-12 23:00:00,21.5,91,0.2,0.8,27,-0.36319239979163753,-0.7128052193506943
2015-11-13 00:00:00,21.3,90,0.1,0.5,45,-0.35355339059327384,-0.35355339059327373
2015-11-13 01:00:00,21.0,91,0.1,1.1,342,0.3399186938124422,-1.0461621679246689
2015-11-13 02:00:00,20.5,93,0.0,0.8,27,-0.36319239979163753,-0.7128052193506943
2015-11-13 03:00:00,21.5,91,0.2,1.3,34,-0.7269507745119705,-1.0777488443215544
2015-11-13 04:00:00,21.3,92,0.0,2.1,31,-1.0815799573111144,-1.8000513314744355
2015-11-13 05:00:00,21.2,93,0.0,2.6,56,-2.1554976886431088,-1.4539015490239415
2015-11-13 06:00:00,21.4,91,0.0,3.7,79,-3.632020578756357,-0.7059932828932155
2015-11-13 07:00:00,21.3,92,0.0,2.8,50,-2.1449244407331385,-1.7998053071223097
2015-11-13 08:00:00,22.0,94,0.0,2.5,8,-0.3479327524001646,-2.475670171853926
2015-11-13 09:00:00,23.6,86,0.0,4.8,318,3.2118269105225195,-3.5670951622914924
2015-11-13 10:00:00,23.9,80,0.0,5.9,317,4.023790324368742,-4.314986839553106
2015-11-13 11:00:00,24.2,80,0.0,6.1,320,3.92100441908789,-4.6728711030257655
2015-11-13 12:00:00,24.6,77,0.0,6.4,322,3.9402334420842133,-5.043268823083022
2015-11-13 13:00:00,24.7,78,0.2,6.4,333,2.9055391983331,-5.702441754805554
2015-11-13 14:00:00,24.6,78,0.0,5.6,333,2.542346798541462,-4.989636535454859
2015-11-13 15:00:00,24.7,80,0.0,6.2,339,2.2218812871808624,-5.788198644282651
2015-11-13 16:00:00,24.2,82,0.0,6.6,347,1.4846769586695083,-6.430842427582553
2015-11-13 17:00:00,23.4,84,0.0,6.5,360,3.9801020972288977e-16,-6.5
2015-11-13 18:00:00,22.6,88,0.0,8.7,17,-2.5436338310878126,-8.319851376878407
2015-11-13 19:00:00,21.2,92,0.0,7.9,30,-3.9500000000000037,-6.841600689897064
2015-11-13 20:00:00,20.7,91,0.0,6.1,50,-4.6728711030257655,-3.921004419087889
2015-11-13 21:00:00,20.6,89,0.0,5.2,65,-4.71280049259058,-2.1976149610516362
2015-11-13 22:00:00,21.2,85,0.0,3.4,72,-3.2335921554035223,-1.0506577808748208
2015-11-13 23:00:00,21.6,83,0.0,3.5,66,-3.197409101749103,-1.4235782507653008
2015-11-14 00:00:00,20.7,85,0.0,3.1,69,-2.8940993221413254,-1.1109406435904314
2015-11-14 01:00:00,19.9,87,0.0,2.5,90,-2.5,3.061616997868383e-16
2015-11-14 02:00:00,19.2,88,0.0,2.5,90,-2.5,3.061616997868383e-16
2015-11-14 03:00:00,20.5,83,0.0,2.5,82,-2.475670171853926,-0.3479327524001638
2015-11-14 04:00:00,19.9,84,0.0,3.1,69,-2.8940993221413254,-1.1109406435904314
2015-11-14 05:00:00,19.7,84,0.0,3.1,69,-2.8940993221413254,-1.1109406435904314
2015-11-14 06:00:00,18.6,88,0.0,2.1,59,-1.800051331474436,-1.0815799573111138
2015-11-14 07:00:00,18.4,91,0.0,3.5,66,-3.197409101749103,-1.4235782507653008
2015-11-14 08:00:00,21.8,86,0.0,2.6,56,-2.1554976886431088,-1.4539015490239415
2015-11-14 09:00:00,23.6,77,0.0,3.2,333,1.45276959916655,-2.851220877402777
2015-11-14 10:00:00,24.1,78,0.1,3.8,319,2.4930243101639276,-2.8678964048465336
2015-11-14 11:00:00,24.7,76,0.1,3.3,311,2.4905416147351476,-2.1649947956686737
2015-11-14 12:00:00,25.7,71,0.0,3.3,311,2.4905416147351476,-2.1649947956686737
2015-11-14 13:00:00,25.4,69,0.4,3.1,291,2.8940993221413254,-1.1109406435904308
2015-11-14 14:00:00,24.8,72,0.0,3.1,306,2.5079526825623373,-1.8221342821066668
2015-11-14 15:00:00,25.5,71,0.0,4.1,322,2.524212048835199,-3.23084408978756
2015-11-14 16:00:00,24.9,74,0.0,5.5,337,2.1490212066910055,-5.062776693988422
2015-11-14 17:00:00,23.8,79,0.0,6.0,343,1.7542302283364206,-5.737828535778212
2015-11-14 18:00:00,22.5,84,0.0,3.4,32,-1.801725498392897,-2.883363526931848
2015-11-14 19:00:00,22.2,82,0.0,3.5,66,-3.197409101749103,-1.4235782507653008
2015-11-14 20:00:00,21.6,82,0.0,3.1,69,-2.8940993221413254,-1.1109406435904314
2015-11-14 21:00:00,21.0,82,0.0,2.4,63,-2.138415658052083,-1.089577199374912
2015-11-14 22:00:00,20.4,82,0.0,2.6,56,-2.1554976886431088,-1.4539015490239415
2015-11-14 23:00:00,19.9,82,0.0,2.4,63,-2.138415658052083,-1.089577199374912
2015-11-15 00:00:00,19.5,82,0.0,2.7,67,-2.485363104321589,-1.0549740469210387
2015-11-15 01:00:00,19.0,82,0.0,3.1,69,-2.8940993221413254,-1.1109406435904314
2015-11-15 02:00:00,18.5,82,0.0,3.2,63,-2.8512208774027776,-1.4527695991665495
2015-11-15 03:00:00,16.0,91,0.0,3.1,69,-2.8940993221413254,-1.1109406435904314
2015-11-15 04:00:00,15.4,97,0.0,4.4,81,-4.3458286986186065,-0.6883116461770152
2015-11-15 05:00:00,15.2,96,0.0,4.0,85,-3.984778792366982,-0.3486229709906318
2015-11-15 06:00:00,15.3,93,0.0,3.3,77,-3.2154212137912763,-0.7423384793347544
2015-11-15 07:00:00,16.3,91,0.0,4.5,76,-4.366330768241984,-1.0886485301985038
2015-11-15 08:00:00,20.7,89,0.0,2.9,83,-2.878383839759834,-0.3534210958749272
2015-11-15 09:00:00,24.2,71,0.0,1.8,307,1.437543918085127,-1.083267041673687
2015-11-15 10:00:00,25.2,70,0.0,3.9,292,3.616017032810471,-1.460965714322057
2015-11-15 11:00:00,25.8,69,0.0,5.2,286,4.998560818879258,-1.4333142502483958
2015-11-15 12:00:00,26.1,69,0.0,7.1,294,6.486172749262466,-2.8878301658381815
2015-11-15 13:00:00,26.0,69,0.2,7.6,301,6.5144714853360535,-3.9142893693164114
2015-11-15 14:00:00,26.1,68,0.3,5.9,317,4.023790324368742,-4.314986839553106
2015-11-15 15:00:00,25.8,70,0.2,4.7,337,1.8364363038995866,-4.32637281122647
2015-11-15 16:00:00,25.6,71,0.1,4.4,325,2.5237363199446032,-3.604268994871564
2015-11-15 17:00:00,24.7,76,0.0,4.4,305,3.604268994871564,-2.523736319944603
2015-11-15 18:00:00,23.8,78,0.0,2.9,300,2.511473670974872,-1.4499999999999997
2015-11-15 19:00:00,23.2,81,0.0,1.1,360,6.735557395310444e-17,-1.1
2015-11-15 20:00:00,21.8,86,0.0,1.5,76,-1.4554435894139948,-0.3628828433995013
2015-11-15 21:00:00,20.3,91,0.0,3.3,96,-3.2819222547153015,0.3449439287832573
2015-11-15 22:00:00,19.3,92,0.0,4.0,117,-3.564026096753471,1.8159619989581874
2015-11-15 23:00:00,18.7,92,0.0,4.9,126,-3.9641832724372423,2.880147736233119
2015-11-16 00:00:00,18.4,92,0.0,3.7,119,-3.2360929164157644,1.7937955949114477
2015-11-16 01:00:00,17.8,93,0.0,2.5,98,-2.475670171853926,0.3479327524001633
2015-11-16 02:00:00,17.6,93,0.0,2.5,90,-2.5,3.061616997868383e-16
2015-11-16 03:00:00,17.0,92,0.0,2.5,90,-2.5,3.061616997868383e-16
2015-11-16 04:00:00,17.0,91,0.0,2.2,81,-2.1729143493093033,-0.3441558230885076
2015-11-16 05:00:00,16.8,91,0.0,2.9,90,-2.9,3.5514757175273243e-16
2015-11-16 06:00:00,16.5,92,0.0,2.2,81,-2.1729143493093033,-0.3441558230885076
2015-11-16 07:00:00,16.8,92,0.0,1.8,90,-1.8,2.2043642384652358e-16
2015-11-16 08:00:00,21.3,87,0.0,0.5,135,-0.35355339059327373,0.3535533905932738
2015-11-16 09:00:00,23.7,82,0.0,3.1,291,2.8940993221413254,-1.1109406435904308
2015-11-16 10:00:00,24.7,80,0.0,3.3,283,3.2154212137912763,-0.7423384793347545
2015-11-16 11:00:00,25.6,77,0.0,5.5,281,5.3989495089621515,-1.0494494745709964
2015-11-16 12:00:00,25.9,76,0.0,6.6,292,6.1194134401407965,-2.472403516545019
2015-11-16 13:00:00,25.8,77,0.0,6.0,303,5.032023407672544,-3.2678342100901627
2015-11-16 14:00:00,25.8,76,0.0,6.2,306,5.0159053651246746,-3.6442685642133337
2015-11-16 15:00:00,25.7,77,0.0,5.9,313,4.314986839553106,-4.023790324368742
2015-11-16 16:00:00,25.1,79,0.0,5.6,320,3.5996106142446203,-4.289848881466277
2015-11-16 17:00:00,24.2,82,0.0,4.6,321,2.894873798829252,-3.5748714227020657
2015-11-16 18:00:00,23.2,86,0.0,3.9,22,-1.460965714322058,-3.6160170328104706
2015-11-16 19:00:00,22.9,87,0.0,3.1,54,-2.5079526825623377,-1.8221342821066664
2015-11-16 20:00:00,22.5,87,0.0,3.1,54,-2.5079526825623377,-1.8221342821066664
2015-11-16 21:00:00,20.9,89,0.0,3.1,69,-2.8940993221413254,-1.1109406435904314
2015-11-16 22:00:00,19.9,90,0.0,2.9,90,-2.9,3.5514757175273243e-16
2015-11-16 23:00:00,19.4,90,0.0,2.5,90,-2.5,3.061616997868383e-16
2015-11-17 00:00:00,19.1,90,0.0,2.5,90,-2.5,3.061616997868383e-16
2015-11-17 01:00:00,18.4,90,0.0,2.2,90,-2.2,2.6942229581241775e-16
2015-11-17 02:00:00,18.0,92,0.0,2.2,81,-2.1729143493093033,-0.3441558230885076
2015-11-17 03:00:00,18.8,87,0.0,2.3,72,-2.187429987478853,-0.7107390870623786
2015-11-17 04:00:00,18.4,87,0.0,2.3,72,-2.187429987478853,-0.7107390870623786
2015-11-17 05:00:00,18.0,87,0.0,2.6,74,-2.499280409439629,-0.7166571251241974
2015-11-17 06:00:00,17.4,88,0.0,3.1,69,-2.8940993221413254,-1.1109406435904314
2015-11-17 07:00:00,17.6,89,0.0,2.6,74,-2.499280409439629,-0.7166571251241974
2015-11-17 08:00:00,22.0,88,0.0,2.9,90,-2.9,3.5514757175273243e-16
2015-11-17 09:00:00,24.7,75,0.0,1.3,304,1.0777488443215542,-0.726950774511971
2015-11-17 10:00:00,25.7,75,0.0,3.4,288,3.233592155403522,-1.0506577808748212
2015-11-17 11:00:00,26.7,72,0.0,4.4,279,4.3458286986186065,-0.6883116461770159
2015-11-17 12:00:00,27.0,71,0.0,5.4,274,5.386845871403051,-0.37668495821827663
2015-11-17 13:00:00,27.4,71,0.0,5.1,266,5.087576656325103,0.35575801609503904
2015-11-17 14:00:00,27.3,72,0.0,5.8,263,5.756767679519667,0.7068421917498553
2015-11-17 15:00:00,27.0,73,0.0,5.8,274,5.78587149150698,-0.40458754771592675
2015-11-17 16:00:00,26.2,76,0.0,5.2,295,4.7128004925905795,-2.197614961051637
2015-11-17 17:00:00,25.2,81,0.0,4.6,309,3.5748714227020657,-2.8948737988292517
2015-11-17 18:00:00,24.4,81,0.0,2.5,8,-0.3479327524001646,-2.475670171853926
2015-11-17 19:00:00,23.7,84,0.0,2.6,56,-2.1554976886431088,-1.4539015490239415
2015-11-17 20:00:00,22.5,86,0.0,3.0,76,-2.9108871788279895,-0.7257656867990026
2015-11-17 21:00:00,21.1,87,0.0,3.8,73,-3.6339580726595346,-1.1110124779463997
2015-11-17 22:00:00,19.5,90,0.0,3.3,96,-3.2819222547153015,0.3449439287832573
2015-11-17 23:00:00,18.0,94,0.0,3.0,104,-2.9108871788279895,0.7257656867990032
2015-11-18 00:00:00,17.4,95,0.0,2.9,83,-2.878383839759834,-0.3534210958749272
2015-11-18 01:00:00,17.0,97,0.0,2.7,67,-2.485363104321589,-1.0549740469210387
2015-11-18 02:00:00,16.9,94,0.0,3.2,63,-2.8512208774027776,-1.4527695991665495
2015-11-18 03:00:00,17.1,91,0.0,4.1,75,-3.96029588778518,-1.0611580849203353
2015-11-18 04:00:00,16.9,89,0.0,4.4,81,-4.3458286986186065,-0.6883116461770152
2015-11-18 05:00:00,16.5,87,0.0,4.3,85,-4.283637201794505,-0.37476969381492914
2015-11-18 06:00:00,16.3,87,0.0,4.8,77,-4.676976310969129,-1.0797650608505518
2015-11-18 07:00:00,16.7,88,0.0,5.1,86,-5.087576656325103,-0.3557580160950389
2015-11-18 08:00:00,20.7,88,0.0,4.7,86,-4.688551036221174,-0.3278554265973888
2015-11-18 09:00:00,25.3,66,0.0,2.6,34,-1.453901549023941,-2.1554976886431088
2015-11-18 10:00:00,26.6,62,0.0,3.1,339,1.1109406435904312,-2.8940993221413254
2015-11-18 11:00:00,27.3,61,0.0,4.8,318,3.2118269105225195,-3.5670951622914924
2015-11-18 12:00:00,27.6,61,0.0,5.6,310,4.289848881466277,-3.5996106142446194
2015-11-18 13:00:00,27.6,63,0.0,6.7,306,5.420413862312148,-3.93816119035957
2015-11-18 14:00:00,27.3,66,0.0,7.6,315,5.374011537017761,-5.37401153701776
2015-11-18 15:00:00,27.0,69,0.0,9.0,323,5.4163352083684355,-7.187719590425635
2015-11-18 16:00:00,26.1,75,0.0,9.2,329,4.738350289172498,-7.8859391664594325
2015-11-18 17:00:00,24.7,82,0.0,8.1,339,2.902780391316933,-7.5620014546273335
2015-11-18 18:00:00,23.4,89,0.0,6.9,6,-0.7212463965468082,-6.862201078041087
2015-11-18 19:00:00,22.0,95,0.0,7.1,24,-2.8878301658381806,-6.486172749262467
2015-11-18 20:00:00,21.0,96,0.0,6.4,27,-2.9055391983331003,-5.702441754805554
2015-11-18 21:00:00,20.9,98,0.0,4.9,54,-3.964183272437243,-2.880147736233118
2015-11-18 22:00:00,19.1,100,0.0,3.7,79,-3.632020578756357,-0.7059932828932155
2015-11-18 23:00:00,18.4,99,0.0,3.3,84,-3.2819222547153015,-0.3449439287832565
2015-11-19 00:00:00,18.0,98,0.0,3.6,84,-3.580278823325784,-0.3763024677635526
2015-11-19 01:00:00,17.7,97,0.0,3.7,79,-3.632020578756357,-0.7059932828932155
2015-11-19 02:00:00,18.1,95,0.0,3.1,69,-2.8940993221413254,-1.1109406435904314
2015-11-19 03:00:00,16.9,91,0.0,2.7,67,-2.485363104321589,-1.0549740469210387
2015-11-19 04:00:00,16.5,90,0.0,3.2,63,-2.8512208774027776,-1.4527695991665495
2015-11-19 05:00:00,16.1,89,0.0,3.2,63,-2.8512208774027776,-1.4527695991665495
2015-11-19 06:00:00,15.9,88,0.0,1.8,53,-1.437543918085127,-1.0832670416736871
2015-11-19 07:00:00,16.4,88,0.0,3.1,45,-2.192031021678298,-2.192031021678297
2015-11-19 08:00:00,20.9,86,0.0,3.6,45,-2.545584412271572,-2.545584412271571
2015-11-19 09:00:00,23.8,76,0.0,5.4,352,0.7515347451843536,-5.34744757120448
2015-11-19 10:00:00,24.9,77,0.0,7.0,339,2.5085756468171025,-6.535062985480412
2015-11-19 11:00:00,25.8,73,0.0,7.9,336,3.2132194802988217,-7.217009115376547
2015-11-19 12:00:00,26.3,70,0.0,9.0,337,3.5165801564034633,-8.284543681071963
2015-11-19 13:00:00,26.5,69,0.0,10.8,339,3.870373855089244,-10.08266860616978
2015-11-19 14:00:00,26.5,68,0.0,11.6,344,3.19739332747719,-11.1506356728845
2015-11-19 15:00:00,25.8,70,0.0,10.7,348,2.224655091750026,-10.46617932785172
2015-11-19 16:00:00,25.3,71,0.0,8.8,351,1.3766232923540322,-8.691657397237213
2015-11-19 17:00:00,24.4,75,0.0,8.8,351,1.3766232923540322,-8.691657397237213
2015-11-19 18:00:00,22.4,84,0.0,8.3,360,5.082284216461516e-16,-8.3
2015-11-19 19:00:00,22.4,81,0.0,7.4,23,-2.8914103508206264,-6.811735915548058
2015-11-19 20:00:00,22.2,82,0.0,5.6,40,-3.5996106142446207,-4.289848881466276
2015-11-19 21:00:00,21.9,83,0.0,3.8,49,-2.867896404846534,-2.4930243101639267
2015-11-19 22:00:00,18.7,92,0.0,3.6,53,-2.875087836170254,-2.1665340833473743
2015-11-19 23:00:00,17.0,98,0.0,2.9,60,-2.5114736709748717,-1.4500000000000002
2015-11-20 00:00:00,16.6,97,0.0,3.4,72,-3.2335921554035223,-1.0506577808748208
2015-11-20 01:00:00,17.2,94,0.0,3.3,77,-3.2154212137912763,-0.7423384793347544
2015-11-20 02:00:00,17.5,92,0.0,4.0,80,-3.939231012048832,-0.6945927106677219
2015-11-20 03:00:00,17.7,92,0.0,3.3,84,-3.2819222547153015,-0.3449439287832565
2015-11-20 04:00:00,17.5,92,0.0,2.6,74,-2.499280409439629,-0.7166571251241974
2015-11-20 05:00:00,17.5,92,0.0,2.1,59,-1.800051331474436,-1.0815799573111138
2015-11-20 06:00:00,17.4,92,0.0,2.2,90,-2.2,2.6942229581241775e-16
2015-11-20 07:00:00,17.3,94,0.0,3.6,90,-3.6,4.4087284769304716e-16
2015-11-20 08:00:00,21.1,88,0.0,2.2,99,-2.172914349309303,0.3441558230885082
2015-11-20 09:00:00,23.5,74,0.0,2.4,297,2.138415658052083,-1.0895771993749122
2015-11-20 10:00:00,24.8,73,0.0,4.4,279,4.3458286986186065,-0.6883116461770159
2015-11-20 11:00:00,25.3,74,0.0,5.9,281,5.791600382341218,-1.1257730727216144
2015-11-20 12:00:00,25.4,74,0.0,5.8,277,5.756767679519667,-0.7068421917498553
2015-11-20 13:00:00,25.5,73,0.0,6.2,291,5.788198644282651,-2.2218812871808615
2015-11-20 14:00:00,25.7,73,0.0,6.0,295,5.437846722219899,-2.5357095704441965
2015-11-20 15:00:00,25.4,74,0.4,5.6,315,3.9597979746446663,-3.9597979746446654
2015-11-20 16:00:00,24.9,77,0.4,5.3,332,2.4881992827652213,-4.679622242152313
2015-11-20 17:00:00,24.0,84,0.3,4.9,324,2.8801477362331185,-3.9641832724372428
2015-11-20 18:00:00,23.6,81,0.2,2.9,7,-0.35342109587492676,-2.878383839759834
2015-11-20 19:00:00,23.0,83,0.4,2.3,72,-2.187429987478853,-0.7107390870623786
2015-11-20 20:00:00,21.6,88,0.3,3.1,111,-2.8940993221413254,1.1109406435904308
2015-11-20 21:00:00,20.6,90,0.2,4.0,117,-3.564026096753471,1.8159619989581874
2015-11-20 22:00:00,20.2,89,0.1,4.5,104,-4.366330768241984,1.0886485301985047
2015-11-20 23:00:00,20.3,86,0.0,3.4,72,-3.2335921554035223,-1.0506577808748208
2015-11-21 00:00:00,19.5,89,0.0,2.7,67,-2.485363104321589,-1.0549740469210387
2015-11-21 01:00:00,18.7,91,0.0,2.6,74,-2.499280409439629,-0.7166571251241974
2015-11-21 02:00:00,18.4,91,0.0,3.3,84,-3.2819222547153015,-0.3449439287832565
2015-11-21 03:00:00,18.4,91,2.1,3.6,84,-3.580278823325784,-0.3763024677635526
2015-11-21 04:00:00,18.1,91,2.1,3.2,90,-3.2,3.9188697572715305e-16
2015-11-21 05:00:00,17.9,92,2.1,3.6,90,-3.6,4.4087284769304716e-16
2015-11-21 06:00:00,17.9,92,1.6,2.5,90,-2.5,3.061616997868383e-16
2015-11-21 07:00:00,18.3,94,1.3,2.9,97,-2.8783838397598336,0.35342109587492787
2015-11-21 08:00:00,21.2,90,0.8,1.8,79,-1.7669289302057951,-0.3434561916777805
2015-11-21 09:00:00,23.0,82,0.3,2.3,342,0.7107390870623791,-2.1874299874788528
2015-11-21 10:00:00,23.9,81,0.1,2.1,329,1.0815799573111138,-1.800051331474436
2015-11-21 11:00:00,24.6,80,0.0,4.3,270,4.3,0.0
2015-11-21 12:00:00,24.8,81,0.3,5.1,266,5.087576656325103,0.35575801609503904
2015-11-21 13:00:00,24.7,81,0.0,4.3,265,4.283637201794505,0.3747696938149301
2015-11-21 14:00:00,25.3,76,0.2,2.5,270,2.5,0.0
2015-11-21 15:00:00,24.0,79,3.3,0.7000000000000001,360,4.2862637970157366e-17,-0.7000000000000001
2015-11-21 16:00:00,23.5,81,3.4,3.3,49,-2.490541614735148,-2.1649947956686733
2015-11-21 17:00:00,22.7,89,0.6,3.6,37,-2.166534083347374,-2.875087836170254
2015-11-21 18:00:00,21.4,91,0.0,4.3,48,-3.195522749552795,-2.8772616073430903
2015-11-21 19:00:00,21.6,87,0.0,4.0,63,-3.5640260967534716,-1.8159619989581868
2015-11-21 20:00:00,20.1,90,0.0,3.3,77,-3.2154212137912763,-0.7423384793347544
2015-11-21 21:00:00,19.8,90,0.0,3.1,69,-2.8940993221413254,-1.1109406435904314
2015-11-21 22:00:00,19.7,88,0.0,2.9,90,-2.9,3.5514757175273243e-16
2015-11-21 23:00:00,19.2,88,0.0,2.9,90,-2.9,3.5514757175273243e-16
2015-11-22 00:00:00,18.3,91,0.9,3.3,103,-3.215421213791276,0.7423384793347552
2015-11-22 01:00:00,17.9,92,0.3,4.0,100,-3.939231012048832,0.6945927106677211
2015-11-22 02:00:00,17.6,92,0.0,4.7,99,-4.6421352007971475,0.7352419856890856
2015-11-22 03:00:00,17.7,92,0.0,5.5,101,-5.3989495089621515,1.0494494745709972
2015-11-22 04:00:00,17.7,91,0.0,4.7,99,-4.6421352007971475,0.7352419856890856
2015-11-22 05:00:00,17.5,91,0.0,3.2,90,-3.2,3.9188697572715305e-16
2015-11-22 06:00:00,16.9,93,0.0,1.5,45,-1.0606601717798214,-1.0606601717798212
2015-11-22 07:00:00,17.2,92,0.0,2.6,56,-2.1554976886431088,-1.4539015490239415
2015-11-22 08:00:00,20.4,87,0.0,2.6,74,-2.499280409439629,-0.7166571251241974
2015-11-22 09:00:00,22.6,76,0.0,3.6,354,0.3763024677635525,-3.580278823325784
2015-11-22 10:00:00,24.1,73,0.0,5.6,333,2.542346798541462,-4.989636535454859
2015-11-22 11:00:00,25.2,70,0.0,7.0,325,4.015035054457323,-5.7340643100229425
2015-11-22 12:00:00,25.6,69,0.0,7.6,329,3.9142893693164114,-6.5144714853360535
2015-11-22 13:00:00,26.0,67,0.4,7.7,332,3.61493103345136,-6.798696465013737
2015-11-22 14:00:00,25.7,68,0.2,6.8,342,2.1013155617496424,-6.467184310807044
2015-11-22 15:00:00,25.6,72,0.0,5.6,345,1.4493866525741161,-5.4091846272187825
2015-11-22 16:00:00,25.1,74,0.2,4.4,325,2.5237363199446032,-3.604268994871564
2015-11-22 17:00:00,23.6,85,0.0,5.4,307,4.312631754255381,-3.2498011250210608
2015-11-22 18:00:00,23.4,80,0.8,1.9,338,0.7117525274902327,-1.761649323676896
2015-11-22 19:00:00,22.8,82,0.4,2.6,106,-2.499280409439629,0.716657125124198
2015-11-22 20:00:00,22.0,85,0.1,1.8,37,-1.083267041673687,-1.437543918085127
2015-11-22 21:00:00,21.0,87,0.1,1.3,56,-1.0777488443215544,-0.7269507745119708
2015-11-22 22:00:00,20.1,89,0.0,1.9,68,-1.761649323676896,-0.7117525274902328
2015-11-22 23:00:00,19.4,90,0.2,2.4,63,-2.138415658052083,-1.089577199374912
2015-11-23 00:00:00,18.9,90,0.1,3.1,69,-2.8940993221413254,-1.1109406435904314
2015-11-23 01:00:00,19.0,89,0.5,3.1,69,-2.8940993221413254,-1.1109406435904314
2015-11-23 02:00:00,18.3,90,0.3,2.3,72,-2.187429987478853,-0.7107390870623786
2015-11-23 03:00:00,16.8,88,0.0,2.4,63,-2.138415658052083,-1.089577199374912
2015-11-23 04:00:00,16.7,88,0.0,2.6,56,-2.1554976886431088,-1.4539015490239415
2015-11-23 05:00:00,16.6,87,0.0,2.9,60,-2.5114736709748717,-1.4500000000000002
2015-11-23 06:00:00,16.4,86,0.0,2.8,40,-1.7998053071223103,-2.144924440733138
2015-11-23 07:00:00,17.0,84,0.0,3.6,37,-2.166534083347374,-2.875087836170254
2015-11-23 08:00:00,20.5,84,0.0,5.9,38,-3.632402704421383,-4.649263446279661
2015-11-23 09:00:00,23.5,72,0.0,8.7,7,-1.0602632876247804,-8.635151519279502
2015-11-23 10:00:00,24.5,70,0.0,9.4,358,0.3280552690035102,-9.394273773979501
2015-11-23 11:00:00,25.4,66,0.0,8.8,348,1.8296228791962834,-8.60769888645749
2015-11-23 12:00:00,26.1,65,0.0,8.0,333,3.6319239979163744,-7.128052193506942
2015-11-23 13:00:00,26.2,67,0.0,9.6,326,5.368251873319169,-7.9587606965284
2015-11-23 14:00:00,25.7,71,0.0,10.8,334,4.734408385322037,-9.706975700031006
2015-11-23 15:00:00,25.0,77,0.0,10.9,343,3.186851581477831,-10.423721839997087
2015-11-23 16:00:00,23.9,82,0.1,10.0,345,2.5881904510252074,-9.659258262890683
2015-11-23 17:00:00,22.8,86,0.0,8.2,337,3.203995253612044,-7.54813979831001
2015-11-23 18:00:00,21.8,90,0.0,7.9,336,3.2132194802988217,-7.217009115376547
2015-11-23 19:00:00,20.5,95,0.0,4.9,343,1.4326213531414103,-4.685893304218874
2015-11-23 20:00:00,20.4,94,0.0,3.4,342,1.0506577808748212,-3.233592155403522
2015-11-23 21:00:00,19.4,96,0.3,0.8,333,0.3631923997916375,-0.7128052193506943
2015-11-23 22:00:00,18.9,97,0.3,1.1,198,0.3399186938124422,1.0461621679246689
2015-11-23 23:00:00,18.9,96,0.2,1.0,135,-0.7071067811865475,0.7071067811865476
2015-11-24 00:00:00,19.1,95,0.0,1.3,124,-1.0777488443215542,0.726950774511971
2015-11-24 01:00:00,18.8,95,0.0,1.8,101,-1.7669289302057951,0.34345619167778096
2015-11-24 02:00:00,18.3,94,0.0,2.5,98,-2.475670171853926,0.3479327524001633
2015-11-24 03:00:00,19.0,92,0.0,2.9,90,-2.9,3.5514757175273243e-16
2015-11-24 04:00:00,19.1,91,0.0,2.9,83,-2.878383839759834,-0.3534210958749272
2015-11-24 05:00:00,18.6,91,0.0,2.6,74,-2.499280409439629,-0.7166571251241974
2015-11-24 06:00:00,18.5,90,0.0,1.8,53,-1.437543918085127,-1.0832670416736871
2015-11-24 07:00:00,19.0,89,0.0,2.0,45,-1.4142135623730954,-1.414213562373095
2015-11-24 08:00:00,20.9,91,0.0,2.5,360,1.5308084989341916e-16,-2.5
2015-11-24 09:00:00,22.8,83,0.0,6.4,344,1.7640790772287946,-6.1520748540052415
2015-11-24 10:00:00,23.6,79,0.1,7.9,344,2.1775351109542935,-7.59396739791272
2015-11-24 11:00:00,24.1,77,0.0,9.4,342,2.904759747124506,-8.939931253174443
2015-11-24 12:00:00,24.4,75,0.2,10.0,345,2.5881904510252074,-9.659258262890683
2015-11-24 13:00:00,24.4,75,0.1,10.3,348,2.1414904154229224,-10.074920287558198
2015-11-24 14:00:00,24.3,76,0.0,9.6,347,2.159530121701103,-9.353952621938259
2015-11-24 15:00:00,23.5,77,0.0,9.1,342,2.8120546488120217,-8.654614298285896
2015-11-24 16:00:00,22.9,79,0.0,8.7,343,2.5436338310878095,-8.319851376878407
2015-11-24 17:00:00,22.0,81,0.0,8.0,342,2.4721359549995796,-7.608452130361228
2015-11-24 18:00:00,20.9,88,0.0,5.8,330,2.9000000000000004,-5.0229473419497435
2015-11-24 19:00:00,20.4,86,0.0,3.3,354,0.3449439287832564,-3.2819222547153015
2015-11-24 20:00:00,19.4,90,0.0,1.6,333,0.726384799583275,-1.4256104387013886
2015-11-24 21:00:00,18.8,92,0.0,1.6,297,1.4256104387013888,-0.7263847995832748
2015-11-24 22:00:00,19.2,91,0.1,2.1,301,1.800051331474436,-1.0815799573111138
2015-11-24 23:00:00,19.6,90,0.2,2.4,333,1.0895771993749124,-2.138415658052083
2015-11-25 00:00:00,19.7,89,0.0,2.2,9,-0.3441558230885083,-2.172914349309303
2015-11-25 01:00:00,19.6,90,0.0,2.1,31,-1.0815799573111144,-1.8000513314744355
2015-11-25 02:00:00,19.5,90,0.0,2.9,30,-1.4500000000000013,-2.5114736709748713
2015-11-25 03:00:00,19.4,87,0.0,3.6,45,-2.545584412271572,-2.545584412271571
2015-11-25 04:00:00,19.3,86,0.0,4.6,39,-2.894873798829254,-3.5748714227020644
2015-11-25 05:00:00,19.0,87,0.0,5.4,42,-3.613305274337834,-4.01298205757793
2015-11-25 06:00:00,18.8,87,0.0,4.3,48,-3.195522749552795,-2.8772616073430903
2015-11-25 07:00:00,18.5,87,0.0,4.6,45,-3.2526911934581193,-3.252691193458118
2015-11-25 08:00:00,18.8,92,0.0,5.6,15,-1.4493866525741155,-5.4091846272187825
2015-11-25 09:00:00,21.7,79,0.0,8.3,358,0.289665822630759,-8.294943864258496
2015-11-25 10:00:00,22.6,75,0.0,9.2,349,1.755442757464213,-9.030970087718508
2015-11-25 11:00:00,23.3,70,0.0,9.5,349,1.8126854560771768,-9.325458242752807
2015-11-25 12:00:00,23.3,70,0.0,9.3,344,2.5634274090980926,-8.939733772226367
2015-11-25 13:00:00,23.1,71,0.0,9.7,338,3.633683956134346,-8.993683389297837
2015-11-25 14:00:00,22.8,72,0.0,10.8,339,3.870373855089244,-10.08266860616978
2015-11-25 15:00:00,22.7,72,0.0,10.6,342,3.275580140374443,-10.081199072728626
2015-11-25 16:00:00,21.7,76,0.0,10.7,340,3.659615533584656,-10.054711042409219
2015-11-25 17:00:00,20.2,81,0.0,10.2,342,3.151973342624464,-9.700776466210565
2015-11-25 18:00:00,18.7,86,0.0,11.7,349,2.2324652459055754,-11.485038046337667
2015-11-25 19:00:00,17.6,91,0.0,12.0,7,-1.462432120861766,-11.910553819695865
2015-11-25 20:00:00,17.1,92,0.0,11.5,4,-0.8021994480574441,-11.471986577987979
2015-11-25 21:00:00,16.4,93,0.0,12.6,5,-1.0981623586204938,-12.552053195955994
2015-11-25 22:00:00,15.9,91,0.0,12.2,14,-2.951447126315947,-11.837607860567156
2015-11-25 23:00:00,16.7,86,0.0,10.8,15,-2.795245687107223,-10.431998923921938
2015-11-26 00:00:00,16.9,83,0.0,10.4,14,-2.515987714236545,-10.091075553270363
2015-11-26 01:00:00,16.5,83,0.0,11.4,11,-2.1752225472926088,-11.19054989130337
2015-11-26 02:00:00,16.0,83,0.0,12.1,10,-2.101142949769857,-11.916173811447717
2015-11-26 03:00:00,13.4,90,0.0,13.0,6,-1.3588700224794936,-12.928784639787555
2015-11-26 04:00:00,12.9,90,0.0,13.8,6,-1.4424927930936164,-13.724402156082174
2015-11-26 05:00:00,12.7,89,0.0,13.8,9,-2.1587956175551883,-13.6300991002129
2015-11-26 06:00:00,13.2,84,0.0,11.1,13,-2.496956703216904,-10.815507719116109
2015-11-26 07:00:00,13.5,81,0.0,10.7,12,-2.2246550917500296,-10.46617932785172
2015-11-26 08:00:00,15.9,73,0.0,12.6,360,7.715274834628325e-16,-12.6
2015-11-26 09:00:00,17.0,69,0.0,15.2,356,1.0602984009107035,-15.162973563949327
2015-11-26 10:00:00,17.9,65,0.0,17.0,354,1.7769838755501088,-16.906872221260645
2015-11-26 11:00:00,18.5,63,0.0,18.0,357,0.9420472123729914,-17.975331625582328
2015-11-26 12:00:00,18.8,62,0.0,18.4,356,1.2835191168919042,-18.355178524780765
2015-11-26 13:00:00,18.9,61,0.0,19.1,356,1.332348648512792,-19.053473359962645
2015-11-26 14:00:00,18.7,60,0.0,18.4,359,0.3211242784460182,-18.3971975908776
2015-11-26 15:00:00,18.4,61,0.0,16.6,358,0.579331645261518,-16.58988772851699
2015-11-26 16:00:00,17.4,63,0.0,14.5,354,1.5156627173809751,-14.420567482839962
2015-11-26 17:00:00,15.9,65,0.0,11.9,357,0.6227978792910333,-11.88369146357943
2015-11-26 18:00:00,14.7,68,0.0,12.3,5,-1.0720156357961965,-12.253194786528471
2015-11-26 19:00:00,13.5,74,0.0,12.2,360,7.470345474798854e-16,-12.2
2015-11-26 20:00:00,12.4,75,0.0,11.9,360,7.286648454926752e-16,-11.9
2015-11-26 21:00:00,12.0,74,0.0,11.2,360,6.858022075225178e-16,-11.2
2015-11-26 22:00:00,12.3,69,0.0,10.1,4,-0.7045403848156684,-10.075396907624224
2015-11-26 23:00:00,13.7,59,0.0,5.9,14,-1.42733918403804,-5.7247447850283795
2015-11-27 00:00:00,14.1,57,0.0,3.3,13,-0.7423384793347553,-3.215421213791276
2015-11-27 01:00:00,14.0,58,0.0,3.0,14,-0.7257656867990033,-2.9108871788279895
2015-11-27 02:00:00,13.9,59,0.0,3.6,360,2.2043642384652358e-16,-3.6
2015-11-27 03:00:00,14.2,58,0.0,3.6,360,2.2043642384652358e-16,-3.6
2015-11-27 04:00:00,14.0,59,0.0,3.2,360,1.9594348786357652e-16,-3.2
2015-11-27 05:00:00,14.1,60,0.0,2.1,31,-1.0815799573111144,-1.8000513314744355
2015-11-27 06:00:00,14.1,61,0.0,2.1,31,-1.0815799573111144,-1.8000513314744355
2015-11-27 07:00:00,14.1,62,0.0,4.0,10,-0.6945927106677213,-3.939231012048832
2015-11-27 08:00:00,14.1,78,0.0,6.5,354,0.6794350112397475,-6.4643923198937765
2015-11-27 09:00:00,17.0,62,0.0,6.6,347,1.4846769586695083,-6.430842427582553
2015-11-27 10:00:00,17.9,61,0.0,6.2,324,3.6442685642133337,-5.0159053651246746
2015-11-27 11:00:00,18.7,61,0.0,7.8,304,6.466493065929325,-4.361704647071826
2015-11-27 12:00:00,19.2,61,0.0,7.6,295,6.887939181478539,-3.211898789229316
2015-11-27 13:00:00,19.4,61,0.0,7.9,300,6.841600689897066,-3.9499999999999997
2015-11-27 14:00:00,19.1,62,0.0,7.5,305,6.143640332167439,-4.301823272632845
2015-11-27 15:00:00,18.8,60,0.0,7.1,315,5.020458146424487,-5.020458146424486
2015-11-27 16:00:00,18.1,63,0.0,6.5,326,3.634753872559854,-5.388744221607771
2015-11-27 17:00:00,17.2,66,0.0,5.1,315,3.6062445840513924,-3.606244584051392
2015-11-27 18:00:00,15.7,80,0.0,3.1,315,2.1920310216782974,-2.192031021678297
2015-11-27 19:00:00,15.6,76,0.0,3.1,315,2.1920310216782974,-2.192031021678297
2015-11-27 20:00:00,15.2,77,0.0,2.3,321,1.447436899414626,-1.7874357113510329
2015-11-27 21:00:00,14.6,81,0.0,1.1,288,1.0461621679246689,-0.33991869381244216
2015-11-27 22:00:00,14.4,84,0.0,1.3,304,1.0777488443215542,-0.726950774511971
2015-11-27 23:00:00,14.6,84,0.0,0.4,360,2.4492935982947065e-17,-0.4
2015-11-28 00:00:00,14.6,84,0.0,0.7000000000000001,90,-0.7000000000000001,8.572527594031473e-17
2015-11-28 01:00:00,14.7,83,0.0,0.8,153,-0.36319239979163737,0.7128052193506944
2015-11-28 02:00:00,15.4,81,0.0,0.8,27,-0.36319239979163753,-0.7128052193506943
2015-11-28 03:00:00,15.6,77,0.0,1.1,360,6.735557395310444e-17,-1.1
2015-11-28 04:00:00,15.4,78,0.0,1.8,11,-0.3434561916777803,-1.7669289302057951
2015-11-28 05:00:00,15.3,77,0.0,2.4,27,-1.0895771993749126,-2.138415658052083
2015-11-28 06:00:00,15.1,77,0.0,3.4,72,-3.2335921554035223,-1.0506577808748208
2015-11-28 07:00:00,14.9,77,0.0,2.3,51,-1.7874357113510326,-1.4474368994146265
2015-11-28 08:00:00,15.6,87,0.0,1.1,72,-1.046162167924669,-0.33991869381244205
2015-11-28 09:00:00,18.8,72,0.0,4.8,312,3.5670951622914924,-3.2118269105225195
2015-11-28 10:00:00,20.0,69,0.0,7.2,307,5.750175672340508,-4.333068166694748
2015-11-28 11:00:00,20.7,68,0.0,7.7,307,6.149493427364155,-4.6339756782707715
2015-11-28 12:00:00,21.3,67,0.0,8.2,308,6.461688179575119,-5.048424097670398
2015-11-28 13:00:00,21.8,67,0.0,7.9,309,6.139453095510071,-4.971631089293716
2015-11-28 14:00:00,21.9,67,0.0,7.7,311,5.811263767715345,-5.051654523226906
2015-11-28 15:00:00,21.8,66,0.0,7.9,313,5.777694242791447,-5.387787044493738
2015-11-28 16:00:00,21.4,66,0.0,6.1,315,4.31335136523794,-4.313351365237939
2015-11-28 17:00:00,20.2,74,0.0,4.9,306,3.9641832724372428,-2.8801477362331185
2015-11-28 18:00:00,19.7,69,0.0,2.3,309,1.7874357113510329,-1.4474368994146258
2015-11-28 19:00:00,19.1,72,0.0,2.3,39,-1.447436899414627,-1.7874357113510322
2015-11-28 20:00:00,18.6,73,0.0,2.1,59,-1.800051331474436,-1.0815799573111138
2015-11-28 21:00:00,16.9,79,0.0,2.0,45,-1.4142135623730954,-1.414213562373095
2015-11-28 22:00:00,15.3,84,0.0,1.8,37,-1.083267041673687,-1.437543918085127
2015-11-28 23:00:00,14.6,86,0.0,2.1,31,-1.0815799573111144,-1.8000513314744355
2015-11-29 00:00:00,14.0,87,0.0,2.0,45,-1.4142135623730954,-1.414213562373095
2015-11-29 01:00:00,13.6,87,0.0,2.0,45,-1.4142135623730954,-1.414213562373095
2015-11-29 02:00:00,12.9,88,0.0,2.6,56,-2.1554976886431088,-1.4539015490239415
2015-11-29 03:00:00,13.2,87,0.0,3.1,69,-2.8940993221413254,-1.1109406435904314
2015-11-29 04:00:00,13.2,89,0.0,2.8,50,-2.1449244407331385,-1.7998053071223097
2015-11-29 05:00:00,12.9,89,0.0,2.8,40,-1.7998053071223103,-2.144924440733138
2015-11-29 06:00:00,13.0,88,0.0,3.1,45,-2.192031021678298,-2.192031021678297
2015-11-29 07:00:00,13.2,87,0.0,3.6,45,-2.545584412271572,-2.545584412271571
2015-11-29 08:00:00,17.0,86,0.0,4.1,45,-2.8991378028648453,-2.8991378028648445
2015-11-29 09:00:00,21.2,67,0.0,6.5,357,0.3401837155791358,-6.49109197590473
2015-11-29 10:00:00,22.4,65,0.0,8.5,348,1.7672493719509554,-8.314254606237347
2015-11-29 11:00:00,23.1,65,0.0,9.5,349,1.8126854560771768,-9.325458242752807
2015-11-29 12:00:00,23.6,64,0.0,9.7,345,2.510544737494451,-9.369480515003962
2015-11-29 13:00:00,23.5,66,0.0,10.7,340,3.659615533584656,-10.054711042409219
2015-11-29 14:00:00,22.9,70,0.0,11.8,340,4.035837691242892,-11.088372925273719
2015-11-29 15:00:00,22.4,73,0.0,12.2,346,2.9514471263159456,-11.837607860567156
2015-11-29 16:00:00,21.6,78,0.0,10.5,352,1.4613175600806874,-10.397814721786489
2015-11-29 17:00:00,20.3,83,0.0,9.0,2,-0.31409547032250684,-8.994517443171862
2015-11-29 18:00:00,18.8,89,0.0,11.1,25,-4.691062705321761,-10.060016436106816
2015-11-29 19:00:00,17.7,93,0.0,10.0,41,-6.560590289905073,-7.54709580222772
2015-11-29 20:00:00,17.2,92,0.0,8.4,47,-6.143371093601033,-5.7287862245249865
2015-11-29 21:00:00,17.7,90,0.0,5.9,47,-4.314986839553106,-4.023790324368741
2015-11-29 22:00:00,17.3,92,0.0,4.6,39,-2.894873798829254,-3.5748714227020644
2015-11-29 23:00:00,14.7,98,0.0,4.9,36,-2.880147736233119,-3.9641832724372423
2015-11-30 00:00:00,15.0,93,0.0,5.1,39,-3.2095339943541727,-3.96344440343055
2015-11-30 01:00:00,15.4,89,0.0,4.8,42,-3.211826910522519,-3.567095162291493
2015-11-30 02:00:00,16.2,84,0.0,4.6,39,-2.894873798829254,-3.5748714227020644
2015-11-30 03:00:00,16.4,81,0.0,4.9,36,-2.880147736233119,-3.9641832724372423
2015-11-30 04:00:00,16.4,80,0.0,4.9,36,-2.880147736233119,-3.9641832724372423
2015-11-30 05:00:00,15.9,81,0.0,4.9,36,-2.880147736233119,-3.9641832724372423
2015-11-30 06:00:00,15.5,80,0.0,5.9,47,-4.314986839553106,-4.023790324368741
2015-11-30 07:00:00,15.4,80,0.0,4.9,36,-2.880147736233119,-3.9641832724372423
2015-11-30 08:00:00,18.6,79,0.0,5.2,34,-2.907803098047882,-4.3109953772862175
2015-11-30 09:00:00,21.1,73,0.0,7.6,355,0.6623836448822018,-7.571079705497266
2015-11-30 10:00:00,22.0,71,0.0,8.2,345,2.12231616984067,-7.92059177557036
2015-11-30 11:00:00,22.9,68,0.0,8.6,338,3.2216167033768426,-7.973781149274371
2015-11-30 12:00:00,23.5,65,0.0,9.3,332,4.366085533908786,-8.21141261358802
2015-11-30 13:00:00,23.5,66,0.0,9.5,331,4.605691392340202,-8.30888721782426
2015-11-30 14:00:00,23.6,65,0.0,8.9,328,4.716281451675524,-7.547628055792192
2015-11-30 15:00:00,23.2,67,0.0,8.3,326,4.641301098807199,-6.881011852206847
2015-11-30 16:00:00,22.2,72,0.0,7.8,326,4.361704647071825,-6.466493065929326
2015-11-30 17:00:00,21.0,75,0.0,6.9,317,4.70578868443124,-5.046340541172277
2015-11-30 18:00:00,19.8,84,0.0,3.3,319,2.1649947956686737,-2.4905416147351476
2015-11-30 19:00:00,19.7,80,0.0,1.6,297,1.4256104387013888,-0.7263847995832748
2015-11-30 20:00:00,18.4,86,0.0,0.8,243,0.7128052193506944,0.3631923997916374
2015-11-30 21:00:00,17.7,89,0.0,0.7000000000000001,90,-0.7000000000000001,8.572527594031473e-17
2015-11-30 22:00:00,17.8,88,0.0,1.1,72,-1.046162167924669,-0.33991869381244205
2015-11-30 23:00:00,17.5,89,0.0,1.9,68,-1.761649323676896,-0.7117525274902328
2015-12-01 00:00:00,16.8,90,0.0,2.4,63,-2.138415658052083,-1.089577199374912
2015-12-01 01:00:00,15.9,91,0.0,2.3,51,-1.7874357113510326,-1.4474368994146265
2015-12-01 02:00:00,15.6,90,0.0,2.3,51,-1.7874357113510326,-1.4474368994146265
2015-12-01 03:00:00,16.5,85,0.0,2.9,60,-2.5114736709748717,-1.4500000000000002
2015-12-01 04:00:00,15.4,87,0.0,3.4,72,-3.2335921554035223,-1.0506577808748208
2015-12-01 05:00:00,14.4,90,0.0,4.2,70,-3.9467090073008158,-1.4364846019678084
2015-12-01 06:00:00,14.0,92,0.0,3.4,72,-3.2335921554035223,-1.0506577808748208
2015-12-01 07:00:00,13.6,93,0.0,4.7,81,-4.6421352007971475,-0.7352419856890845
2015-12-01 08:00:00,17.3,93,0.0,4.0,80,-3.939231012048832,-0.6945927106677219
2015-12-01 09:00:00,21.4,75,0.0,3.1,339,1.1109406435904312,-2.8940993221413254
2015-12-01 10:00:00,22.7,74,0.0,5.4,323,3.2498011250210617,-4.312631754255381
2015-12-01 11:00:00,23.5,70,0.0,6.4,322,3.9402334420842133,-5.043268823083022
2015-12-01 12:00:00,24.0,67,0.0,7.2,323,4.333068166694749,-5.750175672340508
2015-12-01 13:00:00,24.1,66,0.0,7.9,321,4.971631089293717,-6.139453095510071
2015-12-01 14:00:00,23.9,67,0.0,8.2,319,5.379684037722159,-6.18861855782673
2015-12-01 15:00:00,23.2,70,0.0,8.7,322,5.356254835333226,-6.855693556378481
2015-12-01 16:00:00,22.6,73,0.0,7.6,329,3.9142893693164114,-6.5144714853360535
2015-12-01 17:00:00,21.5,79,0.0,6.4,322,3.9402334420842133,-5.043268823083022
2015-12-01 18:00:00,20.7,78,0.0,6.0,335,2.5357095704441965,-5.437846722219899
2015-12-01 19:00:00,20.1,80,0.0,2.4,27,-1.0895771993749126,-2.138415658052083
2015-12-01 20:00:00,19.4,81,0.0,2.4,63,-2.138415658052083,-1.089577199374912
2015-12-01 21:00:00,18.4,83,0.0,2.1,59,-1.800051331474436,-1.0815799573111138
2015-12-01 22:00:00,18.0,82,0.0,1.9,68,-1.761649323676896,-0.7117525274902328
2015-12-01 23:00:00,16.3,86,0.0,2.3,72,-2.187429987478853,-0.7107390870623786
2015-12-02 00:00:00,13.9,93,0.0,2.3,51,-1.7874357113510326,-1.4474368994146265
2015-12-02 01:00:00,13.5,95,0.0,2.8,50,-2.1449244407331385,-1.7998053071223097
2015-12-02 02:00:00,13.2,94,0.0,3.5,66,-3.197409101749103,-1.4235782507653008
2015-12-02 03:00:00,13.7,93,0.0,3.4,72,-3.2335921554035223,-1.0506577808748208
2015-12-02 04:00:00,13.4,92,0.0,3.1,69,-2.8940993221413254,-1.1109406435904314
2015-12-02 05:00:00,13.0,92,0.0,2.6,56,-2.1554976886431088,-1.4539015490239415
2015-12-02 06:00:00,12.8,90,0.0,2.8,50,-2.1449244407331385,-1.7998053071223097
2015-12-02 07:00:00,12.9,89,0.0,3.3,49,-2.490541614735148,-2.1649947956686733
2015-12-02 08:00:00,16.7,89,0.0,3.7,61,-3.236092916415765,-1.7937955949114468
2015-12-02 09:00:00,21.3,68,0.0,3.2,27,-1.4527695991665501,-2.851220877402777
2015-12-02 10:00:00,22.6,67,0.0,3.4,342,1.0506577808748212,-3.233592155403522
2015-12-02 11:00:00,23.4,66,0.0,5.9,322,3.6324027044213842,-4.64926344627966
2015-12-02 12:00:00,23.8,67,0.0,7.9,330,3.950000000000001,-6.841600689897065
2015-12-02 13:00:00,24.0,66,0.0,8.4,340,2.872969203935618,-7.893418014601631
2015-12-02 14:00:00,23.8,68,0.0,9.1,342,2.8120546488120217,-8.654614298285896
2015-12-02 15:00:00,23.7,67,0.0,10.2,342,3.151973342624464,-9.700776466210565
2015-12-02 16:00:00,22.8,73,0.0,9.8,343,2.8652427062828205,-9.371786608437748
2015-12-02 17:00:00,21.4,79,0.0,10.2,350,1.77121141220269,-10.045039080724521
2015-12-02 18:00:00,19.6,88,0.0,8.5,12,-1.767249371950958,-8.314254606237347
2015-12-02 19:00:00,17.9,94,0.0,7.6,25,-3.2118987892293136,-6.88793918147854
2015-12-02 20:00:00,17.7,94,0.0,7.1,30,-3.550000000000003,-6.148780366869512
2015-12-02 21:00:00,18.2,93,0.0,7.8,34,-4.361704647071823,-6.466493065929326
2015-12-02 22:00:00,18.0,93,0.0,6.6,41,-4.329989591337347,-4.981083229470295
2015-12-02 23:00:00,15.4,99,0.0,5.1,39,-3.2095339943541727,-3.96344440343055
2015-12-03 00:00:00,14.3,99,0.0,4.6,45,-3.2526911934581193,-3.252691193458118
2015-12-03 01:00:00,14.5,94,0.0,3.9,34,-2.1808523235359116,-3.233246532964663
2015-12-03 02:00:00,15.1,89,0.0,4.8,27,-2.179154398749825,-4.276831316104166
2015-12-03 03:00:00,17.5,83,0.0,5.2,25,-2.197614961051636,-4.71280049259058
2015-12-03 04:00:00,17.5,84,0.0,5.0,30,-2.500000000000002,-4.330127018922192
2015-12-03 05:00:00,17.3,84,0.0,4.5,29,-2.1816432911085157,-3.935788682127282
2015-12-03 06:00:00,17.1,84,0.0,3.9,34,-2.1808523235359116,-3.233246532964663
2015-12-03 07:00:00,17.0,84,0.0,3.4,32,-1.801725498392897,-2.883363526931848
2015-12-03 08:00:00,18.5,83,0.0,3.0,14,-0.7257656867990033,-2.9108871788279895
2015-12-03 09:00:00,20.4,77,0.0,6.2,324,3.6442685642133337,-5.0159053651246746
2015-12-03 10:00:00,20.6,77,0.0,7.2,323,4.333068166694749,-5.750175672340508
2015-12-03 11:00:00,21.3,76,0.0,7.2,323,4.333068166694749,-5.750175672340508
2015-12-03 12:00:00,22.0,73,0.0,7.4,321,4.656970893768798,-5.750880114781585
2015-12-03 13:00:00,22.3,71,0.0,7.1,315,5.020458146424487,-5.020458146424486
2015-12-03 14:00:00,21.8,71,0.0,7.7,307,6.149493427364155,-4.6339756782707715
2015-12-03 15:00:00,21.8,71,0.0,8.9,313,6.509047944410617,-6.069785404556237
2015-12-03 16:00:00,20.9,73,0.0,8.0,324,4.702282018339785,-6.47213595499958
2015-12-03 17:00:00,19.9,73,0.0,7.8,326,4.361704647071825,-6.466493065929326
2015-12-03 18:00:00,18.8,82,0.0,5.6,333,2.542346798541462,-4.989636535454859
2015-12-03 19:00:00,19.1,74,0.0,4.0,5,-0.348622970990633,-3.984778792366982
2015-12-03 20:00:00,19.0,75,0.0,2.9,353,0.3534210958749277,-2.8783838397598336
2015-12-03 21:00:00,19.1,74,0.0,3.6,354,0.3763024677635525,-3.580278823325784
2015-12-03 22:00:00,18.9,75,0.1,4.3,360,2.632990618166809e-16,-4.3
2015-12-03 23:00:00,18.8,75,0.1,3.7,11,-0.7059932828932151,-3.632020578756357
2015-12-04 00:00:00,18.5,76,0.0,3.3,354,0.3449439287832564,-3.2819222547153015
2015-12-04 01:00:00,18.4,77,0.1,3.4,342,1.0506577808748212,-3.233592155403522
2015-12-04 02:00:00,18.2,77,0.0,3.7,349,0.7059932828932162,-3.632020578756357
2015-12-04 03:00:00,18.5,70,0.0,3.6,6,-0.3763024677635521,-3.5802788233257843
2015-12-04 04:00:00,17.7,74,0.2,2.5,8,-0.3479327524001646,-2.475670171853926
2015-12-04 05:00:00,17.9,72,0.0,1.8,360,1.1021821192326179e-16,-1.8
2015-12-04 06:00:00,17.8,73,0.1,1.5,14,-0.36288284339950166,-1.4554435894139948
2015-12-04 07:00:00,17.7,74,0.2,1.8,37,-1.083267041673687,-1.437543918085127
2015-12-04 08:00:00,18.1,77,0.0,2.2,360,1.3471114790620887e-16,-2.2
2015-12-04 09:00:00,18.9,76,0.0,4.1,345,1.061158084920335,-3.96029588778518
2015-12-04 10:00:00,19.7,74,0.0,5.5,328,2.914555953282627,-4.664264528860342
2015-12-04 11:00:00,20.3,73,0.0,7.1,319,4.658019105832602,-5.358438019581681
2015-12-04 12:00:00,21.1,71,0.0,7.4,317,5.046787864462489,-5.412017391981862
2015-12-04 13:00:00,21.5,71,0.0,7.4,309,5.750880114781585,-4.656970893768797
2015-12-04 14:00:00,21.4,71,0.0,7.7,307,6.149493427364155,-4.6339756782707715
2015-12-04 15:00:00,21.7,70,0.0,8.1,315,5.727564927611035,-5.727564927611034
2015-12-04 16:00:00,21.1,72,0.0,7.9,321,4.971631089293717,-6.139453095510071
2015-12-04 17:00:00,20.0,74,0.0,6.3,329,3.244739871933341,-5.400153994423308
2015-12-04 18:00:00,18.8,80,0.0,6.6,338,2.4724035165450187,-6.1194134401407965
2015-12-04 19:00:00,18.3,80,0.0,5.9,14,-1.42733918403804,-5.7247447850283795
2015-12-04 20:00:00,17.8,82,0.0,3.4,342,1.0506577808748212,-3.233592155403522
2015-12-04 21:00:00,16.9,87,0.1,2.9,330,1.4500000000000002,-2.5114736709748717
2015-12-04 22:00:00,16.5,90,0.1,1.3,326,0.7269507745119709,-1.0777488443215544
2015-12-04 23:00:00,16.5,91,0.2,1.1,342,0.3399186938124422,-1.0461621679246689
2015-12-05 00:00:00,17.0,89,0.2,1.0,45,-0.7071067811865477,-0.7071067811865475
2015-12-05 01:00:00,17.6,86,0.0,1.8,53,-1.437543918085127,-1.0832670416736871
2015-12-05 02:00:00,17.6,86,0.0,2.3,51,-1.7874357113510326,-1.4474368994146265
2015-12-05 03:00:00,17.6,80,0.0,2.6,56,-2.1554976886431088,-1.4539015490239415
2015-12-05 04:00:00,17.2,82,0.0,2.7,67,-2.485363104321589,-1.0549740469210387
2015-12-05 05:00:00,15.8,87,0.0,2.5,98,-2.475670171853926,0.3479327524001633
2015-12-05 06:00:00,15.2,89,0.0,3.2,117,-2.851220877402777,1.4527695991665501
2015-12-05 07:00:00,15.4,89,0.0,2.3,108,-2.1874299874788528,0.7107390870623792
2015-12-05 08:00:00,17.6,88,0.0,0.8,153,-0.36319239979163737,0.7128052193506944
2015-12-05 09:00:00,19.7,80,0.0,3.8,311,2.8678964048465336,-2.4930243101639276
2015-12-05 10:00:00,21.0,77,0.0,6.4,313,4.6806636903626915,-4.36478950439999
2015-12-05 11:00:00,22.2,73,0.0,6.2,306,5.0159053651246746,-3.6442685642133337
2015-12-05 12:00:00,22.7,71,0.0,7.4,293,6.811735915548059,-2.891410350820626
2015-12-05 13:00:00,22.8,71,0.0,9.4,288,8.939931253174443,-2.9047597471245057
2015-12-05 14:00:00,22.4,72,0.0,10.2,293,9.389149505214892,-3.9854575105905923
2015-12-05 15:00:00,22.0,75,0.0,9.0,307,7.187719590425635,-5.416335208368435
2015-12-05 16:00:00,21.3,78,0.0,7.7,319,5.051654523226906,-5.811263767715345
2015-12-05 17:00:00,20.4,81,0.0,5.7,325,3.269385687200963,-4.669166652447253
2015-12-05 18:00:00,19.3,86,0.0,6.6,331,3.199743493625825,-5.772490067120011
2015-12-05 19:00:00,18.1,94,0.0,6.3,336,2.5624408513775414,-5.755336383148386
2015-12-05 20:00:00,18.4,90,0.0,6.8,360,4.1637991171010006e-16,-6.8
2015-12-05 21:00:00,18.7,90,0.0,9.6,13,-2.1595301217011063,-9.353952621938257
2015-12-05 22:00:00,17.0,96,0.0,11.8,12,-2.453357951649566,-11.542141688658907
2015-12-05 23:00:00,16.5,98,0.0,12.8,11,-2.442355140819771,-12.5648279481301
2015-12-06 00:00:00,16.6,98,0.1,13.8,7,-1.681796938991031,-13.697136892650246
2015-12-06 01:00:00,15.9,98,0.1,13.2,11,-2.518678738970389,-12.957478821509163
2015-12-06 02:00:00,15.5,97,0.0,13.6,11,-2.5950023371210067,-13.35012969488823
2015-12-06 03:00:00,15.7,95,0.2,12.3,7,-1.4989929238833102,-12.208317665188263
2015-12-06 04:00:00,15.4,94,0.2,12.1,10,-2.101142949769857,-11.916173811447717
2015-12-06 05:00:00,15.2,94,0.1,11.1,13,-2.496956703216904,-10.815507719116109
2015-12-06 06:00:00,15.3,93,0.2,10.3,25,-4.352968095929202,-9.334970206477497
2015-12-06 07:00:00,15.4,92,0.3,7.5,17,-2.192787785420528,-7.172285669722765
2015-12-06 08:00:00,16.8,89,0.4,9.7,358,0.33852511801426044,-9.694091022085228
2015-12-06 09:00:00,17.7,86,0.7000000000000001,10.8,360,6.613092715395707e-16,-10.8
2015-12-06 10:00:00,18.7,84,0.5,11.5,2,-0.40134421207875876,-11.492994510719601
2015-12-06 11:00:00,20.3,78,0.6,11.5,2,-0.40134421207875876,-11.492994510719601
2015-12-06 12:00:00,20.9,77,0.5,12.7,353,1.547740661245373,-12.605336125844788
2015-12-06 13:00:00,21.0,78,0.1,13.8,351,2.158795617555187,-13.630099100212902
2015-12-06 14:00:00,20.9,77,0.0,12.3,353,1.4989929238833142,-12.208317665188261
2015-12-06 15:00:00,20.8,76,0.0,12.1,348,2.5157314588948894,-11.835585968879046
2015-12-06 16:00:00,19.9,78,0.0,12.2,341,3.971931484377312,-11.535326622311663
2015-12-06 17:00:00,18.5,81,0.0,11.4,349,2.175222547292612,-11.19054989130337
2015-12-06 18:00:00,17.7,82,0.2,11.3,9,-1.7677094549546108,-11.160878248725057
2015-12-06 19:00:00,17.2,86,0.3,9.2,11,-1.7554427574642102,-9.030970087718508
2015-12-06 20:00:00,16.9,87,0.6,5.8,360,3.5514757175273243e-16,-5.8
2015-12-06 21:00:00,16.5,89,1.0,5.2,348,1.0811407922523493,-5.086367523815789
2015-12-06 22:00:00,16.5,90,1.0,4.7,356,0.3278554265973886,-4.688551036221174
2015-12-06 23:00:00,16.3,91,0.9,4.3,5,-0.37476969381493047,-4.283637201794505
2015-12-07 00:00:00,16.4,91,0.9,3.6,360,2.2043642384652358e-16,-3.6
2015-12-07 01:00:00,16.3,92,1.1,4.0,355,0.34862297099063255,-3.984778792366982
2015-12-07 02:00:00,16.4,91,1.3,4.0,350,0.6945927106677217,-3.939231012048832
2015-12-07 03:00:00,17.3,85,1.2,4.0,355,0.34862297099063255,-3.984778792366982
2015-12-07 04:00:00,17.0,87,1.2,4.0,355,0.34862297099063255,-3.984778792366982
2015-12-07 05:00:00,16.8,87,1.1,4.3,5,-0.37476969381493047,-4.283637201794505
2015-12-07 06:00:00,17.1,85,1.1,4.4,35,-2.523736319944604,-3.604268994871563
2015-12-07 07:00:00,17.2,85,0.9,3.6,37,-2.166534083347374,-2.875087836170254
2015-12-07 08:00:00,17.4,91,0.8,3.9,338,1.4609657143220567,-3.616017032810471
2015-12-07 09:00:00,18.0,89,0.9,6.4,333,2.9055391983331,-5.702441754805554
2015-12-07 10:00:00,18.9,87,0.9,7.1,336,2.8878301658381815,-6.486172749262466
2015-12-07 11:00:00,19.4,87,0.8,8.2,331,3.975438886019964,-7.171881598543044
2015-12-07 12:00:00,20.0,87,0.9,9.5,331,4.605691392340202,-8.30888721782426
2015-12-07 13:00:00,20.4,88,1.1,9.2,329,4.738350289172498,-7.8859391664594325
2015-12-07 14:00:00,20.1,90,0.7000000000000001,8.2,337,3.203995253612044,-7.54813979831001
2015-12-07 15:00:00,20.1,89,0.9,7.4,337,2.8914103508206255,-6.811735915548059
2015-12-07 16:00:00,19.9,88,0.8,6.8,335,2.873804179836756,-6.162892951849219
2015-12-07 17:00:00,19.1,88,0.8,6.3,329,3.244739871933341,-5.400153994423308
2015-12-07 18:00:00,18.3,89,0.8,3.0,346,0.725765686799003,-2.9108871788279895
2015-12-07 19:00:00,17.5,93,1.0,1.5,346,0.3628828433995015,-1.4554435894139948
2015-12-07 20:00:00,17.2,92,0.9,1.8,281,1.7669289302057951,-0.34345619167778063
2015-12-07 21:00:00,16.7,94,0.9,3.0,284,2.9108871788279895,-0.7257656867990032
2015-12-07 22:00:00,16.8,95,0.6,2.1,301,1.800051331474436,-1.0815799573111138
2015-12-07 23:00:00,16.6,95,0.6,1.1,288,1.0461621679246689,-0.33991869381244216
2015-12-08 00:00:00,16.6,96,0.6,0.8,297,0.7128052193506944,-0.3631923997916374
2015-12-08 01:00:00,16.6,97,0.6,0.7000000000000001,90,-0.7000000000000001,8.572527594031473e-17
2015-12-08 02:00:00,16.5,97,0.5,1.1,72,-1.046162167924669,-0.33991869381244205
2015-12-08 03:00:00,17.3,92,0.7000000000000001,1.4,90,-1.4,1.7145055188062944e-16
2015-12-08 04:00:00,16.9,93,0.0,2.0,45,-1.4142135623730954,-1.414213562373095
2015-12-08 05:00:00,17.0,92,0.0,3.3,41,-2.1649947956686737,-2.4905416147351476
2015-12-08 06:00:00,17.3,90,0.1,4.5,61,-3.9357886821272814,-2.181643291108516
2015-12-08 07:00:00,17.1,90,0.2,3.3,41,-2.1649947956686737,-2.4905416147351476
2015-12-08 08:00:00,17.8,93,0.1,3.3,13,-0.7423384793347553,-3.215421213791276
2015-12-08 09:00:00,19.4,86,0.2,5.9,346,1.4273391840380394,-5.7247447850283795
2015-12-08 10:00:00,20.4,82,0.0,7.8,338,2.9219314286441134,-7.232034065620942
2015-12-08 11:00:00,22.0,78,0.0,8.4,335,3.5499933986218752,-7.61298541110786
2015-12-08 12:00:00,22.7,76,0.0,7.9,336,3.2132194802988217,-7.217009115376547
2015-12-08 13:00:00,23.3,75,0.0,8.1,328,4.29234604028896,-6.86918957886705
2015-12-08 14:00:00,23.3,75,0.2,8.0,324,4.702282018339785,-6.47213595499958
2015-12-08 15:00:00,22.9,77,0.0,7.7,319,5.051654523226906,-5.811263767715345
2015-12-08 16:00:00,22.1,81,0.0,7.1,311,5.358438019581681,-4.658019105832602
2015-12-08 17:00:00,20.8,86,0.0,4.3,318,2.8772616073430903,-3.195522749552795
2015-12-08 18:00:00,19.8,90,0.0,1.4,360,8.572527594031472e-17,-1.4
2015-12-08 19:00:00,19.1,94,0.0,1.1,252,1.0461621679246689,0.33991869381244216
2015-12-08 20:00:00,18.9,94,0.1,0.7000000000000001,180,4.2862637970157366e-17,0.7000000000000001
2015-12-08 21:00:00,18.4,94,0.0,1.1,108,-1.0461621679246689,0.3399186938124423
2015-12-08 22:00:00,17.9,93,0.0,0.5,45,-0.35355339059327384,-0.35355339059327373
2015-12-08 23:00:00,17.7,92,0.0,1.8,90,-1.8,2.2043642384652358e-16
2015-12-09 00:00:00,16.8,93,0.1,2.2,99,-2.172914349309303,0.3441558230885082
2015-12-09 01:00:00,16.6,93,0.1,1.6,117,-1.4256104387013886,0.7263847995832751
2015-12-09 02:00:00,16.8,92,0.2,1.4,90,-1.4,1.7145055188062944e-16
2015-12-09 03:00:00,18.2,84,0.1,2.3,72,-2.187429987478853,-0.7107390870623786
2015-12-09 04:00:00,18.1,83,0.1,3.3,77,-3.2154212137912763,-0.7423384793347544
2015-12-09 05:00:00,18.0,83,0.1,3.6,84,-3.580278823325784,-0.3763024677635526
2015-12-09 06:00:00,16.8,86,0.0,4.7,94,-4.688551036221174,0.32785542659739
2015-12-09 07:00:00,16.3,88,0.0,2.9,97,-2.8783838397598336,0.35342109587492787
2015-12-09 08:00:00,18.6,87,0.0,4.0,117,-3.564026096753471,1.8159619989581874
2015-12-09 09:00:00,21.2,80,0.0,1.9,292,1.761649323676896,-0.7117525274902328
2015-12-09 10:00:00,21.6,80,0.0,5.6,285,5.4091846272187825,-1.4493866525741161
2015-12-09 11:00:00,23.0,78,0.0,5.2,286,4.998560818879258,-1.4333142502483958
2015-12-09 12:00:00,23.7,78,0.0,8.3,288,7.893769085249775,-2.5648410533120636
2015-12-09 13:00:00,23.8,79,0.0,8.6,292,7.973781149274371,-3.221616703376843
2015-12-09 14:00:00,22.9,84,0.2,7.5,305,6.143640332167439,-4.301823272632845
2015-12-09 15:00:00,21.2,91,0.3,5.4,323,3.2498011250210617,-4.312631754255381
2015-12-09 16:00:00,20.9,93,0.6,5.6,297,4.98963653545486,-2.5423467985414616
2015-12-09 17:00:00,20.1,97,0.7000000000000001,4.7,274,4.688551036221174,-0.3278554265973889
2015-12-09 18:00:00,19.6,96,0.3,4.3,312,3.195522749552795,-2.8772616073430903
2015-12-09 19:00:00,19.1,97,0.5,5.8,330,2.9000000000000004,-5.0229473419497435
2015-12-09 20:00:00,18.6,98,1.3,6.8,360,4.1637991171010006e-16,-6.8
2015-12-09 21:00:00,18.6,98,0.7000000000000001,6.0,17,-1.7542302283364226,-5.7378285357782115
2015-12-09 22:00:00,18.3,98,0.6,2.8,40,-1.7998053071223103,-2.144924440733138
2015-12-09 23:00:00,18.4,96,0.9,1.1,72,-1.046162167924669,-0.33991869381244205
2015-12-10 00:00:00,18.2,96,1.1,1.9,338,0.7117525274902327,-1.761649323676896
2015-12-10 01:00:00,17.5,97,0.9,5.5,349,1.049449474570997,-5.3989495089621515
2015-12-10 02:00:00,17.2,98,1.3,3.7,349,0.7059932828932162,-3.632020578756357
2015-12-10 03:00:00,17.9,96,4.4,1.4,270,1.4,0.0
2015-12-10 04:00:00,17.7,97,4.7,1.5,256,1.4554435894139948,0.3628828433995016
2015-12-10 05:00:00,17.6,97,2.2,5.8,202,2.1727182418122895,5.377666356487367
2015-12-10 06:00:00,18.3,95,1.4,5.9,281,5.791600382341218,-1.1257730727216144
2015-12-10 07:00:00,17.8,98,2.4,9.0,358,0.31409547032250973,-8.994517443171862
2015-12-10 08:00:00,17.8,98,2.7,10.1,4,-0.7045403848156684,-10.075396907624224
2015-12-10 09:00:00,18.1,97,2.3,11.3,351,1.7677094549546095,-11.160878248725057
2015-12-10 10:00:00,18.2,95,0.9,9.5,11,-1.812685456077174,-9.325458242752807
2015-12-10 11:00:00,19.4,88,1.0,7.6,45,-5.374011537017762,-5.37401153701776
2015-12-10 12:00:00,21.0,82,0.3,4.6,51,-3.5748714227020653,-2.894873798829253
2015-12-10 13:00:00,22.0,80,0.0,1.8,360,1.1021821192326179e-16,-1.8
2015-12-10 14:00:00,21.9,82,0.0,6.4,322,3.9402334420842133,-5.043268823083022
2015-12-10 15:00:00,21.1,83,0.0,9.2,334,4.033014550459512,-8.268905225952336
2015-12-10 16:00:00,20.3,84,0.0,10.0,347,2.249510543438649,-9.743700647852352
2015-12-10 17:00:00,18.9,87,0.0,9.0,358,0.31409547032250973,-8.994517443171862
2015-12-10 18:00:00,17.5,90,0.0,9.5,11,-1.812685456077174,-9.325458242752807
2015-12-10 19:00:00,16.4,94,0.0,8.2,23,-3.203995253612045,-7.548139798310009
2015-12-10 20:00:00,15.4,95,0.0,5.8,30,-2.9000000000000026,-5.022947341949743
2015-12-10 21:00:00,14.4,97,0.0,5.9,43,-4.023790324368742,-4.314986839553106
2015-12-10 22:00:00,14.1,95,0.0,5.9,43,-4.023790324368742,-4.314986839553106
2015-12-10 23:00:00,14.5,90,0.0,5.9,38,-3.632402704421383,-4.649263446279661
2015-12-11 00:00:00,15.8,85,0.0,7.4,39,-4.656970893768801,-5.750880114781583
2015-12-11 01:00:00,15.6,86,0.0,8.3,34,-4.6413010988071965,-6.881011852206848
2015-12-11 02:00:00,15.4,87,0.0,9.2,31,-4.738350289172501,-7.885939166459431
2015-12-11 03:00:00,15.8,90,0.0,8.7,30,-4.350000000000003,-7.534421012924613
2015-12-11 04:00:00,15.7,91,0.0,7.1,30,-3.550000000000003,-6.148780366869512
2015-12-11 05:00:00,15.4,91,0.0,5.8,30,-2.9000000000000026,-5.022947341949743
2015-12-11 06:00:00,15.0,91,0.0,4.9,36,-2.880147736233119,-3.9641832724372423
2015-12-11 07:00:00,15.3,89,0.0,4.0,27,-1.8159619989581877,-3.564026096753471
2015-12-11 08:00:00,16.7,88,0.0,3.7,29,-1.7937955949114464,-3.2360929164157652
2015-12-11 09:00:00,18.8,81,0.0,4.8,347,1.0797650608505516,-4.676976310969129
2015-12-11 10:00:00,20.0,78,0.0,5.5,328,2.914555953282627,-4.664264528860342
2015-12-11 11:00:00,21.0,75,0.0,5.9,317,4.023790324368742,-4.314986839553106
2015-12-11 12:00:00,21.6,73,0.0,6.6,311,4.981083229470295,-4.329989591337347
2015-12-11 13:00:00,21.8,73,0.0,7.7,311,5.811263767715345,-5.051654523226906
2015-12-11 14:00:00,21.7,74,0.0,7.9,317,5.387787044493738,-5.777694242791447
2015-12-11 15:00:00,20.9,78,0.0,8.2,322,5.048424097670398,-6.46168817957512
2015-12-11 16:00:00,20.1,80,0.0,8.1,328,4.29234604028896,-6.86918957886705
2015-12-11 17:00:00,18.9,84,0.0,7.2,323,4.333068166694749,-5.750175672340508
2015-12-11 18:00:00,17.3,93,0.0,5.8,330,2.9000000000000004,-5.0229473419497435
2015-12-11 19:00:00,17.2,91,0.0,2.9,353,0.3534210958749277,-2.8783838397598336
2015-12-11 20:00:00,17.1,91,0.0,3.2,27,-1.4527695991665501,-2.851220877402777
2015-12-11 21:00:00,16.9,91,0.0,3.7,29,-1.7937955949114464,-3.2360929164157652
2015-12-11 22:00:00,16.9,89,0.0,3.2,27,-1.4527695991665501,-2.851220877402777
2015-12-11 23:00:00,16.8,89,0.0,2.4,27,-1.0895771993749126,-2.138415658052083
2015-12-12 00:00:00,16.6,89,0.0,2.3,39,-1.447436899414627,-1.7874357113510322
2015-12-12 01:00:00,16.8,87,0.0,2.3,51,-1.7874357113510326,-1.4474368994146265
2015-12-12 02:00:00,16.5,88,0.0,2.5,45,-1.7677669529663693,-1.7677669529663687
2015-12-12 03:00:00,17.0,83,0.0,2.8,50,-2.1449244407331385,-1.7998053071223097
2015-12-12 04:00:00,16.9,82,0.0,3.1,54,-2.5079526825623377,-1.8221342821066664
2015-12-12 05:00:00,16.8,82,0.0,3.1,54,-2.5079526825623377,-1.8221342821066664
2015-12-12 06:00:00,16.7,82,0.0,3.4,58,-2.8833635269318485,-1.8017254983928963
2015-12-12 07:00:00,16.2,83,0.0,3.3,41,-2.1649947956686737,-2.4905416147351476
2015-12-12 08:00:00,17.6,83,0.0,4.1,52,-3.23084408978756,-2.5242120488351985
2015-12-12 09:00:00,19.7,78,0.0,4.0,360,2.4492935982947064e-16,-4.0
2015-12-12 10:00:00,21.0,76,0.0,4.8,333,2.1791543987498248,-4.276831316104166
2015-12-12 11:00:00,22.0,73,0.0,5.1,321,3.209533994354171,-3.963444403430551
2015-12-12 12:00:00,22.7,71,0.0,7.1,315,5.020458146424487,-5.020458146424486
2015-12-12 13:00:00,22.8,71,0.0,8.2,319,5.379684037722159,-6.18861855782673
2015-12-12 14:00:00,22.2,74,0.0,8.3,326,4.641301098807199,-6.881011852206847
2015-12-12 15:00:00,22.2,74,0.0,8.6,327,4.683895701129233,-7.212566884330647
2015-12-12 16:00:00,21.4,77,0.0,7.8,326,4.361704647071825,-6.466493065929326
2015-12-12 17:00:00,20.3,81,0.0,6.4,322,3.9402334420842133,-5.043268823083022
2015-12-12 18:00:00,19.0,86,0.0,3.8,17,-1.111012477946401,-3.633958072659534
2015-12-12 19:00:00,18.4,88,0.0,3.6,45,-2.545584412271572,-2.545584412271571
2015-12-12 20:00:00,18.0,89,0.0,2.8,50,-2.1449244407331385,-1.7998053071223097
2015-12-12 21:00:00,17.0,90,0.0,3.1,54,-2.5079526825623377,-1.8221342821066664
2015-12-12 22:00:00,16.0,91,0.0,3.5,66,-3.197409101749103,-1.4235782507653008
2015-12-12 23:00:00,14.5,92,0.0,2.7,67,-2.485363104321589,-1.0549740469210387
2015-12-13 00:00:00,13.6,92,0.0,3.4,72,-3.2335921554035223,-1.0506577808748208
2015-12-13 01:00:00,13.1,92,0.0,4.1,75,-3.96029588778518,-1.0611580849203353
2015-12-13 02:00:00,12.9,93,0.0,4.0,80,-3.939231012048832,-0.6945927106677219
2015-12-13 03:00:00,12.6,91,0.0,3.4,58,-2.8833635269318485,-1.8017254983928963
2015-12-13 04:00:00,12.4,91,0.0,2.5,45,-1.7677669529663693,-1.7677669529663687
2015-12-13 05:00:00,12.4,90,0.0,3.1,36,-1.822134282106667,-2.507952682562337
2015-12-13 06:00:00,12.4,88,0.0,3.9,56,-3.233246532964663,-2.180852323535912
2015-12-13 07:00:00,12.4,86,0.0,3.3,49,-2.490541614735148,-2.1649947956686733
2015-12-13 08:00:00,15.6,88,0.0,3.6,45,-2.545584412271572,-2.545584412271571
2015-12-13 09:00:00,20.3,68,0.0,3.6,6,-0.3763024677635521,-3.5802788233257843
2015-12-13 10:00:00,21.8,68,0.0,4.8,333,2.1791543987498248,-4.276831316104166
2015-12-13 11:00:00,22.8,68,0.0,7.4,321,4.656970893768798,-5.750880114781585
2015-12-13 12:00:00,23.3,69,0.0,8.6,327,4.683895701129233,-7.212566884330647
2015-12-13 13:00:00,23.4,71,0.0,9.5,331,4.605691392340202,-8.30888721782426
2015-12-13 14:00:00,23.2,72,0.0,10.5,338,3.9333692308670756,-9.735430472951268
2015-12-13 15:00:00,22.6,77,0.0,10.6,342,3.275580140374443,-10.081199072728626
2015-12-13 16:00:00,21.7,82,0.0,8.6,345,2.2258437878816784,-8.306962106085987
2015-12-13 17:00:00,20.6,86,0.0,7.2,342,2.224922359499622,-6.8476069173251055
2015-12-13 18:00:00,18.8,95,0.0,7.8,13,-1.7546182238821488,-7.600086505324834
2015-12-13 19:00:00,18.8,92,0.0,5.7,35,-3.2693856872009643,-4.669166652447252
2015-12-13 20:00:00,18.8,90,0.0,4.3,48,-3.195522749552795,-2.8772616073430903
2015-12-13 21:00:00,18.3,88,0.0,3.6,45,-2.545584412271572,-2.545584412271571
2015-12-13 22:00:00,18.1,87,0.0,3.3,41,-2.1649947956686737,-2.4905416147351476
2015-12-13 23:00:00,17.7,86,0.0,3.1,21,-1.1109406435904323,-2.894099322141325
2015-12-14 00:00:00,18.3,84,0.0,3.9,22,-1.460965714322058,-3.6160170328104706
2015-12-14 01:00:00,18.2,85,0.0,4.8,27,-2.179154398749825,-4.276831316104166
2015-12-14 02:00:00,18.0,87,0.0,5.5,32,-2.9145559532826275,-4.664264528860342
2015-12-14 03:00:00,17.5,88,0.0,5.5,32,-2.9145559532826275,-4.664264528860342
2015-12-14 04:00:00,16.2,89,0.0,4.9,36,-2.880147736233119,-3.9641832724372423
2015-12-14 05:00:00,15.4,89,0.0,4.9,36,-2.880147736233119,-3.9641832724372423
2015-12-14 06:00:00,15.1,87,0.0,3.5,24,-1.4235782507653003,-3.1974091017491033
2015-12-14 07:00:00,14.6,86,0.0,3.9,22,-1.460965714322058,-3.6160170328104706
2015-12-14 08:00:00,17.4,84,0.0,5.0,21,-1.7918397477265036,-4.667902132486008
2015-12-14 09:00:00,20.7,79,0.0,9.7,358,0.33852511801426044,-9.694091022085228
2015-12-14 10:00:00,21.7,79,0.0,9.5,349,1.8126854560771768,-9.325458242752807
2015-12-14 11:00:00,22.6,76,0.0,9.7,345,2.510544737494451,-9.369480515003962
2015-12-14 12:00:00,23.2,74,0.0,10.2,342,3.151973342624464,-9.700776466210565
2015-12-14 13:00:00,23.2,75,0.0,10.7,340,3.659615533584656,-10.054711042409219
2015-12-14 14:00:00,22.9,77,0.0,11.7,342,3.615498834186885,-11.127361240653295
2015-12-14 15:00:00,22.8,79,0.0,11.9,346,2.8788705576360454,-11.546519142684359
2015-12-14 16:00:00,21.8,84,0.0,11.5,346,2.782101799396178,-11.15840085217396
2015-12-14 17:00:00,20.3,90,0.0,9.9,350,1.7191169589026112,-9.74959675482086
2015-12-14 18:00:00,18.9,96,0.0,10.5,16,-2.894192236078488,-10.09324780735235
2015-12-14 19:00:00,17.6,98,0.0,8.4,25,-3.549993398621873,-7.612985411107861
2015-12-14 20:00:00,18.0,98,0.0,5.8,30,-2.9000000000000026,-5.022947341949743
2015-12-14 21:00:00,18.1,96,0.0,3.7,29,-1.7937955949114464,-3.2360929164157652
2015-12-14 22:00:00,17.7,97,0.0,4.0,10,-0.6945927106677213,-3.939231012048832
2015-12-14 23:00:00,17.2,97,0.0,4.2,20,-1.436484601967808,-3.9467090073008158
2015-12-15 00:00:00,16.8,97,0.0,4.2,20,-1.436484601967808,-3.9467090073008158
2015-12-15 01:00:00,16.8,96,0.0,4.7,23,-1.836436303899587,-4.326372811226469
2015-12-15 02:00:00,16.5,94,0.0,5.0,21,-1.7918397477265036,-4.667902132486008
2015-12-15 03:00:00,13.1,98,0.0,5.0,21,-1.7918397477265036,-4.667902132486008
2015-12-15 04:00:00,14.4,93,0.0,5.0,21,-1.7918397477265036,-4.667902132486008
2015-12-15 05:00:00,15.9,88,0.0,4.6,18,-1.4214781741247586,-4.3748599749577055
2015-12-15 06:00:00,16.1,86,0.0,4.8,27,-2.179154398749825,-4.276831316104166
2015-12-15 07:00:00,16.4,85,0.0,5.6,27,-2.5423467985414625,-4.989636535454859
2015-12-15 08:00:00,16.7,87,0.0,7.1,15,-1.8376152202278964,-6.858073366652385
2015-12-15 09:00:00,18.9,80,0.0,10.1,4,-0.7045403848156684,-10.075396907624224
2015-12-15 10:00:00,20.0,76,0.0,10.2,352,1.4195656297926678,-10.100734301164017
2015-12-15 11:00:00,20.7,74,0.0,11.6,344,3.19739332747719,-11.1506356728845
2015-12-15 12:00:00,21.2,73,0.0,13.0,346,3.14498464279568,-12.613844441587954
2015-12-15 13:00:00,21.4,73,0.0,13.3,347,2.991849022773404,-12.959121861643629
2015-12-15 14:00:00,21.1,75,0.0,13.6,349,2.5950023371210107,-13.35012969488823
2015-12-15 15:00:00,20.2,77,0.0,13.9,350,2.413709669570333,-13.688827766869691
2015-12-15 16:00:00,19.1,80,0.0,12.8,349,2.442355140819775,-12.5648279481301
2015-12-15 17:00:00,17.6,83,0.0,11.4,349,2.175222547292612,-11.19054989130337
2015-12-15 18:00:00,16.3,87,0.0,10.4,360,6.368163355566237e-16,-10.4
2015-12-15 19:00:00,15.1,91,0.0,11.2,360,6.858022075225178e-16,-11.2
2015-12-15 20:00:00,14.6,89,0.0,10.5,4,-0.7324429743133186,-10.474422527728153
2015-12-15 21:00:00,14.5,87,0.0,9.8,6,-1.024378940023003,-9.74631457460908
2015-12-15 22:00:00,14.5,85,0.0,10.5,8,-1.4613175600806911,-10.397814721786487
2015-12-15 23:00:00,14.4,84,0.0,10.3,12,-2.141490415422926,-10.074920287558198
2015-12-16 00:00:00,14.0,84,0.0,10.6,10,-1.8406706832694615,-10.438962181929405
2015-12-16 01:00:00,13.7,83,0.0,10.9,9,-1.7051356689385184,-10.765802912487
2015-12-16 02:00:00,13.1,85,0.0,12.7,7,-1.547740661245369,-12.60533612584479
2015-12-16 03:00:00,12.0,87,0.0,13.3,13,-2.991849022773408,-12.959121861643627
2015-12-16 04:00:00,12.1,86,0.0,13.5,16,-3.721104303529485,-12.977032895167307
2015-12-16 05:00:00,11.7,86,0.0,13.8,15,-3.571702822414785,-13.329776402789143
2015-12-16 06:00:00,11.5,86,0.0,12.8,16,-3.5281581544575857,-12.304149708010485
2015-12-16 07:00:00,11.3,86,0.0,13.3,19,-4.330056454280184,-12.575397055470916
2015-12-16 08:00:00,13.3,85,0.0,12.7,8,-1.7674983821928358,-12.576404473017941
2015-12-16 09:00:00,15.8,74,0.0,14.8,360,9.062386313690414e-16,-14.8
2015-12-16 10:00:00,16.7,72,0.0,15.5,355,1.3509140125887011,-15.441017820422056
2015-12-16 11:00:00,17.1,70,0.0,17.5,352,2.4355292668011455,-17.329691202977482
2015-12-16 12:00:00,17.2,68,0.0,19.9,354,2.0801164190263037,-19.790985717828637
2015-12-16 13:00:00,17.0,67,0.0,19.9,356,1.388153827508092,-19.8515246001705
2015-12-16 14:00:00,16.8,67,0.0,19.8,357,1.0362519336102907,-19.772864788140563
2015-12-16 15:00:00,15.8,69,0.0,19.9,355,1.7343992806783968,-19.824274492025737
2015-12-16 16:00:00,14.5,72,0.0,18.4,356,1.2835191168919042,-18.355178524780765
2015-12-16 17:00:00,13.2,73,0.0,15.5,359,0.27051229977789576,-15.497639274924065
2015-12-16 18:00:00,12.3,75,0.0,14.0,359,0.24433369012197037,-13.997867732189478
2015-12-16 19:00:00,11.8,75,0.0,14.4,360,8.817456953860943e-16,-14.4
2015-12-16 20:00:00,11.2,77,0.0,14.0,1,-0.24433369012196898,-13.997867732189478
2015-12-16 21:00:00,10.6,78,0.0,14.1,357,0.7379369830255099,-14.080676440039491
2015-12-16 22:00:00,9.9,80,0.0,13.3,2,-0.4641633061432601,-13.291897999353974
2015-12-16 23:00:00,9.8,78,0.0,11.9,2,-0.4153040107597591,-11.89275084152724
2015-12-17 00:00:00,9.8,76,0.0,11.9,3,-0.6227978792910372,-11.88369146357943
2015-12-17 01:00:00,10.0,73,0.0,11.9,5,-1.0371533386971332,-11.854716907291772
2015-12-17 02:00:00,10.0,72,0.0,10.9,8,-1.5169868004647176,-10.793921949283115
2015-12-17 03:00:00,9.7,74,0.0,10.5,8,-1.4613175600806911,-10.397814721786487
2015-12-17 04:00:00,9.9,73,0.0,9.9,10,-1.7191169589026103,-9.74959675482086
2015-12-17 05:00:00,9.3,76,0.0,9.5,11,-1.812685456077174,-9.325458242752807
2015-12-17 06:00:00,8.7,78,0.0,9.7,4,-0.676637795318018,-9.676371287520293
2015-12-17 07:00:00,8.0,81,0.0,11.5,358,0.4013442120787624,-11.492994510719601
2015-12-17 08:00:00,10.7,76,0.0,12.7,353,1.547740661245373,-12.605336125844788
2015-12-17 09:00:00,12.9,66,0.0,14.8,356,1.0323958114130536,-14.763947943845398
2015-12-17 10:00:00,13.9,64,0.0,16.0,352,2.2267696153610474,-15.844289099865126
2015-12-17 11:00:00,14.5,63,0.0,17.7,348,3.680036927474342,-17.31321253298836
2015-12-17 12:00:00,14.9,62,0.0,18.1,353,2.2058351156331697,-17.96508534470793
2015-12-17 13:00:00,14.8,62,0.0,17.8,353,2.1692743126116256,-17.667321499215532
2015-12-17 14:00:00,14.5,63,0.0,17.1,352,2.3798600264171195,-16.933583975480854
2015-12-17 15:00:00,13.9,63,0.0,16.2,348,3.368169391247703,-15.845991131887649
2015-12-17 16:00:00,12.9,66,0.0,14.5,346,3.507867486195181,-14.06928803100195
2015-12-17 17:00:00,11.7,68,0.0,11.0,349,2.098898949141994,-10.797899017924303
2015-12-17 18:00:00,10.6,70,0.0,9.2,339,3.2969851358167634,-8.588939923774255
2015-12-17 19:00:00,9.7,78,0.0,7.8,338,2.9219314286441134,-7.232034065620942
2015-12-17 20:00:00,9.5,76,0.0,5.5,349,1.049449474570997,-5.3989495089621515
2015-12-17 21:00:00,9.9,72,0.0,4.4,351,0.6883116461770161,-4.3458286986186065
2015-12-17 22:00:00,9.9,72,0.0,3.2,360,1.9594348786357652e-16,-3.2
2015-12-17 23:00:00,9.5,75,0.0,2.2,360,1.3471114790620887e-16,-2.2
2015-12-18 00:00:00,9.4,77,0.0,1.9,22,-0.7117525274902333,-1.7616493236768958
2015-12-18 01:00:00,9.5,78,0.0,2.5,45,-1.7677669529663693,-1.7677669529663687
2015-12-18 02:00:00,9.7,77,0.0,2.6,56,-2.1554976886431088,-1.4539015490239415
2015-12-18 03:00:00,11.7,68,0.0,2.8,50,-2.1449244407331385,-1.7998053071223097
2015-12-18 04:00:00,11.7,68,0.0,2.8,50,-2.1449244407331385,-1.7998053071223097
2015-12-18 05:00:00,11.8,68,0.0,2.5,45,-1.7677669529663693,-1.7677669529663687
2015-12-18 06:00:00,11.8,69,0.0,1.6,63,-1.4256104387013888,-0.7263847995832747
2015-12-18 07:00:00,10.4,74,0.0,1.1,90,-1.1,1.3471114790620887e-16
2015-12-18 08:00:00,11.7,79,0.0,0.5,225,0.3535533905932738,0.35355339059327373
2015-12-18 09:00:00,14.9,70,0.0,4.0,297,3.5640260967534716,-1.815961998958187
2015-12-18 10:00:00,16.0,69,0.0,5.2,304,4.310995377286217,-2.907803098047884
2015-12-18 11:00:00,16.9,68,0.0,7.1,300,6.148780366869515,-3.5499999999999994
2015-12-18 12:00:00,17.4,68,0.0,8.4,301,7.200205325897744,-4.326319829244455
2015-12-18 13:00:00,18.0,68,0.0,8.3,304,6.881011852206846,-4.6413010988072
2015-12-18 14:00:00,18.0,68,0.0,8.7,315,6.151828996322964,-6.151828996322962
2015-12-18 15:00:00,17.8,65,0.0,9.2,321,5.789747597658504,-7.149742845404131
2015-12-18 16:00:00,16.9,68,0.0,8.3,326,4.641301098807199,-6.881011852206847
2015-12-18 17:00:00,15.6,71,0.0,6.4,313,4.6806636903626915,-4.36478950439999
2015-12-18 18:00:00,14.1,80,0.0,2.8,320,1.7998053071223101,-2.1449244407331385
2015-12-18 19:00:00,13.2,84,0.0,1.6,333,0.726384799583275,-1.4256104387013886
2015-12-18 20:00:00,12.6,83,0.0,0.4,360,2.4492935982947065e-17,-0.4
2015-12-18 21:00:00,12.0,85,0.0,0.4,90,-0.4,4.898587196589413e-17
2015-12-18 22:00:00,11.3,87,0.0,1.5,76,-1.4554435894139948,-0.3628828433995013
2015-12-18 23:00:00,10.8,89,0.0,2.2,81,-2.1729143493093033,-0.3441558230885076
2015-12-19 00:00:00,10.6,89,0.0,3.0,76,-2.9108871788279895,-0.7257656867990026
2015-12-19 01:00:00,10.1,89,0.0,3.3,77,-3.2154212137912763,-0.7423384793347544
2015-12-19 02:00:00,10.1,89,0.0,2.9,60,-2.5114736709748717,-1.4500000000000002
2015-12-19 03:00:00,11.1,83,0.0,3.2,63,-2.8512208774027776,-1.4527695991665495
2015-12-19 04:00:00,10.7,83,0.0,3.2,63,-2.8512208774027776,-1.4527695991665495
2015-12-19 05:00:00,10.1,84,0.0,2.9,60,-2.5114736709748717,-1.4500000000000002
2015-12-19 06:00:00,9.5,84,0.0,3.4,72,-3.2335921554035223,-1.0506577808748208
2015-12-19 07:00:00,9.2,84,0.0,3.4,72,-3.2335921554035223,-1.0506577808748208
2015-12-19 08:00:00,12.3,83,0.0,3.9,68,-3.616017032810471,-1.460965714322057
2015-12-19 09:00:00,17.0,69,0.0,2.2,360,1.3471114790620887e-16,-2.2
2015-12-19 10:00:00,18.6,67,0.0,5.6,320,3.5996106142446203,-4.289848881466277
2015-12-19 11:00:00,19.7,67,0.0,6.6,311,4.981083229470295,-4.329989591337347
2015-12-19 12:00:00,20.5,67,0.0,8.0,306,6.47213595499958,-4.702282018339785
2015-12-19 13:00:00,20.8,67,0.0,8.7,308,6.85569355637848,-5.356254835333226
2015-12-19 14:00:00,20.7,69,0.0,8.1,315,5.727564927611035,-5.727564927611034
2015-12-19 15:00:00,20.6,70,0.0,7.1,315,5.020458146424487,-5.020458146424486
2015-12-19 16:00:00,19.8,73,0.0,7.4,317,5.046787864462489,-5.412017391981862
2015-12-19 17:00:00,18.4,79,0.0,6.6,311,4.981083229470295,-4.329989591337347
2015-12-19 18:00:00,16.8,88,0.0,2.1,301,1.800051331474436,-1.0815799573111138
2015-12-19 19:00:00,15.6,89,0.0,2.5,82,-2.475670171853926,-0.3479327524001638
2015-12-19 20:00:00,14.3,92,0.0,4.0,153,-1.8159619989581868,3.5640260967534716
2015-12-19 21:00:00,13.2,93,0.0,4.7,180,2.8779199779962803e-16,4.7
2015-12-19 22:00:00,13.0,93,0.0,4.0,185,0.34862297099063255,3.984778792366982
2015-12-19 23:00:00,13.2,93,0.0,3.7,169,-0.7059932828932158,3.632020578756357
2015-12-20 00:00:00,13.2,92,0.0,4.1,142,-2.524212048835199,3.23084408978756
2015-12-20 01:00:00,13.6,92,0.0,4.6,141,-2.894873798829251,3.5748714227020666
2015-12-20 02:00:00,13.7,90,0.0,4.3,138,-2.8772616073430903,3.195522749552795
2015-12-20 03:00:00,14.4,88,0.0,2.7,113,-2.485363104321589,1.0549740469210394
2015-12-20 04:00:00,15.1,86,0.0,2.2,90,-2.2,2.6942229581241775e-16
2015-12-20 05:00:00,14.8,85,0.0,1.9,68,-1.761649323676896,-0.7117525274902328
2015-12-20 06:00:00,14.6,84,0.0,2.9,97,-2.8783838397598336,0.35342109587492787
2015-12-20 07:00:00,14.6,84,0.0,1.3,56,-1.0777488443215544,-0.7269507745119708
2015-12-20 08:00:00,15.8,88,0.0,1.8,11,-0.3434561916777803,-1.7669289302057951
2015-12-20 09:00:00,18.4,79,0.0,3.2,297,2.8512208774027776,-1.4527695991665497
2015-12-20 10:00:00,18.6,80,0.0,5.9,308,4.64926344627966,-3.6324027044213842
2015-12-20 11:00:00,19.0,81,0.0,5.2,335,2.197614961051637,-4.7128004925905795
2015-12-20 12:00:00,19.4,80,0.0,4.7,337,1.8364363038995866,-4.32637281122647
2015-12-20 13:00:00,19.4,81,0.0,6.1,332,2.863776532993934,-5.385980316439453
2015-12-20 14:00:00,19.2,84,0.0,5.6,333,2.542346798541462,-4.989636535454859
2015-12-20 15:00:00,19.0,88,0.0,5.1,321,3.209533994354171,-3.963444403430551
2015-12-20 16:00:00,18.4,92,0.0,6.6,315,4.666904755831213,-4.666904755831213
2015-12-20 17:00:00,17.7,94,0.0,6.9,321,4.342310698243879,-5.3623071340531
2015-12-20 18:00:00,17.0,97,0.1,7.3,9,-1.1419715947936866,-7.210124886344505
2015-12-20 19:00:00,16.5,98,0.0,6.8,18,-2.1013155617496433,-6.467184310807044
2015-12-20 20:00:00,16.4,97,0.2,4.6,18,-1.4214781741247586,-4.3748599749577055
2015-12-20 21:00:00,16.4,96,0.1,2.9,360,1.7757378587636622e-16,-2.9
2015-12-20 22:00:00,16.6,95,0.1,1.8,360,1.1021821192326179e-16,-1.8
2015-12-20 23:00:00,17.0,93,0.0,1.8,360,1.1021821192326179e-16,-1.8
2015-12-21 00:00:00,16.9,93,0.0,2.9,360,1.7757378587636622e-16,-2.9
2015-12-21 01:00:00,17.1,92,0.0,3.4,18,-1.0506577808748216,-3.233592155403522
2015-12-21 02:00:00,17.1,92,0.0,4.1,38,-2.524212048835198,-3.2308440897875603
2015-12-21 03:00:00,15.8,92,0.0,5.2,25,-2.197614961051636,-4.71280049259058
2015-12-21 04:00:00,15.6,93,0.0,5.5,32,-2.9145559532826275,-4.664264528860342
2015-12-21 05:00:00,16.5,91,0.0,4.9,36,-2.880147736233119,-3.9641832724372423
2015-12-21 06:00:00,16.4,92,0.0,4.1,52,-3.23084408978756,-2.5242120488351985
2015-12-21 07:00:00,16.4,92,0.0,2.7,23,-1.0549740469210394,-2.4853631043215887
2015-12-21 08:00:00,17.4,91,0.0,3.3,13,-0.7423384793347553,-3.215421213791276
2015-12-21 09:00:00,19.1,87,0.0,5.9,346,1.4273391840380394,-5.7247447850283795
2015-12-21 10:00:00,19.9,85,0.0,7.8,338,2.9219314286441134,-7.232034065620942
2015-12-21 11:00:00,20.9,83,0.0,9.5,335,4.014873486536644,-8.609923976848174
2015-12-21 12:00:00,21.4,82,0.0,9.7,338,3.633683956134346,-8.993683389297837
2015-12-21 13:00:00,21.8,81,0.0,8.8,341,2.8649997592229797,-8.320563465273988
2015-12-21 14:00:00,22.0,80,0.0,8.9,333,4.040515447681967,-7.929958065276474
2015-12-21 15:00:00,22.4,79,0.0,8.7,330,4.3500000000000005,-7.534421012924615
2015-12-21 16:00:00,21.4,82,0.0,8.1,328,4.29234604028896,-6.86918957886705
2015-12-21 17:00:00,20.3,86,0.0,6.7,324,3.93816119035957,-5.420413862312148
2015-12-21 18:00:00,19.1,92,0.0,2.9,353,0.3534210958749277,-2.8783838397598336
2015-12-21 19:00:00,18.5,93,0.0,0.4,360,2.4492935982947065e-17,-0.4
2015-12-21 20:00:00,18.3,94,0.0,2.2,180,1.3471114790620887e-16,2.2
2015-12-21 21:00:00,18.2,93,0.0,2.7,203,1.0549740469210391,2.485363104321589
2015-12-21 22:00:00,17.8,93,0.0,1.3,236,1.0777488443215542,0.726950774511971
2015-12-21 23:00:00,17.6,92,0.0,1.6,27,-0.7263847995832751,-1.4256104387013886
2015-12-22 00:00:00,17.8,89,0.0,0.4,90,-0.4,4.898587196589413e-17
2015-12-22 01:00:00,17.1,93,0.8,0.4,90,-0.4,4.898587196589413e-17
2015-12-22 02:00:00,17.1,94,1.4,1.5,45,-1.0606601717798214,-1.0606601717798212
2015-12-22 03:00:00,19.1,86,1.0,3.1,36,-1.822134282106667,-2.507952682562337
2015-12-22 04:00:00,18.9,87,1.3,3.3,41,-2.1649947956686737,-2.4905416147351476
2015-12-22 05:00:00,18.7,88,0.1,4.3,24,-1.7489675652259404,-3.928245467863184
2015-12-22 06:00:00,18.0,90,0.0,3.6,45,-2.545584412271572,-2.545584412271571
2015-12-22 07:00:00,16.7,93,0.0,2.3,18,-0.7107390870623793,-2.1874299874788528
2015-12-22 08:00:00,19.1,89,0.0,3.6,360,2.2043642384652358e-16,-3.6
2015-12-22 09:00:00,20.9,86,0.0,5.7,325,3.269385687200963,-4.669166652447253
2015-12-22 10:00:00,21.6,85,0.0,5.9,313,4.314986839553106,-4.023790324368742
2015-12-22 11:00:00,22.6,82,0.0,6.6,299,5.772490067120011,-3.1997434936258244
2015-12-22 12:00:00,23.2,81,0.0,7.3,290,6.859756131737131,-2.4967470462773815
2015-12-22 13:00:00,23.5,81,0.0,9.0,293,8.284543681071963,-3.5165801564034638
2015-12-22 14:00:00,22.8,83,0.0,8.7,294,7.947845481490627,-3.5386087947594613
2015-12-22 15:00:00,22.3,89,0.0,8.3,304,6.881011852206846,-4.6413010988072
2015-12-22 16:00:00,21.4,91,0.0,7.6,315,5.374011537017761,-5.37401153701776
2015-12-22 17:00:00,20.5,93,0.0,4.6,321,2.894873798829252,-3.5748714227020657
2015-12-22 18:00:00,19.6,97,0.0,2.2,360,1.3471114790620887e-16,-2.2
2015-12-22 19:00:00,19.0,99,0.0,3.3,347,0.7423384793347542,-3.2154212137912763
2015-12-22 20:00:00,18.4,99,0.0,2.5,352,0.34793275240016364,-2.475670171853926
2015-12-22 21:00:00,17.8,99,0.0,2.5,352,0.34793275240016364,-2.475670171853926
2015-12-22 22:00:00,17.3,99,0.1,2.9,360,1.7757378587636622e-16,-2.9
2015-12-22 23:00:00,16.9,99,0.0,3.3,13,-0.7423384793347553,-3.215421213791276
2015-12-23 00:00:00,16.7,98,0.0,4.8,13,-1.0797650608505531,-4.6769763109691285
2015-12-23 01:00:00,16.2,97,0.0,5.8,22,-2.1727182418122912,-5.377666356487366
2015-12-23 02:00:00,15.8,97,0.0,6.0,33,-3.267834210090162,-5.032023407672544
2015-12-23 03:00:00,15.9,96,0.0,5.0,30,-2.500000000000002,-4.330127018922192
2015-12-23 04:00:00,16.0,94,0.0,4.6,39,-2.894873798829254,-3.5748714227020644
2015-12-23 05:00:00,15.7,92,0.0,3.6,45,-2.545584412271572,-2.545584412271571
2015-12-23 06:00:00,15.2,91,0.0,6.0,65,-5.4378467222199,-2.5357095704441956
2015-12-23 07:00:00,15.2,90,0.0,3.1,69,-2.8940993221413254,-1.1109406435904314
2015-12-23 08:00:00,17.3,91,0.0,1.8,53,-1.437543918085127,-1.0832670416736871
2015-12-23 09:00:00,22.2,76,0.0,0.8,333,0.3631923997916375,-0.7128052193506943
2015-12-23 10:00:00,24.0,67,0.0,2.7,293,2.485363104321589,-1.0549740469210394
2015-12-23 11:00:00,24.7,67,0.0,4.8,297,4.276831316104166,-2.1791543987498243
2015-12-23 12:00:00,24.4,72,0.0,6.0,303,5.032023407672544,-3.2678342100901627
2015-12-23 13:00:00,23.9,76,0.0,6.9,313,5.046340541172277,-4.70578868443124
2015-12-23 14:00:00,23.9,78,0.0,6.2,324,3.6442685642133337,-5.0159053651246746
2015-12-23 15:00:00,23.7,78,0.0,6.1,332,2.863776532993934,-5.385980316439453
2015-12-23 16:00:00,23.2,81,0.0,6.0,335,2.5357095704441965,-5.437846722219899
2015-12-23 17:00:00,22.1,84,0.0,5.3,332,2.4881992827652213,-4.679622242152313
2015-12-23 18:00:00,20.2,94,0.0,4.3,24,-1.7489675652259404,-3.928245467863184
2015-12-23 19:00:00,20.0,92,0.0,4.5,61,-3.9357886821272814,-2.181643291108516
2015-12-23 20:00:00,19.6,92,0.0,3.5,66,-3.197409101749103,-1.4235782507653008
2015-12-23 21:00:00,19.3,92,0.0,2.3,39,-1.447436899414627,-1.7874357113510322
2015-12-23 22:00:00,19.1,92,0.0,2.3,51,-1.7874357113510326,-1.4474368994146265
2015-12-23 23:00:00,18.5,90,0.0,3.1,69,-2.8940993221413254,-1.1109406435904314
2015-12-24 00:00:00,17.9,89,0.0,2.6,74,-2.499280409439629,-0.7166571251241974
2015-12-24 01:00:00,17.5,87,0.0,2.2,81,-2.1729143493093033,-0.3441558230885076
2015-12-24 02:00:00,16.1,88,0.0,1.9,68,-1.761649323676896,-0.7117525274902328
2015-12-24 03:00:00,13.8,89,0.0,2.3,51,-1.7874357113510326,-1.4474368994146265
2015-12-24 04:00:00,14.0,89,0.0,2.3,51,-1.7874357113510326,-1.4474368994146265
2015-12-24 05:00:00,14.1,88,0.0,2.5,45,-1.7677669529663693,-1.7677669529663687
2015-12-24 06:00:00,14.4,88,0.0,4.6,72,-4.374859974957706,-1.4214781741247573
2015-12-24 07:00:00,14.8,87,0.0,3.5,66,-3.197409101749103,-1.4235782507653008
2015-12-24 08:00:00,17.6,85,0.0,2.8,40,-1.7998053071223103,-2.144924440733138
2015-12-24 09:00:00,21.4,72,0.0,2.9,7,-0.35342109587492676,-2.878383839759834
2015-12-24 10:00:00,22.6,70,0.0,3.9,338,1.4609657143220567,-3.616017032810471
2015-12-24 11:00:00,23.4,70,0.0,4.0,333,1.8159619989581872,-3.564026096753471
2015-12-24 12:00:00,24.0,69,0.0,3.6,323,2.1665340833473743,-2.875087836170254
2015-12-24 13:00:00,24.3,69,0.0,4.1,308,3.2308440897875594,-2.524212048835199
2015-12-24 14:00:00,24.2,71,0.0,4.4,305,3.604268994871564,-2.523736319944603
2015-12-24 15:00:00,24.5,71,0.0,5.9,313,4.314986839553106,-4.023790324368742
2015-12-24 16:00:00,23.6,77,0.0,7.0,325,4.015035054457323,-5.7340643100229425
2015-12-24 17:00:00,22.1,84,0.0,7.9,344,2.1775351109542935,-7.59396739791272
2015-12-24 18:00:00,20.0,95,0.0,7.6,25,-3.2118987892293136,-6.88793918147854
2015-12-24 19:00:00,19.5,94,0.0,5.6,45,-3.9597979746446668,-3.9597979746446654
2015-12-24 20:00:00,19.2,94,0.0,3.8,41,-2.4930243101639276,-2.8678964048465336
2015-12-24 21:00:00,18.9,95,0.0,2.9,60,-2.5114736709748717,-1.4500000000000002
2015-12-24 22:00:00,18.6,94,0.0,3.1,69,-2.8940993221413254,-1.1109406435904314
2015-12-24 23:00:00,18.3,93,0.0,3.2,27,-1.4527695991665501,-2.851220877402777
2015-12-25 00:00:00,17.2,94,0.0,4.9,36,-2.880147736233119,-3.9641832724372423
2015-12-25 01:00:00,16.9,94,0.0,5.1,39,-3.2095339943541727,-3.96344440343055
2015-12-25 02:00:00,16.8,90,0.0,5.6,45,-3.9597979746446668,-3.9597979746446654
2015-12-25 03:00:00,17.8,80,0.0,5.1,45,-3.606244584051393,-3.606244584051392
2015-12-25 04:00:00,18.5,76,0.0,5.0,30,-2.500000000000002,-4.330127018922192
2015-12-25 05:00:00,18.2,77,0.0,6.6,29,-3.199743493625823,-5.772490067120013
2015-12-25 06:00:00,18.1,77,0.0,5.9,38,-3.632402704421383,-4.649263446279661
2015-12-25 07:00:00,18.4,76,0.0,4.2,31,-2.163159914622229,-3.600102662948871
2015-12-25 08:00:00,18.4,80,0.0,6.3,347,1.4171916423663489,-6.1385314081469815
2015-12-25 09:00:00,19.1,81,0.0,9.5,349,1.8126854560771768,-9.325458242752807
2015-12-25 10:00:00,19.8,81,0.0,8.7,353,1.060263287624783,-8.6351515192795
2015-12-25 11:00:00,20.5,81,0.0,9.9,341,3.223124729125852,-9.360633898433235
2015-12-25 12:00:00,20.3,82,0.0,12.3,339,4.407925779407195,-11.483039245915583
2015-12-25 13:00:00,19.9,83,0.0,13.1,344,3.610849361202689,-12.592528216791978
2015-12-25 14:00:00,19.7,82,0.0,11.3,351,1.7677094549546095,-11.160878248725057
2015-12-25 15:00:00,19.7,82,0.0,10.1,354,1.0557374790032998,-10.04467114321956
2015-12-25 16:00:00,19.3,83,0.1,8.1,347,1.8221035401853058,-7.892397524760405
2015-12-25 17:00:00,18.5,86,0.2,8.7,343,2.5436338310878095,-8.319851376878407
2015-12-25 18:00:00,17.2,92,0.2,7.6,5,-0.6623836448822027,-7.571079705497266
2015-12-25 19:00:00,16.2,95,0.2,8.4,7,-1.0237024846032363,-8.337387673787106
2015-12-25 20:00:00,15.7,95,0.0,9.1,9,-1.4235536318661024,-8.987963899415753
2015-12-25 21:00:00,15.4,95,0.0,8.0,18,-2.4721359549995805,-7.608452130361228
2015-12-25 22:00:00,14.7,97,0.0,7.8,22,-2.921931428644116,-7.232034065620941
2015-12-25 23:00:00,14.6,96,0.0,6.4,16,-1.7640790772287929,-6.152074854005242
2015-12-26 00:00:00,14.9,94,0.0,6.0,25,-2.5357095704441948,-5.4378467222199
2015-12-26 01:00:00,13.3,97,0.0,5.0,21,-1.7918397477265036,-4.667902132486008
2015-12-26 02:00:00,12.4,98,0.0,4.3,24,-1.7489675652259404,-3.928245467863184
2015-12-26 03:00:00,15.3,83,0.0,4.2,20,-1.436484601967808,-3.9467090073008158
2015-12-26 04:00:00,15.6,80,0.0,4.2,31,-2.163159914622229,-3.600102662948871
2015-12-26 05:00:00,15.7,78,0.0,4.7,23,-1.836436303899587,-4.326372811226469
2015-12-26 06:00:00,15.7,78,0.0,3.5,24,-1.4235782507653003,-3.1974091017491033
2015-12-26 07:00:00,15.7,76,0.0,2.5,8,-0.3479327524001646,-2.475670171853926
2015-12-26 08:00:00,16.4,77,0.0,3.3,347,0.7423384793347542,-3.2154212137912763
2015-12-26 09:00:00,18.0,76,0.0,4.6,342,1.4214781741247582,-4.3748599749577055
2015-12-26 10:00:00,19.3,74,0.0,6.1,320,3.92100441908789,-4.6728711030257655
2015-12-26 11:00:00,19.9,74,0.0,8.7,318,5.821436275322066,-6.46535998165333
2015-12-26 12:00:00,20.2,74,0.0,10.0,319,6.560590289905073,-7.54709580222772
2015-12-26 13:00:00,20.5,73,0.0,11.4,325,6.538771374401926,-9.338333304894507
2015-12-26 14:00:00,20.4,74,0.0,11.1,331,5.3813867847343415,-9.708278749247292
2015-12-26 15:00:00,19.3,77,0.0,11.4,336,4.636797731064123,-10.41441821712565
2015-12-26 16:00:00,18.5,78,0.0,10.6,342,3.275580140374443,-10.081199072728626
2015-12-26 17:00:00,17.6,81,0.0,8.2,345,2.12231616984067,-7.92059177557036
2015-12-26 18:00:00,16.3,86,0.0,9.7,4,-0.676637795318018,-9.676371287520293
2015-12-26 19:00:00,16.0,88,0.0,9.8,6,-1.024378940023003,-9.74631457460908
2015-12-26 20:00:00,15.2,92,0.0,8.4,10,-1.458644692402215,-8.272385125302547
2015-12-26 21:00:00,15.6,88,0.0,7.6,19,-2.4743179738743906,-7.185941174554808
2015-12-26 22:00:00,15.9,86,0.0,6.1,28,-2.8637765329939335,-5.385980316439454
2015-12-26 23:00:00,16.0,86,0.0,5.1,39,-3.2095339943541727,-3.96344440343055
2015-12-27 00:00:00,15.9,87,0.0,5.0,30,-2.500000000000002,-4.330127018922192
2015-12-27 01:00:00,15.9,86,0.0,6.3,31,-3.2447398719333433,-5.400153994423306
2015-12-27 02:00:00,15.9,85,0.0,6.9,39,-4.342310698243882,-5.362307134053097
2015-12-27 03:00:00,16.0,84,0.0,5.8,30,-2.9000000000000026,-5.022947341949743
2015-12-27 04:00:00,16.2,83,0.0,5.2,25,-2.197614961051636,-4.71280049259058
2015-12-27 05:00:00,16.6,81,0.0,4.6,18,-1.4214781741247586,-4.3748599749577055
2015-12-27 06:00:00,16.5,82,0.0,6.6,22,-2.472403516545021,-6.119413440140796
2015-12-27 07:00:00,16.2,84,0.0,8.6,33,-4.683895701129232,-7.212566884330647
2015-12-27 08:00:00,16.5,87,0.1,6.0,33,-3.267834210090162,-5.032023407672544
2015-12-27 09:00:00,17.8,85,0.2,5.8,22,-2.1727182418122912,-5.377666356487366
2015-12-27 10:00:00,18.3,84,0.2,5.4,356,0.3766849582182763,-5.386845871403051
2015-12-27 11:00:00,19.0,84,0.0,6.9,332,3.239353783222647,-6.092338390726596
2015-12-27 12:00:00,19.3,85,0.2,9.8,332,4.600821315301731,-8.652886410017484
2015-12-27 13:00:00,18.9,89,0.0,11.9,346,2.8788705576360454,-11.546519142684359
2015-12-27 14:00:00,18.3,91,0.0,12.7,352,1.7674983821928314,-12.576404473017943
2015-12-27 15:00:00,18.6,89,0.0,12.7,353,1.547740661245373,-12.605336125844788
2015-12-27 16:00:00,17.9,90,0.0,11.9,355,1.0371533386971319,-11.854716907291772
2015-12-27 17:00:00,17.0,92,0.0,9.4,358,0.3280552690035102,-9.394273773979501
2015-12-27 18:00:00,16.1,94,0.0,11.2,15,-2.898773305148231,-10.818369254437565
2015-12-27 19:00:00,15.3,96,0.0,10.0,15,-2.5881904510252065,-9.659258262890683
2015-12-27 20:00:00,14.8,95,0.0,8.9,14,-2.1531048708370433,-8.635631963856369
2015-12-27 21:00:00,14.4,94,0.0,9.2,11,-1.7554427574642102,-9.030970087718508
2015-12-27 22:00:00,14.6,92,0.0,9.9,19,-3.2231247291258507,-9.360633898433237
2015-12-27 23:00:00,14.7,90,0.0,9.5,29,-4.6056913923402,-8.308887217824262
2015-12-28 00:00:00,15.2,86,0.0,7.8,34,-4.361704647071823,-6.466493065929326
2015-12-28 01:00:00,15.4,85,0.0,8.4,7,-1.0237024846032363,-8.337387673787106
2015-12-28 02:00:00,14.8,87,0.0,10.7,12,-2.2246550917500296,-10.46617932785172
2015-12-28 03:00:00,14.4,86,0.0,10.7,20,-3.6596155335846534,-10.05471104240922
2015-12-28 04:00:00,14.4,87,0.0,9.8,24,-3.986019102142841,-8.95274548489749
2015-12-28 05:00:00,14.6,85,0.0,8.6,33,-4.683895701129232,-7.212566884330647
2015-12-28 06:00:00,15.0,82,0.0,6.5,34,-3.6347538725598527,-5.388744221607772
2015-12-28 07:00:00,14.9,81,0.0,7.4,23,-2.8914103508206264,-6.811735915548058
2015-12-28 08:00:00,15.0,84,0.0,7.9,16,-2.1775351109542913,-7.593967397912721
2015-12-28 09:00:00,17.3,78,0.0,9.0,355,0.7844016847289232,-8.96575228282571
2015-12-28 10:00:00,18.6,75,0.0,11.4,349,2.175222547292612,-11.19054989130337
2015-12-28 11:00:00,19.5,74,0.0,12.1,350,2.101142949769858,-11.916173811447717
2015-12-28 12:00:00,20.4,71,0.0,11.4,347,2.5644420195200603,-11.107818738551682
2015-12-28 13:00:00,20.8,70,0.0,11.4,342,3.522793735874401,-10.84204428576475
2015-12-28 14:00:00,20.8,69,0.0,12.0,339,4.300415394543604,-11.202965117966421
2015-12-28 15:00:00,19.9,69,0.0,11.9,335,5.029157314714324,-10.785062665736135
2015-12-28 16:00:00,18.8,72,0.0,10.9,333,4.948496447161061,-9.71197111365321
2015-12-28 17:00:00,17.2,76,0.0,7.9,336,3.2132194802988217,-7.217009115376547
2015-12-28 18:00:00,15.8,80,0.0,7.6,329,3.9142893693164114,-6.5144714853360535
2015-12-28 19:00:00,15.0,84,0.0,6.6,338,2.4724035165450187,-6.1194134401407965
2015-12-28 20:00:00,14.6,86,0.3,4.7,337,1.8364363038995866,-4.32637281122647
2015-12-28 21:00:00,14.2,88,0.5,3.6,323,2.1665340833473743,-2.875087836170254
2015-12-28 22:00:00,13.8,90,0.4,4.2,340,1.436484601967809,-3.9467090073008153
2015-12-28 23:00:00,14.1,90,0.3,4.0,355,0.34862297099063255,-3.984778792366982
2015-12-29 00:00:00,13.8,92,0.2,4.0,333,1.8159619989581872,-3.564026096753471
2015-12-29 01:00:00,13.3,92,0.2,3.6,354,0.3763024677635525,-3.580278823325784
2015-12-29 02:00:00,13.3,91,0.2,3.3,6,-0.3449439287832561,-3.281922254715302
2015-12-29 03:00:00,13.9,88,0.3,3.3,6,-0.3449439287832561,-3.281922254715302
2015-12-29 04:00:00,13.9,88,0.2,3.6,6,-0.3763024677635521,-3.5802788233257843
2015-12-29 05:00:00,13.9,88,0.2,4.0,5,-0.348622970990633,-3.984778792366982
2015-12-29 06:00:00,14.3,86,0.0,1.3,56,-1.0777488443215544,-0.7269507745119708
2015-12-29 07:00:00,14.5,85,0.0,0.8,63,-0.7128052193506944,-0.36319239979163737
2015-12-29 08:00:00,14.6,89,0.0,3.4,328,1.8017254983928965,-2.883363526931848
2015-12-29 09:00:00,16.3,85,0.0,6.9,332,3.239353783222647,-6.092338390726596
2015-12-29 10:00:00,17.3,81,0.0,8.6,338,3.2216167033768426,-7.973781149274371
2015-12-29 11:00:00,18.0,79,0.0,8.7,336,3.5386087947594613,-7.947845481490627
2015-12-29 12:00:00,19.1,75,0.0,8.4,329,4.326319829244455,-7.200205325897744
2015-12-29 13:00:00,19.3,74,0.0,9.5,323,5.717242719944459,-7.587037345449282
2015-12-29 14:00:00,19.6,73,0.0,10.9,326,6.09520264783114,-9.036509540849956
2015-12-29 15:00:00,18.9,77,0.0,11.9,331,5.769234480931412,-10.40797451495881
2015-12-29 16:00:00,18.3,77,0.0,11.2,339,4.013721034907364,-10.45610077676866
2015-12-29 17:00:00,17.3,79,0.0,7.4,346,1.7902220274375409,-7.180188374442374
2015-12-29 18:00:00,16.2,85,0.0,7.8,347,1.7546182238821464,-7.6000865053248345
2015-12-29 19:00:00,15.9,82,0.0,4.8,13,-1.0797650608505531,-4.6769763109691285
2015-12-29 20:00:00,15.5,83,0.0,4.1,345,1.061158084920335,-3.96029588778518
2015-12-29 21:00:00,15.2,84,0.0,3.2,360,1.9594348786357652e-16,-3.2
2015-12-29 22:00:00,14.0,88,0.0,3.1,45,-2.192031021678298,-2.192031021678297
2015-12-29 23:00:00,13.4,89,0.0,2.7,67,-2.485363104321589,-1.0549740469210387
2015-12-30 00:00:00,14.0,86,0.0,2.4,63,-2.138415658052083,-1.089577199374912
2015-12-30 01:00:00,14.9,83,0.0,1.8,37,-1.083267041673687,-1.437543918085127
2015-12-30 02:00:00,15.0,83,0.0,2.2,9,-0.3441558230885083,-2.172914349309303
2015-12-30 03:00:00,15.1,80,0.0,2.7,23,-1.0549740469210394,-2.4853631043215887
2015-12-30 04:00:00,15.0,81,0.0,3.6,45,-2.545584412271572,-2.545584412271571
2015-12-30 05:00:00,15.0,80,0.0,3.4,58,-2.8833635269318485,-1.8017254983928963
2015-12-30 06:00:00,15.0,79,0.0,2.8,40,-1.7998053071223103,-2.144924440733138
2015-12-30 07:00:00,15.2,79,0.0,4.1,38,-2.524212048835198,-3.2308440897875603
2015-12-30 08:00:00,15.9,79,0.0,5.2,16,-1.4333142502483942,-4.998560818879259
2015-12-30 09:00:00,17.1,79,0.0,8.0,355,0.6972459419812651,-7.969557584733964
2015-12-30 10:00:00,17.8,79,0.0,9.3,344,2.5634274090980926,-8.939733772226367
2015-12-30 11:00:00,18.4,78,0.0,9.6,340,3.2833933759264204,-9.02104915954472
2015-12-30 12:00:00,19.0,76,0.0,9.2,334,4.033014550459512,-8.268905225952336
2015-12-30 13:00:00,19.5,74,0.0,8.3,326,4.641301098807199,-6.881011852206847
2015-12-30 14:00:00,19.7,74,0.0,8.7,315,6.151828996322964,-6.151828996322962
2015-12-30 15:00:00,19.3,79,0.0,11.0,319,7.2166493188955805,-8.301805382450492
2015-12-30 16:00:00,18.2,82,0.2,10.6,332,4.976398565530443,-9.359244484304625
2015-12-30 17:00:00,16.9,85,0.1,8.6,338,3.2216167033768426,-7.973781149274371
2015-12-30 18:00:00,15.9,89,0.0,9.2,349,1.755442757464213,-9.030970087718508
2015-12-30 19:00:00,15.2,92,0.0,9.1,353,1.1090110249868421,-9.032169979936029
2015-12-30 20:00:00,14.2,94,0.0,9.0,360,5.51091059616309e-16,-9.0
2015-12-30 21:00:00,14.2,92,0.0,9.0,5,-0.7844016847289242,-8.96575228282571
2015-12-30 22:00:00,14.9,88,0.0,8.8,12,-1.8296228791962863,-8.60769888645749
2015-12-30 23:00:00,15.0,86,0.0,7.3,20,-2.49674704627738,-6.859756131737131
2015-12-31 00:00:00,15.1,86,0.0,5.4,20,-1.8469087739586103,-5.074340152243906
2015-12-31 01:00:00,15.0,85,0.0,4.9,17,-1.4326213531414118,-4.685893304218873
2015-12-31 02:00:00,15.0,84,0.0,6.0,25,-2.5357095704441948,-5.4378467222199
2015-12-31 03:00:00,14.4,87,0.0,5.0,30,-2.500000000000002,-4.330127018922192
2015-12-31 04:00:00,13.9,86,0.0,4.9,36,-2.880147736233119,-3.9641832724372423
2015-12-31 05:00:00,13.8,84,0.0,4.5,29,-2.1816432911085157,-3.935788682127282
2015-12-31 06:00:00,15.0,79,0.0,3.8,17,-1.111012477946401,-3.633958072659534
2015-12-31 07:00:00,15.1,79,0.0,4.9,17,-1.4326213531414118,-4.685893304218873
2015-12-31 08:00:00,15.8,80,0.0,6.0,17,-1.7542302283364226,-5.7378285357782115
2015-12-31 09:00:00,17.5,78,0.0,8.0,352,1.1133848076805237,-7.922144549932563
2015-12-31 10:00:00,18.8,75,0.0,8.9,339,3.1894747509531736,-8.308865795825096
2015-12-31 11:00:00,19.9,73,0.0,9.7,333,4.403707847473604,-8.642763284627167
2015-12-31 12:00:00,20.5,71,0.0,9.7,329,4.995869326627525,-8.31452281681049
2015-12-31 13:00:00,20.6,71,0.0,11.2,327,6.099957192168303,-9.393110360988748
2015-12-31 14:00:00,20.0,72,0.0,12.4,334,5.435802220184561,-11.145046174109671
2015-12-31 15:00:00,19.7,70,0.0,11.5,340,3.9332316482451914,-10.806465139037945
2015-12-31 16:00:00,18.9,71,0.0,9.7,338,3.633683956134346,-8.993683389297837
2015-12-31 17:00:00,17.7,74,0.0,8.4,329,4.326319829244455,-7.200205325897744
2015-12-31 18:00:00,16.2,79,0.0,6.8,335,2.873804179836756,-6.162892951849219
2015-12-31 19:00:00,15.6,80,0.0,4.3,360,2.632990618166809e-16,-4.3
2015-12-31 20:00:00,15.5,79,0.0,3.3,13,-0.7423384793347553,-3.215421213791276
2015-12-31 21:00:00,14.8,81,0.0,2.1,31,-1.0815799573111144,-1.8000513314744355
2015-12-31 22:00:00,14.2,84,0.0,2.1,31,-1.0815799573111144,-1.8000513314744355
2015-12-31 23:00:00,13.5,87,0.0,2.3,51,-1.7874357113510326,-1.4474368994146265
2016-01-01 00:00:00,12.9,88,0.0,2.3,72,-2.187429987478853,-0.7107390870623786
2016-01-01 01:00:00,12.9,88,0.0,2.2,81,-2.1729143493093033,-0.3441558230885076
2016-01-01 02:00:00,13.0,88,0.0,2.2,81,-2.1729143493093033,-0.3441558230885076
2016-01-01 03:00:00,14.2,82,0.0,2.3,72,-2.187429987478853,-0.7107390870623786
2016-01-01 04:00:00,14.3,82,0.0,2.1,59,-1.800051331474436,-1.0815799573111138
2016-01-01 05:00:00,13.7,83,0.0,2.1,59,-1.800051331474436,-1.0815799573111138
2016-01-01 06:00:00,12.9,86,0.0,2.6,74,-2.499280409439629,-0.7166571251241974
2016-01-01 07:00:00,12.8,87,0.0,1.9,68,-1.761649323676896,-0.7117525274902328
2016-01-01 08:00:00,15.0,85,0.0,1.9,68,-1.761649323676896,-0.7117525274902328
2016-01-01 09:00:00,18.1,76,0.0,2.0,315,1.4142135623730951,-1.414213562373095
2016-01-01 10:00:00,19.5,74,0.0,4.7,302,3.9858260519352022,-2.490620541896063
2016-01-01 11:00:00,20.6,73,0.0,6.7,306,5.420413862312148,-3.93816119035957
2016-01-01 12:00:00,21.2,72,0.0,8.9,310,6.817795543758905,-5.7208097262102
2016-01-01 13:00:00,21.4,72,0.0,10.2,321,6.419067988708342,-7.926888806861102
2016-01-01 14:00:00,21.1,73,0.0,11.3,329,5.8199302464836125,-9.68599049793387
2016-01-01 15:00:00,21.1,73,0.0,11.4,336,4.636797731064123,-10.41441821712565
2016-01-01 16:00:00,20.1,76,0.0,10.6,336,4.311408416603482,-9.683581851011569
2016-01-01 17:00:00,18.6,81,0.0,9.0,337,3.5165801564034633,-8.284543681071963
2016-01-01 18:00:00,17.2,86,0.0,9.2,349,1.755442757464213,-9.030970087718508
2016-01-01 19:00:00,16.1,93,0.0,9.0,358,0.31409547032250973,-8.994517443171862
2016-01-01 20:00:00,16.2,89,0.0,7.7,11,-1.4692292643993936,-7.558529312547013
2016-01-01 21:00:00,16.1,89,0.0,6.8,18,-2.1013155617496433,-6.467184310807044
2016-01-01 22:00:00,16.0,89,0.0,6.0,25,-2.5357095704441948,-5.4378467222199
2016-01-01 23:00:00,16.0,89,0.0,4.8,27,-2.179154398749825,-4.276831316104166
2016-01-02 00:00:00,15.9,88,0.0,4.4,35,-2.523736319944604,-3.604268994871563
2016-01-02 01:00:00,16.0,86,0.0,4.1,38,-2.524212048835198,-3.2308440897875603
2016-01-02 02:00:00,16.0,85,0.0,4.3,42,-2.87726160734309,-3.195522749552796
2016-01-02 03:00:00,16.5,83,0.0,4.3,48,-3.195522749552795,-2.8772616073430903
2016-01-02 04:00:00,16.5,82,0.0,4.6,51,-3.5748714227020653,-2.894873798829253
2016-01-02 05:00:00,16.1,82,0.0,4.6,45,-3.2526911934581193,-3.252691193458118
2016-01-02 06:00:00,14.0,86,0.0,5.7,55,-4.669166652447253,-3.269385687200963
2016-01-02 07:00:00,12.9,86,0.0,4.6,45,-3.2526911934581193,-3.252691193458118
2016-01-02 08:00:00,16.0,81,0.0,4.4,35,-2.523736319944604,-3.604268994871563
2016-01-02 09:00:00,19.1,76,0.0,5.8,360,3.5514757175273243e-16,-5.8
2016-01-02 10:00:00,20.4,76,0.0,8.2,337,3.203995253612044,-7.54813979831001
2016-01-02 11:00:00,21.5,73,0.0,9.6,326,5.368251873319169,-7.9587606965284
2016-01-02 12:00:00,21.9,74,0.0,8.2,311,6.18861855782673,-5.379684037722159
2016-01-02 13:00:00,21.5,78,0.0,7.1,311,5.358438019581681,-4.658019105832602
2016-01-02 14:00:00,21.4,80,1.2,7.0,339,2.5085756468171025,-6.535062985480412
2016-01-02 15:00:00,19.7,90,0.6,7.9,360,4.837354856632045e-16,-7.9
2016-01-02 16:00:00,19.5,90,0.5,6.8,357,0.35588450245201897,-6.790680836331102
2016-01-02 17:00:00,18.9,92,0.5,8.0,350,1.3891854213354433,-7.878462024097664
2016-01-02 18:00:00,18.0,94,0.4,9.0,2,-0.31409547032250684,-8.994517443171862
2016-01-02 19:00:00,17.4,96,0.3,5.4,20,-1.8469087739586103,-5.074340152243906
2016-01-02 20:00:00,16.8,97,0.5,4.1,322,2.524212048835199,-3.23084408978756
2016-01-02 21:00:00,16.4,98,0.7000000000000001,3.7,11,-0.7059932828932151,-3.632020578756357
2016-01-02 22:00:00,16.0,98,0.6,4.6,18,-1.4214781741247586,-4.3748599749577055
2016-01-02 23:00:00,15.6,98,1.0,4.9,36,-2.880147736233119,-3.9641832724372423
2016-01-03 00:00:00,16.3,96,1.2,6.9,43,-4.705788684431241,-5.046340541172277
2016-01-03 01:00:00,16.5,94,1.2,5.1,51,-3.9634444034305507,-3.2095339943541714
2016-01-03 02:00:00,16.0,95,1.4,2.9,60,-2.5114736709748717,-1.4500000000000002
2016-01-03 03:00:00,18.0,84,0.1,3.3,41,-2.1649947956686737,-2.4905416147351476
2016-01-03 04:00:00,16.1,92,0.3,4.4,35,-2.523736319944604,-3.604268994871563
2016-01-03 05:00:00,15.8,93,0.3,3.9,34,-2.1808523235359116,-3.233246532964663
2016-01-03 06:00:00,17.0,87,0.4,6.7,36,-3.938161190359571,-5.420413862312147
2016-01-03 07:00:00,17.1,87,0.6,6.2,36,-3.644268564213334,-5.015905365124674
2016-01-03 08:00:00,17.1,91,0.6,6.9,28,-3.239353783222646,-6.092338390726597
2016-01-03 09:00:00,18.3,90,0.8,5.8,4,-0.40458754771592836,-5.78587149150698
2016-01-03 10:00:00,19.1,88,1.0,7.7,349,1.4692292643993958,-7.558529312547013
2016-01-03 11:00:00,19.3,90,0.8,9.8,354,1.024378940023004,-9.746314574609078
2016-01-03 12:00:00,20.0,91,0.9,7.9,3,-0.41345405431926,-7.889173324561134
2016-01-03 13:00:00,20.0,93,1.1,4.7,356,0.3278554265973886,-4.688551036221174
2016-01-03 14:00:00,20.3,95,1.4,1.5,346,0.3628828433995015,-1.4554435894139948
2016-01-03 15:00:00,20.8,87,1.0,1.3,304,1.0777488443215542,-0.726950774511971
2016-01-03 16:00:00,20.6,89,1.3,4.4,305,3.604268994871564,-2.523736319944603
2016-01-03 17:00:00,19.7,94,1.3,6.4,322,3.9402334420842133,-5.043268823083022
2016-01-03 18:00:00,18.6,98,1.5,4.9,324,2.8801477362331185,-3.9641832724372428
2016-01-03 19:00:00,18.0,98,1.5,6.2,350,1.0766187015349686,-6.10580806867569
2016-01-03 20:00:00,17.7,98,1.8,5.9,43,-4.023790324368742,-4.314986839553106
2016-01-03 21:00:00,17.8,97,1.6,4.5,29,-2.1816432911085157,-3.935788682127282
2016-01-03 22:00:00,17.7,95,1.6,4.8,27,-2.179154398749825,-4.276831316104166
2016-01-03 23:00:00,17.8,93,1.5,4.1,52,-3.23084408978756,-2.5242120488351985
2016-01-04 00:00:00,18.2,91,1.3,3.3,49,-2.490541614735148,-2.1649947956686733
2016-01-04 01:00:00,18.6,89,1.2,2.8,50,-2.1449244407331385,-1.7998053071223097
2016-01-04 02:00:00,17.9,91,1.2,3.3,49,-2.490541614735148,-2.1649947956686733
2016-01-04 03:00:00,19.0,85,0.8,2.9,60,-2.5114736709748717,-1.4500000000000002
2016-01-04 04:00:00,17.9,89,0.6,3.8,73,-3.6339580726595346,-1.1110124779463997
2016-01-04 05:00:00,17.3,89,1.2,3.3,84,-3.2819222547153015,-0.3449439287832565
2016-01-04 06:00:00,17.5,87,1.2,2.5,90,-2.5,3.061616997868383e-16
2016-01-04 07:00:00,17.1,89,1.1,0.5,45,-0.35355339059327384,-0.35355339059327373
2016-01-04 08:00:00,17.7,91,0.8,0.8,117,-0.7128052193506943,0.36319239979163753
2016-01-04 09:00:00,20.5,85,0.6,1.0,225,0.7071067811865476,0.7071067811865475
2016-01-04 10:00:00,21.9,81,0.5,3.7,259,3.632020578756357,0.7059932828932158
2016-01-04 11:00:00,22.4,82,0.7000000000000001,4.7,261,4.6421352007971475,0.7352419856890852
2016-01-04 12:00:00,22.7,82,1.2,5.1,266,5.087576656325103,0.35575801609503904
2016-01-04 13:00:00,22.3,85,1.5,5.4,290,5.074340152243906,-1.8469087739586112
2016-01-04 14:00:00,22.2,86,0.9,4.1,315,2.899137802864845,-2.8991378028648445
2016-01-04 15:00:00,21.2,92,0.6,4.7,328,2.490620541896063,-3.9858260519352022
2016-01-04 16:00:00,20.9,95,0.7000000000000001,4.4,325,2.5237363199446032,-3.604268994871564
2016-01-04 17:00:00,20.6,95,0.7000000000000001,2.2,351,0.34415582308850806,-2.1729143493093033
2016-01-04 18:00:00,20.2,96,0.0,2.3,51,-1.7874357113510326,-1.4474368994146265
2016-01-04 19:00:00,18.9,98,0.0,2.5,82,-2.475670171853926,-0.3479327524001638
2016-01-04 20:00:00,17.3,99,0.0,1.8,53,-1.437543918085127,-1.0832670416736871
2016-01-04 21:00:00,17.1,96,0.0,1.6,63,-1.4256104387013888,-0.7263847995832747
2016-01-04 22:00:00,17.2,91,0.0,1.8,53,-1.437543918085127,-1.0832670416736871
2016-01-04 23:00:00,18.4,85,0.0,1.9,68,-1.761649323676896,-0.7117525274902328
2016-01-05 00:00:00,19.3,80,0.0,1.9,68,-1.761649323676896,-0.7117525274902328
2016-01-05 01:00:00,18.5,80,0.0,2.6,74,-2.499280409439629,-0.7166571251241974
2016-01-05 02:00:00,17.7,81,0.0,2.5,82,-2.475670171853926,-0.3479327524001638
2016-01-05 03:00:00,15.7,84,0.0,2.2,81,-2.1729143493093033,-0.3441558230885076
2016-01-05 04:00:00,16.3,80,0.0,1.8,53,-1.437543918085127,-1.0832670416736871
2016-01-05 05:00:00,16.5,78,0.0,2.4,63,-2.138415658052083,-1.089577199374912
2016-01-05 06:00:00,15.8,80,0.0,3.5,66,-3.197409101749103,-1.4235782507653008
2016-01-05 07:00:00,15.7,82,0.0,2.6,74,-2.499280409439629,-0.7166571251241974
2016-01-05 08:00:00,16.8,85,0.0,1.9,68,-1.761649323676896,-0.7117525274902328
2016-01-05 09:00:00,21.3,75,0.0,0.5,225,0.3535533905932738,0.35355339059327373
2016-01-05 10:00:00,22.6,69,0.0,3.9,292,3.616017032810471,-1.460965714322057
2016-01-05 11:00:00,23.0,71,0.0,3.1,306,2.5079526825623373,-1.8221342821066668
2016-01-05 12:00:00,23.5,72,0.0,3.0,284,2.9108871788279895,-0.7257656867990032
2016-01-05 13:00:00,23.6,74,0.1,2.9,277,2.8783838397598336,-0.35342109587492765
2016-01-05 14:00:00,23.1,79,0.5,4.3,270,4.3,0.0
2016-01-05 15:00:00,23.1,78,0.1,5.1,274,5.087576656325103,-0.35575801609503904
2016-01-05 16:00:00,22.1,83,0.0,3.4,302,2.883363526931848,-1.8017254983928965
2016-01-05 17:00:00,21.3,87,0.0,3.1,324,1.8221342821066668,-2.5079526825623373
2016-01-05 18:00:00,19.8,95,0.0,4.7,360,2.8779199779962803e-16,-4.7
2016-01-05 19:00:00,19.6,94,0.0,2.6,34,-1.453901549023941,-2.1554976886431088
2016-01-05 20:00:00,19.3,93,0.0,3.6,53,-2.875087836170254,-2.1665340833473743
2016-01-05 21:00:00,19.1,92,0.0,3.6,53,-2.875087836170254,-2.1665340833473743
2016-01-05 22:00:00,18.7,90,0.0,4.7,86,-4.688551036221174,-0.3278554265973888
2016-01-05 23:00:00,17.0,90,0.0,6.5,90,-6.5,7.960204194457795e-16
2016-01-06 00:00:00,16.7,88,0.0,4.0,100,-3.939231012048832,0.6945927106677211
2016-01-06 01:00:00,16.4,87,0.0,3.9,112,-3.6160170328104706,1.4609657143220578
2016-01-06 02:00:00,15.9,86,0.0,3.3,103,-3.215421213791276,0.7423384793347552
2016-01-06 03:00:00,15.4,86,0.0,1.6,117,-1.4256104387013886,0.7263847995832751
2016-01-06 04:00:00,15.5,84,0.0,1.0,135,-0.7071067811865475,0.7071067811865476
2016-01-06 05:00:00,16.6,80,0.6,1.1,108,-1.0461621679246689,0.3399186938124423
2016-01-06 06:00:00,17.1,79,1.3,4.6,252,4.3748599749577055,1.421478174124758
2016-01-06 07:00:00,16.8,82,1.7000000000000002,1.1,72,-1.046162167924669,-0.33991869381244205
2016-01-06 08:00:00,17.5,84,1.9,2.7,67,-2.485363104321589,-1.0549740469210387
2016-01-06 09:00:00,19.5,82,1.8,4.0,333,1.8159619989581872,-3.564026096753471
2016-01-06 10:00:00,19.7,86,1.9,7.4,337,2.8914103508206255,-6.811735915548059
2016-01-06 11:00:00,20.2,88,2.2,9.7,345,2.510544737494451,-9.369480515003962
2016-01-06 12:00:00,19.2,93,3.2,11.0,349,2.098898949141994,-10.797899017924303
2016-01-06 13:00:00,18.6,97,1.4,11.2,4,-0.7812725059342065,-11.17271736291003
2016-01-06 14:00:00,18.7,97,0.4,10.9,9,-1.7051356689385184,-10.765802912487
2016-01-06 15:00:00,19.7,88,0.0,11.5,2,-0.40134421207875876,-11.492994510719601
2016-01-06 16:00:00,19.3,90,0.0,12.3,355,1.0720156357961952,-12.253194786528471
2016-01-06 17:00:00,18.0,94,0.0,10.8,360,6.613092715395707e-16,-10.8
2016-01-06 18:00:00,16.6,97,0.0,11.4,13,-2.564442019520064,-11.10781873855168
2016-01-06 19:00:00,15.4,97,0.0,11.4,18,-3.5227937358744024,-10.84204428576475
2016-01-06 20:00:00,14.2,99,0.0,10.5,27,-4.766900247265243,-9.355568503977862
2016-01-06 21:00:00,13.6,99,0.0,9.2,31,-4.738350289172501,-7.885939166459431
2016-01-06 22:00:00,14.2,97,0.0,7.1,24,-2.8878301658381806,-6.486172749262467
2016-01-06 23:00:00,15.1,90,0.0,5.8,22,-2.1727182418122912,-5.377666356487366
2016-01-07 00:00:00,15.1,89,0.0,5.3,28,-2.488199282765221,-4.679622242152313
2016-01-07 01:00:00,14.8,89,0.0,5.0,30,-2.500000000000002,-4.330127018922192
2016-01-07 02:00:00,14.6,88,0.0,4.8,27,-2.179154398749825,-4.276831316104166
2016-01-07 03:00:00,14.5,87,0.0,4.9,36,-2.880147736233119,-3.9641832724372423
2016-01-07 04:00:00,14.3,87,0.0,4.6,39,-2.894873798829254,-3.5748714227020644
2016-01-07 05:00:00,14.2,87,0.0,4.3,42,-2.87726160734309,-3.195522749552796
2016-01-07 06:00:00,14.1,86,0.0,3.2,63,-2.8512208774027776,-1.4527695991665495
2016-01-07 07:00:00,13.2,87,0.0,2.6,56,-2.1554976886431088,-1.4539015490239415
2016-01-07 08:00:00,14.3,87,0.0,2.6,34,-1.453901549023941,-2.1554976886431088
2016-01-07 09:00:00,17.1,83,0.0,3.3,347,0.7423384793347542,-3.2154212137912763
2016-01-07 10:00:00,18.4,80,0.0,5.0,330,2.5000000000000004,-4.330127018922193
2016-01-07 11:00:00,19.5,77,0.0,6.4,317,4.36478950439999,-4.6806636903626915
2016-01-07 12:00:00,20.2,75,0.0,7.4,317,5.046787864462489,-5.412017391981862
2016-01-07 13:00:00,20.7,73,0.0,7.6,315,5.374011537017761,-5.37401153701776
2016-01-07 14:00:00,20.5,75,0.0,10.0,319,6.560590289905073,-7.54709580222772
2016-01-07 15:00:00,19.7,78,0.2,11.6,330,5.800000000000001,-10.045894683899487
2016-01-07 16:00:00,18.7,81,0.2,10.5,338,3.9333692308670756,-9.735430472951268
2016-01-07 17:00:00,17.6,84,0.0,7.8,347,1.7546182238821464,-7.6000865053248345
2016-01-07 18:00:00,16.6,87,0.1,8.4,353,1.023702484603239,-8.337387673787106
2016-01-07 19:00:00,15.8,92,0.3,8.4,350,1.4586446924022156,-8.272385125302547
2016-01-07 20:00:00,16.0,88,0.3,6.9,332,3.239353783222647,-6.092338390726596
2016-01-07 21:00:00,15.3,91,0.5,4.9,324,2.8801477362331185,-3.9641832724372428
2016-01-07 22:00:00,15.0,93,0.2,4.4,325,2.5237363199446032,-3.604268994871564
2016-01-07 23:00:00,15.0,94,0.1,4.4,325,2.5237363199446032,-3.604268994871564
2016-01-08 00:00:00,14.9,95,0.0,5.2,326,2.9078030980478835,-4.3109953772862175
2016-01-08 01:00:00,14.9,94,0.4,6.4,344,1.7640790772287946,-6.1520748540052415
2016-01-08 02:00:00,14.8,94,0.6,6.5,354,0.6794350112397475,-6.4643923198937765
2016-01-08 03:00:00,14.7,94,0.1,7.2,357,0.3768188849491966,-7.190132650232932
2016-01-08 04:00:00,14.4,95,0.2,8.3,5,-0.7233926648055635,-8.268415994161488
2016-01-08 05:00:00,14.2,94,0.3,8.8,19,-2.864999759222979,-8.320563465273988
2016-01-08 06:00:00,13.8,94,0.2,8.0,27,-3.6319239979163753,-7.128052193506942
2016-01-08 07:00:00,14.1,92,0.5,8.5,36,-4.996174644486023,-6.876644452187052
2016-01-08 08:00:00,15.0,91,0.5,7.4,14,-1.7902220274375418,-7.180188374442374
2016-01-08 09:00:00,16.9,84,0.4,9.4,356,0.6557108531947772,-9.377102072442348
2016-01-08 10:00:00,17.3,83,0.3,12.2,358,0.42577385977051313,-12.192568089632967
2016-01-08 11:00:00,17.6,84,0.0,13.3,360,8.143901214329899e-16,-13.3
2016-01-08 12:00:00,18.3,84,0.0,13.7,357,0.7170026005283323,-13.681224626137661
2016-01-08 13:00:00,18.8,83,0.0,14.5,354,1.5156627173809751,-14.420567482839962
2016-01-08 14:00:00,18.4,83,0.0,14.2,353,1.7305446763530943,-14.094155353306771
2016-01-08 15:00:00,17.6,85,0.0,12.7,352,1.7674983821928314,-12.576404473017943
2016-01-08 16:00:00,17.1,86,0.0,11.1,347,2.4969567032169007,-10.81550771911611
2016-01-08 17:00:00,16.4,88,0.0,9.3,344,2.5634274090980926,-8.939733772226367
2016-01-08 18:00:00,15.3,90,0.0,10.4,340,3.557009490586956,-9.772803256173447
2016-01-08 19:00:00,14.4,92,0.0,9.6,347,2.159530121701103,-9.353952621938259
2016-01-08 20:00:00,13.5,92,0.0,9.2,349,1.755442757464213,-9.030970087718508
2016-01-08 21:00:00,13.7,89,0.0,9.9,350,1.7191169589026112,-9.74959675482086
2016-01-08 22:00:00,13.7,88,0.0,8.7,353,1.060263287624783,-8.6351515192795
2016-01-08 23:00:00,13.5,88,0.1,6.8,3,-0.3558845024520213,-6.790680836331102
2016-01-09 00:00:00,13.3,89,0.2,5.2,12,-1.0811407922523508,-5.086367523815789
2016-01-09 01:00:00,13.5,88,0.2,5.4,8,-0.7515347451843555,-5.34744757120448
2016-01-09 02:00:00,14.1,86,0.1,6.2,10,-1.0766187015349682,-6.10580806867569
2016-01-09 03:00:00,13.6,84,0.0,5.5,23,-2.149021206691006,-5.062776693988422
2016-01-09 04:00:00,13.6,84,0.0,4.1,38,-2.524212048835198,-3.2308440897875603
2016-01-09 05:00:00,13.7,83,0.0,3.6,45,-2.545584412271572,-2.545584412271571
2016-01-09 06:00:00,13.5,83,0.0,4.1,38,-2.524212048835198,-3.2308440897875603
2016-01-09 07:00:00,13.5,83,0.0,4.6,45,-3.2526911934581193,-3.252691193458118
2016-01-09 08:00:00,14.4,82,0.0,4.4,35,-2.523736319944604,-3.604268994871563
2016-01-09 09:00:00,16.2,79,0.0,4.0,360,2.4492935982947064e-16,-4.0
2016-01-09 10:00:00,17.7,77,0.0,4.9,324,2.8801477362331185,-3.9641832724372428
2016-01-09 11:00:00,18.9,74,0.0,6.6,311,4.981083229470295,-4.329989591337347
2016-01-09 12:00:00,19.6,72,0.0,7.1,311,5.358438019581681,-4.658019105832602
2016-01-09 13:00:00,19.9,72,0.0,7.9,309,6.139453095510071,-4.971631089293716
2016-01-09 14:00:00,19.7,73,0.0,8.7,312,6.46535998165333,-5.821436275322066
2016-01-09 15:00:00,19.3,76,0.2,9.2,318,6.156001578501495,-6.836932394392027
2016-01-09 16:00:00,18.6,77,0.1,8.9,328,4.716281451675524,-7.547628055792192
2016-01-09 17:00:00,17.6,81,0.0,6.5,341,2.116193003971519,-6.145870741395559
2016-01-09 18:00:00,16.1,86,0.0,7.6,335,3.211898789229316,-6.887939181478539
2016-01-09 19:00:00,15.6,87,0.0,6.8,357,0.35588450245201897,-6.790680836331102
2016-01-09 20:00:00,15.6,86,0.0,3.3,13,-0.7423384793347553,-3.215421213791276
2016-01-09 21:00:00,15.5,86,0.0,2.8,50,-2.1449244407331385,-1.7998053071223097
2016-01-09 22:00:00,14.6,87,0.0,3.4,72,-3.2335921554035223,-1.0506577808748208
2016-01-09 23:00:00,14.6,85,0.0,3.2,63,-2.8512208774027776,-1.4527695991665495
2016-01-10 00:00:00,14.7,83,0.0,3.1,45,-2.192031021678298,-2.192031021678297
2016-01-10 01:00:00,14.1,82,0.0,3.3,41,-2.1649947956686737,-2.4905416147351476
2016-01-10 02:00:00,12.7,83,0.0,3.6,45,-2.545584412271572,-2.545584412271571
2016-01-10 03:00:00,11.7,85,0.0,3.3,49,-2.490541614735148,-2.1649947956686733
2016-01-10 04:00:00,11.2,85,0.0,3.8,49,-2.867896404846534,-2.4930243101639267
2016-01-10 05:00:00,11.7,82,0.0,4.1,38,-2.524212048835198,-3.2308440897875603
2016-01-10 06:00:00,12.0,81,0.0,5.3,28,-2.488199282765221,-4.679622242152313
2016-01-10 07:00:00,12.4,79,0.0,5.7,35,-3.2693856872009643,-4.669166652447252
2016-01-10 08:00:00,14.3,77,0.0,6.4,27,-2.9055391983331003,-5.702441754805554
2016-01-10 09:00:00,17.1,78,0.0,9.1,9,-1.4235536318661024,-8.987963899415753
2016-01-10 10:00:00,18.6,75,0.0,9.4,4,-0.6557108531947805,-9.377102072442348
2016-01-10 11:00:00,19.4,76,0.0,8.9,346,2.1531048708370424,-8.635631963856369
2016-01-10 12:00:00,19.9,75,0.0,7.2,342,2.224922359499622,-6.8476069173251055
2016-01-10 13:00:00,20.4,74,0.0,7.2,333,3.268731598124737,-6.415246974156248
2016-01-10 14:00:00,20.5,75,0.0,6.8,328,3.603450996785793,-5.766727053863696
2016-01-10 15:00:00,20.1,80,0.0,7.8,326,4.361704647071825,-6.466493065929326
2016-01-10 16:00:00,18.9,85,0.0,8.4,329,4.326319829244455,-7.200205325897744
2016-01-10 17:00:00,17.8,89,0.0,7.3,340,2.4967470462773824,-6.8597561317371305
2016-01-10 18:00:00,16.8,94,0.3,8.2,345,2.12231616984067,-7.92059177557036
2016-01-10 19:00:00,16.5,95,0.0,6.5,6,-0.6794350112397468,-6.464392319893777
2016-01-10 20:00:00,16.8,92,0.0,3.8,49,-2.867896404846534,-2.4930243101639267
2016-01-10 21:00:00,17.0,91,0.1,3.3,41,-2.1649947956686737,-2.4905416147351476
2016-01-10 22:00:00,17.1,89,0.0,3.8,41,-2.4930243101639276,-2.8678964048465336
2016-01-10 23:00:00,16.1,92,0.0,4.5,14,-1.088648530198505,-4.366330768241984
2016-01-11 00:00:00,16.0,93,0.0,5.8,30,-2.9000000000000026,-5.022947341949743
2016-01-11 01:00:00,16.5,91,0.0,5.4,48,-4.012982057577929,-3.6133052743378347
2016-01-11 02:00:00,16.2,91,0.0,5.2,56,-4.3109953772862175,-2.907803098047883
2016-01-11 03:00:00,16.7,85,0.0,4.6,45,-3.2526911934581193,-3.252691193458118
2016-01-11 04:00:00,17.0,83,0.0,3.9,34,-2.1808523235359116,-3.233246532964663
2016-01-11 05:00:00,17.1,82,0.0,4.1,45,-2.8991378028648453,-2.8991378028648445
2016-01-11 06:00:00,17.1,83,0.4,5.8,7,-0.7068421917498535,-5.756767679519668
2016-01-11 07:00:00,16.9,84,0.3,5.8,4,-0.40458754771592836,-5.78587149150698
2016-01-11 08:00:00,17.0,85,0.6,6.3,24,-2.5624408513775405,-5.755336383148386
2016-01-11 09:00:00,16.6,88,0.9,7.1,30,-3.550000000000003,-6.148780366869512
2016-01-11 10:00:00,16.9,91,0.9,5.6,40,-3.5996106142446207,-4.289848881466276
2016-01-11 11:00:00,18.4,86,0.5,3.3,84,-3.2819222547153015,-0.3449439287832565
2016-01-11 12:00:00,19.2,83,0.3,2.1,239,1.800051331474436,1.0815799573111138
2016-01-11 13:00:00,19.0,86,0.2,3.7,299,3.2360929164157644,-1.7937955949114472
2016-01-11 14:00:00,18.8,89,0.5,6.0,327,3.2678342100901627,-5.032023407672544
2016-01-11 15:00:00,17.5,97,0.2,7.4,346,1.7902220274375409,-7.180188374442374
2016-01-11 16:00:00,17.1,95,0.0,8.3,5,-0.7233926648055635,-8.268415994161488
2016-01-11 17:00:00,16.7,95,0.0,8.3,358,0.289665822630759,-8.294943864258496
2016-01-11 18:00:00,16.1,97,0.0,8.3,360,5.082284216461516e-16,-8.3
2016-01-11 19:00:00,15.5,97,0.0,7.7,11,-1.4692292643993936,-7.558529312547013
2016-01-11 20:00:00,15.4,97,0.2,7.2,18,-2.2249223594996224,-6.8476069173251055
2016-01-11 21:00:00,16.4,91,0.1,6.5,34,-3.6347538725598527,-5.388744221607772
2016-01-11 22:00:00,16.0,92,0.1,5.8,22,-2.1727182418122912,-5.377666356487366
2016-01-11 23:00:00,16.1,91,0.1,7.6,5,-0.6623836448822027,-7.571079705497266
2016-01-12 00:00:00,14.0,98,0.1,9.8,6,-1.024378940023003,-9.74631457460908
2016-01-12 01:00:00,13.9,98,0.0,10.4,14,-2.515987714236545,-10.091075553270363
2016-01-12 02:00:00,14.1,97,0.0,9.8,17,-2.8652427062828236,-9.371786608437747
2016-01-12 03:00:00,13.9,97,0.0,10.7,20,-3.6596155335846534,-10.05471104240922
2016-01-12 04:00:00,13.0,98,0.0,9.4,23,-3.672872607799174,-8.652745622452938
2016-01-12 05:00:00,13.5,95,0.0,7.7,28,-3.614931033451359,-6.798696465013738
2016-01-12 06:00:00,14.6,90,0.0,7.2,37,-4.333068166694748,-5.750175672340508
2016-01-12 07:00:00,14.7,88,0.0,7.2,37,-4.333068166694748,-5.750175672340508
2016-01-12 08:00:00,15.3,88,0.0,5.3,28,-2.488199282765221,-4.679622242152313
2016-01-12 09:00:00,17.2,84,0.0,5.0,360,3.061616997868383e-16,-5.0
2016-01-12 10:00:00,18.1,82,0.0,6.6,331,3.199743493625825,-5.772490067120011
2016-01-12 11:00:00,19.3,78,0.0,8.4,320,5.399415921366931,-6.4347733221994154
2016-01-12 12:00:00,19.8,76,0.0,8.9,317,6.069785404556237,-6.509047944410617
2016-01-12 13:00:00,20.1,76,0.0,10.2,321,6.419067988708342,-7.926888806861102
2016-01-12 14:00:00,19.8,77,0.0,11.1,324,6.524416300446451,-8.980088637561916
2016-01-12 15:00:00,18.9,80,0.2,10.3,324,6.054188098612474,-8.332875042061959
2016-01-12 16:00:00,18.0,82,0.4,9.5,323,5.717242719944459,-7.587037345449282
2016-01-12 17:00:00,17.0,85,0.2,7.9,330,3.950000000000001,-6.841600689897065
2016-01-12 18:00:00,15.9,89,0.2,5.7,325,3.269385687200963,-4.669166652447253
2016-01-12 19:00:00,15.3,91,0.5,5.7,325,3.269385687200963,-4.669166652447253
2016-01-12 20:00:00,14.7,93,0.5,6.8,328,3.603450996785793,-5.766727053863696
2016-01-12 21:00:00,14.2,96,0.5,6.4,333,2.9055391983331,-5.702441754805554
2016-01-12 22:00:00,14.0,96,0.5,7.4,346,1.7902220274375409,-7.180188374442374
2016-01-12 23:00:00,14.1,96,0.5,7.9,357,0.41345405431925736,-7.889173324561134
2016-01-13 00:00:00,13.8,96,0.2,7.9,357,0.41345405431925736,-7.889173324561134
2016-01-13 01:00:00,13.7,96,0.2,7.6,3,-0.39775326744637673,-7.589584464134761
2016-01-13 02:00:00,13.3,96,0.0,8.7,5,-0.7582549619046267,-8.666893873398186
2016-01-13 03:00:00,13.2,96,0.4,6.8,3,-0.3558845024520213,-6.790680836331102
2016-01-13 04:00:00,13.4,96,0.5,5.8,7,-0.7068421917498535,-5.756767679519668
2016-01-13 05:00:00,13.3,96,0.4,5.8,7,-0.7068421917498535,-5.756767679519668
2016-01-13 06:00:00,13.4,96,0.3,5.1,4,-0.35575801609504043,-5.087576656325103
2016-01-13 07:00:00,13.4,94,0.2,3.6,354,0.3763024677635525,-3.580278823325784
2016-01-13 08:00:00,14.0,95,0.0,4.6,342,1.4214781741247582,-4.3748599749577055
2016-01-13 09:00:00,15.5,90,0.1,7.6,335,3.211898789229316,-6.887939181478539
2016-01-13 10:00:00,16.4,87,0.1,8.0,342,2.4721359549995796,-7.608452130361228
2016-01-13 11:00:00,16.9,87,0.3,9.0,337,3.5165801564034633,-8.284543681071963
2016-01-13 12:00:00,16.9,87,0.2,10.3,335,4.352968095929205,-9.334970206477495
2016-01-13 13:00:00,17.4,86,0.6,11.8,337,4.61062731617343,-10.861957270738797
2016-01-13 14:00:00,16.8,88,0.3,11.9,335,5.029157314714324,-10.785062665736135
2016-01-13 15:00:00,16.6,88,0.2,12.1,337,4.727846654720212,-11.138108726774528
2016-01-13 16:00:00,15.7,88,0.2,10.9,343,3.186851581477831,-10.423721839997087
2016-01-13 17:00:00,14.8,88,0.0,9.0,344,2.4807362023529924,-8.65135526344487
2016-01-13 18:00:00,13.9,90,0.0,8.3,342,2.564841053312064,-7.893769085249775
2016-01-13 19:00:00,13.3,92,0.0,7.6,357,0.3977532674463741,-7.589584464134761
2016-01-13 20:00:00,13.0,93,0.0,7.2,360,4.4087284769304716e-16,-7.2
2016-01-13 21:00:00,12.0,95,0.0,7.0,12,-1.4553818357243185,-6.847033205136639
2016-01-13 22:00:00,11.8,93,0.0,6.9,9,-1.0793978087775942,-6.81504955010645
2016-01-13 23:00:00,12.0,91,0.0,6.5,3,-0.340183715579138,-6.49109197590473
2016-01-14 00:00:00,12.4,89,0.0,6.2,7,-0.7555899291119125,-6.153786140176197
2016-01-14 01:00:00,12.2,89,0.0,5.9,11,-1.1257730727216133,-5.791600382341218
2016-01-14 02:00:00,12.0,89,0.0,5.0,21,-1.7918397477265036,-4.667902132486008
2016-01-14 03:00:00,11.3,91,0.0,4.2,20,-1.436484601967808,-3.9467090073008158
2016-01-14 04:00:00,11.3,89,0.0,4.2,20,-1.436484601967808,-3.9467090073008158
2016-01-14 05:00:00,11.2,87,0.0,4.2,20,-1.436484601967808,-3.9467090073008158
2016-01-14 06:00:00,11.1,86,0.0,3.8,17,-1.111012477946401,-3.633958072659534
2016-01-14 07:00:00,11.0,85,0.0,4.0,10,-0.6945927106677213,-3.939231012048832
2016-01-14 08:00:00,12.7,82,0.0,4.5,14,-1.088648530198505,-4.366330768241984
2016-01-14 09:00:00,15.1,78,0.0,6.1,360,3.735172737399427e-16,-6.1
2016-01-14 10:00:00,16.5,76,0.0,5.9,346,1.4273391840380394,-5.7247447850283795
2016-01-14 11:00:00,17.6,74,0.0,5.4,323,3.2498011250210617,-4.312631754255381
2016-01-14 12:00:00,18.3,75,0.0,6.6,311,4.981083229470295,-4.329989591337347
2016-01-14 13:00:00,18.5,76,0.0,7.4,313,5.412017391981862,-5.046787864462489
2016-01-14 14:00:00,18.0,78,0.0,8.1,315,5.727564927611035,-5.727564927611034
2016-01-14 15:00:00,18.1,80,0.0,7.4,321,4.656970893768798,-5.750880114781585
2016-01-14 16:00:00,17.8,80,0.0,6.4,322,3.9402334420842133,-5.043268823083022
2016-01-14 17:00:00,16.7,84,0.0,6.6,315,4.666904755831213,-4.666904755831213
2016-01-14 18:00:00,14.9,90,0.0,7.9,317,5.387787044493738,-5.777694242791447
2016-01-14 19:00:00,14.1,94,0.0,9.3,347,2.092044805397944,-9.06164160250269
2016-01-14 20:00:00,13.8,94,0.0,9.4,7,-1.1455718280083835,-9.329933825428428
2016-01-14 21:00:00,14.3,91,0.0,7.5,17,-2.192787785420528,-7.172285669722765
2016-01-14 22:00:00,14.4,90,0.0,4.2,31,-2.163159914622229,-3.600102662948871
2016-01-14 23:00:00,14.2,90,0.0,3.5,24,-1.4235782507653003,-3.1974091017491033
2016-01-15 00:00:00,14.0,90,0.0,4.1,38,-2.524212048835198,-3.2308440897875603
2016-01-15 01:00:00,14.0,89,0.0,2.7,23,-1.0549740469210394,-2.4853631043215887
2016-01-15 02:00:00,14.1,87,0.0,3.4,18,-1.0506577808748216,-3.233592155403522
2016-01-15 03:00:00,14.9,79,0.0,4.7,23,-1.836436303899587,-4.326372811226469
2016-01-15 04:00:00,14.4,81,0.0,6.2,36,-3.644268564213334,-5.015905365124674
2016-01-15 05:00:00,13.2,87,0.0,6.7,36,-3.938161190359571,-5.420413862312147
2016-01-15 06:00:00,12.9,90,0.0,7.0,21,-2.508575646817105,-6.535062985480412
2016-01-15 07:00:00,13.2,87,0.0,9.5,25,-4.014873486536642,-8.609923976848176
2016-01-15 08:00:00,13.0,92,0.0,8.7,17,-2.5436338310878126,-8.319851376878407
2016-01-15 09:00:00,15.4,85,0.4,9.7,15,-2.51054473749445,-9.369480515003962
2016-01-15 10:00:00,15.6,86,0.0,8.6,15,-2.2258437878816775,-8.306962106085987
2016-01-15 11:00:00,15.8,87,0.2,8.4,350,1.4586446924022156,-8.272385125302547
2016-01-15 12:00:00,16.3,86,0.3,7.3,351,1.1419715947936857,-7.210124886344506
2016-01-15 13:00:00,16.2,89,0.4,5.2,12,-1.0811407922523508,-5.086367523815789
2016-01-15 14:00:00,16.1,91,0.6,4.4,351,0.6883116461770161,-4.3458286986186065
2016-01-15 15:00:00,15.3,95,0.6,6.1,332,2.863776532993934,-5.385980316439453
2016-01-15 16:00:00,15.0,96,0.7000000000000001,7.2,354,0.752604935527105,-7.160557646651568
2016-01-15 17:00:00,14.8,96,0.6,6.7,16,-1.8467702839738926,-6.440453362786737
2016-01-15 18:00:00,14.5,96,0.4,7.9,24,-3.2132194802988208,-7.217009115376548
2016-01-15 19:00:00,14.1,95,0.2,7.8,22,-2.921931428644116,-7.232034065620941
2016-01-15 20:00:00,13.9,94,0.1,8.9,21,-3.1894747509531767,-8.308865795825096
2016-01-15 21:00:00,13.8,93,0.0,8.9,27,-4.040515447681968,-7.929958065276474
2016-01-15 22:00:00,14.0,91,0.2,7.4,39,-4.656970893768801,-5.750880114781583
2016-01-15 23:00:00,15.0,85,0.4,4.6,45,-3.2526911934581193,-3.252691193458118
2016-01-16 00:00:00,14.9,85,0.3,2.3,18,-0.7107390870623793,-2.1874299874788528
2016-01-16 01:00:00,13.8,90,0.2,3.8,73,-3.6339580726595346,-1.1110124779463997
2016-01-16 02:00:00,13.8,90,0.0,2.9,30,-1.4500000000000013,-2.5114736709748713
2016-01-16 03:00:00,14.2,83,0.0,3.7,29,-1.7937955949114464,-3.2360929164157652
2016-01-16 04:00:00,14.2,81,0.0,4.2,20,-1.436484601967808,-3.9467090073008158
2016-01-16 05:00:00,14.4,80,0.0,5.0,21,-1.7918397477265036,-4.667902132486008
2016-01-16 06:00:00,14.6,81,0.0,6.6,45,-4.666904755831214,-4.666904755831213
2016-01-16 07:00:00,14.8,80,0.0,4.1,45,-2.8991378028648453,-2.8991378028648445
2016-01-16 08:00:00,15.4,81,0.0,3.4,32,-1.801725498392897,-2.883363526931848
2016-01-16 09:00:00,17.0,79,0.0,2.6,16,-0.7166571251241971,-2.4992804094396295
2016-01-16 10:00:00,18.6,76,0.0,1.8,323,1.0832670416736871,-1.437543918085127
2016-01-16 11:00:00,19.9,74,0.0,4.0,275,3.984778792366982,-0.34862297099063266
2016-01-16 12:00:00,20.8,72,0.0,6.8,267,6.790680836331102,0.3558845024520181
2016-01-16 13:00:00,21.1,72,0.0,8.0,265,7.969557584733964,0.6972459419812653
2016-01-16 14:00:00,21.2,73,0.0,7.9,273,7.889173324561134,-0.4134540543192563
2016-01-16 15:00:00,20.5,79,0.0,7.6,275,7.571079705497266,-0.662383644882202
2016-01-16 16:00:00,19.6,82,0.0,6.7,286,6.440453362786736,-1.8467702839738944
2016-01-16 17:00:00,18.8,86,0.0,5.6,297,4.98963653545486,-2.5423467985414616
2016-01-16 18:00:00,17.3,92,0.0,4.9,306,3.9641832724372428,-2.8801477362331185
2016-01-16 19:00:00,16.8,94,0.0,2.7,23,-1.0549740469210394,-2.4853631043215887
2016-01-16 20:00:00,16.8,92,0.0,1.8,11,-0.3434561916777803,-1.7669289302057951
2016-01-16 21:00:00,16.7,92,0.2,0.8,63,-0.7128052193506944,-0.36319239979163737
2016-01-16 22:00:00,14.8,96,0.3,0.4,180,2.4492935982947065e-17,0.4
2016-01-16 23:00:00,14.9,95,0.3,1.9,202,0.7117525274902327,1.761649323676896
2016-01-17 00:00:00,15.6,91,0.4,0.7000000000000001,180,4.2862637970157366e-17,0.7000000000000001
2016-01-17 01:00:00,17.0,85,0.0,1.0,45,-0.7071067811865477,-0.7071067811865475
2016-01-17 02:00:00,16.6,86,0.0,2.6,74,-2.499280409439629,-0.7166571251241974
2016-01-17 03:00:00,15.1,90,0.3,2.0,45,-1.4142135623730954,-1.414213562373095
2016-01-17 04:00:00,15.1,89,0.2,1.8,11,-0.3434561916777803,-1.7669289302057951
2016-01-17 05:00:00,16.1,85,0.2,0.8,27,-0.36319239979163753,-0.7128052193506943
2016-01-17 06:00:00,16.0,86,0.5,3.6,90,-3.6,4.4087284769304716e-16
2016-01-17 07:00:00,14.1,90,0.6,3.8,73,-3.6339580726595346,-1.1110124779463997
2016-01-17 08:00:00,15.6,90,0.7000000000000001,4.1,45,-2.8991378028648453,-2.8991378028648445
2016-01-17 09:00:00,18.4,84,1.3,3.7,11,-0.7059932828932151,-3.632020578756357
2016-01-17 10:00:00,18.6,86,2.2,5.0,339,1.791839747726502,-4.667902132486009
2016-01-17 11:00:00,18.1,92,2.7,5.7,342,1.7613968679372005,-5.421022142882375
2016-01-17 12:00:00,18.3,92,2.3,4.9,17,-1.4326213531414118,-4.685893304218873
2016-01-17 13:00:00,18.8,94,1.7000000000000002,5.2,34,-2.907803098047882,-4.3109953772862175
2016-01-17 14:00:00,19.0,96,1.4,4.7,356,0.3278554265973886,-4.688551036221174
2016-01-17 15:00:00,17.5,96,1.2,8.8,9,-1.3766232923540331,-8.691657397237211
2016-01-17 16:00:00,17.4,94,1.8,7.7,11,-1.4692292643993936,-7.558529312547013
2016-01-17 17:00:00,17.3,95,2.2,6.4,16,-1.7640790772287929,-6.152074854005242
2016-01-17 18:00:00,16.8,95,0.5,5.8,30,-2.9000000000000026,-5.022947341949743
2016-01-17 19:00:00,16.3,95,0.0,5.1,45,-3.606244584051393,-3.606244584051392
2016-01-17 20:00:00,15.6,95,0.0,4.7,23,-1.836436303899587,-4.326372811226469
2016-01-17 21:00:00,14.6,96,0.0,9.1,7,-1.1090110249868392,-9.03216997993603
2016-01-17 22:00:00,13.7,97,0.0,11.6,5,-1.0110066158728357,-11.555858497864248
2016-01-17 23:00:00,13.2,98,0.1,10.5,8,-1.4613175600806911,-10.397814721786487
2016-01-18 00:00:00,13.7,97,0.2,10.9,6,-1.1393602496174215,-10.840288659514181
2016-01-18 01:00:00,12.7,98,0.0,11.3,7,-1.3771235804781632,-11.21577151354694
2016-01-18 02:00:00,12.5,97,0.0,10.9,6,-1.1393602496174215,-10.840288659514181
2016-01-18 03:00:00,12.0,97,0.0,11.5,14,-2.7821017993961794,-11.15840085217396
2016-01-18 04:00:00,11.5,96,0.0,11.3,17,-3.3038002633669294,-10.8062437423823
2016-01-18 05:00:00,11.6,92,0.0,10.5,22,-3.933369230867079,-9.735430472951267
2016-01-18 06:00:00,12.0,89,0.0,8.9,27,-4.040515447681968,-7.929958065276474
2016-01-18 07:00:00,12.0,87,0.0,8.9,27,-4.040515447681968,-7.929958065276474
2016-01-18 08:00:00,12.8,85,0.0,8.3,18,-2.564841053312065,-7.893769085249775
2016-01-18 09:00:00,14.4,83,0.0,9.0,360,5.51091059616309e-16,-9.0
2016-01-18 10:00:00,15.9,77,0.0,8.8,348,1.8296228791962834,-8.60769888645749
2016-01-18 11:00:00,17.1,74,0.0,9.1,342,2.8120546488120217,-8.654614298285896
2016-01-18 12:00:00,18.0,72,0.0,9.3,332,4.366085533908786,-8.21141261358802
2016-01-18 13:00:00,18.0,73,0.0,9.4,328,4.981241083792126,-7.9716521038704045
2016-01-18 14:00:00,17.9,74,0.1,9.9,327,5.391926446648768,-8.302838622659698
2016-01-18 15:00:00,17.4,74,0.0,10.2,328,5.40517649517869,-8.650090580795544
2016-01-18 16:00:00,16.7,75,0.2,9.7,329,4.995869326627525,-8.31452281681049
2016-01-18 17:00:00,15.6,79,0.0,7.1,330,3.5500000000000007,-6.148780366869514
2016-01-18 18:00:00,14.5,82,0.1,6.4,322,3.9402334420842133,-5.043268823083022
2016-01-18 19:00:00,13.4,91,0.2,5.6,333,2.542346798541462,-4.989636535454859
2016-01-18 20:00:00,13.1,87,0.2,3.9,338,1.4609657143220567,-3.616017032810471
2016-01-18 21:00:00,13.3,86,0.1,3.4,342,1.0506577808748212,-3.233592155403522
2016-01-18 22:00:00,13.2,86,0.1,3.0,346,0.725765686799003,-2.9108871788279895
2016-01-18 23:00:00,12.6,87,0.0,2.5,352,0.34793275240016364,-2.475670171853926
2016-01-19 00:00:00,12.3,88,0.1,3.4,342,1.0506577808748212,-3.233592155403522
2016-01-19 01:00:00,13.0,86,0.2,2.2,351,0.34415582308850806,-2.1729143493093033
2016-01-19 02:00:00,13.2,85,0.1,2.5,360,1.5308084989341916e-16,-2.5
2016-01-19 03:00:00,12.4,90,0.1,2.5,8,-0.3479327524001646,-2.475670171853926
2016-01-19 04:00:00,12.9,88,0.1,2.4,27,-1.0895771993749126,-2.138415658052083
2016-01-19 05:00:00,12.6,89,0.4,2.6,34,-1.453901549023941,-2.1554976886431088
2016-01-19 06:00:00,13.1,88,0.2,2.3,51,-1.7874357113510326,-1.4474368994146265
2016-01-19 07:00:00,13.1,87,0.0,3.6,45,-2.545584412271572,-2.545584412271571
2016-01-19 08:00:00,13.7,87,0.0,3.7,11,-0.7059932828932151,-3.632020578756357
2016-01-19 09:00:00,15.1,86,0.2,6.2,350,1.0766187015349686,-6.10580806867569
2016-01-19 10:00:00,16.0,83,0.0,8.0,350,1.3891854213354433,-7.878462024097664
2016-01-19 11:00:00,17.3,80,0.0,10.4,346,2.515987714236544,-10.091075553270363
2016-01-19 12:00:00,17.7,79,0.0,10.9,343,3.186851581477831,-10.423721839997087
2016-01-19 13:00:00,18.5,78,0.0,11.3,343,3.303800263366926,-10.806243742382302
2016-01-19 14:00:00,18.1,79,0.1,11.3,343,3.303800263366926,-10.806243742382302
2016-01-19 15:00:00,17.7,80,0.0,10.7,348,2.224655091750026,-10.46617932785172
2016-01-19 16:00:00,17.0,81,0.0,9.9,350,1.7191169589026112,-9.74959675482086
2016-01-19 17:00:00,16.3,84,0.0,7.1,345,1.8376152202278973,-6.858073366652385
2016-01-19 18:00:00,15.0,88,0.0,5.4,360,3.3065463576978537e-16,-5.4
2016-01-19 19:00:00,14.1,91,0.0,3.9,22,-1.460965714322058,-3.6160170328104706
2016-01-19 20:00:00,14.3,89,0.0,2.5,352,0.34793275240016364,-2.475670171853926
2016-01-19 21:00:00,13.6,89,0.0,2.9,330,1.4500000000000002,-2.5114736709748717
2016-01-19 22:00:00,12.7,91,0.0,2.6,344,0.7166571251241979,-2.499280409439629
2016-01-19 23:00:00,12.8,91,0.2,3.4,342,1.0506577808748212,-3.233592155403522
2016-01-20 00:00:00,12.6,92,0.0,3.6,354,0.3763024677635525,-3.580278823325784
2016-01-20 01:00:00,13.6,88,0.0,4.9,36,-2.880147736233119,-3.9641832724372423
2016-01-20 02:00:00,12.6,90,0.3,7.9,24,-3.2132194802988208,-7.217009115376548
2016-01-20 03:00:00,12.1,90,0.0,8.6,22,-3.2216167033768457,-7.97378114927437
2016-01-20 04:00:00,13.5,84,0.0,6.6,22,-2.472403516545021,-6.119413440140796
2016-01-20 05:00:00,13.6,84,0.2,4.3,24,-1.7489675652259404,-3.928245467863184
2016-01-20 06:00:00,13.5,83,0.0,4.2,20,-1.436484601967808,-3.9467090073008158
2016-01-20 07:00:00,11.4,88,0.0,3.8,17,-1.111012477946401,-3.633958072659534
2016-01-20 08:00:00,13.9,89,0.0,3.1,54,-2.5079526825623377,-1.8221342821066664
2016-01-20 09:00:00,17.5,77,0.0,6.1,320,3.92100441908789,-4.6728711030257655
2016-01-20 10:00:00,17.8,78,0.0,9.8,336,3.9860191021428424,-8.95274548489749
2016-01-20 11:00:00,18.1,77,0.0,8.4,340,2.872969203935618,-7.893418014601631
2016-01-20 12:00:00,18.7,77,0.0,8.4,320,5.399415921366931,-6.4347733221994154
2016-01-20 13:00:00,19.1,76,0.0,8.4,320,5.399415921366931,-6.4347733221994154
2016-01-20 14:00:00,18.5,79,0.0,8.4,320,5.399415921366931,-6.4347733221994154
2016-01-20 15:00:00,18.5,81,0.0,7.7,319,5.051654523226906,-5.811263767715345
2016-01-20 16:00:00,17.9,83,0.0,6.1,315,4.31335136523794,-4.313351365237939
2016-01-20 17:00:00,17.2,87,0.0,4.1,308,3.2308440897875594,-2.524212048835199
2016-01-20 18:00:00,16.5,91,0.0,4.8,283,4.676976310969129,-1.079765060850552
2016-01-20 19:00:00,15.9,93,0.1,4.2,290,3.9467090073008158,-1.4364846019678086
2016-01-20 20:00:00,15.5,95,0.1,3.5,294,3.197409101749103,-1.4235782507653008
2016-01-20 21:00:00,15.2,97,0.3,2.5,352,0.34793275240016364,-2.475670171853926
2016-01-20 22:00:00,14.6,97,0.1,3.6,45,-2.545584412271572,-2.545584412271571
2016-01-20 23:00:00,14.9,96,0.1,2.2,9,-0.3441558230885083,-2.172914349309303
2016-01-21 00:00:00,15.4,93,0.0,1.8,349,0.34345619167778085,-1.7669289302057951
2016-01-21 01:00:00,15.3,93,0.0,2.5,352,0.34793275240016364,-2.475670171853926
2016-01-21 02:00:00,15.3,92,0.0,3.2,27,-1.4527695991665501,-2.851220877402777
2016-01-21 03:00:00,16.3,87,0.0,3.3,41,-2.1649947956686737,-2.4905416147351476
2016-01-21 04:00:00,15.2,90,0.0,4.1,15,-1.0611580849203346,-3.96029588778518
2016-01-21 05:00:00,14.9,92,0.4,4.7,9,-0.7352419856890859,-4.6421352007971475
2016-01-21 06:00:00,13.8,96,0.3,5.0,339,1.791839747726502,-4.667902132486009
2016-01-21 07:00:00,13.7,97,0.2,5.4,4,-0.37668495821827813,-5.386845871403051
2016-01-21 08:00:00,14.5,96,0.6,5.0,30,-2.500000000000002,-4.330127018922192
2016-01-21 09:00:00,15.5,93,1.0,5.5,349,1.049449474570997,-5.3989495089621515
2016-01-21 10:00:00,15.5,96,1.5,6.8,357,0.35588450245201897,-6.790680836331102
2016-01-21 11:00:00,17.0,95,2.1,9.1,353,1.1090110249868421,-9.032169979936029
2016-01-21 12:00:00,18.1,90,0.3,8.3,5,-0.7233926648055635,-8.268415994161488
2016-01-21 13:00:00,18.9,85,0.0,7.2,360,4.4087284769304716e-16,-7.2
2016-01-21 14:00:00,19.3,85,0.0,10.0,339,3.583679495453004,-9.335804264972017
2016-01-21 15:00:00,19.3,87,0.0,10.9,351,1.705135668938517,-10.765802912487002
2016-01-21 16:00:00,18.8,87,0.0,10.1,356,0.7045403848156648,-10.075396907624224
2016-01-21 17:00:00,17.5,90,0.2,8.8,348,1.8296228791962834,-8.60769888645749
2016-01-21 18:00:00,15.8,94,0.4,10.9,9,-1.7051356689385184,-10.765802912487
2016-01-21 19:00:00,15.4,94,0.4,10.3,25,-4.352968095929202,-9.334970206477497
2016-01-21 20:00:00,15.1,96,0.2,6.9,43,-4.705788684431241,-5.046340541172277
2016-01-21 21:00:00,16.0,89,0.0,4.8,13,-1.0797650608505531,-4.6769763109691285
2016-01-21 22:00:00,13.7,95,0.0,9.1,7,-1.1090110249868392,-9.03216997993603
2016-01-21 23:00:00,13.3,95,0.0,11.3,22,-4.233054505599809,-10.477177556604698
2016-01-22 00:00:00,13.7,92,0.0,8.8,35,-5.047472639889208,-7.208537989743126
2016-01-22 01:00:00,14.0,89,0.0,6.0,25,-2.5357095704441948,-5.4378467222199
2016-01-22 02:00:00,14.5,86,0.0,5.6,27,-2.5423467985414625,-4.989636535454859
2016-01-22 03:00:00,15.5,80,0.0,5.5,32,-2.9145559532826275,-4.664264528860342
2016-01-22 04:00:00,15.6,78,0.0,3.9,34,-2.1808523235359116,-3.233246532964663
2016-01-22 05:00:00,15.7,78,0.0,3.3,13,-0.7423384793347553,-3.215421213791276
2016-01-22 06:00:00,15.6,78,0.0,2.9,360,1.7757378587636622e-16,-2.9
2016-01-22 07:00:00,14.9,80,0.0,1.5,14,-0.36288284339950166,-1.4554435894139948
2016-01-22 08:00:00,15.6,84,0.0,3.1,339,1.1109406435904312,-2.8940993221413254
2016-01-22 09:00:00,17.3,81,0.0,3.3,311,2.4905416147351476,-2.1649947956686737
2016-01-22 10:00:00,18.2,81,0.0,2.9,300,2.511473670974872,-1.4499999999999997
2016-01-22 11:00:00,19.3,79,0.0,3.4,238,2.883363526931848,1.8017254983928965
2016-01-22 12:00:00,20.5,77,0.0,6.4,232,5.043268823083021,3.9402334420842133
2016-01-22 13:00:00,21.2,76,0.2,8.8,261,8.691657397237213,1.3766232923540318
2016-01-22 14:00:00,20.1,81,0.4,7.2,288,6.8476069173251055,-2.2249223594996215
2016-01-22 15:00:00,19.7,85,0.3,5.6,285,5.4091846272187825,-1.4493866525741161
2016-01-22 16:00:00,19.1,87,0.2,9.9,289,9.360633898433237,-3.2231247291258516
2016-01-22 17:00:00,17.0,94,0.5,9.8,324,5.760295472466237,-7.9283665448744856
2016-01-22 18:00:00,15.6,95,0.7000000000000001,10.1,2,-0.35248491669525767,-10.093847352892867
2016-01-22 19:00:00,15.3,96,0.3,4.3,5,-0.37476969381493047,-4.283637201794505
2016-01-22 20:00:00,15.2,96,0.0,5.0,339,1.791839747726502,-4.667902132486009
2016-01-22 21:00:00,14.8,97,0.1,9.9,341,3.223124729125852,-9.360633898433235
2016-01-22 22:00:00,14.2,97,0.3,10.1,358,0.3524849166952609,-10.093847352892867
2016-01-22 23:00:00,13.9,96,0.2,11.2,358,0.3908743630680121,-11.193177262613872
2016-01-23 00:00:00,13.5,96,0.5,14.4,356,1.0044932219154035,-14.36492232374147
2016-01-23 01:00:00,13.1,96,0.6,16.3,352,2.268521545649067,-16.141369520487597
2016-01-23 02:00:00,12.7,95,0.7000000000000001,18.0,1,-0.31414331587110295,-17.997258512815044
2016-01-23 03:00:00,12.7,95,0.8,14.5,19,-4.720738239628771,-13.710019346190094
2016-01-23 04:00:00,13.0,93,0.3,12.5,12,-2.5988961352219975,-12.22684500917257
2016-01-23 05:00:00,12.9,93,0.3,14.4,4,-1.0044932219154084,-14.36492232374147
2016-01-23 06:00:00,12.1,92,0.3,14.0,360,8.572527594031472e-16,-14.0
2016-01-23 07:00:00,11.5,89,0.1,16.6,359,0.2897099468589078,-16.597471739596095
2016-01-23 08:00:00,11.6,88,0.0,18.4,360,1.1266750552155648e-15,-18.4
2016-01-23 09:00:00,11.8,86,0.0,18.4,360,1.1266750552155648e-15,-18.4
2016-01-23 10:00:00,12.0,84,0.0,17.7,358,0.6177210916342691,-17.689217638237995
2016-01-23 11:00:00,11.9,82,0.0,16.6,359,0.2897099468589078,-16.597471739596095
2016-01-23 12:00:00,11.2,82,0.2,17.2,349,3.2819147204765726,-16.883987555299818
2016-01-23 13:00:00,10.8,82,0.3,18.4,349,3.510885514928426,-18.061940175437016
2016-01-23 14:00:00,10.7,80,0.3,17.1,353,2.083965772228022,-16.972539193066606
2016-01-23 15:00:00,9.7,89,0.5,16.6,359,0.2897099468589078,-16.597471739596095
2016-01-23 16:00:00,9.2,92,0.3,16.6,355,1.4467853296111253,-16.536831988322977
2016-01-23 17:00:00,8.9,91,0.1,16.6,359,0.2897099468589078,-16.597471739596095
2016-01-23 18:00:00,8.6,90,0.0,16.0,352,2.2267696153610474,-15.844289099865126
2016-01-23 19:00:00,8.3,90,0.2,17.7,358,0.6177210916342691,-17.689217638237995
2016-01-23 20:00:00,8.1,90,0.4,15.9,5,-1.3857763096877662,-15.839495699658755
2016-01-23 21:00:00,7.9,90,0.4,13.3,358,0.4641633061432644,-13.291897999353974
2016-01-23 22:00:00,7.7,90,0.3,14.2,351,2.221369403571279,-14.025174436450955
2016-01-23 23:00:00,7.3,90,0.2,14.9,353,1.8158532167366976,-14.788937659455698
2016-01-24 00:00:00,6.6,90,0.3,17.4,353,2.120526575249566,-17.270303038559
2016-01-24 01:00:00,6.0,91,0.2,18.7,358,0.6526205883367702,-18.68860846525709
2016-01-24 02:00:00,5.7,90,0.2,19.1,357,0.9996167642402298,-19.07382411381236
2016-01-24 03:00:00,5.5,89,0.4,20.2,357,1.0571863161074682,-20.17231660204239
2016-01-24 04:00:00,4.8,89,0.5,20.2,359,0.3525386100331287,-20.196923442159104
2016-01-24 05:00:00,4.5,89,0.6,20.2,358,0.7049698333905218,-20.187694705785734
2016-01-24 06:00:00,4.1,88,0.7000000000000001,20.0,353,2.4373868681029496,-19.85092303282644
2016-01-24 07:00:00,3.4,89,0.8,21.3,2,-0.7433592797632662,-21.28702461550674
2016-01-24 08:00:00,3.2,88,0.8,19.5,5,-1.699536983579336,-19.42579661278904
2016-01-24 09:00:00,3.3,91,0.8,19.9,4,-1.388153827508099,-19.8515246001705
2016-01-24 10:00:00,3.6,90,0.6,20.5,1,-0.3577743319643117,-20.49687775070602
2016-01-24 11:00:00,4.1,89,0.5,19.4,359,0.3385766848833018,-19.39704528603399
2016-01-24 12:00:00,4.2,87,0.4,20.5,359,0.35777433196431374,-20.49687775070602
2016-01-24 13:00:00,4.2,82,0.4,20.5,1,-0.3577743319643117,-20.49687775070602
2016-01-24 14:00:00,4.3,83,0.5,19.6,6,-2.048757880046006,-19.49262914921816
2016-01-24 15:00:00,4.0,83,0.6,19.5,2,-0.6805401856987648,-19.488121126872368
2016-01-24 16:00:00,3.7,83,0.5,18.9,8,-2.6303716081452437,-18.716066499215675
2016-01-24 17:00:00,3.7,83,0.5,17.1,8,-2.3798600264171257,-16.933583975480854
2016-01-24 18:00:00,3.5,83,0.5,17.0,4,-1.185860053650135,-16.958588854417012
2016-01-24 19:00:00,3.6,83,0.4,16.6,5,-1.446785329611127,-16.536831988322977
2016-01-24 20:00:00,3.8,82,0.2,15.6,8,-2.171100374977027,-15.448181872368496
2016-01-24 21:00:00,4.0,75,0.1,15.6,8,-2.171100374977027,-15.448181872368496
2016-01-24 22:00:00,4.3,70,0.0,15.2,5,-1.3247672897644054,-15.142159410994532
2016-01-24 23:00:00,4.0,70,0.0,13.8,6,-1.4424927930936164,-13.724402156082174
2016-01-25 00:00:00,4.0,69,0.0,13.0,6,-1.3588700224794936,-12.928784639787555
2016-01-25 01:00:00,3.9,69,0.0,12.7,7,-1.547740661245369,-12.60533612584479
2016-01-25 02:00:00,3.6,69,0.0,12.3,7,-1.4989929238833102,-12.208317665188263
2016-01-25 03:00:00,3.8,68,0.0,13.6,11,-2.5950023371210067,-13.35012969488823
2016-01-25 04:00:00,3.4,69,0.0,13.6,12,-2.8275989951215332,-13.302807369979755
2016-01-25 05:00:00,3.1,70,0.0,13.4,14,-3.2417534010355484,-13.001962732098352
2016-01-25 06:00:00,2.7,70,0.0,13.1,16,-3.6108493612026855,-12.592528216791978
2016-01-25 07:00:00,2.5,76,0.0,12.7,15,-3.2870018728020116,-12.267257993871167
2016-01-25 08:00:00,4.4,73,0.0,13.4,6,-1.400681407786555,-13.326593397934865
2016-01-25 09:00:00,6.9,64,0.0,15.1,359,0.26353133720298233,-15.097700196861508
2016-01-25 10:00:00,8.3,63,0.0,15.1,359,0.26353133720298233,-15.097700196861508
2016-01-25 11:00:00,9.3,62,0.0,14.5,353,1.7671054793746386,-14.391919198799169
2016-01-25 12:00:00,10.3,61,0.0,14.2,351,2.221369403571279,-14.025174436450955
2016-01-25 13:00:00,11.2,61,0.0,14.0,348,2.9107636714486325,-13.694066410273278
2016-01-25 14:00:00,11.4,62,0.0,14.1,347,3.1718098662484953,-13.738617913471817
2016-01-25 15:00:00,11.4,62,0.0,13.6,348,2.8275989951215283,-13.302807369979755
2016-01-25 16:00:00,10.8,64,0.0,12.9,347,2.9018686010358574,-12.569373835729534
2016-01-25 17:00:00,9.9,67,0.0,10.4,346,2.515987714236544,-10.091075553270363
2016-01-25 18:00:00,8.8,70,0.0,9.4,353,1.1455718280083864,-9.329933825428427
2016-01-25 19:00:00,8.2,75,0.0,8.0,5,-0.697245941981266,-7.969557584733964
2016-01-25 20:00:00,7.8,76,0.0,6.2,7,-0.7555899291119125,-6.153786140176197
2016-01-25 21:00:00,8.0,74,0.0,4.3,5,-0.37476969381493047,-4.283637201794505
2016-01-25 22:00:00,7.7,76,0.0,3.3,347,0.7423384793347542,-3.2154212137912763
2016-01-25 23:00:00,7.7,77,0.0,2.5,8,-0.3479327524001646,-2.475670171853926
2016-01-26 00:00:00,8.3,75,0.0,2.2,9,-0.3441558230885083,-2.172914349309303
2016-01-26 01:00:00,8.4,75,0.0,1.5,14,-0.36288284339950166,-1.4554435894139948
2016-01-26 02:00:00,8.4,76,0.0,1.1,18,-0.33991869381244233,-1.0461621679246689
2016-01-26 03:00:00,8.7,74,0.0,1.5,14,-0.36288284339950166,-1.4554435894139948
2016-01-26 04:00:00,8.8,74,0.0,1.5,14,-0.36288284339950166,-1.4554435894139948
2016-01-26 05:00:00,8.8,75,0.0,1.6,27,-0.7263847995832751,-1.4256104387013886
2016-01-26 06:00:00,8.8,75,0.0,2.6,74,-2.499280409439629,-0.7166571251241974
2016-01-26 07:00:00,8.4,77,0.0,2.7,67,-2.485363104321589,-1.0549740469210387
2016-01-26 08:00:00,8.9,81,0.0,1.9,22,-0.7117525274902333,-1.7616493236768958
2016-01-26 09:00:00,11.9,75,0.0,4.7,337,1.8364363038995866,-4.32637281122647
2016-01-26 10:00:00,13.6,71,0.0,6.3,329,3.244739871933341,-5.400153994423308
2016-01-26 11:00:00,14.8,69,0.0,7.6,315,5.374011537017761,-5.37401153701776
2016-01-26 12:00:00,15.6,68,0.0,8.7,312,6.46535998165333,-5.821436275322066
2016-01-26 13:00:00,15.9,69,0.0,9.9,314,7.121464023352647,-6.877117867544073
2016-01-26 14:00:00,15.7,69,0.0,10.5,322,6.464445490919412,-8.274112912870581
2016-01-26 15:00:00,15.6,69,0.0,10.5,329,5.407899786555569,-9.00025665737218
2016-01-26 16:00:00,15.1,70,0.0,10.5,329,5.407899786555569,-9.00025665737218
2016-01-26 17:00:00,14.4,73,0.0,7.7,332,3.61493103345136,-6.798696465013737
2016-01-26 18:00:00,13.2,77,0.0,4.8,333,2.1791543987498248,-4.276831316104166
2016-01-26 19:00:00,12.0,87,0.0,6.7,16,-1.8467702839738926,-6.440453362786737
2016-01-26 20:00:00,12.7,78,0.0,4.8,27,-2.179154398749825,-4.276831316104166
2016-01-26 21:00:00,12.8,77,0.0,3.1,21,-1.1109406435904323,-2.894099322141325
2016-01-26 22:00:00,11.1,85,0.0,2.8,320,1.7998053071223101,-2.1449244407331385
2016-01-26 23:00:00,10.2,88,0.0,1.8,349,0.34345619167778085,-1.7669289302057951
2016-01-27 00:00:00,11.4,84,0.0,2.2,9,-0.3441558230885083,-2.172914349309303
2016-01-27 01:00:00,11.6,83,0.0,2.0,45,-1.4142135623730954,-1.414213562373095
2016-01-27 02:00:00,11.1,85,0.0,1.6,63,-1.4256104387013888,-0.7263847995832747
2016-01-27 03:00:00,11.9,85,0.0,3.1,69,-2.8940993221413254,-1.1109406435904314
2016-01-27 04:00:00,12.1,85,0.0,3.8,41,-2.4930243101639276,-2.8678964048465336
2016-01-27 05:00:00,11.3,88,0.0,3.1,69,-2.8940993221413254,-1.1109406435904314
2016-01-27 06:00:00,11.5,87,0.3,5.4,82,-5.34744757120448,-0.7515347451843538
2016-01-27 07:00:00,11.8,85,0.0,3.3,41,-2.1649947956686737,-2.4905416147351476
2016-01-27 08:00:00,12.9,88,0.0,3.7,11,-0.7059932828932151,-3.632020578756357
2016-01-27 09:00:00,14.2,90,0.0,5.4,352,0.7515347451843536,-5.34744757120448
2016-01-27 10:00:00,15.2,87,0.0,4.8,347,1.0797650608505516,-4.676976310969129
2016-01-27 11:00:00,16.3,84,0.0,5.9,322,3.6324027044213842,-4.64926344627966
2016-01-27 12:00:00,17.2,82,0.2,8.9,313,6.509047944410617,-6.069785404556237
2016-01-27 13:00:00,17.1,84,0.2,8.7,322,5.356254835333226,-6.855693556378481
2016-01-27 14:00:00,16.9,84,0.9,7.5,325,4.301823272632846,-6.143640332167439
2016-01-27 15:00:00,17.9,86,0.0,8.4,310,6.4347733221994154,-5.39941592136693
2016-01-27 16:00:00,16.6,90,0.5,6.2,324,3.6442685642133337,-5.0159053651246746
2016-01-27 17:00:00,15.8,94,0.3,4.9,343,1.4326213531414103,-4.685893304218874
2016-01-27 18:00:00,14.9,97,0.1,6.1,360,3.735172737399427e-16,-6.1
2016-01-27 19:00:00,14.5,97,0.2,3.5,24,-1.4235782507653003,-3.1974091017491033
2016-01-27 20:00:00,14.7,94,0.2,3.2,27,-1.4527695991665501,-2.851220877402777
2016-01-27 21:00:00,14.8,93,0.0,3.6,37,-2.166534083347374,-2.875087836170254
2016-01-27 22:00:00,14.7,92,0.0,3.4,32,-1.801725498392897,-2.883363526931848
2016-01-27 23:00:00,14.7,91,0.6,2.4,27,-1.0895771993749126,-2.138415658052083
2016-01-28 00:00:00,14.3,92,0.3,3.4,32,-1.801725498392897,-2.883363526931848
2016-01-28 01:00:00,14.5,90,1.3,3.9,34,-2.1808523235359116,-3.233246532964663
2016-01-28 02:00:00,14.5,90,0.2,3.9,34,-2.1808523235359116,-3.233246532964663
2016-01-28 03:00:00,14.3,91,0.1,3.1,36,-1.822134282106667,-2.507952682562337
2016-01-28 04:00:00,14.1,91,0.2,2.3,18,-0.7107390870623793,-2.1874299874788528
2016-01-28 05:00:00,13.8,92,0.2,2.3,51,-1.7874357113510326,-1.4474368994146265
2016-01-28 06:00:00,13.1,93,0.1,1.6,63,-1.4256104387013888,-0.7263847995832747
2016-01-28 07:00:00,14.0,90,0.4,3.3,77,-3.2154212137912763,-0.7423384793347544
2016-01-28 08:00:00,14.5,90,0.6,2.1,59,-1.800051331474436,-1.0815799573111138
2016-01-28 09:00:00,16.0,89,0.3,2.3,39,-1.447436899414627,-1.7874357113510322
2016-01-28 10:00:00,17.3,87,0.8,1.0,315,0.7071067811865476,-0.7071067811865475
2016-01-28 11:00:00,18.2,88,0.2,2.7,293,2.485363104321589,-1.0549740469210394
2016-01-28 12:00:00,18.3,90,0.2,6.1,310,4.6728711030257655,-3.921004419087889
2016-01-28 13:00:00,18.8,91,0.0,6.4,317,4.36478950439999,-4.6806636903626915
2016-01-28 14:00:00,18.6,93,0.0,6.4,333,2.9055391983331,-5.702441754805554
2016-01-28 15:00:00,19.5,87,0.3,8.4,320,5.399415921366931,-6.4347733221994154
2016-01-28 16:00:00,18.1,90,0.1,10.0,319,6.560590289905073,-7.54709580222772
2016-01-28 17:00:00,16.6,95,0.3,9.7,338,3.633683956134346,-8.993683389297837
2016-01-28 18:00:00,15.7,96,0.1,10.1,360,6.184466335694133e-16,-10.1
2016-01-28 19:00:00,15.1,97,0.0,8.2,29,-3.975438886019962,-7.171881598543046
2016-01-28 20:00:00,15.1,96,0.0,6.3,31,-3.2447398719333433,-5.400153994423306
2016-01-28 21:00:00,14.9,96,0.0,4.1,38,-2.524212048835198,-3.2308440897875603
2016-01-28 22:00:00,14.1,98,0.0,3.0,14,-0.7257656867990033,-2.9108871788279895
2016-01-28 23:00:00,14.7,94,0.0,4.2,59,-3.600102662948872,-2.1631599146222276
2016-01-29 00:00:00,13.5,96,0.5,4.0,27,-1.8159619989581877,-3.564026096753471
2016-01-29 01:00:00,15.0,90,0.4,4.6,39,-2.894873798829254,-3.5748714227020644
2016-01-29 02:00:00,13.1,95,0.1,3.9,56,-3.233246532964663,-2.180852323535912
2016-01-29 03:00:00,15.4,84,0.0,2.0,45,-1.4142135623730954,-1.414213562373095
2016-01-29 04:00:00,14.9,85,0.0,1.8,37,-1.083267041673687,-1.437543918085127
2016-01-29 05:00:00,15.2,83,0.0,2.6,16,-0.7166571251241971,-2.4992804094396295
2016-01-29 06:00:00,14.9,86,0.0,2.7,23,-1.0549740469210394,-2.4853631043215887
2016-01-29 07:00:00,14.0,89,0.0,4.9,54,-3.964183272437243,-2.880147736233118
2016-01-29 08:00:00,14.6,91,0.0,4.5,29,-2.1816432911085157,-3.935788682127282
2016-01-29 09:00:00,17.3,87,0.0,7.6,360,4.653657836759942e-16,-7.6
2016-01-29 10:00:00,18.2,86,0.6,10.9,352,1.5169868004647136,-10.793921949283117
2016-01-29 11:00:00,19.1,88,0.8,8.5,348,1.7672493719509554,-8.314254606237347
2016-01-29 12:00:00,19.1,93,1.2,11.3,329,5.8199302464836125,-9.68599049793387
2016-01-29 13:00:00,18.8,95,1.0,12.4,338,4.645121758357308,-11.497079796628164
2016-01-29 14:00:00,17.7,96,0.7000000000000001,11.5,2,-0.40134421207875876,-11.492994510719601
2016-01-29 15:00:00,16.3,91,1.3,11.5,20,-3.9332316482451883,-10.806465139037947
2016-01-29 16:00:00,16.8,89,0.7000000000000001,10.0,13,-2.2495105434386526,-9.743700647852352
2016-01-29 17:00:00,16.3,91,0.8,8.4,10,-1.458644692402215,-8.272385125302547
2016-01-29 18:00:00,15.5,93,0.8,8.9,21,-3.1894747509531767,-8.308865795825096
2016-01-29 19:00:00,15.0,92,0.8,6.7,36,-3.938161190359571,-5.420413862312147
2016-01-29 20:00:00,14.8,92,1.0,5.5,32,-2.9145559532826275,-4.664264528860342
2016-01-29 21:00:00,14.6,92,1.8,5.5,11,-1.0494494745709955,-5.3989495089621515
2016-01-29 22:00:00,14.6,91,2.2,7.9,16,-2.1775351109542913,-7.593967397912721
2016-01-29 23:00:00,14.4,92,2.0,9.0,5,-0.7844016847289242,-8.96575228282571
2016-01-30 00:00:00,14.3,93,1.4,7.0,12,-1.4553818357243185,-6.847033205136639
2016-01-30 01:00:00,14.5,93,0.8,6.3,13,-1.417191642366351,-6.1385314081469815
2016-01-30 02:00:00,14.4,93,1.0,6.7,16,-1.8467702839738926,-6.440453362786737
2016-01-30 03:00:00,14.6,95,1.3,7.6,5,-0.6623836448822027,-7.571079705497266
2016-01-30 04:00:00,14.4,96,1.9,7.6,5,-0.6623836448822027,-7.571079705497266
2016-01-30 05:00:00,15.2,90,2.1,5.6,27,-2.5423467985414625,-4.989636535454859
2016-01-30 06:00:00,15.6,89,1.6,2.3,18,-0.7107390870623793,-2.1874299874788528
2016-01-30 07:00:00,15.5,88,0.7000000000000001,3.4,328,1.8017254983928965,-2.883363526931848
2016-01-30 08:00:00,16.6,87,0.3,3.9,326,2.1808523235359125,-3.233246532964663
2016-01-30 09:00:00,17.0,88,0.2,4.0,333,1.8159619989581872,-3.564026096753471
2016-01-30 10:00:00,17.6,88,0.3,3.1,21,-1.1109406435904323,-2.894099322141325
2016-01-30 11:00:00,18.4,86,0.2,3.1,21,-1.1109406435904323,-2.894099322141325
2016-01-30 12:00:00,18.7,87,0.2,5.7,342,1.7613968679372005,-5.421022142882375
2016-01-30 13:00:00,18.8,88,0.1,8.4,335,3.5499933986218752,-7.61298541110786
2016-01-30 14:00:00,19.0,88,0.1,9.6,340,3.2833933759264204,-9.02104915954472
2016-01-30 15:00:00,18.6,89,0.0,9.9,341,3.223124729125852,-9.360633898433235
2016-01-30 16:00:00,17.9,90,0.0,10.2,337,3.985457510590592,-9.389149505214892
2016-01-30 17:00:00,17.1,91,0.0,8.7,343,2.5436338310878095,-8.319851376878407
2016-01-30 18:00:00,15.8,93,0.0,8.0,10,-1.3891854213354426,-7.878462024097664
2016-01-30 19:00:00,14.7,96,0.0,8.1,21,-2.9027803913169357,-7.562001454627333
2016-01-30 20:00:00,14.3,95,0.0,5.8,30,-2.9000000000000026,-5.022947341949743
2016-01-30 21:00:00,14.5,93,0.0,4.8,42,-3.211826910522519,-3.567095162291493
2016-01-30 22:00:00,14.5,91,0.0,4.6,39,-2.894873798829254,-3.5748714227020644
2016-01-30 23:00:00,13.6,92,0.0,4.4,35,-2.523736319944604,-3.604268994871563
2016-01-31 00:00:00,13.5,91,0.0,4.0,27,-1.8159619989581877,-3.564026096753471
2016-01-31 01:00:00,13.3,91,0.0,4.3,24,-1.7489675652259404,-3.928245467863184
2016-01-31 02:00:00,13.1,90,0.0,4.3,24,-1.7489675652259404,-3.928245467863184
2016-01-31 03:00:00,13.5,83,0.0,4.3,24,-1.7489675652259404,-3.928245467863184
2016-01-31 04:00:00,12.7,86,0.0,4.0,27,-1.8159619989581877,-3.564026096753471
2016-01-31 05:00:00,11.4,88,0.0,3.7,29,-1.7937955949114464,-3.2360929164157652
2016-01-31 06:00:00,10.5,89,0.0,2.4,27,-1.0895771993749126,-2.138415658052083
2016-01-31 07:00:00,10.2,89,0.0,3.2,27,-1.4527695991665501,-2.851220877402777
2016-01-31 08:00:00,13.1,88,0.0,3.8,41,-2.4930243101639276,-2.8678964048465336
2016-01-31 09:00:00,16.6,79,0.0,4.0,360,2.4492935982947064e-16,-4.0
2016-01-31 10:00:00,18.0,78,0.0,5.6,333,2.542346798541462,-4.989636535454859
2016-01-31 11:00:00,19.5,75,0.0,5.4,318,3.6133052743378347,-4.012982057577929
2016-01-31 12:00:00,20.4,74,0.0,6.0,295,5.437846722219899,-2.5357095704441965
2016-01-31 13:00:00,21.1,73,0.0,7.6,289,7.185941174554808,-2.474317973874391
2016-01-31 14:00:00,21.6,73,0.0,7.4,293,6.811735915548059,-2.891410350820626
2016-01-31 15:00:00,21.3,78,0.0,8.4,295,7.61298541110786,-3.5499933986218752
2016-01-31 16:00:00,19.8,83,0.0,11.2,310,8.579697762932554,-7.199221228489239
2016-01-31 17:00:00,18.0,86,0.0,9.1,326,5.088655421583796,-7.5442419102508795
2016-01-31 18:00:00,16.2,92,0.0,8.5,332,3.9905082836800725,-7.505054539300878
2016-01-31 19:00:00,15.2,93,0.1,9.3,347,2.092044805397944,-9.06164160250269
2016-01-31 20:00:00,14.7,95,0.2,7.3,9,-1.1419715947936866,-7.210124886344505
2016-01-31 21:00:00,14.0,96,0.0,5.8,7,-0.7068421917498535,-5.756767679519668
2016-01-31 22:00:00,13.4,96,0.1,5.1,8,-0.7097828148963357,-5.050367150582008
2016-01-31 23:00:00,13.4,96,0.0,4.8,13,-1.0797650608505531,-4.6769763109691285
2016-02-01 00:00:00,12.7,98,0.0,4.8,13,-1.0797650608505531,-4.6769763109691285
2016-02-01 01:00:00,12.6,97,0.0,6.6,9,-1.0324674692655247,-6.5187430479279085
2016-02-01 02:00:00,12.8,95,0.0,8.3,18,-2.564841053312065,-7.893769085249775
2016-02-01 03:00:00,12.6,93,0.0,9.1,18,-2.8120546488120226,-8.654614298285896
2016-02-01 04:00:00,12.4,93,0.2,9.6,20,-3.283393375926418,-9.02104915954472
2016-02-01 05:00:00,12.7,92,0.4,9.2,21,-3.296985135816766,-8.588939923774255
2016-02-01 06:00:00,12.2,94,0.3,8.6,15,-2.2258437878816775,-8.306962106085987
2016-02-01 07:00:00,11.9,94,0.2,9.6,13,-2.1595301217011063,-9.353952621938257
2016-02-01 08:00:00,13.4,92,0.3,11.5,358,0.4013442120787624,-11.492994510719601
2016-02-01 09:00:00,14.5,88,0.2,13.3,358,0.4641633061432644,-13.291897999353974
2016-02-01 10:00:00,15.9,83,0.0,11.9,355,1.0371533386971319,-11.854716907291772
2016-02-01 11:00:00,16.2,83,0.0,12.5,342,3.862712429686843,-11.888206453689419
2016-02-01 12:00:00,16.8,81,0.0,13.0,346,3.14498464279568,-12.613844441587954
2016-02-01 13:00:00,17.1,80,0.1,13.2,343,3.859306502340125,-12.623222778712067
2016-02-01 14:00:00,17.3,80,0.0,14.0,342,4.326237921249264,-13.31479122813215
2016-02-01 15:00:00,17.3,79,0.1,15.8,343,4.619472934619242,-15.10961514421596
2016-02-01 16:00:00,16.0,80,0.2,15.3,345,3.9599313900685673,-14.778665142222746
2016-02-01 17:00:00,14.7,82,0.3,13.8,354,1.4424927930936178,-13.724402156082173
2016-02-01 18:00:00,13.7,83,0.2,11.9,357,0.6227978792910333,-11.88369146357943
2016-02-01 19:00:00,13.1,83,0.1,12.6,358,0.4397336584515136,-12.592324420440606
2016-02-01 20:00:00,13.0,84,0.1,11.2,358,0.3908743630680121,-11.193177262613872
2016-02-01 21:00:00,12.9,85,0.1,10.1,2,-0.35248491669525767,-10.093847352892867
2016-02-01 22:00:00,12.8,85,0.2,9.1,7,-1.1090110249868392,-9.03216997993603
2016-02-01 23:00:00,12.8,85,0.3,9.4,360,5.755839955992561e-16,-9.4
2016-02-02 00:00:00,12.7,85,0.1,10.8,2,-0.37691456438700827,-10.793420931806235
2016-02-02 01:00:00,12.5,86,0.0,10.0,13,-2.2495105434386526,-9.743700647852352
2016-02-02 02:00:00,12.2,86,0.0,9.3,13,-2.092044805397947,-9.061641602502688
2016-02-02 03:00:00,11.9,88,0.4,8.7,5,-0.7582549619046267,-8.666893873398186
2016-02-02 04:00:00,11.8,90,0.3,9.7,2,-0.33852511801425733,-9.694091022085228
2016-02-02 05:00:00,11.8,90,0.4,9.7,360,5.939536975864663e-16,-9.7
2016-02-02 06:00:00,11.9,90,0.6,8.7,7,-1.0602632876247804,-8.635151519279502
2016-02-02 07:00:00,11.8,92,0.8,9.0,5,-0.7844016847289242,-8.96575228282571
2016-02-02 08:00:00,12.4,89,0.9,7.9,360,4.837354856632045e-16,-7.9
2016-02-02 09:00:00,13.3,88,0.6,8.4,353,1.023702484603239,-8.337387673787106
2016-02-02 10:00:00,13.9,87,0.3,10.2,342,3.151973342624464,-9.700776466210565
2016-02-02 11:00:00,14.4,88,0.0,12.0,344,3.30764826980399,-11.535140351259827
2016-02-02 12:00:00,14.9,86,0.0,12.5,348,2.598896135221993,-12.22684500917257
2016-02-02 13:00:00,15.1,85,0.0,12.5,348,2.598896135221993,-12.22684500917257
2016-02-02 14:00:00,14.8,85,0.0,12.8,344,3.5281581544575893,-12.304149708010483
2016-02-02 15:00:00,14.1,83,0.0,13.5,344,3.7211043035294886,-12.977032895167305
2016-02-02 16:00:00,13.7,83,0.0,12.7,345,3.2870018728020134,-12.267257993871167
2016-02-02 17:00:00,13.2,82,0.0,11.0,349,2.098898949141994,-10.797899017924303
2016-02-02 18:00:00,12.6,84,0.0,8.8,351,1.3766232923540322,-8.691657397237213
2016-02-02 19:00:00,11.9,86,0.0,8.8,341,2.8649997592229797,-8.320563465273988
2016-02-02 20:00:00,11.3,88,0.0,9.1,342,2.8120546488120217,-8.654614298285896
2016-02-02 21:00:00,10.7,90,0.0,10.1,354,1.0557374790032998,-10.04467114321956
2016-02-02 22:00:00,11.2,85,0.0,9.4,7,-1.1455718280083835,-9.329933825428428
2016-02-02 23:00:00,11.7,81,0.1,7.0,12,-1.4553818357243185,-6.847033205136639
2016-02-03 00:00:00,11.7,82,0.1,5.1,356,0.35575801609503865,-5.087576656325103
2016-02-03 01:00:00,11.5,84,0.2,3.6,354,0.3763024677635525,-3.580278823325784
2016-02-03 02:00:00,11.4,85,0.2,4.0,355,0.34862297099063255,-3.984778792366982
2016-02-03 03:00:00,11.2,87,0.0,4.7,360,2.8779199779962803e-16,-4.7
2016-02-03 04:00:00,10.9,89,0.0,6.1,3,-0.31924933308196024,-6.0916401620029
2016-02-03 05:00:00,10.9,92,0.0,7.3,9,-1.1419715947936866,-7.210124886344505
2016-02-03 06:00:00,10.7,92,0.2,7.3,11,-1.3929056662487755,-7.165878439167947
2016-02-03 07:00:00,11.0,91,0.0,7.3,9,-1.1419715947936866,-7.210124886344505
2016-02-03 08:00:00,11.9,92,0.0,7.2,6,-0.7526049355271042,-7.160557646651569
2016-02-03 09:00:00,13.4,85,0.0,9.3,347,2.092044805397944,-9.06164160250269
2016-02-03 10:00:00,14.3,84,0.0,10.6,342,3.275580140374443,-10.081199072728626
2016-02-03 11:00:00,15.0,83,0.0,11.5,340,3.9332316482451914,-10.806465139037945
2016-02-03 12:00:00,16.1,81,0.0,12.8,338,4.794964395723674,-11.86795333845488
2016-02-03 13:00:00,16.7,79,0.0,13.6,338,5.094649670456403,-12.60970042210831
2016-02-03 14:00:00,16.5,80,0.0,14.0,342,4.326237921249264,-13.31479122813215
2016-02-03 15:00:00,15.4,81,0.0,14.4,347,3.239295182551655,-14.030928932907388
2016-02-03 16:00:00,14.8,82,0.0,14.3,348,2.9731371786939604,-13.987510690493421
2016-02-03 17:00:00,14.2,83,0.0,11.7,351,1.8302832409707017,-11.555953584963111
2016-02-03 18:00:00,13.3,86,0.0,9.7,358,0.33852511801426044,-9.694091022085228
2016-02-03 19:00:00,12.7,89,0.0,8.3,2,-0.28966582263075635,-8.294943864258496
2016-02-03 20:00:00,12.2,90,0.0,5.1,8,-0.7097828148963357,-5.050367150582008
2016-02-03 21:00:00,12.1,90,0.0,4.2,340,1.436484601967809,-3.9467090073008153
2016-02-03 22:00:00,12.3,89,0.0,4.1,345,1.061158084920335,-3.96029588778518
2016-02-03 23:00:00,12.5,88,0.0,4.0,355,0.34862297099063255,-3.984778792366982
2016-02-04 00:00:00,13.1,85,0.1,5.4,8,-0.7515347451843555,-5.34744757120448
2016-02-04 01:00:00,13.3,84,0.0,7.1,15,-1.8376152202278964,-6.858073366652385
2016-02-04 02:00:00,13.2,84,0.0,8.7,17,-2.5436338310878126,-8.319851376878407
2016-02-04 03:00:00,12.6,87,0.0,9.1,18,-2.8120546488120226,-8.654614298285896
2016-02-04 04:00:00,12.9,86,0.0,8.4,25,-3.549993398621873,-7.612985411107861
2016-02-04 05:00:00,13.0,86,0.0,7.4,23,-2.8914103508206264,-6.811735915548058
2016-02-04 06:00:00,13.3,86,0.0,6.3,24,-2.5624408513775405,-5.755336383148386
2016-02-04 07:00:00,13.5,85,0.0,6.1,28,-2.8637765329939335,-5.385980316439454
2016-02-04 08:00:00,13.4,91,0.0,5.2,12,-1.0811407922523508,-5.086367523815789
2016-02-04 09:00:00,15.0,88,0.2,7.2,354,0.752604935527105,-7.160557646651568
2016-02-04 10:00:00,16.1,85,0.0,8.4,340,2.872969203935618,-7.893418014601631
2016-02-04 11:00:00,17.0,84,0.0,10.4,340,3.557009490586956,-9.772803256173447
2016-02-04 12:00:00,17.4,83,0.1,12.2,341,3.971931484377312,-11.535326622311663
2016-02-04 13:00:00,17.8,84,0.2,13.2,343,3.859306502340125,-12.623222778712067
2016-02-04 14:00:00,17.5,86,0.0,13.0,341,4.232386007943038,-12.291741482791117
2016-02-04 15:00:00,17.3,89,0.1,13.1,344,3.610849361202689,-12.592528216791978
2016-02-04 16:00:00,16.4,91,0.0,12.8,349,2.442355140819775,-12.5648279481301
2016-02-04 17:00:00,15.8,91,0.0,11.1,347,2.4969567032169007,-10.81550771911611
2016-02-04 18:00:00,14.6,94,0.0,10.1,358,0.3524849166952609,-10.093847352892867
2016-02-04 19:00:00,13.8,95,0.0,10.1,6,-1.055737479003299,-10.044671143219562
2016-02-04 20:00:00,12.9,97,0.0,11.2,15,-2.898773305148231,-10.818369254437565
2016-02-04 21:00:00,12.7,95,0.0,10.7,14,-2.5885642829164452,-10.382164271153162
2016-02-04 22:00:00,12.9,92,0.0,9.8,17,-2.8652427062828236,-9.371786608437747
2016-02-04 23:00:00,12.9,92,0.0,9.6,13,-2.1595301217011063,-9.353952621938257
2016-02-05 00:00:00,12.9,93,0.1,10.5,6,-1.0975488643103604,-10.442479901366871
2016-02-05 01:00:00,12.8,93,0.1,11.6,5,-1.0110066158728357,-11.555858497864248
2016-02-05 02:00:00,12.7,93,0.2,10.2,10,-1.7712114122026892,-10.045039080724521
2016-02-05 03:00:00,12.9,93,0.5,10.7,12,-2.2246550917500296,-10.46617932785172
2016-02-05 04:00:00,13.0,93,1.1,9.5,11,-1.812685456077174,-9.325458242752807
2016-02-05 05:00:00,13.2,92,0.7000000000000001,9.3,16,-2.56342740909809,-8.939733772226367
2016-02-05 06:00:00,12.9,92,0.3,9.8,24,-3.986019102142841,-8.95274548489749
2016-02-05 07:00:00,12.7,93,0.1,10.8,15,-2.795245687107223,-10.431998923921938
2016-02-05 08:00:00,13.8,91,0.0,12.5,12,-2.5988961352219975,-12.22684500917257
2016-02-05 09:00:00,14.8,88,0.0,13.1,8,-1.8231676225768623,-12.97251170051457
2016-02-05 10:00:00,15.4,86,0.0,14.8,1,-0.2582956152717958,-14.79774588831459
2016-02-05 11:00:00,16.9,82,0.0,14.4,357,0.7536377698983932,-14.380265300465863
2016-02-05 12:00:00,17.8,79,0.0,15.1,357,0.7902729392684539,-15.079305974794064
2016-02-05 13:00:00,18.2,76,0.0,16.0,351,2.502951440643695,-15.803013449522204
2016-02-05 14:00:00,17.6,76,0.0,16.8,350,2.9172893848044312,-16.544770250605094
2016-02-05 15:00:00,17.1,77,0.0,18.3,350,3.177761651304827,-18.02198188012341
2016-02-05 16:00:00,15.8,78,0.0,17.7,354,1.8501537998374662,-17.60303754801844
2016-02-05 17:00:00,14.1,81,0.0,17.6,345,4.555215193804365,-17.000294542687605
2016-02-05 18:00:00,11.9,83,0.0,16.3,352,2.268521545649067,-16.141369520487597
2016-02-05 19:00:00,11.6,82,0.0,14.1,3,-0.7379369830255147,-14.080676440039491
2016-02-05 20:00:00,11.4,86,0.0,12.3,5,-1.0720156357961965,-12.253194786528471
2016-02-05 21:00:00,10.6,86,0.0,13.0,2,-0.4536934571325099,-12.992080751248245
2016-02-05 22:00:00,9.4,88,0.0,13.4,355,1.167886952818619,-13.34900895442939
2016-02-05 23:00:00,8.8,88,0.0,13.0,2,-0.4536934571325099,-12.992080751248245
2016-02-06 00:00:00,8.5,87,0.0,12.6,360,7.715274834628325e-16,-12.6
2016-02-06 01:00:00,8.3,87,0.0,13.7,360,8.388830574159369e-16,-13.7
2016-02-06 02:00:00,7.8,88,0.0,14.8,3,-0.7745721523955758,-14.779717114367694
2016-02-06 03:00:00,7.2,91,0.0,15.5,5,-1.350914012588703,-15.441017820422056
2016-02-06 04:00:00,7.2,90,0.0,15.9,5,-1.3857763096877662,-15.839495699658755
2016-02-06 05:00:00,7.2,89,0.0,15.9,6,-1.6620025659556885,-15.812898136355548
2016-02-06 06:00:00,7.3,86,0.0,15.0,10,-2.6047226650039548,-14.772116295183121
2016-02-06 07:00:00,9.2,75,0.0,11.6,16,-3.197393327477187,-11.1506356728845
2016-02-06 08:00:00,10.6,74,0.0,8.7,5,-0.7582549619046267,-8.666893873398186
2016-02-06 09:00:00,12.3,70,0.0,17.4,347,3.914148345583249,-16.95403912726309
2016-02-06 10:00:00,12.7,68,0.0,19.2,355,1.6733902607550362,-19.126938203361515
2016-02-06 11:00:00,13.2,66,0.0,20.4,351,3.191263086820711,-20.148842148140808
2016-02-06 12:00:00,13.4,65,0.0,21.6,356,1.5067398328731052,-21.547383485612205
2016-02-06 13:00:00,13.5,64,0.0,22.8,355,1.9871509346466056,-22.7132391164918
2016-02-06 14:00:00,13.2,63,0.0,22.7,356,1.5834719539916426,-22.644703940898008
2016-02-06 15:00:00,12.5,64,0.0,22.8,355,1.9871509346466056,-22.7132391164918
2016-02-06 16:00:00,11.5,65,0.0,21.4,353,2.6080039488701563,-21.24048764512429
2016-02-06 17:00:00,10.3,68,0.0,17.3,358,0.6037612929532687,-17.289461307430358
2016-02-06 18:00:00,9.3,67,0.0,13.0,2,-0.4536934571325099,-12.992080751248245
2016-02-06 19:00:00,8.4,69,0.0,14.0,359,0.24433369012197037,-13.997867732189478
2016-02-06 20:00:00,7.9,68,0.0,13.4,8,-1.864919552864882,-13.269592121137041
2016-02-06 21:00:00,7.1,74,0.0,13.0,6,-1.3588700224794936,-12.928784639787555
2016-02-06 22:00:00,6.1,76,0.0,13.8,6,-1.4424927930936164,-13.724402156082174
2016-02-06 23:00:00,5.7,73,0.0,13.0,5,-1.1330246557195571,-12.950531075192693
2016-02-07 00:00:00,6.0,69,0.0,12.3,3,-0.643732261788215,-12.283143277481258
2016-02-07 01:00:00,5.6,68,0.0,12.2,2,-0.42577385977050924,-12.192568089632967
2016-02-07 02:00:00,5.6,67,0.0,13.0,2,-0.4536934571325099,-12.992080751248245
2016-02-07 03:00:00,4.7,72,0.0,13.4,8,-1.864919552864882,-13.269592121137041
2016-02-07 04:00:00,5.4,69,0.0,12.3,15,-3.1834742547610038,-11.88088766335554
2016-02-07 05:00:00,7.4,60,0.0,9.8,24,-3.986019102142841,-8.95274548489749
2016-02-07 06:00:00,7.8,58,0.0,7.2,27,-3.268731598124738,-6.415246974156248
2016-02-07 07:00:00,7.6,60,0.0,8.9,21,-3.1894747509531767,-8.308865795825096
2016-02-07 08:00:00,7.6,69,0.0,9.8,8,-1.363896389408645,-9.704627073667389
2016-02-07 09:00:00,10.9,59,0.0,12.3,7,-1.4989929238833102,-12.208317665188263
2016-02-07 10:00:00,12.7,56,0.0,11.9,355,1.0371533386971319,-11.854716907291772
2016-02-07 11:00:00,13.6,56,0.0,14.1,347,3.1718098662484953,-13.738617913471817
2016-02-07 12:00:00,14.2,56,0.0,14.3,350,2.483168940637105,-14.082750868074575
2016-02-07 13:00:00,14.7,56,0.0,14.7,349,2.8048922320352103,-14.42991959668066
2016-02-07 14:00:00,14.4,57,0.0,16.9,348,3.5137075748201343,-16.530694452401313
2016-02-07 15:00:00,13.5,61,0.0,17.4,353,2.120526575249566,-17.270303038559
2016-02-07 16:00:00,12.6,63,0.0,16.3,355,1.4206386067868277,-16.237973578895453
2016-02-07 17:00:00,11.6,67,0.0,12.2,358,0.42577385977051313,-12.192568089632967
2016-02-07 18:00:00,10.2,69,0.0,12.1,12,-2.5157314588948934,-11.835585968879046
2016-02-07 19:00:00,8.7,76,0.0,12.4,26,-5.435802220184564,-11.14504617410967
2016-02-07 20:00:00,6.9,80,0.0,12.1,37,-7.281961780139784,-9.663489671572243
2016-02-07 21:00:00,5.7,78,0.0,12.0,44,-8.335900445507967,-8.632077604063815
2016-02-07 22:00:00,5.1,72,0.0,11.5,46,-8.272407703894487,-7.988571260278469
2016-02-07 23:00:00,5.2,64,0.0,11.5,46,-8.272407703894487,-7.988571260278469
2016-02-08 00:00:00,5.6,57,0.0,10.9,46,-7.840803823691297,-7.571776238003071
2016-02-08 01:00:00,6.4,51,0.0,10.9,44,-7.57177623800307,-7.8408038236912985
2016-02-08 02:00:00,7.1,47,0.0,11.2,40,-7.199221228489241,-8.579697762932552
2016-02-08 03:00:00,6.7,49,0.0,11.3,37,-6.800509761618146,-9.02458126353441
2016-02-08 04:00:00,7.5,45,0.0,10.5,38,-6.46444549091941,-8.274112912870581
2016-02-08 05:00:00,9.2,37,0.0,9.1,34,-5.088655421583794,-7.54424191025088
2016-02-08 06:00:00,9.4,36,0.0,8.6,33,-4.683895701129232,-7.212566884330647
2016-02-08 07:00:00,9.1,37,0.0,6.9,39,-4.342310698243882,-5.362307134053097
2016-02-08 08:00:00,9.4,45,0.0,5.2,25,-2.197614961051636,-4.71280049259058
2016-02-08 09:00:00,11.8,49,0.0,7.0,348,1.4553818357243162,-6.847033205136639
2016-02-08 10:00:00,13.1,49,0.0,9.9,341,3.223124729125852,-9.360633898433235
2016-02-08 11:00:00,14.1,49,0.0,10.0,339,3.583679495453004,-9.335804264972017
2016-02-08 12:00:00,14.8,50,0.0,10.5,333,4.766900247265242,-9.355568503977862
2016-02-08 13:00:00,15.3,51,0.0,10.8,330,5.400000000000001,-9.353074360871938
2016-02-08 14:00:00,15.4,52,0.0,10.6,332,4.976398565530443,-9.359244484304625
2016-02-08 15:00:00,15.3,54,0.0,10.5,333,4.766900247265242,-9.355568503977862
2016-02-08 16:00:00,14.5,57,0.0,10.2,337,3.985457510590592,-9.389149505214892
2016-02-08 17:00:00,13.4,63,0.0,6.6,338,2.4724035165450187,-6.1194134401407965
2016-02-08 18:00:00,11.6,71,0.0,6.5,354,0.6794350112397475,-6.4643923198937765
2016-02-08 19:00:00,11.0,68,0.0,5.4,42,-3.613305274337834,-4.01298205757793
2016-02-08 20:00:00,10.7,68,0.0,4.7,58,-3.9858260519352027,-2.4906205418960625
2016-02-08 21:00:00,10.6,68,0.0,4.3,66,-3.9282454678631837,-1.7489675652259409
2016-02-08 22:00:00,10.5,67,0.0,3.7,61,-3.236092916415765,-1.7937955949114468
2016-02-08 23:00:00,10.4,66,0.0,2.5,45,-1.7677669529663693,-1.7677669529663687
2016-02-09 00:00:00,8.7,69,0.0,2.6,56,-2.1554976886431088,-1.4539015490239415
2016-02-09 01:00:00,8.0,70,0.0,2.6,56,-2.1554976886431088,-1.4539015490239415
2016-02-09 02:00:00,7.5,70,0.0,2.9,60,-2.5114736709748717,-1.4500000000000002
2016-02-09 03:00:00,6.4,71,0.0,2.9,60,-2.5114736709748717,-1.4500000000000002
2016-02-09 04:00:00,6.6,68,0.0,2.4,63,-2.138415658052083,-1.089577199374912
2016-02-09 05:00:00,6.4,68,0.0,2.4,63,-2.138415658052083,-1.089577199374912
2016-02-09 06:00:00,6.6,66,0.0,2.4,63,-2.138415658052083,-1.089577199374912
2016-02-09 07:00:00,6.6,66,0.0,2.3,72,-2.187429987478853,-0.7107390870623786
2016-02-09 08:00:00,9.5,69,0.0,2.3,51,-1.7874357113510326,-1.4474368994146265
2016-02-09 09:00:00,13.5,60,0.0,2.1,301,1.800051331474436,-1.0815799573111138
2016-02-09 10:00:00,15.0,61,0.0,4.7,293,4.32637281122647,-1.8364363038995868
2016-02-09 11:00:00,16.2,60,0.0,6.6,292,6.1194134401407965,-2.472403516545019
2016-02-09 12:00:00,16.9,60,0.0,8.0,297,7.128052193506943,-3.631923997916374
2016-02-09 13:00:00,17.2,61,0.0,8.7,308,6.85569355637848,-5.356254835333226
2016-02-09 14:00:00,17.1,62,0.0,8.7,312,6.46535998165333,-5.821436275322066
2016-02-09 15:00:00,16.9,63,0.0,8.4,313,6.143371093601032,-5.728786224524987
2016-02-09 16:00:00,16.0,65,0.0,7.9,313,5.777694242791447,-5.387787044493738
2016-02-09 17:00:00,15.0,70,0.0,5.1,315,3.6062445840513924,-3.606244584051392
2016-02-09 18:00:00,13.5,77,0.0,4.7,328,2.490620541896063,-3.9858260519352022
2016-02-09 19:00:00,12.8,78,0.0,2.7,23,-1.0549740469210394,-2.4853631043215887
2016-02-09 20:00:00,12.5,79,0.0,2.8,50,-2.1449244407331385,-1.7998053071223097
2016-02-09 21:00:00,12.2,80,0.0,3.2,63,-2.8512208774027776,-1.4527695991665495
2016-02-09 22:00:00,11.7,80,0.0,3.9,68,-3.616017032810471,-1.460965714322057
2016-02-09 23:00:00,10.2,84,0.0,3.8,73,-3.6339580726595346,-1.1110124779463997
2016-02-10 00:00:00,8.1,91,0.0,3.8,73,-3.6339580726595346,-1.1110124779463997
2016-02-10 01:00:00,7.1,95,0.0,3.7,79,-3.632020578756357,-0.7059932828932155
2016-02-10 02:00:00,6.8,94,0.0,3.4,72,-3.2335921554035223,-1.0506577808748208
2016-02-10 03:00:00,7.1,93,0.0,3.2,63,-2.8512208774027776,-1.4527695991665495
2016-02-10 04:00:00,6.6,94,0.0,3.4,58,-2.8833635269318485,-1.8017254983928963
2016-02-10 05:00:00,6.7,94,0.0,3.4,72,-3.2335921554035223,-1.0506577808748208
2016-02-10 06:00:00,6.7,94,0.0,3.4,72,-3.2335921554035223,-1.0506577808748208
2016-02-10 07:00:00,6.9,93,0.0,3.7,79,-3.632020578756357,-0.7059932828932155
2016-02-10 08:00:00,10.2,92,0.0,4.1,75,-3.96029588778518,-1.0611580849203353
2016-02-10 09:00:00,16.0,70,0.0,2.3,51,-1.7874357113510326,-1.4474368994146265
2016-02-10 10:00:00,18.0,64,0.0,4.2,340,1.436484601967809,-3.9467090073008153
2016-02-10 11:00:00,19.1,59,0.0,6.0,327,3.2678342100901627,-5.032023407672544
2016-02-10 12:00:00,19.4,58,0.0,7.0,325,4.015035054457323,-5.7340643100229425
2016-02-10 13:00:00,19.8,57,0.0,7.5,325,4.301823272632846,-6.143640332167439
2016-02-10 14:00:00,19.8,58,0.0,7.7,319,5.051654523226906,-5.811263767715345
2016-02-10 15:00:00,20.2,61,0.0,6.9,309,5.3623071340531,-4.342310698243878
2016-02-10 16:00:00,19.6,65,0.0,6.3,301,5.400153994423308,-3.244739871933341
2016-02-10 17:00:00,18.8,70,0.0,4.3,294,3.9282454678631837,-1.7489675652259409
2016-02-10 18:00:00,16.8,85,0.0,2.1,329,1.0815799573111138,-1.800051331474436
2016-02-10 19:00:00,16.4,79,0.0,3.1,54,-2.5079526825623377,-1.8221342821066664
2016-02-10 20:00:00,16.0,79,0.0,3.9,56,-3.233246532964663,-2.180852323535912
2016-02-10 21:00:00,14.3,84,0.0,2.6,74,-2.499280409439629,-0.7166571251241974
2016-02-10 22:00:00,13.4,86,0.0,1.8,127,-1.4375439180851273,1.0832670416736867
2016-02-10 23:00:00,12.6,88,0.0,0.7000000000000001,90,-0.7000000000000001,8.572527594031473e-17
2016-02-11 00:00:00,12.1,88,0.0,1.9,68,-1.761649323676896,-0.7117525274902328
2016-02-11 01:00:00,11.9,86,0.0,2.4,63,-2.138415658052083,-1.089577199374912
2016-02-11 02:00:00,11.8,85,0.0,2.7,67,-2.485363104321589,-1.0549740469210387
2016-02-11 03:00:00,12.7,84,0.0,2.2,81,-2.1729143493093033,-0.3441558230885076
2016-02-11 04:00:00,13.9,79,0.4,1.1,72,-1.046162167924669,-0.33991869381244205
2016-02-11 05:00:00,14.2,77,0.5,1.1,90,-1.1,1.3471114790620887e-16
2016-02-11 06:00:00,14.8,73,0.2,2.9,83,-2.878383839759834,-0.3534210958749272
2016-02-11 07:00:00,15.4,70,0.3,3.8,41,-2.4930243101639276,-2.8678964048465336
2016-02-11 08:00:00,15.7,74,0.2,4.9,73,-4.685893304218874,-1.4326213531414103
2016-02-11 09:00:00,17.6,73,0.3,2.9,97,-2.8783838397598336,0.35342109587492787
2016-02-11 10:00:00,20.3,67,0.0,2.3,219,1.447436899414626,1.7874357113510329
2016-02-11 11:00:00,21.6,67,0.0,6.2,234,5.0159053651246746,3.6442685642133337
2016-02-11 12:00:00,22.3,69,0.0,9.3,242,8.211412613588022,4.366085533908785
2016-02-11 13:00:00,22.5,71,0.0,9.7,239,8.31452281681049,4.995869326627525
2016-02-11 14:00:00,22.6,72,0.0,8.7,240,7.534421012924616,4.349999999999999
2016-02-11 15:00:00,21.4,80,0.6,7.3,250,6.859756131737131,2.4967470462773815
2016-02-11 16:00:00,20.2,86,0.4,5.9,259,5.791600382341218,1.1257730727216144
2016-02-11 17:00:00,19.5,90,0.3,2.3,252,2.1874299874788528,0.710739087062379
2016-02-11 18:00:00,18.8,93,0.0,2.6,236,2.1554976886431083,1.453901549023942
2016-02-11 19:00:00,18.1,96,0.0,2.3,162,-0.7107390870623789,2.187429987478853
2016-02-11 20:00:00,18.1,94,0.0,3.1,135,-2.192031021678297,2.1920310216782974
2016-02-11 21:00:00,17.2,96,0.0,1.9,112,-1.7616493236768958,0.7117525274902332
2016-02-11 22:00:00,15.2,99,0.0,0.8,63,-0.7128052193506944,-0.36319239979163737
2016-02-11 23:00:00,13.9,100,0.0,2.2,90,-2.2,2.6942229581241775e-16
2016-02-12 00:00:00,13.5,99,0.0,2.5,98,-2.475670171853926,0.3479327524001633
2016-02-12 01:00:00,13.0,97,0.0,1.8,90,-1.8,2.2043642384652358e-16
2016-02-12 02:00:00,12.9,96,0.0,1.4,90,-1.4,1.7145055188062944e-16
2016-02-12 03:00:00,12.6,94,0.0,1.8,90,-1.8,2.2043642384652358e-16
2016-02-12 04:00:00,12.7,93,0.0,2.6,106,-2.499280409439629,0.716657125124198
2016-02-12 05:00:00,12.7,92,0.1,4.7,113,-4.32637281122647,1.8364363038995868
2016-02-12 06:00:00,12.7,92,0.0,3.3,103,-3.215421213791276,0.7423384793347552
2016-02-12 07:00:00,12.7,92,0.0,4.6,108,-4.3748599749577055,1.4214781741247584
2016-02-12 08:00:00,15.5,95,0.2,5.8,120,-5.022947341949744,2.8999999999999995
2016-02-12 09:00:00,19.9,83,0.0,4.7,189,0.7352419856890854,4.6421352007971475
2016-02-12 10:00:00,21.2,80,0.0,8.5,208,3.9905082836800725,7.505054539300878
2016-02-12 11:00:00,22.5,79,0.0,10.8,210,5.400000000000001,9.353074360871938
2016-02-12 12:00:00,23.7,73,0.3,12.9,210,6.450000000000002,11.171727708819258
2016-02-12 13:00:00,23.8,73,0.2,13.0,208,6.103130316216581,11.47831870716605
2016-02-12 14:00:00,23.9,72,0.2,13.4,200,4.583069920563962,12.591881118531171
2016-02-12 15:00:00,23.8,78,0.0,13.2,197,3.859306502340125,12.623222778712067
2016-02-12 16:00:00,23.6,78,0.0,11.6,196,3.19739332747719,11.1506356728845
2016-02-12 17:00:00,23.0,80,0.0,9.1,189,1.4235536318661013,8.987963899415753
2016-02-12 18:00:00,21.5,85,0.0,11.1,167,-2.4969567032169016,10.81550771911611
2016-02-12 19:00:00,19.8,87,0.0,11.9,151,-5.76923448093141,10.407974514958811
2016-02-12 20:00:00,18.7,85,0.0,11.6,150,-5.799999999999997,10.045894683899489
2016-02-12 21:00:00,16.8,87,0.0,8.9,148,-4.716281451675523,7.547628055792193
2016-02-12 22:00:00,15.2,89,0.0,9.5,143,-5.717242719944459,7.587037345449281
2016-02-12 23:00:00,13.7,89,0.0,9.7,141,-6.104407793183421,7.538315826132618
2016-02-13 00:00:00,12.9,90,0.0,8.9,140,-5.7208097262102005,6.817795543758905
2016-02-13 01:00:00,12.3,90,0.0,8.7,142,-5.356254835333226,6.855693556378481
2016-02-13 02:00:00,11.9,90,0.0,7.7,143,-4.633975678270772,6.149493427364154
2016-02-13 03:00:00,11.6,87,0.0,6.9,141,-4.342310698243877,5.3623071340531006
2016-02-13 04:00:00,11.6,86,0.0,7.1,139,-4.658019105832601,5.358438019581682
2016-02-13 05:00:00,11.8,86,0.0,7.1,139,-4.658019105832601,5.358438019581682
2016-02-13 06:00:00,11.5,86,0.0,8.9,137,-6.069785404556236,6.509047944410618
2016-02-13 07:00:00,11.7,87,0.0,7.7,139,-5.0516545232269054,5.811263767715346
2016-02-13 08:00:00,14.8,88,0.0,9.5,143,-5.717242719944459,7.587037345449281
2016-02-13 09:00:00,21.2,71,0.0,10.6,170,-1.8406706832694613,10.438962181929405
2016-02-13 10:00:00,24.0,60,0.0,13.0,182,0.453693457132514,12.992080751248245
2016-02-13 11:00:00,25.1,59,0.0,14.5,187,1.7671054793746386,14.391919198799169
2016-02-13 12:00:00,25.7,57,0.0,15.8,192,3.2850047149205994,15.45473209159413
2016-02-13 13:00:00,25.9,55,0.0,15.1,198,4.666156615061706,14.360953396056818
2016-02-13 14:00:00,25.7,57,0.0,14.2,204,5.775660331676363,12.972345498524932
2016-02-13 15:00:00,25.1,59,0.1,11.8,207,5.357087896926653,10.51387698542274
2016-02-13 16:00:00,24.5,63,0.0,9.7,202,3.633683956134346,8.993683389297837
2016-02-13 17:00:00,23.6,67,0.0,6.0,197,1.7542302283364206,5.737828535778212
2016-02-13 18:00:00,21.8,75,0.0,9.0,178,-0.3140954703225086,8.994517443171862
2016-02-13 19:00:00,20.2,73,0.0,9.6,146,-5.368251873319168,7.9587606965284
2016-02-13 20:00:00,18.3,77,0.0,8.7,135,-6.151828996322962,6.151828996322964
2016-02-13 21:00:00,16.7,79,0.0,8.9,137,-6.069785404556236,6.509047944410618
2016-02-13 22:00:00,15.6,80,0.0,8.7,138,-5.821436275322066,6.46535998165333
2016-02-13 23:00:00,14.3,83,0.0,8.2,139,-5.379684037722158,6.1886185578267305
2016-02-14 00:00:00,13.4,85,0.0,8.4,130,-6.434773322199415,5.3994159213669315
2016-02-14 01:00:00,12.8,86,0.0,7.4,129,-5.750880114781585,4.656970893768797
2016-02-14 02:00:00,12.5,86,0.0,7.5,125,-6.14364033216744,4.301823272632845
2016-02-14 03:00:00,12.4,84,0.0,6.2,126,-5.015905365124674,3.644268564213334
2016-02-14 04:00:00,12.1,85,0.0,5.7,125,-4.669166652447254,3.269385687200962
2016-02-14 05:00:00,12.1,85,0.0,5.5,122,-4.664264528860342,2.914555953282627
2016-02-14 06:00:00,11.8,85,0.0,6.9,129,-5.3623071340531,4.342310698243878
2016-02-14 07:00:00,12.0,85,0.0,7.2,127,-5.750175672340509,4.333068166694747
2016-02-14 08:00:00,14.8,89,0.0,6.9,129,-5.3623071340531,4.342310698243878
2016-02-14 09:00:00,20.9,67,0.0,3.7,169,-0.7059932828932158,3.632020578756357
2016-02-14 10:00:00,22.9,58,0.0,5.4,233,4.312631754255381,3.2498011250210608
2016-02-14 11:00:00,23.1,61,0.0,7.5,253,7.172285669722766,2.192787785420526
2016-02-14 12:00:00,22.8,67,0.0,8.7,277,8.6351515192795,-1.060263287624783
2016-02-14 13:00:00,21.9,74,0.2,8.2,293,7.54813979831001,-3.2039952536120446
2016-02-14 14:00:00,21.4,77,0.3,6.5,289,6.1458707413955596,-2.1161930039715187
2016-02-14 15:00:00,21.1,81,0.2,7.4,293,6.811735915548059,-2.891410350820626
2016-02-14 16:00:00,19.6,89,0.0,7.1,315,5.020458146424487,-5.020458146424486
2016-02-14 17:00:00,18.1,93,0.0,6.9,332,3.239353783222647,-6.092338390726596
2016-02-14 18:00:00,16.9,95,0.0,5.1,321,3.209533994354171,-3.963444403430551
2016-02-14 19:00:00,15.8,97,0.0,4.6,342,1.4214781741247582,-4.3748599749577055
2016-02-14 20:00:00,15.2,97,0.0,5.4,356,0.3766849582182763,-5.386845871403051
2016-02-14 21:00:00,14.7,98,0.0,7.3,351,1.1419715947936857,-7.210124886344506
2016-02-14 22:00:00,14.1,96,0.0,10.0,347,2.249510543438649,-9.743700647852352
2016-02-14 23:00:00,13.1,96,0.4,11.6,353,1.4136843834997108,-11.513535359039334
2016-02-15 00:00:00,12.3,95,0.3,12.2,360,7.470345474798854e-16,-12.2
2016-02-15 01:00:00,11.9,94,0.1,10.8,4,-0.7533699164365563,-10.773691742806102
2016-02-15 02:00:00,11.5,94,0.2,10.9,6,-1.1393602496174215,-10.840288659514181
2016-02-15 03:00:00,11.2,93,0.3,11.2,4,-0.7812725059342065,-11.17271736291003
2016-02-15 04:00:00,10.8,92,0.0,13.4,6,-1.400681407786555,-13.326593397934865
2016-02-15 05:00:00,10.3,93,0.0,12.1,12,-2.5157314588948934,-11.835585968879046
2016-02-15 06:00:00,10.2,93,0.0,9.8,8,-1.363896389408645,-9.704627073667389
2016-02-15 07:00:00,10.2,93,0.0,11.2,356,0.7812725059342026,-11.17271736291003
2016-02-15 08:00:00,10.9,87,0.0,14.0,359,0.24433369012197037,-13.997867732189478
2016-02-15 09:00:00,11.1,85,0.0,14.4,360,8.817456953860943e-16,-14.4
2016-02-15 10:00:00,11.7,85,0.1,13.4,355,1.167886952818619,-13.34900895442939
2016-02-15 11:00:00,12.5,85,0.2,12.3,357,0.6437322617882109,-12.283143277481258
2016-02-15 12:00:00,13.4,85,0.2,12.0,353,1.4624321208617699,-11.910553819695863
2016-02-15 13:00:00,14.1,84,0.0,13.3,347,2.991849022773404,-12.959121861643629
2016-02-15 14:00:00,14.5,82,0.0,13.8,345,3.571702822414786,-13.329776402789143
2016-02-15 15:00:00,13.7,80,0.0,13.9,343,4.063966695646041,-13.292636107886192
2016-02-15 16:00:00,12.4,81,0.0,13.9,343,4.063966695646041,-13.292636107886192
2016-02-15 17:00:00,11.5,82,0.0,12.3,345,3.183474254761005,-11.88088766335554
2016-02-15 18:00:00,10.9,82,0.0,10.8,345,2.795245687107224,-10.431998923921938
2016-02-15 19:00:00,10.4,83,0.2,10.2,350,1.77121141220269,-10.045039080724521
2016-02-15 20:00:00,10.2,83,0.4,9.1,353,1.1090110249868421,-9.032169979936029
2016-02-15 21:00:00,10.1,87,0.4,8.5,348,1.7672493719509554,-8.314254606237347
2016-02-15 22:00:00,10.2,88,0.4,8.2,345,2.12231616984067,-7.92059177557036
2016-02-15 23:00:00,10.3,90,0.2,7.6,352,1.0577155672964975,-7.5260373224359345
2016-02-16 00:00:00,10.4,93,0.0,6.2,7,-0.7555899291119125,-6.153786140176197
2016-02-16 01:00:00,10.7,86,0.0,4.7,23,-1.836436303899587,-4.326372811226469
2016-02-16 02:00:00,10.3,91,0.0,5.1,352,0.7097828148963339,-5.050367150582009
2016-02-16 03:00:00,10.3,86,0.0,4.7,360,2.8779199779962803e-16,-4.7
2016-02-16 04:00:00,10.2,84,0.2,6.9,354,0.7212463965468089,-6.862201078041086
2016-02-16 05:00:00,10.0,90,0.3,8.3,342,2.564841053312064,-7.893769085249775
2016-02-16 06:00:00,10.3,87,0.3,7.2,360,4.4087284769304716e-16,-7.2
2016-02-16 07:00:00,10.6,88,0.4,6.0,343,1.7542302283364206,-5.737828535778212
2016-02-16 08:00:00,11.1,86,0.3,4.6,342,1.4214781741247582,-4.3748599749577055
2016-02-16 09:00:00,11.7,84,0.2,4.8,333,2.1791543987498248,-4.276831316104166
2016-02-16 10:00:00,12.2,83,0.3,4.8,318,3.2118269105225195,-3.5670951622914924
2016-02-16 11:00:00,12.6,84,0.3,6.6,311,4.981083229470295,-4.329989591337347
2016-02-16 12:00:00,13.0,84,0.4,7.9,313,5.777694242791447,-5.387787044493738
2016-02-16 13:00:00,13.2,85,0.5,7.9,317,5.387787044493738,-5.777694242791447
2016-02-16 14:00:00,12.9,88,0.4,7.1,319,4.658019105832602,-5.358438019581681
2016-02-16 15:00:00,12.9,86,0.4,6.7,324,3.93816119035957,-5.420413862312148
2016-02-16 16:00:00,12.4,89,0.4,6.9,332,3.239353783222647,-6.092338390726596
2016-02-16 17:00:00,12.1,90,0.3,5.8,330,2.9000000000000004,-5.0229473419497435
2016-02-16 18:00:00,11.9,92,0.5,4.6,342,1.4214781741247582,-4.3748599749577055
2016-02-16 19:00:00,11.6,93,0.6,3.2,333,1.45276959916655,-2.851220877402777
2016-02-16 20:00:00,11.5,95,0.6,2.9,330,1.4500000000000002,-2.5114736709748717
2016-02-16 21:00:00,11.4,96,0.6,2.8,320,1.7998053071223101,-2.1449244407331385
2016-02-16 22:00:00,11.3,96,1.3,4.7,328,2.490620541896063,-3.9858260519352022
2016-02-16 23:00:00,11.2,95,0.5,6.3,347,1.4171916423663489,-6.1385314081469815
2016-02-17 00:00:00,11.6,92,0.7000000000000001,6.3,13,-1.417191642366351,-6.1385314081469815
2016-02-17 01:00:00,11.9,89,0.2,5.9,14,-1.42733918403804,-5.7247447850283795
2016-02-17 02:00:00,11.7,90,0.0,6.7,16,-1.8467702839738926,-6.440453362786737
2016-02-17 03:00:00,11.2,92,0.3,6.6,13,-1.4846769586695105,-6.430842427582552
2016-02-17 04:00:00,10.7,94,0.2,5.2,16,-1.4333142502483942,-4.998560818879259
2016-02-17 05:00:00,11.1,90,0.1,4.0,355,0.34862297099063255,-3.984778792366982
2016-02-17 06:00:00,11.4,88,0.2,3.4,18,-1.0506577808748216,-3.233592155403522
2016-02-17 07:00:00,11.3,89,0.3,3.6,360,2.2043642384652358e-16,-3.6
2016-02-17 08:00:00,11.8,93,0.6,2.9,360,1.7757378587636622e-16,-2.9
2016-02-17 09:00:00,13.1,90,0.2,3.4,328,1.8017254983928965,-2.883363526931848
2016-02-17 10:00:00,13.8,86,0.1,4.8,312,3.5670951622914924,-3.2118269105225195
2016-02-17 11:00:00,14.9,82,0.3,6.1,298,5.385980316439454,-2.8637765329939335
2016-02-17 12:00:00,15.7,80,0.5,7.9,300,6.841600689897066,-3.9499999999999997
2016-02-17 13:00:00,16.4,78,0.2,8.3,304,6.881011852206846,-4.6413010988072
2016-02-17 14:00:00,15.9,81,0.5,8.9,317,6.069785404556237,-6.509047944410617
2016-02-17 15:00:00,16.6,81,0.1,9.2,321,5.789747597658504,-7.149742845404131
2016-02-17 16:00:00,15.9,81,0.0,8.5,324,4.996174644486022,-6.876644452187053
2016-02-17 17:00:00,15.0,84,0.0,7.4,321,4.656970893768798,-5.750880114781585
2016-02-17 18:00:00,14.3,87,0.0,5.0,339,1.791839747726502,-4.667902132486009
2016-02-17 19:00:00,13.6,92,0.1,4.8,333,2.1791543987498248,-4.276831316104166
2016-02-17 20:00:00,13.3,94,0.2,4.3,360,2.632990618166809e-16,-4.3
2016-02-17 21:00:00,12.8,96,0.3,2.2,9,-0.3441558230885083,-2.172914349309303
2016-02-17 22:00:00,12.3,96,0.1,2.4,333,1.0895771993749124,-2.138415658052083
2016-02-17 23:00:00,12.5,95,0.2,2.3,342,0.7107390870623791,-2.1874299874788528
2016-02-18 00:00:00,12.7,93,0.1,2.7,23,-1.0549740469210394,-2.4853631043215887
2016-02-18 01:00:00,12.8,93,0.0,4.2,31,-2.163159914622229,-3.600102662948871
2016-02-18 02:00:00,13.0,91,0.0,4.7,351,0.7352419856890854,-4.6421352007971475
2016-02-18 03:00:00,12.3,91,0.2,5.1,8,-0.7097828148963357,-5.050367150582008
2016-02-18 04:00:00,13.0,91,0.4,5.4,37,-3.2498011250210608,-4.312631754255381
2016-02-18 05:00:00,13.0,91,0.5,5.1,45,-3.606244584051393,-3.606244584051392
2016-02-18 06:00:00,13.2,89,0.5,3.9,56,-3.233246532964663,-2.180852323535912
2016-02-18 07:00:00,13.5,88,0.6,2.8,40,-1.7998053071223103,-2.144924440733138
2016-02-18 08:00:00,13.8,90,0.8,3.1,21,-1.1109406435904323,-2.894099322141325
2016-02-18 09:00:00,15.3,89,0.5,3.2,360,1.9594348786357652e-16,-3.2
2016-02-18 10:00:00,15.6,87,0.1,4.9,343,1.4326213531414103,-4.685893304218874
2016-02-18 11:00:00,16.9,83,0.0,6.0,327,3.2678342100901627,-5.032023407672544
2016-02-18 12:00:00,17.1,82,0.0,7.7,323,4.633975678270772,-6.149493427364155
2016-02-18 13:00:00,16.8,84,0.0,7.9,330,3.950000000000001,-6.841600689897065
2016-02-18 14:00:00,16.5,87,0.0,7.7,332,3.61493103345136,-6.798696465013737
2016-02-18 15:00:00,17.4,84,0.1,7.7,332,3.61493103345136,-6.798696465013737
2016-02-18 16:00:00,16.8,87,0.0,7.8,338,2.9219314286441134,-7.232034065620942
2016-02-18 17:00:00,16.3,90,0.0,7.4,337,2.8914103508206255,-6.811735915548059
2016-02-18 18:00:00,15.3,94,0.0,8.0,333,3.6319239979163744,-7.128052193506942
2016-02-18 19:00:00,14.9,95,0.0,3.9,22,-1.460965714322058,-3.6160170328104706
2016-02-18 20:00:00,14.9,94,0.0,3.8,49,-2.867896404846534,-2.4930243101639267
2016-02-18 21:00:00,14.6,93,0.0,4.1,52,-3.23084408978756,-2.5242120488351985
2016-02-18 22:00:00,14.4,91,0.0,3.8,49,-2.867896404846534,-2.4930243101639267
2016-02-18 23:00:00,14.5,88,0.0,3.6,53,-2.875087836170254,-2.1665340833473743
2016-02-19 00:00:00,14.5,86,0.0,3.4,58,-2.8833635269318485,-1.8017254983928963
2016-02-19 01:00:00,14.3,84,0.0,3.6,53,-2.875087836170254,-2.1665340833473743
2016-02-19 02:00:00,13.9,84,0.0,4.3,42,-2.87726160734309,-3.195522749552796
2016-02-19 03:00:00,12.6,86,0.0,4.6,45,-3.2526911934581193,-3.252691193458118
2016-02-19 04:00:00,11.6,88,0.0,4.9,54,-3.964183272437243,-2.880147736233118
2016-02-19 05:00:00,10.7,89,0.0,4.5,61,-3.9357886821272814,-2.181643291108516
2016-02-19 06:00:00,9.7,90,0.0,4.2,59,-3.600102662948872,-2.1631599146222276
2016-02-19 07:00:00,9.7,88,0.0,3.3,41,-2.1649947956686737,-2.4905416147351476
2016-02-19 08:00:00,14.6,83,0.0,3.8,41,-2.4930243101639276,-2.8678964048465336
2016-02-19 09:00:00,17.4,77,0.0,4.3,360,2.632990618166809e-16,-4.3
2016-02-19 10:00:00,18.8,76,0.0,3.2,360,1.9594348786357652e-16,-3.2
2016-02-19 11:00:00,20.3,72,0.0,2.9,300,2.511473670974872,-1.4499999999999997
2016-02-19 12:00:00,21.2,70,0.0,7.6,295,6.887939181478539,-3.211898789229316
2016-02-19 13:00:00,20.3,77,0.0,10.5,311,7.924450592339106,-6.888619804400326
2016-02-19 14:00:00,19.2,84,0.3,11.2,327,6.099957192168303,-9.393110360988748
2016-02-19 15:00:00,19.4,85,0.3,10.6,342,3.275580140374443,-10.081199072728626
2016-02-19 16:00:00,18.9,87,0.0,10.0,345,2.5881904510252074,-9.659258262890683
2016-02-19 17:00:00,17.9,90,0.0,9.3,344,2.5634274090980926,-8.939733772226367
2016-02-19 18:00:00,16.4,95,0.0,9.6,347,2.159530121701103,-9.353952621938259
2016-02-19 19:00:00,15.3,98,0.0,9.4,23,-3.672872607799174,-8.652745622452938
2016-02-19 20:00:00,14.4,99,0.0,8.9,27,-4.040515447681968,-7.929958065276474
2016-02-19 21:00:00,13.8,98,0.0,8.7,30,-4.350000000000003,-7.534421012924613
2016-02-19 22:00:00,13.8,96,0.0,8.5,28,-3.9905082836800716,-7.505054539300879
2016-02-19 23:00:00,13.6,95,0.0,8.7,30,-4.350000000000003,-7.534421012924613
2016-02-20 00:00:00,13.7,92,0.0,9.3,36,-5.466402846320002,-7.5238580476870105
2016-02-20 01:00:00,13.2,90,0.0,9.7,39,-6.104407793183427,-7.538315826132614
2016-02-20 02:00:00,13.0,88,0.0,8.9,32,-4.716281451675525,-7.547628055792192
2016-02-20 03:00:00,12.7,87,0.0,9.5,29,-4.6056913923402,-8.308887217824262
2016-02-20 04:00:00,11.7,89,0.0,10.0,26,-4.383711467890778,-8.987940462991668
2016-02-20 05:00:00,11.6,90,0.0,9.8,28,-4.600821315301729,-8.652886410017485
2016-02-20 06:00:00,13.0,84,0.0,7.2,27,-3.268731598124738,-6.415246974156248
2016-02-20 07:00:00,12.4,87,0.0,9.3,13,-2.092044805397947,-9.061641602502688
2016-02-20 08:00:00,12.6,91,0.0,10.3,12,-2.141490415422926,-10.074920287558198
2016-02-20 09:00:00,13.7,87,0.1,12.2,2,-0.42577385977050924,-12.192568089632967
2016-02-20 10:00:00,13.4,88,0.4,12.9,13,-2.901868601035862,-12.569373835729534
2016-02-20 11:00:00,14.4,86,0.0,11.2,4,-0.7812725059342065,-11.17271736291003
2016-02-20 12:00:00,15.2,83,0.0,12.6,347,2.8343832847326977,-12.277062816293963
2016-02-20 13:00:00,14.9,83,0.3,15.6,345,4.0375771035993235,-15.068442890109464
2016-02-20 14:00:00,13.3,88,1.0,15.4,349,2.9384585287987917,-15.117058625094026
2016-02-20 15:00:00,14.9,79,0.0,12.6,358,0.4397336584515136,-12.592324420440606
2016-02-20 16:00:00,15.3,78,0.0,9.8,354,1.024378940023004,-9.746314574609078
2016-02-20 17:00:00,14.6,79,0.0,11.1,335,4.691062705321763,-10.060016436106814
2016-02-20 18:00:00,13.6,78,0.0,9.1,351,1.4235536318661013,-8.987963899415753
2016-02-20 19:00:00,13.5,83,0.2,7.6,360,4.653657836759942e-16,-7.6
2016-02-20 20:00:00,13.9,75,0.2,4.1,15,-1.0611580849203346,-3.96029588778518
2016-02-20 21:00:00,13.2,83,0.2,3.7,349,0.7059932828932162,-3.632020578756357
2016-02-20 22:00:00,13.2,82,0.2,5.4,340,1.8469087739586119,-5.074340152243905
2016-02-20 23:00:00,13.2,83,0.0,3.3,354,0.3449439287832564,-3.2819222547153015
2016-02-21 00:00:00,13.0,84,0.0,2.1,329,1.0815799573111138,-1.800051331474436
2016-02-21 01:00:00,13.0,86,0.1,2.6,326,1.4539015490239418,-2.1554976886431088
2016-02-21 02:00:00,13.1,86,0.2,2.9,353,0.3534210958749277,-2.8783838397598336
2016-02-21 03:00:00,14.1,74,0.0,3.1,21,-1.1109406435904323,-2.894099322141325
2016-02-21 04:00:00,14.2,73,0.0,2.9,30,-1.4500000000000013,-2.5114736709748713
2016-02-21 05:00:00,14.0,75,0.0,0.4,180,2.4492935982947065e-17,0.4
2016-02-21 06:00:00,11.7,89,0.0,3.9,202,1.4609657143220567,3.616017032810471
2016-02-21 07:00:00,11.0,93,0.0,2.3,198,0.7107390870623791,2.1874299874788528
2016-02-21 08:00:00,13.8,88,0.0,1.5,256,1.4554435894139948,0.3628828433995016
2016-02-21 09:00:00,15.8,81,0.0,2.6,326,1.4539015490239418,-2.1554976886431088
2016-02-21 10:00:00,17.2,77,0.0,4.2,290,3.9467090073008158,-1.4364846019678086
2016-02-21 11:00:00,17.9,77,0.0,6.6,283,6.430842427582553,-1.484676958669509
2016-02-21 12:00:00,18.5,77,0.0,7.6,278,7.5260373224359345,-1.0577155672964973
2016-02-21 13:00:00,18.5,78,0.0,8.5,282,8.314254606237348,-1.7672493719509543
2016-02-21 14:00:00,18.6,77,0.0,8.8,289,8.320563465273988,-2.8649997592229792
2016-02-21 15:00:00,17.7,81,0.0,7.9,294,7.217009115376547,-3.2132194802988217
2016-02-21 16:00:00,17.5,81,0.0,6.7,306,5.420413862312148,-3.93816119035957
2016-02-21 17:00:00,17.1,83,0.0,4.7,302,3.9858260519352022,-2.490620541896063
2016-02-21 18:00:00,16.6,86,0.0,3.3,283,3.2154212137912763,-0.7423384793347545
2016-02-21 19:00:00,15.8,89,0.0,4.4,261,4.3458286986186065,0.6883116461770159
2016-02-21 20:00:00,15.1,93,0.0,3.9,248,3.616017032810471,1.460965714322057
2016-02-21 21:00:00,14.4,95,0.0,2.7,247,2.485363104321589,1.0549740469210394
2016-02-21 22:00:00,14.4,95,0.3,2.3,252,2.1874299874788528,0.710739087062379
2016-02-21 23:00:00,14.1,95,0.1,1.6,243,1.4256104387013888,0.7263847995832748
2016-02-22 00:00:00,14.3,94,0.2,1.1,252,1.0461621679246689,0.33991869381244216
2016-02-22 01:00:00,14.5,94,0.1,1.1,270,1.1,0.0
2016-02-22 02:00:00,14.4,94,0.0,0.4,360,2.4492935982947065e-17,-0.4
2016-02-22 03:00:00,15.3,86,0.0,1.1,72,-1.046162167924669,-0.33991869381244205
2016-02-22 04:00:00,15.0,88,0.2,1.6,27,-0.7263847995832751,-1.4256104387013886
2016-02-22 05:00:00,14.7,89,0.0,2.1,31,-1.0815799573111144,-1.8000513314744355
2016-02-22 06:00:00,14.5,88,0.0,2.3,108,-2.1874299874788528,0.7107390870623792
2016-02-22 07:00:00,14.5,88,0.0,1.1,18,-0.33991869381244233,-1.0461621679246689
2016-02-22 08:00:00,14.7,93,0.0,1.5,346,0.3628828433995015,-1.4554435894139948
2016-02-22 09:00:00,17.5,84,0.1,5.4,312,4.012982057577929,-3.6133052743378347
2016-02-22 10:00:00,18.5,81,0.0,5.8,300,5.022947341949744,-2.8999999999999995
2016-02-22 11:00:00,19.7,78,0.1,6.4,286,6.1520748540052415,-1.7640790772287946
2016-02-22 12:00:00,20.6,76,0.1,5.8,274,5.78587149150698,-0.40458754771592675
2016-02-22 13:00:00,20.7,78,0.0,7.0,291,6.535062985480412,-2.5085756468171017
2016-02-22 14:00:00,20.0,82,0.0,8.2,311,6.18861855782673,-5.379684037722159
2016-02-22 15:00:00,19.1,86,0.0,9.3,324,5.46640284632,-7.523858047687012
2016-02-22 16:00:00,18.2,87,0.1,9.6,340,3.2833933759264204,-9.02104915954472
2016-02-22 17:00:00,17.3,88,0.0,8.3,358,0.289665822630759,-8.294943864258496
2016-02-22 18:00:00,16.6,91,0.4,8.2,15,-2.122316169840669,-7.92059177557036
2016-02-22 19:00:00,16.0,93,0.2,8.3,18,-2.564841053312065,-7.893769085249775
2016-02-22 20:00:00,15.8,93,0.4,8.7,30,-4.350000000000003,-7.534421012924613
2016-02-22 21:00:00,15.3,95,0.2,7.4,39,-4.656970893768801,-5.750880114781583
2016-02-22 22:00:00,15.2,95,0.2,6.7,36,-3.938161190359571,-5.420413862312147
2016-02-22 23:00:00,15.8,91,0.1,8.0,36,-4.702282018339786,-6.472135954999579
2016-02-23 00:00:00,15.0,93,0.0,8.5,36,-4.996174644486023,-6.876644452187052
2016-02-23 01:00:00,14.7,94,0.0,7.9,39,-4.971631089293719,-6.139453095510068
2016-02-23 02:00:00,14.8,93,0.0,7.2,37,-4.333068166694748,-5.750175672340508
2016-02-23 03:00:00,14.9,91,0.0,7.9,30,-3.9500000000000037,-6.841600689897064
2016-02-23 04:00:00,14.6,93,0.0,9.5,25,-4.014873486536642,-8.609923976848176
2016-02-23 05:00:00,14.5,94,0.0,9.6,20,-3.283393375926418,-9.02104915954472
2016-02-23 06:00:00,14.3,94,0.2,9.8,17,-2.8652427062828236,-9.371786608437747
2016-02-23 07:00:00,14.2,94,0.2,8.9,14,-2.1531048708370433,-8.635631963856369
2016-02-23 08:00:00,15.4,90,0.0,10.0,13,-2.2495105434386526,-9.743700647852352
2016-02-23 09:00:00,16.7,87,0.0,10.4,360,6.368163355566237e-16,-10.4
2016-02-23 10:00:00,18.0,84,0.0,10.6,350,1.8406706832694624,-10.438962181929405
2016-02-23 11:00:00,19.1,80,0.0,11.5,340,3.9332316482451914,-10.806465139037945
2016-02-23 12:00:00,19.7,79,0.0,11.8,337,4.61062731617343,-10.861957270738797
2016-02-23 13:00:00,20.2,79,0.0,12.6,336,5.124881702755083,-11.510672766296771
2016-02-23 14:00:00,20.0,81,0.0,12.9,337,5.040431557511631,-11.874512609536481
2016-02-23 15:00:00,19.2,82,0.0,13.3,341,4.330056454280185,-12.575397055470914
2016-02-23 16:00:00,18.1,85,0.0,13.0,346,3.14498464279568,-12.613844441587954
2016-02-23 17:00:00,17.1,86,0.0,11.8,348,2.453357951649562,-11.542141688658907
2016-02-23 18:00:00,15.9,89,0.0,10.8,345,2.795245687107224,-10.431998923921938
2016-02-23 19:00:00,14.8,92,0.0,11.2,358,0.3908743630680121,-11.193177262613872
2016-02-23 20:00:00,14.2,95,0.2,10.8,2,-0.37691456438700827,-10.793420931806235
2016-02-23 21:00:00,13.6,95,0.3,10.5,8,-1.4613175600806911,-10.397814721786487
2016-02-23 22:00:00,13.4,94,0.4,9.5,9,-1.4861274178821948,-9.383039235653808
2016-02-23 23:00:00,13.2,93,0.3,10.2,8,-1.4195656297926713,-10.100734301164016
2016-02-24 00:00:00,13.2,91,0.4,8.9,14,-2.1531048708370433,-8.635631963856369
2016-02-24 01:00:00,13.3,91,0.4,8.7,5,-0.7582549619046267,-8.666893873398186
2016-02-24 02:00:00,12.8,92,0.4,10.4,360,6.368163355566237e-16,-10.4
2016-02-24 03:00:00,13.3,91,0.4,10.1,4,-0.7045403848156684,-10.075396907624224
2016-02-24 04:00:00,13.1,92,0.5,8.0,8,-1.1133848076805266,-7.922144549932562
2016-02-24 05:00:00,13.0,93,0.4,7.9,3,-0.41345405431926,-7.889173324561134
2016-02-24 06:00:00,13.1,89,0.3,6.5,6,-0.6794350112397468,-6.464392319893777
2016-02-24 07:00:00,13.8,84,0.6,8.0,5,-0.697245941981266,-7.969557584733964
2016-02-24 08:00:00,14.5,86,0.2,8.7,355,0.7582549619046257,-8.666893873398186
2016-02-24 09:00:00,15.5,84,0.2,9.7,345,2.510544737494451,-9.369480515003962
2016-02-24 10:00:00,15.8,84,0.3,10.6,342,3.275580140374443,-10.081199072728626
2016-02-24 11:00:00,16.8,82,0.3,11.2,345,2.8987733051482323,-10.818369254437565
2016-02-24 12:00:00,17.5,82,0.1,10.7,340,3.659615533584656,-10.054711042409219
2016-02-24 13:00:00,18.1,81,0.1,11.9,335,5.029157314714324,-10.785062665736135
2016-02-24 14:00:00,17.8,81,0.1,12.1,337,4.727846654720212,-11.138108726774528
2016-02-24 15:00:00,16.0,81,0.1,11.5,340,3.9332316482451914,-10.806465139037945
2016-02-24 16:00:00,15.5,82,0.2,9.7,338,3.633683956134346,-8.993683389297837
2016-02-24 17:00:00,15.0,83,0.2,9.1,342,2.8120546488120217,-8.654614298285896
2016-02-24 18:00:00,14.4,84,0.3,8.1,339,2.902780391316933,-7.5620014546273335
2016-02-24 19:00:00,14.0,86,0.8,7.0,348,1.4553818357243162,-6.847033205136639
2016-02-24 20:00:00,13.5,88,0.0,5.7,342,1.7613968679372005,-5.421022142882375
2016-02-24 21:00:00,13.4,89,0.0,5.8,338,2.1727182418122895,-5.377666356487367
2016-02-24 22:00:00,13.1,91,0.0,4.8,347,1.0797650608505516,-4.676976310969129
2016-02-24 23:00:00,13.0,91,0.1,4.2,340,1.436484601967809,-3.9467090073008153
2016-02-25 00:00:00,12.8,92,0.2,2.7,337,1.0549740469210391,-2.485363104321589
2016-02-25 01:00:00,12.4,94,0.2,2.3,342,0.7107390870623791,-2.1874299874788528
2016-02-25 02:00:00,12.2,94,0.3,1.8,349,0.34345619167778085,-1.7669289302057951
2016-02-25 03:00:00,12.7,95,0.0,2.1,329,1.0815799573111138,-1.800051331474436
2016-02-25 04:00:00,12.9,96,0.0,2.4,333,1.0895771993749124,-2.138415658052083
2016-02-25 05:00:00,13.0,96,0.2,1.6,333,0.726384799583275,-1.4256104387013886
2016-02-25 06:00:00,13.2,96,0.2,1.0,315,0.7071067811865476,-0.7071067811865475
2016-02-25 07:00:00,13.3,96,0.2,2.3,321,1.447436899414626,-1.7874357113510329
2016-02-25 08:00:00,14.3,93,0.1,3.3,311,2.4905416147351476,-2.1649947956686737
2016-02-25 09:00:00,15.2,91,0.3,4.3,318,2.8772616073430903,-3.195522749552795
2016-02-25 10:00:00,15.9,91,0.3,5.9,317,4.023790324368742,-4.314986839553106
2016-02-25 11:00:00,16.5,91,0.3,6.9,317,4.70578868443124,-5.046340541172277
2016-02-25 12:00:00,17.1,90,0.3,6.9,313,5.046340541172277,-4.70578868443124
2016-02-25 13:00:00,17.2,91,0.1,6.6,311,4.981083229470295,-4.329989591337347
2016-02-25 14:00:00,17.3,91,0.0,7.1,311,5.358438019581681,-4.658019105832602
2016-02-25 15:00:00,15.9,92,0.6,6.9,321,4.342310698243879,-5.3623071340531
2016-02-25 16:00:00,15.5,94,0.6,6.6,331,3.199743493625825,-5.772490067120011
2016-02-25 17:00:00,15.2,94,0.4,4.8,333,2.1791543987498248,-4.276831316104166
2016-02-25 18:00:00,14.9,95,0.0,3.6,323,2.1665340833473743,-2.875087836170254
2016-02-25 19:00:00,14.5,96,0.0,3.3,319,2.1649947956686737,-2.4905416147351476
2016-02-25 20:00:00,14.3,96,0.2,4.1,322,2.524212048835199,-3.23084408978756
2016-02-25 21:00:00,13.8,96,0.3,4.5,331,2.181643291108517,-3.935788682127281
2016-02-25 22:00:00,13.6,97,0.2,3.9,338,1.4609657143220567,-3.616017032810471
2016-02-25 23:00:00,13.2,97,0.2,2.7,337,1.0549740469210391,-2.485363104321589
2016-02-26 00:00:00,13.1,97,0.2,1.1,288,1.0461621679246689,-0.33991869381244216
2016-02-26 01:00:00,12.8,97,0.2,1.1,270,1.1,0.0
2016-02-26 02:00:00,13.0,97,0.2,1.6,297,1.4256104387013888,-0.7263847995832748
2016-02-26 03:00:00,13.3,96,0.2,2.8,320,1.7998053071223101,-2.1449244407331385
2016-02-26 04:00:00,13.1,97,0.0,2.9,353,0.3534210958749277,-2.8783838397598336
2016-02-26 05:00:00,13.3,97,0.1,3.2,360,1.9594348786357652e-16,-3.2
2016-02-26 06:00:00,13.1,96,0.0,3.2,360,1.9594348786357652e-16,-3.2
2016-02-26 07:00:00,13.0,97,0.1,4.1,345,1.061158084920335,-3.96029588778518
2016-02-26 08:00:00,14.2,92,0.0,6.0,343,1.7542302283364206,-5.737828535778212
2016-02-26 09:00:00,14.9,90,0.0,6.5,341,2.116193003971519,-6.145870741395559
2016-02-26 10:00:00,15.9,87,0.0,8.0,333,3.6319239979163744,-7.128052193506942
2016-02-26 11:00:00,16.4,86,0.0,9.3,324,5.46640284632,-7.523858047687012
2016-02-26 12:00:00,17.2,84,0.0,9.8,324,5.760295472466237,-7.9283665448744856
2016-02-26 13:00:00,17.1,83,0.0,10.0,319,6.560590289905073,-7.54709580222772
2016-02-26 14:00:00,17.2,83,0.0,9.4,320,6.04220353105347,-7.200817765318393
2016-02-26 15:00:00,17.8,86,0.2,9.7,318,6.490566881680924,-7.208504807130724
2016-02-26 16:00:00,17.5,87,0.0,10.0,322,6.156614753256583,-7.88010753606722
2016-02-26 17:00:00,16.7,88,0.2,8.9,328,4.716281451675524,-7.547628055792192
2016-02-26 18:00:00,15.5,91,0.0,6.9,321,4.342310698243879,-5.3623071340531
2016-02-26 19:00:00,14.9,93,0.0,6.8,335,2.873804179836756,-6.162892951849219
2016-02-26 20:00:00,14.4,94,0.0,6.7,344,1.8467702839738944,-6.440453362786736
2016-02-26 21:00:00,14.1,95,0.0,5.0,360,3.061616997868383e-16,-5.0
2016-02-26 22:00:00,13.4,96,0.0,3.6,360,2.2043642384652358e-16,-3.6
2016-02-26 23:00:00,13.7,94,0.0,3.6,360,2.2043642384652358e-16,-3.6
2016-02-27 00:00:00,13.9,93,0.0,3.9,22,-1.460965714322058,-3.6160170328104706
2016-02-27 01:00:00,13.9,92,0.0,4.6,45,-3.2526911934581193,-3.252691193458118
2016-02-27 02:00:00,14.1,91,0.0,3.6,53,-2.875087836170254,-2.1665340833473743
2016-02-27 03:00:00,14.4,88,0.0,3.5,24,-1.4235782507653003,-3.1974091017491033
2016-02-27 04:00:00,13.0,92,0.0,5.7,18,-1.7613968679372012,-5.421022142882375
2016-02-27 05:00:00,11.6,95,0.0,7.3,20,-2.49674704627738,-6.859756131737131
2016-02-27 06:00:00,11.4,96,0.0,9.2,26,-4.033014550459515,-8.268905225952334
2016-02-27 07:00:00,11.5,95,0.0,8.6,22,-3.2216167033768457,-7.97378114927437
2016-02-27 08:00:00,14.3,91,0.0,9.0,5,-0.7844016847289242,-8.96575228282571
2016-02-27 09:00:00,15.9,86,0.0,11.2,358,0.3908743630680121,-11.193177262613872
2016-02-27 10:00:00,16.7,85,0.0,11.9,358,0.41530401075976286,-11.89275084152724
2016-02-27 11:00:00,17.9,81,0.0,11.7,349,2.2324652459055754,-11.485038046337667
2016-02-27 12:00:00,18.4,81,0.0,11.1,347,2.4969567032169007,-10.81550771911611
2016-02-27 13:00:00,18.6,82,0.0,10.4,340,3.557009490586956,-9.772803256173447
2016-02-27 14:00:00,18.5,83,0.0,11.4,336,4.636797731064123,-10.41441821712565
2016-02-27 15:00:00,17.7,84,0.0,12.2,341,3.971931484377312,-11.535326622311663
2016-02-27 16:00:00,17.2,84,0.0,11.2,345,2.8987733051482323,-10.818369254437565
2016-02-27 17:00:00,16.4,85,0.0,10.8,345,2.795245687107224,-10.431998923921938
2016-02-27 18:00:00,15.1,89,0.0,8.7,353,1.060263287624783,-8.6351515192795
2016-02-27 19:00:00,14.0,92,0.0,11.2,4,-0.7812725059342065,-11.17271736291003
2016-02-27 20:00:00,13.2,95,0.0,10.9,6,-1.1393602496174215,-10.840288659514181
2016-02-27 21:00:00,13.3,92,0.0,9.3,16,-2.56342740909809,-8.939733772226367
2016-02-27 22:00:00,13.6,90,0.0,6.6,22,-2.472403516545021,-6.119413440140796
2016-02-27 23:00:00,13.6,89,0.0,4.7,23,-1.836436303899587,-4.326372811226469
2016-02-28 00:00:00,13.6,88,0.0,4.6,18,-1.4214781741247586,-4.3748599749577055
2016-02-28 01:00:00,13.8,86,0.0,5.0,21,-1.7918397477265036,-4.667902132486008
2016-02-28 02:00:00,13.8,85,0.0,4.6,39,-2.894873798829254,-3.5748714227020644
2016-02-28 03:00:00,14.1,83,0.0,4.1,45,-2.8991378028648453,-2.8991378028648445
2016-02-28 04:00:00,14.0,82,0.0,3.8,41,-2.4930243101639276,-2.8678964048465336
2016-02-28 05:00:00,14.1,81,0.0,3.8,41,-2.4930243101639276,-2.8678964048465336
2016-02-28 06:00:00,14.0,79,0.0,4.2,59,-3.600102662948872,-2.1631599146222276
2016-02-28 07:00:00,14.0,77,0.0,3.4,32,-1.801725498392897,-2.883363526931848
2016-02-28 08:00:00,15.6,79,0.0,3.6,6,-0.3763024677635521,-3.5802788233257843
2016-02-28 09:00:00,17.8,76,0.0,5.7,342,1.7613968679372005,-5.421022142882375
2016-02-28 10:00:00,18.9,75,0.0,6.8,328,3.603450996785793,-5.766727053863696
2016-02-28 11:00:00,19.9,74,0.0,7.1,319,4.658019105832602,-5.358438019581681
2016-02-28 12:00:00,20.5,74,0.0,7.6,315,5.374011537017761,-5.37401153701776
2016-02-28 13:00:00,20.7,74,0.0,8.4,317,5.728786224524987,-6.143371093601032
2016-02-28 14:00:00,20.7,74,0.0,9.2,321,5.789747597658504,-7.149742845404131
2016-02-28 15:00:00,21.1,77,0.0,9.6,326,5.368251873319169,-7.9587606965284
2016-02-28 16:00:00,20.5,79,0.0,9.1,326,5.088655421583796,-7.5442419102508795
2016-02-28 17:00:00,19.4,82,0.0,7.5,325,4.301823272632846,-6.143640332167439
2016-02-28 18:00:00,18.2,87,0.0,6.1,310,4.6728711030257655,-3.921004419087889
2016-02-28 19:00:00,17.0,92,0.0,3.1,315,2.1920310216782974,-2.192031021678297
2016-02-28 20:00:00,15.9,95,0.0,1.8,360,1.1021821192326179e-16,-1.8
2016-02-28 21:00:00,15.9,93,0.0,2.1,31,-1.0815799573111144,-1.8000513314744355
2016-02-28 22:00:00,16.2,91,0.0,1.8,37,-1.083267041673687,-1.437543918085127
2016-02-28 23:00:00,15.4,92,0.0,1.8,53,-1.437543918085127,-1.0832670416736871
2016-02-29 00:00:00,15.0,91,0.0,2.3,51,-1.7874357113510326,-1.4474368994146265
2016-02-29 01:00:00,15.7,88,0.0,2.9,30,-1.4500000000000013,-2.5114736709748713
2016-02-29 02:00:00,15.5,87,0.0,4.9,36,-2.880147736233119,-3.9641832724372423
2016-02-29 03:00:00,13.8,90,0.0,6.4,47,-4.6806636903626915,-4.364789504399989
2016-02-29 04:00:00,13.3,89,0.0,7.0,55,-5.7340643100229425,-4.015035054457323
2016-02-29 05:00:00,13.0,87,0.0,7.1,49,-5.358438019581682,-4.6580191058326
2016-02-29 06:00:00,13.2,84,0.0,7.2,37,-4.333068166694748,-5.750175672340508
2016-02-29 07:00:00,14.3,80,0.0,8.2,29,-3.975438886019962,-7.171881598543046
2016-02-29 08:00:00,14.8,87,0.0,9.0,2,-0.31409547032250684,-8.994517443171862
2016-02-29 09:00:00,17.7,77,0.0,10.9,354,1.1393602496174227,-10.84028865951418
2016-02-29 10:00:00,18.9,74,0.0,11.5,346,2.782101799396178,-11.15840085217396
2016-02-29 11:00:00,19.7,71,0.0,13.2,343,3.859306502340125,-12.623222778712067
2016-02-29 12:00:00,20.2,68,0.0,14.7,343,4.2978640594242306,-14.05767991265662
2016-02-29 13:00:00,20.1,66,0.0,16.3,346,3.943326898274583,-15.815820338298742
2016-02-29 14:00:00,19.8,64,0.0,17.3,348,3.596872251147239,-16.921953492694836
2016-02-29 15:00:00,19.5,63,0.0,17.2,350,2.986748655871203,-16.938693351809977
2016-02-29 16:00:00,18.3,67,0.0,15.7,349,2.995701227411755,-15.411546780128324
2016-02-29 17:00:00,17.0,71,0.0,12.2,346,2.9514471263159456,-11.837607860567156
2016-02-29 18:00:00,15.5,73,0.0,11.8,348,2.453357951649562,-11.542141688658907
2016-02-29 19:00:00,13.9,82,0.0,9.8,6,-1.024378940023003,-9.74631457460908
2016-02-29 20:00:00,14.1,73,0.0,6.6,13,-1.4846769586695105,-6.430842427582552
2016-02-29 21:00:00,13.6,74,0.0,5.5,11,-1.0494494745709955,-5.3989495089621515
2016-02-29 22:00:00,12.3,79,0.0,4.0,10,-0.6945927106677213,-3.939231012048832
2016-02-29 23:00:00,11.4,83,0.0,2.4,27,-1.0895771993749126,-2.138415658052083
2016-03-01 00:00:00,11.3,85,0.0,2.3,39,-1.447436899414627,-1.7874357113510322
2016-03-01 01:00:00,10.9,87,0.0,2.0,45,-1.4142135623730954,-1.414213562373095
2016-03-01 02:00:00,10.8,88,0.1,2.1,59,-1.800051331474436,-1.0815799573111138
2016-03-01 03:00:00,10.0,83,0.0,2.2,81,-2.1729143493093033,-0.3441558230885076
2016-03-01 04:00:00,9.8,83,0.0,2.3,72,-2.187429987478853,-0.7107390870623786
2016-03-01 05:00:00,9.6,82,0.0,2.5,82,-2.475670171853926,-0.3479327524001638
2016-03-01 06:00:00,9.4,82,0.0,1.8,90,-1.8,2.2043642384652358e-16
2016-03-01 07:00:00,9.3,84,0.0,1.1,72,-1.046162167924669,-0.33991869381244205
2016-03-01 08:00:00,12.1,87,0.0,1.8,307,1.437543918085127,-1.083267041673687
2016-03-01 09:00:00,14.6,76,0.0,5.0,300,4.330127018922194,-2.4999999999999996
2016-03-01 10:00:00,16.0,74,0.0,6.0,295,5.437846722219899,-2.5357095704441965
2016-03-01 11:00:00,17.2,73,0.0,8.2,299,7.171881598543044,-3.9754388860199636
2016-03-01 12:00:00,17.9,73,0.0,9.1,304,7.544241910250879,-5.0886554215837965
2016-03-01 13:00:00,18.0,73,0.0,9.0,307,7.187719590425635,-5.416335208368435
2016-03-01 14:00:00,18.1,72,0.0,8.9,313,6.509047944410617,-6.069785404556237
2016-03-01 15:00:00,18.2,67,0.0,9.4,317,6.410784584587486,-6.874724795220202
2016-03-01 16:00:00,17.5,68,0.0,9.3,324,5.46640284632,-7.523858047687012
2016-03-01 17:00:00,16.5,71,0.0,8.0,324,4.702282018339785,-6.47213595499958
2016-03-01 18:00:00,15.1,75,0.0,5.2,304,4.310995377286217,-2.907803098047884
2016-03-01 19:00:00,13.6,88,0.0,3.6,307,2.875087836170254,-2.166534083347374
2016-03-01 20:00:00,13.2,84,0.2,2.5,360,1.5308084989341916e-16,-2.5
2016-03-01 21:00:00,12.6,86,0.2,2.2,351,0.34415582308850806,-2.1729143493093033
2016-03-01 22:00:00,12.4,88,0.2,1.8,360,1.1021821192326179e-16,-1.8
2016-03-01 23:00:00,12.1,89,0.3,1.1,342,0.3399186938124422,-1.0461621679246689
2016-03-02 00:00:00,12.3,90,0.3,1.5,346,0.3628828433995015,-1.4554435894139948
2016-03-02 01:00:00,12.6,89,0.3,2.5,352,0.34793275240016364,-2.475670171853926
2016-03-02 02:00:00,12.8,88,0.2,2.7,23,-1.0549740469210394,-2.4853631043215887
2016-03-02 03:00:00,13.3,85,0.2,2.9,30,-1.4500000000000013,-2.5114736709748713
2016-03-02 04:00:00,13.2,86,0.2,3.2,27,-1.4527695991665501,-2.851220877402777
2016-03-02 05:00:00,13.1,87,0.2,3.1,21,-1.1109406435904323,-2.894099322141325
2016-03-02 06:00:00,13.0,87,0.1,1.4,360,8.572527594031472e-17,-1.4
2016-03-02 07:00:00,12.9,87,0.1,0.5,315,0.3535533905932738,-0.35355339059327373
2016-03-02 08:00:00,14.0,90,0.0,2.2,279,2.1729143493093033,-0.34415582308850795
2016-03-02 09:00:00,15.7,83,0.0,4.6,288,4.3748599749577055,-1.421478174124758
2016-03-02 10:00:00,16.9,81,0.0,6.7,286,6.440453362786736,-1.8467702839738944
2016-03-02 11:00:00,17.9,79,0.0,8.4,290,7.8934180146016315,-2.872969203935617
2016-03-02 12:00:00,18.5,78,0.0,9.6,290,9.02104915954472,-3.2833933759264196
2016-03-02 13:00:00,18.6,76,0.0,9.8,294,8.95274548489749,-3.9860191021428424
2016-03-02 14:00:00,18.6,76,0.0,9.7,301,8.31452281681049,-4.995869326627525
2016-03-02 15:00:00,18.2,72,0.0,9.0,307,7.187719590425635,-5.416335208368435
2016-03-02 16:00:00,17.6,72,0.0,8.4,310,6.4347733221994154,-5.39941592136693
2016-03-02 17:00:00,17.0,74,0.0,6.9,313,5.046340541172277,-4.70578868443124
2016-03-02 18:00:00,15.9,78,0.0,6.4,308,5.043268823083021,-3.9402334420842133
2016-03-02 19:00:00,14.5,87,0.0,4.6,321,2.894873798829252,-3.5748714227020657
2016-03-02 20:00:00,14.6,83,0.0,2.5,352,0.34793275240016364,-2.475670171853926
2016-03-02 21:00:00,14.4,84,0.0,2.2,9,-0.3441558230885083,-2.172914349309303
2016-03-02 22:00:00,14.2,84,0.0,1.3,34,-0.7269507745119705,-1.0777488443215544
2016-03-02 23:00:00,14.0,84,0.1,1.1,18,-0.33991869381244233,-1.0461621679246689
2016-03-03 00:00:00,13.8,84,0.0,1.8,53,-1.437543918085127,-1.0832670416736871
2016-03-03 01:00:00,13.9,83,0.0,1.3,56,-1.0777488443215544,-0.7269507745119708
2016-03-03 02:00:00,13.6,83,0.0,1.1,18,-0.33991869381244233,-1.0461621679246689
2016-03-03 03:00:00,14.0,79,0.0,1.1,18,-0.33991869381244233,-1.0461621679246689
2016-03-03 04:00:00,13.9,79,0.0,1.8,11,-0.3434561916777803,-1.7669289302057951
2016-03-03 05:00:00,13.4,81,0.0,2.2,9,-0.3441558230885083,-2.172914349309303
2016-03-03 06:00:00,13.0,81,0.0,2.1,31,-1.0815799573111144,-1.8000513314744355
2016-03-03 07:00:00,12.1,83,0.0,2.3,51,-1.7874357113510326,-1.4474368994146265
2016-03-03 08:00:00,13.4,90,0.0,1.9,22,-0.7117525274902333,-1.7616493236768958
2016-03-03 09:00:00,16.7,77,0.0,4.1,322,2.524212048835199,-3.23084408978756
2016-03-03 10:00:00,18.0,72,0.0,5.6,310,4.289848881466277,-3.5996106142446194
2016-03-03 11:00:00,19.0,66,0.0,7.4,309,5.750880114781585,-4.656970893768797
2016-03-03 12:00:00,19.8,61,0.0,9.2,309,7.149742845404131,-5.789747597658503
2016-03-03 13:00:00,20.0,60,0.0,11.0,308,8.668118289673941,-6.772276228582241
2016-03-03 14:00:00,20.1,60,0.0,11.5,316,7.988571260278468,-8.272407703894487
2016-03-03 15:00:00,19.6,64,0.0,10.0,322,6.156614753256583,-7.88010753606722
2016-03-03 16:00:00,19.1,65,0.0,8.9,328,4.716281451675524,-7.547628055792192
2016-03-03 17:00:00,18.2,69,0.0,7.2,333,3.268731598124737,-6.415246974156248
2016-03-03 18:00:00,17.0,73,0.0,6.1,332,2.863776532993934,-5.385980316439453
2016-03-03 19:00:00,15.5,81,0.0,5.2,25,-2.197614961051636,-4.71280049259058
2016-03-03 20:00:00,15.6,77,0.0,3.4,58,-2.8833635269318485,-1.8017254983928963
2016-03-03 21:00:00,15.4,78,0.0,4.0,63,-3.5640260967534716,-1.8159619989581868
2016-03-03 22:00:00,14.8,79,0.0,4.3,66,-3.9282454678631837,-1.7489675652259409
2016-03-03 23:00:00,14.4,79,0.0,4.6,72,-4.374859974957706,-1.4214781741247573
2016-03-04 00:00:00,13.7,80,0.0,3.8,73,-3.6339580726595346,-1.1110124779463997
2016-03-04 01:00:00,14.2,77,0.0,2.6,56,-2.1554976886431088,-1.4539015490239415
2016-03-04 02:00:00,12.5,82,0.0,3.5,66,-3.197409101749103,-1.4235782507653008
2016-03-04 03:00:00,12.7,84,0.0,3.7,61,-3.236092916415765,-1.7937955949114468
2016-03-04 04:00:00,12.9,84,0.0,3.7,61,-3.236092916415765,-1.7937955949114468
2016-03-04 05:00:00,12.8,82,0.0,3.6,53,-2.875087836170254,-2.1665340833473743
2016-03-04 06:00:00,13.0,80,0.0,4.9,54,-3.964183272437243,-2.880147736233118
2016-03-04 07:00:00,13.4,77,0.0,4.7,58,-3.9858260519352027,-2.4906205418960625
2016-03-04 08:00:00,16.8,69,0.0,4.1,52,-3.23084408978756,-2.5242120488351985
2016-03-04 09:00:00,18.9,64,0.0,4.7,356,0.3278554265973886,-4.688551036221174
2016-03-04 10:00:00,20.0,64,0.0,5.9,346,1.4273391840380394,-5.7247447850283795
2016-03-04 11:00:00,21.1,62,0.0,7.1,336,2.8878301658381815,-6.486172749262466
2016-03-04 12:00:00,22.1,60,0.0,8.0,333,3.6319239979163744,-7.128052193506942
2016-03-04 13:00:00,22.5,60,0.0,8.4,340,2.872969203935618,-7.893418014601631
2016-03-04 14:00:00,22.5,61,0.0,8.2,345,2.12231616984067,-7.92059177557036
2016-03-04 15:00:00,21.9,65,0.0,8.2,345,2.12231616984067,-7.92059177557036
2016-03-04 16:00:00,21.3,68,0.0,8.0,342,2.4721359549995796,-7.608452130361228
2016-03-04 17:00:00,20.4,73,0.0,6.0,343,1.7542302283364206,-5.737828535778212
2016-03-04 18:00:00,19.1,82,0.0,6.9,351,1.0793978087775935,-6.815049550106451
2016-03-04 19:00:00,18.8,78,0.0,5.9,38,-3.632402704421383,-4.649263446279661
2016-03-04 20:00:00,18.1,79,0.0,4.7,67,-4.32637281122647,-1.8364363038995857
2016-03-04 21:00:00,17.5,80,0.0,4.3,66,-3.9282454678631837,-1.7489675652259409
2016-03-04 22:00:00,17.2,80,0.0,3.4,58,-2.8833635269318485,-1.8017254983928963
2016-03-04 23:00:00,16.1,82,0.0,2.8,50,-2.1449244407331385,-1.7998053071223097
2016-03-05 00:00:00,15.6,82,0.0,2.9,60,-2.5114736709748717,-1.4500000000000002
2016-03-05 01:00:00,15.0,82,0.0,2.9,60,-2.5114736709748717,-1.4500000000000002
2016-03-05 02:00:00,14.7,82,0.0,3.1,54,-2.5079526825623377,-1.8221342821066664
2016-03-05 03:00:00,13.4,84,0.0,3.4,58,-2.8833635269318485,-1.8017254983928963
2016-03-05 04:00:00,13.1,83,0.0,3.4,58,-2.8833635269318485,-1.8017254983928963
2016-03-05 05:00:00,13.4,80,0.0,3.6,53,-2.875087836170254,-2.1665340833473743
2016-03-05 06:00:00,13.6,78,0.0,6.0,57,-5.032023407672544,-3.2678342100901627
2016-03-05 07:00:00,13.4,79,0.0,5.1,51,-3.9634444034305507,-3.2095339943541714
2016-03-05 08:00:00,16.8,85,0.0,6.7,54,-5.420413862312149,-3.9381611903595695
2016-03-05 09:00:00,21.1,67,0.0,6.9,9,-1.0793978087775942,-6.81504955010645
2016-03-05 10:00:00,22.5,66,0.0,8.4,353,1.023702484603239,-8.337387673787106
2016-03-05 11:00:00,23.5,63,0.0,10.0,347,2.249510543438649,-9.743700647852352
2016-03-05 12:00:00,24.0,64,0.0,11.3,343,3.303800263366926,-10.806243742382302
2016-03-05 13:00:00,24.1,64,0.0,11.8,340,4.035837691242892,-11.088372925273719
2016-03-05 14:00:00,23.5,66,0.0,11.3,338,4.233054505599806,-10.4771775566047
2016-03-05 15:00:00,23.1,68,0.0,9.2,334,4.033014550459512,-8.268905225952336
2016-03-05 16:00:00,22.2,73,0.0,7.2,323,4.333068166694749,-5.750175672340508
2016-03-05 17:00:00,21.4,77,0.0,4.8,318,3.2118269105225195,-3.5670951622914924
2016-03-05 18:00:00,20.0,88,0.0,5.2,335,2.197614961051637,-4.7128004925905795
2016-03-05 19:00:00,19.6,85,0.0,3.1,36,-1.822134282106667,-2.507952682562337
2016-03-05 20:00:00,18.9,86,0.0,3.7,79,-3.632020578756357,-0.7059932828932155
2016-03-05 21:00:00,19.0,84,0.0,0.5,45,-0.35355339059327384,-0.35355339059327373
2016-03-05 22:00:00,18.5,84,0.0,0.5,45,-0.35355339059327384,-0.35355339059327373
2016-03-05 23:00:00,18.1,83,0.0,1.5,104,-1.4554435894139948,0.3628828433995016
2016-03-06 00:00:00,17.7,83,0.0,1.8,90,-1.8,2.2043642384652358e-16
2016-03-06 01:00:00,16.4,85,0.0,1.3,34,-0.7269507745119705,-1.0777488443215544
2016-03-06 02:00:00,16.5,83,0.0,1.8,11,-0.3434561916777803,-1.7669289302057951
2016-03-06 03:00:00,16.4,79,0.0,2.1,31,-1.0815799573111144,-1.8000513314744355
2016-03-06 04:00:00,17.2,74,0.0,2.7,67,-2.485363104321589,-1.0549740469210387
2016-03-06 05:00:00,16.8,74,0.0,3.9,68,-3.616017032810471,-1.460965714322057
2016-03-06 06:00:00,17.4,70,0.0,3.1,69,-2.8940993221413254,-1.1109406435904314
2016-03-06 07:00:00,17.2,70,0.0,2.5,45,-1.7677669529663693,-1.7677669529663687
2016-03-06 08:00:00,17.4,86,0.0,3.2,27,-1.4527695991665501,-2.851220877402777
2016-03-06 09:00:00,20.8,69,0.0,5.2,344,1.4333142502483958,-4.998560818879258
2016-03-06 10:00:00,22.0,69,0.0,6.6,338,2.4724035165450187,-6.1194134401407965
2016-03-06 11:00:00,23.1,67,0.0,8.9,328,4.716281451675524,-7.547628055792192
2016-03-06 12:00:00,23.5,67,0.0,10.9,333,4.948496447161061,-9.71197111365321
2016-03-06 13:00:00,23.6,67,0.0,11.3,338,4.233054505599806,-10.4771775566047
2016-03-06 14:00:00,23.2,68,0.0,10.5,344,2.8941922360784913,-10.093247807352348
2016-03-06 15:00:00,23.3,69,0.0,8.9,346,2.1531048708370424,-8.635631963856369
2016-03-06 16:00:00,23.3,69,0.0,7.8,338,2.9219314286441134,-7.232034065620942
2016-03-06 17:00:00,22.6,72,0.0,6.9,332,3.239353783222647,-6.092338390726596
2016-03-06 18:00:00,21.0,78,0.0,6.3,329,3.244739871933341,-5.400153994423308
2016-03-06 19:00:00,18.9,89,0.0,4.2,31,-2.163159914622229,-3.600102662948871
2016-03-06 20:00:00,17.8,88,0.0,3.6,53,-2.875087836170254,-2.1665340833473743
2016-03-06 21:00:00,17.3,87,0.0,3.4,58,-2.8833635269318485,-1.8017254983928963
2016-03-06 22:00:00,17.0,86,0.0,2.7,67,-2.485363104321589,-1.0549740469210387
2016-03-06 23:00:00,16.5,85,0.0,2.9,60,-2.5114736709748717,-1.4500000000000002
2016-03-07 00:00:00,16.7,82,0.0,2.8,50,-2.1449244407331385,-1.7998053071223097
2016-03-07 01:00:00,17.1,79,0.0,2.4,63,-2.138415658052083,-1.089577199374912
2016-03-07 02:00:00,16.3,80,0.0,2.4,63,-2.138415658052083,-1.089577199374912
2016-03-07 03:00:00,15.1,78,0.0,3.1,69,-2.8940993221413254,-1.1109406435904314
2016-03-07 04:00:00,15.0,77,0.0,3.1,69,-2.8940993221413254,-1.1109406435904314
2016-03-07 05:00:00,14.7,76,0.0,2.1,59,-1.800051331474436,-1.0815799573111138
2016-03-07 06:00:00,14.4,76,0.0,2.9,83,-2.878383839759834,-0.3534210958749272
2016-03-07 07:00:00,14.7,76,0.0,2.0,45,-1.4142135623730954,-1.414213562373095
2016-03-07 08:00:00,17.6,84,0.0,1.0,45,-0.7071067811865477,-0.7071067811865475
2016-03-07 09:00:00,20.9,67,0.0,3.1,291,2.8940993221413254,-1.1109406435904308
2016-03-07 10:00:00,22.0,69,0.0,5.0,270,5.0,0.0
2016-03-07 11:00:00,23.1,68,0.0,6.5,264,6.4643923198937765,0.6794350112397476
2016-03-07 12:00:00,23.7,69,0.0,7.6,262,7.5260373224359345,1.0577155672964973
2016-03-07 13:00:00,23.7,71,0.0,9.4,266,9.377102072442348,0.6557108531947778
2016-03-07 14:00:00,23.6,73,0.4,9.0,270,9.0,0.0
2016-03-07 15:00:00,22.8,75,0.3,8.1,283,7.892397524760405,-1.8221035401853065
2016-03-07 16:00:00,22.3,78,0.0,6.4,286,6.1520748540052415,-1.7640790772287946
2016-03-07 17:00:00,21.5,81,0.0,5.2,295,4.7128004925905795,-2.197614961051637
2016-03-07 18:00:00,20.5,86,0.0,5.2,295,4.7128004925905795,-2.197614961051637
2016-03-07 19:00:00,19.0,92,0.0,2.2,351,0.34415582308850806,-2.1729143493093033
2016-03-07 20:00:00,18.6,94,0.0,3.1,69,-2.8940993221413254,-1.1109406435904314
2016-03-07 21:00:00,17.1,94,0.0,2.3,72,-2.187429987478853,-0.7107390870623786
2016-03-07 22:00:00,16.7,92,0.0,2.2,90,-2.2,2.6942229581241775e-16
2016-03-07 23:00:00,16.7,89,0.0,1.3,56,-1.0777488443215544,-0.7269507745119708
2016-03-08 00:00:00,15.6,89,0.0,2.0,45,-1.4142135623730954,-1.414213562373095
2016-03-08 01:00:00,15.3,87,0.0,2.8,50,-2.1449244407331385,-1.7998053071223097
2016-03-08 02:00:00,14.8,86,0.0,4.1,75,-3.96029588778518,-1.0611580849203353
2016-03-08 03:00:00,15.3,81,0.0,2.9,60,-2.5114736709748717,-1.4500000000000002
2016-03-08 04:00:00,15.5,79,0.0,2.3,39,-1.447436899414627,-1.7874357113510322
2016-03-08 05:00:00,15.9,76,0.0,1.8,37,-1.083267041673687,-1.437543918085127
2016-03-08 06:00:00,15.7,76,0.0,5.9,76,-5.7247447850283795,-1.4273391840380383
2016-03-08 07:00:00,16.3,74,0.0,2.9,83,-2.878383839759834,-0.3534210958749272
2016-03-08 08:00:00,18.3,85,0.0,1.6,117,-1.4256104387013886,0.7263847995832751
2016-03-08 09:00:00,21.4,70,0.0,3.3,229,2.4905416147351476,2.1649947956686737
2016-03-08 10:00:00,22.5,70,0.0,6.3,239,5.400153994423308,3.244739871933341
2016-03-08 11:00:00,23.3,71,0.0,9.2,228,6.836932394392027,6.156001578501495
2016-03-08 12:00:00,23.9,71,0.0,10.2,212,5.40517649517869,8.650090580795544
2016-03-08 13:00:00,24.6,68,0.0,11.3,211,5.8199302464836125,9.68599049793387
2016-03-08 14:00:00,25.1,66,0.0,12.1,207,5.493285046848516,10.781178942679249
2016-03-08 15:00:00,25.5,65,0.0,11.8,207,5.357087896926653,10.51387698542274
2016-03-08 16:00:00,25.3,67,0.0,10.6,215,6.079910225321089,8.683011669463312
2016-03-08 17:00:00,24.3,71,0.0,7.7,221,5.051654523226906,5.811263767715345
2016-03-08 18:00:00,23.0,80,0.0,6.4,196,1.7640790772287946,6.1520748540052415
2016-03-08 19:00:00,22.4,78,0.0,5.9,169,-1.1257730727216144,5.791600382341218
2016-03-08 20:00:00,21.5,81,0.0,4.3,156,-1.748967565225941,3.9282454678631837
2016-03-08 21:00:00,20.8,83,0.0,4.2,149,-2.163159914622228,3.600102662948872
2016-03-08 22:00:00,18.4,88,0.0,5.8,150,-2.8999999999999986,5.022947341949744
2016-03-08 23:00:00,18.3,86,0.0,7.5,145,-4.301823272632846,6.143640332167438
2016-03-09 00:00:00,18.3,84,0.0,6.0,147,-3.2678342100901627,5.032023407672543
2016-03-09 01:00:00,17.1,84,0.0,5.5,148,-2.914555953282626,4.664264528860343
2016-03-09 02:00:00,17.2,81,0.0,5.7,145,-3.269385687200963,4.669166652447252
2016-03-09 03:00:00,15.0,86,0.0,5.9,142,-3.6324027044213842,4.64926344627966
2016-03-09 04:00:00,15.0,86,0.0,6.6,131,-4.981083229470295,4.329989591337347
2016-03-09 05:00:00,14.6,88,0.2,5.8,120,-5.022947341949744,2.8999999999999995
2016-03-09 06:00:00,14.4,88,0.0,5.8,112,-5.377666356487366,2.172718241812291
2016-03-09 07:00:00,14.9,89,0.0,4.2,121,-3.6001026629488715,2.1631599146222285
2016-03-09 08:00:00,18.8,85,0.0,1.3,146,-0.7269507745119708,1.0777488443215544
2016-03-09 09:00:00,23.2,62,0.0,2.3,309,1.7874357113510329,-1.4474368994146258
2016-03-09 10:00:00,24.2,56,0.0,1.6,27,-0.7263847995832751,-1.4256104387013886
2016-03-09 11:00:00,23.8,61,0.0,2.3,321,1.447436899414626,-1.7874357113510329
2016-03-09 12:00:00,23.1,69,0.1,5.0,300,4.330127018922194,-2.4999999999999996
2016-03-09 13:00:00,22.9,73,0.0,5.4,307,4.312631754255381,-3.2498011250210608
2016-03-09 14:00:00,22.2,77,0.0,5.4,307,4.312631754255381,-3.2498011250210608
2016-03-09 15:00:00,22.7,73,0.0,7.4,309,5.750880114781585,-4.656970893768797
2016-03-09 16:00:00,21.4,78,0.0,8.4,317,5.728786224524987,-6.143371093601032
2016-03-09 17:00:00,20.1,82,0.0,8.0,324,4.702282018339785,-6.47213595499958
2016-03-09 18:00:00,18.3,89,0.1,8.1,339,2.902780391316933,-7.5620014546273335
2016-03-09 19:00:00,17.5,92,0.0,4.9,17,-1.4326213531414118,-4.685893304218873
2016-03-09 20:00:00,16.9,95,0.0,3.1,339,1.1109406435904312,-2.8940993221413254
2016-03-09 21:00:00,15.6,97,0.0,2.8,320,1.7998053071223101,-2.1449244407331385
2016-03-09 22:00:00,15.1,98,0.3,6.1,320,3.92100441908789,-4.6728711030257655
2016-03-09 23:00:00,15.7,97,0.7000000000000001,6.8,357,0.35588450245201897,-6.790680836331102
2016-03-10 00:00:00,15.9,96,1.0,7.2,6,-0.7526049355271042,-7.160557646651569
2016-03-10 01:00:00,15.9,96,1.0,7.4,14,-1.7902220274375418,-7.180188374442374
2016-03-10 02:00:00,16.1,95,0.9,5.7,18,-1.7613968679372012,-5.421022142882375
2016-03-10 03:00:00,16.0,93,0.8,4.5,14,-1.088648530198505,-4.366330768241984
2016-03-10 04:00:00,15.9,93,0.6,5.2,12,-1.0811407922523508,-5.086367523815789
2016-03-10 05:00:00,15.6,94,0.3,7.3,11,-1.3929056662487755,-7.165878439167947
2016-03-10 06:00:00,15.3,94,0.1,6.4,27,-2.9055391983331003,-5.702441754805554
2016-03-10 07:00:00,15.1,96,0.0,7.6,355,0.6623836448822018,-7.571079705497266
2016-03-10 08:00:00,16.4,91,0.0,9.0,358,0.31409547032250973,-8.994517443171862
2016-03-10 09:00:00,17.5,88,0.0,10.0,347,2.249510543438649,-9.743700647852352
2016-03-10 10:00:00,18.4,86,0.0,9.9,341,3.223124729125852,-9.360633898433235
2016-03-10 11:00:00,19.0,82,0.1,8.4,335,3.5499933986218752,-7.61298541110786
2016-03-10 12:00:00,18.6,83,0.8,8.9,328,4.716281451675524,-7.547628055792192
2016-03-10 13:00:00,18.3,86,0.7000000000000001,10.0,334,4.383711467890775,-8.98794046299167
2016-03-10 14:00:00,17.1,89,0.9,11.4,336,4.636797731064123,-10.41441821712565
2016-03-10 15:00:00,14.7,93,1.0,14.5,337,5.665601363094469,-13.347320375060386
2016-03-10 16:00:00,13.0,97,0.7000000000000001,14.9,352,2.0736792043049754,-14.7549942242494
2016-03-10 17:00:00,12.7,96,0.4,13.4,354,1.4006814077865564,-13.326593397934863
2016-03-10 18:00:00,12.0,96,0.7000000000000001,14.8,346,3.5804440548750818,-14.360376748884748
2016-03-10 19:00:00,11.5,94,0.7000000000000001,13.3,2,-0.4641633061432601,-13.291897999353974
2016-03-10 20:00:00,11.7,92,0.4,11.2,2,-0.3908743630680085,-11.193177262613872
2016-03-10 21:00:00,12.0,91,0.6,10.5,356,0.732442974313315,-10.474422527728153
2016-03-10 22:00:00,12.1,91,0.3,10.1,356,0.7045403848156648,-10.075396907624224
2016-03-10 23:00:00,11.9,92,0.4,10.7,346,2.588564282916444,-10.382164271153162
2016-03-11 00:00:00,11.6,92,0.8,11.2,358,0.3908743630680121,-11.193177262613872
2016-03-11 01:00:00,11.4,92,1.0,12.1,350,2.101142949769858,-11.916173811447717
2016-03-11 02:00:00,11.9,93,1.1,10.8,2,-0.37691456438700827,-10.793420931806235
2016-03-11 03:00:00,11.9,90,0.9,9.0,358,0.31409547032250973,-8.994517443171862
2016-03-11 04:00:00,11.6,91,0.9,9.4,356,0.6557108531947772,-9.377102072442348
2016-03-11 05:00:00,11.5,91,1.0,8.3,360,5.082284216461516e-16,-8.3
2016-03-11 06:00:00,11.5,92,0.8,9.6,340,3.2833933759264204,-9.02104915954472
2016-03-11 07:00:00,11.5,92,1.4,8.7,353,1.060263287624783,-8.6351515192795
2016-03-11 08:00:00,12.0,89,1.4,8.7,355,0.7582549619046257,-8.666893873398186
2016-03-11 09:00:00,12.9,88,1.4,8.3,355,0.7233926648055626,-8.268415994161488
2016-03-11 10:00:00,14.4,85,0.3,8.6,345,2.2258437878816784,-8.306962106085987
2016-03-11 11:00:00,14.4,86,0.4,9.6,340,3.2833933759264204,-9.02104915954472
2016-03-11 12:00:00,14.8,85,0.4,10.6,332,4.976398565530443,-9.359244484304625
2016-03-11 13:00:00,14.4,87,0.8,11.9,335,5.029157314714324,-10.785062665736135
2016-03-11 14:00:00,13.7,90,1.0,11.3,338,4.233054505599806,-10.4771775566047
2016-03-11 15:00:00,13.9,88,1.0,10.8,339,3.870373855089244,-10.08266860616978
2016-03-11 16:00:00,13.2,92,0.8,10.2,337,3.985457510590592,-9.389149505214892
2016-03-11 17:00:00,12.7,93,0.1,9.6,340,3.2833933759264204,-9.02104915954472
2016-03-11 18:00:00,12.4,94,0.0,7.8,347,1.7546182238821464,-7.6000865053248345
2016-03-11 19:00:00,12.3,94,0.0,7.2,342,2.224922359499622,-6.8476069173251055
2016-03-11 20:00:00,12.3,94,0.1,7.1,345,1.8376152202278973,-6.858073366652385
2016-03-11 21:00:00,12.3,95,0.4,6.7,344,1.8467702839738944,-6.440453362786736
2016-03-11 22:00:00,12.2,96,0.5,5.4,352,0.7515347451843536,-5.34744757120448
2016-03-11 23:00:00,12.2,97,0.8,3.8,343,1.1110124779463997,-3.6339580726595346
2016-03-12 00:00:00,12.4,96,0.2,2.5,352,0.34793275240016364,-2.475670171853926
2016-03-12 01:00:00,12.5,97,0.2,2.6,326,1.4539015490239418,-2.1554976886431088
2016-03-12 02:00:00,12.7,96,0.2,2.6,326,1.4539015490239418,-2.1554976886431088
2016-03-12 03:00:00,12.7,95,0.0,2.3,342,0.7107390870623791,-2.1874299874788528
2016-03-12 04:00:00,12.7,96,0.0,2.1,329,1.0815799573111138,-1.800051331474436
2016-03-12 05:00:00,12.7,96,0.0,2.7,337,1.0549740469210391,-2.485363104321589
2016-03-12 06:00:00,12.3,96,0.0,1.5,315,1.0606601717798214,-1.0606601717798212
2016-03-12 07:00:00,12.8,96,0.0,1.8,323,1.0832670416736871,-1.437543918085127
2016-03-12 08:00:00,14.5,90,0.0,2.8,320,1.7998053071223101,-2.1449244407331385
2016-03-12 09:00:00,15.5,87,0.0,4.6,315,3.2526911934581184,-3.252691193458118
2016-03-12 10:00:00,16.3,86,0.0,5.1,309,3.963444403430551,-3.2095339943541705
2016-03-12 11:00:00,17.4,84,0.0,6.6,311,4.981083229470295,-4.329989591337347
2016-03-12 12:00:00,18.1,82,0.0,7.0,305,5.7340643100229425,-4.015035054457322
2016-03-12 13:00:00,19.1,80,0.0,7.2,297,6.415246974156249,-3.2687315981247367
2016-03-12 14:00:00,19.5,80,0.0,6.9,298,6.092338390726597,-3.2393537832226467
2016-03-12 15:00:00,19.7,82,0.0,7.6,295,6.887939181478539,-3.211898789229316
2016-03-12 16:00:00,19.6,82,0.0,9.3,298,8.211412613588022,-4.366085533908785
2016-03-12 17:00:00,18.1,84,0.1,9.5,307,7.587037345449282,-5.717242719944458
2016-03-12 18:00:00,16.4,89,0.3,4.7,337,1.8364363038995866,-4.32637281122647
2016-03-12 19:00:00,15.4,95,0.0,5.7,342,1.7613968679372005,-5.421022142882375
2016-03-12 20:00:00,15.3,96,0.2,6.1,28,-2.8637765329939335,-5.385980316439454
2016-03-12 21:00:00,14.8,97,0.0,5.7,35,-3.2693856872009643,-4.669166652447252
2016-03-12 22:00:00,14.7,95,0.3,3.9,34,-2.1808523235359116,-3.233246532964663
2016-03-12 23:00:00,15.2,92,0.0,3.6,37,-2.166534083347374,-2.875087836170254
2016-03-13 00:00:00,15.2,92,0.0,3.8,41,-2.4930243101639276,-2.8678964048465336
2016-03-13 01:00:00,15.5,90,0.0,3.9,34,-2.1808523235359116,-3.233246532964663
2016-03-13 02:00:00,15.4,88,0.0,3.1,36,-1.822134282106667,-2.507952682562337
2016-03-13 03:00:00,14.2,87,0.0,2.6,16,-0.7166571251241971,-2.4992804094396295
2016-03-13 04:00:00,15.8,79,0.0,2.5,8,-0.3479327524001646,-2.475670171853926
2016-03-13 05:00:00,16.3,78,0.0,2.6,16,-0.7166571251241971,-2.4992804094396295
2016-03-13 06:00:00,15.9,81,0.0,4.7,81,-4.6421352007971475,-0.7352419856890845
2016-03-13 07:00:00,15.6,84,0.0,3.1,21,-1.1109406435904323,-2.894099322141325
2016-03-13 08:00:00,16.3,91,0.2,3.4,32,-1.801725498392897,-2.883363526931848
2016-03-13 09:00:00,17.3,90,0.6,3.8,343,1.1110124779463997,-3.6339580726595346
2016-03-13 10:00:00,17.7,90,1.6,3.3,347,0.7423384793347542,-3.2154212137912763
2016-03-13 11:00:00,18.5,89,1.9,2.3,342,0.7107390870623791,-2.1874299874788528
2016-03-13 12:00:00,19.3,89,2.3,5.4,270,5.4,0.0
2016-03-13 13:00:00,19.1,92,2.6,4.7,238,3.9858260519352022,2.490620541896063
2016-03-13 14:00:00,18.5,96,3.5,6.6,229,4.981083229470295,4.329989591337347
2016-03-13 15:00:00,21.6,88,0.9,7.5,253,7.172285669722766,2.192787785420526
2016-03-13 16:00:00,21.1,90,1.4,5.6,225,3.9597979746446663,3.9597979746446654
2016-03-13 17:00:00,20.6,92,2.0,4.4,235,3.604268994871564,2.523736319944603
2016-03-13 18:00:00,19.1,98,2.6,3.7,191,0.7059932828932162,3.632020578756357
2016-03-13 19:00:00,18.6,97,3.1,5.2,196,1.4333142502483958,4.998560818879258
2016-03-13 20:00:00,18.5,97,3.1,3.7,209,1.7937955949114475,3.2360929164157644
2016-03-13 21:00:00,18.4,96,3.5,7.8,304,6.466493065929325,-4.361704647071826
2016-03-13 22:00:00,16.9,98,5.2,9.9,341,3.223124729125852,-9.360633898433235
2016-03-13 23:00:00,16.2,98,5.0,8.7,5,-0.7582549619046267,-8.666893873398186
2016-03-14 00:00:00,15.4,98,6.8,7.2,27,-3.268731598124738,-6.415246974156248
2016-03-14 01:00:00,15.4,96,4.9,4.8,48,-3.5670951622914924,-3.2118269105225195
2016-03-14 02:00:00,15.8,95,2.7,3.4,18,-1.0506577808748216,-3.233592155403522
2016-03-14 03:00:00,15.7,96,1.4,6.9,354,0.7212463965468089,-6.862201078041086
2016-03-14 04:00:00,15.0,97,0.5,9.8,17,-2.8652427062828236,-9.371786608437747
2016-03-14 05:00:00,14.9,96,0.3,7.7,28,-3.614931033451359,-6.798696465013738
2016-03-14 06:00:00,15.0,96,0.6,6.5,19,-2.116193003971518,-6.1458707413955596
2016-03-14 07:00:00,15.4,95,0.8,7.9,3,-0.41345405431926,-7.889173324561134
2016-03-14 08:00:00,16.0,91,0.2,7.9,357,0.41345405431925736,-7.889173324561134
2016-03-14 09:00:00,16.5,89,0.0,12.1,343,3.5376976271451146,-11.571287547152728
2016-03-14 10:00:00,17.5,86,0.0,12.5,342,3.862712429686843,-11.888206453689419
2016-03-14 11:00:00,17.9,83,0.0,12.4,338,4.645121758357308,-11.497079796628164
2016-03-14 12:00:00,18.2,81,0.0,12.6,333,5.72028029671829,-11.226682204773434
2016-03-14 13:00:00,17.9,80,0.0,12.2,336,4.962187045524762,-11.14525458323973
2016-03-14 14:00:00,16.9,81,0.0,11.2,339,4.013721034907364,-10.45610077676866
2016-03-14 15:00:00,16.6,78,0.0,10.6,342,3.275580140374443,-10.081199072728626
2016-03-14 16:00:00,16.5,79,0.0,9.0,337,3.5165801564034633,-8.284543681071963
2016-03-14 17:00:00,16.2,80,0.0,8.2,331,3.975438886019964,-7.171881598543044
2016-03-14 18:00:00,15.6,82,0.0,7.7,319,5.051654523226906,-5.811263767715345
2016-03-14 19:00:00,15.3,83,0.4,6.4,322,3.9402334420842133,-5.043268823083022
2016-03-14 20:00:00,15.0,86,0.5,5.2,326,2.9078030980478835,-4.3109953772862175
2016-03-14 21:00:00,14.8,88,0.4,4.5,331,2.181643291108517,-3.935788682127281
2016-03-14 22:00:00,14.7,89,0.8,3.9,326,2.1808523235359125,-3.233246532964663
2016-03-14 23:00:00,14.6,92,0.8,3.9,326,2.1808523235359125,-3.233246532964663
2016-03-15 00:00:00,14.5,93,0.8,3.4,328,1.8017254983928965,-2.883363526931848
2016-03-15 01:00:00,14.3,96,0.6,2.8,320,1.7998053071223101,-2.1449244407331385
2016-03-15 02:00:00,14.5,96,0.6,3.6,315,2.5455844122715714,-2.545584412271571
2016-03-15 03:00:00,14.4,94,0.3,3.9,326,2.1808523235359125,-3.233246532964663
2016-03-15 04:00:00,14.3,95,0.1,4.2,329,2.1631599146222276,-3.600102662948872
2016-03-15 05:00:00,14.5,94,0.3,3.3,319,2.1649947956686737,-2.4905416147351476
2016-03-15 06:00:00,14.3,96,0.2,2.5,278,2.475670171853926,-0.3479327524001636
2016-03-15 07:00:00,14.4,97,0.1,3.8,287,3.6339580726595346,-1.1110124779463997
2016-03-15 08:00:00,15.4,91,0.2,4.7,293,4.32637281122647,-1.8364363038995868
2016-03-15 09:00:00,15.5,91,0.2,4.7,293,4.32637281122647,-1.8364363038995868
2016-03-15 10:00:00,15.9,91,0.2,4.3,294,3.9282454678631837,-1.7489675652259409
2016-03-15 11:00:00,15.9,92,0.5,5.0,291,4.667902132486009,-1.7918397477265013
2016-03-15 12:00:00,16.0,93,0.8,5.6,297,4.98963653545486,-2.5423467985414616
2016-03-15 13:00:00,16.0,93,1.0,6.7,306,5.420413862312148,-3.93816119035957
2016-03-15 14:00:00,15.6,95,0.8,6.6,315,4.666904755831213,-4.666904755831213
2016-03-15 15:00:00,15.8,93,0.5,5.4,318,3.6133052743378347,-4.012982057577929
2016-03-15 16:00:00,15.4,95,0.7000000000000001,4.6,321,2.894873798829252,-3.5748714227020657
2016-03-15 17:00:00,15.2,96,0.6,3.7,331,1.7937955949114475,-3.2360929164157644
2016-03-15 18:00:00,15.0,96,0.4,5.4,340,1.8469087739586119,-5.074340152243905
2016-03-15 19:00:00,14.8,97,0.6,6.6,351,1.032467469265524,-6.518743047927909
2016-03-15 20:00:00,14.7,97,0.6,6.8,3,-0.3558845024520213,-6.790680836331102
2016-03-15 21:00:00,14.7,97,0.4,7.2,6,-0.7526049355271042,-7.160557646651569
2016-03-15 22:00:00,14.6,97,0.3,6.5,6,-0.6794350112397468,-6.464392319893777
2016-03-15 23:00:00,14.6,96,0.3,6.5,354,0.6794350112397475,-6.4643923198937765
2016-03-16 00:00:00,14.2,97,0.6,6.5,357,0.3401837155791358,-6.49109197590473
2016-03-16 01:00:00,14.0,98,1.0,6.5,360,3.9801020972288977e-16,-6.5
2016-03-16 02:00:00,14.2,97,1.2,6.9,6,-0.7212463965468082,-6.862201078041087
2016-03-16 03:00:00,13.9,96,1.1,7.1,15,-1.8376152202278964,-6.858073366652385
2016-03-16 04:00:00,13.9,96,1.0,7.3,9,-1.1419715947936866,-7.210124886344505
2016-03-16 05:00:00,13.9,96,0.6,7.3,11,-1.3929056662487755,-7.165878439167947
2016-03-16 06:00:00,14.4,93,0.3,5.3,62,-4.679622242152313,-2.4881992827652213
2016-03-16 07:00:00,15.3,88,0.1,3.1,36,-1.822134282106667,-2.507952682562337
2016-03-16 08:00:00,16.2,88,0.0,4.9,17,-1.4326213531414118,-4.685893304218873
2016-03-16 09:00:00,18.1,82,0.0,3.6,53,-2.875087836170254,-2.1665340833473743
2016-03-16 10:00:00,19.8,78,0.0,2.6,286,2.499280409439629,-0.7166571251241979
2016-03-16 11:00:00,20.6,79,0.0,8.9,302,7.547628055792192,-4.716281451675524
2016-03-16 12:00:00,20.4,83,0.2,12.4,324,7.288537128426667,-10.031810730249349
2016-03-16 13:00:00,19.4,87,0.2,10.7,348,2.224655091750026,-10.46617932785172
2016-03-16 14:00:00,19.2,88,0.0,7.6,352,1.0577155672964975,-7.5260373224359345
2016-03-16 15:00:00,19.8,84,0.0,6.4,333,2.9055391983331,-5.702441754805554
2016-03-16 16:00:00,19.7,85,0.0,6.2,324,3.6442685642133337,-5.0159053651246746
2016-03-16 17:00:00,19.2,87,0.0,6.6,338,2.4724035165450187,-6.1194134401407965
2016-03-16 18:00:00,18.1,91,0.0,7.2,354,0.752604935527105,-7.160557646651568
2016-03-16 19:00:00,17.3,94,0.0,7.2,18,-2.2249223594996224,-6.8476069173251055
2016-03-16 20:00:00,16.3,97,0.0,5.4,37,-3.2498011250210608,-4.312631754255381
2016-03-16 21:00:00,16.5,95,0.0,3.1,36,-1.822134282106667,-2.507952682562337
2016-03-16 22:00:00,16.6,93,0.0,2.4,27,-1.0895771993749126,-2.138415658052083
2016-03-16 23:00:00,16.7,92,0.0,2.8,40,-1.7998053071223103,-2.144924440733138
2016-03-17 00:00:00,16.9,89,0.0,3.1,54,-2.5079526825623377,-1.8221342821066664
2016-03-17 01:00:00,16.8,89,0.0,3.1,45,-2.192031021678298,-2.192031021678297
2016-03-17 02:00:00,16.8,87,0.0,3.4,32,-1.801725498392897,-2.883363526931848
2016-03-17 03:00:00,17.1,84,0.0,3.6,37,-2.166534083347374,-2.875087836170254
2016-03-17 04:00:00,16.9,84,0.0,3.8,41,-2.4930243101639276,-2.8678964048465336
2016-03-17 05:00:00,16.9,83,0.7000000000000001,2.5,45,-1.7677669529663693,-1.7677669529663687
2016-03-17 06:00:00,17.0,82,0.0,2.3,72,-2.187429987478853,-0.7107390870623786
2016-03-17 07:00:00,16.1,85,0.0,2.0,45,-1.4142135623730954,-1.414213562373095
2016-03-17 08:00:00,18.3,88,0.4,2.0,45,-1.4142135623730954,-1.414213562373095
2016-03-17 09:00:00,20.4,75,0.0,1.1,288,1.0461621679246689,-0.33991869381244216
2016-03-17 10:00:00,21.8,72,0.0,4.7,293,4.32637281122647,-1.8364363038995868
2016-03-17 11:00:00,22.7,73,0.0,4.6,288,4.3748599749577055,-1.421478174124758
2016-03-17 12:00:00,23.2,74,0.0,4.8,283,4.676976310969129,-1.079765060850552
2016-03-17 13:00:00,23.9,74,0.0,5.4,278,5.34744757120448,-0.7515347451843534
2016-03-17 14:00:00,23.4,77,0.0,4.7,266,4.688551036221174,0.3278554265973889
2016-03-17 15:00:00,23.4,76,0.0,4.1,255,3.96029588778518,1.061158084920335
2016-03-17 16:00:00,23.5,76,0.0,4.9,253,4.685893304218874,1.4326213531414103
2016-03-17 17:00:00,22.5,81,0.0,5.9,281,5.791600382341218,-1.1257730727216144
2016-03-17 18:00:00,21.1,87,0.0,4.0,297,3.5640260967534716,-1.815961998958187
2016-03-17 19:00:00,19.3,96,0.0,1.9,338,0.7117525274902327,-1.761649323676896
2016-03-17 20:00:00,18.8,96,0.0,1.9,22,-0.7117525274902333,-1.7616493236768958
2016-03-17 21:00:00,18.4,96,0.0,2.5,45,-1.7677669529663693,-1.7677669529663687
2016-03-17 22:00:00,17.7,96,0.0,2.8,40,-1.7998053071223103,-2.144924440733138
2016-03-17 23:00:00,16.4,97,0.0,3.1,69,-2.8940993221413254,-1.1109406435904314
2016-03-18 00:00:00,16.1,96,0.0,4.0,85,-3.984778792366982,-0.3486229709906318
2016-03-18 01:00:00,15.8,94,0.0,2.1,59,-1.800051331474436,-1.0815799573111138
2016-03-18 02:00:00,15.5,92,0.0,1.8,53,-1.437543918085127,-1.0832670416736871
2016-03-18 03:00:00,16.6,88,0.0,1.6,63,-1.4256104387013888,-0.7263847995832747
2016-03-18 04:00:00,16.9,86,0.1,1.5,45,-1.0606601717798214,-1.0606601717798212
2016-03-18 05:00:00,16.7,86,0.0,2.4,63,-2.138415658052083,-1.089577199374912
2016-03-18 06:00:00,17.2,83,0.2,4.9,107,-4.685893304218874,1.4326213531414094
2016-03-18 07:00:00,17.4,84,0.0,4.7,122,-3.9858260519352022,2.490620541896063
2016-03-18 08:00:00,20.0,86,0.0,6.0,147,-3.2678342100901627,5.032023407672543
2016-03-18 09:00:00,22.1,77,0.0,8.4,190,1.4586446924022156,8.272385125302547
2016-03-18 10:00:00,23.4,73,0.0,11.4,193,2.5644420195200603,11.107818738551682
2016-03-18 11:00:00,24.9,69,0.0,13.6,191,2.5950023371210107,13.35012969488823
2016-03-18 12:00:00,26.8,66,0.0,14.8,194,3.5804440548750818,14.360376748884748
2016-03-18 13:00:00,27.5,64,0.0,14.9,200,5.096100135552466,14.001420049710035
2016-03-18 14:00:00,27.7,64,0.0,13.9,201,4.981314498679676,12.976767928311105
2016-03-18 15:00:00,27.1,66,0.0,13.1,212,6.941942361454984,11.10943005964918
2016-03-18 16:00:00,26.1,73,0.4,11.7,227,8.556838308944293,7.979380812731232
2016-03-18 17:00:00,23.8,82,1.4,8.6,248,7.973781149274371,3.221616703376843
2016-03-18 18:00:00,22.8,88,2.4,5.6,285,5.4091846272187825,-1.4493866525741161
2016-03-18 19:00:00,21.9,90,1.7000000000000002,1.4,360,8.572527594031472e-17,-1.4
2016-03-18 20:00:00,21.1,93,1.3,2.5,98,-2.475670171853926,0.3479327524001633
2016-03-18 21:00:00,21.0,92,0.3,2.9,97,-2.8783838397598336,0.35342109587492787
2016-03-18 22:00:00,19.9,93,0.0,2.5,90,-2.5,3.061616997868383e-16
2016-03-18 23:00:00,18.5,93,0.0,3.1,135,-2.192031021678297,2.1920310216782974
2016-03-19 00:00:00,18.2,92,0.0,2.5,172,-0.3479327524001634,2.475670171853926
2016-03-19 01:00:00,17.8,91,0.0,1.4,180,8.572527594031472e-17,1.4
2016-03-19 02:00:00,17.6,89,0.0,0.4,90,-0.4,4.898587196589413e-17
2016-03-19 03:00:00,16.8,87,0.0,1.8,37,-1.083267041673687,-1.437543918085127
2016-03-19 04:00:00,16.7,85,0.0,2.7,23,-1.0549740469210394,-2.4853631043215887
2016-03-19 05:00:00,17.0,82,0.5,1.9,22,-0.7117525274902333,-1.7616493236768958
2016-03-19 06:00:00,17.7,77,0.8,3.1,69,-2.8940993221413254,-1.1109406435904314
2016-03-19 07:00:00,18.4,80,0.0,0.8,27,-0.36319239979163753,-0.7128052193506943
2016-03-19 08:00:00,21.3,81,0.0,2.9,277,2.8783838397598336,-0.35342109587492765
2016-03-19 09:00:00,23.1,67,0.0,3.6,276,3.580278823325784,-0.37630246776355253
2016-03-19 10:00:00,24.2,66,0.0,5.1,278,5.050367150582009,-0.7097828148963337
2016-03-19 11:00:00,24.5,69,0.0,5.6,285,5.4091846272187825,-1.4493866525741161
2016-03-19 12:00:00,25.3,70,0.2,4.7,293,4.32637281122647,-1.8364363038995868
2016-03-19 13:00:00,25.2,72,0.3,5.4,307,4.312631754255381,-3.2498011250210608
2016-03-19 14:00:00,24.7,77,0.2,7.0,325,4.015035054457323,-5.7340643100229425
2016-03-19 15:00:00,23.9,86,0.0,7.9,330,3.950000000000001,-6.841600689897065
2016-03-19 16:00:00,23.8,88,0.0,7.7,332,3.61493103345136,-6.798696465013737
2016-03-19 17:00:00,23.1,91,0.0,7.2,342,2.224922359499622,-6.8476069173251055
2016-03-19 18:00:00,22.1,93,0.0,5.5,337,2.1490212066910055,-5.062776693988422
2016-03-19 19:00:00,20.9,98,0.0,4.3,318,2.8772616073430903,-3.195522749552795
2016-03-19 20:00:00,20.6,98,0.0,1.8,323,1.0832670416736871,-1.437543918085127
2016-03-19 21:00:00,20.2,98,0.0,2.7,337,1.0549740469210391,-2.485363104321589
2016-03-19 22:00:00,17.4,100,0.0,1.3,56,-1.0777488443215544,-0.7269507745119708
2016-03-19 23:00:00,17.1,99,0.0,1.8,143,-1.0832670416736871,1.4375439180851268
2016-03-20 00:00:00,16.7,99,0.2,1.1,162,-0.3399186938124421,1.046162167924669
2016-03-20 01:00:00,16.5,98,0.2,1.5,194,0.3628828433995015,1.4554435894139948
2016-03-20 02:00:00,16.5,95,0.3,0.8,207,0.3631923997916375,0.7128052193506943
2016-03-20 03:00:00,18.8,96,0.1,1.1,72,-1.046162167924669,-0.33991869381244205
2016-03-20 04:00:00,19.1,94,0.0,1.4,90,-1.4,1.7145055188062944e-16
2016-03-20 05:00:00,19.2,93,0.0,0.7000000000000001,270,0.7000000000000001,0.0
2016-03-20 06:00:00,18.9,94,0.0,4.0,350,0.6945927106677217,-3.939231012048832
2016-03-20 07:00:00,19.0,94,0.0,4.0,5,-0.348622970990633,-3.984778792366982
2016-03-20 08:00:00,20.1,93,0.2,4.1,345,1.061158084920335,-3.96029588778518
2016-03-20 09:00:00,21.2,91,0.2,3.6,323,2.1665340833473743,-2.875087836170254
2016-03-20 10:00:00,22.1,92,0.3,4.3,294,3.9282454678631837,-1.7489675652259409
2016-03-20 11:00:00,22.4,90,0.3,7.3,281,7.165878439167947,-1.392905666248777
2016-03-20 12:00:00,22.8,85,1.0,9.2,296,8.268905225952336,-4.033014550459511
2016-03-20 13:00:00,23.4,81,0.8,6.1,298,5.385980316439454,-2.8637765329939335
2016-03-20 14:00:00,24.2,77,0.5,6.9,309,5.3623071340531,-4.342310698243878
2016-03-20 15:00:00,21.7,87,0.0,6.7,324,3.93816119035957,-5.420413862312148
2016-03-20 16:00:00,21.5,89,0.0,7.7,332,3.61493103345136,-6.798696465013737
2016-03-20 17:00:00,20.7,93,0.0,8.1,339,2.902780391316933,-7.5620014546273335
2016-03-20 18:00:00,19.9,94,0.0,5.8,360,3.5514757175273243e-16,-5.8
2016-03-20 19:00:00,19.2,97,0.0,4.6,39,-2.894873798829254,-3.5748714227020644
2016-03-20 20:00:00,18.6,99,0.0,1.6,63,-1.4256104387013888,-0.7263847995832747
2016-03-20 21:00:00,18.5,98,0.0,0.4,270,0.4,0.0
2016-03-20 22:00:00,18.3,98,0.0,0.5,135,-0.35355339059327373,0.3535533905932738
2016-03-20 23:00:00,18.1,98,0.0,3.9,326,2.1808523235359125,-3.233246532964663
2016-03-21 00:00:00,18.0,98,0.0,5.9,11,-1.1257730727216133,-5.791600382341218
2016-03-21 01:00:00,17.8,98,0.0,4.4,9,-0.6883116461770166,-4.345828698618606
2016-03-21 02:00:00,17.4,98,0.0,3.6,354,0.3763024677635525,-3.580278823325784
2016-03-21 03:00:00,16.7,97,0.0,3.6,360,2.2043642384652358e-16,-3.6
2016-03-21 04:00:00,16.7,96,0.0,4.7,4,-0.32785542659739025,-4.688551036221174
2016-03-21 05:00:00,16.2,97,0.1,4.7,32,-2.490620541896064,-3.9858260519352022
2016-03-21 06:00:00,16.5,94,0.1,4.8,48,-3.5670951622914924,-3.2118269105225195
2016-03-21 07:00:00,16.3,95,0.0,6.5,19,-2.116193003971518,-6.1458707413955596
2016-03-21 08:00:00,18.4,88,0.0,4.9,36,-2.880147736233119,-3.9641832724372423
2016-03-21 09:00:00,19.2,87,0.5,4.8,333,2.1791543987498248,-4.276831316104166
2016-03-21 10:00:00,20.0,87,0.6,4.6,321,2.894873798829252,-3.5748714227020657
2016-03-21 11:00:00,20.8,82,0.3,7.7,307,6.149493427364155,-4.6339756782707715
2016-03-21 12:00:00,21.1,82,0.0,8.4,310,6.4347733221994154,-5.39941592136693
2016-03-21 13:00:00,21.8,80,0.3,8.2,311,6.18861855782673,-5.379684037722159
2016-03-21 14:00:00,21.1,83,0.1,6.1,315,4.31335136523794,-4.313351365237939
2016-03-21 15:00:00,18.9,95,1.0,4.6,321,2.894873798829252,-3.5748714227020657
2016-03-21 16:00:00,18.4,97,1.2,4.9,306,3.9641832724372428,-2.8801477362331185
2016-03-21 17:00:00,18.3,97,1.0,4.7,328,2.490620541896063,-3.9858260519352022
2016-03-21 18:00:00,18.1,97,0.7000000000000001,5.8,356,0.40458754771592637,-5.78587149150698
2016-03-21 19:00:00,17.9,97,0.4,3.1,339,1.1109406435904312,-2.8940993221413254
2016-03-21 20:00:00,16.9,99,0.0,2.5,8,-0.3479327524001646,-2.475670171853926
2016-03-21 21:00:00,17.1,98,0.0,4.5,346,1.0886485301985045,-4.366330768241984
2016-03-21 22:00:00,17.4,96,0.0,5.0,360,3.061616997868383e-16,-5.0
2016-03-21 23:00:00,16.2,98,0.1,3.6,6,-0.3763024677635521,-3.5802788233257843
2016-03-22 00:00:00,15.9,99,0.1,2.2,360,1.3471114790620887e-16,-2.2
2016-03-22 01:00:00,16.2,97,0.2,2.4,333,1.0895771993749124,-2.138415658052083
2016-03-22 02:00:00,16.6,95,0.5,2.2,9,-0.3441558230885083,-2.172914349309303
2016-03-22 03:00:00,16.9,95,0.8,1.5,45,-1.0606601717798214,-1.0606601717798212
2016-03-22 04:00:00,16.9,94,0.5,0.5,45,-0.35355339059327384,-0.35355339059327373
2016-03-22 05:00:00,16.6,96,0.3,1.9,22,-0.7117525274902333,-1.7616493236768958
2016-03-22 06:00:00,16.6,95,0.3,6.1,45,-4.31335136523794,-4.313351365237939
2016-03-22 07:00:00,16.3,95,0.1,4.8,13,-1.0797650608505531,-4.6769763109691285
2016-03-22 08:00:00,18.3,90,0.0,6.1,3,-0.31924933308196024,-6.0916401620029
2016-03-22 09:00:00,19.6,86,0.0,7.0,339,2.5085756468171025,-6.535062985480412
2016-03-22 10:00:00,20.7,82,0.0,7.5,325,4.301823272632846,-6.143640332167439
2016-03-22 11:00:00,21.9,77,0.2,7.1,311,5.358438019581681,-4.658019105832602
2016-03-22 12:00:00,22.2,75,0.0,7.8,292,7.232034065620942,-2.921931428644114
2016-03-22 13:00:00,22.5,75,0.3,7.7,298,6.798696465013738,-3.6149310334513594
2016-03-22 14:00:00,22.0,77,0.1,8.1,302,6.86918957886705,-4.29234604028896
2016-03-22 15:00:00,21.3,81,0.1,7.6,315,5.374011537017761,-5.37401153701776
2016-03-22 16:00:00,21.0,84,0.0,7.9,330,3.950000000000001,-6.841600689897065
2016-03-22 17:00:00,20.1,89,0.0,7.9,336,3.2132194802988217,-7.217009115376547
2016-03-22 18:00:00,18.9,93,0.0,6.6,338,2.4724035165450187,-6.1194134401407965
2016-03-22 19:00:00,18.1,96,0.0,5.4,4,-0.37668495821827813,-5.386845871403051
2016-03-22 20:00:00,17.4,98,0.0,2.5,360,1.5308084989341916e-16,-2.5
2016-03-22 21:00:00,17.4,97,0.0,3.5,24,-1.4235782507653003,-3.1974091017491033
2016-03-22 22:00:00,17.3,97,0.0,4.1,38,-2.524212048835198,-3.2308440897875603
2016-03-22 23:00:00,17.1,96,0.0,3.2,27,-1.4527695991665501,-2.851220877402777
2016-03-23 00:00:00,16.4,98,0.0,3.3,49,-2.490541614735148,-2.1649947956686733
2016-03-23 01:00:00,14.5,99,0.0,3.4,58,-2.8833635269318485,-1.8017254983928963
2016-03-23 02:00:00,15.2,95,0.0,3.8,73,-3.6339580726595346,-1.1110124779463997
2016-03-23 03:00:00,17.4,90,0.0,2.5,45,-1.7677669529663693,-1.7677669529663687
2016-03-23 04:00:00,17.5,87,0.0,3.0,76,-2.9108871788279895,-0.7257656867990026
2016-03-23 05:00:00,17.6,84,0.0,2.5,82,-2.475670171853926,-0.3479327524001638
2016-03-23 06:00:00,17.8,83,0.0,2.2,81,-2.1729143493093033,-0.3441558230885076
2016-03-23 07:00:00,18.1,82,0.4,1.8,11,-0.3434561916777803,-1.7669289302057951
2016-03-23 08:00:00,19.1,84,0.2,1.3,56,-1.0777488443215544,-0.7269507745119708
2016-03-23 09:00:00,20.4,83,0.0,2.5,172,-0.3479327524001634,2.475670171853926
2016-03-23 10:00:00,21.1,83,0.1,5.0,240,4.330127018922194,2.4999999999999996
2016-03-23 11:00:00,22.0,83,0.3,6.5,267,6.49109197590473,0.3401837155791349
2016-03-23 12:00:00,22.2,82,0.4,8.3,272,8.294943864258496,-0.2896658226307581
2016-03-23 13:00:00,21.3,87,0.7000000000000001,7.6,295,6.887939181478539,-3.211898789229316
2016-03-23 14:00:00,21.1,90,1.1,4.9,306,3.9641832724372428,-2.8801477362331185
2016-03-23 15:00:00,20.1,97,1.0,3.5,294,3.197409101749103,-1.4235782507653008
2016-03-23 16:00:00,19.8,98,1.3,1.3,326,0.7269507745119709,-1.0777488443215544
2016-03-23 17:00:00,19.6,97,0.8,4.0,5,-0.348622970990633,-3.984778792366982
2016-03-23 18:00:00,19.1,97,0.7000000000000001,4.2,20,-1.436484601967808,-3.9467090073008158
2016-03-23 19:00:00,19.0,96,0.2,4.5,29,-2.1816432911085157,-3.935788682127282
2016-03-23 20:00:00,18.2,98,0.3,4.1,345,1.061158084920335,-3.96029588778518
2016-03-23 21:00:00,17.5,98,0.2,4.7,351,0.7352419856890854,-4.6421352007971475
2016-03-23 22:00:00,16.8,99,0.2,6.5,19,-2.116193003971518,-6.1458707413955596
2016-03-23 23:00:00,16.6,97,0.1,7.4,14,-1.7902220274375418,-7.180188374442374
2016-03-24 00:00:00,16.1,97,0.2,10.3,12,-2.141490415422926,-10.074920287558198
2016-03-24 01:00:00,16.1,96,0.3,8.8,19,-2.864999759222979,-8.320563465273988
2016-03-24 02:00:00,15.5,96,0.1,8.1,21,-2.9027803913169357,-7.562001454627333
2016-03-24 03:00:00,15.2,95,0.0,6.9,9,-1.0793978087775942,-6.81504955010645
2016-03-24 04:00:00,14.8,95,0.0,7.6,5,-0.6623836448822027,-7.571079705497266
2016-03-24 05:00:00,15.0,93,0.0,9.0,5,-0.7844016847289242,-8.96575228282571
2016-03-24 06:00:00,14.8,92,0.1,9.7,4,-0.676637795318018,-9.676371287520293
2016-03-24 07:00:00,14.8,92,0.0,9.5,349,1.8126854560771768,-9.325458242752807
2016-03-24 08:00:00,15.6,87,0.3,11.2,354,1.1707187885977186,-11.13864522812466
2016-03-24 09:00:00,16.0,87,0.4,9.8,354,1.024378940023004,-9.746314574609078
2016-03-24 10:00:00,17.1,85,0.8,9.1,353,1.1090110249868421,-9.032169979936029
2016-03-24 11:00:00,17.5,86,1.1,9.2,349,1.755442757464213,-9.030970087718508
2016-03-24 12:00:00,17.0,89,1.2,9.6,347,2.159530121701103,-9.353952621938259
2016-03-24 13:00:00,16.0,94,1.2,8.9,346,2.1531048708370424,-8.635631963856369
2016-03-24 14:00:00,15.7,97,1.8,10.5,333,4.766900247265242,-9.355568503977862
2016-03-24 15:00:00,14.5,95,2.1,11.3,338,4.233054505599806,-10.4771775566047
2016-03-24 16:00:00,14.0,95,1.4,9.4,2,-0.3280552690035072,-9.394273773979501
2016-03-24 17:00:00,13.9,95,0.5,8.7,355,0.7582549619046257,-8.666893873398186
2016-03-24 18:00:00,13.6,96,0.2,10.7,340,3.659615533584656,-10.054711042409219
2016-03-24 19:00:00,13.1,95,0.2,11.7,351,1.8302832409707017,-11.555953584963111
2016-03-24 20:00:00,13.0,94,0.3,9.5,9,-1.4861274178821948,-9.383039235653808
2016-03-24 21:00:00,13.3,92,0.0,5.4,4,-0.37668495821827813,-5.386845871403051
2016-03-24 22:00:00,13.6,93,0.0,7.1,336,2.8878301658381815,-6.486172749262466
2016-03-24 23:00:00,13.1,95,0.2,10.0,339,3.583679495453004,-9.335804264972017
2016-03-25 00:00:00,12.6,95,0.2,10.9,351,1.705135668938517,-10.765802912487002
2016-03-25 01:00:00,12.6,94,0.3,10.5,354,1.0975488643103612,-10.44247990136687
2016-03-25 02:00:00,12.5,94,0.4,10.6,350,1.8406706832694624,-10.438962181929405
2016-03-25 03:00:00,11.9,91,0.8,8.8,9,-1.3766232923540331,-8.691657397237211
2016-03-25 04:00:00,12.0,94,0.9,6.9,6,-0.7212463965468082,-6.862201078041087
2016-03-25 05:00:00,12.4,91,1.0,6.8,357,0.35588450245201897,-6.790680836331102
2016-03-25 06:00:00,12.3,92,1.1,7.2,342,2.224922359499622,-6.8476069173251055
2016-03-25 07:00:00,12.4,92,1.3,7.0,339,2.5085756468171025,-6.535062985480412
2016-03-25 08:00:00,12.8,90,1.5,7.3,349,1.3929056662487778,-7.165878439167947
2016-03-25 09:00:00,13.1,92,1.1,8.3,358,0.289665822630759,-8.294943864258496
2016-03-25 10:00:00,13.5,91,0.3,10.5,333,4.766900247265242,-9.355568503977862
2016-03-25 11:00:00,14.0,90,0.2,10.6,336,4.311408416603482,-9.683581851011569
2016-03-25 12:00:00,14.9,89,0.3,11.9,346,2.8788705576360454,-11.546519142684359
2016-03-25 13:00:00,15.5,88,0.7000000000000001,11.8,348,2.453357951649562,-11.542141688658907
2016-03-25 14:00:00,15.1,90,0.4,11.9,346,2.8788705576360454,-11.546519142684359
2016-03-25 15:00:00,13.8,87,0.0,12.5,342,3.862712429686843,-11.888206453689419
2016-03-25 16:00:00,13.1,88,0.0,12.3,345,3.183474254761005,-11.88088766335554
2016-03-25 17:00:00,12.6,88,0.1,10.2,350,1.77121141220269,-10.045039080724521
2016-03-25 18:00:00,12.0,90,0.3,8.6,345,2.2258437878816784,-8.306962106085987
2016-03-25 19:00:00,11.7,94,0.5,9.7,338,3.633683956134346,-8.993683389297837
2016-03-25 20:00:00,11.4,95,0.6,12.1,348,2.5157314588948894,-11.835585968879046
2016-03-25 21:00:00,11.2,95,0.6,11.5,4,-0.8021994480574441,-11.471986577987979
2016-03-25 22:00:00,11.1,94,0.4,9.7,4,-0.676637795318018,-9.676371287520293
2016-03-25 23:00:00,11.1,94,0.1,9.0,360,5.51091059616309e-16,-9.0
2016-03-26 00:00:00,10.9,95,0.0,8.3,360,5.082284216461516e-16,-8.3
2016-03-26 01:00:00,10.7,95,0.0,8.6,360,5.265981236333618e-16,-8.6
2016-03-26 02:00:00,10.4,95,0.0,9.7,360,5.939536975864663e-16,-9.7
2016-03-26 03:00:00,10.6,91,0.0,9.7,2,-0.33852511801425733,-9.694091022085228
2016-03-26 04:00:00,10.2,92,0.0,9.8,6,-1.024378940023003,-9.74631457460908
2016-03-26 05:00:00,10.2,89,0.0,10.7,14,-2.5885642829164452,-10.382164271153162
2016-03-26 06:00:00,10.5,85,0.0,9.6,20,-3.283393375926418,-9.02104915954472
2016-03-26 07:00:00,11.1,84,0.0,8.7,17,-2.5436338310878126,-8.319851376878407
2016-03-26 08:00:00,13.5,76,0.0,9.1,7,-1.1090110249868392,-9.03216997993603
2016-03-26 09:00:00,15.0,72,0.0,10.1,354,1.0557374790032998,-10.04467114321956
2016-03-26 10:00:00,16.4,68,0.0,10.3,348,2.1414904154229224,-10.074920287558198
2016-03-26 11:00:00,17.4,65,0.0,9.0,337,3.5165801564034633,-8.284543681071963
2016-03-26 12:00:00,18.3,63,0.0,12.0,314,8.632077604063815,-8.335900445507967
2016-03-26 13:00:00,18.1,63,0.0,16.8,329,8.65263965848891,-14.400410651795488
2016-03-26 14:00:00,17.7,62,0.0,16.5,344,4.548016370980486,-15.860817982982262
2016-03-26 15:00:00,16.8,64,0.0,14.8,347,3.329275604289201,-14.420676958821483
2016-03-26 16:00:00,16.3,65,0.0,12.4,350,2.1532374030699373,-12.21161613735138
2016-03-26 17:00:00,15.4,69,0.0,10.0,339,3.583679495453004,-9.335804264972017
2016-03-26 18:00:00,14.1,73,0.0,7.1,311,5.358438019581681,-4.658019105832602
2016-03-26 19:00:00,12.6,84,0.0,6.2,324,3.6442685642133337,-5.0159053651246746
2016-03-26 20:00:00,12.7,77,0.0,7.6,3,-0.39775326744637673,-7.589584464134761
2016-03-26 21:00:00,12.5,77,0.0,6.6,29,-3.199743493625823,-5.772490067120013
2016-03-26 22:00:00,11.6,81,0.0,5.1,51,-3.9634444034305507,-3.2095339943541714
2016-03-26 23:00:00,10.5,84,0.0,4.2,59,-3.600102662948872,-2.1631599146222276
2016-03-27 00:00:00,10.4,84,0.0,3.6,53,-2.875087836170254,-2.1665340833473743
2016-03-27 01:00:00,10.8,82,0.0,3.9,34,-2.1808523235359116,-3.233246532964663
2016-03-27 02:00:00,11.4,79,0.0,6.9,43,-4.705788684431241,-5.046340541172277
2016-03-27 03:00:00,11.7,77,0.0,7.4,39,-4.656970893768801,-5.750880114781583
2016-03-27 04:00:00,10.9,82,0.0,9.8,17,-2.8652427062828236,-9.371786608437747
2016-03-27 05:00:00,10.8,82,0.0,9.8,28,-4.600821315301729,-8.652886410017485
2016-03-27 06:00:00,11.5,75,0.0,8.0,36,-4.702282018339786,-6.472135954999579
2016-03-27 07:00:00,11.1,82,0.0,8.4,7,-1.0237024846032363,-8.337387673787106
2016-03-27 08:00:00,14.2,65,0.0,12.6,360,7.715274834628325e-16,-12.6
2016-03-27 09:00:00,15.2,57,0.0,14.4,360,8.817456953860943e-16,-14.4
2016-03-27 10:00:00,16.1,56,0.0,15.2,353,1.8524140197582417,-15.086701504948094
2016-03-27 11:00:00,17.0,55,0.0,15.0,349,2.862134930648174,-14.72440775171496
2016-03-27 12:00:00,17.6,55,0.0,15.5,342,4.789763412811686,-14.74137600257488
2016-03-27 13:00:00,17.7,56,0.0,15.3,341,4.981192763194499,-14.466434206669547
2016-03-27 14:00:00,17.4,58,0.0,15.0,343,4.385575570841052,-14.344571339445531
2016-03-27 15:00:00,16.8,63,0.0,15.7,344,4.327506486326887,-15.091808626231606
2016-03-27 16:00:00,15.9,66,0.0,16.3,346,3.943326898274583,-15.815820338298742
2016-03-27 17:00:00,14.5,71,0.0,15.0,349,2.862134930648174,-14.72440775171496
2016-03-27 18:00:00,12.8,75,0.0,10.9,354,1.1393602496174227,-10.84028865951418
2016-03-27 19:00:00,11.5,79,0.0,13.0,5,-1.1330246557195571,-12.950531075192693
2016-03-27 20:00:00,10.4,85,0.0,10.9,17,-3.1868515814778346,-10.423721839997086
2016-03-27 21:00:00,10.4,81,0.0,9.0,37,-5.416335208368435,-7.187719590425635
2016-03-27 22:00:00,9.3,83,0.0,7.5,55,-6.143640332167439,-4.301823272632846
2016-03-27 23:00:00,9.5,79,0.0,7.4,61,-6.47218583283153,-3.5875911898228936
2016-03-28 00:00:00,10.2,74,0.0,7.7,62,-6.798696465013737,-3.61493103345136
2016-03-28 01:00:00,10.8,70,0.0,7.4,61,-6.47218583283153,-3.5875911898228936
2016-03-28 02:00:00,10.8,67,0.0,6.8,58,-5.766727053863697,-3.6034509967857926
2016-03-28 03:00:00,9.7,67,0.0,5.9,47,-4.314986839553106,-4.023790324368741
2016-03-28 04:00:00,9.4,65,0.0,5.4,48,-4.012982057577929,-3.6133052743378347
2016-03-28 05:00:00,9.2,63,0.0,5.4,48,-4.012982057577929,-3.6133052743378347
2016-03-28 06:00:00,7.9,66,0.0,4.7,58,-3.9858260519352027,-2.4906205418960625
2016-03-28 07:00:00,9.0,67,0.0,4.7,58,-3.9858260519352027,-2.4906205418960625
2016-03-28 08:00:00,13.1,62,0.0,3.2,27,-1.4527695991665501,-2.851220877402777
2016-03-28 09:00:00,15.2,56,0.0,5.0,339,1.791839747726502,-4.667902132486009
2016-03-28 10:00:00,16.5,54,0.0,7.0,325,4.015035054457323,-5.7340643100229425
2016-03-28 11:00:00,17.5,53,0.0,8.2,319,5.379684037722159,-6.18861855782673
2016-03-28 12:00:00,18.2,52,0.0,9.2,315,6.505382386916237,-6.505382386916236
2016-03-28 13:00:00,18.6,51,0.0,9.9,316,6.877117867544073,-7.121464023352646
2016-03-28 14:00:00,18.8,51,0.0,9.7,321,6.104407793183423,-7.538315826132617
2016-03-28 15:00:00,18.7,52,0.0,9.5,323,5.717242719944459,-7.587037345449282
2016-03-28 16:00:00,18.1,53,0.0,10.3,324,6.054188098612474,-8.332875042061959
2016-03-28 17:00:00,17.1,58,0.0,7.3,327,3.9758649556096977,-6.122295146001595
2016-03-28 18:00:00,15.8,65,0.0,4.6,315,3.2526911934581184,-3.252691193458118
2016-03-28 19:00:00,15.0,64,0.0,3.7,331,1.7937955949114475,-3.2360929164157644
2016-03-28 20:00:00,14.6,65,0.0,3.6,37,-2.166534083347374,-2.875087836170254
2016-03-28 21:00:00,14.3,66,0.0,3.8,73,-3.6339580726595346,-1.1110124779463997
2016-03-28 22:00:00,13.5,69,0.0,4.3,85,-4.283637201794505,-0.37476969381492914
2016-03-28 23:00:00,12.2,73,0.0,3.8,73,-3.6339580726595346,-1.1110124779463997
2016-03-29 00:00:00,10.5,79,0.0,3.7,79,-3.632020578756357,-0.7059932828932155
2016-03-29 01:00:00,9.4,82,0.0,2.6,56,-2.1554976886431088,-1.4539015490239415
2016-03-29 02:00:00,9.7,80,0.0,2.8,40,-1.7998053071223103,-2.144924440733138
2016-03-29 03:00:00,10.2,75,0.0,3.6,53,-2.875087836170254,-2.1665340833473743
2016-03-29 04:00:00,10.0,74,0.0,3.7,61,-3.236092916415765,-1.7937955949114468
2016-03-29 05:00:00,10.8,70,0.0,3.1,54,-2.5079526825623377,-1.8221342821066664
2016-03-29 06:00:00,10.8,68,0.0,3.7,61,-3.236092916415765,-1.7937955949114468
2016-03-29 07:00:00,11.1,74,0.0,4.2,70,-3.9467090073008158,-1.4364846019678084
2016-03-29 08:00:00,15.8,62,0.0,3.8,17,-1.111012477946401,-3.633958072659534
2016-03-29 09:00:00,17.5,57,0.0,5.7,342,1.7613968679372005,-5.421022142882375
2016-03-29 10:00:00,18.5,57,0.0,6.6,331,3.199743493625825,-5.772490067120011
2016-03-29 11:00:00,19.5,57,0.0,7.2,323,4.333068166694749,-5.750175672340508
2016-03-29 12:00:00,19.9,57,0.0,7.9,321,4.971631089293717,-6.139453095510071
2016-03-29 13:00:00,20.1,57,0.0,7.9,321,4.971631089293717,-6.139453095510071
2016-03-29 14:00:00,20.0,57,0.0,8.7,315,6.151828996322964,-6.151828996322962
2016-03-29 15:00:00,20.1,56,0.0,9.2,318,6.156001578501495,-6.836932394392027
2016-03-29 16:00:00,19.2,59,0.0,8.7,330,4.3500000000000005,-7.534421012924615
2016-03-29 17:00:00,18.2,66,0.0,7.6,335,3.211898789229316,-6.887939181478539
2016-03-29 18:00:00,16.9,71,0.0,8.4,350,1.4586446924022156,-8.272385125302547
2016-03-29 19:00:00,15.3,81,0.0,6.8,32,-3.603450996785794,-5.766727053863696
2016-03-29 20:00:00,13.7,87,0.0,5.8,68,-5.377666356487367,-2.1727182418122895
2016-03-29 21:00:00,13.4,85,0.0,4.3,66,-3.9282454678631837,-1.7489675652259409
2016-03-29 22:00:00,13.5,83,0.0,3.5,66,-3.197409101749103,-1.4235782507653008
2016-03-29 23:00:00,13.6,81,0.0,2.3,51,-1.7874357113510326,-1.4474368994146265
2016-03-30 00:00:00,13.3,80,0.0,2.4,63,-2.138415658052083,-1.089577199374912
2016-03-30 01:00:00,13.0,78,0.0,2.4,63,-2.138415658052083,-1.089577199374912
2016-03-30 02:00:00,12.7,76,0.0,1.9,68,-1.761649323676896,-0.7117525274902328
2016-03-30 03:00:00,11.8,84,0.0,2.3,72,-2.187429987478853,-0.7107390870623786
2016-03-30 04:00:00,11.8,82,0.0,2.0,45,-1.4142135623730954,-1.414213562373095
2016-03-30 05:00:00,11.9,78,0.0,2.6,56,-2.1554976886431088,-1.4539015490239415
2016-03-30 06:00:00,12.1,75,0.0,2.7,67,-2.485363104321589,-1.0549740469210387
2016-03-30 07:00:00,13.6,77,0.0,2.4,63,-2.138415658052083,-1.089577199374912
2016-03-30 08:00:00,18.5,67,0.0,1.1,360,6.735557395310444e-17,-1.1
2016-03-30 09:00:00,20.3,61,0.0,4.2,301,3.600102662948872,-2.1631599146222276
2016-03-30 10:00:00,21.3,60,0.0,4.6,288,4.3748599749577055,-1.421478174124758
2016-03-30 11:00:00,22.3,59,0.0,5.2,282,5.08636752381579,-1.0811407922523486
2016-03-30 12:00:00,22.7,59,0.0,6.2,291,5.788198644282651,-2.2218812871808615
2016-03-30 13:00:00,22.9,60,0.0,6.6,292,6.1194134401407965,-2.472403516545019
2016-03-30 14:00:00,22.9,60,0.0,6.5,304,5.38874422160777,-3.634753872559855
2016-03-30 15:00:00,22.5,61,0.0,6.6,315,4.666904755831213,-4.666904755831213
2016-03-30 16:00:00,22.0,63,0.0,6.1,320,3.92100441908789,-4.6728711030257655
2016-03-30 17:00:00,21.2,68,0.0,4.4,325,2.5237363199446032,-3.604268994871564
2016-03-30 18:00:00,20.2,72,0.0,4.1,322,2.524212048835199,-3.23084408978756
2016-03-30 19:00:00,19.1,76,0.0,2.6,16,-0.7166571251241971,-2.4992804094396295
2016-03-30 20:00:00,18.5,77,0.0,2.8,50,-2.1449244407331385,-1.7998053071223097
2016-03-30 21:00:00,18.1,78,0.0,2.6,56,-2.1554976886431088,-1.4539015490239415
2016-03-30 22:00:00,17.0,81,0.0,2.6,74,-2.499280409439629,-0.7166571251241974
2016-03-30 23:00:00,16.6,81,0.0,3.1,69,-2.8940993221413254,-1.1109406435904314
2016-03-31 00:00:00,15.7,83,0.0,3.8,73,-3.6339580726595346,-1.1110124779463997
2016-03-31 01:00:00,15.0,84,0.0,3.8,73,-3.6339580726595346,-1.1110124779463997
2016-03-31 02:00:00,14.1,87,0.0,3.6,84,-3.580278823325784,-0.3763024677635526
2016-03-31 03:00:00,14.3,88,0.0,3.6,96,-3.580278823325784,0.37630246776355347
2016-03-31 04:00:00,14.0,90,0.0,3.7,101,-3.632020578756357,0.7059932828932164
2016-03-31 05:00:00,14.2,91,0.0,3.1,144,-1.8221342821066664,2.5079526825623373
2016-03-31 06:00:00,14.6,91,0.0,2.2,171,-0.34415582308850784,2.1729143493093033
2016-03-31 07:00:00,16.7,89,0.5,2.6,146,-1.4539015490239415,2.1554976886431088
2016-03-31 08:00:00,19.4,84,0.9,3.6,180,2.2043642384652358e-16,3.6
2016-03-31 09:00:00,20.2,80,0.8,5.9,227,4.314986839553106,4.023790324368742
2016-03-31 10:00:00,20.4,82,0.5,6.6,225,4.666904755831213,4.666904755831213
2016-03-31 11:00:00,20.8,83,0.4,7.7,208,3.61493103345136,6.798696465013737
2016-03-31 12:00:00,22.0,81,0.2,8.4,211,4.326319829244455,7.200205325897744
2016-03-31 13:00:00,22.6,79,0.1,9.2,225,6.505382386916237,6.505382386916236
2016-03-31 14:00:00,23.6,76,0.1,8.1,225,5.727564927611035,5.727564927611034
2016-03-31 15:00:00,23.8,75,0.3,7.4,241,6.472185832831529,3.5875911898228945
2016-03-31 16:00:00,22.9,82,0.3,6.0,253,5.737828535778212,1.7542302283364206
2016-03-31 17:00:00,22.4,86,0.3,4.5,256,4.366330768241984,1.0886485301985047
2016-03-31 18:00:00,21.9,86,0.0,1.5,284,1.4554435894139948,-0.3628828433995016
2016-03-31 19:00:00,20.8,91,0.0,1.6,63,-1.4256104387013888,-0.7263847995832747
2016-03-31 20:00:00,19.7,94,0.0,2.2,81,-2.1729143493093033,-0.3441558230885076
2016-03-31 21:00:00,18.0,96,0.0,2.5,82,-2.475670171853926,-0.3479327524001638
2016-03-31 22:00:00,16.9,97,0.0,2.3,72,-2.187429987478853,-0.7107390870623786
2016-03-31 23:00:00,15.9,97,0.0,2.6,74,-2.499280409439629,-0.7166571251241974
2016-04-01 00:00:00,15.8,95,0.0,2.6,74,-2.499280409439629,-0.7166571251241974
2016-04-01 01:00:00,15.6,93,0.0,2.3,51,-1.7874357113510326,-1.4474368994146265
2016-04-01 02:00:00,15.1,91,0.0,2.6,34,-1.453901549023941,-2.1554976886431088
2016-04-01 03:00:00,14.7,89,0.0,2.9,30,-1.4500000000000013,-2.5114736709748713
2016-04-01 04:00:00,14.6,87,0.0,3.1,45,-2.192031021678298,-2.192031021678297
2016-04-01 05:00:00,14.5,86,0.0,2.8,50,-2.1449244407331385,-1.7998053071223097
2016-04-01 06:00:00,14.0,86,0.0,2.5,45,-1.7677669529663693,-1.7677669529663687
2016-04-01 07:00:00,16.1,87,0.0,2.8,40,-1.7998053071223103,-2.144924440733138
2016-04-01 08:00:00,20.8,73,0.0,1.8,11,-0.3434561916777803,-1.7669289302057951
2016-04-01 09:00:00,22.2,70,0.0,4.3,294,3.9282454678631837,-1.7489675652259409
2016-04-01 10:00:00,23.2,71,0.0,6.6,292,6.1194134401407965,-2.472403516545019
2016-04-01 11:00:00,23.7,73,0.0,7.1,294,6.486172749262466,-2.8878301658381815
2016-04-01 12:00:00,24.2,71,0.0,7.1,294,6.486172749262466,-2.8878301658381815
2016-04-01 13:00:00,24.4,71,0.2,7.8,292,7.232034065620942,-2.921931428644114
2016-04-01 14:00:00,24.3,73,0.2,8.5,298,7.505054539300879,-3.990508283680072
2016-04-01 15:00:00,23.4,79,0.3,7.6,301,6.5144714853360535,-3.9142893693164114
2016-04-01 16:00:00,23.0,82,0.0,6.4,297,5.702441754805555,-2.9055391983330994
2016-04-01 17:00:00,22.5,84,0.0,5.8,300,5.022947341949744,-2.8999999999999995
2016-04-01 18:00:00,21.5,87,0.0,4.9,287,4.685893304218874,-1.4326213531414103
2016-04-01 19:00:00,20.5,94,0.0,2.6,286,2.499280409439629,-0.7166571251241979
2016-04-01 20:00:00,20.2,94,0.0,1.3,326,0.7269507745119709,-1.0777488443215544
2016-04-01 21:00:00,20.0,94,0.0,1.1,342,0.3399186938124422,-1.0461621679246689
2016-04-01 22:00:00,19.7,94,0.0,1.3,34,-0.7269507745119705,-1.0777488443215544
2016-04-01 23:00:00,19.0,95,0.0,1.8,37,-1.083267041673687,-1.437543918085127
2016-04-02 00:00:00,18.9,93,0.0,1.5,45,-1.0606601717798214,-1.0606601717798212
2016-04-02 01:00:00,19.4,91,0.0,1.8,37,-1.083267041673687,-1.437543918085127
2016-04-02 02:00:00,19.2,91,0.0,2.3,39,-1.447436899414627,-1.7874357113510322
2016-04-02 03:00:00,19.3,91,0.0,1.9,22,-0.7117525274902333,-1.7616493236768958
2016-04-02 04:00:00,18.7,92,0.0,2.1,31,-1.0815799573111144,-1.8000513314744355
2016-04-02 05:00:00,18.3,91,0.0,3.1,54,-2.5079526825623377,-1.8221342821066664
2016-04-02 06:00:00,19.0,87,0.0,3.1,54,-2.5079526825623377,-1.8221342821066664
2016-04-02 07:00:00,19.6,85,0.0,2.4,27,-1.0895771993749126,-2.138415658052083
2016-04-02 08:00:00,20.8,88,0.0,2.3,342,0.7107390870623791,-2.1874299874788528
2016-04-02 09:00:00,22.3,84,0.0,3.0,284,2.9108871788279895,-0.7257656867990032
2016-04-02 10:00:00,23.8,77,0.0,4.7,261,4.6421352007971475,0.7352419856890852
2016-04-02 11:00:00,24.9,72,0.0,6.5,251,6.1458707413955596,2.1161930039715187
2016-04-02 12:00:00,25.2,72,0.1,7.3,250,6.859756131737131,2.4967470462773815
2016-04-02 13:00:00,25.2,72,0.0,7.1,255,6.858073366652385,1.8376152202278973
2016-04-02 14:00:00,25.4,72,0.0,7.6,265,7.571079705497266,0.662383644882202
2016-04-02 15:00:00,25.5,73,0.0,7.6,278,7.5260373224359345,-1.0577155672964973
2016-04-02 16:00:00,24.6,77,0.0,7.1,285,6.858073366652385,-1.8376152202278973
2016-04-02 17:00:00,23.7,81,0.0,6.6,292,6.1194134401407965,-2.472403516545019
2016-04-02 18:00:00,22.7,84,0.0,5.4,312,4.012982057577929,-3.6133052743378347
2016-04-02 19:00:00,21.6,91,0.0,3.7,331,1.7937955949114475,-3.2360929164157644
2016-04-02 20:00:00,21.2,91,0.0,1.8,360,1.1021821192326179e-16,-1.8
2016-04-02 21:00:00,21.1,92,0.0,1.1,360,6.735557395310444e-17,-1.1
2016-04-02 22:00:00,20.6,94,0.0,1.0,45,-0.7071067811865477,-0.7071067811865475
2016-04-02 23:00:00,19.7,95,0.0,1.4,90,-1.4,1.7145055188062944e-16
2016-04-03 00:00:00,18.9,96,0.0,2.3,129,-1.7874357113510329,1.4474368994146258
2016-04-03 01:00:00,18.5,95,0.0,2.3,162,-0.7107390870623789,2.187429987478853
2016-04-03 02:00:00,16.8,98,0.0,1.5,166,-0.36288284339950166,1.4554435894139948
2016-04-03 03:00:00,16.2,93,0.0,1.1,162,-0.3399186938124421,1.046162167924669
2016-04-03 04:00:00,15.9,92,0.0,1.1,180,6.735557395310444e-17,1.1
2016-04-03 05:00:00,15.6,90,0.0,2.5,172,-0.3479327524001634,2.475670171853926
2016-04-03 06:00:00,15.4,90,0.0,4.2,149,-2.163159914622228,3.600102662948872
2016-04-03 07:00:00,17.3,90,0.0,4.1,142,-2.524212048835199,3.23084408978756
2016-04-03 08:00:00,22.5,75,0.0,5.4,184,0.3766849582182763,5.386845871403051
2016-04-03 09:00:00,24.4,70,0.0,9.0,209,4.363286582217034,7.871577364254562
2016-04-03 10:00:00,25.3,71,0.0,10.4,214,5.815606196095767,8.621990754572435
2016-04-03 11:00:00,26.0,70,0.0,11.6,216,6.818308926592688,9.38459713474939
2016-04-03 12:00:00,26.4,70,0.0,14.0,224,9.725217186425962,10.070757204741115
2016-04-03 13:00:00,26.4,70,0.1,13.8,229,10.414992207074254,9.053614600069
2016-04-03 14:00:00,26.4,70,0.1,13.3,229,10.037637416962868,8.725585085573748
2016-04-03 15:00:00,25.6,76,0.2,10.7,225,7.566042558696059,7.566042558696057
2016-04-03 16:00:00,25.1,78,0.0,8.7,232,6.85569355637848,5.356254835333226
2016-04-03 17:00:00,24.5,82,0.0,5.5,247,5.062776693988422,2.149021206691006
2016-04-03 18:00:00,23.8,85,0.0,2.9,300,2.511473670974872,-1.4499999999999997
2016-04-03 19:00:00,22.8,88,0.0,0.5,315,0.3535533905932738,-0.35355339059327373
2016-04-03 20:00:00,22.2,90,0.0,0.4,270,0.4,0.0
2016-04-03 21:00:00,21.2,92,0.0,1.0,225,0.7071067811865476,0.7071067811865475
2016-04-03 22:00:00,18.6,97,0.0,0.4,180,2.4492935982947065e-17,0.4
2016-04-03 23:00:00,17.5,98,0.0,0.5,225,0.3535533905932738,0.35355339059327373
2016-04-04 00:00:00,16.7,96,0.0,0.5,135,-0.35355339059327373,0.3535533905932738
2016-04-04 01:00:00,16.3,94,0.0,1.5,135,-1.0606601717798212,1.0606601717798214
2016-04-04 02:00:00,15.9,92,0.0,1.5,166,-0.36288284339950166,1.4554435894139948
2016-04-04 03:00:00,16.4,89,0.0,2.3,162,-0.7107390870623789,2.187429987478853
2016-04-04 04:00:00,16.0,89,0.0,3.0,166,-0.7257656867990033,2.9108871788279895
2016-04-04 05:00:00,15.5,88,0.0,2.2,180,1.3471114790620887e-16,2.2
2016-04-04 06:00:00,15.2,87,0.0,1.6,153,-0.7263847995832747,1.4256104387013888
2016-04-04 07:00:00,16.7,90,0.0,1.3,124,-1.0777488443215542,0.726950774511971
2016-04-04 08:00:00,22.0,75,0.0,1.8,143,-1.0832670416736871,1.4375439180851268
2016-04-04 09:00:00,24.1,66,0.0,3.5,246,3.197409101749103,1.4235782507653008
2016-04-04 10:00:00,25.1,67,0.0,5.5,247,5.062776693988422,2.149021206691006
2016-04-04 11:00:00,25.7,68,0.0,7.5,253,7.172285669722766,2.192787785420526
2016-04-04 12:00:00,25.6,72,0.0,9.0,265,8.96575228282571,0.7844016847289235
2016-04-04 13:00:00,26.0,72,0.0,7.6,262,7.5260373224359345,1.0577155672964973
2016-04-04 14:00:00,25.9,73,0.0,6.9,264,6.862201078041086,0.721246396546809
2016-04-04 15:00:00,25.5,76,0.0,6.9,276,6.862201078041086,-0.721246396546809
2016-04-04 16:00:00,25.0,78,0.0,7.1,285,6.858073366652385,-1.8376152202278973
2016-04-04 17:00:00,23.9,81,0.0,6.3,301,5.400153994423308,-3.244739871933341
2016-04-04 18:00:00,22.9,85,0.0,6.2,339,2.2218812871808624,-5.788198644282651
2016-04-04 19:00:00,21.5,93,0.0,6.3,13,-1.417191642366351,-6.1385314081469815
2016-04-04 20:00:00,20.9,93,0.0,3.8,41,-2.4930243101639276,-2.8678964048465336
2016-04-04 21:00:00,19.7,95,0.0,2.1,59,-1.800051331474436,-1.0815799573111138
2016-04-04 22:00:00,18.2,95,0.0,2.4,63,-2.138415658052083,-1.089577199374912
2016-04-04 23:00:00,17.5,94,0.0,3.4,108,-3.233592155403522,1.0506577808748214
2016-04-05 00:00:00,16.8,93,0.0,1.8,127,-1.4375439180851273,1.0832670416736867
2016-04-05 01:00:00,16.2,93,0.0,0.4,360,2.4492935982947065e-17,-0.4
2016-04-05 02:00:00,15.9,91,0.0,2.1,59,-1.800051331474436,-1.0815799573111138
2016-04-05 03:00:00,18.9,75,0.0,3.1,54,-2.5079526825623377,-1.8221342821066664
2016-04-05 04:00:00,20.1,68,0.0,3.2,63,-2.8512208774027776,-1.4527695991665495
2016-04-05 05:00:00,19.4,69,0.0,4.0,80,-3.939231012048832,-0.6945927106677219
2016-04-05 06:00:00,18.3,71,0.0,3.3,77,-3.2154212137912763,-0.7423384793347544
2016-04-05 07:00:00,18.5,77,0.0,2.3,51,-1.7874357113510326,-1.4474368994146265
2016-04-05 08:00:00,22.3,67,0.0,1.8,79,-1.7669289302057951,-0.3434561916777805
2016-04-05 09:00:00,24.1,61,0.0,1.8,270,1.8,0.0
2016-04-05 10:00:00,25.0,62,0.0,4.3,265,4.283637201794505,0.3747696938149301
2016-04-05 11:00:00,25.9,64,0.0,6.1,270,6.1,0.0
2016-04-05 12:00:00,26.3,66,0.0,6.8,267,6.790680836331102,0.3558845024520181
2016-04-05 13:00:00,26.1,70,0.0,7.2,267,7.190132650232932,0.37681888494919563
2016-04-05 14:00:00,25.8,72,0.0,6.8,273,6.790680836331102,-0.3558845024520181
2016-04-05 15:00:00,25.4,76,0.0,6.0,287,5.737828535778212,-1.7542302283364206
2016-04-05 16:00:00,25.0,77,0.0,4.0,297,3.5640260967534716,-1.815961998958187
2016-04-05 17:00:00,24.6,78,0.0,1.8,349,0.34345619167778085,-1.7669289302057951
2016-04-05 18:00:00,24.1,79,0.0,3.9,22,-1.460965714322058,-3.6160170328104706
2016-04-05 19:00:00,22.2,88,0.0,3.6,53,-2.875087836170254,-2.1665340833473743
2016-04-05 20:00:00,20.9,86,0.0,1.8,53,-1.437543918085127,-1.0832670416736871
2016-04-05 21:00:00,20.4,84,0.0,1.6,27,-0.7263847995832751,-1.4256104387013886
2016-04-05 22:00:00,20.2,82,0.0,3.2,63,-2.8512208774027776,-1.4527695991665495
2016-04-05 23:00:00,19.4,82,0.0,4.1,75,-3.96029588778518,-1.0611580849203353
2016-04-06 00:00:00,18.7,82,0.0,3.2,63,-2.8512208774027776,-1.4527695991665495
2016-04-06 01:00:00,17.6,83,0.0,2.7,67,-2.485363104321589,-1.0549740469210387
2016-04-06 02:00:00,16.5,85,0.0,3.3,96,-3.2819222547153015,0.3449439287832573
2016-04-06 03:00:00,15.5,88,0.0,3.8,107,-3.633958072659535,1.111012477946399
2016-04-06 04:00:00,15.2,89,0.0,4.5,119,-3.935788682127281,2.181643291108517
2016-04-06 05:00:00,14.9,89,0.0,3.6,135,-2.545584412271571,2.5455844122715714
2016-04-06 06:00:00,14.7,88,0.0,1.8,101,-1.7669289302057951,0.34345619167778096
2016-04-06 07:00:00,16.8,90,0.0,3.3,103,-3.215421213791276,0.7423384793347552
2016-04-06 08:00:00,22.9,71,0.0,1.6,153,-0.7263847995832747,1.4256104387013888
2016-04-06 09:00:00,24.9,62,0.0,4.1,232,3.2308440897875594,2.524212048835199
2016-04-06 10:00:00,25.9,63,0.0,6.2,234,5.0159053651246746,3.6442685642133337
2016-04-06 11:00:00,26.7,64,0.0,7.7,233,6.149493427364155,4.6339756782707715
2016-04-06 12:00:00,27.3,66,0.0,9.7,228,7.208504807130724,6.490566881680924
2016-04-06 13:00:00,27.5,68,0.0,11.7,223,7.979380812731232,8.556838308944293
2016-04-06 14:00:00,27.8,67,0.0,14.1,212,7.471861625688189,11.957478155805605
2016-04-06 15:00:00,28.0,68,0.0,14.2,216,8.346550582553117,11.488041320124253
2016-04-06 16:00:00,27.5,71,0.0,12.8,220,8.227681403987704,9.80536887192292
2016-04-06 17:00:00,26.8,74,0.0,8.9,223,6.069785404556237,6.509047944410617
2016-04-06 18:00:00,26.1,77,0.0,5.4,217,3.2498011250210617,4.312631754255381
2016-04-06 19:00:00,24.1,83,0.0,4.5,166,-1.088648530198505,4.366330768241984
2016-04-06 20:00:00,22.6,85,0.0,5.2,146,-2.907803098047883,4.3109953772862175
2016-04-06 21:00:00,20.9,88,0.0,4.7,148,-2.4906205418960625,3.9858260519352027
2016-04-06 22:00:00,18.9,91,0.0,4.2,160,-1.4364846019678086,3.9467090073008158
2016-04-06 23:00:00,17.6,91,0.0,3.9,158,-1.4609657143220571,3.616017032810471
2016-04-07 00:00:00,16.9,91,0.0,3.8,163,-1.1110124779463992,3.633958072659535
2016-04-07 01:00:00,16.4,90,0.0,3.9,158,-1.4609657143220571,3.616017032810471
2016-04-07 02:00:00,16.3,90,0.0,3.9,158,-1.4609657143220571,3.616017032810471
2016-04-07 03:00:00,16.0,89,0.0,4.0,153,-1.8159619989581868,3.5640260967534716
2016-04-07 04:00:00,15.7,89,0.0,5.0,150,-2.499999999999999,4.330127018922194
2016-04-07 05:00:00,15.6,88,0.0,5.9,142,-3.6324027044213842,4.64926344627966
2016-04-07 06:00:00,15.4,87,0.0,6.1,135,-4.313351365237939,4.31335136523794
2016-04-07 07:00:00,17.7,89,0.0,7.9,137,-5.387787044493737,5.777694242791448
2016-04-07 08:00:00,23.5,74,0.0,8.2,157,-3.2039952536120446,7.548139798310009
2016-04-07 09:00:00,26.4,61,0.0,11.2,186,1.1707187885977186,11.13864522812466
2016-04-07 10:00:00,27.9,58,0.0,14.1,195,3.6493485359455424,13.619554150675864
2016-04-07 11:00:00,28.8,58,0.0,15.2,202,5.694020219921861,14.093194589415168
2016-04-07 12:00:00,29.3,58,0.0,16.4,206,7.18928680734087,14.740222359306339
2016-04-07 13:00:00,29.4,59,0.0,17.1,210,8.550000000000002,14.809034404713902
2016-04-07 14:00:00,29.1,61,0.0,16.7,213,9.095471884750951,14.005798484688581
2016-04-07 15:00:00,28.1,67,0.3,15.7,212,8.319732448461316,13.314355109655887
2016-04-07 16:00:00,27.3,72,0.2,12.7,215,7.284420741658286,10.403230962470195
2016-04-07 17:00:00,26.2,77,0.0,9.8,216,5.760295472466237,7.9283665448744856
2016-04-07 18:00:00,25.2,81,0.0,7.3,213,3.9758649556096977,6.122295146001595
2016-04-07 19:00:00,23.6,89,0.0,7.7,191,1.4692292643993958,7.558529312547013
2016-04-07 20:00:00,22.7,87,0.0,7.9,164,-2.1775351109542926,7.59396739791272
2016-04-07 21:00:00,22.3,85,0.0,7.6,149,-3.9142893693164122,6.5144714853360535
2016-04-07 22:00:00,20.6,88,0.0,7.4,141,-4.656970893768796,5.750880114781586
2016-04-07 23:00:00,18.8,93,0.0,5.4,138,-3.6133052743378347,4.012982057577929
2016-04-08 00:00:00,18.2,94,0.0,5.9,133,-4.314986839553106,4.023790324368742
2016-04-08 01:00:00,17.9,94,0.0,5.4,127,-4.312631754255382,3.2498011250210603
2016-04-08 02:00:00,18.1,91,0.0,5.2,124,-4.310995377286217,2.907803098047884
2016-04-08 03:00:00,17.5,92,0.0,4.9,126,-3.9641832724372423,2.880147736233119
2016-04-08 04:00:00,17.5,91,0.0,5.1,129,-3.963444403430551,3.2095339943541705
2016-04-08 05:00:00,16.8,92,0.0,5.9,133,-4.314986839553106,4.023790324368742
2016-04-08 06:00:00,16.3,91,0.0,4.9,126,-3.9641832724372423,2.880147736233119
2016-04-08 07:00:00,18.3,91,0.0,5.7,125,-4.669166652447254,3.269385687200962
2016-04-08 08:00:00,23.7,76,0.0,3.6,180,2.2043642384652358e-16,3.6
2016-04-08 09:00:00,25.8,65,0.0,6.6,229,4.981083229470295,4.329989591337347
2016-04-08 10:00:00,26.6,65,0.0,7.6,251,7.185941174554808,2.474317973874391
2016-04-08 11:00:00,27.1,66,0.0,7.6,265,7.571079705497266,0.662383644882202
2016-04-08 12:00:00,27.3,68,0.0,7.6,265,7.571079705497266,0.662383644882202
2016-04-08 13:00:00,27.2,70,0.2,8.3,265,8.268415994161488,0.7233926648055629
2016-04-08 14:00:00,26.6,72,0.0,8.3,268,8.294943864258496,0.2896658226307581
2016-04-08 15:00:00,25.9,78,0.1,7.6,270,7.6,0.0
2016-04-08 16:00:00,25.5,80,0.0,6.2,277,6.153786140176196,-0.7555899291119144
2016-04-08 17:00:00,24.8,83,0.0,6.2,291,5.788198644282651,-2.2218812871808615
2016-04-08 18:00:00,23.7,88,0.0,4.3,312,3.195522749552795,-2.8772616073430903
2016-04-08 19:00:00,22.8,92,0.0,2.6,16,-0.7166571251241971,-2.4992804094396295
2016-04-08 20:00:00,22.5,92,0.0,3.1,69,-2.8940993221413254,-1.1109406435904314
2016-04-08 21:00:00,22.1,93,0.0,1.9,68,-1.761649323676896,-0.7117525274902328
2016-04-08 22:00:00,21.4,95,0.0,2.0,45,-1.4142135623730954,-1.414213562373095
2016-04-08 23:00:00,20.2,96,0.0,3.6,84,-3.580278823325784,-0.3763024677635526
2016-04-09 00:00:00,17.8,98,0.0,4.0,85,-3.984778792366982,-0.3486229709906318
2016-04-09 01:00:00,17.0,100,0.0,2.3,72,-2.187429987478853,-0.7107390870623786
2016-04-09 02:00:00,16.9,96,0.0,2.9,60,-2.5114736709748717,-1.4500000000000002
2016-04-09 03:00:00,17.5,93,0.0,3.8,73,-3.6339580726595346,-1.1110124779463997
2016-04-09 04:00:00,16.9,91,0.0,3.6,90,-3.6,4.4087284769304716e-16
2016-04-09 05:00:00,16.6,90,0.0,4.0,100,-3.939231012048832,0.6945927106677211
2016-04-09 06:00:00,16.5,90,0.0,2.4,63,-2.138415658052083,-1.089577199374912
2016-04-09 07:00:00,18.5,92,0.0,2.1,59,-1.800051331474436,-1.0815799573111138
2016-04-09 08:00:00,23.4,70,0.0,0.7000000000000001,360,4.2862637970157366e-17,-0.7000000000000001
2016-04-09 09:00:00,24.2,67,0.0,2.2,270,2.2,0.0
2016-04-09 10:00:00,25.1,66,0.0,6.1,273,6.0916401620029,-0.31924933308195735
2016-04-09 11:00:00,25.7,67,0.0,6.5,276,6.4643923198937765,-0.6794350112397476
2016-04-09 12:00:00,26.1,67,0.0,6.8,267,6.790680836331102,0.3558845024520181
2016-04-09 13:00:00,26.3,68,0.0,6.9,276,6.862201078041086,-0.721246396546809
2016-04-09 14:00:00,25.6,73,0.0,5.8,270,5.8,0.0
2016-04-09 15:00:00,25.6,77,0.0,5.4,270,5.4,0.0
2016-04-09 16:00:00,24.8,80,0.0,5.9,281,5.791600382341218,-1.1257730727216144
2016-04-09 17:00:00,24.1,84,0.0,3.9,292,3.616017032810471,-1.460965714322057
2016-04-09 18:00:00,23.5,85,0.0,1.1,18,-0.33991869381244233,-1.0461621679246689
2016-04-09 19:00:00,23.0,87,0.0,1.1,252,1.0461621679246689,0.33991869381244216
2016-04-09 20:00:00,22.6,89,0.0,1.0,135,-0.7071067811865475,0.7071067811865476
2016-04-09 21:00:00,22.2,90,0.0,1.8,79,-1.7669289302057951,-0.3434561916777805
2016-04-09 22:00:00,20.4,93,0.0,3.3,77,-3.2154212137912763,-0.7423384793347544
2016-04-09 23:00:00,19.3,96,0.0,5.4,82,-5.34744757120448,-0.7515347451843538
2016-04-10 00:00:00,18.5,95,0.0,5.1,98,-5.050367150582009,0.7097828148963331
2016-04-10 01:00:00,17.9,95,0.0,3.8,107,-3.633958072659535,1.111012477946399
2016-04-10 02:00:00,18.0,95,0.0,3.3,131,-2.4905416147351476,2.1649947956686737
2016-04-10 03:00:00,17.7,92,0.0,2.2,171,-0.34415582308850784,2.1729143493093033
2016-04-10 04:00:00,17.9,89,0.0,3.0,166,-0.7257656867990033,2.9108871788279895
2016-04-10 05:00:00,17.8,86,0.0,4.6,141,-2.894873798829251,3.5748714227020666
2016-04-10 06:00:00,17.4,86,0.0,3.8,139,-2.493024310163927,2.867896404846534
2016-04-10 07:00:00,19.1,89,0.0,3.4,122,-2.883363526931848,1.8017254983928965
2016-04-10 08:00:00,23.9,67,0.0,3.8,163,-1.1110124779463992,3.633958072659535
2016-04-10 09:00:00,24.9,64,0.0,8.2,221,5.379684037722159,6.18861855782673
2016-04-10 10:00:00,25.9,63,0.0,10.0,210,5.000000000000001,8.660254037844386
2016-04-10 11:00:00,26.6,62,0.0,13.0,224,9.030558815966964,9.351417404402465
2016-04-10 12:00:00,26.6,64,0.0,15.9,231,12.356620787165838,10.006194217692414
2016-04-10 13:00:00,25.0,72,1.6,14.8,221,9.709673629059509,11.169701787297026
2016-04-10 14:00:00,24.4,74,0.2,9.0,182,0.31409547032250973,8.994517443171862
2016-04-10 15:00:00,24.3,77,0.0,8.4,173,-1.0237024846032379,8.337387673787106
2016-04-10 16:00:00,24.8,74,0.3,7.4,223,5.046787864462489,5.412017391981862
2016-04-10 17:00:00,24.0,78,0.4,4.7,176,-0.3278554265973891,4.688551036221174
2016-04-10 18:00:00,23.0,82,0.4,5.9,142,-3.6324027044213842,4.64926344627966
2016-04-10 19:00:00,22.3,76,0.5,9.2,149,-4.738350289172499,7.8859391664594325
2016-04-10 20:00:00,21.7,75,0.3,10.9,146,-6.095202647831139,9.036509540849956
2016-04-10 21:00:00,20.9,75,0.3,7.9,150,-3.9499999999999984,6.841600689897066
2016-04-10 22:00:00,20.9,73,0.3,8.2,139,-5.379684037722158,6.1886185578267305
2016-04-10 23:00:00,20.7,73,0.2,8.4,140,-5.399415921366931,6.4347733221994154
2016-04-11 00:00:00,19.9,77,0.2,7.9,129,-6.139453095510071,4.971631089293716
2016-04-11 01:00:00,19.5,80,0.3,6.7,126,-5.420413862312147,3.938161190359571
2016-04-11 02:00:00,19.6,81,0.8,6.6,139,-4.329989591337347,4.981083229470296
2016-04-11 03:00:00,19.1,78,0.0,7.7,143,-4.633975678270772,6.149493427364154
2016-04-11 04:00:00,19.1,78,0.0,9.2,154,-4.033014550459513,8.268905225952334
2016-04-11 05:00:00,19.0,78,0.0,9.6,160,-3.2833933759264196,9.02104915954472
2016-04-11 06:00:00,21.4,62,0.0,7.1,156,-2.8878301658381815,6.486172749262466
2016-04-11 07:00:00,21.8,62,0.0,2.4,153,-1.089577199374912,2.138415658052083
2016-04-11 08:00:00,22.5,68,0.0,2.8,230,2.1449244407331385,1.7998053071223097
2016-04-11 09:00:00,22.9,71,0.0,6.5,270,6.5,0.0
2016-04-11 10:00:00,23.5,73,0.0,6.4,286,6.1520748540052415,-1.7640790772287946
2016-04-11 11:00:00,24.1,74,0.0,5.0,270,5.0,0.0
2016-04-11 12:00:00,24.7,71,0.0,5.4,278,5.34744757120448,-0.7515347451843534
2016-04-11 13:00:00,24.1,75,0.7000000000000001,6.5,289,6.1458707413955596,-2.1161930039715187
2016-04-11 14:00:00,23.2,80,0.2,6.5,289,6.1458707413955596,-2.1161930039715187
2016-04-11 15:00:00,23.3,80,0.0,7.6,295,6.887939181478539,-3.211898789229316
2016-04-11 16:00:00,21.8,88,1.3,6.6,315,4.666904755831213,-4.666904755831213
2016-04-11 17:00:00,21.3,90,0.6,5.2,335,2.197614961051637,-4.7128004925905795
2016-04-11 18:00:00,21.0,92,0.3,2.6,344,0.7166571251241979,-2.499280409439629
2016-04-11 19:00:00,20.5,95,0.6,0.4,90,-0.4,4.898587196589413e-17
2016-04-11 20:00:00,20.0,96,0.3,3.4,108,-3.233592155403522,1.0506577808748214
2016-04-11 21:00:00,20.3,93,0.1,2.6,124,-2.1554976886431083,1.453901549023942
2016-04-11 22:00:00,19.8,93,0.0,0.8,27,-0.36319239979163753,-0.7128052193506943
2016-04-11 23:00:00,19.3,94,0.0,3.7,11,-0.7059932828932151,-3.632020578756357
2016-04-12 00:00:00,20.0,92,0.2,3.6,37,-2.166534083347374,-2.875087836170254
2016-04-12 01:00:00,19.5,94,0.3,1.8,79,-1.7669289302057951,-0.3434561916777805
2016-04-12 02:00:00,18.0,97,0.1,2.6,106,-2.499280409439629,0.716657125124198
2016-04-12 03:00:00,19.4,93,0.0,3.6,96,-3.580278823325784,0.37630246776355347
2016-04-12 04:00:00,18.7,92,0.0,2.3,51,-1.7874357113510326,-1.4474368994146265
2016-04-12 05:00:00,17.3,94,0.0,3.1,54,-2.5079526825623377,-1.8221342821066664
2016-04-12 06:00:00,16.9,93,0.0,2.5,45,-1.7677669529663693,-1.7677669529663687
2016-04-12 07:00:00,19.4,90,0.0,1.8,37,-1.083267041673687,-1.437543918085127
2016-04-12 08:00:00,21.4,85,0.0,2.8,310,2.1449244407331385,-1.7998053071223097
2016-04-12 09:00:00,22.5,81,0.0,2.9,270,2.9,0.0
2016-04-12 10:00:00,23.8,75,0.0,3.6,270,3.6,0.0
2016-04-12 11:00:00,24.7,72,0.0,4.4,261,4.3458286986186065,0.6883116461770159
2016-04-12 12:00:00,25.4,68,0.3,6.6,248,6.1194134401407965,2.472403516545019
2016-04-12 13:00:00,25.1,71,0.3,9.0,247,8.284543681071963,3.5165801564034638
2016-04-12 14:00:00,24.9,73,0.4,8.4,245,7.61298541110786,3.5499933986218752
2016-04-12 15:00:00,24.3,77,0.4,6.4,218,3.9402334420842133,5.043268823083022
2016-04-12 16:00:00,24.7,75,0.2,5.1,219,3.209533994354171,3.963444403430551
2016-04-12 17:00:00,24.0,79,0.0,5.9,232,4.64926344627966,3.6324027044213842
2016-04-12 18:00:00,23.2,83,0.0,3.4,252,3.233592155403522,1.0506577808748212
2016-04-12 19:00:00,21.9,89,0.2,4.3,228,3.195522749552795,2.8772616073430903
2016-04-12 20:00:00,21.1,94,0.9,4.8,207,2.1791543987498248,4.276831316104166
2016-04-12 21:00:00,21.4,91,0.8,5.0,210,2.5000000000000004,4.330127018922193
2016-04-12 22:00:00,21.4,90,0.8,5.3,208,2.4881992827652213,4.679622242152313
2016-04-12 23:00:00,20.5,92,0.6,5.8,173,-0.7068421917498547,5.756767679519668
2016-04-13 00:00:00,20.0,92,0.5,9.2,154,-4.033014550459513,8.268905225952334
2016-04-13 01:00:00,20.2,91,0.4,9.8,152,-4.600821315301731,8.652886410017484
2016-04-13 02:00:00,20.3,89,0.2,9.4,148,-4.981241083792125,7.971652103870405
2016-04-13 03:00:00,20.6,87,0.5,9.4,140,-6.04220353105347,7.200817765318393
2016-04-13 04:00:00,20.4,87,0.5,9.5,155,-4.0148734865366436,8.609923976848176
2016-04-13 05:00:00,20.0,87,1.2,10.4,166,-2.515987714236545,10.091075553270363
2016-04-13 06:00:00,20.3,85,1.4,9.4,157,-3.6728726077991736,8.652745622452938
2016-04-13 07:00:00,21.1,84,0.7000000000000001,10.8,150,-5.399999999999998,9.353074360871938
2016-04-13 08:00:00,22.6,81,0.2,11.4,152,-5.351975815759157,10.065602558591767
2016-04-13 09:00:00,23.9,79,0.1,13.4,166,-3.2417534010355484,13.001962732098352
2016-04-13 10:00:00,25.0,74,0.6,15.2,175,-1.3247672897644052,15.142159410994532
2016-04-13 11:00:00,24.7,77,0.9,13.7,153,-6.219669846431789,12.20678938138064
2016-04-13 12:00:00,24.0,84,2.4,14.4,158,-5.394334945189134,13.351447505761739
2016-04-13 13:00:00,22.8,88,4.1,15.3,161,-4.981192763194497,14.466434206669549
2016-04-13 14:00:00,23.0,88,4.4,18.0,178,-0.6281909406450172,17.989034886343724
2016-04-13 15:00:00,22.7,82,2.9,19.8,181,0.34555764745821527,19.79698436409655
2016-04-13 16:00:00,22.5,83,1.4,16.6,180,1.0164568432923032e-15,16.6
2016-04-13 17:00:00,22.0,84,1.3,14.4,177,-0.7536377698983914,14.380265300465863
2016-04-13 18:00:00,22.1,84,1.7000000000000002,8.9,159,-3.1894747509531727,8.308865795825096
2016-04-13 19:00:00,22.0,85,2.9,9.9,170,-1.71911695890261,9.74959675482086
2016-04-13 20:00:00,21.9,86,1.1,9.7,176,-0.6766377953180156,9.676371287520293
2016-04-13 21:00:00,21.7,87,1.7000000000000002,9.4,180,5.755839955992561e-16,9.4
2016-04-13 22:00:00,21.5,87,1.6,10.1,180,6.184466335694133e-16,10.1
2016-04-13 23:00:00,21.5,84,1.2,10.1,174,-1.055737479003301,10.04467114321956
2016-04-14 00:00:00,21.4,85,1.2,8.7,173,-1.060263287624782,8.635151519279502
2016-04-14 01:00:00,21.1,86,1.2,8.9,159,-3.1894747509531727,8.308865795825096
2016-04-14 02:00:00,21.0,86,0.8,8.5,152,-3.990508283680073,7.505054539300878
2016-04-14 03:00:00,20.5,88,0.8,8.4,149,-4.326319829244456,7.200205325897744
2016-04-14 04:00:00,20.4,88,0.5,8.0,144,-4.702282018339784,6.47213595499958
2016-04-14 05:00:00,20.2,89,0.0,7.7,143,-4.633975678270772,6.149493427364154
2016-04-14 06:00:00,20.0,88,0.1,7.2,143,-4.333068166694749,5.750175672340507
2016-04-14 07:00:00,21.0,91,0.0,6.3,156,-2.5624408513775414,5.755336383148386
2016-04-14 08:00:00,23.6,80,0.2,7.6,177,-0.3977532674463732,7.589584464134761
2016-04-14 09:00:00,23.4,79,0.5,9.0,196,2.4807362023529924,8.65135526344487
2016-04-14 10:00:00,24.4,77,0.1,10.5,186,1.0975488643103612,10.44247990136687
2016-04-14 11:00:00,25.4,75,0.2,11.3,211,5.8199302464836125,9.68599049793387
2016-04-14 12:00:00,25.4,79,0.2,10.5,239,9.00025665737218,5.407899786555569
2016-04-14 13:00:00,25.4,80,0.8,10.7,222,7.159697488039782,7.951649632608118
2016-04-14 14:00:00,25.3,81,0.6,12.8,218,7.880466884168427,10.086537646166043
2016-04-14 15:00:00,24.8,82,1.6,12.5,219,7.866504888122969,9.714324518212136
2016-04-14 16:00:00,24.7,83,0.6,8.8,199,2.8649997592229797,8.320563465273988
2016-04-14 17:00:00,24.6,84,0.5,5.5,212,2.914555953282627,4.664264528860342
2016-04-14 18:00:00,23.3,91,0.9,6.0,253,5.737828535778212,1.7542302283364206
2016-04-14 19:00:00,22.5,95,1.2,5.4,217,3.2498011250210617,4.312631754255381
2016-04-14 20:00:00,22.4,94,1.3,5.4,184,0.3766849582182763,5.386845871403051
2016-04-14 21:00:00,22.3,93,1.1,5.9,194,1.4273391840380394,5.7247447850283795
2016-04-14 22:00:00,21.6,94,1.6,4.8,207,2.1791543987498248,4.276831316104166
2016-04-14 23:00:00,21.7,93,3.4,4.0,280,3.939231012048832,-0.6945927106677213
2016-04-15 00:00:00,21.7,92,4.8,4.1,232,3.2308440897875594,2.524212048835199
2016-04-15 01:00:00,21.8,90,8.0,5.2,164,-1.433314250248395,4.998560818879258
2016-04-15 02:00:00,21.6,92,14.3,7.5,145,-4.301823272632846,6.143640332167438
2016-04-15 03:00:00,21.0,92,5.1,7.6,149,-3.9142893693164122,6.5144714853360535
2016-04-15 04:00:00,20.8,92,1.8,6.5,161,-2.116193003971518,6.1458707413955596
2016-04-15 05:00:00,21.7,85,0.7000000000000001,4.9,144,-2.880147736233118,3.9641832724372428
2016-04-15 06:00:00,22.0,81,0.4,6.6,158,-2.4724035165450196,6.1194134401407965
2016-04-15 07:00:00,22.0,86,0.2,4.6,162,-1.4214781741247577,4.374859974957706
2016-04-15 08:00:00,23.9,78,0.0,6.2,173,-0.7555899291119137,6.153786140176197
2016-04-15 09:00:00,25.1,76,0.0,6.4,196,1.7640790772287946,6.1520748540052415
2016-04-15 10:00:00,26.4,74,0.0,6.9,227,5.046340541172277,4.70578868443124
2016-04-15 11:00:00,26.8,74,0.3,8.8,261,8.691657397237213,1.3766232923540318
2016-04-15 12:00:00,24.9,82,0.5,6.9,264,6.862201078041086,0.721246396546809
2016-04-15 13:00:00,24.9,80,0.7000000000000001,4.4,235,3.604268994871564,2.523736319944603
2016-04-15 14:00:00,24.4,84,1.2,6.2,277,6.153786140176196,-0.7555899291119144
2016-04-15 15:00:00,23.9,89,0.3,7.3,290,6.859756131737131,-2.4967470462773815
2016-04-15 16:00:00,23.4,91,1.2,4.6,309,3.5748714227020657,-2.8948737988292517
2016-04-15 17:00:00,22.9,94,0.2,3.4,328,1.8017254983928965,-2.883363526931848
2016-04-15 18:00:00,22.4,96,0.1,5.5,11,-1.0494494745709955,-5.3989495089621515
2016-04-15 19:00:00,22.0,96,0.0,5.3,28,-2.488199282765221,-4.679622242152313
2016-04-15 20:00:00,21.1,98,0.0,4.2,70,-3.9467090073008158,-1.4364846019678084
2016-04-15 21:00:00,20.6,96,0.0,2.2,90,-2.2,2.6942229581241775e-16
2016-04-15 22:00:00,20.0,95,0.0,2.3,129,-1.7874357113510329,1.4474368994146258
2016-04-15 23:00:00,21.0,88,0.0,1.9,112,-1.7616493236768958,0.7117525274902332
2016-04-16 00:00:00,22.0,83,0.0,1.5,104,-1.4554435894139948,0.3628828433995016
2016-04-16 01:00:00,21.7,82,0.0,1.1,90,-1.1,1.3471114790620887e-16
2016-04-16 02:00:00,21.3,82,0.0,0.8,63,-0.7128052193506944,-0.36319239979163737
2016-04-16 03:00:00,19.5,81,0.0,1.1,72,-1.046162167924669,-0.33991869381244205
2016-04-16 04:00:00,18.7,82,0.0,1.3,56,-1.0777488443215544,-0.7269507745119708
2016-04-16 05:00:00,18.5,80,0.0,1.1,108,-1.0461621679246689,0.3399186938124423
2016-04-16 06:00:00,19.3,74,0.0,1.1,162,-0.3399186938124421,1.046162167924669
2016-04-16 07:00:00,21.1,73,0.0,3.9,158,-1.4609657143220571,3.616017032810471
2016-04-16 08:00:00,23.5,69,0.0,8.8,199,2.8649997592229797,8.320563465273988
2016-04-16 09:00:00,25.0,68,0.0,13.1,201,4.694620139043435,12.229903587113343
2016-04-16 10:00:00,26.3,65,0.0,15.8,201,5.662213602815746,14.750570738655789
2016-04-16 11:00:00,27.4,61,0.0,16.1,204,6.548459953520384,14.708081868045875
2016-04-16 12:00:00,28.3,57,0.0,18.2,207,8.262627095259752,16.216318740228292
2016-04-16 13:00:00,28.6,57,0.0,18.8,209,9.114420860631139,16.44285049422064
2016-04-16 14:00:00,28.5,59,0.0,17.6,208,8.26269950503168,15.539877634317115
2016-04-16 15:00:00,27.3,69,0.1,16.1,204,6.548459953520384,14.708081868045875
2016-04-16 16:00:00,27.0,71,0.1,13.9,197,4.063966695646041,13.292636107886192
2016-04-16 17:00:00,26.5,73,0.0,10.4,182,0.36295476570601126,10.393664600998596
2016-04-16 18:00:00,25.5,73,0.0,8.1,159,-2.902780391316932,7.5620014546273335
2016-04-16 19:00:00,23.5,78,0.0,8.4,149,-4.326319829244456,7.200205325897744
2016-04-16 20:00:00,21.8,80,0.0,4.0,153,-1.8159619989581868,3.5640260967534716
2016-04-16 21:00:00,21.0,76,0.0,4.3,156,-1.748967565225941,3.9282454678631837
2016-04-16 22:00:00,19.6,77,0.0,4.6,141,-2.894873798829251,3.5748714227020666
2016-04-16 23:00:00,18.4,78,0.0,3.1,159,-1.1109406435904308,2.8940993221413254
2016-04-17 00:00:00,17.5,80,0.0,2.5,172,-0.3479327524001634,2.475670171853926
2016-04-17 01:00:00,17.3,78,0.0,1.6,207,0.726384799583275,1.4256104387013886
2016-04-17 02:00:00,17.4,75,0.1,1.5,284,1.4554435894139948,-0.3628828433995016
2016-04-17 03:00:00,16.9,76,0.1,1.4,360,8.572527594031472e-17,-1.4
2016-04-17 04:00:00,17.2,73,0.0,2.6,56,-2.1554976886431088,-1.4539015490239415
2016-04-17 05:00:00,16.9,72,0.0,3.0,76,-2.9108871788279895,-0.7257656867990026
2016-04-17 06:00:00,16.7,74,0.0,3.2,90,-3.2,3.9188697572715305e-16
2016-04-17 07:00:00,18.9,83,0.0,2.9,97,-2.8783838397598336,0.35342109587492787
2016-04-17 08:00:00,24.3,57,0.0,0.8,207,0.3631923997916375,0.7128052193506943
2016-04-17 09:00:00,25.5,55,0.0,5.1,274,5.087576656325103,-0.35575801609503904
2016-04-17 10:00:00,25.8,62,0.0,5.4,270,5.4,0.0
2016-04-17 11:00:00,26.5,63,0.1,5.7,252,5.421022142882375,1.7613968679372003
2016-04-17 12:00:00,27.2,63,0.0,7.8,236,6.466493065929325,4.361704647071826
2016-04-17 13:00:00,27.4,65,0.0,9.5,233,7.587037345449282,5.717242719944458
2016-04-17 14:00:00,27.5,68,0.0,10.7,228,7.951649632608118,7.159697488039782
2016-04-17 15:00:00,27.1,72,0.0,11.2,228,8.323222045346816,7.494262791219212
2016-04-17 16:00:00,26.5,76,0.0,10.0,244,8.98794046299167,4.383711467890774
2016-04-17 17:00:00,25.5,81,0.0,7.4,241,6.472185832831529,3.5875911898228945
2016-04-17 18:00:00,24.9,82,0.0,4.8,243,4.276831316104166,2.1791543987498243
2016-04-17 19:00:00,23.9,86,0.0,3.9,202,1.4609657143220567,3.616017032810471
2016-04-17 20:00:00,23.5,88,0.0,2.7,157,-1.0549740469210394,2.4853631043215887
2016-04-17 21:00:00,23.0,90,0.0,1.9,112,-1.7616493236768958,0.7117525274902332
2016-04-17 22:00:00,20.7,95,0.0,2.1,121,-1.8000513314744357,1.0815799573111142
2016-04-17 23:00:00,19.5,96,0.0,2.6,146,-1.4539015490239415,2.1554976886431088
2016-04-18 00:00:00,18.7,94,0.0,3.9,146,-2.180852323535912,3.233246532964663
2016-04-18 01:00:00,18.3,92,0.0,5.0,159,-1.7918397477265013,4.667902132486009
2016-04-18 02:00:00,17.8,90,0.0,6.0,155,-2.535709570444196,5.4378467222199
2016-04-18 03:00:00,20.5,76,0.0,5.2,146,-2.907803098047883,4.3109953772862175
2016-04-18 04:00:00,22.2,68,0.0,4.7,157,-1.8364363038995868,4.326372811226469
2016-04-18 05:00:00,19.6,76,0.0,2.1,149,-1.081579957311114,1.800051331474436
2016-04-18 06:00:00,18.7,80,0.0,3.1,69,-2.8940993221413254,-1.1109406435904314
2016-04-18 07:00:00,20.2,87,0.3,4.0,100,-3.939231012048832,0.6945927106677211
2016-04-18 08:00:00,23.1,74,0.2,3.8,131,-2.8678964048465336,2.4930243101639276
2016-04-18 09:00:00,24.8,67,0.0,4.3,185,0.37476969381492997,4.283637201794505
2016-04-18 10:00:00,26.1,64,0.0,7.4,219,4.656970893768798,5.750880114781585
2016-04-18 11:00:00,26.6,66,0.0,10.0,221,6.560590289905073,7.54709580222772
2016-04-18 12:00:00,27.4,65,0.0,12.3,230,9.42234665036343,7.9062875991444335
2016-04-18 13:00:00,25.5,73,0.9,8.7,265,8.666893873398186,0.7582549619046259
2016-04-18 14:00:00,24.0,83,3.7,2.9,240,2.511473670974872,1.4499999999999997
2016-04-18 15:00:00,24.3,80,0.0,3.8,311,2.8678964048465336,-2.4930243101639276
2016-04-18 16:00:00,22.4,90,0.0,10.6,336,4.311408416603482,-9.683581851011569
2016-04-18 17:00:00,21.2,93,0.0,11.3,351,1.7677094549546095,-11.160878248725057
2016-04-18 18:00:00,20.3,93,0.3,8.8,9,-1.3766232923540331,-8.691657397237211
2016-04-18 19:00:00,19.7,95,0.5,8.6,22,-3.2216167033768457,-7.97378114927437
2016-04-18 20:00:00,19.3,96,0.0,7.6,31,-3.914289369316414,-6.514471485336052
2016-04-18 21:00:00,18.9,96,0.0,6.0,33,-3.267834210090162,-5.032023407672544
2016-04-18 22:00:00,19.7,92,0.0,4.7,23,-1.836436303899587,-4.326372811226469
2016-04-18 23:00:00,19.7,92,0.2,4.6,18,-1.4214781741247586,-4.3748599749577055
2016-04-19 00:00:00,19.1,93,0.3,4.8,27,-2.179154398749825,-4.276831316104166
2016-04-19 01:00:00,19.1,92,0.1,4.0,27,-1.8159619989581877,-3.564026096753471
2016-04-19 02:00:00,18.5,92,0.0,3.4,32,-1.801725498392897,-2.883363526931848
2016-04-19 03:00:00,15.8,97,0.0,2.6,34,-1.453901549023941,-2.1554976886431088
2016-04-19 04:00:00,16.3,93,0.0,2.6,16,-0.7166571251241971,-2.4992804094396295
2016-04-19 05:00:00,17.3,87,0.0,2.4,27,-1.0895771993749126,-2.138415658052083
2016-04-19 06:00:00,17.9,84,0.0,1.8,37,-1.083267041673687,-1.437543918085127
2016-04-19 07:00:00,19.6,86,0.0,1.1,360,6.735557395310444e-17,-1.1
2016-04-19 08:00:00,21.8,81,0.0,2.8,320,1.7998053071223101,-2.1449244407331385
2016-04-19 09:00:00,22.9,79,0.0,3.6,307,2.875087836170254,-2.166534083347374
2016-04-19 10:00:00,24.0,78,0.0,5.0,300,4.330127018922194,-2.4999999999999996
2016-04-19 11:00:00,24.8,77,0.0,6.6,292,6.1194134401407965,-2.472403516545019
2016-04-19 12:00:00,25.3,76,0.2,7.4,299,6.472185832831529,-3.5875911898228945
2016-04-19 13:00:00,25.3,77,0.4,7.1,300,6.148780366869515,-3.5499999999999994
2016-04-19 14:00:00,25.1,78,0.4,7.1,311,5.358438019581681,-4.658019105832602
2016-04-19 15:00:00,24.3,82,0.2,7.4,321,4.656970893768798,-5.750880114781585
2016-04-19 16:00:00,24.1,82,0.0,7.9,330,3.950000000000001,-6.841600689897065
2016-04-19 17:00:00,23.6,83,0.0,6.9,332,3.239353783222647,-6.092338390726596
2016-04-19 18:00:00,22.6,87,0.0,5.5,328,2.914555953282627,-4.664264528860342
2016-04-19 19:00:00,21.9,90,0.0,6.3,336,2.5624408513775414,-5.755336383148386
2016-04-19 20:00:00,21.4,92,0.0,4.3,24,-1.7489675652259404,-3.928245467863184
2016-04-19 21:00:00,21.0,93,0.0,2.4,63,-2.138415658052083,-1.089577199374912
2016-04-19 22:00:00,20.8,93,0.0,1.9,68,-1.761649323676896,-0.7117525274902328
2016-04-19 23:00:00,20.7,93,0.0,2.0,45,-1.4142135623730954,-1.414213562373095
2016-04-20 00:00:00,20.6,92,0.0,2.8,40,-1.7998053071223103,-2.144924440733138
2016-04-20 01:00:00,20.2,94,0.0,3.8,49,-2.867896404846534,-2.4930243101639267
2016-04-20 02:00:00,20.1,94,0.0,3.6,45,-2.545584412271572,-2.545584412271571
2016-04-20 03:00:00,20.3,89,0.0,3.1,54,-2.5079526825623377,-1.8221342821066664
2016-04-20 04:00:00,19.7,89,0.0,2.6,56,-2.1554976886431088,-1.4539015490239415
2016-04-20 05:00:00,18.8,90,0.0,2.6,56,-2.1554976886431088,-1.4539015490239415
2016-04-20 06:00:00,18.4,89,0.0,2.3,51,-1.7874357113510326,-1.4474368994146265
2016-04-20 07:00:00,21.0,87,0.0,2.0,45,-1.4142135623730954,-1.414213562373095
2016-04-20 08:00:00,23.3,82,0.0,3.1,315,2.1920310216782974,-2.192031021678297
2016-04-20 09:00:00,24.5,80,0.0,4.7,293,4.32637281122647,-1.8364363038995868
2016-04-20 10:00:00,25.8,76,0.0,5.7,288,5.421022142882375,-1.7613968679372003
2016-04-20 11:00:00,26.6,74,0.0,6.9,276,6.862201078041086,-0.721246396546809
2016-04-20 12:00:00,27.2,72,0.0,7.1,255,6.858073366652385,1.8376152202278973
2016-04-20 13:00:00,27.3,72,0.0,8.6,248,7.973781149274371,3.221616703376843
2016-04-20 14:00:00,26.8,73,0.4,9.7,248,8.993683389297837,3.6336839561343464
2016-04-20 15:00:00,24.9,82,0.8,7.2,264,7.160557646651568,0.7526049355271051
2016-04-20 16:00:00,24.7,83,0.0,4.7,293,4.32637281122647,-1.8364363038995868
2016-04-20 17:00:00,24.2,87,0.0,3.4,302,2.883363526931848,-1.8017254983928965
2016-04-20 18:00:00,23.6,90,0.0,2.9,300,2.511473670974872,-1.4499999999999997
2016-04-20 19:00:00,22.9,93,0.0,2.2,279,2.1729143493093033,-0.34415582308850795
2016-04-20 20:00:00,22.4,94,0.0,1.8,101,-1.7669289302057951,0.34345619167778096
2016-04-20 21:00:00,22.0,96,0.0,2.3,72,-2.187429987478853,-0.7107390870623786
2016-04-20 22:00:00,19.6,98,0.0,2.9,90,-2.9,3.5514757175273243e-16
2016-04-20 23:00:00,18.8,99,0.0,3.3,103,-3.215421213791276,0.7423384793347552
2016-04-21 00:00:00,18.2,99,0.0,2.7,113,-2.485363104321589,1.0549740469210394
2016-04-21 01:00:00,18.0,96,0.0,4.4,145,-2.5237363199446032,3.6042689948715636
2016-04-21 02:00:00,17.6,95,0.0,5.4,138,-3.6133052743378347,4.012982057577929
2016-04-21 03:00:00,17.6,94,0.0,6.1,140,-3.92100441908789,4.6728711030257655
2016-04-21 04:00:00,17.5,93,0.0,6.9,141,-4.342310698243877,5.3623071340531006
2016-04-21 05:00:00,17.4,91,0.0,7.2,143,-4.333068166694749,5.750175672340507
2016-04-21 06:00:00,17.4,90,0.0,5.7,145,-3.269385687200963,4.669166652447252
2016-04-21 07:00:00,20.2,90,0.0,7.5,145,-4.301823272632846,6.143640332167438
2016-04-21 08:00:00,25.0,74,0.0,7.9,177,-0.41345405431925636,7.889173324561134
2016-04-21 09:00:00,27.2,66,0.0,11.5,200,3.9332316482451914,10.806465139037945
2016-04-21 10:00:00,28.3,64,0.0,13.4,204,5.450271017215723,12.241509132410853
2016-04-21 11:00:00,28.8,64,0.0,15.0,207,6.809857496093202,13.365097862825516
2016-04-21 12:00:00,29.1,63,0.0,15.3,207,6.9460546460150665,13.632399820082028
2016-04-21 13:00:00,28.5,66,0.4,15.3,207,6.9460546460150665,13.632399820082028
2016-04-21 14:00:00,28.3,68,0.0,14.5,203,5.665601363094469,13.347320375060386
2016-04-21 15:00:00,27.4,72,0.0,13.0,199,4.232386007943038,12.291741482791117
2016-04-21 16:00:00,27.2,71,0.5,11.0,199,3.5812496990287244,10.400704331592484
2016-04-21 17:00:00,26.3,76,0.6,9.6,200,3.2833933759264204,9.02104915954472
2016-04-21 18:00:00,25.1,81,0.7000000000000001,5.4,222,3.6133052743378347,4.012982057577929
2016-04-21 19:00:00,23.8,86,0.0,7.1,156,-2.8878301658381815,6.486172749262466
2016-04-21 20:00:00,22.5,90,0.0,6.4,137,-4.364789504399989,4.6806636903626915
2016-04-21 21:00:00,21.3,91,0.0,6.4,137,-4.364789504399989,4.6806636903626915
2016-04-21 22:00:00,20.3,91,0.0,5.1,141,-3.20953399435417,3.963444403430552
2016-04-21 23:00:00,19.7,91,0.0,4.8,138,-3.2118269105225195,3.5670951622914924
2016-04-22 00:00:00,19.2,90,0.0,4.1,142,-2.524212048835199,3.23084408978756
2016-04-22 01:00:00,18.8,88,0.0,4.1,142,-2.524212048835199,3.23084408978756
2016-04-22 02:00:00,18.4,86,0.0,4.1,135,-2.8991378028648445,2.899137802864845
2016-04-22 03:00:00,18.4,86,0.0,3.8,131,-2.8678964048465336,2.4930243101639276
2016-04-22 04:00:00,17.9,86,0.0,3.8,139,-2.493024310163927,2.867896404846534
2016-04-22 05:00:00,17.6,85,0.0,3.6,143,-2.1665340833473743,2.8750878361702537
2016-04-22 06:00:00,17.5,86,0.0,2.5,135,-1.7677669529663687,1.7677669529663689
2016-04-22 07:00:00,20.2,88,0.0,3.6,127,-2.8750878361702545,2.1665340833473734
2016-04-22 08:00:00,25.1,66,0.0,3.4,198,1.0506577808748212,3.233592155403522
2016-04-22 09:00:00,26.5,60,0.0,6.4,232,5.043268823083021,3.9402334420842133
2016-04-22 10:00:00,27.0,64,0.0,8.1,249,7.5620014546273335,2.902780391316932
2016-04-22 11:00:00,27.0,70,0.0,8.3,252,7.893769085249775,2.5648410533120636
2016-04-22 12:00:00,27.1,70,0.0,9.1,252,8.654614298285896,2.8120546488120213
2016-04-22 13:00:00,27.6,71,0.0,10.2,247,9.389149505214892,3.9854575105905923
2016-04-22 14:00:00,27.3,71,0.3,10.1,243,8.999165894302516,4.585304047369422
2016-04-22 15:00:00,25.8,74,0.9,7.8,236,6.466493065929325,4.361704647071826
2016-04-22 16:00:00,26.3,72,0.1,8.2,232,6.461688179575119,5.048424097670398
2016-04-22 17:00:00,26.1,73,0.0,6.4,227,4.6806636903626915,4.36478950439999
2016-04-22 18:00:00,25.3,79,0.5,3.7,209,1.7937955949114475,3.2360929164157644
2016-04-22 19:00:00,23.7,88,0.3,4.4,171,-0.6883116461770157,4.3458286986186065
2016-04-22 20:00:00,22.3,89,0.0,4.5,166,-1.088648530198505,4.366330768241984
2016-04-22 21:00:00,20.7,91,0.0,4.8,167,-1.079765060850552,4.676976310969129
2016-04-22 22:00:00,19.4,93,0.0,5.5,157,-2.149021206691006,5.062776693988422
2016-04-22 23:00:00,18.5,95,0.0,5.0,159,-1.7918397477265013,4.667902132486009
2016-04-23 00:00:00,18.2,92,0.0,4.9,163,-1.4326213531414098,4.685893304218874
2016-04-23 01:00:00,17.9,89,0.0,5.5,148,-2.914555953282626,4.664264528860343
2016-04-23 02:00:00,17.8,86,0.0,5.9,142,-3.6324027044213842,4.64926344627966
2016-04-23 03:00:00,18.0,85,0.0,6.6,139,-4.329989591337347,4.981083229470296
2016-04-23 04:00:00,17.7,85,0.0,6.1,140,-3.92100441908789,4.6728711030257655
2016-04-23 05:00:00,17.2,86,0.0,6.1,140,-3.92100441908789,4.6728711030257655
2016-04-23 06:00:00,17.3,86,0.0,5.1,141,-3.20953399435417,3.963444403430552
2016-04-23 07:00:00,19.8,88,0.0,7.1,135,-5.020458146424486,5.020458146424487
2016-04-23 08:00:00,24.7,69,0.0,7.6,161,-2.4743179738743906,7.185941174554808
2016-04-23 09:00:00,26.6,59,0.0,9.7,182,0.33852511801426044,9.694091022085228
2016-04-23 10:00:00,27.5,59,0.0,11.3,197,3.303800263366926,10.806243742382302
2016-04-23 11:00:00,28.2,60,0.0,11.9,215,6.8255595925774495,9.747909327039002
2016-04-23 12:00:00,28.6,60,0.0,13.3,221,8.725585085573748,10.037637416962868
2016-04-23 13:00:00,28.6,62,0.0,13.5,222,9.033263185844586,10.032455143944823
2016-04-23 14:00:00,28.6,63,0.0,12.6,217,7.582869291715809,10.062807426595889
2016-04-23 15:00:00,27.4,66,0.0,10.0,210,5.000000000000001,8.660254037844386
2016-04-23 16:00:00,27.0,68,0.0,8.7,218,5.356254835333226,6.855693556378481
2016-04-23 17:00:00,26.5,71,0.0,6.0,237,5.032023407672544,3.2678342100901627
2016-04-23 18:00:00,25.4,81,0.0,5.5,247,5.062776693988422,2.149021206691006
2016-04-23 19:00:00,24.9,75,0.0,2.9,187,0.3534210958749277,2.8783838397598336
2016-04-23 20:00:00,22.8,82,0.0,4.1,135,-2.8991378028648445,2.899137802864845
2016-04-23 21:00:00,21.3,86,0.0,4.8,132,-3.567095162291491,3.21182691052252
2016-04-23 22:00:00,20.1,89,0.0,4.3,132,-3.195522749552794,2.8772616073430908
2016-04-23 23:00:00,19.1,89,0.0,2.8,140,-1.7998053071223101,2.1449244407331385
2016-04-24 00:00:00,18.4,89,0.0,4.4,145,-2.5237363199446032,3.6042689948715636
2016-04-24 01:00:00,17.8,88,0.0,5.1,141,-3.20953399435417,3.963444403430552
2016-04-24 02:00:00,17.6,86,0.0,5.4,138,-3.6133052743378347,4.012982057577929
2016-04-24 03:00:00,17.7,88,0.0,5.1,135,-3.606244584051392,3.6062445840513924
2016-04-24 04:00:00,17.7,86,0.0,4.8,132,-3.567095162291491,3.21182691052252
2016-04-24 05:00:00,17.7,85,0.0,5.4,132,-4.012982057577928,3.613305274337835
2016-04-24 06:00:00,17.8,85,0.0,5.4,132,-4.012982057577928,3.613305274337835
2016-04-24 07:00:00,19.9,87,0.0,4.8,117,-4.276831316104166,2.1791543987498248
2016-04-24 08:00:00,23.3,75,0.0,6.5,124,-5.38874422160777,3.634753872559855
2016-04-24 09:00:00,25.0,64,0.0,5.5,157,-2.149021206691006,5.062776693988422
2016-04-24 10:00:00,26.3,60,0.0,6.9,208,3.239353783222647,6.092338390726596
2016-04-24 11:00:00,26.5,64,0.0,8.2,218,5.048424097670398,6.46168817957512
2016-04-24 12:00:00,27.0,67,0.0,8.7,210,4.3500000000000005,7.534421012924615
2016-04-24 13:00:00,27.0,69,0.0,9.5,205,4.014873486536644,8.609923976848174
2016-04-24 14:00:00,26.8,70,0.2,10.2,198,3.151973342624464,9.700776466210565
2016-04-24 15:00:00,27.2,61,0.0,10.1,207,4.585304047369423,8.999165894302514
2016-04-24 16:00:00,26.9,63,0.0,10.2,203,3.985457510590592,9.389149505214892
2016-04-24 17:00:00,26.2,69,0.0,9.2,211,4.738350289172498,7.8859391664594325
2016-04-24 18:00:00,25.2,74,0.0,7.1,225,5.020458146424487,5.020458146424486
2016-04-24 19:00:00,23.3,84,0.0,8.0,190,1.3891854213354433,7.878462024097664
2016-04-24 20:00:00,22.2,84,0.0,6.9,174,-0.7212463965468096,6.862201078041086
2016-04-24 21:00:00,22.0,81,0.0,8.2,157,-3.2039952536120446,7.548139798310009
2016-04-24 22:00:00,21.2,81,0.0,8.2,142,-5.048424097670398,6.46168817957512
2016-04-24 23:00:00,20.0,84,0.0,7.6,135,-5.37401153701776,5.374011537017761
2016-04-25 00:00:00,18.9,87,0.0,6.6,139,-4.329989591337347,4.981083229470296
2016-04-25 01:00:00,18.6,87,0.0,5.9,137,-4.023790324368741,4.314986839553106
2016-04-25 02:00:00,18.3,87,0.0,4.9,126,-3.9641832724372423,2.880147736233119
2016-04-25 03:00:00,17.5,89,0.0,5.6,135,-3.9597979746446654,3.9597979746446663
2016-04-25 04:00:00,17.4,89,0.0,4.7,122,-3.9858260519352022,2.490620541896063
2016-04-25 05:00:00,17.7,88,0.0,4.1,105,-3.9602958877851795,1.0611580849203361
2016-04-25 06:00:00,17.9,88,0.0,2.9,90,-2.9,3.5514757175273243e-16
2016-04-25 07:00:00,20.6,89,0.0,3.6,90,-3.6,4.4087284769304716e-16
2016-04-25 08:00:00,23.9,71,0.0,0.8,63,-0.7128052193506944,-0.36319239979163737
2016-04-25 09:00:00,25.2,63,0.0,1.8,259,1.7669289302057951,0.34345619167778063
2016-04-25 10:00:00,25.8,63,0.0,4.8,257,4.676976310969129,1.079765060850552
2016-04-25 11:00:00,26.3,65,0.0,7.3,261,7.210124886344506,1.1419715947936853
2016-04-25 12:00:00,26.5,68,0.2,8.0,260,7.878462024097664,1.3891854213354426
2016-04-25 13:00:00,26.5,69,0.2,7.7,259,7.558529312547013,1.469229264399395
2016-04-25 14:00:00,26.2,72,0.0,8.1,238,6.86918957886705,4.29234604028896
2016-04-25 15:00:00,24.8,79,0.5,5.0,180,3.061616997868383e-16,5.0
2016-04-25 16:00:00,25.4,76,0.1,5.0,210,2.5000000000000004,4.330127018922193
2016-04-25 17:00:00,25.5,75,1.0,4.7,247,4.32637281122647,1.8364363038995868
2016-04-25 18:00:00,24.2,83,0.5,5.5,293,5.062776693988422,-2.149021206691006
2016-04-25 19:00:00,23.2,91,0.0,1.3,304,1.0777488443215542,-0.726950774511971
2016-04-25 20:00:00,23.0,89,0.0,1.8,349,0.34345619167778085,-1.7669289302057951
2016-04-25 21:00:00,23.0,90,0.0,3.4,32,-1.801725498392897,-2.883363526931848
2016-04-25 22:00:00,21.8,92,0.0,4.3,85,-4.283637201794505,-0.37476969381492914
2016-04-25 23:00:00,21.1,92,0.0,4.0,80,-3.939231012048832,-0.6945927106677219
2016-04-26 00:00:00,19.8,95,0.0,3.0,76,-2.9108871788279895,-0.7257656867990026
2016-04-26 01:00:00,19.2,95,0.0,2.3,72,-2.187429987478853,-0.7107390870623786
2016-04-26 02:00:00,18.9,95,0.0,2.2,81,-2.1729143493093033,-0.3441558230885076
2016-04-26 03:00:00,20.3,86,0.0,2.2,90,-2.2,2.6942229581241775e-16
2016-04-26 04:00:00,20.1,84,0.0,2.9,97,-2.8783838397598336,0.35342109587492787
2016-04-26 05:00:00,19.5,86,0.0,4.1,105,-3.9602958877851795,1.0611580849203361
2016-04-26 06:00:00,19.0,87,0.0,4.2,121,-3.6001026629488715,2.1631599146222285
2016-04-26 07:00:00,21.6,88,0.0,4.1,128,-3.2308440897875594,2.5242120488351993
2016-04-26 08:00:00,24.9,70,0.0,3.2,180,1.9594348786357652e-16,3.2
2016-04-26 09:00:00,26.2,65,0.0,5.5,212,2.914555953282627,4.664264528860342
2016-04-26 10:00:00,27.1,65,0.0,7.7,229,5.811263767715345,5.051654523226906
2016-04-26 11:00:00,27.5,66,0.0,9.2,239,7.8859391664594325,4.738350289172498
2016-04-26 12:00:00,27.5,67,0.0,9.9,237,8.302838622659698,5.391926446648768
2016-04-26 13:00:00,27.6,65,0.5,9.7,231,7.538315826132617,6.104407793183422
2016-04-26 14:00:00,27.5,67,0.0,8.9,223,6.069785404556237,6.509047944410617
2016-04-26 15:00:00,27.8,67,0.1,8.9,220,5.7208097262102005,6.817795543758905
2016-04-26 16:00:00,27.5,68,0.0,8.9,223,6.069785404556237,6.509047944410617
2016-04-26 17:00:00,27.1,71,0.0,7.2,217,4.333068166694749,5.750175672340508
2016-04-26 18:00:00,26.0,77,0.0,6.9,223,4.70578868443124,5.046340541172277
2016-04-26 19:00:00,24.5,86,0.0,6.1,225,4.31335136523794,4.313351365237939
2016-04-26 20:00:00,24.5,83,0.0,5.2,164,-1.433314250248395,4.998560818879258
2016-04-26 21:00:00,23.4,86,0.0,6.2,159,-2.2218812871808615,5.788198644282651
2016-04-26 22:00:00,22.5,88,0.0,7.3,147,-3.9758649556096977,6.122295146001594
2016-04-26 23:00:00,22.1,86,0.0,5.5,148,-2.914555953282626,4.664264528860343
2016-04-27 00:00:00,20.9,88,0.0,4.5,151,-2.1816432911085166,3.9357886821272814
2016-04-27 01:00:00,20.5,86,0.0,5.0,159,-1.7918397477265013,4.667902132486009
2016-04-27 02:00:00,21.2,79,0.0,6.5,146,-3.6347538725598536,5.388744221607771
2016-04-27 03:00:00,20.8,77,0.1,7.0,145,-4.015035054457323,5.734064310022942
2016-04-27 04:00:00,21.4,72,0.3,7.2,143,-4.333068166694749,5.750175672340507
2016-04-27 05:00:00,21.0,74,0.4,6.4,137,-4.364789504399989,4.6806636903626915
2016-04-27 06:00:00,20.1,83,0.3,5.4,138,-3.6133052743378347,4.012982057577929
2016-04-27 07:00:00,21.6,84,0.5,4.4,125,-3.6042689948715645,2.5237363199446023
2016-04-27 08:00:00,24.7,69,0.0,4.8,132,-3.567095162291491,3.21182691052252
2016-04-27 09:00:00,25.8,66,0.0,5.7,162,-1.7613968679371999,5.421022142882376
2016-04-27 10:00:00,27.1,62,0.0,7.2,177,-0.3768188849491957,7.190132650232932
2016-04-27 11:00:00,28.6,58,0.0,8.6,182,0.3001356716415093,8.594761112364223
2016-04-27 12:00:00,29.0,55,0.0,10.2,198,3.151973342624464,9.700776466210565
2016-04-27 13:00:00,28.6,56,0.0,11.0,212,5.829111906565254,9.328529057720685
2016-04-27 14:00:00,29.0,54,0.0,11.0,218,6.772276228582241,8.668118289673941
2016-04-27 15:00:00,27.6,60,0.0,10.4,224,7.224447052773572,7.481133923521972
2016-04-27 16:00:00,26.5,68,2.0,9.7,239,8.31452281681049,4.995869326627525
2016-04-27 17:00:00,24.4,80,1.2,8.0,262,7.922144549932563,1.1133848076805235
2016-04-27 18:00:00,23.2,87,0.7000000000000001,3.7,281,3.632020578756357,-0.7059932828932158
2016-04-27 19:00:00,22.7,90,0.7000000000000001,1.9,158,-0.7117525274902329,1.761649323676896
2016-04-27 20:00:00,22.2,92,1.4,3.3,167,-0.7423384793347546,3.2154212137912763
2016-04-27 21:00:00,22.2,92,1.6,4.7,184,0.3278554265973886,4.688551036221174
2016-04-27 22:00:00,21.8,93,1.0,5.0,180,3.061616997868383e-16,5.0
2016-04-27 23:00:00,21.4,94,1.4,5.8,173,-0.7068421917498547,5.756767679519668
2016-04-28 00:00:00,21.0,94,0.5,5.9,166,-1.42733918403804,5.7247447850283795
2016-04-28 01:00:00,20.9,93,0.1,5.5,169,-1.0494494745709964,5.3989495089621515
2016-04-28 02:00:00,21.1,90,0.2,5.0,180,3.061616997868383e-16,5.0
2016-04-28 03:00:00,22.4,83,0.3,4.8,167,-1.079765060850552,4.676976310969129
2016-04-28 04:00:00,22.2,84,0.4,4.1,165,-1.0611580849203355,3.96029588778518
2016-04-28 05:00:00,20.9,89,0.5,4.0,170,-0.6945927106677212,3.939231012048832
2016-04-28 06:00:00,21.7,86,0.6,5.4,143,-3.2498011250210617,4.312631754255381
2016-04-28 07:00:00,21.8,89,0.8,3.3,131,-2.4905416147351476,2.1649947956686737
2016-04-28 08:00:00,23.1,85,0.7000000000000001,0.8,153,-0.36319239979163737,0.7128052193506944
2016-04-28 09:00:00,23.6,82,0.4,1.1,270,1.1,0.0
2016-04-28 10:00:00,24.3,80,0.2,3.7,281,3.632020578756357,-0.7059932828932158
2016-04-28 11:00:00,25.2,78,0.0,5.9,284,5.7247447850283795,-1.4273391840380396
2016-04-28 12:00:00,25.5,77,0.4,6.4,286,6.1520748540052415,-1.7640790772287946
2016-04-28 13:00:00,26.1,72,1.0,5.9,313,4.314986839553106,-4.023790324368742
2016-04-28 14:00:00,26.3,73,0.9,4.9,324,2.8801477362331185,-3.9641832724372428
2016-04-28 15:00:00,26.8,71,0.2,4.6,321,2.894873798829252,-3.5748714227020657
2016-04-28 16:00:00,26.1,74,0.4,6.4,317,4.36478950439999,-4.6806636903626915
2016-04-28 17:00:00,24.9,80,0.6,6.1,320,3.92100441908789,-4.6728711030257655
2016-04-28 18:00:00,23.9,84,1.9,7.5,325,4.301823272632846,-6.143640332167439
2016-04-28 19:00:00,22.3,92,1.2,7.3,349,1.3929056662487778,-7.165878439167947
2016-04-28 20:00:00,21.3,96,0.4,2.6,34,-1.453901549023941,-2.1554976886431088
2016-04-28 21:00:00,20.9,95,0.2,1.5,45,-1.0606601717798214,-1.0606601717798212
2016-04-28 22:00:00,20.3,96,0.0,2.3,39,-1.447436899414627,-1.7874357113510322
2016-04-28 23:00:00,20.5,94,0.0,1.1,342,0.3399186938124422,-1.0461621679246689
2016-04-29 00:00:00,20.0,96,0.0,1.4,270,1.4,0.0
2016-04-29 01:00:00,19.3,97,0.0,0.5,315,0.3535533905932738,-0.35355339059327373
2016-04-29 02:00:00,19.3,97,0.0,1.1,270,1.1,0.0
2016-04-29 03:00:00,20.6,95,0.0,1.8,281,1.7669289302057951,-0.34345619167778063
2016-04-29 04:00:00,19.9,97,0.0,0.5,315,0.3535533905932738,-0.35355339059327373
2016-04-29 05:00:00,19.1,98,0.0,0.8,153,-0.36319239979163737,0.7128052193506944
2016-04-29 06:00:00,18.6,98,0.0,0.8,117,-0.7128052193506943,0.36319239979163753
2016-04-29 07:00:00,20.6,96,0.0,0.7000000000000001,270,0.7000000000000001,0.0
2016-04-29 08:00:00,22.3,88,0.0,3.1,324,1.8221342821066668,-2.5079526825623373
2016-04-29 09:00:00,23.0,84,0.1,4.6,309,3.5748714227020657,-2.8948737988292517
2016-04-29 10:00:00,23.8,79,0.1,5.4,307,4.312631754255381,-3.2498011250210608
2016-04-29 11:00:00,24.1,75,0.3,5.1,315,3.6062445840513924,-3.606244584051392
2016-04-29 12:00:00,24.9,70,0.0,6.1,315,4.31335136523794,-4.313351365237939
2016-04-29 13:00:00,25.1,69,0.0,5.9,313,4.314986839553106,-4.023790324368742
2016-04-29 14:00:00,25.2,68,0.0,7.1,315,5.020458146424487,-5.020458146424486
2016-04-29 15:00:00,24.9,67,0.0,8.4,317,5.728786224524987,-6.143371093601032
2016-04-29 16:00:00,24.3,68,0.0,7.5,325,4.301823272632846,-6.143640332167439
2016-04-29 17:00:00,23.6,71,0.0,6.4,322,3.9402334420842133,-5.043268823083022
2016-04-29 18:00:00,22.8,74,0.0,4.3,318,2.8772616073430903,-3.195522749552795
2016-04-29 19:00:00,21.7,79,0.0,5.4,290,5.074340152243906,-1.8469087739586112
2016-04-29 20:00:00,20.9,82,0.0,3.2,270,3.2,0.0
2016-04-29 21:00:00,18.8,92,0.0,4.1,195,1.061158084920335,3.96029588778518
2016-04-29 22:00:00,18.6,92,0.0,5.1,188,0.7097828148963339,5.050367150582009
2016-04-29 23:00:00,17.9,93,0.0,5.1,184,0.35575801609503865,5.087576656325103
2016-04-30 00:00:00,17.8,93,0.0,6.8,177,-0.35588450245201814,6.790680836331102
2016-04-30 01:00:00,19.0,89,0.0,6.5,180,3.9801020972288977e-16,6.5
2016-04-30 02:00:00,19.0,88,0.0,5.1,188,0.7097828148963339,5.050367150582009
2016-04-30 03:00:00,19.7,87,0.0,4.4,189,0.6883116461770161,4.3458286986186065
2016-04-30 04:00:00,20.3,85,0.0,4.1,195,1.061158084920335,3.96029588778518
2016-04-30 05:00:00,20.3,85,0.0,2.9,180,1.7757378587636622e-16,2.9
2016-04-30 06:00:00,19.4,88,0.0,1.4,180,8.572527594031472e-17,1.4
2016-04-30 07:00:00,20.5,88,0.0,2.0,135,-1.414213562373095,1.4142135623730951
2016-04-30 08:00:00,22.2,79,0.0,2.9,270,2.9,0.0
2016-04-30 09:00:00,23.2,76,0.0,5.4,274,5.386845871403051,-0.37668495821827663
2016-04-30 10:00:00,23.9,75,0.0,5.1,278,5.050367150582009,-0.7097828148963337
2016-04-30 11:00:00,24.7,70,0.0,5.5,281,5.3989495089621515,-1.0494494745709964
2016-04-30 12:00:00,25.0,67,0.0,7.0,282,6.84703320513664,-1.4553818357243153
2016-04-30 13:00:00,25.2,69,0.0,8.1,291,7.5620014546273335,-2.902780391316932
2016-04-30 14:00:00,24.9,70,0.0,8.0,297,7.128052193506943,-3.631923997916374
2016-04-30 15:00:00,24.0,75,0.3,8.9,302,7.547628055792192,-4.716281451675524
2016-04-30 16:00:00,23.2,77,0.4,10.0,311,7.54709580222772,-6.560590289905073
2016-04-30 17:00:00,22.5,80,0.0,8.2,319,5.379684037722159,-6.18861855782673
2016-04-30 18:00:00,22.3,81,0.0,5.8,356,0.40458754771592637,-5.78587149150698
2016-04-30 19:00:00,21.4,86,0.0,3.9,326,2.1808523235359125,-3.233246532964663
2016-04-30 20:00:00,20.3,93,0.0,4.7,4,-0.32785542659739025,-4.688551036221174
2016-04-30 21:00:00,19.6,95,0.0,4.1,15,-1.0611580849203346,-3.96029588778518
2016-04-30 22:00:00,19.3,96,0.0,3.0,14,-0.7257656867990033,-2.9108871788279895
2016-04-30 23:00:00,19.1,96,0.0,1.9,22,-0.7117525274902333,-1.7616493236768958
2016-05-01 00:00:00,18.8,96,0.0,1.6,63,-1.4256104387013888,-0.7263847995832747
2016-05-01 01:00:00,18.4,96,0.0,1.8,53,-1.437543918085127,-1.0832670416736871
2016-05-01 02:00:00,18.4,95,0.0,2.8,40,-1.7998053071223103,-2.144924440733138
2016-05-01 03:00:00,18.4,94,0.0,3.5,24,-1.4235782507653003,-3.1974091017491033
2016-05-01 04:00:00,19.1,90,0.0,2.3,51,-1.7874357113510326,-1.4474368994146265
2016-05-01 05:00:00,18.2,94,0.0,1.8,79,-1.7669289302057951,-0.3434561916777805
2016-05-01 06:00:00,18.5,93,0.0,1.6,27,-0.7263847995832751,-1.4256104387013886
2016-05-01 07:00:00,19.8,93,0.0,3.8,49,-2.867896404846534,-2.4930243101639267
2016-05-01 08:00:00,22.1,80,0.0,4.8,42,-3.211826910522519,-3.567095162291493
2016-05-01 09:00:00,23.4,77,0.0,2.8,310,2.1449244407331385,-1.7998053071223097
2016-05-01 10:00:00,24.4,76,0.0,5.8,277,5.756767679519667,-0.7068421917498553
2016-05-01 11:00:00,25.3,75,0.0,5.5,281,5.3989495089621515,-1.0494494745709964
2016-05-01 12:00:00,26.0,72,0.1,2.5,270,2.5,0.0
2016-05-01 13:00:00,25.7,73,0.0,3.7,299,3.2360929164157644,-1.7937955949114472
2016-05-01 14:00:00,25.5,74,0.2,3.8,311,2.8678964048465336,-2.4930243101639276
2016-05-01 15:00:00,23.9,81,0.0,4.4,325,2.5237363199446032,-3.604268994871564
2016-05-01 16:00:00,23.7,82,0.0,3.6,360,2.2043642384652358e-16,-3.6
2016-05-01 17:00:00,23.7,82,0.0,4.5,346,1.0886485301985045,-4.366330768241984
2016-05-01 18:00:00,23.5,83,0.4,5.2,25,-2.197614961051636,-4.71280049259058
2016-05-01 19:00:00,23.1,83,0.0,3.7,61,-3.236092916415765,-1.7937955949114468
2016-05-01 20:00:00,22.9,85,0.0,2.5,90,-2.5,3.061616997868383e-16
2016-05-01 21:00:00,21.8,89,0.0,3.7,79,-3.632020578756357,-0.7059932828932155
2016-05-01 22:00:00,20.7,92,0.0,3.3,84,-3.2819222547153015,-0.3449439287832565
2016-05-01 23:00:00,20.0,94,0.0,3.7,101,-3.632020578756357,0.7059932828932164
2016-05-02 00:00:00,19.6,93,0.0,3.1,111,-2.8940993221413254,1.1109406435904308
2016-05-02 01:00:00,18.9,94,0.0,2.2,99,-2.172914349309303,0.3441558230885082
2016-05-02 02:00:00,18.4,94,0.0,2.2,90,-2.2,2.6942229581241775e-16
2016-05-02 03:00:00,19.4,85,0.0,2.2,99,-2.172914349309303,0.3441558230885082
2016-05-02 04:00:00,18.7,86,0.0,1.8,79,-1.7669289302057951,-0.3434561916777805
2016-05-02 05:00:00,18.2,86,0.0,1.8,90,-1.8,2.2043642384652358e-16
2016-05-02 06:00:00,18.1,86,0.0,2.2,81,-2.1729143493093033,-0.3441558230885076
2016-05-02 07:00:00,21.2,87,0.0,2.6,106,-2.499280409439629,0.716657125124198
2016-05-02 08:00:00,25.4,68,0.0,3.3,229,2.4905416147351476,2.1649947956686737
2016-05-02 09:00:00,26.1,69,0.0,5.8,248,5.377666356487367,2.1727182418122895
2016-05-02 10:00:00,26.8,70,0.0,7.0,235,5.7340643100229425,4.015035054457322
2016-05-02 11:00:00,27.5,70,0.0,9.7,239,8.31452281681049,4.995869326627525
2016-05-02 12:00:00,28.1,69,0.6,9.4,238,7.9716521038704045,4.981241083792126
2016-05-02 13:00:00,28.1,68,0.7000000000000001,7.4,219,4.656970893768798,5.750880114781585
2016-05-02 14:00:00,27.4,71,0.5,8.8,199,2.8649997592229797,8.320563465273988
2016-05-02 15:00:00,27.9,68,0.5,11.6,206,5.085105302753298,10.426010937070338
2016-05-02 16:00:00,27.4,72,0.0,9.4,203,3.672872607799173,8.65274562245294
2016-05-02 17:00:00,27.1,75,0.0,8.2,195,2.12231616984067,7.92059177557036
2016-05-02 18:00:00,26.5,76,0.0,6.5,183,0.3401837155791358,6.49109197590473
2016-05-02 19:00:00,24.8,82,0.0,9.2,159,-3.296985135816762,8.588939923774255
2016-05-02 20:00:00,23.0,87,0.0,8.7,156,-3.538608794759462,7.947845481490627
2016-05-02 21:00:00,21.8,88,0.0,8.7,156,-3.538608794759462,7.947845481490627
2016-05-02 22:00:00,21.3,86,0.0,8.5,152,-3.990508283680073,7.505054539300878
2016-05-02 23:00:00,20.8,85,0.0,8.2,151,-3.975438886019963,7.171881598543045
2016-05-03 00:00:00,20.5,83,0.0,7.4,151,-3.587591189822894,6.47218583283153
2016-05-03 01:00:00,20.5,79,0.0,6.9,152,-3.2393537832226476,6.092338390726596
2016-05-03 02:00:00,20.2,77,0.0,6.3,149,-3.2447398719333416,5.400153994423308
2016-05-03 03:00:00,19.6,78,0.0,5.4,143,-3.2498011250210617,4.312631754255381
2016-05-03 04:00:00,19.1,78,0.0,4.1,142,-2.524212048835199,3.23084408978756
2016-05-03 05:00:00,18.8,79,0.0,3.4,148,-1.8017254983928963,2.8833635269318485
2016-05-03 06:00:00,18.8,82,0.0,2.3,162,-0.7107390870623789,2.187429987478853
2016-05-03 07:00:00,21.6,84,0.0,3.3,139,-2.1649947956686737,2.490541614735148
2016-05-03 08:00:00,25.7,66,0.0,1.8,217,1.0832670416736871,1.437543918085127
2016-05-03 09:00:00,27.3,56,0.0,3.1,216,1.8221342821066668,2.5079526825623373
2016-05-03 10:00:00,28.2,56,0.0,5.0,249,4.667902132486009,1.7918397477265013
2016-05-03 11:00:00,28.5,58,0.0,5.8,263,5.756767679519667,0.7068421917498553
2016-05-03 12:00:00,28.5,62,0.0,6.2,260,6.10580806867569,1.0766187015349682
2016-05-03 13:00:00,28.5,66,0.0,7.6,262,7.5260373224359345,1.0577155672964973
2016-05-03 14:00:00,27.8,70,0.2,9.0,272,8.994517443171862,-0.31409547032250873
2016-05-03 15:00:00,27.3,74,0.2,8.7,275,8.666893873398186,-0.7582549619046259
2016-05-03 16:00:00,26.1,79,0.3,8.4,280,8.272385125302547,-1.458644692402215
2016-05-03 17:00:00,25.4,83,0.0,6.8,288,6.467184310807044,-2.1013155617496424
2016-05-03 18:00:00,25.0,84,0.0,2.9,300,2.511473670974872,-1.4499999999999997
2016-05-03 19:00:00,24.6,86,0.0,2.2,279,2.1729143493093033,-0.34415582308850795
2016-05-03 20:00:00,24.6,85,0.0,0.8,243,0.7128052193506944,0.3631923997916374
2016-05-03 21:00:00,24.1,88,0.0,2.7,203,1.0549740469210391,2.485363104321589
2016-05-03 22:00:00,23.9,88,0.0,4.4,171,-0.6883116461770157,4.3458286986186065
2016-05-03 23:00:00,23.2,90,0.0,5.0,159,-1.7918397477265013,4.667902132486009
2016-05-04 00:00:00,22.6,92,0.0,4.5,166,-1.088648530198505,4.366330768241984
2016-05-04 01:00:00,20.8,98,0.0,4.2,160,-1.4364846019678086,3.9467090073008158
2016-05-04 02:00:00,20.9,96,0.0,3.1,159,-1.1109406435904308,2.8940993221413254
2016-05-04 03:00:00,20.5,93,0.0,2.1,149,-1.081579957311114,1.800051331474436
2016-05-04 04:00:00,20.1,94,0.0,3.7,119,-3.2360929164157644,1.7937955949114477
2016-05-04 05:00:00,19.9,93,0.0,3.7,119,-3.2360929164157644,1.7937955949114477
2016-05-04 06:00:00,20.3,92,0.0,3.4,108,-3.233592155403522,1.0506577808748214
2016-05-04 07:00:00,22.2,88,0.0,3.3,103,-3.215421213791276,0.7423384793347552
2016-05-04 08:00:00,24.1,86,0.0,0.5,315,0.3535533905932738,-0.35355339059327373
2016-05-04 09:00:00,25.7,81,0.0,3.5,246,3.197409101749103,1.4235782507653008
2016-05-04 10:00:00,26.9,75,0.0,6.8,238,5.766727053863696,3.603450996785793
2016-05-04 11:00:00,28.0,71,0.0,9.5,241,8.30888721782426,4.605691392340202
2016-05-04 12:00:00,28.3,70,0.0,11.2,249,10.45610077676866,4.013721034907363
2016-05-04 13:00:00,27.4,74,0.0,11.4,257,11.107818738551682,2.5644420195200612
2016-05-04 14:00:00,26.4,78,0.4,7.9,267,7.889173324561134,0.4134540543192563
2016-05-04 15:00:00,25.7,80,0.7000000000000001,2.6,236,2.1554976886431083,1.453901549023942
2016-05-04 16:00:00,25.9,79,0.0,4.1,225,2.899137802864845,2.8991378028648445
2016-05-04 17:00:00,25.9,78,0.0,3.0,256,2.9108871788279895,0.7257656867990032
2016-05-04 18:00:00,25.7,84,0.0,2.9,277,2.8783838397598336,-0.35342109587492765
2016-05-04 19:00:00,24.7,86,0.0,3.9,292,3.616017032810471,-1.460965714322057
2016-05-04 20:00:00,24.3,85,0.0,1.9,292,1.761649323676896,-0.7117525274902328
2016-05-04 21:00:00,22.3,92,0.0,1.5,194,0.3628828433995015,1.4554435894139948
2016-05-04 22:00:00,21.7,93,0.0,3.9,202,1.4609657143220567,3.616017032810471
2016-05-04 23:00:00,21.1,95,0.0,3.4,162,-1.050657780874821,3.2335921554035223
2016-05-05 00:00:00,20.9,94,0.0,3.9,124,-3.2332465329646625,2.180852323535913
2016-05-05 01:00:00,20.2,93,0.0,2.7,113,-2.485363104321589,1.0549740469210394
2016-05-05 02:00:00,19.6,93,0.0,0.8,153,-0.36319239979163737,0.7128052193506944
2016-05-05 03:00:00,19.8,93,0.0,2.1,121,-1.8000513314744357,1.0815799573111142
2016-05-05 04:00:00,19.4,94,0.0,3.1,111,-2.8940993221413254,1.1109406435904308
2016-05-05 05:00:00,18.9,95,0.0,2.6,106,-2.499280409439629,0.716657125124198
2016-05-05 06:00:00,19.1,95,0.0,4.5,104,-4.366330768241984,1.0886485301985047
2016-05-05 07:00:00,22.0,93,0.0,4.8,117,-4.276831316104166,2.1791543987498248
2016-05-05 08:00:00,25.2,79,0.0,4.1,195,1.061158084920335,3.96029588778518
2016-05-05 09:00:00,26.7,75,0.0,6.5,214,3.634753872559854,5.388744221607771
2016-05-05 10:00:00,27.8,73,0.0,9.2,211,4.738350289172498,7.8859391664594325
2016-05-05 11:00:00,28.7,72,0.0,11.9,215,6.8255595925774495,9.747909327039002
2016-05-05 12:00:00,29.5,68,0.0,14.3,214,7.9964585196316795,11.855237287537097
2016-05-05 13:00:00,29.9,66,0.0,15.8,215,9.06250769434653,12.94260229976607
2016-05-05 14:00:00,29.2,68,0.0,15.9,213,8.65976065673893,13.334862030332243
2016-05-05 15:00:00,28.9,67,0.0,14.9,217,8.967043844965522,11.899669099704663
2016-05-05 16:00:00,28.1,70,0.0,12.7,225,8.980256121069154,8.980256121069152
2016-05-05 17:00:00,27.6,73,0.0,9.2,222,6.156001578501495,6.836932394392027
2016-05-05 18:00:00,26.9,77,0.0,6.9,208,3.239353783222647,6.092338390726596
2016-05-05 19:00:00,25.8,78,0.0,8.0,188,1.1133848076805237,7.922144549932563
2016-05-05 20:00:00,23.6,87,0.0,7.2,162,-2.224922359499621,6.847606917325106
2016-05-05 21:00:00,22.3,90,0.0,6.8,148,-3.6034509967857926,5.766727053863697
2016-05-05 22:00:00,21.0,91,0.0,5.9,142,-3.6324027044213842,4.64926344627966
2016-05-05 23:00:00,20.3,91,0.0,6.9,133,-5.046340541172277,4.705788684431241
2016-05-06 00:00:00,19.8,91,0.0,6.4,137,-4.364789504399989,4.6806636903626915
2016-05-06 01:00:00,19.4,90,0.0,6.2,144,-3.644268564213333,5.0159053651246746
2016-05-06 02:00:00,18.8,89,0.0,4.8,153,-2.179154398749824,4.276831316104166
2016-05-06 03:00:00,18.8,88,0.0,4.3,156,-1.748967565225941,3.9282454678631837
2016-05-06 04:00:00,18.5,86,0.0,4.7,148,-2.4906205418960625,3.9858260519352027
2016-05-06 05:00:00,18.1,85,0.0,4.4,145,-2.5237363199446032,3.6042689948715636
2016-05-06 06:00:00,18.1,85,0.0,4.1,135,-2.8991378028648445,2.899137802864845
2016-05-06 07:00:00,21.5,86,0.0,5.7,125,-4.669166652447254,3.269385687200962
2016-05-06 08:00:00,25.9,63,0.0,4.7,157,-1.8364363038995868,4.326372811226469
2016-05-06 09:00:00,27.6,52,0.0,6.5,199,2.116193003971519,6.145870741395559
2016-05-06 10:00:00,28.6,52,0.0,7.6,211,3.9142893693164114,6.5144714853360535
2016-05-06 11:00:00,29.2,54,0.0,8.7,222,5.821436275322066,6.46535998165333
2016-05-06 12:00:00,29.4,56,0.0,8.9,220,5.7208097262102005,6.817795543758905
2016-05-06 13:00:00,29.7,58,0.0,9.2,222,6.156001578501495,6.836932394392027
2016-05-06 14:00:00,29.8,59,0.0,9.4,212,4.981241083792126,7.9716521038704045
2016-05-06 15:00:00,29.6,62,0.0,9.5,209,4.605691392340202,8.30888721782426
2016-05-06 16:00:00,29.2,64,0.0,9.1,214,5.088655421583796,7.5442419102508795
2016-05-06 17:00:00,28.6,68,0.0,7.7,229,5.811263767715345,5.051654523226906
2016-05-06 18:00:00,27.3,78,0.0,5.1,262,5.050367150582009,0.7097828148963337
2016-05-06 19:00:00,26.7,75,0.0,2.1,239,1.800051331474436,1.0815799573111138
2016-05-06 20:00:00,24.4,84,0.0,2.3,141,-1.4474368994146256,1.7874357113510333
2016-05-06 21:00:00,23.9,84,0.0,2.8,130,-2.144924440733138,1.7998053071223103
2016-05-06 22:00:00,23.0,85,0.0,4.1,142,-2.524212048835199,3.23084408978756
2016-05-06 23:00:00,21.4,88,0.0,2.5,172,-0.3479327524001634,2.475670171853926
2016-05-07 00:00:00,19.7,91,0.0,1.1,198,0.3399186938124422,1.0461621679246689
2016-05-07 01:00:00,19.0,90,0.0,2.8,140,-1.7998053071223101,2.1449244407331385
2016-05-07 02:00:00,18.5,89,0.0,3.6,127,-2.8750878361702545,2.1665340833473734
2016-05-07 03:00:00,18.3,91,0.0,4.3,132,-3.195522749552794,2.8772616073430908
2016-05-07 04:00:00,18.2,90,0.0,4.8,132,-3.567095162291491,3.21182691052252
2016-05-07 05:00:00,17.8,89,0.0,5.1,135,-3.606244584051392,3.6062445840513924
2016-05-07 06:00:00,18.0,88,0.0,3.7,119,-3.2360929164157644,1.7937955949114477
2016-05-07 07:00:00,21.8,87,0.0,5.3,118,-4.679622242152313,2.4881992827652204
2016-05-07 08:00:00,26.2,65,0.0,4.3,185,0.37476969381492997,4.283637201794505
2016-05-07 09:00:00,27.3,65,0.0,6.9,223,4.70578868443124,5.046340541172277
2016-05-07 10:00:00,28.1,67,0.0,8.1,249,7.5620014546273335,2.902780391316932
2016-05-07 11:00:00,28.5,69,0.0,8.6,255,8.306962106085987,2.2258437878816784
2016-05-07 12:00:00,28.8,69,0.0,8.2,247,7.54813979831001,3.2039952536120446
2016-05-07 13:00:00,29.0,69,0.0,8.1,238,6.86918957886705,4.29234604028896
2016-05-07 14:00:00,29.4,66,0.0,8.9,249,8.308865795825096,3.1894747509531727
2016-05-07 15:00:00,28.6,69,0.0,7.6,245,6.887939181478539,3.211898789229316
2016-05-07 16:00:00,28.5,69,0.0,5.9,223,4.023790324368742,4.314986839553106
2016-05-07 17:00:00,28.0,72,0.0,5.1,225,3.6062445840513924,3.606244584051392
2016-05-07 18:00:00,27.1,77,0.0,5.2,254,4.998560818879258,1.4333142502483958
2016-05-07 19:00:00,26.5,79,0.0,4.7,261,4.6421352007971475,0.7352419856890852
2016-05-07 20:00:00,26.1,81,0.0,2.3,141,-1.4474368994146256,1.7874357113510333
2016-05-07 21:00:00,24.9,83,0.0,2.8,130,-2.144924440733138,1.7998053071223103
2016-05-07 22:00:00,22.6,89,0.0,3.3,131,-2.4905416147351476,2.1649947956686737
2016-05-07 23:00:00,20.9,93,0.0,2.8,130,-2.144924440733138,1.7998053071223103
2016-05-08 00:00:00,20.3,94,0.0,4.2,121,-3.6001026629488715,2.1631599146222285
2016-05-08 01:00:00,19.9,95,0.0,4.6,129,-3.5748714227020657,2.8948737988292517
2016-05-08 02:00:00,19.6,95,0.0,5.2,115,-4.7128004925905795,2.1976149610516376
2016-05-08 03:00:00,20.5,90,0.0,5.7,108,-5.421022142882375,1.7613968679372007
2016-05-08 04:00:00,20.2,90,0.0,5.9,104,-5.7247447850283795,1.4273391840380396
2016-05-08 05:00:00,20.0,89,0.0,4.5,104,-4.366330768241984,1.0886485301985047
2016-05-08 06:00:00,19.8,90,0.0,6.6,99,-6.5187430479279085,1.0324674692655245
2016-05-08 07:00:00,22.7,86,0.0,5.5,101,-5.3989495089621515,1.0494494745709972
2016-05-08 08:00:00,26.4,71,0.0,0.8,243,0.7128052193506944,0.3631923997916374
2016-05-08 09:00:00,27.6,74,0.0,4.2,250,3.9467090073008158,1.4364846019678086
2016-05-08 10:00:00,28.3,74,0.0,6.1,242,5.385980316439454,2.8637765329939335
2016-05-08 11:00:00,28.7,72,0.0,8.9,243,7.929958065276475,4.040515447681966
2016-05-08 12:00:00,28.6,72,0.2,9.3,234,7.523858047687012,5.46640284632
2016-05-08 13:00:00,28.1,74,0.3,8.7,232,6.85569355637848,5.356254835333226
2016-05-08 14:00:00,28.0,73,0.1,4.9,234,3.9641832724372428,2.8801477362331185
2016-05-08 15:00:00,27.6,74,0.3,5.5,238,4.664264528860342,2.914555953282627
2016-05-08 16:00:00,26.5,76,1.5,3.3,264,3.2819222547153015,0.3449439287832564
2016-05-08 17:00:00,26.2,78,0.2,0.4,270,0.4,0.0
2016-05-08 18:00:00,26.0,79,0.0,3.7,11,-0.7059932828932151,-3.632020578756357
2016-05-08 19:00:00,25.0,86,0.0,2.2,360,1.3471114790620887e-16,-2.2
2016-05-08 20:00:00,23.7,92,0.0,3.4,58,-2.8833635269318485,-1.8017254983928963
2016-05-08 21:00:00,22.8,93,0.0,4.2,70,-3.9467090073008158,-1.4364846019678084
2016-05-08 22:00:00,22.1,94,0.0,4.0,90,-4.0,4.898587196589413e-16
2016-05-08 23:00:00,21.5,94,0.0,4.0,100,-3.939231012048832,0.6945927106677211
2016-05-09 00:00:00,20.9,93,0.0,3.3,103,-3.215421213791276,0.7423384793347552
2016-05-09 01:00:00,20.4,93,0.0,3.5,114,-3.197409101749103,1.4235782507653014
2016-05-09 02:00:00,20.1,93,0.0,4.4,125,-3.6042689948715645,2.5237363199446023
2016-05-09 03:00:00,20.2,91,0.0,3.7,151,-1.793795594911447,3.236092916415765
2016-05-09 04:00:00,20.1,91,0.0,4.0,153,-1.8159619989581868,3.5640260967534716
2016-05-09 05:00:00,19.7,91,0.0,4.6,141,-2.894873798829251,3.5748714227020666
2016-05-09 06:00:00,19.6,92,0.0,3.9,124,-3.2332465329646625,2.180852323535913
2016-05-09 07:00:00,22.3,92,0.0,4.3,114,-3.9282454678631833,1.7489675652259418
2016-05-09 08:00:00,25.4,75,0.0,1.8,180,1.1021821192326179e-16,1.8
2016-05-09 09:00:00,26.8,73,0.0,4.3,222,2.8772616073430903,3.195522749552795
2016-05-09 10:00:00,28.1,70,0.0,7.7,217,4.633975678270772,6.149493427364155
2016-05-09 11:00:00,29.2,67,0.0,11.8,220,7.5848937943011645,9.03932442880394
2016-05-09 12:00:00,29.6,66,0.0,13.8,223,9.41157736886248,10.092681082344553
2016-05-09 13:00:00,29.8,65,0.0,15.9,219,10.006194217692416,12.356620787165838
2016-05-09 14:00:00,29.5,67,0.0,15.5,216,9.110671410533334,12.539763412811686
2016-05-09 15:00:00,28.7,70,0.0,14.1,218,8.680826802091781,11.11095162585478
2016-05-09 16:00:00,27.9,73,0.3,11.8,220,7.5848937943011645,9.03932442880394
2016-05-09 17:00:00,27.4,74,0.0,9.0,209,4.363286582217034,7.871577364254562
2016-05-09 18:00:00,26.7,77,0.0,6.1,183,0.3192493330819582,6.0916401620029
2016-05-09 19:00:00,25.5,85,0.0,8.6,182,0.3001356716415093,8.594761112364223
2016-05-09 20:00:00,23.8,89,0.0,9.0,164,-2.4807362023529915,8.65135526344487
2016-05-09 21:00:00,22.3,90,0.0,8.4,149,-4.326319829244456,7.200205325897744
2016-05-09 22:00:00,21.4,90,0.0,7.1,150,-3.549999999999998,6.148780366869515
2016-05-09 23:00:00,20.6,90,0.0,8.0,144,-4.702282018339784,6.47213595499958
2016-05-10 00:00:00,20.0,91,0.0,8.9,140,-5.7208097262102005,6.817795543758905
2016-05-10 01:00:00,19.5,90,0.0,7.8,146,-4.361704647071824,6.466493065929326
2016-05-10 02:00:00,19.2,90,0.0,7.7,152,-3.6149310334513602,6.798696465013737
2016-05-10 03:00:00,19.3,85,0.0,7.7,152,-3.6149310334513602,6.798696465013737
2016-05-10 04:00:00,19.4,82,0.0,8.5,152,-3.990508283680073,7.505054539300878
2016-05-10 05:00:00,19.3,81,0.0,9.3,152,-4.366085533908786,8.21141261358802
2016-05-10 06:00:00,19.7,82,0.0,8.2,157,-3.2039952536120446,7.548139798310009
2016-05-10 07:00:00,22.5,82,0.0,9.3,164,-2.5634274090980913,8.939733772226367
2016-05-10 08:00:00,26.9,62,0.0,11.6,187,1.4136843834997108,11.513535359039334
2016-05-10 09:00:00,27.9,62,0.0,14.8,194,3.5804440548750818,14.360376748884748
2016-05-10 10:00:00,28.7,62,0.0,16.9,196,4.658271313307285,16.245322661357587
2016-05-10 11:00:00,29.2,61,0.0,17.7,197,5.17497917359244,16.926594180545727
2016-05-10 12:00:00,29.5,58,0.0,17.1,198,5.284190603811602,16.263066428647125
2016-05-10 13:00:00,29.3,58,0.3,15.9,198,4.913370210561665,15.121798609092941
2016-05-10 14:00:00,27.7,67,0.5,14.5,199,4.720738239628773,13.710019346190093
2016-05-10 15:00:00,28.4,60,0.0,13.2,197,3.859306502340125,12.623222778712067
2016-05-10 16:00:00,27.7,64,0.1,9.7,207,4.403707847473604,8.642763284627167
2016-05-10 17:00:00,26.6,69,0.0,6.1,183,0.3192493330819582,6.0916401620029
2016-05-10 18:00:00,25.7,72,0.0,7.2,174,-0.7526049355271056,7.160557646651568
2016-05-10 19:00:00,24.7,76,0.0,7.2,143,-4.333068166694749,5.750175672340507
2016-05-10 20:00:00,23.9,78,0.0,6.1,130,-4.672871103025765,3.9210044190878905
2016-05-10 21:00:00,23.6,77,0.0,5.4,138,-3.6133052743378347,4.012982057577929
2016-05-10 22:00:00,22.3,80,0.0,3.8,163,-1.1110124779463992,3.633958072659535
2016-05-10 23:00:00,21.8,80,0.0,2.5,188,0.34793275240016364,2.475670171853926
2016-05-11 00:00:00,22.0,75,0.0,2.3,141,-1.4474368994146256,1.7874357113510333
2016-05-11 01:00:00,21.3,77,0.0,2.6,124,-2.1554976886431083,1.453901549023942
2016-05-11 02:00:00,20.5,78,0.0,3.4,148,-1.8017254983928963,2.8833635269318485
2016-05-11 03:00:00,20.6,80,0.0,3.8,163,-1.1110124779463992,3.633958072659535
2016-05-11 04:00:00,20.4,79,0.0,4.0,153,-1.8159619989581868,3.5640260967534716
2016-05-11 05:00:00,20.4,79,0.0,3.9,146,-2.180852323535912,3.233246532964663
2016-05-11 06:00:00,21.0,75,0.0,2.5,180,1.5308084989341916e-16,2.5
2016-05-11 07:00:00,22.7,81,0.1,2.7,203,1.0549740469210391,2.485363104321589
2016-05-11 08:00:00,24.7,62,0.2,4.1,232,3.2308440897875594,2.524212048835199
2016-05-11 09:00:00,25.7,63,0.0,6.7,234,5.420413862312148,3.93816119035957
2016-05-11 10:00:00,26.0,67,0.3,7.6,245,6.887939181478539,3.211898789229316
2016-05-11 11:00:00,26.2,72,0.5,8.9,238,7.547628055792192,4.716281451675524
2016-05-11 12:00:00,26.2,73,0.3,7.9,246,7.217009115376547,3.2132194802988217
2016-05-11 13:00:00,25.7,76,1.0,8.7,240,7.534421012924616,4.349999999999999
2016-05-11 14:00:00,25.2,76,2.0,9.2,222,6.156001578501495,6.836932394392027
2016-05-11 15:00:00,24.4,82,1.3,7.7,221,5.051654523226906,5.811263767715345
2016-05-11 16:00:00,24.4,83,1.8,6.8,238,5.766727053863696,3.603450996785793
2016-05-11 17:00:00,23.8,86,1.2,5.2,254,4.998560818879258,1.4333142502483958
2016-05-11 18:00:00,23.2,90,0.3,3.3,257,3.2154212137912763,0.7423384793347545
2016-05-11 19:00:00,22.3,94,0.0,2.9,270,2.9,0.0
2016-05-11 20:00:00,22.0,95,0.3,1.5,256,1.4554435894139948,0.3628828433995016
2016-05-11 21:00:00,21.9,96,0.0,1.3,236,1.0777488443215542,0.726950774511971
2016-05-11 22:00:00,21.9,95,0.1,1.0,225,0.7071067811865476,0.7071067811865475
2016-05-11 23:00:00,21.7,96,0.6,1.1,342,0.3399186938124422,-1.0461621679246689
2016-05-12 00:00:00,21.3,97,0.6,1.1,18,-0.33991869381244233,-1.0461621679246689
2016-05-12 01:00:00,20.9,97,0.9,0.7000000000000001,360,4.2862637970157366e-17,-0.7000000000000001
2016-05-12 02:00:00,20.8,97,0.5,1.1,108,-1.0461621679246689,0.3399186938124423
2016-05-12 03:00:00,21.5,92,0.0,2.4,117,-2.138415658052083,1.0895771993749124
2016-05-12 04:00:00,21.9,89,0.0,2.7,113,-2.485363104321589,1.0549740469210394
2016-05-12 05:00:00,22.1,88,0.0,2.6,146,-1.4539015490239415,2.1554976886431088
2016-05-12 06:00:00,22.1,87,0.0,2.1,149,-1.081579957311114,1.800051331474436
2016-05-12 07:00:00,22.5,91,0.0,1.4,180,8.572527594031472e-17,1.4
2016-05-12 08:00:00,24.2,83,0.0,3.5,246,3.197409101749103,1.4235782507653008
2016-05-12 09:00:00,25.2,81,0.0,6.6,241,5.772490067120011,3.1997434936258244
2016-05-12 10:00:00,25.7,80,1.0,7.4,247,6.811735915548059,2.891410350820626
2016-05-12 11:00:00,25.5,83,1.0,8.0,243,7.128052193506943,3.631923997916374
2016-05-12 12:00:00,26.2,81,2.0,6.2,234,5.0159053651246746,3.6442685642133337
2016-05-12 13:00:00,26.6,78,3.1,6.9,223,4.70578868443124,5.046340541172277
2016-05-12 14:00:00,25.2,80,1.1,7.9,246,7.217009115376547,3.2132194802988217
2016-05-12 15:00:00,25.6,76,1.4,8.9,238,7.547628055792192,4.716281451675524
2016-05-12 16:00:00,25.9,74,0.3,8.3,272,8.294943864258496,-0.2896658226307581
2016-05-12 17:00:00,25.6,77,0.0,5.4,270,5.4,0.0
2016-05-12 18:00:00,24.5,83,0.0,4.7,279,4.6421352007971475,-0.7352419856890852
2016-05-12 19:00:00,23.7,89,0.0,2.8,310,2.1449244407331385,-1.7998053071223097
2016-05-12 20:00:00,23.4,88,0.0,3.1,339,1.1109406435904312,-2.8940993221413254
2016-05-12 21:00:00,23.5,88,0.0,3.2,27,-1.4527695991665501,-2.851220877402777
2016-05-12 22:00:00,23.3,89,0.0,4.2,70,-3.9467090073008158,-1.4364846019678084
2016-05-12 23:00:00,23.1,90,0.0,5.2,65,-4.71280049259058,-2.1976149610516362
2016-05-13 00:00:00,22.3,93,0.0,5.5,67,-5.062776693988422,-2.1490212066910046
2016-05-13 01:00:00,22.3,93,0.0,5.7,72,-5.421022142882376,-1.7613968679371996
2016-05-13 02:00:00,22.3,92,0.0,5.0,69,-4.667902132486009,-1.7918397477265022
2016-05-13 03:00:00,20.2,93,0.0,5.5,67,-5.062776693988422,-2.1490212066910046
2016-05-13 04:00:00,19.9,93,0.0,5.2,65,-4.71280049259058,-2.1976149610516362
2016-05-13 05:00:00,19.6,93,0.0,5.0,69,-4.667902132486009,-1.7918397477265022
2016-05-13 06:00:00,19.7,93,0.0,4.5,61,-3.9357886821272814,-2.181643291108516
2016-05-13 07:00:00,22.7,86,0.0,4.4,55,-3.604268994871564,-2.5237363199446032
2016-05-13 08:00:00,24.6,78,0.0,6.8,360,4.1637991171010006e-16,-6.8
2016-05-13 09:00:00,25.8,78,0.0,8.4,350,1.4586446924022156,-8.272385125302547
2016-05-13 10:00:00,26.6,76,0.0,8.9,346,2.1531048708370424,-8.635631963856369
2016-05-13 11:00:00,27.2,75,0.4,8.7,336,3.5386087947594613,-7.947845481490627
2016-05-13 12:00:00,26.5,78,1.2,9.5,323,5.717242719944459,-7.587037345449282
2016-05-13 13:00:00,27.0,76,0.4,7.0,348,1.4553818357243162,-6.847033205136639
2016-05-13 14:00:00,26.4,79,1.2,8.7,355,0.7582549619046257,-8.666893873398186
2016-05-13 15:00:00,26.1,83,0.3,6.5,357,0.3401837155791358,-6.49109197590473
2016-05-13 16:00:00,26.1,80,2.0,4.9,343,1.4326213531414103,-4.685893304218874
2016-05-13 17:00:00,25.9,81,1.7000000000000002,1.8,11,-0.3434561916777803,-1.7669289302057951
2016-05-13 18:00:00,25.5,82,0.1,2.3,288,2.1874299874788528,-0.710739087062379
2016-05-13 19:00:00,24.9,84,0.1,3.3,221,2.1649947956686737,2.4905416147351476
2016-05-13 20:00:00,24.1,88,0.2,4.7,212,2.490620541896063,3.9858260519352022
2016-05-13 21:00:00,23.5,91,0.4,5.0,201,1.791839747726502,4.667902132486009
2016-05-13 22:00:00,23.1,93,1.4,5.4,188,0.7515347451843536,5.34744757120448
2016-05-13 23:00:00,22.8,94,1.7000000000000002,6.1,183,0.3192493330819582,6.0916401620029
2016-05-14 00:00:00,22.6,96,1.5,5.8,187,0.7068421917498554,5.756767679519667
2016-05-14 01:00:00,22.4,96,0.9,5.9,191,1.125773072721615,5.791600382341218
2016-05-14 02:00:00,22.1,96,0.3,6.3,167,-1.4171916423663498,6.1385314081469815
2016-05-14 03:00:00,22.6,92,0.0,3.8,163,-1.1110124779463992,3.633958072659535
2016-05-14 04:00:00,21.9,92,0.0,3.6,180,2.2043642384652358e-16,3.6
2016-05-14 05:00:00,21.3,95,0.0,4.7,171,-0.7352419856890848,4.6421352007971475
2016-05-14 06:00:00,21.6,95,0.0,4.2,160,-1.4364846019678086,3.9467090073008158
2016-05-14 07:00:00,23.9,90,0.0,3.7,191,0.7059932828932162,3.632020578756357
2016-05-14 08:00:00,25.0,86,0.0,5.3,242,4.679622242152313,2.4881992827652213
2016-05-14 09:00:00,26.0,81,0.0,5.5,247,5.062776693988422,2.149021206691006
2016-05-14 10:00:00,26.6,77,0.1,5.2,258,5.08636752381579,1.0811407922523486
2016-05-14 11:00:00,26.6,76,0.3,6.1,267,6.0916401620029,0.31924933308195735
2016-05-14 12:00:00,27.1,76,0.2,6.6,279,6.518743047927909,-1.0324674692655236
2016-05-14 13:00:00,26.9,79,0.6,4.7,261,4.6421352007971475,0.7352419856890852
2016-05-14 14:00:00,26.6,80,0.8,6.8,267,6.790680836331102,0.3558845024520181
2016-05-14 15:00:00,26.6,80,1.8,3.4,288,3.233592155403522,-1.0506577808748212
2016-05-14 16:00:00,26.4,80,0.4,4.2,290,3.9467090073008158,-1.4364846019678086
2016-05-14 17:00:00,25.8,83,1.0,3.1,291,2.8940993221413254,-1.1109406435904308
2016-05-14 18:00:00,25.6,84,0.2,1.5,256,1.4554435894139948,0.3628828433995016
2016-05-14 19:00:00,24.9,88,0.0,4.3,180,2.632990618166809e-16,4.3
2016-05-14 20:00:00,23.9,91,0.0,5.0,180,3.061616997868383e-16,5.0
2016-05-14 21:00:00,22.9,94,0.0,4.7,184,0.3278554265973886,4.688551036221174
2016-05-14 22:00:00,21.9,96,0.0,5.8,176,-0.4045875477159269,5.78587149150698
2016-05-14 23:00:00,21.4,97,0.0,5.8,173,-0.7068421917498547,5.756767679519668
2016-05-15 00:00:00,21.2,95,0.0,4.8,167,-1.079765060850552,4.676976310969129
2016-05-15 01:00:00,20.9,95,0.0,3.3,167,-0.7423384793347546,3.2154212137912763
2016-05-15 02:00:00,20.7,94,0.0,3.8,131,-2.8678964048465336,2.4930243101639276
2016-05-15 03:00:00,21.6,91,0.2,4.0,117,-3.564026096753471,1.8159619989581874
2016-05-15 04:00:00,21.0,91,0.0,4.2,110,-3.9467090073008153,1.4364846019678092
2016-05-15 05:00:00,20.6,91,0.0,3.8,107,-3.633958072659535,1.111012477946399
2016-05-15 06:00:00,20.6,92,0.0,2.6,106,-2.499280409439629,0.716657125124198
2016-05-15 07:00:00,23.5,91,0.0,2.5,90,-2.5,3.061616997868383e-16
2016-05-15 08:00:00,25.3,78,0.0,1.0,315,0.7071067811865476,-0.7071067811865475
2016-05-15 09:00:00,26.1,78,0.0,3.1,291,2.8940993221413254,-1.1109406435904308
2016-05-15 10:00:00,26.4,77,0.1,4.7,302,3.9858260519352022,-2.490620541896063
2016-05-15 11:00:00,26.4,78,0.3,4.8,297,4.276831316104166,-2.1791543987498243
2016-05-15 12:00:00,27.1,73,0.4,5.3,298,4.679622242152313,-2.4881992827652213
2016-05-15 13:00:00,27.5,71,0.8,4.3,265,4.283637201794505,0.3747696938149301
2016-05-15 14:00:00,28.2,69,0.0,5.4,266,5.386845871403051,0.37668495821827663
2016-05-15 15:00:00,27.1,75,0.6,5.2,254,4.998560818879258,1.4333142502483958
2016-05-15 16:00:00,27.1,74,0.1,4.4,235,3.604268994871564,2.523736319944603
2016-05-15 17:00:00,27.2,73,0.5,4.2,239,3.600102662948872,2.1631599146222276
2016-05-15 18:00:00,26.3,76,1.1,3.5,246,3.197409101749103,1.4235782507653008
2016-05-15 19:00:00,24.9,86,0.3,3.9,214,2.1808523235359125,3.233246532964663
2016-05-15 20:00:00,24.1,90,0.0,4.6,198,1.4214781741247582,4.3748599749577055
2016-05-15 21:00:00,24.2,86,0.0,4.7,180,2.8779199779962803e-16,4.7
2016-05-15 22:00:00,23.6,88,0.0,5.4,160,-1.8469087739586112,5.074340152243906
2016-05-15 23:00:00,24.5,83,0.0,5.5,148,-2.914555953282626,4.664264528860343
2016-05-16 00:00:00,24.0,85,0.0,3.9,146,-2.180852323535912,3.233246532964663
2016-05-16 01:00:00,23.9,85,0.0,2.8,130,-2.144924440733138,1.7998053071223103
2016-05-16 02:00:00,23.2,87,0.0,2.6,106,-2.499280409439629,0.716657125124198
2016-05-16 03:00:00,20.7,92,0.0,2.5,90,-2.5,3.061616997868383e-16
2016-05-16 04:00:00,20.6,91,0.0,1.8,37,-1.083267041673687,-1.437543918085127
2016-05-16 05:00:00,20.6,91,0.0,1.8,53,-1.437543918085127,-1.0832670416736871
2016-05-16 06:00:00,20.7,91,0.0,3.8,49,-2.867896404846534,-2.4930243101639267
2016-05-16 07:00:00,22.3,90,0.0,5.4,8,-0.7515347451843555,-5.34744757120448
2016-05-16 08:00:00,23.6,84,0.0,10.0,345,2.5881904510252074,-9.659258262890683
2016-05-16 09:00:00,23.8,86,0.2,8.9,333,4.040515447681967,-7.929958065276474
2016-05-16 10:00:00,24.4,88,0.1,5.2,326,2.9078030980478835,-4.3109953772862175
2016-05-16 11:00:00,24.2,89,0.3,5.1,321,3.209533994354171,-3.963444403430551
2016-05-16 12:00:00,25.2,84,0.2,6.6,315,4.666904755831213,-4.666904755831213
2016-05-16 13:00:00,24.9,84,0.2,10.1,325,5.793122007145566,-8.273435647318816
2016-05-16 14:00:00,24.0,87,0.2,10.8,334,4.734408385322037,-9.706975700031006
2016-05-16 15:00:00,24.0,85,0.8,10.6,342,3.275580140374443,-10.081199072728626
2016-05-16 16:00:00,23.7,84,0.1,11.6,344,3.19739332747719,-11.1506356728845
2016-05-16 17:00:00,23.0,86,0.0,9.4,342,2.904759747124506,-8.939931253174443
2016-05-16 18:00:00,22.2,88,0.0,9.0,344,2.4807362023529924,-8.65135526344487
2016-05-16 19:00:00,21.8,89,0.0,7.6,360,4.653657836759942e-16,-7.6
2016-05-16 20:00:00,21.5,90,0.0,8.4,7,-1.0237024846032363,-8.337387673787106
2016-05-16 21:00:00,21.0,94,0.0,7.2,6,-0.7526049355271042,-7.160557646651569
2016-05-16 22:00:00,21.0,93,0.2,6.2,7,-0.7555899291119125,-6.153786140176197
2016-05-16 23:00:00,20.7,93,0.3,3.3,6,-0.3449439287832561,-3.281922254715302
2016-05-17 00:00:00,20.3,95,0.2,0.8,333,0.3631923997916375,-0.7128052193506943
2016-05-17 01:00:00,20.2,95,0.0,1.5,315,1.0606601717798214,-1.0606601717798212
2016-05-17 02:00:00,20.4,94,0.0,2.3,321,1.447436899414626,-1.7874357113510329
2016-05-17 03:00:00,20.8,88,0.3,2.5,360,1.5308084989341916e-16,-2.5
2016-05-17 04:00:00,20.8,88,0.1,3.3,13,-0.7423384793347553,-3.215421213791276
2016-05-17 05:00:00,20.6,89,0.0,3.9,22,-1.460965714322058,-3.6160170328104706
2016-05-17 06:00:00,20.7,88,0.0,4.1,45,-2.8991378028648453,-2.8991378028648445
2016-05-17 07:00:00,21.5,89,0.2,3.6,6,-0.3763024677635521,-3.5802788233257843
2016-05-17 08:00:00,22.0,87,0.2,5.8,330,2.9000000000000004,-5.0229473419497435
2016-05-17 09:00:00,22.8,86,0.2,5.4,318,3.6133052743378347,-4.012982057577929
2016-05-17 10:00:00,23.7,83,0.2,6.2,306,5.0159053651246746,-3.6442685642133337
2016-05-17 11:00:00,24.3,81,0.2,7.9,313,5.777694242791447,-5.387787044493738
2016-05-17 12:00:00,24.6,81,0.3,7.7,319,5.051654523226906,-5.811263767715345
2016-05-17 13:00:00,24.5,82,0.1,6.9,317,4.70578868443124,-5.046340541172277
2016-05-17 14:00:00,24.7,80,0.5,6.4,308,5.043268823083021,-3.9402334420842133
2016-05-17 15:00:00,23.8,84,0.5,5.9,322,3.6324027044213842,-4.64926344627966
2016-05-17 16:00:00,23.5,87,0.3,7.0,325,4.015035054457323,-5.7340643100229425
2016-05-17 17:00:00,23.0,89,0.4,6.5,326,3.634753872559854,-5.388744221607771
2016-05-17 18:00:00,22.3,93,0.2,6.2,339,2.2218812871808624,-5.788198644282651
2016-05-17 19:00:00,21.8,95,0.0,6.6,347,1.4846769586695083,-6.430842427582553
2016-05-17 20:00:00,21.5,96,0.1,6.1,360,3.735172737399427e-16,-6.1
2016-05-17 21:00:00,21.2,97,0.0,4.5,14,-1.088648530198505,-4.366330768241984
2016-05-17 22:00:00,20.9,97,0.0,3.1,45,-2.192031021678298,-2.192031021678297
2016-05-17 23:00:00,20.9,97,0.0,2.3,72,-2.187429987478853,-0.7107390870623786
2016-05-18 00:00:00,20.5,98,0.0,2.2,81,-2.1729143493093033,-0.3441558230885076
2016-05-18 01:00:00,20.6,98,0.0,2.5,45,-1.7677669529663693,-1.7677669529663687
2016-05-18 02:00:00,20.9,96,0.0,2.8,40,-1.7998053071223103,-2.144924440733138
2016-05-18 03:00:00,19.8,94,0.0,3.3,41,-2.1649947956686737,-2.4905416147351476
2016-05-18 04:00:00,19.2,94,0.0,3.6,45,-2.545584412271572,-2.545584412271571
2016-05-18 05:00:00,17.8,99,0.0,3.6,53,-2.875087836170254,-2.1665340833473743
2016-05-18 06:00:00,18.0,98,0.0,4.1,38,-2.524212048835198,-3.2308440897875603
2016-05-18 07:00:00,21.6,91,0.0,5.5,23,-2.149021206691006,-5.062776693988422
2016-05-18 08:00:00,23.0,84,0.0,8.0,5,-0.697245941981266,-7.969557584733964
2016-05-18 09:00:00,24.4,79,0.0,7.6,357,0.3977532674463741,-7.589584464134761
2016-05-18 10:00:00,25.4,77,0.0,7.8,347,1.7546182238821464,-7.6000865053248345
2016-05-18 11:00:00,25.8,75,0.3,9.4,337,3.672872607799173,-8.65274562245294
2016-05-18 12:00:00,25.9,75,0.4,10.9,343,3.186851581477831,-10.423721839997087
2016-05-18 13:00:00,25.7,78,0.3,12.4,352,1.7257464519048118,-12.279324052395474
2016-05-18 14:00:00,25.5,79,0.3,12.3,3,-0.643732261788215,-12.283143277481258
2016-05-18 15:00:00,25.7,75,0.0,11.3,7,-1.3771235804781632,-11.21577151354694
2016-05-18 16:00:00,25.8,71,0.0,10.5,4,-0.7324429743133186,-10.474422527728153
2016-05-18 17:00:00,25.4,73,0.0,8.6,360,5.265981236333618e-16,-8.6
2016-05-18 18:00:00,24.7,76,0.0,8.3,360,5.082284216461516e-16,-8.3
2016-05-18 19:00:00,23.1,86,0.0,9.5,11,-1.812685456077174,-9.325458242752807
2016-05-18 20:00:00,22.0,86,0.0,8.5,36,-4.996174644486023,-6.876644452187052
2016-05-18 21:00:00,21.9,83,0.0,6.4,52,-5.043268823083022,-3.9402334420842124
2016-05-18 22:00:00,21.6,82,0.0,5.2,56,-4.3109953772862175,-2.907803098047883
2016-05-18 23:00:00,20.9,82,0.0,3.7,61,-3.236092916415765,-1.7937955949114468
2016-05-19 00:00:00,20.8,80,0.0,2.6,56,-2.1554976886431088,-1.4539015490239415
2016-05-19 01:00:00,19.9,81,0.0,2.4,63,-2.138415658052083,-1.089577199374912
2016-05-19 02:00:00,19.2,81,0.0,2.3,72,-2.187429987478853,-0.7107390870623786
2016-05-19 03:00:00,19.0,80,0.0,2.4,63,-2.138415658052083,-1.089577199374912
2016-05-19 04:00:00,19.0,77,0.0,2.1,59,-1.800051331474436,-1.0815799573111138
2016-05-19 05:00:00,19.0,75,0.0,1.8,53,-1.437543918085127,-1.0832670416736871
2016-05-19 06:00:00,19.1,76,0.0,2.0,45,-1.4142135623730954,-1.414213562373095
2016-05-19 07:00:00,22.1,79,0.0,2.0,45,-1.4142135623730954,-1.414213562373095
2016-05-19 08:00:00,24.6,63,0.0,3.2,360,1.9594348786357652e-16,-3.2
2016-05-19 09:00:00,25.5,63,0.0,1.9,338,0.7117525274902327,-1.761649323676896
2016-05-19 10:00:00,26.2,64,0.0,3.3,283,3.2154212137912763,-0.7423384793347545
2016-05-19 11:00:00,26.8,63,0.0,4.8,283,4.676976310969129,-1.079765060850552
2016-05-19 12:00:00,27.2,64,0.0,6.6,292,6.1194134401407965,-2.472403516545019
2016-05-19 13:00:00,26.7,68,0.1,7.6,315,5.374011537017761,-5.37401153701776
2016-05-19 14:00:00,26.1,72,0.0,7.4,331,3.587591189822895,-6.472185832831529
2016-05-19 15:00:00,26.8,69,0.0,7.9,336,3.2132194802988217,-7.217009115376547
2016-05-19 16:00:00,26.5,70,0.0,8.8,341,2.8649997592229797,-8.320563465273988
2016-05-19 17:00:00,25.7,74,0.0,8.2,345,2.12231616984067,-7.92059177557036
2016-05-19 18:00:00,24.9,77,0.0,6.5,341,2.116193003971519,-6.145870741395559
2016-05-19 19:00:00,23.7,83,0.0,8.3,358,0.289665822630759,-8.294943864258496
2016-05-19 20:00:00,22.8,87,0.0,7.4,23,-2.8914103508206264,-6.811735915548058
2016-05-19 21:00:00,23.2,82,0.0,4.9,36,-2.880147736233119,-3.9641832724372423
2016-05-19 22:00:00,23.1,82,0.0,1.6,27,-0.7263847995832751,-1.4256104387013886
2016-05-19 23:00:00,22.7,83,0.0,0.7000000000000001,360,4.2862637970157366e-17,-0.7000000000000001
2016-05-20 00:00:00,22.7,83,0.0,1.8,79,-1.7669289302057951,-0.3434561916777805
2016-05-20 01:00:00,21.5,87,0.0,4.2,110,-3.9467090073008153,1.4364846019678092
2016-05-20 02:00:00,21.8,85,0.0,5.0,111,-4.667902132486009,1.7918397477265011
2016-05-20 03:00:00,20.6,90,0.0,4.8,103,-4.6769763109691285,1.079765060850553
2016-05-20 04:00:00,19.4,95,0.0,2.9,97,-2.8783838397598336,0.35342109587492787
2016-05-20 05:00:00,19.0,97,0.0,3.6,90,-3.6,4.4087284769304716e-16
2016-05-20 06:00:00,19.3,95,0.0,2.6,74,-2.499280409439629,-0.7166571251241974
2016-05-20 07:00:00,22.0,91,0.0,1.8,101,-1.7669289302057951,0.34345619167778096
2016-05-20 08:00:00,24.7,77,0.0,1.6,243,1.4256104387013888,0.7263847995832748
2016-05-20 09:00:00,25.7,76,0.0,3.9,236,3.2332465329646625,2.180852323535913
2016-05-20 10:00:00,26.6,75,0.0,5.5,247,5.062776693988422,2.149021206691006
2016-05-20 11:00:00,27.0,73,0.0,5.9,256,5.7247447850283795,1.4273391840380396
2016-05-20 12:00:00,27.1,73,0.0,6.1,267,6.0916401620029,0.31924933308195735
2016-05-20 13:00:00,27.2,72,0.0,5.9,281,5.791600382341218,-1.1257730727216144
2016-05-20 14:00:00,27.2,72,0.0,6.0,295,5.437846722219899,-2.5357095704441965
2016-05-20 15:00:00,26.7,77,0.0,7.8,304,6.466493065929325,-4.361704647071826
2016-05-20 16:00:00,25.8,81,0.0,8.9,313,6.509047944410617,-6.069785404556237
2016-05-20 17:00:00,25.3,82,0.0,6.6,338,2.4724035165450187,-6.1194134401407965
2016-05-20 18:00:00,24.9,83,0.0,4.7,337,1.8364363038995866,-4.32637281122647
2016-05-20 19:00:00,24.3,86,0.0,4.3,355,0.37476969381492997,-4.283637201794505
2016-05-20 20:00:00,23.9,89,0.0,3.4,32,-1.801725498392897,-2.883363526931848
2016-05-20 21:00:00,23.8,88,0.0,1.0,45,-0.7071067811865477,-0.7071067811865475
2016-05-20 22:00:00,23.1,91,0.0,0.0,270,0.0,0.0
2016-05-20 23:00:00,22.5,93,0.0,1.6,117,-1.4256104387013886,0.7263847995832751
2016-05-21 00:00:00,22.4,92,0.0,2.3,108,-2.1874299874788528,0.7107390870623792
2016-05-21 01:00:00,22.8,89,0.0,2.4,27,-1.0895771993749126,-2.138415658052083
2016-05-21 02:00:00,22.6,89,0.0,2.4,63,-2.138415658052083,-1.089577199374912
2016-05-21 03:00:00,22.6,87,0.0,4.0,85,-3.984778792366982,-0.3486229709906318
2016-05-21 04:00:00,22.2,88,0.0,2.7,67,-2.485363104321589,-1.0549740469210387
2016-05-21 05:00:00,21.1,92,0.2,2.3,72,-2.187429987478853,-0.7107390870623786
2016-05-21 06:00:00,20.9,92,0.5,2.2,90,-2.2,2.6942229581241775e-16
2016-05-21 07:00:00,22.9,91,0.3,2.5,135,-1.7677669529663687,1.7677669529663689
2016-05-21 08:00:00,24.5,86,0.2,4.2,250,3.9467090073008158,1.4364846019678086
2016-05-21 09:00:00,24.7,86,0.7000000000000001,6.2,263,6.153786140176196,0.7555899291119144
2016-05-21 10:00:00,25.2,86,1.7000000000000002,6.7,254,6.440453362786736,1.8467702839738944
2016-05-21 11:00:00,25.0,89,2.0,7.7,233,6.149493427364155,4.6339756782707715
2016-05-21 12:00:00,24.7,92,2.4,5.9,223,4.023790324368742,4.314986839553106
2016-05-21 13:00:00,24.8,91,2.1,7.2,217,4.333068166694749,5.750175672340508
2016-05-21 14:00:00,25.1,89,1.2,5.4,233,4.312631754255381,3.2498011250210608
2016-05-21 15:00:00,24.3,89,1.6,3.9,236,3.2332465329646625,2.180852323535913
2016-05-21 16:00:00,24.2,90,1.1,3.8,221,2.4930243101639276,2.8678964048465336
2016-05-21 17:00:00,24.2,91,1.3,3.3,193,0.7423384793347542,3.2154212137912763
2016-05-21 18:00:00,23.8,95,1.7000000000000002,3.1,234,2.5079526825623373,1.8221342821066668
2016-05-21 19:00:00,23.8,93,1.7000000000000002,4.3,185,0.37476969381492997,4.283637201794505
2016-05-21 20:00:00,23.4,95,1.9,5.2,155,-2.1976149610516367,4.71280049259058
2016-05-21 21:00:00,23.6,93,1.5,5.5,169,-1.0494494745709964,5.3989495089621515
2016-05-21 22:00:00,23.5,94,1.1,6.3,149,-3.2447398719333416,5.400153994423308
2016-05-21 23:00:00,23.2,95,1.3,6.5,146,-3.6347538725598536,5.388744221607771
2016-05-22 00:00:00,23.1,95,1.2,6.4,164,-1.764079077228794,6.1520748540052415
2016-05-22 01:00:00,23.1,94,1.3,5.1,172,-0.7097828148963332,5.050367150582009
2016-05-22 02:00:00,22.8,94,1.0,4.7,157,-1.8364363038995868,4.326372811226469
2016-05-22 03:00:00,21.9,90,0.0,4.8,132,-3.567095162291491,3.21182691052252
2016-05-22 04:00:00,21.5,89,0.0,4.9,144,-2.880147736233118,3.9641832724372428
2016-05-22 05:00:00,20.9,89,0.0,4.1,128,-3.2308440897875594,2.5242120488351993
2016-05-22 06:00:00,20.7,90,0.0,3.8,131,-2.8678964048465336,2.4930243101639276
2016-05-22 07:00:00,22.9,90,0.0,5.8,158,-2.17271824181229,5.377666356487367
2016-05-22 08:00:00,24.9,81,0.3,6.3,193,1.4171916423663489,6.1385314081469815
2016-05-22 09:00:00,25.5,80,0.4,9.0,209,4.363286582217034,7.871577364254562
2016-05-22 10:00:00,25.4,82,0.3,10.3,216,6.054188098612474,8.332875042061959
2016-05-22 11:00:00,24.8,88,1.1,12.7,205,5.367251924106883,11.510108895365454
2016-05-22 12:00:00,25.3,85,0.9,13.7,207,6.219669846431791,12.206789381380638
2016-05-22 13:00:00,25.5,86,1.5,14.7,205,6.212488447588282,13.322724469438754
2016-05-22 14:00:00,25.6,85,1.7000000000000002,13.2,202,4.944807033090037,12.238826880281593
2016-05-22 15:00:00,26.0,83,1.0,12.1,197,3.5376976271451146,11.571287547152728
2016-05-22 16:00:00,25.7,82,1.5,10.0,201,3.583679495453004,9.335804264972017
2016-05-22 17:00:00,25.1,86,0.6,7.4,209,3.587591189822895,6.472185832831529
2016-05-22 18:00:00,24.6,87,0.3,8.7,204,3.5386087947594613,7.947845481490627
2016-05-22 19:00:00,23.9,90,0.6,8.1,193,1.8221035401853058,7.892397524760405
2016-05-22 20:00:00,23.1,92,0.3,8.3,182,0.289665822630759,8.294943864258496
2016-05-22 21:00:00,22.6,93,0.1,9.0,175,-0.7844016847289241,8.96575228282571
2016-05-22 22:00:00,22.6,91,0.0,9.0,175,-0.7844016847289241,8.96575228282571
2016-05-22 23:00:00,22.8,88,0.2,7.9,164,-2.1775351109542926,7.59396739791272
2016-05-23 00:00:00,22.9,86,0.2,6.9,152,-3.2393537832226476,6.092338390726596
2016-05-23 01:00:00,23.4,82,0.3,6.8,155,-2.8738041798367555,6.16289295184922
2016-05-23 02:00:00,23.2,81,0.4,6.0,147,-3.2678342100901627,5.032023407672543
2016-05-23 03:00:00,21.0,91,0.0,5.9,137,-4.023790324368741,4.314986839553106
2016-05-23 04:00:00,20.4,93,0.0,5.1,135,-3.606244584051392,3.6062445840513924
2016-05-23 05:00:00,19.9,95,0.0,3.9,146,-2.180852323535912,3.233246532964663
2016-05-23 06:00:00,20.5,94,0.0,4.8,153,-2.179154398749824,4.276831316104166
2016-05-23 07:00:00,23.2,89,0.0,4.7,148,-2.4906205418960625,3.9858260519352027
2016-05-23 08:00:00,24.7,81,0.0,5.2,196,1.4333142502483958,4.998560818879258
2016-05-23 09:00:00,25.7,80,0.0,8.4,211,4.326319829244455,7.200205325897744
2016-05-23 10:00:00,26.5,78,0.1,10.0,221,6.560590289905073,7.54709580222772
2016-05-23 11:00:00,27.2,76,0.7000000000000001,11.5,221,7.544678833390834,8.679160172561879
2016-05-23 12:00:00,27.4,78,0.8,11.7,223,7.979380812731232,8.556838308944293
2016-05-23 13:00:00,27.1,80,1.8,11.0,212,5.829111906565254,9.328529057720685
2016-05-23 14:00:00,26.9,79,1.2,11.3,202,4.233054505599806,10.4771775566047
2016-05-23 15:00:00,26.2,86,2.1,10.5,188,1.4613175600806874,10.397814721786489
2016-05-23 16:00:00,26.2,85,4.5,11.9,205,5.029157314714324,10.785062665736135
2016-05-23 17:00:00,24.7,89,4.6,8.1,201,2.902780391316933,7.5620014546273335
2016-05-23 18:00:00,24.3,90,1.5,7.1,195,1.8376152202278973,6.858073366652385
2016-05-23 19:00:00,23.9,92,0.2,7.4,194,1.7902220274375409,7.180188374442374
2016-05-23 20:00:00,23.3,93,0.0,7.2,183,0.3768188849491966,7.190132650232932
2016-05-23 21:00:00,23.2,92,0.0,7.9,183,0.41345405431925736,7.889173324561134
2016-05-23 22:00:00,23.0,92,0.0,8.3,180,5.082284216461516e-16,8.3
2016-05-23 23:00:00,23.5,89,0.0,8.3,182,0.289665822630759,8.294943864258496
2016-05-24 00:00:00,23.5,87,0.0,8.0,172,-1.1133848076805228,7.922144549932563
2016-05-24 01:00:00,23.6,86,0.0,8.0,172,-1.1133848076805228,7.922144549932563
2016-05-24 02:00:00,23.8,84,0.0,6.5,174,-0.6794350112397481,6.4643923198937765
2016-05-24 03:00:00,23.7,86,0.4,5.4,172,-0.7515347451843529,5.34744757120448
2016-05-24 04:00:00,23.7,87,0.4,4.8,167,-1.079765060850552,4.676976310969129
2016-05-24 05:00:00,23.7,86,0.0,4.5,166,-1.088648530198505,4.366330768241984
2016-05-24 06:00:00,23.7,86,0.0,3.9,146,-2.180852323535912,3.233246532964663
2016-05-24 07:00:00,23.8,92,0.0,3.3,167,-0.7423384793347546,3.2154212137912763
2016-05-24 08:00:00,24.5,89,0.0,3.6,217,2.1665340833473743,2.875087836170254
2016-05-24 09:00:00,25.4,87,0.0,4.8,228,3.5670951622914924,3.2118269105225195
2016-05-24 10:00:00,26.6,81,0.1,6.0,253,5.737828535778212,1.7542302283364206
2016-05-24 11:00:00,27.1,82,0.4,7.0,249,6.535062985480412,2.5085756468171017
2016-05-24 12:00:00,25.8,85,1.0,5.5,247,5.062776693988422,2.149021206691006
2016-05-24 13:00:00,26.4,86,3.0,6.8,245,6.162892951849219,2.873804179836756
2016-05-24 14:00:00,25.5,85,1.7000000000000002,4.7,238,3.9858260519352022,2.490620541896063
2016-05-24 15:00:00,26.0,83,1.2,4.2,250,3.9467090073008158,1.4364846019678086
2016-05-24 16:00:00,26.3,82,1.1,3.1,234,2.5079526825623373,1.8221342821066668
2016-05-24 17:00:00,26.3,83,0.6,2.8,220,1.7998053071223101,2.1449244407331385
2016-05-24 18:00:00,26.0,85,0.2,1.8,281,1.7669289302057951,-0.34345619167778063
2016-05-24 19:00:00,25.1,89,0.1,2.3,252,2.1874299874788528,0.710739087062379
2016-05-24 20:00:00,24.3,92,0.0,4.0,190,0.6945927106677217,3.939231012048832
2016-05-24 21:00:00,23.6,93,0.0,5.2,205,2.197614961051637,4.7128004925905795
2016-05-24 22:00:00,23.1,94,0.0,6.2,201,2.2218812871808624,5.788198644282651
2016-05-24 23:00:00,23.5,92,0.2,4.5,194,1.0886485301985045,4.366330768241984
2016-05-25 00:00:00,22.4,95,0.2,4.4,189,0.6883116461770161,4.3458286986186065
2016-05-25 01:00:00,22.6,94,0.1,6.3,167,-1.4171916423663498,6.1385314081469815
2016-05-25 02:00:00,23.4,91,0.2,5.4,184,0.3766849582182763,5.386845871403051
2016-05-25 03:00:00,23.7,86,0.1,5.0,180,3.061616997868383e-16,5.0
2016-05-25 04:00:00,22.6,90,0.0,6.1,180,3.735172737399427e-16,6.1
2016-05-25 05:00:00,22.3,92,0.0,6.2,173,-0.7555899291119137,6.153786140176197
2016-05-25 06:00:00,21.7,94,0.0,2.9,97,-2.8783838397598336,0.35342109587492787
2016-05-25 07:00:00,23.5,91,0.0,1.3,34,-0.7269507745119705,-1.0777488443215544
2016-05-25 08:00:00,24.8,87,0.0,2.9,263,2.8783838397598336,0.35342109587492765
2016-05-25 09:00:00,26.2,80,0.0,5.5,247,5.062776693988422,2.149021206691006
2016-05-25 10:00:00,27.1,75,0.0,7.3,237,6.122295146001595,3.9758649556096977
2016-05-25 11:00:00,27.9,72,0.0,7.9,240,6.841600689897066,3.9499999999999997
2016-05-25 12:00:00,28.5,69,0.0,9.0,241,7.871577364254562,4.363286582217033
2016-05-25 13:00:00,28.6,69,0.0,10.0,240,8.660254037844387,4.999999999999999
2016-05-25 14:00:00,28.5,70,0.0,9.8,246,8.95274548489749,3.9860191021428424
2016-05-25 15:00:00,27.6,76,0.0,8.3,268,8.294943864258496,0.2896658226307581
2016-05-25 16:00:00,27.0,78,0.0,6.9,279,6.815049550106451,-1.079397808777593
2016-05-25 17:00:00,26.3,82,0.0,6.0,295,5.437846722219899,-2.5357095704441965
2016-05-25 18:00:00,25.8,85,0.0,3.9,292,3.616017032810471,-1.460965714322057
2016-05-25 19:00:00,25.1,89,0.0,4.2,290,3.9467090073008158,-1.4364846019678086
2016-05-25 20:00:00,25.0,88,0.0,1.1,270,1.1,0.0
2016-05-25 21:00:00,24.8,90,0.0,1.8,169,-0.34345619167778063,1.7669289302057951
2016-05-25 22:00:00,24.5,91,0.0,3.7,151,-1.793795594911447,3.236092916415765
2016-05-25 23:00:00,24.3,92,0.0,5.0,159,-1.7918397477265013,4.667902132486009
2016-05-26 00:00:00,24.0,92,0.0,6.3,156,-2.5624408513775414,5.755336383148386
2016-05-26 01:00:00,23.9,92,0.0,6.2,144,-3.644268564213333,5.0159053651246746
2016-05-26 02:00:00,23.8,92,0.0,5.7,145,-3.269385687200963,4.669166652447252
2016-05-26 03:00:00,23.0,89,0.2,6.3,149,-3.2447398719333416,5.400153994423308
2016-05-26 04:00:00,22.4,89,0.5,6.0,147,-3.2678342100901627,5.032023407672543
2016-05-26 05:00:00,23.6,83,0.9,6.0,155,-2.535709570444196,5.4378467222199
2016-05-26 06:00:00,24.0,82,0.6,5.4,143,-3.2498011250210617,4.312631754255381
2016-05-26 07:00:00,23.9,92,0.8,3.5,114,-3.197409101749103,1.4235782507653014
2016-05-26 08:00:00,25.3,84,0.7000000000000001,3.4,122,-2.883363526931848,1.8017254983928965
2016-05-26 09:00:00,26.4,81,0.6,4.4,189,0.6883116461770161,4.3458286986186065
2016-05-26 10:00:00,27.5,79,0.2,7.0,215,4.015035054457323,5.7340643100229425
2016-05-26 11:00:00,27.9,78,0.0,9.4,227,6.874724795220202,6.410784584587486
2016-05-26 12:00:00,28.2,76,0.0,11.7,225,8.273149339882606,8.273149339882604
2016-05-26 13:00:00,28.1,78,0.1,11.2,230,8.579697762932554,7.199221228489239
2016-05-26 14:00:00,27.8,81,0.3,9.2,228,6.836932394392027,6.156001578501495
2016-05-26 15:00:00,27.6,78,0.4,8.2,232,6.461688179575119,5.048424097670398
2016-05-26 16:00:00,27.8,76,0.0,7.4,227,5.412017391981862,5.046787864462489
2016-05-26 17:00:00,27.8,77,0.0,6.6,229,4.981083229470295,4.329989591337347
2016-05-26 18:00:00,27.2,83,0.0,3.2,243,2.8512208774027776,1.4527695991665497
2016-05-26 19:00:00,26.5,82,0.0,4.2,239,3.600102662948872,2.1631599146222276
2016-05-26 20:00:00,25.7,85,0.0,2.8,230,2.1449244407331385,1.7998053071223097
2016-05-26 21:00:00,24.3,89,0.0,1.8,169,-0.34345619167778063,1.7669289302057951
2016-05-26 22:00:00,23.7,90,0.0,3.7,119,-3.2360929164157644,1.7937955949114477
2016-05-26 23:00:00,22.0,95,0.0,5.0,111,-4.667902132486009,1.7918397477265011
2016-05-27 00:00:00,21.6,95,0.0,4.4,125,-3.6042689948715645,2.5237363199446023
2016-05-27 01:00:00,21.5,94,0.0,4.1,135,-2.8991378028648445,2.899137802864845
2016-05-27 02:00:00,21.3,94,0.0,3.7,119,-3.2360929164157644,1.7937955949114477
2016-05-27 03:00:00,21.6,93,0.0,2.5,98,-2.475670171853926,0.3479327524001633
2016-05-27 04:00:00,21.1,95,0.0,2.5,98,-2.475670171853926,0.3479327524001633
2016-05-27 05:00:00,21.1,94,0.0,3.3,96,-3.2819222547153015,0.3449439287832573
2016-05-27 06:00:00,21.2,96,0.0,3.6,96,-3.580278823325784,0.37630246776355347
2016-05-27 07:00:00,24.6,92,0.0,3.6,96,-3.580278823325784,0.37630246776355347
2016-05-27 08:00:00,27.0,80,0.0,1.5,194,0.3628828433995015,1.4554435894139948
2016-05-27 09:00:00,28.2,80,0.0,5.6,225,3.9597979746446663,3.9597979746446654
2016-05-27 10:00:00,28.6,80,0.0,9.0,217,5.4163352083684355,7.187719590425635
2016-05-27 11:00:00,29.6,73,0.0,11.5,212,6.094071538681856,9.7525531057989
2016-05-27 12:00:00,29.8,72,0.1,13.4,204,5.450271017215723,12.241509132410853
2016-05-27 13:00:00,29.6,73,0.3,14.1,199,4.59051097784591,13.331811915950366
2016-05-27 14:00:00,28.1,80,0.6,13.7,203,5.353016460303049,12.610916492298433
2016-05-27 15:00:00,29.7,70,0.0,14.2,204,5.775660331676363,12.972345498524932
2016-05-27 16:00:00,29.3,71,0.0,13.0,204,5.287576359985403,11.876090949353811
2016-05-27 17:00:00,28.7,75,0.0,10.6,190,1.8406706832694624,10.438962181929405
2016-05-27 18:00:00,28.0,77,0.0,9.5,189,1.4861274178821937,9.38303923565381
2016-05-27 19:00:00,26.7,81,0.0,7.9,183,0.41345405431925736,7.889173324561134
2016-05-27 20:00:00,25.3,86,0.0,8.6,178,-0.30013567164150823,8.594761112364223
2016-05-27 21:00:00,24.7,85,0.0,8.8,168,-1.8296228791962823,8.607698886457491
2016-05-27 22:00:00,24.2,84,0.0,8.1,167,-1.8221035401853067,7.892397524760405
2016-05-27 23:00:00,23.4,85,0.0,8.2,165,-2.122316169840671,7.92059177557036
2016-05-28 00:00:00,22.8,85,0.0,7.6,155,-3.211898789229315,6.88793918147854
2016-05-28 01:00:00,22.4,85,0.0,7.4,151,-3.587591189822894,6.47218583283153
2016-05-28 02:00:00,21.6,87,0.0,8.0,153,-3.6319239979163735,7.128052193506943
2016-05-28 03:00:00,21.4,87,0.0,8.2,157,-3.2039952536120446,7.548139798310009
2016-05-28 04:00:00,21.3,86,0.0,7.9,156,-3.213219480298822,7.217009115376547
2016-05-28 05:00:00,21.0,87,0.0,7.3,160,-2.4967470462773815,6.859756131737131
2016-05-28 06:00:00,21.4,87,0.0,9.4,173,-1.1455718280083853,9.329933825428428
2016-05-28 07:00:00,25.6,78,0.0,10.4,178,-0.36295476570600993,10.393664600998596
2016-05-28 08:00:00,27.7,69,0.0,11.7,191,2.2324652459055754,11.485038046337667
2016-05-28 09:00:00,28.6,69,0.0,14.2,196,3.914050452601388,13.649916082324127
2016-05-28 10:00:00,29.2,70,0.0,16.4,199,5.339317733097371,15.506504639828792
2016-05-28 11:00:00,29.6,70,0.0,17.8,198,5.500502499874065,16.928805990053732
2016-05-28 12:00:00,29.7,71,0.0,17.6,195,4.555215193804365,17.000294542687605
2016-05-28 13:00:00,29.6,71,0.0,18.1,201,6.4864598867699375,16.897805719599354
2016-05-28 14:00:00,28.7,74,1.1,16.7,199,5.436988179434517,15.790160212508589
2016-05-28 15:00:00,29.4,70,0.1,14.9,195,3.856403772027559,14.392294811707119
2016-05-28 16:00:00,29.1,71,0.1,13.0,199,4.232386007943038,12.291741482791117
2016-05-28 17:00:00,28.7,74,0.4,11.0,203,4.298042413382011,10.125553387976844
2016-05-28 18:00:00,27.4,80,0.0,8.7,218,5.356254835333226,6.855693556378481
2016-05-28 19:00:00,26.2,85,0.0,9.1,189,1.4235536318661013,8.987963899415753
2016-05-28 20:00:00,25.3,90,0.0,8.6,178,-0.30013567164150823,8.594761112364223
2016-05-28 21:00:00,24.5,91,0.0,9.2,169,-1.755442757464212,9.030970087718508
2016-05-28 22:00:00,23.8,92,0.0,9.5,169,-1.8126854560771757,9.325458242752807
2016-05-28 23:00:00,23.4,91,0.0,9.9,161,-3.2231247291258507,9.360633898433237
2016-05-29 00:00:00,23.2,90,0.0,9.9,161,-3.2231247291258507,9.360633898433237
2016-05-29 01:00:00,22.9,88,0.0,10.6,162,-3.2755801403744416,10.081199072728628
2016-05-29 02:00:00,22.8,86,0.0,11.0,161,-3.581249699028723,10.400704331592486
2016-05-29 03:00:00,22.7,80,0.0,10.1,153,-4.585304047369421,8.999165894302516
2016-05-29 04:00:00,22.9,78,0.0,9.3,144,-5.466402846319999,7.523858047687012
2016-05-29 05:00:00,22.3,80,0.0,8.2,151,-3.975438886019963,7.171881598543045
2016-05-29 06:00:00,22.5,81,0.0,7.2,162,-2.224922359499621,6.847606917325106
2016-05-29 07:00:00,25.8,75,0.0,7.2,177,-0.3768188849491957,7.190132650232932
2016-05-29 08:00:00,27.7,68,0.0,9.5,191,1.8126854560771768,9.325458242752807
2016-05-29 09:00:00,28.4,69,0.0,10.8,206,4.734408385322037,9.706975700031006
2016-05-29 10:00:00,28.7,70,0.0,10.9,214,6.09520264783114,9.036509540849956
2016-05-29 11:00:00,28.8,71,1.0,11.0,218,6.772276228582241,8.668118289673941
2016-05-29 12:00:00,28.9,72,0.2,11.2,220,7.1992212284892405,8.579697762932554
2016-05-29 13:00:00,28.8,72,1.4,10.9,214,6.09520264783114,9.036509540849956
2016-05-29 14:00:00,28.2,74,0.6,11.5,219,7.237184497073131,8.937178556755166
2016-05-29 15:00:00,27.7,76,0.7000000000000001,9.2,201,3.2969851358167634,8.588939923774255
2016-05-29 16:00:00,27.7,77,0.0,7.4,194,1.7902220274375409,7.180188374442374
2016-05-29 17:00:00,27.6,77,0.9,5.6,195,1.4493866525741161,5.4091846272187825
2016-05-29 18:00:00,26.9,81,0.4,3.3,221,2.1649947956686737,2.4905416147351476
2016-05-29 19:00:00,25.9,85,0.0,4.8,193,1.0797650608505516,4.676976310969129
2016-05-29 20:00:00,25.0,88,0.0,5.8,173,-0.7068421917498547,5.756767679519668
2016-05-29 21:00:00,24.1,91,0.0,5.8,150,-2.8999999999999986,5.022947341949744
2016-05-29 22:00:00,23.8,88,0.0,6.3,149,-3.2447398719333416,5.400153994423308
2016-05-29 23:00:00,23.5,87,0.0,6.8,148,-3.6034509967857926,5.766727053863697
2016-05-30 00:00:00,23.4,85,0.0,6.6,151,-3.199743493625824,5.772490067120012
2016-05-30 01:00:00,23.3,83,0.0,6.3,156,-2.5624408513775414,5.755336383148386
2016-05-30 02:00:00,23.1,82,0.0,6.1,152,-2.8637765329939344,5.385980316439453
2016-05-30 03:00:00,22.6,80,0.0,5.6,140,-3.5996106142446203,4.289848881466277
2016-05-30 04:00:00,23.3,75,0.0,4.6,135,-3.252691193458118,3.2526911934581184
2016-05-30 05:00:00,23.4,73,0.0,3.6,143,-2.1665340833473743,2.8750878361702537
2016-05-30 06:00:00,23.1,76,0.0,2.3,141,-1.4474368994146256,1.7874357113510333
2016-05-30 07:00:00,25.1,82,0.0,2.3,141,-1.4474368994146256,1.7874357113510333
2016-05-30 08:00:00,27.6,62,0.0,2.9,210,1.4500000000000002,2.5114736709748717
2016-05-30 09:00:00,28.2,64,0.0,5.0,240,4.330127018922194,2.4999999999999996
2016-05-30 10:00:00,28.8,66,0.0,6.2,249,5.788198644282651,2.2218812871808615
2016-05-30 11:00:00,29.4,67,0.0,7.2,252,6.8476069173251055,2.2249223594996215
2016-05-30 12:00:00,29.3,71,0.2,8.3,252,7.893769085249775,2.5648410533120636
2016-05-30 13:00:00,28.9,76,0.4,8.7,253,8.319851376878407,2.5436338310878095
2016-05-30 14:00:00,29.0,78,0.7000000000000001,6.7,234,5.420413862312148,3.93816119035957
2016-05-30 15:00:00,28.7,81,0.2,6.4,227,4.6806636903626915,4.36478950439999
2016-05-30 16:00:00,28.9,76,1.0,5.6,230,4.289848881466277,3.5996106142446194
2016-05-30 17:00:00,27.6,76,1.3,5.3,242,4.679622242152313,2.4881992827652213
2016-05-30 18:00:00,27.1,78,0.0,3.3,186,0.3449439287832564,3.2819222547153015
2016-05-30 19:00:00,26.3,85,0.0,4.4,189,0.6883116461770161,4.3458286986186065
2016-05-30 20:00:00,25.1,87,0.0,5.4,180,3.3065463576978537e-16,5.4
2016-05-30 21:00:00,24.1,90,0.0,6.3,156,-2.5624408513775414,5.755336383148386
2016-05-30 22:00:00,23.1,92,0.0,4.4,145,-2.5237363199446032,3.6042689948715636
2016-05-30 23:00:00,22.5,93,0.0,4.6,141,-2.894873798829251,3.5748714227020666
2016-05-31 00:00:00,22.1,94,0.0,5.7,145,-3.269385687200963,4.669166652447252
2016-05-31 01:00:00,21.5,93,0.0,5.6,140,-3.5996106142446203,4.289848881466277
2016-05-31 02:00:00,21.1,94,0.0,4.6,141,-2.894873798829251,3.5748714227020666
2016-05-31 03:00:00,22.2,92,0.0,4.3,138,-2.8772616073430903,3.195522749552795
2016-05-31 04:00:00,21.6,93,0.0,5.1,135,-3.606244584051392,3.6062445840513924
2016-05-31 05:00:00,21.5,93,0.0,4.6,129,-3.5748714227020657,2.8948737988292517
2016-05-31 06:00:00,21.7,93,0.0,3.6,127,-2.8750878361702545,2.1665340833473734
2016-05-31 07:00:00,25.3,85,0.0,2.6,124,-2.1554976886431083,1.453901549023942
2016-05-31 08:00:00,27.4,70,0.0,1.5,194,0.3628828433995015,1.4554435894139948
2016-05-31 09:00:00,28.5,66,0.0,3.0,256,2.9108871788279895,0.7257656867990032
2016-05-31 10:00:00,29.2,66,0.0,5.4,274,5.386845871403051,-0.37668495821827663
2016-05-31 11:00:00,29.5,68,0.0,7.0,282,6.84703320513664,-1.4553818357243153
2016-05-31 12:00:00,29.2,70,0.0,7.0,282,6.84703320513664,-1.4553818357243153
2016-05-31 13:00:00,29.3,71,0.2,6.2,280,6.10580806867569,-1.0766187015349682
2016-05-31 14:00:00,29.6,71,0.5,5.1,278,5.050367150582009,-0.7097828148963337
2016-05-31 15:00:00,29.6,70,0.0,5.0,270,5.0,0.0
2016-05-31 16:00:00,29.4,70,0.0,4.7,261,4.6421352007971475,0.7352419856890852
2016-05-31 17:00:00,29.0,71,0.0,4.5,241,3.935788682127281,2.1816432911085166
2016-05-31 18:00:00,28.4,73,0.0,2.3,231,1.7874357113510329,1.4474368994146258
2016-05-31 19:00:00,26.7,85,0.0,4.0,190,0.6945927106677217,3.939231012048832
2016-05-31 20:00:00,25.4,86,0.0,6.1,183,0.3192493330819582,6.0916401620029
2016-05-31 21:00:00,25.1,84,0.0,5.6,165,-1.4493866525741166,5.4091846272187825
2016-05-31 22:00:00,23.7,88,0.0,7.6,161,-2.4743179738743906,7.185941174554808
2016-05-31 23:00:00,22.5,93,0.0,6.8,162,-2.101315561749642,6.467184310807045
2016-06-01 00:00:00,22.0,93,0.0,6.1,152,-2.8637765329939344,5.385980316439453
2016-06-01 01:00:00,21.6,93,0.0,6.0,147,-3.2678342100901627,5.032023407672543
2016-06-01 02:00:00,21.4,91,0.0,6.5,146,-3.6347538725598536,5.388744221607771
2016-06-01 03:00:00,21.2,92,0.0,6.0,147,-3.2678342100901627,5.032023407672543
2016-06-01 04:00:00,21.0,90,0.1,5.5,148,-2.914555953282626,4.664264528860343
2016-06-01 05:00:00,20.8,88,0.1,4.8,153,-2.179154398749824,4.276831316104166
2016-06-01 06:00:00,21.1,88,0.1,3.7,151,-1.793795594911447,3.236092916415765
2016-06-01 07:00:00,25.3,79,0.0,3.4,148,-1.8017254983928963,2.8833635269318485
2016-06-01 08:00:00,27.6,64,0.0,4.7,189,0.7352419856890854,4.6421352007971475
2016-06-01 09:00:00,28.2,64,0.3,5.6,207,2.542346798541462,4.989636535454859
2016-06-01 10:00:00,29.1,64,0.4,5.4,228,4.012982057577929,3.6133052743378347
2016-06-01 11:00:00,29.4,65,0.1,6.2,234,5.0159053651246746,3.6442685642133337
2016-06-01 12:00:00,29.6,66,0.0,6.6,229,4.981083229470295,4.329989591337347
2016-06-01 13:00:00,30.0,66,0.0,6.7,216,3.93816119035957,5.420413862312148
2016-06-01 14:00:00,30.0,66,0.2,7.6,205,3.211898789229316,6.887939181478539
2016-06-01 15:00:00,30.4,62,0.0,8.4,205,3.5499933986218752,7.61298541110786
2016-06-01 16:00:00,30.2,63,0.0,8.7,204,3.5386087947594613,7.947845481490627
2016-06-01 17:00:00,29.5,67,0.0,8.7,210,4.3500000000000005,7.534421012924615
2016-06-01 18:00:00,28.3,72,0.0,6.2,201,2.2218812871808624,5.788198644282651
2016-06-01 19:00:00,26.8,78,0.0,9.0,180,5.51091059616309e-16,9.0
2016-06-01 20:00:00,25.6,83,0.0,8.8,168,-1.8296228791962823,8.607698886457491
2016-06-01 21:00:00,24.3,87,0.0,8.2,165,-2.122316169840671,7.92059177557036
2016-06-01 22:00:00,23.6,87,0.0,8.9,159,-3.1894747509531727,8.308865795825096
2016-06-01 23:00:00,23.1,87,0.0,8.7,156,-3.538608794759462,7.947845481490627
2016-06-02 00:00:00,22.9,85,0.3,8.7,150,-4.349999999999998,7.534421012924616
2016-06-02 01:00:00,22.6,83,0.2,8.1,148,-4.292346040288959,6.869189578867051
2016-06-02 02:00:00,22.2,84,0.1,7.0,145,-4.015035054457323,5.734064310022942
2016-06-02 03:00:00,21.6,83,0.0,6.5,146,-3.6347538725598536,5.388744221607771
2016-06-02 04:00:00,21.9,81,0.0,6.0,147,-3.2678342100901627,5.032023407672543
2016-06-02 05:00:00,21.6,82,0.0,5.1,141,-3.20953399435417,3.963444403430552
2016-06-02 06:00:00,21.8,83,0.1,6.1,152,-2.8637765329939344,5.385980316439453
2016-06-02 07:00:00,25.4,76,0.0,6.6,151,-3.199743493625824,5.772490067120012
2016-06-02 08:00:00,27.6,66,0.0,6.8,180,4.1637991171010006e-16,6.8
2016-06-02 09:00:00,28.4,67,0.7000000000000001,8.5,208,3.9905082836800725,7.505054539300878
2016-06-02 10:00:00,28.6,71,0.7000000000000001,8.9,230,6.817795543758905,5.7208097262102
2016-06-02 11:00:00,27.8,77,0.8,9.7,231,7.538315826132617,6.104407793183422
2016-06-02 12:00:00,28.4,76,0.6,10.2,228,7.580077219869421,6.825132184860354
2016-06-02 13:00:00,29.2,72,0.6,12.0,224,8.335900445507967,8.632077604063813
2016-06-02 14:00:00,29.3,70,0.0,11.5,221,7.544678833390834,8.679160172561879
2016-06-02 15:00:00,27.5,77,2.3,9.1,214,5.088655421583796,7.5442419102508795
2016-06-02 16:00:00,27.7,76,0.9,7.3,200,2.4967470462773824,6.8597561317371305
2016-06-02 17:00:00,27.2,79,0.8,6.3,204,2.5624408513775414,5.755336383148386
2016-06-02 18:00:00,26.6,82,0.0,2.7,157,-1.0549740469210394,2.4853631043215887
2016-06-02 19:00:00,25.8,88,0.0,4.9,163,-1.4326213531414098,4.685893304218874
2016-06-02 20:00:00,24.5,90,0.0,5.6,153,-2.542346798541461,4.98963653545486
2016-06-02 21:00:00,23.6,91,0.0,6.0,147,-3.2678342100901627,5.032023407672543
2016-06-02 22:00:00,23.0,91,0.0,5.0,150,-2.499999999999999,4.330127018922194
2016-06-02 23:00:00,22.6,91,0.0,5.0,150,-2.499999999999999,4.330127018922194
2016-06-03 00:00:00,23.0,86,0.1,5.5,148,-2.914555953282626,4.664264528860343
2016-06-03 01:00:00,23.5,83,0.2,5.8,158,-2.17271824181229,5.377666356487367
2016-06-03 02:00:00,24.1,78,0.4,6.5,146,-3.6347538725598536,5.388744221607771
2016-06-03 03:00:00,22.1,89,0.0,6.4,142,-3.9402334420842133,5.043268823083022
2016-06-03 04:00:00,21.7,89,0.0,6.4,133,-4.6806636903626915,4.364789504399991
2016-06-03 05:00:00,21.1,91,0.0,5.9,133,-4.314986839553106,4.023790324368742
2016-06-03 06:00:00,21.5,91,0.0,4.8,138,-3.2118269105225195,3.5670951622914924
2016-06-03 07:00:00,25.1,82,0.0,5.0,159,-1.7918397477265013,4.667902132486009
2016-06-03 08:00:00,27.2,72,0.0,7.8,193,1.7546182238821464,7.6000865053248345
2016-06-03 09:00:00,28.4,69,0.2,8.7,210,4.3500000000000005,7.534421012924615
2016-06-03 10:00:00,28.8,70,0.0,9.1,214,5.088655421583796,7.5442419102508795
2016-06-03 11:00:00,29.6,67,0.2,9.2,211,4.738350289172498,7.8859391664594325
2016-06-03 12:00:00,29.7,66,0.2,9.4,212,4.981241083792126,7.9716521038704045
2016-06-03 13:00:00,30.0,66,0.2,9.6,214,5.368251873319169,7.9587606965284
2016-06-03 14:00:00,30.1,66,0.1,9.6,214,5.368251873319169,7.9587606965284
2016-06-03 15:00:00,30.1,66,0.0,8.4,211,4.326319829244455,7.200205325897744
2016-06-03 16:00:00,29.1,71,0.0,7.9,210,3.950000000000001,6.841600689897065
2016-06-03 17:00:00,28.8,72,0.0,7.9,210,3.950000000000001,6.841600689897065
2016-06-03 18:00:00,27.9,77,0.0,4.5,194,1.0886485301985045,4.366330768241984
2016-06-03 19:00:00,26.4,84,0.0,4.7,171,-0.7352419856890848,4.6421352007971475
2016-06-03 20:00:00,24.8,90,0.0,5.5,157,-2.149021206691006,5.062776693988422
2016-06-03 21:00:00,23.7,92,0.0,6.8,148,-3.6034509967857926,5.766727053863697
2016-06-03 22:00:00,22.9,92,0.0,5.6,153,-2.542346798541461,4.98963653545486
2016-06-03 23:00:00,22.0,92,0.0,6.0,163,-1.75423022833642,5.737828535778213
2016-06-04 00:00:00,21.6,90,0.0,7.2,162,-2.224922359499621,6.847606917325106
2016-06-04 01:00:00,21.4,88,0.0,8.5,152,-3.990508283680073,7.505054539300878
2016-06-04 02:00:00,21.3,86,0.0,8.0,144,-4.702282018339784,6.47213595499958
2016-06-04 03:00:00,22.4,79,0.2,7.7,143,-4.633975678270772,6.149493427364154
2016-06-04 04:00:00,21.8,80,0.1,6.6,139,-4.329989591337347,4.981083229470296
2016-06-04 05:00:00,20.9,82,0.0,6.6,135,-4.666904755831213,4.666904755831213
2016-06-04 06:00:00,20.8,86,0.0,4.9,144,-2.880147736233118,3.9641832724372428
2016-06-04 07:00:00,25.1,81,0.0,4.8,153,-2.179154398749824,4.276831316104166
2016-06-04 08:00:00,27.9,65,0.0,8.2,218,5.048424097670398,6.46168817957512
2016-06-04 09:00:00,28.5,67,0.0,8.9,223,6.069785404556237,6.509047944410617
2016-06-04 10:00:00,29.1,67,0.3,8.7,225,6.151828996322964,6.151828996322962
2016-06-04 11:00:00,29.8,63,1.3,8.9,223,6.069785404556237,6.509047944410617
2016-06-04 12:00:00,30.0,64,0.0,9.9,224,6.877117867544073,7.121464023352646
2016-06-04 13:00:00,30.2,64,0.0,9.9,226,7.121464023352647,6.877117867544073
2016-06-04 14:00:00,29.9,65,0.7000000000000001,10.2,228,7.580077219869421,6.825132184860354
2016-06-04 15:00:00,29.2,73,0.2,9.2,222,6.156001578501495,6.836932394392027
2016-06-04 16:00:00,28.7,75,0.0,7.1,221,4.658019105832602,5.358438019581681
2016-06-04 17:00:00,28.4,76,0.3,6.1,225,4.31335136523794,4.313351365237939
2016-06-04 18:00:00,27.7,79,0.4,2.7,203,1.0549740469210391,2.485363104321589
2016-06-04 19:00:00,26.6,83,0.0,4.0,153,-1.8159619989581868,3.5640260967534716
2016-06-04 20:00:00,24.9,88,0.0,5.9,142,-3.6324027044213842,4.64926344627966
2016-06-04 21:00:00,24.1,91,0.0,5.2,155,-2.1976149610516367,4.71280049259058
2016-06-04 22:00:00,23.1,91,0.0,4.3,156,-1.748967565225941,3.9282454678631837
2016-06-04 23:00:00,22.2,91,0.0,4.0,153,-1.8159619989581868,3.5640260967534716
2016-06-05 00:00:00,21.5,91,0.0,3.2,153,-1.4527695991665495,2.8512208774027776
2016-06-05 01:00:00,21.1,89,0.0,3.4,148,-1.8017254983928963,2.8833635269318485
2016-06-05 02:00:00,20.9,88,0.0,3.9,146,-2.180852323535912,3.233246532964663
2016-06-05 03:00:00,20.4,87,0.0,4.2,149,-2.163159914622228,3.600102662948872
2016-06-05 04:00:00,20.3,85,0.0,5.1,141,-3.20953399435417,3.963444403430552
2016-06-05 05:00:00,20.0,84,0.1,4.3,138,-2.8772616073430903,3.195522749552795
2016-06-05 06:00:00,20.3,86,0.2,3.3,139,-2.1649947956686737,2.490541614735148
2016-06-05 07:00:00,24.4,83,0.0,3.6,127,-2.8750878361702545,2.1665340833473734
2016-06-05 08:00:00,27.3,62,0.0,2.3,198,0.7107390870623791,2.1874299874788528
2016-06-05 09:00:00,28.0,64,0.2,3.1,249,2.8940993221413254,1.1109406435904308
2016-06-05 10:00:00,28.8,65,0.9,5.1,278,5.050367150582009,-0.7097828148963337
2016-06-05 11:00:00,29.0,66,1.6,6.5,273,6.49109197590473,-0.3401837155791349
2016-06-05 12:00:00,28.9,69,1.7000000000000002,8.6,268,8.594761112364223,0.30013567164150834
2016-06-05 13:00:00,27.3,77,3.2,4.8,257,4.676976310969129,1.079765060850552
2016-06-05 14:00:00,27.8,78,1.4,4.7,261,4.6421352007971475,0.7352419856890852
2016-06-05 15:00:00,27.6,78,1.6,5.8,266,5.78587149150698,0.40458754771592675
2016-06-05 16:00:00,27.4,79,0.5,2.5,278,2.475670171853926,-0.3479327524001636
2016-06-05 17:00:00,27.0,81,2.8,3.6,276,3.580278823325784,-0.37630246776355253
2016-06-05 18:00:00,26.3,84,2.3,0.8,333,0.3631923997916375,-0.7128052193506943
2016-06-05 19:00:00,25.8,85,1.4,2.2,180,1.3471114790620887e-16,2.2
2016-06-05 20:00:00,25.0,89,0.8,4.6,162,-1.4214781741247577,4.374859974957706
2016-06-05 21:00:00,24.5,92,0.5,5.7,162,-1.7613968679371999,5.421022142882376
2016-06-05 22:00:00,23.9,94,0.0,4.9,163,-1.4326213531414098,4.685893304218874
2016-06-05 23:00:00,23.7,93,0.0,4.9,163,-1.4326213531414098,4.685893304218874
2016-06-06 00:00:00,22.9,95,0.0,4.7,171,-0.7352419856890848,4.6421352007971475
2016-06-06 01:00:00,22.0,96,0.0,5.2,164,-1.433314250248395,4.998560818879258
2016-06-06 02:00:00,21.5,95,0.0,5.6,153,-2.542346798541461,4.98963653545486
2016-06-06 03:00:00,21.4,90,0.0,5.2,155,-2.1976149610516367,4.71280049259058
2016-06-06 04:00:00,20.8,92,0.0,5.5,169,-1.0494494745709964,5.3989495089621515
2016-06-06 05:00:00,20.4,94,0.7000000000000001,5.5,157,-2.149021206691006,5.062776693988422
2016-06-06 06:00:00,20.8,94,0.0,1.6,153,-0.7263847995832747,1.4256104387013888
2016-06-06 07:00:00,23.6,89,0.0,1.5,284,1.4554435894139948,-0.3628828433995016
2016-06-06 08:00:00,25.3,80,0.2,4.6,252,4.3748599749577055,1.421478174124758
2016-06-06 09:00:00,26.4,78,0.5,6.0,245,5.437846722219899,2.5357095704441965
2016-06-06 10:00:00,27.2,76,3.0,5.8,240,5.022947341949744,2.8999999999999995
2016-06-06 11:00:00,27.4,78,2.5,5.1,266,5.087576656325103,0.35575801609503904
2016-06-06 12:00:00,27.2,78,3.3,7.6,270,7.6,0.0
2016-06-06 13:00:00,27.0,80,2.2,7.2,270,7.2,0.0
2016-06-06 14:00:00,27.3,77,6.8,5.9,227,4.314986839553106,4.023790324368742
2016-06-06 15:00:00,27.0,79,2.5,5.5,191,1.049449474570997,5.3989495089621515
2016-06-06 16:00:00,26.6,78,1.4,6.7,216,3.93816119035957,5.420413862312148
2016-06-06 17:00:00,25.7,81,1.3,6.6,225,4.666904755831213,4.666904755831213
2016-06-06 18:00:00,25.2,82,0.5,0.4,90,-0.4,4.898587196589413e-17
2016-06-06 19:00:00,24.5,86,0.0,2.3,51,-1.7874357113510326,-1.4474368994146265
2016-06-06 20:00:00,24.1,86,0.0,0.5,45,-0.35355339059327384,-0.35355339059327373
2016-06-06 21:00:00,24.7,81,0.0,2.0,225,1.4142135623730951,1.414213562373095
2016-06-06 22:00:00,23.0,87,0.0,1.4,180,8.572527594031472e-17,1.4
2016-06-06 23:00:00,22.0,90,0.0,2.4,153,-1.089577199374912,2.138415658052083
2016-06-07 00:00:00,21.7,89,0.0,4.9,144,-2.880147736233118,3.9641832724372428
2016-06-07 01:00:00,21.3,89,0.0,3.6,127,-2.8750878361702545,2.1665340833473734
2016-06-07 02:00:00,20.7,89,0.0,1.6,117,-1.4256104387013886,0.7263847995832751
2016-06-07 03:00:00,21.8,83,0.0,1.0,135,-0.7071067811865475,0.7071067811865476
2016-06-07 04:00:00,21.0,85,0.0,4.7,99,-4.6421352007971475,0.7352419856890856
2016-06-07 05:00:00,20.8,84,0.0,3.0,104,-2.9108871788279895,0.7257656867990032
2016-06-07 06:00:00,21.3,86,0.0,1.5,166,-0.36288284339950166,1.4554435894139948
2016-06-07 07:00:00,24.1,81,0.0,3.4,162,-1.050657780874821,3.2335921554035223
2016-06-07 08:00:00,25.6,72,0.0,2.6,196,0.7166571251241979,2.499280409439629
2016-06-07 09:00:00,26.6,70,0.0,2.5,270,2.5,0.0
2016-06-07 10:00:00,27.3,69,0.6,4.0,280,3.939231012048832,-0.6945927106677213
2016-06-07 11:00:00,28.1,68,0.4,4.7,279,4.6421352007971475,-0.7352419856890852
2016-06-07 12:00:00,28.2,70,1.3,6.5,276,6.4643923198937765,-0.6794350112397476
2016-06-07 13:00:00,27.9,75,0.6,6.3,257,6.1385314081469815,1.4171916423663495
2016-06-07 14:00:00,27.9,75,0.3,6.0,245,5.437846722219899,2.5357095704441965
2016-06-07 15:00:00,27.3,74,0.4,7.1,246,6.486172749262466,2.8878301658381815
2016-06-07 16:00:00,27.2,74,0.7000000000000001,6.4,254,6.1520748540052415,1.7640790772287946
2016-06-07 17:00:00,26.2,77,2.0,3.9,236,3.2332465329646625,2.180852323535913
2016-06-07 18:00:00,25.0,82,0.5,2.9,210,1.4500000000000002,2.5114736709748717
2016-06-07 19:00:00,24.3,85,0.6,3.6,174,-0.3763024677635528,3.580278823325784
2016-06-07 20:00:00,23.3,91,0.4,3.3,186,0.3449439287832564,3.2819222547153015
2016-06-07 21:00:00,23.2,89,0.3,3.6,135,-2.545584412271571,2.5455844122715714
2016-06-07 22:00:00,23.7,87,0.2,4.0,117,-3.564026096753471,1.8159619989581874
2016-06-07 23:00:00,23.5,87,0.0,5.6,135,-3.9597979746446654,3.9597979746446663
2016-06-08 00:00:00,23.6,87,0.0,6.3,156,-2.5624408513775414,5.755336383148386
2016-06-08 01:00:00,23.2,89,0.0,6.4,153,-2.905539198333099,5.702441754805555
2016-06-08 02:00:00,22.5,91,0.0,6.0,155,-2.535709570444196,5.4378467222199
2016-06-08 03:00:00,20.4,94,0.0,4.3,156,-1.748967565225941,3.9282454678631837
2016-06-08 04:00:00,20.3,95,0.0,4.8,153,-2.179154398749824,4.276831316104166
2016-06-08 05:00:00,20.3,95,0.3,6.4,153,-2.905539198333099,5.702441754805555
2016-06-08 06:00:00,20.7,95,0.1,4.1,142,-2.524212048835199,3.23084408978756
2016-06-08 07:00:00,23.5,87,0.0,3.8,131,-2.8678964048465336,2.4930243101639276
2016-06-08 08:00:00,24.9,80,0.0,4.1,195,1.061158084920335,3.96029588778518
2016-06-08 09:00:00,25.7,80,0.0,4.9,234,3.9641832724372428,2.8801477362331185
2016-06-08 10:00:00,26.4,78,0.0,7.4,231,5.750880114781585,4.656970893768797
2016-06-08 11:00:00,26.7,76,0.5,8.2,232,6.461688179575119,5.048424097670398
2016-06-08 12:00:00,27.0,77,0.1,8.4,227,6.143371093601032,5.728786224524987
2016-06-08 13:00:00,27.9,74,0.0,5.1,176,-0.35575801609503915,5.087576656325103
2016-06-08 14:00:00,28.1,74,0.1,3.1,234,2.5079526825623373,1.8221342821066668
2016-06-08 15:00:00,28.0,73,0.0,5.5,259,5.3989495089621515,1.0494494745709964
2016-06-08 16:00:00,26.3,78,1.1,5.4,266,5.386845871403051,0.37668495821827663
2016-06-08 17:00:00,26.5,75,0.4,6.7,216,3.93816119035957,5.420413862312148
2016-06-08 18:00:00,25.9,77,1.2,6.6,225,4.666904755831213,4.666904755831213
2016-06-08 19:00:00,24.7,85,0.1,5.9,218,3.6324027044213842,4.64926344627966
2016-06-08 20:00:00,24.1,87,0.0,4.7,148,-2.4906205418960625,3.9858260519352027
2016-06-08 21:00:00,23.1,90,0.0,3.3,139,-2.1649947956686737,2.490541614735148
2016-06-08 22:00:00,23.3,87,0.0,0.5,225,0.3535533905932738,0.35355339059327373
2016-06-08 23:00:00,24.0,83,0.0,0.8,207,0.3631923997916375,0.7128052193506943
2016-06-09 00:00:00,23.5,84,0.0,4.3,175,-0.3747696938149304,4.283637201794505
2016-06-09 01:00:00,23.4,83,0.0,8.0,185,0.6972459419812651,7.969557584733964
2016-06-09 02:00:00,22.8,85,0.1,7.6,180,4.653657836759942e-16,7.6
2016-06-09 03:00:00,23.5,86,0.0,5.5,157,-2.149021206691006,5.062776693988422
2016-06-09 04:00:00,21.8,91,0.0,5.0,150,-2.499999999999999,4.330127018922194
2016-06-09 05:00:00,20.9,95,0.4,4.9,144,-2.880147736233118,3.9641832724372428
2016-06-09 06:00:00,21.4,93,0.5,3.7,151,-1.793795594911447,3.236092916415765
2016-06-09 07:00:00,23.0,90,0.5,3.0,166,-0.7257656867990033,2.9108871788279895
2016-06-09 08:00:00,24.5,83,0.4,1.8,191,0.34345619167778085,1.7669289302057951
2016-06-09 09:00:00,25.6,80,0.1,2.9,270,2.9,0.0
2016-06-09 10:00:00,26.4,80,0.0,5.1,274,5.087576656325103,-0.35575801609503904
2016-06-09 11:00:00,27.2,78,0.1,5.2,236,4.310995377286217,2.907803098047884
2016-06-09 12:00:00,27.2,77,0.2,5.1,231,3.963444403430551,3.2095339943541705
2016-06-09 13:00:00,27.6,78,0.2,7.1,246,6.486172749262466,2.8878301658381815
2016-06-09 14:00:00,27.5,80,0.3,8.3,252,7.893769085249775,2.5648410533120636
2016-06-09 15:00:00,26.2,84,5.2,7.9,223,5.387787044493738,5.777694242791447
2016-06-09 16:00:00,25.8,85,5.1,7.2,207,3.268731598124737,6.415246974156248
2016-06-09 17:00:00,24.7,90,2.9,5.2,214,2.9078030980478835,4.3109953772862175
2016-06-09 18:00:00,24.1,92,1.2,3.7,209,1.7937955949114475,3.2360929164157644
2016-06-09 19:00:00,23.8,94,1.0,4.0,180,2.4492935982947064e-16,4.0
2016-06-09 20:00:00,23.4,96,0.8,3.2,243,2.8512208774027776,1.4527695991665497
2016-06-09 21:00:00,23.4,95,0.8,3.9,202,1.4609657143220567,3.616017032810471
2016-06-09 22:00:00,23.4,94,0.6,5.0,180,3.061616997868383e-16,5.0
2016-06-09 23:00:00,23.0,96,0.7000000000000001,4.7,180,2.8779199779962803e-16,4.7
2016-06-10 00:00:00,22.9,95,0.8,5.7,162,-1.7613968679371999,5.421022142882376
2016-06-10 01:00:00,22.9,94,0.8,5.9,166,-1.42733918403804,5.7247447850283795
2016-06-10 02:00:00,23.8,89,0.7000000000000001,5.9,169,-1.1257730727216144,5.791600382341218
2016-06-10 03:00:00,23.2,91,1.8,4.7,157,-1.8364363038995868,4.326372811226469
2016-06-10 04:00:00,22.8,94,2.2,5.8,173,-0.7068421917498547,5.756767679519668
2016-06-10 05:00:00,22.7,95,2.5,6.9,189,1.0793978087775935,6.815049550106451
2016-06-10 06:00:00,23.2,92,3.2,6.4,153,-2.905539198333099,5.702441754805555
2016-06-10 07:00:00,23.2,93,3.2,5.8,158,-2.17271824181229,5.377666356487367
2016-06-10 08:00:00,24.0,91,2.7,6.1,180,3.735172737399427e-16,6.1
2016-06-10 09:00:00,24.8,89,2.5,8.1,193,1.8221035401853058,7.892397524760405
2016-06-10 10:00:00,24.8,91,2.6,9.5,189,1.4861274178821937,9.38303923565381
2016-06-10 11:00:00,25.4,89,3.2,10.0,193,2.249510543438649,9.743700647852352
2016-06-10 12:00:00,25.4,90,3.5,8.9,194,2.1531048708370424,8.635631963856369
2016-06-10 13:00:00,25.1,91,3.7,7.6,188,1.0577155672964975,7.5260373224359345
2016-06-10 14:00:00,24.8,92,2.4,6.3,193,1.4171916423663489,6.1385314081469815
2016-06-10 15:00:00,24.5,93,1.8,7.3,191,1.3929056662487778,7.165878439167947
2016-06-10 16:00:00,24.8,92,1.5,7.0,192,1.4553818357243162,6.847033205136639
2016-06-10 17:00:00,24.9,93,1.3,6.5,199,2.116193003971519,6.145870741395559
2016-06-10 18:00:00,24.4,95,1.2,5.4,200,1.8469087739586119,5.074340152243905
2016-06-10 19:00:00,24.2,94,1.7000000000000002,4.3,132,-3.195522749552794,2.8772616073430908
2016-06-10 20:00:00,23.9,94,1.5,3.3,174,-0.3449439287832567,3.2819222547153015
2016-06-10 21:00:00,23.9,94,1.2,5.4,172,-0.7515347451843529,5.34744757120448
2016-06-10 22:00:00,23.8,94,1.4,6.4,137,-4.364789504399989,4.6806636903626915
2016-06-10 23:00:00,23.3,96,1.3,7.9,141,-4.971631089293715,6.1394530955100715
2016-06-11 00:00:00,23.5,94,2.0,10.0,142,-6.156614753256583,7.88010753606722
2016-06-11 01:00:00,21.9,96,2.1,11.8,160,-4.035837691242891,11.08837292527372
2016-06-11 02:00:00,22.7,92,2.6,17.1,172,-2.3798600264171177,16.933583975480854
2016-06-11 03:00:00,23.7,84,2.0,19.5,178,-0.6805401856987686,19.488121126872368
2016-06-11 04:00:00,23.7,85,2.2,18.4,179,-0.32112427844601593,18.3971975908776
2016-06-11 05:00:00,23.8,84,3.0,17.7,178,-0.6177210916342669,17.689217638237995
2016-06-11 06:00:00,23.8,85,3.3,13.0,174,-1.3588700224794963,12.928784639787553
2016-06-11 07:00:00,24.0,85,3.8,12.7,172,-1.7674983821928298,12.576404473017943
2016-06-11 08:00:00,24.2,85,2.8,13.0,175,-1.1330246557195571,12.950531075192693
2016-06-11 09:00:00,24.3,85,2.5,12.6,175,-1.0981623586204938,12.552053195955994
2016-06-11 10:00:00,24.4,84,2.7,11.9,185,1.0371533386971319,11.854716907291772
2016-06-11 11:00:00,24.9,83,2.2,13.5,189,2.1118652780431173,13.33379259803436
2016-06-11 12:00:00,24.7,83,3.0,17.1,188,2.3798600264171195,16.933583975480854
2016-06-11 13:00:00,25.3,82,1.7000000000000002,17.9,189,2.8001769242201333,17.679621296652964
2016-06-11 14:00:00,25.3,83,1.8,14.8,180,9.062386313690414e-16,14.8
2016-06-11 15:00:00,25.1,84,2.5,15.5,181,0.27051229977789576,15.497639274924065
2016-06-11 16:00:00,24.5,84,2.2,13.8,174,-1.442492793093619,13.724402156082173
2016-06-11 17:00:00,24.3,84,2.2,11.9,166,-2.8788705576360467,11.546519142684359
2016-06-11 18:00:00,23.8,85,0.9,10.5,164,-2.89419223607849,10.093247807352348
2016-06-11 19:00:00,23.3,83,0.4,10.5,158,-3.933369230867077,9.735430472951268
2016-06-11 20:00:00,23.0,83,0.0,9.7,165,-2.510544737494452,9.369480515003962
2016-06-11 21:00:00,22.8,82,0.0,9.4,157,-3.6728726077991736,8.652745622452938
2016-06-11 22:00:00,22.7,82,0.0,10.7,147,-5.82763767466079,8.973775077016036
2016-06-11 23:00:00,22.2,82,0.2,11.0,161,-3.581249699028723,10.400704331592486
2016-06-12 00:00:00,22.0,82,0.2,11.7,171,-1.8302832409707004,11.555953584963111
2016-06-12 01:00:00,21.9,82,0.0,11.9,177,-0.6227978792910317,11.88369146357943
2016-06-12 02:00:00,21.8,82,0.0,11.5,176,-0.8021994480574413,11.471986577987979
2016-06-12 03:00:00,22.0,87,0.2,11.2,178,-0.39087436306801066,11.193177262613872
2016-06-12 04:00:00,22.1,86,0.3,11.2,178,-0.39087436306801066,11.193177262613872
2016-06-12 05:00:00,22.5,85,0.3,11.2,174,-1.1707187885977197,11.13864522812466
2016-06-12 06:00:00,22.9,84,0.3,10.9,172,-1.5169868004647125,10.793921949283117
2016-06-12 07:00:00,23.9,83,0.3,11.4,167,-2.5644420195200612,11.107818738551682
2016-06-12 08:00:00,25.4,80,0.3,12.7,173,-1.5477406612453715,12.60533612584479
2016-06-12 09:00:00,26.5,78,0.1,14.8,186,1.5470212563612713,14.718924051450445
2016-06-12 10:00:00,27.5,74,0.0,16.4,189,2.565525226659787,16.19808878576026
2016-06-12 11:00:00,28.1,71,0.2,18.8,183,0.9839159773673466,18.77423525338599
2016-06-12 12:00:00,28.1,71,3.3,21.5,189,3.363340998364965,21.235299322795463
2016-06-12 13:00:00,27.3,76,1.6,19.5,192,4.054277970946309,19.073878214309207
2016-06-12 14:00:00,27.0,78,3.7,17.8,188,2.4772811970891655,17.626771623599954
2016-06-12 15:00:00,26.0,83,1.3,17.7,182,0.6177210916342691,17.689217638237995
2016-06-12 16:00:00,25.7,86,1.6,17.3,180,1.0593194812624606e-15,17.3
2016-06-12 17:00:00,25.2,85,1.6,15.8,168,-3.2850047149205976,15.454732091594131
2016-06-12 18:00:00,25.1,84,0.7000000000000001,13.4,185,1.167886952818619,13.34900895442939
2016-06-12 19:00:00,24.8,85,0.6,12.4,154,-5.435802220184561,11.14504617410967
2016-06-12 20:00:00,24.6,84,0.2,11.4,145,-6.538771374401926,9.338333304894505
2016-06-12 21:00:00,24.4,82,0.2,10.9,146,-6.095202647831139,9.036509540849956
2016-06-12 22:00:00,24.3,79,0.6,10.1,145,-5.793122007145566,8.273435647318816
2016-06-12 23:00:00,23.7,81,1.3,10.0,142,-6.156614753256583,7.88010753606722
2016-06-13 00:00:00,23.3,81,1.4,10.7,140,-6.877827423645971,8.196675541373065
2016-06-13 01:00:00,23.2,83,1.5,11.5,148,-6.094071538681855,9.7525531057989
2016-06-13 02:00:00,23.3,84,1.3,11.9,155,-5.029157314714322,10.785062665736136
2016-06-13 03:00:00,23.2,82,2.3,12.2,156,-4.962187045524763,11.14525458323973
2016-06-13 04:00:00,23.4,84,1.7000000000000002,12.2,152,-5.727553065987869,10.771960632878907
2016-06-13 05:00:00,23.6,85,1.7000000000000002,11.3,158,-4.233054505599807,10.4771775566047
2016-06-13 06:00:00,23.7,85,2.2,9.7,158,-3.633683956134347,8.993683389297837
2016-06-13 07:00:00,24.0,86,2.8,9.4,162,-2.9047597471245052,8.939931253174445
2016-06-13 08:00:00,24.1,86,3.2,9.0,175,-0.7844016847289241,8.96575228282571
2016-06-13 09:00:00,24.4,85,3.0,9.0,178,-0.3140954703225086,8.994517443171862
2016-06-13 10:00:00,25.0,85,3.1,8.9,166,-2.1531048708370433,8.635631963856369
2016-06-13 11:00:00,25.4,85,2.5,8.0,153,-3.6319239979163735,7.128052193506943
2016-06-13 12:00:00,26.1,82,1.5,8.6,165,-2.2258437878816792,8.306962106085987
2016-06-13 13:00:00,26.1,81,1.1,8.7,175,-0.7582549619046266,8.666893873398186
2016-06-13 14:00:00,26.3,80,1.2,9.4,178,-0.328055269003509,9.394273773979501
2016-06-13 15:00:00,26.8,77,0.9,10.4,166,-2.515987714236545,10.091075553270363
2016-06-13 16:00:00,26.5,77,1.1,9.1,171,-1.4235536318661004,8.987963899415753
2016-06-13 17:00:00,26.0,79,1.0,8.6,180,5.265981236333618e-16,8.6
2016-06-13 18:00:00,25.3,81,0.7000000000000001,7.4,141,-4.656970893768796,5.750880114781586
2016-06-13 19:00:00,24.7,82,0.1,7.1,139,-4.658019105832601,5.358438019581682
2016-06-13 20:00:00,24.1,82,0.0,7.6,149,-3.9142893693164122,6.5144714853360535
2016-06-13 21:00:00,23.7,82,0.0,8.1,159,-2.902780391316932,7.5620014546273335
2016-06-13 22:00:00,23.3,81,0.0,9.3,164,-2.5634274090980913,8.939733772226367
2016-06-13 23:00:00,23.0,80,0.0,10.3,168,-2.1414904154229215,10.0749202875582
2016-06-14 00:00:00,22.6,80,0.0,10.2,172,-1.4195656297926664,10.100734301164017
2016-06-14 01:00:00,22.4,80,0.8,9.8,174,-1.024378940023005,9.746314574609078
2016-06-14 02:00:00,22.0,82,0.5,8.8,168,-1.8296228791962823,8.607698886457491
2016-06-14 03:00:00,22.5,81,0.2,8.4,173,-1.0237024846032379,8.337387673787106
2016-06-14 04:00:00,22.3,84,0.1,8.2,165,-2.122316169840671,7.92059177557036
2016-06-14 05:00:00,22.1,86,0.2,8.4,173,-1.0237024846032379,8.337387673787106
2016-06-14 06:00:00,22.2,87,0.5,8.8,161,-2.864999759222979,8.320563465273988
2016-06-14 07:00:00,23.5,84,0.6,8.0,162,-2.4721359549995787,7.608452130361229
2016-06-14 08:00:00,24.5,81,0.7000000000000001,9.0,180,5.51091059616309e-16,9.0
2016-06-14 09:00:00,24.8,82,1.0,10.5,184,0.732442974313315,10.474422527728153
2016-06-14 10:00:00,25.5,82,1.1,10.5,186,1.0975488643103612,10.44247990136687
2016-06-14 11:00:00,26.0,82,1.3,10.7,192,2.224655091750026,10.46617932785172
2016-06-14 12:00:00,27.2,77,1.5,10.6,190,1.8406706832694624,10.438962181929405
2016-06-14 13:00:00,27.5,75,0.9,11.2,182,0.3908743630680121,11.193177262613872
2016-06-14 14:00:00,27.5,74,0.2,10.8,184,0.7533699164365526,10.773691742806102
2016-06-14 15:00:00,26.8,80,0.6,9.7,195,2.510544737494451,9.369480515003962
2016-06-14 16:00:00,26.8,80,0.6,8.8,192,1.8296228791962834,8.60769888645749
2016-06-14 17:00:00,26.3,82,0.2,7.2,186,0.752604935527105,7.160557646651568
2016-06-14 18:00:00,25.8,84,0.0,5.8,176,-0.4045875477159269,5.78587149150698
2016-06-14 19:00:00,24.8,85,0.0,7.4,157,-2.891410350820626,6.811735915548058
2016-06-14 20:00:00,23.8,86,0.0,7.9,156,-3.213219480298822,7.217009115376547
2016-06-14 21:00:00,23.2,85,0.0,8.0,153,-3.6319239979163735,7.128052193506943
2016-06-14 22:00:00,22.8,84,0.0,7.9,156,-3.213219480298822,7.217009115376547
2016-06-14 23:00:00,22.5,83,0.0,8.2,157,-3.2039952536120446,7.548139798310009
2016-06-15 00:00:00,22.2,82,0.0,8.7,156,-3.538608794759462,7.947845481490627
2016-06-15 01:00:00,21.8,82,0.0,9.7,158,-3.633683956134347,8.993683389297837
2016-06-15 02:00:00,21.5,82,0.0,9.8,156,-3.986019102142843,8.95274548489749
2016-06-15 03:00:00,21.2,82,0.0,9.5,155,-4.0148734865366436,8.609923976848176
2016-06-15 04:00:00,21.0,82,0.0,10.6,162,-3.2755801403744416,10.081199072728628
2016-06-15 05:00:00,20.8,82,0.3,10.6,162,-3.2755801403744416,10.081199072728628
2016-06-15 06:00:00,21.3,83,0.5,8.8,161,-2.864999759222979,8.320563465273988
2016-06-15 07:00:00,24.7,78,0.1,7.4,166,-1.7902220274375418,7.180188374442374
2016-06-15 08:00:00,27.1,72,0.0,9.9,190,1.7191169589026112,9.74959675482086
2016-06-15 09:00:00,28.3,71,0.0,11.4,191,2.175222547292612,11.19054989130337
2016-06-15 10:00:00,29.0,69,0.0,12.4,197,3.625409138561936,11.858178973941639
2016-06-15 11:00:00,29.7,67,0.0,15.6,203,6.09540560443267,14.35987571385807
2016-06-15 12:00:00,29.4,69,0.2,16.6,204,6.751828275058284,15.164854596867176
2016-06-15 13:00:00,29.8,67,0.0,17.0,197,4.970318980286525,16.2571808513716
2016-06-15 14:00:00,29.4,69,0.3,15.4,196,4.244815279581787,14.80343011745011
2016-06-15 15:00:00,29.3,71,0.0,14.2,187,1.7305446763530943,14.094155353306771
2016-06-15 16:00:00,29.6,68,0.1,13.9,197,4.063966695646041,13.292636107886192
2016-06-15 17:00:00,29.2,70,0.2,11.0,199,3.5812496990287244,10.400704331592484
2016-06-15 18:00:00,27.9,75,0.0,8.6,195,2.2258437878816784,8.306962106085987
2016-06-15 19:00:00,26.4,79,0.0,9.5,171,-1.4861274178821928,9.38303923565381
2016-06-15 20:00:00,25.5,79,0.0,9.2,159,-3.296985135816762,8.588939923774255
2016-06-15 21:00:00,24.7,79,0.0,9.3,152,-4.366085533908786,8.21141261358802
2016-06-15 22:00:00,24.1,78,0.0,8.7,150,-4.349999999999998,7.534421012924616
2016-06-15 23:00:00,23.5,77,0.0,8.9,153,-4.040515447681965,7.929958065276475
2016-06-16 00:00:00,22.9,77,0.0,9.2,154,-4.033014550459513,8.268905225952334
2016-06-16 01:00:00,22.5,77,0.0,9.8,156,-3.986019102142843,8.95274548489749
2016-06-16 02:00:00,22.2,77,0.0,9.8,156,-3.986019102142843,8.95274548489749
2016-06-16 03:00:00,21.9,77,0.0,10.3,155,-4.352968095929203,9.334970206477497
2016-06-16 04:00:00,21.5,78,0.0,9.8,156,-3.986019102142843,8.95274548489749
2016-06-16 05:00:00,21.4,80,0.1,9.7,153,-4.403707847473602,8.642763284627168
2016-06-16 06:00:00,21.8,82,0.1,8.9,159,-3.1894747509531727,8.308865795825096
2016-06-16 07:00:00,24.9,74,0.0,10.0,159,-3.5836794954530027,9.335804264972017
2016-06-16 08:00:00,27.2,70,0.0,10.5,172,-1.4613175600806863,10.397814721786489
2016-06-16 09:00:00,28.6,67,0.0,12.2,182,0.42577385977051313,12.192568089632967
2016-06-16 10:00:00,28.8,69,0.0,13.6,191,2.5950023371210107,13.35012969488823
2016-06-16 11:00:00,29.2,67,0.1,14.5,194,3.507867486195181,14.06928803100195
2016-06-16 12:00:00,29.3,67,0.0,12.7,187,1.547740661245373,12.605336125844788
2016-06-16 13:00:00,29.7,65,1.4,13.6,191,2.5950023371210107,13.35012969488823
2016-06-16 14:00:00,29.3,67,0.0,13.8,186,1.4424927930936178,13.724402156082173
2016-06-16 15:00:00,29.9,62,0.3,13.4,200,4.583069920563962,12.591881118531171
2016-06-16 16:00:00,28.8,69,0.0,10.8,206,4.734408385322037,9.706975700031006
2016-06-16 17:00:00,28.3,71,0.1,9.7,211,4.995869326627525,8.31452281681049
2016-06-16 18:00:00,27.3,76,0.0,6.4,207,2.9055391983331,5.702441754805554
2016-06-16 19:00:00,26.0,80,0.0,7.6,172,-1.0577155672964966,7.5260373224359345
2016-06-16 20:00:00,24.7,86,0.0,6.5,161,-2.116193003971518,6.1458707413955596
2016-06-16 21:00:00,23.6,87,0.0,7.8,158,-2.9219314286441143,7.232034065620942
2016-06-16 22:00:00,22.8,87,0.0,8.9,148,-4.716281451675523,7.547628055792193
2016-06-16 23:00:00,22.1,88,0.0,7.9,150,-3.9499999999999984,6.841600689897066
2016-06-17 00:00:00,21.2,89,0.0,8.3,146,-4.641301098807197,6.881011852206847
2016-06-17 01:00:00,20.6,89,0.0,7.2,143,-4.333068166694749,5.750175672340507
2016-06-17 02:00:00,20.2,88,0.0,5.9,142,-3.6324027044213842,4.64926344627966
2016-06-17 03:00:00,20.3,87,0.0,4.9,144,-2.880147736233118,3.9641832724372428
2016-06-17 04:00:00,19.8,89,0.0,5.1,141,-3.20953399435417,3.963444403430552
2016-06-17 05:00:00,19.3,89,0.0,4.8,138,-3.2118269105225195,3.5670951622914924
2016-06-17 06:00:00,19.6,90,0.0,4.7,148,-2.4906205418960625,3.9858260519352027
2016-06-17 07:00:00,24.1,86,0.0,6.2,144,-3.644268564213333,5.0159053651246746
2016-06-17 08:00:00,27.5,65,0.0,7.8,193,1.7546182238821464,7.6000865053248345
2016-06-17 09:00:00,28.4,66,0.0,9.7,207,4.403707847473604,8.642763284627167
2016-06-17 10:00:00,29.1,68,0.0,10.9,214,6.09520264783114,9.036509540849956
2016-06-17 11:00:00,29.6,68,0.0,12.6,211,6.489479743866682,10.800307988846615
2016-06-17 12:00:00,29.7,68,0.1,13.5,205,5.705346533499442,12.235155124994774
2016-06-17 13:00:00,29.2,69,0.5,13.5,209,6.544929873325551,11.807366046381842
2016-06-17 14:00:00,28.7,75,0.8,14.4,212,7.630837404958151,12.211892584652533
2016-06-17 15:00:00,29.0,72,0.5,13.7,210,6.850000000000001,11.864548031846809
2016-06-17 16:00:00,28.8,74,0.0,11.1,216,6.524416300446451,8.980088637561916
2016-06-17 17:00:00,28.1,79,0.6,9.2,222,6.156001578501495,6.836932394392027
2016-06-17 18:00:00,27.0,85,0.0,3.9,236,3.2332465329646625,2.180852323535913
2016-06-17 19:00:00,26.1,92,0.3,3.1,225,2.1920310216782974,2.192031021678297
2016-06-17 20:00:00,25.4,90,0.0,4.3,138,-2.8772616073430903,3.195522749552795
2016-06-17 21:00:00,24.9,88,0.0,5.4,132,-4.012982057577928,3.613305274337835
2016-06-17 22:00:00,23.3,92,0.0,5.4,138,-3.6133052743378347,4.012982057577929
2016-06-17 23:00:00,22.1,93,0.0,7.1,150,-3.549999999999998,6.148780366869515
2016-06-18 00:00:00,21.5,95,0.0,7.6,149,-3.9142893693164122,6.5144714853360535
2016-06-18 01:00:00,20.9,96,0.0,6.6,151,-3.199743493625824,5.772490067120012
2016-06-18 02:00:00,20.4,97,0.0,5.0,150,-2.499999999999999,4.330127018922194
2016-06-18 03:00:00,20.7,90,0.0,4.8,132,-3.567095162291491,3.21182691052252
2016-06-18 04:00:00,20.0,93,0.0,5.2,124,-4.310995377286217,2.907803098047884
2016-06-18 05:00:00,19.6,92,0.0,6.2,126,-5.015905365124674,3.644268564213334
2016-06-18 06:00:00,19.9,92,0.0,5.1,135,-3.606244584051392,3.6062445840513924
2016-06-18 07:00:00,23.8,90,0.0,4.5,151,-2.1816432911085166,3.9357886821272814
2016-06-18 08:00:00,27.5,72,0.0,6.1,220,3.92100441908789,4.6728711030257655
2016-06-18 09:00:00,28.2,73,0.0,7.8,236,6.466493065929325,4.361704647071826
2016-06-18 10:00:00,28.9,73,0.0,9.2,244,8.268905225952336,4.033014550459511
2016-06-18 11:00:00,28.9,75,0.1,10.5,243,9.355568503977864,4.766900247265241
2016-06-18 12:00:00,28.9,72,0.4,9.8,242,8.652886410017485,4.60082131530173
2016-06-18 13:00:00,28.9,73,0.5,8.9,243,7.929958065276475,4.040515447681966
2016-06-18 14:00:00,29.1,72,0.8,6.6,229,4.981083229470295,4.329989591337347
2016-06-18 15:00:00,28.3,74,0.3,4.7,238,3.9858260519352022,2.490620541896063
2016-06-18 16:00:00,28.2,76,0.0,3.1,249,2.8940993221413254,1.1109406435904308
2016-06-18 17:00:00,27.5,77,0.2,0.7000000000000001,360,4.2862637970157366e-17,-0.7000000000000001
2016-06-18 18:00:00,26.4,79,0.5,1.1,342,0.3399186938124422,-1.0461621679246689
2016-06-18 19:00:00,25.6,84,0.0,2.6,304,2.1554976886431083,-1.453901549023942
2016-06-18 20:00:00,24.4,89,0.0,4.8,138,-3.2118269105225195,3.5670951622914924
2016-06-18 21:00:00,23.9,89,0.0,4.5,166,-1.088648530198505,4.366330768241984
2016-06-18 22:00:00,23.7,88,0.0,3.1,159,-1.1109406435904308,2.8940993221413254
2016-06-18 23:00:00,23.1,88,0.0,3.3,139,-2.1649947956686737,2.490541614735148
2016-06-19 00:00:00,22.8,89,0.0,3.2,117,-2.851220877402777,1.4527695991665501
2016-06-19 01:00:00,23.4,86,0.0,3.3,96,-3.2819222547153015,0.3449439287832573
2016-06-19 02:00:00,24.1,83,0.0,4.1,75,-3.96029588778518,-1.0611580849203353
2016-06-19 03:00:00,24.5,80,0.0,4.1,75,-3.96029588778518,-1.0611580849203353
2016-06-19 04:00:00,23.8,82,0.0,3.0,76,-2.9108871788279895,-0.7257656867990026
2016-06-19 05:00:00,22.0,87,0.0,3.0,76,-2.9108871788279895,-0.7257656867990026
2016-06-19 06:00:00,22.5,86,0.0,2.5,82,-2.475670171853926,-0.3479327524001638
2016-06-19 07:00:00,24.7,91,0.0,5.0,60,-4.330127018922193,-2.5000000000000004
2016-06-19 08:00:00,27.2,82,0.0,6.5,3,-0.340183715579138,-6.49109197590473
2016-06-19 09:00:00,27.9,80,0.0,6.8,342,2.1013155617496424,-6.467184310807044
2016-06-19 10:00:00,28.7,78,0.0,7.6,329,3.9142893693164114,-6.5144714853360535
2016-06-19 11:00:00,28.9,78,0.4,8.0,324,4.702282018339785,-6.47213595499958
2016-06-19 12:00:00,28.9,77,0.0,7.1,345,1.8376152202278973,-6.858073366652385
2016-06-19 13:00:00,28.9,77,0.5,7.3,340,2.4967470462773824,-6.8597561317371305
2016-06-19 14:00:00,28.4,78,1.4,5.2,335,2.197614961051637,-4.7128004925905795
2016-06-19 15:00:00,28.6,78,1.6,4.2,340,1.436484601967809,-3.9467090073008153
2016-06-19 16:00:00,28.6,77,0.9,2.9,330,1.4500000000000002,-2.5114736709748717
2016-06-19 17:00:00,28.0,78,1.5,5.8,173,-0.7068421917498547,5.756767679519668
2016-06-19 18:00:00,27.4,81,1.4,4.5,119,-3.935788682127281,2.181643291108517
2016-06-19 19:00:00,26.7,83,0.0,6.8,32,-3.603450996785794,-5.766727053863696
2016-06-19 20:00:00,26.6,84,0.0,3.4,72,-3.2335921554035223,-1.0506577808748208
2016-06-19 21:00:00,24.7,92,0.0,1.1,90,-1.1,1.3471114790620887e-16
2016-06-19 22:00:00,23.8,93,0.0,3.8,131,-2.8678964048465336,2.4930243101639276
2016-06-19 23:00:00,23.1,94,0.0,5.6,135,-3.9597979746446654,3.9597979746446663
2016-06-20 00:00:00,23.3,92,0.0,4.5,119,-3.935788682127281,2.181643291108517
2016-06-20 01:00:00,25.4,85,0.0,3.0,104,-2.9108871788279895,0.7257656867990032
2016-06-20 02:00:00,23.3,89,0.0,2.5,98,-2.475670171853926,0.3479327524001633
2016-06-20 03:00:00,21.2,91,0.0,2.9,90,-2.9,3.5514757175273243e-16
2016-06-20 04:00:00,20.8,93,0.0,3.3,96,-3.2819222547153015,0.3449439287832573
2016-06-20 05:00:00,20.4,94,0.0,4.3,90,-4.3,5.265981236333618e-16
2016-06-20 06:00:00,20.7,95,0.0,5.0,69,-4.667902132486009,-1.7918397477265022
2016-06-20 07:00:00,24.0,94,0.0,5.2,65,-4.71280049259058,-2.1976149610516362
2016-06-20 08:00:00,26.8,79,0.0,4.0,350,0.6945927106677217,-3.939231012048832
2016-06-20 09:00:00,28.0,77,0.0,3.4,302,2.883363526931848,-1.8017254983928965
2016-06-20 10:00:00,28.8,75,0.1,5.2,295,4.7128004925905795,-2.197614961051637
2016-06-20 11:00:00,28.6,77,0.0,5.2,304,4.310995377286217,-2.907803098047884
2016-06-20 12:00:00,29.4,75,0.3,3.6,276,3.580278823325784,-0.37630246776355253
2016-06-20 13:00:00,28.9,76,2.6,5.8,248,5.377666356487367,2.1727182418122895
2016-06-20 14:00:00,28.8,74,2.2,6.6,225,4.666904755831213,4.666904755831213
2016-06-20 15:00:00,27.7,81,2.4,5.8,202,2.1727182418122895,5.377666356487367
2016-06-20 16:00:00,27.1,81,1.0,4.1,135,-2.8991378028648445,2.899137802864845
2016-06-20 17:00:00,26.4,84,0.5,1.8,11,-0.3434561916777803,-1.7669289302057951
2016-06-20 18:00:00,25.9,85,0.7000000000000001,4.2,31,-2.163159914622229,-3.600102662948871
2016-06-20 19:00:00,26.2,83,0.0,3.6,90,-3.6,4.4087284769304716e-16
2016-06-20 20:00:00,25.1,87,0.0,1.0,135,-0.7071067811865475,0.7071067811865476
2016-06-20 21:00:00,24.7,88,0.0,3.3,131,-2.4905416147351476,2.1649947956686737
2016-06-20 22:00:00,25.4,83,0.0,3.8,131,-2.8678964048465336,2.4930243101639276
2016-06-20 23:00:00,22.9,93,0.0,3.4,122,-2.883363526931848,1.8017254983928965
2016-06-21 00:00:00,22.4,94,0.0,3.5,114,-3.197409101749103,1.4235782507653014
2016-06-21 01:00:00,22.1,94,0.0,3.9,124,-3.2332465329646625,2.180852323535913
2016-06-21 02:00:00,21.5,96,0.0,3.9,124,-3.2332465329646625,2.180852323535913
2016-06-21 03:00:00,20.9,94,0.0,3.4,122,-2.883363526931848,1.8017254983928965
2016-06-21 04:00:00,21.1,91,0.0,2.6,106,-2.499280409439629,0.716657125124198
2016-06-21 05:00:00,20.7,92,0.0,3.3,103,-3.215421213791276,0.7423384793347552
2016-06-21 06:00:00,20.7,95,0.0,4.7,99,-4.6421352007971475,0.7352419856890856
2016-06-21 07:00:00,24.2,92,0.0,3.8,107,-3.633958072659535,1.111012477946399
2016-06-21 08:00:00,27.2,76,0.0,0.5,135,-0.35355339059327373,0.3535533905932738
2016-06-21 09:00:00,28.1,75,0.0,2.6,254,2.499280409439629,0.7166571251241979
2016-06-21 10:00:00,29.0,73,0.0,7.3,250,6.859756131737131,2.4967470462773815
2016-06-21 11:00:00,29.5,71,0.1,8.9,243,7.929958065276475,4.040515447681966
2016-06-21 12:00:00,29.1,72,0.2,8.2,232,6.461688179575119,5.048424097670398
2016-06-21 13:00:00,28.8,73,0.5,8.9,220,5.7208097262102005,6.817795543758905
2016-06-21 14:00:00,28.7,75,0.1,6.7,216,3.93816119035957,5.420413862312148
2016-06-21 15:00:00,28.2,78,0.1,5.1,231,3.963444403430551,3.2095339943541705
2016-06-21 16:00:00,28.2,77,0.4,5.4,233,4.312631754255381,3.2498011250210608
2016-06-21 17:00:00,28.0,78,0.0,6.1,208,2.863776532993934,5.385980316439453
2016-06-21 18:00:00,27.3,82,0.0,2.0,225,1.4142135623730951,1.414213562373095
2016-06-21 19:00:00,26.1,90,0.0,3.4,212,1.8017254983928965,2.883363526931848
2016-06-21 20:00:00,25.5,91,0.0,4.6,198,1.4214781741247582,4.3748599749577055
2016-06-21 21:00:00,24.7,94,0.0,4.6,162,-1.4214781741247577,4.374859974957706
2016-06-21 22:00:00,23.0,99,0.0,4.3,156,-1.748967565225941,3.9282454678631837
2016-06-21 23:00:00,22.8,98,0.0,4.8,153,-2.179154398749824,4.276831316104166
2016-06-22 00:00:00,22.8,96,0.0,4.8,153,-2.179154398749824,4.276831316104166
2016-06-22 01:00:00,22.2,98,0.0,5.0,150,-2.499999999999999,4.330127018922194
2016-06-22 02:00:00,22.3,97,0.0,3.7,151,-1.793795594911447,3.236092916415765
2016-06-22 03:00:00,22.0,93,0.0,4.1,142,-2.524212048835199,3.23084408978756
2016-06-22 04:00:00,21.5,92,0.0,4.1,135,-2.8991378028648445,2.899137802864845
2016-06-22 05:00:00,21.2,93,0.0,4.1,128,-3.2308440897875594,2.5242120488351993
2016-06-22 06:00:00,21.2,94,0.0,4.7,122,-3.9858260519352022,2.490620541896063
2016-06-22 07:00:00,24.2,92,0.0,4.2,121,-3.6001026629488715,2.1631599146222285
2016-06-22 08:00:00,27.3,78,0.0,3.4,212,1.8017254983928965,2.883363526931848
2016-06-22 09:00:00,28.3,77,0.0,5.9,232,4.64926344627966,3.6324027044213842
2016-06-22 10:00:00,28.6,75,0.0,7.6,239,6.5144714853360535,3.9142893693164114
2016-06-22 11:00:00,29.0,72,0.2,8.5,234,6.876644452187053,4.996174644486022
2016-06-22 12:00:00,29.2,72,0.0,7.9,223,5.387787044493738,5.777694242791447
2016-06-22 13:00:00,29.3,73,0.0,8.7,222,5.821436275322066,6.46535998165333
2016-06-22 14:00:00,29.4,73,0.0,8.4,230,6.4347733221994154,5.39941592136693
2016-06-22 15:00:00,28.9,77,0.0,9.5,241,8.30888721782426,4.605691392340202
2016-06-22 16:00:00,28.1,80,0.0,7.8,248,7.232034065620942,2.921931428644114
2016-06-22 17:00:00,27.7,81,0.0,4.0,243,3.5640260967534716,1.815961998958187
2016-06-22 18:00:00,27.5,82,0.0,1.5,166,-0.36288284339950166,1.4554435894139948
2016-06-22 19:00:00,27.0,86,0.0,4.6,219,2.894873798829252,3.5748714227020657
2016-06-22 20:00:00,25.9,89,0.0,6.9,208,3.239353783222647,6.092338390726596
2016-06-22 21:00:00,25.2,91,0.0,6.6,193,1.4846769586695083,6.430842427582553
2016-06-22 22:00:00,25.4,90,0.0,5.9,169,-1.1257730727216144,5.791600382341218
2016-06-22 23:00:00,24.4,94,0.0,5.5,157,-2.149021206691006,5.062776693988422
2016-06-23 00:00:00,22.9,98,0.0,4.4,145,-2.5237363199446032,3.6042689948715636
2016-06-23 01:00:00,22.2,99,0.0,4.4,145,-2.5237363199446032,3.6042689948715636
2016-06-23 02:00:00,22.0,99,0.0,4.2,149,-2.163159914622228,3.600102662948872
2016-06-23 03:00:00,22.6,94,0.0,4.7,148,-2.4906205418960625,3.9858260519352027
2016-06-23 04:00:00,22.2,94,0.0,3.8,139,-2.493024310163927,2.867896404846534
2016-06-23 05:00:00,21.6,96,0.0,3.9,124,-3.2332465329646625,2.180852323535913
2016-06-23 06:00:00,22.0,96,0.0,4.8,117,-4.276831316104166,2.1791543987498248
2016-06-23 07:00:00,25.2,90,0.0,3.2,117,-2.851220877402777,1.4527695991665501
2016-06-23 08:00:00,27.1,84,0.0,2.3,219,1.447436899414626,1.7874357113510329
2016-06-23 09:00:00,28.3,78,0.0,4.3,246,3.9282454678631837,1.7489675652259409
2016-06-23 10:00:00,29.2,73,0.0,6.4,254,6.1520748540052415,1.7640790772287946
2016-06-23 11:00:00,29.0,75,0.4,7.2,243,6.415246974156249,3.2687315981247367
2016-06-23 12:00:00,28.8,76,0.3,7.5,235,6.143640332167439,4.301823272632845
2016-06-23 13:00:00,29.2,76,0.1,8.4,230,6.4347733221994154,5.39941592136693
2016-06-23 14:00:00,29.5,77,0.2,6.3,204,2.5624408513775414,5.755336383148386
2016-06-23 15:00:00,29.1,76,0.1,6.8,198,2.1013155617496424,6.467184310807044
2016-06-23 16:00:00,28.8,76,1.2,9.5,217,5.717242719944459,7.587037345449282
2016-06-23 17:00:00,27.3,80,0.4,7.9,196,2.1775351109542935,7.59396739791272
2016-06-23 18:00:00,27.4,79,0.0,4.1,232,3.2308440897875594,2.524212048835199
2016-06-23 19:00:00,26.2,86,0.0,3.3,229,2.4905416147351476,2.1649947956686737
2016-06-23 20:00:00,25.2,91,0.0,4.3,185,0.37476969381492997,4.283637201794505
2016-06-23 21:00:00,25.2,90,0.0,4.4,171,-0.6883116461770157,4.3458286986186065
2016-06-23 22:00:00,25.5,88,0.0,5.0,159,-1.7918397477265013,4.667902132486009
2016-06-23 23:00:00,25.2,90,0.0,4.0,153,-1.8159619989581868,3.5640260967534716
2016-06-24 00:00:00,22.3,99,0.0,4.2,149,-2.163159914622228,3.600102662948872
2016-06-24 01:00:00,21.9,99,0.0,3.4,148,-1.8017254983928963,2.8833635269318485
2016-06-24 02:00:00,21.9,98,0.0,4.3,138,-2.8772616073430903,3.195522749552795
2016-06-24 03:00:00,21.7,97,0.0,4.3,132,-3.195522749552794,2.8772616073430908
2016-06-24 04:00:00,21.3,97,0.0,4.5,119,-3.935788682127281,2.181643291108517
2016-06-24 05:00:00,21.0,94,0.0,5.2,115,-4.7128004925905795,2.1976149610516376
2016-06-24 06:00:00,21.2,94,0.0,3.7,119,-3.2360929164157644,1.7937955949114477
2016-06-24 07:00:00,24.7,90,0.0,3.1,135,-2.192031021678297,2.1920310216782974
2016-06-24 08:00:00,27.2,81,0.0,4.1,218,2.524212048835199,3.23084408978756
2016-06-24 09:00:00,28.0,80,0.0,6.1,225,4.31335136523794,4.313351365237939
2016-06-24 10:00:00,29.0,76,0.0,7.4,227,5.412017391981862,5.046787864462489
2016-06-24 11:00:00,29.6,74,0.0,9.9,226,7.121464023352647,6.877117867544073
2016-06-24 12:00:00,29.7,73,0.2,11.2,222,7.494262791219212,8.323222045346816
2016-06-24 13:00:00,29.9,72,0.3,10.9,224,7.57177623800307,7.840803823691297
2016-06-24 14:00:00,28.9,76,0.8,9.2,231,7.149742845404131,5.789747597658503
2016-06-24 15:00:00,28.6,79,0.2,6.9,223,4.70578868443124,5.046340541172277
2016-06-24 16:00:00,28.2,82,0.9,5.6,243,4.98963653545486,2.5423467985414616
2016-06-24 17:00:00,27.2,84,0.9,5.5,191,1.049449474570997,5.3989495089621515
2016-06-24 18:00:00,27.3,82,0.0,3.6,180,2.2043642384652358e-16,3.6
2016-06-24 19:00:00,26.4,86,0.0,4.8,207,2.1791543987498248,4.276831316104166
2016-06-24 20:00:00,25.3,93,0.0,4.7,176,-0.3278554265973891,4.688551036221174
2016-06-24 21:00:00,25.5,88,0.0,4.8,138,-3.2118269105225195,3.5670951622914924
2016-06-24 22:00:00,25.3,87,0.0,5.3,152,-2.4881992827652217,4.679622242152313
2016-06-24 23:00:00,24.5,88,0.0,6.3,149,-3.2447398719333416,5.400153994423308
2016-06-25 00:00:00,24.2,87,0.0,6.7,144,-3.9381611903595695,5.420413862312148
2016-06-25 01:00:00,24.2,85,0.0,4.5,151,-2.1816432911085166,3.9357886821272814
2016-06-25 02:00:00,22.4,91,0.0,3.9,146,-2.180852323535912,3.233246532964663
2016-06-25 03:00:00,21.3,96,0.0,3.9,146,-2.180852323535912,3.233246532964663
2016-06-25 04:00:00,21.0,96,0.0,4.7,148,-2.4906205418960625,3.9858260519352027
2016-06-25 05:00:00,20.9,95,0.0,5.8,150,-2.8999999999999986,5.022947341949744
2016-06-25 06:00:00,21.7,93,0.0,4.8,153,-2.179154398749824,4.276831316104166
2016-06-25 07:00:00,24.5,92,0.0,4.2,160,-1.4364846019678086,3.9467090073008158
2016-06-25 08:00:00,27.5,75,0.0,4.7,203,1.8364363038995866,4.32637281122647
2016-06-25 09:00:00,28.4,75,0.0,6.7,234,5.420413862312148,3.93816119035957
2016-06-25 10:00:00,29.1,74,0.0,7.9,240,6.841600689897066,3.9499999999999997
2016-06-25 11:00:00,29.7,71,0.1,10.0,232,7.880107536067219,6.156614753256583
2016-06-25 12:00:00,29.8,70,0.2,11.1,234,8.980088637561916,6.524416300446451
2016-06-25 13:00:00,29.4,71,0.2,10.7,230,8.196675541373065,6.87782742364597
2016-06-25 14:00:00,29.0,73,0.8,9.2,222,6.156001578501495,6.836932394392027
2016-06-25 15:00:00,28.5,76,0.2,8.8,215,5.0474726398892065,7.208537989743128
2016-06-25 16:00:00,28.3,76,0.7000000000000001,6.2,190,1.0766187015349686,6.10580806867569
2016-06-25 17:00:00,27.9,79,1.4,4.6,231,3.5748714227020657,2.8948737988292517
2016-06-25 18:00:00,26.8,84,0.0,1.9,202,0.7117525274902327,1.761649323676896
2016-06-25 19:00:00,26.3,88,0.0,2.9,173,-0.35342109587492737,2.878383839759834
2016-06-25 20:00:00,24.9,92,0.0,4.6,135,-3.252691193458118,3.2526911934581184
2016-06-25 21:00:00,23.6,95,0.0,5.4,132,-4.012982057577928,3.613305274337835
2016-06-25 22:00:00,23.2,94,0.0,6.6,139,-4.329989591337347,4.981083229470296
2016-06-25 23:00:00,23.0,94,0.0,5.4,143,-3.2498011250210617,4.312631754255381
2016-06-26 00:00:00,22.5,95,0.0,4.6,141,-2.894873798829251,3.5748714227020666
2016-06-26 01:00:00,22.0,96,0.0,3.6,143,-2.1665340833473743,2.8750878361702537
2016-06-26 02:00:00,21.7,95,0.0,4.1,128,-3.2308440897875594,2.5242120488351993
2016-06-26 03:00:00,21.9,94,0.0,4.8,117,-4.276831316104166,2.1791543987498248
2016-06-26 04:00:00,21.6,93,0.0,5.3,118,-4.679622242152313,2.4881992827652204
2016-06-26 05:00:00,20.9,96,0.0,5.0,120,-4.330127018922194,2.4999999999999996
2016-06-26 06:00:00,21.2,95,0.0,3.7,101,-3.632020578756357,0.7059932828932164
2016-06-26 07:00:00,24.4,91,0.0,4.3,95,-4.283637201794505,0.3747696938149302
2016-06-26 08:00:00,27.4,74,0.0,0.4,180,2.4492935982947065e-17,0.4
2016-06-26 09:00:00,28.4,73,0.0,3.8,253,3.6339580726595346,1.1110124779463997
2016-06-26 10:00:00,29.0,72,0.0,5.9,256,5.7247447850283795,1.4273391840380396
2016-06-26 11:00:00,29.4,72,0.0,7.3,250,6.859756131737131,2.4967470462773815
2016-06-26 12:00:00,29.2,73,0.0,7.1,246,6.486172749262466,2.8878301658381815
2016-06-26 13:00:00,29.6,71,0.2,7.4,241,6.472185832831529,3.5875911898228945
2016-06-26 14:00:00,29.3,71,0.7000000000000001,6.9,242,6.092338390726597,3.2393537832226467
2016-06-26 15:00:00,28.4,76,0.5,6.1,230,4.6728711030257655,3.921004419087889
2016-06-26 16:00:00,28.1,77,0.7000000000000001,3.7,259,3.632020578756357,0.7059932828932158
2016-06-26 17:00:00,27.4,79,0.4,2.6,236,2.1554976886431083,1.453901549023942
2016-06-26 18:00:00,27.4,81,0.0,2.2,261,2.1729143493093033,0.34415582308850795
2016-06-26 19:00:00,27.7,75,0.0,2.1,59,-1.800051331474436,-1.0815799573111138
2016-06-26 20:00:00,26.0,86,0.0,4.4,81,-4.3458286986186065,-0.6883116461770152
2016-06-26 21:00:00,25.0,89,0.0,4.7,99,-4.6421352007971475,0.7352419856890856
2016-06-26 22:00:00,24.4,90,0.0,5.0,150,-2.499999999999999,4.330127018922194
2016-06-26 23:00:00,23.9,91,0.0,7.4,166,-1.7902220274375418,7.180188374442374
2016-06-27 00:00:00,23.6,92,0.0,5.2,155,-2.1976149610516367,4.71280049259058
2016-06-27 01:00:00,23.7,92,0.0,4.0,153,-1.8159619989581868,3.5640260967534716
2016-06-27 02:00:00,23.2,93,0.0,2.3,141,-1.4474368994146256,1.7874357113510333
2016-06-27 03:00:00,22.8,90,0.0,2.2,99,-2.172914349309303,0.3441558230885082
2016-06-27 04:00:00,22.2,90,0.0,2.3,108,-2.1874299874788528,0.7107390870623792
2016-06-27 05:00:00,21.9,90,0.0,2.5,98,-2.475670171853926,0.3479327524001633
2016-06-27 06:00:00,22.0,92,0.0,4.4,81,-4.3458286986186065,-0.6883116461770152
2016-06-27 07:00:00,24.9,89,0.0,3.6,90,-3.6,4.4087284769304716e-16
2016-06-27 08:00:00,27.3,77,0.0,0.4,360,2.4492935982947065e-17,-0.4
2016-06-27 09:00:00,28.2,78,0.0,4.1,285,3.96029588778518,-1.061158084920335
2016-06-27 10:00:00,29.0,76,0.0,5.8,292,5.377666356487367,-2.1727182418122895
2016-06-27 11:00:00,29.6,74,0.1,7.0,305,5.7340643100229425,-4.015035054457322
2016-06-27 12:00:00,29.9,74,0.5,8.4,317,5.728786224524987,-6.143371093601032
2016-06-27 13:00:00,29.5,76,0.5,6.7,324,3.93816119035957,-5.420413862312148
2016-06-27 14:00:00,28.8,76,2.1,6.1,310,4.6728711030257655,-3.921004419087889
2016-06-27 15:00:00,27.7,81,3.0,4.7,302,3.9858260519352022,-2.490620541896063
2016-06-27 16:00:00,26.9,83,4.4,5.5,302,4.664264528860342,-2.914555953282627
2016-06-27 17:00:00,26.3,82,5.8,2.2,270,2.2,0.0
2016-06-27 18:00:00,25.7,85,5.8,4.9,54,-3.964183272437243,-2.880147736233118
2016-06-27 19:00:00,25.3,90,0.4,6.7,54,-5.420413862312149,-3.9381611903595695
2016-06-27 20:00:00,25.3,88,0.0,4.5,76,-4.366330768241984,-1.0886485301985038
2016-06-27 21:00:00,25.2,87,0.0,3.9,112,-3.6160170328104706,1.4609657143220578
2016-06-27 22:00:00,24.9,87,0.0,3.8,139,-2.493024310163927,2.867896404846534
2016-06-27 23:00:00,24.4,88,0.0,4.1,195,1.061158084920335,3.96029588778518
2016-06-28 00:00:00,23.6,91,0.0,5.4,188,0.7515347451843536,5.34744757120448
2016-06-28 01:00:00,23.3,92,0.0,6.2,173,-0.7555899291119137,6.153786140176197
2016-06-28 02:00:00,22.9,93,0.0,5.5,169,-1.0494494745709964,5.3989495089621515
2016-06-28 03:00:00,22.9,89,0.0,5.6,153,-2.542346798541461,4.98963653545486
2016-06-28 04:00:00,23.0,88,0.0,3.2,153,-1.4527695991665495,2.8512208774027776
2016-06-28 05:00:00,23.7,84,0.0,4.2,160,-1.4364846019678086,3.9467090073008158
2016-06-28 06:00:00,24.7,80,0.0,4.0,175,-0.34862297099063294,3.984778792366982
2016-06-28 07:00:00,25.9,87,0.0,3.3,193,0.7423384793347542,3.2154212137912763
2016-06-28 08:00:00,27.8,82,0.0,5.2,245,4.7128004925905795,2.197614961051637
2016-06-28 09:00:00,28.3,82,0.0,6.4,243,5.702441754805555,2.9055391983330994
2016-06-28 10:00:00,28.9,80,0.0,8.3,236,6.881011852206846,4.6413010988072
2016-06-28 11:00:00,29.4,77,0.9,9.2,225,6.505382386916237,6.505382386916236
2016-06-28 12:00:00,29.8,77,0.4,9.8,204,3.9860191021428424,8.95274548489749
2016-06-28 13:00:00,29.1,79,3.9,6.6,202,2.4724035165450187,6.1194134401407965
2016-06-28 14:00:00,28.3,82,3.2,8.7,218,5.356254835333226,6.855693556378481
2016-06-28 15:00:00,28.7,80,1.6,9.4,230,7.200817765318393,6.042203531053469
2016-06-28 16:00:00,27.8,83,0.9,6.8,198,2.1013155617496424,6.467184310807044
2016-06-28 17:00:00,27.4,86,0.0,3.4,198,1.0506577808748212,3.233592155403522
2016-06-28 18:00:00,27.2,86,0.0,2.3,219,1.447436899414626,1.7874357113510329
2016-06-28 19:00:00,26.9,84,0.5,2.7,203,1.0549740469210391,2.485363104321589
2016-06-28 20:00:00,25.5,91,0.2,2.3,141,-1.4474368994146256,1.7874357113510333
2016-06-28 21:00:00,24.8,92,0.1,3.6,127,-2.8750878361702545,2.1665340833473734
2016-06-28 22:00:00,24.7,89,0.0,3.1,144,-1.8221342821066664,2.5079526825623373
2016-06-28 23:00:00,25.3,84,0.0,4.0,117,-3.564026096753471,1.8159619989581874
2016-06-29 00:00:00,24.3,88,0.0,3.1,126,-2.507952682562337,1.822134282106667
2016-06-29 01:00:00,23.2,91,0.0,4.3,138,-2.8772616073430903,3.195522749552795
2016-06-29 02:00:00,22.5,92,0.0,3.6,143,-2.1665340833473743,2.8750878361702537
2016-06-29 03:00:00,22.2,95,0.0,4.1,142,-2.524212048835199,3.23084408978756
2016-06-29 04:00:00,21.9,96,0.0,3.9,146,-2.180852323535912,3.233246532964663
2016-06-29 05:00:00,21.7,96,0.0,4.3,138,-2.8772616073430903,3.195522749552795
2016-06-29 06:00:00,21.8,97,0.0,4.9,107,-4.685893304218874,1.4326213531414094
2016-06-29 07:00:00,24.5,94,0.0,3.8,107,-3.633958072659535,1.111012477946399
2016-06-29 08:00:00,26.8,85,0.0,2.2,180,1.3471114790620887e-16,2.2
2016-06-29 09:00:00,28.1,82,0.0,2.7,203,1.0549740469210391,2.485363104321589
2016-06-29 10:00:00,29.2,80,0.0,5.6,255,5.4091846272187825,1.4493866525741161
2016-06-29 11:00:00,29.5,78,0.2,8.9,256,8.635631963856369,2.153104870837043
2016-06-29 12:00:00,29.3,81,0.5,8.5,242,7.505054539300879,3.990508283680072
2016-06-29 13:00:00,29.4,78,1.0,7.6,205,3.211898789229316,6.887939181478539
2016-06-29 14:00:00,29.1,77,0.4,8.0,216,4.702282018339785,6.47213595499958
2016-06-29 15:00:00,29.4,79,0.5,9.1,214,5.088655421583796,7.5442419102508795
2016-06-29 16:00:00,29.1,78,0.2,8.9,212,4.716281451675524,7.547628055792192
2016-06-29 17:00:00,27.9,82,1.2,7.4,219,4.656970893768798,5.750880114781585
2016-06-29 18:00:00,26.7,84,0.5,3.6,180,2.2043642384652358e-16,3.6
2016-06-29 19:00:00,25.8,86,0.1,4.8,132,-3.567095162291491,3.21182691052252
2016-06-29 20:00:00,25.1,90,0.2,4.2,149,-2.163159914622228,3.600102662948872
2016-06-29 21:00:00,24.2,93,0.6,5.4,143,-3.2498011250210617,4.312631754255381
2016-06-29 22:00:00,23.6,93,0.6,6.2,126,-5.015905365124674,3.644268564213334
2016-06-29 23:00:00,23.4,94,0.3,4.9,107,-4.685893304218874,1.4326213531414094
2016-06-30 00:00:00,23.4,92,0.2,5.4,98,-5.34744757120448,0.7515347451843528
2016-06-30 01:00:00,23.1,91,0.3,6.4,106,-6.1520748540052415,1.764079077228795
2016-06-30 02:00:00,23.0,91,0.0,4.6,108,-4.3748599749577055,1.4214781741247584
2016-06-30 03:00:00,22.5,88,0.0,3.8,107,-3.633958072659535,1.111012477946399
2016-06-30 04:00:00,22.0,87,0.0,3.5,114,-3.197409101749103,1.4235782507653014
2016-06-30 05:00:00,21.6,88,0.0,4.2,121,-3.6001026629488715,2.1631599146222285
2016-06-30 06:00:00,21.5,89,0.0,4.5,104,-4.366330768241984,1.0886485301985047
2016-06-30 07:00:00,23.7,92,0.0,4.0,85,-3.984778792366982,-0.3486229709906318
2016-06-30 08:00:00,26.5,78,0.0,2.4,27,-1.0895771993749126,-2.138415658052083
2016-06-30 09:00:00,27.9,73,0.0,2.1,329,1.0815799573111138,-1.800051331474436
2016-06-30 10:00:00,28.8,73,0.0,4.5,299,3.935788682127281,-2.1816432911085166
2016-06-30 11:00:00,29.5,71,0.0,6.4,286,6.1520748540052415,-1.7640790772287946
2016-06-30 12:00:00,29.3,74,0.5,6.2,277,6.153786140176196,-0.7555899291119144
2016-06-30 13:00:00,29.4,75,0.3,4.5,256,4.366330768241984,1.0886485301985047
2016-06-30 14:00:00,29.5,75,0.3,3.9,248,3.616017032810471,1.460965714322057
2016-06-30 15:00:00,29.0,76,0.6,2.9,240,2.511473670974872,1.4499999999999997
2016-06-30 16:00:00,28.6,78,0.6,4.0,280,3.939231012048832,-0.6945927106677213
2016-06-30 17:00:00,27.4,82,2.0,2.0,225,1.4142135623730951,1.414213562373095
2016-06-30 18:00:00,25.9,85,1.5,0.4,270,0.4,0.0
2016-06-30 19:00:00,25.0,87,1.8,5.0,90,-5.0,6.123233995736766e-16
2016-06-30 20:00:00,24.8,87,2.6,4.9,107,-4.685893304218874,1.4326213531414094
2016-06-30 21:00:00,24.4,88,2.7,2.2,99,-2.172914349309303,0.3441558230885082
2016-06-30 22:00:00,23.7,88,2.0,4.7,94,-4.688551036221174,0.32785542659739
2016-06-30 23:00:00,23.4,90,0.0,5.4,86,-5.386845871403051,-0.3766849582182765
2016-07-01 00:00:00,24.5,79,0.0,4.7,99,-4.6421352007971475,0.7352419856890856
2016-07-01 01:00:00,24.5,78,0.0,3.3,77,-3.2154212137912763,-0.7423384793347544
2016-07-01 02:00:00,24.2,78,0.0,2.7,67,-2.485363104321589,-1.0549740469210387
2016-07-01 03:00:00,23.9,77,0.0,2.5,82,-2.475670171853926,-0.3479327524001638
2016-07-01 04:00:00,22.7,82,0.0,3.8,107,-3.633958072659535,1.111012477946399
2016-07-01 05:00:00,22.9,80,0.0,3.3,103,-3.215421213791276,0.7423384793347552
2016-07-01 06:00:00,23.3,79,0.0,3.0,76,-2.9108871788279895,-0.7257656867990026
2016-07-01 07:00:00,24.8,86,0.0,5.4,70,-5.074340152243906,-1.846908773958611
2016-07-01 08:00:00,26.8,77,0.0,2.9,30,-1.4500000000000013,-2.5114736709748713
2016-07-01 09:00:00,27.7,78,0.0,2.8,310,2.1449244407331385,-1.7998053071223097
2016-07-01 10:00:00,28.6,76,0.0,5.0,291,4.667902132486009,-1.7918397477265013
2016-07-01 11:00:00,28.8,76,0.0,6.2,277,6.153786140176196,-0.7555899291119144
2016-07-01 12:00:00,29.0,77,0.3,6.8,267,6.790680836331102,0.3558845024520181
2016-07-01 13:00:00,29.2,77,0.8,4.4,235,3.604268994871564,2.523736319944603
2016-07-01 14:00:00,29.0,77,0.0,6.3,239,5.400153994423308,3.244739871933341
2016-07-01 15:00:00,29.4,76,0.0,5.3,242,4.679622242152313,2.4881992827652213
2016-07-01 16:00:00,28.6,79,1.7000000000000002,6.4,243,5.702441754805555,2.9055391983330994
2016-07-01 17:00:00,27.3,83,2.3,5.1,219,3.209533994354171,3.963444403430551
2016-07-01 18:00:00,26.7,84,0.2,1.8,79,-1.7669289302057951,-0.3434561916777805
2016-07-01 19:00:00,26.4,87,0.0,4.5,119,-3.935788682127281,2.181643291108517
2016-07-01 20:00:00,26.3,83,0.0,0.7000000000000001,90,-0.7000000000000001,8.572527594031473e-17
2016-07-01 21:00:00,24.9,90,0.0,0.8,297,0.7128052193506944,-0.3631923997916374
2016-07-01 22:00:00,24.2,92,0.0,1.9,202,0.7117525274902327,1.761649323676896
2016-07-01 23:00:00,23.6,94,0.0,4.5,166,-1.088648530198505,4.366330768241984
2016-07-02 00:00:00,23.5,93,0.0,4.9,144,-2.880147736233118,3.9641832724372428
2016-07-02 01:00:00,22.9,94,0.0,4.1,128,-3.2308440897875594,2.5242120488351993
2016-07-02 02:00:00,22.1,97,0.0,2.1,149,-1.081579957311114,1.800051331474436
2016-07-02 03:00:00,22.8,91,0.0,3.5,114,-3.197409101749103,1.4235782507653014
2016-07-02 04:00:00,22.1,93,0.0,3.8,107,-3.633958072659535,1.111012477946399
2016-07-02 05:00:00,21.9,94,0.0,3.0,104,-2.9108871788279895,0.7257656867990032
2016-07-02 06:00:00,22.2,95,0.0,3.3,103,-3.215421213791276,0.7423384793347552
2016-07-02 07:00:00,24.5,89,0.0,3.4,108,-3.233592155403522,1.0506577808748214
2016-07-02 08:00:00,26.4,84,0.0,1.6,207,0.726384799583275,1.4256104387013886
2016-07-02 09:00:00,27.9,81,0.0,5.1,231,3.963444403430551,3.2095339943541705
2016-07-02 10:00:00,28.4,80,0.0,7.9,231,6.139453095510071,4.971631089293716
2016-07-02 11:00:00,28.9,76,0.0,9.9,226,7.121464023352647,6.877117867544073
2016-07-02 12:00:00,29.8,74,0.1,9.3,216,5.46640284632,7.523858047687012
2016-07-02 13:00:00,29.2,78,1.1,10.1,215,5.793122007145566,8.273435647318816
2016-07-02 14:00:00,27.3,84,1.6,10.0,218,6.156614753256583,7.88010753606722
2016-07-02 15:00:00,27.2,85,2.3,8.4,220,5.399415921366931,6.4347733221994154
2016-07-02 16:00:00,26.8,87,0.6,5.6,220,3.5996106142446203,4.289848881466277
2016-07-02 17:00:00,26.9,83,0.2,6.0,213,3.2678342100901627,5.032023407672544
2016-07-02 18:00:00,26.4,85,0.8,1.9,202,0.7117525274902327,1.761649323676896
2016-07-02 19:00:00,25.5,89,0.0,4.3,156,-1.748967565225941,3.9282454678631837
2016-07-02 20:00:00,25.1,91,0.0,4.7,171,-0.7352419856890848,4.6421352007971475
2016-07-02 21:00:00,25.2,90,0.0,5.4,180,3.3065463576978537e-16,5.4
2016-07-02 22:00:00,23.7,95,0.0,5.9,166,-1.42733918403804,5.7247447850283795
2016-07-02 23:00:00,22.9,96,0.0,6.6,151,-3.199743493625824,5.772490067120012
2016-07-03 00:00:00,22.5,96,0.0,6.6,151,-3.199743493625824,5.772490067120012
2016-07-03 01:00:00,22.4,96,0.0,6.0,147,-3.2678342100901627,5.032023407672543
2016-07-03 02:00:00,22.2,96,0.0,5.5,148,-2.914555953282626,4.664264528860343
2016-07-03 03:00:00,22.1,93,0.0,5.5,157,-2.149021206691006,5.062776693988422
2016-07-03 04:00:00,21.9,93,0.0,4.9,144,-2.880147736233118,3.9641832724372428
2016-07-03 05:00:00,22.0,91,0.0,5.4,132,-4.012982057577928,3.613305274337835
2016-07-03 06:00:00,21.9,94,0.0,4.2,149,-2.163159914622228,3.600102662948872
2016-07-03 07:00:00,24.2,88,0.0,5.0,159,-1.7918397477265013,4.667902132486009
2016-07-03 08:00:00,26.5,79,0.0,6.6,202,2.4724035165450187,6.1194134401407965
2016-07-03 09:00:00,27.7,77,0.0,6.3,204,2.5624408513775414,5.755336383148386
2016-07-03 10:00:00,28.7,76,0.0,6.4,218,3.9402334420842133,5.043268823083022
2016-07-03 11:00:00,29.1,75,0.0,8.8,235,7.208537989743128,5.047472639889206
2016-07-03 12:00:00,29.2,75,0.2,11.2,225,7.919595949289333,7.919595949289331
2016-07-03 13:00:00,28.1,78,1.3,10.8,195,2.795245687107224,10.431998923921938
2016-07-03 14:00:00,28.0,79,0.7000000000000001,9.7,211,4.995869326627525,8.31452281681049
2016-07-03 15:00:00,28.3,77,0.5,9.9,213,5.391926446648768,8.302838622659698
2016-07-03 16:00:00,27.1,80,0.9,9.0,217,5.4163352083684355,7.187719590425635
2016-07-03 17:00:00,26.6,82,0.1,3.5,156,-1.423578250765301,3.197409101749103
2016-07-03 18:00:00,25.3,87,1.2,3.7,169,-0.7059932828932158,3.632020578756357
2016-07-03 19:00:00,25.0,87,0.3,4.3,114,-3.9282454678631833,1.7489675652259418
2016-07-03 20:00:00,24.7,91,0.0,4.9,107,-4.685893304218874,1.4326213531414094
2016-07-03 21:00:00,24.7,88,0.0,3.2,117,-2.851220877402777,1.4527695991665501
2016-07-03 22:00:00,23.9,91,0.0,3.3,131,-2.4905416147351476,2.1649947956686737
2016-07-03 23:00:00,23.6,90,0.0,4.1,135,-2.8991378028648445,2.899137802864845
2016-07-04 00:00:00,23.8,89,0.0,4.1,135,-2.8991378028648445,2.899137802864845
2016-07-04 01:00:00,23.1,90,0.0,4.6,135,-3.252691193458118,3.2526911934581184
2016-07-04 02:00:00,21.9,97,0.0,6.1,130,-4.672871103025765,3.9210044190878905
2016-07-04 03:00:00,22.0,93,0.0,5.7,125,-4.669166652447254,3.269385687200962
2016-07-04 04:00:00,21.8,93,0.0,5.2,124,-4.310995377286217,2.907803098047884
2016-07-04 05:00:00,21.3,95,0.0,5.3,118,-4.679622242152313,2.4881992827652204
2016-07-04 06:00:00,21.4,95,0.0,4.4,99,-4.345828698618606,0.6883116461770163
2016-07-04 07:00:00,23.8,92,0.0,4.0,85,-3.984778792366982,-0.3486229709906318
2016-07-04 08:00:00,26.1,81,0.0,1.4,360,8.572527594031472e-17,-1.4
2016-07-04 09:00:00,27.5,80,0.0,1.4,270,1.4,0.0
2016-07-04 10:00:00,28.7,78,0.0,4.0,260,3.939231012048832,0.6945927106677213
2016-07-04 11:00:00,29.0,77,0.2,6.5,264,6.4643923198937765,0.6794350112397476
2016-07-04 12:00:00,28.9,78,1.3,4.6,252,4.3748599749577055,1.421478174124758
2016-07-04 13:00:00,29.0,77,1.4,3.9,248,3.616017032810471,1.460965714322057
2016-07-04 14:00:00,28.8,79,1.9,3.5,246,3.197409101749103,1.4235782507653008
2016-07-04 15:00:00,28.3,81,3.8,2.6,286,2.499280409439629,-0.7166571251241979
2016-07-04 16:00:00,28.2,80,0.6,4.9,324,2.8801477362331185,-3.9641832724372428
2016-07-04 17:00:00,27.5,82,0.0,4.9,306,3.9641832724372428,-2.8801477362331185
2016-07-04 18:00:00,26.3,87,1.5,4.3,360,2.632990618166809e-16,-4.3
2016-07-04 19:00:00,25.7,87,1.1,3.7,79,-3.632020578756357,-0.7059932828932155
2016-07-04 20:00:00,24.6,91,1.5,6.1,87,-6.0916401620029,-0.31924933308195574
2016-07-04 21:00:00,24.2,90,3.5,6.0,73,-5.737828535778212,-1.7542302283364206
2016-07-04 22:00:00,23.7,91,2.5,6.5,90,-6.5,7.960204194457795e-16
2016-07-04 23:00:00,24.0,87,1.7000000000000002,6.1,93,-6.0916401620029,0.3192493330819572
2016-07-05 00:00:00,23.6,89,2.4,4.7,81,-4.6421352007971475,-0.7352419856890845
2016-07-05 01:00:00,23.2,91,2.6,5.8,97,-5.756767679519667,0.7068421917498557
2016-07-05 02:00:00,23.6,87,1.7000000000000002,5.2,102,-5.08636752381579,1.0811407922523484
2016-07-05 03:00:00,23.3,82,0.0,3.3,103,-3.215421213791276,0.7423384793347552
2016-07-05 04:00:00,25.2,71,0.7000000000000001,3.2,90,-3.2,3.9188697572715305e-16
2016-07-05 05:00:00,24.3,75,0.4,4.0,80,-3.939231012048832,-0.6945927106677219
2016-07-05 06:00:00,24.4,74,0.0,6.8,58,-5.766727053863697,-3.6034509967857926
2016-07-05 07:00:00,25.4,82,0.0,7.2,18,-2.2249223594996224,-6.8476069173251055
2016-07-05 08:00:00,26.7,81,0.0,8.6,2,-0.3001356716415065,-8.594761112364223
2016-07-05 09:00:00,27.6,80,0.0,9.3,347,2.092044805397944,-9.06164160250269
2016-07-05 10:00:00,28.7,75,0.3,10.6,342,3.275580140374443,-10.081199072728626
2016-07-05 11:00:00,29.3,74,1.2,10.7,340,3.659615533584656,-10.054711042409219
2016-07-05 12:00:00,29.0,76,1.3,10.0,347,2.249510543438649,-9.743700647852352
2016-07-05 13:00:00,29.1,75,1.2,11.6,353,1.4136843834997108,-11.513535359039334
2016-07-05 14:00:00,28.9,76,4.9,9.4,356,0.6557108531947772,-9.377102072442348
2016-07-05 15:00:00,28.4,77,2.7,7.2,360,4.4087284769304716e-16,-7.2
2016-07-05 16:00:00,27.9,78,1.8,8.8,9,-1.3766232923540331,-8.691657397237211
2016-07-05 17:00:00,28.0,78,0.0,6.5,354,0.6794350112397475,-6.4643923198937765
2016-07-05 18:00:00,27.5,83,0.0,4.4,325,2.5237363199446032,-3.604268994871564
2016-07-05 19:00:00,26.4,91,0.0,1.6,333,0.726384799583275,-1.4256104387013886
2016-07-05 20:00:00,25.3,93,0.0,1.3,236,1.0777488443215542,0.726950774511971
2016-07-05 21:00:00,24.6,95,0.0,2.5,90,-2.5,3.061616997868383e-16
2016-07-05 22:00:00,24.0,96,0.0,3.1,126,-2.507952682562337,1.822134282106667
2016-07-05 23:00:00,23.8,97,0.0,5.9,133,-4.314986839553106,4.023790324368742
2016-07-06 00:00:00,23.8,97,0.6,7.1,131,-5.358438019581681,4.658019105832602
2016-07-06 01:00:00,23.9,97,1.3,7.1,135,-5.020458146424486,5.020458146424487
2016-07-06 02:00:00,23.7,96,1.1,7.7,139,-5.0516545232269054,5.811263767715346
2016-07-06 03:00:00,23.7,86,0.5,5.9,128,-4.64926344627966,3.6324027044213847
2016-07-06 04:00:00,24.2,81,0.0,4.1,105,-3.9602958877851795,1.0611580849203361
2016-07-06 05:00:00,23.4,83,0.0,4.2,121,-3.6001026629488715,2.1631599146222285
2016-07-06 06:00:00,22.9,87,0.0,4.1,165,-1.0611580849203355,3.96029588778518
2016-07-06 07:00:00,25.9,81,0.0,4.0,190,0.6945927106677217,3.939231012048832
2016-07-06 08:00:00,26.9,81,0.0,4.4,235,3.604268994871564,2.523736319944603
2016-07-06 09:00:00,27.9,81,0.6,4.7,261,4.6421352007971475,0.7352419856890852
2016-07-06 10:00:00,28.7,79,1.2,6.2,263,6.153786140176196,0.7555899291119144
2016-07-06 11:00:00,29.3,77,2.2,6.2,263,6.153786140176196,0.7555899291119144
2016-07-06 12:00:00,29.3,77,3.0,5.1,266,5.087576656325103,0.35575801609503904
2016-07-06 13:00:00,29.7,78,0.8,3.6,270,3.6,0.0
2016-07-06 14:00:00,29.3,78,1.0,4.2,250,3.9467090073008158,1.4364846019678086
2016-07-06 15:00:00,28.5,79,2.4,4.7,261,4.6421352007971475,0.7352419856890852
2016-07-06 16:00:00,28.0,80,6.5,3.8,287,3.6339580726595346,-1.1110124779463997
2016-07-06 17:00:00,27.8,80,3.6,1.1,72,-1.046162167924669,-0.33991869381244205
2016-07-06 18:00:00,27.3,83,1.0,1.8,143,-1.0832670416736871,1.4375439180851268
2016-07-06 19:00:00,26.2,88,0.2,4.8,117,-4.276831316104166,2.1791543987498248
2016-07-06 20:00:00,25.4,90,0.0,1.8,143,-1.0832670416736871,1.4375439180851268
2016-07-06 21:00:00,24.6,91,0.0,3.4,162,-1.050657780874821,3.2335921554035223
2016-07-06 22:00:00,24.8,89,0.0,3.9,146,-2.180852323535912,3.233246532964663
2016-07-06 23:00:00,25.3,87,0.0,4.7,122,-3.9858260519352022,2.490620541896063
2016-07-07 00:00:00,24.2,90,0.5,6.0,123,-5.032023407672543,3.2678342100901636
2016-07-07 01:00:00,23.5,90,0.3,5.8,120,-5.022947341949744,2.8999999999999995
2016-07-07 02:00:00,24.0,86,0.2,5.0,120,-4.330127018922194,2.4999999999999996
2016-07-07 03:00:00,23.5,83,0.0,4.2,121,-3.6001026629488715,2.1631599146222285
2016-07-07 04:00:00,23.9,80,0.0,4.0,117,-3.564026096753471,1.8159619989581874
2016-07-07 05:00:00,24.2,78,0.0,3.1,111,-2.8940993221413254,1.1109406435904308
2016-07-07 06:00:00,24.2,79,0.0,3.1,69,-2.8940993221413254,-1.1109406435904314
2016-07-07 07:00:00,25.1,84,0.0,2.7,337,1.0549740469210391,-2.485363104321589
2016-07-07 08:00:00,26.4,83,0.0,3.9,326,2.1808523235359125,-3.233246532964663
2016-07-07 09:00:00,27.2,83,0.0,6.2,324,3.6442685642133337,-5.0159053651246746
2016-07-07 10:00:00,28.1,78,0.3,7.1,319,4.658019105832602,-5.358438019581681
2016-07-07 11:00:00,28.5,78,0.3,7.4,317,5.046787864462489,-5.412017391981862
2016-07-07 12:00:00,28.9,75,1.2,6.0,327,3.2678342100901627,-5.032023407672544
2016-07-07 13:00:00,28.6,76,1.9,6.1,332,2.863776532993934,-5.385980316439453
2016-07-07 14:00:00,28.2,78,0.1,4.0,333,1.8159619989581872,-3.564026096753471
2016-07-07 15:00:00,28.5,80,0.5,4.1,322,2.524212048835199,-3.23084408978756
2016-07-07 16:00:00,28.2,83,0.3,4.1,315,2.899137802864845,-2.8991378028648445
2016-07-07 17:00:00,27.7,86,0.1,4.4,325,2.5237363199446032,-3.604268994871564
2016-07-07 18:00:00,26.8,90,0.7000000000000001,3.6,323,2.1665340833473743,-2.875087836170254
2016-07-07 19:00:00,26.1,93,0.2,4.8,333,2.1791543987498248,-4.276831316104166
2016-07-07 20:00:00,25.4,95,0.2,7.0,348,1.4553818357243162,-6.847033205136639
2016-07-07 21:00:00,24.9,96,0.3,4.7,351,0.7352419856890854,-4.6421352007971475
2016-07-07 22:00:00,24.7,97,0.4,2.1,329,1.0815799573111138,-1.800051331474436
2016-07-07 23:00:00,24.7,97,0.6,1.6,333,0.726384799583275,-1.4256104387013886
2016-07-08 00:00:00,24.7,97,2.0,0.5,45,-0.35355339059327384,-0.35355339059327373
2016-07-08 01:00:00,24.8,95,1.6,1.3,56,-1.0777488443215544,-0.7269507745119708
2016-07-08 02:00:00,24.7,94,1.6,5.8,338,2.1727182418122895,-5.377666356487367
2016-07-08 03:00:00,25.0,93,1.7000000000000002,10.5,352,1.4613175600806874,-10.397814721786489
2016-07-08 04:00:00,24.9,92,2.1,15.6,353,1.9011617571203008,-15.483719965604623
2016-07-08 05:00:00,24.8,90,3.6,18.1,354,1.8919651851445278,-18.000846306165748
2016-07-08 06:00:00,24.6,90,4.4,15.1,360,9.246083333562517e-16,-15.1
2016-07-08 07:00:00,24.6,92,3.7,15.8,360,9.67470971326409e-16,-15.8
2016-07-08 08:00:00,24.7,93,5.1,10.1,17,-2.9529542176996446,-9.658678035226657
2016-07-08 09:00:00,25.3,91,6.8,5.1,8,-0.7097828148963357,-5.050367150582008
2016-07-08 10:00:00,25.3,94,5.1,2.8,40,-1.7998053071223103,-2.144924440733138
2016-07-08 11:00:00,25.5,94,4.6,4.1,142,-2.524212048835199,3.23084408978756
2016-07-08 12:00:00,26.0,94,6.9,7.1,156,-2.8878301658381815,6.486172749262466
2016-07-08 13:00:00,26.2,93,10.4,6.6,158,-2.4724035165450196,6.1194134401407965
2016-07-08 14:00:00,26.4,92,9.1,10.1,153,-4.585304047369421,8.999165894302516
2016-07-08 15:00:00,26.9,91,1.3,13.1,148,-6.9419423614549824,11.109430059649181
2016-07-08 16:00:00,27.1,90,1.2,18.1,149,-9.322189155871984,15.514728142708234
2016-07-08 17:00:00,26.8,91,2.6,22.6,151,-10.956697417567216,19.766405381350346
2016-07-08 18:00:00,26.1,93,2.9,11.2,159,-4.013721034907363,10.45610077676866
2016-07-08 19:00:00,25.5,93,1.4,14.2,153,-6.446665096301563,12.652292643474823
2016-07-08 20:00:00,25.3,91,1.0,13.8,152,-6.478707566445295,12.184676781453192
2016-07-08 21:00:00,25.3,88,1.6,13.6,148,-7.206901993571585,11.533454107727394
2016-07-08 22:00:00,25.2,87,1.3,13.8,137,-9.411577368862478,10.092681082344555
2016-07-08 23:00:00,25.3,85,2.0,13.6,130,-10.418204426418098,8.741911491736937
2016-07-09 00:00:00,25.3,84,3.3,12.8,140,-8.227681403987704,9.80536887192292
2016-07-09 01:00:00,25.4,82,5.7,14.5,153,-6.582862246223427,12.919594600731335
2016-07-09 02:00:00,25.5,81,6.9,19.2,163,-5.613536730676544,18.361051314490282
2016-07-09 03:00:00,24.8,91,0.2,25.1,168,-5.2185834395257595,24.551504778418526
2016-07-09 04:00:00,25.5,85,0.1,26.9,168,-5.592824482997726,26.31217045973937
2016-07-09 05:00:00,25.6,81,0.3,26.4,169,-5.037357477940782,25.914957643018326
2016-07-09 06:00:00,26.1,80,0.7000000000000001,22.9,173,-2.7908079639778745,22.729306872586275
2016-07-09 07:00:00,26.1,82,2.1,22.0,183,1.1513910373447673,21.969849764600625
2016-07-09 08:00:00,25.7,86,6.6,22.2,193,4.993913406433801,21.63101543823222
2016-07-09 09:00:00,25.4,89,10.8,19.8,190,3.4382339178052224,19.49919350964172
2016-07-09 10:00:00,25.0,91,10.5,18.2,188,2.5329504374731915,18.02287885109658
2016-07-09 11:00:00,25.0,89,6.9,18.1,187,2.2058351156331697,17.96508534470793
2016-07-09 12:00:00,24.9,89,2.4,19.5,184,1.3602512380104421,19.452498980066572
2016-07-09 13:00:00,26.0,84,0.6,18.7,180,1.1450447572027753e-15,18.7
2016-07-09 14:00:00,27.8,76,1.0,22.4,185,1.9522886375475421,22.314761237255098
2016-07-09 15:00:00,28.3,73,0.3,19.5,184,1.3602512380104421,19.452498980066572
2016-07-09 16:00:00,27.8,74,0.2,17.4,173,-2.120526575249564,17.270303038559003
2016-07-09 17:00:00,27.1,75,0.3,18.9,172,-2.630371608145235,18.716066499215678
2016-07-09 18:00:00,26.4,78,0.4,18.7,180,1.1450447572027753e-15,18.7
2016-07-09 19:00:00,25.8,80,0.5,16.2,179,-0.2827289842839923,16.197532661533536
2016-07-09 20:00:00,25.0,86,1.0,13.0,166,-3.144984642795681,12.613844441587954
2016-07-09 21:00:00,24.4,88,2.2,12.3,173,-1.4989929238833126,12.208317665188263
2016-07-09 22:00:00,24.2,89,2.1,13.4,185,1.167886952818619,13.34900895442939
2016-07-09 23:00:00,24.2,90,1.2,14.8,180,9.062386313690414e-16,14.8
2016-07-10 00:00:00,24.2,92,1.3,14.8,184,1.0323958114130536,14.763947943845398
2016-07-10 01:00:00,24.3,92,1.5,14.8,181,0.2582956152717973,14.79774588831459
2016-07-10 02:00:00,24.3,92,1.4,12.3,187,1.4989929238833142,12.208317665188261
2016-07-10 03:00:00,24.1,93,2.0,11.7,189,1.8302832409707017,11.555953584963111
2016-07-10 04:00:00,23.9,93,3.6,11.3,189,1.7677094549546095,11.160878248725057
2016-07-10 05:00:00,23.7,94,6.1,12.0,189,1.877213580482771,11.852260087141653
2016-07-10 06:00:00,24.0,93,5.1,12.0,189,1.877213580482771,11.852260087141653
2016-07-10 07:00:00,24.2,92,3.4,11.6,185,1.0110066158728344,11.555858497864248
2016-07-10 08:00:00,24.0,94,1.5,13.2,191,2.518678738970393,12.957478821509163
2016-07-10 09:00:00,24.4,94,1.2,13.8,189,2.158795617555187,13.630099100212902
2016-07-10 10:00:00,24.7,94,1.0,12.4,190,2.1532374030699373,12.21161613735138
2016-07-10 11:00:00,25.5,90,0.5,13.4,188,1.8649195528648772,13.269592121137043
2016-07-10 12:00:00,26.2,85,1.9,15.2,185,1.3247672897644036,15.142159410994532
2016-07-10 13:00:00,26.8,82,0.8,16.4,189,2.565525226659787,16.19808878576026
2016-07-10 14:00:00,27.0,80,0.7000000000000001,14.1,193,3.1718098662484953,13.738617913471817
2016-07-10 15:00:00,26.2,86,0.8,14.9,187,1.8158532167366976,14.788937659455698
2016-07-10 16:00:00,26.1,86,0.8,13.7,183,0.7170026005283323,13.681224626137661
2016-07-10 17:00:00,25.7,86,0.5,15.2,185,1.3247672897644036,15.142159410994532
2016-07-10 18:00:00,25.3,85,0.2,12.3,175,-1.0720156357961963,12.253194786528471
2016-07-10 19:00:00,25.0,84,0.0,10.8,182,0.3769145643870117,10.793420931806235
2016-07-10 20:00:00,24.7,85,0.0,11.2,180,6.858022075225178e-16,11.2
2016-07-10 21:00:00,24.4,87,0.0,10.8,178,-0.3769145643870103,10.793420931806235
2016-07-10 22:00:00,24.1,90,0.0,10.8,178,-0.3769145643870103,10.793420931806235
2016-07-10 23:00:00,23.9,90,0.0,12.3,183,0.6437322617882109,12.283143277481258
2016-07-11 00:00:00,23.9,90,0.1,13.7,185,1.1940336756429164,13.647867363856914
2016-07-11 01:00:00,23.9,90,0.2,13.0,166,-3.144984642795681,12.613844441587954
2016-07-11 02:00:00,23.9,89,0.3,13.8,165,-3.571702822414788,13.329776402789143
2016-07-11 03:00:00,24.1,88,0.7000000000000001,12.7,173,-1.5477406612453715,12.60533612584479
2016-07-11 04:00:00,24.2,86,0.8,13.3,182,0.4641633061432644,13.291897999353974
2016-07-11 05:00:00,23.8,86,1.1,12.3,177,-0.6437322617882093,12.283143277481258
2016-07-11 06:00:00,23.6,86,2.1,11.9,175,-1.037153338697133,11.854716907291772
2016-07-11 07:00:00,24.1,86,1.3,10.8,180,6.613092715395707e-16,10.8
2016-07-11 08:00:00,24.1,85,1.4,12.6,177,-0.6594330486610924,12.58273213790763
2016-07-11 09:00:00,24.3,85,1.6,15.5,183,0.8112073217656315,15.478757788695894
2016-07-11 10:00:00,24.6,86,0.9,13.0,194,3.14498464279568,12.613844441587954
2016-07-11 11:00:00,25.1,87,0.5,14.0,192,2.9107636714486325,13.694066410273278
2016-07-11 12:00:00,26.3,83,1.4,14.5,187,1.7671054793746386,14.391919198799169
2016-07-11 13:00:00,26.6,82,4.4,11.9,185,1.0371533386971319,11.854716907291772
2016-07-11 14:00:00,26.7,82,1.6,12.7,173,-1.5477406612453715,12.60533612584479
2016-07-11 15:00:00,25.7,88,1.4,13.0,180,7.960204194457795e-16,13.0
2016-07-11 16:00:00,25.4,90,1.0,13.5,171,-2.111865278043116,13.33379259803436
2016-07-11 17:00:00,25.4,86,0.3,13.0,175,-1.1330246557195571,12.950531075192693
2016-07-11 18:00:00,25.1,85,0.1,10.6,170,-1.8406706832694613,10.438962181929405
2016-07-11 19:00:00,24.6,85,0.4,13.3,178,-0.46416330614326273,13.291897999353974
2016-07-11 20:00:00,24.2,86,0.5,13.0,177,-0.6803674311582699,12.98218395180946
2016-07-11 21:00:00,24.0,86,0.8,12.0,173,-1.4624321208617683,11.910553819695865
2016-07-11 22:00:00,24.0,86,0.8,11.5,176,-0.8021994480574413,11.471986577987979
2016-07-11 23:00:00,23.8,88,0.7000000000000001,11.5,176,-0.8021994480574413,11.471986577987979
2016-07-12 00:00:00,23.7,88,0.4,12.7,172,-1.7674983821928298,12.576404473017943
2016-07-12 01:00:00,23.5,86,0.0,13.4,174,-1.4006814077865577,13.326593397934863
2016-07-12 02:00:00,23.3,85,0.0,14.0,180,8.572527594031472e-16,14.0
2016-07-12 03:00:00,23.1,87,0.0,14.4,183,0.7536377698983932,14.380265300465863
2016-07-12 04:00:00,23.0,87,0.0,12.6,177,-0.6594330486610924,12.58273213790763
2016-07-12 05:00:00,22.7,88,0.2,11.6,175,-1.0110066158728355,11.555858497864248
2016-07-12 06:00:00,22.7,88,0.3,10.1,176,-0.7045403848156658,10.075396907624224
2016-07-12 07:00:00,24.5,84,0.4,11.5,178,-0.401344212078761,11.492994510719601
2016-07-12 08:00:00,26.0,82,0.4,11.6,187,1.4136843834997108,11.513535359039334
2016-07-12 09:00:00,26.5,82,0.6,13.1,189,2.049291492027025,12.938717261796304
2016-07-12 10:00:00,26.8,81,0.6,17.9,189,2.8001769242201333,17.679621296652964
2016-07-12 11:00:00,26.9,82,1.1,18.9,193,4.251574927099047,18.415594224440945
2016-07-12 12:00:00,27.2,81,4.8,19.9,197,5.818196923982462,19.030464643664402
2016-07-12 13:00:00,26.9,82,5.5,15.1,192,3.1394665313481678,14.770028771080463
2016-07-12 14:00:00,26.1,86,5.2,15.5,185,1.3509140125887011,15.441017820422056
2016-07-12 15:00:00,25.0,93,1.7000000000000002,14.8,176,-1.032395811413055,14.763947943845398
2016-07-12 16:00:00,25.2,88,1.1,15.1,177,-0.790272939268452,15.079305974794064
2016-07-12 17:00:00,25.2,87,2.5,14.8,176,-1.032395811413055,14.763947943845398
2016-07-12 18:00:00,24.7,87,1.3,8.6,178,-0.30013567164150823,8.594761112364223
2016-07-12 19:00:00,24.3,87,0.4,9.1,162,-2.812054648812021,8.654614298285898
2016-07-12 20:00:00,24.0,86,0.8,10.8,184,0.7533699164365526,10.773691742806102
2016-07-12 21:00:00,23.4,88,1.3,11.2,176,-0.7812725059342036,11.17271736291003
2016-07-12 22:00:00,23.1,88,0.5,11.4,169,-2.175222547292611,11.19054989130337
2016-07-12 23:00:00,22.9,87,0.0,12.0,171,-1.8772135804827697,11.852260087141653
2016-07-13 00:00:00,22.8,86,0.0,12.1,168,-2.515731458894888,11.835585968879048
2016-07-13 01:00:00,22.6,85,0.0,11.9,166,-2.8788705576360467,11.546519142684359
2016-07-13 02:00:00,22.5,83,0.0,12.0,171,-1.8772135804827697,11.852260087141653
2016-07-13 03:00:00,21.9,84,0.0,12.0,171,-1.8772135804827697,11.852260087141653
2016-07-13 04:00:00,21.6,86,0.0,11.7,169,-2.232465245905574,11.485038046337667
2016-07-13 05:00:00,21.5,85,0.0,11.0,161,-3.581249699028723,10.400704331592486
2016-07-13 06:00:00,21.7,85,0.0,10.9,171,-1.705135668938516,10.765802912487002
2016-07-13 07:00:00,24.6,84,0.0,10.5,184,0.732442974313315,10.474422527728153
2016-07-13 08:00:00,27.1,73,0.0,10.9,197,3.186851581477831,10.423721839997087
2016-07-13 09:00:00,27.6,75,0.0,12.9,198,3.986319227436822,12.26862906020748
2016-07-13 10:00:00,28.0,75,0.0,14.2,196,3.914050452601388,13.649916082324127
2016-07-13 11:00:00,28.6,73,0.0,14.6,196,4.024305394928188,14.034420760699456
2016-07-13 12:00:00,29.6,69,0.0,17.3,203,6.759648522864436,15.924733964727219
2016-07-13 13:00:00,28.9,72,1.6,17.1,205,7.226772275765961,15.497863158326716
2016-07-13 14:00:00,27.4,77,0.8,15.0,197,4.385575570841052,14.344571339445531
2016-07-13 15:00:00,28.6,74,0.0,13.2,197,3.859306502340125,12.623222778712067
2016-07-13 16:00:00,28.7,74,0.8,12.2,199,3.971931484377312,11.535326622311663
2016-07-13 17:00:00,27.7,80,0.0,11.1,205,4.691062705321763,10.060016436106814
2016-07-13 18:00:00,26.9,83,0.0,10.8,201,3.870373855089244,10.08266860616978
2016-07-13 19:00:00,26.0,86,0.7000000000000001,8.3,178,-0.28966582263075796,8.294943864258496
2016-07-13 20:00:00,25.1,90,0.0,9.0,175,-0.7844016847289241,8.96575228282571
2016-07-13 21:00:00,24.5,91,0.0,10.2,170,-1.771211412202689,10.045039080724521
2016-07-13 22:00:00,24.0,90,0.0,9.9,170,-1.71911695890261,9.74959675482086
2016-07-13 23:00:00,23.2,91,0.0,9.9,161,-3.2231247291258507,9.360633898433237
2016-07-14 00:00:00,23.5,88,0.0,9.9,161,-3.2231247291258507,9.360633898433237
2016-07-14 01:00:00,23.9,85,0.0,10.0,159,-3.5836794954530027,9.335804264972017
2016-07-14 02:00:00,23.8,83,0.0,8.9,153,-4.040515447681965,7.929958065276475
2016-07-14 03:00:00,23.6,78,0.0,7.7,152,-3.6149310334513602,6.798696465013737
2016-07-14 04:00:00,23.4,77,0.0,8.5,152,-3.990508283680073,7.505054539300878
2016-07-14 05:00:00,23.0,77,0.0,9.2,149,-4.738350289172499,7.8859391664594325
2016-07-14 06:00:00,22.4,81,0.0,8.5,144,-4.996174644486021,6.876644452187053
2016-07-14 07:00:00,24.7,85,0.0,6.2,159,-2.2218812871808615,5.788198644282651
2016-07-14 08:00:00,27.9,69,0.0,8.2,203,3.203995253612044,7.54813979831001
2016-07-14 09:00:00,28.7,68,0.0,11.1,205,4.691062705321763,10.060016436106814
2016-07-14 10:00:00,29.2,69,0.0,12.7,209,6.157082177128481,11.107670280670325
2016-07-14 11:00:00,29.7,70,0.0,14.0,209,6.787334683448719,12.24467589995154
2016-07-14 12:00:00,29.6,71,0.3,14.8,209,7.17518237964579,12.944371665663057
2016-07-14 13:00:00,28.7,75,2.1,15.5,211,7.98309016110584,13.286093160882741
2016-07-14 14:00:00,28.4,76,0.2,15.8,215,9.06250769434653,12.94260229976607
2016-07-14 15:00:00,28.1,78,1.0,14.1,218,8.680826802091781,11.11095162585478
2016-07-14 16:00:00,27.7,81,1.5,13.2,209,6.39948698725165,11.544980134240022
2016-07-14 17:00:00,26.6,83,0.2,10.0,193,2.249510543438649,9.743700647852352
2016-07-14 18:00:00,26.5,82,0.0,4.4,189,0.6883116461770161,4.3458286986186065
2016-07-14 19:00:00,25.6,89,0.0,5.5,203,2.1490212066910055,5.062776693988422
2016-07-14 20:00:00,24.6,89,0.0,6.6,167,-1.4846769586695092,6.430842427582553
2016-07-14 21:00:00,23.9,90,0.0,8.0,144,-4.702282018339784,6.47213595499958
2016-07-14 22:00:00,23.3,88,0.0,8.2,131,-6.18861855782673,5.379684037722159
2016-07-14 23:00:00,22.5,90,0.0,6.1,130,-4.672871103025765,3.9210044190878905
2016-07-15 00:00:00,21.8,90,0.0,4.6,141,-2.894873798829251,3.5748714227020666
2016-07-15 01:00:00,21.5,90,0.0,4.6,141,-2.894873798829251,3.5748714227020666
2016-07-15 02:00:00,21.3,89,0.0,4.6,135,-3.252691193458118,3.2526911934581184
2016-07-15 03:00:00,21.1,90,0.0,4.4,145,-2.5237363199446032,3.6042689948715636
2016-07-15 04:00:00,20.8,90,0.0,4.4,145,-2.5237363199446032,3.6042689948715636
2016-07-15 05:00:00,20.6,89,0.0,4.6,135,-3.252691193458118,3.2526911934581184
2016-07-15 06:00:00,20.7,89,0.0,3.3,139,-2.1649947956686737,2.490541614735148
2016-07-15 07:00:00,23.8,90,0.0,4.3,138,-2.8772616073430903,3.195522749552795
2016-07-15 08:00:00,27.6,66,0.0,5.1,188,0.7097828148963339,5.050367150582009
2016-07-15 09:00:00,28.7,62,0.0,7.3,213,3.9758649556096977,6.122295146001595
2016-07-15 10:00:00,29.4,63,0.0,9.4,223,6.410784584587486,6.874724795220202
2016-07-15 11:00:00,29.7,66,0.0,10.7,225,7.566042558696059,7.566042558696057
2016-07-15 12:00:00,29.6,69,0.0,11.5,224,7.988571260278468,8.272407703894487
2016-07-15 13:00:00,29.6,70,0.0,12.0,224,8.335900445507967,8.632077604063813
2016-07-15 14:00:00,29.8,69,0.0,12.0,221,7.872708347886087,9.056514962673264
2016-07-15 15:00:00,29.1,74,0.0,12.3,218,7.572636146505597,9.692532269362681
2016-07-15 16:00:00,28.9,75,0.1,11.7,214,6.542556970607737,9.699739598893988
2016-07-15 17:00:00,28.3,78,0.0,9.9,213,5.391926446648768,8.302838622659698
2016-07-15 18:00:00,27.6,81,0.0,5.9,227,4.314986839553106,4.023790324368742
2016-07-15 19:00:00,26.6,85,0.0,6.4,196,1.7640790772287946,6.1520748540052415
2016-07-15 20:00:00,25.7,90,0.0,6.4,164,-1.764079077228794,6.1520748540052415
2016-07-15 21:00:00,24.5,92,0.0,6.8,162,-2.101315561749642,6.467184310807045
2016-07-15 22:00:00,24.0,91,0.0,7.4,151,-3.587591189822894,6.47218583283153
2016-07-15 23:00:00,23.6,91,0.0,6.1,140,-3.92100441908789,4.6728711030257655
2016-07-16 00:00:00,22.8,93,0.0,5.9,137,-4.023790324368741,4.314986839553106
2016-07-16 01:00:00,22.0,92,0.0,6.9,133,-5.046340541172277,4.705788684431241
2016-07-16 02:00:00,21.3,92,0.0,5.9,133,-4.314986839553106,4.023790324368742
2016-07-16 03:00:00,20.9,92,0.0,5.6,135,-3.9597979746446654,3.9597979746446663
2016-07-16 04:00:00,20.4,92,0.0,5.4,138,-3.6133052743378347,4.012982057577929
2016-07-16 05:00:00,20.2,90,0.0,5.1,141,-3.20953399435417,3.963444403430552
2016-07-16 06:00:00,20.4,88,0.0,4.3,138,-2.8772616073430903,3.195522749552795
2016-07-16 07:00:00,24.0,84,0.0,5.6,135,-3.9597979746446654,3.9597979746446663
2016-07-16 08:00:00,27.8,65,0.0,6.6,189,1.032467469265524,6.518743047927909
2016-07-16 09:00:00,28.7,64,0.0,8.9,212,4.716281451675524,7.547628055792192
2016-07-16 10:00:00,29.2,66,0.0,9.4,227,6.874724795220202,6.410784584587486
2016-07-16 11:00:00,29.5,68,0.0,9.5,233,7.587037345449282,5.717242719944458
2016-07-16 12:00:00,29.9,66,0.4,10.5,232,8.27411291287058,6.464445490919412
2016-07-16 13:00:00,29.0,72,0.9,10.2,238,8.650090580795544,5.40517649517869
2016-07-16 14:00:00,29.1,74,0.2,10.0,229,7.54709580222772,6.560590289905073
2016-07-16 15:00:00,29.4,72,0.2,9.0,217,5.4163352083684355,7.187719590425635
2016-07-16 16:00:00,29.2,73,0.0,8.5,216,4.996174644486022,6.876644452187053
2016-07-16 17:00:00,29.0,75,0.0,8.0,216,4.702282018339785,6.47213595499958
2016-07-16 18:00:00,28.4,78,0.0,4.4,215,2.5237363199446032,3.604268994871564
2016-07-16 19:00:00,27.2,85,0.0,6.2,201,2.2218812871808624,5.788198644282651
2016-07-16 20:00:00,26.0,88,0.0,5.1,172,-0.7097828148963332,5.050367150582009
2016-07-16 21:00:00,25.0,89,0.0,5.6,153,-2.542346798541461,4.98963653545486
2016-07-16 22:00:00,24.8,88,0.0,5.9,137,-4.023790324368741,4.314986839553106
2016-07-16 23:00:00,24.2,90,0.0,6.9,133,-5.046340541172277,4.705788684431241
2016-07-17 00:00:00,23.0,93,0.0,5.9,137,-4.023790324368741,4.314986839553106
2016-07-17 01:00:00,22.2,94,0.0,5.2,146,-2.907803098047883,4.3109953772862175
2016-07-17 02:00:00,21.9,95,0.0,5.1,141,-3.20953399435417,3.963444403430552
2016-07-17 03:00:00,21.4,92,0.0,4.8,138,-3.2118269105225195,3.5670951622914924
2016-07-17 04:00:00,21.3,91,0.0,5.4,132,-4.012982057577928,3.613305274337835
2016-07-17 05:00:00,21.0,89,0.0,5.4,127,-4.312631754255382,3.2498011250210603
2016-07-17 06:00:00,21.3,87,0.0,5.0,120,-4.330127018922194,2.4999999999999996
2016-07-17 07:00:00,24.5,87,0.0,4.0,117,-3.564026096753471,1.8159619989581874
2016-07-17 08:00:00,27.3,73,0.0,3.6,186,0.3763024677635525,3.580278823325784
2016-07-17 09:00:00,28.1,74,0.0,6.1,220,3.92100441908789,4.6728711030257655
2016-07-17 10:00:00,28.7,72,0.0,7.4,231,5.750880114781585,4.656970893768797
2016-07-17 11:00:00,29.0,71,0.2,8.7,232,6.85569355637848,5.356254835333226
2016-07-17 12:00:00,28.9,74,0.3,9.5,241,8.30888721782426,4.605691392340202
2016-07-17 13:00:00,29.2,72,0.3,7.1,221,4.658019105832602,5.358438019581681
2016-07-17 14:00:00,29.6,70,0.1,6.4,227,4.6806636903626915,4.36478950439999
2016-07-17 15:00:00,29.4,75,0.0,7.3,250,6.859756131737131,2.4967470462773815
2016-07-17 16:00:00,29.0,75,0.8,5.4,222,3.6133052743378347,4.012982057577929
2016-07-17 17:00:00,28.2,79,0.4,2.6,196,0.7166571251241979,2.499280409439629
2016-07-17 18:00:00,27.5,81,0.0,0.7000000000000001,180,4.2862637970157366e-17,0.7000000000000001
2016-07-17 19:00:00,26.7,83,0.0,1.1,198,0.3399186938124422,1.0461621679246689
2016-07-17 20:00:00,26.0,86,0.0,3.4,198,1.0506577808748212,3.233592155403522
2016-07-17 21:00:00,25.1,87,0.0,5.5,203,2.1490212066910055,5.062776693988422
2016-07-17 22:00:00,24.4,89,0.0,5.8,184,0.40458754771592637,5.78587149150698
2016-07-17 23:00:00,24.2,89,0.0,4.8,153,-2.179154398749824,4.276831316104166
2016-07-18 00:00:00,22.9,92,0.0,4.3,138,-2.8772616073430903,3.195522749552795
2016-07-18 01:00:00,22.3,93,0.0,4.8,132,-3.567095162291491,3.21182691052252
2016-07-18 02:00:00,22.0,93,0.0,4.8,132,-3.567095162291491,3.21182691052252
2016-07-18 03:00:00,21.0,95,0.0,5.1,135,-3.606244584051392,3.6062445840513924
2016-07-18 04:00:00,21.0,95,0.1,5.9,133,-4.314986839553106,4.023790324368742
2016-07-18 05:00:00,20.8,95,0.1,5.1,129,-3.963444403430551,3.2095339943541705
2016-07-18 06:00:00,20.9,94,0.0,5.3,118,-4.679622242152313,2.4881992827652204
2016-07-18 07:00:00,23.5,92,0.0,5.6,117,-4.989636535454859,2.542346798541462
2016-07-18 08:00:00,26.3,80,0.0,4.0,175,-0.34862297099063294,3.984778792366982
2016-07-18 09:00:00,27.1,80,0.0,5.6,220,3.5996106142446203,4.289848881466277
2016-07-18 10:00:00,27.8,77,0.0,6.3,239,5.400153994423308,3.244739871933341
2016-07-18 11:00:00,28.3,76,0.7000000000000001,7.1,246,6.486172749262466,2.8878301658381815
2016-07-18 12:00:00,27.5,79,1.4,6.4,218,3.9402334420842133,5.043268823083022
2016-07-18 13:00:00,26.8,81,0.9,7.1,225,5.020458146424487,5.020458146424486
2016-07-18 14:00:00,27.5,76,0.1,6.3,211,3.244739871933341,5.400153994423308
2016-07-18 15:00:00,27.2,77,1.7000000000000002,5.1,225,3.6062445840513924,3.606244584051392
2016-07-18 16:00:00,26.1,79,0.3,5.9,133,-4.314986839553106,4.023790324368742
2016-07-18 17:00:00,26.0,81,0.5,4.6,141,-2.894873798829251,3.5748714227020666
2016-07-18 18:00:00,25.6,85,1.0,3.6,143,-2.1665340833473743,2.8750878361702537
2016-07-18 19:00:00,25.3,85,0.5,1.0,135,-0.7071067811865475,0.7071067811865476
2016-07-18 20:00:00,25.0,83,0.3,2.5,188,0.34793275240016364,2.475670171853926
2016-07-18 21:00:00,24.9,82,0.0,4.7,157,-1.8364363038995868,4.326372811226469
2016-07-18 22:00:00,24.2,84,0.0,5.2,146,-2.907803098047883,4.3109953772862175
2016-07-18 23:00:00,23.0,88,0.0,5.5,148,-2.914555953282626,4.664264528860343
2016-07-19 00:00:00,22.5,88,0.0,5.5,148,-2.914555953282626,4.664264528860343
2016-07-19 01:00:00,22.6,85,0.0,3.4,148,-1.8017254983928963,2.8833635269318485
2016-07-19 02:00:00,22.8,82,0.0,3.4,148,-1.8017254983928963,2.8833635269318485
2016-07-19 03:00:00,21.3,89,0.0,3.9,146,-2.180852323535912,3.233246532964663
2016-07-19 04:00:00,21.2,88,0.0,4.8,138,-3.2118269105225195,3.5670951622914924
2016-07-19 05:00:00,21.2,88,0.0,4.1,142,-2.524212048835199,3.23084408978756
2016-07-19 06:00:00,21.1,89,0.0,3.6,143,-2.1665340833473743,2.8750878361702537
2016-07-19 07:00:00,23.5,90,0.0,6.4,142,-3.9402334420842133,5.043268823083022
2016-07-19 08:00:00,26.6,68,0.0,6.8,177,-0.35588450245201814,6.790680836331102
2016-07-19 09:00:00,27.6,67,0.0,7.9,204,3.2132194802988217,7.217009115376547
2016-07-19 10:00:00,28.4,68,0.0,8.8,215,5.0474726398892065,7.208537989743128
2016-07-19 11:00:00,28.5,69,0.3,10.8,217,6.499602250042123,8.625263508510763
2016-07-19 12:00:00,27.8,75,0.9,11.9,215,6.8255595925774495,9.747909327039002
2016-07-19 13:00:00,27.8,77,1.5,13.3,218,8.188297621831255,10.480543022969403
2016-07-19 14:00:00,27.5,77,1.1,11.5,226,8.272407703894489,7.988571260278468
2016-07-19 15:00:00,27.7,77,1.0,8.1,193,1.8221035401853058,7.892397524760405
2016-07-19 16:00:00,26.7,80,1.6,7.5,215,4.301823272632846,6.143640332167439
2016-07-19 17:00:00,26.0,81,0.2,6.9,208,3.239353783222647,6.092338390726596
2016-07-19 18:00:00,25.1,84,0.2,2.9,120,-2.511473670974872,1.4499999999999997
2016-07-19 19:00:00,24.0,89,0.2,4.8,77,-4.676976310969129,-1.0797650608505518
2016-07-19 20:00:00,23.4,90,0.3,4.7,90,-4.7,5.755839955992561e-16
2016-07-19 21:00:00,23.3,89,0.4,5.3,118,-4.679622242152313,2.4881992827652204
2016-07-19 22:00:00,23.0,89,0.4,4.5,119,-3.935788682127281,2.181643291108517
2016-07-19 23:00:00,22.7,89,0.1,4.5,119,-3.935788682127281,2.181643291108517
2016-07-20 00:00:00,22.3,91,0.0,4.3,132,-3.195522749552794,2.8772616073430908
2016-07-20 01:00:00,21.7,91,0.0,4.6,141,-2.894873798829251,3.5748714227020666
2016-07-20 02:00:00,21.5,90,0.0,5.1,141,-3.20953399435417,3.963444403430552
2016-07-20 03:00:00,21.3,93,0.0,5.1,135,-3.606244584051392,3.6062445840513924
2016-07-20 04:00:00,21.2,93,0.0,5.1,141,-3.20953399435417,3.963444403430552
2016-07-20 05:00:00,20.9,93,0.0,4.7,148,-2.4906205418960625,3.9858260519352027
2016-07-20 06:00:00,20.9,93,0.0,4.2,149,-2.163159914622228,3.600102662948872
2016-07-20 07:00:00,23.3,94,0.0,3.6,143,-2.1665340833473743,2.8750878361702537
2016-07-20 08:00:00,26.3,75,0.0,4.4,215,2.5237363199446032,3.604268994871564
2016-07-20 09:00:00,27.3,74,0.0,7.9,223,5.387787044493738,5.777694242791447
2016-07-20 10:00:00,28.2,72,0.0,8.9,220,5.7208097262102005,6.817795543758905
2016-07-20 11:00:00,28.9,71,0.0,10.9,226,7.8408038236912985,7.57177623800307
2016-07-20 12:00:00,28.8,72,0.0,11.2,230,8.579697762932554,7.199221228489239
2016-07-20 13:00:00,28.6,71,0.2,11.5,231,8.937178556755166,7.23718449707313
2016-07-20 14:00:00,28.3,71,0.3,10.2,228,7.580077219869421,6.825132184860354
2016-07-20 15:00:00,28.6,70,0.3,8.4,220,5.399415921366931,6.4347733221994154
2016-07-20 16:00:00,28.2,72,0.2,7.7,221,5.051654523226906,5.811263767715345
2016-07-20 17:00:00,28.0,73,0.2,6.6,229,4.981083229470295,4.329989591337347
2016-07-20 18:00:00,27.5,76,0.0,3.8,229,2.8678964048465336,2.4930243101639276
2016-07-20 19:00:00,26.3,85,0.0,4.4,215,2.5237363199446032,3.604268994871564
2016-07-20 20:00:00,25.0,87,0.0,5.5,169,-1.0494494745709964,5.3989495089621515
2016-07-20 21:00:00,24.4,86,0.0,6.5,146,-3.6347538725598536,5.388744221607771
2016-07-20 22:00:00,23.9,87,0.0,6.6,139,-4.329989591337347,4.981083229470296
2016-07-20 23:00:00,23.2,88,0.0,6.6,139,-4.329989591337347,4.981083229470296
2016-07-21 00:00:00,22.5,89,0.0,4.3,138,-2.8772616073430903,3.195522749552795
2016-07-21 01:00:00,21.9,90,0.0,5.4,132,-4.012982057577928,3.613305274337835
2016-07-21 02:00:00,21.4,89,0.0,5.6,130,-4.289848881466276,3.5996106142446207
2016-07-21 03:00:00,19.1,98,0.0,5.2,124,-4.310995377286217,2.907803098047884
2016-07-21 04:00:00,18.8,97,0.0,5.0,120,-4.330127018922194,2.4999999999999996
2016-07-21 05:00:00,18.2,99,0.0,5.0,120,-4.330127018922194,2.4999999999999996
2016-07-21 06:00:00,18.6,95,0.0,4.7,122,-3.9858260519352022,2.490620541896063
2016-07-21 07:00:00,22.0,92,0.0,5.0,111,-4.667902132486009,1.7918397477265011
2016-07-21 08:00:00,26.5,74,0.0,1.5,166,-0.36288284339950166,1.4554435894139948
2016-07-21 09:00:00,27.7,70,0.0,3.7,241,3.2360929164157644,1.7937955949114472
2016-07-21 10:00:00,28.5,68,0.0,4.7,247,4.32637281122647,1.8364363038995868
2016-07-21 11:00:00,29.1,67,0.0,6.4,254,6.1520748540052415,1.7640790772287946
2016-07-21 12:00:00,29.5,67,0.0,7.1,255,6.858073366652385,1.8376152202278973
2016-07-21 13:00:00,29.6,68,0.0,6.6,261,6.518743047927909,1.0324674692655236
2016-07-21 14:00:00,29.2,71,0.0,5.8,266,5.78587149150698,0.40458754771592675
2016-07-21 15:00:00,29.3,71,0.0,4.6,288,4.3748599749577055,-1.421478174124758
2016-07-21 16:00:00,29.2,71,0.0,5.1,278,5.050367150582009,-0.7097828148963337
2016-07-21 17:00:00,29.0,72,0.0,4.8,283,4.676976310969129,-1.079765060850552
2016-07-21 18:00:00,28.4,75,0.0,3.7,299,3.2360929164157644,-1.7937955949114472
2016-07-21 19:00:00,26.9,86,0.0,4.6,288,4.3748599749577055,-1.421478174124758
2016-07-21 20:00:00,27.1,80,0.0,2.5,225,1.7677669529663689,1.7677669529663687
2016-07-21 21:00:00,25.9,84,0.0,3.6,180,2.2043642384652358e-16,3.6
2016-07-21 22:00:00,24.8,88,0.0,6.6,171,-1.0324674692655234,6.518743047927909
2016-07-21 23:00:00,23.9,90,0.0,6.6,167,-1.4846769586695092,6.430842427582553
2016-07-22 00:00:00,23.9,89,0.0,6.5,161,-2.116193003971518,6.1458707413955596
2016-07-22 01:00:00,24.1,88,0.0,5.8,150,-2.8999999999999986,5.022947341949744
2016-07-22 02:00:00,23.8,87,0.0,5.4,143,-3.2498011250210617,4.312631754255381
2016-07-22 03:00:00,21.4,96,0.0,3.8,131,-2.8678964048465336,2.4930243101639276
2016-07-22 04:00:00,21.1,95,0.0,4.1,128,-3.2308440897875594,2.5242120488351993
2016-07-22 05:00:00,21.1,94,0.0,3.4,122,-2.883363526931848,1.8017254983928965
2016-07-22 06:00:00,21.2,93,0.0,4.0,117,-3.564026096753471,1.8159619989581874
2016-07-22 07:00:00,24.1,89,0.0,4.8,117,-4.276831316104166,2.1791543987498248
2016-07-22 08:00:00,26.7,80,0.0,1.8,169,-0.34345619167778063,1.7669289302057951
2016-07-22 09:00:00,27.9,77,0.0,4.2,250,3.9467090073008158,1.4364846019678086
2016-07-22 10:00:00,28.6,74,0.0,5.8,277,5.756767679519667,-0.7068421917498553
2016-07-22 11:00:00,29.0,72,0.0,7.2,288,6.8476069173251055,-2.2249223594996215
2016-07-22 12:00:00,29.4,73,0.0,8.4,290,7.8934180146016315,-2.872969203935617
2016-07-22 13:00:00,29.2,72,0.0,6.8,295,6.162892951849219,-2.873804179836756
2016-07-22 14:00:00,29.4,70,0.0,6.1,298,5.385980316439454,-2.8637765329939335
2016-07-22 15:00:00,29.2,71,0.0,4.6,309,3.5748714227020657,-2.8948737988292517
2016-07-22 16:00:00,29.4,71,0.0,3.6,323,2.1665340833473743,-2.875087836170254
2016-07-22 17:00:00,29.0,73,0.0,2.7,293,2.485363104321589,-1.0549740469210394
2016-07-22 18:00:00,28.4,77,0.0,1.8,307,1.437543918085127,-1.083267041673687
2016-07-22 19:00:00,26.9,86,0.0,3.2,297,2.8512208774027776,-1.4527695991665497
2016-07-22 20:00:00,27.2,80,0.0,2.6,286,2.499280409439629,-0.7166571251241979
2016-07-22 21:00:00,26.8,82,0.0,2.5,225,1.7677669529663689,1.7677669529663687
2016-07-22 22:00:00,25.2,87,0.0,5.8,184,0.40458754771592637,5.78587149150698
2016-07-22 23:00:00,23.9,91,0.0,6.6,171,-1.0324674692655234,6.518743047927909
2016-07-23 00:00:00,23.5,91,0.0,6.4,164,-1.764079077228794,6.1520748540052415
2016-07-23 01:00:00,23.5,90,0.0,4.1,165,-1.0611580849203355,3.96029588778518
2016-07-23 02:00:00,23.7,89,0.0,3.9,158,-1.4609657143220571,3.616017032810471
2016-07-23 03:00:00,21.3,95,0.0,3.6,143,-2.1665340833473743,2.8750878361702537
2016-07-23 04:00:00,20.9,95,0.0,3.8,139,-2.493024310163927,2.867896404846534
2016-07-23 05:00:00,20.8,94,0.0,4.3,132,-3.195522749552794,2.8772616073430908
2016-07-23 06:00:00,20.9,93,0.0,4.3,114,-3.9282454678631833,1.7489675652259418
2016-07-23 07:00:00,23.7,92,0.0,4.5,119,-3.935788682127281,2.181643291108517
2016-07-23 08:00:00,26.7,80,0.0,2.9,210,1.4500000000000002,2.5114736709748717
2016-07-23 09:00:00,27.7,79,0.0,5.3,242,4.679622242152313,2.4881992827652213
2016-07-23 10:00:00,28.5,75,0.0,5.9,259,5.791600382341218,1.1257730727216144
2016-07-23 11:00:00,28.7,74,0.2,6.1,267,6.0916401620029,0.31924933308195735
2016-07-23 12:00:00,29.0,73,0.7000000000000001,5.2,258,5.08636752381579,1.0811407922523486
2016-07-23 13:00:00,28.8,73,0.8,4.8,257,4.676976310969129,1.079765060850552
2016-07-23 14:00:00,28.2,75,0.8,5.4,262,5.34744757120448,0.7515347451843534
2016-07-23 15:00:00,28.4,76,0.3,5.9,281,5.791600382341218,-1.1257730727216144
2016-07-23 16:00:00,28.2,77,0.0,4.3,265,4.283637201794505,0.3747696938149301
2016-07-23 17:00:00,27.8,78,0.0,2.6,214,1.4539015490239418,2.1554976886431088
2016-07-23 18:00:00,27.4,79,0.0,1.1,90,-1.1,1.3471114790620887e-16
2016-07-23 19:00:00,27.1,81,0.0,0.5,135,-0.35355339059327373,0.3535533905932738
2016-07-23 20:00:00,25.8,87,0.0,2.9,187,0.3534210958749277,2.8783838397598336
2016-07-23 21:00:00,24.8,89,0.0,5.1,172,-0.7097828148963332,5.050367150582009
2016-07-23 22:00:00,24.1,91,0.0,5.0,159,-1.7918397477265013,4.667902132486009
2016-07-23 23:00:00,23.2,94,0.0,4.4,145,-2.5237363199446032,3.6042689948715636
2016-07-24 00:00:00,22.8,94,0.0,4.8,138,-3.2118269105225195,3.5670951622914924
2016-07-24 01:00:00,22.2,95,0.0,4.2,121,-3.6001026629488715,2.1631599146222285
2016-07-24 02:00:00,21.5,98,0.0,3.2,117,-2.851220877402777,1.4527695991665501
2016-07-24 03:00:00,21.8,94,0.0,3.2,117,-2.851220877402777,1.4527695991665501
2016-07-24 04:00:00,21.8,93,0.0,3.1,111,-2.8940993221413254,1.1109406435904308
2016-07-24 05:00:00,21.4,93,0.2,4.2,110,-3.9467090073008153,1.4364846019678092
2016-07-24 06:00:00,21.5,93,0.1,5.6,105,-5.409184627218782,1.4493866525741177
2016-07-24 07:00:00,23.9,92,0.2,5.2,102,-5.08636752381579,1.0811407922523484
2016-07-24 08:00:00,26.6,80,0.1,0.7000000000000001,90,-0.7000000000000001,8.572527594031473e-17
2016-07-24 09:00:00,27.5,79,0.7000000000000001,3.2,270,3.2,0.0
2016-07-24 10:00:00,28.3,76,1.5,5.1,278,5.050367150582009,-0.7097828148963337
2016-07-24 11:00:00,28.9,74,1.4,5.2,286,4.998560818879258,-1.4333142502483958
2016-07-24 12:00:00,28.8,74,1.8,5.7,288,5.421022142882375,-1.7613968679372003
2016-07-24 13:00:00,28.9,73,0.6,6.6,299,5.772490067120011,-3.1997434936258244
2016-07-24 14:00:00,28.7,74,0.9,4.3,312,3.195522749552795,-2.8772616073430903
2016-07-24 15:00:00,28.3,75,0.2,3.7,349,0.7059932828932162,-3.632020578756357
2016-07-24 16:00:00,28.3,76,0.5,5.3,332,2.4881992827652213,-4.679622242152313
2016-07-24 17:00:00,27.8,78,1.4,4.7,360,2.8779199779962803e-16,-4.7
2016-07-24 18:00:00,27.4,79,0.0,1.8,360,1.1021821192326179e-16,-1.8
2016-07-24 19:00:00,27.1,80,0.0,2.2,351,0.34415582308850806,-2.1729143493093033
2016-07-24 20:00:00,26.6,81,0.0,1.1,180,6.735557395310444e-17,1.1
2016-07-24 21:00:00,24.7,89,0.0,2.9,150,-1.4499999999999993,2.511473670974872
2016-07-24 22:00:00,23.9,91,0.0,3.9,146,-2.180852323535912,3.233246532964663
2016-07-24 23:00:00,23.6,91,0.0,4.4,145,-2.5237363199446032,3.6042689948715636
2016-07-25 00:00:00,23.2,92,0.0,5.3,152,-2.4881992827652217,4.679622242152313
2016-07-25 01:00:00,23.3,91,0.0,5.2,155,-2.1976149610516367,4.71280049259058
2016-07-25 02:00:00,23.4,91,0.0,4.0,153,-1.8159619989581868,3.5640260967534716
2016-07-25 03:00:00,24.0,89,0.1,4.4,171,-0.6883116461770157,4.3458286986186065
2016-07-25 04:00:00,24.5,88,0.6,4.0,185,0.34862297099063255,3.984778792366982
2016-07-25 05:00:00,25.0,88,1.0,1.6,153,-0.7263847995832747,1.4256104387013888
2016-07-25 06:00:00,24.9,89,0.8,1.0,135,-0.7071067811865475,0.7071067811865476
2016-07-25 07:00:00,24.7,94,0.2,1.5,315,1.0606601717798214,-1.0606601717798212
2016-07-25 08:00:00,25.8,87,0.1,3.4,328,1.8017254983928965,-2.883363526931848
2016-07-25 09:00:00,26.5,84,0.2,6.0,335,2.5357095704441965,-5.437846722219899
2016-07-25 10:00:00,27.4,76,0.0,7.8,338,2.9219314286441134,-7.232034065620942
2016-07-25 11:00:00,28.2,73,0.1,9.4,337,3.672872607799173,-8.65274562245294
2016-07-25 12:00:00,28.7,72,0.1,10.5,338,3.9333692308670756,-9.735430472951268
2016-07-25 13:00:00,28.0,75,0.3,10.5,338,3.9333692308670756,-9.735430472951268
2016-07-25 14:00:00,28.0,73,0.2,10.6,336,4.311408416603482,-9.683581851011569
2016-07-25 15:00:00,27.9,76,0.8,9.2,349,1.755442757464213,-9.030970087718508
2016-07-25 16:00:00,28.1,74,0.1,8.8,348,1.8296228791962834,-8.60769888645749
2016-07-25 17:00:00,27.3,77,0.6,6.5,354,0.6794350112397475,-6.4643923198937765
2016-07-25 18:00:00,26.9,79,0.0,3.4,342,1.0506577808748212,-3.233592155403522
2016-07-25 19:00:00,26.6,81,0.0,1.8,259,1.7669289302057951,0.34345619167778063
2016-07-25 20:00:00,24.9,89,0.0,4.7,180,2.8779199779962803e-16,4.7
2016-07-25 21:00:00,23.8,92,0.0,6.3,167,-1.4171916423663498,6.1385314081469815
2016-07-25 22:00:00,23.3,94,0.0,6.3,156,-2.5624408513775414,5.755336383148386
2016-07-25 23:00:00,23.6,92,0.0,6.0,147,-3.2678342100901627,5.032023407672543
2016-07-26 00:00:00,24.2,89,0.0,6.0,147,-3.2678342100901627,5.032023407672543
2016-07-26 01:00:00,24.0,88,0.0,4.7,148,-2.4906205418960625,3.9858260519352027
2016-07-26 02:00:00,23.9,87,0.0,5.3,152,-2.4881992827652217,4.679622242152313
2016-07-26 03:00:00,24.7,82,0.0,5.1,141,-3.20953399435417,3.963444403430552
2016-07-26 04:00:00,23.5,86,0.0,4.7,113,-4.32637281122647,1.8364363038995868
2016-07-26 05:00:00,22.2,91,0.0,2.9,90,-2.9,3.5514757175273243e-16
2016-07-26 06:00:00,21.8,95,0.0,3.8,73,-3.6339580726595346,-1.1110124779463997
2016-07-26 07:00:00,24.5,90,0.0,4.3,66,-3.9282454678631837,-1.7489675652259409
2016-07-26 08:00:00,27.0,77,0.0,3.3,347,0.7423384793347542,-3.2154212137912763
2016-07-26 09:00:00,27.7,75,0.0,4.6,315,3.2526911934581184,-3.252691193458118
2016-07-26 10:00:00,28.2,74,0.0,6.1,298,5.385980316439454,-2.8637765329939335
2016-07-26 11:00:00,28.5,73,0.1,5.0,291,4.667902132486009,-1.7918397477265013
2016-07-26 12:00:00,28.1,75,0.5,5.7,305,4.669166652447253,-3.2693856872009626
2016-07-26 13:00:00,28.0,75,0.7000000000000001,5.9,317,4.023790324368742,-4.314986839553106
2016-07-26 14:00:00,28.0,74,0.8,5.4,307,4.312631754255381,-3.2498011250210608
2016-07-26 15:00:00,28.2,74,0.6,5.7,305,4.669166652447253,-3.2693856872009626
2016-07-26 16:00:00,28.4,72,0.0,2.5,270,2.5,0.0
2016-07-26 17:00:00,28.3,71,0.0,2.3,231,1.7874357113510329,1.4474368994146258
2016-07-26 18:00:00,28.1,74,0.0,2.3,252,2.1874299874788528,0.710739087062379
2016-07-26 19:00:00,27.7,74,0.0,4.5,241,3.935788682127281,2.1816432911085166
2016-07-26 20:00:00,27.0,77,0.0,4.6,219,2.894873798829252,3.5748714227020657
2016-07-26 21:00:00,24.6,88,0.0,3.6,186,0.3763024677635525,3.580278823325784
2016-07-26 22:00:00,23.9,89,0.0,4.5,166,-1.088648530198505,4.366330768241984
2016-07-26 23:00:00,22.9,93,0.0,5.5,148,-2.914555953282626,4.664264528860343
2016-07-27 00:00:00,22.2,94,0.0,3.6,143,-2.1665340833473743,2.8750878361702537
2016-07-27 01:00:00,21.6,95,0.0,3.8,131,-2.8678964048465336,2.4930243101639276
2016-07-27 02:00:00,21.5,94,0.0,3.8,131,-2.8678964048465336,2.4930243101639276
2016-07-27 03:00:00,21.7,93,0.0,4.3,132,-3.195522749552794,2.8772616073430908
2016-07-27 04:00:00,21.7,91,0.0,4.4,125,-3.6042689948715645,2.5237363199446023
2016-07-27 05:00:00,21.4,92,0.0,5.0,111,-4.667902132486009,1.7918397477265011
2016-07-27 06:00:00,21.6,92,0.0,5.0,111,-4.667902132486009,1.7918397477265011
2016-07-27 07:00:00,24.1,88,0.0,4.0,117,-3.564026096753471,1.8159619989581874
2016-07-27 08:00:00,26.9,73,0.0,0.8,153,-0.36319239979163737,0.7128052193506944
2016-07-27 09:00:00,28.3,65,0.0,2.2,270,2.2,0.0
2016-07-27 10:00:00,29.3,62,0.0,4.7,274,4.688551036221174,-0.3278554265973889
2016-07-27 11:00:00,29.7,63,0.0,5.8,266,5.78587149150698,0.40458754771592675
2016-07-27 12:00:00,30.0,65,0.0,5.4,266,5.386845871403051,0.37668495821827663
2016-07-27 13:00:00,30.0,66,0.1,6.1,267,6.0916401620029,0.31924933308195735
2016-07-27 14:00:00,30.0,66,0.1,5.9,259,5.791600382341218,1.1257730727216144
2016-07-27 15:00:00,29.8,69,0.2,7.3,259,7.165878439167947,1.392905666248777
2016-07-27 16:00:00,29.4,70,1.0,6.5,251,6.1458707413955596,2.1161930039715187
2016-07-27 17:00:00,28.3,74,0.8,6.6,261,6.518743047927909,1.0324674692655236
2016-07-27 18:00:00,27.2,80,0.4,2.2,270,2.2,0.0
2016-07-27 19:00:00,26.5,85,0.4,1.8,169,-0.34345619167778063,1.7669289302057951
2016-07-27 20:00:00,25.3,87,0.0,4.4,125,-3.6042689948715645,2.5237363199446023
2016-07-27 21:00:00,24.9,86,0.0,4.5,119,-3.935788682127281,2.181643291108517
2016-07-27 22:00:00,25.0,83,0.0,5.4,127,-4.312631754255382,3.2498011250210603
2016-07-27 23:00:00,24.7,83,0.0,5.6,130,-4.289848881466276,3.5996106142446207
2016-07-28 00:00:00,24.5,81,0.0,4.8,132,-3.567095162291491,3.21182691052252
2016-07-28 01:00:00,23.4,84,0.0,5.7,125,-4.669166652447254,3.269385687200962
2016-07-28 02:00:00,22.4,86,0.0,4.5,119,-3.935788682127281,2.181643291108517
2016-07-28 03:00:00,20.9,93,0.0,4.2,110,-3.9467090073008153,1.4364846019678092
2016-07-28 04:00:00,21.1,94,0.0,5.6,105,-5.409184627218782,1.4493866525741177
2016-07-28 05:00:00,21.0,94,0.0,6.4,106,-6.1520748540052415,1.764079077228795
2016-07-28 06:00:00,20.7,95,0.0,6.8,108,-6.467184310807044,2.101315561749643
2016-07-28 07:00:00,23.0,90,0.0,6.0,115,-5.437846722219899,2.535709570444197
2016-07-28 08:00:00,27.4,72,0.0,2.6,164,-0.7166571251241975,2.499280409439629
2016-07-28 09:00:00,28.7,64,0.0,4.5,241,3.935788682127281,2.1816432911085166
2016-07-28 10:00:00,29.4,66,0.0,6.8,252,6.467184310807044,2.1013155617496424
2016-07-28 11:00:00,29.8,67,0.0,7.9,254,7.59396739791272,2.1775351109542935
2016-07-28 12:00:00,30.3,67,0.1,8.2,255,7.92059177557036,2.12231616984067
2016-07-28 13:00:00,30.4,68,0.1,8.3,252,7.893769085249775,2.5648410533120636
2016-07-28 14:00:00,30.0,69,0.0,8.9,249,8.308865795825096,3.1894747509531727
2016-07-28 15:00:00,29.9,70,0.0,9.1,252,8.654614298285896,2.8120546488120213
2016-07-28 16:00:00,29.6,71,0.2,7.9,240,6.841600689897066,3.9499999999999997
2016-07-28 17:00:00,28.9,74,0.2,5.5,212,2.914555953282627,4.664264528860342
2016-07-28 18:00:00,28.2,78,0.0,4.5,241,3.935788682127281,2.1816432911085166
2016-07-28 19:00:00,27.2,85,0.0,4.8,243,4.276831316104166,2.1791543987498243
2016-07-28 20:00:00,26.2,89,0.0,5.0,210,2.5000000000000004,4.330127018922193
2016-07-28 21:00:00,25.8,88,0.0,5.7,162,-1.7613968679371999,5.421022142882376
2016-07-28 22:00:00,25.4,88,0.0,5.3,152,-2.4881992827652217,4.679622242152313
2016-07-28 23:00:00,24.4,90,0.0,6.0,147,-3.2678342100901627,5.032023407672543
2016-07-29 00:00:00,23.6,92,0.0,6.0,155,-2.535709570444196,5.4378467222199
2016-07-29 01:00:00,23.1,92,0.0,6.0,155,-2.535709570444196,5.4378467222199
2016-07-29 02:00:00,22.6,92,0.0,5.7,145,-3.269385687200963,4.669166652447252
2016-07-29 03:00:00,22.6,89,0.0,4.6,135,-3.252691193458118,3.2526911934581184
2016-07-29 04:00:00,21.6,91,0.0,4.4,125,-3.6042689948715645,2.5237363199446023
2016-07-29 05:00:00,21.2,93,0.0,4.2,121,-3.6001026629488715,2.1631599146222285
2016-07-29 06:00:00,21.1,94,0.0,4.2,110,-3.9467090073008153,1.4364846019678092
2016-07-29 07:00:00,23.6,92,0.0,4.5,119,-3.935788682127281,2.181643291108517
2016-07-29 08:00:00,27.4,74,0.0,2.9,180,1.7757378587636622e-16,2.9
2016-07-29 09:00:00,28.6,70,0.0,4.3,228,3.195522749552795,2.8772616073430903
2016-07-29 10:00:00,29.7,67,0.0,5.8,248,5.377666356487367,2.1727182418122895
2016-07-29 11:00:00,30.3,66,0.0,6.3,257,6.1385314081469815,1.4171916423663495
2016-07-29 12:00:00,29.8,68,0.0,7.4,256,7.180188374442374,1.7902220274375413
2016-07-29 13:00:00,29.7,66,0.0,8.4,260,8.272385125302547,1.458644692402215
2016-07-29 14:00:00,28.8,68,0.1,7.3,250,6.859756131737131,2.4967470462773815
2016-07-29 15:00:00,27.6,73,1.4,6.1,225,4.31335136523794,4.313351365237939
2016-07-29 16:00:00,27.1,76,1.7000000000000002,6.8,183,0.35588450245201897,6.790680836331102
2016-07-29 17:00:00,26.3,77,0.8,8.0,172,-1.1133848076805228,7.922144549932563
2016-07-29 18:00:00,25.3,82,1.4,8.5,144,-4.996174644486021,6.876644452187053
2016-07-29 19:00:00,26.2,70,1.1,5.2,115,-4.7128004925905795,2.1976149610516376
2016-07-29 20:00:00,25.9,72,0.2,5.7,108,-5.421022142882375,1.7613968679372007
2016-07-29 21:00:00,25.7,73,0.0,5.5,113,-5.062776693988422,2.149021206691006
2016-07-29 22:00:00,23.4,85,0.0,4.0,117,-3.564026096753471,1.8159619989581874
2016-07-29 23:00:00,22.0,90,0.0,4.2,110,-3.9467090073008153,1.4364846019678092
2016-07-30 00:00:00,21.5,89,0.0,4.2,110,-3.9467090073008153,1.4364846019678092
2016-07-30 01:00:00,21.1,89,0.0,4.2,110,-3.9467090073008153,1.4364846019678092
2016-07-30 02:00:00,20.4,93,0.0,4.8,103,-4.6769763109691285,1.079765060850553
2016-07-30 03:00:00,19.7,96,0.0,4.5,104,-4.366330768241984,1.0886485301985047
2016-07-30 04:00:00,19.5,95,0.0,4.4,99,-4.345828698618606,0.6883116461770163
2016-07-30 05:00:00,19.7,93,0.0,4.0,95,-3.984778792366982,0.3486229709906328
2016-07-30 06:00:00,20.1,91,0.0,4.0,90,-4.0,4.898587196589413e-16
2016-07-30 07:00:00,22.9,91,0.0,4.3,90,-4.3,5.265981236333618e-16
2016-07-30 08:00:00,26.6,72,0.0,2.2,9,-0.3441558230885083,-2.172914349309303
2016-07-30 09:00:00,27.9,68,0.0,4.2,329,2.1631599146222276,-3.600102662948872
2016-07-30 10:00:00,28.7,69,0.0,6.2,324,3.6442685642133337,-5.0159053651246746
2016-07-30 11:00:00,29.1,69,0.0,6.5,326,3.634753872559854,-5.388744221607771
2016-07-30 12:00:00,29.0,71,0.3,6.9,332,3.239353783222647,-6.092338390726596
2016-07-30 13:00:00,29.2,72,0.2,6.8,328,3.603450996785793,-5.766727053863696
2016-07-30 14:00:00,28.8,74,0.5,8.5,324,4.996174644486022,-6.876644452187053
2016-07-30 15:00:00,28.8,72,3.0,6.4,344,1.7640790772287946,-6.1520748540052415
2016-07-30 16:00:00,28.5,74,1.6,4.7,337,1.8364363038995866,-4.32637281122647
2016-07-30 17:00:00,28.3,75,0.3,3.2,297,2.8512208774027776,-1.4527695991665497
2016-07-30 18:00:00,27.7,78,0.0,4.2,301,3.600102662948872,-2.1631599146222276
2016-07-30 19:00:00,26.4,85,0.6,5.1,309,3.963444403430551,-3.2095339943541705
2016-07-30 20:00:00,25.6,88,0.8,2.6,164,-0.7166571251241975,2.499280409439629
2016-07-30 21:00:00,24.8,90,0.2,4.4,189,0.6883116461770161,4.3458286986186065
2016-07-30 22:00:00,24.1,92,0.0,4.5,151,-2.1816432911085166,3.9357886821272814
2016-07-30 23:00:00,23.7,94,0.0,5.5,148,-2.914555953282626,4.664264528860343
2016-07-31 00:00:00,23.3,94,0.0,5.6,153,-2.542346798541461,4.98963653545486
2016-07-31 01:00:00,23.5,93,0.0,5.6,153,-2.542346798541461,4.98963653545486
2016-07-31 02:00:00,23.6,91,0.0,5.3,152,-2.4881992827652217,4.679622242152313
2016-07-31 03:00:00,24.0,85,0.0,5.5,148,-2.914555953282626,4.664264528860343
2016-07-31 04:00:00,24.2,83,0.0,4.6,141,-2.894873798829251,3.5748714227020666
2016-07-31 05:00:00,23.9,84,0.0,3.3,131,-2.4905416147351476,2.1649947956686737
2016-07-31 06:00:00,23.8,84,0.0,3.0,104,-2.9108871788279895,0.7257656867990032
2016-07-31 07:00:00,25.1,83,0.0,2.5,98,-2.475670171853926,0.3479327524001633
2016-07-31 08:00:00,26.1,82,0.1,1.5,14,-0.36288284339950166,-1.4554435894139948
2016-07-31 09:00:00,27.2,79,0.0,3.4,328,1.8017254983928965,-2.883363526931848
2016-07-31 10:00:00,28.0,76,0.0,5.1,321,3.209533994354171,-3.963444403430551
2016-07-31 11:00:00,28.9,74,0.0,6.7,324,3.93816119035957,-5.420413862312148
2016-07-31 12:00:00,29.5,72,0.0,7.4,331,3.587591189822895,-6.472185832831529
2016-07-31 13:00:00,29.5,73,1.0,7.9,336,3.2132194802988217,-7.217009115376547
2016-07-31 14:00:00,29.4,71,3.3,6.5,326,3.634753872559854,-5.388744221607771
2016-07-31 15:00:00,28.9,75,0.7000000000000001,8.1,339,2.902780391316933,-7.5620014546273335
2016-07-31 16:00:00,28.8,75,2.5,6.7,344,1.8467702839738944,-6.440453362786736
2016-07-31 17:00:00,28.8,76,0.0,6.8,335,2.873804179836756,-6.162892951849219
2016-07-31 18:00:00,28.4,79,0.0,3.6,323,2.1665340833473743,-2.875087836170254
2016-07-31 19:00:00,27.4,84,0.0,2.3,288,2.1874299874788528,-0.710739087062379
2016-07-31 20:00:00,26.4,90,0.0,1.1,270,1.1,0.0
2016-07-31 21:00:00,25.9,93,1.0,1.3,146,-0.7269507745119708,1.0777488443215544
2016-07-31 22:00:00,25.4,93,0.8,1.6,153,-0.7263847995832747,1.4256104387013888
2016-07-31 23:00:00,25.1,94,0.4,5.6,165,-1.4493866525741166,5.4091846272187825
2016-08-01 00:00:00,24.9,93,1.1,6.3,149,-3.2447398719333416,5.400153994423308
2016-08-01 01:00:00,24.7,92,0.4,6.8,155,-2.8738041798367555,6.16289295184922
2016-08-01 02:00:00,24.4,92,0.7000000000000001,5.7,162,-1.7613968679371999,5.421022142882376
2016-08-01 03:00:00,24.3,92,0.3,5.4,160,-1.8469087739586112,5.074340152243906
2016-08-01 04:00:00,24.1,91,0.2,5.2,164,-1.433314250248395,4.998560818879258
2016-08-01 05:00:00,24.5,88,0.0,2.6,164,-0.7166571251241975,2.499280409439629
2016-08-01 06:00:00,24.0,91,0.0,1.9,112,-1.7616493236768958,0.7117525274902332
2016-08-01 07:00:00,25.1,91,0.0,1.8,169,-0.34345619167778063,1.7669289302057951
2016-08-01 08:00:00,26.7,84,0.0,3.3,221,2.1649947956686737,2.4905416147351476
2016-08-01 09:00:00,27.7,80,0.3,7.1,221,4.658019105832602,5.358438019581681
2016-08-01 10:00:00,28.6,78,0.3,6.4,223,4.36478950439999,4.6806636903626915
2016-08-01 11:00:00,29.4,76,0.3,6.4,243,5.702441754805555,2.9055391983330994
2016-08-01 12:00:00,29.3,77,0.6,7.8,248,7.232034065620942,2.921931428644114
2016-08-01 13:00:00,29.0,78,1.8,9.2,244,8.268905225952336,4.033014550459511
2016-08-01 14:00:00,29.4,78,1.5,8.2,241,7.171881598543044,3.9754388860199636
2016-08-01 15:00:00,29.6,82,5.8,5.5,238,4.664264528860342,2.914555953282627
2016-08-01 16:00:00,28.9,84,6.5,1.6,243,1.4256104387013888,0.7263847995832748
2016-08-01 17:00:00,27.9,87,5.3,0.5,225,0.3535533905932738,0.35355339059327373
2016-08-01 18:00:00,27.1,90,2.0,1.6,333,0.726384799583275,-1.4256104387013886
2016-08-01 19:00:00,26.0,95,2.8,2.2,270,2.2,0.0
2016-08-01 20:00:00,25.2,96,3.8,1.3,304,1.0777488443215542,-0.726950774511971
2016-08-01 21:00:00,24.8,96,3.4,1.1,252,1.0461621679246689,0.33991869381244216
2016-08-01 22:00:00,24.5,97,4.2,1.9,248,1.761649323676896,0.7117525274902328
2016-08-01 23:00:00,24.3,97,7.7,1.8,217,1.0832670416736871,1.437543918085127
2016-08-02 00:00:00,23.8,97,5.9,1.3,214,0.7269507745119709,1.0777488443215544
2016-08-02 01:00:00,23.7,97,4.2,0.7000000000000001,90,-0.7000000000000001,8.572527594031473e-17
2016-08-02 02:00:00,23.7,96,3.9,0.8,243,0.7128052193506944,0.3631923997916374
2016-08-02 03:00:00,24.1,97,0.9,1.6,243,1.4256104387013888,0.7263847995832748
2016-08-02 04:00:00,23.8,98,1.4,2.7,157,-1.0549740469210394,2.4853631043215887
2016-08-02 05:00:00,24.1,95,2.1,3.9,158,-1.4609657143220571,3.616017032810471
2016-08-02 06:00:00,23.9,96,2.1,3.1,54,-2.5079526825623377,-1.8221342821066664
2016-08-02 07:00:00,24.7,97,1.6,3.6,37,-2.166534083347374,-2.875087836170254
2016-08-02 08:00:00,25.5,93,1.7000000000000002,3.4,18,-1.0506577808748216,-3.233592155403522
2016-08-02 09:00:00,25.9,91,0.7000000000000001,3.6,360,2.2043642384652358e-16,-3.6
2016-08-02 10:00:00,26.9,85,0.0,2.3,288,2.1874299874788528,-0.710739087062379
2016-08-02 11:00:00,28.1,81,0.2,5.6,230,4.289848881466277,3.5996106142446194
2016-08-02 12:00:00,28.1,80,1.8,6.4,223,4.36478950439999,4.6806636903626915
2016-08-02 13:00:00,27.9,81,0.0,8.7,228,6.46535998165333,5.821436275322066
2016-08-02 14:00:00,27.6,82,0.0,6.0,237,5.032023407672544,3.2678342100901627
2016-08-02 15:00:00,27.2,78,0.6,6.3,211,3.244739871933341,5.400153994423308
2016-08-02 16:00:00,27.3,80,0.2,5.9,191,1.125773072721615,5.791600382341218
2016-08-02 17:00:00,27.4,81,0.0,3.3,186,0.3449439287832564,3.2819222547153015
2016-08-02 18:00:00,26.9,88,0.0,2.3,219,1.447436899414626,1.7874357113510329
2016-08-02 19:00:00,27.3,79,0.0,4.7,212,2.490620541896063,3.9858260519352022
2016-08-02 20:00:00,26.0,85,0.0,5.8,202,2.1727182418122895,5.377666356487367
2016-08-02 21:00:00,24.6,89,0.7000000000000001,6.1,180,3.735172737399427e-16,6.1
2016-08-02 22:00:00,23.9,92,1.2,5.1,172,-0.7097828148963332,5.050367150582009
2016-08-02 23:00:00,24.2,89,0.2,3.9,124,-3.2332465329646625,2.180852323535913
2016-08-03 00:00:00,23.7,91,0.0,4.6,108,-4.3748599749577055,1.4214781741247584
2016-08-03 01:00:00,23.9,89,0.0,4.8,103,-4.6769763109691285,1.079765060850553
2016-08-03 02:00:00,25.0,81,0.0,3.3,96,-3.2819222547153015,0.3449439287832573
2016-08-03 03:00:00,21.9,96,0.0,3.3,96,-3.2819222547153015,0.3449439287832573
2016-08-03 04:00:00,21.8,96,0.0,3.8,107,-3.633958072659535,1.111012477946399
2016-08-03 05:00:00,21.7,93,0.0,3.0,104,-2.9108871788279895,0.7257656867990032
2016-08-03 06:00:00,21.6,93,0.0,2.2,90,-2.2,2.6942229581241775e-16
2016-08-03 07:00:00,23.5,94,0.0,1.1,108,-1.0461621679246689,0.3399186938124423
2016-08-03 08:00:00,26.8,79,0.0,1.5,104,-1.4554435894139948,0.3628828433995016
2016-08-03 09:00:00,27.8,77,0.0,1.5,315,1.0606601717798214,-1.0606601717798212
2016-08-03 10:00:00,28.2,76,0.0,4.7,293,4.32637281122647,-1.8364363038995868
2016-08-03 11:00:00,28.5,76,0.3,5.2,286,4.998560818879258,-1.4333142502483958
2016-08-03 12:00:00,28.5,75,0.4,4.0,270,4.0,0.0
2016-08-03 13:00:00,27.8,77,1.7000000000000002,5.2,286,4.998560818879258,-1.4333142502483958
2016-08-03 14:00:00,27.7,79,1.3,6.5,289,6.1458707413955596,-2.1161930039715187
2016-08-03 15:00:00,27.4,79,0.8,4.5,241,3.935788682127281,2.1816432911085166
2016-08-03 16:00:00,26.9,81,0.9,2.7,203,1.0549740469210391,2.485363104321589
2016-08-03 17:00:00,26.8,81,0.0,2.6,16,-0.7166571251241971,-2.4992804094396295
2016-08-03 18:00:00,26.3,86,0.0,4.3,48,-3.195522749552795,-2.8772616073430903
2016-08-03 19:00:00,25.8,88,0.0,2.8,320,1.7998053071223101,-2.1449244407331385
2016-08-03 20:00:00,25.1,91,0.0,3.3,283,3.2154212137912763,-0.7423384793347545
2016-08-03 21:00:00,25.8,85,0.0,2.9,263,2.8783838397598336,0.35342109587492765
2016-08-03 22:00:00,25.7,86,0.0,1.8,79,-1.7669289302057951,-0.3434561916777805
2016-08-03 23:00:00,25.5,87,0.0,2.5,98,-2.475670171853926,0.3479327524001633
2016-08-04 00:00:00,25.3,87,0.0,1.8,101,-1.7669289302057951,0.34345619167778096
2016-08-04 01:00:00,23.8,92,0.0,2.6,124,-2.1554976886431083,1.453901549023942
2016-08-04 02:00:00,22.4,94,0.0,1.5,104,-1.4554435894139948,0.3628828433995016
2016-08-04 03:00:00,21.6,94,0.0,2.7,113,-2.485363104321589,1.0549740469210394
2016-08-04 04:00:00,21.3,94,0.0,3.0,104,-2.9108871788279895,0.7257656867990032
2016-08-04 05:00:00,21.1,93,0.0,3.6,90,-3.6,4.4087284769304716e-16
2016-08-04 06:00:00,21.1,94,0.0,3.0,76,-2.9108871788279895,-0.7257656867990026
2016-08-04 07:00:00,23.5,92,0.0,4.4,81,-4.3458286986186065,-0.6883116461770152
2016-08-04 08:00:00,26.6,78,0.0,3.4,18,-1.0506577808748216,-3.233592155403522
2016-08-04 09:00:00,27.7,77,0.0,5.0,330,2.5000000000000004,-4.330127018922193
2016-08-04 10:00:00,28.7,76,0.0,5.6,315,3.9597979746446663,-3.9597979746446654
2016-08-04 11:00:00,29.3,74,0.0,5.9,313,4.314986839553106,-4.023790324368742
2016-08-04 12:00:00,29.7,73,0.0,6.1,310,4.6728711030257655,-3.921004419087889
2016-08-04 13:00:00,29.6,73,0.0,5.5,302,4.664264528860342,-2.914555953282627
2016-08-04 14:00:00,29.2,75,0.0,6.1,298,5.385980316439454,-2.8637765329939335
2016-08-04 15:00:00,29.1,73,0.2,1.8,360,1.1021821192326179e-16,-1.8
2016-08-04 16:00:00,29.0,73,0.0,2.3,288,2.1874299874788528,-0.710739087062379
2016-08-04 17:00:00,28.6,74,0.0,4.1,308,3.2308440897875594,-2.524212048835199
2016-08-04 18:00:00,27.8,82,0.0,5.4,318,3.6133052743378347,-4.012982057577929
2016-08-04 19:00:00,27.6,78,0.0,3.6,315,2.5455844122715714,-2.545584412271571
2016-08-04 20:00:00,26.9,82,0.0,1.8,281,1.7669289302057951,-0.34345619167778063
2016-08-04 21:00:00,26.1,85,0.0,1.5,284,1.4554435894139948,-0.3628828433995016
2016-08-04 22:00:00,23.4,94,0.0,1.1,180,6.735557395310444e-17,1.1
2016-08-04 23:00:00,22.7,95,0.0,2.6,146,-1.4539015490239415,2.1554976886431088
2016-08-05 00:00:00,22.5,94,0.0,2.6,106,-2.499280409439629,0.716657125124198
2016-08-05 01:00:00,22.2,93,0.0,3.3,96,-3.2819222547153015,0.3449439287832573
2016-08-05 02:00:00,22.2,93,0.0,2.2,81,-2.1729143493093033,-0.3441558230885076
2016-08-05 03:00:00,22.1,92,0.0,2.9,97,-2.8783838397598336,0.35342109587492787
2016-08-05 04:00:00,21.8,92,0.0,4.0,95,-3.984778792366982,0.3486229709906328
2016-08-05 05:00:00,21.7,91,0.0,4.0,85,-3.984778792366982,-0.3486229709906318
2016-08-05 06:00:00,21.6,88,0.0,2.9,83,-2.878383839759834,-0.3534210958749272
2016-08-05 07:00:00,23.6,86,0.0,2.5,90,-2.5,3.061616997868383e-16
2016-08-05 08:00:00,27.0,70,0.0,2.9,330,1.4500000000000002,-2.5114736709748717
2016-08-05 09:00:00,28.3,62,0.0,5.9,322,3.6324027044213842,-4.64926344627966
2016-08-05 10:00:00,29.0,60,0.0,7.4,309,5.750880114781585,-4.656970893768797
2016-08-05 11:00:00,29.6,59,0.0,8.8,305,7.208537989743128,-5.047472639889206
2016-08-05 12:00:00,29.8,60,0.0,9.4,310,7.200817765318393,-6.042203531053469
2016-08-05 13:00:00,29.7,63,0.0,9.3,306,7.523858047687012,-5.46640284632
2016-08-05 14:00:00,29.8,62,0.1,9.2,318,6.156001578501495,-6.836932394392027
2016-08-05 15:00:00,28.7,71,0.0,6.7,324,3.93816119035957,-5.420413862312148
2016-08-05 16:00:00,28.5,72,0.0,6.8,335,2.873804179836756,-6.162892951849219
2016-08-05 17:00:00,28.1,73,0.2,5.0,339,1.791839747726502,-4.667902132486009
2016-08-05 18:00:00,27.4,77,0.0,4.8,347,1.0797650608505516,-4.676976310969129
2016-08-05 19:00:00,26.6,81,0.0,5.8,7,-0.7068421917498535,-5.756767679519668
2016-08-05 20:00:00,26.6,77,0.0,5.2,16,-1.4333142502483942,-4.998560818879259
2016-08-05 21:00:00,26.1,77,0.0,3.6,37,-2.166534083347374,-2.875087836170254
2016-08-05 22:00:00,26.1,75,0.0,1.5,76,-1.4554435894139948,-0.3628828433995013
2016-08-05 23:00:00,25.4,76,0.0,1.1,342,0.3399186938124422,-1.0461621679246689
2016-08-06 00:00:00,24.3,79,0.0,1.5,76,-1.4554435894139948,-0.3628828433995013
2016-08-06 01:00:00,23.3,81,0.0,2.1,59,-1.800051331474436,-1.0815799573111138
2016-08-06 02:00:00,23.0,80,0.0,1.1,72,-1.046162167924669,-0.33991869381244205
2016-08-06 03:00:00,21.0,90,0.0,0.7000000000000001,90,-0.7000000000000001,8.572527594031473e-17
2016-08-06 04:00:00,20.8,90,0.0,1.1,90,-1.1,1.3471114790620887e-16
2016-08-06 05:00:00,20.9,88,0.0,1.6,117,-1.4256104387013886,0.7263847995832751
2016-08-06 06:00:00,21.3,88,0.0,1.6,117,-1.4256104387013886,0.7263847995832751
2016-08-06 07:00:00,22.8,92,0.0,1.0,45,-0.7071067811865477,-0.7071067811865475
2016-08-06 08:00:00,26.9,69,0.0,3.4,342,1.0506577808748212,-3.233592155403522
2016-08-06 09:00:00,27.9,63,0.0,4.9,343,1.4326213531414103,-4.685893304218874
2016-08-06 10:00:00,28.5,64,0.0,8.0,342,2.4721359549995796,-7.608452130361228
2016-08-06 11:00:00,28.8,67,0.0,10.1,343,2.952954217699641,-9.658678035226657
2016-08-06 12:00:00,29.1,68,0.0,10.8,345,2.795245687107224,-10.431998923921938
2016-08-06 13:00:00,29.2,70,0.0,12.0,344,3.30764826980399,-11.535140351259827
2016-08-06 14:00:00,29.0,72,0.0,12.5,348,2.598896135221993,-12.22684500917257
2016-08-06 15:00:00,28.4,76,0.8,12.0,351,1.877213580482771,-11.852260087141653
2016-08-06 16:00:00,28.3,76,0.2,11.0,349,2.098898949141994,-10.797899017924303
2016-08-06 17:00:00,27.7,79,0.8,7.6,357,0.3977532674463741,-7.589584464134761
2016-08-06 18:00:00,27.3,80,0.0,6.6,347,1.4846769586695083,-6.430842427582553
2016-08-06 19:00:00,26.5,86,0.0,4.7,9,-0.7352419856890859,-4.6421352007971475
2016-08-06 20:00:00,26.5,83,0.0,5.9,346,1.4273391840380394,-5.7247447850283795
2016-08-06 21:00:00,26.3,83,0.0,5.2,344,1.4333142502483958,-4.998560818879258
2016-08-06 22:00:00,26.2,83,0.0,5.2,348,1.0811407922523493,-5.086367523815789
2016-08-06 23:00:00,26.2,82,0.0,4.0,355,0.34862297099063255,-3.984778792366982
2016-08-07 00:00:00,25.7,85,0.0,0.7000000000000001,270,0.7000000000000001,0.0
2016-08-07 01:00:00,25.4,85,0.0,1.8,180,1.1021821192326179e-16,1.8
2016-08-07 02:00:00,24.4,89,0.0,4.5,194,1.0886485301985045,4.366330768241984
2016-08-07 03:00:00,24.0,91,0.0,4.7,184,0.3278554265973886,4.688551036221174
2016-08-07 04:00:00,24.6,88,0.0,4.0,185,0.34862297099063255,3.984778792366982
2016-08-07 05:00:00,25.2,84,0.0,1.8,180,1.1021821192326179e-16,1.8
2016-08-07 06:00:00,24.5,85,0.0,1.1,360,6.735557395310444e-17,-1.1
2016-08-07 07:00:00,25.0,89,0.0,1.9,338,0.7117525274902327,-1.761649323676896
2016-08-07 08:00:00,26.5,83,0.0,4.3,312,3.195522749552795,-2.8772616073430903
2016-08-07 09:00:00,27.4,79,0.0,4.9,324,2.8801477362331185,-3.9641832724372428
2016-08-07 10:00:00,28.1,76,0.0,7.0,348,1.4553818357243162,-6.847033205136639
2016-08-07 11:00:00,28.5,74,0.1,9.2,339,3.2969851358167634,-8.588939923774255
2016-08-07 12:00:00,28.6,74,0.2,8.6,338,3.2216167033768426,-7.973781149274371
2016-08-07 13:00:00,28.9,73,0.3,7.4,346,1.7902220274375409,-7.180188374442374
2016-08-07 14:00:00,28.3,76,0.3,6.4,333,2.9055391983331,-5.702441754805554
2016-08-07 15:00:00,28.3,76,0.2,8.1,339,2.902780391316933,-7.5620014546273335
2016-08-07 16:00:00,28.2,75,0.1,8.2,337,3.203995253612044,-7.54813979831001
2016-08-07 17:00:00,28.0,75,0.0,8.1,339,2.902780391316933,-7.5620014546273335
2016-08-07 18:00:00,27.3,79,0.0,4.2,340,1.436484601967809,-3.9467090073008153
2016-08-07 19:00:00,26.5,85,0.0,2.9,330,1.4500000000000002,-2.5114736709748717
2016-08-07 20:00:00,26.8,79,0.0,2.5,270,2.5,0.0
2016-08-07 21:00:00,26.0,82,0.0,2.2,189,0.34415582308850806,2.1729143493093033
2016-08-07 22:00:00,25.3,85,0.0,1.9,202,0.7117525274902327,1.761649323676896
2016-08-07 23:00:00,24.3,88,0.0,1.8,281,1.7669289302057951,-0.34345619167778063
2016-08-08 00:00:00,23.8,88,0.0,1.1,360,6.735557395310444e-17,-1.1
2016-08-08 01:00:00,23.0,90,0.3,1.9,68,-1.761649323676896,-0.7117525274902328
2016-08-08 02:00:00,22.5,90,0.0,3.3,77,-3.2154212137912763,-0.7423384793347544
2016-08-08 03:00:00,23.1,87,0.0,4.0,95,-3.984778792366982,0.3486229709906328
2016-08-08 04:00:00,23.4,82,0.0,2.2,90,-2.2,2.6942229581241775e-16
2016-08-08 05:00:00,21.4,89,0.0,1.8,101,-1.7669289302057951,0.34345619167778096
2016-08-08 06:00:00,20.9,90,0.0,0.8,27,-0.36319239979163753,-0.7128052193506943
2016-08-08 07:00:00,23.7,89,0.0,1.9,68,-1.761649323676896,-0.7117525274902328
2016-08-08 08:00:00,26.5,69,0.0,4.8,333,2.1791543987498248,-4.276831316104166
2016-08-08 09:00:00,27.5,65,0.0,7.4,337,2.8914103508206255,-6.811735915548059
2016-08-08 10:00:00,27.9,68,0.0,8.6,345,2.2258437878816784,-8.306962106085987
2016-08-08 11:00:00,28.2,70,0.0,9.4,342,2.904759747124506,-8.939931253174443
2016-08-08 12:00:00,28.7,70,0.0,10.4,346,2.515987714236544,-10.091075553270363
2016-08-08 13:00:00,28.9,71,0.0,11.7,349,2.2324652459055754,-11.485038046337667
2016-08-08 14:00:00,29.1,71,0.0,11.7,351,1.8302832409707017,-11.555953584963111
2016-08-08 15:00:00,28.5,76,0.0,10.7,346,2.588564282916444,-10.382164271153162
2016-08-08 16:00:00,28.3,78,0.0,10.9,343,3.186851581477831,-10.423721839997087
2016-08-08 17:00:00,28.0,79,0.0,9.0,344,2.4807362023529924,-8.65135526344487
2016-08-08 18:00:00,27.5,81,0.0,6.7,324,3.93816119035957,-5.420413862312148
2016-08-08 19:00:00,26.4,90,0.0,5.7,325,3.269385687200963,-4.669166652447253
2016-08-08 20:00:00,25.3,91,0.0,3.9,22,-1.460965714322058,-3.6160170328104706
2016-08-08 21:00:00,24.3,92,0.0,4.1,45,-2.8991378028648453,-2.8991378028648445
2016-08-08 22:00:00,24.1,91,0.0,3.7,61,-3.236092916415765,-1.7937955949114468
2016-08-08 23:00:00,24.9,86,0.0,2.1,59,-1.800051331474436,-1.0815799573111138
2016-08-09 00:00:00,25.0,84,0.0,0.8,27,-0.36319239979163753,-0.7128052193506943
2016-08-09 01:00:00,22.0,95,0.0,1.8,37,-1.083267041673687,-1.437543918085127
2016-08-09 02:00:00,21.3,96,0.0,2.9,60,-2.5114736709748717,-1.4500000000000002
2016-08-09 03:00:00,23.3,83,0.0,2.1,59,-1.800051331474436,-1.0815799573111138
2016-08-09 04:00:00,22.8,83,0.0,2.3,72,-2.187429987478853,-0.7107390870623786
2016-08-09 05:00:00,22.7,81,0.0,1.9,68,-1.761649323676896,-0.7117525274902328
2016-08-09 06:00:00,22.9,78,0.0,0.7000000000000001,360,4.2862637970157366e-17,-0.7000000000000001
2016-08-09 07:00:00,25.0,76,0.0,2.2,351,0.34415582308850806,-2.1729143493093033
2016-08-09 08:00:00,27.0,69,0.0,5.8,330,2.9000000000000004,-5.0229473419497435
2016-08-09 09:00:00,27.6,71,0.0,4.3,355,0.37476969381492997,-4.283637201794505
2016-08-09 10:00:00,28.2,71,0.0,6.8,335,2.873804179836756,-6.162892951849219
2016-08-09 11:00:00,28.7,71,0.0,7.8,326,4.361704647071825,-6.466493065929326
2016-08-09 12:00:00,28.7,73,0.0,8.1,328,4.29234604028896,-6.86918957886705
2016-08-09 13:00:00,29.4,72,0.0,7.5,325,4.301823272632846,-6.143640332167439
2016-08-09 14:00:00,29.8,71,0.4,5.6,310,4.289848881466277,-3.5996106142446194
2016-08-09 15:00:00,28.0,75,0.2,2.5,360,1.5308084989341916e-16,-2.5
2016-08-09 16:00:00,28.1,75,0.0,2.5,360,1.5308084989341916e-16,-2.5
2016-08-09 17:00:00,27.6,77,1.7000000000000002,2.9,330,1.4500000000000002,-2.5114736709748717
2016-08-09 18:00:00,27.0,81,0.3,3.6,307,2.875087836170254,-2.166534083347374
2016-08-09 19:00:00,26.3,86,0.0,3.6,307,2.875087836170254,-2.166534083347374
2016-08-09 20:00:00,25.6,89,0.0,2.5,315,1.7677669529663689,-1.7677669529663687
2016-08-09 21:00:00,25.3,88,0.0,2.0,135,-1.414213562373095,1.4142135623730951
2016-08-09 22:00:00,25.3,86,0.0,2.6,124,-2.1554976886431083,1.453901549023942
2016-08-09 23:00:00,24.2,90,0.0,1.8,101,-1.7669289302057951,0.34345619167778096
2016-08-10 00:00:00,23.3,93,0.0,2.9,97,-2.8783838397598336,0.35342109587492787
2016-08-10 01:00:00,22.8,94,0.0,3.8,107,-3.633958072659535,1.111012477946399
2016-08-10 02:00:00,22.2,95,0.0,3.1,111,-2.8940993221413254,1.1109406435904308
2016-08-10 03:00:00,22.5,92,0.4,2.2,99,-2.172914349309303,0.3441558230885082
2016-08-10 04:00:00,22.2,93,0.3,2.5,90,-2.5,3.061616997868383e-16
2016-08-10 05:00:00,21.9,92,0.1,2.5,90,-2.5,3.061616997868383e-16
2016-08-10 06:00:00,21.9,91,0.0,3.2,63,-2.8512208774027776,-1.4527695991665495
2016-08-10 07:00:00,24.4,91,0.0,4.2,70,-3.9467090073008158,-1.4364846019678084
2016-08-10 08:00:00,26.6,82,0.0,4.0,10,-0.6945927106677213,-3.939231012048832
2016-08-10 09:00:00,27.7,79,0.0,4.8,333,2.1791543987498248,-4.276831316104166
2016-08-10 10:00:00,28.3,78,0.3,6.9,309,5.3623071340531,-4.342310698243878
2016-08-10 11:00:00,28.5,79,1.2,7.4,313,5.412017391981862,-5.046787864462489
2016-08-10 12:00:00,28.5,79,2.6,8.7,318,5.821436275322066,-6.46535998165333
2016-08-10 13:00:00,28.5,81,4.3,7.9,336,3.2132194802988217,-7.217009115376547
2016-08-10 14:00:00,27.4,87,9.2,6.5,326,3.634753872559854,-5.388744221607771
2016-08-10 15:00:00,28.0,79,1.9,6.4,317,4.36478950439999,-4.6806636903626915
2016-08-10 16:00:00,27.8,80,1.0,6.1,320,3.92100441908789,-4.6728711030257655
2016-08-10 17:00:00,27.7,81,0.2,1.3,326,0.7269507745119709,-1.0777488443215544
2016-08-10 18:00:00,27.3,83,0.0,4.6,252,4.3748599749577055,1.421478174124758
2016-08-10 19:00:00,26.4,86,0.0,5.7,235,4.669166652447253,3.2693856872009626
2016-08-10 20:00:00,25.7,90,0.0,4.7,212,2.490620541896063,3.9858260519352022
2016-08-10 21:00:00,25.3,91,0.0,6.1,208,2.863776532993934,5.385980316439453
2016-08-10 22:00:00,25.1,92,0.0,4.7,212,2.490620541896063,3.9858260519352022
2016-08-10 23:00:00,25.2,91,0.2,5.7,198,1.7613968679372005,5.421022142882375
2016-08-11 00:00:00,25.0,92,0.2,6.2,187,0.7555899291119145,6.153786140176196
2016-08-11 01:00:00,24.7,93,0.3,6.5,177,-0.34018371557913496,6.49109197590473
2016-08-11 02:00:00,24.5,93,0.4,6.1,180,3.735172737399427e-16,6.1
2016-08-11 03:00:00,24.2,92,1.0,6.5,174,-0.6794350112397481,6.4643923198937765
2016-08-11 04:00:00,24.1,92,1.2,7.6,172,-1.0577155672964966,7.5260373224359345
2016-08-11 05:00:00,24.0,92,1.8,6.5,180,3.9801020972288977e-16,6.5
2016-08-11 06:00:00,24.0,91,3.5,7.2,198,2.224922359499622,6.8476069173251055
2016-08-11 07:00:00,24.1,90,3.3,6.2,173,-0.7555899291119137,6.153786140176197
2016-08-11 08:00:00,24.7,85,4.6,6.6,158,-2.4724035165450196,6.1194134401407965
2016-08-11 09:00:00,24.4,85,5.0,6.9,152,-3.2393537832226476,6.092338390726596
2016-08-11 10:00:00,24.8,84,4.0,7.6,155,-3.211898789229315,6.88793918147854
2016-08-11 11:00:00,24.8,84,5.4,7.1,165,-1.837615220227898,6.858073366652385
2016-08-11 12:00:00,25.2,84,5.7,7.6,175,-0.6623836448822026,7.571079705497266
2016-08-11 13:00:00,25.0,85,6.3,7.9,180,4.837354856632045e-16,7.9
2016-08-11 14:00:00,25.0,84,6.2,9.0,182,0.31409547032250973,8.994517443171862
2016-08-11 15:00:00,24.8,85,4.4,10.9,186,1.1393602496174227,10.84028865951418
2016-08-11 16:00:00,24.6,86,1.7000000000000002,11.4,191,2.175222547292612,11.19054989130337
2016-08-11 17:00:00,24.9,88,1.3,10.0,201,3.583679495453004,9.335804264972017
2016-08-11 18:00:00,24.6,91,1.0,8.9,223,6.069785404556237,6.509047944410617
2016-08-11 19:00:00,23.9,95,0.5,9.4,223,6.410784584587486,6.874724795220202
2016-08-11 20:00:00,24.5,92,0.2,7.2,217,4.333068166694749,5.750175672340508
2016-08-11 21:00:00,24.5,94,0.0,3.3,229,2.4905416147351476,2.1649947956686737
2016-08-11 22:00:00,24.4,94,0.0,2.1,239,1.800051331474436,1.0815799573111138
2016-08-11 23:00:00,24.2,96,0.2,3.8,229,2.8678964048465336,2.4930243101639276
2016-08-12 00:00:00,24.2,96,0.0,6.8,205,2.873804179836756,6.162892951849219
2016-08-12 01:00:00,23.1,98,0.0,5.8,184,0.40458754771592637,5.78587149150698
2016-08-12 02:00:00,23.1,98,0.2,4.7,180,2.8779199779962803e-16,4.7
2016-08-12 03:00:00,24.1,92,3.4,4.7,184,0.3278554265973886,4.688551036221174
2016-08-12 04:00:00,23.2,96,5.2,4.0,175,-0.34862297099063294,3.984778792366982
2016-08-12 05:00:00,23.3,96,7.1,0.5,135,-0.35355339059327373,0.3535533905932738
2016-08-12 06:00:00,23.1,97,8.3,1.8,307,1.437543918085127,-1.083267041673687
2016-08-12 07:00:00,23.5,98,8.7,1.6,207,0.726384799583275,1.4256104387013886
2016-08-12 08:00:00,24.2,95,9.3,3.9,202,1.4609657143220567,3.616017032810471
2016-08-12 09:00:00,24.7,93,9.6,5.7,215,3.269385687200963,4.669166652447253
2016-08-12 10:00:00,24.7,94,10.2,6.2,216,3.6442685642133337,5.0159053651246746
2016-08-12 11:00:00,24.6,94,8.5,9.8,216,5.760295472466237,7.9283665448744856
2016-08-12 12:00:00,24.8,93,7.4,10.3,216,6.054188098612474,8.332875042061959
2016-08-12 13:00:00,25.5,90,7.2,9.5,209,4.605691392340202,8.30888721782426
2016-08-12 14:00:00,25.7,91,6.3,9.8,208,4.600821315301731,8.652886410017484
2016-08-12 15:00:00,24.4,94,6.4,9.2,211,4.738350289172498,7.8859391664594325
2016-08-12 16:00:00,24.7,93,5.7,9.9,213,5.391926446648768,8.302838622659698
2016-08-12 17:00:00,24.4,94,4.9,8.1,212,4.29234604028896,6.86918957886705
2016-08-12 18:00:00,24.2,94,3.1,4.1,195,1.061158084920335,3.96029588778518
2016-08-12 19:00:00,24.1,93,2.0,5.7,198,1.7613968679372005,5.421022142882375
2016-08-12 20:00:00,24.5,89,1.5,4.5,209,2.181643291108517,3.935788682127281
2016-08-12 21:00:00,23.5,94,1.2,6.1,177,-0.3192493330819574,6.0916401620029
2016-08-12 22:00:00,23.3,94,1.7000000000000002,6.1,177,-0.3192493330819574,6.0916401620029
2016-08-12 23:00:00,24.1,90,2.4,5.5,191,1.049449474570997,5.3989495089621515
2016-08-13 00:00:00,24.0,90,2.5,7.2,174,-0.7526049355271056,7.160557646651568
2016-08-13 01:00:00,23.8,91,1.7000000000000002,7.8,167,-1.7546182238821473,7.6000865053248345
2016-08-13 02:00:00,23.7,91,0.8,7.6,175,-0.6623836448822026,7.571079705497266
2016-08-13 03:00:00,24.0,88,3.0,6.8,180,4.1637991171010006e-16,6.8
2016-08-13 04:00:00,23.7,89,3.2,5.4,172,-0.7515347451843529,5.34744757120448
2016-08-13 05:00:00,23.7,89,2.5,4.3,204,1.7489675652259409,3.9282454678631837
2016-08-13 06:00:00,23.5,90,1.7000000000000002,4.6,162,-1.4214781741247577,4.374859974957706
2016-08-13 07:00:00,23.8,89,1.1,3.8,197,1.1110124779463997,3.6339580726595346
2016-08-13 08:00:00,23.9,92,1.7000000000000002,2.8,220,1.7998053071223101,2.1449244407331385
2016-08-13 09:00:00,24.4,91,1.6,2.5,225,1.7677669529663689,1.7677669529663687
2016-08-13 10:00:00,24.6,90,0.9,4.3,246,3.9282454678631837,1.7489675652259409
2016-08-13 11:00:00,24.9,90,0.4,6.0,237,5.032023407672544,3.2678342100901627
2016-08-13 12:00:00,25.4,87,0.3,6.3,239,5.400153994423308,3.244739871933341
2016-08-13 13:00:00,26.0,85,1.0,7.1,225,5.020458146424487,5.020458146424486
2016-08-13 14:00:00,25.9,88,3.0,6.1,220,3.92100441908789,4.6728711030257655
2016-08-13 15:00:00,25.2,92,3.9,4.4,215,2.5237363199446032,3.604268994871564
2016-08-13 16:00:00,25.1,91,2.2,2.7,247,2.485363104321589,1.0549740469210394
2016-08-13 17:00:00,25.1,90,1.1,2.3,252,2.1874299874788528,0.710739087062379
2016-08-13 18:00:00,24.4,94,1.2,2.6,286,2.499280409439629,-0.7166571251241979
2016-08-13 19:00:00,23.9,96,1.1,1.6,297,1.4256104387013888,-0.7263847995832748
2016-08-13 20:00:00,23.4,97,1.6,1.5,315,1.0606601717798214,-1.0606601717798212
2016-08-13 21:00:00,23.0,98,3.2,2.2,9,-0.3441558230885083,-2.172914349309303
2016-08-13 22:00:00,22.9,98,4.8,3.0,346,0.725765686799003,-2.9108871788279895
2016-08-13 23:00:00,22.8,98,4.5,3.3,354,0.3449439287832564,-3.2819222547153015
2016-08-14 00:00:00,22.9,98,3.5,4.5,14,-1.088648530198505,-4.366330768241984
2016-08-14 01:00:00,22.9,99,1.0,4.0,360,2.4492935982947064e-16,-4.0
2016-08-14 02:00:00,22.8,98,0.4,4.0,350,0.6945927106677217,-3.939231012048832
2016-08-14 03:00:00,23.5,98,0.7000000000000001,3.3,13,-0.7423384793347553,-3.215421213791276
2016-08-14 04:00:00,23.0,99,2.8,3.1,21,-1.1109406435904323,-2.894099322141325
2016-08-14 05:00:00,22.6,99,2.6,2.3,18,-0.7107390870623793,-2.1874299874788528
2016-08-14 06:00:00,22.6,99,1.4,1.8,360,1.1021821192326179e-16,-1.8
2016-08-14 07:00:00,23.4,99,1.6,2.8,50,-2.1449244407331385,-1.7998053071223097
2016-08-14 08:00:00,24.3,94,1.1,1.5,346,0.3628828433995015,-1.4554435894139948
2016-08-14 09:00:00,24.8,92,0.7000000000000001,2.5,315,1.7677669529663689,-1.7677669529663687
2016-08-14 10:00:00,25.2,91,0.3,4.7,279,4.6421352007971475,-0.7352419856890852
2016-08-14 11:00:00,26.0,88,0.5,7.3,279,7.210124886344506,-1.1419715947936853
2016-08-14 12:00:00,26.2,86,1.6,8.3,268,8.294943864258496,0.2896658226307581
2016-08-14 13:00:00,26.3,86,1.0,6.9,264,6.862201078041086,0.721246396546809
2016-08-14 14:00:00,26.2,86,2.1,5.8,266,5.78587149150698,0.40458754771592675
2016-08-14 15:00:00,27.0,83,1.6,6.1,267,6.0916401620029,0.31924933308195735
2016-08-14 16:00:00,26.8,85,0.8,4.3,275,4.283637201794505,-0.3747696938149301
2016-08-14 17:00:00,26.3,87,3.2,4.8,257,4.676976310969129,1.079765060850552
2016-08-14 18:00:00,25.7,91,1.2,1.9,248,1.761649323676896,0.7117525274902328
2016-08-14 19:00:00,24.9,93,1.3,1.9,338,0.7117525274902327,-1.761649323676896
2016-08-14 20:00:00,24.2,96,1.4,3.3,354,0.3449439287832564,-3.2819222547153015
2016-08-14 21:00:00,24.0,96,1.1,4.4,351,0.6883116461770161,-4.3458286986186065
2016-08-14 22:00:00,24.6,93,1.2,1.6,333,0.726384799583275,-1.4256104387013886
2016-08-14 23:00:00,24.2,96,1.3,0.0,270,0.0,0.0
2016-08-15 00:00:00,24.1,96,1.5,1.8,360,1.1021821192326179e-16,-1.8
2016-08-15 01:00:00,23.6,97,1.8,1.4,360,8.572527594031472e-17,-1.4
2016-08-15 02:00:00,23.3,98,3.0,0.8,27,-0.36319239979163753,-0.7128052193506943
2016-08-15 03:00:00,23.7,94,5.1,0.4,360,2.4492935982947065e-17,-0.4
2016-08-15 04:00:00,23.5,96,6.1,0.5,315,0.3535533905932738,-0.35355339059327373
2016-08-15 05:00:00,23.1,98,7.4,1.1,180,6.735557395310444e-17,1.1
2016-08-15 06:00:00,23.0,98,7.6,1.5,166,-0.36288284339950166,1.4554435894139948
2016-08-15 07:00:00,23.7,98,5.7,2.3,162,-0.7107390870623789,2.187429987478853
2016-08-15 08:00:00,25.0,95,4.8,1.8,270,1.8,0.0
2016-08-15 09:00:00,25.8,95,3.6,3.3,276,3.2819222547153015,-0.3449439287832564
2016-08-15 10:00:00,26.1,92,3.7,2.9,270,2.9,0.0
2016-08-15 11:00:00,27.2,89,0.8,4.0,260,3.939231012048832,0.6945927106677213
2016-08-15 12:00:00,27.1,89,7.2,4.5,241,3.935788682127281,2.1816432911085166
2016-08-15 13:00:00,27.0,89,4.4,3.7,241,3.2360929164157644,1.7937955949114472
2016-08-15 14:00:00,27.1,91,1.0,4.1,255,3.96029588778518,1.061158084920335
2016-08-15 15:00:00,26.8,86,3.8,3.7,259,3.632020578756357,0.7059932828932158
2016-08-15 16:00:00,26.5,87,4.1,3.2,243,2.8512208774027776,1.4527695991665497
2016-08-15 17:00:00,26.1,90,2.7,2.9,270,2.9,0.0
2016-08-15 18:00:00,25.6,89,1.6,2.2,360,1.3471114790620887e-16,-2.2
2016-08-15 19:00:00,24.8,93,0.2,4.3,42,-2.87726160734309,-3.195522749552796
2016-08-15 20:00:00,24.3,92,0.0,4.3,5,-0.37476969381493047,-4.283637201794505
2016-08-15 21:00:00,23.3,95,0.0,1.8,259,1.7669289302057951,0.34345619167778063
2016-08-15 22:00:00,22.9,96,0.2,3.6,233,2.875087836170254,2.166534083347374
2016-08-15 23:00:00,23.0,97,0.3,2.7,247,2.485363104321589,1.0549740469210394
2016-08-16 00:00:00,23.9,95,0.6,0.4,90,-0.4,4.898587196589413e-17
2016-08-16 01:00:00,23.3,95,0.5,1.4,90,-1.4,1.7145055188062944e-16
2016-08-16 02:00:00,23.9,92,0.6,1.1,90,-1.1,1.3471114790620887e-16
2016-08-16 03:00:00,24.2,93,0.4,1.5,166,-0.36288284339950166,1.4554435894139948
2016-08-16 04:00:00,24.0,94,0.2,1.8,169,-0.34345619167778063,1.7669289302057951
2016-08-16 05:00:00,23.8,94,0.0,2.3,141,-1.4474368994146256,1.7874357113510333
2016-08-16 06:00:00,23.6,95,0.0,3.6,186,0.3763024677635525,3.580278823325784
2016-08-16 07:00:00,23.8,96,0.1,3.4,198,1.0506577808748212,3.233592155403522
2016-08-16 08:00:00,24.9,91,0.0,4.9,216,2.8801477362331185,3.9641832724372428
2016-08-16 09:00:00,26.0,88,0.5,6.1,220,3.92100441908789,4.6728711030257655
2016-08-16 10:00:00,26.5,86,0.2,9.9,213,5.391926446648768,8.302838622659698
2016-08-16 11:00:00,26.4,86,1.2,13.1,201,4.694620139043435,12.229903587113343
2016-08-16 12:00:00,27.1,83,0.2,12.8,196,3.5281581544575893,12.304149708010483
2016-08-16 13:00:00,28.1,80,0.1,10.6,198,3.275580140374443,10.081199072728626
2016-08-16 14:00:00,27.5,81,0.8,11.2,201,4.013721034907364,10.45610077676866
2016-08-16 15:00:00,27.4,81,0.2,12.4,202,4.645121758357308,11.497079796628164
2016-08-16 16:00:00,26.7,84,0.4,11.0,199,3.5812496990287244,10.400704331592484
2016-08-16 17:00:00,26.2,87,0.2,9.3,193,2.092044805397944,9.06164160250269
2016-08-16 18:00:00,25.4,89,0.2,6.9,186,0.7212463965468089,6.862201078041086
2016-08-16 19:00:00,24.9,92,0.0,7.8,167,-1.7546182238821473,7.6000865053248345
2016-08-16 20:00:00,24.8,90,0.0,7.7,169,-1.469229264399395,7.558529312547013
2016-08-16 21:00:00,25.0,87,0.0,8.0,185,0.6972459419812651,7.969557584733964
2016-08-16 22:00:00,24.6,89,0.0,9.5,171,-1.4861274178821928,9.38303923565381
2016-08-16 23:00:00,24.4,89,0.0,9.7,176,-0.6766377953180156,9.676371287520293
2016-08-17 00:00:00,23.1,92,0.0,9.1,162,-2.812054648812021,8.654614298285898
2016-08-17 01:00:00,22.4,93,0.0,8.1,148,-4.292346040288959,6.869189578867051
2016-08-17 02:00:00,21.9,94,0.0,8.4,140,-5.399415921366931,6.4347733221994154
2016-08-17 03:00:00,21.7,95,0.0,9.1,146,-5.088655421583795,7.5442419102508795
2016-08-17 04:00:00,22.0,93,0.0,8.7,142,-5.356254835333226,6.855693556378481
2016-08-17 05:00:00,22.1,92,0.0,7.4,133,-5.412017391981862,5.04678786446249
2016-08-17 06:00:00,22.2,90,0.0,7.1,150,-3.549999999999998,6.148780366869515
2016-08-17 07:00:00,23.5,93,0.0,6.7,164,-1.8467702839738938,6.440453362786736
2016-08-17 08:00:00,25.9,81,0.0,6.9,189,1.0793978087775935,6.815049550106451
2016-08-17 09:00:00,26.7,79,0.0,7.2,186,0.752604935527105,7.160557646651568
2016-08-17 10:00:00,27.1,80,0.0,7.6,199,2.474317973874391,7.185941174554807
2016-08-17 11:00:00,27.3,80,0.1,9.9,213,5.391926446648768,8.302838622659698
2016-08-17 12:00:00,27.4,81,0.6,12.4,216,7.288537128426667,10.031810730249349
2016-08-17 13:00:00,27.3,83,0.2,11.4,215,6.538771374401926,9.338333304894507
2016-08-17 14:00:00,26.9,85,1.2,11.1,216,6.524416300446451,8.980088637561916
2016-08-17 15:00:00,27.1,86,0.0,11.2,222,7.494262791219212,8.323222045346816
2016-08-17 16:00:00,26.3,89,0.1,9.8,216,5.760295472466237,7.9283665448744856
2016-08-17 17:00:00,25.6,90,0.4,5.5,212,2.914555953282627,4.664264528860342
2016-08-17 18:00:00,25.0,92,0.8,4.3,185,0.37476969381492997,4.283637201794505
2016-08-17 19:00:00,24.6,93,0.9,5.4,172,-0.7515347451843529,5.34744757120448
2016-08-17 20:00:00,24.1,96,1.0,6.8,155,-2.8738041798367555,6.16289295184922
2016-08-17 21:00:00,23.9,95,0.4,7.0,168,-1.4553818357243153,6.84703320513664
2016-08-17 22:00:00,24.3,92,0.2,6.0,163,-1.75423022833642,5.737828535778213
2016-08-17 23:00:00,24.5,89,0.1,6.6,151,-3.199743493625824,5.772490067120012
2016-08-18 00:00:00,24.3,89,0.2,7.0,159,-2.5085756468171017,6.535062985480412
2016-08-18 01:00:00,24.5,87,0.1,6.6,158,-2.4724035165450196,6.1194134401407965
2016-08-18 02:00:00,24.2,88,0.0,7.1,156,-2.8878301658381815,6.486172749262466
2016-08-18 03:00:00,22.7,92,0.0,7.2,153,-3.2687315981247362,6.415246974156249
2016-08-18 04:00:00,22.2,93,0.0,7.1,156,-2.8878301658381815,6.486172749262466
2016-08-18 05:00:00,22.1,93,0.0,7.4,157,-2.891410350820626,6.811735915548058
2016-08-18 06:00:00,21.8,94,0.0,6.9,141,-4.342310698243877,5.3623071340531006
2016-08-18 07:00:00,23.8,94,0.0,6.4,153,-2.905539198333099,5.702441754805555
2016-08-18 08:00:00,26.4,79,0.0,6.8,183,0.35588450245201897,6.790680836331102
2016-08-18 09:00:00,27.1,77,0.0,7.3,191,1.3929056662487778,7.165878439167947
2016-08-18 10:00:00,27.3,77,0.0,8.1,193,1.8221035401853058,7.892397524760405
2016-08-18 11:00:00,27.3,78,1.0,8.4,200,2.872969203935618,7.893418014601631
2016-08-18 12:00:00,27.5,80,0.2,8.7,197,2.5436338310878095,8.319851376878407
2016-08-18 13:00:00,27.5,80,0.2,7.9,180,4.837354856632045e-16,7.9
2016-08-18 14:00:00,27.5,79,0.1,7.2,180,4.4087284769304716e-16,7.2
2016-08-18 15:00:00,27.3,79,0.6,8.2,165,-2.122316169840671,7.92059177557036
2016-08-18 16:00:00,27.6,77,0.0,7.6,177,-0.3977532674463732,7.589584464134761
2016-08-18 17:00:00,27.7,75,0.0,5.8,176,-0.4045875477159269,5.78587149150698
2016-08-18 18:00:00,26.9,83,0.0,5.6,225,3.9597979746446663,3.9597979746446654
2016-08-18 19:00:00,26.9,76,0.0,5.4,188,0.7515347451843536,5.34744757120448
2016-08-18 20:00:00,25.1,85,0.2,5.7,198,1.7613968679372005,5.421022142882375
2016-08-18 21:00:00,23.9,92,0.4,5.9,169,-1.1257730727216144,5.791600382341218
2016-08-18 22:00:00,23.9,91,0.7000000000000001,5.8,158,-2.17271824181229,5.377666356487367
2016-08-18 23:00:00,24.7,86,0.2,5.9,142,-3.6324027044213842,4.64926344627966
2016-08-19 00:00:00,24.8,85,0.0,5.8,150,-2.8999999999999986,5.022947341949744
2016-08-19 01:00:00,23.3,91,0.0,5.4,143,-3.2498011250210617,4.312631754255381
2016-08-19 02:00:00,22.9,93,0.0,5.1,129,-3.963444403430551,3.2095339943541705
2016-08-19 03:00:00,23.3,89,0.0,4.8,138,-3.2118269105225195,3.5670951622914924
2016-08-19 04:00:00,23.1,89,0.0,4.8,138,-3.2118269105225195,3.5670951622914924
2016-08-19 05:00:00,22.6,92,0.0,4.1,135,-2.8991378028648445,2.899137802864845
2016-08-19 06:00:00,22.1,92,0.0,3.6,143,-2.1665340833473743,2.8750878361702537
2016-08-19 07:00:00,23.8,92,0.0,3.1,159,-1.1109406435904308,2.8940993221413254
2016-08-19 08:00:00,26.3,80,0.0,3.6,186,0.3763024677635525,3.580278823325784
2016-08-19 09:00:00,27.2,77,0.0,4.3,228,3.195522749552795,2.8772616073430903
2016-08-19 10:00:00,27.8,76,0.0,4.6,252,4.3748599749577055,1.421478174124758
2016-08-19 11:00:00,27.6,78,1.5,5.7,252,5.421022142882375,1.7613968679372003
2016-08-19 12:00:00,27.6,79,1.7000000000000002,4.7,238,3.9858260519352022,2.490620541896063
2016-08-19 13:00:00,27.9,77,1.7000000000000002,3.0,194,0.725765686799003,2.9108871788279895
2016-08-19 14:00:00,28.3,75,3.8,4.2,239,3.600102662948872,2.1631599146222276
2016-08-19 15:00:00,27.5,78,0.4,3.0,284,2.9108871788279895,-0.7257656867990032
2016-08-19 16:00:00,27.9,76,0.0,4.3,275,4.283637201794505,-0.3747696938149301
2016-08-19 17:00:00,27.4,79,0.0,4.3,294,3.9282454678631837,-1.7489675652259409
2016-08-19 18:00:00,26.9,81,0.0,2.2,279,2.1729143493093033,-0.34415582308850795
2016-08-19 19:00:00,25.8,90,0.0,1.9,292,1.761649323676896,-0.7117525274902328
2016-08-19 20:00:00,25.0,90,0.0,3.3,276,3.2819222547153015,-0.3449439287832564
2016-08-19 21:00:00,24.2,93,0.0,1.1,162,-0.3399186938124421,1.046162167924669
2016-08-19 22:00:00,23.4,94,0.0,5.0,120,-4.330127018922194,2.4999999999999996
2016-08-19 23:00:00,22.8,94,0.0,5.6,130,-4.289848881466276,3.5996106142446207
2016-08-20 00:00:00,22.0,95,0.0,4.1,142,-2.524212048835199,3.23084408978756
2016-08-20 01:00:00,21.7,93,0.0,4.6,141,-2.894873798829251,3.5748714227020666
2016-08-20 02:00:00,21.2,94,0.0,4.3,132,-3.195522749552794,2.8772616073430908
2016-08-20 03:00:00,21.4,92,0.0,4.7,122,-3.9858260519352022,2.490620541896063
2016-08-20 04:00:00,21.2,91,0.0,4.6,108,-4.3748599749577055,1.4214781741247584
2016-08-20 05:00:00,21.1,91,0.0,4.0,100,-3.939231012048832,0.6945927106677211
2016-08-20 06:00:00,20.9,93,0.0,4.0,95,-3.984778792366982,0.3486229709906328
2016-08-20 07:00:00,23.1,93,0.0,4.3,90,-4.3,5.265981236333618e-16
2016-08-20 08:00:00,26.5,74,0.0,1.8,11,-0.3434561916777803,-1.7669289302057951
2016-08-20 09:00:00,27.7,73,0.0,4.4,325,2.5237363199446032,-3.604268994871564
2016-08-20 10:00:00,28.5,73,0.0,5.4,312,4.012982057577929,-3.6133052743378347
2016-08-20 11:00:00,28.5,74,0.5,6.8,302,5.766727053863696,-3.603450996785793
2016-08-20 12:00:00,28.5,74,0.4,6.0,303,5.032023407672544,-3.2678342100901627
2016-08-20 13:00:00,28.6,74,0.2,6.8,302,5.766727053863696,-3.603450996785793
2016-08-20 14:00:00,28.4,75,0.6,7.3,303,6.122295146001595,-3.9758649556096977
2016-08-20 15:00:00,28.4,74,0.2,5.8,300,5.022947341949744,-2.8999999999999995
2016-08-20 16:00:00,28.0,76,0.0,4.8,297,4.276831316104166,-2.1791543987498243
2016-08-20 17:00:00,27.5,79,0.1,2.3,252,2.1874299874788528,0.710739087062379
2016-08-20 18:00:00,27.0,81,0.2,2.3,252,2.1874299874788528,0.710739087062379
2016-08-20 19:00:00,25.9,89,0.0,2.9,240,2.511473670974872,1.4499999999999997
2016-08-20 20:00:00,25.6,88,0.1,2.2,180,1.3471114790620887e-16,2.2
2016-08-20 21:00:00,24.6,92,0.4,2.2,180,1.3471114790620887e-16,2.2
2016-08-20 22:00:00,24.6,91,0.2,4.0,153,-1.8159619989581868,3.5640260967534716
2016-08-20 23:00:00,25.1,87,0.2,5.0,159,-1.7918397477265013,4.667902132486009
2016-08-21 00:00:00,24.9,88,0.3,4.3,175,-0.3747696938149304,4.283637201794505
2016-08-21 01:00:00,25.3,86,0.2,2.7,203,1.0549740469210391,2.485363104321589
2016-08-21 02:00:00,25.3,86,0.3,2.6,214,1.4539015490239418,2.1554976886431088
2016-08-21 03:00:00,24.9,87,0.0,1.0,225,0.7071067811865476,0.7071067811865475
2016-08-21 04:00:00,25.0,86,0.0,1.3,214,0.7269507745119709,1.0777488443215544
2016-08-21 05:00:00,24.6,86,0.0,1.1,198,0.3399186938124422,1.0461621679246689
2016-08-21 06:00:00,24.0,88,0.0,1.5,135,-1.0606601717798212,1.0606601717798214
2016-08-21 07:00:00,24.0,95,0.0,1.1,108,-1.0461621679246689,0.3399186938124423
2016-08-21 08:00:00,26.2,84,0.0,2.0,315,1.4142135623730951,-1.414213562373095
2016-08-21 09:00:00,26.9,82,0.0,3.4,302,2.883363526931848,-1.8017254983928965
2016-08-21 10:00:00,27.5,80,0.0,3.4,302,2.883363526931848,-1.8017254983928965
2016-08-21 11:00:00,28.1,78,0.0,4.7,293,4.32637281122647,-1.8364363038995868
2016-08-21 12:00:00,28.3,77,0.0,5.5,293,5.062776693988422,-2.149021206691006
2016-08-21 13:00:00,28.4,77,0.1,6.0,295,5.437846722219899,-2.5357095704441965
2016-08-21 14:00:00,28.3,76,0.2,5.9,313,4.314986839553106,-4.023790324368742
2016-08-21 15:00:00,27.7,81,0.6,5.0,330,2.5000000000000004,-4.330127018922193
2016-08-21 16:00:00,27.5,81,0.3,5.2,326,2.9078030980478835,-4.3109953772862175
2016-08-21 17:00:00,27.4,79,0.0,4.6,321,2.894873798829252,-3.5748714227020657
2016-08-21 18:00:00,26.9,81,0.0,3.1,324,1.8221342821066668,-2.5079526825623373
2016-08-21 19:00:00,26.0,89,0.0,2.4,333,1.0895771993749124,-2.138415658052083
2016-08-21 20:00:00,25.4,88,0.0,1.1,18,-0.33991869381244233,-1.0461621679246689
2016-08-21 21:00:00,25.0,88,0.0,1.4,180,8.572527594031472e-17,1.4
2016-08-21 22:00:00,24.5,90,0.0,3.8,163,-1.1110124779463992,3.633958072659535
2016-08-21 23:00:00,24.1,90,0.0,4.7,157,-1.8364363038995868,4.326372811226469
2016-08-22 00:00:00,24.0,90,0.1,4.3,132,-3.195522749552794,2.8772616073430908
2016-08-22 01:00:00,23.9,90,0.2,3.9,112,-3.6160170328104706,1.4609657143220578
2016-08-22 02:00:00,23.8,90,0.1,3.7,101,-3.632020578756357,0.7059932828932164
2016-08-22 03:00:00,23.4,88,0.0,3.1,69,-2.8940993221413254,-1.1109406435904314
2016-08-22 04:00:00,23.5,86,0.1,3.1,69,-2.8940993221413254,-1.1109406435904314
2016-08-22 05:00:00,23.5,85,0.3,4.7,67,-4.32637281122647,-1.8364363038995857
2016-08-22 06:00:00,23.6,84,0.3,3.9,68,-3.616017032810471,-1.460965714322057
2016-08-22 07:00:00,24.8,84,0.4,3.5,66,-3.197409101749103,-1.4235782507653008
2016-08-22 08:00:00,26.1,82,0.1,4.0,10,-0.6945927106677213,-3.939231012048832
2016-08-22 09:00:00,26.9,81,0.1,6.6,347,1.4846769586695083,-6.430842427582553
2016-08-22 10:00:00,27.6,81,0.0,7.6,341,2.474317973874391,-7.185941174554807
2016-08-22 11:00:00,28.3,78,0.0,8.5,332,3.9905082836800725,-7.505054539300878
2016-08-22 12:00:00,28.8,77,0.0,7.6,329,3.9142893693164114,-6.5144714853360535
2016-08-22 13:00:00,28.7,78,0.2,6.6,319,4.329989591337347,-4.981083229470295
2016-08-22 14:00:00,28.4,80,0.3,5.6,320,3.5996106142446203,-4.289848881466277
2016-08-22 15:00:00,28.4,79,0.0,4.8,318,3.2118269105225195,-3.5670951622914924
2016-08-22 16:00:00,28.3,78,0.2,5.0,330,2.5000000000000004,-4.330127018922193
2016-08-22 17:00:00,27.9,80,0.2,3.4,328,1.8017254983928965,-2.883363526931848
2016-08-22 18:00:00,27.6,81,0.0,2.3,309,1.7874357113510329,-1.4474368994146258
2016-08-22 19:00:00,26.6,87,0.0,2.6,214,1.4539015490239418,2.1554976886431088
2016-08-22 20:00:00,25.5,90,0.0,3.3,186,0.3449439287832564,3.2819222547153015
2016-08-22 21:00:00,24.6,92,0.0,4.3,175,-0.3747696938149304,4.283637201794505
2016-08-22 22:00:00,23.9,94,0.0,5.1,172,-0.7097828148963332,5.050367150582009
2016-08-22 23:00:00,23.6,95,0.0,5.6,165,-1.4493866525741166,5.4091846272187825
2016-08-23 00:00:00,23.6,94,0.0,5.4,160,-1.8469087739586112,5.074340152243906
2016-08-23 01:00:00,24.1,92,0.0,5.8,150,-2.8999999999999986,5.022947341949744
2016-08-23 02:00:00,24.9,89,0.0,5.1,141,-3.20953399435417,3.963444403430552
2016-08-23 03:00:00,24.0,86,0.3,4.1,135,-2.8991378028648445,2.899137802864845
2016-08-23 04:00:00,24.7,82,0.3,4.1,135,-2.8991378028648445,2.899137802864845
2016-08-23 05:00:00,25.1,80,0.1,4.3,132,-3.195522749552794,2.8772616073430908
2016-08-23 06:00:00,25.5,77,0.0,3.6,135,-2.545584412271571,2.5455844122715714
2016-08-23 07:00:00,25.8,79,0.0,2.4,117,-2.138415658052083,1.0895771993749124
2016-08-23 08:00:00,26.6,78,0.0,0.4,90,-0.4,4.898587196589413e-17
2016-08-23 09:00:00,27.4,79,0.0,2.1,301,1.800051331474436,-1.0815799573111138
2016-08-23 10:00:00,28.1,77,0.2,4.2,301,3.600102662948872,-2.1631599146222276
2016-08-23 11:00:00,28.6,75,0.3,6.0,303,5.032023407672544,-3.2678342100901627
2016-08-23 12:00:00,28.9,74,0.0,7.1,311,5.358438019581681,-4.658019105832602
2016-08-23 13:00:00,28.8,76,0.3,6.6,311,4.981083229470295,-4.329989591337347
2016-08-23 14:00:00,28.5,76,0.3,5.9,308,4.64926344627966,-3.6324027044213842
2016-08-23 15:00:00,27.9,79,0.3,4.1,322,2.524212048835199,-3.23084408978756
2016-08-23 16:00:00,28.1,77,0.2,3.7,331,1.7937955949114475,-3.2360929164157644
2016-08-23 17:00:00,27.7,78,0.0,1.6,333,0.726384799583275,-1.4256104387013886
2016-08-23 18:00:00,27.4,83,0.0,2.3,321,1.447436899414626,-1.7874357113510329
2016-08-23 19:00:00,26.4,87,0.0,0.8,297,0.7128052193506944,-0.3631923997916374
2016-08-23 20:00:00,25.9,87,0.0,2.2,189,0.34415582308850806,2.1729143493093033
2016-08-23 21:00:00,25.3,89,0.0,3.7,191,0.7059932828932162,3.632020578756357
2016-08-23 22:00:00,25.0,90,0.0,5.1,184,0.35575801609503865,5.087576656325103
2016-08-23 23:00:00,24.8,90,0.0,5.4,172,-0.7515347451843529,5.34744757120448
2016-08-24 00:00:00,25.0,89,0.0,5.4,180,3.3065463576978537e-16,5.4
2016-08-24 01:00:00,24.7,90,0.0,5.4,180,3.3065463576978537e-16,5.4
2016-08-24 02:00:00,24.6,89,0.0,5.1,172,-0.7097828148963332,5.050367150582009
2016-08-24 03:00:00,24.9,89,0.4,5.2,155,-2.1976149610516367,4.71280049259058
2016-08-24 04:00:00,25.3,86,0.3,5.2,164,-1.433314250248395,4.998560818879258
2016-08-24 05:00:00,25.7,84,0.4,5.2,168,-1.0811407922523486,5.08636752381579
2016-08-24 06:00:00,25.8,84,0.3,3.7,169,-0.7059932828932158,3.632020578756357
2016-08-24 07:00:00,25.8,85,0.1,3.1,159,-1.1109406435904308,2.8940993221413254
2016-08-24 08:00:00,26.4,84,0.0,1.8,217,1.0832670416736871,1.437543918085127
2016-08-24 09:00:00,26.9,84,0.0,3.2,270,3.2,0.0
2016-08-24 10:00:00,27.5,81,0.0,4.4,279,4.3458286986186065,-0.6883116461770159
2016-08-24 11:00:00,28.3,77,0.1,6.4,286,6.1520748540052415,-1.7640790772287946
2016-08-24 12:00:00,28.6,76,0.3,6.2,291,5.788198644282651,-2.2218812871808615
2016-08-24 13:00:00,28.8,76,0.2,5.6,297,4.98963653545486,-2.5423467985414616
2016-08-24 14:00:00,29.3,73,0.2,4.0,297,3.5640260967534716,-1.815961998958187
2016-08-24 15:00:00,28.2,80,0.5,3.3,283,3.2154212137912763,-0.7423384793347545
2016-08-24 16:00:00,28.0,80,0.6,2.4,243,2.138415658052083,1.0895771993749122
2016-08-24 17:00:00,27.8,81,0.1,4.0,243,3.5640260967534716,1.815961998958187
2016-08-24 18:00:00,27.3,83,0.1,3.8,253,3.6339580726595346,1.1110124779463997
2016-08-24 19:00:00,26.6,87,0.2,4.3,228,3.195522749552795,2.8772616073430903
2016-08-24 20:00:00,25.7,90,0.1,5.2,205,2.197614961051637,4.7128004925905795
2016-08-24 21:00:00,25.2,92,0.0,4.8,193,1.0797650608505516,4.676976310969129
2016-08-24 22:00:00,25.1,92,0.0,5.4,184,0.3766849582182763,5.386845871403051
2016-08-24 23:00:00,26.2,84,0.0,4.3,185,0.37476969381492997,4.283637201794505
2016-08-25 00:00:00,25.9,85,0.0,4.0,185,0.34862297099063255,3.984778792366982
2016-08-25 01:00:00,25.8,86,0.0,4.2,200,1.436484601967809,3.9467090073008153
2016-08-25 02:00:00,25.6,86,0.0,3.9,202,1.4609657143220567,3.616017032810471
2016-08-25 03:00:00,26.0,84,0.2,4.0,207,1.8159619989581872,3.564026096753471
2016-08-25 04:00:00,25.9,84,0.1,3.5,204,1.4235782507653008,3.197409101749103
2016-08-25 05:00:00,25.7,85,0.0,3.3,193,0.7423384793347542,3.2154212137912763
2016-08-25 06:00:00,25.6,85,0.0,2.2,189,0.34415582308850806,2.1729143493093033
2016-08-25 07:00:00,26.0,84,0.0,1.6,243,1.4256104387013888,0.7263847995832748
2016-08-25 08:00:00,26.7,82,0.0,3.6,264,3.580278823325784,0.37630246776355253
2016-08-25 09:00:00,27.4,78,0.0,4.8,257,4.676976310969129,1.079765060850552
2016-08-25 10:00:00,27.9,76,0.0,6.0,253,5.737828535778212,1.7542302283364206
2016-08-25 11:00:00,28.6,73,0.3,6.0,253,5.737828535778212,1.7542302283364206
2016-08-25 12:00:00,29.0,72,0.3,5.8,263,5.756767679519667,0.7068421917498553
2016-08-25 13:00:00,28.8,72,0.4,5.8,277,5.756767679519667,-0.7068421917498553
2016-08-25 14:00:00,29.0,73,0.3,3.5,294,3.197409101749103,-1.4235782507653008
2016-08-25 15:00:00,28.5,74,0.2,2.6,326,1.4539015490239418,-2.1554976886431088
2016-08-25 16:00:00,28.5,74,0.0,4.1,322,2.524212048835199,-3.23084408978756
2016-08-25 17:00:00,28.3,75,0.0,4.6,309,3.5748714227020657,-2.8948737988292517
2016-08-25 18:00:00,27.5,84,0.0,3.9,304,3.2332465329646625,-2.180852323535913
2016-08-25 19:00:00,27.5,76,0.0,4.2,301,3.600102662948872,-2.1631599146222276
2016-08-25 20:00:00,27.2,78,0.0,2.5,262,2.475670171853926,0.3479327524001636
2016-08-25 21:00:00,26.9,79,0.0,3.5,246,3.197409101749103,1.4235782507653008
2016-08-25 22:00:00,26.3,82,0.0,3.1,201,1.1109406435904312,2.8940993221413254
2016-08-25 23:00:00,24.2,89,0.0,2.2,171,-0.34415582308850784,2.1729143493093033
2016-08-26 00:00:00,23.2,92,0.0,1.4,180,8.572527594031472e-17,1.4
2016-08-26 01:00:00,23.2,91,0.0,2.3,198,0.7107390870623791,2.1874299874788528
2016-08-26 02:00:00,23.3,91,0.0,3.3,186,0.3449439287832564,3.2819222547153015
2016-08-26 03:00:00,25.4,87,0.0,3.6,180,2.2043642384652358e-16,3.6
2016-08-26 04:00:00,25.2,87,0.0,2.9,180,1.7757378587636622e-16,2.9
2016-08-26 05:00:00,25.0,86,0.0,1.8,127,-1.4375439180851273,1.0832670416736867
2016-08-26 06:00:00,24.4,88,0.0,1.5,135,-1.0606601717798212,1.0606601717798214
2016-08-26 07:00:00,25.3,86,0.0,1.0,45,-0.7071067811865477,-0.7071067811865475
2016-08-26 08:00:00,26.8,79,0.0,2.3,321,1.447436899414626,-1.7874357113510329
2016-08-26 09:00:00,27.8,75,0.0,5.1,309,3.963444403430551,-3.2095339943541705
2016-08-26 10:00:00,28.6,71,0.0,7.0,305,5.7340643100229425,-4.015035054457322
2016-08-26 11:00:00,28.9,71,0.0,9.0,307,7.187719590425635,-5.416335208368435
2016-08-26 12:00:00,29.0,73,0.0,10.2,309,7.926888806861102,-6.419067988708341
2016-08-26 13:00:00,28.9,73,0.2,9.7,315,6.858935777509511,-6.85893577750951
2016-08-26 14:00:00,28.5,74,0.2,8.7,322,5.356254835333226,-6.855693556378481
2016-08-26 15:00:00,28.5,74,0.0,8.0,324,4.702282018339785,-6.47213595499958
2016-08-26 16:00:00,28.4,75,0.0,8.1,328,4.29234604028896,-6.86918957886705
2016-08-26 17:00:00,27.5,78,0.3,6.4,333,2.9055391983331,-5.702441754805554
2016-08-26 18:00:00,26.8,81,0.0,5.2,16,-1.4333142502483942,-4.998560818879259
2016-08-26 19:00:00,26.1,87,0.0,5.2,344,1.4333142502483958,-4.998560818879258
2016-08-26 20:00:00,26.6,79,0.0,5.4,340,1.8469087739586119,-5.074340152243905
2016-08-26 21:00:00,26.1,82,0.0,2.8,320,1.7998053071223101,-2.1449244407331385
2016-08-26 22:00:00,25.7,84,0.0,1.5,14,-0.36288284339950166,-1.4554435894139948
2016-08-26 23:00:00,25.5,85,0.0,1.1,72,-1.046162167924669,-0.33991869381244205
2016-08-27 00:00:00,23.9,88,0.0,1.1,72,-1.046162167924669,-0.33991869381244205
2016-08-27 01:00:00,22.8,91,0.0,1.5,76,-1.4554435894139948,-0.3628828433995013
2016-08-27 02:00:00,22.6,91,0.0,1.3,56,-1.0777488443215544,-0.7269507745119708
2016-08-27 03:00:00,25.7,81,0.0,1.8,37,-1.083267041673687,-1.437543918085127
2016-08-27 04:00:00,25.9,80,0.0,1.4,360,8.572527594031472e-17,-1.4
2016-08-27 05:00:00,25.5,83,0.0,1.8,270,1.8,0.0
2016-08-27 06:00:00,25.0,85,0.0,1.5,76,-1.4554435894139948,-0.3628828433995013
2016-08-27 07:00:00,25.4,87,0.0,1.0,45,-0.7071067811865477,-0.7071067811865475
2016-08-27 08:00:00,26.7,82,0.1,3.1,324,1.8221342821066668,-2.5079526825623373
2016-08-27 09:00:00,27.5,79,0.2,5.2,326,2.9078030980478835,-4.3109953772862175
2016-08-27 10:00:00,28.2,76,0.0,6.6,319,4.329989591337347,-4.981083229470295
2016-08-27 11:00:00,28.4,74,0.2,6.9,321,4.342310698243879,-5.3623071340531
2016-08-27 12:00:00,28.1,78,0.4,7.5,343,2.192787785420526,-7.172285669722766
2016-08-27 13:00:00,28.1,78,0.3,8.1,347,1.8221035401853058,-7.892397524760405
2016-08-27 14:00:00,27.8,81,0.3,8.5,332,3.9905082836800725,-7.505054539300878
2016-08-27 15:00:00,28.4,78,0.2,8.9,320,5.7208097262102005,-6.817795543758905
2016-08-27 16:00:00,27.4,81,0.3,5.9,313,4.314986839553106,-4.023790324368742
2016-08-27 17:00:00,26.7,83,0.4,3.6,323,2.1665340833473743,-2.875087836170254
2016-08-27 18:00:00,26.3,85,0.4,1.1,162,-0.3399186938124421,1.046162167924669
2016-08-27 19:00:00,25.9,87,0.6,4.0,185,0.34862297099063255,3.984778792366982
2016-08-27 20:00:00,25.4,90,0.3,6.1,208,2.863776532993934,5.385980316439453
2016-08-27 21:00:00,24.9,92,0.1,5.5,191,1.049449474570997,5.3989495089621515
2016-08-27 22:00:00,25.5,87,0.0,5.8,187,0.7068421917498554,5.756767679519667
2016-08-27 23:00:00,25.3,88,0.0,4.7,212,2.490620541896063,3.9858260519352022
2016-08-28 00:00:00,24.9,90,0.0,3.7,209,1.7937955949114475,3.2360929164157644
2016-08-28 01:00:00,25.3,88,0.0,3.6,186,0.3763024677635525,3.580278823325784
2016-08-28 02:00:00,24.9,90,0.0,2.5,180,1.5308084989341916e-16,2.5
2016-08-28 03:00:00,23.4,94,0.0,3.6,174,-0.3763024677635528,3.580278823325784
2016-08-28 04:00:00,23.3,93,0.2,3.5,156,-1.423578250765301,3.197409101749103
2016-08-28 05:00:00,24.3,87,0.0,4.4,145,-2.5237363199446032,3.6042689948715636
2016-08-28 06:00:00,25.4,81,0.0,4.8,193,1.0797650608505516,4.676976310969129
2016-08-28 07:00:00,25.2,89,0.0,4.4,189,0.6883116461770161,4.3458286986186065
2016-08-28 08:00:00,26.8,81,0.0,4.6,198,1.4214781741247582,4.3748599749577055
2016-08-28 09:00:00,27.4,78,0.0,4.1,218,2.524212048835199,3.23084408978756
2016-08-28 10:00:00,28.2,75,0.0,3.9,248,3.616017032810471,1.460965714322057
2016-08-28 11:00:00,28.6,74,0.2,5.1,278,5.050367150582009,-0.7097828148963337
2016-08-28 12:00:00,28.2,76,0.8,5.1,278,5.050367150582009,-0.7097828148963337
2016-08-28 13:00:00,27.8,80,2.2,5.1,315,3.6062445840513924,-3.606244584051392
2016-08-28 14:00:00,27.6,81,6.0,7.2,333,3.268731598124737,-6.415246974156248
2016-08-28 15:00:00,26.9,82,1.9,7.6,352,1.0577155672964975,-7.5260373224359345
2016-08-28 16:00:00,27.2,80,0.2,7.3,20,-2.49674704627738,-6.859756131737131
2016-08-28 17:00:00,27.1,80,0.0,5.6,15,-1.4493866525741155,-5.4091846272187825
2016-08-28 18:00:00,26.3,83,0.0,6.5,341,2.116193003971519,-6.145870741395559
2016-08-28 19:00:00,25.4,89,0.0,6.8,335,2.873804179836756,-6.162892951849219
2016-08-28 20:00:00,24.9,89,0.0,6.1,357,0.3192493330819582,-6.0916401620029
2016-08-28 21:00:00,25.4,84,0.0,6.9,354,0.7212463965468089,-6.862201078041086
2016-08-28 22:00:00,25.2,84,0.0,5.8,4,-0.40458754771592836,-5.78587149150698
2016-08-28 23:00:00,23.6,92,0.1,1.5,14,-0.36288284339950166,-1.4554435894139948
2016-08-29 00:00:00,23.3,94,0.2,1.3,214,0.7269507745119709,1.0777488443215544
2016-08-29 01:00:00,23.2,94,0.4,3.8,229,2.8678964048465336,2.4930243101639276
2016-08-29 02:00:00,23.3,93,0.7000000000000001,4.4,215,2.5237363199446032,3.604268994871564
2016-08-29 03:00:00,23.6,91,0.0,3.6,225,2.5455844122715714,2.545584412271571
2016-08-29 04:00:00,23.6,91,0.0,3.6,225,2.5455844122715714,2.545584412271571
2016-08-29 05:00:00,23.9,89,0.0,1.5,166,-0.36288284339950166,1.4554435894139948
2016-08-29 06:00:00,23.4,91,0.0,4.7,113,-4.32637281122647,1.8364363038995868
2016-08-29 07:00:00,24.1,93,0.0,2.8,140,-1.7998053071223101,2.1449244407331385
2016-08-29 08:00:00,26.0,82,0.0,2.1,239,1.800051331474436,1.0815799573111138
2016-08-29 09:00:00,26.9,77,0.0,3.7,259,3.632020578756357,0.7059932828932158
2016-08-29 10:00:00,27.2,75,0.1,4.0,270,4.0,0.0
2016-08-29 11:00:00,27.4,72,0.3,4.3,275,4.283637201794505,-0.3747696938149301
2016-08-29 12:00:00,26.5,80,0.6,4.7,279,4.6421352007971475,-0.7352419856890852
2016-08-29 13:00:00,26.5,82,1.3,3.9,292,3.616017032810471,-1.460965714322057
2016-08-29 14:00:00,26.6,83,1.5,2.8,310,2.1449244407331385,-1.7998053071223097
2016-08-29 15:00:00,26.9,75,0.6,1.1,342,0.3399186938124422,-1.0461621679246689
2016-08-29 16:00:00,26.8,76,0.1,1.5,315,1.0606601717798214,-1.0606601717798212
2016-08-29 17:00:00,26.5,78,0.0,3.1,315,2.1920310216782974,-2.192031021678297
2016-08-29 18:00:00,25.9,81,0.0,2.6,304,2.1554976886431083,-1.453901549023942
2016-08-29 19:00:00,24.8,85,0.0,1.5,284,1.4554435894139948,-0.3628828433995016
2016-08-29 20:00:00,24.2,88,0.0,1.1,252,1.0461621679246689,0.33991869381244216
2016-08-29 21:00:00,24.1,87,0.0,3.3,221,2.1649947956686737,2.4905416147351476
2016-08-29 22:00:00,22.7,94,0.0,4.2,211,2.1631599146222276,3.600102662948872
2016-08-29 23:00:00,22.8,93,0.0,7.0,201,2.5085756468171025,6.535062985480412
2016-08-30 00:00:00,22.8,94,0.0,7.0,192,1.4553818357243162,6.847033205136639
2016-08-30 01:00:00,22.3,94,0.1,6.6,193,1.4846769586695083,6.430842427582553
2016-08-30 02:00:00,22.1,95,0.1,6.8,183,0.35588450245201897,6.790680836331102
2016-08-30 03:00:00,22.9,92,0.0,5.1,172,-0.7097828148963332,5.050367150582009
2016-08-30 04:00:00,23.9,86,0.0,3.7,191,0.7059932828932162,3.632020578756357
2016-08-30 05:00:00,23.7,86,0.0,4.1,218,2.524212048835199,3.23084408978756
2016-08-30 06:00:00,23.6,87,0.0,4.1,218,2.524212048835199,3.23084408978756
2016-08-30 07:00:00,23.2,93,0.0,3.5,204,1.4235782507653008,3.197409101749103
2016-08-30 08:00:00,23.8,89,0.0,4.3,228,3.195522749552795,2.8772616073430903
2016-08-30 09:00:00,24.3,86,0.0,4.6,231,3.5748714227020657,2.8948737988292517
2016-08-30 10:00:00,24.6,85,0.1,4.7,261,4.6421352007971475,0.7352419856890852
2016-08-30 11:00:00,24.7,85,0.0,5.4,274,5.386845871403051,-0.37668495821827663
2016-08-30 12:00:00,25.1,83,0.0,6.2,280,6.10580806867569,-1.0766187015349682
2016-08-30 13:00:00,26.1,80,0.0,6.7,286,6.440453362786736,-1.8467702839738944
2016-08-30 14:00:00,26.4,79,0.1,6.6,283,6.430842427582553,-1.484676958669509
2016-08-30 15:00:00,26.5,73,0.6,7.6,278,7.5260373224359345,-1.0577155672964973
2016-08-30 16:00:00,25.3,82,1.2,5.4,278,5.34744757120448,-0.7515347451843534
2016-08-30 17:00:00,25.1,83,1.3,3.0,284,2.9108871788279895,-0.7257656867990032
2016-08-30 18:00:00,24.7,86,1.5,3.9,248,3.616017032810471,1.460965714322057
2016-08-30 19:00:00,24.4,85,1.1,4.0,265,3.984778792366982,0.34862297099063266
2016-08-30 20:00:00,24.1,88,0.7000000000000001,3.4,252,3.233592155403522,1.0506577808748212
2016-08-30 21:00:00,24.6,84,0.6,3.8,253,3.6339580726595346,1.1110124779463997
2016-08-30 22:00:00,24.3,85,0.5,5.1,266,5.087576656325103,0.35575801609503904
2016-08-30 23:00:00,23.0,92,0.2,4.0,243,3.5640260967534716,1.815961998958187
2016-08-31 00:00:00,22.6,94,0.1,3.9,248,3.616017032810471,1.460965714322057
2016-08-31 01:00:00,22.9,91,0.0,3.3,311,2.4905416147351476,-2.1649947956686737
2016-08-31 02:00:00,23.1,90,0.0,4.5,331,2.181643291108517,-3.935788682127281
2016-08-31 03:00:00,22.8,91,0.0,3.7,331,1.7937955949114475,-3.2360929164157644
2016-08-31 04:00:00,23.2,88,0.0,4.0,333,1.8159619989581872,-3.564026096753471
2016-08-31 05:00:00,23.3,87,0.0,3.3,354,0.3449439287832564,-3.2819222547153015
2016-08-31 06:00:00,23.5,85,0.0,3.3,13,-0.7423384793347553,-3.215421213791276
2016-08-31 07:00:00,23.2,91,0.0,4.7,351,0.7352419856890854,-4.6421352007971475
2016-08-31 08:00:00,24.5,83,0.0,6.2,353,0.7555899291119145,-6.153786140176196
2016-08-31 09:00:00,25.4,79,0.0,6.6,338,2.4724035165450187,-6.1194134401407965
2016-08-31 10:00:00,26.4,73,0.0,7.7,319,5.051654523226906,-5.811263767715345
2016-08-31 11:00:00,27.3,69,0.0,9.0,307,7.187719590425635,-5.416335208368435
2016-08-31 12:00:00,27.5,66,0.0,8.3,304,6.881011852206846,-4.6413010988072
2016-08-31 13:00:00,27.5,66,0.0,7.6,301,6.5144714853360535,-3.9142893693164114
2016-08-31 14:00:00,27.8,64,0.0,6.4,297,5.702441754805555,-2.9055391983330994
2016-08-31 15:00:00,27.5,65,0.0,6.0,295,5.437846722219899,-2.5357095704441965
2016-08-31 16:00:00,27.2,66,0.0,5.2,286,4.998560818879258,-1.4333142502483958
2016-08-31 17:00:00,26.7,67,0.0,4.7,270,4.7,0.0
2016-08-31 18:00:00,25.9,76,0.0,5.2,254,4.998560818879258,1.4333142502483958
2016-08-31 19:00:00,24.9,75,0.0,4.3,222,2.8772616073430903,3.195522749552795
2016-08-31 20:00:00,23.4,83,0.0,4.7,184,0.3278554265973886,4.688551036221174
2016-08-31 21:00:00,22.6,85,0.0,5.4,172,-0.7515347451843529,5.34744757120448
2016-08-31 22:00:00,22.1,86,0.0,6.0,163,-1.75423022833642,5.737828535778213
2016-08-31 23:00:00,21.5,87,0.0,7.1,150,-3.549999999999998,6.148780366869515
2016-09-01 00:00:00,21.0,88,0.0,7.8,146,-4.361704647071824,6.466493065929326
2016-09-01 01:00:00,20.5,89,0.0,7.4,141,-4.656970893768796,5.750880114781586
2016-09-01 02:00:00,20.0,90,0.0,6.9,133,-5.046340541172277,4.705788684431241
2016-09-01 03:00:00,20.1,89,0.0,5.1,135,-3.606244584051392,3.6062445840513924
2016-09-01 04:00:00,19.7,90,0.0,3.8,139,-2.493024310163927,2.867896404846534
2016-09-01 05:00:00,19.4,91,0.0,4.6,135,-3.252691193458118,3.2526911934581184
2016-09-01 06:00:00,19.2,91,0.0,6.6,135,-4.666904755831213,4.666904755831213
2016-09-01 07:00:00,21.2,91,0.0,6.4,137,-4.364789504399989,4.6806636903626915
2016-09-01 08:00:00,25.5,68,0.0,5.1,176,-0.35575801609503915,5.087576656325103
2016-09-01 09:00:00,26.6,64,0.0,6.6,193,1.4846769586695083,6.430842427582553
2016-09-01 10:00:00,27.4,65,0.0,6.8,205,2.873804179836756,6.162892951849219
2016-09-01 11:00:00,28.0,65,0.0,7.6,211,3.9142893693164114,6.5144714853360535
2016-09-01 12:00:00,28.0,67,0.0,8.0,207,3.6319239979163744,7.128052193506942
2016-09-01 13:00:00,28.1,68,0.0,9.2,206,4.033014550459512,8.268905225952336
2016-09-01 14:00:00,28.8,65,0.0,9.7,202,3.633683956134346,8.993683389297837
2016-09-01 15:00:00,28.9,65,0.0,11.3,202,4.233054505599806,10.4771775566047
2016-09-01 16:00:00,28.7,67,0.0,13.6,212,7.206901993571586,11.533454107727392
2016-09-01 17:00:00,28.0,71,0.0,13.4,204,5.450271017215723,12.241509132410853
2016-09-01 18:00:00,26.6,78,0.0,10.2,212,5.40517649517869,8.650090580795544
2016-09-01 19:00:00,25.3,85,0.0,8.6,178,-0.30013567164150823,8.594761112364223
2016-09-01 20:00:00,24.5,88,0.0,9.0,164,-2.4807362023529915,8.65135526344487
2016-09-01 21:00:00,24.0,90,0.0,10.8,182,0.3769145643870117,10.793420931806235
2016-09-01 22:00:00,23.2,92,0.2,9.5,171,-1.4861274178821928,9.38303923565381
2016-09-01 23:00:00,22.9,91,0.3,10.1,174,-1.055737479003301,10.04467114321956
2016-09-02 00:00:00,22.6,91,0.7000000000000001,10.5,172,-1.4613175600806863,10.397814721786489
2016-09-02 01:00:00,22.3,90,0.1,8.7,150,-4.349999999999998,7.534421012924616
2016-09-02 02:00:00,22.7,86,0.0,8.5,168,-1.7672493719509543,8.314254606237348
2016-09-02 03:00:00,22.3,85,0.0,9.2,169,-1.755442757464212,9.030970087718508
2016-09-02 04:00:00,23.1,80,0.0,9.6,160,-3.2833933759264196,9.02104915954472
2016-09-02 05:00:00,23.3,78,0.0,9.0,157,-3.5165801564034638,8.284543681071963
2016-09-02 06:00:00,22.5,82,0.1,9.6,160,-3.2833933759264196,9.02104915954472
2016-09-02 07:00:00,23.3,87,0.2,8.4,187,1.023702484603239,8.337387673787106
2016-09-02 08:00:00,25.4,78,0.4,8.1,193,1.8221035401853058,7.892397524760405
2016-09-02 09:00:00,25.7,79,0.7000000000000001,8.4,190,1.4586446924022156,8.272385125302547
2016-09-02 10:00:00,25.8,82,1.3,7.5,197,2.192787785420526,7.172285669722766
2016-09-02 11:00:00,25.3,85,1.8,9.1,189,1.4235536318661013,8.987963899415753
2016-09-02 12:00:00,25.4,86,2.0,8.3,185,0.7233926648055626,8.268415994161488
2016-09-02 13:00:00,26.0,85,7.8,10.6,204,4.311408416603482,9.683581851011569
2016-09-02 14:00:00,25.6,84,6.8,12.0,201,4.300415394543604,11.202965117966421
2016-09-02 15:00:00,24.7,92,2.4,9.7,180,5.939536975864663e-16,9.7
2016-09-02 16:00:00,24.6,92,1.7000000000000002,10.1,174,-1.055737479003301,10.04467114321956
2016-09-02 17:00:00,24.5,92,1.1,9.0,175,-0.7844016847289241,8.96575228282571
2016-09-02 18:00:00,24.4,91,0.4,6.2,173,-0.7555899291119137,6.153786140176197
2016-09-02 19:00:00,24.2,92,0.7000000000000001,6.9,186,0.7212463965468089,6.862201078041086
2016-09-02 20:00:00,24.0,92,0.9,7.2,174,-0.7526049355271056,7.160557646651568
2016-09-02 21:00:00,23.8,92,0.2,5.5,157,-2.149021206691006,5.062776693988422
2016-09-02 22:00:00,23.6,92,0.0,6.5,177,-0.34018371557913496,6.49109197590473
2016-09-02 23:00:00,23.4,90,0.1,8.0,185,0.6972459419812651,7.969557584733964
2016-09-03 00:00:00,23.0,92,0.2,7.6,172,-1.0577155672964966,7.5260373224359345
2016-09-03 01:00:00,23.0,90,0.6,8.1,167,-1.8221035401853067,7.892397524760405
2016-09-03 02:00:00,23.1,89,0.7000000000000001,8.0,162,-2.4721359549995787,7.608452130361229
2016-09-03 03:00:00,23.9,84,0.9,7.8,158,-2.9219314286441143,7.232034065620942
2016-09-03 04:00:00,23.9,84,0.7000000000000001,7.4,157,-2.891410350820626,6.811735915548058
2016-09-03 05:00:00,23.7,84,0.6,7.4,166,-1.7902220274375418,7.180188374442374
2016-09-03 06:00:00,22.8,90,0.6,4.7,184,0.3278554265973886,4.688551036221174
2016-09-03 07:00:00,23.2,91,0.4,3.8,197,1.1110124779463997,3.6339580726595346
2016-09-03 08:00:00,24.7,86,0.4,4.7,212,2.490620541896063,3.9858260519352022
2016-09-03 09:00:00,25.2,87,0.3,7.1,221,4.658019105832602,5.358438019581681
2016-09-03 10:00:00,26.2,85,0.0,9.2,219,5.789747597658504,7.149742845404131
2016-09-03 11:00:00,27.0,83,0.0,7.9,219,4.971631089293717,6.139453095510071
2016-09-03 12:00:00,26.7,86,1.0,7.3,213,3.9758649556096977,6.122295146001595
2016-09-03 13:00:00,26.7,85,2.6,7.0,215,4.015035054457323,5.7340643100229425
2016-09-03 14:00:00,26.8,84,2.0,6.3,211,3.244739871933341,5.400153994423308
2016-09-03 15:00:00,26.0,85,2.1,6.3,211,3.244739871933341,5.400153994423308
2016-09-03 16:00:00,25.7,88,3.3,5.7,235,4.669166652447253,3.2693856872009626
2016-09-03 17:00:00,24.8,93,4.6,5.7,252,5.421022142882375,1.7613968679372003
2016-09-03 18:00:00,24.3,95,1.5,3.3,229,2.4905416147351476,2.1649947956686737
2016-09-03 19:00:00,23.9,96,1.3,3.1,225,2.1920310216782974,2.192031021678297
2016-09-03 20:00:00,23.4,98,0.9,3.2,243,2.8512208774027776,1.4527695991665497
2016-09-03 21:00:00,23.3,98,0.4,3.3,229,2.4905416147351476,2.1649947956686737
2016-09-03 22:00:00,23.2,98,0.1,3.7,209,1.7937955949114475,3.2360929164157644
2016-09-03 23:00:00,23.4,97,0.0,2.9,210,1.4500000000000002,2.5114736709748717
2016-09-04 00:00:00,22.9,98,0.0,3.1,216,1.8221342821066668,2.5079526825623373
2016-09-04 01:00:00,22.7,99,0.0,1.9,202,0.7117525274902327,1.761649323676896
2016-09-04 02:00:00,23.0,98,0.0,1.8,191,0.34345619167778085,1.7669289302057951
2016-09-04 03:00:00,23.3,97,0.2,1.3,146,-0.7269507745119708,1.0777488443215544
2016-09-04 04:00:00,23.1,97,0.0,0.0,270,0.0,0.0
2016-09-04 05:00:00,23.0,97,0.0,0.5,225,0.3535533905932738,0.35355339059327373
2016-09-04 06:00:00,23.7,95,0.0,3.2,63,-2.8512208774027776,-1.4527695991665495
2016-09-04 07:00:00,23.9,95,0.0,2.3,39,-1.447436899414627,-1.7874357113510322
2016-09-04 08:00:00,24.8,91,0.0,1.9,338,0.7117525274902327,-1.761649323676896
2016-09-04 09:00:00,26.0,85,0.0,3.4,328,1.8017254983928965,-2.883363526931848
2016-09-04 10:00:00,27.1,82,0.0,5.1,315,3.6062445840513924,-3.606244584051392
2016-09-04 11:00:00,27.9,80,0.3,4.3,318,2.8772616073430903,-3.195522749552795
2016-09-04 12:00:00,27.8,79,0.8,4.1,315,2.899137802864845,-2.8991378028648445
2016-09-04 13:00:00,27.4,81,1.9,4.1,345,1.061158084920335,-3.96029588778518
2016-09-04 14:00:00,27.0,83,1.1,3.7,331,1.7937955949114475,-3.2360929164157644
2016-09-04 15:00:00,27.2,82,1.2,1.9,338,0.7117525274902327,-1.761649323676896
2016-09-04 16:00:00,27.4,81,0.4,1.8,281,1.7669289302057951,-0.34345619167778063
2016-09-04 17:00:00,26.8,82,3.4,3.7,281,3.632020578756357,-0.7059932828932158
2016-09-04 18:00:00,26.0,85,1.2,4.1,225,2.899137802864845,2.8991378028648445
2016-09-04 19:00:00,25.2,90,0.1,5.0,210,2.5000000000000004,4.330127018922193
2016-09-04 20:00:00,24.3,94,1.0,5.0,210,2.5000000000000004,4.330127018922193
2016-09-04 21:00:00,24.1,94,0.8,5.2,205,2.197614961051637,4.7128004925905795
2016-09-04 22:00:00,23.8,96,1.1,3.6,225,2.5455844122715714,2.545584412271571
2016-09-04 23:00:00,23.7,96,1.8,3.6,217,2.1665340833473743,2.875087836170254
2016-09-05 00:00:00,23.5,97,2.2,4.3,204,1.7489675652259409,3.9282454678631837
2016-09-05 01:00:00,23.4,96,3.8,5.1,188,0.7097828148963339,5.050367150582009
2016-09-05 02:00:00,23.5,96,5.8,5.4,200,1.8469087739586119,5.074340152243905
2016-09-05 03:00:00,23.4,97,4.6,4.2,200,1.436484601967809,3.9467090073008153
2016-09-05 04:00:00,23.6,96,7.7,5.2,205,2.197614961051637,4.7128004925905795
2016-09-05 05:00:00,23.4,96,6.4,3.8,197,1.1110124779463997,3.6339580726595346
2016-09-05 06:00:00,23.1,96,7.7,3.6,174,-0.3763024677635528,3.580278823325784
2016-09-05 07:00:00,23.7,96,6.7,3.1,126,-2.507952682562337,1.822134282106667
2016-09-05 08:00:00,24.7,92,3.7,1.0,225,0.7071067811865476,0.7071067811865475
2016-09-05 09:00:00,24.9,93,4.4,4.0,260,3.939231012048832,0.6945927106677213
2016-09-05 10:00:00,25.6,93,3.8,6.4,243,5.702441754805555,2.9055391983330994
2016-09-05 11:00:00,25.9,93,1.8,8.1,257,7.892397524760405,1.8221035401853065
2016-09-05 12:00:00,25.9,94,2.9,4.0,280,3.939231012048832,-0.6945927106677213
2016-09-05 13:00:00,26.5,88,4.0,4.7,274,4.688551036221174,-0.3278554265973889
2016-09-05 14:00:00,25.7,90,6.1,7.2,267,7.190132650232932,0.37681888494919563
2016-09-05 15:00:00,26.2,89,8.6,7.8,257,7.6000865053248345,1.754618223882147
2016-09-05 16:00:00,25.6,90,7.7,8.4,227,6.143371093601032,5.728786224524987
2016-09-05 17:00:00,24.9,92,4.2,6.9,208,3.239353783222647,6.092338390726596
2016-09-05 18:00:00,24.4,93,0.3,3.1,216,1.8221342821066668,2.5079526825623373
2016-09-05 19:00:00,24.3,92,0.0,4.3,175,-0.3747696938149304,4.283637201794505
2016-09-05 20:00:00,23.7,95,0.0,5.4,217,3.2498011250210617,4.312631754255381
2016-09-05 21:00:00,23.3,96,0.0,6.8,205,2.873804179836756,6.162892951849219
2016-09-05 22:00:00,23.0,97,0.0,7.3,191,1.3929056662487778,7.165878439167947
2016-09-05 23:00:00,23.3,95,0.4,6.5,180,3.9801020972288977e-16,6.5
2016-09-06 00:00:00,24.0,91,0.4,7.6,172,-1.0577155672964966,7.5260373224359345
2016-09-06 01:00:00,23.2,94,0.1,8.9,166,-2.1531048708370433,8.635631963856369
2016-09-06 02:00:00,23.0,92,0.0,9.3,167,-2.092044805397945,9.06164160250269
2016-09-06 03:00:00,23.5,89,0.2,8.9,159,-3.1894747509531727,8.308865795825096
2016-09-06 04:00:00,24.7,81,0.1,8.9,153,-4.040515447681965,7.929958065276475
2016-09-06 05:00:00,24.8,80,0.1,8.4,155,-3.5499933986218744,7.612985411107861
2016-09-06 06:00:00,24.8,80,0.0,9.4,173,-1.1455718280083853,9.329933825428428
2016-09-06 07:00:00,24.5,84,0.0,10.0,167,-2.2495105434386504,9.743700647852352
2016-09-06 08:00:00,25.1,84,0.0,10.8,180,6.613092715395707e-16,10.8
2016-09-06 09:00:00,25.5,85,0.0,12.1,190,2.101142949769858,11.916173811447717
2016-09-06 10:00:00,25.6,86,0.2,12.0,196,3.30764826980399,11.535140351259827
2016-09-06 11:00:00,25.8,86,0.7000000000000001,11.5,194,2.782101799396178,11.15840085217396
2016-09-06 12:00:00,26.2,85,0.1,12.8,191,2.442355140819775,12.5648279481301
2016-09-06 13:00:00,27.0,80,0.7000000000000001,10.4,194,2.515987714236544,10.091075553270363
2016-09-06 14:00:00,26.5,81,1.0,12.9,193,2.9018686010358574,12.569373835729534
2016-09-06 15:00:00,26.7,82,3.3,12.6,204,5.124881702755083,11.510672766296771
2016-09-06 16:00:00,26.0,85,1.2,12.3,195,3.183474254761005,11.88088766335554
2016-09-06 17:00:00,25.5,85,0.7000000000000001,10.0,193,2.249510543438649,9.743700647852352
2016-09-06 18:00:00,24.8,85,0.7000000000000001,8.4,190,1.4586446924022156,8.272385125302547
2016-09-06 19:00:00,24.2,86,1.1,8.3,182,0.289665822630759,8.294943864258496
2016-09-06 20:00:00,23.8,87,1.3,8.7,175,-0.7582549619046266,8.666893873398186
2016-09-06 21:00:00,23.7,87,0.9,10.2,172,-1.4195656297926664,10.100734301164017
2016-09-06 22:00:00,23.5,88,0.4,11.5,182,0.4013442120787624,11.492994510719601
2016-09-06 23:00:00,23.4,88,0.5,13.4,185,1.167886952818619,13.34900895442939
2016-09-07 00:00:00,23.4,88,0.3,12.7,187,1.547740661245373,12.605336125844788
2016-09-07 01:00:00,23.5,87,0.3,10.8,176,-0.7533699164365536,10.773691742806102
2016-09-07 02:00:00,23.6,87,1.6,9.4,157,-3.6728726077991736,8.652745622452938
2016-09-07 03:00:00,23.0,89,1.2,8.7,150,-4.349999999999998,7.534421012924616
2016-09-07 04:00:00,22.9,88,1.0,8.1,148,-4.292346040288959,6.869189578867051
2016-09-07 05:00:00,22.9,87,0.9,8.2,157,-3.2039952536120446,7.548139798310009
2016-09-07 06:00:00,22.6,88,0.9,9.9,170,-1.71911695890261,9.74959675482086
2016-09-07 07:00:00,22.8,89,1.1,10.5,174,-1.0975488643103624,10.44247990136687
2016-09-07 08:00:00,23.3,86,0.7000000000000001,11.9,182,0.41530401075976286,11.89275084152724
2016-09-07 09:00:00,24.0,85,0.4,13.0,177,-0.6803674311582699,12.98218395180946
2016-09-07 10:00:00,24.7,84,0.6,13.7,180,8.388830574159369e-16,13.7
2016-09-07 11:00:00,25.9,80,0.7000000000000001,13.3,177,-0.6960682180311532,13.281772812235833
2016-09-07 12:00:00,25.8,81,2.6,12.3,173,-1.4989929238833126,12.208317665188263
2016-09-07 13:00:00,25.7,82,2.7,12.0,173,-1.4624321208617683,11.910553819695865
2016-09-07 14:00:00,25.5,84,3.0,11.5,178,-0.401344212078761,11.492994510719601
2016-09-07 15:00:00,25.9,82,0.8,9.7,176,-0.6766377953180156,9.676371287520293
2016-09-07 16:00:00,25.8,79,0.8,11.2,186,1.1707187885977186,11.13864522812466
2016-09-07 17:00:00,25.0,84,1.7000000000000002,10.1,178,-0.3524849166952596,10.093847352892867
2016-09-07 18:00:00,24.1,86,2.0,7.7,169,-1.469229264399395,7.558529312547013
2016-09-07 19:00:00,23.5,87,2.3,8.8,161,-2.864999759222979,8.320563465273988
2016-09-07 20:00:00,23.0,88,3.0,10.7,160,-3.659615533584655,10.05471104240922
2016-09-07 21:00:00,22.8,89,3.1,12.1,163,-3.5376976271451133,11.57128754715273
2016-09-07 22:00:00,22.6,89,3.1,11.1,151,-5.381386784734341,9.708278749247294
2016-09-07 23:00:00,22.5,89,3.0,9.7,141,-6.104407793183421,7.538315826132618
2016-09-08 00:00:00,22.4,88,2.0,9.2,149,-4.738350289172499,7.8859391664594325
2016-09-08 01:00:00,22.4,88,1.4,8.8,161,-2.864999759222979,8.320563465273988
2016-09-08 02:00:00,22.2,88,1.3,8.8,168,-1.8296228791962823,8.607698886457491
2016-09-08 03:00:00,22.6,84,0.4,8.3,162,-2.564841053312063,7.893769085249776
2016-09-08 04:00:00,22.3,86,0.5,8.1,159,-2.902780391316932,7.5620014546273335
2016-09-08 05:00:00,22.4,84,0.6,8.2,157,-3.2039952536120446,7.548139798310009
2016-09-08 06:00:00,22.5,82,0.4,7.8,158,-2.9219314286441143,7.232034065620942
2016-09-08 07:00:00,23.0,82,0.2,6.6,158,-2.4724035165450196,6.1194134401407965
2016-09-08 08:00:00,24.8,79,0.2,7.9,180,4.837354856632045e-16,7.9
2016-09-08 09:00:00,26.5,72,0.8,11.0,199,3.5812496990287244,10.400704331592484
2016-09-08 10:00:00,26.2,76,0.7000000000000001,11.2,195,2.8987733051482323,10.818369254437565
2016-09-08 11:00:00,26.1,80,0.8,12.6,200,4.309453805903427,11.840127021902445
2016-09-08 12:00:00,26.3,82,1.6,14.8,209,7.17518237964579,12.944371665663057
2016-09-08 13:00:00,26.9,80,2.5,14.0,215,8.030070108914646,11.468128620045885
2016-09-08 14:00:00,26.8,79,1.2,13.0,208,6.103130316216581,11.47831870716605
2016-09-08 15:00:00,26.3,81,1.1,10.9,214,6.09520264783114,9.036509540849956
2016-09-08 16:00:00,25.9,84,1.1,11.0,203,4.298042413382011,10.125553387976844
2016-09-08 17:00:00,25.3,87,0.7000000000000001,8.5,192,1.7672493719509554,8.314254606237347
2016-09-08 18:00:00,24.9,87,0.6,7.6,172,-1.0577155672964966,7.5260373224359345
2016-09-08 19:00:00,24.0,90,0.5,8.4,160,-2.872969203935617,7.8934180146016315
2016-09-08 20:00:00,23.8,88,0.3,7.4,157,-2.891410350820626,6.811735915548058
2016-09-08 21:00:00,23.5,86,0.2,6.6,158,-2.4724035165450196,6.1194134401407965
2016-09-08 22:00:00,22.9,86,0.2,6.9,152,-3.2393537832226476,6.092338390726596
2016-09-08 23:00:00,23.1,82,0.1,5.9,142,-3.6324027044213842,4.64926344627966
2016-09-09 00:00:00,22.4,83,0.2,4.4,145,-2.5237363199446032,3.6042689948715636
2016-09-09 01:00:00,21.9,84,0.2,4.2,149,-2.163159914622228,3.600102662948872
2016-09-09 02:00:00,22.3,81,0.2,4.7,148,-2.4906205418960625,3.9858260519352027
2016-09-09 03:00:00,22.6,79,0.3,4.7,148,-2.4906205418960625,3.9858260519352027
2016-09-09 04:00:00,21.7,84,0.4,5.5,148,-2.914555953282626,4.664264528860343
2016-09-09 05:00:00,21.8,82,0.4,5.2,146,-2.907803098047883,4.3109953772862175
2016-09-09 06:00:00,22.7,76,0.4,3.6,143,-2.1665340833473743,2.8750878361702537
2016-09-09 07:00:00,22.2,85,0.3,3.4,148,-1.8017254983928963,2.8833635269318485
2016-09-09 08:00:00,24.1,77,0.0,3.5,156,-1.423578250765301,3.197409101749103
2016-09-09 09:00:00,25.5,72,0.0,6.5,199,2.116193003971519,6.145870741395559
2016-09-09 10:00:00,26.8,69,0.0,8.6,213,4.683895701129233,7.212566884330647
2016-09-09 11:00:00,27.5,72,0.0,9.4,223,6.410784584587486,6.874724795220202
2016-09-09 12:00:00,28.0,73,0.7000000000000001,10.7,228,7.951649632608118,7.159697488039782
2016-09-09 13:00:00,27.5,76,0.8,11.4,235,9.338333304894507,6.538771374401925
2016-09-09 14:00:00,26.5,80,0.3,9.8,242,8.652886410017485,4.60082131530173
2016-09-09 15:00:00,25.6,84,1.9,7.6,239,6.5144714853360535,3.9142893693164114
2016-09-09 16:00:00,25.8,83,1.9,6.6,209,3.199743493625825,5.772490067120011
2016-09-09 17:00:00,25.6,86,0.4,5.2,214,2.9078030980478835,4.3109953772862175
2016-09-09 18:00:00,24.9,89,0.3,5.1,225,3.6062445840513924,3.606244584051392
2016-09-09 19:00:00,24.1,94,0.4,5.5,169,-1.0494494745709964,5.3989495089621515
2016-09-09 20:00:00,23.4,95,0.2,5.8,176,-0.4045875477159269,5.78587149150698
2016-09-09 21:00:00,23.1,95,0.0,6.6,171,-1.0324674692655234,6.518743047927909
2016-09-09 22:00:00,22.6,95,0.0,5.7,145,-3.269385687200963,4.669166652447252
2016-09-09 23:00:00,21.9,96,0.0,4.7,122,-3.9858260519352022,2.490620541896063
2016-09-10 00:00:00,21.7,95,0.0,5.4,94,-5.386845871403051,0.37668495821827785
2016-09-10 01:00:00,21.4,95,0.0,3.6,90,-3.6,4.4087284769304716e-16
2016-09-10 02:00:00,21.0,95,0.0,2.2,90,-2.2,2.6942229581241775e-16
2016-09-10 03:00:00,21.9,91,0.0,1.1,162,-0.3399186938124421,1.046162167924669
2016-09-10 04:00:00,21.6,91,0.0,2.5,172,-0.3479327524001634,2.475670171853926
2016-09-10 05:00:00,21.7,89,0.0,2.6,164,-0.7166571251241975,2.499280409439629
2016-09-10 06:00:00,21.1,91,0.0,1.1,90,-1.1,1.3471114790620887e-16
2016-09-10 07:00:00,22.3,92,0.0,2.2,90,-2.2,2.6942229581241775e-16
2016-09-10 08:00:00,24.6,87,0.0,2.3,129,-1.7874357113510329,1.4474368994146258
2016-09-10 09:00:00,26.3,77,0.0,3.6,233,2.875087836170254,2.166534083347374
2016-09-10 10:00:00,26.8,78,0.0,4.2,239,3.600102662948872,2.1631599146222276
2016-09-10 11:00:00,27.0,80,0.0,5.7,235,4.669166652447253,3.2693856872009626
2016-09-10 12:00:00,27.4,78,0.1,6.3,246,5.755336383148386,2.5624408513775414
2016-09-10 13:00:00,27.7,76,0.0,7.4,247,6.811735915548059,2.891410350820626
2016-09-10 14:00:00,28.2,73,0.1,8.0,260,7.878462024097664,1.3891854213354426
2016-09-10 15:00:00,26.5,78,0.6,5.4,274,5.386845871403051,-0.37668495821827663
2016-09-10 16:00:00,26.9,78,0.7000000000000001,4.3,270,4.3,0.0
2016-09-10 17:00:00,26.5,79,1.9,2.9,270,2.9,0.0
2016-09-10 18:00:00,25.4,85,0.4,2.9,173,-0.35342109587492737,2.878383839759834
2016-09-10 19:00:00,24.4,91,0.2,5.5,148,-2.914555953282626,4.664264528860343
2016-09-10 20:00:00,25.2,85,0.0,2.6,164,-0.7166571251241975,2.499280409439629
2016-09-10 21:00:00,25.1,85,0.0,3.3,96,-3.2819222547153015,0.3449439287832573
2016-09-10 22:00:00,24.3,87,0.0,4.1,105,-3.9602958877851795,1.0611580849203361
2016-09-10 23:00:00,23.8,87,0.0,2.6,106,-2.499280409439629,0.716657125124198
2016-09-11 00:00:00,24.2,84,0.0,4.1,135,-2.8991378028648445,2.899137802864845
2016-09-11 01:00:00,24.1,83,0.0,4.0,153,-1.8159619989581868,3.5640260967534716
2016-09-11 02:00:00,24.7,80,0.0,4.4,145,-2.5237363199446032,3.6042689948715636
2016-09-11 03:00:00,23.5,82,0.0,3.6,135,-2.545584412271571,2.5455844122715714
2016-09-11 04:00:00,23.9,79,0.0,1.5,135,-1.0606601717798212,1.0606601717798214
2016-09-11 05:00:00,23.4,80,0.0,0.7000000000000001,90,-0.7000000000000001,8.572527594031473e-17
2016-09-11 06:00:00,21.6,88,0.0,3.8,107,-3.633958072659535,1.111012477946399
2016-09-11 07:00:00,22.7,92,0.0,4.1,128,-3.2308440897875594,2.5242120488351993
2016-09-11 08:00:00,26.3,76,0.0,1.8,180,1.1021821192326179e-16,1.8
2016-09-11 09:00:00,27.1,77,0.0,4.8,228,3.5670951622914924,3.2118269105225195
2016-09-11 10:00:00,27.7,78,0.0,6.6,248,6.1194134401407965,2.472403516545019
2016-09-11 11:00:00,27.9,76,0.0,6.4,243,5.702441754805555,2.9055391983330994
2016-09-11 12:00:00,27.9,75,0.0,6.2,249,5.788198644282651,2.2218812871808615
2016-09-11 13:00:00,28.1,73,0.0,5.4,262,5.34744757120448,0.7515347451843534
2016-09-11 14:00:00,27.8,74,0.1,5.4,270,5.4,0.0
2016-09-11 15:00:00,27.9,78,0.3,5.9,284,5.7247447850283795,-1.4273391840380396
2016-09-11 16:00:00,26.8,80,0.6,4.2,290,3.9467090073008158,-1.4364846019678086
2016-09-11 17:00:00,26.2,82,1.1,3.1,306,2.5079526825623373,-1.8221342821066668
2016-09-11 18:00:00,25.5,86,0.0,2.5,360,1.5308084989341916e-16,-2.5
2016-09-11 19:00:00,24.8,89,0.0,1.0,315,0.7071067811865476,-0.7071067811865475
2016-09-11 20:00:00,23.6,94,0.0,1.3,146,-0.7269507745119708,1.0777488443215544
2016-09-11 21:00:00,22.8,94,0.0,2.5,135,-1.7677669529663687,1.7677669529663689
2016-09-11 22:00:00,22.1,95,0.0,3.2,153,-1.4527695991665495,2.8512208774027776
2016-09-11 23:00:00,21.6,95,0.0,3.6,135,-2.545584412271571,2.5455844122715714
2016-09-12 00:00:00,21.6,94,0.0,4.8,132,-3.567095162291491,3.21182691052252
2016-09-12 01:00:00,21.3,94,0.2,4.6,129,-3.5748714227020657,2.8948737988292517
2016-09-12 02:00:00,21.2,93,0.2,3.3,131,-2.4905416147351476,2.1649947956686737
2016-09-12 03:00:00,22.2,88,0.0,2.5,135,-1.7677669529663687,1.7677669529663689
2016-09-12 04:00:00,21.7,89,0.0,3.3,84,-3.2819222547153015,-0.3449439287832565
2016-09-12 05:00:00,21.4,90,0.0,3.4,58,-2.8833635269318485,-1.8017254983928963
2016-09-12 06:00:00,20.9,91,0.0,3.8,49,-2.867896404846534,-2.4930243101639267
2016-09-12 07:00:00,22.8,88,0.0,5.0,60,-4.330127018922193,-2.5000000000000004
2016-09-12 08:00:00,24.9,85,0.0,6.3,13,-1.417191642366351,-6.1385314081469815
2016-09-12 09:00:00,26.4,80,0.0,8.3,358,0.289665822630759,-8.294943864258496
2016-09-12 10:00:00,27.3,78,0.0,9.2,349,1.755442757464213,-9.030970087718508
2016-09-12 11:00:00,28.1,76,0.0,10.8,345,2.795245687107224,-10.431998923921938
2016-09-12 12:00:00,28.6,75,0.0,11.7,342,3.615498834186885,-11.127361240653295
2016-09-12 13:00:00,28.5,75,0.0,12.2,346,2.9514471263159456,-11.837607860567156
2016-09-12 14:00:00,28.1,77,0.0,10.5,352,1.4613175600806874,-10.397814721786489
2016-09-12 15:00:00,27.5,80,0.0,10.8,356,0.7533699164365526,-10.773691742806102
2016-09-12 16:00:00,27.3,81,0.0,10.1,356,0.7045403848156648,-10.075396907624224
2016-09-12 17:00:00,26.7,85,0.0,7.7,349,1.4692292643993958,-7.558529312547013
2016-09-12 18:00:00,25.7,89,0.0,7.8,338,2.9219314286441134,-7.232034065620942
2016-09-12 19:00:00,25.2,91,0.0,7.8,347,1.7546182238821464,-7.6000865053248345
2016-09-12 20:00:00,24.1,96,0.0,6.0,343,1.7542302283364206,-5.737828535778212
2016-09-12 21:00:00,23.9,95,0.0,3.9,338,1.4609657143220567,-3.616017032810471
2016-09-12 22:00:00,23.9,94,0.0,2.2,351,0.34415582308850806,-2.1729143493093033
2016-09-12 23:00:00,23.5,95,0.0,1.5,14,-0.36288284339950166,-1.4554435894139948
2016-09-13 00:00:00,23.3,96,0.0,0.7000000000000001,180,4.2862637970157366e-17,0.7000000000000001
2016-09-13 01:00:00,22.7,97,0.0,1.1,162,-0.3399186938124421,1.046162167924669
2016-09-13 02:00:00,21.8,98,0.0,2.1,211,1.0815799573111138,1.800051331474436
2016-09-13 03:00:00,22.3,96,0.6,1.9,248,1.761649323676896,0.7117525274902328
2016-09-13 04:00:00,22.9,95,0.4,2.2,360,1.3471114790620887e-16,-2.2
2016-09-13 05:00:00,23.4,94,0.0,5.5,23,-2.149021206691006,-5.062776693988422
2016-09-13 06:00:00,23.5,92,0.0,6.4,27,-2.9055391983331003,-5.702441754805554
2016-09-13 07:00:00,23.6,94,0.0,7.4,14,-1.7902220274375418,-7.180188374442374
2016-09-13 08:00:00,25.6,85,0.0,10.8,358,0.3769145643870117,-10.793420931806235
2016-09-13 09:00:00,26.4,82,0.0,14.4,357,0.7536377698983932,-14.380265300465863
2016-09-13 10:00:00,26.9,81,0.0,15.5,360,9.491012693391988e-16,-15.5
2016-09-13 11:00:00,27.6,79,0.0,14.8,356,1.0323958114130536,-14.763947943845398
2016-09-13 12:00:00,27.9,78,0.0,14.0,348,2.9107636714486325,-13.694066410273278
2016-09-13 13:00:00,28.1,77,0.0,14.8,347,3.329275604289201,-14.420676958821483
2016-09-13 14:00:00,27.7,78,0.1,12.4,350,2.1532374030699373,-12.21161613735138
2016-09-13 15:00:00,28.4,78,0.1,11.5,340,3.9332316482451914,-10.806465139037945
2016-09-13 16:00:00,27.8,83,0.9,7.2,333,3.268731598124737,-6.415246974156248
2016-09-13 17:00:00,27.2,87,0.1,4.8,312,3.5670951622914924,-3.2118269105225195
2016-09-13 18:00:00,26.3,90,0.0,3.7,281,3.632020578756357,-0.7059932828932158
2016-09-13 19:00:00,25.8,93,0.0,3.1,216,1.8221342821066668,2.5079526825623373
2016-09-13 20:00:00,25.6,93,0.4,4.7,203,1.8364363038995866,4.32637281122647
2016-09-13 21:00:00,25.2,95,0.9,4.4,171,-0.6883116461770157,4.3458286986186065
2016-09-13 22:00:00,24.9,96,2.6,3.4,148,-1.8017254983928963,2.8833635269318485
2016-09-13 23:00:00,25.1,94,6.8,4.4,81,-4.3458286986186065,-0.6883116461770152
2016-09-14 00:00:00,25.1,93,5.3,4.4,55,-3.604268994871564,-2.5237363199446032
2016-09-14 01:00:00,25.6,90,3.3,3.9,56,-3.233246532964663,-2.180852323535912
2016-09-14 02:00:00,25.1,92,3.5,4.7,86,-4.688551036221174,-0.3278554265973888
2016-09-14 03:00:00,24.1,91,1.4,1.9,68,-1.761649323676896,-0.7117525274902328
2016-09-14 04:00:00,24.7,87,1.7000000000000002,4.1,38,-2.524212048835198,-3.2308440897875603
2016-09-14 05:00:00,25.1,83,2.0,10.0,15,-2.5881904510252065,-9.659258262890683
2016-09-14 06:00:00,23.3,92,4.3,3.8,319,2.4930243101639276,-2.8678964048465336
2016-09-14 07:00:00,23.8,89,5.6,6.7,16,-1.8467702839738926,-6.440453362786737
2016-09-14 08:00:00,24.3,88,3.2,9.0,360,5.51091059616309e-16,-9.0
2016-09-14 09:00:00,24.8,88,4.9,14.8,359,0.2582956152717973,-14.79774588831459
2016-09-14 10:00:00,24.8,90,10.1,22.0,2,-0.7677889274550167,-21.986598194420107
2016-09-14 11:00:00,25.1,88,11.8,21.7,5,-1.891279617624184,-21.617424948590877
2016-09-14 12:00:00,25.1,87,8.8,17.7,6,-1.8501537998374644,-17.60303754801844
2016-09-14 13:00:00,25.2,87,5.9,18.5,13,-4.161594505361507,-18.02584619852685
2016-09-14 14:00:00,25.6,86,4.5,19.0,15,-4.917561856947892,-18.352590699492296
2016-09-14 15:00:00,25.0,89,3.5,14.7,11,-2.8048922320352054,-14.42991959668066
2016-09-14 16:00:00,24.6,89,6.5,4.9,54,-3.964183272437243,-2.880147736233118
2016-09-14 17:00:00,24.2,91,8.5,7.1,139,-4.658019105832601,5.358438019581682
2016-09-14 18:00:00,23.9,91,4.0,14.2,171,-2.2213694035712774,14.025174436450955
2016-09-14 19:00:00,23.5,92,2.0,20.7,163,-6.0520942877606485,19.795508448434834
2016-09-14 20:00:00,23.3,92,2.3,19.6,163,-5.730485412565639,18.743573216875497
2016-09-14 21:00:00,24.0,88,3.1,19.1,164,-5.264673496104682,18.360098392421893
2016-09-14 22:00:00,23.2,91,4.6,18.4,169,-3.510885514928424,18.061940175437016
2016-09-14 23:00:00,22.8,93,8.0,18.2,172,-2.5329504374731893,18.02287885109658
2016-09-15 00:00:00,23.0,92,5.9,19.1,177,-0.9996167642402275,19.07382411381236
2016-09-15 01:00:00,23.2,91,2.3,19.5,178,-0.6805401856987686,19.488121126872368
2016-09-15 02:00:00,23.5,88,0.9,18.4,177,-0.9629815948701667,18.37478343948416
2016-09-15 03:00:00,24.0,83,1.7000000000000002,17.3,176,-1.2067869957733683,17.257858069494958
2016-09-15 04:00:00,24.2,81,3.1,15.9,176,-1.1091279325315928,15.861268399131205
2016-09-15 05:00:00,24.2,81,2.0,13.3,180,8.143901214329899e-16,13.3
2016-09-15 06:00:00,23.8,83,1.8,12.4,188,1.7257464519048118,12.279324052395474
2016-09-15 07:00:00,23.1,91,0.2,11.9,180,7.286648454926752e-16,11.9
2016-09-15 08:00:00,24.5,89,0.0,9.7,180,5.939536975864663e-16,9.7
2016-09-15 09:00:00,25.4,86,0.0,10.5,196,2.8941922360784913,10.093247807352348
2016-09-15 10:00:00,26.7,83,0.0,10.8,201,3.870373855089244,10.08266860616978
2016-09-15 11:00:00,27.8,80,0.0,12.9,207,5.856477446640154,11.493984162029944
2016-09-15 12:00:00,27.7,80,1.0,16.1,204,6.548459953520384,14.708081868045875
2016-09-15 13:00:00,28.0,81,0.2,14.3,208,6.71344334783824,12.626150577882655
2016-09-15 14:00:00,27.8,81,0.4,13.5,209,6.544929873325551,11.807366046381842
2016-09-15 15:00:00,27.3,81,0.6,12.4,210,6.200000000000002,10.73871500692704
2016-09-15 16:00:00,27.2,82,0.5,11.0,212,5.829111906565254,9.328529057720685
2016-09-15 17:00:00,26.9,85,0.0,8.1,212,4.29234604028896,6.86918957886705
2016-09-15 18:00:00,25.8,90,0.0,8.3,182,0.289665822630759,8.294943864258496
2016-09-15 19:00:00,24.9,94,0.0,6.8,177,-0.35588450245201814,6.790680836331102
2016-09-15 20:00:00,24.7,93,0.0,4.9,163,-1.4326213531414098,4.685893304218874
2016-09-15 21:00:00,24.4,93,0.2,4.7,148,-2.4906205418960625,3.9858260519352027
2016-09-15 22:00:00,23.9,93,0.3,3.9,146,-2.180852323535912,3.233246532964663
2016-09-15 23:00:00,23.5,93,0.3,3.3,131,-2.4905416147351476,2.1649947956686737
2016-09-16 00:00:00,23.4,93,0.2,4.2,121,-3.6001026629488715,2.1631599146222285
2016-09-16 01:00:00,23.2,93,0.0,4.0,95,-3.984778792366982,0.3486229709906328
2016-09-16 02:00:00,22.7,94,0.2,2.9,83,-2.878383839759834,-0.3534210958749272
2016-09-16 03:00:00,21.3,93,0.3,3.7,79,-3.632020578756357,-0.7059932828932155
2016-09-16 04:00:00,21.8,91,0.2,4.1,75,-3.96029588778518,-1.0611580849203353
2016-09-16 05:00:00,21.8,91,0.2,3.9,68,-3.616017032810471,-1.460965714322057
2016-09-16 06:00:00,22.0,91,0.6,5.0,69,-4.667902132486009,-1.7918397477265022
2016-09-16 07:00:00,23.1,91,0.8,5.3,62,-4.679622242152313,-2.4881992827652213
2016-09-16 08:00:00,24.9,87,1.0,5.5,11,-1.0494494745709955,-5.3989495089621515
2016-09-16 09:00:00,25.7,86,2.9,6.8,357,0.35588450245201897,-6.790680836331102
2016-09-16 10:00:00,26.5,82,3.3,7.6,355,0.6623836448822018,-7.571079705497266
2016-09-16 11:00:00,26.9,82,4.6,9.4,353,1.1455718280083864,-9.329933825428427
2016-09-16 12:00:00,26.8,81,4.2,10.9,351,1.705135668938517,-10.765802912487002
2016-09-16 13:00:00,27.1,79,1.3,12.3,345,3.183474254761005,-11.88088766335554
2016-09-16 14:00:00,27.1,79,0.7000000000000001,13.8,351,2.158795617555187,-13.630099100212902
2016-09-16 15:00:00,26.6,80,4.6,13.0,355,1.1330246557195558,-12.950531075192693
2016-09-16 16:00:00,26.1,82,0.6,11.2,4,-0.7812725059342065,-11.17271736291003
2016-09-16 17:00:00,25.8,84,0.0,9.4,2,-0.3280552690035072,-9.394273773979501
2016-09-16 18:00:00,25.0,87,0.0,9.0,360,5.51091059616309e-16,-9.0
2016-09-16 19:00:00,24.1,92,0.0,8.3,358,0.289665822630759,-8.294943864258496
2016-09-16 20:00:00,23.6,94,0.0,7.9,360,4.837354856632045e-16,-7.9
2016-09-16 21:00:00,23.7,94,0.0,6.8,357,0.35588450245201897,-6.790680836331102
2016-09-16 22:00:00,24.1,92,0.0,6.9,6,-0.7212463965468082,-6.862201078041087
2016-09-16 23:00:00,24.3,91,0.2,5.4,4,-0.37668495821827813,-5.386845871403051
2016-09-17 00:00:00,24.2,92,0.0,3.5,336,1.4235782507653008,-3.197409101749103
2016-09-17 01:00:00,23.4,94,0.0,4.8,312,3.5670951622914924,-3.2118269105225195
2016-09-17 02:00:00,22.5,97,0.0,3.6,270,3.6,0.0
2016-09-17 03:00:00,23.3,96,0.9,4.2,250,3.9467090073008158,1.4364846019678086
2016-09-17 04:00:00,23.3,94,1.2,5.0,249,4.667902132486009,1.7918397477265013
2016-09-17 05:00:00,23.3,92,1.9,4.1,225,2.899137802864845,2.8991378028648445
2016-09-17 06:00:00,23.4,91,3.2,6.4,223,4.36478950439999,4.6806636903626915
2016-09-17 07:00:00,23.4,91,3.7,7.4,231,5.750880114781585,4.656970893768797
2016-09-17 08:00:00,23.4,92,4.6,6.4,232,5.043268823083021,3.9402334420842133
2016-09-17 09:00:00,23.6,94,5.1,8.5,242,7.505054539300879,3.990508283680072
2016-09-17 10:00:00,24.0,94,6.6,9.5,259,9.325458242752807,1.8126854560771757
2016-09-17 11:00:00,25.2,90,7.0,10.5,286,10.093247807352348,-2.8941922360784913
2016-09-17 12:00:00,24.4,94,12.2,8.4,295,7.61298541110786,-3.5499933986218752
2016-09-17 13:00:00,24.9,91,5.9,2.9,300,2.511473670974872,-1.4499999999999997
2016-09-17 14:00:00,25.0,86,2.9,1.6,333,0.726384799583275,-1.4256104387013886
2016-09-17 15:00:00,24.9,86,0.6,2.6,16,-0.7166571251241971,-2.4992804094396295
2016-09-17 16:00:00,24.9,89,0.2,2.2,9,-0.3441558230885083,-2.172914349309303
2016-09-17 17:00:00,25.1,87,0.0,1.8,360,1.1021821192326179e-16,-1.8
2016-09-17 18:00:00,24.4,91,0.0,3.6,37,-2.166534083347374,-2.875087836170254
2016-09-17 19:00:00,24.1,90,0.0,3.3,41,-2.1649947956686737,-2.4905416147351476
2016-09-17 20:00:00,24.4,88,0.0,3.2,27,-1.4527695991665501,-2.851220877402777
2016-09-17 21:00:00,24.3,88,0.0,4.3,24,-1.7489675652259404,-3.928245467863184
2016-09-17 22:00:00,24.1,89,0.0,3.3,41,-2.1649947956686737,-2.4905416147351476
2016-09-17 23:00:00,24.0,88,0.0,2.9,60,-2.5114736709748717,-1.4500000000000002
2016-09-18 00:00:00,23.7,88,0.0,3.9,56,-3.233246532964663,-2.180852323535912
2016-09-18 01:00:00,23.6,87,0.1,5.4,42,-3.613305274337834,-4.01298205757793
2016-09-18 02:00:00,23.4,87,0.1,6.4,47,-4.6806636903626915,-4.364789504399989
2016-09-18 03:00:00,21.7,91,0.0,6.4,47,-4.6806636903626915,-4.364789504399989
2016-09-18 04:00:00,21.5,91,0.0,5.6,40,-3.5996106142446207,-4.289848881466276
2016-09-18 05:00:00,22.1,88,0.0,4.3,42,-2.87726160734309,-3.195522749552796
2016-09-18 06:00:00,21.4,91,0.0,7.1,41,-4.658019105832602,-5.358438019581681
2016-09-18 07:00:00,22.2,94,0.0,5.8,30,-2.9000000000000026,-5.022947341949743
2016-09-18 08:00:00,24.6,87,0.0,6.6,22,-2.472403516545021,-6.119413440140796
2016-09-18 09:00:00,25.3,82,0.0,7.4,14,-1.7902220274375418,-7.180188374442374
2016-09-18 10:00:00,26.5,78,0.0,9.0,360,5.51091059616309e-16,-9.0
2016-09-18 11:00:00,26.9,77,0.0,10.1,356,0.7045403848156648,-10.075396907624224
2016-09-18 12:00:00,26.8,78,0.0,10.1,356,0.7045403848156648,-10.075396907624224
2016-09-18 13:00:00,26.7,78,0.2,11.2,354,1.1707187885977186,-11.13864522812466
2016-09-18 14:00:00,26.6,78,0.0,12.6,355,1.0981623586204925,-12.552053195955994
2016-09-18 15:00:00,26.5,78,0.0,13.0,355,1.1330246557195558,-12.950531075192693
2016-09-18 16:00:00,26.1,80,0.0,12.2,360,7.470345474798854e-16,-12.2
2016-09-18 17:00:00,25.5,82,0.0,8.6,360,5.265981236333618e-16,-8.6
2016-09-18 18:00:00,24.7,85,0.0,7.8,13,-1.7546182238821488,-7.600086505324834
2016-09-18 19:00:00,23.8,89,0.0,6.1,45,-4.31335136523794,-4.313351365237939
2016-09-18 20:00:00,22.6,93,0.0,4.9,54,-3.964183272437243,-2.880147736233118
2016-09-18 21:00:00,21.7,94,0.0,4.5,76,-4.366330768241984,-1.0886485301985038
2016-09-18 22:00:00,21.3,94,0.0,2.3,72,-2.187429987478853,-0.7107390870623786
2016-09-18 23:00:00,21.0,93,0.0,2.9,83,-2.878383839759834,-0.3534210958749272
2016-09-19 00:00:00,20.8,91,0.0,2.2,81,-2.1729143493093033,-0.3441558230885076
2016-09-19 01:00:00,20.3,91,0.0,1.1,72,-1.046162167924669,-0.33991869381244205
2016-09-19 02:00:00,20.6,86,0.0,1.6,63,-1.4256104387013888,-0.7263847995832747
2016-09-19 03:00:00,19.2,93,0.0,2.5,45,-1.7677669529663693,-1.7677669529663687
2016-09-19 04:00:00,19.0,91,0.0,2.8,50,-2.1449244407331385,-1.7998053071223097
2016-09-19 05:00:00,18.9,89,0.0,3.4,58,-2.8833635269318485,-1.8017254983928963
2016-09-19 06:00:00,19.7,83,0.0,2.3,51,-1.7874357113510326,-1.4474368994146265
2016-09-19 07:00:00,22.3,79,0.0,3.3,49,-2.490541614735148,-2.1649947956686733
2016-09-19 08:00:00,24.9,74,0.0,3.4,18,-1.0506577808748216,-3.233592155403522
2016-09-19 09:00:00,25.7,74,0.0,6.1,3,-0.31924933308196024,-6.0916401620029
2016-09-19 10:00:00,26.6,71,0.0,6.6,347,1.4846769586695083,-6.430842427582553
2016-09-19 11:00:00,27.1,70,0.0,7.6,335,3.211898789229316,-6.887939181478539
2016-09-19 12:00:00,27.4,70,0.0,8.1,339,2.902780391316933,-7.5620014546273335
2016-09-19 13:00:00,27.3,72,0.0,7.4,337,2.8914103508206255,-6.811735915548059
2016-09-19 14:00:00,27.2,73,0.0,7.9,330,3.950000000000001,-6.841600689897065
2016-09-19 15:00:00,26.3,79,0.0,8.7,336,3.5386087947594613,-7.947845481490627
2016-09-19 16:00:00,25.9,80,0.0,8.3,342,2.564841053312064,-7.893769085249775
2016-09-19 17:00:00,25.4,81,0.0,6.5,341,2.116193003971519,-6.145870741395559
2016-09-19 18:00:00,24.5,85,0.0,6.8,335,2.873804179836756,-6.162892951849219
2016-09-19 19:00:00,23.9,89,0.0,6.0,335,2.5357095704441965,-5.437846722219899
2016-09-19 20:00:00,24.1,85,0.0,4.2,340,1.436484601967809,-3.9467090073008153
2016-09-19 21:00:00,23.0,90,0.0,2.3,342,0.7107390870623791,-2.1874299874788528
2016-09-19 22:00:00,22.7,91,0.0,0.8,333,0.3631923997916375,-0.7128052193506943
2016-09-19 23:00:00,21.9,94,0.0,0.8,297,0.7128052193506944,-0.3631923997916374
2016-09-20 00:00:00,21.4,95,0.0,2.2,189,0.34415582308850806,2.1729143493093033
2016-09-20 01:00:00,21.3,96,0.0,4.0,170,-0.6945927106677212,3.939231012048832
2016-09-20 02:00:00,21.3,96,0.0,4.1,165,-1.0611580849203355,3.96029588778518
2016-09-20 03:00:00,21.0,94,0.0,2.9,150,-1.4499999999999993,2.511473670974872
2016-09-20 04:00:00,20.9,94,0.0,3.1,144,-1.8221342821066664,2.5079526825623373
2016-09-20 05:00:00,20.7,96,0.0,2.7,157,-1.0549740469210394,2.4853631043215887
2016-09-20 06:00:00,20.4,97,0.0,2.0,135,-1.414213562373095,1.4142135623730951
2016-09-20 07:00:00,22.1,94,0.0,1.8,127,-1.4375439180851273,1.0832670416736867
2016-09-20 08:00:00,24.0,86,0.0,1.1,360,6.735557395310444e-17,-1.1
2016-09-20 09:00:00,25.0,83,0.0,3.7,331,1.7937955949114475,-3.2360929164157644
2016-09-20 10:00:00,25.7,81,0.2,6.1,332,2.863776532993934,-5.385980316439453
2016-09-20 11:00:00,26.3,80,0.0,7.4,337,2.8914103508206255,-6.811735915548059
2016-09-20 12:00:00,26.5,80,0.0,7.5,343,2.192787785420526,-7.172285669722766
2016-09-20 13:00:00,26.5,79,0.3,5.2,344,1.4333142502483958,-4.998560818879258
2016-09-20 14:00:00,26.6,78,0.0,4.4,325,2.5237363199446032,-3.604268994871564
2016-09-20 15:00:00,26.8,77,0.2,4.8,318,3.2118269105225195,-3.5670951622914924
2016-09-20 16:00:00,26.1,80,0.1,5.7,325,3.269385687200963,-4.669166652447253
2016-09-20 17:00:00,25.0,85,0.2,5.0,330,2.5000000000000004,-4.330127018922193
2016-09-20 18:00:00,24.3,87,0.0,1.3,304,1.0777488443215542,-0.726950774511971
2016-09-20 19:00:00,23.5,93,0.0,1.1,198,0.3399186938124422,1.0461621679246689
2016-09-20 20:00:00,22.8,95,0.0,1.5,166,-0.36288284339950166,1.4554435894139948
2016-09-20 21:00:00,22.3,95,0.0,2.1,211,1.0815799573111138,1.800051331474436
2016-09-20 22:00:00,21.6,96,0.0,2.4,207,1.0895771993749124,2.138415658052083
2016-09-20 23:00:00,21.2,97,0.0,3.0,194,0.725765686799003,2.9108871788279895
2016-09-21 00:00:00,21.1,97,0.0,2.3,162,-0.7107390870623789,2.187429987478853
2016-09-21 01:00:00,20.5,98,0.0,3.2,117,-2.851220877402777,1.4527695991665501
2016-09-21 02:00:00,20.9,96,0.0,3.4,108,-3.233592155403522,1.0506577808748214
2016-09-21 03:00:00,21.1,91,0.0,3.6,96,-3.580278823325784,0.37630246776355347
2016-09-21 04:00:00,20.5,92,0.0,2.9,90,-2.9,3.5514757175273243e-16
2016-09-21 05:00:00,19.5,95,0.0,3.3,84,-3.2819222547153015,-0.3449439287832565
2016-09-21 06:00:00,19.3,95,0.0,3.7,101,-3.632020578756357,0.7059932828932164
2016-09-21 07:00:00,21.3,95,0.0,3.8,107,-3.633958072659535,1.111012477946399
2016-09-21 08:00:00,24.6,82,0.0,0.4,90,-0.4,4.898587196589413e-17
2016-09-21 09:00:00,25.6,82,0.0,2.7,293,2.485363104321589,-1.0549740469210394
2016-09-21 10:00:00,26.5,78,0.0,4.4,279,4.3458286986186065,-0.6883116461770159
2016-09-21 11:00:00,27.0,76,0.0,6.0,287,5.737828535778212,-1.7542302283364206
2016-09-21 12:00:00,27.5,73,0.1,5.6,297,4.98963653545486,-2.5423467985414616
2016-09-21 13:00:00,27.7,71,0.1,4.8,318,3.2118269105225195,-3.5670951622914924
2016-09-21 14:00:00,27.4,74,0.0,4.6,321,2.894873798829252,-3.5748714227020657
2016-09-21 15:00:00,26.9,77,0.2,4.2,329,2.1631599146222276,-3.600102662948872
2016-09-21 16:00:00,26.5,75,0.1,5.9,317,4.023790324368742,-4.314986839553106
2016-09-21 17:00:00,25.7,81,0.1,5.1,315,3.6062445840513924,-3.606244584051392
2016-09-21 18:00:00,24.9,88,0.0,3.3,311,2.4905416147351476,-2.1649947956686737
2016-09-21 19:00:00,24.7,84,0.0,2.8,320,1.7998053071223101,-2.1449244407331385
2016-09-21 20:00:00,23.3,92,0.2,0.7000000000000001,270,0.7000000000000001,0.0
2016-09-21 21:00:00,22.6,94,0.3,1.6,243,1.4256104387013888,0.7263847995832748
2016-09-21 22:00:00,22.3,95,0.0,2.4,243,2.138415658052083,1.0895771993749122
2016-09-21 23:00:00,22.0,95,0.0,1.8,233,1.437543918085127,1.083267041673687
2016-09-22 00:00:00,22.1,95,0.0,1.5,166,-0.36288284339950166,1.4554435894139948
2016-09-22 01:00:00,22.8,93,0.0,0.8,153,-0.36319239979163737,0.7128052193506944
2016-09-22 02:00:00,22.8,93,0.0,1.5,76,-1.4554435894139948,-0.3628828433995013
2016-09-22 03:00:00,21.0,94,0.0,3.0,76,-2.9108871788279895,-0.7257656867990026
2016-09-22 04:00:00,20.5,94,0.0,2.9,90,-2.9,3.5514757175273243e-16
2016-09-22 05:00:00,19.9,95,0.0,2.2,99,-2.172914349309303,0.3441558230885082
2016-09-22 06:00:00,19.9,95,0.0,1.8,79,-1.7669289302057951,-0.3434561916777805
2016-09-22 07:00:00,21.4,95,0.0,2.9,83,-2.878383839759834,-0.3534210958749272
2016-09-22 08:00:00,25.0,82,0.0,1.5,315,1.0606601717798214,-1.0606601717798212
2016-09-22 09:00:00,26.2,81,0.0,4.5,299,3.935788682127281,-2.1816432911085166
2016-09-22 10:00:00,26.9,79,0.0,5.5,293,5.062776693988422,-2.149021206691006
2016-09-22 11:00:00,27.3,79,0.2,6.8,295,6.162892951849219,-2.873804179836756
2016-09-22 12:00:00,26.9,82,0.4,7.2,297,6.415246974156249,-3.2687315981247367
2016-09-22 13:00:00,27.0,83,0.3,6.7,306,5.420413862312148,-3.93816119035957
2016-09-22 14:00:00,26.7,83,0.2,5.4,312,4.012982057577929,-3.6133052743378347
2016-09-22 15:00:00,27.0,79,0.2,4.8,318,3.2118269105225195,-3.5670951622914924
2016-09-22 16:00:00,26.9,79,0.1,5.4,323,3.2498011250210617,-4.312631754255381
2016-09-22 17:00:00,26.3,82,0.1,4.2,329,2.1631599146222276,-3.600102662948872
2016-09-22 18:00:00,25.5,88,0.0,3.9,326,2.1808523235359125,-3.233246532964663
2016-09-22 19:00:00,24.6,91,0.0,3.1,324,1.8221342821066668,-2.5079526825623373
2016-09-22 20:00:00,23.6,94,0.0,1.8,307,1.437543918085127,-1.083267041673687
2016-09-22 21:00:00,23.2,95,0.0,3.2,207,1.45276959916655,2.851220877402777
2016-09-22 22:00:00,22.8,96,0.0,3.9,202,1.4609657143220567,3.616017032810471
2016-09-22 23:00:00,22.4,96,0.0,4.3,204,1.7489675652259409,3.9282454678631837
2016-09-23 00:00:00,22.5,96,0.0,4.4,215,2.5237363199446032,3.604268994871564
2016-09-23 01:00:00,22.1,99,0.0,1.1,180,6.735557395310444e-17,1.1
2016-09-23 02:00:00,21.1,97,0.0,2.2,81,-2.1729143493093033,-0.3441558230885076
2016-09-23 03:00:00,21.1,94,0.0,2.6,56,-2.1554976886431088,-1.4539015490239415
2016-09-23 04:00:00,21.0,93,0.0,4.1,105,-3.9602958877851795,1.0611580849203361
2016-09-23 05:00:00,20.8,91,0.0,4.2,121,-3.6001026629488715,2.1631599146222285
2016-09-23 06:00:00,21.3,88,0.0,2.6,124,-2.1554976886431083,1.453901549023942
2016-09-23 07:00:00,22.4,92,0.0,1.6,117,-1.4256104387013886,0.7263847995832751
2016-09-23 08:00:00,25.3,83,0.0,1.1,270,1.1,0.0
2016-09-23 09:00:00,26.5,81,0.0,2.3,288,2.1874299874788528,-0.710739087062379
2016-09-23 10:00:00,27.5,78,0.0,4.7,302,3.9858260519352022,-2.490620541896063
2016-09-23 11:00:00,28.0,74,0.3,7.4,299,6.472185832831529,-3.5875911898228945
2016-09-23 12:00:00,28.1,73,2.7,5.6,310,4.289848881466277,-3.5996106142446194
2016-09-23 13:00:00,28.0,73,0.5,4.7,302,3.9858260519352022,-2.490620541896063
2016-09-23 14:00:00,28.1,73,0.0,3.9,304,3.2332465329646625,-2.180852323535913
2016-09-23 15:00:00,27.8,75,0.8,4.1,285,3.96029588778518,-1.061158084920335
2016-09-23 16:00:00,27.0,79,1.2,3.3,264,3.2819222547153015,0.3449439287832564
2016-09-23 17:00:00,26.5,80,0.0,1.5,256,1.4554435894139948,0.3628828433995016
2016-09-23 18:00:00,25.8,84,0.2,3.9,214,2.1808523235359125,3.233246532964663
2016-09-23 19:00:00,24.9,90,0.2,5.1,219,3.209533994354171,3.963444403430551
2016-09-23 20:00:00,24.3,93,0.2,5.4,233,4.312631754255381,3.2498011250210608
2016-09-23 21:00:00,23.7,93,0.1,4.3,228,3.195522749552795,2.8772616073430903
2016-09-23 22:00:00,23.3,94,0.0,3.7,191,0.7059932828932162,3.632020578756357
2016-09-23 23:00:00,23.5,92,0.0,3.9,202,1.4609657143220567,3.616017032810471
2016-09-24 00:00:00,24.1,90,0.0,3.4,198,1.0506577808748212,3.233592155403522
2016-09-24 01:00:00,23.8,90,0.0,2.6,164,-0.7166571251241975,2.499280409439629
2016-09-24 02:00:00,21.2,98,0.0,3.2,90,-3.2,3.9188697572715305e-16
2016-09-24 03:00:00,23.7,90,0.0,4.4,81,-4.3458286986186065,-0.6883116461770152
2016-09-24 04:00:00,22.3,93,0.0,5.4,86,-5.386845871403051,-0.3766849582182765
2016-09-24 05:00:00,20.9,95,0.0,5.1,94,-5.087576656325103,0.35575801609504015
2016-09-24 06:00:00,20.6,94,0.0,1.8,79,-1.7669289302057951,-0.3434561916777805
2016-09-24 07:00:00,22.3,94,0.0,1.1,72,-1.046162167924669,-0.33991869381244205
2016-09-24 08:00:00,25.1,84,0.0,2.4,333,1.0895771993749124,-2.138415658052083
2016-09-24 09:00:00,26.3,80,0.0,4.6,321,2.894873798829252,-3.5748714227020657
2016-09-24 10:00:00,27.2,78,0.0,6.7,324,3.93816119035957,-5.420413862312148
2016-09-24 11:00:00,27.5,77,0.4,7.6,329,3.9142893693164114,-6.5144714853360535
2016-09-24 12:00:00,27.7,77,0.7000000000000001,7.9,336,3.2132194802988217,-7.217009115376547
2016-09-24 13:00:00,27.9,77,0.1,7.7,332,3.61493103345136,-6.798696465013737
2016-09-24 14:00:00,27.8,77,0.2,7.2,333,3.268731598124737,-6.415246974156248
2016-09-24 15:00:00,27.2,79,0.3,6.0,343,1.7542302283364206,-5.737828535778212
2016-09-24 16:00:00,27.2,78,0.0,6.4,333,2.9055391983331,-5.702441754805554
2016-09-24 17:00:00,26.3,83,0.0,4.7,328,2.490620541896063,-3.9858260519352022
2016-09-24 18:00:00,25.4,88,0.0,4.0,297,3.5640260967534716,-1.815961998958187
2016-09-24 19:00:00,23.9,95,0.0,1.5,284,1.4554435894139948,-0.3628828433995016
2016-09-24 20:00:00,23.5,94,0.0,0.5,315,0.3535533905932738,-0.35355339059327373
2016-09-24 21:00:00,23.2,94,0.0,0.7000000000000001,90,-0.7000000000000001,8.572527594031473e-17
2016-09-24 22:00:00,22.8,95,0.0,0.5,45,-0.35355339059327384,-0.35355339059327373
2016-09-24 23:00:00,22.3,96,0.0,0.4,360,2.4492935982947065e-17,-0.4
2016-09-25 00:00:00,21.7,96,0.0,1.5,45,-1.0606601717798214,-1.0606601717798212
2016-09-25 01:00:00,21.6,96,0.0,2.6,74,-2.499280409439629,-0.7166571251241974
2016-09-25 02:00:00,21.8,96,0.0,3.3,77,-3.2154212137912763,-0.7423384793347544
2016-09-25 03:00:00,23.4,87,0.0,4.0,80,-3.939231012048832,-0.6945927106677219
2016-09-25 04:00:00,21.0,95,0.0,4.8,77,-4.676976310969129,-1.0797650608505518
2016-09-25 05:00:00,20.5,94,0.0,3.1,69,-2.8940993221413254,-1.1109406435904314
2016-09-25 06:00:00,20.0,95,0.0,3.4,72,-3.2335921554035223,-1.0506577808748208
2016-09-25 07:00:00,21.5,95,0.0,3.4,58,-2.8833635269318485,-1.8017254983928963
2016-09-25 08:00:00,25.4,82,0.0,5.4,356,0.3766849582182763,-5.386845871403051
2016-09-25 09:00:00,26.4,81,0.0,8.6,345,2.2258437878816784,-8.306962106085987
2016-09-25 10:00:00,27.3,77,0.0,10.3,348,2.1414904154229224,-10.074920287558198
2016-09-25 11:00:00,27.7,75,0.0,11.4,342,3.522793735874401,-10.84204428576475
2016-09-25 12:00:00,27.9,75,0.1,11.2,339,4.013721034907364,-10.45610077676866
2016-09-25 13:00:00,27.9,76,0.2,9.4,342,2.904759747124506,-8.939931253174443
2016-09-25 14:00:00,27.6,77,0.2,6.5,341,2.116193003971519,-6.145870741395559
2016-09-25 15:00:00,27.6,78,0.0,5.8,330,2.9000000000000004,-5.0229473419497435
2016-09-25 16:00:00,27.3,80,0.3,5.4,323,3.2498011250210617,-4.312631754255381
2016-09-25 17:00:00,26.8,82,0.2,4.3,318,2.8772616073430903,-3.195522749552795
2016-09-25 18:00:00,25.8,87,0.0,3.4,288,3.233592155403522,-1.0506577808748212
2016-09-25 19:00:00,24.8,94,0.2,2.3,288,2.1874299874788528,-0.710739087062379
2016-09-25 20:00:00,24.0,96,0.0,2.4,297,2.138415658052083,-1.0895771993749122
2016-09-25 21:00:00,23.7,96,0.0,1.9,292,1.761649323676896,-0.7117525274902328
2016-09-25 22:00:00,23.4,97,0.0,1.4,360,8.572527594031472e-17,-1.4
2016-09-25 23:00:00,23.3,96,0.0,1.8,53,-1.437543918085127,-1.0832670416736871
2016-09-26 00:00:00,23.1,96,0.0,1.1,90,-1.1,1.3471114790620887e-16
2016-09-26 01:00:00,23.0,96,0.0,0.4,90,-0.4,4.898587196589413e-17
2016-09-26 02:00:00,23.3,95,0.0,1.8,53,-1.437543918085127,-1.0832670416736871
2016-09-26 03:00:00,24.2,91,0.0,2.5,45,-1.7677669529663693,-1.7677669529663687
2016-09-26 04:00:00,23.9,93,0.0,2.0,45,-1.4142135623730954,-1.414213562373095
2016-09-26 05:00:00,23.7,94,0.0,2.1,31,-1.0815799573111144,-1.8000513314744355
2016-09-26 06:00:00,22.6,96,0.0,1.4,360,8.572527594031472e-17,-1.4
2016-09-26 07:00:00,22.8,98,0.0,3.4,342,1.0506577808748212,-3.233592155403522
2016-09-26 08:00:00,25.0,88,0.0,8.3,355,0.7233926648055626,-8.268415994161488
2016-09-26 09:00:00,26.1,84,0.1,9.7,345,2.510544737494451,-9.369480515003962
2016-09-26 10:00:00,27.0,80,0.0,10.1,343,2.952954217699641,-9.658678035226657
2016-09-26 11:00:00,27.5,78,0.0,11.3,343,3.303800263366926,-10.806243742382302
2016-09-26 12:00:00,28.2,76,0.1,11.9,346,2.8788705576360454,-11.546519142684359
2016-09-26 13:00:00,28.1,76,0.2,13.4,346,3.241753401035547,-13.001962732098352
2016-09-26 14:00:00,28.0,77,1.1,12.6,355,1.0981623586204925,-12.552053195955994
2016-09-26 15:00:00,28.0,77,0.3,11.6,355,1.0110066158728344,-11.555858497864248
2016-09-26 16:00:00,27.3,80,0.0,10.7,346,2.588564282916444,-10.382164271153162
2016-09-26 17:00:00,26.6,83,0.0,7.8,347,1.7546182238821464,-7.6000865053248345
2016-09-26 18:00:00,25.6,86,0.0,6.3,336,2.5624408513775414,-5.755336383148386
2016-09-26 19:00:00,24.9,90,0.0,7.2,357,0.3768188849491966,-7.190132650232932
2016-09-26 20:00:00,24.0,92,0.0,6.5,360,3.9801020972288977e-16,-6.5
2016-09-26 21:00:00,23.5,92,0.0,8.7,7,-1.0602632876247804,-8.635151519279502
2016-09-26 22:00:00,23.1,93,0.0,9.5,11,-1.812685456077174,-9.325458242752807
2016-09-26 23:00:00,23.2,93,0.0,11.8,12,-2.453357951649566,-11.542141688658907
2016-09-27 00:00:00,23.3,94,0.0,13.4,8,-1.864919552864882,-13.269592121137041
2016-09-27 01:00:00,23.4,94,0.1,13.4,8,-1.864919552864882,-13.269592121137041
2016-09-27 02:00:00,23.5,94,0.9,13.8,7,-1.681796938991031,-13.697136892650246
2016-09-27 03:00:00,23.7,93,0.4,14.2,7,-1.7305446763530898,-14.094155353306773
2016-09-27 04:00:00,23.7,94,1.6,15.9,3,-0.8321417042628145,-15.878209602597725
2016-09-27 05:00:00,23.4,96,1.6,18.4,357,0.9629815948701689,-18.37478343948416
2016-09-27 06:00:00,23.3,96,1.9,18.4,360,1.1266750552155648e-15,-18.4
2016-09-27 07:00:00,23.5,95,1.9,20.6,356,1.43698335912898,-20.54981943535238
2016-09-27 08:00:00,23.8,94,2.2,23.7,351,3.7074968214534727,-23.408213672104765
2016-09-27 09:00:00,24.0,94,3.5,29.7,346,7.18508029931013,-28.817783070397095
2016-09-27 10:00:00,24.1,94,6.3,38.6,342,11.928055982872973,-36.710781528992925
2016-09-27 11:00:00,23.9,95,5.4,40.4,341,13.152953440069133,-38.198950454212394
2016-09-27 12:00:00,24.4,93,2.7,40.9,342,12.63879506993535,-38.898211516471775
2016-09-27 13:00:00,24.2,93,2.6,43.0,338,16.108083516884214,-39.86890574637186
2016-09-27 14:00:00,23.5,95,6.2,43.9,322,27.027538766796397,-34.59367208333509
2016-09-27 15:00:00,23.4,95,17.7,37.0,312,27.496358542663586,-24.757832435277756
2016-09-27 16:00:00,24.0,94,17.7,21.8,321,13.719184524886458,-16.941781959761965
2016-09-27 17:00:00,24.3,93,9.5,13.1,328,6.941942361454984,-11.10943005964918
2016-09-27 18:00:00,24.5,90,5.1,5.0,360,3.061616997868383e-16,-5.0
2016-09-27 19:00:00,25.3,85,3.1,2.9,300,2.511473670974872,-1.4499999999999997
2016-09-27 20:00:00,24.0,92,3.8,8.1,212,4.29234604028896,6.86918957886705
2016-09-27 21:00:00,24.3,91,4.4,27.3,216,16.046537387584518,22.086163946436066
2016-09-27 22:00:00,24.5,86,5.2,42.2,220,27.125637128771963,32.327075499620875
2016-09-27 23:00:00,24.3,87,8.2,46.7,214,26.114308592083876,38.71605463832045
2016-09-28 00:00:00,23.9,87,12.9,48.5,202,18.16841978067173,44.96841694648919
2016-09-28 01:00:00,24.0,86,15.7,46.1,194,11.15259938714468,44.73063298132344
2016-09-28 02:00:00,23.9,85,15.9,41.7,192,8.66991750710057,40.788754950599696
2016-09-28 03:00:00,24.1,85,9.4,36.5,190,6.33815848484296,35.94548298494559
2016-09-28 04:00:00,23.9,85,5.2,31.7,182,1.1063140454692841,31.680689216505336
2016-09-28 05:00:00,24.0,85,4.3,29.2,180,1.7879843267551358e-15,29.2
2016-09-28 06:00:00,24.4,85,2.5,25.9,181,0.45201732672564515,25.896055304550533
2016-09-28 07:00:00,25.0,84,1.8,24.9,182,0.8689974678922768,24.884831592775484
2016-09-28 08:00:00,25.5,85,1.9,24.1,182,0.841077870530276,24.08531893116021
2016-09-28 09:00:00,25.6,85,1.1,25.9,182,0.903896964594778,25.88422241979458
2016-09-28 10:00:00,26.0,85,0.8,25.6,184,1.785765727849606,25.537639686651502
2016-09-28 11:00:00,26.6,82,0.9,25.6,184,1.785765727849606,25.537639686651502
2016-09-28 12:00:00,26.8,81,1.0,24.9,185,2.1701779944166875,24.805247982484463
2016-09-28 13:00:00,27.4,79,0.5,21.5,189,3.363340998364965,21.235299322795463
2016-09-28 14:00:00,27.4,78,0.5,19.8,181,0.34555764745821527,19.79698436409655
2016-09-28 15:00:00,26.7,86,0.3,22.3,183,1.1670918242176505,22.269438625026996
2016-09-28 16:00:00,26.8,80,0.5,19.9,186,2.0801164190263037,19.790985717828637
2016-09-28 17:00:00,26.1,80,0.7000000000000001,17.3,185,1.5077943495344859,17.234168276987198
2016-09-28 18:00:00,25.4,81,0.3,14.1,186,1.4738513320739137,14.022758724692652
2016-09-28 19:00:00,24.7,83,0.2,12.6,180,7.715274834628325e-16,12.6
2016-09-28 20:00:00,24.2,85,0.1,13.0,177,-0.6803674311582699,12.98218395180946
2016-09-28 21:00:00,23.8,87,0.2,12.3,175,-1.0720156357961963,12.253194786528471
2016-09-28 22:00:00,24.6,81,0.1,13.4,175,-1.1678869528186204,13.34900895442939
2016-09-28 23:00:00,24.2,81,0.0,13.7,175,-1.1940336756429177,13.647867363856914
2016-09-29 00:00:00,23.1,85,0.0,14.1,177,-0.7379369830255081,14.080676440039491
2016-09-29 01:00:00,23.6,82,0.0,13.7,177,-0.7170026005283306,13.681224626137661
2016-09-29 02:00:00,23.4,83,0.0,13.4,172,-1.8649195528648759,13.269592121137043
2016-09-29 03:00:00,24.1,81,0.0,13.3,167,-2.991849022773405,12.959121861643629
2016-09-29 04:00:00,23.7,82,0.0,12.3,165,-3.1834742547610064,11.88088766335554
2016-09-29 05:00:00,23.3,83,0.0,11.1,167,-2.4969567032169016,10.81550771911611
2016-09-29 06:00:00,21.1,93,0.0,12.3,173,-1.4989929238833126,12.208317665188263
2016-09-29 07:00:00,22.0,94,0.0,10.7,166,-2.5885642829164452,10.382164271153162
2016-09-29 08:00:00,25.3,83,0.0,9.0,185,0.7844016847289232,8.96575228282571
2016-09-29 09:00:00,25.7,82,0.0,10.2,198,3.151973342624464,9.700776466210565
2016-09-29 10:00:00,26.3,82,0.0,11.3,211,5.8199302464836125,9.68599049793387
2016-09-29 11:00:00,26.9,82,0.0,13.2,209,6.39948698725165,11.544980134240022
2016-09-29 12:00:00,26.9,82,0.1,17.4,207,7.899434695468114,15.503513520877599
2016-09-29 13:00:00,27.2,81,0.0,17.2,213,9.367791402258465,14.425133768661293
2016-09-29 14:00:00,27.4,80,0.0,13.7,215,7.857997178009332,11.222383006759188
2016-09-29 15:00:00,26.8,83,0.0,12.0,219,7.55184469259805,9.32575153748365
2016-09-29 16:00:00,26.6,84,0.0,9.9,213,5.391926446648768,8.302838622659698
2016-09-29 17:00:00,26.4,85,0.0,7.6,205,3.211898789229316,6.887939181478539
2016-09-29 18:00:00,25.4,91,0.0,3.4,198,1.0506577808748212,3.233592155403522
2016-09-29 19:00:00,25.0,89,0.2,3.1,135,-2.192031021678297,2.1920310216782974
2016-09-29 20:00:00,24.5,91,0.1,3.4,162,-1.050657780874821,3.2335921554035223
2016-09-29 21:00:00,24.1,93,0.0,3.3,167,-0.7423384793347546,3.2154212137912763
2016-09-29 22:00:00,23.7,94,0.0,2.1,121,-1.8000513314744357,1.0815799573111142
2016-09-29 23:00:00,23.2,97,0.0,3.4,108,-3.233592155403522,1.0506577808748214
2016-09-30 00:00:00,23.0,98,0.0,3.3,84,-3.2819222547153015,-0.3449439287832565
2016-09-30 01:00:00,21.9,99,0.1,2.2,90,-2.2,2.6942229581241775e-16
2016-09-30 02:00:00,22.0,98,0.5,2.2,81,-2.1729143493093033,-0.3441558230885076
2016-09-30 03:00:00,22.4,92,0.5,2.5,82,-2.475670171853926,-0.3479327524001638
2016-09-30 04:00:00,23.0,91,1.1,3.3,77,-3.2154212137912763,-0.7423384793347544
2016-09-30 05:00:00,22.7,94,1.8,4.7,67,-4.32637281122647,-1.8364363038995857
2016-09-30 06:00:00,22.4,93,1.3,3.8,73,-3.6339580726595346,-1.1110124779463997
2016-09-30 07:00:00,23.2,95,0.7000000000000001,1.6,63,-1.4256104387013888,-0.7263847995832747
2016-09-30 08:00:00,24.9,93,1.5,2.4,27,-1.0895771993749126,-2.138415658052083
2016-09-30 09:00:00,25.4,89,2.0,4.7,4,-0.32785542659739025,-4.688551036221174
2016-09-30 10:00:00,26.2,88,1.0,6.9,351,1.0793978087775935,-6.815049550106451
2016-09-30 11:00:00,27.0,84,1.2,8.1,339,2.902780391316933,-7.5620014546273335
2016-09-30 12:00:00,26.9,83,3.6,8.5,332,3.9905082836800725,-7.505054539300878
2016-09-30 13:00:00,26.6,83,3.9,9.7,338,3.633683956134346,-8.993683389297837
2016-09-30 14:00:00,25.4,87,7.0,10.8,345,2.795245687107224,-10.431998923921938
2016-09-30 15:00:00,25.0,90,10.4,9.8,352,1.3638963894086416,-9.70462707366739
2016-09-30 16:00:00,23.9,93,10.4,8.3,355,0.7233926648055626,-8.268415994161488
2016-09-30 17:00:00,23.7,95,5.8,6.9,354,0.7212463965468089,-6.862201078041086
2016-09-30 18:00:00,23.3,97,5.5,5.6,15,-1.4493866525741155,-5.4091846272187825
2016-09-30 19:00:00,23.1,97,4.6,6.2,21,-2.2218812871808646,-5.78819864428265
2016-09-30 20:00:00,22.9,98,3.3,5.8,356,0.40458754771592637,-5.78587149150698
2016-09-30 21:00:00,22.9,99,1.6,4.8,13,-1.0797650608505531,-4.6769763109691285
2016-09-30 22:00:00,23.0,98,0.9,5.5,11,-1.0494494745709955,-5.3989495089621515
2016-09-30 23:00:00,22.9,99,1.3,4.8,27,-2.179154398749825,-4.276831316104166
2016-10-01 00:00:00,22.8,99,1.3,4.2,31,-2.163159914622229,-3.600102662948871
2016-10-01 01:00:00,22.7,99,2.5,5.2,12,-1.0811407922523508,-5.086367523815789
2016-10-01 02:00:00,22.7,99,0.6,5.0,360,3.061616997868383e-16,-5.0
2016-10-01 03:00:00,23.1,98,1.4,4.7,360,2.8779199779962803e-16,-4.7
2016-10-01 04:00:00,23.1,97,2.9,3.8,343,1.1110124779463997,-3.6339580726595346
2016-10-01 05:00:00,22.6,98,1.2,3.9,338,1.4609657143220567,-3.616017032810471
2016-10-01 06:00:00,22.5,99,2.3,2.6,344,0.7166571251241979,-2.499280409439629
2016-10-01 07:00:00,22.7,99,2.5,0.8,297,0.7128052193506944,-0.3631923997916374
2016-10-01 08:00:00,24.0,94,3.0,1.8,281,1.7669289302057951,-0.34345619167778063
2016-10-01 09:00:00,24.6,93,2.0,1.8,281,1.7669289302057951,-0.34345619167778063
2016-10-01 10:00:00,25.2,91,4.5,4.6,252,4.3748599749577055,1.421478174124758
2016-10-01 11:00:00,25.3,90,5.9,5.1,262,5.050367150582009,0.7097828148963337
2016-10-01 12:00:00,25.5,88,3.8,4.2,290,3.9467090073008158,-1.4364846019678086
2016-10-01 13:00:00,25.1,88,1.0,3.7,299,3.2360929164157644,-1.7937955949114472
2016-10-01 14:00:00,25.0,88,0.6,3.1,315,2.1920310216782974,-2.192031021678297
2016-10-01 15:00:00,26.4,86,2.0,5.6,230,4.289848881466277,3.5996106142446194
2016-10-01 16:00:00,25.9,90,2.4,8.7,228,6.46535998165333,5.821436275322066
2016-10-01 17:00:00,25.1,93,1.1,8.2,229,6.18861855782673,5.379684037722159
2016-10-01 18:00:00,24.6,95,1.0,5.1,225,3.6062445840513924,3.606244584051392
2016-10-01 19:00:00,24.0,95,2.2,1.1,198,0.3399186938124422,1.0461621679246689
2016-10-01 20:00:00,23.4,95,8.1,4.3,228,3.195522749552795,2.8772616073430903
2016-10-01 21:00:00,22.9,96,4.4,5.5,238,4.664264528860342,2.914555953282627
2016-10-01 22:00:00,22.8,96,3.9,5.2,258,5.08636752381579,1.0811407922523486
2016-10-01 23:00:00,22.5,97,3.9,4.4,235,3.604268994871564,2.523736319944603
2016-10-02 00:00:00,22.5,98,5.2,4.2,239,3.600102662948872,2.1631599146222276
2016-10-02 01:00:00,22.4,99,6.5,3.6,264,3.580278823325784,0.37630246776355253
2016-10-02 02:00:00,22.4,98,7.7,3.0,14,-0.7257656867990033,-2.9108871788279895
2016-10-02 03:00:00,22.6,99,8.3,4.3,5,-0.37476969381493047,-4.283637201794505
2016-10-02 04:00:00,23.2,98,7.9,3.5,24,-1.4235782507653003,-3.1974091017491033
2016-10-02 05:00:00,22.8,99,9.4,4.0,360,2.4492935982947064e-16,-4.0
2016-10-02 06:00:00,23.0,95,6.9,4.8,48,-3.5670951622914924,-3.2118269105225195
2016-10-02 07:00:00,23.6,92,5.5,5.0,69,-4.667902132486009,-1.7918397477265022
2016-10-02 08:00:00,24.2,90,4.0,2.2,360,1.3471114790620887e-16,-2.2
2016-10-02 09:00:00,25.0,89,2.5,4.1,345,1.061158084920335,-3.96029588778518
2016-10-02 10:00:00,25.4,84,1.5,5.4,340,1.8469087739586119,-5.074340152243905
2016-10-02 11:00:00,26.2,77,0.6,6.6,347,1.4846769586695083,-6.430842427582553
2016-10-02 12:00:00,26.6,75,0.1,8.3,342,2.564841053312064,-7.893769085249775
2016-10-02 13:00:00,26.9,73,0.0,9.5,335,4.014873486536644,-8.609923976848174
2016-10-02 14:00:00,27.2,73,0.0,10.2,328,5.40517649517869,-8.650090580795544
2016-10-02 15:00:00,27.0,79,0.3,7.1,330,3.5500000000000007,-6.148780366869514
2016-10-02 16:00:00,26.9,79,0.1,6.4,344,1.7640790772287946,-6.1520748540052415
2016-10-02 17:00:00,26.6,80,0.0,4.0,333,1.8159619989581872,-3.564026096753471
2016-10-02 18:00:00,26.0,81,0.0,4.7,337,1.8364363038995866,-4.32637281122647
2016-10-02 19:00:00,25.1,84,0.0,1.5,14,-0.36288284339950166,-1.4554435894139948
2016-10-02 20:00:00,24.4,86,0.0,0.0,270,0.0,0.0
2016-10-02 21:00:00,24.4,85,0.0,2.3,231,1.7874357113510329,1.4474368994146258
2016-10-02 22:00:00,23.8,88,0.0,4.1,218,2.524212048835199,3.23084408978756
2016-10-02 23:00:00,23.8,88,0.0,4.0,185,0.34862297099063255,3.984778792366982
2016-10-03 00:00:00,24.1,85,0.0,3.5,156,-1.423578250765301,3.197409101749103
2016-10-03 01:00:00,23.6,85,0.0,2.4,153,-1.089577199374912,2.138415658052083
2016-10-03 02:00:00,21.3,92,0.0,1.1,162,-0.3399186938124421,1.046162167924669
2016-10-03 03:00:00,22.2,88,0.0,1.1,72,-1.046162167924669,-0.33991869381244205
2016-10-03 04:00:00,21.7,88,0.0,2.4,63,-2.138415658052083,-1.089577199374912
2016-10-03 05:00:00,20.5,92,0.0,2.7,67,-2.485363104321589,-1.0549740469210387
2016-10-03 06:00:00,19.8,94,0.1,1.4,90,-1.4,1.7145055188062944e-16
2016-10-03 07:00:00,21.1,94,0.0,3.9,112,-3.6160170328104706,1.4609657143220578
2016-10-03 08:00:00,24.2,85,0.0,1.5,135,-1.0606601717798212,1.0606601717798214
2016-10-03 09:00:00,26.3,75,0.0,2.2,279,2.1729143493093033,-0.34415582308850795
2016-10-03 10:00:00,27.2,73,0.0,4.0,297,3.5640260967534716,-1.815961998958187
2016-10-03 11:00:00,27.9,70,0.0,5.6,310,4.289848881466277,-3.5996106142446194
2016-10-03 12:00:00,28.0,71,0.0,7.7,323,4.633975678270772,-6.149493427364155
2016-10-03 13:00:00,28.1,72,0.0,9.7,329,4.995869326627525,-8.31452281681049
2016-10-03 14:00:00,27.9,73,0.0,10.1,333,4.585304047369423,-8.999165894302514
2016-10-03 15:00:00,27.3,80,0.1,9.7,345,2.510544737494451,-9.369480515003962
2016-10-03 16:00:00,26.5,82,0.3,8.8,351,1.3766232923540322,-8.691657397237213
2016-10-03 17:00:00,26.1,83,0.0,6.1,357,0.3192493330819582,-6.0916401620029
2016-10-03 18:00:00,25.2,88,0.0,3.1,324,1.8221342821066668,-2.5079526825623373
2016-10-03 19:00:00,24.1,94,0.0,4.0,10,-0.6945927106677213,-3.939231012048832
2016-10-03 20:00:00,23.7,93,0.0,4.2,20,-1.436484601967808,-3.9467090073008158
2016-10-03 21:00:00,23.8,91,0.0,4.2,31,-2.163159914622229,-3.600102662948871
2016-10-03 22:00:00,23.2,91,0.0,2.3,51,-1.7874357113510326,-1.4474368994146265
2016-10-03 23:00:00,22.8,90,0.0,1.8,53,-1.437543918085127,-1.0832670416736871
2016-10-04 00:00:00,20.5,96,0.0,2.3,51,-1.7874357113510326,-1.4474368994146265
2016-10-04 01:00:00,19.8,97,0.0,1.3,56,-1.0777488443215544,-0.7269507745119708
2016-10-04 02:00:00,19.4,95,0.0,1.9,68,-1.761649323676896,-0.7117525274902328
2016-10-04 03:00:00,20.3,97,0.0,2.2,81,-2.1729143493093033,-0.3441558230885076
2016-10-04 04:00:00,19.6,96,0.0,3.7,79,-3.632020578756357,-0.7059932828932155
2016-10-04 05:00:00,19.3,94,0.0,4.1,75,-3.96029588778518,-1.0611580849203353
2016-10-04 06:00:00,20.0,90,0.0,2.6,74,-2.499280409439629,-0.7166571251241974
2016-10-04 07:00:00,22.4,84,0.0,1.8,79,-1.7669289302057951,-0.3434561916777805
2016-10-04 08:00:00,24.5,84,0.0,1.0,315,0.7071067811865476,-0.7071067811865475
2016-10-04 09:00:00,25.7,82,0.0,2.9,300,2.511473670974872,-1.4499999999999997
2016-10-04 10:00:00,26.5,79,0.0,3.5,294,3.197409101749103,-1.4235782507653008
2016-10-04 11:00:00,27.2,77,0.0,4.8,283,4.676976310969129,-1.079765060850552
2016-10-04 12:00:00,27.8,74,0.2,5.5,281,5.3989495089621515,-1.0494494745709964
2016-10-04 13:00:00,27.5,75,0.4,5.9,281,5.791600382341218,-1.1257730727216144
2016-10-04 14:00:00,27.2,76,0.3,5.1,274,5.087576656325103,-0.35575801609503904
2016-10-04 15:00:00,27.0,76,0.3,3.7,259,3.632020578756357,0.7059932828932158
2016-10-04 16:00:00,26.5,78,0.1,2.4,297,2.138415658052083,-1.0895771993749122
2016-10-04 17:00:00,25.9,80,0.0,2.6,344,0.7166571251241979,-2.499280409439629
2016-10-04 18:00:00,25.0,88,0.0,4.7,4,-0.32785542659739025,-4.688551036221174
2016-10-04 19:00:00,24.8,85,0.0,4.8,63,-4.276831316104166,-2.179154398749824
2016-10-04 20:00:00,24.9,84,0.0,2.1,59,-1.800051331474436,-1.0815799573111138
2016-10-04 21:00:00,24.8,84,0.0,2.3,219,1.447436899414626,1.7874357113510329
2016-10-04 22:00:00,22.8,90,0.0,6.0,205,2.5357095704441965,5.437846722219899
2016-10-04 23:00:00,22.3,92,0.7000000000000001,6.4,196,1.7640790772287946,6.1520748540052415
2016-10-05 00:00:00,22.6,92,1.7000000000000002,5.6,195,1.4493866525741161,5.4091846272187825
2016-10-05 01:00:00,22.3,92,0.7000000000000001,3.8,197,1.1110124779463997,3.6339580726595346
2016-10-05 02:00:00,23.8,86,0.4,2.2,189,0.34415582308850806,2.1729143493093033
2016-10-05 03:00:00,23.6,88,0.8,1.8,191,0.34345619167778085,1.7669289302057951
2016-10-05 04:00:00,23.9,87,0.7000000000000001,2.3,231,1.7874357113510329,1.4474368994146258
2016-10-05 05:00:00,23.3,90,1.1,2.3,219,1.447436899414626,1.7874357113510329
2016-10-05 06:00:00,22.6,93,1.6,3.6,174,-0.3763024677635528,3.580278823325784
2016-10-05 07:00:00,22.9,95,1.9,2.9,173,-0.35342109587492737,2.878383839759834
2016-10-05 08:00:00,24.7,91,2.2,1.9,248,1.761649323676896,0.7117525274902328
2016-10-05 09:00:00,25.3,87,1.1,4.2,290,3.9467090073008158,-1.4364846019678086
2016-10-05 10:00:00,26.1,83,0.7000000000000001,4.7,293,4.32637281122647,-1.8364363038995868
2016-10-05 11:00:00,26.9,79,0.7000000000000001,5.8,292,5.377666356487367,-2.1727182418122895
2016-10-05 12:00:00,26.8,80,1.1,6.0,295,5.437846722219899,-2.5357095704441965
2016-10-05 13:00:00,26.6,80,0.6,6.1,298,5.385980316439454,-2.8637765329939335
2016-10-05 14:00:00,25.7,85,1.4,6.2,306,5.0159053651246746,-3.6442685642133337
2016-10-05 15:00:00,26.6,84,0.2,4.3,318,2.8772616073430903,-3.195522749552795
2016-10-05 16:00:00,26.6,82,0.0,4.4,325,2.5237363199446032,-3.604268994871564
2016-10-05 17:00:00,26.3,85,0.0,3.3,311,2.4905416147351476,-2.1649947956686737
2016-10-05 18:00:00,25.5,89,0.0,3.4,288,3.233592155403522,-1.0506577808748212
2016-10-05 19:00:00,24.3,95,0.0,2.3,219,1.447436899414626,1.7874357113510329
2016-10-05 20:00:00,23.4,96,0.0,2.9,210,1.4500000000000002,2.5114736709748717
2016-10-05 21:00:00,23.3,96,0.0,3.2,153,-1.4527695991665495,2.8512208774027776
2016-10-05 22:00:00,23.2,96,0.0,4.1,142,-2.524212048835199,3.23084408978756
2016-10-05 23:00:00,22.8,96,0.0,3.3,131,-2.4905416147351476,2.1649947956686737
2016-10-06 00:00:00,22.7,96,0.0,4.3,132,-3.195522749552794,2.8772616073430908
2016-10-06 01:00:00,22.2,96,0.0,5.4,138,-3.6133052743378347,4.012982057577929
2016-10-06 02:00:00,22.2,96,0.0,4.6,135,-3.252691193458118,3.2526911934581184
2016-10-06 03:00:00,22.1,93,0.0,3.4,108,-3.233592155403522,1.0506577808748214
2016-10-06 04:00:00,22.0,92,0.0,4.3,114,-3.9282454678631833,1.7489675652259418
2016-10-06 05:00:00,21.8,93,1.3,5.2,124,-4.310995377286217,2.907803098047884
2016-10-06 06:00:00,21.8,94,1.8,4.4,235,3.604268994871564,2.523736319944603
2016-10-06 07:00:00,22.5,94,3.2,1.5,225,1.0606601717798214,1.0606601717798212
2016-10-06 08:00:00,25.0,88,4.3,1.3,214,0.7269507745119709,1.0777488443215544
2016-10-06 09:00:00,25.7,85,2.3,2.9,240,2.511473670974872,1.4499999999999997
2016-10-06 10:00:00,25.8,86,3.3,4.9,216,2.8801477362331185,3.9641832724372428
2016-10-06 11:00:00,26.1,85,1.8,6.5,214,3.634753872559854,5.388744221607771
2016-10-06 12:00:00,26.3,85,1.6,8.2,221,5.379684037722159,6.18861855782673
2016-10-06 13:00:00,26.2,87,2.4,7.7,229,5.811263767715345,5.051654523226906
2016-10-06 14:00:00,25.9,89,2.9,7.2,252,6.8476069173251055,2.2249223594996215
2016-10-06 15:00:00,25.4,89,2.3,5.8,277,5.756767679519667,-0.7068421917498553
2016-10-06 16:00:00,25.4,88,2.2,3.9,292,3.616017032810471,-1.460965714322057
2016-10-06 17:00:00,25.1,91,0.3,2.8,320,1.7998053071223101,-2.1449244407331385
2016-10-06 18:00:00,24.4,93,0.6,5.3,332,2.4881992827652213,-4.679622242152313
2016-10-06 19:00:00,23.8,94,1.0,3.2,360,1.9594348786357652e-16,-3.2
2016-10-06 20:00:00,23.6,92,0.7000000000000001,2.6,344,0.7166571251241979,-2.499280409439629
2016-10-06 21:00:00,23.4,93,0.2,1.8,11,-0.3434561916777803,-1.7669289302057951
2016-10-06 22:00:00,23.2,94,0.9,1.8,90,-1.8,2.2043642384652358e-16
2016-10-06 23:00:00,23.0,94,0.4,1.8,191,0.34345619167778085,1.7669289302057951
2016-10-07 00:00:00,22.3,96,1.6,4.0,180,2.4492935982947064e-16,4.0
2016-10-07 01:00:00,21.8,97,2.3,5.9,191,1.125773072721615,5.791600382341218
2016-10-07 02:00:00,21.7,97,2.4,6.8,183,0.35588450245201897,6.790680836331102
2016-10-07 03:00:00,22.4,95,3.2,6.8,180,4.1637991171010006e-16,6.8
2016-10-07 04:00:00,22.5,95,6.4,7.2,174,-0.7526049355271056,7.160557646651568
2016-10-07 05:00:00,22.4,95,9.3,7.2,186,0.752604935527105,7.160557646651568
2016-10-07 06:00:00,22.3,95,11.5,4.6,219,2.894873798829252,3.5748714227020657
2016-10-07 07:00:00,22.6,95,13.7,3.0,166,-0.7257656867990033,2.9108871788279895
2016-10-07 08:00:00,23.3,92,12.9,1.3,146,-0.7269507745119708,1.0777488443215544
2016-10-07 09:00:00,23.6,90,9.0,1.5,76,-1.4554435894139948,-0.3628828433995013
2016-10-07 10:00:00,23.6,92,4.5,4.6,45,-3.2526911934581193,-3.252691193458118
2016-10-07 11:00:00,24.5,88,1.6,2.2,9,-0.3441558230885083,-2.172914349309303
2016-10-07 12:00:00,25.7,82,0.4,3.4,328,1.8017254983928965,-2.883363526931848
2016-10-07 13:00:00,25.9,82,0.0,3.2,333,1.45276959916655,-2.851220877402777
2016-10-07 14:00:00,25.9,81,0.3,5.0,330,2.5000000000000004,-4.330127018922193
2016-10-07 15:00:00,24.2,92,4.1,5.4,318,3.6133052743378347,-4.012982057577929
2016-10-07 16:00:00,23.8,92,4.7,4.3,318,2.8772616073430903,-3.195522749552795
2016-10-07 17:00:00,23.3,94,6.2,3.5,336,1.4235782507653008,-3.197409101749103
2016-10-07 18:00:00,22.8,96,4.7,3.7,331,1.7937955949114475,-3.2360929164157644
2016-10-07 19:00:00,22.5,96,3.0,5.1,356,0.35575801609503865,-5.087576656325103
2016-10-07 20:00:00,22.1,97,2.9,6.1,3,-0.31924933308196024,-6.0916401620029
2016-10-07 21:00:00,22.0,96,3.8,4.2,329,2.1631599146222276,-3.600102662948872
2016-10-07 22:00:00,22.1,94,6.6,2.7,203,1.0549740469210391,2.485363104321589
2016-10-07 23:00:00,21.9,95,9.0,2.5,172,-0.3479327524001634,2.475670171853926
2016-10-08 00:00:00,21.9,95,11.3,1.4,90,-1.4,1.7145055188062944e-16
2016-10-08 01:00:00,22.8,87,8.7,4.0,27,-1.8159619989581877,-3.564026096753471
2016-10-08 02:00:00,22.1,92,6.1,4.1,15,-1.0611580849203346,-3.96029588778518
2016-10-08 03:00:00,21.9,95,8.9,5.3,28,-2.488199282765221,-4.679622242152313
2016-10-08 04:00:00,21.9,95,6.7,5.1,45,-3.606244584051393,-3.606244584051392
2016-10-08 05:00:00,21.9,95,3.2,5.3,28,-2.488199282765221,-4.679622242152313
2016-10-08 06:00:00,22.1,93,1.8,4.3,66,-3.9282454678631837,-1.7489675652259409
2016-10-08 07:00:00,23.1,87,1.7000000000000002,2.1,59,-1.800051331474436,-1.0815799573111138
2016-10-08 08:00:00,23.1,89,1.9,0.5,45,-0.35355339059327384,-0.35355339059327373
2016-10-08 09:00:00,23.5,89,2.3,0.5,315,0.3535533905932738,-0.35355339059327373
2016-10-08 10:00:00,23.6,91,2.3,1.5,14,-0.36288284339950166,-1.4554435894139948
2016-10-08 11:00:00,24.0,89,2.1,3.9,22,-1.460965714322058,-3.6160170328104706
2016-10-08 12:00:00,24.1,90,2.0,3.2,333,1.45276959916655,-2.851220877402777
2016-10-08 13:00:00,24.4,89,1.8,4.0,275,3.984778792366982,-0.34862297099063266
2016-10-08 14:00:00,24.5,89,1.4,1.8,259,1.7669289302057951,0.34345619167778063
2016-10-08 15:00:00,24.1,92,2.2,1.5,284,1.4554435894139948,-0.3628828433995016
2016-10-08 16:00:00,23.7,94,3.4,1.5,284,1.4554435894139948,-0.3628828433995016
2016-10-08 17:00:00,23.4,95,6.8,1.1,180,6.735557395310444e-17,1.1
2016-10-08 18:00:00,23.0,96,8.9,0.5,225,0.3535533905932738,0.35355339059327373
2016-10-08 19:00:00,22.8,96,9.2,2.9,7,-0.35342109587492676,-2.878383839759834
2016-10-08 20:00:00,22.7,94,6.2,5.1,4,-0.35575801609504043,-5.087576656325103
2016-10-08 21:00:00,22.5,94,3.4,4.8,347,1.0797650608505516,-4.676976310969129
2016-10-08 22:00:00,22.3,95,1.9,5.9,11,-1.1257730727216133,-5.791600382341218
2016-10-08 23:00:00,22.5,93,1.4,7.1,24,-2.8878301658381806,-6.486172749262467
2016-10-09 00:00:00,22.0,95,1.3,8.2,23,-3.203995253612045,-7.548139798310009
2016-10-09 01:00:00,21.9,95,0.9,4.2,20,-1.436484601967808,-3.9467090073008158
2016-10-09 02:00:00,22.0,95,0.6,6.8,18,-2.1013155617496433,-6.467184310807044
2016-10-09 03:00:00,22.1,95,5.6,7.6,3,-0.39775326744637673,-7.589584464134761
2016-10-09 04:00:00,21.7,96,7.9,1.4,360,8.572527594031472e-17,-1.4
2016-10-09 05:00:00,21.6,97,10.4,0.7000000000000001,90,-0.7000000000000001,8.572527594031473e-17
2016-10-09 06:00:00,21.5,97,9.1,0.0,270,0.0,0.0
2016-10-09 07:00:00,21.6,97,11.0,2.9,30,-1.4500000000000013,-2.5114736709748713
2016-10-09 08:00:00,21.8,97,13.0,4.7,23,-1.836436303899587,-4.326372811226469
2016-10-09 09:00:00,22.0,97,9.0,4.0,5,-0.348622970990633,-3.984778792366982
2016-10-09 10:00:00,22.1,97,3.8,4.0,360,2.4492935982947064e-16,-4.0
2016-10-09 11:00:00,22.6,94,1.4,4.7,356,0.3278554265973886,-4.688551036221174
2016-10-09 12:00:00,22.9,94,1.1,5.1,352,0.7097828148963339,-5.050367150582009
2016-10-09 13:00:00,23.3,93,1.0,5.5,349,1.049449474570997,-5.3989495089621515
2016-10-09 14:00:00,23.2,94,0.9,6.6,351,1.032467469265524,-6.518743047927909
2016-10-09 15:00:00,22.5,96,1.0,7.2,6,-0.7526049355271042,-7.160557646651569
2016-10-09 16:00:00,22.5,95,0.8,6.5,6,-0.6794350112397468,-6.464392319893777
2016-10-09 17:00:00,22.3,95,0.7000000000000001,5.2,12,-1.0811407922523508,-5.086367523815789
2016-10-09 18:00:00,22.2,95,0.4,7.3,20,-2.49674704627738,-6.859756131737131
2016-10-09 19:00:00,21.8,96,0.6,8.6,22,-3.2216167033768457,-7.97378114927437
2016-10-09 20:00:00,21.5,96,0.3,9.1,18,-2.8120546488120226,-8.654614298285896
2016-10-09 21:00:00,21.9,92,0.2,7.7,28,-3.614931033451359,-6.798696465013738
2016-10-09 22:00:00,22.4,89,0.0,5.8,30,-2.9000000000000026,-5.022947341949743
2016-10-09 23:00:00,22.3,89,0.0,4.2,31,-2.163159914622229,-3.600102662948871
2016-10-10 00:00:00,21.7,91,0.0,2.1,31,-1.0815799573111144,-1.8000513314744355
2016-10-10 01:00:00,21.0,93,0.0,1.1,108,-1.0461621679246689,0.3399186938124423
2016-10-10 02:00:00,21.2,92,0.0,2.0,135,-1.414213562373095,1.4142135623730951
2016-10-10 03:00:00,21.1,90,0.0,1.6,153,-0.7263847995832747,1.4256104387013888
2016-10-10 04:00:00,21.0,90,0.2,0.5,135,-0.35355339059327373,0.3535533905932738
2016-10-10 05:00:00,21.2,89,0.0,1.5,346,0.3628828433995015,-1.4554435894139948
2016-10-10 06:00:00,21.1,89,0.5,2.4,63,-2.138415658052083,-1.089577199374912
2016-10-10 07:00:00,22.3,84,0.0,1.3,34,-0.7269507745119705,-1.0777488443215544
2016-10-10 08:00:00,23.2,86,0.1,1.1,270,1.1,0.0
2016-10-10 09:00:00,23.6,86,0.0,2.8,320,1.7998053071223101,-2.1449244407331385
2016-10-10 10:00:00,23.9,85,0.2,6.1,332,2.863776532993934,-5.385980316439453
2016-10-10 11:00:00,24.0,87,0.2,7.6,329,3.9142893693164114,-6.5144714853360535
2016-10-10 12:00:00,24.1,88,0.1,6.8,335,2.873804179836756,-6.162892951849219
2016-10-10 13:00:00,24.0,89,0.1,6.8,328,3.603450996785793,-5.766727053863696
2016-10-10 14:00:00,24.4,86,0.0,6.8,328,3.603450996785793,-5.766727053863696
2016-10-10 15:00:00,24.5,87,0.2,5.5,328,2.914555953282627,-4.664264528860342
2016-10-10 16:00:00,24.3,88,0.0,6.2,339,2.2218812871808624,-5.788198644282651
2016-10-10 17:00:00,23.7,90,0.0,5.7,342,1.7613968679372005,-5.421022142882375
2016-10-10 18:00:00,23.0,93,0.0,3.4,342,1.0506577808748212,-3.233592155403522
2016-10-10 19:00:00,22.4,95,0.0,3.8,343,1.1110124779463997,-3.6339580726595346
2016-10-10 20:00:00,21.8,96,0.0,3.3,347,0.7423384793347542,-3.2154212137912763
2016-10-10 21:00:00,21.7,96,0.0,2.9,30,-1.4500000000000013,-2.5114736709748713
2016-10-10 22:00:00,21.4,95,0.0,1.9,68,-1.761649323676896,-0.7117525274902328
2016-10-10 23:00:00,21.4,95,0.1,1.5,45,-1.0606601717798214,-1.0606601717798212
2016-10-11 00:00:00,21.1,96,0.0,1.5,14,-0.36288284339950166,-1.4554435894139948
2016-10-11 01:00:00,21.1,96,0.0,1.3,56,-1.0777488443215544,-0.7269507745119708
2016-10-11 02:00:00,20.9,96,0.2,1.1,72,-1.046162167924669,-0.33991869381244205
2016-10-11 03:00:00,21.6,93,0.0,1.6,63,-1.4256104387013888,-0.7263847995832747
2016-10-11 04:00:00,21.0,95,0.2,1.3,56,-1.0777488443215544,-0.7269507745119708
2016-10-11 05:00:00,21.6,93,0.0,2.3,72,-2.187429987478853,-0.7107390870623786
2016-10-11 06:00:00,22.3,90,0.1,4.3,95,-4.283637201794505,0.3747696938149302
2016-10-11 07:00:00,22.6,90,0.0,3.4,72,-3.2335921554035223,-1.0506577808748208
2016-10-11 08:00:00,24.2,87,0.5,2.2,360,1.3471114790620887e-16,-2.2
2016-10-11 09:00:00,24.9,85,0.8,3.8,287,3.6339580726595346,-1.1110124779463997
2016-10-11 10:00:00,25.1,86,0.9,5.4,290,5.074340152243906,-1.8469087739586112
2016-10-11 11:00:00,25.1,87,0.7000000000000001,4.7,293,4.32637281122647,-1.8364363038995868
2016-10-11 12:00:00,25.3,86,1.1,4.0,297,3.5640260967534716,-1.815961998958187
2016-10-11 13:00:00,25.1,86,6.7,5.6,320,3.5996106142446203,-4.289848881466277
2016-10-11 14:00:00,24.8,86,5.4,7.5,325,4.301823272632846,-6.143640332167439
2016-10-11 15:00:00,25.0,86,3.1,7.9,344,2.1775351109542935,-7.59396739791272
2016-10-11 16:00:00,24.6,89,0.8,5.5,349,1.049449474570997,-5.3989495089621515
2016-10-11 17:00:00,24.2,92,1.0,4.7,356,0.3278554265973886,-4.688551036221174
2016-10-11 18:00:00,23.4,95,1.5,2.5,45,-1.7677669529663693,-1.7677669529663687
2016-10-11 19:00:00,22.7,97,1.3,3.4,32,-1.801725498392897,-2.883363526931848
2016-10-11 20:00:00,22.4,97,1.4,5.2,12,-1.0811407922523508,-5.086367523815789
2016-10-11 21:00:00,22.5,97,1.1,3.9,22,-1.460965714322058,-3.6160170328104706
2016-10-11 22:00:00,22.7,96,0.5,3.7,29,-1.7937955949114464,-3.2360929164157652
2016-10-11 23:00:00,22.5,96,0.5,3.8,41,-2.4930243101639276,-2.8678964048465336
2016-10-12 00:00:00,22.4,96,0.5,3.8,49,-2.867896404846534,-2.4930243101639267
2016-10-12 01:00:00,21.9,96,0.3,4.0,63,-3.5640260967534716,-1.8159619989581868
2016-10-12 02:00:00,22.1,95,0.4,3.8,73,-3.6339580726595346,-1.1110124779463997
2016-10-12 03:00:00,21.8,93,0.0,3.8,73,-3.6339580726595346,-1.1110124779463997
2016-10-12 04:00:00,21.6,93,0.0,3.5,66,-3.197409101749103,-1.4235782507653008
2016-10-12 05:00:00,21.2,93,0.0,3.7,61,-3.236092916415765,-1.7937955949114468
2016-10-12 06:00:00,21.2,92,0.0,3.0,76,-2.9108871788279895,-0.7257656867990026
2016-10-12 07:00:00,21.8,93,0.0,2.7,67,-2.485363104321589,-1.0549740469210387
2016-10-12 08:00:00,23.8,91,0.0,2.7,23,-1.0549740469210394,-2.4853631043215887
2016-10-12 09:00:00,24.7,87,0.0,5.2,348,1.0811407922523493,-5.086367523815789
2016-10-12 10:00:00,25.7,84,0.0,6.2,324,3.6442685642133337,-5.0159053651246746
2016-10-12 11:00:00,26.5,82,0.1,6.3,329,3.244739871933341,-5.400153994423308
2016-10-12 12:00:00,26.5,81,1.0,7.0,325,4.015035054457323,-5.7340643100229425
2016-10-12 13:00:00,26.7,80,1.1,6.5,326,3.634753872559854,-5.388744221607771
2016-10-12 14:00:00,26.0,81,3.2,6.6,338,2.4724035165450187,-6.1194134401407965
2016-10-12 15:00:00,25.7,84,1.6,5.0,339,1.791839747726502,-4.667902132486009
2016-10-12 16:00:00,25.3,85,1.9,4.5,331,2.181643291108517,-3.935788682127281
2016-10-12 17:00:00,24.4,88,1.1,4.0,355,0.34862297099063255,-3.984778792366982
2016-10-12 18:00:00,23.4,92,0.2,5.6,333,2.542346798541462,-4.989636535454859
2016-10-12 19:00:00,22.5,95,0.2,3.8,343,1.1110124779463997,-3.6339580726595346
2016-10-12 20:00:00,22.0,96,0.3,2.2,360,1.3471114790620887e-16,-2.2
2016-10-12 21:00:00,21.7,96,0.3,2.2,9,-0.3441558230885083,-2.172914349309303
2016-10-12 22:00:00,21.3,96,0.3,2.3,39,-1.447436899414627,-1.7874357113510322
2016-10-12 23:00:00,21.0,95,0.1,3.2,63,-2.8512208774027776,-1.4527695991665495
2016-10-13 00:00:00,20.7,95,0.0,3.2,90,-3.2,3.9188697572715305e-16
2016-10-13 01:00:00,20.6,95,0.0,3.3,96,-3.2819222547153015,0.3449439287832573
2016-10-13 02:00:00,20.6,94,0.0,3.6,96,-3.580278823325784,0.37630246776355347
2016-10-13 03:00:00,20.9,91,0.8,3.2,90,-3.2,3.9188697572715305e-16
2016-10-13 04:00:00,21.0,92,0.5,3.3,84,-3.2819222547153015,-0.3449439287832565
2016-10-13 05:00:00,20.9,92,0.5,3.2,90,-3.2,3.9188697572715305e-16
2016-10-13 06:00:00,20.9,92,0.7000000000000001,3.2,90,-3.2,3.9188697572715305e-16
2016-10-13 07:00:00,21.4,93,0.1,1.8,79,-1.7669289302057951,-0.3434561916777805
2016-10-13 08:00:00,23.5,90,0.2,1.5,315,1.0606601717798214,-1.0606601717798212
2016-10-13 09:00:00,24.7,83,0.7000000000000001,3.5,294,3.197409101749103,-1.4235782507653008
2016-10-13 10:00:00,25.5,80,1.0,3.7,281,3.632020578756357,-0.7059932828932158
2016-10-13 11:00:00,25.7,81,1.2,3.2,270,3.2,0.0
2016-10-13 12:00:00,26.1,80,0.8,3.8,287,3.6339580726595346,-1.1110124779463997
2016-10-13 13:00:00,26.1,81,0.5,4.4,305,3.604268994871564,-2.523736319944603
2016-10-13 14:00:00,25.9,81,0.9,4.3,312,3.195522749552795,-2.8772616073430903
2016-10-13 15:00:00,25.9,81,0.8,5.0,330,2.5000000000000004,-4.330127018922193
2016-10-13 16:00:00,25.4,82,1.6,3.8,343,1.1110124779463997,-3.6339580726595346
2016-10-13 17:00:00,24.7,84,0.7000000000000001,2.7,337,1.0549740469210391,-2.485363104321589
2016-10-13 18:00:00,23.6,91,1.1,3.4,302,2.883363526931848,-1.8017254983928965
2016-10-13 19:00:00,22.5,94,1.2,1.8,323,1.0832670416736871,-1.437543918085127
2016-10-13 20:00:00,22.0,95,0.0,1.8,11,-0.3434561916777803,-1.7669289302057951
2016-10-13 21:00:00,21.8,94,0.0,1.5,45,-1.0606601717798214,-1.0606601717798212
2016-10-13 22:00:00,21.4,94,0.0,1.8,53,-1.437543918085127,-1.0832670416736871
2016-10-13 23:00:00,21.1,94,0.0,2.9,83,-2.878383839759834,-0.3534210958749272
2016-10-14 00:00:00,20.7,94,0.0,2.9,83,-2.878383839759834,-0.3534210958749272
2016-10-14 01:00:00,20.2,95,0.0,2.5,82,-2.475670171853926,-0.3479327524001638
2016-10-14 02:00:00,20.1,95,0.0,2.7,67,-2.485363104321589,-1.0549740469210387
2016-10-14 03:00:00,19.5,95,0.0,2.6,74,-2.499280409439629,-0.7166571251241974
2016-10-14 04:00:00,19.1,96,0.0,2.3,72,-2.187429987478853,-0.7107390870623786
2016-10-14 05:00:00,19.0,96,0.0,2.4,63,-2.138415658052083,-1.089577199374912
2016-10-14 06:00:00,19.1,95,0.0,3.3,84,-3.2819222547153015,-0.3449439287832565
2016-10-14 07:00:00,20.4,95,0.0,2.2,81,-2.1729143493093033,-0.3441558230885076
2016-10-14 08:00:00,23.8,88,0.0,1.9,338,0.7117525274902327,-1.761649323676896
2016-10-14 09:00:00,25.2,84,0.0,4.5,331,2.181643291108517,-3.935788682127281
2016-10-14 10:00:00,26.0,82,0.0,6.0,327,3.2678342100901627,-5.032023407672544
2016-10-14 11:00:00,26.6,81,0.8,7.1,330,3.5500000000000007,-6.148780366869514
2016-10-14 12:00:00,26.8,79,0.7000000000000001,8.0,333,3.6319239979163744,-7.128052193506942
2016-10-14 13:00:00,27.1,78,1.1,10.2,337,3.985457510590592,-9.389149505214892
2016-10-14 14:00:00,26.9,79,3.7,8.1,339,2.902780391316933,-7.5620014546273335
2016-10-14 15:00:00,26.3,82,1.0,7.3,340,2.4967470462773824,-6.8597561317371305
2016-10-14 16:00:00,26.1,83,0.4,4.8,333,2.1791543987498248,-4.276831316104166
2016-10-14 17:00:00,25.4,87,0.0,3.4,328,1.8017254983928965,-2.883363526931848
2016-10-14 18:00:00,24.2,92,0.0,3.4,302,2.883363526931848,-1.8017254983928965
2016-10-14 19:00:00,23.3,95,0.0,1.8,307,1.437543918085127,-1.083267041673687
2016-10-14 20:00:00,22.7,96,0.0,1.0,45,-0.7071067811865477,-0.7071067811865475
2016-10-14 21:00:00,22.4,97,0.0,3.1,126,-2.507952682562337,1.822134282106667
2016-10-14 22:00:00,22.1,97,0.0,4.3,132,-3.195522749552794,2.8772616073430908
2016-10-14 23:00:00,22.1,96,0.0,3.6,127,-2.8750878361702545,2.1665340833473734
2016-10-15 00:00:00,22.0,96,0.0,2.7,113,-2.485363104321589,1.0549740469210394
2016-10-15 01:00:00,21.6,96,0.0,3.7,119,-3.2360929164157644,1.7937955949114477
2016-10-15 02:00:00,21.5,95,0.0,4.7,122,-3.9858260519352022,2.490620541896063
2016-10-15 03:00:00,21.0,95,0.0,4.8,117,-4.276831316104166,2.1791543987498248
2016-10-15 04:00:00,21.2,94,0.2,3.8,107,-3.633958072659535,1.111012477946399
2016-10-15 05:00:00,21.5,93,0.0,2.2,99,-2.172914349309303,0.3441558230885082
2016-10-15 06:00:00,21.7,92,0.0,2.2,81,-2.1729143493093033,-0.3441558230885076
2016-10-15 07:00:00,22.5,93,0.0,1.8,79,-1.7669289302057951,-0.3434561916777805
2016-10-15 08:00:00,24.5,89,0.0,1.5,315,1.0606601717798214,-1.0606601717798212
2016-10-15 09:00:00,25.7,85,0.0,3.2,297,2.8512208774027776,-1.4527695991665497
2016-10-15 10:00:00,26.9,80,0.0,4.8,297,4.276831316104166,-2.1791543987498243
2016-10-15 11:00:00,27.3,80,0.0,6.0,287,5.737828535778212,-1.7542302283364206
2016-10-15 12:00:00,27.7,79,0.3,7.2,273,7.190132650232932,-0.37681888494919563
2016-10-15 13:00:00,27.9,78,0.4,6.6,257,6.430842427582553,1.484676958669509
2016-10-15 14:00:00,27.5,79,0.3,5.9,256,5.7247447850283795,1.4273391840380396
2016-10-15 15:00:00,27.1,81,0.1,4.2,250,3.9467090073008158,1.4364846019678086
2016-10-15 16:00:00,26.5,84,0.0,3.4,252,3.233592155403522,1.0506577808748212
2016-10-15 17:00:00,26.0,85,0.2,2.3,231,1.7874357113510329,1.4474368994146258
2016-10-15 18:00:00,25.0,88,0.5,3.2,180,1.9594348786357652e-16,3.2
2016-10-15 19:00:00,23.9,92,0.0,3.6,135,-2.545584412271571,2.5455844122715714
2016-10-15 20:00:00,24.9,84,0.0,3.2,117,-2.851220877402777,1.4527695991665501
2016-10-15 21:00:00,25.0,83,0.0,4.5,119,-3.935788682127281,2.181643291108517
2016-10-15 22:00:00,24.9,83,0.0,4.0,117,-3.564026096753471,1.8159619989581874
2016-10-15 23:00:00,23.5,88,0.0,3.7,119,-3.2360929164157644,1.7937955949114477
2016-10-16 00:00:00,22.2,92,0.0,2.9,120,-2.511473670974872,1.4499999999999997
2016-10-16 01:00:00,21.5,93,0.0,2.0,135,-1.414213562373095,1.4142135623730951
2016-10-16 02:00:00,21.2,93,1.1,2.8,130,-2.144924440733138,1.7998053071223103
2016-10-16 03:00:00,21.5,90,0.0,3.9,124,-3.2332465329646625,2.180852323535913
2016-10-16 04:00:00,21.7,89,0.0,3.2,117,-2.851220877402777,1.4527695991665501
2016-10-16 05:00:00,22.6,85,0.0,2.5,98,-2.475670171853926,0.3479327524001633
2016-10-16 06:00:00,22.9,84,0.0,3.9,112,-3.6160170328104706,1.4609657143220578
2016-10-16 07:00:00,22.7,88,0.0,2.9,120,-2.511473670974872,1.4499999999999997
2016-10-16 08:00:00,25.2,83,0.0,2.6,196,0.7166571251241979,2.499280409439629
2016-10-16 09:00:00,26.2,81,0.0,3.5,246,3.197409101749103,1.4235782507653008
2016-10-16 10:00:00,26.8,79,0.0,5.7,252,5.421022142882375,1.7613968679372003
2016-10-16 11:00:00,27.7,76,0.0,7.3,259,7.165878439167947,1.392905666248777
2016-10-16 12:00:00,27.9,76,0.0,7.6,270,7.6,0.0
2016-10-16 13:00:00,28.0,76,0.0,7.5,287,7.172285669722766,-2.192787785420526
2016-10-16 14:00:00,27.8,77,0.0,6.4,297,5.702441754805555,-2.9055391983330994
2016-10-16 15:00:00,27.8,81,1.1,4.6,288,4.3748599749577055,-1.421478174124758
2016-10-16 16:00:00,27.1,84,2.1,2.4,297,2.138415658052083,-1.0895771993749122
2016-10-16 17:00:00,26.5,87,0.5,2.3,288,2.1874299874788528,-0.710739087062379
2016-10-16 18:00:00,25.4,91,1.7000000000000002,1.9,158,-0.7117525274902329,1.761649323676896
2016-10-16 19:00:00,24.1,93,2.0,4.5,119,-3.935788682127281,2.181643291108517
2016-10-16 20:00:00,23.2,93,1.3,4.7,113,-4.32637281122647,1.8364363038995868
2016-10-16 21:00:00,22.8,92,0.9,4.8,117,-4.276831316104166,2.1791543987498248
2016-10-16 22:00:00,22.5,91,0.6,4.3,114,-3.9282454678631833,1.7489675652259418
2016-10-16 23:00:00,22.4,91,0.6,4.5,104,-4.366330768241984,1.0886485301985047
2016-10-17 00:00:00,22.3,90,0.2,3.6,90,-3.6,4.4087284769304716e-16
2016-10-17 01:00:00,22.2,86,0.1,2.9,90,-2.9,3.5514757175273243e-16
2016-10-17 02:00:00,22.1,86,0.3,2.6,124,-2.1554976886431083,1.453901549023942
2016-10-17 03:00:00,22.3,83,0.0,3.1,126,-2.507952682562337,1.822134282106667
2016-10-17 04:00:00,22.9,80,0.0,3.0,104,-2.9108871788279895,0.7257656867990032
2016-10-17 05:00:00,23.5,77,0.0,2.9,90,-2.9,3.5514757175273243e-16
2016-10-17 06:00:00,23.3,76,0.0,3.3,77,-3.2154212137912763,-0.7423384793347544
2016-10-17 07:00:00,22.9,82,0.0,1.8,90,-1.8,2.2043642384652358e-16
2016-10-17 08:00:00,25.8,76,0.0,0.8,243,0.7128052193506944,0.3631923997916374
2016-10-17 09:00:00,26.8,76,0.0,2.9,263,2.8783838397598336,0.35342109587492765
2016-10-17 10:00:00,27.7,75,0.0,5.4,266,5.386845871403051,0.37668495821827663
2016-10-17 11:00:00,28.3,75,0.0,6.5,267,6.49109197590473,0.3401837155791349
2016-10-17 12:00:00,28.3,76,0.0,6.8,267,6.790680836331102,0.3558845024520181
2016-10-17 13:00:00,28.2,76,0.0,7.6,275,7.571079705497266,-0.662383644882202
2016-10-17 14:00:00,28.0,77,0.5,7.4,284,7.180188374442374,-1.7902220274375413
2016-10-17 15:00:00,27.7,82,2.6,5.8,292,5.377666356487367,-2.1727182418122895
2016-10-17 16:00:00,26.0,88,3.3,2.9,270,2.9,0.0
2016-10-17 17:00:00,25.0,90,5.4,0.4,180,2.4492935982947065e-17,0.4
2016-10-17 18:00:00,24.6,91,6.0,1.1,198,0.3399186938124422,1.0461621679246689
2016-10-17 19:00:00,23.8,94,5.3,3.1,201,1.1109406435904312,2.8940993221413254
2016-10-17 20:00:00,23.4,95,4.0,5.1,188,0.7097828148963339,5.050367150582009
2016-10-17 21:00:00,23.4,94,4.0,6.5,199,2.116193003971519,6.145870741395559
2016-10-17 22:00:00,23.3,94,2.1,5.8,187,0.7068421917498554,5.756767679519667
2016-10-17 23:00:00,23.0,94,1.0,4.8,193,1.0797650608505516,4.676976310969129
2016-10-18 00:00:00,23.4,91,0.0,2.3,252,2.1874299874788528,0.710739087062379
2016-10-18 01:00:00,24.2,88,0.0,1.9,22,-0.7117525274902333,-1.7616493236768958
2016-10-18 02:00:00,24.4,88,0.0,4.0,63,-3.5640260967534716,-1.8159619989581868
2016-10-18 03:00:00,24.2,91,0.0,3.3,84,-3.2819222547153015,-0.3449439287832565
2016-10-18 04:00:00,22.0,96,0.0,3.4,162,-1.050657780874821,3.2335921554035223
2016-10-18 05:00:00,21.7,97,0.0,4.1,135,-2.8991378028648445,2.899137802864845
2016-10-18 06:00:00,22.1,95,0.0,4.5,119,-3.935788682127281,2.181643291108517
2016-10-18 07:00:00,24.0,89,0.0,1.1,90,-1.1,1.3471114790620887e-16
2016-10-18 08:00:00,25.3,86,0.0,5.0,270,5.0,0.0
2016-10-18 09:00:00,26.0,82,0.0,5.8,274,5.78587149150698,-0.40458754771592675
2016-10-18 10:00:00,26.9,77,0.0,5.4,278,5.34744757120448,-0.7515347451843534
2016-10-18 11:00:00,27.3,76,0.0,6.2,280,6.10580806867569,-1.0766187015349682
2016-10-18 12:00:00,27.9,73,0.0,8.0,280,7.878462024097664,-1.3891854213354426
2016-10-18 13:00:00,28.0,74,0.2,6.2,277,6.153786140176196,-0.7555899291119144
2016-10-18 14:00:00,27.6,76,0.4,4.7,266,4.688551036221174,0.3278554265973889
2016-10-18 15:00:00,27.2,79,1.2,4.0,297,3.5640260967534716,-1.815961998958187
2016-10-18 16:00:00,26.7,84,1.3,2.3,309,1.7874357113510329,-1.4474368994146258
2016-10-18 17:00:00,26.3,85,1.7000000000000002,1.5,256,1.4554435894139948,0.3628828433995016
2016-10-18 18:00:00,25.2,93,6.8,4.7,270,4.7,0.0
2016-10-18 19:00:00,24.3,94,1.7000000000000002,4.0,190,0.6945927106677217,3.939231012048832
2016-10-18 20:00:00,23.9,95,2.5,3.4,198,1.0506577808748212,3.233592155403522
2016-10-18 21:00:00,23.8,94,1.8,4.4,189,0.6883116461770161,4.3458286986186065
2016-10-18 22:00:00,23.5,94,0.6,3.6,174,-0.3763024677635528,3.580278823325784
2016-10-18 23:00:00,23.0,94,0.4,3.8,163,-1.1110124779463992,3.633958072659535
2016-10-19 00:00:00,22.9,94,0.5,4.3,156,-1.748967565225941,3.9282454678631837
2016-10-19 01:00:00,22.7,93,0.3,4.2,149,-2.163159914622228,3.600102662948872
2016-10-19 02:00:00,23.3,87,0.0,4.1,142,-2.524212048835199,3.23084408978756
2016-10-19 03:00:00,23.2,86,0.0,1.5,166,-0.36288284339950166,1.4554435894139948
2016-10-19 04:00:00,22.5,87,0.0,1.3,214,0.7269507745119709,1.0777488443215544
2016-10-19 05:00:00,21.8,90,0.0,1.1,162,-0.3399186938124421,1.046162167924669
2016-10-19 06:00:00,21.5,90,0.0,3.6,127,-2.8750878361702545,2.1665340833473734
2016-10-19 07:00:00,22.5,90,0.0,3.3,131,-2.4905416147351476,2.1649947956686737
2016-10-19 08:00:00,25.3,85,0.0,2.1,211,1.0815799573111138,1.800051331474436
2016-10-19 09:00:00,26.3,82,0.0,4.4,261,4.3458286986186065,0.6883116461770159
2016-10-19 10:00:00,27.1,79,0.0,6.5,270,6.5,0.0
2016-10-19 11:00:00,27.6,78,0.0,7.6,273,7.589584464134761,-0.3977532674463731
2016-10-19 12:00:00,27.8,78,0.1,8.4,277,8.337387673787106,-1.0237024846032388
2016-10-19 13:00:00,27.5,80,0.0,7.5,287,7.172285669722766,-2.192787785420526
2016-10-19 14:00:00,27.5,81,1.4,6.9,279,6.815049550106451,-1.079397808777593
2016-10-19 15:00:00,26.9,84,1.1,5.8,274,5.78587149150698,-0.40458754771592675
2016-10-19 16:00:00,26.3,87,1.4,4.0,275,3.984778792366982,-0.34862297099063266
2016-10-19 17:00:00,25.9,89,0.7000000000000001,3.6,307,2.875087836170254,-2.166534083347374
2016-10-19 18:00:00,25.2,93,1.8,2.5,278,2.475670171853926,-0.3479327524001636
2016-10-19 19:00:00,24.3,94,4.7,0.8,207,0.3631923997916375,0.7128052193506943
2016-10-19 20:00:00,23.7,95,2.9,1.8,180,1.1021821192326179e-16,1.8
2016-10-19 21:00:00,23.8,94,2.2,1.4,90,-1.4,1.7145055188062944e-16
2016-10-19 22:00:00,23.8,92,1.4,5.8,60,-5.0229473419497435,-2.9000000000000004
2016-10-19 23:00:00,23.5,92,0.2,2.9,90,-2.9,3.5514757175273243e-16
2016-10-20 00:00:00,23.1,92,0.1,1.4,90,-1.4,1.7145055188062944e-16
2016-10-20 01:00:00,23.0,91,0.0,1.8,79,-1.7669289302057951,-0.3434561916777805
2016-10-20 02:00:00,23.0,91,0.0,2.7,67,-2.485363104321589,-1.0549740469210387
2016-10-20 03:00:00,23.5,91,0.0,2.9,97,-2.8783838397598336,0.35342109587492787
2016-10-20 04:00:00,22.7,94,0.2,3.3,131,-2.4905416147351476,2.1649947956686737
2016-10-20 05:00:00,22.6,94,0.2,3.3,139,-2.1649947956686737,2.490541614735148
2016-10-20 06:00:00,22.7,94,0.2,5.1,135,-3.606244584051392,3.6062445840513924
2016-10-20 07:00:00,23.5,94,0.7000000000000001,5.9,137,-4.023790324368741,4.314986839553106
2016-10-20 08:00:00,26.0,87,0.5,4.4,189,0.6883116461770161,4.3458286986186065
2016-10-20 09:00:00,26.7,84,0.2,6.4,207,2.9055391983331,5.702441754805554
2016-10-20 10:00:00,27.6,83,0.8,6.1,220,3.92100441908789,4.6728711030257655
2016-10-20 11:00:00,28.1,81,0.8,4.6,252,4.3748599749577055,1.421478174124758
2016-10-20 12:00:00,28.5,77,0.1,5.8,274,5.78587149150698,-0.40458754771592675
2016-10-20 13:00:00,29.0,75,0.0,6.1,273,6.0916401620029,-0.31924933308195735
2016-10-20 14:00:00,29.3,74,0.2,5.4,278,5.34744757120448,-0.7515347451843534
2016-10-20 15:00:00,28.8,82,0.3,5.1,274,5.087576656325103,-0.35575801609503904
2016-10-20 16:00:00,28.6,83,0.3,4.0,280,3.939231012048832,-0.6945927106677213
2016-10-20 17:00:00,27.8,87,0.3,0.4,360,2.4492935982947065e-17,-0.4
2016-10-20 18:00:00,26.7,92,0.4,3.7,299,3.2360929164157644,-1.7937955949114472
2016-10-20 19:00:00,25.8,93,0.0,1.5,166,-0.36288284339950166,1.4554435894139948
2016-10-20 20:00:00,25.0,94,0.1,3.2,153,-1.4527695991665495,2.8512208774027776
2016-10-20 21:00:00,24.3,94,0.0,5.7,162,-1.7613968679371999,5.421022142882376
2016-10-20 22:00:00,24.1,93,0.0,6.6,167,-1.4846769586695092,6.430842427582553
2016-10-20 23:00:00,24.1,91,0.0,6.1,177,-0.3192493330819574,6.0916401620029
2016-10-21 00:00:00,24.2,90,0.1,5.8,176,-0.4045875477159269,5.78587149150698
2016-10-21 01:00:00,24.6,86,0.0,6.1,183,0.3192493330819582,6.0916401620029
2016-10-21 02:00:00,25.5,82,0.0,4.7,184,0.3278554265973886,4.688551036221174
2016-10-21 03:00:00,23.2,93,1.1,2.1,121,-1.8000513314744357,1.0815799573111142
2016-10-21 04:00:00,23.5,92,0.4,2.3,129,-1.7874357113510329,1.4474368994146258
2016-10-21 05:00:00,23.1,91,0.0,5.2,168,-1.0811407922523486,5.08636752381579
2016-10-21 06:00:00,22.9,92,0.0,5.8,202,2.1727182418122895,5.377666356487367
2016-10-21 07:00:00,23.7,93,0.1,3.7,79,-3.632020578756357,-0.7059932828932155
2016-10-21 08:00:00,25.7,86,0.0,2.5,45,-1.7677669529663693,-1.7677669529663687
2016-10-21 09:00:00,26.4,82,0.0,2.7,337,1.0549740469210391,-2.485363104321589
2016-10-21 10:00:00,27.3,79,0.3,3.7,299,3.2360929164157644,-1.7937955949114472
2016-10-21 11:00:00,27.7,79,1.2,1.4,270,1.4,0.0
2016-10-21 12:00:00,27.7,81,2.9,3.7,241,3.2360929164157644,1.7937955949114472
2016-10-21 13:00:00,27.6,82,0.8,6.8,238,5.766727053863696,3.603450996785793
2016-10-21 14:00:00,27.7,79,1.0,7.7,217,4.633975678270772,6.149493427364155
2016-10-21 15:00:00,26.4,84,1.7000000000000002,3.1,234,2.5079526825623373,1.8221342821066668
2016-10-21 16:00:00,26.0,85,1.1,5.8,240,5.022947341949744,2.8999999999999995
2016-10-21 17:00:00,25.5,88,1.4,6.4,207,2.9055391983331,5.702441754805554
2016-10-21 18:00:00,24.6,93,0.5,3.6,127,-2.8750878361702545,2.1665340833473734
2016-10-21 19:00:00,24.8,89,0.1,2.6,146,-1.4539015490239415,2.1554976886431088
2016-10-21 20:00:00,24.9,88,0.0,4.4,171,-0.6883116461770157,4.3458286986186065
2016-10-21 21:00:00,24.7,89,0.0,6.4,164,-1.764079077228794,6.1520748540052415
2016-10-21 22:00:00,24.2,89,0.0,6.0,155,-2.535709570444196,5.4378467222199
2016-10-21 23:00:00,21.8,97,0.0,5.3,152,-2.4881992827652217,4.679622242152313
2016-10-22 00:00:00,21.5,97,0.0,6.0,147,-3.2678342100901627,5.032023407672543
2016-10-22 01:00:00,21.7,96,0.0,5.6,153,-2.542346798541461,4.98963653545486
2016-10-22 02:00:00,21.7,95,0.0,5.5,157,-2.149021206691006,5.062776693988422
2016-10-22 03:00:00,21.6,95,0.0,6.0,155,-2.535709570444196,5.4378467222199
2016-10-22 04:00:00,21.3,94,0.0,6.0,163,-1.75423022833642,5.737828535778213
2016-10-22 05:00:00,21.4,93,0.0,6.3,167,-1.4171916423663498,6.1385314081469815
2016-10-22 06:00:00,20.9,94,0.0,5.2,168,-1.0811407922523486,5.08636752381579
2016-10-22 07:00:00,21.7,95,0.0,5.4,160,-1.8469087739586112,5.074340152243906
2016-10-22 08:00:00,25.0,87,0.0,5.8,173,-0.7068421917498547,5.756767679519668
2016-10-22 09:00:00,26.9,77,0.0,8.9,207,4.040515447681967,7.929958065276474
2016-10-22 10:00:00,27.4,79,0.0,11.5,219,7.237184497073131,8.937178556755166
2016-10-22 11:00:00,27.8,78,0.0,14.7,211,7.571059701177796,12.60035932032105
2016-10-22 12:00:00,27.6,82,0.4,15.5,205,6.550583056980841,14.047770699068074
2016-10-22 13:00:00,27.5,84,0.9,14.9,195,3.856403772027559,14.392294811707119
2016-10-22 14:00:00,26.7,87,3.6,14.3,198,4.418943019561749,13.600108183020696
2016-10-22 15:00:00,27.3,81,0.6,11.8,203,4.61062731617343,10.861957270738797
2016-10-22 16:00:00,26.9,82,2.0,8.9,207,4.040515447681967,7.929958065276474
2016-10-22 17:00:00,26.2,85,0.0,5.6,195,1.4493866525741161,5.4091846272187825
2016-10-22 18:00:00,25.7,87,0.0,4.7,171,-0.7352419856890848,4.6421352007971475
2016-10-22 19:00:00,25.4,87,0.0,5.4,176,-0.3766849582182768,5.386845871403051
2016-10-22 20:00:00,24.3,90,0.0,6.2,170,-1.076618701534968,6.10580806867569
2016-10-22 21:00:00,22.7,95,0.0,6.0,163,-1.75423022833642,5.737828535778213
2016-10-22 22:00:00,21.8,98,0.0,4.3,156,-1.748967565225941,3.9282454678631837
2016-10-22 23:00:00,21.2,97,0.0,4.8,138,-3.2118269105225195,3.5670951622914924
2016-10-23 00:00:00,20.8,98,0.0,4.6,141,-2.894873798829251,3.5748714227020666
2016-10-23 01:00:00,20.6,95,0.0,4.6,141,-2.894873798829251,3.5748714227020666
2016-10-23 02:00:00,20.6,93,0.0,4.6,135,-3.252691193458118,3.2526911934581184
2016-10-23 03:00:00,19.7,95,0.0,4.3,132,-3.195522749552794,2.8772616073430908
2016-10-23 04:00:00,19.7,94,0.0,3.6,135,-2.545584412271571,2.5455844122715714
2016-10-23 05:00:00,19.4,95,0.0,3.3,139,-2.1649947956686737,2.490541614735148
2016-10-23 06:00:00,19.4,93,0.0,3.1,144,-1.8221342821066664,2.5079526825623373
2016-10-23 07:00:00,20.6,92,0.0,3.6,127,-2.8750878361702545,2.1665340833473734
2016-10-23 08:00:00,24.6,81,0.0,2.0,135,-1.414213562373095,1.4142135623730951
2016-10-23 09:00:00,26.8,66,0.0,2.3,219,1.447436899414626,1.7874357113510329
2016-10-23 10:00:00,27.6,65,0.0,3.4,252,3.233592155403522,1.0506577808748212
2016-10-23 11:00:00,28.1,66,0.0,4.4,279,4.3458286986186065,-0.6883116461770159
2016-10-23 12:00:00,28.3,69,0.0,5.0,291,4.667902132486009,-1.7918397477265013
2016-10-23 13:00:00,28.1,71,0.2,6.6,299,5.772490067120011,-3.1997434936258244
2016-10-23 14:00:00,27.6,73,1.5,5.5,302,4.664264528860342,-2.914555953282627
2016-10-23 15:00:00,27.5,77,0.3,6.4,313,4.6806636903626915,-4.36478950439999
2016-10-23 16:00:00,27.0,79,1.3,6.5,326,3.634753872559854,-5.388744221607771
2016-10-23 17:00:00,26.2,82,0.2,4.7,328,2.490620541896063,-3.9858260519352022
2016-10-23 18:00:00,25.0,90,0.0,4.8,13,-1.0797650608505531,-4.6769763109691285
2016-10-23 19:00:00,24.0,92,0.0,5.3,28,-2.488199282765221,-4.679622242152313
2016-10-23 20:00:00,23.6,91,0.0,5.2,34,-2.907803098047882,-4.3109953772862175
2016-10-23 21:00:00,24.5,88,0.0,3.4,32,-1.801725498392897,-2.883363526931848
2016-10-23 22:00:00,24.1,90,0.0,2.2,360,1.3471114790620887e-16,-2.2
2016-10-23 23:00:00,23.8,92,0.0,2.2,351,0.34415582308850806,-2.1729143493093033
2016-10-24 00:00:00,23.1,95,0.0,2.6,74,-2.499280409439629,-0.7166571251241974
2016-10-24 01:00:00,20.2,100,0.0,3.6,90,-3.6,4.4087284769304716e-16
2016-10-24 02:00:00,19.9,98,0.0,3.6,90,-3.6,4.4087284769304716e-16
2016-10-24 03:00:00,20.6,93,0.0,3.0,76,-2.9108871788279895,-0.7257656867990026
2016-10-24 04:00:00,20.2,93,0.0,2.6,74,-2.499280409439629,-0.7166571251241974
2016-10-24 05:00:00,19.9,93,0.0,3.3,77,-3.2154212137912763,-0.7423384793347544
2016-10-24 06:00:00,19.8,92,0.0,3.4,72,-3.2335921554035223,-1.0506577808748208
2016-10-24 07:00:00,20.6,93,0.0,3.3,84,-3.2819222547153015,-0.3449439287832565
2016-10-24 08:00:00,24.9,78,0.0,1.1,72,-1.046162167924669,-0.33991869381244205
2016-10-24 09:00:00,26.4,76,0.0,3.3,311,2.4905416147351476,-2.1649947956686737
2016-10-24 10:00:00,27.3,77,0.0,5.2,304,4.310995377286217,-2.907803098047884
2016-10-24 11:00:00,27.8,75,0.0,6.3,301,5.400153994423308,-3.244739871933341
2016-10-24 12:00:00,27.8,76,0.0,7.2,297,6.415246974156249,-3.2687315981247367
2016-10-24 13:00:00,28.0,75,0.1,6.9,298,6.092338390726597,-3.2393537832226467
2016-10-24 14:00:00,27.8,76,0.3,6.2,306,5.0159053651246746,-3.6442685642133337
2016-10-24 15:00:00,27.2,79,0.4,3.7,299,3.2360929164157644,-1.7937955949114472
2016-10-24 16:00:00,26.7,79,0.3,4.4,305,3.604268994871564,-2.523736319944603
2016-10-24 17:00:00,26.4,82,0.0,3.8,287,3.6339580726595346,-1.1110124779463997
2016-10-24 18:00:00,25.9,83,0.0,3.8,287,3.6339580726595346,-1.1110124779463997
2016-10-24 19:00:00,25.5,84,0.0,1.1,288,1.0461621679246689,-0.33991869381244216
2016-10-24 20:00:00,24.5,88,0.0,0.8,63,-0.7128052193506944,-0.36319239979163737
2016-10-24 21:00:00,23.6,90,0.0,1.5,166,-0.36288284339950166,1.4554435894139948
2016-10-24 22:00:00,23.2,89,0.0,1.8,191,0.34345619167778085,1.7669289302057951
2016-10-24 23:00:00,23.0,89,0.0,1.8,180,1.1021821192326179e-16,1.8
2016-10-25 00:00:00,23.2,87,0.0,1.5,166,-0.36288284339950166,1.4554435894139948
2016-10-25 01:00:00,23.8,85,0.0,0.5,225,0.3535533905932738,0.35355339059327373
2016-10-25 02:00:00,23.3,86,0.0,1.1,18,-0.33991869381244233,-1.0461621679246689
2016-10-25 03:00:00,23.0,86,0.0,1.8,53,-1.437543918085127,-1.0832670416736871
2016-10-25 04:00:00,21.4,88,0.0,3.0,76,-2.9108871788279895,-0.7257656867990026
2016-10-25 05:00:00,20.8,90,0.0,3.6,84,-3.580278823325784,-0.3763024677635526
2016-10-25 06:00:00,20.4,91,0.0,3.4,72,-3.2335921554035223,-1.0506577808748208
2016-10-25 07:00:00,20.8,93,0.0,1.9,68,-1.761649323676896,-0.7117525274902328
2016-10-25 08:00:00,24.2,86,0.0,0.0,270,0.0,0.0
2016-10-25 09:00:00,26.1,79,0.0,2.9,270,2.9,0.0
2016-10-25 10:00:00,27.1,78,0.0,5.1,262,5.050367150582009,0.7097828148963337
2016-10-25 11:00:00,27.9,76,0.0,6.8,270,6.8,0.0
2016-10-25 12:00:00,27.9,76,0.1,8.1,283,7.892397524760405,-1.8221035401853065
2016-10-25 13:00:00,27.8,76,0.2,8.9,297,7.929958065276475,-4.040515447681966
2016-10-25 14:00:00,27.2,78,0.3,7.1,315,5.020458146424487,-5.020458146424486
2016-10-25 15:00:00,26.6,81,0.4,4.9,324,2.8801477362331185,-3.9641832724372428
2016-10-25 16:00:00,26.4,81,0.1,3.6,323,2.1665340833473743,-2.875087836170254
2016-10-25 17:00:00,25.9,84,0.0,2.8,310,2.1449244407331385,-1.7998053071223097
2016-10-25 18:00:00,24.6,92,0.0,4.1,322,2.524212048835199,-3.23084408978756
2016-10-25 19:00:00,24.7,90,0.0,3.3,6,-0.3449439287832561,-3.281922254715302
2016-10-25 20:00:00,24.4,91,0.0,2.6,16,-0.7166571251241971,-2.4992804094396295
2016-10-25 21:00:00,24.1,93,0.0,1.8,11,-0.3434561916777803,-1.7669289302057951
2016-10-25 22:00:00,23.9,94,0.0,1.0,45,-0.7071067811865477,-0.7071067811865475
2016-10-25 23:00:00,23.6,94,0.0,1.1,72,-1.046162167924669,-0.33991869381244205
2016-10-26 00:00:00,23.4,94,0.0,0.7000000000000001,90,-0.7000000000000001,8.572527594031473e-17
2016-10-26 01:00:00,22.4,96,0.0,0.4,180,2.4492935982947065e-17,0.4
2016-10-26 02:00:00,21.8,96,0.0,1.3,146,-0.7269507745119708,1.0777488443215544
2016-10-26 03:00:00,23.2,89,0.3,0.5,135,-0.35355339059327373,0.3535533905932738
2016-10-26 04:00:00,23.9,87,0.2,0.8,333,0.3631923997916375,-0.7128052193506943
2016-10-26 05:00:00,23.8,88,0.1,2.3,18,-0.7107390870623793,-2.1874299874788528
2016-10-26 06:00:00,23.2,88,0.2,3.1,36,-1.822134282106667,-2.507952682562337
2016-10-26 07:00:00,24.0,85,0.0,2.0,45,-1.4142135623730954,-1.414213562373095
2016-10-26 08:00:00,24.6,89,0.0,2.3,321,1.447436899414626,-1.7874357113510329
2016-10-26 09:00:00,25.7,87,0.0,3.3,311,2.4905416147351476,-2.1649947956686737
2016-10-26 10:00:00,26.7,82,0.0,5.0,300,4.330127018922194,-2.4999999999999996
2016-10-26 11:00:00,27.7,79,0.0,6.3,301,5.400153994423308,-3.244739871933341
2016-10-26 12:00:00,28.1,77,0.0,7.5,305,6.143640332167439,-4.301823272632845
2016-10-26 13:00:00,28.2,77,0.0,8.4,310,6.4347733221994154,-5.39941592136693
2016-10-26 14:00:00,27.3,81,0.0,8.1,315,5.727564927611035,-5.727564927611034
2016-10-26 15:00:00,27.0,83,0.3,7.1,330,3.5500000000000007,-6.148780366869514
2016-10-26 16:00:00,26.5,85,0.1,7.2,333,3.268731598124737,-6.415246974156248
2016-10-26 17:00:00,25.8,88,0.0,5.2,335,2.197614961051637,-4.7128004925905795
2016-10-26 18:00:00,24.9,93,0.0,6.3,347,1.4171916423663489,-6.1385314081469815
2016-10-26 19:00:00,24.1,97,0.0,6.5,6,-0.6794350112397468,-6.464392319893777
2016-10-26 20:00:00,23.6,97,0.0,6.2,10,-1.0766187015349682,-6.10580806867569
2016-10-26 21:00:00,24.0,96,0.0,4.3,24,-1.7489675652259404,-3.928245467863184
2016-10-26 22:00:00,23.8,97,0.0,3.1,45,-2.192031021678298,-2.192031021678297
2016-10-26 23:00:00,23.6,97,0.0,2.8,50,-2.1449244407331385,-1.7998053071223097
2016-10-27 00:00:00,22.6,98,0.0,1.6,63,-1.4256104387013888,-0.7263847995832747
2016-10-27 01:00:00,20.8,99,0.0,2.6,106,-2.499280409439629,0.716657125124198
2016-10-27 02:00:00,20.6,98,0.0,2.7,113,-2.485363104321589,1.0549740469210394
2016-10-27 03:00:00,20.5,96,0.0,3.6,127,-2.8750878361702545,2.1665340833473734
2016-10-27 04:00:00,20.7,96,0.0,3.8,139,-2.493024310163927,2.867896404846534
2016-10-27 05:00:00,21.0,95,0.0,3.6,135,-2.545584412271571,2.5455844122715714
2016-10-27 06:00:00,20.8,94,0.0,3.1,111,-2.8940993221413254,1.1109406435904308
2016-10-27 07:00:00,22.0,93,0.2,1.8,101,-1.7669289302057951,0.34345619167778096
2016-10-27 08:00:00,24.4,89,0.2,1.8,259,1.7669289302057951,0.34345619167778063
2016-10-27 09:00:00,25.3,88,0.3,4.0,280,3.939231012048832,-0.6945927106677213
2016-10-27 10:00:00,26.4,84,0.2,4.6,288,4.3748599749577055,-1.421478174124758
2016-10-27 11:00:00,27.1,82,0.1,5.5,293,5.062776693988422,-2.149021206691006
2016-10-27 12:00:00,27.3,81,0.7000000000000001,6.4,297,5.702441754805555,-2.9055391983330994
2016-10-27 13:00:00,27.2,80,0.6,6.5,304,5.38874422160777,-3.634753872559855
2016-10-27 14:00:00,27.4,81,0.2,6.9,313,5.046340541172277,-4.70578868443124
2016-10-27 15:00:00,26.7,83,0.1,6.5,326,3.634753872559854,-5.388744221607771
2016-10-27 16:00:00,26.5,84,0.0,7.2,342,2.224922359499622,-6.8476069173251055
2016-10-27 17:00:00,25.8,87,0.0,4.7,337,1.8364363038995866,-4.32637281122647
2016-10-27 18:00:00,24.7,94,0.0,4.3,5,-0.37476969381493047,-4.283637201794505
2016-10-27 19:00:00,24.5,92,0.0,3.8,41,-2.4930243101639276,-2.8678964048465336
2016-10-27 20:00:00,24.5,92,0.0,3.6,53,-2.875087836170254,-2.1665340833473743
2016-10-27 21:00:00,24.4,92,0.0,3.1,54,-2.5079526825623377,-1.8221342821066664
2016-10-27 22:00:00,24.2,92,0.0,3.1,54,-2.5079526825623377,-1.8221342821066664
2016-10-27 23:00:00,24.0,91,0.0,2.6,56,-2.1554976886431088,-1.4539015490239415
2016-10-28 00:00:00,23.9,90,0.0,2.0,45,-1.4142135623730954,-1.414213562373095
2016-10-28 01:00:00,21.4,95,0.0,1.5,45,-1.0606601717798214,-1.0606601717798212
2016-10-28 02:00:00,20.7,95,0.0,1.0,45,-0.7071067811865477,-0.7071067811865475
2016-10-28 03:00:00,22.9,83,0.0,0.8,27,-0.36319239979163753,-0.7128052193506943
2016-10-28 04:00:00,22.9,82,0.0,0.8,27,-0.36319239979163753,-0.7128052193506943
2016-10-28 05:00:00,22.4,83,0.0,1.1,72,-1.046162167924669,-0.33991869381244205
2016-10-28 06:00:00,22.1,83,0.0,1.9,112,-1.7616493236768958,0.7117525274902332
2016-10-28 07:00:00,22.4,84,0.0,0.4,90,-0.4,4.898587196589413e-17
2016-10-28 08:00:00,24.7,84,0.0,1.9,292,1.761649323676896,-0.7117525274902328
2016-10-28 09:00:00,25.8,85,0.0,4.0,297,3.5640260967534716,-1.815961998958187
2016-10-28 10:00:00,27.0,81,0.0,5.7,305,4.669166652447253,-3.2693856872009626
2016-10-28 11:00:00,27.7,79,0.0,7.6,315,5.374011537017761,-5.37401153701776
2016-10-28 12:00:00,27.8,79,0.1,9.8,324,5.760295472466237,-7.9283665448744856
2016-10-28 13:00:00,27.6,80,0.2,10.9,326,6.09520264783114,-9.036509540849956
2016-10-28 14:00:00,27.0,81,0.5,11.1,331,5.3813867847343415,-9.708278749247292
2016-10-28 15:00:00,26.6,85,0.0,9.6,340,3.2833933759264204,-9.02104915954472
2016-10-28 16:00:00,26.2,85,0.0,8.5,348,1.7672493719509554,-8.314254606237347
2016-10-28 17:00:00,25.5,89,0.0,5.8,338,2.1727182418122895,-5.377666356487367
2016-10-28 18:00:00,24.3,94,0.0,5.4,323,3.2498011250210617,-4.312631754255381
2016-10-28 19:00:00,23.7,96,0.0,1.9,338,0.7117525274902327,-1.761649323676896
2016-10-28 20:00:00,23.2,97,0.0,1.3,326,0.7269507745119709,-1.0777488443215544
2016-10-28 21:00:00,22.3,98,0.0,1.6,333,0.726384799583275,-1.4256104387013886
2016-10-28 22:00:00,21.4,98,0.0,0.8,63,-0.7128052193506944,-0.36319239979163737
2016-10-28 23:00:00,21.1,98,0.0,2.9,120,-2.511473670974872,1.4499999999999997
2016-10-29 00:00:00,21.1,98,0.0,2.9,173,-0.35342109587492737,2.878383839759834
2016-10-29 01:00:00,21.6,98,0.0,4.7,189,0.7352419856890854,4.6421352007971475
2016-10-29 02:00:00,21.7,98,0.0,5.4,184,0.3766849582182763,5.386845871403051
2016-10-29 03:00:00,21.8,94,0.0,5.2,164,-1.433314250248395,4.998560818879258
2016-10-29 04:00:00,21.6,93,0.1,5.2,146,-2.907803098047883,4.3109953772862175
2016-10-29 05:00:00,21.2,92,0.1,3.8,131,-2.8678964048465336,2.4930243101639276
2016-10-29 06:00:00,21.0,92,0.0,1.1,108,-1.0461621679246689,0.3399186938124423
2016-10-29 07:00:00,21.8,92,0.0,1.5,45,-1.0606601717798214,-1.0606601717798212
2016-10-29 08:00:00,24.4,92,0.0,2.2,351,0.34415582308850806,-2.1729143493093033
2016-10-29 09:00:00,25.7,86,0.0,4.3,336,1.7489675652259409,-3.9282454678631837
2016-10-29 10:00:00,26.8,83,0.0,5.5,328,2.914555953282627,-4.664264528860342
2016-10-29 11:00:00,27.1,83,0.2,6.7,324,3.93816119035957,-5.420413862312148
2016-10-29 12:00:00,27.5,79,0.3,8.3,326,4.641301098807199,-6.881011852206847
2016-10-29 13:00:00,27.3,78,0.3,8.4,340,2.872969203935618,-7.893418014601631
2016-10-29 14:00:00,26.9,80,0.5,6.6,347,1.4846769586695083,-6.430842427582553
2016-10-29 15:00:00,26.8,79,0.0,7.3,349,1.3929056662487778,-7.165878439167947
2016-10-29 16:00:00,26.2,81,0.0,7.5,343,2.192787785420526,-7.172285669722766
2016-10-29 17:00:00,25.0,85,0.0,6.4,344,1.7640790772287946,-6.1520748540052415
2016-10-29 18:00:00,23.7,88,1.4,6.9,332,3.239353783222647,-6.092338390726596
2016-10-29 19:00:00,22.9,91,2.3,4.0,5,-0.348622970990633,-3.984778792366982
2016-10-29 20:00:00,22.4,92,0.4,3.1,69,-2.8940993221413254,-1.1109406435904314
2016-10-29 21:00:00,22.0,92,1.2,2.9,83,-2.878383839759834,-0.3534210958749272
2016-10-29 22:00:00,21.7,93,3.6,3.1,54,-2.5079526825623377,-1.8221342821066664
2016-10-29 23:00:00,21.6,93,0.7000000000000001,3.1,36,-1.822134282106667,-2.507952682562337
2016-10-30 00:00:00,21.4,93,1.1,3.1,45,-2.192031021678298,-2.192031021678297
2016-10-30 01:00:00,21.2,93,1.5,3.3,41,-2.1649947956686737,-2.4905416147351476
2016-10-30 02:00:00,21.1,93,1.3,2.8,50,-2.1449244407331385,-1.7998053071223097
2016-10-30 03:00:00,20.9,91,1.2,2.8,50,-2.1449244407331385,-1.7998053071223097
2016-10-30 04:00:00,21.2,89,1.7000000000000002,4.3,48,-3.195522749552795,-2.8772616073430903
2016-10-30 05:00:00,21.4,88,1.9,4.3,48,-3.195522749552795,-2.8772616073430903
2016-10-30 06:00:00,21.0,89,1.8,4.0,63,-3.5640260967534716,-1.8159619989581868
2016-10-30 07:00:00,21.4,90,1.9,2.6,56,-2.1554976886431088,-1.4539015490239415
2016-10-30 08:00:00,23.2,86,1.0,2.3,18,-0.7107390870623793,-2.1874299874788528
2016-10-30 09:00:00,23.9,83,0.7000000000000001,3.1,339,1.1109406435904312,-2.8940993221413254
2016-10-30 10:00:00,24.8,80,0.4,4.3,312,3.195522749552795,-2.8772616073430903
2016-10-30 11:00:00,25.4,79,0.0,5.4,318,3.6133052743378347,-4.012982057577929
2016-10-30 12:00:00,25.7,78,0.0,6.1,320,3.92100441908789,-4.6728711030257655
2016-10-30 13:00:00,26.1,77,0.0,6.6,315,4.666904755831213,-4.666904755831213
2016-10-30 14:00:00,25.9,79,0.4,5.6,320,3.5996106142446203,-4.289848881466277
2016-10-30 15:00:00,25.8,79,1.3,4.3,318,2.8772616073430903,-3.195522749552795
2016-10-30 16:00:00,25.1,83,0.5,3.3,311,2.4905416147351476,-2.1649947956686737
2016-10-30 17:00:00,24.5,86,0.0,1.9,292,1.761649323676896,-0.7117525274902328
2016-10-30 18:00:00,23.2,92,0.0,2.7,293,2.485363104321589,-1.0549740469210394
2016-10-30 19:00:00,22.4,95,0.0,2.7,293,2.485363104321589,-1.0549740469210394
2016-10-30 20:00:00,22.0,96,0.0,1.5,315,1.0606601717798214,-1.0606601717798212
2016-10-30 21:00:00,21.7,96,0.2,1.1,288,1.0461621679246689,-0.33991869381244216
2016-10-30 22:00:00,21.4,96,0.2,1.5,284,1.4554435894139948,-0.3628828433995016
2016-10-30 23:00:00,21.2,96,0.1,0.8,297,0.7128052193506944,-0.3631923997916374
2016-10-31 00:00:00,21.0,96,0.1,0.8,297,0.7128052193506944,-0.3631923997916374
2016-10-31 01:00:00,21.4,95,0.2,1.0,315,0.7071067811865476,-0.7071067811865475
2016-10-31 02:00:00,21.6,95,0.2,1.4,360,8.572527594031472e-17,-1.4
2016-10-31 03:00:00,22.1,90,0.9,2.9,30,-1.4500000000000013,-2.5114736709748713
2016-10-31 04:00:00,22.0,90,0.9,3.3,41,-2.1649947956686737,-2.4905416147351476
2016-10-31 05:00:00,22.2,88,1.0,3.6,45,-2.545584412271572,-2.545584412271571
2016-10-31 06:00:00,22.4,87,2.3,2.4,63,-2.138415658052083,-1.089577199374912
2016-10-31 07:00:00,22.6,85,1.9,3.2,27,-1.4527695991665501,-2.851220877402777
2016-10-31 08:00:00,23.3,85,0.4,5.4,360,3.3065463576978537e-16,-5.4
2016-10-31 09:00:00,24.4,80,0.0,7.6,352,1.0577155672964975,-7.5260373224359345
2016-10-31 10:00:00,25.4,75,0.0,9.2,349,1.755442757464213,-9.030970087718508
2016-10-31 11:00:00,26.1,72,0.0,11.0,349,2.098898949141994,-10.797899017924303
2016-10-31 12:00:00,26.4,71,0.0,11.8,348,2.453357951649562,-11.542141688658907
2016-10-31 13:00:00,26.5,71,0.0,12.0,344,3.30764826980399,-11.535140351259827
2016-10-31 14:00:00,26.0,74,0.0,12.0,339,4.300415394543604,-11.202965117966421
2016-10-31 15:00:00,25.2,78,0.0,11.4,342,3.522793735874401,-10.84204428576475
2016-10-31 16:00:00,24.6,80,0.0,9.9,341,3.223124729125852,-9.360633898433235
2016-10-31 17:00:00,23.6,83,0.0,6.3,347,1.4171916423663489,-6.1385314081469815
2016-10-31 18:00:00,22.7,88,0.0,5.0,339,1.791839747726502,-4.667902132486009
2016-10-31 19:00:00,21.9,90,0.0,3.7,349,0.7059932828932162,-3.632020578756357
2016-10-31 20:00:00,21.2,92,0.0,3.6,354,0.3763024677635525,-3.580278823325784
2016-10-31 21:00:00,20.7,93,0.0,3.2,360,1.9594348786357652e-16,-3.2
2016-10-31 22:00:00,20.5,94,0.0,2.2,9,-0.3441558230885083,-2.172914349309303
2016-10-31 23:00:00,20.3,94,0.0,2.6,16,-0.7166571251241971,-2.4992804094396295
2016-11-01 00:00:00,20.2,94,0.0,2.6,34,-1.453901549023941,-2.1554976886431088
2016-11-01 01:00:00,20.1,93,0.0,2.6,34,-1.453901549023941,-2.1554976886431088
2016-11-01 02:00:00,20.1,92,0.0,2.8,40,-1.7998053071223103,-2.144924440733138
2016-11-01 03:00:00,21.8,83,0.0,3.3,41,-2.1649947956686737,-2.4905416147351476
2016-11-01 04:00:00,21.6,83,0.0,3.3,41,-2.1649947956686737,-2.4905416147351476
2016-11-01 05:00:00,21.6,81,0.0,3.6,45,-2.545584412271572,-2.545584412271571
2016-11-01 06:00:00,21.4,81,0.0,2.9,30,-1.4500000000000013,-2.5114736709748713
2016-11-01 07:00:00,21.0,84,0.0,4.2,20,-1.436484601967808,-3.9467090073008158
2016-11-01 08:00:00,22.7,80,0.0,5.8,353,0.7068421917498554,-5.756767679519667
2016-11-01 09:00:00,23.8,77,0.0,7.7,349,1.4692292643993958,-7.558529312547013
2016-11-01 10:00:00,24.8,74,0.0,8.5,348,1.7672493719509554,-8.314254606237347
2016-11-01 11:00:00,25.5,73,0.0,10.5,338,3.9333692308670756,-9.735430472951268
2016-11-01 12:00:00,25.2,74,0.0,12.1,337,4.727846654720212,-11.138108726774528
2016-11-01 13:00:00,25.1,73,0.1,12.1,343,3.5376976271451146,-11.571287547152728
2016-11-01 14:00:00,25.0,73,0.1,12.1,343,3.5376976271451146,-11.571287547152728
2016-11-01 15:00:00,24.8,73,0.0,10.5,344,2.8941922360784913,-10.093247807352348
2016-11-01 16:00:00,24.2,75,0.0,7.9,344,2.1775351109542935,-7.59396739791272
2016-11-01 17:00:00,23.3,77,0.0,5.6,333,2.542346798541462,-4.989636535454859
2016-11-01 18:00:00,22.0,83,0.0,3.3,319,2.1649947956686737,-2.4905416147351476
2016-11-01 19:00:00,21.1,87,0.0,0.8,333,0.3631923997916375,-0.7128052193506943
2016-11-01 20:00:00,20.6,89,0.0,0.7000000000000001,180,4.2862637970157366e-17,0.7000000000000001
2016-11-01 21:00:00,20.4,91,0.0,0.8,117,-0.7128052193506943,0.36319239979163753
2016-11-01 22:00:00,20.3,91,0.0,1.0,45,-0.7071067811865477,-0.7071067811865475
2016-11-01 23:00:00,19.9,91,0.1,1.6,27,-0.7263847995832751,-1.4256104387013886
2016-11-02 00:00:00,20.0,91,0.0,1.5,45,-1.0606601717798214,-1.0606601717798212
2016-11-02 01:00:00,19.6,91,0.1,2.2,9,-0.3441558230885083,-2.172914349309303
2016-11-02 02:00:00,19.6,90,0.0,2.5,8,-0.3479327524001646,-2.475670171853926
2016-11-02 03:00:00,20.0,86,0.0,2.6,16,-0.7166571251241971,-2.4992804094396295
2016-11-02 04:00:00,19.6,87,0.0,2.7,23,-1.0549740469210394,-2.4853631043215887
2016-11-02 05:00:00,19.8,85,0.0,2.8,40,-1.7998053071223103,-2.144924440733138
2016-11-02 06:00:00,20.1,83,0.0,3.3,49,-2.490541614735148,-2.1649947956686733
2016-11-02 07:00:00,20.2,82,0.0,3.8,17,-1.111012477946401,-3.633958072659534
2016-11-02 08:00:00,21.8,79,0.0,5.8,353,0.7068421917498554,-5.756767679519667
2016-11-02 09:00:00,22.9,75,0.0,8.0,342,2.4721359549995796,-7.608452130361228
2016-11-02 10:00:00,23.7,73,0.0,9.0,337,3.5165801564034633,-8.284543681071963
2016-11-02 11:00:00,24.1,72,0.0,10.6,336,4.311408416603482,-9.683581851011569
2016-11-02 12:00:00,24.2,72,0.0,12.4,338,4.645121758357308,-11.497079796628164
2016-11-02 13:00:00,24.1,72,0.0,13.0,341,4.232386007943038,-12.291741482791117
2016-11-02 14:00:00,23.8,72,0.0,13.3,341,4.330056454280185,-12.575397055470914
2016-11-02 15:00:00,23.2,71,0.0,12.8,344,3.5281581544575893,-12.304149708010483
2016-11-02 16:00:00,22.5,73,0.0,9.8,343,2.8652427062828205,-9.371786608437748
2016-11-02 17:00:00,21.5,75,0.0,6.5,341,2.116193003971519,-6.145870741395559
2016-11-02 18:00:00,20.1,86,0.0,5.3,332,2.4881992827652213,-4.679622242152313
2016-11-02 19:00:00,19.3,85,0.0,5.5,337,2.1490212066910055,-5.062776693988422
2016-11-02 20:00:00,19.2,84,0.0,7.9,344,2.1775351109542935,-7.59396739791272
2016-11-02 21:00:00,19.0,84,0.0,8.0,350,1.3891854213354433,-7.878462024097664
2016-11-02 22:00:00,18.7,83,0.0,7.3,349,1.3929056662487778,-7.165878439167947
2016-11-02 23:00:00,18.9,80,0.0,6.3,347,1.4171916423663489,-6.1385314081469815
2016-11-03 00:00:00,19.4,77,0.1,4.5,346,1.0886485301985045,-4.366330768241984
2016-11-03 01:00:00,19.3,76,0.0,3.3,347,0.7423384793347542,-3.2154212137912763
2016-11-03 02:00:00,19.1,79,0.2,3.3,354,0.3449439287832564,-3.2819222547153015
2016-11-03 03:00:00,18.6,84,0.0,2.9,353,0.3534210958749277,-2.8783838397598336
2016-11-03 04:00:00,18.5,84,0.0,3.0,346,0.725765686799003,-2.9108871788279895
2016-11-03 05:00:00,18.6,85,0.1,2.6,344,0.7166571251241979,-2.499280409439629
2016-11-03 06:00:00,18.1,87,0.1,0.5,135,-0.35355339059327373,0.3535533905932738
2016-11-03 07:00:00,18.0,90,0.0,1.0,315,0.7071067811865476,-0.7071067811865475
2016-11-03 08:00:00,20.4,82,0.0,3.4,302,2.883363526931848,-1.8017254983928965
2016-11-03 09:00:00,21.4,79,0.0,3.9,304,3.2332465329646625,-2.180852323535913
2016-11-03 10:00:00,22.3,78,0.1,5.2,282,5.08636752381579,-1.0811407922523486
2016-11-03 11:00:00,23.2,77,0.0,6.3,283,6.1385314081469815,-1.4171916423663495
2016-11-03 12:00:00,23.6,77,0.0,7.6,289,7.185941174554808,-2.474317973874391
2016-11-03 13:00:00,23.9,77,0.2,7.9,286,7.59396739791272,-2.1775351109542935
2016-11-03 14:00:00,23.8,77,0.2,7.6,301,6.5144714853360535,-3.9142893693164114
2016-11-03 15:00:00,22.9,79,0.2,6.7,306,5.420413862312148,-3.93816119035957
2016-11-03 16:00:00,22.2,81,0.3,5.9,313,4.314986839553106,-4.023790324368742
2016-11-03 17:00:00,21.4,84,0.2,4.3,312,3.195522749552795,-2.8772616073430903
2016-11-03 18:00:00,20.6,87,0.0,3.8,287,3.6339580726595346,-1.1110124779463997
2016-11-03 19:00:00,20.1,91,0.0,3.1,291,2.8940993221413254,-1.1109406435904308
2016-11-03 20:00:00,19.4,94,0.1,3.3,276,3.2819222547153015,-0.3449439287832564
2016-11-03 21:00:00,19.1,95,0.4,2.9,263,2.8783838397598336,0.35342109587492765
2016-11-03 22:00:00,19.0,95,0.5,2.9,263,2.8783838397598336,0.35342109587492765
2016-11-03 23:00:00,18.9,95,0.5,3.3,264,3.2819222547153015,0.3449439287832564
2016-11-04 00:00:00,19.0,94,0.5,2.9,263,2.8783838397598336,0.35342109587492765
2016-11-04 01:00:00,19.2,94,0.5,2.5,262,2.475670171853926,0.3479327524001636
2016-11-04 02:00:00,19.6,93,0.5,1.1,252,1.0461621679246689,0.33991869381244216
2016-11-04 03:00:00,19.4,91,0.2,0.4,360,2.4492935982947065e-17,-0.4
2016-11-04 04:00:00,19.8,90,0.1,2.1,329,1.0815799573111138,-1.800051331474436
2016-11-04 05:00:00,19.8,90,0.1,2.3,342,0.7107390870623791,-2.1874299874788528
2016-11-04 06:00:00,19.7,91,0.0,1.1,90,-1.1,1.3471114790620887e-16
2016-11-04 07:00:00,19.8,90,0.0,1.0,135,-0.7071067811865475,0.7071067811865476
2016-11-04 08:00:00,21.0,89,0.0,2.4,243,2.138415658052083,1.0895771993749122
2016-11-04 09:00:00,21.9,85,0.0,4.3,265,4.283637201794505,0.3747696938149301
2016-11-04 10:00:00,22.9,81,0.0,5.8,277,5.756767679519667,-0.7068421917498553
2016-11-04 11:00:00,23.3,78,0.2,7.1,285,6.858073366652385,-1.8376152202278973
2016-11-04 12:00:00,23.6,77,0.0,8.2,293,7.54813979831001,-3.2039952536120446
2016-11-04 13:00:00,23.8,77,0.0,8.2,299,7.171881598543044,-3.9754388860199636
2016-11-04 14:00:00,23.7,77,0.2,8.1,302,6.86918957886705,-4.29234604028896
2016-11-04 15:00:00,23.3,78,0.1,7.8,304,6.466493065929325,-4.361704647071826
2016-11-04 16:00:00,23.0,80,0.0,7.4,313,5.412017391981862,-5.046787864462489
2016-11-04 17:00:00,22.3,82,0.0,5.4,318,3.6133052743378347,-4.012982057577929
2016-11-04 18:00:00,21.6,86,0.0,2.1,301,1.800051331474436,-1.0815799573111138
2016-11-04 19:00:00,21.2,87,0.0,1.3,326,0.7269507745119709,-1.0777488443215544
2016-11-04 20:00:00,20.8,89,0.0,0.4,90,-0.4,4.898587196589413e-17
2016-11-04 21:00:00,19.6,93,0.0,2.9,173,-0.35342109587492737,2.878383839759834
2016-11-04 22:00:00,17.2,99,0.0,3.2,180,1.9594348786357652e-16,3.2
2016-11-04 23:00:00,16.6,99,0.0,3.3,174,-0.3449439287832567,3.2819222547153015
2016-11-05 00:00:00,16.5,97,0.0,3.3,167,-0.7423384793347546,3.2154212137912763
2016-11-05 01:00:00,16.7,95,0.0,2.4,153,-1.089577199374912,2.138415658052083
2016-11-05 02:00:00,16.9,94,0.0,2.6,106,-2.499280409439629,0.716657125124198
2016-11-05 03:00:00,16.7,91,0.0,3.6,84,-3.580278823325784,-0.3763024677635526
2016-11-05 04:00:00,15.3,94,0.0,3.2,63,-2.8512208774027776,-1.4527695991665495
2016-11-05 05:00:00,14.6,93,0.0,2.9,60,-2.5114736709748717,-1.4500000000000002
2016-11-05 06:00:00,14.2,92,0.0,2.3,39,-1.447436899414627,-1.7874357113510322
2016-11-05 07:00:00,15.0,92,0.0,1.8,37,-1.083267041673687,-1.437543918085127
2016-11-05 08:00:00,20.4,84,0.0,1.0,45,-0.7071067811865477,-0.7071067811865475
2016-11-05 09:00:00,22.5,76,0.0,3.3,311,2.4905416147351476,-2.1649947956686737
2016-11-05 10:00:00,23.4,75,0.0,4.8,297,4.276831316104166,-2.1791543987498243
2016-11-05 11:00:00,24.0,74,0.0,5.7,288,5.421022142882375,-1.7613968679372003
2016-11-05 12:00:00,24.6,73,0.0,6.7,286,6.440453362786736,-1.8467702839738944
2016-11-05 13:00:00,24.8,73,0.0,7.8,292,7.232034065620942,-2.921931428644114
2016-11-05 14:00:00,24.8,74,0.0,8.2,299,7.171881598543044,-3.9754388860199636
2016-11-05 15:00:00,24.4,77,0.0,8.2,308,6.461688179575119,-5.048424097670398
2016-11-05 16:00:00,23.6,80,0.0,7.4,313,5.412017391981862,-5.046787864462489
2016-11-05 17:00:00,22.8,83,0.0,5.9,313,4.314986839553106,-4.023790324368742
2016-11-05 18:00:00,21.0,93,0.0,4.6,321,2.894873798829252,-3.5748714227020657
2016-11-05 19:00:00,21.2,88,0.0,1.8,11,-0.3434561916777803,-1.7669289302057951
2016-11-05 20:00:00,21.0,89,0.0,2.2,9,-0.3441558230885083,-2.172914349309303
2016-11-05 21:00:00,20.8,91,0.0,2.4,27,-1.0895771993749126,-2.138415658052083
2016-11-05 22:00:00,20.6,91,0.1,2.1,31,-1.0815799573111144,-1.8000513314744355
2016-11-05 23:00:00,20.2,93,0.0,2.6,56,-2.1554976886431088,-1.4539015490239415
2016-11-06 00:00:00,19.6,93,0.0,2.8,40,-1.7998053071223103,-2.144924440733138
2016-11-06 01:00:00,19.1,93,0.0,2.3,39,-1.447436899414627,-1.7874357113510322
2016-11-06 02:00:00,18.1,94,0.0,2.0,45,-1.4142135623730954,-1.414213562373095
2016-11-06 03:00:00,18.6,86,0.0,2.4,63,-2.138415658052083,-1.089577199374912
2016-11-06 04:00:00,18.1,86,0.0,2.4,63,-2.138415658052083,-1.089577199374912
2016-11-06 05:00:00,17.7,86,0.0,2.6,56,-2.1554976886431088,-1.4539015490239415
2016-11-06 06:00:00,17.3,86,0.0,3.4,58,-2.8833635269318485,-1.8017254983928963
2016-11-06 07:00:00,17.5,87,0.0,2.4,63,-2.138415658052083,-1.089577199374912
2016-11-06 08:00:00,21.6,82,0.0,1.0,45,-0.7071067811865477,-0.7071067811865475
2016-11-06 09:00:00,23.5,75,0.0,3.3,319,2.1649947956686737,-2.4905416147351476
2016-11-06 10:00:00,24.3,75,0.0,4.6,315,3.2526911934581184,-3.252691193458118
2016-11-06 11:00:00,24.9,74,0.0,6.5,304,5.38874422160777,-3.634753872559855
2016-11-06 12:00:00,25.2,74,0.0,7.4,299,6.472185832831529,-3.5875911898228945
2016-11-06 13:00:00,25.6,73,0.0,8.4,295,7.61298541110786,-3.5499933986218752
2016-11-06 14:00:00,25.8,73,0.0,8.7,300,7.534421012924616,-4.349999999999999
2016-11-06 15:00:00,24.8,75,0.0,8.3,304,6.881011852206846,-4.6413010988072
2016-11-06 16:00:00,24.2,77,0.0,7.4,313,5.412017391981862,-5.046787864462489
2016-11-06 17:00:00,23.4,80,0.0,4.9,306,3.9641832724372428,-2.8801477362331185
2016-11-06 18:00:00,22.3,88,0.0,5.4,312,4.012982057577929,-3.6133052743378347
2016-11-06 19:00:00,21.6,90,0.0,4.3,312,3.195522749552795,-2.8772616073430903
2016-11-06 20:00:00,21.8,88,0.0,3.2,297,2.8512208774027776,-1.4527695991665497
2016-11-06 21:00:00,19.8,94,0.0,1.8,307,1.437543918085127,-1.083267041673687
2016-11-06 22:00:00,18.8,95,0.0,1.3,214,0.7269507745119709,1.0777488443215544
2016-11-06 23:00:00,18.9,95,0.0,1.8,180,1.1021821192326179e-16,1.8
2016-11-07 00:00:00,19.3,93,0.2,2.5,188,0.34793275240016364,2.475670171853926
2016-11-07 01:00:00,19.4,92,0.3,2.9,180,1.7757378587636622e-16,2.9
2016-11-07 02:00:00,19.2,91,0.4,1.5,135,-1.0606601717798212,1.0606601717798214
2016-11-07 03:00:00,19.4,92,0.3,2.2,99,-2.172914349309303,0.3441558230885082
2016-11-07 04:00:00,18.8,93,0.1,2.5,90,-2.5,3.061616997868383e-16
2016-11-07 05:00:00,18.6,92,0.1,2.3,108,-2.1874299874788528,0.7107390870623792
2016-11-07 06:00:00,18.8,91,0.1,3.0,104,-2.9108871788279895,0.7257656867990032
2016-11-07 07:00:00,19.3,89,0.0,1.8,101,-1.7669289302057951,0.34345619167778096
2016-11-07 08:00:00,21.8,89,0.0,1.3,326,0.7269507745119709,-1.0777488443215544
2016-11-07 09:00:00,24.2,72,0.0,3.7,299,3.2360929164157644,-1.7937955949114472
2016-11-07 10:00:00,24.8,69,0.0,5.0,300,4.330127018922194,-2.4999999999999996
2016-11-07 11:00:00,25.2,67,0.0,6.6,299,5.772490067120011,-3.1997434936258244
2016-11-07 12:00:00,25.4,67,0.0,8.4,301,7.200205325897744,-4.326319829244455
2016-11-07 13:00:00,25.4,68,0.0,8.8,305,7.208537989743128,-5.047472639889206
2016-11-07 14:00:00,25.4,68,0.0,7.9,309,6.139453095510071,-4.971631089293716
2016-11-07 15:00:00,25.0,69,0.1,7.6,315,5.374011537017761,-5.37401153701776
2016-11-07 16:00:00,24.5,71,0.0,6.4,317,4.36478950439999,-4.6806636903626915
2016-11-07 17:00:00,23.5,80,0.0,5.6,320,3.5996106142446203,-4.289848881466277
2016-11-07 18:00:00,23.7,71,0.0,5.6,333,2.542346798541462,-4.989636535454859
2016-11-07 19:00:00,23.0,73,0.0,4.1,345,1.061158084920335,-3.96029588778518
2016-11-07 20:00:00,22.4,75,0.0,1.8,360,1.1021821192326179e-16,-1.8
2016-11-07 21:00:00,21.2,79,0.0,1.8,360,1.1021821192326179e-16,-1.8
2016-11-07 22:00:00,19.6,84,0.0,0.8,27,-0.36319239979163753,-0.7128052193506943
2016-11-07 23:00:00,18.0,91,0.0,2.2,90,-2.2,2.6942229581241775e-16
2016-11-08 00:00:00,17.2,91,0.0,2.7,113,-2.485363104321589,1.0549740469210394
2016-11-08 01:00:00,16.8,91,0.0,2.4,117,-2.138415658052083,1.0895771993749124
2016-11-08 02:00:00,16.3,91,0.0,3.2,117,-2.851220877402777,1.4527695991665501
2016-11-08 03:00:00,16.2,90,0.0,3.3,103,-3.215421213791276,0.7423384793347552
2016-11-08 04:00:00,16.1,88,0.0,3.6,90,-3.6,4.4087284769304716e-16
2016-11-08 05:00:00,15.9,87,0.0,3.3,84,-3.2819222547153015,-0.3449439287832565
2016-11-08 06:00:00,15.6,86,0.0,2.6,34,-1.453901549023941,-2.1554976886431088
2016-11-08 07:00:00,16.2,88,0.0,3.4,58,-2.8833635269318485,-1.8017254983928963
2016-11-08 08:00:00,20.7,80,0.0,4.1,45,-2.8991378028648453,-2.8991378028648445
2016-11-08 09:00:00,23.7,59,0.0,7.2,6,-0.7526049355271042,-7.160557646651569
2016-11-08 10:00:00,24.3,60,0.0,9.4,358,0.3280552690035102,-9.394273773979501
2016-11-08 11:00:00,24.8,62,0.0,10.5,352,1.4613175600806874,-10.397814721786489
2016-11-08 12:00:00,24.9,65,0.0,13.2,349,2.518678738970393,-12.957478821509163
2016-11-08 13:00:00,24.7,68,0.0,14.5,346,3.507867486195181,-14.06928803100195
2016-11-08 14:00:00,24.2,72,0.0,14.8,346,3.5804440548750818,-14.360376748884748
2016-11-08 15:00:00,23.7,76,0.0,14.5,346,3.507867486195181,-14.06928803100195
2016-11-08 16:00:00,22.5,81,0.0,13.7,346,3.314329969715447,-13.293051449981151
2016-11-08 17:00:00,21.3,85,0.0,10.9,354,1.1393602496174227,-10.84028865951418
2016-11-08 18:00:00,20.3,87,0.0,10.5,354,1.0975488643103612,-10.44247990136687
2016-11-08 19:00:00,19.8,88,0.0,10.4,2,-0.36295476570600793,-10.393664600998596
2016-11-08 20:00:00,18.9,91,0.0,9.7,2,-0.33852511801425733,-9.694091022085228
2016-11-08 21:00:00,18.6,89,0.0,8.7,7,-1.0602632876247804,-8.635151519279502
2016-11-08 22:00:00,18.3,89,0.0,5.8,7,-0.7068421917498535,-5.756767679519668
2016-11-08 23:00:00,17.9,89,0.0,5.1,4,-0.35575801609504043,-5.087576656325103
2016-11-09 00:00:00,17.8,89,0.0,5.4,4,-0.37668495821827813,-5.386845871403051
2016-11-09 01:00:00,17.8,88,0.0,5.8,7,-0.7068421917498535,-5.756767679519668
2016-11-09 02:00:00,17.8,88,0.1,6.7,16,-1.8467702839738926,-6.440453362786737
2016-11-09 03:00:00,19.1,79,0.2,7.8,13,-1.7546182238821488,-7.600086505324834
2016-11-09 04:00:00,18.3,82,0.0,7.5,17,-2.192787785420528,-7.172285669722765
2016-11-09 05:00:00,18.8,78,0.0,7.6,19,-2.4743179738743906,-7.185941174554808
2016-11-09 06:00:00,18.9,76,0.0,4.6,18,-1.4214781741247586,-4.3748599749577055
2016-11-09 07:00:00,18.9,76,0.0,5.1,8,-0.7097828148963357,-5.050367150582008
2016-11-09 08:00:00,20.3,75,0.0,7.2,357,0.3768188849491966,-7.190132650232932
2016-11-09 09:00:00,21.3,72,0.0,9.2,349,1.755442757464213,-9.030970087718508
2016-11-09 10:00:00,22.0,71,0.0,10.5,344,2.8941922360784913,-10.093247807352348
2016-11-09 11:00:00,22.3,71,0.0,11.0,349,2.098898949141994,-10.797899017924303
2016-11-09 12:00:00,23.1,69,0.0,11.0,349,2.098898949141994,-10.797899017924303
2016-11-09 13:00:00,23.3,69,0.0,10.7,346,2.588564282916444,-10.382164271153162
2016-11-09 14:00:00,23.3,69,0.0,10.5,344,2.8941922360784913,-10.093247807352348
2016-11-09 15:00:00,23.0,69,0.0,10.0,339,3.583679495453004,-9.335804264972017
2016-11-09 16:00:00,22.4,71,0.0,8.1,339,2.902780391316933,-7.5620014546273335
2016-11-09 17:00:00,21.3,73,0.0,5.5,337,2.1490212066910055,-5.062776693988422
2016-11-09 18:00:00,20.2,84,0.0,3.9,326,2.1808523235359125,-3.233246532964663
2016-11-09 19:00:00,20.1,77,0.0,1.4,360,8.572527594031472e-17,-1.4
2016-11-09 20:00:00,19.5,81,0.0,0.5,135,-0.35355339059327373,0.3535533905932738
2016-11-09 21:00:00,18.9,85,0.0,1.0,315,0.7071067811865476,-0.7071067811865475
2016-11-09 22:00:00,18.7,87,0.0,1.8,360,1.1021821192326179e-16,-1.8
2016-11-09 23:00:00,18.5,88,0.0,1.1,360,6.735557395310444e-17,-1.1
2016-11-10 00:00:00,17.8,92,0.0,0.5,45,-0.35355339059327384,-0.35355339059327373
2016-11-10 01:00:00,17.9,93,0.0,0.0,270,0.0,0.0
2016-11-10 02:00:00,18.6,91,0.0,0.8,333,0.3631923997916375,-0.7128052193506943
2016-11-10 03:00:00,19.6,85,0.0,2.6,344,0.7166571251241979,-2.499280409439629
2016-11-10 04:00:00,19.4,85,0.0,3.8,17,-1.111012477946401,-3.633958072659534
2016-11-10 05:00:00,19.2,86,0.0,5.0,21,-1.7918397477265036,-4.667902132486008
2016-11-10 06:00:00,18.9,86,0.0,7.1,15,-1.8376152202278964,-6.858073366652385
2016-11-10 07:00:00,18.2,89,0.0,6.9,9,-1.0793978087775942,-6.81504955010645
2016-11-10 08:00:00,19.4,87,0.0,7.6,5,-0.6623836448822027,-7.571079705497266
2016-11-10 09:00:00,20.0,83,0.0,9.0,358,0.31409547032250973,-8.994517443171862
2016-11-10 10:00:00,20.2,82,0.0,9.0,5,-0.7844016847289242,-8.96575228282571
2016-11-10 11:00:00,20.6,81,0.0,9.8,6,-1.024378940023003,-9.74631457460908
2016-11-10 12:00:00,20.9,81,0.0,10.4,2,-0.36295476570600793,-10.393664600998596
2016-11-10 13:00:00,21.4,79,0.0,13.0,354,1.358870022479495,-12.928784639787553
2016-11-10 14:00:00,21.1,80,0.0,14.0,359,0.24433369012197037,-13.997867732189478
2016-11-10 15:00:00,21.3,83,0.0,14.4,1,-0.25131465269688236,-14.397806810252035
2016-11-10 16:00:00,20.8,83,0.0,13.3,358,0.4641633061432644,-13.291897999353974
2016-11-10 17:00:00,19.8,86,0.0,10.4,358,0.36295476570601126,-10.393664600998596
2016-11-10 18:00:00,18.7,89,0.0,11.0,11,-2.098898949141991,-10.797899017924303
2016-11-10 19:00:00,18.2,92,0.0,9.5,11,-1.812685456077174,-9.325458242752807
2016-11-10 20:00:00,18.2,89,0.0,7.5,17,-2.192787785420528,-7.172285669722765
2016-11-10 21:00:00,18.7,86,0.0,4.1,15,-1.0611580849203346,-3.96029588778518
2016-11-10 22:00:00,18.6,86,0.0,3.3,354,0.3449439287832564,-3.2819222547153015
2016-11-10 23:00:00,17.8,88,0.0,2.6,16,-0.7166571251241971,-2.4992804094396295
2016-11-11 00:00:00,17.5,89,0.0,2.3,18,-0.7107390870623793,-2.1874299874788528
2016-11-11 01:00:00,17.7,88,0.0,2.6,34,-1.453901549023941,-2.1554976886431088
2016-11-11 02:00:00,18.4,86,0.0,2.8,40,-1.7998053071223103,-2.144924440733138
2016-11-11 03:00:00,18.7,86,0.0,2.8,50,-2.1449244407331385,-1.7998053071223097
2016-11-11 04:00:00,18.5,87,0.0,3.3,41,-2.1649947956686737,-2.4905416147351476
2016-11-11 05:00:00,18.4,87,0.0,3.6,37,-2.166534083347374,-2.875087836170254
2016-11-11 06:00:00,18.6,86,0.0,3.8,73,-3.6339580726595346,-1.1110124779463997
2016-11-11 07:00:00,18.8,85,0.0,2.3,18,-0.7107390870623793,-2.1874299874788528
2016-11-11 08:00:00,19.5,90,0.0,3.0,346,0.725765686799003,-2.9108871788279895
2016-11-11 09:00:00,21.1,81,0.0,5.5,337,2.1490212066910055,-5.062776693988422
2016-11-11 10:00:00,22.0,78,0.0,6.0,335,2.5357095704441965,-5.437846722219899
2016-11-11 11:00:00,22.6,76,0.0,5.3,332,2.4881992827652213,-4.679622242152313
2016-11-11 12:00:00,22.6,76,0.0,6.4,313,4.6806636903626915,-4.36478950439999
2016-11-11 13:00:00,22.9,76,0.0,6.4,317,4.36478950439999,-4.6806636903626915
2016-11-11 14:00:00,22.5,77,0.0,6.6,319,4.329989591337347,-4.981083229470295
2016-11-11 15:00:00,22.2,82,0.0,5.9,317,4.023790324368742,-4.314986839553106
2016-11-11 16:00:00,22.0,83,0.0,4.4,305,3.604268994871564,-2.523736319944603
2016-11-11 17:00:00,21.7,84,0.0,4.2,290,3.9467090073008158,-1.4364846019678086
2016-11-11 18:00:00,20.7,91,0.0,4.0,280,3.939231012048832,-0.6945927106677213
2016-11-11 19:00:00,20.6,89,0.0,2.2,270,2.2,0.0
2016-11-11 20:00:00,19.9,92,0.0,0.8,297,0.7128052193506944,-0.3631923997916374
2016-11-11 21:00:00,20.1,90,0.0,0.5,315,0.3535533905932738,-0.35355339059327373
2016-11-11 22:00:00,19.9,90,0.0,1.3,326,0.7269507745119709,-1.0777488443215544
2016-11-11 23:00:00,19.9,89,0.0,1.1,342,0.3399186938124422,-1.0461621679246689
2016-11-12 00:00:00,20.3,88,0.0,1.1,342,0.3399186938124422,-1.0461621679246689
2016-11-12 01:00:00,20.3,88,0.0,1.5,14,-0.36288284339950166,-1.4554435894139948
2016-11-12 02:00:00,20.0,88,0.0,1.8,37,-1.083267041673687,-1.437543918085127
2016-11-12 03:00:00,20.7,84,0.0,2.0,45,-1.4142135623730954,-1.414213562373095
2016-11-12 04:00:00,20.6,84,0.0,1.5,45,-1.0606601717798214,-1.0606601717798212
2016-11-12 05:00:00,20.5,84,0.0,1.3,34,-0.7269507745119705,-1.0777488443215544
2016-11-12 06:00:00,20.4,83,0.1,1.6,63,-1.4256104387013888,-0.7263847995832747
2016-11-12 07:00:00,20.2,84,0.0,1.6,117,-1.4256104387013886,0.7263847995832751
2016-11-12 08:00:00,21.5,86,0.0,0.7000000000000001,180,4.2862637970157366e-17,0.7000000000000001
2016-11-12 09:00:00,22.8,81,0.0,4.4,279,4.3458286986186065,-0.6883116461770159
2016-11-12 10:00:00,23.7,79,0.0,6.3,301,5.400153994423308,-3.244739871933341
2016-11-12 11:00:00,24.0,78,0.0,7.7,311,5.811263767715345,-5.051654523226906
2016-11-12 12:00:00,24.3,78,0.2,8.2,319,5.379684037722159,-6.18861855782673
2016-11-12 13:00:00,24.6,78,0.1,8.5,324,4.996174644486022,-6.876644452187053
2016-11-12 14:00:00,24.4,78,0.0,9.1,326,5.088655421583796,-7.5442419102508795
2016-11-12 15:00:00,24.2,78,0.2,9.8,336,3.9860191021428424,-8.95274548489749
2016-11-12 16:00:00,23.7,80,0.0,8.7,343,2.5436338310878095,-8.319851376878407
2016-11-12 17:00:00,22.8,83,0.0,6.3,347,1.4171916423663489,-6.1385314081469815
2016-11-12 18:00:00,21.8,88,0.0,8.0,5,-0.697245941981266,-7.969557584733964
2016-11-12 19:00:00,20.5,94,0.0,7.5,17,-2.192787785420528,-7.172285669722765
2016-11-12 20:00:00,20.4,92,0.0,6.2,36,-3.644268564213334,-5.015905365124674
2016-11-12 21:00:00,20.7,90,0.0,4.5,61,-3.9357886821272814,-2.181643291108516
2016-11-12 22:00:00,19.6,92,0.0,3.8,73,-3.6339580726595346,-1.1110124779463997
2016-11-12 23:00:00,17.5,96,0.0,3.1,69,-2.8940993221413254,-1.1109406435904314
2016-11-13 00:00:00,16.4,98,0.0,2.5,45,-1.7677669529663693,-1.7677669529663687
2016-11-13 01:00:00,16.0,99,0.0,2.9,60,-2.5114736709748717,-1.4500000000000002
2016-11-13 02:00:00,16.1,94,0.0,3.5,66,-3.197409101749103,-1.4235782507653008
2016-11-13 03:00:00,16.1,95,0.0,3.4,72,-3.2335921554035223,-1.0506577808748208
2016-11-13 04:00:00,16.1,92,0.0,3.1,69,-2.8940993221413254,-1.1109406435904314
2016-11-13 05:00:00,16.1,90,0.0,3.1,54,-2.5079526825623377,-1.8221342821066664
2016-11-13 06:00:00,16.0,89,0.0,3.4,58,-2.8833635269318485,-1.8017254983928963
2016-11-13 07:00:00,16.9,86,0.0,3.6,53,-2.875087836170254,-2.1665340833473743
2016-11-13 08:00:00,20.9,86,0.0,2.8,50,-2.1449244407331385,-1.7998053071223097
2016-11-13 09:00:00,23.6,76,0.0,3.7,331,1.7937955949114475,-3.2360929164157644
2016-11-13 10:00:00,24.5,75,0.0,5.2,304,4.310995377286217,-2.907803098047884
2016-11-13 11:00:00,25.3,73,0.0,5.6,297,4.98963653545486,-2.5423467985414616
2016-11-13 12:00:00,25.8,72,0.0,5.8,292,5.377666356487367,-2.1727182418122895
2016-11-13 13:00:00,26.1,71,0.0,6.2,291,5.788198644282651,-2.2218812871808615
2016-11-13 14:00:00,26.1,71,0.0,6.4,297,5.702441754805555,-2.9055391983330994
2016-11-13 15:00:00,25.7,77,0.0,6.5,304,5.38874422160777,-3.634753872559855
2016-11-13 16:00:00,25.0,78,0.0,6.2,306,5.0159053651246746,-3.6442685642133337
2016-11-13 17:00:00,24.0,82,0.0,5.5,302,4.664264528860342,-2.914555953282627
2016-11-13 18:00:00,22.5,90,0.0,3.4,342,1.0506577808748212,-3.233592155403522
2016-11-13 19:00:00,22.3,89,0.0,2.5,45,-1.7677669529663693,-1.7677669529663687
2016-11-13 20:00:00,22.1,89,0.0,2.4,63,-2.138415658052083,-1.089577199374912
2016-11-13 21:00:00,21.7,90,0.0,1.6,63,-1.4256104387013888,-0.7263847995832747
2016-11-13 22:00:00,21.4,90,0.0,0.8,27,-0.36319239979163753,-0.7128052193506943
2016-11-13 23:00:00,21.1,91,0.0,1.1,18,-0.33991869381244233,-1.0461621679246689
2016-11-14 00:00:00,18.2,98,0.0,1.3,56,-1.0777488443215544,-0.7269507745119708
2016-11-14 01:00:00,17.6,96,0.0,1.8,37,-1.083267041673687,-1.437543918085127
2016-11-14 02:00:00,17.0,96,0.0,2.0,45,-1.4142135623730954,-1.414213562373095
2016-11-14 03:00:00,16.2,92,0.0,2.0,45,-1.4142135623730954,-1.414213562373095
2016-11-14 04:00:00,16.1,91,0.0,2.5,45,-1.7677669529663693,-1.7677669529663687
2016-11-14 05:00:00,15.9,89,0.0,2.3,51,-1.7874357113510326,-1.4474368994146265
2016-11-14 06:00:00,15.5,88,0.0,2.1,31,-1.0815799573111144,-1.8000513314744355
2016-11-14 07:00:00,16.0,89,0.0,2.1,59,-1.800051331474436,-1.0815799573111138
2016-11-14 08:00:00,20.7,81,0.0,2.3,39,-1.447436899414627,-1.7874357113510322
2016-11-14 09:00:00,24.0,62,0.0,3.7,331,1.7937955949114475,-3.2360929164157644
2016-11-14 10:00:00,25.0,65,0.0,4.7,328,2.490620541896063,-3.9858260519352022
2016-11-14 11:00:00,25.8,67,0.0,4.9,324,2.8801477362331185,-3.9641832724372428
2016-11-14 12:00:00,26.4,68,0.0,5.6,320,3.5996106142446203,-4.289848881466277
2016-11-14 13:00:00,26.6,69,0.0,6.4,317,4.36478950439999,-4.6806636903626915
2016-11-14 14:00:00,26.5,70,0.0,7.1,315,5.020458146424487,-5.020458146424486
2016-11-14 15:00:00,26.2,74,0.0,7.4,313,5.412017391981862,-5.046787864462489
2016-11-14 16:00:00,25.4,77,0.0,6.6,315,4.666904755831213,-4.666904755831213
2016-11-14 17:00:00,24.1,81,0.0,5.9,317,4.023790324368742,-4.314986839553106
2016-11-14 18:00:00,22.8,87,0.0,4.1,15,-1.0611580849203346,-3.96029588778518
2016-11-14 19:00:00,22.4,87,0.0,4.2,59,-3.600102662948872,-2.1631599146222276
2016-11-14 20:00:00,21.9,87,0.0,3.1,69,-2.8940993221413254,-1.1109406435904314
2016-11-14 21:00:00,21.4,87,0.0,2.0,45,-1.4142135623730954,-1.414213562373095
2016-11-14 22:00:00,19.6,90,0.0,2.1,59,-1.800051331474436,-1.0815799573111138
2016-11-14 23:00:00,18.5,92,0.0,2.4,63,-2.138415658052083,-1.089577199374912
2016-11-15 00:00:00,16.8,96,0.0,2.6,74,-2.499280409439629,-0.7166571251241974
2016-11-15 01:00:00,16.2,96,0.0,2.6,56,-2.1554976886431088,-1.4539015490239415
2016-11-15 02:00:00,16.0,93,0.0,2.6,56,-2.1554976886431088,-1.4539015490239415
2016-11-15 03:00:00,15.8,91,0.0,2.9,60,-2.5114736709748717,-1.4500000000000002
2016-11-15 04:00:00,15.6,90,0.0,2.7,67,-2.485363104321589,-1.0549740469210387
2016-11-15 05:00:00,15.4,89,0.0,2.6,56,-2.1554976886431088,-1.4539015490239415
2016-11-15 06:00:00,15.3,88,0.0,3.1,54,-2.5079526825623377,-1.8221342821066664
2016-11-15 07:00:00,15.9,87,0.0,3.6,53,-2.875087836170254,-2.1665340833473743
2016-11-15 08:00:00,20.3,86,0.0,3.9,56,-3.233246532964663,-2.180852323535912
2016-11-15 09:00:00,24.9,63,0.0,4.7,4,-0.32785542659739025,-4.688551036221174
2016-11-15 10:00:00,26.2,63,0.0,5.2,344,1.4333142502483958,-4.998560818879258
2016-11-15 11:00:00,27.0,64,0.0,5.7,325,3.269385687200963,-4.669166652447253
2016-11-15 12:00:00,27.4,64,0.0,6.9,309,5.3623071340531,-4.342310698243878
2016-11-15 13:00:00,27.5,66,0.0,7.5,305,6.143640332167439,-4.301823272632845
2016-11-15 14:00:00,27.3,68,0.0,6.9,313,5.046340541172277,-4.70578868443124
2016-11-15 15:00:00,27.0,70,0.0,6.1,315,4.31335136523794,-4.313351365237939
2016-11-15 16:00:00,26.1,75,0.0,5.6,310,4.289848881466277,-3.5996106142446194
2016-11-15 17:00:00,24.7,80,0.0,4.8,297,4.276831316104166,-2.1791543987498243
2016-11-15 18:00:00,22.8,92,0.0,3.7,281,3.632020578756357,-0.7059932828932158
2016-11-15 19:00:00,22.3,90,0.0,1.3,56,-1.0777488443215544,-0.7269507745119708
2016-11-15 20:00:00,21.3,92,0.0,1.9,68,-1.761649323676896,-0.7117525274902328
2016-11-15 21:00:00,20.4,93,0.0,1.6,63,-1.4256104387013888,-0.7263847995832747
2016-11-15 22:00:00,19.7,93,0.0,1.6,63,-1.4256104387013888,-0.7263847995832747
2016-11-15 23:00:00,19.2,94,0.0,1.6,63,-1.4256104387013888,-0.7263847995832747
2016-11-16 00:00:00,18.6,94,0.0,1.9,68,-1.761649323676896,-0.7117525274902328
2016-11-16 01:00:00,18.1,94,0.0,2.6,74,-2.499280409439629,-0.7166571251241974
2016-11-16 02:00:00,18.0,93,0.0,2.4,63,-2.138415658052083,-1.089577199374912
2016-11-16 03:00:00,18.4,91,0.2,3.1,69,-2.8940993221413254,-1.1109406435904314
2016-11-16 04:00:00,18.7,90,0.0,2.7,67,-2.485363104321589,-1.0549740469210387
2016-11-16 05:00:00,18.9,88,0.0,3.2,63,-2.8512208774027776,-1.4527695991665495
2016-11-16 06:00:00,18.6,88,0.0,3.5,66,-3.197409101749103,-1.4235782507653008
2016-11-16 07:00:00,18.8,88,0.0,2.5,98,-2.475670171853926,0.3479327524001633
2016-11-16 08:00:00,21.7,89,0.0,1.0,135,-0.7071067811865475,0.7071067811865476
2016-11-16 09:00:00,24.0,82,0.0,2.5,278,2.475670171853926,-0.3479327524001636
2016-11-16 10:00:00,25.1,79,0.0,5.4,278,5.34744757120448,-0.7515347451843534
2016-11-16 11:00:00,25.7,78,0.2,7.6,278,7.5260373224359345,-1.0577155672964973
2016-11-16 12:00:00,25.9,76,0.3,8.2,285,7.92059177557036,-2.12231616984067
2016-11-16 13:00:00,25.9,74,0.4,7.4,293,6.811735915548059,-2.891410350820626
2016-11-16 14:00:00,26.0,73,0.3,6.0,303,5.032023407672544,-3.2678342100901627
2016-11-16 15:00:00,25.8,75,0.2,6.1,315,4.31335136523794,-4.313351365237939
2016-11-16 16:00:00,24.8,78,0.0,6.0,327,3.2678342100901627,-5.032023407672544
2016-11-16 17:00:00,23.8,80,0.0,6.1,332,2.863776532993934,-5.385980316439453
2016-11-16 18:00:00,22.2,90,0.0,5.2,344,1.4333142502483958,-4.998560818879258
2016-11-16 19:00:00,22.1,86,0.0,4.5,14,-1.088648530198505,-4.366330768241984
2016-11-16 20:00:00,21.6,88,0.0,2.7,23,-1.0549740469210394,-2.4853631043215887
2016-11-16 21:00:00,21.3,89,0.0,2.0,45,-1.4142135623730954,-1.414213562373095
2016-11-16 22:00:00,21.0,89,0.0,1.8,37,-1.083267041673687,-1.437543918085127
2016-11-16 23:00:00,20.3,89,0.0,1.8,53,-1.437543918085127,-1.0832670416736871
2016-11-17 00:00:00,19.3,90,0.0,1.6,63,-1.4256104387013888,-0.7263847995832747
2016-11-17 01:00:00,18.2,91,0.0,2.1,31,-1.0815799573111144,-1.8000513314744355
2016-11-17 02:00:00,18.2,89,0.0,1.8,37,-1.083267041673687,-1.437543918085127
2016-11-17 03:00:00,16.7,94,0.0,2.1,59,-1.800051331474436,-1.0815799573111138
2016-11-17 04:00:00,16.5,95,0.0,3.1,54,-2.5079526825623377,-1.8221342821066664
2016-11-17 05:00:00,16.2,94,0.0,3.1,54,-2.5079526825623377,-1.8221342821066664
2016-11-17 06:00:00,15.9,92,0.0,2.5,45,-1.7677669529663693,-1.7677669529663687
2016-11-17 07:00:00,16.7,91,0.0,3.3,41,-2.1649947956686737,-2.4905416147351476
2016-11-17 08:00:00,20.9,87,0.0,3.3,41,-2.1649947956686737,-2.4905416147351476
2016-11-17 09:00:00,23.7,74,0.0,4.4,351,0.6883116461770161,-4.3458286986186065
2016-11-17 10:00:00,24.8,72,0.0,6.0,327,3.2678342100901627,-5.032023407672544
2016-11-17 11:00:00,25.7,69,0.0,6.4,317,4.36478950439999,-4.6806636903626915
2016-11-17 12:00:00,26.2,68,0.0,6.9,321,4.342310698243879,-5.3623071340531
2016-11-17 13:00:00,26.4,66,0.0,7.4,313,5.412017391981862,-5.046787864462489
2016-11-17 14:00:00,26.1,67,0.0,7.9,309,6.139453095510071,-4.971631089293716
2016-11-17 15:00:00,25.5,69,0.0,7.6,315,5.374011537017761,-5.37401153701776
2016-11-17 16:00:00,25.1,70,0.0,6.1,320,3.92100441908789,-4.6728711030257655
2016-11-17 17:00:00,24.0,79,0.0,5.0,300,4.330127018922194,-2.4999999999999996
2016-11-17 18:00:00,23.3,75,0.0,1.8,323,1.0832670416736871,-1.437543918085127
2016-11-17 19:00:00,22.8,78,0.0,1.5,14,-0.36288284339950166,-1.4554435894139948
2016-11-17 20:00:00,22.3,79,0.0,2.1,59,-1.800051331474436,-1.0815799573111138
2016-11-17 21:00:00,22.0,79,0.0,2.3,72,-2.187429987478853,-0.7107390870623786
2016-11-17 22:00:00,21.4,80,0.0,2.3,72,-2.187429987478853,-0.7107390870623786
2016-11-17 23:00:00,21.4,78,0.0,1.9,68,-1.761649323676896,-0.7117525274902328
2016-11-18 00:00:00,21.5,77,0.0,1.6,63,-1.4256104387013888,-0.7263847995832747
2016-11-18 01:00:00,21.6,76,0.0,1.5,45,-1.0606601717798214,-1.0606601717798212
2016-11-18 02:00:00,21.1,77,0.0,2.1,59,-1.800051331474436,-1.0815799573111138
2016-11-18 03:00:00,16.9,91,0.0,1.9,68,-1.761649323676896,-0.7117525274902328
2016-11-18 04:00:00,17.3,89,0.0,2.1,59,-1.800051331474436,-1.0815799573111138
2016-11-18 05:00:00,17.2,88,0.0,2.1,59,-1.800051331474436,-1.0815799573111138
2016-11-18 06:00:00,17.2,88,0.0,2.3,72,-2.187429987478853,-0.7107390870623786
2016-11-18 07:00:00,17.3,89,0.0,2.3,51,-1.7874357113510326,-1.4474368994146265
2016-11-18 08:00:00,21.1,86,0.0,0.5,45,-0.35355339059327384,-0.35355339059327373
2016-11-18 09:00:00,24.0,71,0.0,3.8,311,2.8678964048465336,-2.4930243101639276
2016-11-18 10:00:00,24.8,74,0.0,6.1,310,4.6728711030257655,-3.921004419087889
2016-11-18 11:00:00,25.7,75,0.0,7.4,309,5.750880114781585,-4.656970893768797
2016-11-18 12:00:00,25.7,76,0.0,7.5,305,6.143640332167439,-4.301823272632845
2016-11-18 13:00:00,26.1,75,0.0,7.9,294,7.217009115376547,-3.2132194802988217
2016-11-18 14:00:00,25.7,78,0.0,9.0,293,8.284543681071963,-3.5165801564034638
2016-11-18 15:00:00,24.8,81,0.0,7.8,304,6.466493065929325,-4.361704647071826
2016-11-18 16:00:00,24.3,83,0.0,6.8,328,3.603450996785793,-5.766727053863696
2016-11-18 17:00:00,23.7,84,0.0,6.1,332,2.863776532993934,-5.385980316439453
2016-11-18 18:00:00,22.4,93,0.0,3.8,17,-1.111012477946401,-3.633958072659534
2016-11-18 19:00:00,22.5,89,0.0,3.3,13,-0.7423384793347553,-3.215421213791276
2016-11-18 20:00:00,22.1,91,0.0,1.6,27,-0.7263847995832751,-1.4256104387013886
2016-11-18 21:00:00,22.0,91,0.0,1.9,68,-1.761649323676896,-0.7117525274902328
2016-11-18 22:00:00,21.8,91,0.0,2.3,72,-2.187429987478853,-0.7107390870623786
2016-11-18 23:00:00,21.4,91,0.0,2.4,63,-2.138415658052083,-1.089577199374912
2016-11-19 00:00:00,21.0,90,0.0,2.6,56,-2.1554976886431088,-1.4539015490239415
2016-11-19 01:00:00,20.7,89,0.0,2.3,51,-1.7874357113510326,-1.4474368994146265
2016-11-19 02:00:00,19.7,90,0.0,2.3,51,-1.7874357113510326,-1.4474368994146265
2016-11-19 03:00:00,18.2,90,0.0,2.1,59,-1.800051331474436,-1.0815799573111138
2016-11-19 04:00:00,18.0,89,0.0,1.9,68,-1.761649323676896,-0.7117525274902328
2016-11-19 05:00:00,17.9,88,0.0,1.9,68,-1.761649323676896,-0.7117525274902328
2016-11-19 06:00:00,17.7,86,0.0,2.3,72,-2.187429987478853,-0.7107390870623786
2016-11-19 07:00:00,17.8,87,0.0,2.9,60,-2.5114736709748717,-1.4500000000000002
2016-11-19 08:00:00,22.1,86,0.0,3.1,69,-2.8940993221413254,-1.1109406435904314
2016-11-19 09:00:00,24.8,70,0.0,3.3,354,0.3449439287832564,-3.2819222547153015
2016-11-19 10:00:00,25.7,71,0.0,3.9,326,2.1808523235359125,-3.233246532964663
2016-11-19 11:00:00,26.6,69,0.0,5.4,318,3.6133052743378347,-4.012982057577929
2016-11-19 12:00:00,27.3,67,0.0,6.7,306,5.420413862312148,-3.93816119035957
2016-11-19 13:00:00,27.2,68,0.0,6.6,311,4.981083229470295,-4.329989591337347
2016-11-19 14:00:00,26.6,70,0.0,6.4,308,5.043268823083021,-3.9402334420842133
2016-11-19 15:00:00,26.6,70,0.3,4.8,318,3.2118269105225195,-3.5670951622914924
2016-11-19 16:00:00,25.8,74,0.7000000000000001,3.7,331,1.7937955949114475,-3.2360929164157644
2016-11-19 17:00:00,24.9,83,1.2,4.0,350,0.6945927106677217,-3.939231012048832
2016-11-19 18:00:00,24.6,78,0.1,3.7,79,-3.632020578756357,-0.7059932828932155
2016-11-19 19:00:00,24.0,80,0.0,4.5,76,-4.366330768241984,-1.0886485301985038
2016-11-19 20:00:00,22.5,84,0.0,2.5,90,-2.5,3.061616997868383e-16
2016-11-19 21:00:00,20.4,92,0.0,2.9,90,-2.9,3.5514757175273243e-16
2016-11-19 22:00:00,19.9,93,0.0,3.7,101,-3.632020578756357,0.7059932828932164
2016-11-19 23:00:00,19.5,92,0.0,2.5,82,-2.475670171853926,-0.3479327524001638
2016-11-20 00:00:00,19.3,92,0.0,3.5,66,-3.197409101749103,-1.4235782507653008
2016-11-20 01:00:00,18.4,94,0.0,3.8,73,-3.6339580726595346,-1.1110124779463997
2016-11-20 02:00:00,18.2,92,0.0,2.6,56,-2.1554976886431088,-1.4539015490239415
2016-11-20 03:00:00,17.9,91,0.0,2.8,50,-2.1449244407331385,-1.7998053071223097
2016-11-20 04:00:00,17.8,91,0.0,3.1,45,-2.192031021678298,-2.192031021678297
2016-11-20 05:00:00,18.1,89,0.0,3.6,45,-2.545584412271572,-2.545584412271571
2016-11-20 06:00:00,17.8,89,0.0,3.7,61,-3.236092916415765,-1.7937955949114468
2016-11-20 07:00:00,17.8,90,0.0,4.2,70,-3.9467090073008158,-1.4364846019678084
2016-11-20 08:00:00,21.7,89,0.0,3.7,61,-3.236092916415765,-1.7937955949114468
2016-11-20 09:00:00,24.7,74,0.0,5.4,8,-0.7515347451843555,-5.34744757120448
2016-11-20 10:00:00,25.9,72,0.0,4.8,13,-1.0797650608505531,-4.6769763109691285
2016-11-20 11:00:00,27.0,69,0.0,5.4,352,0.7515347451843536,-5.34744757120448
2016-11-20 12:00:00,27.5,68,0.0,6.6,338,2.4724035165450187,-6.1194134401407965
2016-11-20 13:00:00,27.5,67,0.0,6.1,332,2.863776532993934,-5.385980316439453
2016-11-20 14:00:00,27.3,67,0.0,4.8,333,2.1791543987498248,-4.276831316104166
2016-11-20 15:00:00,27.5,61,0.0,3.3,283,3.2154212137912763,-0.7423384793347545
2016-11-20 16:00:00,26.7,66,0.0,3.8,253,3.6339580726595346,1.1110124779463997
2016-11-20 17:00:00,25.3,74,0.2,4.5,241,3.935788682127281,2.1816432911085166
2016-11-20 18:00:00,23.9,81,0.3,3.1,315,2.1920310216782974,-2.192031021678297
2016-11-20 19:00:00,23.1,83,0.0,3.3,6,-0.3449439287832561,-3.281922254715302
2016-11-20 20:00:00,22.2,87,0.6,2.6,74,-2.499280409439629,-0.7166571251241974
2016-11-20 21:00:00,21.4,90,0.0,2.3,39,-1.447436899414627,-1.7874357113510322
2016-11-20 22:00:00,21.0,92,0.0,1.8,53,-1.437543918085127,-1.0832670416736871
2016-11-20 23:00:00,20.8,92,0.0,2.3,72,-2.187429987478853,-0.7107390870623786
2016-11-21 00:00:00,20.9,91,0.0,1.1,72,-1.046162167924669,-0.33991869381244205
2016-11-21 01:00:00,20.8,90,0.0,1.1,360,6.735557395310444e-17,-1.1
2016-11-21 02:00:00,21.2,87,0.0,2.1,31,-1.0815799573111144,-1.8000513314744355
2016-11-21 03:00:00,22.0,78,0.4,2.5,45,-1.7677669529663693,-1.7677669529663687
2016-11-21 04:00:00,21.6,82,0.0,2.8,40,-1.7998053071223103,-2.144924440733138
2016-11-21 05:00:00,20.2,89,0.2,3.1,36,-1.822134282106667,-2.507952682562337
2016-11-21 06:00:00,20.2,87,0.3,5.6,50,-4.289848881466277,-3.5996106142446194
2016-11-21 07:00:00,20.3,87,0.0,4.3,24,-1.7489675652259404,-3.928245467863184
2016-11-21 08:00:00,21.7,90,0.0,5.4,42,-3.613305274337834,-4.01298205757793
2016-11-21 09:00:00,23.5,81,0.0,6.2,353,0.7555899291119145,-6.153786140176196
2016-11-21 10:00:00,24.4,78,0.0,6.9,354,0.7212463965468089,-6.862201078041086
2016-11-21 11:00:00,25.2,75,0.0,6.8,360,4.1637991171010006e-16,-6.8
2016-11-21 12:00:00,25.8,73,0.0,5.8,360,3.5514757175273243e-16,-5.8
2016-11-21 13:00:00,26.0,73,0.0,5.2,348,1.0811407922523493,-5.086367523815789
2016-11-21 14:00:00,25.7,74,0.0,6.0,335,2.5357095704441965,-5.437846722219899
2016-11-21 15:00:00,25.8,68,0.0,6.5,341,2.116193003971519,-6.145870741395559
2016-11-21 16:00:00,25.4,69,0.0,6.6,338,2.4724035165450187,-6.1194134401407965
2016-11-21 17:00:00,24.3,74,0.0,7.2,342,2.224922359499622,-6.8476069173251055
2016-11-21 18:00:00,23.0,81,0.0,9.0,5,-0.7844016847289242,-8.96575228282571
2016-11-21 19:00:00,21.9,85,0.0,8.3,2,-0.28966582263075635,-8.294943864258496
2016-11-21 20:00:00,21.0,87,0.0,7.9,24,-3.2132194802988208,-7.217009115376548
2016-11-21 21:00:00,20.4,89,0.0,8.2,41,-5.379684037722159,-6.18861855782673
2016-11-21 22:00:00,20.5,86,0.0,8.4,50,-6.4347733221994154,-5.39941592136693
2016-11-21 23:00:00,19.0,90,0.0,7.2,63,-6.415246974156249,-3.2687315981247362
2016-11-22 00:00:00,18.5,90,0.0,5.8,83,-5.756767679519668,-0.7068421917498544
2016-11-22 01:00:00,19.9,83,0.0,3.3,84,-3.2819222547153015,-0.3449439287832565
2016-11-22 02:00:00,20.7,78,0.0,3.0,76,-2.9108871788279895,-0.7257656867990026
2016-11-22 03:00:00,18.7,90,0.0,3.3,41,-2.1649947956686737,-2.4905416147351476
2016-11-22 04:00:00,20.6,81,0.0,4.1,38,-2.524212048835198,-3.2308440897875603
2016-11-22 05:00:00,22.0,76,0.0,3.1,45,-2.192031021678298,-2.192031021678297
2016-11-22 06:00:00,21.9,76,0.2,3.1,69,-2.8940993221413254,-1.1109406435904314
2016-11-22 07:00:00,21.8,76,0.2,2.4,63,-2.138415658052083,-1.089577199374912
2016-11-22 08:00:00,22.1,76,0.1,1.4,360,8.572527594031472e-17,-1.4
2016-11-22 09:00:00,22.7,78,0.0,1.3,326,0.7269507745119709,-1.0777488443215544
2016-11-22 10:00:00,23.7,77,0.0,4.1,308,3.2308440897875594,-2.524212048835199
2016-11-22 11:00:00,25.1,73,0.0,6.7,324,3.93816119035957,-5.420413862312148
2016-11-22 12:00:00,25.1,74,0.0,7.6,335,3.211898789229316,-6.887939181478539
2016-11-22 13:00:00,24.2,79,0.1,8.1,339,2.902780391316933,-7.5620014546273335
2016-11-22 14:00:00,23.7,83,0.2,7.9,344,2.1775351109542935,-7.59396739791272
2016-11-22 15:00:00,23.7,84,0.0,7.0,339,2.5085756468171025,-6.535062985480412
2016-11-22 16:00:00,23.3,86,0.1,5.2,344,1.4333142502483958,-4.998560818879258
2016-11-22 17:00:00,22.7,89,0.5,4.6,342,1.4214781741247582,-4.3748599749577055
2016-11-22 18:00:00,21.8,93,0.3,5.4,323,3.2498011250210617,-4.312631754255381
2016-11-22 19:00:00,22.3,89,0.1,6.8,335,2.873804179836756,-6.162892951849219
2016-11-22 20:00:00,21.7,91,0.3,8.7,17,-2.5436338310878126,-8.319851376878407
2016-11-22 21:00:00,20.7,95,0.3,7.6,31,-3.914289369316414,-6.514471485336052
2016-11-22 22:00:00,20.5,96,0.4,5.9,14,-1.42733918403804,-5.7247447850283795
2016-11-22 23:00:00,20.5,96,0.4,5.2,344,1.4333142502483958,-4.998560818879258
2016-11-23 00:00:00,20.0,97,0.3,5.4,340,1.8469087739586119,-5.074340152243905
2016-11-23 01:00:00,19.7,97,0.3,6.6,351,1.032467469265524,-6.518743047927909
2016-11-23 02:00:00,19.9,97,0.4,7.6,3,-0.39775326744637673,-7.589584464134761
2016-11-23 03:00:00,19.7,99,1.1,8.3,2,-0.28966582263075635,-8.294943864258496
2016-11-23 04:00:00,19.7,98,1.1,8.4,7,-1.0237024846032363,-8.337387673787106
2016-11-23 05:00:00,19.4,98,1.5,8.3,18,-2.564841053312065,-7.893769085249775
2016-11-23 06:00:00,19.1,97,0.5,7.3,11,-1.3929056662487755,-7.165878439167947
2016-11-23 07:00:00,19.2,96,0.5,4.3,24,-1.7489675652259404,-3.928245467863184
2016-11-23 08:00:00,19.9,95,1.0,4.3,355,0.37476969381492997,-4.283637201794505
2016-11-23 09:00:00,20.1,94,1.6,5.4,8,-0.7515347451843555,-5.34744757120448
2016-11-23 10:00:00,20.9,91,1.4,7.3,11,-1.3929056662487755,-7.165878439167947
2016-11-23 11:00:00,21.2,91,1.4,8.0,8,-1.1133848076805266,-7.922144549932562
2016-11-23 12:00:00,21.9,89,0.6,8.3,5,-0.7233926648055635,-8.268415994161488
2016-11-23 13:00:00,22.1,90,0.3,9.1,353,1.1090110249868421,-9.032169979936029
2016-11-23 14:00:00,21.7,93,0.2,10.0,347,2.249510543438649,-9.743700647852352
2016-11-23 15:00:00,21.2,93,1.1,11.4,349,2.175222547292612,-11.19054989130337
2016-11-23 16:00:00,20.4,95,1.1,10.5,354,1.0975488643103612,-10.44247990136687
2016-11-23 17:00:00,20.0,95,1.1,9.5,9,-1.4861274178821948,-9.383039235653808
2016-11-23 18:00:00,19.8,94,0.5,8.1,13,-1.8221035401853085,-7.892397524760404
2016-11-23 19:00:00,19.6,95,0.2,8.7,355,0.7582549619046257,-8.666893873398186
2016-11-23 20:00:00,19.5,94,0.3,9.0,358,0.31409547032250973,-8.994517443171862
2016-11-23 21:00:00,18.9,96,0.5,8.3,358,0.289665822630759,-8.294943864258496
2016-11-23 22:00:00,18.6,96,0.6,7.8,347,1.7546182238821464,-7.6000865053248345
2016-11-23 23:00:00,18.2,96,0.4,6.9,6,-0.7212463965468082,-6.862201078041087
2016-11-24 00:00:00,17.7,96,0.5,6.3,13,-1.417191642366351,-6.1385314081469815
2016-11-24 01:00:00,17.3,96,0.4,8.8,348,1.8296228791962834,-8.60769888645749
2016-11-24 02:00:00,17.4,94,0.2,9.4,2,-0.3280552690035072,-9.394273773979501
2016-11-24 03:00:00,17.4,91,0.3,8.0,18,-2.4721359549995805,-7.608452130361228
2016-11-24 04:00:00,17.7,88,0.4,5.9,14,-1.42733918403804,-5.7247447850283795
2016-11-24 05:00:00,17.4,87,0.0,3.9,22,-1.460965714322058,-3.6160170328104706
2016-11-24 06:00:00,16.9,88,0.0,3.1,54,-2.5079526825623377,-1.8221342821066664
2016-11-24 07:00:00,16.6,91,0.0,2.6,16,-0.7166571251241971,-2.4992804094396295
2016-11-24 08:00:00,19.1,86,0.0,3.8,343,1.1110124779463997,-3.6339580726595346
2016-11-24 09:00:00,20.6,81,0.0,6.8,342,2.1013155617496424,-6.467184310807044
2016-11-24 10:00:00,21.7,77,0.0,7.8,338,2.9219314286441134,-7.232034065620942
2016-11-24 11:00:00,22.5,75,0.0,9.7,333,4.403707847473604,-8.642763284627167
2016-11-24 12:00:00,22.9,75,0.0,9.7,333,4.403707847473604,-8.642763284627167
2016-11-24 13:00:00,22.9,75,0.3,8.9,333,4.040515447681967,-7.929958065276474
2016-11-24 14:00:00,22.5,77,0.3,7.4,321,4.656970893768798,-5.750880114781585
2016-11-24 15:00:00,22.3,78,0.3,6.9,317,4.70578868443124,-5.046340541172277
2016-11-24 16:00:00,21.3,82,0.0,6.9,321,4.342310698243879,-5.3623071340531
2016-11-24 17:00:00,20.3,86,0.0,6.3,336,2.5624408513775414,-5.755336383148386
2016-11-24 18:00:00,19.5,88,0.0,4.7,351,0.7352419856890854,-4.6421352007971475
2016-11-24 19:00:00,18.8,91,0.0,6.5,6,-0.6794350112397468,-6.464392319893777
2016-11-24 20:00:00,18.1,93,0.0,5.4,37,-3.2498011250210608,-4.312631754255381
2016-11-24 21:00:00,18.4,91,0.0,3.1,54,-2.5079526825623377,-1.8221342821066664
2016-11-24 22:00:00,18.9,86,0.0,1.9,22,-0.7117525274902333,-1.7616493236768958
2016-11-24 23:00:00,18.9,86,0.0,2.6,16,-0.7166571251241971,-2.4992804094396295
2016-11-25 00:00:00,18.8,86,0.0,3.8,41,-2.4930243101639276,-2.8678964048465336
2016-11-25 01:00:00,18.4,87,0.0,4.2,59,-3.600102662948872,-2.1631599146222276
2016-11-25 02:00:00,17.9,88,0.0,3.4,58,-2.8833635269318485,-1.8017254983928963
2016-11-25 03:00:00,17.1,86,0.0,3.1,45,-2.192031021678298,-2.192031021678297
2016-11-25 04:00:00,16.5,86,0.0,3.3,49,-2.490541614735148,-2.1649947956686733
2016-11-25 05:00:00,15.3,88,0.0,2.9,60,-2.5114736709748717,-1.4500000000000002
2016-11-25 06:00:00,15.0,89,0.0,3.3,77,-3.2154212137912763,-0.7423384793347544
2016-11-25 07:00:00,15.4,89,0.0,3.5,114,-3.197409101749103,1.4235782507653014
2016-11-25 08:00:00,19.3,82,0.0,3.8,139,-2.493024310163927,2.867896404846534
2016-11-25 09:00:00,22.4,69,0.0,3.3,221,2.1649947956686737,2.4905416147351476
2016-11-25 10:00:00,23.3,69,0.0,6.4,286,6.1520748540052415,-1.7640790772287946
2016-11-25 11:00:00,23.6,72,0.0,8.1,315,5.727564927611035,-5.727564927611034
2016-11-25 12:00:00,24.0,72,0.0,7.2,333,3.268731598124737,-6.415246974156248
2016-11-25 13:00:00,24.0,72,0.0,7.0,339,2.5085756468171025,-6.535062985480412
2016-11-25 14:00:00,24.6,71,0.0,8.0,324,4.702282018339785,-6.47213595499958
2016-11-25 15:00:00,24.2,76,0.0,7.9,321,4.971631089293717,-6.139453095510071
2016-11-25 16:00:00,23.5,80,0.0,6.1,310,4.6728711030257655,-3.921004419087889
2016-11-25 17:00:00,22.3,85,0.0,5.2,286,4.998560818879258,-1.4333142502483958
2016-11-25 18:00:00,20.9,91,0.0,2.5,278,2.475670171853926,-0.3479327524001636
2016-11-25 19:00:00,19.8,95,0.0,1.5,284,1.4554435894139948,-0.3628828433995016
2016-11-25 20:00:00,19.3,95,0.1,0.8,333,0.3631923997916375,-0.7128052193506943
2016-11-25 21:00:00,19.0,96,0.4,0.4,180,2.4492935982947065e-17,0.4
2016-11-25 22:00:00,18.7,96,0.3,0.7000000000000001,180,4.2862637970157366e-17,0.7000000000000001
2016-11-25 23:00:00,18.7,96,0.2,0.8,153,-0.36319239979163737,0.7128052193506944
2016-11-26 00:00:00,18.6,95,0.2,1.0,135,-0.7071067811865475,0.7071067811865476
2016-11-26 01:00:00,18.4,95,0.1,1.8,169,-0.34345619167778063,1.7669289302057951
2016-11-26 02:00:00,18.3,94,0.0,2.3,198,0.7107390870623791,2.1874299874788528
2016-11-26 03:00:00,19.5,88,0.0,1.4,270,1.4,0.0
2016-11-26 04:00:00,19.9,88,0.0,2.0,315,1.4142135623730951,-1.414213562373095
2016-11-26 05:00:00,19.5,90,0.1,1.4,360,8.572527594031472e-17,-1.4
2016-11-26 06:00:00,18.3,92,0.0,4.7,94,-4.688551036221174,0.32785542659739
2016-11-26 07:00:00,18.4,93,0.0,1.8,127,-1.4375439180851273,1.0832670416736867
2016-11-26 08:00:00,20.6,93,0.0,2.3,198,0.7107390870623791,2.1874299874788528
2016-11-26 09:00:00,22.3,85,0.0,3.3,257,3.2154212137912763,0.7423384793347545
2016-11-26 10:00:00,22.8,83,0.2,6.0,287,5.737828535778212,-1.7542302283364206
2016-11-26 11:00:00,23.0,84,0.2,10.2,302,8.650090580795544,-5.40517649517869
2016-11-26 12:00:00,22.5,88,0.4,11.3,323,6.800509761618147,-9.02458126353441
2016-11-26 13:00:00,21.4,92,0.6,12.4,343,3.625409138561936,-11.858178973941639
2016-11-26 14:00:00,21.0,98,0.9,12.7,352,1.7674983821928314,-12.576404473017943
2016-11-26 15:00:00,20.4,97,0.2,13.8,354,1.4424927930936178,-13.724402156082173
2016-11-26 16:00:00,20.1,96,0.6,11.9,357,0.6227978792910333,-11.88369146357943
2016-11-26 17:00:00,19.5,96,0.3,11.6,7,-1.413684383499707,-11.513535359039336
2016-11-26 18:00:00,18.9,97,0.1,10.9,17,-3.1868515814778346,-10.423721839997086
2016-11-26 19:00:00,18.6,96,0.0,10.6,10,-1.8406706832694615,-10.438962181929405
2016-11-26 20:00:00,18.6,95,0.0,10.8,4,-0.7533699164365563,-10.773691742806102
2016-11-26 21:00:00,18.2,96,0.0,10.2,10,-1.7712114122026892,-10.045039080724521
2016-11-26 22:00:00,17.9,96,0.0,11.5,14,-2.7821017993961794,-11.15840085217396
2016-11-26 23:00:00,17.9,94,0.0,9.8,8,-1.363896389408645,-9.704627073667389
2016-11-27 00:00:00,17.9,94,0.0,9.8,8,-1.363896389408645,-9.704627073667389
2016-11-27 01:00:00,17.5,95,0.2,10.5,4,-0.7324429743133186,-10.474422527728153
2016-11-27 02:00:00,17.4,95,0.3,10.9,8,-1.5169868004647176,-10.793921949283115
2016-11-27 03:00:00,17.3,96,0.7000000000000001,10.7,12,-2.2246550917500296,-10.46617932785172
2016-11-27 04:00:00,17.4,95,0.6,9.0,16,-2.4807362023529897,-8.651355263444872
2016-11-27 05:00:00,17.5,94,1.0,8.8,12,-1.8296228791962863,-8.60769888645749
2016-11-27 06:00:00,17.7,93,1.3,8.5,12,-1.767249371950958,-8.314254606237347
2016-11-27 07:00:00,17.8,92,1.2,9.7,2,-0.33852511801425733,-9.694091022085228
2016-11-27 08:00:00,18.2,91,1.2,11.9,3,-0.6227978792910372,-11.88369146357943
2016-11-27 09:00:00,18.6,89,1.0,12.3,5,-1.0720156357961965,-12.253194786528471
2016-11-27 10:00:00,19.3,87,0.8,13.3,360,8.143901214329899e-16,-13.3
2016-11-27 11:00:00,19.5,87,1.0,14.8,360,9.062386313690414e-16,-14.8
2016-11-27 12:00:00,19.8,86,1.0,14.8,3,-0.7745721523955758,-14.779717114367694
2016-11-27 13:00:00,20.3,84,1.6,13.8,9,-2.1587956175551883,-13.6300991002129
2016-11-27 14:00:00,19.2,92,3.9,10.8,15,-2.795245687107223,-10.431998923921938
2016-11-27 15:00:00,18.8,90,3.6,9.7,15,-2.51054473749445,-9.369480515003962
2016-11-27 16:00:00,18.9,90,2.9,10.6,18,-3.2755801403744442,-10.081199072728626
2016-11-27 17:00:00,18.8,89,1.9,9.6,20,-3.283393375926418,-9.02104915954472
2016-11-27 18:00:00,19.2,83,1.5,8.1,13,-1.8221035401853085,-7.892397524760404
2016-11-27 19:00:00,17.9,92,1.1,8.5,12,-1.767249371950958,-8.314254606237347
2016-11-27 20:00:00,18.2,87,0.6,1.9,22,-0.7117525274902333,-1.7616493236768958
2016-11-27 21:00:00,17.4,91,0.4,1.1,360,6.735557395310444e-17,-1.1
2016-11-27 22:00:00,17.2,93,0.2,5.1,356,0.35575801609503865,-5.087576656325103
2016-11-27 23:00:00,17.2,93,0.0,5.8,353,0.7068421917498554,-5.756767679519667
2016-11-28 00:00:00,17.0,93,0.1,4.6,342,1.4214781741247582,-4.3748599749577055
2016-11-28 01:00:00,16.5,94,0.0,3.2,333,1.45276959916655,-2.851220877402777
2016-11-28 02:00:00,16.4,94,0.0,2.3,18,-0.7107390870623793,-2.1874299874788528
2016-11-28 03:00:00,16.8,90,0.0,2.7,23,-1.0549740469210394,-2.4853631043215887
2016-11-28 04:00:00,16.3,92,0.1,3.3,49,-2.490541614735148,-2.1649947956686733
2016-11-28 05:00:00,15.7,92,0.2,2.9,7,-0.35342109587492676,-2.878383839759834
2016-11-28 06:00:00,15.9,92,0.0,3.3,96,-3.2819222547153015,0.3449439287832573
2016-11-28 07:00:00,15.3,93,0.0,1.5,45,-1.0606601717798214,-1.0606601717798212
2016-11-28 08:00:00,16.9,92,0.0,2.9,360,1.7757378587636622e-16,-2.9
2016-11-28 09:00:00,18.6,85,0.0,6.2,350,1.0766187015349686,-6.10580806867569
2016-11-28 10:00:00,19.5,80,0.0,7.6,352,1.0577155672964975,-7.5260373224359345
2016-11-28 11:00:00,20.5,77,0.0,7.0,348,1.4553818357243162,-6.847033205136639
2016-11-28 12:00:00,21.2,75,0.0,6.2,339,2.2218812871808624,-5.788198644282651
2016-11-28 13:00:00,21.7,73,0.0,6.1,320,3.92100441908789,-4.6728711030257655
2016-11-28 14:00:00,21.6,74,0.1,6.1,310,4.6728711030257655,-3.921004419087889
2016-11-28 15:00:00,21.6,74,0.0,5.4,307,4.312631754255381,-3.2498011250210608
2016-11-28 16:00:00,21.0,77,0.1,3.9,292,3.616017032810471,-1.460965714322057
2016-11-28 17:00:00,20.0,82,0.2,2.7,293,2.485363104321589,-1.0549740469210394
2016-11-28 18:00:00,18.9,87,0.4,2.5,278,2.475670171853926,-0.3479327524001636
2016-11-28 19:00:00,18.1,91,0.6,2.0,225,1.4142135623730951,1.414213562373095
2016-11-28 20:00:00,17.6,94,0.6,2.2,189,0.34415582308850806,2.1729143493093033
2016-11-28 21:00:00,17.4,95,0.7000000000000001,0.5,225,0.3535533905932738,0.35355339059327373
2016-11-28 22:00:00,17.2,95,0.8,1.3,214,0.7269507745119709,1.0777488443215544
2016-11-28 23:00:00,16.9,95,0.6,0.4,360,2.4492935982947065e-17,-0.4
2016-11-29 00:00:00,17.1,93,0.6,1.0,45,-0.7071067811865477,-0.7071067811865475
2016-11-29 01:00:00,16.9,92,0.6,2.2,81,-2.1729143493093033,-0.3441558230885076
2016-11-29 02:00:00,16.8,92,0.4,2.2,81,-2.1729143493093033,-0.3441558230885076
2016-11-29 03:00:00,18.4,83,0.2,2.3,72,-2.187429987478853,-0.7107390870623786
2016-11-29 04:00:00,18.2,84,0.3,3.3,77,-3.2154212137912763,-0.7423384793347544
2016-11-29 05:00:00,18.0,84,0.3,3.8,73,-3.6339580726595346,-1.1110124779463997
2016-11-29 06:00:00,17.9,84,0.2,2.6,74,-2.499280409439629,-0.7166571251241974
2016-11-29 07:00:00,17.5,85,0.1,2.3,72,-2.187429987478853,-0.7107390870623786
2016-11-29 08:00:00,17.9,91,0.0,2.5,90,-2.5,3.061616997868383e-16
2016-11-29 09:00:00,20.2,81,0.1,0.5,45,-0.35355339059327384,-0.35355339059327373
2016-11-29 10:00:00,21.2,79,0.0,1.8,281,1.7669289302057951,-0.34345619167778063
2016-11-29 11:00:00,21.7,79,0.0,4.7,293,4.32637281122647,-1.8364363038995868
2016-11-29 12:00:00,22.2,78,0.0,5.2,304,4.310995377286217,-2.907803098047884
2016-11-29 13:00:00,22.9,76,0.0,5.6,315,3.9597979746446663,-3.9597979746446654
2016-11-29 14:00:00,22.6,78,0.0,6.4,308,5.043268823083021,-3.9402334420842133
2016-11-29 15:00:00,22.5,78,0.4,7.4,309,5.750880114781585,-4.656970893768797
2016-11-29 16:00:00,21.8,82,0.2,4.9,306,3.9641832724372428,-2.8801477362331185
2016-11-29 17:00:00,20.6,87,0.7000000000000001,5.1,309,3.963444403430551,-3.2095339943541705
2016-11-29 18:00:00,19.9,92,0.6,1.5,346,0.3628828433995015,-1.4554435894139948
2016-11-29 19:00:00,19.6,91,0.4,1.3,236,1.0777488443215542,0.726950774511971
2016-11-29 20:00:00,18.7,93,0.4,0.8,243,0.7128052193506944,0.3631923997916374
2016-11-29 21:00:00,18.1,94,0.2,1.5,225,1.0606601717798214,1.0606601717798212
2016-11-29 22:00:00,18.3,94,0.1,1.3,214,0.7269507745119709,1.0777488443215544
2016-11-29 23:00:00,18.3,94,0.0,1.0,315,0.7071067811865476,-0.7071067811865475
2016-11-30 00:00:00,18.6,94,0.0,1.6,297,1.4256104387013888,-0.7263847995832748
2016-11-30 01:00:00,18.9,92,0.3,0.7000000000000001,270,0.7000000000000001,0.0
2016-11-30 02:00:00,18.8,92,0.4,0.8,63,-0.7128052193506944,-0.36319239979163737
2016-11-30 03:00:00,19.3,88,0.6,1.3,34,-0.7269507745119705,-1.0777488443215544
2016-11-30 04:00:00,19.7,87,0.3,1.3,34,-0.7269507745119705,-1.0777488443215544
2016-11-30 05:00:00,19.7,86,0.3,1.3,56,-1.0777488443215544,-0.7269507745119708
2016-11-30 06:00:00,19.8,85,0.5,1.1,270,1.1,0.0
2016-11-30 07:00:00,19.8,85,0.1,1.5,225,1.0606601717798214,1.0606601717798212
2016-11-30 08:00:00,19.7,87,0.6,0.4,270,0.4,0.0
2016-11-30 09:00:00,20.8,88,0.5,0.8,297,0.7128052193506944,-0.3631923997916374
2016-11-30 10:00:00,20.9,88,0.7000000000000001,3.4,342,1.0506577808748212,-3.233592155403522
2016-11-30 11:00:00,21.1,88,1.1,6.0,343,1.7542302283364206,-5.737828535778212
2016-11-30 12:00:00,21.2,89,0.5,8.0,350,1.3891854213354433,-7.878462024097664
2016-11-30 13:00:00,20.8,93,0.6,7.8,347,1.7546182238821464,-7.6000865053248345
2016-11-30 14:00:00,20.9,94,0.2,8.8,341,2.8649997592229797,-8.320563465273988
2016-11-30 15:00:00,21.2,91,0.7000000000000001,8.2,345,2.12231616984067,-7.92059177557036
2016-11-30 16:00:00,20.7,93,0.5,7.9,344,2.1775351109542935,-7.59396739791272
2016-11-30 17:00:00,20.2,94,0.0,7.7,349,1.4692292643993958,-7.558529312547013
2016-11-30 18:00:00,19.2,97,0.0,8.4,350,1.4586446924022156,-8.272385125302547
2016-11-30 19:00:00,18.7,96,0.0,6.8,18,-2.1013155617496433,-6.467184310807044
2016-11-30 20:00:00,19.2,93,0.0,6.1,28,-2.8637765329939335,-5.385980316439454
2016-11-30 21:00:00,19.3,92,0.0,5.7,18,-1.7613968679372012,-5.421022142882375
2016-11-30 22:00:00,19.3,92,0.2,6.0,25,-2.5357095704441948,-5.4378467222199
2016-11-30 23:00:00,18.2,94,0.0,3.4,32,-1.801725498392897,-2.883363526931848
2016-12-01 00:00:00,18.8,93,0.3,4.3,24,-1.7489675652259404,-3.928245467863184
2016-12-01 01:00:00,18.3,94,0.0,5.5,32,-2.9145559532826275,-4.664264528860342
2016-12-01 02:00:00,19.0,93,0.1,6.2,36,-3.644268564213334,-5.015905365124674
2016-12-01 03:00:00,18.3,90,0.0,5.1,39,-3.2095339943541727,-3.96344440343055
2016-12-01 04:00:00,19.1,86,0.1,4.7,32,-2.490620541896064,-3.9858260519352022
2016-12-01 05:00:00,19.1,85,0.0,5.7,35,-3.2693856872009643,-4.669166652447252
2016-12-01 06:00:00,17.9,89,0.0,8.2,38,-5.048424097670396,-6.461688179575121
2016-12-01 07:00:00,18.1,88,0.0,7.1,30,-3.550000000000003,-6.148780366869512
2016-12-01 08:00:00,19.0,91,0.2,9.3,16,-2.56342740909809,-8.939733772226367
2016-12-01 09:00:00,20.3,86,0.1,13.0,2,-0.4536934571325099,-12.992080751248245
2016-12-01 10:00:00,21.5,81,0.0,12.3,7,-1.4989929238833102,-12.208317665188263
2016-12-01 11:00:00,22.4,78,0.0,11.2,356,0.7812725059342026,-11.17271736291003
2016-12-01 12:00:00,22.6,79,0.0,11.3,343,3.303800263366926,-10.806243742382302
2016-12-01 13:00:00,22.6,79,0.0,11.6,344,3.19739332747719,-11.1506356728845
2016-12-01 14:00:00,22.7,78,0.0,11.6,344,3.19739332747719,-11.1506356728845
2016-12-01 15:00:00,22.0,79,0.0,11.3,343,3.303800263366926,-10.806243742382302
2016-12-01 16:00:00,21.1,80,0.0,10.2,342,3.151973342624464,-9.700776466210565
2016-12-01 17:00:00,19.6,84,0.0,10.0,345,2.5881904510252074,-9.659258262890683
2016-12-01 18:00:00,18.4,88,0.0,10.1,6,-1.055737479003299,-10.044671143219562
2016-12-01 19:00:00,17.7,88,0.0,8.2,15,-2.122316169840669,-7.92059177557036
2016-12-01 20:00:00,18.4,82,0.0,6.0,17,-1.7542302283364226,-5.7378285357782115
2016-12-01 21:00:00,18.3,81,0.0,5.0,21,-1.7918397477265036,-4.667902132486008
2016-12-01 22:00:00,17.3,84,0.0,4.0,27,-1.8159619989581877,-3.564026096753471
2016-12-01 23:00:00,16.5,87,0.0,3.1,45,-2.192031021678298,-2.192031021678297
2016-12-02 00:00:00,16.4,89,0.0,3.1,45,-2.192031021678298,-2.192031021678297
2016-12-02 01:00:00,16.0,89,0.0,3.3,41,-2.1649947956686737,-2.4905416147351476
2016-12-02 02:00:00,16.2,87,0.0,3.8,41,-2.4930243101639276,-2.8678964048465336
2016-12-02 03:00:00,17.5,80,0.0,4.1,38,-2.524212048835198,-3.2308440897875603
2016-12-02 04:00:00,16.9,82,0.0,3.8,41,-2.4930243101639276,-2.8678964048465336
2016-12-02 05:00:00,16.5,84,0.0,3.3,41,-2.1649947956686737,-2.4905416147351476
2016-12-02 06:00:00,16.6,84,0.0,3.1,45,-2.192031021678298,-2.192031021678297
2016-12-02 07:00:00,16.8,85,0.0,3.4,32,-1.801725498392897,-2.883363526931848
2016-12-02 08:00:00,18.5,87,0.1,3.5,24,-1.4235782507653003,-3.1974091017491033
2016-12-02 09:00:00,20.6,77,0.0,5.5,349,1.049449474570997,-5.3989495089621515
2016-12-02 10:00:00,21.6,75,0.0,7.1,336,2.8878301658381815,-6.486172749262466
2016-12-02 11:00:00,22.5,74,0.0,7.4,331,3.587591189822895,-6.472185832831529
2016-12-02 12:00:00,22.9,75,0.0,8.7,330,4.3500000000000005,-7.534421012924615
2016-12-02 13:00:00,23.1,75,0.0,9.2,334,4.033014550459512,-8.268905225952336
2016-12-02 14:00:00,22.6,77,0.0,9.4,337,3.672872607799173,-8.65274562245294
2016-12-02 15:00:00,22.1,79,0.1,8.8,341,2.8649997592229797,-8.320563465273988
2016-12-02 16:00:00,21.5,81,0.0,7.9,336,3.2132194802988217,-7.217009115376547
2016-12-02 17:00:00,20.7,83,0.0,7.2,333,3.268731598124737,-6.415246974156248
2016-12-02 18:00:00,19.3,89,0.0,5.8,4,-0.40458754771592836,-5.78587149150698
2016-12-02 19:00:00,18.9,88,0.0,3.9,22,-1.460965714322058,-3.6160170328104706
2016-12-02 20:00:00,18.7,88,0.0,3.5,24,-1.4235782507653003,-3.1974091017491033
2016-12-02 21:00:00,17.9,90,0.0,2.7,23,-1.0549740469210394,-2.4853631043215887
2016-12-02 22:00:00,16.7,94,0.0,3.4,18,-1.0506577808748216,-3.233592155403522
2016-12-02 23:00:00,16.4,93,0.0,4.0,27,-1.8159619989581877,-3.564026096753471
2016-12-03 00:00:00,15.6,96,0.0,3.6,37,-2.166534083347374,-2.875087836170254
2016-12-03 01:00:00,15.2,95,0.0,3.6,37,-2.166534083347374,-2.875087836170254
2016-12-03 02:00:00,15.2,93,0.0,3.4,32,-1.801725498392897,-2.883363526931848
2016-12-03 03:00:00,17.3,86,0.0,3.7,29,-1.7937955949114464,-3.2360929164157652
2016-12-03 04:00:00,17.5,84,0.0,3.6,37,-2.166534083347374,-2.875087836170254
2016-12-03 05:00:00,16.4,87,0.0,3.6,37,-2.166534083347374,-2.875087836170254
2016-12-03 06:00:00,16.4,86,0.1,3.3,41,-2.1649947956686737,-2.4905416147351476
2016-12-03 07:00:00,16.1,87,0.0,3.1,45,-2.192031021678298,-2.192031021678297
2016-12-03 08:00:00,19.3,83,0.0,3.2,27,-1.4527695991665501,-2.851220877402777
2016-12-03 09:00:00,21.6,76,0.0,4.9,343,1.4326213531414103,-4.685893304218874
2016-12-03 10:00:00,22.3,76,0.0,6.3,336,2.5624408513775414,-5.755336383148386
2016-12-03 11:00:00,23.2,75,0.0,7.4,331,3.587591189822895,-6.472185832831529
2016-12-03 12:00:00,23.7,75,0.0,8.2,331,3.975438886019964,-7.171881598543044
2016-12-03 13:00:00,23.8,75,0.0,8.0,333,3.6319239979163744,-7.128052193506942
2016-12-03 14:00:00,24.0,74,0.0,8.1,339,2.902780391316933,-7.5620014546273335
2016-12-03 15:00:00,23.8,79,0.0,7.9,336,3.2132194802988217,-7.217009115376547
2016-12-03 16:00:00,23.1,82,0.0,7.1,330,3.5500000000000007,-6.148780366869514
2016-12-03 17:00:00,21.9,87,0.0,6.5,326,3.634753872559854,-5.388744221607771
2016-12-03 18:00:00,20.2,95,0.0,2.6,16,-0.7166571251241971,-2.4992804094396295
2016-12-03 19:00:00,19.7,95,0.0,2.3,18,-0.7107390870623793,-2.1874299874788528
2016-12-03 20:00:00,19.1,95,0.0,2.1,31,-1.0815799573111144,-1.8000513314744355
2016-12-03 21:00:00,18.4,95,0.0,1.8,37,-1.083267041673687,-1.437543918085127
2016-12-03 22:00:00,17.7,95,0.0,2.0,45,-1.4142135623730954,-1.414213562373095
2016-12-03 23:00:00,17.4,94,0.0,1.8,37,-1.083267041673687,-1.437543918085127
2016-12-04 00:00:00,17.1,93,0.0,2.0,45,-1.4142135623730954,-1.414213562373095
2016-12-04 01:00:00,16.9,92,0.0,2.0,45,-1.4142135623730954,-1.414213562373095
2016-12-04 02:00:00,17.0,90,0.0,2.5,45,-1.7677669529663693,-1.7677669529663687
2016-12-04 03:00:00,16.2,88,0.0,2.5,45,-1.7677669529663693,-1.7677669529663687
2016-12-04 04:00:00,16.5,85,0.0,2.6,34,-1.453901549023941,-2.1554976886431088
2016-12-04 05:00:00,16.7,82,0.0,3.1,36,-1.822134282106667,-2.507952682562337
2016-12-04 06:00:00,16.6,81,0.0,5.4,53,-4.312631754255381,-3.2498011250210617
2016-12-04 07:00:00,16.6,82,0.0,4.8,48,-3.5670951622914924,-3.2118269105225195
2016-12-04 08:00:00,19.5,81,0.0,5.4,42,-3.613305274337834,-4.01298205757793
2016-12-04 09:00:00,22.4,73,0.0,6.8,360,4.1637991171010006e-16,-6.8
2016-12-04 10:00:00,23.5,74,0.0,8.8,351,1.3766232923540322,-8.691657397237213
2016-12-04 11:00:00,24.3,73,0.0,9.9,350,1.7191169589026112,-9.74959675482086
2016-12-04 12:00:00,24.7,71,0.0,10.0,345,2.5881904510252074,-9.659258262890683
2016-12-04 13:00:00,25.1,70,0.0,10.1,343,2.952954217699641,-9.658678035226657
2016-12-04 14:00:00,24.7,72,0.0,10.8,345,2.795245687107224,-10.431998923921938
2016-12-04 15:00:00,23.8,82,0.0,11.5,346,2.782101799396178,-11.15840085217396
2016-12-04 16:00:00,22.8,85,0.0,9.9,350,1.7191169589026112,-9.74959675482086
2016-12-04 17:00:00,21.8,89,0.0,8.8,351,1.3766232923540322,-8.691657397237213
2016-12-04 18:00:00,20.9,93,0.0,5.7,35,-3.2693856872009643,-4.669166652447252
2016-12-04 19:00:00,20.3,94,0.0,4.1,52,-3.23084408978756,-2.5242120488351985
2016-12-04 20:00:00,20.2,93,0.0,3.1,45,-2.192031021678298,-2.192031021678297
2016-12-04 21:00:00,20.2,92,0.0,1.8,53,-1.437543918085127,-1.0832670416736871
2016-12-04 22:00:00,20.0,92,0.0,2.1,59,-1.800051331474436,-1.0815799573111138
2016-12-04 23:00:00,19.8,91,0.0,2.7,67,-2.485363104321589,-1.0549740469210387
2016-12-05 00:00:00,19.9,88,0.0,2.9,60,-2.5114736709748717,-1.4500000000000002
2016-12-05 01:00:00,19.8,87,0.0,2.6,56,-2.1554976886431088,-1.4539015490239415
2016-12-05 02:00:00,19.6,85,0.0,2.5,45,-1.7677669529663693,-1.7677669529663687
2016-12-05 03:00:00,15.9,93,0.0,2.5,45,-1.7677669529663693,-1.7677669529663687
2016-12-05 04:00:00,16.0,91,0.0,2.8,50,-2.1449244407331385,-1.7998053071223097
2016-12-05 05:00:00,16.7,86,0.0,3.3,49,-2.490541614735148,-2.1649947956686733
2016-12-05 06:00:00,16.9,84,0.0,3.1,54,-2.5079526825623377,-1.8221342821066664
2016-12-05 07:00:00,17.4,82,0.0,3.3,49,-2.490541614735148,-2.1649947956686733
2016-12-05 08:00:00,20.7,77,0.0,3.1,45,-2.192031021678298,-2.192031021678297
2016-12-05 09:00:00,22.5,77,0.0,4.8,347,1.0797650608505516,-4.676976310969129
2016-12-05 10:00:00,23.4,77,0.0,7.4,337,2.8914103508206255,-6.811735915548059
2016-12-05 11:00:00,24.1,76,0.0,8.1,339,2.902780391316933,-7.5620014546273335
2016-12-05 12:00:00,24.6,76,0.0,8.2,337,3.203995253612044,-7.54813979831001
2016-12-05 13:00:00,24.3,78,0.0,9.4,337,3.672872607799173,-8.65274562245294
2016-12-05 14:00:00,24.1,78,0.0,10.7,340,3.659615533584656,-10.054711042409219
2016-12-05 15:00:00,24.3,78,0.0,12.1,348,2.5157314588948894,-11.835585968879046
2016-12-05 16:00:00,23.2,82,0.0,10.9,354,1.1393602496174227,-10.84028865951418
2016-12-05 17:00:00,22.2,85,0.0,9.7,2,-0.33852511801425733,-9.694091022085228
2016-12-05 18:00:00,21.1,89,0.0,10.0,15,-2.5881904510252065,-9.659258262890683
2016-12-05 19:00:00,19.7,93,0.0,10.0,26,-4.383711467890778,-8.987940462991668
2016-12-05 20:00:00,19.1,92,0.0,11.0,23,-4.298042413382012,-10.125553387976844
2016-12-05 21:00:00,18.9,92,0.0,11.1,25,-4.691062705321761,-10.060016436106816
2016-12-05 22:00:00,18.8,90,0.0,10.9,27,-4.9484964471610615,-9.71197111365321
2016-12-05 23:00:00,18.6,89,0.0,9.4,32,-4.981241083792128,-7.9716521038704045
2016-12-06 00:00:00,19.1,86,0.0,8.8,35,-5.047472639889208,-7.208537989743126
2016-12-06 01:00:00,19.6,82,0.0,8.6,33,-4.683895701129232,-7.212566884330647
2016-12-06 02:00:00,18.3,86,0.0,9.7,22,-3.633683956134349,-8.993683389297836
2016-12-06 03:00:00,17.4,88,0.0,10.7,14,-2.5885642829164452,-10.382164271153162
2016-12-06 04:00:00,17.0,89,0.0,10.7,14,-2.5885642829164452,-10.382164271153162
2016-12-06 05:00:00,17.1,86,0.0,10.1,17,-2.9529542176996446,-9.658678035226657
2016-12-06 06:00:00,18.3,80,0.0,7.8,13,-1.7546182238821488,-7.600086505324834
2016-12-06 07:00:00,18.9,76,0.0,5.8,7,-0.7068421917498535,-5.756767679519668
2016-12-06 08:00:00,18.7,85,0.0,5.5,349,1.049449474570997,-5.3989495089621515
2016-12-06 09:00:00,21.0,73,0.0,8.2,345,2.12231616984067,-7.92059177557036
2016-12-06 10:00:00,21.7,72,0.0,10.0,345,2.5881904510252074,-9.659258262890683
2016-12-06 11:00:00,22.0,71,0.0,10.9,351,1.705135668938517,-10.765802912487002
2016-12-06 12:00:00,22.0,72,0.0,10.9,351,1.705135668938517,-10.765802912487002
2016-12-06 13:00:00,21.7,73,0.0,10.3,348,2.1414904154229224,-10.074920287558198
2016-12-06 14:00:00,21.3,73,0.0,10.2,342,3.151973342624464,-9.700776466210565
2016-12-06 15:00:00,21.2,71,0.0,9.6,340,3.2833933759264204,-9.02104915954472
2016-12-06 16:00:00,20.3,74,0.0,8.4,340,2.872969203935618,-7.893418014601631
2016-12-06 17:00:00,19.5,75,0.0,7.4,337,2.8914103508206255,-6.811735915548059
2016-12-06 18:00:00,18.3,84,0.0,4.2,340,1.436484601967809,-3.9467090073008153
2016-12-06 19:00:00,18.2,80,0.0,2.1,329,1.0815799573111138,-1.800051331474436
2016-12-06 20:00:00,17.7,82,0.0,1.1,288,1.0461621679246689,-0.33991869381244216
2016-12-06 21:00:00,17.3,84,0.0,2.6,304,2.1554976886431083,-1.453901549023942
2016-12-06 22:00:00,17.0,85,0.0,3.6,323,2.1665340833473743,-2.875087836170254
2016-12-06 23:00:00,16.8,87,0.0,3.1,315,2.1920310216782974,-2.192031021678297
2016-12-07 00:00:00,17.1,87,0.1,3.1,315,2.1920310216782974,-2.192031021678297
2016-12-07 01:00:00,17.2,87,0.1,2.3,321,1.447436899414626,-1.7874357113510329
2016-12-07 02:00:00,17.4,87,0.1,1.1,342,0.3399186938124422,-1.0461621679246689
2016-12-07 03:00:00,17.7,85,0.1,1.0,45,-0.7071067811865477,-0.7071067811865475
2016-12-07 04:00:00,17.6,86,0.0,1.0,45,-0.7071067811865477,-0.7071067811865475
2016-12-07 05:00:00,17.6,86,0.0,1.6,27,-0.7263847995832751,-1.4256104387013886
2016-12-07 06:00:00,18.2,84,0.0,1.8,53,-1.437543918085127,-1.0832670416736871
2016-12-07 07:00:00,18.3,83,0.0,2.7,23,-1.0549740469210394,-2.4853631043215887
2016-12-07 08:00:00,18.7,85,0.0,4.0,360,2.4492935982947064e-16,-4.0
2016-12-07 09:00:00,20.3,78,0.0,5.8,338,2.1727182418122895,-5.377666356487367
2016-12-07 10:00:00,20.7,77,0.0,7.6,335,3.211898789229316,-6.887939181478539
2016-12-07 11:00:00,21.2,76,0.0,8.4,329,4.326319829244455,-7.200205325897744
2016-12-07 12:00:00,21.3,77,0.0,8.8,325,5.0474726398892065,-7.208537989743128
2016-12-07 13:00:00,21.4,77,0.0,8.8,325,5.0474726398892065,-7.208537989743128
2016-12-07 14:00:00,21.5,77,0.0,8.7,322,5.356254835333226,-6.855693556378481
2016-12-07 15:00:00,21.8,76,0.0,7.7,319,5.051654523226906,-5.811263767715345
2016-12-07 16:00:00,21.0,78,0.0,7.7,319,5.051654523226906,-5.811263767715345
2016-12-07 17:00:00,19.9,81,0.1,6.2,324,3.6442685642133337,-5.0159053651246746
2016-12-07 18:00:00,18.7,85,0.0,6.1,315,4.31335136523794,-4.313351365237939
2016-12-07 19:00:00,18.0,90,0.1,6.1,332,2.863776532993934,-5.385980316439453
2016-12-07 20:00:00,17.4,93,0.2,6.0,343,1.7542302283364206,-5.737828535778212
2016-12-07 21:00:00,17.3,91,0.0,4.7,360,2.8779199779962803e-16,-4.7
2016-12-07 22:00:00,17.3,91,0.1,2.5,360,1.5308084989341916e-16,-2.5
2016-12-07 23:00:00,17.6,89,0.1,2.6,344,0.7166571251241979,-2.499280409439629
2016-12-08 00:00:00,17.5,90,0.1,1.9,338,0.7117525274902327,-1.761649323676896
2016-12-08 01:00:00,17.2,91,0.1,1.8,323,1.0832670416736871,-1.437543918085127
2016-12-08 02:00:00,17.2,91,0.2,3.6,323,2.1665340833473743,-2.875087836170254
2016-12-08 03:00:00,17.8,88,0.2,2.5,360,1.5308084989341916e-16,-2.5
2016-12-08 04:00:00,17.9,88,0.4,3.1,21,-1.1109406435904323,-2.894099322141325
2016-12-08 05:00:00,17.8,89,0.4,5.2,12,-1.0811407922523508,-5.086367523815789
2016-12-08 06:00:00,17.6,89,0.2,3.9,22,-1.460965714322058,-3.6160170328104706
2016-12-08 07:00:00,17.0,92,0.0,3.3,347,0.7423384793347542,-3.2154212137912763
2016-12-08 08:00:00,18.1,91,0.0,5.8,353,0.7068421917498554,-5.756767679519667
2016-12-08 09:00:00,19.4,85,0.0,7.2,342,2.224922359499622,-6.8476069173251055
2016-12-08 10:00:00,20.3,82,0.0,7.0,339,2.5085756468171025,-6.535062985480412
2016-12-08 11:00:00,21.2,80,0.0,7.0,325,4.015035054457323,-5.7340643100229425
2016-12-08 12:00:00,22.2,76,0.0,6.4,313,4.6806636903626915,-4.36478950439999
2016-12-08 13:00:00,22.6,75,0.0,6.9,309,5.3623071340531,-4.342310698243878
2016-12-08 14:00:00,22.6,76,0.0,8.4,313,6.143371093601032,-5.728786224524987
2016-12-08 15:00:00,21.9,79,0.2,8.9,328,4.716281451675524,-7.547628055792192
2016-12-08 16:00:00,20.9,82,0.0,9.4,337,3.672872607799173,-8.65274562245294
2016-12-08 17:00:00,19.7,86,0.0,8.0,342,2.4721359549995796,-7.608452130361228
2016-12-08 18:00:00,18.6,90,0.0,9.7,2,-0.33852511801425733,-9.694091022085228
2016-12-08 19:00:00,17.5,95,0.0,7.6,5,-0.6623836448822027,-7.571079705497266
2016-12-08 20:00:00,17.8,92,0.0,6.8,3,-0.3558845024520213,-6.790680836331102
2016-12-08 21:00:00,17.8,91,0.0,5.2,12,-1.0811407922523508,-5.086367523815789
2016-12-08 22:00:00,17.7,90,0.0,4.0,27,-1.8159619989581877,-3.564026096753471
2016-12-08 23:00:00,17.8,89,0.0,3.6,37,-2.166534083347374,-2.875087836170254
2016-12-09 00:00:00,17.7,87,0.0,4.1,38,-2.524212048835198,-3.2308440897875603
2016-12-09 01:00:00,17.7,86,0.0,4.0,27,-1.8159619989581877,-3.564026096753471
2016-12-09 02:00:00,17.6,84,0.0,4.6,39,-2.894873798829254,-3.5748714227020644
2016-12-09 03:00:00,13.6,96,0.0,4.3,42,-2.87726160734309,-3.195522749552796
2016-12-09 04:00:00,13.3,93,0.0,4.1,45,-2.8991378028648453,-2.8991378028648445
2016-12-09 05:00:00,13.3,89,0.0,3.8,41,-2.4930243101639276,-2.8678964048465336
2016-12-09 06:00:00,13.2,87,0.0,3.3,41,-2.1649947956686737,-2.4905416147351476
2016-12-09 07:00:00,13.5,85,0.0,3.4,32,-1.801725498392897,-2.883363526931848
2016-12-09 08:00:00,17.0,84,0.0,2.9,30,-1.4500000000000013,-2.5114736709748713
2016-12-09 09:00:00,20.9,72,0.0,4.2,340,1.436484601967809,-3.9467090073008153
2016-12-09 10:00:00,22.4,71,0.0,5.7,325,3.269385687200963,-4.669166652447253
2016-12-09 11:00:00,23.4,70,0.0,7.2,323,4.333068166694749,-5.750175672340508
2016-12-09 12:00:00,24.0,69,0.0,8.8,325,5.0474726398892065,-7.208537989743128
2016-12-09 13:00:00,24.1,70,0.0,8.9,328,4.716281451675524,-7.547628055792192
2016-12-09 14:00:00,24.0,71,0.0,8.5,332,3.9905082836800725,-7.505054539300878
2016-12-09 15:00:00,23.6,75,0.0,9.1,326,5.088655421583796,-7.5442419102508795
2016-12-09 16:00:00,22.7,78,0.0,7.8,326,4.361704647071825,-6.466493065929326
2016-12-09 17:00:00,21.5,83,0.0,5.9,313,4.314986839553106,-4.023790324368742
2016-12-09 18:00:00,20.0,91,0.0,1.3,304,1.0777488443215542,-0.726950774511971
2016-12-09 19:00:00,18.7,94,0.0,1.1,72,-1.046162167924669,-0.33991869381244205
2016-12-09 20:00:00,18.0,94,0.0,1.1,90,-1.1,1.3471114790620887e-16
2016-12-09 21:00:00,17.2,94,0.0,2.1,121,-1.8000513314744357,1.0815799573111142
2016-12-09 22:00:00,17.1,94,0.0,2.1,121,-1.8000513314744357,1.0815799573111142
2016-12-09 23:00:00,17.0,94,0.1,1.1,72,-1.046162167924669,-0.33991869381244205
2016-12-10 00:00:00,16.8,94,0.2,1.8,79,-1.7669289302057951,-0.3434561916777805
2016-12-10 01:00:00,16.4,94,0.1,2.5,90,-2.5,3.061616997868383e-16
2016-12-10 02:00:00,16.7,93,0.3,2.5,90,-2.5,3.061616997868383e-16
2016-12-10 03:00:00,16.4,86,0.0,2.5,90,-2.5,3.061616997868383e-16
2016-12-10 04:00:00,16.2,86,0.0,2.9,97,-2.8783838397598336,0.35342109587492787
2016-12-10 05:00:00,16.3,86,0.0,2.9,83,-2.878383839759834,-0.3534210958749272
2016-12-10 06:00:00,16.2,85,0.0,3.3,103,-3.215421213791276,0.7423384793347552
2016-12-10 07:00:00,16.2,86,0.0,2.9,97,-2.8783838397598336,0.35342109587492787
2016-12-10 08:00:00,18.2,88,0.0,2.7,113,-2.485363104321589,1.0549740469210394
2016-12-10 09:00:00,20.9,79,0.0,1.6,243,1.4256104387013888,0.7263847995832748
2016-12-10 10:00:00,21.7,81,0.0,4.4,279,4.3458286986186065,-0.6883116461770159
2016-12-10 11:00:00,22.5,79,0.0,5.5,281,5.3989495089621515,-1.0494494745709964
2016-12-10 12:00:00,23.1,79,0.0,6.4,286,6.1520748540052415,-1.7640790772287946
2016-12-10 13:00:00,23.6,79,0.0,7.6,289,7.185941174554808,-2.474317973874391
2016-12-10 14:00:00,23.3,79,0.2,8.4,295,7.61298541110786,-3.5499933986218752
2016-12-10 15:00:00,23.2,78,0.0,7.9,300,6.841600689897066,-3.9499999999999997
2016-12-10 16:00:00,22.5,80,0.2,6.5,304,5.38874422160777,-3.634753872559855
2016-12-10 17:00:00,21.2,84,0.2,4.8,283,4.676976310969129,-1.079765060850552
2016-12-10 18:00:00,19.1,94,0.0,3.1,234,2.5079526825623373,1.8221342821066668
2016-12-10 19:00:00,18.0,94,0.0,1.4,180,8.572527594031472e-17,1.4
2016-12-10 20:00:00,17.2,95,0.1,0.4,90,-0.4,4.898587196589413e-17
2016-12-10 21:00:00,16.9,94,0.0,1.8,79,-1.7669289302057951,-0.3434561916777805
2016-12-10 22:00:00,16.6,93,0.2,1.6,63,-1.4256104387013888,-0.7263847995832747
2016-12-10 23:00:00,16.5,92,0.2,1.1,90,-1.1,1.3471114790620887e-16
2016-12-11 00:00:00,16.4,93,0.4,1.1,90,-1.1,1.3471114790620887e-16
2016-12-11 01:00:00,16.2,94,0.4,1.8,79,-1.7669289302057951,-0.3434561916777805
2016-12-11 02:00:00,16.6,93,0.6,2.7,67,-2.485363104321589,-1.0549740469210387
2016-12-11 03:00:00,17.7,84,0.3,3.9,68,-3.616017032810471,-1.460965714322057
2016-12-11 04:00:00,17.6,85,0.2,4.2,70,-3.9467090073008158,-1.4364846019678084
2016-12-11 05:00:00,17.5,84,0.5,4.5,76,-4.366330768241984,-1.0886485301985038
2016-12-11 06:00:00,17.5,85,0.5,4.2,70,-3.9467090073008158,-1.4364846019678084
2016-12-11 07:00:00,16.7,87,0.3,2.6,74,-2.499280409439629,-0.7166571251241974
2016-12-11 08:00:00,17.3,91,0.0,2.1,59,-1.800051331474436,-1.0815799573111138
2016-12-11 09:00:00,19.7,89,0.0,2.5,352,0.34793275240016364,-2.475670171853926
2016-12-11 10:00:00,20.5,84,0.2,3.6,315,2.5455844122715714,-2.545584412271571
2016-12-11 11:00:00,21.4,83,0.2,5.7,305,4.669166652447253,-3.2693856872009626
2016-12-11 12:00:00,22.0,79,0.4,6.8,302,5.766727053863696,-3.603450996785793
2016-12-11 13:00:00,22.0,79,0.2,6.3,301,5.400153994423308,-3.244739871933341
2016-12-11 14:00:00,22.2,77,0.3,6.7,306,5.420413862312148,-3.93816119035957
2016-12-11 15:00:00,21.4,78,0.3,5.4,312,4.012982057577929,-3.6133052743378347
2016-12-11 16:00:00,20.7,80,0.2,4.3,312,3.195522749552795,-2.8772616073430903
2016-12-11 17:00:00,19.8,80,0.0,4.5,299,3.935788682127281,-2.1816432911085166
2016-12-11 18:00:00,18.4,87,0.0,1.5,14,-0.36288284339950166,-1.4554435894139948
2016-12-11 19:00:00,18.7,84,0.3,1.1,72,-1.046162167924669,-0.33991869381244205
2016-12-11 20:00:00,17.7,88,0.4,1.9,158,-0.7117525274902329,1.761649323676896
2016-12-11 21:00:00,16.8,91,0.3,3.3,186,0.3449439287832564,3.2819222547153015
2016-12-11 22:00:00,16.5,92,0.4,4.0,207,1.8159619989581872,3.564026096753471
2016-12-11 23:00:00,16.6,92,0.2,3.6,217,2.1665340833473743,2.875087836170254
2016-12-12 00:00:00,16.7,91,0.2,2.5,225,1.7677669529663689,1.7677669529663687
2016-12-12 01:00:00,16.5,91,0.0,1.3,214,0.7269507745119709,1.0777488443215544
2016-12-12 02:00:00,16.7,90,0.0,1.3,34,-0.7269507745119705,-1.0777488443215544
2016-12-12 03:00:00,18.3,84,0.0,2.3,51,-1.7874357113510326,-1.4474368994146265
2016-12-12 04:00:00,18.1,83,0.0,3.4,58,-2.8833635269318485,-1.8017254983928963
2016-12-12 05:00:00,16.2,86,0.0,3.1,54,-2.5079526825623377,-1.8221342821066664
2016-12-12 06:00:00,15.2,86,0.0,3.2,63,-2.8512208774027776,-1.4527695991665495
2016-12-12 07:00:00,14.1,88,0.0,3.4,58,-2.8833635269318485,-1.8017254983928963
2016-12-12 08:00:00,17.2,89,0.0,3.8,49,-2.867896404846534,-2.4930243101639267
2016-12-12 09:00:00,21.1,73,0.0,5.4,4,-0.37668495821827813,-5.386845871403051
2016-12-12 10:00:00,22.0,71,0.0,8.7,343,2.5436338310878095,-8.319851376878407
2016-12-12 11:00:00,22.7,70,0.0,9.9,341,3.223124729125852,-9.360633898433235
2016-12-12 12:00:00,23.0,69,0.0,10.9,343,3.186851581477831,-10.423721839997087
2016-12-12 13:00:00,22.9,70,0.0,11.2,345,2.8987733051482323,-10.818369254437565
2016-12-12 14:00:00,22.6,70,0.0,10.7,348,2.224655091750026,-10.46617932785172
2016-12-12 15:00:00,22.1,76,0.0,10.2,352,1.4195656297926678,-10.100734301164017
2016-12-12 16:00:00,21.5,78,0.0,9.1,353,1.1090110249868421,-9.032169979936029
2016-12-12 17:00:00,20.4,81,0.0,8.3,360,5.082284216461516e-16,-8.3
2016-12-12 18:00:00,18.8,88,0.0,9.0,53,-7.187719590425635,-5.4163352083684355
2016-12-12 19:00:00,17.0,91,0.0,8.0,72,-7.608452130361229,-2.4721359549995783
2016-12-12 20:00:00,15.6,91,0.0,6.0,73,-5.737828535778212,-1.7542302283364206
2016-12-12 21:00:00,14.3,92,0.0,5.4,70,-5.074340152243906,-1.846908773958611
2016-12-12 22:00:00,13.5,95,0.0,4.8,77,-4.676976310969129,-1.0797650608505518
2016-12-12 23:00:00,13.2,92,0.0,4.4,81,-4.3458286986186065,-0.6883116461770152
2016-12-13 00:00:00,13.1,89,0.0,4.0,80,-3.939231012048832,-0.6945927106677219
2016-12-13 01:00:00,13.2,85,0.0,4.1,75,-3.96029588778518,-1.0611580849203353
2016-12-13 02:00:00,13.0,82,0.0,4.2,70,-3.9467090073008158,-1.4364846019678084
2016-12-13 03:00:00,13.0,78,0.0,4.2,70,-3.9467090073008158,-1.4364846019678084
2016-12-13 04:00:00,12.6,77,0.0,4.3,66,-3.9282454678631837,-1.7489675652259409
2016-12-13 05:00:00,12.4,76,0.0,4.8,63,-4.276831316104166,-2.179154398749824
2016-12-13 06:00:00,12.3,75,0.0,5.0,60,-4.330127018922193,-2.5000000000000004
2016-12-13 07:00:00,12.4,77,0.0,5.2,65,-4.71280049259058,-2.1976149610516362
2016-12-13 08:00:00,15.3,83,0.0,6.4,74,-6.1520748540052415,-1.7640790772287938
2016-12-13 09:00:00,21.2,67,0.0,4.8,77,-4.676976310969129,-1.0797650608505518
2016-12-13 10:00:00,23.8,52,0.0,2.5,45,-1.7677669529663693,-1.7677669529663687
2016-12-13 11:00:00,24.7,50,0.0,5.5,328,2.914555953282627,-4.664264528860342
2016-12-13 12:00:00,24.7,54,0.0,9.2,329,4.738350289172498,-7.8859391664594325
2016-12-13 13:00:00,24.5,56,0.0,10.0,339,3.583679495453004,-9.335804264972017
2016-12-13 14:00:00,24.2,58,0.0,10.5,344,2.8941922360784913,-10.093247807352348
2016-12-13 15:00:00,24.0,57,0.0,10.2,352,1.4195656297926678,-10.100734301164017
2016-12-13 16:00:00,23.1,60,0.0,8.0,355,0.6972459419812651,-7.969557584733964
2016-12-13 17:00:00,21.2,67,0.0,9.2,11,-1.7554427574642102,-9.030970087718508
2016-12-13 18:00:00,18.4,73,0.0,7.7,49,-5.811263767715346,-5.051654523226905
2016-12-13 19:00:00,17.1,71,0.0,6.8,65,-6.16289295184922,-2.873804179836755
2016-12-13 20:00:00,16.0,72,0.0,5.8,68,-5.377666356487367,-2.1727182418122895
2016-12-13 21:00:00,15.4,70,0.0,4.8,48,-3.5670951622914924,-3.2118269105225195
2016-12-13 22:00:00,15.3,67,0.0,5.4,48,-4.012982057577929,-3.6133052743378347
2016-12-13 23:00:00,15.4,64,0.0,5.4,48,-4.012982057577929,-3.6133052743378347
2016-12-14 00:00:00,17.2,55,0.0,5.4,42,-3.613305274337834,-4.01298205757793
2016-12-14 01:00:00,17.9,54,0.0,5.4,37,-3.2498011250210608,-4.312631754255381
2016-12-14 02:00:00,17.6,58,0.0,5.1,39,-3.2095339943541727,-3.96344440343055
2016-12-14 03:00:00,17.2,56,0.0,5.1,39,-3.2095339943541727,-3.96344440343055
2016-12-14 04:00:00,17.1,59,0.0,5.4,37,-3.2498011250210608,-4.312631754255381
2016-12-14 05:00:00,16.6,60,0.0,5.7,35,-3.2693856872009643,-4.669166652447252
2016-12-14 06:00:00,15.6,64,0.0,6.6,45,-4.666904755831214,-4.666904755831213
2016-12-14 07:00:00,14.6,67,0.0,6.6,45,-4.666904755831214,-4.666904755831213
2016-12-14 08:00:00,17.1,66,0.0,6.0,33,-3.267834210090162,-5.032023407672544
2016-12-14 09:00:00,19.5,67,0.0,9.1,9,-1.4235536318661024,-8.987963899415753
2016-12-14 10:00:00,20.3,66,0.0,10.8,358,0.3769145643870117,-10.793420931806235
2016-12-14 11:00:00,21.0,67,0.0,11.2,356,0.7812725059342026,-11.17271736291003
2016-12-14 12:00:00,21.4,67,0.0,11.7,351,1.8302832409707017,-11.555953584963111
2016-12-14 13:00:00,21.5,68,0.0,12.5,348,2.598896135221993,-12.22684500917257
2016-12-14 14:00:00,21.1,70,0.0,12.8,349,2.442355140819775,-12.5648279481301
2016-12-14 15:00:00,20.9,71,0.0,13.6,348,2.8275989951215283,-13.302807369979755
2016-12-14 16:00:00,19.7,76,0.0,11.7,349,2.2324652459055754,-11.485038046337667
2016-12-14 17:00:00,18.4,79,0.0,9.0,344,2.4807362023529924,-8.65135526344487
2016-12-14 18:00:00,16.7,87,0.0,6.1,332,2.863776532993934,-5.385980316439453
2016-12-14 19:00:00,15.8,87,0.0,7.9,344,2.1775351109542935,-7.59396739791272
2016-12-14 20:00:00,15.3,86,0.0,7.6,3,-0.39775326744637673,-7.589584464134761
2016-12-14 21:00:00,15.5,84,0.0,5.8,7,-0.7068421917498535,-5.756767679519668
2016-12-14 22:00:00,15.4,83,0.0,5.1,8,-0.7097828148963357,-5.050367150582008
2016-12-14 23:00:00,15.3,83,0.0,4.6,18,-1.4214781741247586,-4.3748599749577055
2016-12-15 00:00:00,15.6,81,0.0,4.0,27,-1.8159619989581877,-3.564026096753471
2016-12-15 01:00:00,15.8,79,0.0,3.9,34,-2.1808523235359116,-3.233246532964663
2016-12-15 02:00:00,15.8,79,0.0,4.3,5,-0.37476969381493047,-4.283637201794505
2016-12-15 03:00:00,15.9,78,0.1,6.2,7,-0.7555899291119125,-6.153786140176197
2016-12-15 04:00:00,14.9,81,0.2,7.8,13,-1.7546182238821488,-7.600086505324834
2016-12-15 05:00:00,15.2,79,0.2,7.4,23,-2.8914103508206264,-6.811735915548058
2016-12-15 06:00:00,15.4,78,0.0,4.9,17,-1.4326213531414118,-4.685893304218873
2016-12-15 07:00:00,15.3,78,0.0,5.4,360,3.3065463576978537e-16,-5.4
2016-12-15 08:00:00,14.8,86,0.0,7.6,360,4.653657836759942e-16,-7.6
2016-12-15 09:00:00,16.8,76,0.1,10.7,348,2.224655091750026,-10.46617932785172
2016-12-15 10:00:00,17.3,75,0.2,12.7,345,3.2870018728020134,-12.267257993871167
2016-12-15 11:00:00,18.2,72,0.7000000000000001,13.4,346,3.241753401035547,-13.001962732098352
2016-12-15 12:00:00,18.7,70,0.0,13.5,344,3.7211043035294886,-12.977032895167305
2016-12-15 13:00:00,18.9,68,0.2,13.1,344,3.610849361202689,-12.592528216791978
2016-12-15 14:00:00,18.3,68,0.3,13.5,344,3.7211043035294886,-12.977032895167305
2016-12-15 15:00:00,16.6,73,0.0,13.5,344,3.7211043035294886,-12.977032895167305
2016-12-15 16:00:00,15.8,74,0.0,12.6,347,2.8343832847326977,-12.277062816293963
2016-12-15 17:00:00,14.7,77,0.2,10.9,352,1.5169868004647136,-10.793921949283117
2016-12-15 18:00:00,14.0,79,0.2,9.5,349,1.8126854560771768,-9.325458242752807
2016-12-15 19:00:00,13.6,81,0.3,10.7,348,2.224655091750026,-10.46617932785172
2016-12-15 20:00:00,13.3,82,0.4,9.5,351,1.4861274178821937,-9.38303923565381
2016-12-15 21:00:00,13.1,83,0.4,9.7,356,0.6766377953180147,-9.676371287520293
2016-12-15 22:00:00,13.0,85,0.2,9.1,353,1.1090110249868421,-9.032169979936029
2016-12-15 23:00:00,12.5,88,0.1,9.0,358,0.31409547032250973,-8.994517443171862
2016-12-16 00:00:00,12.7,86,0.0,8.4,353,1.023702484603239,-8.337387673787106
2016-12-16 01:00:00,12.7,89,0.0,7.4,346,1.7902220274375409,-7.180188374442374
2016-12-16 02:00:00,12.6,87,0.0,7.2,342,2.224922359499622,-6.8476069173251055
2016-12-16 03:00:00,12.8,86,0.5,7.9,344,2.1775351109542935,-7.59396739791272
2016-12-16 04:00:00,12.5,90,0.8,8.7,353,1.060263287624783,-8.6351515192795
2016-12-16 05:00:00,12.5,90,0.6,9.0,355,0.7844016847289232,-8.96575228282571
2016-12-16 06:00:00,12.2,91,0.1,5.1,8,-0.7097828148963357,-5.050367150582008
2016-12-16 07:00:00,12.3,90,0.2,6.4,344,1.7640790772287946,-6.1520748540052415
2016-12-16 08:00:00,13.3,85,0.0,6.5,341,2.116193003971519,-6.145870741395559
2016-12-16 09:00:00,13.9,81,0.0,7.5,343,2.192787785420526,-7.172285669722766
2016-12-16 10:00:00,14.8,77,0.1,8.4,340,2.872969203935618,-7.893418014601631
2016-12-16 11:00:00,15.7,74,0.1,8.9,339,3.1894747509531736,-8.308865795825096
2016-12-16 12:00:00,16.3,72,0.1,9.2,339,3.2969851358167634,-8.588939923774255
2016-12-16 13:00:00,16.4,72,0.2,9.8,336,3.9860191021428424,-8.95274548489749
2016-12-16 14:00:00,16.7,71,0.1,10.0,339,3.583679495453004,-9.335804264972017
2016-12-16 15:00:00,15.8,75,0.1,9.2,339,3.2969851358167634,-8.588939923774255
2016-12-16 16:00:00,15.5,75,0.0,8.1,339,2.902780391316933,-7.5620014546273335
2016-12-16 17:00:00,15.0,76,0.0,5.5,337,2.1490212066910055,-5.062776693988422
2016-12-16 18:00:00,14.5,79,0.0,3.2,333,1.45276959916655,-2.851220877402777
2016-12-16 19:00:00,13.9,82,0.2,2.9,330,1.4500000000000002,-2.5114736709748717
2016-12-16 20:00:00,13.8,84,0.3,3.2,333,1.45276959916655,-2.851220877402777
2016-12-16 21:00:00,13.8,86,0.4,2.0,315,1.4142135623730951,-1.414213562373095
2016-12-16 22:00:00,13.4,91,0.4,1.6,297,1.4256104387013888,-0.7263847995832748
2016-12-16 23:00:00,13.2,92,0.4,1.8,307,1.437543918085127,-1.083267041673687
2016-12-17 00:00:00,13.3,93,0.5,1.8,323,1.0832670416736871,-1.437543918085127
2016-12-17 01:00:00,13.2,94,0.4,1.8,323,1.0832670416736871,-1.437543918085127
2016-12-17 02:00:00,13.2,94,0.4,1.9,338,0.7117525274902327,-1.761649323676896
2016-12-17 03:00:00,13.5,91,0.3,3.1,339,1.1109406435904312,-2.8940993221413254
2016-12-17 04:00:00,13.5,89,0.2,3.2,360,1.9594348786357652e-16,-3.2
2016-12-17 05:00:00,14.2,86,0.2,3.0,14,-0.7257656867990033,-2.9108871788279895
2016-12-17 06:00:00,14.3,86,0.2,2.9,120,-2.511473670974872,1.4499999999999997
2016-12-17 07:00:00,14.3,85,0.1,2.2,90,-2.2,2.6942229581241775e-16
2016-12-17 08:00:00,14.8,87,0.0,1.5,346,0.3628828433995015,-1.4554435894139948
2016-12-17 09:00:00,16.6,82,0.0,4.3,312,3.195522749552795,-2.8772616073430903
2016-12-17 10:00:00,17.4,78,0.1,4.9,306,3.9641832724372428,-2.8801477362331185
2016-12-17 11:00:00,18.5,76,0.4,6.0,295,5.437846722219899,-2.5357095704441965
2016-12-17 12:00:00,19.3,74,0.0,7.6,289,7.185941174554808,-2.474317973874391
2016-12-17 13:00:00,19.2,74,0.2,8.1,291,7.5620014546273335,-2.902780391316932
2016-12-17 14:00:00,19.1,74,0.2,8.8,289,8.320563465273988,-2.8649997592229792
2016-12-17 15:00:00,18.5,76,0.4,8.1,291,7.5620014546273335,-2.902780391316932
2016-12-17 16:00:00,18.1,79,0.2,5.7,288,5.421022142882375,-1.7613968679372003
2016-12-17 17:00:00,17.1,85,0.2,5.2,282,5.08636752381579,-1.0811407922523486
2016-12-17 18:00:00,16.0,91,0.2,2.9,270,2.9,0.0
2016-12-17 19:00:00,15.8,87,0.4,2.6,254,2.499280409439629,0.7166571251241979
2016-12-17 20:00:00,15.7,87,0.4,2.1,301,1.800051331474436,-1.0815799573111138
2016-12-17 21:00:00,15.7,87,0.2,0.7000000000000001,270,0.7000000000000001,0.0
2016-12-17 22:00:00,15.7,87,0.3,1.6,243,1.4256104387013888,0.7263847995832748
2016-12-17 23:00:00,15.5,87,0.2,0.5,135,-0.35355339059327373,0.3535533905932738
2016-12-18 00:00:00,15.5,87,0.2,0.8,63,-0.7128052193506944,-0.36319239979163737
2016-12-18 01:00:00,15.5,86,0.2,1.1,18,-0.33991869381244233,-1.0461621679246689
2016-12-18 02:00:00,15.5,86,0.1,1.1,342,0.3399186938124422,-1.0461621679246689
2016-12-18 03:00:00,16.4,83,0.5,1.1,360,6.735557395310444e-17,-1.1
2016-12-18 04:00:00,16.5,82,0.4,1.3,56,-1.0777488443215544,-0.7269507745119708
2016-12-18 05:00:00,16.5,82,0.2,2.6,74,-2.499280409439629,-0.7166571251241974
2016-12-18 06:00:00,16.5,81,0.0,3.1,69,-2.8940993221413254,-1.1109406435904314
2016-12-18 07:00:00,16.0,81,0.0,2.7,67,-2.485363104321589,-1.0549740469210387
2016-12-18 08:00:00,16.7,83,0.0,2.1,59,-1.800051331474436,-1.0815799573111138
2016-12-18 09:00:00,18.8,77,0.0,2.9,330,1.4500000000000002,-2.5114736709748717
2016-12-18 10:00:00,19.7,76,0.0,5.4,318,3.6133052743378347,-4.012982057577929
2016-12-18 11:00:00,20.7,72,0.0,6.1,315,4.31335136523794,-4.313351365237939
2016-12-18 12:00:00,21.5,70,0.0,8.4,313,6.143371093601032,-5.728786224524987
2016-12-18 13:00:00,21.6,70,0.0,10.2,318,6.825132184860354,-7.580077219869421
2016-12-18 14:00:00,21.2,72,0.0,10.8,323,6.499602250042123,-8.625263508510763
2016-12-18 15:00:00,20.3,78,0.0,11.1,331,5.3813867847343415,-9.708278749247292
2016-12-18 16:00:00,19.3,81,0.0,9.5,335,4.014873486536644,-8.609923976848174
2016-12-18 17:00:00,18.4,84,0.0,7.4,337,2.8914103508206255,-6.811735915548059
2016-12-18 18:00:00,17.1,91,0.0,5.1,8,-0.7097828148963357,-5.050367150582008
2016-12-18 19:00:00,16.9,90,0.0,2.3,39,-1.447436899414627,-1.7874357113510322
2016-12-18 20:00:00,16.7,90,0.0,2.0,45,-1.4142135623730954,-1.414213562373095
2016-12-18 21:00:00,16.3,90,0.2,2.4,63,-2.138415658052083,-1.089577199374912
2016-12-18 22:00:00,15.7,91,0.0,2.6,56,-2.1554976886431088,-1.4539015490239415
2016-12-18 23:00:00,15.6,90,0.0,2.1,59,-1.800051331474436,-1.0815799573111138
2016-12-19 00:00:00,15.4,90,0.0,2.3,72,-2.187429987478853,-0.7107390870623786
2016-12-19 01:00:00,15.1,90,0.0,2.1,59,-1.800051331474436,-1.0815799573111138
2016-12-19 02:00:00,14.7,90,0.0,2.5,45,-1.7677669529663693,-1.7677669529663687
2016-12-19 03:00:00,13.6,89,0.0,3.1,36,-1.822134282106667,-2.507952682562337
2016-12-19 04:00:00,13.1,89,0.0,3.6,45,-2.545584412271572,-2.545584412271571
2016-12-19 05:00:00,12.7,89,0.0,3.3,49,-2.490541614735148,-2.1649947956686733
2016-12-19 06:00:00,12.5,87,0.0,3.7,61,-3.236092916415765,-1.7937955949114468
2016-12-19 07:00:00,12.5,87,0.0,3.3,49,-2.490541614735148,-2.1649947956686733
2016-12-19 08:00:00,15.7,85,0.0,3.3,41,-2.1649947956686737,-2.4905416147351476
2016-12-19 09:00:00,18.8,78,0.0,5.1,356,0.35575801609503865,-5.087576656325103
2016-12-19 10:00:00,20.1,80,0.0,5.7,342,1.7613968679372005,-5.421022142882375
2016-12-19 11:00:00,21.2,76,0.0,5.6,333,2.542346798541462,-4.989636535454859
2016-12-19 12:00:00,22.1,71,0.0,6.1,315,4.31335136523794,-4.313351365237939
2016-12-19 13:00:00,22.5,70,0.0,7.1,311,5.358438019581681,-4.658019105832602
2016-12-19 14:00:00,22.5,70,0.0,7.4,317,5.046787864462489,-5.412017391981862
2016-12-19 15:00:00,22.3,77,0.0,7.3,327,3.9758649556096977,-6.122295146001595
2016-12-19 16:00:00,21.7,80,0.0,6.3,336,2.5624408513775414,-5.755336383148386
2016-12-19 17:00:00,20.7,82,0.0,5.4,340,1.8469087739586119,-5.074340152243905
2016-12-19 18:00:00,19.6,86,0.0,4.3,48,-3.195522749552795,-2.8772616073430903
2016-12-19 19:00:00,19.0,88,0.0,3.6,45,-2.545584412271572,-2.545584412271571
2016-12-19 20:00:00,18.7,87,0.0,3.6,45,-2.545584412271572,-2.545584412271571
2016-12-19 21:00:00,17.2,88,0.0,3.6,53,-2.875087836170254,-2.1665340833473743
2016-12-19 22:00:00,15.7,88,0.0,3.7,61,-3.236092916415765,-1.7937955949114468
2016-12-19 23:00:00,14.5,89,0.0,3.4,58,-2.8833635269318485,-1.8017254983928963
2016-12-20 00:00:00,13.6,89,0.0,3.1,45,-2.192031021678298,-2.192031021678297
2016-12-20 01:00:00,13.5,90,0.0,3.6,45,-2.545584412271572,-2.545584412271571
2016-12-20 02:00:00,13.3,89,0.0,3.3,49,-2.490541614735148,-2.1649947956686733
2016-12-20 03:00:00,12.8,88,0.0,3.4,58,-2.8833635269318485,-1.8017254983928963
2016-12-20 04:00:00,12.7,86,0.0,3.1,54,-2.5079526825623377,-1.8221342821066664
2016-12-20 05:00:00,12.8,84,0.0,3.1,45,-2.192031021678298,-2.192031021678297
2016-12-20 06:00:00,12.8,82,0.0,4.3,48,-3.195522749552795,-2.8772616073430903
2016-12-20 07:00:00,13.0,81,0.0,3.6,45,-2.545584412271572,-2.545584412271571
2016-12-20 08:00:00,15.3,86,0.0,3.3,41,-2.1649947956686737,-2.4905416147351476
2016-12-20 09:00:00,20.7,74,0.0,1.8,37,-1.083267041673687,-1.437543918085127
2016-12-20 10:00:00,23.3,57,0.0,3.1,306,2.5079526825623373,-1.8221342821066668
2016-12-20 11:00:00,24.3,58,0.0,4.7,302,3.9858260519352022,-2.490620541896063
2016-12-20 12:00:00,24.9,59,0.0,5.6,310,4.289848881466277,-3.5996106142446194
2016-12-20 13:00:00,25.2,60,0.0,6.4,313,4.6806636903626915,-4.36478950439999
2016-12-20 14:00:00,25.3,60,0.0,6.4,313,4.6806636903626915,-4.36478950439999
2016-12-20 15:00:00,25.0,68,0.0,5.7,305,4.669166652447253,-3.2693856872009626
2016-12-20 16:00:00,24.3,72,0.0,4.4,305,3.604268994871564,-2.523736319944603
2016-12-20 17:00:00,22.9,79,0.0,4.2,290,3.9467090073008158,-1.4364846019678086
2016-12-20 18:00:00,20.9,88,0.0,2.2,9,-0.3441558230885083,-2.172914349309303
2016-12-20 19:00:00,20.1,88,0.0,3.1,54,-2.5079526825623377,-1.8221342821066664
2016-12-20 20:00:00,18.2,91,0.0,2.1,59,-1.800051331474436,-1.0815799573111138
2016-12-20 21:00:00,17.1,91,0.0,1.1,72,-1.046162167924669,-0.33991869381244205
2016-12-20 22:00:00,16.5,91,0.0,1.4,90,-1.4,1.7145055188062944e-16
2016-12-20 23:00:00,16.1,91,0.0,1.1,90,-1.1,1.3471114790620887e-16
2016-12-21 00:00:00,16.0,91,0.0,0.8,27,-0.36319239979163753,-0.7128052193506943
2016-12-21 01:00:00,15.8,91,0.0,1.3,56,-1.0777488443215544,-0.7269507745119708
2016-12-21 02:00:00,15.9,91,0.0,2.3,72,-2.187429987478853,-0.7107390870623786
2016-12-21 03:00:00,16.0,86,0.0,3.3,96,-3.2819222547153015,0.3449439287832573
2016-12-21 04:00:00,16.2,85,0.0,3.3,103,-3.215421213791276,0.7423384793347552
2016-12-21 05:00:00,16.2,85,0.0,3.0,104,-2.9108871788279895,0.7257656867990032
2016-12-21 06:00:00,16.0,86,0.0,1.8,53,-1.437543918085127,-1.0832670416736871
2016-12-21 07:00:00,16.2,87,0.0,1.6,63,-1.4256104387013888,-0.7263847995832747
2016-12-21 08:00:00,18.1,88,0.0,3.3,103,-3.215421213791276,0.7423384793347552
2016-12-21 09:00:00,22.4,74,0.0,2.4,153,-1.089577199374912,2.138415658052083
2016-12-21 10:00:00,23.8,73,0.0,3.9,248,3.616017032810471,1.460965714322057
2016-12-21 11:00:00,24.9,71,0.0,6.8,267,6.790680836331102,0.3558845024520181
2016-12-21 12:00:00,25.1,71,0.0,8.3,272,8.294943864258496,-0.2896658226307581
2016-12-21 13:00:00,24.2,76,0.0,9.0,286,8.65135526344487,-2.4807362023529924
2016-12-21 14:00:00,23.8,78,0.0,6.8,295,6.162892951849219,-2.873804179836756
2016-12-21 15:00:00,23.4,83,0.0,5.1,309,3.963444403430551,-3.2095339943541705
2016-12-21 16:00:00,23.0,85,0.1,4.6,321,2.894873798829252,-3.5748714227020657
2016-12-21 17:00:00,22.3,87,0.0,3.9,326,2.1808523235359125,-3.233246532964663
2016-12-21 18:00:00,21.1,92,0.2,5.5,32,-2.9145559532826275,-4.664264528860342
2016-12-21 19:00:00,19.8,96,0.5,7.3,20,-2.49674704627738,-6.859756131737131
2016-12-21 20:00:00,19.3,96,0.2,6.2,21,-2.2218812871808646,-5.78819864428265
2016-12-21 21:00:00,18.6,97,0.0,4.8,48,-3.5670951622914924,-3.2118269105225195
2016-12-21 22:00:00,19.1,96,0.0,2.9,60,-2.5114736709748717,-1.4500000000000002
2016-12-21 23:00:00,18.7,97,0.0,2.1,31,-1.0815799573111144,-1.8000513314744355
2016-12-22 00:00:00,18.1,98,0.0,2.6,16,-0.7166571251241971,-2.4992804094396295
2016-12-22 01:00:00,18.2,97,0.0,3.4,32,-1.801725498392897,-2.883363526931848
2016-12-22 02:00:00,18.2,96,0.0,4.4,55,-3.604268994871564,-2.5237363199446032
2016-12-22 03:00:00,19.0,86,0.0,4.6,51,-3.5748714227020653,-2.894873798829253
2016-12-22 04:00:00,18.6,87,0.0,4.8,42,-3.211826910522519,-3.567095162291493
2016-12-22 05:00:00,17.5,89,0.0,5.9,38,-3.632402704421383,-4.649263446279661
2016-12-22 06:00:00,17.5,89,0.0,6.5,34,-3.6347538725598527,-5.388744221607772
2016-12-22 07:00:00,17.0,90,0.0,7.3,33,-3.9758649556096968,-6.122295146001595
2016-12-22 08:00:00,18.9,88,0.0,8.7,30,-4.350000000000003,-7.534421012924613
2016-12-22 09:00:00,21.7,80,0.0,11.3,7,-1.3771235804781632,-11.21577151354694
2016-12-22 10:00:00,22.4,79,0.0,14.1,357,0.7379369830255099,-14.080676440039491
2016-12-22 11:00:00,22.5,80,0.2,15.9,356,1.1091279325315913,-15.861268399131205
2016-12-22 12:00:00,22.1,82,0.3,16.6,1,-0.2897099468589061,-16.597471739596095
2016-12-22 13:00:00,22.2,82,0.1,15.9,3,-0.8321417042628145,-15.878209602597725
2016-12-22 14:00:00,22.2,81,0.1,14.2,7,-1.7305446763530898,-14.094155353306773
2016-12-22 15:00:00,22.7,75,0.0,11.9,14,-2.8788705576360467,-11.546519142684359
2016-12-22 16:00:00,23.1,72,0.0,8.7,5,-0.7582549619046267,-8.666893873398186
2016-12-22 17:00:00,22.4,75,0.0,9.9,350,1.7191169589026112,-9.74959675482086
2016-12-22 18:00:00,20.1,87,0.0,10.8,2,-0.37691456438700827,-10.793420931806235
2016-12-22 19:00:00,18.9,92,0.0,8.8,9,-1.3766232923540331,-8.691657397237211
2016-12-22 20:00:00,18.7,91,0.0,7.7,11,-1.4692292643993936,-7.558529312547013
2016-12-22 21:00:00,18.5,92,0.0,6.4,16,-1.7640790772287929,-6.152074854005242
2016-12-22 22:00:00,17.5,94,0.0,4.6,18,-1.4214781741247586,-4.3748599749577055
2016-12-22 23:00:00,16.6,95,0.0,3.9,34,-2.1808523235359116,-3.233246532964663
2016-12-23 00:00:00,16.1,95,0.0,3.8,49,-2.867896404846534,-2.4930243101639267
2016-12-23 01:00:00,16.0,94,0.0,3.6,53,-2.875087836170254,-2.1665340833473743
2016-12-23 02:00:00,16.0,93,0.0,3.3,41,-2.1649947956686737,-2.4905416147351476
2016-12-23 03:00:00,15.9,90,0.0,3.7,61,-3.236092916415765,-1.7937955949114468
2016-12-23 04:00:00,15.5,90,0.0,3.2,63,-2.8512208774027776,-1.4527695991665495
2016-12-23 05:00:00,14.8,90,0.0,2.4,63,-2.138415658052083,-1.089577199374912
2016-12-23 06:00:00,15.0,88,0.2,1.9,68,-1.761649323676896,-0.7117525274902328
2016-12-23 07:00:00,14.9,88,0.2,1.8,53,-1.437543918085127,-1.0832670416736871
2016-12-23 08:00:00,16.9,88,0.3,1.9,22,-0.7117525274902333,-1.7616493236768958
2016-12-23 09:00:00,19.6,80,0.2,2.9,330,1.4500000000000002,-2.5114736709748717
2016-12-23 10:00:00,20.6,78,0.4,5.1,309,3.963444403430551,-3.2095339943541705
2016-12-23 11:00:00,21.5,77,0.0,6.5,304,5.38874422160777,-3.634753872559855
2016-12-23 12:00:00,21.7,77,0.0,7.4,309,5.750880114781585,-4.656970893768797
2016-12-23 13:00:00,22.3,75,0.2,8.4,313,6.143371093601032,-5.728786224524987
2016-12-23 14:00:00,22.4,74,0.0,8.4,317,5.728786224524987,-6.143371093601032
2016-12-23 15:00:00,22.2,71,0.0,8.4,320,5.399415921366931,-6.4347733221994154
2016-12-23 16:00:00,21.6,73,0.0,7.7,319,5.051654523226906,-5.811263767715345
2016-12-23 17:00:00,20.5,75,0.0,5.6,315,3.9597979746446663,-3.9597979746446654
2016-12-23 18:00:00,18.7,86,0.0,3.5,294,3.197409101749103,-1.4235782507653008
2016-12-23 19:00:00,17.5,87,0.0,0.5,315,0.3535533905932738,-0.35355339059327373
2016-12-23 20:00:00,16.9,89,0.1,1.1,162,-0.3399186938124421,1.046162167924669
2016-12-23 21:00:00,16.2,91,0.1,1.6,153,-0.7263847995832747,1.4256104387013888
2016-12-23 22:00:00,15.7,93,0.3,1.9,158,-0.7117525274902329,1.761649323676896
2016-12-23 23:00:00,15.6,94,0.5,1.6,153,-0.7263847995832747,1.4256104387013888
2016-12-24 00:00:00,15.8,95,0.3,1.6,153,-0.7263847995832747,1.4256104387013888
2016-12-24 01:00:00,15.8,95,0.2,1.3,146,-0.7269507745119708,1.0777488443215544
2016-12-24 02:00:00,15.8,94,0.1,1.1,108,-1.0461621679246689,0.3399186938124423
2016-12-24 03:00:00,17.0,85,0.2,1.8,79,-1.7669289302057951,-0.3434561916777805
2016-12-24 04:00:00,17.9,81,0.0,2.7,67,-2.485363104321589,-1.0549740469210387
2016-12-24 05:00:00,17.9,81,0.0,1.9,68,-1.761649323676896,-0.7117525274902328
2016-12-24 06:00:00,17.6,81,0.0,1.8,37,-1.083267041673687,-1.437543918085127
2016-12-24 07:00:00,17.0,82,0.0,1.8,79,-1.7669289302057951,-0.3434561916777805
2016-12-24 08:00:00,18.1,82,0.0,0.8,27,-0.36319239979163753,-0.7128052193506943
2016-12-24 09:00:00,19.8,80,0.0,3.7,299,3.2360929164157644,-1.7937955949114472
2016-12-24 10:00:00,21.0,78,0.0,5.7,288,5.421022142882375,-1.7613968679372003
2016-12-24 11:00:00,21.7,76,0.0,7.0,282,6.84703320513664,-1.4553818357243153
2016-12-24 12:00:00,22.2,74,0.0,8.2,293,7.54813979831001,-3.2039952536120446
2016-12-24 13:00:00,22.3,74,0.0,8.1,302,6.86918957886705,-4.29234604028896
2016-12-24 14:00:00,22.3,73,0.0,8.2,308,6.461688179575119,-5.048424097670398
2016-12-24 15:00:00,21.5,75,0.2,9.7,318,6.490566881680924,-7.208504807130724
2016-12-24 16:00:00,20.8,74,0.0,9.2,329,4.738350289172498,-7.8859391664594325
2016-12-24 17:00:00,19.8,76,0.0,7.3,327,3.9758649556096977,-6.122295146001595
2016-12-24 18:00:00,18.3,86,0.0,3.9,326,2.1808523235359125,-3.233246532964663
2016-12-24 19:00:00,18.4,78,0.0,1.0,45,-0.7071067811865477,-0.7071067811865475
2016-12-24 20:00:00,17.4,82,0.0,0.5,225,0.3535533905932738,0.35355339059327373
2016-12-24 21:00:00,15.5,89,0.0,1.9,202,0.7117525274902327,1.761649323676896
2016-12-24 22:00:00,14.9,92,0.0,3.6,180,2.2043642384652358e-16,3.6
2016-12-24 23:00:00,15.1,93,0.2,3.6,186,0.3763024677635525,3.580278823325784
2016-12-25 00:00:00,15.3,93,0.1,3.3,193,0.7423384793347542,3.2154212137912763
2016-12-25 01:00:00,15.2,94,0.2,1.8,180,1.1021821192326179e-16,1.8
2016-12-25 02:00:00,15.4,95,0.3,1.1,180,6.735557395310444e-17,1.1
2016-12-25 03:00:00,16.2,88,0.2,1.8,169,-0.34345619167778063,1.7669289302057951
2016-12-25 04:00:00,16.3,91,0.2,2.3,162,-0.7107390870623789,2.187429987478853
2016-12-25 05:00:00,16.0,93,0.0,2.6,164,-0.7166571251241975,2.499280409439629
2016-12-25 06:00:00,16.0,92,0.0,3.2,180,1.9594348786357652e-16,3.2
2016-12-25 07:00:00,16.5,88,0.0,1.1,90,-1.1,1.3471114790620887e-16
2016-12-25 08:00:00,18.1,84,0.0,1.6,27,-0.7263847995832751,-1.4256104387013886
2016-12-25 09:00:00,19.7,82,0.0,2.3,342,0.7107390870623791,-2.1874299874788528
2016-12-25 10:00:00,20.9,79,0.0,3.3,319,2.1649947956686737,-2.4905416147351476
2016-12-25 11:00:00,22.3,75,0.0,4.8,312,3.5670951622914924,-3.2118269105225195
2016-12-25 12:00:00,23.2,71,0.0,7.0,305,5.7340643100229425,-4.015035054457322
2016-12-25 13:00:00,23.4,70,0.0,8.3,304,6.881011852206846,-4.6413010988072
2016-12-25 14:00:00,23.5,69,0.0,9.0,307,7.187719590425635,-5.416335208368435
2016-12-25 15:00:00,22.8,74,0.0,8.2,311,6.18861855782673,-5.379684037722159
2016-12-25 16:00:00,22.0,76,0.0,7.4,317,5.046787864462489,-5.412017391981862
2016-12-25 17:00:00,20.9,79,0.0,7.2,323,4.333068166694749,-5.750175672340508
2016-12-25 18:00:00,19.2,90,0.0,7.4,346,1.7902220274375409,-7.180188374442374
2016-12-25 19:00:00,19.1,86,0.0,6.2,21,-2.2218812871808646,-5.78819864428265
2016-12-25 20:00:00,19.0,85,0.0,3.2,27,-1.4527695991665501,-2.851220877402777
2016-12-25 21:00:00,18.6,87,0.0,2.3,39,-1.447436899414627,-1.7874357113510322
2016-12-25 22:00:00,18.1,87,0.0,2.5,45,-1.7677669529663693,-1.7677669529663687
2016-12-25 23:00:00,16.6,89,0.0,2.6,56,-2.1554976886431088,-1.4539015490239415
2016-12-26 00:00:00,15.6,91,0.0,2.1,59,-1.800051331474436,-1.0815799573111138
2016-12-26 01:00:00,15.5,89,0.0,2.0,45,-1.4142135623730954,-1.414213562373095
2016-12-26 02:00:00,15.4,86,0.0,2.3,39,-1.447436899414627,-1.7874357113510322
2016-12-26 03:00:00,13.7,89,0.0,1.8,53,-1.437543918085127,-1.0832670416736871
2016-12-26 04:00:00,13.0,89,0.0,1.9,68,-1.761649323676896,-0.7117525274902328
2016-12-26 05:00:00,12.5,89,0.0,1.9,68,-1.761649323676896,-0.7117525274902328
2016-12-26 06:00:00,12.1,89,0.0,1.6,63,-1.4256104387013888,-0.7263847995832747
2016-12-26 07:00:00,12.1,88,0.0,1.6,63,-1.4256104387013888,-0.7263847995832747
2016-12-26 08:00:00,14.5,90,0.0,1.1,72,-1.046162167924669,-0.33991869381244205
2016-12-26 09:00:00,20.3,62,0.0,2.5,278,2.475670171853926,-0.3479327524001636
2016-12-26 10:00:00,21.5,61,0.0,6.2,277,6.153786140176196,-0.7555899291119144
2016-12-26 11:00:00,22.5,62,0.0,7.5,287,7.172285669722766,-2.192787785420526
2016-12-26 12:00:00,23.1,64,0.0,8.4,301,7.200205325897744,-4.326319829244455
2016-12-26 13:00:00,23.3,66,0.0,8.1,315,5.727564927611035,-5.727564927611034
2016-12-26 14:00:00,23.2,68,0.0,8.9,328,4.716281451675524,-7.547628055792192
2016-12-26 15:00:00,22.6,75,0.0,8.9,339,3.1894747509531736,-8.308865795825096
2016-12-26 16:00:00,22.0,76,0.0,8.4,340,2.872969203935618,-7.893418014601631
2016-12-26 17:00:00,21.0,80,0.0,7.6,341,2.474317973874391,-7.185941174554807
2016-12-26 18:00:00,19.2,90,0.0,5.6,27,-2.5423467985414625,-4.989636535454859
2016-12-26 19:00:00,18.9,87,0.0,4.8,48,-3.5670951622914924,-3.2118269105225195
2016-12-26 20:00:00,18.6,86,0.0,3.6,45,-2.545584412271572,-2.545584412271571
2016-12-26 21:00:00,18.2,87,0.0,4.6,45,-3.2526911934581193,-3.252691193458118
2016-12-26 22:00:00,16.6,90,0.0,5.1,45,-3.606244584051393,-3.606244584051392
2016-12-26 23:00:00,15.4,91,0.0,4.3,48,-3.195522749552795,-2.8772616073430903
2016-12-27 00:00:00,15.0,90,0.0,4.3,48,-3.195522749552795,-2.8772616073430903
2016-12-27 01:00:00,15.1,88,0.0,5.1,51,-3.9634444034305507,-3.2095339943541714
2016-12-27 02:00:00,16.4,84,0.0,5.4,42,-3.613305274337834,-4.01298205757793
2016-12-27 03:00:00,16.1,81,0.0,6.0,33,-3.267834210090162,-5.032023407672544
2016-12-27 04:00:00,16.8,82,0.0,7.8,34,-4.361704647071823,-6.466493065929326
2016-12-27 05:00:00,15.8,89,0.0,9.7,27,-4.403707847473605,-8.642763284627167
2016-12-27 06:00:00,14.9,93,0.0,10.0,26,-4.383711467890778,-8.987940462991668
2016-12-27 07:00:00,14.0,94,0.0,11.1,25,-4.691062705321761,-10.060016436106816
2016-12-27 08:00:00,14.9,93,0.0,12.4,17,-3.62540913856194,-11.858178973941639
2016-12-27 09:00:00,17.8,80,0.0,15.8,360,9.67470971326409e-16,-15.8
2016-12-27 10:00:00,18.3,75,0.0,18.4,354,1.9233237241248236,-18.299202874776228
2016-12-27 11:00:00,18.6,71,0.0,20.3,354,2.121927804333365,-20.18879447597595
2016-12-27 12:00:00,18.8,68,0.0,21.7,353,2.6445647518917004,-21.538251490616688
2016-12-27 13:00:00,18.7,66,0.0,21.1,352,2.9365524302573816,-20.894656250447134
2016-12-27 14:00:00,17.9,67,0.0,19.4,350,3.3687746467384496,-19.105270408436834
2016-12-27 15:00:00,17.9,66,0.0,18.6,350,3.229856104604906,-18.31742420602707
2016-12-27 16:00:00,16.8,68,0.0,16.8,350,2.9172893848044312,-16.544770250605094
2016-12-27 17:00:00,15.6,69,0.4,14.9,353,1.8158532167366976,-14.788937659455698
2016-12-27 18:00:00,14.7,70,0.0,12.2,2,-0.42577385977050924,-12.192568089632967
2016-12-27 19:00:00,14.2,71,0.0,13.0,355,1.1330246557195558,-12.950531075192693
2016-12-27 20:00:00,13.9,71,0.0,12.6,355,1.0981623586204925,-12.552053195955994
2016-12-27 21:00:00,13.2,74,0.0,13.0,360,7.960204194457795e-16,-13.0
2016-12-27 22:00:00,13.2,75,0.1,13.0,360,7.960204194457795e-16,-13.0
2016-12-27 23:00:00,13.3,75,0.0,13.0,3,-0.680367431158276,-12.98218395180946
2016-12-28 00:00:00,13.4,74,0.0,11.2,358,0.3908743630680121,-11.193177262613872
2016-12-28 01:00:00,13.3,76,0.0,8.0,350,1.3891854213354433,-7.878462024097664
2016-12-28 02:00:00,13.3,77,0.0,8.4,350,1.4586446924022156,-8.272385125302547
2016-12-28 03:00:00,13.1,77,0.0,8.4,10,-1.458644692402215,-8.272385125302547
2016-12-28 04:00:00,12.8,80,0.0,5.1,4,-0.35575801609504043,-5.087576656325103
2016-12-28 05:00:00,12.7,83,0.0,4.7,356,0.3278554265973886,-4.688551036221174
2016-12-28 06:00:00,12.7,82,0.0,5.6,345,1.4493866525741161,-5.4091846272187825
2016-12-28 07:00:00,12.8,85,0.2,6.0,343,1.7542302283364206,-5.737828535778212
2016-12-28 08:00:00,13.7,80,0.2,6.6,351,1.032467469265524,-6.518743047927909
2016-12-28 09:00:00,14.9,74,0.0,7.6,352,1.0577155672964975,-7.5260373224359345
2016-12-28 10:00:00,15.4,72,0.0,11.0,349,2.098898949141994,-10.797899017924303
2016-12-28 11:00:00,15.5,73,0.0,11.3,353,1.3771235804781667,-11.215771513546938
2016-12-28 12:00:00,15.5,74,0.1,9.9,350,1.7191169589026112,-9.74959675482086
2016-12-28 13:00:00,15.5,75,0.4,9.2,339,3.2969851358167634,-8.588939923774255
2016-12-28 14:00:00,15.5,77,0.5,9.4,342,2.904759747124506,-8.939931253174443
2016-12-28 15:00:00,14.9,83,0.4,8.1,347,1.8221035401853058,-7.892397524760405
2016-12-28 16:00:00,14.6,88,0.5,8.3,355,0.7233926648055626,-8.268415994161488
2016-12-28 17:00:00,14.1,90,0.6,7.8,347,1.7546182238821464,-7.6000865053248345
2016-12-28 18:00:00,13.8,92,1.1,6.6,347,1.4846769586695083,-6.430842427582553
2016-12-28 19:00:00,13.6,93,1.4,7.2,357,0.3768188849491966,-7.190132650232932
2016-12-28 20:00:00,13.6,92,1.4,7.2,360,4.4087284769304716e-16,-7.2
2016-12-28 21:00:00,14.1,87,0.6,7.6,3,-0.39775326744637673,-7.589584464134761
2016-12-28 22:00:00,14.3,87,0.3,8.8,9,-1.3766232923540331,-8.691657397237211
2016-12-28 23:00:00,14.0,91,0.0,9.1,9,-1.4235536318661024,-8.987963899415753
2016-12-29 00:00:00,14.0,92,0.0,9.5,9,-1.4861274178821948,-9.383039235653808
2016-12-29 01:00:00,14.0,91,0.0,10.1,6,-1.055737479003299,-10.044671143219562
2016-12-29 02:00:00,14.0,90,0.0,10.5,4,-0.7324429743133186,-10.474422527728153
2016-12-29 03:00:00,14.1,90,0.2,10.9,6,-1.1393602496174215,-10.840288659514181
2016-12-29 04:00:00,13.9,90,0.1,10.6,10,-1.8406706832694615,-10.438962181929405
2016-12-29 05:00:00,13.9,89,0.0,10.4,14,-2.515987714236545,-10.091075553270363
2016-12-29 06:00:00,14.1,86,0.0,11.0,11,-2.098898949141991,-10.797899017924303
2016-12-29 07:00:00,14.4,84,0.0,10.9,6,-1.1393602496174215,-10.840288659514181
2016-12-29 08:00:00,14.8,83,0.0,8.6,345,2.2258437878816784,-8.306962106085987
2016-12-29 09:00:00,15.4,81,0.0,7.4,346,1.7902220274375409,-7.180188374442374
2016-12-29 10:00:00,16.5,75,0.0,8.6,345,2.2258437878816784,-8.306962106085987
2016-12-29 11:00:00,16.8,74,0.0,9.4,342,2.904759747124506,-8.939931253174443
2016-12-29 12:00:00,17.4,71,0.0,10.2,342,3.151973342624464,-9.700776466210565
2016-12-29 13:00:00,17.7,69,0.0,11.0,341,3.5812496990287244,-10.400704331592484
2016-12-29 14:00:00,18.3,66,0.0,10.6,342,3.275580140374443,-10.081199072728626
2016-12-29 15:00:00,17.3,69,0.0,10.6,342,3.275580140374443,-10.081199072728626
2016-12-29 16:00:00,16.9,69,0.0,9.5,335,4.014873486536644,-8.609923976848174
2016-12-29 17:00:00,16.0,70,0.0,8.9,339,3.1894747509531736,-8.308865795825096
2016-12-29 18:00:00,15.1,73,0.0,8.7,353,1.060263287624783,-8.6351515192795
2016-12-29 19:00:00,14.0,80,0.0,8.3,360,5.082284216461516e-16,-8.3
2016-12-29 20:00:00,13.7,78,0.0,5.1,356,0.35575801609503865,-5.087576656325103
2016-12-29 21:00:00,13.4,79,0.0,3.8,343,1.1110124779463997,-3.6339580726595346
2016-12-29 22:00:00,12.5,85,0.0,1.6,333,0.726384799583275,-1.4256104387013886
2016-12-29 23:00:00,12.4,87,0.0,0.4,270,0.4,0.0
2016-12-30 00:00:00,12.0,90,0.0,0.7000000000000001,90,-0.7000000000000001,8.572527594031473e-17
2016-12-30 01:00:00,12.2,91,0.0,1.1,72,-1.046162167924669,-0.33991869381244205
2016-12-30 02:00:00,12.4,90,0.0,1.5,76,-1.4554435894139948,-0.3628828433995013
2016-12-30 03:00:00,13.4,85,0.0,1.6,63,-1.4256104387013888,-0.7263847995832747
2016-12-30 04:00:00,13.2,86,0.0,1.3,56,-1.0777488443215544,-0.7269507745119708
2016-12-30 05:00:00,13.3,86,0.0,1.0,45,-0.7071067811865477,-0.7071067811865475
2016-12-30 06:00:00,13.5,87,0.0,3.0,104,-2.9108871788279895,0.7257656867990032
2016-12-30 07:00:00,13.5,89,0.0,2.2,90,-2.2,2.6942229581241775e-16
2016-12-30 08:00:00,14.7,90,0.0,0.5,315,0.3535533905932738,-0.35355339059327373
2016-12-30 09:00:00,16.9,80,0.0,2.9,277,2.8783838397598336,-0.35342109587492765
2016-12-30 10:00:00,18.0,76,0.0,4.7,274,4.688551036221174,-0.3278554265973889
2016-12-30 11:00:00,18.9,75,0.0,6.6,283,6.430842427582553,-1.484676958669509
2016-12-30 12:00:00,18.9,76,0.0,7.2,297,6.415246974156249,-3.2687315981247367
2016-12-30 13:00:00,19.4,75,0.0,6.3,301,5.400153994423308,-3.244739871933341
2016-12-30 14:00:00,19.2,76,0.0,6.0,295,5.437846722219899,-2.5357095704441965
2016-12-30 15:00:00,20.0,71,0.0,6.8,295,6.162892951849219,-2.873804179836756
2016-12-30 16:00:00,19.7,71,0.0,7.3,303,6.122295146001595,-3.9758649556096977
2016-12-30 17:00:00,18.8,73,0.0,4.4,305,3.604268994871564,-2.523736319944603
2016-12-30 18:00:00,17.7,81,0.0,4.0,297,3.5640260967534716,-1.815961998958187
2016-12-30 19:00:00,16.6,84,0.0,2.3,309,1.7874357113510329,-1.4474368994146258
2016-12-30 20:00:00,16.4,84,0.0,0.7000000000000001,270,0.7000000000000001,0.0
2016-12-30 21:00:00,16.2,85,0.0,0.0,270,0.0,0.0
2016-12-30 22:00:00,16.1,85,0.0,0.8,63,-0.7128052193506944,-0.36319239979163737
2016-12-30 23:00:00,16.0,86,0.0,1.5,45,-1.0606601717798214,-1.0606601717798212
2016-12-31 00:00:00,15.8,86,0.0,1.8,53,-1.437543918085127,-1.0832670416736871
2016-12-31 01:00:00,15.4,88,0.0,1.8,79,-1.7669289302057951,-0.3434561916777805
2016-12-31 02:00:00,15.6,87,0.0,1.9,68,-1.761649323676896,-0.7117525274902328
2016-12-31 03:00:00,15.7,81,0.0,1.8,53,-1.437543918085127,-1.0832670416736871
2016-12-31 04:00:00,16.0,79,0.0,1.8,37,-1.083267041673687,-1.437543918085127
2016-12-31 05:00:00,15.6,79,0.0,2.0,45,-1.4142135623730954,-1.414213562373095
2016-12-31 06:00:00,14.7,80,0.0,3.1,69,-2.8940993221413254,-1.1109406435904314
2016-12-31 07:00:00,13.9,81,0.0,1.5,45,-1.0606601717798214,-1.0606601717798212
2016-12-31 08:00:00,15.9,79,0.0,1.6,27,-0.7263847995832751,-1.4256104387013886
2016-12-31 09:00:00,19.0,73,0.0,3.8,319,2.4930243101639276,-2.8678964048465336
2016-12-31 10:00:00,20.3,72,0.0,6.1,315,4.31335136523794,-4.313351365237939
2016-12-31 11:00:00,21.5,70,0.0,7.4,317,5.046787864462489,-5.412017391981862
2016-12-31 12:00:00,22.2,69,0.0,8.1,315,5.727564927611035,-5.727564927611034
2016-12-31 13:00:00,22.6,68,0.0,8.7,315,6.151828996322964,-6.151828996322962
2016-12-31 14:00:00,22.8,68,0.0,9.4,317,6.410784584587486,-6.874724795220202
2016-12-31 15:00:00,22.2,69,0.0,9.5,323,5.717242719944459,-7.587037345449282
2016-12-31 16:00:00,21.4,72,0.0,9.0,323,5.4163352083684355,-7.187719590425635
2016-12-31 17:00:00,20.2,75,0.0,7.4,313,5.412017391981862,-5.046787864462489
2016-12-31 18:00:00,18.4,87,0.0,3.3,311,2.4905416147351476,-2.1649947956686737
2016-12-31 19:00:00,17.4,87,0.0,1.1,342,0.3399186938124422,-1.0461621679246689
2016-12-31 20:00:00,16.3,90,0.0,0.0,270,0.0,0.0
2016-12-31 21:00:00,15.5,92,0.0,1.0,45,-0.7071067811865477,-0.7071067811865475
2016-12-31 22:00:00,15.0,92,0.0,0.7000000000000001,90,-0.7000000000000001,8.572527594031473e-17
2016-12-31 23:00:00,14.5,93,0.0,0.8,63,-0.7128052193506944,-0.36319239979163737
2017-01-01 00:00:00,14.1,93,0.1,1.1,72,-1.046162167924669,-0.33991869381244205
2017-01-01 01:00:00,14.4,92,0.1,1.4,90,-1.4,1.7145055188062944e-16
2017-01-01 02:00:00,13.8,92,0.0,1.4,90,-1.4,1.7145055188062944e-16
2017-01-01 03:00:00,15.8,86,0.1,1.5,76,-1.4554435894139948,-0.3628828433995013
2017-01-01 04:00:00,15.7,86,0.0,2.2,81,-2.1729143493093033,-0.3441558230885076
2017-01-01 05:00:00,15.7,85,0.0,2.2,81,-2.1729143493093033,-0.3441558230885076
2017-01-01 06:00:00,15.4,85,0.0,3.0,104,-2.9108871788279895,0.7257656867990032
2017-01-01 07:00:00,14.9,85,0.0,1.8,79,-1.7669289302057951,-0.3434561916777805
2017-01-01 08:00:00,18.7,73,0.0,1.4,90,-1.4,1.7145055188062944e-16
2017-01-01 09:00:00,20.1,71,0.0,2.3,219,1.447436899414626,1.7874357113510329
2017-01-01 10:00:00,21.8,62,0.0,3.9,236,3.2332465329646625,2.180852323535913
2017-01-01 11:00:00,22.8,57,0.0,3.9,248,3.616017032810471,1.460965714322057
2017-01-01 12:00:00,23.6,53,0.0,2.6,254,2.499280409439629,0.7166571251241979
2017-01-01 13:00:00,24.4,49,0.0,1.5,45,-1.0606601717798214,-1.0606601717798212
2017-01-01 14:00:00,25.2,46,0.0,5.5,58,-4.664264528860343,-2.914555953282626
2017-01-01 15:00:00,24.8,50,0.0,5.9,349,1.125773072721615,-5.791600382341218
2017-01-01 16:00:00,22.9,64,0.0,9.1,326,5.088655421583796,-7.5442419102508795
2017-01-01 17:00:00,20.4,77,0.0,4.1,315,2.899137802864845,-2.8991378028648445
2017-01-01 18:00:00,18.4,87,0.0,5.7,305,4.669166652447253,-3.2693856872009626
2017-01-01 19:00:00,17.5,91,0.0,6.2,306,5.0159053651246746,-3.6442685642133337
2017-01-01 20:00:00,17.4,92,0.0,2.1,149,-1.081579957311114,1.800051331474436
2017-01-01 21:00:00,17.2,92,0.0,4.3,156,-1.748967565225941,3.9282454678631837
2017-01-01 22:00:00,17.4,91,0.0,5.2,214,2.9078030980478835,4.3109953772862175
2017-01-01 23:00:00,16.9,93,0.0,5.2,196,1.4333142502483958,4.998560818879258
2017-01-02 00:00:00,16.5,94,0.0,4.1,142,-2.524212048835199,3.23084408978756
2017-01-02 01:00:00,17.2,88,0.0,4.0,170,-0.6945927106677212,3.939231012048832
2017-01-02 02:00:00,17.6,86,0.0,3.4,162,-1.050657780874821,3.2335921554035223
2017-01-02 03:00:00,16.2,90,0.0,4.6,141,-2.894873798829251,3.5748714227020666
2017-01-02 04:00:00,17.7,82,0.0,2.3,198,0.7107390870623791,2.1874299874788528
2017-01-02 05:00:00,17.3,84,0.0,2.3,141,-1.4474368994146256,1.7874357113510333
2017-01-02 06:00:00,17.3,83,0.0,1.8,180,1.1021821192326179e-16,1.8
2017-01-02 07:00:00,16.7,88,0.0,1.9,22,-0.7117525274902333,-1.7616493236768958
2017-01-02 08:00:00,17.5,85,0.0,2.7,23,-1.0549740469210394,-2.4853631043215887
2017-01-02 09:00:00,19.2,73,0.0,6.1,360,3.735172737399427e-16,-6.1
2017-01-02 10:00:00,20.3,69,0.0,9.4,4,-0.6557108531947805,-9.377102072442348
2017-01-02 11:00:00,21.9,64,0.0,9.7,4,-0.676637795318018,-9.676371287520293
2017-01-02 12:00:00,22.8,63,0.0,8.4,353,1.023702484603239,-8.337387673787106
2017-01-02 13:00:00,23.3,63,0.0,9.0,344,2.4807362023529924,-8.65135526344487
2017-01-02 14:00:00,23.1,64,0.0,10.7,348,2.224655091750026,-10.46617932785172
2017-01-02 15:00:00,22.4,67,0.0,9.0,360,5.51091059616309e-16,-9.0
2017-01-02 16:00:00,21.8,70,0.0,6.5,360,3.9801020972288977e-16,-6.5
2017-01-02 17:00:00,20.2,78,0.0,5.4,352,0.7515347451843536,-5.34744757120448
2017-01-02 18:00:00,17.4,93,0.0,5.4,8,-0.7515347451843555,-5.34744757120448
2017-01-02 19:00:00,17.1,93,0.0,5.8,22,-2.1727182418122912,-5.377666356487366
2017-01-02 20:00:00,17.5,89,0.0,3.6,143,-2.1665340833473743,2.8750878361702537
2017-01-02 21:00:00,18.9,82,0.0,3.9,158,-1.4609657143220571,3.616017032810471
2017-01-02 22:00:00,18.5,82,0.0,4.7,148,-2.4906205418960625,3.9858260519352027
2017-01-02 23:00:00,16.8,87,0.0,7.6,177,-0.3977532674463732,7.589584464134761
2017-01-03 00:00:00,16.3,90,0.0,6.3,193,1.4171916423663489,6.1385314081469815
2017-01-03 01:00:00,16.7,90,0.0,6.9,186,0.7212463965468089,6.862201078041086
2017-01-03 02:00:00,16.7,90,0.0,9.0,185,0.7844016847289232,8.96575228282571
2017-01-03 03:00:00,16.3,93,0.0,7.6,183,0.3977532674463741,7.589584464134761
2017-01-03 04:00:00,16.4,93,0.0,5.0,180,3.061616997868383e-16,5.0
2017-01-03 05:00:00,15.8,93,0.0,3.9,158,-1.4609657143220571,3.616017032810471
2017-01-03 06:00:00,15.7,91,0.0,3.1,135,-2.192031021678297,2.1920310216782974
2017-01-03 07:00:00,17.6,80,0.0,1.8,53,-1.437543918085127,-1.0832670416736871
2017-01-03 08:00:00,17.9,85,0.0,1.1,18,-0.33991869381244233,-1.0461621679246689
2017-01-03 09:00:00,19.5,78,0.0,2.6,16,-0.7166571251241971,-2.4992804094396295
2017-01-03 10:00:00,21.1,72,0.0,5.8,7,-0.7068421917498535,-5.756767679519668
2017-01-03 11:00:00,22.6,64,0.0,3.3,354,0.3449439287832564,-3.2819222547153015
2017-01-03 12:00:00,23.3,61,0.0,3.3,347,0.7423384793347542,-3.2154212137912763
2017-01-03 13:00:00,23.8,60,0.0,1.8,37,-1.083267041673687,-1.437543918085127
2017-01-03 14:00:00,24.6,57,0.0,1.1,342,0.3399186938124422,-1.0461621679246689
2017-01-03 15:00:00,23.5,61,0.0,10.0,345,2.5881904510252074,-9.659258262890683
2017-01-03 16:00:00,22.1,71,0.0,10.8,2,-0.37691456438700827,-10.793420931806235
2017-01-03 17:00:00,21.3,75,0.0,6.5,6,-0.6794350112397468,-6.464392319893777
2017-01-03 18:00:00,19.1,86,0.0,5.2,12,-1.0811407922523508,-5.086367523815789
2017-01-03 19:00:00,17.9,92,0.0,6.8,32,-3.603450996785794,-5.766727053863696
2017-01-03 20:00:00,18.3,90,0.0,5.8,356,0.40458754771592637,-5.78587149150698
2017-01-03 21:00:00,18.2,90,0.0,4.1,38,-2.524212048835198,-3.2308440897875603
2017-01-03 22:00:00,18.0,91,0.0,2.5,82,-2.475670171853926,-0.3479327524001638
2017-01-03 23:00:00,17.6,90,0.0,1.8,101,-1.7669289302057951,0.34345619167778096
2017-01-04 00:00:00,18.0,87,0.0,1.4,90,-1.4,1.7145055188062944e-16
2017-01-04 01:00:00,17.2,88,0.0,2.9,90,-2.9,3.5514757175273243e-16
2017-01-04 02:00:00,15.9,92,0.0,3.7,119,-3.2360929164157644,1.7937955949114477
2017-01-04 03:00:00,16.2,92,0.0,5.2,164,-1.433314250248395,4.998560818879258
2017-01-04 04:00:00,17.1,88,0.0,4.9,163,-1.4326213531414098,4.685893304218874
2017-01-04 05:00:00,17.9,84,0.0,1.6,243,1.4256104387013888,0.7263847995832748
2017-01-04 06:00:00,17.1,89,0.0,1.0,135,-0.7071067811865475,0.7071067811865476
2017-01-04 07:00:00,15.5,93,0.0,4.9,144,-2.880147736233118,3.9641832724372428
2017-01-04 08:00:00,18.5,82,0.0,3.3,174,-0.3449439287832567,3.2819222547153015
2017-01-04 09:00:00,19.9,76,0.0,4.6,231,3.5748714227020657,2.8948737988292517
2017-01-04 10:00:00,21.4,71,0.0,6.4,243,5.702441754805555,2.9055391983330994
2017-01-04 11:00:00,22.5,67,0.0,6.8,245,6.162892951849219,2.873804179836756
2017-01-04 12:00:00,23.3,64,0.0,4.7,247,4.32637281122647,1.8364363038995868
2017-01-04 13:00:00,24.1,60,0.0,3.1,225,2.1920310216782974,2.192031021678297
2017-01-04 14:00:00,24.6,58,0.0,2.9,150,-1.4499999999999993,2.511473670974872
2017-01-04 15:00:00,25.1,55,0.0,1.5,346,0.3628828433995015,-1.4554435894139948
2017-01-04 16:00:00,23.4,65,0.0,8.2,322,5.048424097670398,-6.46168817957512
2017-01-04 17:00:00,21.3,79,0.0,5.4,323,3.2498011250210617,-4.312631754255381
2017-01-04 18:00:00,19.5,89,0.0,4.0,333,1.8159619989581872,-3.564026096753471
2017-01-04 19:00:00,19.3,88,0.0,3.6,37,-2.166534083347374,-2.875087836170254
2017-01-04 20:00:00,20.0,85,0.0,1.3,34,-0.7269507745119705,-1.0777488443215544
2017-01-04 21:00:00,19.7,88,0.0,1.5,76,-1.4554435894139948,-0.3628828433995013
2017-01-04 22:00:00,19.9,86,0.0,1.5,315,1.0606601717798214,-1.0606601717798212
2017-01-04 23:00:00,19.3,89,0.1,2.5,315,1.7677669529663689,-1.7677669529663687
2017-01-05 00:00:00,18.5,93,0.1,1.1,108,-1.0461621679246689,0.3399186938124423
2017-01-05 01:00:00,18.5,93,0.0,2.3,162,-0.7107390870623789,2.187429987478853
2017-01-05 02:00:00,18.4,92,0.0,4.0,185,0.34862297099063255,3.984778792366982
2017-01-05 03:00:00,18.1,93,0.0,5.9,191,1.125773072721615,5.791600382341218
2017-01-05 04:00:00,17.8,94,0.0,7.9,196,2.1775351109542935,7.59396739791272
2017-01-05 05:00:00,17.7,94,0.0,8.8,199,2.8649997592229797,8.320563465273988
2017-01-05 06:00:00,17.6,96,0.0,7.4,194,1.7902220274375409,7.180188374442374
2017-01-05 07:00:00,17.8,95,0.0,7.4,194,1.7902220274375409,7.180188374442374
2017-01-05 08:00:00,19.0,88,0.0,9.3,208,4.366085533908786,8.21141261358802
2017-01-05 09:00:00,20.4,79,0.0,9.4,230,7.200817765318393,6.042203531053469
2017-01-05 10:00:00,21.5,72,0.0,8.5,234,6.876644452187053,4.996174644486022
2017-01-05 11:00:00,22.4,68,0.0,7.1,240,6.148780366869515,3.5499999999999994
2017-01-05 12:00:00,23.1,64,0.0,6.6,257,6.430842427582553,1.484676958669509
2017-01-05 13:00:00,24.0,60,0.0,7.2,267,7.190132650232932,0.37681888494919563
2017-01-05 14:00:00,23.2,64,0.0,8.3,288,7.893769085249775,-2.5648410533120636
2017-01-05 15:00:00,23.0,65,0.0,5.6,285,5.4091846272187825,-1.4493866525741161
2017-01-05 16:00:00,22.6,67,0.0,5.6,297,4.98963653545486,-2.5423467985414616
2017-01-05 17:00:00,20.8,75,0.0,8.1,315,5.727564927611035,-5.727564927611034
2017-01-05 18:00:00,18.4,89,0.0,6.2,353,0.7555899291119145,-6.153786140176196
2017-01-05 19:00:00,18.0,91,0.0,6.9,6,-0.7212463965468082,-6.862201078041087
2017-01-05 20:00:00,18.1,90,0.0,5.5,349,1.049449474570997,-5.3989495089621515
2017-01-05 21:00:00,18.5,88,0.0,2.3,342,0.7107390870623791,-2.1874299874788528
2017-01-05 22:00:00,18.1,90,0.0,2.1,301,1.800051331474436,-1.0815799573111138
2017-01-05 23:00:00,17.5,93,0.0,1.8,53,-1.437543918085127,-1.0832670416736871
2017-01-06 00:00:00,18.2,90,0.0,1.1,90,-1.1,1.3471114790620887e-16
2017-01-06 01:00:00,16.5,96,0.0,5.1,262,5.050367150582009,0.7097828148963337
2017-01-06 02:00:00,16.7,97,0.0,0.4,90,-0.4,4.898587196589413e-17
2017-01-06 03:00:00,16.9,95,0.0,0.7000000000000001,90,-0.7000000000000001,8.572527594031473e-17
2017-01-06 04:00:00,16.7,96,0.0,0.8,27,-0.36319239979163753,-0.7128052193506943
2017-01-06 05:00:00,16.1,98,0.0,3.3,41,-2.1649947956686737,-2.4905416147351476
2017-01-06 06:00:00,16.8,96,0.0,3.8,49,-2.867896404846534,-2.4930243101639267
2017-01-06 07:00:00,16.9,94,0.0,3.1,54,-2.5079526825623377,-1.8221342821066664
2017-01-06 08:00:00,18.9,85,0.0,4.0,27,-1.8159619989581877,-3.564026096753471
2017-01-06 09:00:00,20.3,79,0.0,5.8,353,0.7068421917498554,-5.756767679519667
2017-01-06 10:00:00,21.4,73,0.0,7.9,16,-2.1775351109542913,-7.593967397912721
2017-01-06 11:00:00,22.8,64,0.0,3.5,24,-1.4235782507653003,-3.1974091017491033
2017-01-06 12:00:00,24.1,60,0.0,2.5,352,0.34793275240016364,-2.475670171853926
2017-01-06 13:00:00,24.4,58,0.0,2.6,16,-0.7166571251241971,-2.4992804094396295
2017-01-06 14:00:00,24.7,58,0.1,7.2,354,0.752604935527105,-7.160557646651568
2017-01-06 15:00:00,23.4,66,0.0,10.1,2,-0.35248491669525767,-10.093847352892867
2017-01-06 16:00:00,22.8,67,0.0,7.2,18,-2.2249223594996224,-6.8476069173251055
2017-01-06 17:00:00,21.8,72,0.0,8.8,341,2.8649997592229797,-8.320563465273988
2017-01-06 18:00:00,20.1,81,0.0,8.6,338,3.2216167033768426,-7.973781149274371
2017-01-06 19:00:00,19.5,86,0.0,7.6,5,-0.6623836448822027,-7.571079705497266
2017-01-06 20:00:00,19.5,88,0.0,5.2,344,1.4333142502483958,-4.998560818879258
2017-01-06 21:00:00,19.5,89,0.0,1.1,18,-0.33991869381244233,-1.0461621679246689
2017-01-06 22:00:00,19.5,89,0.0,1.8,307,1.437543918085127,-1.083267041673687
2017-01-06 23:00:00,18.8,94,0.0,6.9,313,5.046340541172277,-4.70578868443124
2017-01-07 00:00:00,18.3,96,0.2,4.0,333,1.8159619989581872,-3.564026096753471
2017-01-07 01:00:00,18.3,97,0.3,2.1,31,-1.0815799573111144,-1.8000513314744355
2017-01-07 02:00:00,19.0,92,0.0,4.5,104,-4.366330768241984,1.0886485301985047
2017-01-07 03:00:00,18.8,92,0.0,3.0,346,0.725765686799003,-2.9108871788279895
2017-01-07 04:00:00,18.1,97,0.0,3.3,319,2.1649947956686737,-2.4905416147351476
2017-01-07 05:00:00,17.6,99,0.0,1.9,22,-0.7117525274902333,-1.7616493236768958
2017-01-07 06:00:00,17.6,99,0.0,2.6,74,-2.499280409439629,-0.7166571251241974
2017-01-07 07:00:00,17.6,97,0.0,3.7,61,-3.236092916415765,-1.7937955949114468
2017-01-07 08:00:00,19.7,85,0.0,2.5,172,-0.3479327524001634,2.475670171853926
2017-01-07 09:00:00,20.9,79,0.0,3.2,243,2.8512208774027776,1.4527695991665497
2017-01-07 10:00:00,22.5,65,0.0,2.6,236,2.1554976886431083,1.453901549023942
2017-01-07 11:00:00,23.8,52,0.0,2.2,270,2.2,0.0
2017-01-07 12:00:00,24.8,49,0.0,0.4,180,2.4492935982947065e-17,0.4
2017-01-07 13:00:00,24.8,52,0.0,1.3,304,1.0777488443215542,-0.726950774511971
2017-01-07 14:00:00,23.7,61,0.0,7.1,336,2.8878301658381815,-6.486172749262466
2017-01-07 15:00:00,23.7,62,0.0,4.1,315,2.899137802864845,-2.8991378028648445
2017-01-07 16:00:00,23.3,64,0.0,7.6,315,5.374011537017761,-5.37401153701776
2017-01-07 17:00:00,21.6,73,0.0,8.1,339,2.902780391316933,-7.5620014546273335
2017-01-07 18:00:00,20.5,79,0.0,6.4,16,-1.7640790772287929,-6.152074854005242
2017-01-07 19:00:00,20.1,81,0.0,6.6,13,-1.4846769586695105,-6.430842427582552
2017-01-07 20:00:00,20.1,82,0.0,4.3,24,-1.7489675652259404,-3.928245467863184
2017-01-07 21:00:00,20.1,81,0.0,5.1,8,-0.7097828148963357,-5.050367150582008
2017-01-07 22:00:00,19.4,84,0.0,4.0,27,-1.8159619989581877,-3.564026096753471
2017-01-07 23:00:00,18.6,87,0.0,4.4,55,-3.604268994871564,-2.5237363199446032
2017-01-08 00:00:00,18.9,83,0.0,4.6,51,-3.5748714227020653,-2.894873798829253
2017-01-08 01:00:00,19.0,80,0.0,5.6,63,-4.98963653545486,-2.542346798541461
2017-01-08 02:00:00,18.9,77,0.0,5.9,43,-4.023790324368742,-4.314986839553106
2017-01-08 03:00:00,18.9,77,0.0,6.9,39,-4.342310698243882,-5.362307134053097
2017-01-08 04:00:00,18.9,75,0.0,7.1,41,-4.658019105832602,-5.358438019581681
2017-01-08 05:00:00,19.0,73,0.0,8.4,43,-5.728786224524988,-6.143371093601032
2017-01-08 06:00:00,19.4,70,0.0,8.7,38,-5.356254835333225,-6.8556935563784815
2017-01-08 07:00:00,19.8,68,0.0,7.9,43,-5.387787044493739,-5.777694242791447
2017-01-08 08:00:00,21.3,64,0.0,9.5,25,-4.014873486536642,-8.609923976848176
2017-01-08 09:00:00,22.6,61,0.0,12.0,9,-1.8772135804827723,-11.852260087141651
2017-01-08 10:00:00,23.8,58,0.0,13.8,6,-1.4424927930936164,-13.724402156082174
2017-01-08 11:00:00,24.6,56,0.0,13.0,3,-0.680367431158276,-12.98218395180946
2017-01-08 12:00:00,25.7,52,0.0,12.2,14,-2.951447126315947,-11.837607860567156
2017-01-08 13:00:00,25.7,53,0.0,12.8,10,-2.2226966741367082,-12.605539238556263
2017-01-08 14:00:00,25.7,53,0.0,12.3,5,-1.0720156357961965,-12.253194786528471
2017-01-08 15:00:00,25.2,56,0.0,12.6,357,0.659433048661094,-12.58273213790763
2017-01-08 16:00:00,23.6,62,0.0,13.8,345,3.571702822414786,-13.329776402789143
2017-01-08 17:00:00,22.0,68,0.0,8.4,340,2.872969203935618,-7.893418014601631
2017-01-08 18:00:00,19.8,76,0.0,7.8,347,1.7546182238821464,-7.6000865053248345
2017-01-08 19:00:00,18.8,80,0.0,7.2,360,4.4087284769304716e-16,-7.2
2017-01-08 20:00:00,18.3,86,0.0,7.3,20,-2.49674704627738,-6.859756131737131
2017-01-08 21:00:00,17.8,87,0.0,4.7,9,-0.7352419856890859,-4.6421352007971475
2017-01-08 22:00:00,16.7,93,0.0,5.1,45,-3.606244584051393,-3.606244584051392
2017-01-08 23:00:00,16.7,92,0.0,6.1,45,-4.31335136523794,-4.313351365237939
2017-01-09 00:00:00,16.2,94,0.0,6.0,33,-3.267834210090162,-5.032023407672544
2017-01-09 01:00:00,16.2,93,0.0,5.2,25,-2.197614961051636,-4.71280049259058
2017-01-09 02:00:00,15.9,92,0.0,5.5,32,-2.9145559532826275,-4.664264528860342
2017-01-09 03:00:00,15.7,92,0.0,6.2,21,-2.2218812871808646,-5.78819864428265
2017-01-09 04:00:00,15.1,93,0.0,5.2,34,-2.907803098047882,-4.3109953772862175
2017-01-09 05:00:00,14.4,93,0.0,6.5,19,-2.116193003971518,-6.1458707413955596
2017-01-09 06:00:00,14.8,91,0.0,4.8,13,-1.0797650608505531,-4.6769763109691285
2017-01-09 07:00:00,14.0,94,0.0,5.0,30,-2.500000000000002,-4.330127018922192
2017-01-09 08:00:00,17.2,79,0.0,4.0,360,2.4492935982947064e-16,-4.0
2017-01-09 09:00:00,18.5,73,0.0,5.8,353,0.7068421917498554,-5.756767679519667
2017-01-09 10:00:00,20.6,63,0.0,5.4,360,3.3065463576978537e-16,-5.4
2017-01-09 11:00:00,22.4,54,0.0,5.9,346,1.4273391840380394,-5.7247447850283795
2017-01-09 12:00:00,23.5,51,0.0,6.6,347,1.4846769586695083,-6.430842427582553
2017-01-09 13:00:00,23.9,51,0.0,8.1,347,1.8221035401853058,-7.892397524760405
2017-01-09 14:00:00,23.9,51,0.0,10.2,350,1.77121141220269,-10.045039080724521
2017-01-09 15:00:00,23.0,53,0.0,12.1,348,2.5157314588948894,-11.835585968879046
2017-01-09 16:00:00,21.3,57,0.0,12.4,352,1.7257464519048118,-12.279324052395474
2017-01-09 17:00:00,19.2,62,0.0,10.9,351,1.705135668938517,-10.765802912487002
2017-01-09 18:00:00,17.0,70,0.0,8.0,352,1.1133848076805237,-7.922144549932563
2017-01-09 19:00:00,15.7,74,0.0,4.7,9,-0.7352419856890859,-4.6421352007971475
2017-01-09 20:00:00,15.3,76,0.0,4.7,23,-1.836436303899587,-4.326372811226469
2017-01-09 21:00:00,15.6,73,0.0,0.8,297,0.7128052193506944,-0.3631923997916374
2017-01-09 22:00:00,14.2,80,0.0,3.1,249,2.8940993221413254,1.1109406435904308
2017-01-09 23:00:00,14.6,77,0.0,2.1,121,-1.8000513314744357,1.0815799573111142
2017-01-10 00:00:00,15.1,76,0.0,0.8,27,-0.36319239979163753,-0.7128052193506943
2017-01-10 01:00:00,14.3,82,0.0,3.1,45,-2.192031021678298,-2.192031021678297
2017-01-10 02:00:00,14.0,84,0.0,5.1,45,-3.606244584051393,-3.606244584051392
2017-01-10 03:00:00,13.7,85,0.0,4.8,42,-3.211826910522519,-3.567095162291493
2017-01-10 04:00:00,14.0,83,0.0,5.1,45,-3.606244584051393,-3.606244584051392
2017-01-10 05:00:00,13.8,85,0.0,4.9,36,-2.880147736233119,-3.9641832724372423
2017-01-10 06:00:00,13.0,89,0.0,6.8,25,-2.873804179836754,-6.16289295184922
2017-01-10 07:00:00,14.3,81,0.0,2.3,51,-1.7874357113510326,-1.4474368994146265
2017-01-10 08:00:00,16.1,79,0.0,2.3,51,-1.7874357113510326,-1.4474368994146265
2017-01-10 09:00:00,18.1,69,0.0,2.5,360,1.5308084989341916e-16,-2.5
2017-01-10 10:00:00,20.1,60,0.0,3.2,333,1.45276959916655,-2.851220877402777
2017-01-10 11:00:00,21.5,55,0.0,5.4,340,1.8469087739586119,-5.074340152243905
2017-01-10 12:00:00,22.7,51,0.0,6.9,354,0.7212463965468089,-6.862201078041086
2017-01-10 13:00:00,23.4,49,0.0,9.1,353,1.1090110249868421,-9.032169979936029
2017-01-10 14:00:00,23.9,47,0.0,10.5,354,1.0975488643103612,-10.44247990136687
2017-01-10 15:00:00,23.2,49,0.0,11.6,353,1.4136843834997108,-11.513535359039334
2017-01-10 16:00:00,21.6,57,0.0,10.5,352,1.4613175600806874,-10.397814721786489
2017-01-10 17:00:00,19.9,65,0.0,7.2,354,0.752604935527105,-7.160557646651568
2017-01-10 18:00:00,16.9,79,0.0,5.6,15,-1.4493866525741155,-5.4091846272187825
2017-01-10 19:00:00,15.8,84,0.0,6.8,58,-5.766727053863697,-3.6034509967857926
2017-01-10 20:00:00,18.0,73,0.0,2.2,81,-2.1729143493093033,-0.3441558230885076
2017-01-10 21:00:00,17.6,75,0.0,0.5,135,-0.35355339059327373,0.3535533905932738
2017-01-10 22:00:00,16.9,78,0.0,1.6,63,-1.4256104387013888,-0.7263847995832747
2017-01-10 23:00:00,15.9,83,0.0,2.4,117,-2.138415658052083,1.0895771993749124
2017-01-11 00:00:00,14.9,87,0.0,5.1,129,-3.963444403430551,3.2095339943541705
2017-01-11 01:00:00,16.7,78,0.0,2.7,23,-1.0549740469210394,-2.4853631043215887
2017-01-11 02:00:00,14.1,89,0.0,4.7,94,-4.688551036221174,0.32785542659739
2017-01-11 03:00:00,15.5,79,0.0,4.6,51,-3.5748714227020653,-2.894873798829253
2017-01-11 04:00:00,15.1,80,0.0,5.4,90,-5.4,6.613092715395707e-16
2017-01-11 05:00:00,16.8,70,0.0,2.9,30,-1.4500000000000013,-2.5114736709748713
2017-01-11 06:00:00,15.8,75,0.0,3.1,54,-2.5079526825623377,-1.8221342821066664
2017-01-11 07:00:00,16.4,70,0.0,2.3,108,-2.1874299874788528,0.7107390870623792
2017-01-11 08:00:00,17.8,71,0.0,2.2,171,-0.34415582308850784,2.1729143493093033
2017-01-11 09:00:00,19.7,66,0.0,4.0,260,3.939231012048832,0.6945927106677213
2017-01-11 10:00:00,21.3,60,0.0,5.9,281,5.791600382341218,-1.1257730727216144
2017-01-11 11:00:00,22.3,57,0.0,5.2,304,4.310995377286217,-2.907803098047884
2017-01-11 12:00:00,23.4,50,0.0,4.1,315,2.899137802864845,-2.8991378028648445
2017-01-11 13:00:00,24.1,47,0.0,3.6,323,2.1665340833473743,-2.875087836170254
2017-01-11 14:00:00,24.4,47,0.0,4.0,275,3.984778792366982,-0.34862297099063266
2017-01-11 15:00:00,24.6,47,0.0,7.4,293,6.811735915548059,-2.891410350820626
2017-01-11 16:00:00,22.2,62,0.0,12.9,330,6.450000000000002,-11.171727708819258
2017-01-11 17:00:00,20.4,71,0.0,8.5,348,1.7672493719509554,-8.314254606237347
2017-01-11 18:00:00,18.5,81,0.0,4.7,337,1.8364363038995866,-4.32637281122647
2017-01-11 19:00:00,17.9,84,0.0,2.9,330,1.4500000000000002,-2.5114736709748717
2017-01-11 20:00:00,17.1,90,0.0,2.9,300,2.511473670974872,-1.4499999999999997
2017-01-11 21:00:00,16.3,94,0.0,3.3,311,2.4905416147351476,-2.1649947956686737
2017-01-11 22:00:00,16.2,93,0.0,1.8,360,1.1021821192326179e-16,-1.8
2017-01-11 23:00:00,16.7,90,0.0,1.9,68,-1.761649323676896,-0.7117525274902328
2017-01-12 00:00:00,16.8,90,0.0,2.4,333,1.0895771993749124,-2.138415658052083
2017-01-12 01:00:00,16.2,93,0.0,3.2,333,1.45276959916655,-2.851220877402777
2017-01-12 02:00:00,16.3,92,0.0,1.8,53,-1.437543918085127,-1.0832670416736871
2017-01-12 03:00:00,16.4,91,0.0,3.1,21,-1.1109406435904323,-2.894099322141325
2017-01-12 04:00:00,16.3,91,0.0,2.5,90,-2.5,3.061616997868383e-16
2017-01-12 05:00:00,16.5,90,0.0,2.9,360,1.7757378587636622e-16,-2.9
2017-01-12 06:00:00,16.5,89,0.0,2.9,97,-2.8783838397598336,0.35342109587492787
2017-01-12 07:00:00,16.9,89,0.0,1.9,22,-0.7117525274902333,-1.7616493236768958
2017-01-12 08:00:00,18.8,74,0.0,3.8,41,-2.4930243101639276,-2.8678964048465336
2017-01-12 09:00:00,20.5,71,0.0,5.2,335,2.197614961051637,-4.7128004925905795
2017-01-12 10:00:00,21.7,66,0.0,3.6,315,2.5455844122715714,-2.545584412271571
2017-01-12 11:00:00,23.2,60,0.0,4.2,290,3.9467090073008158,-1.4364846019678086
2017-01-12 12:00:00,24.5,52,0.0,5.1,278,5.050367150582009,-0.7097828148963337
2017-01-12 13:00:00,24.0,57,0.0,13.5,318,9.033263185844586,-10.032455143944823
2017-01-12 14:00:00,22.7,64,0.0,14.6,350,2.535263393937184,-14.378193193978237
2017-01-12 15:00:00,21.5,68,0.0,14.4,356,1.0044932219154035,-14.36492232374147
2017-01-12 16:00:00,20.8,70,0.0,13.4,5,-1.1678869528186206,-13.34900895442939
2017-01-12 17:00:00,19.5,76,0.0,13.3,3,-0.6960682180311593,-13.281772812235833
2017-01-12 18:00:00,18.1,83,0.0,13.4,6,-1.400681407786555,-13.326593397934865
2017-01-12 19:00:00,16.9,88,0.0,11.2,360,6.858022075225178e-16,-11.2
2017-01-12 20:00:00,17.4,89,0.0,5.8,7,-0.7068421917498535,-5.756767679519668
2017-01-12 21:00:00,17.8,87,0.0,4.7,32,-2.490620541896064,-3.9858260519352022
2017-01-12 22:00:00,17.6,88,0.0,4.3,336,1.7489675652259409,-3.9282454678631837
2017-01-12 23:00:00,17.0,90,0.0,3.1,324,1.8221342821066668,-2.5079526825623373
2017-01-13 00:00:00,16.9,90,0.0,3.2,360,1.9594348786357652e-16,-3.2
2017-01-13 01:00:00,16.8,91,0.0,4.7,32,-2.490620541896064,-3.9858260519352022
2017-01-13 02:00:00,16.4,93,0.0,6.5,360,3.9801020972288977e-16,-6.5
2017-01-13 03:00:00,16.1,95,0.0,6.8,32,-3.603450996785794,-5.766727053863696
2017-01-13 04:00:00,16.0,95,0.0,8.7,5,-0.7582549619046267,-8.666893873398186
2017-01-13 05:00:00,15.7,97,0.0,10.2,10,-1.7712114122026892,-10.045039080724521
2017-01-13 06:00:00,15.2,98,0.0,12.4,22,-4.645121758357313,-11.497079796628164
2017-01-13 07:00:00,15.6,96,0.0,9.3,13,-2.092044805397947,-9.061641602502688
2017-01-13 08:00:00,17.3,84,0.0,7.8,22,-2.921931428644116,-7.232034065620941
2017-01-13 09:00:00,17.5,80,0.0,11.9,335,5.029157314714324,-10.785062665736135
2017-01-13 10:00:00,18.8,71,0.0,11.9,2,-0.4153040107597591,-11.89275084152724
2017-01-13 11:00:00,20.4,64,0.0,11.2,4,-0.7812725059342065,-11.17271736291003
2017-01-13 12:00:00,21.0,61,0.0,10.4,360,6.368163355566237e-16,-10.4
2017-01-13 13:00:00,20.8,60,0.0,8.6,2,-0.3001356716415065,-8.594761112364223
2017-01-13 14:00:00,21.4,58,0.0,7.2,354,0.752604935527105,-7.160557646651568
2017-01-13 15:00:00,20.8,60,0.0,8.6,358,0.3001356716415093,-8.594761112364223
2017-01-13 16:00:00,19.2,65,0.0,10.1,354,1.0557374790032998,-10.04467114321956
2017-01-13 17:00:00,17.4,69,0.0,9.7,358,0.33852511801426044,-9.694091022085228
2017-01-13 18:00:00,16.5,71,0.0,9.4,4,-0.6557108531947805,-9.377102072442348
2017-01-13 19:00:00,15.9,73,0.0,9.5,9,-1.4861274178821948,-9.383039235653808
2017-01-13 20:00:00,15.9,75,0.0,6.9,9,-1.0793978087775942,-6.81504955010645
2017-01-13 21:00:00,15.7,75,0.0,6.5,357,0.3401837155791358,-6.49109197590473
2017-01-13 22:00:00,15.4,77,0.0,4.1,15,-1.0611580849203346,-3.96029588778518
2017-01-13 23:00:00,15.3,77,0.0,3.2,27,-1.4527695991665501,-2.851220877402777
2017-01-14 00:00:00,15.2,78,0.0,4.8,333,2.1791543987498248,-4.276831316104166
2017-01-14 01:00:00,14.2,83,0.0,3.3,84,-3.2819222547153015,-0.3449439287832565
2017-01-14 02:00:00,14.6,82,0.1,4.1,345,1.061158084920335,-3.96029588778518
2017-01-14 03:00:00,14.3,84,0.0,4.8,48,-3.5670951622914924,-3.2118269105225195
2017-01-14 04:00:00,14.9,83,0.0,4.6,18,-1.4214781741247586,-4.3748599749577055
2017-01-14 05:00:00,14.1,85,0.0,7.9,360,4.837354856632045e-16,-7.9
2017-01-14 06:00:00,13.7,88,0.0,5.1,352,0.7097828148963339,-5.050367150582009
2017-01-14 07:00:00,13.4,87,0.2,8.0,10,-1.3891854213354426,-7.878462024097664
2017-01-14 08:00:00,13.3,96,0.1,5.1,352,0.7097828148963339,-5.050367150582009
2017-01-14 09:00:00,13.5,97,0.2,0.8,333,0.3631923997916375,-0.7128052193506943
2017-01-14 10:00:00,13.8,96,0.0,2.5,315,1.7677669529663689,-1.7677669529663687
2017-01-14 11:00:00,13.8,97,0.2,0.5,315,0.3535533905932738,-0.35355339059327373
2017-01-14 12:00:00,14.7,92,0.1,1.1,108,-1.0461621679246689,0.3399186938124423
2017-01-14 13:00:00,16.5,84,0.0,1.6,297,1.4256104387013888,-0.7263847995832748
2017-01-14 14:00:00,17.8,80,0.0,1.8,90,-1.8,2.2043642384652358e-16
2017-01-14 15:00:00,18.3,79,0.0,1.1,108,-1.0461621679246689,0.3399186938124423
2017-01-14 16:00:00,18.1,80,0.0,4.7,356,0.3278554265973886,-4.688551036221174
2017-01-14 17:00:00,16.4,85,0.0,9.7,356,0.6766377953180147,-9.676371287520293
2017-01-14 18:00:00,15.1,86,0.0,9.4,4,-0.6557108531947805,-9.377102072442348
2017-01-14 19:00:00,14.5,88,0.0,5.6,15,-1.4493866525741155,-5.4091846272187825
2017-01-14 20:00:00,14.3,84,0.0,5.1,321,3.209533994354171,-3.963444403430551
2017-01-14 21:00:00,13.6,84,0.1,1.6,27,-0.7263847995832751,-1.4256104387013886
2017-01-14 22:00:00,13.8,86,0.0,1.3,124,-1.0777488443215542,0.726950774511971
2017-01-14 23:00:00,14.0,88,0.0,2.0,315,1.4142135623730951,-1.414213562373095
2017-01-15 00:00:00,13.6,91,0.0,2.1,31,-1.0815799573111144,-1.8000513314744355
2017-01-15 01:00:00,14.1,91,0.0,2.6,34,-1.453901549023941,-2.1554976886431088
2017-01-15 02:00:00,13.9,91,0.0,5.4,8,-0.7515347451843555,-5.34744757120448
2017-01-15 03:00:00,13.8,92,0.0,6.7,36,-3.938161190359571,-5.420413862312147
2017-01-15 04:00:00,14.0,93,0.0,8.1,32,-4.292346040288961,-6.86918957886705
2017-01-15 05:00:00,14.4,93,0.0,6.5,34,-3.6347538725598527,-5.388744221607772
2017-01-15 06:00:00,13.6,94,0.0,7.1,345,1.8376152202278973,-6.858073366652385
2017-01-15 07:00:00,12.8,97,0.0,4.5,29,-2.1816432911085157,-3.935788682127282
2017-01-15 08:00:00,14.1,95,0.0,3.9,338,1.4609657143220567,-3.616017032810471
2017-01-15 09:00:00,14.6,92,0.0,3.2,333,1.45276959916655,-2.851220877402777
2017-01-15 10:00:00,14.6,93,0.2,3.1,21,-1.1109406435904323,-2.894099322141325
2017-01-15 11:00:00,15.8,90,1.6,0.7000000000000001,90,-0.7000000000000001,8.572527594031473e-17
2017-01-15 12:00:00,16.5,87,0.5,3.8,343,1.1110124779463997,-3.6339580726595346
2017-01-15 13:00:00,16.5,90,0.7000000000000001,6.3,24,-2.5624408513775405,-5.755336383148386
2017-01-15 14:00:00,16.7,88,0.4,7.7,37,-4.6339756782707715,-6.149493427364155
2017-01-15 15:00:00,17.3,81,0.2,8.7,60,-7.534421012924615,-4.3500000000000005
2017-01-15 16:00:00,18.0,75,0.1,7.8,34,-4.361704647071823,-6.466493065929326
2017-01-15 17:00:00,16.8,77,0.0,9.4,4,-0.6557108531947805,-9.377102072442348
2017-01-15 18:00:00,15.0,80,0.0,9.8,6,-1.024378940023003,-9.74631457460908
2017-01-15 19:00:00,14.2,82,0.0,5.4,4,-0.37668495821827813,-5.386845871403051
2017-01-15 20:00:00,14.4,77,0.0,6.1,360,3.735172737399427e-16,-6.1
2017-01-15 21:00:00,14.2,77,0.0,6.0,17,-1.7542302283364226,-5.7378285357782115
2017-01-15 22:00:00,14.4,78,0.0,3.3,13,-0.7423384793347553,-3.215421213791276
2017-01-15 23:00:00,14.4,78,0.0,2.5,352,0.34793275240016364,-2.475670171853926
2017-01-16 00:00:00,14.0,79,0.0,3.1,324,1.8221342821066668,-2.5079526825623373
2017-01-16 01:00:00,13.2,82,0.1,3.3,347,0.7423384793347542,-3.2154212137912763
2017-01-16 02:00:00,13.3,84,0.2,4.0,27,-1.8159619989581877,-3.564026096753471
2017-01-16 03:00:00,13.0,89,0.2,6.2,10,-1.0766187015349682,-6.10580806867569
2017-01-16 04:00:00,12.4,95,0.0,7.7,53,-6.149493427364155,-4.633975678270772
2017-01-16 05:00:00,12.3,96,0.0,8.1,13,-1.8221035401853085,-7.892397524760404
2017-01-16 06:00:00,11.8,97,0.0,8.6,15,-2.2258437878816775,-8.306962106085987
2017-01-16 07:00:00,11.9,96,0.0,5.4,53,-4.312631754255381,-3.2498011250210617
2017-01-16 08:00:00,13.8,92,0.0,1.5,346,0.3628828433995015,-1.4554435894139948
2017-01-16 09:00:00,15.4,86,0.0,0.5,315,0.3535533905932738,-0.35355339059327373
2017-01-16 10:00:00,17.2,75,0.0,2.2,279,2.1729143493093033,-0.34415582308850795
2017-01-16 11:00:00,18.6,68,0.0,4.4,279,4.3458286986186065,-0.6883116461770159
2017-01-16 12:00:00,19.3,64,0.0,4.7,261,4.6421352007971475,0.7352419856890852
2017-01-16 13:00:00,20.0,60,0.0,4.0,280,3.939231012048832,-0.6945927106677213
2017-01-16 14:00:00,20.3,58,0.0,4.7,270,4.7,0.0
2017-01-16 15:00:00,19.9,58,0.0,5.3,332,2.4881992827652213,-4.679622242152313
2017-01-16 16:00:00,19.7,58,0.0,7.0,348,1.4553818357243162,-6.847033205136639
2017-01-16 17:00:00,18.9,60,0.0,8.9,346,2.1531048708370424,-8.635631963856369
2017-01-16 18:00:00,16.9,64,0.0,10.1,343,2.952954217699641,-9.658678035226657
2017-01-16 19:00:00,15.1,69,0.0,5.4,8,-0.7515347451843555,-5.34744757120448
2017-01-16 20:00:00,15.4,68,0.0,1.3,214,0.7269507745119709,1.0777488443215544
2017-01-16 21:00:00,14.4,75,0.0,4.0,207,1.8159619989581872,3.564026096753471
2017-01-16 22:00:00,14.3,77,0.0,4.8,222,3.2118269105225195,3.5670951622914924
2017-01-16 23:00:00,13.9,81,0.0,6.3,193,1.4171916423663489,6.1385314081469815
2017-01-17 00:00:00,15.5,73,0.0,3.1,126,-2.507952682562337,1.822134282106667
2017-01-17 01:00:00,13.8,86,0.0,4.7,81,-4.6421352007971475,-0.7352419856890845
2017-01-17 02:00:00,15.3,79,0.0,5.1,39,-3.2095339943541727,-3.96344440343055
2017-01-17 03:00:00,13.9,87,0.0,7.4,29,-3.5875911898228927,-6.4721858328315305
2017-01-17 04:00:00,13.4,89,0.0,7.1,49,-5.358438019581682,-4.6580191058326
2017-01-17 05:00:00,13.5,88,0.0,5.9,38,-3.632402704421383,-4.649263446279661
2017-01-17 06:00:00,14.1,85,0.0,4.9,36,-2.880147736233119,-3.9641832724372423
2017-01-17 07:00:00,13.6,89,0.0,4.2,31,-2.163159914622229,-3.600102662948871
2017-01-17 08:00:00,16.2,75,0.0,2.3,342,0.7107390870623791,-2.1874299874788528
2017-01-17 09:00:00,17.7,67,0.0,2.4,333,1.0895771993749124,-2.138415658052083
2017-01-17 10:00:00,19.6,57,0.0,2.3,18,-0.7107390870623793,-2.1874299874788528
2017-01-17 11:00:00,21.0,50,0.0,1.8,307,1.437543918085127,-1.083267041673687
2017-01-17 12:00:00,22.1,46,0.0,4.7,302,3.9858260519352022,-2.490620541896063
2017-01-17 13:00:00,21.9,51,0.0,7.1,330,3.5500000000000007,-6.148780366869514
2017-01-17 14:00:00,21.5,56,0.0,7.0,339,2.5085756468171025,-6.535062985480412
2017-01-17 15:00:00,21.7,57,0.0,5.3,332,2.4881992827652213,-4.679622242152313
2017-01-17 16:00:00,21.0,60,0.0,6.9,321,4.342310698243879,-5.3623071340531
2017-01-17 17:00:00,19.6,66,0.0,7.1,319,4.658019105832602,-5.358438019581681
2017-01-17 18:00:00,16.8,82,0.0,6.0,343,1.7542302283364206,-5.737828535778212
2017-01-17 19:00:00,17.5,78,0.0,4.0,360,2.4492935982947064e-16,-4.0
2017-01-17 20:00:00,16.1,87,0.0,3.9,124,-3.2332465329646625,2.180852323535913
2017-01-17 21:00:00,16.4,84,0.0,4.7,203,1.8364363038995866,4.32637281122647
2017-01-17 22:00:00,15.6,90,0.0,4.6,231,3.5748714227020657,2.8948737988292517
2017-01-17 23:00:00,16.4,85,0.0,0.8,117,-0.7128052193506943,0.36319239979163753
2017-01-18 00:00:00,16.5,83,0.0,1.4,90,-1.4,1.7145055188062944e-16
2017-01-18 01:00:00,16.2,86,0.0,3.3,13,-0.7423384793347553,-3.215421213791276
2017-01-18 02:00:00,16.2,85,0.0,3.0,76,-2.9108871788279895,-0.7257656867990026
2017-01-18 03:00:00,15.9,86,0.0,3.7,11,-0.7059932828932151,-3.632020578756357
2017-01-18 04:00:00,14.0,95,0.0,5.5,23,-2.149021206691006,-5.062776693988422
2017-01-18 05:00:00,13.9,95,0.0,5.5,58,-4.664264528860343,-2.914555953282626
2017-01-18 06:00:00,14.3,88,0.0,6.1,45,-4.31335136523794,-4.313351365237939
2017-01-18 07:00:00,14.3,92,0.0,4.6,39,-2.894873798829254,-3.5748714227020644
2017-01-18 08:00:00,17.6,75,0.0,4.6,18,-1.4214781741247586,-4.3748599749577055
2017-01-18 09:00:00,18.8,74,0.0,6.6,351,1.032467469265524,-6.518743047927909
2017-01-18 10:00:00,20.5,67,0.0,7.6,352,1.0577155672964975,-7.5260373224359345
2017-01-18 11:00:00,21.9,63,0.0,8.7,5,-0.7582549619046267,-8.666893873398186
2017-01-18 12:00:00,22.8,59,0.0,8.6,2,-0.3001356716415065,-8.594761112364223
2017-01-18 13:00:00,24.1,53,0.0,6.9,6,-0.7212463965468082,-6.862201078041087
2017-01-18 14:00:00,24.5,53,0.0,8.0,333,3.6319239979163744,-7.128052193506942
2017-01-18 15:00:00,23.6,57,0.0,10.3,324,6.054188098612474,-8.332875042061959
2017-01-18 16:00:00,21.7,65,0.0,12.3,328,6.518006950068421,-10.43099158272404
2017-01-18 17:00:00,19.5,74,0.0,10.7,346,2.588564282916444,-10.382164271153162
2017-01-18 18:00:00,18.1,81,0.0,6.6,347,1.4846769586695083,-6.430842427582553
2017-01-18 19:00:00,17.6,84,0.0,7.4,346,1.7902220274375409,-7.180188374442374
2017-01-18 20:00:00,16.9,88,0.0,5.9,11,-1.1257730727216133,-5.791600382341218
2017-01-18 21:00:00,16.4,91,0.0,1.9,338,0.7117525274902327,-1.761649323676896
2017-01-18 22:00:00,16.2,93,0.0,1.4,90,-1.4,1.7145055188062944e-16
2017-01-18 23:00:00,16.6,91,0.0,0.5,135,-0.35355339059327373,0.3535533905932738
2017-01-19 00:00:00,16.3,93,0.0,3.5,24,-1.4235782507653003,-3.1974091017491033
2017-01-19 01:00:00,16.1,94,0.0,3.6,45,-2.545584412271572,-2.545584412271571
2017-01-19 02:00:00,16.5,92,0.1,5.2,25,-2.197614961051636,-4.71280049259058
2017-01-19 03:00:00,16.3,94,0.1,6.2,36,-3.644268564213334,-5.015905365124674
2017-01-19 04:00:00,16.5,92,0.2,5.6,45,-3.9597979746446668,-3.9597979746446654
2017-01-19 05:00:00,16.2,91,0.1,4.6,45,-3.2526911934581193,-3.252691193458118
2017-01-19 06:00:00,15.9,90,0.0,5.2,25,-2.197614961051636,-4.71280049259058
2017-01-19 07:00:00,16.5,84,0.0,7.5,35,-4.301823272632848,-6.143640332167437
2017-01-19 08:00:00,18.1,79,0.0,7.9,30,-3.9500000000000037,-6.841600689897064
2017-01-19 09:00:00,20.3,65,0.0,6.6,9,-1.0324674692655247,-6.5187430479279085
2017-01-19 10:00:00,21.2,66,0.0,8.9,346,2.1531048708370424,-8.635631963856369
2017-01-19 11:00:00,23.0,59,0.0,9.8,354,1.024378940023004,-9.746314574609078
2017-01-19 12:00:00,24.6,50,0.0,10.1,356,0.7045403848156648,-10.075396907624224
2017-01-19 13:00:00,25.3,46,0.0,12.1,343,3.5376976271451146,-11.571287547152728
2017-01-19 14:00:00,24.7,52,0.0,15.0,333,6.809857496093202,-13.365097862825516
2017-01-19 15:00:00,23.4,59,0.0,13.0,346,3.14498464279568,-12.613844441587954
2017-01-19 16:00:00,22.2,63,0.0,11.0,349,2.098898949141994,-10.797899017924303
2017-01-19 17:00:00,20.5,70,0.0,9.5,335,4.014873486536644,-8.609923976848174
2017-01-19 18:00:00,18.4,79,0.0,9.2,334,4.033014550459512,-8.268905225952336
2017-01-19 19:00:00,17.1,86,0.0,8.1,13,-1.8221035401853085,-7.892397524760404
2017-01-19 20:00:00,16.7,89,0.0,6.2,10,-1.0766187015349682,-6.10580806867569
2017-01-19 21:00:00,16.2,91,0.0,5.9,11,-1.1257730727216133,-5.791600382341218
2017-01-19 22:00:00,15.3,95,0.0,4.5,29,-2.1816432911085157,-3.935788682127282
2017-01-19 23:00:00,14.8,95,0.0,6.2,54,-5.015905365124675,-3.644268564213333
2017-01-20 00:00:00,14.1,96,0.0,7.2,357,0.3768188849491966,-7.190132650232932
2017-01-20 01:00:00,14.4,97,0.0,7.3,20,-2.49674704627738,-6.859756131737131
2017-01-20 02:00:00,14.2,97,0.0,9.3,16,-2.56342740909809,-8.939733772226367
2017-01-20 03:00:00,13.9,98,0.0,10.0,13,-2.2495105434386526,-9.743700647852352
2017-01-20 04:00:00,13.8,99,0.0,10.1,360,6.184466335694133e-16,-10.1
2017-01-20 05:00:00,13.1,99,0.0,9.7,2,-0.33852511801425733,-9.694091022085228
2017-01-20 06:00:00,12.6,98,0.0,8.7,7,-1.0602632876247804,-8.635151519279502
2017-01-20 07:00:00,12.5,96,0.0,9.4,360,5.755839955992561e-16,-9.4
2017-01-20 08:00:00,14.1,85,0.0,11.2,360,6.858022075225178e-16,-11.2
2017-01-20 09:00:00,16.0,75,0.0,10.8,358,0.3769145643870117,-10.793420931806235
2017-01-20 10:00:00,17.7,67,0.0,10.9,352,1.5169868004647136,-10.793921949283117
2017-01-20 11:00:00,19.3,60,0.0,12.5,348,2.598896135221993,-12.22684500917257
2017-01-20 12:00:00,20.1,55,0.0,15.4,349,2.9384585287987917,-15.117058625094026
2017-01-20 13:00:00,20.2,51,0.0,18.4,354,1.9233237241248236,-18.299202874776228
2017-01-20 14:00:00,18.9,52,0.0,19.4,1,-0.33857668488329984,-19.39704528603399
2017-01-20 15:00:00,18.8,52,0.0,17.3,1,-0.3019266313650045,-17.29736512620557
2017-01-20 16:00:00,17.5,53,0.0,17.3,355,1.5077943495344859,-17.234168276987198
2017-01-20 17:00:00,15.2,59,0.0,15.8,359,0.27574802170908086,-15.797593583470983
2017-01-20 18:00:00,12.8,66,0.0,14.4,359,0.2513146526968838,-14.397806810252035
2017-01-20 19:00:00,11.7,66,0.0,10.5,6,-1.0975488643103604,-10.442479901366871
2017-01-20 20:00:00,10.6,66,0.0,6.5,360,3.9801020972288977e-16,-6.5
2017-01-20 21:00:00,10.6,64,0.0,4.7,356,0.3278554265973886,-4.688551036221174
2017-01-20 22:00:00,10.4,66,0.0,3.6,360,2.2043642384652358e-16,-3.6
2017-01-20 23:00:00,10.5,66,0.0,3.2,360,1.9594348786357652e-16,-3.2
2017-01-21 00:00:00,10.7,66,0.0,4.3,5,-0.37476969381493047,-4.283637201794505
2017-01-21 01:00:00,10.7,67,0.1,4.7,9,-0.7352419856890859,-4.6421352007971475
2017-01-21 02:00:00,10.6,71,0.3,5.4,8,-0.7515347451843555,-5.34744757120448
2017-01-21 03:00:00,10.2,84,0.7000000000000001,6.2,7,-0.7555899291119125,-6.153786140176197
2017-01-21 04:00:00,10.3,88,0.6,5.5,32,-2.9145559532826275,-4.664264528860342
2017-01-21 05:00:00,10.9,89,0.5,4.0,10,-0.6945927106677213,-3.939231012048832
2017-01-21 06:00:00,10.6,92,0.7000000000000001,5.8,356,0.40458754771592637,-5.78587149150698
2017-01-21 07:00:00,11.0,92,0.4,3.8,17,-1.111012477946401,-3.633958072659534
2017-01-21 08:00:00,12.1,89,0.3,5.4,360,3.3065463576978537e-16,-5.4
2017-01-21 09:00:00,12.9,88,0.2,1.8,37,-1.083267041673687,-1.437543918085127
2017-01-21 10:00:00,14.5,86,0.3,3.1,21,-1.1109406435904323,-2.894099322141325
2017-01-21 11:00:00,15.6,81,0.0,3.9,22,-1.460965714322058,-3.6160170328104706
2017-01-21 12:00:00,17.5,70,0.0,6.1,360,3.735172737399427e-16,-6.1
2017-01-21 13:00:00,18.5,62,0.0,10.4,358,0.36295476570601126,-10.393664600998596
2017-01-21 14:00:00,18.6,60,0.0,12.7,8,-1.7674983821928358,-12.576404473017941
2017-01-21 15:00:00,19.1,55,0.0,15.3,15,-3.959931390068566,-14.778665142222746
2017-01-21 16:00:00,19.1,50,0.0,15.1,18,-4.666156615061708,-14.360953396056818
2017-01-21 17:00:00,17.6,56,0.0,13.0,5,-1.1330246557195571,-12.950531075192693
2017-01-21 18:00:00,15.1,64,0.0,11.7,9,-1.830283240970703,-11.55595358496311
2017-01-21 19:00:00,13.8,68,0.0,8.7,30,-4.350000000000003,-7.534421012924613
2017-01-21 20:00:00,12.4,75,0.0,7.7,11,-1.4692292643993936,-7.558529312547013
2017-01-21 21:00:00,11.7,80,0.0,4.9,54,-3.964183272437243,-2.880147736233118
2017-01-21 22:00:00,11.6,83,0.0,4.7,337,1.8364363038995866,-4.32637281122647
2017-01-21 23:00:00,12.0,78,0.0,2.7,23,-1.0549740469210394,-2.4853631043215887
2017-01-22 00:00:00,11.9,79,0.0,1.1,162,-0.3399186938124421,1.046162167924669
2017-01-22 01:00:00,11.7,79,0.0,3.7,11,-0.7059932828932151,-3.632020578756357
2017-01-22 02:00:00,11.0,81,0.0,4.9,17,-1.4326213531414118,-4.685893304218873
2017-01-22 03:00:00,9.8,88,0.0,6.0,25,-2.5357095704441948,-5.4378467222199
2017-01-22 04:00:00,9.5,89,0.0,6.0,25,-2.5357095704441948,-5.4378467222199
2017-01-22 05:00:00,9.8,88,0.0,5.7,18,-1.7613968679372012,-5.421022142882375
2017-01-22 06:00:00,9.9,89,0.0,5.2,34,-2.907803098047882,-4.3109953772862175
2017-01-22 07:00:00,10.5,86,0.0,6.2,21,-2.2218812871808646,-5.78819864428265
2017-01-22 08:00:00,13.6,72,0.0,10.7,20,-3.6596155335846534,-10.05471104240922
2017-01-22 09:00:00,15.6,64,0.0,10.8,4,-0.7533699164365563,-10.773691742806102
2017-01-22 10:00:00,17.5,57,0.0,9.2,11,-1.7554427574642102,-9.030970087718508
2017-01-22 11:00:00,19.2,49,0.0,8.0,350,1.3891854213354433,-7.878462024097664
2017-01-22 12:00:00,20.1,47,0.0,10.1,360,6.184466335694133e-16,-10.1
2017-01-22 13:00:00,20.8,44,0.0,12.6,358,0.4397336584515136,-12.592324420440606
2017-01-22 14:00:00,20.7,43,0.0,15.1,360,9.246083333562517e-16,-15.1
2017-01-22 15:00:00,20.3,43,0.0,14.1,4,-0.9835662797921707,-14.06565310866352
2017-01-22 16:00:00,19.2,45,0.0,12.6,357,0.659433048661094,-12.58273213790763
2017-01-22 17:00:00,17.2,51,0.0,10.4,340,3.557009490586956,-9.772803256173447
2017-01-22 18:00:00,14.6,58,0.0,6.3,336,2.5624408513775414,-5.755336383148386
2017-01-22 19:00:00,12.5,66,0.0,3.8,343,1.1110124779463997,-3.6339580726595346
2017-01-22 20:00:00,12.4,66,0.0,2.2,351,0.34415582308850806,-2.1729143493093033
2017-01-22 21:00:00,12.5,66,0.0,1.0,315,0.7071067811865476,-0.7071067811865475
2017-01-22 22:00:00,12.7,66,0.0,2.0,135,-1.414213562373095,1.4142135623730951
2017-01-22 23:00:00,13.3,69,0.0,2.4,153,-1.089577199374912,2.138415658052083
2017-01-23 00:00:00,12.9,71,0.0,1.5,14,-0.36288284339950166,-1.4554435894139948
2017-01-23 01:00:00,12.3,79,0.0,3.1,69,-2.8940993221413254,-1.1109406435904314
2017-01-23 02:00:00,12.9,73,0.1,5.3,28,-2.488199282765221,-4.679622242152313
2017-01-23 03:00:00,12.9,70,0.0,4.9,36,-2.880147736233119,-3.9641832724372423
2017-01-23 04:00:00,12.8,73,0.0,4.3,95,-4.283637201794505,0.3747696938149302
2017-01-23 05:00:00,13.2,74,0.0,4.6,51,-3.5748714227020653,-2.894873798829253
2017-01-23 06:00:00,13.1,73,0.0,5.2,12,-1.0811407922523508,-5.086367523815789
2017-01-23 07:00:00,12.3,77,0.0,4.7,67,-4.32637281122647,-1.8364363038995857
2017-01-23 08:00:00,14.2,72,0.1,3.1,21,-1.1109406435904323,-2.894099322141325
2017-01-23 09:00:00,15.0,73,0.0,1.5,45,-1.0606601717798214,-1.0606601717798212
2017-01-23 10:00:00,14.8,77,0.0,2.6,74,-2.499280409439629,-0.7166571251241974
2017-01-23 11:00:00,15.0,79,0.0,1.6,63,-1.4256104387013888,-0.7263847995832747
2017-01-23 12:00:00,16.1,74,0.0,5.9,52,-4.64926344627966,-3.6324027044213834
2017-01-23 13:00:00,18.0,64,0.0,6.8,32,-3.603450996785794,-5.766727053863696
2017-01-23 14:00:00,18.5,61,0.0,8.1,32,-4.292346040288961,-6.86918957886705
2017-01-23 15:00:00,19.2,57,0.0,8.7,38,-5.356254835333225,-6.8556935563784815
2017-01-23 16:00:00,19.2,55,0.0,9.4,360,5.755839955992561e-16,-9.4
2017-01-23 17:00:00,17.7,56,0.0,10.9,343,3.186851581477831,-10.423721839997087
2017-01-23 18:00:00,15.6,61,0.0,8.3,342,2.564841053312064,-7.893769085249775
2017-01-23 19:00:00,14.2,64,0.0,6.5,357,0.3401837155791358,-6.49109197590473
2017-01-23 20:00:00,14.2,64,0.0,2.3,321,1.447436899414626,-1.7874357113510329
2017-01-23 21:00:00,13.4,72,0.0,1.8,270,1.8,0.0
2017-01-23 22:00:00,12.6,75,0.0,2.9,277,2.8783838397598336,-0.35342109587492765
2017-01-23 23:00:00,12.8,77,0.0,1.8,127,-1.4375439180851273,1.0832670416736867
2017-01-24 00:00:00,12.8,77,0.0,2.4,117,-2.138415658052083,1.0895771993749124
2017-01-24 01:00:00,13.7,73,0.0,0.4,270,0.4,0.0
2017-01-24 02:00:00,13.5,74,0.0,1.8,11,-0.3434561916777803,-1.7669289302057951
2017-01-24 03:00:00,13.8,74,0.0,4.3,42,-2.87726160734309,-3.195522749552796
2017-01-24 04:00:00,13.9,73,0.0,3.3,13,-0.7423384793347553,-3.215421213791276
2017-01-24 05:00:00,12.9,75,0.0,3.5,24,-1.4235782507653003,-3.1974091017491033
2017-01-24 06:00:00,13.1,74,0.0,4.3,24,-1.7489675652259404,-3.928245467863184
2017-01-24 07:00:00,12.8,77,0.0,3.6,37,-2.166534083347374,-2.875087836170254
2017-01-24 08:00:00,14.6,73,0.0,3.1,69,-2.8940993221413254,-1.1109406435904314
2017-01-24 09:00:00,15.9,73,0.0,3.1,324,1.8221342821066668,-2.5079526825623373
2017-01-24 10:00:00,16.5,73,0.0,2.1,301,1.800051331474436,-1.0815799573111138
2017-01-24 11:00:00,17.5,69,0.0,2.3,309,1.7874357113510329,-1.4474368994146258
2017-01-24 12:00:00,18.5,64,0.0,2.3,321,1.447436899414626,-1.7874357113510329
2017-01-24 13:00:00,19.2,60,0.0,2.5,352,0.34793275240016364,-2.475670171853926
2017-01-24 14:00:00,18.7,61,0.0,1.1,72,-1.046162167924669,-0.33991869381244205
2017-01-24 15:00:00,19.3,59,0.0,0.5,315,0.3535533905932738,-0.35355339059327373
2017-01-24 16:00:00,19.7,58,0.0,5.2,326,2.9078030980478835,-4.3109953772862175
2017-01-24 17:00:00,18.8,62,0.0,10.1,325,5.793122007145566,-8.273435647318816
2017-01-24 18:00:00,16.2,71,0.0,5.7,325,3.269385687200963,-4.669166652447253
2017-01-24 19:00:00,15.2,72,0.0,4.4,325,2.5237363199446032,-3.604268994871564
2017-01-24 20:00:00,15.0,73,0.0,4.6,315,3.2526911934581184,-3.252691193458118
2017-01-24 21:00:00,14.2,75,0.0,4.1,308,3.2308440897875594,-2.524212048835199
2017-01-24 22:00:00,14.6,71,0.0,1.5,225,1.0606601717798214,1.0606601717798212
2017-01-24 23:00:00,14.4,74,0.0,2.7,293,2.485363104321589,-1.0549740469210394
2017-01-25 00:00:00,14.3,75,0.0,2.6,344,0.7166571251241979,-2.499280409439629
2017-01-25 01:00:00,13.8,77,0.0,4.8,13,-1.0797650608505531,-4.6769763109691285
2017-01-25 02:00:00,14.0,77,0.0,5.3,28,-2.488199282765221,-4.679622242152313
2017-01-25 03:00:00,13.8,80,0.0,4.7,356,0.3278554265973886,-4.688551036221174
2017-01-25 04:00:00,13.4,82,0.0,4.6,45,-3.2526911934581193,-3.252691193458118
2017-01-25 05:00:00,13.9,81,0.0,3.7,331,1.7937955949114475,-3.2360929164157644
2017-01-25 06:00:00,13.7,82,0.0,3.2,90,-3.2,3.9188697572715305e-16
2017-01-25 07:00:00,13.5,84,0.0,1.9,292,1.761649323676896,-0.7117525274902328
2017-01-25 08:00:00,15.1,77,0.2,1.8,101,-1.7669289302057951,0.34345619167778096
2017-01-25 09:00:00,17.1,70,0.0,3.7,281,3.632020578756357,-0.7059932828932158
2017-01-25 10:00:00,18.7,63,0.0,3.2,270,3.2,0.0
2017-01-25 11:00:00,19.6,58,0.0,4.9,287,4.685893304218874,-1.4326213531414103
2017-01-25 12:00:00,19.6,57,0.0,4.8,297,4.276831316104166,-2.1791543987498243
2017-01-25 13:00:00,19.2,60,0.0,3.6,307,2.875087836170254,-2.166534083347374
2017-01-25 14:00:00,19.9,59,0.0,3.6,354,0.3763024677635525,-3.580278823325784
2017-01-25 15:00:00,20.7,55,0.0,6.3,13,-1.417191642366351,-6.1385314081469815
2017-01-25 16:00:00,21.0,53,0.0,9.1,353,1.1090110249868421,-9.032169979936029
2017-01-25 17:00:00,18.8,66,0.0,15.5,338,5.806402197946635,-14.371349745785205
2017-01-25 18:00:00,15.4,80,0.0,13.7,357,0.7170026005283323,-13.681224626137661
2017-01-25 19:00:00,14.1,84,0.0,10.7,12,-2.2246550917500296,-10.46617932785172
2017-01-25 20:00:00,13.1,87,0.0,6.8,360,4.1637991171010006e-16,-6.8
2017-01-25 21:00:00,12.6,87,0.0,6.5,357,0.3401837155791358,-6.49109197590473
2017-01-25 22:00:00,11.8,90,0.0,4.1,15,-1.0611580849203346,-3.96029588778518
2017-01-25 23:00:00,11.1,94,0.0,4.8,347,1.0797650608505516,-4.676976310969129
2017-01-26 00:00:00,10.6,95,0.0,5.2,348,1.0811407922523493,-5.086367523815789
2017-01-26 01:00:00,10.2,96,0.0,5.5,11,-1.0494494745709955,-5.3989495089621515
2017-01-26 02:00:00,10.2,94,0.0,6.1,3,-0.31924933308196024,-6.0916401620029
2017-01-26 03:00:00,10.1,93,0.0,6.8,3,-0.3558845024520213,-6.790680836331102
2017-01-26 04:00:00,10.4,90,0.0,7.3,9,-1.1419715947936866,-7.210124886344505
2017-01-26 05:00:00,9.9,91,0.0,8.4,10,-1.458644692402215,-8.272385125302547
2017-01-26 06:00:00,9.9,93,0.0,4.9,36,-2.880147736233119,-3.9641832724372423
2017-01-26 07:00:00,10.1,91,0.0,6.8,360,4.1637991171010006e-16,-6.8
2017-01-26 08:00:00,12.0,79,0.0,6.2,350,1.0766187015349686,-6.10580806867569
2017-01-26 09:00:00,14.2,70,0.0,6.6,351,1.032467469265524,-6.518743047927909
2017-01-26 10:00:00,16.5,63,0.0,7.1,345,1.8376152202278973,-6.858073366652385
2017-01-26 11:00:00,18.2,58,0.0,7.3,351,1.1419715947936857,-7.210124886344506
2017-01-26 12:00:00,19.7,54,0.0,5.4,352,0.7515347451843536,-5.34744757120448
2017-01-26 13:00:00,20.8,48,0.0,4.7,356,0.3278554265973886,-4.688551036221174
2017-01-26 14:00:00,21.4,44,0.0,2.2,351,0.34415582308850806,-2.1729143493093033
2017-01-26 15:00:00,21.8,42,0.0,4.3,294,3.9282454678631837,-1.7489675652259409
2017-01-26 16:00:00,20.7,45,0.0,11.2,318,7.494262791219212,-8.323222045346816
2017-01-26 17:00:00,18.1,55,0.0,10.0,339,3.583679495453004,-9.335804264972017
2017-01-26 18:00:00,16.6,61,0.0,3.6,354,0.3763024677635525,-3.580278823325784
2017-01-26 19:00:00,15.7,65,0.0,4.0,5,-0.348622970990633,-3.984778792366982
2017-01-26 20:00:00,15.8,64,0.0,4.0,27,-1.8159619989581877,-3.564026096753471
2017-01-26 21:00:00,14.8,71,0.0,4.3,228,3.195522749552795,2.8772616073430903
2017-01-26 22:00:00,15.0,67,0.0,2.7,247,2.485363104321589,1.0549740469210394
2017-01-26 23:00:00,14.6,68,0.0,2.3,51,-1.7874357113510326,-1.4474368994146265
2017-01-27 00:00:00,14.3,70,0.0,1.9,68,-1.761649323676896,-0.7117525274902328
2017-01-27 01:00:00,14.2,70,0.0,2.8,50,-2.1449244407331385,-1.7998053071223097
2017-01-27 02:00:00,13.7,74,0.0,3.0,76,-2.9108871788279895,-0.7257656867990026
2017-01-27 03:00:00,14.0,72,0.0,2.6,56,-2.1554976886431088,-1.4539015490239415
2017-01-27 04:00:00,14.0,73,0.0,3.3,77,-3.2154212137912763,-0.7423384793347544
2017-01-27 05:00:00,14.1,71,0.0,2.7,23,-1.0549740469210394,-2.4853631043215887
2017-01-27 06:00:00,13.4,76,0.0,3.2,90,-3.2,3.9188697572715305e-16
2017-01-27 07:00:00,14.7,70,0.0,2.7,67,-2.485363104321589,-1.0549740469210387
2017-01-27 08:00:00,15.1,69,0.0,4.2,20,-1.436484601967808,-3.9467090073008158
2017-01-27 09:00:00,16.6,62,0.0,4.8,347,1.0797650608505516,-4.676976310969129
2017-01-27 10:00:00,18.4,53,0.0,7.7,349,1.4692292643993958,-7.558529312547013
2017-01-27 11:00:00,20.4,45,0.0,10.5,356,0.732442974313315,-10.474422527728153
2017-01-27 12:00:00,21.5,43,0.0,13.0,358,0.453693457132514,-12.992080751248245
2017-01-27 13:00:00,22.3,42,0.0,15.1,3,-0.790272939268459,-15.079305974794064
2017-01-27 14:00:00,22.3,44,0.0,17.3,2,-0.6037612929532632,-17.289461307430358
2017-01-27 15:00:00,21.9,46,0.0,18.4,3,-0.9629815948701752,-18.37478343948416
2017-01-27 16:00:00,20.7,53,0.0,19.1,3,-0.9996167642402364,-19.07382411381236
2017-01-27 17:00:00,19.3,59,0.0,15.5,1,-0.2705122997778942,-15.497639274924065
2017-01-27 18:00:00,16.9,70,0.0,10.7,14,-2.5885642829164452,-10.382164271153162
2017-01-27 19:00:00,15.6,77,0.0,8.7,30,-4.350000000000003,-7.534421012924613
2017-01-27 20:00:00,13.9,90,0.0,8.9,14,-2.1531048708370433,-8.635631963856369
2017-01-27 21:00:00,15.5,82,0.0,1.1,108,-1.0461621679246689,0.3399186938124423
2017-01-27 22:00:00,13.0,91,0.0,6.5,174,-0.6794350112397481,6.4643923198937765
2017-01-27 23:00:00,13.5,85,0.0,6.7,164,-1.8467702839738938,6.440453362786736
2017-01-28 00:00:00,16.4,71,0.0,2.8,140,-1.7998053071223101,2.1449244407331385
2017-01-28 01:00:00,15.3,74,0.0,2.5,98,-2.475670171853926,0.3479327524001633
2017-01-28 02:00:00,15.6,71,0.0,2.5,90,-2.5,3.061616997868383e-16
2017-01-28 03:00:00,14.0,78,0.0,4.3,90,-4.3,5.265981236333618e-16
2017-01-28 04:00:00,13.2,81,0.0,6.4,74,-6.1520748540052415,-1.7640790772287938
2017-01-28 05:00:00,13.3,81,0.0,6.7,74,-6.440453362786736,-1.8467702839738933
2017-01-28 06:00:00,13.3,81,0.0,6.9,62,-6.092338390726596,-3.239353783222647
2017-01-28 07:00:00,13.1,82,0.0,6.5,56,-5.388744221607772,-3.6347538725598536
2017-01-28 08:00:00,16.7,66,0.0,5.5,32,-2.9145559532826275,-4.664264528860342
2017-01-28 09:00:00,18.3,59,0.0,3.2,297,2.8512208774027776,-1.4527695991665497
2017-01-28 10:00:00,20.0,54,0.0,5.5,238,4.664264528860342,2.914555953282627
2017-01-28 11:00:00,22.1,44,0.0,3.6,264,3.580278823325784,0.37630246776355253
2017-01-28 12:00:00,23.6,39,0.0,2.7,293,2.485363104321589,-1.0549740469210394
2017-01-28 13:00:00,24.6,36,0.0,2.9,300,2.511473670974872,-1.4499999999999997
2017-01-28 14:00:00,25.1,36,0.0,4.9,324,2.8801477362331185,-3.9641832724372428
2017-01-28 15:00:00,24.6,42,0.0,8.4,329,4.326319829244455,-7.200205325897744
2017-01-28 16:00:00,23.0,50,0.0,10.5,329,5.407899786555569,-9.00025665737218
2017-01-28 17:00:00,20.9,57,0.0,8.2,337,3.203995253612044,-7.54813979831001
2017-01-28 18:00:00,17.6,73,0.0,5.2,344,1.4333142502483958,-4.998560818879258
2017-01-28 19:00:00,16.6,81,0.0,5.2,16,-1.4333142502483942,-4.998560818879259
2017-01-28 20:00:00,17.2,81,0.0,0.8,153,-0.36319239979163737,0.7128052193506944
2017-01-28 21:00:00,17.2,80,0.0,0.4,90,-0.4,4.898587196589413e-17
2017-01-28 22:00:00,17.4,78,0.0,1.5,104,-1.4554435894139948,0.3628828433995016
2017-01-28 23:00:00,17.5,76,0.0,2.9,180,1.7757378587636622e-16,2.9
2017-01-29 00:00:00,15.9,82,0.0,5.4,172,-0.7515347451843529,5.34744757120448
2017-01-29 01:00:00,17.6,70,0.0,3.8,131,-2.8678964048465336,2.4930243101639276
2017-01-29 02:00:00,18.0,66,0.0,2.4,63,-2.138415658052083,-1.089577199374912
2017-01-29 03:00:00,17.2,69,0.0,4.3,48,-3.195522749552795,-2.8772616073430903
2017-01-29 04:00:00,16.7,72,0.0,4.8,42,-3.211826910522519,-3.567095162291493
2017-01-29 05:00:00,16.0,76,0.0,4.4,35,-2.523736319944604,-3.604268994871563
2017-01-29 06:00:00,16.2,77,0.0,6.4,38,-3.940233442084212,-5.043268823083022
2017-01-29 07:00:00,16.3,74,0.0,7.9,39,-4.971631089293719,-6.139453095510068
2017-01-29 08:00:00,17.4,75,0.0,6.8,25,-2.873804179836754,-6.16289295184922
2017-01-29 09:00:00,19.1,66,0.0,5.4,8,-0.7515347451843555,-5.34744757120448
2017-01-29 10:00:00,20.9,58,0.0,5.8,4,-0.40458754771592836,-5.78587149150698
2017-01-29 11:00:00,22.8,49,0.0,8.0,8,-1.1133848076805266,-7.922144549932562
2017-01-29 12:00:00,24.6,42,0.0,11.8,12,-2.453357951649566,-11.542141688658907
2017-01-29 13:00:00,25.4,40,0.0,12.5,18,-3.8627124296868445,-11.888206453689419
2017-01-29 14:00:00,26.1,39,0.0,12.2,28,-5.727553065987867,-10.771960632878908
2017-01-29 15:00:00,26.1,39,0.0,11.7,34,-6.542556970607735,-9.69973959889399
2017-01-29 16:00:00,26.1,40,0.0,9.8,36,-5.760295472466238,-7.928366544874485
2017-01-29 17:00:00,24.8,45,0.0,8.4,335,3.5499933986218752,-7.61298541110786
2017-01-29 18:00:00,19.7,67,0.0,5.1,321,3.209533994354171,-3.963444403430551
2017-01-29 19:00:00,18.6,72,0.0,4.0,190,0.6945927106677217,3.939231012048832
2017-01-29 20:00:00,17.6,80,0.0,7.4,256,7.180188374442374,1.7902220274375413
2017-01-29 21:00:00,17.5,81,0.0,5.4,180,3.3065463576978537e-16,5.4
2017-01-29 22:00:00,18.6,74,0.0,2.6,164,-0.7166571251241975,2.499280409439629
2017-01-29 23:00:00,18.4,76,0.0,1.3,56,-1.0777488443215544,-0.7269507745119708
2017-01-30 00:00:00,16.3,84,0.0,4.3,85,-4.283637201794505,-0.37476969381492914
2017-01-30 01:00:00,16.5,77,0.0,2.9,97,-2.8783838397598336,0.35342109587492787
2017-01-30 02:00:00,18.7,65,0.0,2.7,23,-1.0549740469210394,-2.4853631043215887
2017-01-30 03:00:00,17.1,74,0.0,4.0,63,-3.5640260967534716,-1.8159619989581868
2017-01-30 04:00:00,14.8,85,0.0,7.0,12,-1.4553818357243185,-6.847033205136639
2017-01-30 05:00:00,14.9,86,0.0,5.6,50,-4.289848881466277,-3.5996106142446194
2017-01-30 06:00:00,15.8,77,0.0,6.9,39,-4.342310698243882,-5.362307134053097
2017-01-30 07:00:00,16.6,70,0.0,7.8,34,-4.361704647071823,-6.466493065929326
2017-01-30 08:00:00,20.8,50,0.0,1.5,135,-1.0606601717798212,1.0606601717798214
2017-01-30 09:00:00,21.5,50,0.0,8.2,241,7.171881598543044,3.9754388860199636
2017-01-30 10:00:00,22.8,48,0.0,5.8,180,3.5514757175273243e-16,5.8
2017-01-30 11:00:00,24.4,46,0.0,4.0,260,3.939231012048832,0.6945927106677213
2017-01-30 12:00:00,25.6,48,0.0,7.7,323,4.633975678270772,-6.149493427364155
2017-01-30 13:00:00,25.4,54,0.0,11.6,334,5.085105302753298,-10.426010937070338
2017-01-30 14:00:00,24.5,54,0.0,15.0,336,6.101049646137003,-13.703181864639014
2017-01-30 15:00:00,23.4,52,0.0,13.0,341,4.232386007943038,-12.291741482791117
2017-01-30 16:00:00,22.0,53,0.0,14.7,343,4.2978640594242306,-14.05767991265662
2017-01-30 17:00:00,19.5,59,0.0,13.9,350,2.413709669570333,-13.688827766869691
2017-01-30 18:00:00,17.3,66,0.0,11.6,355,1.0110066158728344,-11.555858497864248
2017-01-30 19:00:00,16.1,69,0.0,8.4,353,1.023702484603239,-8.337387673787106
2017-01-30 20:00:00,16.5,68,0.0,6.5,341,2.116193003971519,-6.145870741395559
2017-01-30 21:00:00,16.3,69,0.0,5.5,328,2.914555953282627,-4.664264528860342
2017-01-30 22:00:00,16.4,68,0.0,4.6,342,1.4214781741247582,-4.3748599749577055
2017-01-30 23:00:00,15.9,69,0.0,6.5,357,0.3401837155791358,-6.49109197590473
2017-01-31 00:00:00,15.5,70,0.0,6.5,357,0.3401837155791358,-6.49109197590473
2017-01-31 01:00:00,15.1,70,0.0,6.5,354,0.6794350112397475,-6.4643923198937765
2017-01-31 02:00:00,14.5,72,0.0,7.6,3,-0.39775326744637673,-7.589584464134761
2017-01-31 03:00:00,14.0,73,0.0,7.0,348,1.4553818357243162,-6.847033205136639
2017-01-31 04:00:00,13.1,79,0.0,4.6,18,-1.4214781741247586,-4.3748599749577055
2017-01-31 05:00:00,13.0,79,0.0,4.3,5,-0.37476969381493047,-4.283637201794505
2017-01-31 06:00:00,12.6,81,0.0,5.2,12,-1.0811407922523508,-5.086367523815789
2017-01-31 07:00:00,12.3,82,0.0,4.0,355,0.34862297099063255,-3.984778792366982
2017-01-31 08:00:00,14.4,75,0.0,3.7,331,1.7937955949114475,-3.2360929164157644
2017-01-31 09:00:00,15.6,73,0.0,2.3,342,0.7107390870623791,-2.1874299874788528
2017-01-31 10:00:00,16.9,72,0.0,2.9,300,2.511473670974872,-1.4499999999999997
2017-01-31 11:00:00,18.8,68,0.0,2.3,288,2.1874299874788528,-0.710739087062379
2017-01-31 12:00:00,20.1,63,0.0,2.5,270,2.5,0.0
2017-01-31 13:00:00,21.8,56,0.0,3.8,253,3.6339580726595346,1.1110124779463997
2017-01-31 14:00:00,22.7,52,0.0,6.2,291,5.788198644282651,-2.2218812871808615
2017-01-31 15:00:00,21.0,55,0.0,10.1,333,4.585304047369423,-8.999165894302514
2017-01-31 16:00:00,20.1,58,0.0,11.3,343,3.303800263366926,-10.806243742382302
2017-01-31 17:00:00,19.0,61,0.0,11.0,349,2.098898949141994,-10.797899017924303
2017-01-31 18:00:00,17.7,67,0.0,8.6,345,2.2258437878816784,-8.306962106085987
2017-01-31 19:00:00,16.7,70,0.0,6.9,351,1.0793978087775935,-6.815049550106451
2017-01-31 20:00:00,17.7,67,0.0,2.5,352,0.34793275240016364,-2.475670171853926
2017-01-31 21:00:00,17.5,69,0.0,1.1,90,-1.1,1.3471114790620887e-16
2017-01-31 22:00:00,17.7,68,0.0,0.8,243,0.7128052193506944,0.3631923997916374
2017-01-31 23:00:00,17.2,71,0.5,3.7,281,3.632020578756357,-0.7059932828932158
2017-02-01 00:00:00,16.4,74,0.0,0.7000000000000001,360,4.2862637970157366e-17,-0.7000000000000001
2017-02-01 01:00:00,16.2,77,0.0,2.5,315,1.7677669529663689,-1.7677669529663687
2017-02-01 02:00:00,16.1,79,0.0,4.0,63,-3.5640260967534716,-1.8159619989581868
2017-02-01 03:00:00,16.5,80,0.0,6.6,9,-1.0324674692655247,-6.5187430479279085
2017-02-01 04:00:00,16.0,80,0.0,10.4,360,6.368163355566237e-16,-10.4
2017-02-01 05:00:00,15.3,82,0.0,9.4,356,0.6557108531947772,-9.377102072442348
2017-02-01 06:00:00,15.1,83,0.0,5.5,11,-1.0494494745709955,-5.3989495089621515
2017-02-01 07:00:00,15.0,83,0.0,4.4,305,3.604268994871564,-2.523736319944603
2017-02-01 08:00:00,16.1,81,0.0,3.8,229,2.8678964048465336,2.4930243101639276
2017-02-01 09:00:00,16.8,78,0.0,1.5,315,1.0606601717798214,-1.0606601717798212
2017-02-01 10:00:00,18.7,68,0.0,4.5,241,3.935788682127281,2.1816432911085166
2017-02-01 11:00:00,20.1,62,0.0,5.1,266,5.087576656325103,0.35575801609503904
2017-02-01 12:00:00,19.7,64,0.0,4.6,321,2.894873798829252,-3.5748714227020657
2017-02-01 13:00:00,20.4,62,0.0,5.4,4,-0.37668495821827813,-5.386845871403051
2017-02-01 14:00:00,21.4,59,0.0,8.8,351,1.3766232923540322,-8.691657397237213
2017-02-01 15:00:00,21.2,59,0.0,11.0,349,2.098898949141994,-10.797899017924303
2017-02-01 16:00:00,19.7,62,0.0,12.9,342,3.986319227436822,-12.26862906020748
2017-02-01 17:00:00,17.9,65,0.0,12.1,350,2.101142949769858,-11.916173811447717
2017-02-01 18:00:00,16.9,68,0.0,9.4,356,0.6557108531947772,-9.377102072442348
2017-02-01 19:00:00,16.3,68,0.0,7.7,349,1.4692292643993958,-7.558529312547013
2017-02-01 20:00:00,16.0,69,0.0,6.6,347,1.4846769586695083,-6.430842427582553
2017-02-01 21:00:00,15.8,69,0.0,4.6,18,-1.4214781741247586,-4.3748599749577055
2017-02-01 22:00:00,15.7,69,0.0,5.9,349,1.125773072721615,-5.791600382341218
2017-02-01 23:00:00,15.1,71,0.0,5.0,360,3.061616997868383e-16,-5.0
2017-02-02 00:00:00,14.4,74,0.0,7.6,357,0.3977532674463741,-7.589584464134761
2017-02-02 01:00:00,14.1,74,0.0,8.3,360,5.082284216461516e-16,-8.3
2017-02-02 02:00:00,13.8,75,0.0,8.0,8,-1.1133848076805266,-7.922144549932562
2017-02-02 03:00:00,13.2,77,0.0,7.2,6,-0.7526049355271042,-7.160557646651569
2017-02-02 04:00:00,13.1,77,0.0,6.9,9,-1.0793978087775942,-6.81504955010645
2017-02-02 05:00:00,13.2,76,0.0,6.9,9,-1.0793978087775942,-6.81504955010645
2017-02-02 06:00:00,13.4,74,0.0,6.7,16,-1.8467702839738926,-6.440453362786737
2017-02-02 07:00:00,13.3,75,0.0,6.3,13,-1.417191642366351,-6.1385314081469815
2017-02-02 08:00:00,14.1,75,0.0,5.1,356,0.35575801609503865,-5.087576656325103
2017-02-02 09:00:00,15.1,74,0.0,5.1,356,0.35575801609503865,-5.087576656325103
2017-02-02 10:00:00,16.4,74,0.0,2.9,7,-0.35342109587492676,-2.878383839759834
2017-02-02 11:00:00,18.2,71,0.0,2.0,45,-1.4142135623730954,-1.414213562373095
2017-02-02 12:00:00,19.7,65,0.0,1.8,53,-1.437543918085127,-1.0832670416736871
2017-02-02 13:00:00,21.3,58,0.0,2.5,8,-0.3479327524001646,-2.475670171853926
2017-02-02 14:00:00,22.6,49,0.0,7.1,345,1.8376152202278973,-6.858073366652385
2017-02-02 15:00:00,22.0,48,0.0,12.2,341,3.971931484377312,-11.535326622311663
2017-02-02 16:00:00,20.6,50,0.0,13.8,340,4.71987797789423,-12.967758166845535
2017-02-02 17:00:00,18.6,55,0.0,10.5,338,3.9333692308670756,-9.735430472951268
2017-02-02 18:00:00,16.2,64,0.0,5.5,328,2.914555953282627,-4.664264528860342
2017-02-02 19:00:00,15.1,67,0.0,4.2,329,2.1631599146222276,-3.600102662948872
2017-02-02 20:00:00,14.7,69,0.0,1.3,304,1.0777488443215542,-0.726950774511971
2017-02-02 21:00:00,14.3,72,0.0,1.8,233,1.437543918085127,1.083267041673687
2017-02-02 22:00:00,13.7,77,0.0,4.3,222,2.8772616073430903,3.195522749552795
2017-02-02 23:00:00,13.5,78,0.0,4.4,189,0.6883116461770161,4.3458286986186065
2017-02-03 00:00:00,13.6,81,0.0,5.6,195,1.4493866525741161,5.4091846272187825
2017-02-03 01:00:00,14.2,82,0.0,4.7,157,-1.8364363038995868,4.326372811226469
2017-02-03 02:00:00,15.1,80,0.0,3.1,144,-1.8221342821066664,2.5079526825623373
2017-02-03 03:00:00,14.6,86,0.0,4.7,157,-1.8364363038995868,4.326372811226469
2017-02-03 04:00:00,15.8,81,0.0,3.4,162,-1.050657780874821,3.2335921554035223
2017-02-03 05:00:00,15.5,83,0.0,2.4,153,-1.089577199374912,2.138415658052083
2017-02-03 06:00:00,15.3,84,0.0,2.7,113,-2.485363104321589,1.0549740469210394
2017-02-03 07:00:00,15.1,85,0.0,3.0,104,-2.9108871788279895,0.7257656867990032
2017-02-03 08:00:00,16.6,79,0.0,6.4,196,1.7640790772287946,6.1520748540052415
2017-02-03 09:00:00,18.3,67,0.0,5.6,220,3.5996106142446203,4.289848881466277
2017-02-03 10:00:00,20.2,57,0.0,5.5,238,4.664264528860342,2.914555953282627
2017-02-03 11:00:00,21.3,53,0.0,3.8,253,3.6339580726595346,1.1110124779463997
2017-02-03 12:00:00,22.8,48,0.0,4.4,261,4.3458286986186065,0.6883116461770159
2017-02-03 13:00:00,24.1,44,0.0,6.1,230,4.6728711030257655,3.921004419087889
2017-02-03 14:00:00,23.7,45,0.0,13.1,278,12.972511700514572,-1.8231676225768572
2017-02-03 15:00:00,21.9,56,0.0,10.2,302,8.650090580795544,-5.40517649517869
2017-02-03 16:00:00,21.6,57,0.0,3.5,294,3.197409101749103,-1.4235782507653008
2017-02-03 17:00:00,20.6,60,0.0,5.7,305,4.669166652447253,-3.2693856872009626
2017-02-03 18:00:00,18.4,71,0.0,5.0,300,4.330127018922194,-2.4999999999999996
2017-02-03 19:00:00,16.4,82,0.0,4.3,265,4.283637201794505,0.3747696938149301
2017-02-03 20:00:00,15.8,86,0.0,3.3,229,2.4905416147351476,2.1649947956686737
2017-02-03 21:00:00,15.9,86,0.0,2.5,188,0.34793275240016364,2.475670171853926
2017-02-03 22:00:00,16.2,84,0.0,4.5,209,2.181643291108517,3.935788682127281
2017-02-03 23:00:00,16.1,87,0.0,7.0,249,6.535062985480412,2.5085756468171017
2017-02-04 00:00:00,15.5,93,0.0,2.9,180,1.7757378587636622e-16,2.9
2017-02-04 01:00:00,16.2,87,0.0,4.8,153,-2.179154398749824,4.276831316104166
2017-02-04 02:00:00,16.4,86,0.0,3.3,193,0.7423384793347542,3.2154212137912763
2017-02-04 03:00:00,16.2,87,0.0,2.9,240,2.511473670974872,1.4499999999999997
2017-02-04 04:00:00,15.7,91,0.0,2.6,124,-2.1554976886431083,1.453901549023942
2017-02-04 05:00:00,16.8,81,0.0,1.8,37,-1.083267041673687,-1.437543918085127
2017-02-04 06:00:00,15.8,88,0.0,4.3,312,3.195522749552795,-2.8772616073430903
2017-02-04 07:00:00,15.1,93,0.0,2.1,121,-1.8000513314744357,1.0815799573111142
2017-02-04 08:00:00,16.7,82,0.0,1.4,180,8.572527594031472e-17,1.4
2017-02-04 09:00:00,17.9,77,0.0,3.5,294,3.197409101749103,-1.4235782507653008
2017-02-04 10:00:00,18.8,72,0.0,2.6,326,1.4539015490239418,-2.1554976886431088
2017-02-04 11:00:00,19.5,67,0.0,0.5,45,-0.35355339059327384,-0.35355339059327373
2017-02-04 12:00:00,21.3,59,0.0,3.1,291,2.8940993221413254,-1.1109406435904308
2017-02-04 13:00:00,22.1,57,0.0,5.1,315,3.6062445840513924,-3.606244584051392
2017-02-04 14:00:00,23.5,50,0.0,5.6,310,4.289848881466277,-3.5996106142446194
2017-02-04 15:00:00,22.5,54,0.0,10.2,315,7.212489168102785,-7.212489168102784
2017-02-04 16:00:00,20.6,66,0.0,9.7,329,4.995869326627525,-8.31452281681049
2017-02-04 17:00:00,19.3,72,0.0,7.1,345,1.8376152202278973,-6.858073366652385
2017-02-04 18:00:00,18.2,76,0.0,7.6,357,0.3977532674463741,-7.589584464134761
2017-02-04 19:00:00,17.3,81,0.0,3.9,22,-1.460965714322058,-3.6160170328104706
2017-02-04 20:00:00,17.2,82,0.0,6.4,47,-4.6806636903626915,-4.364789504399989
2017-02-04 21:00:00,17.6,79,0.0,6.2,36,-3.644268564213334,-5.015905365124674
2017-02-04 22:00:00,16.9,82,0.0,5.1,39,-3.2095339943541727,-3.96344440343055
2017-02-04 23:00:00,16.5,82,0.0,5.6,40,-3.5996106142446207,-4.289848881466276
2017-02-05 00:00:00,16.3,82,0.0,5.7,55,-4.669166652447253,-3.269385687200963
2017-02-05 01:00:00,16.7,78,0.0,5.4,37,-3.2498011250210608,-4.312631754255381
2017-02-05 02:00:00,16.4,80,0.0,7.9,24,-3.2132194802988208,-7.217009115376548
2017-02-05 03:00:00,15.8,82,0.0,7.4,39,-4.656970893768801,-5.750880114781583
2017-02-05 04:00:00,14.8,90,0.0,10.0,13,-2.2495105434386526,-9.743700647852352
2017-02-05 05:00:00,14.9,85,0.0,10.8,60,-9.353074360871938,-5.400000000000001
2017-02-05 06:00:00,15.6,77,0.0,9.9,44,-6.877117867544073,-7.121464023352647
2017-02-05 07:00:00,16.2,71,0.0,10.0,38,-6.156614753256581,-7.8801075360672215
2017-02-05 08:00:00,17.4,70,0.0,12.1,10,-2.101142949769857,-11.916173811447717
2017-02-05 09:00:00,17.9,69,0.0,12.1,12,-2.5157314588948934,-11.835585968879046
2017-02-05 10:00:00,20.8,53,0.0,13.1,8,-1.8231676225768623,-12.97251170051457
2017-02-05 11:00:00,22.4,46,0.0,13.0,2,-0.4536934571325099,-12.992080751248245
2017-02-05 12:00:00,22.0,50,0.0,10.9,6,-1.1393602496174215,-10.840288659514181
2017-02-05 13:00:00,21.8,55,0.0,12.1,350,2.101142949769858,-11.916173811447717
2017-02-05 14:00:00,21.6,60,0.0,14.1,4,-0.9835662797921707,-14.06565310866352
2017-02-05 15:00:00,22.9,53,0.0,15.2,5,-1.3247672897644054,-15.142159410994532
2017-02-05 16:00:00,22.1,59,0.0,13.7,346,3.314329969715447,-13.293051449981151
2017-02-05 17:00:00,19.7,76,0.0,11.3,343,3.303800263366926,-10.806243742382302
2017-02-05 18:00:00,18.4,82,0.0,6.1,3,-0.31924933308196024,-6.0916401620029
2017-02-05 19:00:00,17.3,88,0.0,3.8,311,2.8678964048465336,-2.4930243101639276
2017-02-05 20:00:00,16.1,96,0.0,3.7,349,0.7059932828932162,-3.632020578756357
2017-02-05 21:00:00,16.0,95,0.0,6.4,333,2.9055391983331,-5.702441754805554
2017-02-05 22:00:00,15.7,92,0.0,5.1,8,-0.7097828148963357,-5.050367150582008
2017-02-05 23:00:00,15.6,93,0.0,2.4,117,-2.138415658052083,1.0895771993749124
2017-02-06 00:00:00,15.9,90,0.0,5.5,328,2.914555953282627,-4.664264528860342
2017-02-06 01:00:00,14.7,95,0.0,3.8,49,-2.867896404846534,-2.4930243101639267
2017-02-06 02:00:00,15.6,90,0.0,3.0,14,-0.7257656867990033,-2.9108871788279895
2017-02-06 03:00:00,15.4,90,0.0,3.8,17,-1.111012477946401,-3.633958072659534
2017-02-06 04:00:00,14.7,93,0.0,3.3,6,-0.3449439287832561,-3.281922254715302
2017-02-06 05:00:00,14.3,95,0.0,3.7,29,-1.7937955949114464,-3.2360929164157652
2017-02-06 06:00:00,13.7,96,0.0,4.8,42,-3.211826910522519,-3.567095162291493
2017-02-06 07:00:00,14.3,92,0.0,3.6,6,-0.3763024677635521,-3.5802788233257843
2017-02-06 08:00:00,16.1,84,0.0,3.4,328,1.8017254983928965,-2.883363526931848
2017-02-06 09:00:00,17.6,74,0.0,4.9,324,2.8801477362331185,-3.9641832724372428
2017-02-06 10:00:00,19.6,66,0.0,3.1,315,2.1920310216782974,-2.192031021678297
2017-02-06 11:00:00,21.3,60,0.0,4.0,297,3.5640260967534716,-1.815961998958187
2017-02-06 12:00:00,23.0,55,0.0,2.4,333,1.0895771993749124,-2.138415658052083
2017-02-06 13:00:00,24.0,52,0.0,3.4,328,1.8017254983928965,-2.883363526931848
2017-02-06 14:00:00,24.8,48,0.0,7.4,331,3.587591189822895,-6.472185832831529
2017-02-06 15:00:00,24.0,48,0.0,12.9,337,5.040431557511631,-11.874512609536481
2017-02-06 16:00:00,22.5,49,0.0,12.1,333,5.493285046848516,-10.781178942679249
2017-02-06 17:00:00,20.1,54,0.0,9.3,332,4.366085533908786,-8.21141261358802
2017-02-06 18:00:00,18.1,60,0.0,6.8,335,2.873804179836756,-6.162892951849219
2017-02-06 19:00:00,16.8,63,0.0,7.1,345,1.8376152202278973,-6.858073366652385
2017-02-06 20:00:00,15.1,69,0.0,2.6,326,1.4539015490239418,-2.1554976886431088
2017-02-06 21:00:00,14.8,69,0.0,2.9,270,2.9,0.0
2017-02-06 22:00:00,14.7,71,0.0,3.4,198,1.0506577808748212,3.233592155403522
2017-02-06 23:00:00,14.5,73,0.0,3.9,248,3.616017032810471,1.460965714322057
2017-02-07 00:00:00,14.1,77,0.0,1.8,101,-1.7669289302057951,0.34345619167778096
2017-02-07 01:00:00,14.4,76,0.0,2.5,270,2.5,0.0
2017-02-07 02:00:00,14.2,77,0.0,1.5,346,0.3628828433995015,-1.4554435894139948
2017-02-07 03:00:00,14.1,78,0.0,2.5,8,-0.3479327524001646,-2.475670171853926
2017-02-07 04:00:00,14.3,77,0.0,2.3,51,-1.7874357113510326,-1.4474368994146265
2017-02-07 05:00:00,14.8,77,0.0,1.3,34,-0.7269507745119705,-1.0777488443215544
2017-02-07 06:00:00,13.6,80,0.0,3.3,347,0.7423384793347542,-3.2154212137912763
2017-02-07 07:00:00,13.6,79,0.0,2.1,31,-1.0815799573111144,-1.8000513314744355
2017-02-07 08:00:00,15.0,76,0.0,1.4,360,8.572527594031472e-17,-1.4
2017-02-07 09:00:00,17.3,67,0.0,2.0,315,1.4142135623730951,-1.414213562373095
2017-02-07 10:00:00,18.9,62,0.0,4.0,297,3.5640260967534716,-1.815961998958187
2017-02-07 11:00:00,20.6,57,0.0,4.6,288,4.3748599749577055,-1.421478174124758
2017-02-07 12:00:00,22.8,50,0.0,4.0,260,3.939231012048832,0.6945927106677213
2017-02-07 13:00:00,24.1,45,0.0,3.7,281,3.632020578756357,-0.7059932828932158
2017-02-07 14:00:00,24.8,42,0.0,8.2,285,7.92059177557036,-2.12231616984067
2017-02-07 15:00:00,23.5,46,0.0,14.0,314,10.070757204741117,-9.725217186425962
2017-02-07 16:00:00,21.7,51,0.0,13.9,329,7.159029241249753,-11.914625479759362
2017-02-07 17:00:00,19.8,57,0.0,10.0,334,4.383711467890775,-8.98794046299167
2017-02-07 18:00:00,17.3,67,0.0,4.2,329,2.1631599146222276,-3.600102662948872
2017-02-07 19:00:00,17.2,66,0.0,2.1,239,1.800051331474436,1.0815799573111138
2017-02-07 20:00:00,16.0,76,0.0,8.7,185,0.7582549619046257,8.666893873398186
2017-02-07 21:00:00,16.0,77,0.0,7.2,186,0.752604935527105,7.160557646651568
2017-02-07 22:00:00,15.9,78,0.0,8.0,198,2.4721359549995796,7.608452130361228
2017-02-07 23:00:00,14.9,84,0.0,4.9,216,2.8801477362331185,3.9641832724372428
2017-02-08 00:00:00,15.1,83,0.0,3.1,249,2.8940993221413254,1.1109406435904308
2017-02-08 01:00:00,15.4,81,0.0,1.1,180,6.735557395310444e-17,1.1
2017-02-08 02:00:00,15.8,79,0.0,1.4,180,8.572527594031472e-17,1.4
2017-02-08 03:00:00,16.2,80,0.0,5.8,176,-0.4045875477159269,5.78587149150698
2017-02-08 04:00:00,16.5,81,0.0,7.3,237,6.122295146001595,3.9758649556096977
2017-02-08 05:00:00,15.7,84,0.0,5.9,227,4.314986839553106,4.023790324368742
2017-02-08 06:00:00,15.2,87,0.0,3.7,241,3.2360929164157644,1.7937955949114472
2017-02-08 07:00:00,14.9,87,0.0,2.6,304,2.1554976886431083,-1.453901549023942
2017-02-08 08:00:00,16.4,81,0.0,2.8,220,1.7998053071223101,2.1449244407331385
2017-02-08 09:00:00,18.1,73,0.0,6.4,223,4.36478950439999,4.6806636903626915
2017-02-08 10:00:00,19.5,65,0.0,9.6,236,7.958760696528399,5.36825187331917
2017-02-08 11:00:00,21.6,55,0.0,12.4,244,11.145046174109671,5.43580222018456
2017-02-08 12:00:00,22.4,51,0.0,11.5,266,11.471986577987979,0.802199448057441
2017-02-08 13:00:00,21.3,56,0.0,13.0,304,10.77748844321554,-7.26950774511971
2017-02-08 14:00:00,20.0,63,0.0,13.6,323,8.184684314867857,-10.861442936643183
2017-02-08 15:00:00,19.1,66,0.0,8.4,350,1.4586446924022156,-8.272385125302547
2017-02-08 16:00:00,19.5,65,0.0,5.6,40,-3.5996106142446207,-4.289848881466276
2017-02-08 17:00:00,19.2,65,0.0,7.2,342,2.224922359499622,-6.8476069173251055
2017-02-08 18:00:00,16.9,74,0.0,8.4,340,2.872969203935618,-7.893418014601631
2017-02-08 19:00:00,15.6,80,0.0,8.0,355,0.6972459419812651,-7.969557584733964
2017-02-08 20:00:00,15.5,81,0.0,8.0,10,-1.3891854213354426,-7.878462024097664
2017-02-08 21:00:00,14.9,85,0.0,10.3,12,-2.141490415422926,-10.074920287558198
2017-02-08 22:00:00,14.3,89,0.0,11.0,11,-2.098898949141991,-10.797899017924303
2017-02-08 23:00:00,13.8,92,0.0,13.8,6,-1.4424927930936164,-13.724402156082174
2017-02-09 00:00:00,13.7,91,0.0,14.9,15,-3.8564037720275572,-14.392294811707119
2017-02-09 01:00:00,14.1,87,0.0,17.8,21,-6.378949501906353,-16.61773159165019
2017-02-09 02:00:00,13.8,86,0.0,18.9,18,-5.840421193686509,-17.9749681579784
2017-02-09 03:00:00,13.2,87,0.0,16.2,359,0.2827289842839943,-16.197532661533536
2017-02-09 04:00:00,12.2,86,0.0,17.3,355,1.5077943495344859,-17.234168276987198
2017-02-09 05:00:00,11.1,85,0.0,20.9,4,-1.4579103012522245,-20.849088650430325
2017-02-09 06:00:00,10.6,80,0.0,21.4,8,-2.9783043605454087,-21.191736671069602
2017-02-09 07:00:00,10.3,76,0.0,19.7,8,-2.7417100889132966,-19.50828095420893
2017-02-09 08:00:00,11.2,71,0.0,16.9,360,1.0348265452795135e-15,-16.9
2017-02-09 09:00:00,12.9,63,0.0,15.5,357,0.8112073217656315,-15.478757788695894
2017-02-09 10:00:00,14.4,57,0.0,18.7,360,1.1450447572027753e-15,-18.7
2017-02-09 11:00:00,15.4,52,0.0,22.3,3,-1.167091824217658,-22.269438625026996
2017-02-09 12:00:00,15.9,48,0.0,21.3,5,-1.8564173205251209,-21.21894706935418
2017-02-09 13:00:00,15.9,47,0.0,20.6,4,-1.4369833591289871,-20.54981943535238
2017-02-09 14:00:00,15.6,47,0.0,19.4,360,1.1879073951729326e-15,-19.4
2017-02-09 15:00:00,14.9,47,0.0,20.6,356,1.43698335912898,-20.54981943535238
2017-02-09 16:00:00,12.9,50,0.0,23.4,4,-1.6323014856125384,-23.342998776079884
2017-02-09 17:00:00,11.7,52,0.0,19.8,12,-4.116651478191644,-19.36732249452935
2017-02-09 18:00:00,10.7,54,0.0,15.1,359,0.26353133720298233,-15.097700196861508
2017-02-09 19:00:00,9.7,54,0.0,13.0,357,0.6803674311582716,-12.98218395180946
2017-02-09 20:00:00,9.2,57,0.0,11.9,360,7.286648454926752e-16,-11.9
2017-02-09 21:00:00,9.6,56,0.0,10.2,8,-1.4195656297926713,-10.100734301164016
2017-02-09 22:00:00,10.2,53,0.0,10.1,2,-0.35248491669525767,-10.093847352892867
2017-02-09 23:00:00,10.2,51,0.0,11.2,2,-0.3908743630680085,-11.193177262613872
2017-02-10 00:00:00,10.0,51,0.0,10.8,358,0.3769145643870117,-10.793420931806235
2017-02-10 01:00:00,9.3,53,0.0,10.1,356,0.7045403848156648,-10.075396907624224
2017-02-10 02:00:00,9.2,55,0.0,9.0,358,0.31409547032250973,-8.994517443171862
2017-02-10 03:00:00,8.4,58,0.0,8.3,355,0.7233926648055626,-8.268415994161488
2017-02-10 04:00:00,7.9,60,0.0,7.2,357,0.3768188849491966,-7.190132650232932
2017-02-10 05:00:00,7.9,58,0.0,9.0,5,-0.7844016847289242,-8.96575228282571
2017-02-10 06:00:00,8.1,58,0.0,8.0,355,0.6972459419812651,-7.969557584733964
2017-02-10 07:00:00,7.2,57,0.0,7.6,357,0.3977532674463741,-7.589584464134761
2017-02-10 08:00:00,8.5,56,0.0,4.7,351,0.7352419856890854,-4.6421352007971475
2017-02-10 09:00:00,10.0,55,0.0,3.7,331,1.7937955949114475,-3.2360929164157644
2017-02-10 10:00:00,12.1,56,0.0,2.8,320,1.7998053071223101,-2.1449244407331385
2017-02-10 11:00:00,14.1,53,0.0,4.4,325,2.5237363199446032,-3.604268994871564
2017-02-10 12:00:00,15.4,46,0.0,7.8,347,1.7546182238821464,-7.6000865053248345
2017-02-10 13:00:00,15.7,41,0.0,10.9,352,1.5169868004647136,-10.793921949283117
2017-02-10 14:00:00,15.3,39,0.0,13.0,2,-0.4536934571325099,-12.992080751248245
2017-02-10 15:00:00,14.8,39,0.0,15.1,360,9.246083333562517e-16,-15.1
2017-02-10 16:00:00,13.4,42,0.0,16.2,356,1.1300548746548287,-16.16053761420915
2017-02-10 17:00:00,12.3,45,0.0,15.2,5,-1.3247672897644054,-15.142159410994532
2017-02-10 18:00:00,11.5,47,0.0,13.1,8,-1.8231676225768623,-12.97251170051457
2017-02-10 19:00:00,10.8,49,0.0,11.2,2,-0.3908743630680085,-11.193177262613872
2017-02-10 20:00:00,10.6,50,0.0,10.5,4,-0.7324429743133186,-10.474422527728153
2017-02-10 21:00:00,10.3,51,0.0,8.7,355,0.7582549619046257,-8.666893873398186
2017-02-10 22:00:00,10.1,52,0.0,6.2,7,-0.7555899291119125,-6.153786140176197
2017-02-10 23:00:00,10.2,52,0.0,7.2,360,4.4087284769304716e-16,-7.2
2017-02-11 00:00:00,10.0,54,0.0,5.8,7,-0.7068421917498535,-5.756767679519668
2017-02-11 01:00:00,10.0,57,0.1,5.0,360,3.061616997868383e-16,-5.0
2017-02-11 02:00:00,9.9,58,0.1,6.2,10,-1.0766187015349682,-6.10580806867569
2017-02-11 03:00:00,9.9,58,0.0,7.3,9,-1.1419715947936866,-7.210124886344505
2017-02-11 04:00:00,9.7,57,0.0,7.3,9,-1.1419715947936866,-7.210124886344505
2017-02-11 05:00:00,9.8,56,0.0,6.7,16,-1.8467702839738926,-6.440453362786737
2017-02-11 06:00:00,9.5,57,0.0,5.4,356,0.3766849582182763,-5.386845871403051
2017-02-11 07:00:00,9.2,57,0.0,4.5,14,-1.088648530198505,-4.366330768241984
2017-02-11 08:00:00,10.2,64,0.0,1.1,360,6.735557395310444e-17,-1.1
2017-02-11 09:00:00,12.3,69,0.0,2.5,278,2.475670171853926,-0.3479327524001636
2017-02-11 10:00:00,13.9,65,0.0,4.0,275,3.984778792366982,-0.34862297099063266
2017-02-11 11:00:00,15.3,55,0.0,4.0,280,3.939231012048832,-0.6945927106677213
2017-02-11 12:00:00,16.5,47,0.0,4.1,285,3.96029588778518,-1.061158084920335
2017-02-11 13:00:00,17.6,42,0.0,4.2,290,3.9467090073008158,-1.4364846019678086
2017-02-11 14:00:00,18.2,39,0.0,5.5,302,4.664264528860342,-2.914555953282627
2017-02-11 15:00:00,18.0,37,0.0,9.7,329,4.995869326627525,-8.31452281681049
2017-02-11 16:00:00,16.4,39,0.0,15.5,348,3.2226312076752714,-15.161287811373986
2017-02-11 17:00:00,14.6,42,0.0,14.8,356,1.0323958114130536,-14.763947943845398
2017-02-11 18:00:00,12.7,47,0.0,11.2,356,0.7812725059342026,-11.17271736291003
2017-02-11 19:00:00,11.4,50,0.0,9.7,358,0.33852511801426044,-9.694091022085228
2017-02-11 20:00:00,10.9,54,0.0,6.1,3,-0.31924933308196024,-6.0916401620029
2017-02-11 21:00:00,10.6,55,0.0,2.3,18,-0.7107390870623793,-2.1874299874788528
2017-02-11 22:00:00,10.7,55,0.0,0.4,180,2.4492935982947065e-17,0.4
2017-02-11 23:00:00,10.4,56,0.0,0.4,270,0.4,0.0
2017-02-12 00:00:00,10.5,58,0.0,1.1,90,-1.1,1.3471114790620887e-16
2017-02-12 01:00:00,9.9,62,0.0,1.3,34,-0.7269507745119705,-1.0777488443215544
2017-02-12 02:00:00,10.4,60,0.0,2.7,23,-1.0549740469210394,-2.4853631043215887
2017-02-12 03:00:00,10.0,64,0.0,4.9,36,-2.880147736233119,-3.9641832724372423
2017-02-12 04:00:00,10.0,65,0.0,4.3,42,-2.87726160734309,-3.195522749552796
2017-02-12 05:00:00,9.9,67,0.0,4.1,45,-2.8991378028648453,-2.8991378028648445
2017-02-12 06:00:00,9.7,70,0.0,4.2,31,-2.163159914622229,-3.600102662948871
2017-02-12 07:00:00,10.2,69,0.0,6.0,33,-3.267834210090162,-5.032023407672544
2017-02-12 08:00:00,12.2,59,0.0,2.7,23,-1.0549740469210394,-2.4853631043215887
2017-02-12 09:00:00,14.3,60,0.0,3.1,339,1.1109406435904312,-2.8940993221413254
2017-02-12 10:00:00,16.1,59,0.0,2.8,310,2.1449244407331385,-1.7998053071223097
2017-02-12 11:00:00,17.7,54,0.0,3.9,248,3.616017032810471,1.460965714322057
2017-02-12 12:00:00,19.5,44,0.0,6.6,248,6.1194134401407965,2.472403516545019
2017-02-12 13:00:00,20.1,40,0.0,8.1,249,7.5620014546273335,2.902780391316932
2017-02-12 14:00:00,20.7,38,0.0,9.2,259,9.030970087718508,1.755442757464212
2017-02-12 15:00:00,20.5,39,0.0,12.0,291,11.202965117966421,-4.300415394543603
2017-02-12 16:00:00,18.3,46,0.0,16.1,333,7.309247045806704,-14.345205039432722
2017-02-12 17:00:00,16.9,48,0.0,12.6,336,5.124881702755083,-11.510672766296771
2017-02-12 18:00:00,15.2,55,0.0,6.4,344,1.7640790772287946,-6.1520748540052415
2017-02-12 19:00:00,14.1,57,0.0,6.6,351,1.032467469265524,-6.518743047927909
2017-02-12 20:00:00,13.8,58,0.0,5.7,342,1.7613968679372005,-5.421022142882375
2017-02-12 21:00:00,12.9,61,0.0,3.4,328,1.8017254983928965,-2.883363526931848
2017-02-12 22:00:00,13.1,59,0.0,0.8,153,-0.36319239979163737,0.7128052193506944
2017-02-12 23:00:00,13.0,60,0.0,2.0,225,1.4142135623730951,1.414213562373095
2017-02-13 00:00:00,12.7,61,0.0,0.8,153,-0.36319239979163737,0.7128052193506944
2017-02-13 01:00:00,12.4,62,0.0,0.7000000000000001,90,-0.7000000000000001,8.572527594031473e-17
2017-02-13 02:00:00,12.5,63,0.0,1.9,112,-1.7616493236768958,0.7117525274902332
2017-02-13 03:00:00,12.6,65,0.0,1.8,79,-1.7669289302057951,-0.3434561916777805
2017-02-13 04:00:00,12.2,67,0.0,4.3,42,-2.87726160734309,-3.195522749552796
2017-02-13 05:00:00,11.5,70,0.0,5.1,39,-3.2095339943541727,-3.96344440343055
2017-02-13 06:00:00,11.6,70,0.0,5.4,53,-4.312631754255381,-3.2498011250210617
2017-02-13 07:00:00,12.1,68,0.0,3.4,72,-3.2335921554035223,-1.0506577808748208
2017-02-13 08:00:00,14.2,60,0.0,2.5,360,1.5308084989341916e-16,-2.5
2017-02-13 09:00:00,16.5,57,0.0,2.8,310,2.1449244407331385,-1.7998053071223097
2017-02-13 10:00:00,18.0,54,0.0,5.5,293,5.062776693988422,-2.149021206691006
2017-02-13 11:00:00,19.2,49,0.0,6.1,273,6.0916401620029,-0.31924933308195735
2017-02-13 12:00:00,20.9,42,0.0,4.3,265,4.283637201794505,0.3747696938149301
2017-02-13 13:00:00,21.6,39,0.0,3.6,315,2.5455844122715714,-2.545584412271571
2017-02-13 14:00:00,22.0,36,0.0,6.4,308,5.043268823083021,-3.9402334420842133
2017-02-13 15:00:00,21.8,37,0.0,7.9,313,5.777694242791447,-5.387787044493738
2017-02-13 16:00:00,20.4,43,0.0,10.8,334,4.734408385322037,-9.706975700031006
2017-02-13 17:00:00,19.6,47,0.0,9.5,349,1.8126854560771768,-9.325458242752807
2017-02-13 18:00:00,18.4,52,0.0,7.0,339,2.5085756468171025,-6.535062985480412
2017-02-13 19:00:00,17.6,56,0.0,6.4,344,1.7640790772287946,-6.1520748540052415
2017-02-13 20:00:00,16.1,66,0.0,4.7,302,3.9858260519352022,-2.490620541896063
2017-02-13 21:00:00,15.6,68,0.0,3.6,217,2.1665340833473743,2.875087836170254
2017-02-13 22:00:00,15.3,69,0.0,4.6,225,3.2526911934581184,3.252691193458118
2017-02-13 23:00:00,15.2,68,0.0,3.1,249,2.8940993221413254,1.1109406435904308
2017-02-14 00:00:00,15.0,69,0.0,1.1,108,-1.0461621679246689,0.3399186938124423
2017-02-14 01:00:00,14.9,69,0.0,1.0,45,-0.7071067811865477,-0.7071067811865475
2017-02-14 02:00:00,14.7,70,0.0,0.7000000000000001,90,-0.7000000000000001,8.572527594031473e-17
2017-02-14 03:00:00,14.7,70,0.0,0.7000000000000001,90,-0.7000000000000001,8.572527594031473e-17
2017-02-14 04:00:00,14.9,69,0.0,2.1,121,-1.8000513314744357,1.0815799573111142
2017-02-14 05:00:00,15.3,67,0.0,1.0,135,-0.7071067811865475,0.7071067811865476
2017-02-14 06:00:00,14.9,68,0.0,1.8,79,-1.7669289302057951,-0.3434561916777805
2017-02-14 07:00:00,13.8,73,0.0,3.7,79,-3.632020578756357,-0.7059932828932155
2017-02-14 08:00:00,16.0,66,0.0,1.1,162,-0.3399186938124421,1.046162167924669
2017-02-14 09:00:00,18.2,59,0.0,3.0,256,2.9108871788279895,0.7257656867990032
2017-02-14 10:00:00,19.8,55,0.0,5.0,270,5.0,0.0
2017-02-14 11:00:00,21.3,46,0.0,5.2,282,5.08636752381579,-1.0811407922523486
2017-02-14 12:00:00,22.1,42,0.0,6.0,295,5.437846722219899,-2.5357095704441965
2017-02-14 13:00:00,22.7,38,0.0,5.9,308,4.64926344627966,-3.6324027044213842
2017-02-14 14:00:00,22.7,37,0.0,9.4,310,7.200817765318393,-6.042203531053469
2017-02-14 15:00:00,21.9,41,0.0,12.2,317,8.320379992762481,-8.922515159753878
2017-02-14 16:00:00,20.8,43,0.0,9.8,324,5.760295472466237,-7.9283665448744856
2017-02-14 17:00:00,19.8,46,0.0,6.9,332,3.239353783222647,-6.092338390726596
2017-02-14 18:00:00,18.1,53,0.0,4.1,315,2.899137802864845,-2.8991378028648445
2017-02-14 19:00:00,16.8,60,0.0,2.7,293,2.485363104321589,-1.0549740469210394
2017-02-14 20:00:00,15.3,68,0.0,4.8,222,3.2118269105225195,3.5670951622914924
2017-02-14 21:00:00,16.2,64,0.0,4.1,195,1.061158084920335,3.96029588778518
2017-02-14 22:00:00,15.6,67,0.0,3.1,225,2.1920310216782974,2.192031021678297
2017-02-14 23:00:00,14.7,71,0.0,3.7,209,1.7937955949114475,3.2360929164157644
2017-02-15 00:00:00,14.6,71,0.0,5.2,196,1.4333142502483958,4.998560818879258
2017-02-15 01:00:00,14.2,74,0.0,6.0,205,2.5357095704441965,5.437846722219899
2017-02-15 02:00:00,13.6,78,0.0,5.9,194,1.4273391840380394,5.7247447850283795
2017-02-15 03:00:00,13.0,83,0.0,6.1,183,0.3192493330819582,6.0916401620029
2017-02-15 04:00:00,12.8,87,0.0,5.7,198,1.7613968679372005,5.421022142882375
2017-02-15 05:00:00,12.0,91,0.0,5.6,195,1.4493866525741161,5.4091846272187825
2017-02-15 06:00:00,11.8,92,0.0,5.8,184,0.40458754771592637,5.78587149150698
2017-02-15 07:00:00,12.9,92,0.0,5.2,192,1.0811407922523493,5.086367523815789
2017-02-15 08:00:00,15.5,76,0.0,7.9,210,3.950000000000001,6.841600689897065
2017-02-15 09:00:00,17.5,67,0.0,10.7,230,8.196675541373065,6.87782742364597
2017-02-15 10:00:00,19.4,57,0.0,12.0,231,9.32575153748365,7.551844692598049
2017-02-15 11:00:00,21.1,45,0.0,13.7,235,11.222383006759188,7.85799717800933
2017-02-15 12:00:00,22.1,39,0.0,13.5,241,11.807366046381842,6.54492987332555
2017-02-15 13:00:00,22.1,38,0.0,12.8,254,12.304149708010483,3.5281581544575893
2017-02-15 14:00:00,21.7,38,0.0,13.0,268,12.992080751248245,0.4536934571325126
2017-02-15 15:00:00,20.6,37,0.0,11.1,283,10.81550771911611,-2.4969567032169016
2017-02-15 16:00:00,19.9,39,0.0,8.2,299,7.171881598543044,-3.9754388860199636
2017-02-15 17:00:00,18.2,47,0.0,7.2,297,6.415246974156249,-3.2687315981247367
2017-02-15 18:00:00,15.2,66,0.0,4.7,279,4.6421352007971475,-0.7352419856890852
2017-02-15 19:00:00,14.7,74,0.0,4.8,257,4.676976310969129,1.079765060850552
2017-02-15 20:00:00,14.9,74,0.0,2.6,74,-2.499280409439629,-0.7166571251241974
2017-02-15 21:00:00,14.9,73,0.0,1.0,135,-0.7071067811865475,0.7071067811865476
2017-02-15 22:00:00,12.6,85,0.0,4.7,189,0.7352419856890854,4.6421352007971475
2017-02-15 23:00:00,12.0,86,0.0,6.5,183,0.3401837155791358,6.49109197590473
2017-02-16 00:00:00,12.4,81,0.0,5.4,176,-0.3766849582182768,5.386845871403051
2017-02-16 01:00:00,12.5,77,0.0,4.3,156,-1.748967565225941,3.9282454678631837
2017-02-16 02:00:00,12.7,70,0.0,3.8,139,-2.493024310163927,2.867896404846534
2017-02-16 03:00:00,12.8,67,0.0,3.9,124,-3.2332465329646625,2.180852323535913
2017-02-16 04:00:00,12.9,66,0.0,4.1,105,-3.9602958877851795,1.0611580849203361
2017-02-16 05:00:00,14.1,60,0.0,3.2,117,-2.851220877402777,1.4527695991665501
2017-02-16 06:00:00,15.1,56,0.0,1.8,101,-1.7669289302057951,0.34345619167778096
2017-02-16 07:00:00,13.8,64,0.0,4.0,85,-3.984778792366982,-0.3486229709906318
2017-02-16 08:00:00,15.7,56,0.0,3.6,37,-2.166534083347374,-2.875087836170254
2017-02-16 09:00:00,17.6,51,0.0,4.1,345,1.061158084920335,-3.96029588778518
2017-02-16 10:00:00,19.9,43,0.0,4.3,336,1.7489675652259409,-3.9282454678631837
2017-02-16 11:00:00,21.7,38,0.0,5.0,330,2.5000000000000004,-4.330127018922193
2017-02-16 12:00:00,22.9,38,0.0,5.2,326,2.9078030980478835,-4.3109953772862175
2017-02-16 13:00:00,23.7,36,0.0,6.4,322,3.9402334420842133,-5.043268823083022
2017-02-16 14:00:00,24.2,34,0.0,7.7,319,5.051654523226906,-5.811263767715345
2017-02-16 15:00:00,23.7,36,0.0,10.5,319,6.888619804400326,-7.924450592339106
2017-02-16 16:00:00,22.4,40,0.0,11.6,330,5.800000000000001,-10.045894683899487
2017-02-16 17:00:00,20.8,43,0.0,9.8,332,4.600821315301731,-8.652886410017484
2017-02-16 18:00:00,17.7,54,0.0,6.0,17,-1.7542302283364226,-5.7378285357782115
2017-02-16 19:00:00,17.2,55,0.0,6.3,31,-3.2447398719333433,-5.400153994423306
2017-02-16 20:00:00,16.8,57,0.0,7.1,60,-6.148780366869514,-3.5500000000000007
2017-02-16 21:00:00,19.1,48,0.0,1.3,124,-1.0777488443215542,0.726950774511971
2017-02-16 22:00:00,16.8,56,0.0,4.7,171,-0.7352419856890848,4.6421352007971475
2017-02-16 23:00:00,17.0,55,0.0,5.2,168,-1.0811407922523486,5.08636752381579
2017-02-17 00:00:00,17.2,53,0.0,5.0,150,-2.499999999999999,4.330127018922194
2017-02-17 01:00:00,18.5,48,0.0,3.9,112,-3.6160170328104706,1.4609657143220578
2017-02-17 02:00:00,18.0,48,0.0,4.3,95,-4.283637201794505,0.3747696938149302
2017-02-17 03:00:00,15.9,54,0.0,6.2,100,-6.10580806867569,1.0766187015349677
2017-02-17 04:00:00,16.0,51,0.0,6.2,97,-6.153786140176196,0.7555899291119148
2017-02-17 05:00:00,13.7,57,0.0,8.7,73,-8.319851376878407,-2.5436338310878095
2017-02-17 06:00:00,13.3,57,0.0,9.4,67,-8.65274562245294,-3.6728726077991714
2017-02-17 07:00:00,15.4,50,0.0,6.9,62,-6.092338390726596,-3.239353783222647
2017-02-17 08:00:00,19.5,40,0.0,9.6,34,-5.368251873319167,-7.958760696528401
2017-02-17 09:00:00,21.3,35,0.0,11.4,28,-5.351975815759155,-10.065602558591769
2017-02-17 10:00:00,22.6,37,0.0,11.7,18,-3.6154988341868863,-11.127361240653295
2017-02-17 11:00:00,23.8,37,0.0,11.3,7,-1.3771235804781632,-11.21577151354694
2017-02-17 12:00:00,24.7,36,0.0,9.4,356,0.6557108531947772,-9.377102072442348
2017-02-17 13:00:00,25.5,35,0.0,8.4,353,1.023702484603239,-8.337387673787106
2017-02-17 14:00:00,26.1,33,0.0,10.1,356,0.7045403848156648,-10.075396907624224
2017-02-17 15:00:00,25.1,36,0.0,14.7,335,6.212488447588282,-13.322724469438754
2017-02-17 16:00:00,23.5,39,0.0,14.2,336,5.775660331676363,-12.972345498524932
2017-02-17 17:00:00,21.8,46,0.0,11.3,351,1.7677094549546095,-11.160878248725057
2017-02-17 18:00:00,19.3,57,0.0,6.5,360,3.9801020972288977e-16,-6.5
2017-02-17 19:00:00,18.0,63,0.0,6.6,13,-1.4846769586695105,-6.430842427582552
2017-02-17 20:00:00,17.1,67,0.0,7.0,35,-4.015035054457325,-5.734064310022941
2017-02-17 21:00:00,17.4,65,0.0,5.2,56,-4.3109953772862175,-2.907803098047883
2017-02-17 22:00:00,16.4,70,0.0,6.2,69,-5.788198644282651,-2.221881287180863
2017-02-17 23:00:00,17.2,65,0.0,5.1,82,-5.050367150582008,-0.7097828148963341
2017-02-18 00:00:00,17.8,61,0.0,4.7,113,-4.32637281122647,1.8364363038995868
2017-02-18 01:00:00,18.9,56,0.0,1.9,22,-0.7117525274902333,-1.7616493236768958
2017-02-18 02:00:00,14.8,75,0.0,7.3,9,-1.1419715947936866,-7.210124886344505
2017-02-18 03:00:00,14.9,75,0.0,5.5,58,-4.664264528860343,-2.914555953282626
2017-02-18 04:00:00,13.4,81,0.0,6.7,54,-5.420413862312149,-3.9381611903595695
2017-02-18 05:00:00,12.9,82,0.0,7.4,51,-5.750880114781584,-4.656970893768799
2017-02-18 06:00:00,13.8,77,0.0,5.5,23,-2.149021206691006,-5.062776693988422
2017-02-18 07:00:00,14.7,73,0.0,6.0,25,-2.5357095704441948,-5.4378467222199
2017-02-18 08:00:00,17.0,64,0.0,6.8,18,-2.1013155617496433,-6.467184310807044
2017-02-18 09:00:00,19.3,52,0.0,7.9,360,4.837354856632045e-16,-7.9
2017-02-18 10:00:00,21.4,48,0.0,9.0,355,0.7844016847289232,-8.96575228282571
2017-02-18 11:00:00,23.6,42,0.0,9.4,360,5.755839955992561e-16,-9.4
2017-02-18 12:00:00,25.5,35,0.0,10.5,352,1.4613175600806874,-10.397814721786489
2017-02-18 13:00:00,25.7,41,0.0,14.3,342,4.418943019561749,-13.600108183020696
2017-02-18 14:00:00,24.9,51,0.0,16.3,346,3.943326898274583,-15.815820338298742
2017-02-18 15:00:00,23.7,55,0.0,18.2,346,4.402978499913951,-17.659382218223136
2017-02-18 16:00:00,22.3,58,0.0,17.1,352,2.3798600264171195,-16.933583975480854
2017-02-18 17:00:00,20.8,62,0.0,13.3,347,2.991849022773404,-12.959121861643629
2017-02-18 18:00:00,18.1,75,0.0,9.3,347,2.092044805397944,-9.06164160250269
2017-02-18 19:00:00,16.9,81,0.0,6.5,360,3.9801020972288977e-16,-6.5
2017-02-18 20:00:00,16.2,84,0.0,5.0,30,-2.500000000000002,-4.330127018922192
2017-02-18 21:00:00,16.3,83,0.0,3.0,256,2.9108871788279895,0.7257656867990032
2017-02-18 22:00:00,14.6,92,0.0,5.1,225,3.6062445840513924,3.606244584051392
2017-02-18 23:00:00,13.9,93,0.0,6.1,220,3.92100441908789,4.6728711030257655
2017-02-19 00:00:00,13.6,94,0.0,5.8,202,2.1727182418122895,5.377666356487367
2017-02-19 01:00:00,15.1,88,0.0,4.7,247,4.32637281122647,1.8364363038995868
2017-02-19 02:00:00,14.0,92,0.0,1.8,90,-1.8,2.2043642384652358e-16
2017-02-19 03:00:00,13.9,89,0.0,2.9,97,-2.8783838397598336,0.35342109587492787
2017-02-19 04:00:00,14.6,82,0.0,2.1,121,-1.8000513314744357,1.0815799573111142
2017-02-19 05:00:00,14.4,75,0.0,2.3,129,-1.7874357113510329,1.4474368994146258
2017-02-19 06:00:00,15.1,69,0.0,3.6,143,-2.1665340833473743,2.8750878361702537
2017-02-19 07:00:00,15.7,71,0.0,3.9,202,1.4609657143220567,3.616017032810471
2017-02-19 08:00:00,17.2,69,0.0,5.4,222,3.6133052743378347,4.012982057577929
2017-02-19 09:00:00,19.6,62,0.0,5.9,232,4.64926344627966,3.6324027044213842
2017-02-19 10:00:00,22.3,54,0.0,8.4,239,7.200205325897744,4.326319829244455
2017-02-19 11:00:00,24.3,46,0.0,8.9,238,7.547628055792192,4.716281451675524
2017-02-19 12:00:00,25.4,43,0.0,8.4,239,7.200205325897744,4.326319829244455
2017-02-19 13:00:00,26.0,43,0.0,8.9,249,8.308865795825096,3.1894747509531727
2017-02-19 14:00:00,26.0,43,0.0,9.0,268,8.994517443171862,0.31409547032250873
2017-02-19 15:00:00,25.3,45,0.0,10.9,278,10.793921949283117,-1.5169868004647133
2017-02-19 16:00:00,23.5,49,0.0,10.8,285,10.431998923921938,-2.795245687107224
2017-02-19 17:00:00,21.6,52,0.0,7.2,276,7.160557646651568,-0.7526049355271051
2017-02-19 18:00:00,20.0,58,0.0,5.9,284,5.7247447850283795,-1.4273391840380396
2017-02-19 19:00:00,18.3,68,0.0,5.7,325,3.269385687200963,-4.669166652447253
2017-02-19 20:00:00,17.3,74,0.0,6.0,65,-5.4378467222199,-2.5357095704441956
2017-02-19 21:00:00,17.4,73,0.0,3.4,238,2.883363526931848,1.8017254983928965
2017-02-19 22:00:00,17.1,75,0.0,3.9,146,-2.180852323535912,3.233246532964663
2017-02-19 23:00:00,19.0,66,0.0,2.3,219,1.447436899414626,1.7874357113510329
2017-02-20 00:00:00,18.3,69,0.0,1.1,18,-0.33991869381244233,-1.0461621679246689
2017-02-20 01:00:00,18.2,70,0.0,2.4,153,-1.089577199374912,2.138415658052083
2017-02-20 02:00:00,19.0,66,0.2,1.0,45,-0.7071067811865477,-0.7071067811865475
2017-02-20 03:00:00,17.9,72,0.3,6.9,43,-4.705788684431241,-5.046340541172277
2017-02-20 04:00:00,17.5,76,0.2,4.7,32,-2.490620541896064,-3.9858260519352022
2017-02-20 05:00:00,17.2,77,0.1,5.9,47,-4.314986839553106,-4.023790324368741
2017-02-20 06:00:00,17.9,72,0.0,2.4,333,1.0895771993749124,-2.138415658052083
2017-02-20 07:00:00,17.0,79,0.0,5.9,346,1.4273391840380394,-5.7247447850283795
2017-02-20 08:00:00,19.9,62,0.0,4.7,356,0.3278554265973886,-4.688551036221174
2017-02-20 09:00:00,22.0,52,0.0,2.1,329,1.0815799573111138,-1.800051331474436
2017-02-20 10:00:00,24.3,46,0.0,1.8,307,1.437543918085127,-1.083267041673687
2017-02-20 11:00:00,26.2,43,0.0,4.0,265,3.984778792366982,0.34862297099063266
2017-02-20 12:00:00,27.0,43,0.0,7.2,264,7.160557646651568,0.7526049355271051
2017-02-20 13:00:00,26.9,45,0.0,4.1,285,3.96029588778518,-1.061158084920335
2017-02-20 14:00:00,27.5,44,0.0,4.4,279,4.3458286986186065,-0.6883116461770159
2017-02-20 15:00:00,26.1,48,0.0,8.6,303,7.212566884330647,-4.683895701129233
2017-02-20 16:00:00,24.5,54,0.0,8.9,320,5.7208097262102005,-6.817795543758905
2017-02-20 17:00:00,23.1,58,0.0,6.4,344,1.7640790772287946,-6.1520748540052415
2017-02-20 18:00:00,21.5,64,0.0,6.8,357,0.35588450245201897,-6.790680836331102
2017-02-20 19:00:00,20.9,67,0.0,7.3,11,-1.3929056662487755,-7.165878439167947
2017-02-20 20:00:00,20.1,73,0.0,6.9,28,-3.239353783222646,-6.092338390726597
2017-02-20 21:00:00,20.0,74,0.0,6.0,33,-3.267834210090162,-5.032023407672544
2017-02-20 22:00:00,19.7,76,0.0,6.3,31,-3.2447398719333433,-5.400153994423306
2017-02-20 23:00:00,18.8,80,0.0,5.4,48,-4.012982057577929,-3.6133052743378347
2017-02-21 00:00:00,20.2,73,0.0,4.1,52,-3.23084408978756,-2.5242120488351985
2017-02-21 01:00:00,18.5,81,0.0,4.7,356,0.3278554265973886,-4.688551036221174
2017-02-21 02:00:00,17.5,86,0.0,5.3,28,-2.488199282765221,-4.679622242152313
2017-02-21 03:00:00,17.3,87,0.0,3.4,32,-1.801725498392897,-2.883363526931848
2017-02-21 04:00:00,16.8,89,0.0,3.6,323,2.1665340833473743,-2.875087836170254
2017-02-21 05:00:00,15.9,94,0.0,2.1,31,-1.0815799573111144,-1.8000513314744355
2017-02-21 06:00:00,16.1,93,0.0,3.2,27,-1.4527695991665501,-2.851220877402777
2017-02-21 07:00:00,17.0,87,0.0,4.0,10,-0.6945927106677213,-3.939231012048832
2017-02-21 08:00:00,19.0,77,0.0,7.6,360,4.653657836759942e-16,-7.6
2017-02-21 09:00:00,21.0,68,0.0,6.8,342,2.1013155617496424,-6.467184310807044
2017-02-21 10:00:00,23.0,60,0.0,6.2,339,2.2218812871808624,-5.788198644282651
2017-02-21 11:00:00,25.0,54,0.0,5.6,315,3.9597979746446663,-3.9597979746446654
2017-02-21 12:00:00,26.1,51,0.0,7.7,307,6.149493427364155,-4.6339756782707715
2017-02-21 13:00:00,26.4,49,0.0,9.7,315,6.858935777509511,-6.85893577750951
2017-02-21 14:00:00,26.2,49,0.0,9.2,321,5.789747597658504,-7.149742845404131
2017-02-21 15:00:00,26.1,50,0.0,9.2,315,6.505382386916237,-6.505382386916236
2017-02-21 16:00:00,25.0,53,0.0,9.9,327,5.391926446648768,-8.302838622659698
2017-02-21 17:00:00,23.6,58,0.0,9.7,318,6.490566881680924,-7.208504807130724
2017-02-21 18:00:00,20.7,68,0.0,7.4,317,5.046787864462489,-5.412017391981862
2017-02-21 19:00:00,19.5,74,0.0,4.8,333,2.1791543987498248,-4.276831316104166
2017-02-21 20:00:00,18.8,78,0.0,5.0,339,1.791839747726502,-4.667902132486009
2017-02-21 21:00:00,18.3,81,0.0,5.2,344,1.4333142502483958,-4.998560818879258
2017-02-21 22:00:00,17.5,85,0.0,5.0,360,3.061616997868383e-16,-5.0
2017-02-21 23:00:00,16.6,90,0.0,8.0,8,-1.1133848076805266,-7.922144549932562
2017-02-22 00:00:00,16.6,90,0.0,5.8,22,-2.1727182418122912,-5.377666356487366
2017-02-22 01:00:00,16.6,91,0.0,3.8,311,2.8678964048465336,-2.4930243101639276
2017-02-22 02:00:00,16.3,92,0.3,5.9,349,1.125773072721615,-5.791600382341218
2017-02-22 03:00:00,16.0,94,0.5,7.4,47,-5.412017391981863,-5.046787864462488
2017-02-22 04:00:00,16.7,91,0.4,4.4,55,-3.604268994871564,-2.5237363199446032
2017-02-22 05:00:00,16.8,91,0.8,3.8,17,-1.111012477946401,-3.633958072659534
2017-02-22 06:00:00,16.9,91,0.4,4.3,24,-1.7489675652259404,-3.928245467863184
2017-02-22 07:00:00,16.9,93,0.6,6.2,54,-5.015905365124675,-3.644268564213333
2017-02-22 08:00:00,19.8,76,1.1,8.9,27,-4.040515447681968,-7.929958065276474
2017-02-22 09:00:00,21.9,67,0.0,4.3,5,-0.37476969381493047,-4.283637201794505
2017-02-22 10:00:00,24.1,59,0.0,6.6,279,6.518743047927909,-1.0324674692655236
2017-02-22 11:00:00,23.4,64,0.4,6.9,298,6.092338390726597,-3.2393537832226467
2017-02-22 12:00:00,23.7,64,0.4,3.7,349,0.7059932828932162,-3.632020578756357
2017-02-22 13:00:00,24.3,64,0.7000000000000001,6.4,317,4.36478950439999,-4.6806636903626915
2017-02-22 14:00:00,24.6,64,0.5,5.6,255,5.4091846272187825,1.4493866525741161
2017-02-22 15:00:00,25.4,61,0.3,12.3,249,11.483039245915583,4.4079257794071935
2017-02-22 16:00:00,22.5,72,0.0,8.9,320,5.7208097262102005,-6.817795543758905
2017-02-22 17:00:00,21.1,77,0.1,8.6,358,0.3001356716415093,-8.594761112364223
2017-02-22 18:00:00,19.6,84,0.2,10.0,60,-8.660254037844386,-5.000000000000001
2017-02-22 19:00:00,20.9,82,0.0,1.6,117,-1.4256104387013886,0.7263847995832751
2017-02-22 20:00:00,21.4,81,0.0,1.5,104,-1.4554435894139948,0.3628828433995016
2017-02-22 21:00:00,22.5,76,0.0,6.9,219,4.342310698243879,5.3623071340531
2017-02-22 22:00:00,20.7,85,0.0,5.5,212,2.914555953282627,4.664264528860342
2017-02-22 23:00:00,20.3,86,0.1,5.9,194,1.4273391840380394,5.7247447850283795
2017-02-23 00:00:00,21.1,83,0.3,5.4,176,-0.3766849582182768,5.386845871403051
2017-02-23 01:00:00,21.5,82,0.3,2.8,130,-2.144924440733138,1.7998053071223103
2017-02-23 02:00:00,19.6,90,0.1,3.9,68,-3.616017032810471,-1.460965714322057
2017-02-23 03:00:00,19.3,92,0.1,6.5,360,3.9801020972288977e-16,-6.5
2017-02-23 04:00:00,18.7,97,0.3,5.8,7,-0.7068421917498535,-5.756767679519668
2017-02-23 05:00:00,18.7,99,0.3,4.6,321,2.894873798829252,-3.5748714227020657
2017-02-23 06:00:00,18.1,99,0.8,8.0,355,0.6972459419812651,-7.969557584733964
2017-02-23 07:00:00,18.0,98,0.7000000000000001,9.2,21,-3.296985135816766,-8.588939923774255
2017-02-23 08:00:00,19.3,93,0.3,7.7,11,-1.4692292643993936,-7.558529312547013
2017-02-23 09:00:00,20.4,86,0.0,6.9,354,0.7212463965468089,-6.862201078041086
2017-02-23 10:00:00,21.9,79,0.0,7.4,337,2.8914103508206255,-6.811735915548059
2017-02-23 11:00:00,23.0,73,0.0,5.7,342,1.7613968679372005,-5.421022142882375
2017-02-23 12:00:00,24.6,64,0.0,7.4,317,5.046787864462489,-5.412017391981862
2017-02-23 13:00:00,24.4,62,0.0,11.9,325,6.8255595925774495,-9.747909327039002
2017-02-23 14:00:00,23.5,62,0.0,16.4,341,5.339317733097371,-15.506504639828792
2017-02-23 15:00:00,22.3,60,0.0,16.6,355,1.4467853296111253,-16.536831988322977
2017-02-23 16:00:00,20.8,60,0.0,16.0,352,2.2267696153610474,-15.844289099865126
2017-02-23 17:00:00,17.3,65,0.0,16.9,349,3.2246720218636087,-16.58949940026552
2017-02-23 18:00:00,14.2,71,0.0,15.9,357,0.8321417042628091,-15.878209602597725
2017-02-23 19:00:00,12.7,72,0.0,13.8,6,-1.4424927930936164,-13.724402156082174
2017-02-23 20:00:00,11.8,74,0.0,14.3,10,-2.483168940637104,-14.082750868074575
2017-02-23 21:00:00,11.4,73,0.0,13.3,357,0.6960682180311548,-13.281772812235833
2017-02-23 22:00:00,10.8,75,0.0,12.4,10,-2.1532374030699364,-12.21161613735138
2017-02-23 23:00:00,11.1,75,0.0,9.5,9,-1.4861274178821948,-9.383039235653808
2017-02-24 00:00:00,10.8,77,0.0,8.3,5,-0.7233926648055635,-8.268415994161488
2017-02-24 01:00:00,11.5,74,0.0,7.2,3,-0.376818884949199,-7.190132650232932
2017-02-24 02:00:00,11.9,74,0.0,7.2,357,0.3768188849491966,-7.190132650232932
2017-02-24 03:00:00,11.7,76,0.0,7.3,11,-1.3929056662487755,-7.165878439167947
2017-02-24 04:00:00,12.3,75,0.0,8.3,5,-0.7233926648055635,-8.268415994161488
2017-02-24 05:00:00,12.8,76,0.0,8.3,5,-0.7233926648055635,-8.268415994161488
2017-02-24 06:00:00,12.1,80,0.0,5.1,352,0.7097828148963339,-5.050367150582009
2017-02-24 07:00:00,12.6,78,0.0,3.4,328,1.8017254983928965,-2.883363526931848
2017-02-24 08:00:00,13.6,75,0.0,5.3,208,2.4881992827652213,4.679622242152313
2017-02-24 09:00:00,14.1,74,0.1,6.4,286,6.1520748540052415,-1.7640790772287946
2017-02-24 10:00:00,13.4,77,0.0,7.6,335,3.211898789229316,-6.887939181478539
2017-02-24 11:00:00,13.7,77,0.2,7.2,357,0.3768188849491966,-7.190132650232932
2017-02-24 12:00:00,13.5,80,0.2,11.1,347,2.4969567032169007,-10.81550771911611
2017-02-24 13:00:00,12.2,88,0.0,13.8,9,-2.1587956175551883,-13.6300991002129
2017-02-24 14:00:00,12.4,87,0.0,11.4,11,-2.1752225472926088,-11.19054989130337
2017-02-24 15:00:00,12.7,84,0.0,13.0,5,-1.1330246557195571,-12.950531075192693
2017-02-24 16:00:00,12.7,84,0.0,11.9,14,-2.8788705576360467,-11.546519142684359
2017-02-24 17:00:00,12.2,86,0.0,9.8,6,-1.024378940023003,-9.74631457460908
2017-02-24 18:00:00,11.8,89,0.0,9.0,5,-0.7844016847289242,-8.96575228282571
2017-02-24 19:00:00,11.4,90,0.0,7.9,30,-3.9500000000000037,-6.841600689897064
2017-02-24 20:00:00,12.4,88,0.6,8.4,31,-4.326319829244458,-7.200205325897742
2017-02-24 21:00:00,13.3,86,0.0,5.8,22,-2.1727182418122912,-5.377666356487366
2017-02-24 22:00:00,12.0,91,0.0,7.6,360,4.653657836759942e-16,-7.6
2017-02-24 23:00:00,11.8,92,0.0,6.2,7,-0.7555899291119125,-6.153786140176197
2017-02-25 00:00:00,11.6,93,0.1,6.5,6,-0.6794350112397468,-6.464392319893777
2017-02-25 01:00:00,11.8,93,0.0,5.6,40,-3.5996106142446207,-4.289848881466276
2017-02-25 02:00:00,11.7,94,0.0,5.0,360,3.061616997868383e-16,-5.0
2017-02-25 03:00:00,11.5,94,0.0,5.2,16,-1.4333142502483942,-4.998560818879259
2017-02-25 04:00:00,11.6,94,0.0,6.9,6,-0.7212463965468082,-6.862201078041087
2017-02-25 05:00:00,12.1,93,0.0,5.6,50,-4.289848881466277,-3.5996106142446194
2017-02-25 06:00:00,12.5,93,0.0,6.9,43,-4.705788684431241,-5.046340541172277
2017-02-25 07:00:00,13.2,91,0.0,4.8,347,1.0797650608505516,-4.676976310969129
2017-02-25 08:00:00,13.2,93,0.0,2.5,8,-0.3479327524001646,-2.475670171853926
2017-02-25 09:00:00,14.9,84,0.0,5.8,330,2.9000000000000004,-5.0229473419497435
2017-02-25 10:00:00,15.3,79,0.0,8.2,337,3.203995253612044,-7.54813979831001
2017-02-25 11:00:00,15.4,78,0.0,8.4,10,-1.458644692402215,-8.272385125302547
2017-02-25 12:00:00,16.3,74,0.0,8.1,13,-1.8221035401853085,-7.892397524760404
2017-02-25 13:00:00,17.0,71,0.0,8.8,341,2.8649997592229797,-8.320563465273988
2017-02-25 14:00:00,16.4,75,0.9,11.5,346,2.782101799396178,-11.15840085217396
2017-02-25 15:00:00,15.9,79,0.0,15.3,8,-2.129348444689007,-15.151101451746026
2017-02-25 16:00:00,15.5,80,0.0,12.8,16,-3.5281581544575857,-12.304149708010485
2017-02-25 17:00:00,14.6,84,0.0,14.1,356,0.9835662797921657,-14.06565310866352
2017-02-25 18:00:00,13.2,87,0.0,13.7,14,-3.3143299697154487,-13.293051449981151
2017-02-25 19:00:00,13.0,88,0.0,11.1,13,-2.496956703216904,-10.815507719116109
2017-02-25 20:00:00,13.8,89,0.0,5.8,356,0.40458754771592637,-5.78587149150698
2017-02-25 21:00:00,12.1,92,0.0,7.6,341,2.474317973874391,-7.185941174554807
2017-02-25 22:00:00,12.3,92,0.0,3.4,32,-1.801725498392897,-2.883363526931848
2017-02-25 23:00:00,12.5,91,0.0,2.9,360,1.7757378587636622e-16,-2.9
2017-02-26 00:00:00,12.9,88,0.0,3.4,328,1.8017254983928965,-2.883363526931848
2017-02-26 01:00:00,12.2,90,0.0,6.5,326,3.634753872559854,-5.388744221607771
2017-02-26 02:00:00,12.2,89,0.2,4.4,9,-0.6883116461770166,-4.345828698618606
2017-02-26 03:00:00,12.2,91,0.8,6.5,326,3.634753872559854,-5.388744221607771
2017-02-26 04:00:00,11.4,97,0.0,8.3,360,5.082284216461516e-16,-8.3
2017-02-26 05:00:00,11.5,97,0.1,8.1,21,-2.9027803913169357,-7.562001454627333
2017-02-26 06:00:00,12.3,96,1.1,6.5,19,-2.116193003971518,-6.1458707413955596
2017-02-26 07:00:00,12.1,96,0.0,11.2,356,0.7812725059342026,-11.17271736291003
2017-02-26 08:00:00,12.1,97,0.0,15.1,3,-0.790272939268459,-15.079305974794064
2017-02-26 09:00:00,12.3,95,0.0,15.9,13,-3.576721764067458,-15.492484030085238
2017-02-26 10:00:00,12.8,92,0.0,14.3,10,-2.483168940637104,-14.082750868074575
2017-02-26 11:00:00,14.7,82,0.0,14.7,11,-2.8048922320352054,-14.42991959668066
2017-02-26 12:00:00,16.2,74,0.0,14.9,20,-5.0961001355524616,-14.001420049710037
2017-02-26 13:00:00,17.3,69,0.0,14.9,20,-5.0961001355524616,-14.001420049710037
2017-02-26 14:00:00,18.4,63,0.0,15.9,5,-1.3857763096877662,-15.839495699658755
2017-02-26 15:00:00,17.4,64,0.0,17.6,360,1.077689183249671e-15,-17.6
2017-02-26 16:00:00,16.3,64,0.0,17.2,10,-2.9867486558712018,-16.938693351809977
2017-02-26 17:00:00,15.5,65,0.0,16.0,8,-2.2267696153610532,-15.844289099865124
2017-02-26 18:00:00,13.5,72,0.0,14.8,4,-1.0323958114130587,-14.763947943845398
2017-02-26 19:00:00,12.4,75,0.0,13.6,11,-2.5950023371210067,-13.35012969488823
2017-02-26 20:00:00,11.3,78,0.0,11.4,11,-2.1752225472926088,-11.19054989130337
2017-02-26 21:00:00,11.1,79,0.0,8.5,28,-3.9905082836800716,-7.505054539300879
2017-02-26 22:00:00,11.0,80,0.0,5.7,18,-1.7613968679372012,-5.421022142882375
2017-02-26 23:00:00,10.9,82,0.0,3.1,45,-2.192031021678298,-2.192031021678297
2017-02-27 00:00:00,11.0,81,0.0,2.7,23,-1.0549740469210394,-2.4853631043215887
2017-02-27 01:00:00,11.3,80,0.0,1.6,27,-0.7263847995832751,-1.4256104387013886
2017-02-27 02:00:00,10.6,87,0.0,2.1,59,-1.800051331474436,-1.0815799573111138
2017-02-27 03:00:00,10.7,88,0.0,3.5,66,-3.197409101749103,-1.4235782507653008
2017-02-27 04:00:00,11.3,85,0.0,3.1,36,-1.822134282106667,-2.507952682562337
2017-02-27 05:00:00,11.5,84,0.0,3.1,36,-1.822134282106667,-2.507952682562337
2017-02-27 06:00:00,10.9,89,0.0,4.6,51,-3.5748714227020653,-2.894873798829253
2017-02-27 07:00:00,12.6,81,0.0,2.9,7,-0.35342109587492676,-2.878383839759834
2017-02-27 08:00:00,14.1,81,0.0,1.6,243,1.4256104387013888,0.7263847995832748
2017-02-27 09:00:00,15.8,72,0.0,2.5,262,2.475670171853926,0.3479327524001636
2017-02-27 10:00:00,17.4,65,0.0,2.9,263,2.8783838397598336,0.35342109587492765
2017-02-27 11:00:00,18.9,60,0.0,3.7,241,3.2360929164157644,1.7937955949114472
2017-02-27 12:00:00,21.4,52,0.0,10.9,214,6.09520264783114,9.036509540849956
2017-02-27 13:00:00,22.6,49,0.0,13.8,231,10.7246142681062,8.684621396487756
2017-02-27 14:00:00,21.2,54,0.0,11.6,300,10.045894683899489,-5.799999999999999
2017-02-27 15:00:00,19.6,58,0.0,11.7,349,2.2324652459055754,-11.485038046337667
2017-02-27 16:00:00,18.5,62,0.0,8.7,7,-1.0602632876247804,-8.635151519279502
2017-02-27 17:00:00,17.8,65,0.0,8.4,353,1.023702484603239,-8.337387673787106
2017-02-27 18:00:00,15.8,71,0.0,6.5,3,-0.340183715579138,-6.49109197590473
2017-02-27 19:00:00,14.9,75,0.0,6.2,10,-1.0766187015349682,-6.10580806867569
2017-02-27 20:00:00,14.4,73,0.0,5.4,20,-1.8469087739586103,-5.074340152243906
2017-02-27 21:00:00,14.2,75,0.0,2.6,34,-1.453901549023941,-2.1554976886431088
2017-02-27 22:00:00,14.0,76,0.0,1.6,63,-1.4256104387013888,-0.7263847995832747
2017-02-27 23:00:00,14.1,77,0.0,1.9,112,-1.7616493236768958,0.7117525274902332
2017-02-28 00:00:00,14.4,78,0.0,1.5,104,-1.4554435894139948,0.3628828433995016
2017-02-28 01:00:00,13.2,85,0.0,1.3,34,-0.7269507745119705,-1.0777488443215544
2017-02-28 02:00:00,12.8,90,0.0,3.4,122,-2.883363526931848,1.8017254983928965
2017-02-28 03:00:00,13.8,89,0.0,5.2,155,-2.1976149610516367,4.71280049259058
2017-02-28 04:00:00,13.8,88,0.0,4.5,104,-4.366330768241984,1.0886485301985047
2017-02-28 05:00:00,15.3,82,0.0,4.3,114,-3.9282454678631833,1.7489675652259418
2017-02-28 06:00:00,14.1,89,0.0,1.8,360,1.1021821192326179e-16,-1.8
2017-02-28 07:00:00,14.7,86,0.0,2.2,99,-2.172914349309303,0.3441558230885082
2017-02-28 08:00:00,16.7,79,0.0,0.8,243,0.7128052193506944,0.3631923997916374
2017-02-28 09:00:00,18.7,69,0.0,2.7,247,2.485363104321589,1.0549740469210394
2017-02-28 10:00:00,20.3,61,0.0,6.5,273,6.49109197590473,-0.3401837155791349
2017-02-28 11:00:00,21.5,55,0.0,8.0,275,7.969557584733964,-0.6972459419812653
2017-02-28 12:00:00,22.0,52,0.0,8.6,268,8.594761112364223,0.30013567164150834
2017-02-28 13:00:00,22.1,53,0.0,9.2,301,7.8859391664594325,-4.738350289172498
2017-02-28 14:00:00,22.3,52,0.0,9.7,329,4.995869326627525,-8.31452281681049
2017-02-28 15:00:00,22.1,53,0.0,7.6,329,3.9142893693164114,-6.5144714853360535
2017-02-28 16:00:00,21.0,58,0.0,10.6,325,6.079910225321089,-8.683011669463312
2017-02-28 17:00:00,19.3,66,0.0,10.3,335,4.352968095929205,-9.334970206477495
2017-02-28 18:00:00,17.4,74,0.0,7.8,347,1.7546182238821464,-7.6000865053248345
2017-02-28 19:00:00,16.2,78,0.0,8.1,347,1.8221035401853058,-7.892397524760405
2017-02-28 20:00:00,14.9,82,0.0,4.8,347,1.0797650608505516,-4.676976310969129
2017-02-28 21:00:00,14.3,84,0.0,4.3,355,0.37476969381492997,-4.283637201794505
2017-02-28 22:00:00,14.2,86,0.0,2.7,23,-1.0549740469210394,-2.4853631043215887
2017-02-28 23:00:00,14.2,87,0.0,3.1,69,-2.8940993221413254,-1.1109406435904314
2017-03-01 00:00:00,13.7,89,0.0,4.1,322,2.524212048835199,-3.23084408978756
2017-03-01 01:00:00,12.7,95,0.0,4.3,336,1.7489675652259409,-3.9282454678631837
2017-03-01 02:00:00,12.4,95,0.0,3.3,49,-2.490541614735148,-2.1649947956686733
2017-03-01 03:00:00,12.7,93,0.0,4.6,45,-3.2526911934581193,-3.252691193458118
2017-03-01 04:00:00,12.9,93,0.0,5.4,4,-0.37668495821827813,-5.386845871403051
2017-03-01 05:00:00,12.9,95,0.0,7.9,24,-3.2132194802988208,-7.217009115376548
2017-03-01 06:00:00,12.8,96,0.0,7.4,29,-3.5875911898228927,-6.4721858328315305
2017-03-01 07:00:00,13.8,90,0.0,8.6,15,-2.2258437878816775,-8.306962106085987
2017-03-01 08:00:00,15.1,88,0.0,6.5,357,0.3401837155791358,-6.49109197590473
2017-03-01 09:00:00,17.1,78,0.0,7.6,8,-1.0577155672965002,-7.526037322435934
2017-03-01 10:00:00,19.1,67,0.0,9.4,4,-0.6557108531947805,-9.377102072442348
2017-03-01 11:00:00,20.7,60,0.0,8.7,353,1.060263287624783,-8.6351515192795
2017-03-01 12:00:00,22.0,54,0.0,11.1,331,5.3813867847343415,-9.708278749247292
2017-03-01 13:00:00,21.9,52,0.0,17.1,335,7.226772275765961,-15.497863158326716
2017-03-01 14:00:00,20.6,53,0.0,17.7,347,3.9816336618864088,-17.246350146698664
2017-03-01 15:00:00,20.0,52,0.0,14.8,1,-0.2582956152717958,-14.79774588831459
2017-03-01 16:00:00,19.5,53,0.0,14.5,7,-1.767105479374634,-14.39191919879917
2017-03-01 17:00:00,18.7,55,0.0,12.9,18,-3.9863192274368235,-12.26862906020748
2017-03-01 18:00:00,17.3,61,0.0,9.1,18,-2.8120546488120226,-8.654614298285896
2017-03-01 19:00:00,16.3,66,0.0,7.6,19,-2.4743179738743906,-7.185941174554808
2017-03-01 20:00:00,15.7,72,0.0,7.1,15,-1.8376152202278964,-6.858073366652385
2017-03-01 21:00:00,15.3,74,0.0,7.9,24,-3.2132194802988208,-7.217009115376548
2017-03-01 22:00:00,15.2,75,0.0,7.9,39,-4.971631089293719,-6.139453095510068
2017-03-01 23:00:00,15.1,76,0.0,8.2,41,-5.379684037722159,-6.18861855782673
2017-03-02 00:00:00,14.9,76,0.0,10.0,41,-6.560590289905073,-7.54709580222772
2017-03-02 01:00:00,14.9,74,0.0,10.8,60,-9.353074360871938,-5.400000000000001
2017-03-02 02:00:00,14.8,63,0.0,11.0,52,-8.668118289673941,-6.77227622858224
2017-03-02 03:00:00,14.6,53,0.0,11.7,45,-8.273149339882607,-8.273149339882604
2017-03-02 04:00:00,14.1,48,0.0,10.6,35,-6.0799102253210915,-8.68301166946331
2017-03-02 05:00:00,13.5,50,0.0,11.6,26,-5.085105302753302,-10.426010937070334
2017-03-02 06:00:00,12.4,67,0.0,10.8,15,-2.795245687107223,-10.431998923921938
2017-03-02 07:00:00,12.7,69,0.0,7.7,11,-1.4692292643993936,-7.558529312547013
2017-03-02 08:00:00,14.7,56,0.0,8.0,355,0.6972459419812651,-7.969557584733964
2017-03-02 09:00:00,16.7,47,0.0,5.4,356,0.3766849582182763,-5.386845871403051
2017-03-02 10:00:00,18.6,40,0.0,5.3,332,2.4881992827652213,-4.679622242152313
2017-03-02 11:00:00,20.3,37,0.0,7.1,336,2.8878301658381815,-6.486172749262466
2017-03-02 12:00:00,21.6,38,0.0,10.0,347,2.249510543438649,-9.743700647852352
2017-03-02 13:00:00,22.3,38,0.0,12.4,343,3.625409138561936,-11.858178973941639
2017-03-02 14:00:00,21.7,41,0.0,17.7,348,3.680036927474342,-17.31321253298836
2017-03-02 15:00:00,20.8,42,0.0,17.9,350,3.108302380238054,-17.628058778918522
2017-03-02 16:00:00,19.4,45,0.0,17.2,349,3.2819147204765726,-16.883987555299818
2017-03-02 17:00:00,17.4,50,0.0,15.2,353,1.8524140197582417,-15.086701504948094
2017-03-02 18:00:00,15.0,57,0.0,9.7,356,0.6766377953180147,-9.676371287520293
2017-03-02 19:00:00,13.5,61,0.0,7.3,351,1.1419715947936857,-7.210124886344506
2017-03-02 20:00:00,13.0,63,0.0,3.6,360,2.2043642384652358e-16,-3.6
2017-03-02 21:00:00,12.6,64,0.0,1.6,333,0.726384799583275,-1.4256104387013886
2017-03-02 22:00:00,11.9,71,0.0,3.1,201,1.1109406435904312,2.8940993221413254
2017-03-02 23:00:00,11.8,71,0.0,3.7,191,0.7059932828932162,3.632020578756357
2017-03-03 00:00:00,11.9,74,0.0,4.6,162,-1.4214781741247577,4.374859974957706
2017-03-03 01:00:00,12.8,69,0.0,4.7,184,0.3278554265973886,4.688551036221174
2017-03-03 02:00:00,12.1,73,0.0,5.2,164,-1.433314250248395,4.998560818879258
2017-03-03 03:00:00,13.1,69,0.0,5.1,219,3.209533994354171,3.963444403430551
2017-03-03 04:00:00,12.5,71,0.0,3.2,243,2.8512208774027776,1.4527695991665497
2017-03-03 05:00:00,12.0,75,0.0,2.7,67,-2.485363104321589,-1.0549740469210387
2017-03-03 06:00:00,13.3,68,0.0,0.0,270,0.0,0.0
2017-03-03 07:00:00,14.4,65,0.0,1.5,76,-1.4554435894139948,-0.3628828433995013
2017-03-03 08:00:00,16.8,61,0.0,4.7,212,2.490620541896063,3.9858260519352022
2017-03-03 09:00:00,18.3,55,0.0,7.0,249,6.535062985480412,2.5085756468171017
2017-03-03 10:00:00,19.5,51,0.0,6.8,252,6.467184310807044,2.1013155617496424
2017-03-03 11:00:00,21.3,46,0.0,5.8,248,5.377666356487367,2.1727182418122895
2017-03-03 12:00:00,22.7,41,0.0,8.3,288,7.893769085249775,-2.5648410533120636
2017-03-03 13:00:00,22.4,42,0.0,10.9,314,7.8408038236912985,-7.57177623800307
2017-03-03 14:00:00,21.7,44,0.0,13.4,329,6.901510203794726,-11.486041829408306
2017-03-03 15:00:00,20.2,49,0.0,12.4,350,2.1532374030699373,-12.21161613735138
2017-03-03 16:00:00,19.8,50,0.0,11.6,5,-1.0110066158728357,-11.555858497864248
2017-03-03 17:00:00,19.3,51,0.0,11.0,19,-3.581249699028723,-10.400704331592486
2017-03-03 18:00:00,17.8,56,0.0,8.0,10,-1.3891854213354426,-7.878462024097664
2017-03-03 19:00:00,16.6,61,0.0,7.4,29,-3.5875911898228927,-6.4721858328315305
2017-03-03 20:00:00,17.2,62,0.0,9.2,21,-3.296985135816766,-8.588939923774255
2017-03-03 21:00:00,16.5,65,0.0,8.0,36,-4.702282018339786,-6.472135954999579
2017-03-03 22:00:00,16.2,68,0.0,6.3,31,-3.2447398719333433,-5.400153994423306
2017-03-03 23:00:00,15.6,73,0.0,5.3,28,-2.488199282765221,-4.679622242152313
2017-03-04 00:00:00,16.6,68,0.0,2.2,90,-2.2,2.6942229581241775e-16
2017-03-04 01:00:00,16.3,69,0.0,1.5,346,0.3628828433995015,-1.4554435894139948
2017-03-04 02:00:00,15.7,71,0.0,3.2,90,-3.2,3.9188697572715305e-16
2017-03-04 03:00:00,15.6,71,0.0,4.4,55,-3.604268994871564,-2.5237363199446032
2017-03-04 04:00:00,14.1,79,0.0,5.8,22,-2.1727182418122912,-5.377666356487366
2017-03-04 05:00:00,14.1,78,0.0,6.5,56,-5.388744221607772,-3.6347538725598536
2017-03-04 06:00:00,14.9,71,0.0,7.7,41,-5.051654523226906,-5.811263767715345
2017-03-04 07:00:00,15.6,65,0.0,9.8,36,-5.760295472466238,-7.928366544874485
2017-03-04 08:00:00,17.8,53,0.0,6.8,65,-6.16289295184922,-2.873804179836755
2017-03-04 09:00:00,20.1,47,0.0,1.6,333,0.726384799583275,-1.4256104387013886
2017-03-04 10:00:00,21.9,43,0.0,3.4,288,3.233592155403522,-1.0506577808748212
2017-03-04 11:00:00,23.4,39,0.0,3.9,326,2.1808523235359125,-3.233246532964663
2017-03-04 12:00:00,24.6,38,0.0,6.0,343,1.7542302283364206,-5.737828535778212
2017-03-04 13:00:00,25.2,39,0.0,6.6,347,1.4846769586695083,-6.430842427582553
2017-03-04 14:00:00,24.6,44,0.2,10.0,330,5.000000000000001,-8.660254037844386
2017-03-04 15:00:00,22.9,52,0.0,11.6,330,5.800000000000001,-10.045894683899487
2017-03-04 16:00:00,22.2,53,0.0,9.4,342,2.904759747124506,-8.939931253174443
2017-03-04 17:00:00,21.1,56,0.0,8.6,358,0.3001356716415093,-8.594761112364223
2017-03-04 18:00:00,19.2,62,0.0,5.2,348,1.0811407922523493,-5.086367523815789
2017-03-04 19:00:00,17.4,70,0.0,4.2,340,1.436484601967809,-3.9467090073008153
2017-03-04 20:00:00,17.6,71,0.0,3.3,49,-2.490541614735148,-2.1649947956686733
2017-03-04 21:00:00,17.8,71,0.0,1.3,124,-1.0777488443215542,0.726950774511971
2017-03-04 22:00:00,18.0,70,0.0,4.1,165,-1.0611580849203355,3.96029588778518
2017-03-04 23:00:00,18.2,68,0.0,4.3,180,2.632990618166809e-16,4.3
2017-03-05 00:00:00,18.0,69,0.0,2.6,196,0.7166571251241979,2.499280409439629
2017-03-05 01:00:00,17.8,70,0.0,0.8,27,-0.36319239979163753,-0.7128052193506943
2017-03-05 02:00:00,15.9,79,0.0,4.1,75,-3.96029588778518,-1.0611580849203353
2017-03-05 03:00:00,15.2,80,0.0,5.1,94,-5.087576656325103,0.35575801609504015
2017-03-05 04:00:00,15.6,75,0.0,4.1,105,-3.9602958877851795,1.0611580849203361
2017-03-05 05:00:00,16.0,71,0.0,4.2,110,-3.9467090073008153,1.4364846019678092
2017-03-05 06:00:00,15.0,74,0.0,5.3,118,-4.679622242152313,2.4881992827652204
2017-03-05 07:00:00,17.6,70,0.0,2.8,130,-2.144924440733138,1.7998053071223103
2017-03-05 08:00:00,20.8,54,0.0,5.0,180,3.061616997868383e-16,5.0
2017-03-05 09:00:00,23.0,47,0.0,7.4,209,3.587591189822895,6.472185832831529
2017-03-05 10:00:00,24.6,45,0.0,10.2,222,6.825132184860354,7.580077219869421
2017-03-05 11:00:00,26.4,40,0.0,11.5,224,7.988571260278468,8.272407703894487
2017-03-05 12:00:00,27.7,37,0.0,11.2,230,8.579697762932554,7.199221228489239
2017-03-05 13:00:00,27.7,38,0.0,12.5,252,11.888206453689419,3.8627124296868423
2017-03-05 14:00:00,26.6,41,0.5,12.7,262,12.576404473017943,1.767498382192831
2017-03-05 15:00:00,25.4,48,0.8,8.6,292,7.973781149274371,-3.221616703376843
2017-03-05 16:00:00,24.3,52,0.2,2.8,320,1.7998053071223101,-2.1449244407331385
2017-03-05 17:00:00,23.7,56,0.0,1.3,326,0.7269507745119709,-1.0777488443215544
2017-03-05 18:00:00,22.8,59,0.0,0.0,270,0.0,0.0
2017-03-05 19:00:00,20.4,70,0.0,6.5,251,6.1458707413955596,2.1161930039715187
2017-03-05 20:00:00,20.1,79,0.0,5.4,172,-0.7515347451843529,5.34744757120448
2017-03-05 21:00:00,20.4,80,0.0,6.4,227,4.6806636903626915,4.36478950439999
2017-03-05 22:00:00,19.3,85,0.0,5.0,180,3.061616997868383e-16,5.0
2017-03-05 23:00:00,19.1,82,0.0,4.3,138,-2.8772616073430903,3.195522749552795
2017-03-06 00:00:00,18.9,80,0.0,4.5,151,-2.1816432911085166,3.9357886821272814
2017-03-06 01:00:00,19.0,79,0.0,4.9,144,-2.880147736233118,3.9641832724372428
2017-03-06 02:00:00,18.7,84,0.3,6.9,276,6.862201078041086,-0.721246396546809
2017-03-06 03:00:00,17.3,94,1.0,3.3,186,0.3449439287832564,3.2819222547153015
2017-03-06 04:00:00,18.2,90,2.1,5.4,188,0.7515347451843536,5.34744757120448
2017-03-06 05:00:00,17.6,95,2.4,3.6,233,2.875087836170254,2.166534083347374
2017-03-06 06:00:00,17.5,95,3.0,8.3,162,-2.564841053312063,7.893769085249776
2017-03-06 07:00:00,16.9,100,6.4,13.5,335,5.705346533499442,-12.235155124994774
2017-03-06 08:00:00,19.2,93,0.3,4.5,331,2.181643291108517,-3.935788682127281
2017-03-06 09:00:00,19.9,92,0.0,12.4,352,1.7257464519048118,-12.279324052395474
2017-03-06 10:00:00,21.1,81,0.0,13.0,3,-0.680367431158276,-12.98218395180946
2017-03-06 11:00:00,22.2,69,0.0,11.3,7,-1.3771235804781632,-11.21577151354694
2017-03-06 12:00:00,23.1,64,0.0,12.1,350,2.101142949769858,-11.916173811447717
2017-03-06 13:00:00,22.6,62,0.0,17.5,352,2.4355292668011455,-17.329691202977482
2017-03-06 14:00:00,21.5,61,0.0,18.1,5,-1.5775189437326145,-18.031124035460596
2017-03-06 15:00:00,21.0,61,0.0,15.5,4,-1.0812253430339465,-15.462242779027275
2017-03-06 16:00:00,20.1,63,0.0,14.5,354,1.5156627173809751,-14.420567482839962
2017-03-06 17:00:00,18.3,67,0.0,13.0,5,-1.1330246557195571,-12.950531075192693
2017-03-06 18:00:00,16.5,71,0.0,12.0,351,1.877213580482771,-11.852260087141653
2017-03-06 19:00:00,14.9,73,0.1,10.4,360,6.368163355566237e-16,-10.4
2017-03-06 20:00:00,13.0,87,0.0,6.5,360,3.9801020972288977e-16,-6.5
2017-03-06 21:00:00,12.8,89,0.0,5.1,356,0.35575801609503865,-5.087576656325103
2017-03-06 22:00:00,13.0,89,0.0,3.6,53,-2.875087836170254,-2.1665340833473743
2017-03-06 23:00:00,13.5,92,1.3,3.6,96,-3.580278823325784,0.37630246776355347
2017-03-07 00:00:00,13.7,96,0.7000000000000001,0.4,360,2.4492935982947065e-17,-0.4
2017-03-07 01:00:00,12.4,99,0.8,2.6,34,-1.453901549023941,-2.1554976886431088
2017-03-07 02:00:00,12.8,99,0.5,2.3,39,-1.447436899414627,-1.7874357113510322
2017-03-07 03:00:00,13.0,99,0.6,5.6,45,-3.9597979746446668,-3.9597979746446654
2017-03-07 04:00:00,13.2,98,0.0,5.8,30,-2.9000000000000026,-5.022947341949743
2017-03-07 05:00:00,12.5,100,0.0,3.9,22,-1.460965714322058,-3.6160170328104706
2017-03-07 06:00:00,12.6,99,0.0,3.2,63,-2.8512208774027776,-1.4527695991665495
2017-03-07 07:00:00,13.1,97,0.0,1.8,37,-1.083267041673687,-1.437543918085127
2017-03-07 08:00:00,14.7,94,0.0,3.8,229,2.8678964048465336,2.4930243101639276
2017-03-07 09:00:00,16.4,86,0.0,4.8,243,4.276831316104166,2.1791543987498243
2017-03-07 10:00:00,17.2,81,0.0,6.8,238,5.766727053863696,3.603450996785793
2017-03-07 11:00:00,17.1,78,0.0,3.2,270,3.2,0.0
2017-03-07 12:00:00,19.4,66,0.0,6.6,315,4.666904755831213,-4.666904755831213
2017-03-07 13:00:00,19.2,65,0.0,8.0,342,2.4721359549995796,-7.608452130361228
2017-03-07 14:00:00,18.8,67,0.0,10.0,347,2.249510543438649,-9.743700647852352
2017-03-07 15:00:00,17.8,70,0.0,9.0,360,5.51091059616309e-16,-9.0
2017-03-07 16:00:00,17.2,71,0.0,7.6,3,-0.39775326744637673,-7.589584464134761
2017-03-07 17:00:00,16.5,73,0.0,6.5,360,3.9801020972288977e-16,-6.5
2017-03-07 18:00:00,15.2,75,0.0,7.6,3,-0.39775326744637673,-7.589584464134761
2017-03-07 19:00:00,14.4,76,0.0,7.2,6,-0.7526049355271042,-7.160557646651569
2017-03-07 20:00:00,14.2,78,0.0,5.5,23,-2.149021206691006,-5.062776693988422
2017-03-07 21:00:00,13.9,82,0.0,5.9,38,-3.632402704421383,-4.649263446279661
2017-03-07 22:00:00,13.7,86,0.0,3.8,17,-1.111012477946401,-3.633958072659534
2017-03-07 23:00:00,13.2,90,0.5,5.2,12,-1.0811407922523508,-5.086367523815789
2017-03-08 00:00:00,13.1,93,0.7000000000000001,5.9,43,-4.023790324368742,-4.314986839553106
2017-03-08 01:00:00,12.6,97,1.0,5.1,45,-3.606244584051393,-3.606244584051392
2017-03-08 02:00:00,13.0,96,0.5,6.4,52,-5.043268823083022,-3.9402334420842124
2017-03-08 03:00:00,13.0,96,0.4,7.3,20,-2.49674704627738,-6.859756131737131
2017-03-08 04:00:00,13.2,95,0.7000000000000001,7.4,47,-5.412017391981863,-5.046787864462488
2017-03-08 05:00:00,13.6,93,0.0,5.4,8,-0.7515347451843555,-5.34744757120448
2017-03-08 06:00:00,12.8,96,0.0,4.0,333,1.8159619989581872,-3.564026096753471
2017-03-08 07:00:00,12.7,96,0.0,4.6,51,-3.5748714227020653,-2.894873798829253
2017-03-08 08:00:00,13.5,91,0.0,1.5,76,-1.4554435894139948,-0.3628828433995013
2017-03-08 09:00:00,13.2,95,0.5,2.3,321,1.447436899414626,-1.7874357113510329
2017-03-08 10:00:00,13.5,92,0.7000000000000001,2.3,342,0.7107390870623791,-2.1874299874788528
2017-03-08 11:00:00,13.8,89,1.1,4.3,355,0.37476969381492997,-4.283637201794505
2017-03-08 12:00:00,14.2,90,1.0,6.9,351,1.0793978087775935,-6.815049550106451
2017-03-08 13:00:00,14.1,90,1.2,6.9,28,-3.239353783222646,-6.092338390726597
2017-03-08 14:00:00,14.5,88,0.2,7.2,360,4.4087284769304716e-16,-7.2
2017-03-08 15:00:00,14.4,89,1.7000000000000002,6.8,32,-3.603450996785794,-5.766727053863696
2017-03-08 16:00:00,14.7,89,0.4,6.6,13,-1.4846769586695105,-6.430842427582552
2017-03-08 17:00:00,15.3,86,0.0,6.1,360,3.735172737399427e-16,-6.1
2017-03-08 18:00:00,13.8,94,0.0,4.0,27,-1.8159619989581877,-3.564026096753471
2017-03-08 19:00:00,13.4,95,0.0,3.8,49,-2.867896404846534,-2.4930243101639267
2017-03-08 20:00:00,13.6,95,0.0,6.2,36,-3.644268564213334,-5.015905365124674
2017-03-08 21:00:00,13.1,96,0.0,4.3,42,-2.87726160734309,-3.195522749552796
2017-03-08 22:00:00,12.6,96,0.0,4.2,59,-3.600102662948872,-2.1631599146222276
2017-03-08 23:00:00,12.4,95,0.0,5.1,86,-5.087576656325103,-0.3557580160950389
2017-03-09 00:00:00,12.2,94,0.0,5.2,106,-4.998560818879258,1.433314250248396
2017-03-09 01:00:00,13.5,87,0.0,3.8,131,-2.8678964048465336,2.4930243101639276
2017-03-09 02:00:00,13.0,89,0.0,6.3,167,-1.4171916423663498,6.1385314081469815
2017-03-09 03:00:00,13.1,92,0.0,6.2,201,2.2218812871808624,5.788198644282651
2017-03-09 04:00:00,12.9,95,0.0,6.8,198,2.1013155617496424,6.467184310807044
2017-03-09 05:00:00,13.9,93,0.0,4.7,176,-0.3278554265973891,4.688551036221174
2017-03-09 06:00:00,14.2,92,0.0,5.2,155,-2.1976149610516367,4.71280049259058
2017-03-09 07:00:00,14.6,89,0.0,3.1,324,1.8221342821066668,-2.5079526825623373
2017-03-09 08:00:00,15.7,85,0.0,2.5,98,-2.475670171853926,0.3479327524001633
2017-03-09 09:00:00,17.9,76,0.0,2.3,51,-1.7874357113510326,-1.4474368994146265
2017-03-09 10:00:00,19.7,67,0.0,1.3,326,0.7269507745119709,-1.0777488443215544
2017-03-09 11:00:00,21.5,59,0.0,4.8,243,4.276831316104166,2.1791543987498243
2017-03-09 12:00:00,22.1,57,0.0,6.8,267,6.790680836331102,0.3558845024520181
2017-03-09 13:00:00,20.9,60,0.0,9.9,327,5.391926446648768,-8.302838622659698
2017-03-09 14:00:00,17.9,70,0.0,11.0,11,-2.098898949141991,-10.797899017924303
2017-03-09 15:00:00,17.1,75,0.0,10.6,28,-4.976398565530442,-9.359244484304625
2017-03-09 16:00:00,17.7,72,0.0,6.0,33,-3.267834210090162,-5.032023407672544
2017-03-09 17:00:00,17.4,74,0.0,4.3,24,-1.7489675652259404,-3.928245467863184
2017-03-09 18:00:00,17.0,77,0.0,2.3,18,-0.7107390870623793,-2.1874299874788528
2017-03-09 19:00:00,17.0,77,0.0,5.1,86,-5.087576656325103,-0.3557580160950389
2017-03-09 20:00:00,16.9,78,0.0,8.0,27,-3.6319239979163753,-7.128052193506942
2017-03-09 21:00:00,16.7,79,0.0,4.3,66,-3.9282454678631837,-1.7489675652259409
2017-03-09 22:00:00,17.4,75,0.0,0.7000000000000001,180,4.2862637970157366e-17,0.7000000000000001
2017-03-09 23:00:00,14.9,88,0.0,6.2,187,0.7555899291119145,6.153786140176196
2017-03-10 00:00:00,17.4,74,0.0,2.2,90,-2.2,2.6942229581241775e-16
2017-03-10 01:00:00,15.8,83,0.0,3.0,76,-2.9108871788279895,-0.7257656867990026
2017-03-10 02:00:00,16.7,79,0.0,4.0,10,-0.6945927106677213,-3.939231012048832
2017-03-10 03:00:00,15.6,84,0.0,4.4,35,-2.523736319944604,-3.604268994871563
2017-03-10 04:00:00,15.6,84,0.0,4.0,63,-3.5640260967534716,-1.8159619989581868
2017-03-10 05:00:00,16.0,82,0.0,5.2,12,-1.0811407922523508,-5.086367523815789
2017-03-10 06:00:00,15.8,83,0.0,5.0,90,-5.0,6.123233995736766e-16
2017-03-10 07:00:00,16.7,81,0.1,1.1,90,-1.1,1.3471114790620887e-16
2017-03-10 08:00:00,17.0,85,0.3,7.8,13,-1.7546182238821488,-7.600086505324834
2017-03-10 09:00:00,18.4,79,0.0,7.1,24,-2.8878301658381806,-6.486172749262467
2017-03-10 10:00:00,20.3,71,0.0,4.3,5,-0.37476969381493047,-4.283637201794505
2017-03-10 11:00:00,21.3,68,0.0,1.5,256,1.4554435894139948,0.3628828433995016
2017-03-10 12:00:00,23.6,62,0.0,6.5,236,5.38874422160777,3.634753872559855
2017-03-10 13:00:00,25.9,54,0.0,10.4,224,7.224447052773572,7.481133923521972
2017-03-10 14:00:00,25.3,56,0.1,14.6,250,13.719512263474263,4.993494092554763
2017-03-10 15:00:00,23.5,65,0.0,8.5,306,6.876644452187053,-4.996174644486022
2017-03-10 16:00:00,21.9,70,0.0,6.8,335,2.873804179836756,-6.162892951849219
2017-03-10 17:00:00,21.1,73,0.0,5.8,330,2.9000000000000004,-5.0229473419497435
2017-03-10 18:00:00,19.3,79,0.0,9.8,343,2.8652427062828205,-9.371786608437748
2017-03-10 19:00:00,17.8,85,0.0,9.1,9,-1.4235536318661024,-8.987963899415753
2017-03-10 20:00:00,16.8,89,0.0,12.7,15,-3.2870018728020116,-12.267257993871167
2017-03-10 21:00:00,17.2,87,0.0,12.6,27,-5.720280296718291,-11.226682204773434
2017-03-10 22:00:00,17.0,89,0.0,11.5,20,-3.9332316482451883,-10.806465139037947
2017-03-10 23:00:00,17.3,87,0.0,10.1,360,6.184466335694133e-16,-10.1
2017-03-11 00:00:00,16.4,91,0.0,8.7,355,0.7582549619046257,-8.666893873398186
2017-03-11 01:00:00,16.1,94,0.6,5.0,21,-1.7918397477265036,-4.667902132486008
2017-03-11 02:00:00,16.4,94,0.0,4.1,15,-1.0611580849203346,-3.96029588778518
2017-03-11 03:00:00,16.1,95,0.0,4.3,90,-4.3,5.265981236333618e-16
2017-03-11 04:00:00,17.9,84,0.0,2.2,360,1.3471114790620887e-16,-2.2
2017-03-11 05:00:00,15.5,95,0.0,4.1,15,-1.0611580849203346,-3.96029588778518
2017-03-11 06:00:00,15.4,97,0.0,2.9,30,-1.4500000000000013,-2.5114736709748713
2017-03-11 07:00:00,16.1,93,0.0,2.9,90,-2.9,3.5514757175273243e-16
2017-03-11 08:00:00,18.4,83,0.0,1.8,180,1.1021821192326179e-16,1.8
2017-03-11 09:00:00,20.6,73,0.0,1.3,304,1.0777488443215542,-0.726950774511971
2017-03-11 10:00:00,22.4,65,0.0,2.5,270,2.5,0.0
2017-03-11 11:00:00,22.7,68,0.0,5.5,293,5.062776693988422,-2.149021206691006
2017-03-11 12:00:00,24.0,62,0.0,6.2,280,6.10580806867569,-1.0766187015349682
2017-03-11 13:00:00,24.4,61,0.0,8.9,302,7.547628055792192,-4.716281451675524
2017-03-11 14:00:00,24.5,61,0.0,8.7,308,6.85569355637848,-5.356254835333226
2017-03-11 15:00:00,24.0,64,0.0,10.1,325,5.793122007145566,-8.273435647318816
2017-03-11 16:00:00,23.3,67,0.0,10.4,346,2.515987714236544,-10.091075553270363
2017-03-11 17:00:00,22.1,73,0.0,10.1,360,6.184466335694133e-16,-10.1
2017-03-11 18:00:00,20.0,84,0.0,7.4,346,1.7902220274375409,-7.180188374442374
2017-03-11 19:00:00,18.3,93,0.0,6.5,357,0.3401837155791358,-6.49109197590473
2017-03-11 20:00:00,17.9,95,0.0,3.8,17,-1.111012477946401,-3.633958072659534
2017-03-11 21:00:00,17.8,95,0.0,3.2,333,1.45276959916655,-2.851220877402777
2017-03-11 22:00:00,17.6,96,0.0,0.8,117,-0.7128052193506943,0.36319239979163753
2017-03-11 23:00:00,17.4,97,0.0,2.7,247,2.485363104321589,1.0549740469210394
2017-03-12 00:00:00,17.1,99,0.0,1.8,180,1.1021821192326179e-16,1.8
2017-03-12 01:00:00,17.5,96,0.0,1.1,162,-0.3399186938124421,1.046162167924669
2017-03-12 02:00:00,18.0,94,0.0,2.4,63,-2.138415658052083,-1.089577199374912
2017-03-12 03:00:00,17.8,95,0.0,2.6,56,-2.1554976886431088,-1.4539015490239415
2017-03-12 04:00:00,17.6,95,0.0,0.5,135,-0.35355339059327373,0.3535533905932738
2017-03-12 05:00:00,17.3,97,0.0,1.1,288,1.0461621679246689,-0.33991869381244216
2017-03-12 06:00:00,16.6,98,0.0,2.9,60,-2.5114736709748717,-1.4500000000000002
2017-03-12 07:00:00,17.4,96,0.0,0.0,270,0.0,0.0
2017-03-12 08:00:00,20.4,78,0.0,8.6,202,3.2216167033768426,7.973781149274371
2017-03-12 09:00:00,22.8,68,0.0,11.0,221,7.2166493188955805,8.301805382450492
2017-03-12 10:00:00,24.0,64,0.0,9.9,237,8.302838622659698,5.391926446648768
2017-03-12 11:00:00,25.6,58,0.0,10.0,232,7.880107536067219,6.156614753256583
2017-03-12 12:00:00,26.7,53,0.0,11.6,244,10.426010937070338,5.0851053027532975
2017-03-12 13:00:00,26.9,52,0.0,10.8,249,10.08266860616978,3.8703738550892433
2017-03-12 14:00:00,26.8,53,0.0,10.0,255,9.659258262890683,2.5881904510252074
2017-03-12 15:00:00,25.7,57,0.0,11.9,270,11.9,0.0
2017-03-12 16:00:00,23.8,67,0.0,9.3,286,8.939733772226367,-2.5634274090980926
2017-03-12 17:00:00,22.2,74,0.0,5.9,308,4.64926344627966,-3.6324027044213842
2017-03-12 18:00:00,20.8,78,0.0,6.4,322,3.9402334420842133,-5.043268823083022
2017-03-12 19:00:00,19.5,83,0.0,6.4,344,1.7640790772287946,-6.1520748540052415
2017-03-12 20:00:00,19.4,84,0.0,4.0,5,-0.348622970990633,-3.984778792366982
2017-03-12 21:00:00,19.6,84,0.0,3.3,6,-0.3449439287832561,-3.281922254715302
2017-03-12 22:00:00,18.7,89,0.0,2.3,342,0.7107390870623791,-2.1874299874788528
2017-03-12 23:00:00,18.8,91,0.0,1.6,27,-0.7263847995832751,-1.4256104387013886
2017-03-13 00:00:00,18.2,93,0.0,2.9,30,-1.4500000000000013,-2.5114736709748713
2017-03-13 01:00:00,18.1,94,0.0,4.2,70,-3.9467090073008158,-1.4364846019678084
2017-03-13 02:00:00,18.3,94,0.0,4.2,70,-3.9467090073008158,-1.4364846019678084
2017-03-13 03:00:00,18.4,93,0.0,4.1,75,-3.96029588778518,-1.0611580849203353
2017-03-13 04:00:00,19.2,89,0.0,3.3,77,-3.2154212137912763,-0.7423384793347544
2017-03-13 05:00:00,20.3,82,0.0,3.8,41,-2.4930243101639276,-2.8678964048465336
2017-03-13 06:00:00,19.5,86,0.0,4.1,45,-2.8991378028648453,-2.8991378028648445
2017-03-13 07:00:00,20.3,82,0.0,5.3,62,-4.679622242152313,-2.4881992827652213
2017-03-13 08:00:00,22.7,72,0.0,4.5,29,-2.1816432911085157,-3.935788682127282
2017-03-13 09:00:00,24.5,66,0.0,3.9,338,1.4609657143220567,-3.616017032810471
2017-03-13 10:00:00,25.8,61,0.0,4.2,301,3.600102662948872,-2.1631599146222276
2017-03-13 11:00:00,27.4,55,0.0,3.5,294,3.197409101749103,-1.4235782507653008
2017-03-13 12:00:00,28.6,52,0.0,7.1,300,6.148780366869515,-3.5499999999999994
2017-03-13 13:00:00,28.3,52,0.5,9.0,307,7.187719590425635,-5.416335208368435
2017-03-13 14:00:00,27.9,54,0.0,11.0,328,5.829111906565254,-9.328529057720685
2017-03-13 15:00:00,27.1,57,0.0,9.6,340,3.2833933759264204,-9.02104915954472
2017-03-13 16:00:00,26.6,59,0.0,4.9,324,2.8801477362331185,-3.9641832724372428
2017-03-13 17:00:00,25.5,63,0.0,8.0,306,6.47213595499958,-4.702282018339785
2017-03-13 18:00:00,22.5,77,0.0,8.9,328,4.716281451675524,-7.547628055792192
2017-03-13 19:00:00,20.7,84,0.0,4.8,347,1.0797650608505516,-4.676976310969129
2017-03-13 20:00:00,20.4,84,0.0,6.3,329,3.244739871933341,-5.400153994423308
2017-03-13 21:00:00,19.6,87,0.0,3.3,347,0.7423384793347542,-3.2154212137912763
2017-03-13 22:00:00,18.8,90,0.0,6.6,347,1.4846769586695083,-6.430842427582553
2017-03-13 23:00:00,18.0,90,0.0,7.3,349,1.3929056662487778,-7.165878439167947
2017-03-14 00:00:00,18.1,85,0.0,8.4,350,1.4586446924022156,-8.272385125302547
2017-03-14 01:00:00,17.3,84,0.0,9.3,347,2.092044805397944,-9.06164160250269
2017-03-14 02:00:00,16.7,83,0.0,7.9,344,2.1775351109542935,-7.59396739791272
2017-03-14 03:00:00,15.9,83,0.1,9.7,358,0.33852511801426044,-9.694091022085228
2017-03-14 04:00:00,16.1,85,0.0,8.4,20,-2.872969203935616,-7.8934180146016315
2017-03-14 05:00:00,14.7,94,0.7000000000000001,12.3,357,0.6437322617882109,-12.283143277481258
2017-03-14 06:00:00,14.2,97,0.1,10.1,360,6.184466335694133e-16,-10.1
2017-03-14 07:00:00,14.2,95,0.4,10.7,12,-2.2246550917500296,-10.46617932785172
2017-03-14 08:00:00,15.5,95,0.0,8.6,2,-0.3001356716415065,-8.594761112364223
2017-03-14 09:00:00,17.4,83,0.0,10.2,10,-1.7712114122026892,-10.045039080724521
2017-03-14 10:00:00,19.1,77,0.0,8.4,353,1.023702484603239,-8.337387673787106
2017-03-14 11:00:00,21.5,68,0.0,5.4,340,1.8469087739586119,-5.074340152243905
2017-03-14 12:00:00,21.2,64,0.0,11.3,329,5.8199302464836125,-9.68599049793387
2017-03-14 13:00:00,20.7,59,0.0,14.1,347,3.1718098662484953,-13.738617913471817
2017-03-14 14:00:00,20.1,58,0.0,14.0,359,0.24433369012197037,-13.997867732189478
2017-03-14 15:00:00,19.8,59,0.0,11.9,3,-0.6227978792910372,-11.88369146357943
2017-03-14 16:00:00,18.3,62,0.0,14.1,356,0.9835662797921657,-14.06565310866352
2017-03-14 17:00:00,16.7,68,0.0,12.5,12,-2.5988961352219975,-12.22684500917257
2017-03-14 18:00:00,15.7,73,0.0,10.2,10,-1.7712114122026892,-10.045039080724521
2017-03-14 19:00:00,14.5,76,0.0,10.4,14,-2.515987714236545,-10.091075553270363
2017-03-14 20:00:00,14.3,75,0.0,7.2,354,0.752604935527105,-7.160557646651568
2017-03-14 21:00:00,14.0,76,0.0,6.6,22,-2.472403516545021,-6.119413440140796
2017-03-14 22:00:00,14.7,79,0.0,5.9,14,-1.42733918403804,-5.7247447850283795
2017-03-14 23:00:00,14.2,79,0.0,5.4,360,3.3065463576978537e-16,-5.4
2017-03-15 00:00:00,13.8,78,0.0,5.1,356,0.35575801609503865,-5.087576656325103
2017-03-15 01:00:00,13.3,79,0.0,4.9,17,-1.4326213531414118,-4.685893304218873
2017-03-15 02:00:00,13.2,83,0.0,4.2,20,-1.436484601967808,-3.9467090073008158
2017-03-15 03:00:00,13.1,84,0.0,2.5,8,-0.3479327524001646,-2.475670171853926
2017-03-15 04:00:00,13.0,87,0.0,0.8,333,0.3631923997916375,-0.7128052193506943
2017-03-15 05:00:00,12.9,87,0.0,0.8,333,0.3631923997916375,-0.7128052193506943
2017-03-15 06:00:00,12.9,88,0.0,0.4,270,0.4,0.0
2017-03-15 07:00:00,13.8,88,0.0,1.1,270,1.1,0.0
2017-03-15 08:00:00,15.6,88,0.0,4.3,228,3.195522749552795,2.8772616073430903
2017-03-15 09:00:00,17.1,83,0.0,3.8,229,2.8678964048465336,2.4930243101639276
2017-03-15 10:00:00,19.1,75,0.0,2.8,230,2.1449244407331385,1.7998053071223097
2017-03-15 11:00:00,21.0,67,0.0,3.5,246,3.197409101749103,1.4235782507653008
2017-03-15 12:00:00,22.0,62,0.0,3.6,270,3.6,0.0
2017-03-15 13:00:00,21.3,62,0.0,2.3,288,2.1874299874788528,-0.710739087062379
2017-03-15 14:00:00,20.7,64,0.0,5.9,349,1.125773072721615,-5.791600382341218
2017-03-15 15:00:00,20.5,65,0.0,6.3,13,-1.417191642366351,-6.1385314081469815
2017-03-15 16:00:00,20.7,65,0.0,4.3,355,0.37476969381492997,-4.283637201794505
2017-03-15 17:00:00,20.2,66,0.0,5.1,352,0.7097828148963339,-5.050367150582009
2017-03-15 18:00:00,18.4,72,0.0,6.8,342,2.1013155617496424,-6.467184310807044
2017-03-15 19:00:00,17.6,72,0.0,7.2,360,4.4087284769304716e-16,-7.2
2017-03-15 20:00:00,16.4,82,0.0,4.3,336,1.7489675652259409,-3.9282454678631837
2017-03-15 21:00:00,16.4,76,0.0,1.0,135,-0.7071067811865475,0.7071067811865476
2017-03-15 22:00:00,16.1,79,0.0,1.8,270,1.8,0.0
2017-03-15 23:00:00,15.5,78,0.0,1.1,270,1.1,0.0
2017-03-16 00:00:00,15.7,75,0.0,1.8,307,1.437543918085127,-1.083267041673687
2017-03-16 01:00:00,15.5,75,0.0,2.9,330,1.4500000000000002,-2.5114736709748717
2017-03-16 02:00:00,15.7,73,0.0,4.0,360,2.4492935982947064e-16,-4.0
2017-03-16 03:00:00,15.7,76,0.1,5.2,12,-1.0811407922523508,-5.086367523815789
2017-03-16 04:00:00,15.7,81,0.1,6.7,16,-1.8467702839738926,-6.440453362786737
2017-03-16 05:00:00,15.5,86,0.1,7.6,8,-1.0577155672965002,-7.526037322435934
2017-03-16 06:00:00,15.4,87,0.0,8.3,18,-2.564841053312065,-7.893769085249775
2017-03-16 07:00:00,15.7,85,0.0,7.4,14,-1.7902220274375418,-7.180188374442374
2017-03-16 08:00:00,16.2,83,0.0,9.4,2,-0.3280552690035072,-9.394273773979501
2017-03-16 09:00:00,16.7,83,0.2,5.0,69,-4.667902132486009,-1.7918397477265022
2017-03-16 10:00:00,17.9,79,0.0,6.5,326,3.634753872559854,-5.388744221607771
2017-03-16 11:00:00,20.3,68,0.0,5.6,315,3.9597979746446663,-3.9597979746446654
2017-03-16 12:00:00,22.2,60,0.0,5.9,317,4.023790324368742,-4.314986839553106
2017-03-16 13:00:00,24.2,53,0.0,7.0,339,2.5085756468171025,-6.535062985480412
2017-03-16 14:00:00,23.8,54,0.0,11.4,347,2.5644420195200603,-11.107818738551682
2017-03-16 15:00:00,23.9,53,0.0,13.0,355,1.1330246557195558,-12.950531075192693
2017-03-16 16:00:00,22.0,61,0.0,15.9,3,-0.8321417042628145,-15.878209602597725
2017-03-16 17:00:00,20.1,68,0.0,14.6,9,-2.283943189587373,-14.42024977268901
2017-03-16 18:00:00,18.3,75,0.0,11.8,12,-2.453357951649566,-11.542141688658907
2017-03-16 19:00:00,17.1,81,0.0,10.1,2,-0.35248491669525767,-10.093847352892867
2017-03-16 20:00:00,15.8,88,0.0,6.9,351,1.0793978087775935,-6.815049550106451
2017-03-16 21:00:00,15.5,89,0.0,6.0,335,2.5357095704441965,-5.437846722219899
2017-03-16 22:00:00,14.7,92,0.0,5.2,16,-1.4333142502483942,-4.998560818879259
2017-03-16 23:00:00,15.8,88,0.0,5.0,69,-4.667902132486009,-1.7918397477265022
2017-03-17 00:00:00,15.8,89,0.5,6.9,351,1.0793978087775935,-6.815049550106451
2017-03-17 01:00:00,14.1,97,0.0,4.5,29,-2.1816432911085157,-3.935788682127282
2017-03-17 02:00:00,14.2,96,0.0,0.5,135,-0.35355339059327373,0.3535533905932738
2017-03-17 03:00:00,14.0,98,0.0,2.1,121,-1.8000513314744357,1.0815799573111142
2017-03-17 04:00:00,14.2,97,0.0,1.3,146,-0.7269507745119708,1.0777488443215544
2017-03-17 05:00:00,14.2,96,0.0,1.9,158,-0.7117525274902329,1.761649323676896
2017-03-17 06:00:00,14.3,96,0.0,3.0,166,-0.7257656867990033,2.9108871788279895
2017-03-17 07:00:00,15.3,92,0.0,2.5,188,0.34793275240016364,2.475670171853926
2017-03-17 08:00:00,18.1,82,0.0,4.4,215,2.5237363199446032,3.604268994871564
2017-03-17 09:00:00,20.3,73,0.0,6.5,251,6.1458707413955596,2.1161930039715187
2017-03-17 10:00:00,22.4,66,0.0,7.4,247,6.811735915548059,2.891410350820626
2017-03-17 11:00:00,24.0,58,0.0,8.2,255,7.92059177557036,2.12231616984067
2017-03-17 12:00:00,25.4,51,0.0,8.4,260,8.272385125302547,1.458644692402215
2017-03-17 13:00:00,24.8,53,0.0,10.8,291,10.08266860616978,-3.8703738550892433
2017-03-17 14:00:00,24.5,56,0.0,13.0,309,10.10289749894062,-8.181165083647887
2017-03-17 15:00:00,22.9,62,0.0,14.4,328,7.630837404958151,-12.211892584652533
2017-03-17 16:00:00,21.1,69,0.0,10.1,6,-1.055737479003299,-10.044671143219562
2017-03-17 17:00:00,20.8,71,0.0,10.1,17,-2.9529542176996446,-9.658678035226657
2017-03-17 18:00:00,19.7,77,0.0,8.3,355,0.7233926648055626,-8.268415994161488
2017-03-17 19:00:00,18.5,83,0.0,5.4,20,-1.8469087739586103,-5.074340152243906
2017-03-17 20:00:00,17.7,87,0.0,5.1,356,0.35575801609503865,-5.087576656325103
2017-03-17 21:00:00,17.1,90,0.0,5.8,353,0.7068421917498554,-5.756767679519667
2017-03-17 22:00:00,17.2,90,0.0,4.2,31,-2.163159914622229,-3.600102662948871
2017-03-17 23:00:00,17.0,92,0.0,2.8,40,-1.7998053071223103,-2.144924440733138
2017-03-18 00:00:00,16.6,93,0.0,3.0,346,0.725765686799003,-2.9108871788279895
2017-03-18 01:00:00,16.5,93,0.0,2.1,329,1.0815799573111138,-1.800051331474436
2017-03-18 02:00:00,15.8,97,0.0,2.6,34,-1.453901549023941,-2.1554976886431088
2017-03-18 03:00:00,15.3,97,0.0,4.7,90,-4.7,5.755839955992561e-16
2017-03-18 04:00:00,16.8,91,0.0,3.6,84,-3.580278823325784,-0.3763024677635526
2017-03-18 05:00:00,16.9,90,0.0,1.9,292,1.761649323676896,-0.7117525274902328
2017-03-18 06:00:00,16.8,91,0.0,1.1,90,-1.1,1.3471114790620887e-16
2017-03-18 07:00:00,17.1,90,0.0,1.3,146,-0.7269507745119708,1.0777488443215544
2017-03-18 08:00:00,19.3,82,0.0,2.6,254,2.499280409439629,0.7166571251241979
2017-03-18 09:00:00,21.1,73,0.0,4.0,275,3.984778792366982,-0.34862297099063266
2017-03-18 10:00:00,22.2,68,0.0,4.7,302,3.9858260519352022,-2.490620541896063
2017-03-18 11:00:00,23.0,64,0.0,3.6,323,2.1665340833473743,-2.875087836170254
2017-03-18 12:00:00,24.3,58,0.0,4.1,322,2.524212048835199,-3.23084408978756
2017-03-18 13:00:00,25.4,54,0.0,4.0,360,2.4492935982947064e-16,-4.0
2017-03-18 14:00:00,25.9,53,0.0,5.4,8,-0.7515347451843555,-5.34744757120448
2017-03-18 15:00:00,25.7,55,0.0,9.5,351,1.4861274178821937,-9.38303923565381
2017-03-18 16:00:00,24.2,62,0.0,11.7,9,-1.830283240970703,-11.55595358496311
2017-03-18 17:00:00,23.5,65,0.0,11.2,15,-2.898773305148231,-10.818369254437565
2017-03-18 18:00:00,21.8,73,0.0,10.5,352,1.4613175600806874,-10.397814721786489
2017-03-18 19:00:00,20.2,80,0.0,8.2,29,-3.975438886019962,-7.171881598543046
2017-03-18 20:00:00,19.3,84,0.1,4.8,347,1.0797650608505516,-4.676976310969129
2017-03-18 21:00:00,19.1,85,0.0,7.2,360,4.4087284769304716e-16,-7.2
2017-03-18 22:00:00,19.0,86,0.0,9.4,18,-2.904759747124507,-8.939931253174443
2017-03-18 23:00:00,19.1,87,0.0,7.6,19,-2.4743179738743906,-7.185941174554808
2017-03-19 00:00:00,19.0,88,0.0,5.4,360,3.3065463576978537e-16,-5.4
2017-03-19 01:00:00,18.4,91,0.0,7.0,348,1.4553818357243162,-6.847033205136639
2017-03-19 02:00:00,18.0,94,0.0,4.6,72,-4.374859974957706,-1.4214781741247573
2017-03-19 03:00:00,18.2,92,0.0,3.2,27,-1.4527695991665501,-2.851220877402777
2017-03-19 04:00:00,17.9,93,0.0,5.2,12,-1.0811407922523508,-5.086367523815789
2017-03-19 05:00:00,18.5,88,0.0,5.9,76,-5.7247447850283795,-1.4273391840380383
2017-03-19 06:00:00,19.0,84,0.0,1.1,180,6.735557395310444e-17,1.1
2017-03-19 07:00:00,20.2,78,0.0,8.7,197,2.5436338310878095,8.319851376878407
2017-03-19 08:00:00,20.3,79,0.0,5.4,356,0.3766849582182763,-5.386845871403051
2017-03-19 09:00:00,21.6,74,0.0,4.4,305,3.604268994871564,-2.523736319944603
2017-03-19 10:00:00,22.7,67,0.0,4.4,305,3.604268994871564,-2.523736319944603
2017-03-19 11:00:00,23.6,66,0.0,12.1,343,3.5376976271451146,-11.571287547152728
2017-03-19 12:00:00,22.2,73,0.0,12.7,15,-3.2870018728020116,-12.267257993871167
2017-03-19 13:00:00,24.0,64,0.0,9.4,4,-0.6557108531947805,-9.377102072442348
2017-03-19 14:00:00,25.2,58,0.0,8.3,358,0.289665822630759,-8.294943864258496
2017-03-19 15:00:00,24.1,62,0.0,13.6,348,2.8275989951215283,-13.302807369979755
2017-03-19 16:00:00,23.5,66,0.0,10.2,10,-1.7712114122026892,-10.045039080724521
2017-03-19 17:00:00,23.6,67,0.0,7.6,355,0.6623836448822018,-7.571079705497266
2017-03-19 18:00:00,21.9,74,0.0,8.5,332,3.9905082836800725,-7.505054539300878
2017-03-19 19:00:00,19.9,83,0.0,7.6,352,1.0577155672964975,-7.5260373224359345
2017-03-19 20:00:00,20.0,84,0.0,6.6,13,-1.4846769586695105,-6.430842427582552
2017-03-19 21:00:00,19.4,87,0.0,7.2,3,-0.376818884949199,-7.190132650232932
2017-03-19 22:00:00,19.4,87,0.0,4.5,29,-2.1816432911085157,-3.935788682127282
2017-03-19 23:00:00,19.3,87,0.0,3.6,360,2.2043642384652358e-16,-3.6
2017-03-20 00:00:00,18.9,90,0.0,3.2,90,-3.2,3.9188697572715305e-16
2017-03-20 01:00:00,19.5,88,0.0,4.5,61,-3.9357886821272814,-2.181643291108516
2017-03-20 02:00:00,20.1,83,0.0,3.8,107,-3.633958072659535,1.111012477946399
2017-03-20 03:00:00,20.8,76,0.0,3.6,127,-2.8750878361702545,2.1665340833473734
2017-03-20 04:00:00,20.5,78,0.0,6.0,197,1.7542302283364206,5.737828535778212
2017-03-20 05:00:00,21.1,75,0.0,5.4,228,4.012982057577929,3.6133052743378347
2017-03-20 06:00:00,17.8,94,0.0,4.3,294,3.9282454678631837,-1.7489675652259409
2017-03-20 07:00:00,19.2,86,0.0,2.9,120,-2.511473670974872,1.4499999999999997
2017-03-20 08:00:00,21.9,74,0.0,5.1,266,5.087576656325103,0.35575801609503904
2017-03-20 09:00:00,23.1,71,0.0,3.7,281,3.632020578756357,-0.7059932828932158
2017-03-20 10:00:00,24.8,64,0.0,5.3,242,4.679622242152313,2.4881992827652213
2017-03-20 11:00:00,26.6,56,0.0,6.4,254,6.1520748540052415,1.7640790772287946
2017-03-20 12:00:00,27.2,54,0.0,8.5,282,8.314254606237348,-1.7672493719509543
2017-03-20 13:00:00,26.5,59,0.0,9.4,310,7.200817765318393,-6.042203531053469
2017-03-20 14:00:00,26.1,61,0.0,8.0,333,3.6319239979163744,-7.128052193506942
2017-03-20 15:00:00,25.6,62,0.1,7.6,355,0.6623836448822018,-7.571079705497266
2017-03-20 16:00:00,25.6,62,0.0,7.8,13,-1.7546182238821488,-7.600086505324834
2017-03-20 17:00:00,25.2,64,0.0,8.6,360,5.265981236333618e-16,-8.6
2017-03-20 18:00:00,23.7,70,0.0,6.2,339,2.2218812871808624,-5.788198644282651
2017-03-20 19:00:00,21.4,81,0.0,4.2,340,1.436484601967809,-3.9467090073008153
2017-03-20 20:00:00,20.8,84,0.0,5.4,42,-3.613305274337834,-4.01298205757793
2017-03-20 21:00:00,21.1,81,0.0,4.3,48,-3.195522749552795,-2.8772616073430903
2017-03-20 22:00:00,20.3,84,0.0,5.5,79,-5.3989495089621515,-1.049449474570996
2017-03-20 23:00:00,21.2,78,0.0,3.1,111,-2.8940993221413254,1.1109406435904308
2017-03-21 00:00:00,21.4,75,0.0,3.4,162,-1.050657780874821,3.2335921554035223
2017-03-21 01:00:00,22.1,71,0.0,1.3,124,-1.0777488443215542,0.726950774511971
2017-03-21 02:00:00,19.1,85,0.0,4.8,13,-1.0797650608505531,-4.6769763109691285
2017-03-21 03:00:00,19.1,85,0.0,5.6,45,-3.9597979746446668,-3.9597979746446654
2017-03-21 04:00:00,19.3,85,0.0,8.6,15,-2.2258437878816775,-8.306962106085987
2017-03-21 05:00:00,19.3,88,0.0,8.0,27,-3.6319239979163753,-7.128052193506942
2017-03-21 06:00:00,19.3,89,0.0,7.6,25,-3.2118987892293136,-6.88793918147854
2017-03-21 07:00:00,20.0,85,0.0,9.6,13,-2.1595301217011063,-9.353952621938257
2017-03-21 08:00:00,21.8,77,0.0,12.1,17,-3.537697627145119,-11.571287547152727
2017-03-21 09:00:00,23.7,68,0.0,14.1,13,-3.1718098662485,-13.738617913471815
2017-03-21 10:00:00,25.8,59,0.0,14.2,9,-2.2213694035712805,-14.025174436450953
2017-03-21 11:00:00,27.3,52,0.0,11.9,2,-0.4153040107597591,-11.89275084152724
2017-03-21 12:00:00,28.5,48,0.0,10.5,344,2.8941922360784913,-10.093247807352348
2017-03-21 13:00:00,28.9,46,0.0,11.9,331,5.769234480931412,-10.40797451495881
2017-03-21 14:00:00,27.7,52,0.0,15.6,334,6.838589889909608,-14.021187122267005
2017-03-21 15:00:00,26.4,54,0.0,16.1,340,5.506524307543269,-15.129051194653126
2017-03-21 16:00:00,24.7,57,0.0,14.0,348,2.9107636714486325,-13.694066410273278
2017-03-21 17:00:00,22.8,60,0.0,12.6,357,0.659433048661094,-12.58273213790763
2017-03-21 18:00:00,20.4,66,0.0,10.2,352,1.4195656297926678,-10.100734301164017
2017-03-21 19:00:00,18.5,71,0.0,8.6,2,-0.3001356716415065,-8.594761112364223
2017-03-21 20:00:00,17.9,71,0.0,7.2,357,0.3768188849491966,-7.190132650232932
2017-03-21 21:00:00,17.9,71,0.0,4.7,23,-1.836436303899587,-4.326372811226469
2017-03-21 22:00:00,17.7,73,0.1,1.9,22,-0.7117525274902333,-1.7616493236768958
2017-03-21 23:00:00,17.9,73,0.0,2.2,9,-0.3441558230885083,-2.172914349309303
2017-03-22 00:00:00,17.7,73,0.0,3.8,17,-1.111012477946401,-3.633958072659534
2017-03-22 01:00:00,17.8,76,0.2,0.8,117,-0.7128052193506943,0.36319239979163753
2017-03-22 02:00:00,17.7,78,0.2,0.4,360,2.4492935982947065e-17,-0.4
2017-03-22 03:00:00,17.7,81,0.1,2.9,83,-2.878383839759834,-0.3534210958749272
2017-03-22 04:00:00,17.8,86,0.0,1.4,360,8.572527594031472e-17,-1.4
2017-03-22 05:00:00,18.0,84,0.0,2.2,99,-2.172914349309303,0.3441558230885082
2017-03-22 06:00:00,17.8,87,0.0,4.3,204,1.7489675652259409,3.9282454678631837
2017-03-22 07:00:00,19.5,80,0.0,6.6,209,3.199743493625825,5.772490067120011
2017-03-22 08:00:00,20.0,81,0.0,3.4,252,3.233592155403522,1.0506577808748212
2017-03-22 09:00:00,22.1,71,0.0,6.9,227,5.046340541172277,4.70578868443124
2017-03-22 10:00:00,24.2,59,0.0,9.2,225,6.505382386916237,6.505382386916236
2017-03-22 11:00:00,26.7,49,0.0,11.5,229,8.679160172561879,7.544678833390834
2017-03-22 12:00:00,27.9,45,0.0,14.6,232,11.50495700265814,8.98865753975461
2017-03-22 13:00:00,28.1,45,0.0,15.2,256,14.748495039395145,3.6772128131149495
2017-03-22 14:00:00,26.0,55,0.0,13.7,305,11.222383006759188,-7.85799717800933
2017-03-22 15:00:00,24.9,59,0.0,9.1,342,2.8120546488120217,-8.654614298285896
2017-03-22 16:00:00,24.6,59,0.0,6.5,326,3.634753872559854,-5.388744221607771
2017-03-22 17:00:00,22.5,67,0.0,12.1,330,6.050000000000002,-10.478907385791707
2017-03-22 18:00:00,20.1,76,0.0,11.9,357,0.6227978792910333,-11.88369146357943
2017-03-22 19:00:00,19.1,81,0.0,11.8,20,-4.0358376912428895,-11.08837292527372
2017-03-22 20:00:00,18.8,83,0.0,12.9,18,-3.9863192274368235,-12.26862906020748
2017-03-22 21:00:00,19.1,83,0.0,11.8,23,-4.6106273161734315,-10.861957270738795
2017-03-22 22:00:00,19.7,81,0.1,9.0,16,-2.4807362023529897,-8.651355263444872
2017-03-22 23:00:00,18.5,85,0.2,11.4,347,2.5644420195200603,-11.107818738551682
2017-03-23 00:00:00,17.7,88,0.1,12.8,22,-4.794964395723677,-11.867953338454878
2017-03-23 01:00:00,17.6,89,0.0,10.0,15,-2.5881904510252065,-9.659258262890683
2017-03-23 02:00:00,17.3,91,0.0,9.0,16,-2.4807362023529897,-8.651355263444872
2017-03-23 03:00:00,17.2,93,0.0,10.0,41,-6.560590289905073,-7.54709580222772
2017-03-23 04:00:00,18.3,87,0.0,7.4,43,-5.04678786446249,-5.412017391981862
2017-03-23 05:00:00,17.6,91,0.0,10.8,15,-2.795245687107223,-10.431998923921938
2017-03-23 06:00:00,18.4,87,0.0,8.7,30,-4.350000000000003,-7.534421012924613
2017-03-23 07:00:00,19.6,81,0.0,10.4,14,-2.515987714236545,-10.091075553270363
2017-03-23 08:00:00,21.3,72,0.0,10.0,15,-2.5881904510252065,-9.659258262890683
2017-03-23 09:00:00,20.2,81,0.0,15.9,3,-0.8321417042628145,-15.878209602597725
2017-03-23 10:00:00,22.8,67,0.0,13.9,25,-5.874393838195719,-12.597678239809436
2017-03-23 11:00:00,23.2,64,0.0,13.8,28,-6.478707566445292,-12.184676781453193
2017-03-23 12:00:00,26.3,51,0.0,13.0,24,-5.287576359985401,-11.876090949353813
2017-03-23 13:00:00,27.7,45,0.0,12.0,16,-3.3076482698039866,-11.535140351259829
2017-03-23 14:00:00,28.2,43,0.0,13.0,6,-1.3588700224794936,-12.928784639787555
2017-03-23 15:00:00,27.9,44,0.0,12.6,2,-0.4397336584515096,-12.592324420440606
2017-03-23 16:00:00,25.9,52,0.0,16.0,351,2.502951440643695,-15.803013449522204
2017-03-23 17:00:00,23.3,62,0.0,14.8,359,0.2582956152717973,-14.79774588831459
2017-03-23 18:00:00,21.4,69,0.0,10.9,8,-1.5169868004647176,-10.793921949283115
2017-03-23 19:00:00,19.9,74,0.0,9.3,13,-2.092044805397947,-9.061641602502688
2017-03-23 20:00:00,19.3,79,0.0,5.4,8,-0.7515347451843555,-5.34744757120448
2017-03-23 21:00:00,19.0,82,0.0,5.0,180,3.061616997868383e-16,5.0
2017-03-23 22:00:00,18.7,83,0.0,4.2,211,2.1631599146222276,3.600102662948872
2017-03-23 23:00:00,17.8,89,0.0,5.2,214,2.9078030980478835,4.3109953772862175
2017-03-24 00:00:00,17.1,91,0.0,4.0,190,0.6945927106677217,3.939231012048832
2017-03-24 01:00:00,17.9,87,0.0,1.9,292,1.761649323676896,-0.7117525274902328
2017-03-24 02:00:00,16.8,91,0.0,1.5,45,-1.0606601717798214,-1.0606601717798212
2017-03-24 03:00:00,16.9,92,0.0,3.2,63,-2.8512208774027776,-1.4527695991665495
2017-03-24 04:00:00,16.4,95,0.0,3.9,56,-3.233246532964663,-2.180852323535912
2017-03-24 05:00:00,16.1,95,0.0,6.4,47,-4.6806636903626915,-4.364789504399989
2017-03-24 06:00:00,15.9,96,0.0,5.9,43,-4.023790324368742,-4.314986839553106
2017-03-24 07:00:00,18.1,86,0.0,4.8,48,-3.5670951622914924,-3.2118269105225195
2017-03-24 08:00:00,20.5,79,0.0,0.0,270,0.0,0.0
2017-03-24 09:00:00,23.5,62,0.0,3.4,302,2.883363526931848,-1.8017254983928965
2017-03-24 10:00:00,25.3,52,0.0,1.8,307,1.437543918085127,-1.083267041673687
2017-03-24 11:00:00,27.0,47,0.0,4.9,234,3.9641832724372428,2.8801477362331185
2017-03-24 12:00:00,28.0,45,0.1,7.9,246,7.217009115376547,3.2132194802988217
2017-03-24 13:00:00,27.9,45,0.1,8.4,263,8.337387673787106,1.0237024846032388
2017-03-24 14:00:00,28.0,44,0.1,7.9,267,7.889173324561134,0.4134540543192563
2017-03-24 15:00:00,27.7,45,0.0,8.7,246,7.947845481490627,3.5386087947594613
2017-03-24 16:00:00,27.3,47,0.0,7.6,262,7.5260373224359345,1.0577155672964973
2017-03-24 17:00:00,24.1,58,0.0,12.0,311,9.056514962673264,-7.872708347886087
2017-03-24 18:00:00,21.0,69,0.0,5.7,342,1.7613968679372005,-5.421022142882375
2017-03-24 19:00:00,19.8,74,0.0,5.0,330,2.5000000000000004,-4.330127018922193
2017-03-24 20:00:00,19.6,78,0.0,2.7,293,2.485363104321589,-1.0549740469210394
2017-03-24 21:00:00,19.9,75,0.0,1.8,143,-1.0832670416736871,1.4375439180851268
2017-03-24 22:00:00,19.1,80,0.0,3.8,139,-2.493024310163927,2.867896404846534
2017-03-24 23:00:00,19.7,78,0.0,5.2,146,-2.907803098047883,4.3109953772862175
2017-03-25 00:00:00,18.7,84,0.0,6.9,223,4.70578868443124,5.046340541172277
2017-03-25 01:00:00,19.7,78,0.0,0.4,360,2.4492935982947065e-17,-0.4
2017-03-25 02:00:00,18.3,85,0.0,4.2,20,-1.436484601967808,-3.9467090073008158
2017-03-25 03:00:00,18.3,85,0.0,3.8,41,-2.4930243101639276,-2.8678964048465336
2017-03-25 04:00:00,17.9,88,0.0,3.7,349,0.7059932828932162,-3.632020578756357
2017-03-25 05:00:00,17.7,89,0.0,6.9,6,-0.7212463965468082,-6.862201078041087
2017-03-25 06:00:00,17.5,91,0.0,8.7,7,-1.0602632876247804,-8.635151519279502
2017-03-25 07:00:00,17.8,89,0.0,11.3,7,-1.3771235804781632,-11.21577151354694
2017-03-25 08:00:00,20.0,80,0.0,11.4,35,-6.538771374401929,-9.338333304894505
2017-03-25 09:00:00,22.7,63,0.0,7.2,357,0.3768188849491966,-7.190132650232932
2017-03-25 10:00:00,24.3,59,0.0,8.9,346,2.1531048708370424,-8.635631963856369
2017-03-25 11:00:00,24.8,58,0.1,15.4,339,5.518866422997626,-14.377138568056907
2017-03-25 12:00:00,24.3,56,0.0,15.8,348,3.2850047149205994,-15.45473209159413
2017-03-25 13:00:00,24.8,54,0.0,12.9,342,3.986319227436822,-12.26862906020748
2017-03-25 14:00:00,24.2,55,0.0,12.5,342,3.862712429686843,-11.888206453689419
2017-03-25 15:00:00,23.3,56,0.0,14.2,344,3.914050452601388,-13.649916082324127
2017-03-25 16:00:00,20.7,61,0.0,17.1,353,2.083965772228022,-16.972539193066606
2017-03-25 17:00:00,18.7,65,0.0,16.6,5,-1.446785329611127,-16.536831988322977
2017-03-25 18:00:00,17.0,69,0.0,15.6,8,-2.171100374977027,-15.448181872368496
2017-03-25 19:00:00,16.1,71,0.0,13.4,6,-1.400681407786555,-13.326593397934865
2017-03-25 20:00:00,14.4,80,0.0,11.2,4,-0.7812725059342065,-11.17271736291003
2017-03-25 21:00:00,14.2,84,0.6,9.7,15,-2.51054473749445,-9.369480515003962
2017-03-25 22:00:00,14.3,85,0.3,9.0,23,-3.5165801564034647,-8.284543681071963
2017-03-25 23:00:00,14.8,84,0.0,9.5,349,1.8126854560771768,-9.325458242752807
2017-03-26 00:00:00,14.2,86,0.0,10.2,23,-3.9854575105905927,-9.38914950521489
2017-03-26 01:00:00,14.3,87,0.2,8.7,7,-1.0602632876247804,-8.635151519279502
2017-03-26 02:00:00,13.7,91,0.2,8.2,15,-2.122316169840669,-7.92059177557036
2017-03-26 03:00:00,12.9,95,0.2,8.4,350,1.4586446924022156,-8.272385125302547
2017-03-26 04:00:00,12.4,99,0.6,6.8,3,-0.3558845024520213,-6.790680836331102
2017-03-26 05:00:00,12.0,99,0.4,7.6,352,1.0577155672964975,-7.5260373224359345
2017-03-26 06:00:00,11.9,98,0.2,6.5,3,-0.340183715579138,-6.49109197590473
2017-03-26 07:00:00,12.4,96,0.1,5.2,16,-1.4333142502483942,-4.998560818879259
2017-03-26 08:00:00,12.9,95,0.2,2.2,270,2.2,0.0
2017-03-26 09:00:00,13.8,92,0.1,3.8,287,3.6339580726595346,-1.1110124779463997
2017-03-26 10:00:00,13.9,92,0.2,4.5,299,3.935788682127281,-2.1816432911085166
2017-03-26 11:00:00,14.0,92,0.5,0.4,360,2.4492935982947065e-17,-0.4
2017-03-26 12:00:00,15.3,84,0.1,3.7,169,-0.7059932828932158,3.632020578756357
2017-03-26 13:00:00,15.7,83,0.0,2.5,270,2.5,0.0
2017-03-26 14:00:00,15.3,87,0.3,7.1,345,1.8376152202278973,-6.858073366652385
2017-03-26 15:00:00,14.5,97,0.7000000000000001,9.0,29,-4.3632865822170315,-7.871577364254564
2017-03-26 16:00:00,15.0,91,0.5,10.2,80,-10.045039080724521,-1.7712114122026907
2017-03-26 17:00:00,15.9,90,0.0,8.0,350,1.3891854213354433,-7.878462024097664
2017-03-26 18:00:00,14.3,92,0.0,9.8,17,-2.8652427062828236,-9.371786608437747
2017-03-26 19:00:00,13.9,92,0.0,8.1,32,-4.292346040288961,-6.86918957886705
2017-03-26 20:00:00,15.1,92,0.0,2.5,172,-0.3479327524001634,2.475670171853926
2017-03-26 21:00:00,15.1,94,0.0,4.0,207,1.8159619989581872,3.564026096753471
2017-03-26 22:00:00,14.7,96,0.0,6.8,205,2.873804179836756,6.162892951849219
2017-03-26 23:00:00,14.9,95,0.0,8.4,190,1.4586446924022156,8.272385125302547
2017-03-27 00:00:00,15.2,93,0.0,7.1,195,1.8376152202278973,6.858073366652385
2017-03-27 01:00:00,14.1,93,0.0,7.0,192,1.4553818357243162,6.847033205136639
2017-03-27 02:00:00,15.0,92,0.0,3.9,112,-3.6160170328104706,1.4609657143220578
2017-03-27 03:00:00,13.9,93,0.0,5.8,94,-5.78587149150698,0.40458754771592803
2017-03-27 04:00:00,15.1,88,0.0,3.1,69,-2.8940993221413254,-1.1109406435904314
2017-03-27 05:00:00,15.9,84,0.0,2.1,59,-1.800051331474436,-1.0815799573111138
2017-03-27 06:00:00,15.2,87,0.0,2.2,81,-2.1729143493093033,-0.3441558230885076
2017-03-27 07:00:00,15.8,86,0.0,4.1,128,-3.2308440897875594,2.5242120488351993
2017-03-27 08:00:00,17.9,75,0.0,6.2,201,2.2218812871808624,5.788198644282651
2017-03-27 09:00:00,19.8,67,0.0,5.1,266,5.087576656325103,0.35575801609503904
2017-03-27 10:00:00,21.1,61,0.0,3.4,302,2.883363526931848,-1.8017254983928965
2017-03-27 11:00:00,22.5,56,0.0,3.8,319,2.4930243101639276,-2.8678964048465336
2017-03-27 12:00:00,23.7,51,0.0,5.6,333,2.542346798541462,-4.989636535454859
2017-03-27 13:00:00,24.5,46,0.0,7.3,340,2.4967470462773824,-6.8597561317371305
2017-03-27 14:00:00,24.8,43,0.0,9.5,351,1.4861274178821937,-9.38303923565381
2017-03-27 15:00:00,24.7,41,0.0,11.9,3,-0.6227978792910372,-11.88369146357943
2017-03-27 16:00:00,24.2,38,0.0,12.6,5,-1.0981623586204938,-12.552053195955994
2017-03-27 17:00:00,23.1,40,0.0,10.1,358,0.3524849166952609,-10.093847352892867
2017-03-27 18:00:00,19.4,59,0.0,6.1,3,-0.31924933308196024,-6.0916401620029
2017-03-27 19:00:00,19.9,55,0.0,2.3,108,-2.1874299874788528,0.7107390870623792
2017-03-27 20:00:00,17.1,67,0.0,6.2,170,-1.076618701534968,6.10580806867569
2017-03-27 21:00:00,17.4,65,0.0,5.8,187,0.7068421917498554,5.756767679519667
2017-03-27 22:00:00,17.9,66,0.0,10.1,186,1.0557374790032998,10.04467114321956
2017-03-27 23:00:00,17.9,69,0.0,11.7,189,1.8302832409707017,11.555953584963111
2017-03-28 00:00:00,17.3,75,0.0,8.9,194,2.1531048708370424,8.635631963856369
2017-03-28 01:00:00,16.3,80,0.0,7.0,192,1.4553818357243162,6.847033205136639
2017-03-28 02:00:00,16.0,80,0.0,6.5,180,3.9801020972288977e-16,6.5
2017-03-28 03:00:00,16.5,75,0.0,7.6,180,4.653657836759942e-16,7.6
2017-03-28 04:00:00,16.9,73,0.0,10.1,184,0.7045403848156648,10.075396907624224
2017-03-28 05:00:00,16.7,74,0.0,11.7,189,1.8302832409707017,11.555953584963111
2017-03-28 06:00:00,16.4,77,0.0,11.7,189,1.8302832409707017,11.555953584963111
2017-03-28 07:00:00,18.2,71,0.0,12.3,195,3.183474254761005,11.88088766335554
2017-03-28 08:00:00,20.3,59,0.0,13.7,215,7.857997178009332,11.222383006759188
2017-03-28 09:00:00,21.8,52,0.0,12.5,226,8.99174750423314,8.683229630737465
2017-03-28 10:00:00,23.1,48,0.0,11.3,233,9.02458126353441,6.800509761618146
2017-03-28 11:00:00,24.5,44,0.0,11.3,239,9.68599049793387,5.8199302464836125
2017-03-28 12:00:00,25.6,41,0.0,10.8,244,9.706975700031006,4.734408385322037
2017-03-28 13:00:00,26.1,40,0.0,13.1,254,12.592528216791978,3.610849361202689
2017-03-28 14:00:00,25.3,42,0.0,13.9,280,13.688827766869691,-2.4137096695703315
2017-03-28 15:00:00,24.0,45,0.0,11.5,302,9.7525531057989,-6.094071538681856
2017-03-28 16:00:00,23.1,46,0.0,8.9,317,6.069785404556237,-6.509047944410617
2017-03-28 17:00:00,22.0,48,0.0,8.2,319,5.379684037722159,-6.18861855782673
2017-03-28 18:00:00,20.3,53,0.0,5.7,325,3.269385687200963,-4.669166652447253
2017-03-28 19:00:00,18.3,65,0.0,5.1,356,0.35575801609503865,-5.087576656325103
2017-03-28 20:00:00,17.7,72,0.0,4.3,48,-3.195522749552795,-2.8772616073430903
2017-03-28 21:00:00,17.7,71,0.0,4.6,72,-4.374859974957706,-1.4214781741247573
2017-03-28 22:00:00,19.0,62,0.0,1.5,166,-0.36288284339950166,1.4554435894139948
2017-03-28 23:00:00,18.4,65,0.0,2.9,187,0.3534210958749277,2.8783838397598336
2017-03-29 00:00:00,18.9,61,0.0,0.0,270,0.0,0.0
2017-03-29 01:00:00,17.7,69,0.0,4.1,45,-2.8991378028648453,-2.8991378028648445
2017-03-29 02:00:00,17.2,72,0.0,5.9,38,-3.632402704421383,-4.649263446279661
2017-03-29 03:00:00,16.9,72,0.0,5.1,39,-3.2095339943541727,-3.96344440343055
2017-03-29 04:00:00,16.4,72,0.0,5.4,42,-3.613305274337834,-4.01298205757793
2017-03-29 05:00:00,16.6,70,0.0,5.6,27,-2.5423467985414625,-4.989636535454859
2017-03-29 06:00:00,16.6,70,0.0,6.6,45,-4.666904755831214,-4.666904755831213
2017-03-29 07:00:00,18.3,61,0.0,9.0,29,-4.3632865822170315,-7.871577364254564
2017-03-29 08:00:00,19.5,51,0.0,9.1,34,-5.088655421583794,-7.54424191025088
2017-03-29 09:00:00,21.0,39,0.0,10.4,34,-5.815606196095764,-8.621990754572435
2017-03-29 10:00:00,23.4,41,0.0,13.4,27,-6.083472696509928,-11.93948742412413
2017-03-29 11:00:00,23.8,43,0.0,14.2,30,-7.100000000000006,-12.297560733739024
2017-03-29 12:00:00,26.0,39,0.0,11.7,34,-6.542556970607735,-9.69973959889399
2017-03-29 13:00:00,27.2,37,0.0,7.7,49,-5.811263767715346,-5.051654523226905
2017-03-29 14:00:00,28.0,35,0.0,5.1,356,0.35575801609503865,-5.087576656325103
2017-03-29 15:00:00,27.3,39,0.0,13.5,318,9.033263185844586,-10.032455143944823
2017-03-29 16:00:00,25.2,49,0.0,12.5,342,3.862712429686843,-11.888206453689419
2017-03-29 17:00:00,23.6,54,0.0,10.9,354,1.1393602496174227,-10.84028865951418
2017-03-29 18:00:00,21.6,61,0.0,10.1,2,-0.35248491669525767,-10.093847352892867
2017-03-29 19:00:00,20.0,67,0.0,7.2,18,-2.2249223594996224,-6.8476069173251055
2017-03-29 20:00:00,19.6,71,0.0,6.0,33,-3.267834210090162,-5.032023407672544
2017-03-29 21:00:00,19.8,69,0.0,4.3,42,-2.87726160734309,-3.195522749552796
2017-03-29 22:00:00,19.4,71,0.0,5.1,51,-3.9634444034305507,-3.2095339943541714
2017-03-29 23:00:00,19.5,69,0.0,5.6,63,-4.98963653545486,-2.542346798541461
2017-03-30 00:00:00,20.8,62,0.0,2.0,135,-1.414213562373095,1.4142135623730951
2017-03-30 01:00:00,18.0,74,0.0,6.4,196,1.7640790772287946,6.1520748540052415
2017-03-30 02:00:00,17.7,77,0.0,7.0,192,1.4553818357243162,6.847033205136639
2017-03-30 03:00:00,18.8,72,0.0,6.3,167,-1.4171916423663498,6.1385314081469815
2017-03-30 04:00:00,19.5,68,0.0,5.2,164,-1.433314250248395,4.998560818879258
2017-03-30 05:00:00,20.1,65,0.0,4.3,180,2.632990618166809e-16,4.3
2017-03-30 06:00:00,19.1,69,0.0,4.3,180,2.632990618166809e-16,4.3
2017-03-30 07:00:00,19.6,68,0.0,2.3,141,-1.4474368994146256,1.7874357113510333
2017-03-30 08:00:00,21.8,56,0.0,1.6,243,1.4256104387013888,0.7263847995832748
2017-03-30 09:00:00,23.7,50,0.0,2.9,240,2.511473670974872,1.4499999999999997
2017-03-30 10:00:00,25.6,46,0.0,4.2,239,3.600102662948872,2.1631599146222276
2017-03-30 11:00:00,27.2,43,0.0,5.9,256,5.7247447850283795,1.4273391840380396
2017-03-30 12:00:00,28.7,40,0.0,5.9,256,5.7247447850283795,1.4273391840380396
2017-03-30 13:00:00,29.2,39,0.0,12.5,288,11.888206453689419,-3.8627124296868423
2017-03-30 14:00:00,25.8,54,0.0,12.8,308,10.086537646166041,-7.880466884168427
2017-03-30 15:00:00,25.3,55,0.0,5.7,305,4.669166652447253,-3.2693856872009626
2017-03-30 16:00:00,25.7,54,0.0,4.1,315,2.899137802864845,-2.8991378028648445
2017-03-30 17:00:00,24.4,58,0.0,7.1,345,1.8376152202278973,-6.858073366652385
2017-03-30 18:00:00,23.1,62,0.0,3.5,294,3.197409101749103,-1.4235782507653008
2017-03-30 19:00:00,21.6,67,0.0,6.2,291,5.788198644282651,-2.2218812871808615
2017-03-30 20:00:00,21.3,71,0.0,2.1,31,-1.0815799573111144,-1.8000513314744355
2017-03-30 21:00:00,21.1,71,0.0,3.6,96,-3.580278823325784,0.37630246776355347
2017-03-30 22:00:00,20.4,75,0.0,4.7,58,-3.9858260519352027,-2.4906205418960625
2017-03-30 23:00:00,20.3,76,0.0,5.1,94,-5.087576656325103,0.35575801609504015
2017-03-31 00:00:00,19.6,79,0.0,5.4,143,-3.2498011250210617,4.312631754255381
2017-03-31 01:00:00,19.6,79,0.0,5.0,180,3.061616997868383e-16,5.0
2017-03-31 02:00:00,19.1,80,0.0,5.4,138,-3.6133052743378347,4.012982057577929
2017-03-31 03:00:00,19.3,77,0.0,5.0,159,-1.7918397477265013,4.667902132486009
2017-03-31 04:00:00,20.5,70,0.0,5.1,184,0.35575801609503865,5.087576656325103
2017-03-31 05:00:00,20.9,69,0.0,4.7,176,-0.3278554265973891,4.688551036221174
2017-03-31 06:00:00,18.2,80,0.0,6.1,140,-3.92100441908789,4.6728711030257655
2017-03-31 07:00:00,21.8,63,0.0,2.7,157,-1.0549740469210394,2.4853631043215887
2017-03-31 08:00:00,23.6,61,0.0,3.8,221,2.4930243101639276,2.8678964048465336
2017-03-31 09:00:00,25.9,54,0.0,7.1,229,5.358438019581681,4.658019105832602
2017-03-31 10:00:00,28.0,45,0.0,9.3,234,7.523858047687012,5.46640284632
2017-03-31 11:00:00,29.5,42,0.0,9.4,247,8.65274562245294,3.6728726077991736
2017-03-31 12:00:00,29.3,44,0.1,9.7,255,9.369480515003962,2.510544737494451
2017-03-31 13:00:00,28.8,47,0.2,12.9,240,11.17172770881926,6.449999999999999
2017-03-31 14:00:00,27.1,55,0.0,5.9,281,5.791600382341218,-1.1257730727216144
2017-03-31 15:00:00,26.5,57,0.0,12.2,272,12.192568089632967,-0.4257738597705118
2017-03-31 16:00:00,21.1,89,11.2,10.1,287,9.658678035226657,-2.952954217699641
2017-03-31 17:00:00,20.1,93,3.2,3.7,349,0.7059932828932162,-3.632020578756357
2017-03-31 18:00:00,18.1,98,0.0,14.8,334,6.487892972478346,-13.302151885227673
2017-03-31 19:00:00,14.7,87,0.0,16.7,7,-2.0352180348659576,-16.575520732410077
2017-03-31 20:00:00,14.5,90,0.1,12.6,24,-5.124881702755081,-11.510672766296771
2017-03-31 21:00:00,14.5,90,1.5,13.4,354,1.4006814077865564,-13.326593397934863
2017-03-31 22:00:00,13.5,92,2.1,14.2,7,-1.7305446763530898,-14.094155353306773
2017-03-31 23:00:00,12.4,95,2.2,18.1,354,1.8919651851445278,-18.000846306165748
2017-04-01 00:00:00,12.2,91,1.1,15.8,35,-9.062507694346532,-12.942602299766067
2017-04-01 01:00:00,12.7,90,0.0,11.5,14,-2.7821017993961794,-11.15840085217396
2017-04-01 02:00:00,12.0,90,0.7000000000000001,13.8,354,1.4424927930936178,-13.724402156082173
2017-04-01 03:00:00,11.6,90,0.4,13.8,15,-3.571702822414785,-13.329776402789143
2017-04-01 04:00:00,12.0,90,0.7000000000000001,13.0,42,-8.698697882665156,-9.660882731206126
2017-04-01 05:00:00,13.2,85,0.3,13.4,63,-11.93948742412413,-6.083472696509926
2017-04-01 06:00:00,14.0,82,0.4,10.7,42,-7.1596974880397815,-7.951649632608119
2017-04-01 07:00:00,12.9,92,0.7000000000000001,13.6,349,2.5950023371210107,-13.35012969488823
2017-04-01 08:00:00,13.2,84,0.0,17.1,42,-11.442133368736474,-12.707776515663445
2017-04-01 09:00:00,15.1,77,0.0,14.7,11,-2.8048922320352054,-14.42991959668066
2017-04-01 10:00:00,16.5,70,0.0,12.8,11,-2.442355140819771,-12.5648279481301
2017-04-01 11:00:00,18.0,65,0.0,10.1,6,-1.055737479003299,-10.044671143219562
2017-04-01 12:00:00,19.5,60,0.0,11.2,4,-0.7812725059342065,-11.17271736291003
2017-04-01 13:00:00,20.1,56,0.0,15.3,8,-2.129348444689007,-15.151101451746026
2017-04-01 14:00:00,19.9,50,0.0,20.0,8,-2.7834620192013166,-19.805361374831406
2017-04-01 15:00:00,19.3,51,0.0,19.7,15,-5.098735188519656,-19.028738777894645
2017-04-01 16:00:00,18.8,52,0.0,17.4,22,-6.518154725436873,-16.132999069462098
2017-04-01 17:00:00,17.8,57,0.0,14.8,13,-3.3292756042892058,-14.420676958821481
2017-04-01 18:00:00,15.8,64,0.0,13.8,7,-1.681796938991031,-13.697136892650246
2017-04-01 19:00:00,14.2,70,0.0,10.8,37,-6.4996022500421216,-8.625263508510763
2017-04-01 20:00:00,14.2,69,0.0,6.6,61,-5.772490067120012,-3.1997434936258236
2017-04-01 21:00:00,14.8,48,0.0,8.4,50,-6.4347733221994154,-5.39941592136693
2017-04-01 22:00:00,14.2,38,0.0,7.7,62,-6.798696465013737,-3.61493103345136
2017-04-01 23:00:00,13.8,33,0.0,7.6,65,-6.88793918147854,-3.2118987892293145
2017-04-02 00:00:00,13.9,30,0.0,8.4,65,-7.612985411107861,-3.549993398621874
2017-04-02 01:00:00,13.7,30,0.0,9.2,59,-7.8859391664594325,-4.738350289172498
2017-04-02 02:00:00,12.7,35,0.0,7.7,49,-5.811263767715346,-5.051654523226905
2017-04-02 03:00:00,10.6,51,0.0,10.2,23,-3.9854575105905927,-9.38914950521489
2017-04-02 04:00:00,13.7,36,0.0,5.6,50,-4.289848881466277,-3.5996106142446194
2017-04-02 05:00:00,13.7,35,0.0,1.6,117,-1.4256104387013886,0.7263847995832751
2017-04-02 06:00:00,13.7,33,0.0,2.3,141,-1.4474368994146256,1.7874357113510333
2017-04-02 07:00:00,13.8,40,0.0,2.2,171,-0.34415582308850784,2.1729143493093033
2017-04-02 08:00:00,14.9,40,0.0,1.8,270,1.8,0.0
2017-04-02 09:00:00,16.7,37,0.0,2.0,315,1.4142135623730951,-1.414213562373095
2017-04-02 10:00:00,18.4,33,0.0,3.1,339,1.1109406435904312,-2.8940993221413254
2017-04-02 11:00:00,19.8,32,0.0,4.3,355,0.37476969381492997,-4.283637201794505
2017-04-02 12:00:00,20.9,28,0.0,5.1,356,0.35575801609503865,-5.087576656325103
2017-04-02 13:00:00,21.5,32,0.0,6.5,3,-0.340183715579138,-6.49109197590473
2017-04-02 14:00:00,21.7,35,0.0,8.0,10,-1.3891854213354426,-7.878462024097664
2017-04-02 15:00:00,21.6,37,0.0,10.0,13,-2.2495105434386526,-9.743700647852352
2017-04-02 16:00:00,21.1,39,0.0,9.3,13,-2.092044805397947,-9.061641602502688
2017-04-02 17:00:00,20.2,43,0.0,6.2,7,-0.7555899291119125,-6.153786140176197
2017-04-02 18:00:00,17.3,64,0.0,6.6,331,3.199743493625825,-5.772490067120011
2017-04-02 19:00:00,17.5,53,0.0,4.4,325,2.5237363199446032,-3.604268994871564
2017-04-02 20:00:00,15.5,60,0.0,6.9,174,-0.7212463965468096,6.862201078041086
2017-04-02 21:00:00,15.7,57,0.0,9.8,188,1.3638963894086416,9.70462707366739
2017-04-02 22:00:00,14.8,62,0.0,9.2,191,1.755442757464213,9.030970087718508
2017-04-02 23:00:00,14.2,65,0.0,7.9,183,0.41345405431925736,7.889173324561134
2017-04-03 00:00:00,15.1,58,0.0,8.0,170,-1.3891854213354424,7.878462024097664
2017-04-03 01:00:00,14.2,60,0.0,6.1,152,-2.8637765329939344,5.385980316439453
2017-04-03 02:00:00,14.5,58,0.0,6.4,142,-3.9402334420842133,5.043268823083022
2017-04-03 03:00:00,14.4,56,0.0,6.4,137,-4.364789504399989,4.6806636903626915
2017-04-03 04:00:00,13.6,58,0.0,4.3,132,-3.195522749552794,2.8772616073430908
2017-04-03 05:00:00,13.9,53,0.0,3.9,112,-3.6160170328104706,1.4609657143220578
2017-04-03 06:00:00,12.7,60,0.0,4.0,90,-4.0,4.898587196589413e-16
2017-04-03 07:00:00,16.6,53,0.0,5.4,70,-5.074340152243906,-1.846908773958611
2017-04-03 08:00:00,18.7,50,0.0,1.1,72,-1.046162167924669,-0.33991869381244205
2017-04-03 09:00:00,19.8,49,0.0,1.5,225,1.0606601717798214,1.0606601717798212
2017-04-03 10:00:00,20.9,48,0.0,1.6,153,-0.7263847995832747,1.4256104387013888
2017-04-03 11:00:00,21.9,45,0.0,1.1,270,1.1,0.0
2017-04-03 12:00:00,22.7,44,0.0,1.8,53,-1.437543918085127,-1.0832670416736871
2017-04-03 13:00:00,23.5,42,0.0,2.5,98,-2.475670171853926,0.3479327524001633
2017-04-03 14:00:00,24.3,39,0.0,4.8,222,3.2118269105225195,3.5670951622914924
2017-04-03 15:00:00,24.3,39,0.0,10.2,262,10.100734301164017,1.4195656297926673
2017-04-03 16:00:00,22.2,52,0.0,11.4,281,11.19054989130337,-2.175222547292611
2017-04-03 17:00:00,21.2,54,0.0,5.2,286,4.998560818879258,-1.4333142502483958
2017-04-03 18:00:00,20.1,59,0.0,3.1,291,2.8940993221413254,-1.1109406435904308
2017-04-03 19:00:00,19.2,62,0.0,3.9,202,1.4609657143220567,3.616017032810471
2017-04-03 20:00:00,18.2,64,0.0,7.4,166,-1.7902220274375418,7.180188374442374
2017-04-03 21:00:00,18.3,63,0.0,10.4,166,-2.515987714236545,10.091075553270363
2017-04-03 22:00:00,17.8,64,0.0,12.5,168,-2.5988961352219917,12.226845009172571
2017-04-03 23:00:00,17.7,66,0.0,14.6,170,-2.5352633939371825,14.378193193978237
2017-04-04 00:00:00,17.8,66,0.0,13.0,175,-1.1330246557195571,12.950531075192693
2017-04-04 01:00:00,17.3,67,0.0,12.3,159,-4.4079257794071935,11.483039245915583
2017-04-04 02:00:00,16.6,69,0.0,11.2,159,-4.013721034907363,10.45610077676866
2017-04-04 03:00:00,16.3,68,0.0,10.0,154,-4.383711467890775,8.98794046299167
2017-04-04 04:00:00,16.3,67,0.0,9.4,157,-3.6728726077991736,8.652745622452938
2017-04-04 05:00:00,15.9,67,0.0,7.1,150,-3.549999999999998,6.148780366869515
2017-04-04 06:00:00,15.7,67,0.0,6.9,133,-5.046340541172277,4.705788684431241
2017-04-04 07:00:00,18.0,63,0.0,6.9,141,-4.342310698243877,5.3623071340531006
2017-04-04 08:00:00,20.1,55,0.0,9.1,187,1.1090110249868421,9.032169979936029
2017-04-04 09:00:00,21.3,48,0.0,8.9,212,4.716281451675524,7.547628055792192
2017-04-04 10:00:00,22.2,47,0.0,7.7,233,6.149493427364155,4.6339756782707715
2017-04-04 11:00:00,23.1,47,0.0,5.8,248,5.377666356487367,2.1727182418122895
2017-04-04 12:00:00,24.1,45,0.0,5.0,240,4.330127018922194,2.4999999999999996
2017-04-04 13:00:00,24.7,43,0.0,7.6,270,7.6,0.0
2017-04-04 14:00:00,23.6,53,0.0,15.2,301,13.028942970672107,-7.828578738632823
2017-04-04 15:00:00,22.9,54,0.0,10.2,318,6.825132184860354,-7.580077219869421
2017-04-04 16:00:00,23.0,53,0.0,10.0,319,6.560590289905073,-7.54709580222772
2017-04-04 17:00:00,21.6,54,0.0,10.0,319,6.560590289905073,-7.54709580222772
2017-04-04 18:00:00,20.0,59,0.0,5.8,338,2.1727182418122895,-5.377666356487367
2017-04-04 19:00:00,18.5,66,0.0,4.0,5,-0.348622970990633,-3.984778792366982
2017-04-04 20:00:00,18.9,66,0.0,3.8,17,-1.111012477946401,-3.633958072659534
2017-04-04 21:00:00,19.2,62,0.0,3.3,41,-2.1649947956686737,-2.4905416147351476
2017-04-04 22:00:00,18.5,66,0.0,2.9,83,-2.878383839759834,-0.3534210958749272
2017-04-04 23:00:00,17.7,67,0.0,5.0,90,-5.0,6.123233995736766e-16
2017-04-05 00:00:00,17.3,67,0.0,5.6,63,-4.98963653545486,-2.542346798541461
2017-04-05 01:00:00,16.9,65,0.0,5.3,62,-4.679622242152313,-2.4881992827652213
2017-04-05 02:00:00,17.3,60,0.0,6.3,77,-6.1385314081469815,-1.4171916423663493
2017-04-05 03:00:00,17.1,62,0.0,7.0,78,-6.847033205136639,-1.4553818357243165
2017-04-05 04:00:00,17.0,63,0.0,7.6,82,-7.526037322435934,-1.057715567296498
2017-04-05 05:00:00,17.1,65,0.0,6.6,77,-6.430842427582553,-1.4846769586695088
2017-04-05 06:00:00,17.0,66,0.0,6.6,77,-6.430842427582553,-1.4846769586695088
2017-04-05 07:00:00,19.0,61,0.0,8.6,57,-7.212566884330647,-4.683895701129233
2017-04-05 08:00:00,21.3,51,0.0,11.0,32,-5.829111906565255,-9.328529057720685
2017-04-05 09:00:00,22.6,47,0.0,10.0,30,-5.000000000000004,-8.660254037844384
2017-04-05 10:00:00,23.7,46,0.0,9.0,29,-4.3632865822170315,-7.871577364254564
2017-04-05 11:00:00,25.1,45,0.0,8.1,21,-2.9027803913169357,-7.562001454627333
2017-04-05 12:00:00,26.0,46,0.0,7.6,8,-1.0577155672965002,-7.526037322435934
2017-04-05 13:00:00,26.8,44,0.0,7.4,346,1.7902220274375409,-7.180188374442374
2017-04-05 14:00:00,26.8,44,0.0,9.3,332,4.366085533908786,-8.21141261358802
2017-04-05 15:00:00,26.2,45,0.0,12.3,355,1.0720156357961952,-12.253194786528471
2017-04-05 16:00:00,25.0,46,0.0,14.1,6,-1.4738513320739124,-14.022758724692654
2017-04-05 17:00:00,23.7,49,0.0,13.9,350,2.413709669570333,-13.688827766869691
2017-04-05 18:00:00,21.6,59,0.0,4.6,342,1.4214781741247582,-4.3748599749577055
2017-04-05 19:00:00,20.2,67,0.0,5.1,356,0.35575801609503865,-5.087576656325103
2017-04-05 20:00:00,21.1,61,0.0,2.0,225,1.4142135623730951,1.414213562373095
2017-04-05 21:00:00,20.7,62,0.0,2.4,153,-1.089577199374912,2.138415658052083
2017-04-05 22:00:00,20.5,61,0.0,2.0,135,-1.414213562373095,1.4142135623730951
2017-04-05 23:00:00,18.6,69,0.0,5.4,127,-4.312631754255382,3.2498011250210603
2017-04-06 00:00:00,17.8,73,0.0,5.2,106,-4.998560818879258,1.433314250248396
2017-04-06 01:00:00,17.5,74,0.0,5.5,101,-5.3989495089621515,1.0494494745709972
2017-04-06 02:00:00,18.8,66,0.0,4.7,90,-4.7,5.755839955992561e-16
2017-04-06 03:00:00,18.9,64,0.0,4.7,90,-4.7,5.755839955992561e-16
2017-04-06 04:00:00,18.3,66,0.0,5.2,106,-4.998560818879258,1.433314250248396
2017-04-06 05:00:00,21.1,54,0.0,2.8,140,-1.7998053071223101,2.1449244407331385
2017-04-06 06:00:00,19.4,62,0.0,4.5,119,-3.935788682127281,2.181643291108517
2017-04-06 07:00:00,21.2,56,0.0,3.5,66,-3.197409101749103,-1.4235782507653008
2017-04-06 08:00:00,22.3,54,0.0,5.4,352,0.7515347451843536,-5.34744757120448
2017-04-06 09:00:00,23.5,50,0.0,4.7,351,0.7352419856890854,-4.6421352007971475
2017-04-06 10:00:00,24.0,50,0.0,3.4,18,-1.0506577808748216,-3.233592155403522
2017-04-06 11:00:00,25.4,48,0.0,5.4,323,3.2498011250210617,-4.312631754255381
2017-04-06 12:00:00,26.3,46,0.0,2.6,286,2.499280409439629,-0.7166571251241979
2017-04-06 13:00:00,27.3,45,0.0,3.7,281,3.632020578756357,-0.7059932828932158
2017-04-06 14:00:00,27.5,44,0.0,4.2,290,3.9467090073008158,-1.4364846019678086
2017-04-06 15:00:00,26.9,46,0.0,5.2,326,2.9078030980478835,-4.3109953772862175
2017-04-06 16:00:00,26.6,50,0.0,8.6,345,2.2258437878816784,-8.306962106085987
2017-04-06 17:00:00,25.2,58,0.0,8.4,310,6.4347733221994154,-5.39941592136693
2017-04-06 18:00:00,23.6,63,0.0,5.5,281,5.3989495089621515,-1.0494494745709964
2017-04-06 19:00:00,22.5,69,0.0,3.7,259,3.632020578756357,0.7059932828932158
2017-04-06 20:00:00,22.6,69,0.0,2.7,337,1.0549740469210391,-2.485363104321589
2017-04-06 21:00:00,22.3,70,0.0,6.8,177,-0.35588450245201814,6.790680836331102
2017-04-06 22:00:00,21.9,72,0.0,9.9,199,3.223124729125852,9.360633898433235
2017-04-06 23:00:00,21.7,73,0.0,8.8,199,2.8649997592229797,8.320563465273988
2017-04-07 00:00:00,20.5,81,0.0,6.6,189,1.032467469265524,6.518743047927909
2017-04-07 01:00:00,21.2,78,0.1,3.6,127,-2.8750878361702545,2.1665340833473734
2017-04-07 02:00:00,21.5,80,0.0,2.3,129,-1.7874357113510329,1.4474368994146258
2017-04-07 03:00:00,21.2,80,0.0,1.9,68,-1.761649323676896,-0.7117525274902328
2017-04-07 04:00:00,21.1,79,0.0,6.7,74,-6.440453362786736,-1.8467702839738933
2017-04-07 05:00:00,21.2,77,0.0,7.2,93,-7.190132650232932,0.3768188849491954
2017-04-07 06:00:00,20.7,80,0.0,1.1,108,-1.0461621679246689,0.3399186938124423
2017-04-07 07:00:00,21.6,76,0.0,2.5,45,-1.7677669529663693,-1.7677669529663687
2017-04-07 08:00:00,22.3,78,0.0,12.7,7,-1.547740661245369,-12.60533612584479
2017-04-07 09:00:00,23.8,69,0.0,13.2,45,-9.333809511662428,-9.333809511662427
2017-04-07 10:00:00,23.9,70,0.1,9.3,28,-4.366085533908785,-8.211412613588022
2017-04-07 11:00:00,24.8,68,0.1,7.8,22,-2.921931428644116,-7.232034065620941
2017-04-07 12:00:00,24.9,68,0.1,4.7,9,-0.7352419856890859,-4.6421352007971475
2017-04-07 13:00:00,25.4,66,0.2,2.8,310,2.1449244407331385,-1.7998053071223097
2017-04-07 14:00:00,26.1,64,0.5,3.7,331,1.7937955949114475,-3.2360929164157644
2017-04-07 15:00:00,24.6,74,1.5,0.8,333,0.3631923997916375,-0.7128052193506943
2017-04-07 16:00:00,25.3,70,0.4,1.1,342,0.3399186938124422,-1.0461621679246689
2017-04-07 17:00:00,24.6,75,0.0,5.4,318,3.6133052743378347,-4.012982057577929
2017-04-07 18:00:00,23.4,87,0.0,3.1,21,-1.1109406435904323,-2.894099322141325
2017-04-07 19:00:00,21.7,90,0.0,5.8,360,3.5514757175273243e-16,-5.8
2017-04-07 20:00:00,21.7,84,0.0,5.9,166,-1.42733918403804,5.7247447850283795
2017-04-07 21:00:00,23.1,76,0.0,0.4,90,-0.4,4.898587196589413e-17
2017-04-07 22:00:00,21.8,82,0.0,3.4,122,-2.883363526931848,1.8017254983928965
2017-04-07 23:00:00,20.2,89,0.0,4.9,126,-3.9641832724372423,2.880147736233119
2017-04-08 00:00:00,20.3,87,0.0,3.9,68,-3.616017032810471,-1.460965714322057
2017-04-08 01:00:00,19.8,90,0.0,5.8,83,-5.756767679519668,-0.7068421917498544
2017-04-08 02:00:00,19.5,90,0.0,5.4,98,-5.34744757120448,0.7515347451843528
2017-04-08 03:00:00,20.3,85,0.0,3.5,114,-3.197409101749103,1.4235782507653014
2017-04-08 04:00:00,19.7,87,0.0,5.9,133,-4.314986839553106,4.023790324368742
2017-04-08 05:00:00,19.2,87,0.0,6.1,135,-4.313351365237939,4.31335136523794
2017-04-08 06:00:00,19.7,85,0.0,5.3,118,-4.679622242152313,2.4881992827652204
2017-04-08 07:00:00,22.9,69,0.0,5.1,129,-3.963444403430551,3.2095339943541705
2017-04-08 08:00:00,24.3,65,0.0,1.5,194,0.3628828433995015,1.4554435894139948
2017-04-08 09:00:00,26.0,58,0.0,3.1,249,2.8940993221413254,1.1109406435904308
2017-04-08 10:00:00,27.4,52,0.0,5.3,242,4.679622242152313,2.4881992827652213
2017-04-08 11:00:00,29.0,45,0.0,7.2,233,5.750175672340508,4.333068166694748
2017-04-08 12:00:00,30.4,40,0.0,7.5,235,6.143640332167439,4.301823272632845
2017-04-08 13:00:00,31.2,38,0.0,11.0,251,10.400704331592486,3.5812496990287235
2017-04-08 14:00:00,29.7,46,0.0,13.8,250,12.967758166845536,4.719877977894228
2017-04-08 15:00:00,29.0,50,0.0,10.0,244,8.98794046299167,4.383711467890774
2017-04-08 16:00:00,28.5,53,0.0,9.3,234,7.523858047687012,5.46640284632
2017-04-08 17:00:00,27.6,56,0.0,11.5,256,11.15840085217396,2.782101799396179
2017-04-08 18:00:00,25.1,68,0.0,9.8,253,9.371786608437748,2.8652427062828205
2017-04-08 19:00:00,24.2,73,0.0,4.5,256,4.366330768241984,1.0886485301985047
2017-04-08 20:00:00,23.5,80,0.0,5.5,238,4.664264528860342,2.914555953282627
2017-04-08 21:00:00,23.4,84,0.0,4.4,215,2.5237363199446032,3.604268994871564
2017-04-08 22:00:00,23.0,88,0.0,1.5,194,0.3628828433995015,1.4554435894139948
2017-04-08 23:00:00,23.3,87,0.0,3.3,193,0.7423384793347542,3.2154212137912763
2017-04-09 00:00:00,22.6,91,0.0,2.5,172,-0.3479327524001634,2.475670171853926
2017-04-09 01:00:00,22.3,92,0.0,3.7,169,-0.7059932828932158,3.632020578756357
2017-04-09 02:00:00,22.3,90,0.0,3.2,153,-1.4527695991665495,2.8512208774027776
2017-04-09 03:00:00,21.2,91,0.0,5.1,176,-0.35575801609503915,5.087576656325103
2017-04-09 04:00:00,22.0,82,0.0,5.2,205,2.197614961051637,4.7128004925905795
2017-04-09 05:00:00,22.7,79,0.0,1.6,243,1.4256104387013888,0.7263847995832748
2017-04-09 06:00:00,20.4,93,0.0,4.6,252,4.3748599749577055,1.421478174124758
2017-04-09 07:00:00,22.8,77,0.0,2.3,219,1.447436899414626,1.7874357113510329
2017-04-09 08:00:00,24.6,65,0.0,4.8,222,3.2118269105225195,3.5670951622914924
2017-04-09 09:00:00,26.1,54,0.0,7.5,215,4.301823272632846,6.143640332167439
2017-04-09 10:00:00,29.2,40,0.0,10.9,226,7.8408038236912985,7.57177623800307
2017-04-09 11:00:00,29.6,44,0.0,11.5,238,9.7525531057989,6.094071538681856
2017-04-09 12:00:00,29.8,46,0.0,13.2,223,9.00237835282498,9.65386886137305
2017-04-09 13:00:00,31.9,40,0.0,15.0,222,10.036959095382873,11.147172382160914
2017-04-09 14:00:00,30.7,45,0.0,18.6,229,14.03759819214356,12.202697939223436
2017-04-09 15:00:00,30.8,49,0.3,18.8,223,12.821569169174971,13.749449590440404
2017-04-09 16:00:00,29.5,51,0.0,20.1,224,13.962633246225845,14.458729986806889
2017-04-09 17:00:00,28.1,58,0.0,19.2,218,11.82070032625264,15.129806469249061
2017-04-09 18:00:00,26.1,66,0.0,16.0,224,11.114533927343956,11.509436805418417
2017-04-09 19:00:00,24.4,74,0.0,13.3,218,8.188297621831255,10.480543022969403
2017-04-09 20:00:00,23.7,79,0.0,9.5,217,5.717242719944459,7.587037345449282
2017-04-09 21:00:00,23.7,80,0.0,10.2,203,3.985457510590592,9.389149505214892
2017-04-09 22:00:00,23.9,77,0.0,10.6,198,3.275580140374443,10.081199072728626
2017-04-09 23:00:00,23.5,78,0.0,11.9,205,5.029157314714324,10.785062665736135
2017-04-10 00:00:00,22.9,81,0.0,11.6,206,5.085105302753298,10.426010937070338
2017-04-10 01:00:00,22.8,80,0.0,9.8,204,3.9860191021428424,8.95274548489749
2017-04-10 02:00:00,22.6,77,0.0,7.8,202,2.9219314286441134,7.232034065620942
2017-04-10 03:00:00,22.4,75,0.0,6.5,186,0.6794350112397475,6.4643923198937765
2017-04-10 04:00:00,22.2,70,0.0,6.1,180,3.735172737399427e-16,6.1
2017-04-10 05:00:00,22.1,66,0.0,6.2,187,0.7555899291119145,6.153786140176196
2017-04-10 06:00:00,22.1,65,0.0,6.1,180,3.735172737399427e-16,6.1
2017-04-10 07:00:00,25.3,53,0.0,7.7,208,3.61493103345136,6.798696465013737
2017-04-10 08:00:00,27.7,51,0.0,12.2,208,5.727553065987868,10.771960632878907
2017-04-10 09:00:00,29.9,44,0.0,15.9,213,8.65976065673893,13.334862030332243
2017-04-10 10:00:00,31.3,39,0.0,17.1,210,8.550000000000002,14.809034404713902
2017-04-10 11:00:00,32.5,36,0.0,18.0,213,9.803502630270488,15.096070223017634
2017-04-10 12:00:00,33.3,35,0.0,17.8,216,10.462577490806023,14.400502499874065
2017-04-10 13:00:00,33.0,37,0.0,19.6,227,14.334532551735743,13.36716785722497
2017-04-10 14:00:00,32.2,39,0.0,21.0,219,13.215728212046587,16.320065190596388
2017-04-10 15:00:00,31.7,41,0.0,22.7,216,13.34272522703914,18.364685772311308
2017-04-10 16:00:00,30.9,44,0.0,23.0,215,13.192258036074062,18.84049701864681
2017-04-10 17:00:00,29.4,50,0.0,22.3,218,13.72925089976218,17.5726398054299
2017-04-10 18:00:00,27.4,57,0.0,19.5,218,12.005398768850336,15.36620969533108
2017-04-10 19:00:00,25.9,63,0.0,17.7,209,8.581130278360167,15.480768816367304
2017-04-10 20:00:00,25.2,65,0.0,14.8,206,6.487892972478346,13.302151885227673
2017-04-10 21:00:00,25.3,64,0.0,15.1,208,7.089020598066952,13.332508652169796
2017-04-10 22:00:00,25.3,61,0.0,15.8,207,7.17304989588484,14.077903082176212
2017-04-10 23:00:00,25.3,60,0.0,16.2,212,8.58469208057792,13.7383791577341
2017-04-11 00:00:00,25.4,61,0.0,16.4,218,10.096848195340796,12.92337635915024
2017-04-11 01:00:00,24.9,64,0.0,14.9,217,8.967043844965522,11.899669099704663
2017-04-11 02:00:00,24.4,64,0.0,14.4,212,7.630837404958151,12.211892584652533
2017-04-11 03:00:00,24.0,67,0.0,14.3,223,9.752576548893728,10.458357933154138
2017-04-11 04:00:00,23.8,68,0.0,16.0,211,8.240609198560866,13.714676811233797
2017-04-11 05:00:00,24.0,64,0.0,10.7,194,2.588564282916444,10.382164271153162
2017-04-11 06:00:00,23.9,65,0.0,6.1,242,5.385980316439454,2.8637765329939335
2017-04-11 07:00:00,24.5,70,0.5,10.4,224,7.224447052773572,7.481133923521972
2017-04-11 08:00:00,25.6,68,0.6,15.3,225,10.818733752154179,10.818733752154177
2017-04-11 09:00:00,26.0,69,0.9,12.5,224,8.683229630737465,8.991747504233139
2017-04-11 10:00:00,24.9,80,1.5,9.1,187,1.1090110249868421,9.032169979936029
2017-04-11 11:00:00,27.8,61,0.0,13.6,202,5.094649670456403,12.60970042210831
2017-04-11 12:00:00,27.4,66,0.4,15.2,234,12.2970583144992,8.93433583484559
2017-04-11 13:00:00,24.7,84,2.2,7.4,227,5.412017391981862,5.046787864462489
2017-04-11 14:00:00,24.6,85,2.0,9.9,237,8.302838622659698,5.391926446648768
2017-04-11 15:00:00,23.8,89,2.9,9.4,220,6.04220353105347,7.200817765318393
2017-04-11 16:00:00,24.1,85,1.0,13.9,205,5.874393838195722,12.597678239809435
2017-04-11 17:00:00,23.5,89,0.3,10.2,190,1.77121141220269,10.045039080724521
2017-04-11 18:00:00,23.2,92,0.1,8.7,240,7.534421012924616,4.349999999999999
2017-04-11 19:00:00,22.7,96,0.2,4.2,250,3.9467090073008158,1.4364846019678086
2017-04-11 20:00:00,23.1,89,0.2,11.5,184,0.8021994480574401,11.471986577987979
2017-04-11 21:00:00,22.9,95,0.9,11.7,227,8.556838308944293,7.979380812731232
2017-04-11 22:00:00,22.7,94,5.6,10.4,166,-2.515987714236545,10.091075553270363
2017-04-11 23:00:00,23.0,89,11.2,4.1,195,1.061158084920335,3.96029588778518
2017-04-12 00:00:00,22.1,91,10.1,3.1,135,-2.192031021678297,2.1920310216782974
2017-04-12 01:00:00,21.3,98,3.9,9.6,340,3.2833933759264204,-9.02104915954472
2017-04-12 02:00:00,20.6,99,2.1,2.3,342,0.7107390870623791,-2.1874299874788528
2017-04-12 03:00:00,20.4,99,10.6,0.5,315,0.3535533905932738,-0.35355339059327373
2017-04-12 04:00:00,19.3,99,5.6,8.3,304,6.881011852206846,-4.6413010988072
2017-04-12 05:00:00,18.7,98,0.4,3.7,79,-3.632020578756357,-0.7059932828932155
2017-04-12 06:00:00,19.2,99,1.5,2.6,344,0.7166571251241979,-2.499280409439629
2017-04-12 07:00:00,19.5,98,3.1,4.0,297,3.5640260967534716,-1.815961998958187
2017-04-12 08:00:00,20.1,97,2.4,5.0,291,4.667902132486009,-1.7918397477265013
2017-04-12 09:00:00,21.1,97,2.7,5.7,215,3.269385687200963,4.669166652447253
2017-04-12 10:00:00,21.3,98,1.0,4.7,279,4.6421352007971475,-0.7352419856890852
2017-04-12 11:00:00,22.2,97,0.3,6.5,289,6.1458707413955596,-2.1161930039715187
2017-04-12 12:00:00,22.0,96,0.3,7.4,309,5.750880114781585,-4.656970893768797
2017-04-12 13:00:00,21.4,90,0.0,8.2,331,3.975438886019964,-7.171881598543044
2017-04-12 14:00:00,21.2,85,0.1,8.7,353,1.060263287624783,-8.6351515192795
2017-04-12 15:00:00,20.8,84,0.1,7.6,355,0.6623836448822018,-7.571079705497266
2017-04-12 16:00:00,20.3,85,0.3,8.3,355,0.7233926648055626,-8.268415994161488
2017-04-12 17:00:00,19.8,87,0.1,6.8,3,-0.3558845024520213,-6.790680836331102
2017-04-12 18:00:00,19.1,90,0.5,5.9,11,-1.1257730727216133,-5.791600382341218
2017-04-12 19:00:00,18.6,94,1.1,5.4,360,3.3065463576978537e-16,-5.4
2017-04-12 20:00:00,18.1,91,0.8,5.1,352,0.7097828148963339,-5.050367150582009
2017-04-12 21:00:00,18.1,91,0.0,3.0,346,0.725765686799003,-2.9108871788279895
2017-04-12 22:00:00,18.3,93,0.0,2.3,39,-1.447436899414627,-1.7874357113510322
2017-04-12 23:00:00,18.1,95,0.1,3.8,311,2.8678964048465336,-2.4930243101639276
2017-04-13 00:00:00,17.5,95,0.3,2.8,320,1.7998053071223101,-2.1449244407331385
2017-04-13 01:00:00,17.2,97,0.9,2.9,330,1.4500000000000002,-2.5114736709748717
2017-04-13 02:00:00,17.0,99,2.0,2.2,360,1.3471114790620887e-16,-2.2
2017-04-13 03:00:00,17.2,100,2.9,0.5,315,0.3535533905932738,-0.35355339059327373
2017-04-13 04:00:00,17.1,100,3.5,2.1,301,1.800051331474436,-1.0815799573111138
2017-04-13 05:00:00,16.8,99,2.2,5.3,298,4.679622242152313,-2.4881992827652213
2017-04-13 06:00:00,16.2,99,1.1,5.4,340,1.8469087739586119,-5.074340152243905
2017-04-13 07:00:00,16.4,99,2.2,6.3,77,-6.1385314081469815,-1.4171916423663493
2017-04-13 08:00:00,18.3,98,1.0,1.4,270,1.4,0.0
2017-04-13 09:00:00,18.6,100,0.8,4.7,270,4.7,0.0
2017-04-13 10:00:00,19.3,96,0.9,5.8,292,5.377666356487367,-2.1727182418122895
2017-04-13 11:00:00,19.1,98,1.1,3.0,256,2.9108871788279895,0.7257656867990032
2017-04-13 12:00:00,20.1,98,1.2,6.2,263,6.153786140176196,0.7555899291119144
2017-04-13 13:00:00,19.9,97,0.7000000000000001,6.5,264,6.4643923198937765,0.6794350112397476
2017-04-13 14:00:00,20.1,97,0.9,7.0,282,6.84703320513664,-1.4553818357243153
2017-04-13 15:00:00,19.7,97,0.6,6.2,291,5.788198644282651,-2.2218812871808615
2017-04-13 16:00:00,19.9,95,0.4,5.1,315,3.6062445840513924,-3.606244584051392
2017-04-13 17:00:00,19.3,99,0.6,3.7,331,1.7937955949114475,-3.2360929164157644
2017-04-13 18:00:00,19.1,100,0.1,2.6,326,1.4539015490239418,-2.1554976886431088
2017-04-13 19:00:00,18.8,99,0.4,1.8,79,-1.7669289302057951,-0.3434561916777805
2017-04-13 20:00:00,19.3,93,0.6,5.2,106,-4.998560818879258,1.433314250248396
2017-04-13 21:00:00,19.4,90,0.0,5.9,349,1.125773072721615,-5.791600382341218
2017-04-13 22:00:00,18.1,96,0.0,5.4,53,-4.312631754255381,-3.2498011250210617
2017-04-13 23:00:00,18.5,93,0.1,4.4,81,-4.3458286986186065,-0.6883116461770152
2017-04-14 00:00:00,18.9,91,0.1,4.2,59,-3.600102662948872,-2.1631599146222276
2017-04-14 01:00:00,19.6,85,0.4,2.5,352,0.34793275240016364,-2.475670171853926
2017-04-14 02:00:00,19.3,87,0.0,1.1,72,-1.046162167924669,-0.33991869381244205
2017-04-14 03:00:00,19.5,85,0.0,1.8,143,-1.0832670416736871,1.4375439180851268
2017-04-14 04:00:00,19.7,82,0.1,3.4,148,-1.8017254983928963,2.8833635269318485
2017-04-14 05:00:00,19.9,80,0.1,0.4,360,2.4492935982947065e-17,-0.4
2017-04-14 06:00:00,18.4,90,0.1,2.6,56,-2.1554976886431088,-1.4539015490239415
2017-04-14 07:00:00,19.9,87,0.1,2.8,50,-2.1449244407331385,-1.7998053071223097
2017-04-14 08:00:00,21.0,86,0.0,3.2,333,1.45276959916655,-2.851220877402777
2017-04-14 09:00:00,22.4,81,0.0,4.7,360,2.8779199779962803e-16,-4.7
2017-04-14 10:00:00,23.9,74,0.0,3.6,354,0.3763024677635525,-3.580278823325784
2017-04-14 11:00:00,25.0,69,0.0,4.0,333,1.8159619989581872,-3.564026096753471
2017-04-14 12:00:00,25.5,68,0.0,3.8,311,2.8678964048465336,-2.4930243101639276
2017-04-14 13:00:00,25.5,69,0.0,5.0,300,4.330127018922194,-2.4999999999999996
2017-04-14 14:00:00,25.0,72,0.2,7.6,329,3.9142893693164114,-6.5144714853360535
2017-04-14 15:00:00,24.5,75,0.2,7.3,327,3.9758649556096977,-6.122295146001595
2017-04-14 16:00:00,24.0,78,0.1,7.1,330,3.5500000000000007,-6.148780366869514
2017-04-14 17:00:00,22.9,81,0.3,7.6,335,3.211898789229316,-6.887939181478539
2017-04-14 18:00:00,22.0,85,0.1,5.4,360,3.3065463576978537e-16,-5.4
2017-04-14 19:00:00,21.6,87,0.0,3.1,21,-1.1109406435904323,-2.894099322141325
2017-04-14 20:00:00,21.7,89,0.0,3.6,53,-2.875087836170254,-2.1665340833473743
2017-04-14 21:00:00,22.2,85,0.0,4.4,35,-2.523736319944604,-3.604268994871563
2017-04-14 22:00:00,22.0,85,0.0,0.7000000000000001,180,4.2862637970157366e-17,0.7000000000000001
2017-04-14 23:00:00,20.5,91,0.0,5.1,184,0.35575801609503865,5.087576656325103
2017-04-15 00:00:00,21.9,85,0.0,4.2,149,-2.163159914622228,3.600102662948872
2017-04-15 01:00:00,20.7,88,0.0,4.6,141,-2.894873798829251,3.5748714227020666
2017-04-15 02:00:00,21.5,84,0.0,4.0,153,-1.8159619989581868,3.5640260967534716
2017-04-15 03:00:00,20.5,87,0.0,5.5,148,-2.914555953282626,4.664264528860343
2017-04-15 04:00:00,22.9,74,0.0,2.9,150,-1.4499999999999993,2.511473670974872
2017-04-15 05:00:00,22.4,76,0.0,2.2,90,-2.2,2.6942229581241775e-16
2017-04-15 06:00:00,22.2,76,0.0,3.2,63,-2.8512208774027776,-1.4527695991665495
2017-04-15 07:00:00,22.4,81,0.0,3.6,354,0.3763024677635525,-3.580278823325784
2017-04-15 08:00:00,23.1,83,0.0,6.3,347,1.4171916423663489,-6.1385314081469815
2017-04-15 09:00:00,24.3,79,0.0,4.7,351,0.7352419856890854,-4.6421352007971475
2017-04-15 10:00:00,25.4,74,0.0,4.2,329,2.1631599146222276,-3.600102662948872
2017-04-15 11:00:00,25.9,72,0.0,1.9,338,0.7117525274902327,-1.761649323676896
2017-04-15 12:00:00,26.2,70,0.0,1.1,252,1.0461621679246689,0.33991869381244216
2017-04-15 13:00:00,26.3,69,0.1,4.3,275,4.283637201794505,-0.3747696938149301
2017-04-15 14:00:00,26.1,72,0.0,3.6,264,3.580278823325784,0.37630246776355253
2017-04-15 15:00:00,25.3,75,0.9,2.5,278,2.475670171853926,-0.3479327524001636
2017-04-15 16:00:00,25.4,75,0.3,3.0,346,0.725765686799003,-2.9108871788279895
2017-04-15 17:00:00,24.9,77,0.1,6.4,52,-5.043268823083022,-3.9402334420842124
2017-04-15 18:00:00,24.3,83,0.0,3.5,24,-1.4235782507653003,-3.1974091017491033
2017-04-15 19:00:00,23.0,89,0.0,4.7,32,-2.490620541896064,-3.9858260519352022
2017-04-15 20:00:00,23.2,83,0.0,2.1,121,-1.8000513314744357,1.0815799573111142
2017-04-15 21:00:00,23.7,80,0.0,3.4,198,1.0506577808748212,3.233592155403522
2017-04-15 22:00:00,22.0,90,0.0,6.1,177,-0.3192493330819574,6.0916401620029
2017-04-15 23:00:00,21.8,89,0.0,6.5,199,2.116193003971519,6.145870741395559
2017-04-16 00:00:00,22.9,83,0.0,4.9,216,2.8801477362331185,3.9641832724372428
2017-04-16 01:00:00,22.0,88,0.0,4.4,145,-2.5237363199446032,3.6042689948715636
2017-04-16 02:00:00,21.6,90,0.0,5.0,180,3.061616997868383e-16,5.0
2017-04-16 03:00:00,21.6,91,0.0,4.0,207,1.8159619989581872,3.564026096753471
2017-04-16 04:00:00,21.8,90,0.0,3.1,126,-2.507952682562337,1.822134282106667
2017-04-16 05:00:00,21.6,91,0.0,3.7,79,-3.632020578756357,-0.7059932828932155
2017-04-16 06:00:00,21.4,92,0.0,4.6,39,-2.894873798829254,-3.5748714227020644
2017-04-16 07:00:00,22.7,89,0.0,5.5,23,-2.149021206691006,-5.062776693988422
2017-04-16 08:00:00,24.3,83,0.0,6.5,6,-0.6794350112397468,-6.464392319893777
2017-04-16 09:00:00,25.3,80,0.0,8.0,8,-1.1133848076805266,-7.922144549932562
2017-04-16 10:00:00,26.3,76,0.0,8.3,360,5.082284216461516e-16,-8.3
2017-04-16 11:00:00,27.0,73,0.0,7.2,342,2.224922359499622,-6.8476069173251055
2017-04-16 12:00:00,27.2,72,0.1,6.0,343,1.7542302283364206,-5.737828535778212
2017-04-16 13:00:00,27.3,71,0.2,7.7,319,5.051654523226906,-5.811263767715345
2017-04-16 14:00:00,26.1,73,0.8,3.2,333,1.45276959916655,-2.851220877402777
2017-04-16 15:00:00,26.0,75,0.1,9.4,353,1.1455718280083864,-9.329933825428427
2017-04-16 16:00:00,25.0,78,0.6,5.6,40,-3.5996106142446207,-4.289848881466276
2017-04-16 17:00:00,24.6,82,0.0,7.8,34,-4.361704647071823,-6.466493065929326
2017-04-16 18:00:00,24.1,85,0.0,5.9,38,-3.632402704421383,-4.649263446279661
2017-04-16 19:00:00,22.9,92,0.0,4.2,59,-3.600102662948872,-2.1631599146222276
2017-04-16 20:00:00,22.5,92,0.0,5.9,52,-4.64926344627966,-3.6324027044213834
2017-04-16 21:00:00,23.5,85,0.0,1.5,104,-1.4554435894139948,0.3628828433995016
2017-04-16 22:00:00,22.4,90,0.0,4.1,165,-1.0611580849203355,3.96029588778518
2017-04-16 23:00:00,22.4,89,0.0,5.8,180,3.5514757175273243e-16,5.8
2017-04-17 00:00:00,22.1,90,0.0,5.8,202,2.1727182418122895,5.377666356487367
2017-04-17 01:00:00,21.4,92,0.0,5.9,169,-1.1257730727216144,5.791600382341218
2017-04-17 02:00:00,21.8,89,0.0,5.2,146,-2.907803098047883,4.3109953772862175
2017-04-17 03:00:00,23.2,78,0.0,2.9,120,-2.511473670974872,1.4499999999999997
2017-04-17 04:00:00,22.9,76,0.0,3.5,66,-3.197409101749103,-1.4235782507653008
2017-04-17 05:00:00,23.6,70,0.0,2.3,72,-2.187429987478853,-0.7107390870623786
2017-04-17 06:00:00,23.1,72,0.0,0.5,135,-0.35355339059327373,0.3535533905932738
2017-04-17 07:00:00,23.3,80,0.0,1.3,34,-0.7269507745119705,-1.0777488443215544
2017-04-17 08:00:00,24.8,81,0.0,3.1,306,2.5079526825623373,-1.8221342821066668
2017-04-17 09:00:00,26.1,78,0.0,4.8,243,4.276831316104166,2.1791543987498243
2017-04-17 10:00:00,27.3,74,0.0,10.0,218,6.156614753256583,7.88010753606722
2017-04-17 11:00:00,28.0,69,0.1,14.1,212,7.471861625688189,11.957478155805605
2017-04-17 12:00:00,28.3,69,0.1,16.2,212,8.58469208057792,13.7383791577341
2017-04-17 13:00:00,28.2,68,0.2,17.1,221,11.218609395737674,12.905533821809403
2017-04-17 14:00:00,28.5,66,0.7000000000000001,17.1,215,9.80815706160289,14.00749995734176
2017-04-17 15:00:00,27.9,69,0.0,16.7,205,7.05772497106968,15.135340043512054
2017-04-17 16:00:00,27.7,71,0.0,14.4,217,8.666136333389497,11.500351344681016
2017-04-17 17:00:00,27.0,75,0.0,12.5,237,10.4833820993178,6.807987937687838
2017-04-17 18:00:00,25.4,85,0.0,8.1,238,6.86918957886705,4.29234604028896
2017-04-17 19:00:00,24.0,92,0.0,4.7,212,2.490620541896063,3.9858260519352022
2017-04-17 20:00:00,23.5,94,0.0,6.5,174,-0.6794350112397481,6.4643923198937765
2017-04-17 21:00:00,23.8,94,0.0,4.5,194,1.0886485301985045,4.366330768241984
2017-04-17 22:00:00,23.4,95,0.0,7.1,195,1.8376152202278973,6.858073366652385
2017-04-17 23:00:00,23.1,94,0.0,8.9,212,4.716281451675524,7.547628055792192
2017-04-18 00:00:00,22.8,94,0.0,9.8,204,3.9860191021428424,8.95274548489749
2017-04-18 01:00:00,22.7,94,0.0,9.2,206,4.033014550459512,8.268905225952336
2017-04-18 02:00:00,22.6,92,0.0,7.5,197,2.192787785420526,7.172285669722766
2017-04-18 03:00:00,23.1,85,0.0,7.6,175,-0.6623836448822026,7.571079705497266
2017-04-18 04:00:00,23.0,83,0.0,5.7,198,1.7613968679372005,5.421022142882375
2017-04-18 05:00:00,21.6,92,0.1,6.5,199,2.116193003971519,6.145870741395559
2017-04-18 06:00:00,22.4,89,0.0,4.0,153,-1.8159619989581868,3.5640260967534716
2017-04-18 07:00:00,23.7,88,0.0,7.6,183,0.3977532674463741,7.589584464134761
2017-04-18 08:00:00,25.1,84,0.0,8.1,225,5.727564927611035,5.727564927611034
2017-04-18 09:00:00,26.5,77,0.0,10.8,210,5.400000000000001,9.353074360871938
2017-04-18 10:00:00,27.8,71,0.0,13.6,212,7.206901993571586,11.533454107727392
2017-04-18 11:00:00,28.1,64,0.4,15.3,219,9.628601983062515,11.890333210291656
2017-04-18 12:00:00,26.8,73,0.8,15.8,215,9.06250769434653,12.94260229976607
2017-04-18 13:00:00,28.0,72,0.3,14.8,221,9.709673629059509,11.169701787297026
2017-04-18 14:00:00,26.7,73,0.5,16.1,214,9.003005745879024,13.347504918136172
2017-04-18 15:00:00,26.9,75,0.2,11.1,205,4.691062705321763,10.060016436106814
2017-04-18 16:00:00,26.0,76,0.0,12.4,188,1.7257464519048118,12.279324052395474
2017-04-18 17:00:00,26.3,76,0.0,9.4,220,6.04220353105347,7.200817765318393
2017-04-18 18:00:00,24.8,84,0.0,10.6,215,6.079910225321089,8.683011669463312
2017-04-18 19:00:00,23.4,90,0.0,4.1,195,1.061158084920335,3.96029588778518
2017-04-18 20:00:00,23.1,94,0.0,7.2,198,2.224922359499622,6.8476069173251055
2017-04-18 21:00:00,23.1,93,0.0,4.7,184,0.3278554265973886,4.688551036221174
2017-04-18 22:00:00,23.2,90,0.0,5.1,188,0.7097828148963339,5.050367150582009
2017-04-18 23:00:00,22.4,93,0.0,5.9,191,1.125773072721615,5.791600382341218
2017-04-19 00:00:00,22.2,92,0.0,5.8,184,0.40458754771592637,5.78587149150698
2017-04-19 01:00:00,22.1,90,0.0,6.6,202,2.4724035165450187,6.1194134401407965
2017-04-19 02:00:00,22.8,84,0.0,6.1,183,0.3192493330819582,6.0916401620029
2017-04-19 03:00:00,21.8,84,0.0,4.7,122,-3.9858260519352022,2.490620541896063
2017-04-19 04:00:00,23.1,72,0.0,3.4,148,-1.8017254983928963,2.8833635269318485
2017-04-19 05:00:00,23.6,68,0.0,3.7,151,-1.793795594911447,3.236092916415765
2017-04-19 06:00:00,23.3,73,0.0,2.6,146,-1.4539015490239415,2.1554976886431088
2017-04-19 07:00:00,24.1,73,0.0,3.8,221,2.4930243101639276,2.8678964048465336
2017-04-19 08:00:00,25.2,73,0.0,5.4,233,4.312631754255381,3.2498011250210608
2017-04-19 09:00:00,26.2,73,0.0,9.2,219,5.789747597658504,7.149742845404131
2017-04-19 10:00:00,27.3,71,0.0,14.0,215,8.030070108914646,11.468128620045885
2017-04-19 11:00:00,28.3,67,0.0,16.0,216,9.40456403667957,12.94427190999916
2017-04-19 12:00:00,29.2,63,0.0,16.9,220,10.863110603702514,12.946151088710728
2017-04-19 13:00:00,29.3,61,0.0,17.6,226,12.660380485960262,12.225987320078353
2017-04-19 14:00:00,28.5,64,0.0,17.6,227,12.8718251484974,12.003171137099974
2017-04-19 15:00:00,28.6,64,0.0,16.0,226,11.509436805418419,11.114533927343956
2017-04-19 16:00:00,27.5,70,1.4,12.9,243,11.493984162029946,5.856477446640153
2017-04-19 17:00:00,26.1,78,0.2,6.1,273,6.0916401620029,-0.31924933308195735
2017-04-19 18:00:00,24.7,88,0.3,3.1,249,2.8940993221413254,1.1109406435904308
2017-04-19 19:00:00,23.9,89,0.3,4.2,239,3.600102662948872,2.1631599146222276
2017-04-19 20:00:00,22.4,89,0.0,2.3,108,-2.1874299874788528,0.7107390870623792
2017-04-19 21:00:00,22.9,85,0.0,1.5,104,-1.4554435894139948,0.3628828433995016
2017-04-19 22:00:00,22.8,86,0.0,3.3,193,0.7423384793347542,3.2154212137912763
2017-04-19 23:00:00,22.4,88,0.0,3.6,186,0.3763024677635525,3.580278823325784
2017-04-20 00:00:00,22.4,91,0.0,4.5,166,-1.088648530198505,4.366330768241984
2017-04-20 01:00:00,23.1,87,0.0,4.7,293,4.32637281122647,-1.8364363038995868
2017-04-20 02:00:00,21.4,95,0.0,4.0,27,-1.8159619989581877,-3.564026096753471
2017-04-20 03:00:00,21.9,94,0.0,4.6,39,-2.894873798829254,-3.5748714227020644
2017-04-20 04:00:00,21.2,95,0.0,5.9,52,-4.64926344627966,-3.6324027044213834
2017-04-20 05:00:00,22.3,88,0.0,2.9,90,-2.9,3.5514757175273243e-16
2017-04-20 06:00:00,23.1,82,0.0,1.0,135,-0.7071067811865475,0.7071067811865476
2017-04-20 07:00:00,23.5,86,0.0,2.5,270,2.5,0.0
2017-04-20 08:00:00,24.5,83,0.0,4.6,252,4.3748599749577055,1.421478174124758
2017-04-20 09:00:00,25.5,81,0.0,4.9,287,4.685893304218874,-1.4326213531414103
2017-04-20 10:00:00,26.9,74,0.0,3.7,241,3.2360929164157644,1.7937955949114472
2017-04-20 11:00:00,26.6,77,0.1,8.0,265,7.969557584733964,0.6972459419812653
2017-04-20 12:00:00,25.7,83,2.0,5.6,255,5.4091846272187825,1.4493866525741161
2017-04-20 13:00:00,25.2,82,4.3,8.9,227,6.509047944410617,6.069785404556237
2017-04-20 14:00:00,25.2,81,4.6,6.9,171,-1.0793978087775926,6.815049550106451
2017-04-20 15:00:00,25.9,78,0.0,9.6,193,2.159530121701103,9.353952621938259
2017-04-20 16:00:00,26.0,76,0.0,11.9,194,2.8788705576360454,11.546519142684359
2017-04-20 17:00:00,25.5,81,0.0,11.5,212,6.094071538681856,9.7525531057989
2017-04-20 18:00:00,24.3,88,0.1,10.0,240,8.660254037844387,4.999999999999999
2017-04-20 19:00:00,22.8,94,0.0,5.1,225,3.6062445840513924,3.606244584051392
2017-04-20 20:00:00,23.5,91,0.0,7.6,211,3.9142893693164114,6.5144714853360535
2017-04-20 21:00:00,23.3,92,0.0,8.0,198,2.4721359549995796,7.608452130361228
2017-04-20 22:00:00,23.4,90,0.0,6.7,196,1.8467702839738944,6.440453362786736
2017-04-20 23:00:00,23.2,88,0.0,6.3,204,2.5624408513775414,5.755336383148386
2017-04-21 00:00:00,23.0,87,2.0,8.3,214,4.641301098807199,6.881011852206847
2017-04-21 01:00:00,22.5,90,0.0,8.2,203,3.203995253612044,7.54813979831001
2017-04-21 02:00:00,22.0,90,0.0,7.7,191,1.4692292643993958,7.558529312547013
2017-04-21 03:00:00,21.7,90,0.0,6.7,196,1.8467702839738944,6.440453362786736
2017-04-21 04:00:00,20.9,91,0.0,5.4,200,1.8469087739586119,5.074340152243905
2017-04-21 05:00:00,20.9,86,0.0,5.5,169,-1.0494494745709964,5.3989495089621515
2017-04-21 06:00:00,21.3,84,0.0,4.9,197,1.4326213531414103,4.685893304218874
2017-04-21 07:00:00,23.0,76,0.0,5.6,207,2.542346798541462,4.989636535454859
2017-04-21 08:00:00,24.3,71,0.0,6.4,218,3.9402334420842133,5.043268823083022
2017-04-21 09:00:00,25.7,67,0.0,9.2,219,5.789747597658504,7.149742845404131
2017-04-21 10:00:00,26.8,66,0.0,11.0,221,7.2166493188955805,8.301805382450492
2017-04-21 11:00:00,27.8,65,0.0,14.0,228,10.40402755668352,9.367828489024015
2017-04-21 12:00:00,27.4,72,0.7000000000000001,15.9,231,12.356620787165838,10.006194217692414
2017-04-21 13:00:00,24.5,79,12.1,18.4,211,9.476700578344996,15.771878332918865
2017-04-21 14:00:00,25.7,74,0.2,12.8,196,3.5281581544575893,12.304149708010483
2017-04-21 15:00:00,26.4,74,0.0,14.4,212,7.630837404958151,12.211892584652533
2017-04-21 16:00:00,26.6,75,0.1,15.6,220,10.027486711110013,11.950293312656056
2017-04-21 17:00:00,24.5,83,9.3,15.1,208,7.089020598066952,13.332508652169796
2017-04-21 18:00:00,23.3,86,0.1,10.6,190,1.8406706832694624,10.438962181929405
2017-04-21 19:00:00,22.9,87,0.4,15.6,199,5.0788632095316455,14.750089779349342
2017-04-21 20:00:00,21.8,93,2.6,4.1,165,-1.0611580849203355,3.96029588778518
2017-04-21 21:00:00,22.1,91,2.1,2.3,129,-1.7874357113510329,1.4474368994146258
2017-04-21 22:00:00,21.4,96,2.4,5.1,315,3.6062445840513924,-3.606244584051392
2017-04-21 23:00:00,20.8,99,2.3,4.7,4,-0.32785542659739025,-4.688551036221174
2017-04-22 00:00:00,20.7,99,2.4,5.4,340,1.8469087739586119,-5.074340152243905
2017-04-22 01:00:00,20.8,98,1.2,3.6,217,2.1665340833473743,2.875087836170254
2017-04-22 02:00:00,20.6,98,1.0,9.9,280,9.74959675482086,-1.7191169589026103
2017-04-22 03:00:00,19.7,99,2.3,2.5,315,1.7677669529663689,-1.7677669529663687
2017-04-22 04:00:00,20.3,98,5.8,2.9,360,1.7757378587636622e-16,-2.9
2017-04-22 05:00:00,16.3,98,8.7,20.2,355,1.7605460035026943,-20.12313290145326
2017-04-22 06:00:00,17.4,93,7.0,1.8,349,0.34345619167778085,-1.7669289302057951
2017-04-22 07:00:00,16.3,92,0.2,6.8,335,2.873804179836756,-6.162892951849219
2017-04-22 08:00:00,19.8,89,0.0,3.1,339,1.1109406435904312,-2.8940993221413254
2017-04-22 09:00:00,21.9,84,0.0,5.0,249,4.667902132486009,1.7918397477265013
2017-04-22 10:00:00,22.2,83,0.2,7.0,258,6.84703320513664,1.4553818357243153
2017-04-22 11:00:00,22.5,81,0.5,6.3,257,6.1385314081469815,1.4171916423663495
2017-04-22 12:00:00,23.0,79,0.5,6.2,277,6.153786140176196,-0.7555899291119144
2017-04-22 13:00:00,23.1,74,0.3,6.8,288,6.467184310807044,-2.1013155617496424
2017-04-22 14:00:00,22.8,70,0.2,6.4,322,3.9402334420842133,-5.043268823083022
2017-04-22 15:00:00,22.5,72,0.3,6.0,335,2.5357095704441965,-5.437846722219899
2017-04-22 16:00:00,21.7,72,0.0,7.6,335,3.211898789229316,-6.887939181478539
2017-04-22 17:00:00,20.0,74,0.0,10.9,351,1.705135668938517,-10.765802912487002
2017-04-22 18:00:00,18.6,79,0.0,9.5,11,-1.812685456077174,-9.325458242752807
2017-04-22 19:00:00,17.7,85,0.7000000000000001,7.8,22,-2.921931428644116,-7.232034065620941
2017-04-22 20:00:00,17.5,95,1.2,4.8,48,-3.5670951622914924,-3.2118269105225195
2017-04-22 21:00:00,18.1,95,1.8,2.2,81,-2.1729143493093033,-0.3441558230885076
2017-04-22 22:00:00,17.7,97,2.7,1.6,117,-1.4256104387013886,0.7263847995832751
2017-04-22 23:00:00,17.8,98,3.3,3.6,127,-2.8750878361702545,2.1665340833473734
2017-04-23 00:00:00,18.4,96,1.7000000000000002,1.1,288,1.0461621679246689,-0.33991869381244216
2017-04-23 01:00:00,17.5,99,1.6,4.3,270,4.3,0.0
2017-04-23 02:00:00,17.2,97,0.3,4.2,149,-2.163159914622228,3.600102662948872
2017-04-23 03:00:00,17.9,94,0.0,5.2,168,-1.0811407922523486,5.08636752381579
2017-04-23 04:00:00,18.0,93,0.0,3.7,191,0.7059932828932162,3.632020578756357
2017-04-23 05:00:00,17.8,95,0.0,3.3,167,-0.7423384793347546,3.2154212137912763
2017-04-23 06:00:00,18.1,95,0.0,4.4,261,4.3458286986186065,0.6883116461770159
2017-04-23 07:00:00,18.3,97,0.0,2.6,254,2.499280409439629,0.7166571251241979
2017-04-23 08:00:00,19.5,89,0.0,3.4,238,2.883363526931848,1.8017254983928965
2017-04-23 09:00:00,20.4,87,0.0,9.2,219,5.789747597658504,7.149742845404131
2017-04-23 10:00:00,21.7,82,0.1,14.0,209,6.787334683448719,12.24467589995154
2017-04-23 11:00:00,22.4,78,0.0,20.5,204,8.338101183053904,18.727681881673316
2017-04-23 12:00:00,23.4,73,0.1,21.3,204,8.663490497514545,19.4585182477874
2017-04-23 13:00:00,23.2,74,0.3,19.2,210,9.600000000000001,16.62768775266122
2017-04-23 14:00:00,22.6,80,0.4,17.2,217,10.35121839821523,13.736530772813436
2017-04-23 15:00:00,21.7,81,1.4,15.0,197,4.385575570841052,14.344571339445531
2017-04-23 16:00:00,22.0,80,0.2,14.0,198,4.326237921249264,13.31479122813215
2017-04-23 17:00:00,21.7,81,0.1,11.6,196,3.19739332747719,11.1506356728845
2017-04-23 18:00:00,21.1,85,0.0,8.1,201,2.902780391316933,7.5620014546273335
2017-04-23 19:00:00,20.3,89,0.1,4.3,204,1.7489675652259409,3.9282454678631837
2017-04-23 20:00:00,20.4,88,0.0,6.7,196,1.8467702839738944,6.440453362786736
2017-04-23 21:00:00,20.3,89,0.0,5.2,196,1.4333142502483958,4.998560818879258
2017-04-23 22:00:00,19.7,91,0.0,4.7,189,0.7352419856890854,4.6421352007971475
2017-04-23 23:00:00,19.1,92,0.0,4.6,198,1.4214781741247582,4.3748599749577055
2017-04-24 00:00:00,19.0,93,0.0,3.1,306,2.5079526825623373,-1.8221342821066668
2017-04-24 01:00:00,18.3,95,0.0,2.8,130,-2.144924440733138,1.7998053071223103
2017-04-24 02:00:00,18.9,91,0.0,7.3,169,-1.392905666248777,7.165878439167947
2017-04-24 03:00:00,18.9,87,0.0,8.3,185,0.7233926648055626,8.268415994161488
2017-04-24 04:00:00,19.2,86,0.0,6.7,196,1.8467702839738944,6.440453362786736
2017-04-24 05:00:00,19.1,88,0.1,6.8,198,2.1013155617496424,6.467184310807044
2017-04-24 06:00:00,18.9,90,0.1,4.6,198,1.4214781741247582,4.3748599749577055
2017-04-24 07:00:00,19.6,88,0.0,7.1,165,-1.837615220227898,6.858073366652385
2017-04-24 08:00:00,21.6,83,0.0,7.4,231,5.750880114781585,4.656970893768797
2017-04-24 09:00:00,22.4,80,0.0,9.2,222,6.156001578501495,6.836932394392027
2017-04-24 10:00:00,23.3,77,0.0,9.2,231,7.149742845404131,5.789747597658503
2017-04-24 11:00:00,23.8,76,0.0,9.2,225,6.505382386916237,6.505382386916236
2017-04-24 12:00:00,24.4,75,0.0,10.2,231,7.926888806861102,6.419067988708341
2017-04-24 13:00:00,24.8,73,0.0,10.8,210,5.400000000000001,9.353074360871938
2017-04-24 14:00:00,24.7,75,0.2,9.6,214,5.368251873319169,7.9587606965284
2017-04-24 15:00:00,24.8,74,0.0,8.2,209,3.975438886019964,7.171881598543044
2017-04-24 16:00:00,24.6,75,0.6,7.7,229,5.811263767715345,5.051654523226906
2017-04-24 17:00:00,23.4,77,1.1,2.3,252,2.1874299874788528,0.710739087062379
2017-04-24 18:00:00,22.4,89,0.0,2.2,189,0.34415582308850806,2.1729143493093033
2017-04-24 19:00:00,22.3,85,0.0,2.3,321,1.447436899414626,-1.7874357113510329
2017-04-24 20:00:00,22.1,83,0.0,3.3,77,-3.2154212137912763,-0.7423384793347544
2017-04-24 21:00:00,22.2,81,0.0,3.9,56,-3.233246532964663,-2.180852323535912
2017-04-24 22:00:00,22.0,82,0.0,4.1,322,2.524212048835199,-3.23084408978756
2017-04-24 23:00:00,20.2,91,0.0,4.1,142,-2.524212048835199,3.23084408978756
2017-04-25 00:00:00,20.5,87,0.0,5.4,180,3.3065463576978537e-16,5.4
2017-04-25 01:00:00,20.1,91,0.0,4.6,225,3.2526911934581184,3.252691193458118
2017-04-25 02:00:00,19.6,94,0.0,5.4,228,4.012982057577929,3.6133052743378347
2017-04-25 03:00:00,19.7,95,0.0,0.8,117,-0.7128052193506943,0.36319239979163753
2017-04-25 04:00:00,20.0,91,0.1,3.0,14,-0.7257656867990033,-2.9108871788279895
2017-04-25 05:00:00,19.9,92,0.2,7.2,354,0.752604935527105,-7.160557646651568
2017-04-25 06:00:00,19.7,93,0.1,9.4,7,-1.1455718280083835,-9.329933825428428
2017-04-25 07:00:00,20.0,93,0.0,9.7,15,-2.51054473749445,-9.369480515003962
2017-04-25 08:00:00,22.5,80,0.0,3.2,180,1.9594348786357652e-16,3.2
2017-04-25 09:00:00,23.0,84,0.0,7.4,284,7.180188374442374,-1.7902220274375413
2017-04-25 10:00:00,23.9,80,0.0,2.5,262,2.475670171853926,0.3479327524001636
2017-04-25 11:00:00,25.1,75,0.0,4.7,261,4.6421352007971475,0.7352419856890852
2017-04-25 12:00:00,25.5,73,0.0,5.3,242,4.679622242152313,2.4881992827652213
2017-04-25 13:00:00,25.2,73,0.1,6.2,249,5.788198644282651,2.2218812871808615
2017-04-25 14:00:00,24.5,77,0.9,4.1,322,2.524212048835199,-3.23084408978756
2017-04-25 15:00:00,24.5,78,0.3,0.8,153,-0.36319239979163737,0.7128052193506944
2017-04-25 16:00:00,23.8,83,0.2,4.3,355,0.37476969381492997,-4.283637201794505
2017-04-25 17:00:00,23.4,87,0.1,4.5,346,1.0886485301985045,-4.366330768241984
2017-04-25 18:00:00,22.7,94,0.0,1.6,333,0.726384799583275,-1.4256104387013886
2017-04-25 19:00:00,21.9,96,0.0,4.2,329,2.1631599146222276,-3.600102662948872
2017-04-25 20:00:00,21.9,92,0.0,3.7,79,-3.632020578756357,-0.7059932828932155
2017-04-25 21:00:00,21.8,93,0.0,2.5,262,2.475670171853926,0.3479327524001636
2017-04-25 22:00:00,21.4,94,0.0,3.8,163,-1.1110124779463992,3.633958072659535
2017-04-25 23:00:00,21.2,94,0.0,3.9,248,3.616017032810471,1.460965714322057
2017-04-26 00:00:00,20.8,96,0.0,2.7,113,-2.485363104321589,1.0549740469210394
2017-04-26 01:00:00,22.3,87,0.0,2.3,141,-1.4474368994146256,1.7874357113510333
2017-04-26 02:00:00,21.2,92,0.0,5.4,172,-0.7515347451843529,5.34744757120448
2017-04-26 03:00:00,22.2,88,0.0,4.2,149,-2.163159914622228,3.600102662948872
2017-04-26 04:00:00,20.6,92,0.0,5.2,124,-4.310995377286217,2.907803098047884
2017-04-26 05:00:00,20.9,87,0.0,3.9,124,-3.2332465329646625,2.180852323535913
2017-04-26 06:00:00,22.0,84,0.0,2.3,129,-1.7874357113510329,1.4474368994146258
2017-04-26 07:00:00,23.3,77,0.2,2.5,135,-1.7677669529663687,1.7677669529663689
2017-04-26 08:00:00,25.1,73,0.1,5.6,105,-5.409184627218782,1.4493866525741177
2017-04-26 09:00:00,25.4,77,0.0,5.5,281,5.3989495089621515,-1.0494494745709964
2017-04-26 10:00:00,24.8,83,0.0,3.0,256,2.9108871788279895,0.7257656867990032
2017-04-26 11:00:00,25.6,77,0.0,3.1,159,-1.1109406435904308,2.8940993221413254
2017-04-26 12:00:00,26.7,73,0.0,2.7,247,2.485363104321589,1.0549740469210394
2017-04-26 13:00:00,26.2,78,4.2,7.2,270,7.2,0.0
2017-04-26 14:00:00,25.6,76,14.6,11.8,168,-2.4533579516495605,11.542141688658909
2017-04-26 15:00:00,26.1,74,4.0,4.3,246,3.9282454678631837,1.7489675652259409
2017-04-26 16:00:00,25.3,80,2.0,3.4,238,2.883363526931848,1.8017254983928965
2017-04-26 17:00:00,24.5,84,0.5,4.2,301,3.600102662948872,-2.1631599146222276
2017-04-26 18:00:00,23.3,87,0.8,7.2,84,-7.160557646651568,-0.7526049355271052
2017-04-26 19:00:00,22.7,85,0.0,4.7,113,-4.32637281122647,1.8364363038995868
2017-04-26 20:00:00,22.4,92,0.0,7.4,43,-5.04678786446249,-5.412017391981862
2017-04-26 21:00:00,22.4,92,0.3,4.1,15,-1.0611580849203346,-3.96029588778518
2017-04-26 22:00:00,21.5,97,0.0,7.9,344,2.1775351109542935,-7.59396739791272
2017-04-26 23:00:00,20.7,98,0.0,5.8,22,-2.1727182418122912,-5.377666356487366
2017-04-27 00:00:00,20.1,99,0.0,3.7,11,-0.7059932828932151,-3.632020578756357
2017-04-27 01:00:00,19.9,99,0.0,3.6,354,0.3763024677635525,-3.580278823325784
2017-04-27 02:00:00,19.9,99,0.5,4.6,321,2.894873798829252,-3.5748714227020657
2017-04-27 03:00:00,19.5,99,0.5,4.5,331,2.181643291108517,-3.935788682127281
2017-04-27 04:00:00,19.3,99,0.3,4.1,345,1.061158084920335,-3.96029588778518
2017-04-27 05:00:00,19.3,99,0.2,2.6,16,-0.7166571251241971,-2.4992804094396295
2017-04-27 06:00:00,19.1,99,1.2,3.8,319,2.4930243101639276,-2.8678964048465336
2017-04-27 07:00:00,19.6,98,0.3,3.3,347,0.7423384793347542,-3.2154212137912763
2017-04-27 08:00:00,21.0,98,0.6,6.7,254,6.440453362786736,1.8467702839738944
2017-04-27 09:00:00,22.3,96,1.4,8.9,238,7.547628055792192,4.716281451675524
2017-04-27 10:00:00,22.5,95,1.0,9.0,272,8.994517443171862,-0.31409547032250873
2017-04-27 11:00:00,22.1,90,0.5,8.8,305,7.208537989743128,-5.047472639889206
2017-04-27 12:00:00,21.9,95,0.6,6.4,297,5.702441754805555,-2.9055391983330994
2017-04-27 13:00:00,21.9,93,0.2,7.3,290,6.859756131737131,-2.4967470462773815
2017-04-27 14:00:00,20.7,99,0.7000000000000001,10.2,318,6.825132184860354,-7.580077219869421
2017-04-27 15:00:00,19.2,98,1.1,8.5,332,3.9905082836800725,-7.505054539300878
2017-04-27 16:00:00,18.4,100,0.9,6.9,332,3.239353783222647,-6.092338390726596
2017-04-27 17:00:00,17.2,99,0.6,8.2,331,3.975438886019964,-7.171881598543044
2017-04-27 18:00:00,16.0,97,0.3,7.7,349,1.4692292643993958,-7.558529312547013
2017-04-27 19:00:00,15.5,97,0.2,5.9,346,1.4273391840380394,-5.7247447850283795
2017-04-27 20:00:00,15.4,96,0.0,7.2,354,0.752604935527105,-7.160557646651568
2017-04-27 21:00:00,15.1,95,0.7000000000000001,8.2,23,-3.203995253612045,-7.548139798310009
2017-04-27 22:00:00,15.6,93,0.4,6.0,343,1.7542302283364206,-5.737828535778212
2017-04-27 23:00:00,15.1,95,0.0,6.0,65,-5.4378467222199,-2.5357095704441956
2017-04-28 00:00:00,15.2,98,0.3,3.6,354,0.3763024677635525,-3.580278823325784
2017-04-28 01:00:00,15.0,99,0.4,4.0,27,-1.8159619989581877,-3.564026096753471
2017-04-28 02:00:00,14.4,98,0.0,4.8,13,-1.0797650608505531,-4.6769763109691285
2017-04-28 03:00:00,14.5,98,0.0,2.9,7,-0.35342109587492676,-2.878383839759834
2017-04-28 04:00:00,14.5,99,0.0,1.0,45,-0.7071067811865477,-0.7071067811865475
2017-04-28 05:00:00,14.4,99,0.0,0.5,225,0.3535533905932738,0.35355339059327373
2017-04-28 06:00:00,14.7,99,0.0,0.8,207,0.3631923997916375,0.7128052193506943
2017-04-28 07:00:00,15.6,97,0.0,2.1,211,1.0815799573111138,1.800051331474436
2017-04-28 08:00:00,16.6,97,0.1,8.3,214,4.641301098807199,6.881011852206847
2017-04-28 09:00:00,18.0,88,0.0,9.3,216,5.46640284632,7.523858047687012
2017-04-28 10:00:00,19.3,79,0.0,8.2,229,6.18861855782673,5.379684037722159
2017-04-28 11:00:00,20.7,71,0.0,7.2,252,6.8476069173251055,2.2249223594996215
2017-04-28 12:00:00,21.4,67,0.0,8.0,243,7.128052193506943,3.631923997916374
2017-04-28 13:00:00,21.9,67,0.0,10.1,235,8.273435647318816,5.7931220071455645
2017-04-28 14:00:00,22.1,67,0.0,7.6,245,6.887939181478539,3.211898789229316
2017-04-28 15:00:00,22.1,64,0.0,5.4,307,4.312631754255381,-3.2498011250210608
2017-04-28 16:00:00,21.6,63,0.0,5.9,349,1.125773072721615,-5.791600382341218
2017-04-28 17:00:00,20.6,66,0.0,6.1,357,0.3192493330819582,-6.0916401620029
2017-04-28 18:00:00,19.2,76,0.0,4.5,14,-1.088648530198505,-4.366330768241984
2017-04-28 19:00:00,17.7,81,0.0,4.6,39,-2.894873798829254,-3.5748714227020644
2017-04-28 20:00:00,17.0,89,0.0,6.6,81,-6.518743047927909,-1.0324674692655227
2017-04-28 21:00:00,18.2,79,0.0,3.3,84,-3.2819222547153015,-0.3449439287832565
2017-04-28 22:00:00,17.4,82,0.0,2.7,113,-2.485363104321589,1.0549740469210394
2017-04-28 23:00:00,16.6,86,0.0,4.1,135,-2.8991378028648445,2.899137802864845
2017-04-29 00:00:00,16.8,83,0.0,5.3,152,-2.4881992827652217,4.679622242152313
2017-04-29 01:00:00,18.2,76,0.0,5.4,176,-0.3766849582182768,5.386845871403051
2017-04-29 02:00:00,17.7,79,0.0,3.9,158,-1.4609657143220571,3.616017032810471
2017-04-29 03:00:00,17.2,82,0.0,2.1,121,-1.8000513314744357,1.0815799573111142
2017-04-29 04:00:00,16.7,82,0.0,4.8,117,-4.276831316104166,2.1791543987498248
2017-04-29 05:00:00,17.7,79,0.0,2.2,90,-2.2,2.6942229581241775e-16
2017-04-29 06:00:00,16.9,81,0.0,2.2,81,-2.1729143493093033,-0.3441558230885076
2017-04-29 07:00:00,18.5,77,0.0,1.9,158,-0.7117525274902329,1.761649323676896
2017-04-29 08:00:00,19.7,71,0.0,2.7,293,2.485363104321589,-1.0549740469210394
2017-04-29 09:00:00,20.5,71,0.0,4.0,275,3.984778792366982,-0.34862297099063266
2017-04-29 10:00:00,21.4,69,0.0,4.7,261,4.6421352007971475,0.7352419856890852
2017-04-29 11:00:00,22.4,65,0.0,5.9,256,5.7247447850283795,1.4273391840380396
2017-04-29 12:00:00,22.8,61,0.0,4.8,257,4.676976310969129,1.079765060850552
2017-04-29 13:00:00,23.2,55,0.0,5.1,262,5.050367150582009,0.7097828148963337
2017-04-29 14:00:00,23.3,51,0.0,4.1,255,3.96029588778518,1.061158084920335
2017-04-29 15:00:00,23.3,49,0.0,4.0,297,3.5640260967534716,-1.815961998958187
2017-04-29 16:00:00,22.7,52,0.0,4.6,315,3.2526911934581184,-3.252691193458118
2017-04-29 17:00:00,21.9,59,0.0,4.8,318,3.2118269105225195,-3.5670951622914924
2017-04-29 18:00:00,20.4,76,0.0,3.1,324,1.8221342821066668,-2.5079526825623373
2017-04-29 19:00:00,20.2,68,0.0,3.7,11,-0.7059932828932151,-3.632020578756357
2017-04-29 20:00:00,19.7,75,0.0,4.7,58,-3.9858260519352027,-2.4906205418960625
2017-04-29 21:00:00,20.0,71,0.0,4.1,38,-2.524212048835198,-3.2308440897875603
2017-04-29 22:00:00,20.2,68,0.0,2.1,121,-1.8000513314744357,1.0815799573111142
2017-04-29 23:00:00,17.9,78,0.0,6.5,161,-2.116193003971518,6.1458707413955596
2017-04-30 00:00:00,17.6,78,0.0,6.3,167,-1.4171916423663498,6.1385314081469815
2017-04-30 01:00:00,17.4,84,0.0,5.8,158,-2.17271824181229,5.377666356487367
2017-04-30 02:00:00,16.7,86,0.0,5.4,143,-3.2498011250210617,4.312631754255381
2017-04-30 03:00:00,17.1,84,0.0,4.5,119,-3.935788682127281,2.181643291108517
2017-04-30 04:00:00,18.2,76,0.0,3.8,107,-3.633958072659535,1.111012477946399
2017-04-30 05:00:00,19.9,66,0.0,3.1,111,-2.8940993221413254,1.1109406435904308
2017-04-30 06:00:00,18.7,72,0.0,3.3,103,-3.215421213791276,0.7423384793347552
2017-04-30 07:00:00,20.3,68,0.0,1.1,90,-1.1,1.3471114790620887e-16
2017-04-30 08:00:00,21.1,63,0.0,0.7000000000000001,270,0.7000000000000001,0.0
2017-04-30 09:00:00,22.2,60,0.0,0.7000000000000001,270,0.7000000000000001,0.0
2017-04-30 10:00:00,23.1,59,0.0,1.0,225,0.7071067811865476,0.7071067811865475
2017-04-30 11:00:00,23.8,59,0.0,3.7,209,1.7937955949114475,3.2360929164157644
2017-04-30 12:00:00,24.4,58,0.0,5.5,212,2.914555953282627,4.664264528860342
2017-04-30 13:00:00,24.8,58,0.0,6.2,216,3.6442685642133337,5.0159053651246746
2017-04-30 14:00:00,25.1,58,0.0,5.7,235,4.669166652447253,3.2693856872009626
2017-04-30 15:00:00,25.0,58,0.0,5.4,250,5.074340152243906,1.8469087739586112
2017-04-30 16:00:00,24.3,61,0.0,5.2,286,4.998560818879258,-1.4333142502483958
2017-04-30 17:00:00,23.3,64,0.0,4.1,315,2.899137802864845,-2.8991378028648445
2017-04-30 18:00:00,22.4,67,0.0,2.6,344,0.7166571251241979,-2.499280409439629
2017-04-30 19:00:00,22.0,66,0.0,2.2,90,-2.2,2.6942229581241775e-16
2017-04-30 20:00:00,20.1,77,0.0,1.8,101,-1.7669289302057951,0.34345619167778096
2017-04-30 21:00:00,20.7,73,0.0,2.4,117,-2.138415658052083,1.0895771993749124
2017-04-30 22:00:00,19.1,79,0.0,5.2,124,-4.310995377286217,2.907803098047884
2017-04-30 23:00:00,18.6,77,0.0,6.1,135,-4.313351365237939,4.31335136523794
2017-05-01 00:00:00,18.6,71,0.0,6.9,141,-4.342310698243877,5.3623071340531006
2017-05-01 01:00:00,18.7,67,0.0,6.9,141,-4.342310698243877,5.3623071340531006
2017-05-01 02:00:00,18.9,64,0.0,6.8,148,-3.6034509967857926,5.766727053863697
2017-05-01 03:00:00,20.2,57,0.0,6.3,156,-2.5624408513775414,5.755336383148386
2017-05-01 04:00:00,20.1,57,0.0,4.8,132,-3.567095162291491,3.21182691052252
2017-05-01 05:00:00,19.0,62,0.0,4.6,108,-4.3748599749577055,1.4214781741247584
2017-05-01 06:00:00,19.0,73,0.0,5.2,106,-4.998560818879258,1.433314250248396
2017-05-01 07:00:00,22.4,59,0.0,3.4,58,-2.8833635269318485,-1.8017254983928963
2017-05-01 08:00:00,23.2,55,0.0,5.6,40,-3.5996106142446207,-4.289848881466276
2017-05-01 09:00:00,24.2,53,0.0,4.5,29,-2.1816432911085157,-3.935788682127282
2017-05-01 10:00:00,24.9,53,0.0,2.7,23,-1.0549740469210394,-2.4853631043215887
2017-05-01 11:00:00,25.7,53,0.0,2.4,27,-1.0895771993749126,-2.138415658052083
2017-05-01 12:00:00,26.0,57,0.0,0.7000000000000001,360,4.2862637970157366e-17,-0.7000000000000001
2017-05-01 13:00:00,26.6,58,0.0,4.1,165,-1.0611580849203355,3.96029588778518
2017-05-01 14:00:00,27.1,57,0.0,5.4,180,3.3065463576978537e-16,5.4
2017-05-01 15:00:00,26.6,60,0.0,6.2,280,6.10580806867569,-1.0766187015349682
2017-05-01 16:00:00,25.2,69,0.0,7.8,326,4.361704647071825,-6.466493065929326
2017-05-01 17:00:00,24.6,70,0.0,6.0,343,1.7542302283364206,-5.737828535778212
2017-05-01 18:00:00,23.3,82,0.0,2.9,7,-0.35342109587492676,-2.878383839759834
2017-05-01 19:00:00,21.8,86,0.0,5.6,27,-2.5423467985414625,-4.989636535454859
2017-05-01 20:00:00,21.7,83,0.0,5.2,78,-5.086367523815789,-1.0811407922523495
2017-05-01 21:00:00,23.5,70,0.0,2.4,117,-2.138415658052083,1.0895771993749124
2017-05-01 22:00:00,21.2,82,0.0,5.4,172,-0.7515347451843529,5.34744757120448
2017-05-01 23:00:00,21.3,84,0.0,5.4,176,-0.3766849582182768,5.386845871403051
2017-05-02 00:00:00,20.6,89,0.0,7.1,195,1.8376152202278973,6.858073366652385
2017-05-02 01:00:00,22.4,79,0.0,1.9,112,-1.7616493236768958,0.7117525274902332
2017-05-02 02:00:00,21.4,84,0.0,4.2,110,-3.9467090073008153,1.4364846019678092
2017-05-02 03:00:00,20.8,85,0.0,2.4,117,-2.138415658052083,1.0895771993749124
2017-05-02 04:00:00,23.0,71,0.0,1.0,135,-0.7071067811865475,0.7071067811865476
2017-05-02 05:00:00,20.3,85,0.0,5.8,120,-5.022947341949744,2.8999999999999995
2017-05-02 06:00:00,21.5,80,0.0,3.3,103,-3.215421213791276,0.7423384793347552
2017-05-02 07:00:00,23.7,72,0.0,3.1,69,-2.8940993221413254,-1.1109406435904314
2017-05-02 08:00:00,24.7,71,0.0,4.6,45,-3.2526911934581193,-3.252691193458118
2017-05-02 09:00:00,26.2,63,0.0,2.2,9,-0.3441558230885083,-2.172914349309303
2017-05-02 10:00:00,26.5,63,0.0,1.4,360,8.572527594031472e-17,-1.4
2017-05-02 11:00:00,27.1,63,0.0,3.1,234,2.5079526825623373,1.8221342821066668
2017-05-02 12:00:00,27.9,62,0.0,5.1,219,3.209533994354171,3.963444403430551
2017-05-02 13:00:00,27.7,60,1.2,9.2,222,6.156001578501495,6.836932394392027
2017-05-02 14:00:00,25.0,77,4.1,6.2,260,6.10580806867569,1.0766187015349682
2017-05-02 15:00:00,24.7,77,3.9,2.5,180,1.5308084989341916e-16,2.5
2017-05-02 16:00:00,24.5,78,0.4,4.2,31,-2.163159914622229,-3.600102662948871
2017-05-02 17:00:00,24.4,80,0.0,5.6,27,-2.5423467985414625,-4.989636535454859
2017-05-02 18:00:00,23.7,85,0.0,4.6,45,-3.2526911934581193,-3.252691193458118
2017-05-02 19:00:00,22.3,91,0.0,4.8,77,-4.676976310969129,-1.0797650608505518
2017-05-02 20:00:00,23.0,85,0.0,4.0,95,-3.984778792366982,0.3486229709906328
2017-05-02 21:00:00,23.0,85,0.0,3.8,107,-3.633958072659535,1.111012477946399
2017-05-02 22:00:00,25.3,69,0.0,1.1,162,-0.3399186938124421,1.046162167924669
2017-05-02 23:00:00,24.6,73,0.0,3.4,198,1.0506577808748212,3.233592155403522
2017-05-03 00:00:00,22.0,83,0.0,6.3,156,-2.5624408513775414,5.755336383148386
2017-05-03 01:00:00,24.4,68,0.0,4.4,171,-0.6883116461770157,4.3458286986186065
2017-05-03 02:00:00,24.0,69,0.0,2.0,135,-1.414213562373095,1.4142135623730951
2017-05-03 03:00:00,23.3,72,0.0,2.3,72,-2.187429987478853,-0.7107390870623786
2017-05-03 04:00:00,21.8,80,0.0,3.3,103,-3.215421213791276,0.7423384793347552
2017-05-03 05:00:00,22.1,77,0.1,1.5,104,-1.4554435894139948,0.3628828433995016
2017-05-03 06:00:00,21.8,86,0.0,1.9,112,-1.7616493236768958,0.7117525274902332
2017-05-03 07:00:00,22.9,80,0.0,1.6,27,-0.7263847995832751,-1.4256104387013886
2017-05-03 08:00:00,24.0,80,0.0,5.4,352,0.7515347451843536,-5.34744757120448
2017-05-03 09:00:00,24.6,78,0.0,6.0,17,-1.7542302283364226,-5.7378285357782115
2017-05-03 10:00:00,25.7,75,0.0,5.2,12,-1.0811407922523508,-5.086367523815789
2017-05-03 11:00:00,26.5,71,0.0,4.0,350,0.6945927106677217,-3.939231012048832
2017-05-03 12:00:00,27.4,69,0.0,1.0,225,0.7071067811865476,0.7071067811865475
2017-05-03 13:00:00,28.3,68,0.0,3.3,276,3.2819222547153015,-0.3449439287832564
2017-05-03 14:00:00,24.7,81,4.9,4.5,346,1.0886485301985045,-4.366330768241984
2017-05-03 15:00:00,25.8,76,0.0,1.5,76,-1.4554435894139948,-0.3628828433995013
2017-05-03 16:00:00,26.1,77,0.0,2.8,310,2.1449244407331385,-1.7998053071223097
2017-05-03 17:00:00,25.1,77,0.8,1.5,14,-0.36288284339950166,-1.4554435894139948
2017-05-03 18:00:00,24.4,82,0.1,3.6,90,-3.6,4.4087284769304716e-16
2017-05-03 19:00:00,23.2,89,0.0,4.2,31,-2.163159914622229,-3.600102662948871
2017-05-03 20:00:00,22.6,91,0.0,4.3,85,-4.283637201794505,-0.37476969381492914
2017-05-03 21:00:00,22.5,88,0.0,2.9,120,-2.511473670974872,1.4499999999999997
2017-05-03 22:00:00,22.3,85,0.0,3.7,151,-1.793795594911447,3.236092916415765
2017-05-03 23:00:00,22.1,84,0.0,5.8,176,-0.4045875477159269,5.78587149150698
2017-05-04 00:00:00,21.9,84,0.0,6.5,180,3.9801020972288977e-16,6.5
2017-05-04 01:00:00,22.0,81,0.0,6.4,196,1.7640790772287946,6.1520748540052415
2017-05-04 02:00:00,22.5,76,0.0,5.1,184,0.35575801609503865,5.087576656325103
2017-05-04 03:00:00,22.8,74,0.0,4.2,160,-1.4364846019678086,3.9467090073008158
2017-05-04 04:00:00,21.0,82,0.0,4.1,142,-2.524212048835199,3.23084408978756
2017-05-04 05:00:00,20.4,84,0.0,5.0,150,-2.499999999999999,4.330127018922194
2017-05-04 06:00:00,21.9,81,0.0,3.1,144,-1.8221342821066664,2.5079526825623373
2017-05-04 07:00:00,23.8,77,0.0,2.2,189,0.34415582308850806,2.1729143493093033
2017-05-04 08:00:00,25.1,75,0.0,2.9,277,2.8783838397598336,-0.35342109587492765
2017-05-04 09:00:00,25.9,76,0.0,5.0,240,4.330127018922194,2.4999999999999996
2017-05-04 10:00:00,27.0,73,0.0,7.4,227,5.412017391981862,5.046787864462489
2017-05-04 11:00:00,27.7,70,0.0,8.2,218,5.048424097670398,6.46168817957512
2017-05-04 12:00:00,28.3,68,0.0,8.7,222,5.821436275322066,6.46535998165333
2017-05-04 13:00:00,28.4,67,0.1,10.5,229,7.924450592339106,6.888619804400326
2017-05-04 14:00:00,27.0,71,0.6,10.8,233,8.625263508510763,6.4996022500421216
2017-05-04 15:00:00,26.7,75,0.1,9.3,196,2.5634274090980926,8.939733772226367
2017-05-04 16:00:00,26.0,77,0.6,12.0,201,4.300415394543604,11.202965117966421
2017-05-04 17:00:00,25.7,79,0.1,7.6,199,2.474317973874391,7.185941174554807
2017-05-04 18:00:00,24.9,87,0.1,2.7,203,1.0549740469210391,2.485363104321589
2017-05-04 19:00:00,23.4,91,0.2,3.8,73,-3.6339580726595346,-1.1110124779463997
2017-05-04 20:00:00,23.2,89,0.0,4.1,105,-3.9602958877851795,1.0611580849203361
2017-05-04 21:00:00,24.1,83,0.0,1.9,158,-0.7117525274902329,1.761649323676896
2017-05-04 22:00:00,22.9,90,0.0,5.6,195,1.4493866525741161,5.4091846272187825
2017-05-04 23:00:00,22.9,89,0.0,4.4,145,-2.5237363199446032,3.6042689948715636
2017-05-05 00:00:00,24.3,78,0.0,2.1,149,-1.081579957311114,1.800051331474436
2017-05-05 01:00:00,22.0,87,0.0,4.2,110,-3.9467090073008153,1.4364846019678092
2017-05-05 02:00:00,24.5,74,0.0,2.1,149,-1.081579957311114,1.800051331474436
2017-05-05 03:00:00,22.7,81,0.0,4.7,171,-0.7352419856890848,4.6421352007971475
2017-05-05 04:00:00,23.6,77,0.0,3.8,287,3.6339580726595346,-1.1110124779463997
2017-05-05 05:00:00,20.9,91,0.0,5.6,63,-4.98963653545486,-2.542346798541461
2017-05-05 06:00:00,22.2,85,0.0,4.2,110,-3.9467090073008153,1.4364846019678092
2017-05-05 07:00:00,24.0,83,0.0,2.1,149,-1.081579957311114,1.800051331474436
2017-05-05 08:00:00,25.3,79,0.0,3.5,246,3.197409101749103,1.4235782507653008
2017-05-05 09:00:00,26.0,75,0.0,5.2,245,4.7128004925905795,2.197614961051637
2017-05-05 10:00:00,26.4,74,0.0,6.4,243,5.702441754805555,2.9055391983330994
2017-05-05 11:00:00,27.4,69,0.1,7.9,240,6.841600689897066,3.9499999999999997
2017-05-05 12:00:00,27.6,70,0.0,7.0,235,5.7340643100229425,4.015035054457322
2017-05-05 13:00:00,28.0,71,0.0,5.8,292,5.377666356487367,-2.1727182418122895
2017-05-05 14:00:00,25.5,79,1.1,2.3,141,-1.4474368994146256,1.7874357113510333
2017-05-05 15:00:00,26.5,74,0.0,5.4,110,-5.074340152243905,1.846908773958612
2017-05-05 16:00:00,26.8,75,0.0,4.6,309,3.5748714227020657,-2.8948737988292517
2017-05-05 17:00:00,23.7,84,2.5,6.0,123,-5.032023407672543,3.2678342100901636
2017-05-05 18:00:00,24.5,82,0.0,2.7,67,-2.485363104321589,-1.0549740469210387
2017-05-05 19:00:00,23.6,86,0.0,3.1,54,-2.5079526825623377,-1.8221342821066664
2017-05-05 20:00:00,23.7,86,0.0,3.7,101,-3.632020578756357,0.7059932828932164
2017-05-05 21:00:00,24.2,82,0.0,2.0,135,-1.414213562373095,1.4142135623730951
2017-05-05 22:00:00,23.8,82,0.0,4.3,132,-3.195522749552794,2.8772616073430908
2017-05-05 23:00:00,23.3,83,0.0,4.1,142,-2.524212048835199,3.23084408978756
2017-05-06 00:00:00,23.3,82,0.0,7.2,198,2.224922359499622,6.8476069173251055
2017-05-06 01:00:00,23.4,79,0.0,6.5,199,2.116193003971519,6.145870741395559
2017-05-06 02:00:00,22.9,81,0.0,5.6,243,4.98963653545486,2.5423467985414616
2017-05-06 03:00:00,23.1,80,0.2,4.0,190,0.6945927106677217,3.939231012048832
2017-05-06 04:00:00,22.5,84,0.0,3.3,186,0.3449439287832564,3.2819222547153015
2017-05-06 05:00:00,22.4,86,0.0,3.6,225,2.5455844122715714,2.545584412271571
2017-05-06 06:00:00,22.5,86,0.2,0.7000000000000001,90,-0.7000000000000001,8.572527594031473e-17
2017-05-06 07:00:00,23.1,87,0.0,0.5,315,0.3535533905932738,-0.35355339059327373
2017-05-06 08:00:00,24.9,82,0.0,4.5,299,3.935788682127281,-2.1816432911085166
2017-05-06 09:00:00,25.7,81,0.0,6.0,335,2.5357095704441965,-5.437846722219899
2017-05-06 10:00:00,26.5,78,0.0,5.4,360,3.3065463576978537e-16,-5.4
2017-05-06 11:00:00,26.9,81,0.1,8.6,327,4.683895701129233,-7.212566884330647
2017-05-06 12:00:00,27.0,77,0.3,7.4,321,4.656970893768798,-5.750880114781585
2017-05-06 13:00:00,25.5,79,1.5,6.4,43,-4.364789504399991,-4.6806636903626915
2017-05-06 14:00:00,25.8,82,0.0,6.1,360,3.735172737399427e-16,-6.1
2017-05-06 15:00:00,24.6,81,1.4,10.2,8,-1.4195656297926713,-10.100734301164016
2017-05-06 16:00:00,24.9,80,0.1,9.0,53,-7.187719590425635,-5.4163352083684355
2017-05-06 17:00:00,25.3,78,0.0,6.5,3,-0.340183715579138,-6.49109197590473
2017-05-06 18:00:00,24.2,88,0.0,4.3,360,2.632990618166809e-16,-4.3
2017-05-06 19:00:00,22.4,94,0.0,5.4,37,-3.2498011250210608,-4.312631754255381
2017-05-06 20:00:00,22.9,90,0.0,6.1,45,-4.31335136523794,-4.313351365237939
2017-05-06 21:00:00,23.1,88,0.0,5.4,37,-3.2498011250210608,-4.312631754255381
2017-05-06 22:00:00,23.6,84,0.0,3.9,34,-2.1808523235359116,-3.233246532964663
2017-05-06 23:00:00,22.8,88,0.0,4.8,13,-1.0797650608505531,-4.6769763109691285
2017-05-07 00:00:00,22.6,88,0.0,4.7,58,-3.9858260519352027,-2.4906205418960625
2017-05-07 01:00:00,22.4,88,0.0,3.9,34,-2.1808523235359116,-3.233246532964663
2017-05-07 02:00:00,21.7,91,0.0,2.3,51,-1.7874357113510326,-1.4474368994146265
2017-05-07 03:00:00,21.7,88,0.0,2.5,98,-2.475670171853926,0.3479327524001633
2017-05-07 04:00:00,22.0,84,0.0,1.1,90,-1.1,1.3471114790620887e-16
2017-05-07 05:00:00,22.1,81,0.0,1.6,153,-0.7263847995832747,1.4256104387013888
2017-05-07 06:00:00,21.5,92,0.0,1.6,297,1.4256104387013888,-0.7263847995832748
2017-05-07 07:00:00,22.0,91,0.0,2.3,342,0.7107390870623791,-2.1874299874788528
2017-05-07 08:00:00,24.1,83,0.0,3.7,331,1.7937955949114475,-3.2360929164157644
2017-05-07 09:00:00,25.6,77,0.0,2.8,310,2.1449244407331385,-1.7998053071223097
2017-05-07 10:00:00,26.8,72,0.0,4.9,287,4.685893304218874,-1.4326213531414103
2017-05-07 11:00:00,27.6,70,0.1,4.1,285,3.96029588778518,-1.061158084920335
2017-05-07 12:00:00,28.0,67,0.2,4.0,280,3.939231012048832,-0.6945927106677213
2017-05-07 13:00:00,28.1,70,0.3,4.9,306,3.9641832724372428,-2.8801477362331185
2017-05-07 14:00:00,28.0,75,0.0,7.1,330,3.5500000000000007,-6.148780366869514
2017-05-07 15:00:00,27.0,75,0.9,4.7,351,0.7352419856890854,-4.6421352007971475
2017-05-07 16:00:00,27.2,73,0.1,4.2,301,3.600102662948872,-2.1631599146222276
2017-05-07 17:00:00,26.6,75,0.2,4.0,270,4.0,0.0
2017-05-07 18:00:00,25.2,85,0.6,4.5,194,1.0886485301985045,4.366330768241984
2017-05-07 19:00:00,23.9,90,0.0,3.3,186,0.3449439287832564,3.2819222547153015
2017-05-07 20:00:00,23.1,92,0.0,5.4,200,1.8469087739586119,5.074340152243905
2017-05-07 21:00:00,23.2,89,0.0,4.8,167,-1.079765060850552,4.676976310969129
2017-05-07 22:00:00,23.0,89,0.0,6.2,190,1.0766187015349686,6.10580806867569
2017-05-07 23:00:00,22.7,91,0.0,5.4,180,3.3065463576978537e-16,5.4
2017-05-08 00:00:00,22.5,89,0.1,5.4,188,0.7515347451843536,5.34744757120448
2017-05-08 01:00:00,22.6,87,0.1,4.7,189,0.7352419856890854,4.6421352007971475
2017-05-08 02:00:00,22.6,86,0.0,4.3,185,0.37476969381492997,4.283637201794505
2017-05-08 03:00:00,22.0,87,0.0,5.1,176,-0.35575801609503915,5.087576656325103
2017-05-08 04:00:00,23.8,76,0.0,3.0,194,0.725765686799003,2.9108871788279895
2017-05-08 05:00:00,22.4,83,0.0,3.9,112,-3.6160170328104706,1.4609657143220578
2017-05-08 06:00:00,23.2,82,0.0,2.1,121,-1.8000513314744357,1.0815799573111142
2017-05-08 07:00:00,24.5,75,0.0,1.8,270,1.8,0.0
2017-05-08 08:00:00,25.3,78,0.0,4.4,235,3.604268994871564,2.523736319944603
2017-05-08 09:00:00,26.4,75,0.0,5.9,223,4.023790324368742,4.314986839553106
2017-05-08 10:00:00,27.0,75,0.0,7.6,225,5.374011537017761,5.37401153701776
2017-05-08 11:00:00,27.6,75,0.0,8.3,236,6.881011852206846,4.6413010988072
2017-05-08 12:00:00,27.6,77,0.1,7.4,203,2.8914103508206255,6.811735915548059
2017-05-08 13:00:00,25.9,80,4.0,9.4,266,9.377102072442348,0.6557108531947778
2017-05-08 14:00:00,25.7,81,1.5,5.9,142,-3.6324027044213842,4.64926344627966
2017-05-08 15:00:00,26.3,77,0.0,7.6,185,0.6623836448822018,7.571079705497266
2017-05-08 16:00:00,26.9,73,0.1,7.8,202,2.9219314286441134,7.232034065620942
2017-05-08 17:00:00,24.6,81,0.3,11.7,214,6.542556970607737,9.699739598893988
2017-05-08 18:00:00,24.2,84,0.0,5.0,150,-2.499999999999999,4.330127018922194
2017-05-08 19:00:00,23.3,87,0.0,4.1,165,-1.0611580849203355,3.96029588778518
2017-05-08 20:00:00,23.4,85,0.0,5.4,160,-1.8469087739586112,5.074340152243906
2017-05-08 21:00:00,23.9,81,0.0,7.2,162,-2.224922359499621,6.847606917325106
2017-05-08 22:00:00,23.8,81,0.0,6.4,164,-1.764079077228794,6.1520748540052415
2017-05-08 23:00:00,23.4,83,0.0,6.3,167,-1.4171916423663498,6.1385314081469815
2017-05-09 00:00:00,22.9,86,0.0,5.8,173,-0.7068421917498547,5.756767679519668
2017-05-09 01:00:00,22.1,90,0.0,6.5,180,3.9801020972288977e-16,6.5
2017-05-09 02:00:00,22.5,86,0.0,5.9,169,-1.1257730727216144,5.791600382341218
2017-05-09 03:00:00,23.7,79,0.0,1.9,112,-1.7616493236768958,0.7117525274902332
2017-05-09 04:00:00,20.9,88,0.0,3.6,84,-3.580278823325784,-0.3763024677635526
2017-05-09 05:00:00,21.4,81,0.0,4.0,100,-3.939231012048832,0.6945927106677211
2017-05-09 06:00:00,22.2,76,0.0,3.5,114,-3.197409101749103,1.4235782507653014
2017-05-09 07:00:00,24.3,73,0.0,1.6,297,1.4256104387013888,-0.7263847995832748
2017-05-09 08:00:00,25.1,75,0.0,4.6,231,3.5748714227020657,2.8948737988292517
2017-05-09 09:00:00,26.5,75,0.0,4.1,255,3.96029588778518,1.061158084920335
2017-05-09 10:00:00,27.6,72,0.0,4.6,231,3.5748714227020657,2.8948737988292517
2017-05-09 11:00:00,28.5,67,0.8,9.9,237,8.302838622659698,5.391926446648768
2017-05-09 12:00:00,25.6,74,8.6,7.9,309,6.139453095510071,-4.971631089293716
2017-05-09 13:00:00,25.8,76,0.6,4.5,166,-1.088648530198505,4.366330768241984
2017-05-09 14:00:00,25.7,78,0.0,6.9,223,4.70578868443124,5.046340541172277
2017-05-09 15:00:00,26.3,80,0.0,3.5,294,3.197409101749103,-1.4235782507653008
2017-05-09 16:00:00,26.1,78,2.8,3.3,319,2.1649947956686737,-2.4905416147351476
2017-05-09 17:00:00,24.5,81,5.0,2.6,164,-0.7166571251241975,2.499280409439629
2017-05-09 18:00:00,24.0,84,0.0,5.9,104,-5.7247447850283795,1.4273391840380396
2017-05-09 19:00:00,23.3,85,0.0,6.5,84,-6.4643923198937765,-0.6794350112397477
2017-05-09 20:00:00,23.8,85,0.0,5.1,98,-5.050367150582009,0.7097828148963331
2017-05-09 21:00:00,23.7,83,0.0,3.9,112,-3.6160170328104706,1.4609657143220578
2017-05-09 22:00:00,23.2,83,0.0,4.7,122,-3.9858260519352022,2.490620541896063
2017-05-09 23:00:00,26.5,64,0.0,1.9,158,-0.7117525274902329,1.761649323676896
2017-05-10 00:00:00,25.8,67,0.0,1.9,202,0.7117525274902327,1.761649323676896
2017-05-10 01:00:00,24.9,71,0.0,2.1,31,-1.0815799573111144,-1.8000513314744355
2017-05-10 02:00:00,22.0,82,0.0,6.4,43,-4.364789504399991,-4.6806636903626915
2017-05-10 03:00:00,21.6,82,0.0,5.9,47,-4.314986839553106,-4.023790324368741
2017-05-10 04:00:00,20.9,82,0.0,4.2,110,-3.9467090073008153,1.4364846019678092
2017-05-10 05:00:00,22.0,74,0.0,3.6,143,-2.1665340833473743,2.8750878361702537
2017-05-10 06:00:00,22.5,80,0.0,4.7,184,0.3278554265973886,4.688551036221174
2017-05-10 07:00:00,24.1,74,0.0,3.5,204,1.4235782507653008,3.197409101749103
2017-05-10 08:00:00,24.9,77,0.0,1.8,270,1.8,0.0
2017-05-10 09:00:00,26.1,73,0.0,3.3,347,0.7423384793347542,-3.2154212137912763
2017-05-10 10:00:00,27.2,70,0.0,2.4,333,1.0895771993749124,-2.138415658052083
2017-05-10 11:00:00,28.0,66,0.0,3.1,306,2.5079526825623373,-1.8221342821066668
2017-05-10 12:00:00,28.8,63,0.0,3.9,292,3.616017032810471,-1.460965714322057
2017-05-10 13:00:00,29.0,61,0.0,4.4,305,3.604268994871564,-2.523736319944603
2017-05-10 14:00:00,28.0,69,0.0,7.4,317,5.046787864462489,-5.412017391981862
2017-05-10 15:00:00,27.8,69,0.8,0.4,90,-0.4,4.898587196589413e-17
2017-05-10 16:00:00,27.4,70,0.4,3.9,236,3.2332465329646625,2.180852323535913
2017-05-10 17:00:00,26.6,75,0.1,2.6,304,2.1554976886431083,-1.453901549023942
2017-05-10 18:00:00,25.8,87,0.0,1.9,22,-0.7117525274902333,-1.7616493236768958
2017-05-10 19:00:00,25.7,81,0.0,2.3,18,-0.7107390870623793,-2.1874299874788528
2017-05-10 20:00:00,25.5,81,0.0,3.2,333,1.45276959916655,-2.851220877402777
2017-05-10 21:00:00,24.6,89,0.0,3.1,69,-2.8940993221413254,-1.1109406435904314
2017-05-10 22:00:00,25.1,82,0.0,2.1,59,-1.800051331474436,-1.0815799573111138
2017-05-10 23:00:00,24.0,87,0.0,1.5,104,-1.4554435894139948,0.3628828433995016
2017-05-11 00:00:00,23.9,86,0.0,4.2,160,-1.4364846019678086,3.9467090073008158
2017-05-11 01:00:00,23.6,88,0.0,4.2,211,2.1631599146222276,3.600102662948872
2017-05-11 02:00:00,23.8,87,0.0,3.7,169,-0.7059932828932158,3.632020578756357
2017-05-11 03:00:00,24.4,81,0.0,0.8,117,-0.7128052193506943,0.36319239979163753
2017-05-11 04:00:00,24.0,84,0.0,1.1,108,-1.0461621679246689,0.3399186938124423
2017-05-11 05:00:00,24.1,82,0.0,2.1,149,-1.081579957311114,1.800051331474436
2017-05-11 06:00:00,23.7,87,0.0,1.8,143,-1.0832670416736871,1.4375439180851268
2017-05-11 07:00:00,24.4,85,0.0,1.0,315,0.7071067811865476,-0.7071067811865475
2017-05-11 08:00:00,25.7,82,0.0,1.8,307,1.437543918085127,-1.083267041673687
2017-05-11 09:00:00,25.9,82,0.0,3.3,264,3.2819222547153015,0.3449439287832564
2017-05-11 10:00:00,26.0,79,0.0,3.6,233,2.875087836170254,2.166534083347374
2017-05-11 11:00:00,27.1,71,0.0,2.9,180,1.7757378587636622e-16,2.9
2017-05-11 12:00:00,28.1,67,0.0,1.1,162,-0.3399186938124421,1.046162167924669
2017-05-11 13:00:00,28.4,69,0.1,2.9,300,2.511473670974872,-1.4499999999999997
2017-05-11 14:00:00,26.2,78,1.7000000000000002,3.9,34,-2.1808523235359116,-3.233246532964663
2017-05-11 15:00:00,26.1,79,0.0,3.1,339,1.1109406435904312,-2.8940993221413254
2017-05-11 16:00:00,25.8,81,0.0,1.9,22,-0.7117525274902333,-1.7616493236768958
2017-05-11 17:00:00,25.9,80,0.0,0.7000000000000001,90,-0.7000000000000001,8.572527594031473e-17
2017-05-11 18:00:00,25.3,84,0.0,3.2,117,-2.851220877402777,1.4527695991665501
2017-05-11 19:00:00,24.7,87,0.0,3.4,108,-3.233592155403522,1.0506577808748214
2017-05-11 20:00:00,24.6,88,0.0,2.0,135,-1.414213562373095,1.4142135623730951
2017-05-11 21:00:00,24.7,84,0.0,3.1,159,-1.1109406435904308,2.8940993221413254
2017-05-11 22:00:00,23.9,87,0.0,4.9,163,-1.4326213531414098,4.685893304218874
2017-05-11 23:00:00,23.8,86,0.0,5.5,169,-1.0494494745709964,5.3989495089621515
2017-05-12 00:00:00,23.4,87,0.0,6.1,180,3.735172737399427e-16,6.1
2017-05-12 01:00:00,23.6,85,0.0,5.1,172,-0.7097828148963332,5.050367150582009
2017-05-12 02:00:00,23.5,85,0.0,5.4,180,3.3065463576978537e-16,5.4
2017-05-12 03:00:00,23.3,84,0.0,4.7,157,-1.8364363038995868,4.326372811226469
2017-05-12 04:00:00,23.8,79,0.0,3.2,153,-1.4527695991665495,2.8512208774027776
2017-05-12 05:00:00,25.1,73,0.0,1.5,135,-1.0606601717798212,1.0606601717798214
2017-05-12 06:00:00,24.1,83,0.0,2.3,108,-2.1874299874788528,0.7107390870623792
2017-05-12 07:00:00,25.7,76,0.0,1.5,45,-1.0606601717798214,-1.0606601717798212
2017-05-12 08:00:00,25.8,80,0.0,1.8,323,1.0832670416736871,-1.437543918085127
2017-05-12 09:00:00,26.8,77,0.0,2.4,243,2.138415658052083,1.0895771993749122
2017-05-12 10:00:00,27.5,74,0.0,6.0,205,2.5357095704441965,5.437846722219899
2017-05-12 11:00:00,28.4,69,0.0,7.8,214,4.361704647071825,6.466493065929326
2017-05-12 12:00:00,29.2,68,0.0,12.4,216,7.288537128426667,10.031810730249349
2017-05-12 13:00:00,29.7,64,0.0,12.9,207,5.856477446640154,11.493984162029944
2017-05-12 14:00:00,30.5,57,0.0,16.5,216,9.698456662825807,13.348780407186633
2017-05-12 15:00:00,30.3,57,0.0,18.7,214,10.456907294902965,15.50300260677928
2017-05-12 16:00:00,28.4,65,0.0,16.7,237,14.005798484688581,9.095471884750951
2017-05-12 17:00:00,28.0,71,0.0,5.0,210,2.5000000000000004,4.330127018922193
2017-05-12 18:00:00,25.7,81,2.5,7.4,104,-7.180188374442374,1.7902220274375413
2017-05-12 19:00:00,24.8,78,0.1,9.5,119,-8.30888721782426,4.605691392340203
2017-05-12 20:00:00,25.2,79,0.0,3.3,131,-2.4905416147351476,2.1649947956686737
2017-05-12 21:00:00,25.0,82,0.0,4.6,162,-1.4214781741247577,4.374859974957706
2017-05-12 22:00:00,25.1,79,0.0,5.4,188,0.7515347451843536,5.34744757120448
2017-05-12 23:00:00,23.6,87,0.0,5.2,146,-2.907803098047883,4.3109953772862175
2017-05-13 00:00:00,22.9,87,0.0,6.1,152,-2.8637765329939344,5.385980316439453
2017-05-13 01:00:00,23.6,78,0.0,7.2,143,-4.333068166694749,5.750175672340507
2017-05-13 02:00:00,22.4,81,0.0,6.9,171,-1.0793978087775926,6.815049550106451
2017-05-13 03:00:00,22.6,78,0.0,6.0,163,-1.75423022833642,5.737828535778213
2017-05-13 04:00:00,23.4,74,0.0,6.5,183,0.3401837155791358,6.49109197590473
2017-05-13 05:00:00,22.3,82,0.0,7.7,169,-1.469229264399395,7.558529312547013
2017-05-13 06:00:00,24.0,78,0.0,1.8,127,-1.4375439180851273,1.0832670416736867
2017-05-13 07:00:00,25.4,72,0.0,3.7,241,3.2360929164157644,1.7937955949114472
2017-05-13 08:00:00,25.3,75,1.1,5.2,295,4.7128004925905795,-2.197614961051637
2017-05-13 09:00:00,25.5,82,0.0,4.0,297,3.5640260967534716,-1.815961998958187
2017-05-13 10:00:00,26.8,80,0.1,6.3,193,1.4171916423663489,6.1385314081469815
2017-05-13 11:00:00,27.4,76,0.1,8.9,227,6.509047944410617,6.069785404556237
2017-05-13 12:00:00,26.3,77,4.3,11.3,239,9.68599049793387,5.8199302464836125
2017-05-13 13:00:00,25.6,79,7.0,10.6,208,4.976398565530443,9.359244484304625
2017-05-13 14:00:00,25.3,80,2.1,5.7,145,-3.269385687200963,4.669166652447252
2017-05-13 15:00:00,25.8,80,0.1,3.7,209,1.7937955949114475,3.2360929164157644
2017-05-13 16:00:00,26.2,79,0.1,1.4,270,1.4,0.0
2017-05-13 17:00:00,25.3,87,0.2,2.7,337,1.0549740469210391,-2.485363104321589
2017-05-13 18:00:00,24.6,91,0.1,3.3,77,-3.2154212137912763,-0.7423384793347544
2017-05-13 19:00:00,24.2,89,0.0,3.7,61,-3.236092916415765,-1.7937955949114468
2017-05-13 20:00:00,26.2,70,0.1,0.8,153,-0.36319239979163737,0.7128052193506944
2017-05-13 21:00:00,25.0,77,0.2,4.1,135,-2.8991378028648445,2.899137802864845
2017-05-13 22:00:00,24.3,81,0.2,4.6,219,2.894873798829252,3.5748714227020657
2017-05-13 23:00:00,23.9,87,0.0,4.5,194,1.0886485301985045,4.366330768241984
2017-05-14 00:00:00,24.2,78,0.0,6.7,164,-1.8467702839738938,6.440453362786736
2017-05-14 01:00:00,23.9,69,0.0,6.1,183,0.3192493330819582,6.0916401620029
2017-05-14 02:00:00,22.8,79,0.0,5.1,274,5.087576656325103,-0.35575801609503904
2017-05-14 03:00:00,21.9,95,0.0,4.0,5,-0.348622970990633,-3.984778792366982
2017-05-14 04:00:00,21.9,93,0.3,4.5,76,-4.366330768241984,-1.0886485301985038
2017-05-14 05:00:00,20.9,95,0.9,5.0,60,-4.330127018922193,-2.5000000000000004
2017-05-14 06:00:00,22.5,88,0.0,4.1,45,-2.8991378028648453,-2.8991378028648445
2017-05-14 07:00:00,23.2,88,0.0,1.3,34,-0.7269507745119705,-1.0777488443215544
2017-05-14 08:00:00,24.3,83,0.0,5.9,14,-1.42733918403804,-5.7247447850283795
2017-05-14 09:00:00,25.6,78,0.0,7.1,15,-1.8376152202278964,-6.858073366652385
2017-05-14 10:00:00,26.6,73,0.0,6.9,9,-1.0793978087775942,-6.81504955010645
2017-05-14 11:00:00,27.3,71,0.0,5.2,335,2.197614961051637,-4.7128004925905795
2017-05-14 12:00:00,27.7,71,0.0,1.0,315,0.7071067811865476,-0.7071067811865475
2017-05-14 13:00:00,27.9,71,0.1,1.8,233,1.437543918085127,1.083267041673687
2017-05-14 14:00:00,28.7,67,0.0,4.0,180,2.4492935982947064e-16,4.0
2017-05-14 15:00:00,27.3,70,3.7,11.6,240,10.045894683899489,5.799999999999999
2017-05-14 16:00:00,25.1,79,2.0,7.4,133,-5.412017391981862,5.04678786446249
2017-05-14 17:00:00,24.7,82,0.3,8.2,337,3.203995253612044,-7.54813979831001
2017-05-14 18:00:00,24.0,85,0.0,5.6,63,-4.98963653545486,-2.542346798541461
2017-05-14 19:00:00,23.2,92,0.0,2.8,40,-1.7998053071223103,-2.144924440733138
2017-05-14 20:00:00,23.3,90,0.1,3.4,122,-2.883363526931848,1.8017254983928965
2017-05-14 21:00:00,23.6,83,0.0,1.4,90,-1.4,1.7145055188062944e-16
2017-05-14 22:00:00,23.0,83,0.0,3.9,124,-3.2332465329646625,2.180852323535913
2017-05-14 23:00:00,22.7,82,0.0,5.4,172,-0.7515347451843529,5.34744757120448
2017-05-15 00:00:00,22.8,82,0.0,5.2,164,-1.433314250248395,4.998560818879258
2017-05-15 01:00:00,22.5,82,0.0,4.7,148,-2.4906205418960625,3.9858260519352027
2017-05-15 02:00:00,24.0,73,0.0,2.9,120,-2.511473670974872,1.4499999999999997
2017-05-15 03:00:00,24.4,69,0.0,2.3,162,-0.7107390870623789,2.187429987478853
2017-05-15 04:00:00,23.8,72,0.0,3.8,229,2.8678964048465336,2.4930243101639276
2017-05-15 05:00:00,22.9,80,0.0,3.6,217,2.1665340833473743,2.875087836170254
2017-05-15 06:00:00,21.8,90,0.1,2.1,301,1.800051331474436,-1.0815799573111138
2017-05-15 07:00:00,22.6,87,0.0,2.5,82,-2.475670171853926,-0.3479327524001638
2017-05-15 08:00:00,24.7,77,0.0,1.9,292,1.761649323676896,-0.7117525274902328
2017-05-15 09:00:00,26.2,72,0.0,3.1,234,2.5079526825623373,1.8221342821066668
2017-05-15 10:00:00,27.2,71,0.0,5.1,225,3.6062445840513924,3.606244584051392
2017-05-15 11:00:00,27.5,71,0.0,6.1,220,3.92100441908789,4.6728711030257655
2017-05-15 12:00:00,28.7,67,0.1,6.3,283,6.1385314081469815,-1.4171916423663495
2017-05-15 13:00:00,24.4,83,13.0,11.3,143,-6.800509761618147,9.024581263534408
2017-05-15 14:00:00,26.1,75,0.1,6.4,207,2.9055391983331,5.702441754805554
2017-05-15 15:00:00,25.5,81,1.5,4.4,215,2.5237363199446032,3.604268994871564
2017-05-15 16:00:00,24.4,82,7.8,1.8,180,1.1021821192326179e-16,1.8
2017-05-15 17:00:00,24.0,86,1.5,6.7,164,-1.8467702839738938,6.440453362786736
2017-05-15 18:00:00,23.2,90,1.8,6.0,213,3.2678342100901627,5.032023407672544
2017-05-15 19:00:00,22.9,93,0.8,5.0,240,4.330127018922194,2.4999999999999996
2017-05-15 20:00:00,22.6,96,0.9,5.4,180,3.3065463576978537e-16,5.4
2017-05-15 21:00:00,22.7,95,0.7000000000000001,2.2,279,2.1729143493093033,-0.34415582308850795
2017-05-15 22:00:00,22.4,95,1.1,3.4,162,-1.050657780874821,3.2335921554035223
2017-05-15 23:00:00,22.6,95,3.1,3.5,204,1.4235782507653008,3.197409101749103
2017-05-16 00:00:00,22.3,97,1.4,3.5,246,3.197409101749103,1.4235782507653008
2017-05-16 01:00:00,22.3,96,0.4,1.3,34,-0.7269507745119705,-1.0777488443215544
2017-05-16 02:00:00,22.1,97,0.6,2.8,50,-2.1449244407331385,-1.7998053071223097
2017-05-16 03:00:00,22.4,94,2.8,1.8,169,-0.34345619167778063,1.7669289302057951
2017-05-16 04:00:00,22.1,96,4.5,3.7,299,3.2360929164157644,-1.7937955949114472
2017-05-16 05:00:00,21.9,96,3.6,4.0,27,-1.8159619989581877,-3.564026096753471
2017-05-16 06:00:00,21.8,96,3.7,3.9,338,1.4609657143220567,-3.616017032810471
2017-05-16 07:00:00,21.9,94,2.0,3.3,49,-2.490541614735148,-2.1649947956686733
2017-05-16 08:00:00,22.7,91,1.3,4.8,347,1.0797650608505516,-4.676976310969129
2017-05-16 09:00:00,22.7,92,4.0,1.1,360,6.735557395310444e-17,-1.1
2017-05-16 10:00:00,22.7,90,8.8,2.5,172,-0.3479327524001634,2.475670171853926
2017-05-16 11:00:00,22.0,94,7.8,2.8,320,1.7998053071223101,-2.1449244407331385
2017-05-16 12:00:00,23.1,90,4.5,1.5,45,-1.0606601717798214,-1.0606601717798212
2017-05-16 13:00:00,23.7,88,2.4,1.3,146,-0.7269507745119708,1.0777488443215544
2017-05-16 14:00:00,23.2,91,2.8,9.0,233,7.187719590425635,5.416335208368435
2017-05-16 15:00:00,22.2,95,5.8,6.4,254,6.1520748540052415,1.7640790772287946
2017-05-16 16:00:00,21.6,99,3.2,8.2,319,5.379684037722159,-6.18861855782673
2017-05-16 17:00:00,21.4,99,3.2,12.4,343,3.625409138561936,-11.858178973941639
2017-05-16 18:00:00,21.1,100,5.9,11.5,360,7.041719095097281e-16,-11.5
2017-05-16 19:00:00,21.2,98,4.6,11.3,31,-5.819930246483616,-9.685990497933867
2017-05-16 20:00:00,20.8,88,0.5,6.6,41,-4.329989591337347,-4.981083229470295
2017-05-16 21:00:00,20.8,90,0.5,6.0,335,2.5357095704441965,-5.437846722219899
2017-05-16 22:00:00,20.1,97,0.8,5.3,332,2.4881992827652213,-4.679622242152313
2017-05-16 23:00:00,19.3,99,0.5,4.7,328,2.490620541896063,-3.9858260519352022
2017-05-17 00:00:00,19.4,98,1.0,2.3,129,-1.7874357113510329,1.4474368994146258
2017-05-17 01:00:00,19.9,96,0.7000000000000001,2.3,252,2.1874299874788528,0.710739087062379
2017-05-17 02:00:00,19.3,98,0.1,5.5,337,2.1490212066910055,-5.062776693988422
2017-05-17 03:00:00,19.2,98,0.0,4.3,360,2.632990618166809e-16,-4.3
2017-05-17 04:00:00,19.1,98,0.0,4.0,5,-0.348622970990633,-3.984778792366982
2017-05-17 05:00:00,19.0,98,0.0,2.5,8,-0.3479327524001646,-2.475670171853926
2017-05-17 06:00:00,19.5,97,0.0,2.5,45,-1.7677669529663693,-1.7677669529663687
2017-05-17 07:00:00,20.2,93,0.0,2.5,360,1.5308084989341916e-16,-2.5
2017-05-17 08:00:00,21.2,91,0.0,6.4,227,4.6806636903626915,4.36478950439999
2017-05-17 09:00:00,22.0,87,0.0,7.7,208,3.61493103345136,6.798696465013737
2017-05-17 10:00:00,22.2,88,0.0,10.5,196,2.8941922360784913,10.093247807352348
2017-05-17 11:00:00,23.8,80,0.0,11.6,206,5.085105302753298,10.426010937070338
2017-05-17 12:00:00,24.6,79,0.0,8.6,202,3.2216167033768426,7.973781149274371
2017-05-17 13:00:00,25.4,76,0.0,5.2,214,2.9078030980478835,4.3109953772862175
2017-05-17 14:00:00,25.8,77,0.0,3.6,233,2.875087836170254,2.166534083347374
2017-05-17 15:00:00,25.2,81,0.0,2.8,230,2.1449244407331385,1.7998053071223097
2017-05-17 16:00:00,24.8,84,0.1,5.8,202,2.1727182418122895,5.377666356487367
2017-05-17 17:00:00,23.4,85,0.7000000000000001,8.7,187,1.060263287624783,8.6351515192795
2017-05-17 18:00:00,22.9,88,0.1,5.0,210,2.5000000000000004,4.330127018922193
2017-05-17 19:00:00,22.0,94,0.1,3.0,166,-0.7257656867990033,2.9108871788279895
2017-05-17 20:00:00,21.9,90,0.3,5.6,153,-2.542346798541461,4.98963653545486
2017-05-17 21:00:00,22.0,86,0.2,7.9,141,-4.971631089293715,6.1394530955100715
2017-05-17 22:00:00,22.2,83,0.0,6.8,162,-2.101315561749642,6.467184310807045
2017-05-17 23:00:00,22.4,80,0.0,6.2,170,-1.076618701534968,6.10580806867569
2017-05-18 00:00:00,22.1,81,0.0,5.0,201,1.791839747726502,4.667902132486009
2017-05-18 01:00:00,21.5,85,0.0,5.8,210,2.9000000000000004,5.0229473419497435
2017-05-18 02:00:00,21.2,86,0.0,3.5,66,-3.197409101749103,-1.4235782507653008
2017-05-18 03:00:00,21.2,84,0.0,5.7,55,-4.669166652447253,-3.269385687200963
2017-05-18 04:00:00,23.1,73,0.0,3.0,346,0.725765686799003,-2.9108871788279895
2017-05-18 05:00:00,20.9,90,0.0,4.8,347,1.0797650608505516,-4.676976310969129
2017-05-18 06:00:00,21.8,87,0.0,4.6,72,-4.374859974957706,-1.4214781741247573
2017-05-18 07:00:00,22.8,85,0.0,7.2,6,-0.7526049355271042,-7.160557646651569
2017-05-18 08:00:00,23.7,81,0.0,3.4,342,1.0506577808748212,-3.233592155403522
2017-05-18 09:00:00,24.9,77,0.0,2.9,360,1.7757378587636622e-16,-2.9
2017-05-18 10:00:00,25.7,76,0.0,4.3,312,3.195522749552795,-2.8772616073430903
2017-05-18 11:00:00,26.2,75,0.0,4.3,270,4.3,0.0
2017-05-18 12:00:00,26.3,76,0.0,2.1,211,1.0815799573111138,1.800051331474436
2017-05-18 13:00:00,26.5,77,0.3,2.9,120,-2.511473670974872,1.4499999999999997
2017-05-18 14:00:00,26.5,75,0.7000000000000001,4.3,138,-2.8772616073430903,3.195522749552795
2017-05-18 15:00:00,26.6,74,0.1,3.1,216,1.8221342821066668,2.5079526825623373
2017-05-18 16:00:00,25.2,79,0.5,7.7,191,1.4692292643993958,7.558529312547013
2017-05-18 17:00:00,25.2,78,0.1,1.3,146,-0.7269507745119708,1.0777488443215544
2017-05-18 18:00:00,24.5,84,0.0,1.1,72,-1.046162167924669,-0.33991869381244205
2017-05-18 19:00:00,23.2,93,0.0,3.6,53,-2.875087836170254,-2.1665340833473743
2017-05-18 20:00:00,23.4,89,0.0,4.2,149,-2.163159914622228,3.600102662948872
2017-05-18 21:00:00,23.8,86,0.0,8.4,173,-1.0237024846032379,8.337387673787106
2017-05-18 22:00:00,23.7,85,0.0,9.9,190,1.7191169589026112,9.74959675482086
2017-05-18 23:00:00,23.5,84,0.0,10.0,193,2.249510543438649,9.743700647852352
2017-05-19 00:00:00,23.1,84,0.0,9.0,182,0.31409547032250973,8.994517443171862
2017-05-19 01:00:00,22.2,87,0.0,5.9,191,1.125773072721615,5.791600382341218
2017-05-19 02:00:00,22.5,82,0.3,5.2,155,-2.1976149610516367,4.71280049259058
2017-05-19 03:00:00,21.6,87,0.0,3.3,131,-2.4905416147351476,2.1649947956686737
2017-05-19 04:00:00,22.4,81,0.0,3.1,54,-2.5079526825623377,-1.8221342821066664
2017-05-19 05:00:00,21.6,86,0.0,5.2,34,-2.907803098047882,-4.3109953772862175
2017-05-19 06:00:00,22.5,84,0.0,3.7,61,-3.236092916415765,-1.7937955949114468
2017-05-19 07:00:00,23.2,83,0.4,5.8,60,-5.0229473419497435,-2.9000000000000004
2017-05-19 08:00:00,23.6,84,0.0,6.9,242,6.092338390726597,3.2393537832226467
2017-05-19 09:00:00,23.8,78,0.0,5.9,169,-1.1257730727216144,5.791600382341218
2017-05-19 10:00:00,25.2,67,0.0,4.0,175,-0.34862297099063294,3.984778792366982
2017-05-19 11:00:00,25.0,69,0.0,4.5,241,3.935788682127281,2.1816432911085166
2017-05-19 12:00:00,25.7,66,0.0,5.2,236,4.310995377286217,2.907803098047884
2017-05-19 13:00:00,25.5,70,0.0,2.8,230,2.1449244407331385,1.7998053071223097
2017-05-19 14:00:00,25.5,71,0.0,3.2,27,-1.4527695991665501,-2.851220877402777
2017-05-19 15:00:00,25.3,74,0.0,7.0,12,-1.4553818357243185,-6.847033205136639
2017-05-19 16:00:00,24.9,78,0.0,8.7,17,-2.5436338310878126,-8.319851376878407
2017-05-19 17:00:00,24.1,82,0.0,10.6,24,-4.311408416603481,-9.68358185101157
2017-05-19 18:00:00,23.5,85,0.0,8.9,14,-2.1531048708370433,-8.635631963856369
2017-05-19 19:00:00,22.8,90,1.7000000000000002,6.2,353,0.7555899291119145,-6.153786140176196
2017-05-19 20:00:00,22.9,83,1.2,9.1,9,-1.4235536318661024,-8.987963899415753
2017-05-19 21:00:00,22.4,84,0.3,12.2,24,-4.962187045524761,-11.145254583239732
2017-05-19 22:00:00,22.1,83,0.6,12.9,27,-5.856477446640155,-11.493984162029944
2017-05-19 23:00:00,21.3,84,0.2,13.4,5,-1.1678869528186206,-13.34900895442939
2017-05-20 00:00:00,20.7,83,0.0,11.9,35,-6.825559592577452,-9.747909327039
2017-05-20 01:00:00,20.9,82,0.3,10.5,22,-3.933369230867079,-9.735430472951267
2017-05-20 02:00:00,20.6,83,0.9,13.0,24,-5.287576359985401,-11.876090949353813
2017-05-20 03:00:00,20.7,83,0.3,12.9,30,-6.4500000000000055,-11.171727708819255
2017-05-20 04:00:00,20.3,88,0.8,9.1,18,-2.8120546488120226,-8.654614298285896
2017-05-20 05:00:00,20.0,92,1.4,10.0,15,-2.5881904510252065,-9.659258262890683
2017-05-20 06:00:00,20.1,93,0.8,10.7,12,-2.2246550917500296,-10.46617932785172
2017-05-20 07:00:00,20.2,97,2.0,11.7,18,-3.6154988341868863,-11.127361240653295
2017-05-20 08:00:00,22.1,89,0.2,13.7,3,-0.717002600528337,-13.681224626137661
2017-05-20 09:00:00,22.2,89,0.0,10.1,2,-0.35248491669525767,-10.093847352892867
2017-05-20 10:00:00,24.2,79,0.0,13.6,11,-2.5950023371210067,-13.35012969488823
2017-05-20 11:00:00,24.9,76,0.0,14.4,13,-3.23929518255166,-14.030928932907386
2017-05-20 12:00:00,25.4,75,0.0,13.7,360,8.388830574159369e-16,-13.7
2017-05-20 13:00:00,25.3,75,0.4,12.7,352,1.7674983821928314,-12.576404473017943
2017-05-20 14:00:00,24.3,80,0.8,12.0,353,1.4624321208617699,-11.910553819695863
2017-05-20 15:00:00,23.6,85,0.6,11.8,31,-6.077449283938643,-10.114574148284923
2017-05-20 16:00:00,23.3,88,0.0,10.0,30,-5.000000000000004,-8.660254037844384
2017-05-20 17:00:00,23.5,88,0.0,8.4,31,-4.326319829244458,-7.200205325897742
2017-05-20 18:00:00,23.5,88,0.0,4.7,23,-1.836436303899587,-4.326372811226469
2017-05-20 19:00:00,23.1,88,0.0,3.5,24,-1.4235782507653003,-3.1974091017491033
2017-05-20 20:00:00,22.8,90,0.0,3.4,238,2.883363526931848,1.8017254983928965
2017-05-20 21:00:00,22.2,93,0.0,2.9,353,0.3534210958749277,-2.8783838397598336
2017-05-20 22:00:00,22.1,93,0.0,2.6,74,-2.499280409439629,-0.7166571251241974
2017-05-20 23:00:00,22.0,92,0.0,1.5,166,-0.36288284339950166,1.4554435894139948
2017-05-21 00:00:00,21.0,94,0.0,3.7,151,-1.793795594911447,3.236092916415765
2017-05-21 01:00:00,21.1,93,0.0,4.1,135,-2.8991378028648445,2.899137802864845
2017-05-21 02:00:00,22.5,87,0.0,1.8,101,-1.7669289302057951,0.34345619167778096
2017-05-21 03:00:00,21.2,91,0.0,4.0,85,-3.984778792366982,-0.3486229709906318
2017-05-21 04:00:00,21.0,90,0.0,5.2,78,-5.086367523815789,-1.0811407922523495
2017-05-21 05:00:00,21.3,88,0.0,3.6,90,-3.6,4.4087284769304716e-16
2017-05-21 06:00:00,22.0,89,0.0,2.3,39,-1.447436899414627,-1.7874357113510322
2017-05-21 07:00:00,23.0,83,0.0,5.7,18,-1.7613968679372012,-5.421022142882375
2017-05-21 08:00:00,23.6,83,0.0,5.8,360,3.5514757175273243e-16,-5.8
2017-05-21 09:00:00,24.3,81,0.0,5.8,338,2.1727182418122895,-5.377666356487367
2017-05-21 10:00:00,25.3,76,0.0,2.6,326,1.4539015490239418,-2.1554976886431088
2017-05-21 11:00:00,26.4,70,0.0,1.8,360,1.1021821192326179e-16,-1.8
2017-05-21 12:00:00,26.9,69,0.0,0.8,63,-0.7128052193506944,-0.36319239979163737
2017-05-21 13:00:00,27.7,67,0.0,5.1,356,0.35575801609503865,-5.087576656325103
2017-05-21 14:00:00,27.7,69,0.0,9.0,360,5.51091059616309e-16,-9.0
2017-05-21 15:00:00,27.0,74,0.2,10.9,9,-1.7051356689385184,-10.765802912487
2017-05-21 16:00:00,26.7,77,0.1,9.7,27,-4.403707847473605,-8.642763284627167
2017-05-21 17:00:00,26.5,78,0.0,7.6,8,-1.0577155672965002,-7.526037322435934
2017-05-21 18:00:00,25.4,86,0.0,4.3,5,-0.37476969381493047,-4.283637201794505
2017-05-21 19:00:00,23.5,94,0.0,4.3,360,2.632990618166809e-16,-4.3
2017-05-21 20:00:00,23.9,93,0.0,4.6,198,1.4214781741247582,4.3748599749577055
2017-05-21 21:00:00,24.0,93,0.0,4.7,189,0.7352419856890854,4.6421352007971475
2017-05-21 22:00:00,23.3,95,0.0,4.4,189,0.6883116461770161,4.3458286986186065
2017-05-21 23:00:00,23.4,94,0.0,7.9,183,0.41345405431925736,7.889173324561134
2017-05-22 00:00:00,23.3,92,0.0,8.0,198,2.4721359549995796,7.608452130361228
2017-05-22 01:00:00,22.6,96,0.0,4.5,209,2.181643291108517,3.935788682127281
2017-05-22 02:00:00,22.9,93,0.1,4.1,142,-2.524212048835199,3.23084408978756
2017-05-22 03:00:00,22.2,93,0.0,5.1,184,0.35575801609503865,5.087576656325103
2017-05-22 04:00:00,22.3,92,0.0,4.4,171,-0.6883116461770157,4.3458286986186065
2017-05-22 05:00:00,22.1,91,0.0,5.1,176,-0.35575801609503915,5.087576656325103
2017-05-22 06:00:00,23.5,86,0.0,4.7,171,-0.7352419856890848,4.6421352007971475
2017-05-22 07:00:00,24.9,81,0.0,6.4,207,2.9055391983331,5.702441754805554
2017-05-22 08:00:00,25.9,76,0.0,11.3,207,5.1300926470568795,10.068373723328557
2017-05-22 09:00:00,26.8,73,0.0,12.4,216,7.288537128426667,10.031810730249349
2017-05-22 10:00:00,27.2,73,0.0,12.7,227,9.288192010563463,8.66137917279373
2017-05-22 11:00:00,27.6,77,0.0,12.4,216,7.288537128426667,10.031810730249349
2017-05-22 12:00:00,26.8,79,6.5,13.0,204,5.287576359985403,11.876090949353811
2017-05-22 13:00:00,28.1,76,0.2,10.1,207,4.585304047369423,8.999165894302514
2017-05-22 14:00:00,27.8,80,0.3,9.8,216,5.760295472466237,7.9283665448744856
2017-05-22 15:00:00,27.5,80,0.2,8.4,230,6.4347733221994154,5.39941592136693
2017-05-22 16:00:00,25.4,83,5.6,13.3,177,-0.6960682180311532,13.281772812235833
2017-05-22 17:00:00,25.6,80,0.0,9.7,165,-2.510544737494452,9.369480515003962
2017-05-22 18:00:00,24.6,85,0.3,8.3,175,-0.7233926648055634,8.268415994161488
2017-05-22 19:00:00,24.1,86,0.0,9.0,164,-2.4807362023529915,8.65135526344487
2017-05-22 20:00:00,24.2,85,0.0,7.1,165,-1.837615220227898,6.858073366652385
2017-05-22 21:00:00,24.2,84,0.0,6.2,187,0.7555899291119145,6.153786140176196
2017-05-22 22:00:00,23.8,88,0.0,7.1,195,1.8376152202278973,6.858073366652385
2017-05-22 23:00:00,23.4,88,0.0,6.9,186,0.7212463965468089,6.862201078041086
2017-05-23 00:00:00,23.2,88,0.0,7.7,191,1.4692292643993958,7.558529312547013
2017-05-23 01:00:00,23.0,90,0.0,7.6,183,0.3977532674463741,7.589584464134761
2017-05-23 02:00:00,22.9,90,0.0,6.5,180,3.9801020972288977e-16,6.5
2017-05-23 03:00:00,22.5,90,0.0,5.1,172,-0.7097828148963332,5.050367150582009
2017-05-23 04:00:00,22.2,90,0.0,5.4,160,-1.8469087739586112,5.074340152243906
2017-05-23 05:00:00,22.0,88,0.0,4.8,138,-3.2118269105225195,3.5670951622914924
2017-05-23 06:00:00,23.9,84,0.0,1.8,169,-0.34345619167778063,1.7669289302057951
2017-05-23 07:00:00,24.5,83,0.0,3.8,229,2.8678964048465336,2.4930243101639276
2017-05-23 08:00:00,25.6,81,0.0,4.4,235,3.604268994871564,2.523736319944603
2017-05-23 09:00:00,26.6,78,0.0,5.5,247,5.062776693988422,2.149021206691006
2017-05-23 10:00:00,27.2,75,0.1,6.3,257,6.1385314081469815,1.4171916423663495
2017-05-23 11:00:00,27.7,80,0.3,8.7,265,8.666893873398186,0.7582549619046259
2017-05-23 12:00:00,27.7,81,0.5,7.2,267,7.190132650232932,0.37681888494919563
2017-05-23 13:00:00,25.9,84,4.2,9.3,242,8.211412613588022,4.366085533908785
2017-05-23 14:00:00,26.3,82,1.6,4.3,114,-3.9282454678631833,1.7489675652259418
2017-05-23 15:00:00,26.9,80,0.0,2.3,309,1.7874357113510329,-1.4474368994146258
2017-05-23 16:00:00,26.1,84,1.4,5.1,172,-0.7097828148963332,5.050367150582009
2017-05-23 17:00:00,25.2,84,3.5,10.0,139,-6.560590289905072,7.547095802227721
2017-05-23 18:00:00,25.4,84,0.0,5.0,120,-4.330127018922194,2.4999999999999996
2017-05-23 19:00:00,24.3,88,0.0,4.0,90,-4.0,4.898587196589413e-16
2017-05-23 20:00:00,24.1,89,0.0,4.4,125,-3.6042689948715645,2.5237363199446023
2017-05-23 21:00:00,24.1,85,0.0,4.2,160,-1.4364846019678086,3.9467090073008158
2017-05-23 22:00:00,23.8,84,0.0,4.7,148,-2.4906205418960625,3.9858260519352027
2017-05-23 23:00:00,23.1,86,0.0,6.0,163,-1.75423022833642,5.737828535778213
2017-05-24 00:00:00,22.9,89,0.0,6.1,220,3.92100441908789,4.6728711030257655
2017-05-24 01:00:00,23.1,89,0.0,5.0,180,3.061616997868383e-16,5.0
2017-05-24 02:00:00,22.6,90,0.0,6.0,197,1.7542302283364206,5.737828535778212
2017-05-24 03:00:00,23.0,89,0.0,5.6,195,1.4493866525741161,5.4091846272187825
2017-05-24 04:00:00,23.4,87,0.0,6.2,201,2.2218812871808624,5.788198644282651
2017-05-24 05:00:00,23.4,89,0.0,4.4,215,2.5237363199446032,3.604268994871564
2017-05-24 06:00:00,23.9,88,0.0,5.0,201,1.791839747726502,4.667902132486009
2017-05-24 07:00:00,24.6,86,0.0,6.0,205,2.5357095704441965,5.437846722219899
2017-05-24 08:00:00,25.5,85,0.0,6.9,231,5.3623071340531,4.342310698243878
2017-05-24 09:00:00,26.6,83,0.0,10.0,218,6.156614753256583,7.88010753606722
2017-05-24 10:00:00,27.1,83,0.0,12.0,226,8.632077604063815,8.335900445507967
2017-05-24 11:00:00,27.5,82,0.1,11.5,229,8.679160172561879,7.544678833390834
2017-05-24 12:00:00,25.4,89,12.1,11.9,194,2.8788705576360454,11.546519142684359
2017-05-24 13:00:00,26.1,82,1.0,11.2,182,0.3908743630680121,11.193177262613872
2017-05-24 14:00:00,25.7,80,7.6,12.7,235,10.403230962470195,7.284420741658284
2017-05-24 15:00:00,25.0,91,2.4,10.0,195,2.5881904510252074,9.659258262890683
2017-05-24 16:00:00,26.0,80,0.1,10.9,171,-1.705135668938516,10.765802912487002
2017-05-24 17:00:00,25.4,86,0.2,10.4,224,7.224447052773572,7.481133923521972
2017-05-24 18:00:00,24.6,89,0.6,3.1,234,2.5079526825623373,1.8221342821066668
2017-05-24 19:00:00,23.7,95,0.3,2.9,300,2.511473670974872,-1.4499999999999997
2017-05-24 20:00:00,24.0,95,0.5,6.6,351,1.032467469265524,-6.518743047927909
2017-05-24 21:00:00,23.9,95,0.0,5.6,15,-1.4493866525741155,-5.4091846272187825
2017-05-24 22:00:00,23.3,97,0.1,6.5,19,-2.116193003971518,-6.1458707413955596
2017-05-24 23:00:00,22.7,99,0.0,6.2,7,-0.7555899291119125,-6.153786140176197
2017-05-25 00:00:00,22.2,99,0.0,3.7,11,-0.7059932828932151,-3.632020578756357
2017-05-25 01:00:00,22.6,98,0.0,1.8,180,1.1021821192326179e-16,1.8
2017-05-25 02:00:00,22.2,98,0.0,5.2,192,1.0811407922523493,5.086367523815789
2017-05-25 03:00:00,22.2,98,0.0,9.0,203,3.5165801564034633,8.284543681071963
2017-05-25 04:00:00,22.3,97,0.1,9.7,211,4.995869326627525,8.31452281681049
2017-05-25 05:00:00,22.0,98,0.3,8.6,237,7.212566884330647,4.683895701129233
2017-05-25 06:00:00,22.0,99,0.6,2.2,261,2.1729143493093033,0.34415582308850795
2017-05-25 07:00:00,22.5,99,1.1,2.1,329,1.0815799573111138,-1.800051331474436
2017-05-25 08:00:00,22.6,99,1.7000000000000002,6.4,317,4.36478950439999,-4.6806636903626915
2017-05-25 09:00:00,22.8,98,0.2,6.2,350,1.0766187015349686,-6.10580806867569
2017-05-25 10:00:00,23.3,97,0.3,4.2,340,1.436484601967809,-3.9467090073008153
2017-05-25 11:00:00,24.2,96,0.3,3.8,229,2.8678964048465336,2.4930243101639276
2017-05-25 12:00:00,24.1,95,1.6,7.1,195,1.8376152202278973,6.858073366652385
2017-05-25 13:00:00,24.7,88,1.5,10.1,243,8.999165894302516,4.585304047369422
2017-05-25 14:00:00,24.3,93,3.2,10.8,296,9.706975700031006,-4.734408385322037
2017-05-25 15:00:00,23.0,98,8.8,8.8,35,-5.047472639889208,-7.208537989743126
2017-05-25 16:00:00,23.3,92,0.6,3.1,111,-2.8940993221413254,1.1109406435904308
2017-05-25 17:00:00,24.0,88,0.1,4.3,294,3.9282454678631837,-1.7489675652259409
2017-05-25 18:00:00,23.3,90,0.2,4.1,308,3.2308440897875594,-2.524212048835199
2017-05-25 19:00:00,22.5,95,0.1,5.0,330,2.5000000000000004,-4.330127018922193
2017-05-25 20:00:00,22.5,98,0.4,4.2,329,2.1631599146222276,-3.600102662948872
2017-05-25 21:00:00,22.1,99,6.2,5.7,325,3.269385687200963,-4.669166652447253
2017-05-25 22:00:00,21.9,99,13.4,1.8,323,1.0832670416736871,-1.437543918085127
2017-05-25 23:00:00,21.7,100,14.2,2.0,225,1.4142135623730951,1.414213562373095
2017-05-26 00:00:00,21.6,100,9.3,2.8,220,1.7998053071223101,2.1449244407331385
2017-05-26 01:00:00,21.8,98,2.8,6.2,190,1.0766187015349686,6.10580806867569
2017-05-26 02:00:00,21.5,99,0.5,5.8,277,5.756767679519667,-0.7068421917498553
2017-05-26 03:00:00,20.7,98,0.0,3.8,311,2.8678964048465336,-2.4930243101639276
2017-05-26 04:00:00,20.0,98,0.1,6.2,339,2.2218812871808624,-5.788198644282651
2017-05-26 05:00:00,19.8,97,0.0,4.6,45,-3.2526911934581193,-3.252691193458118
2017-05-26 06:00:00,20.7,94,0.0,2.4,27,-1.0895771993749126,-2.138415658052083
2017-05-26 07:00:00,21.6,91,0.0,2.1,59,-1.800051331474436,-1.0815799573111138
2017-05-26 08:00:00,22.2,92,0.0,1.5,76,-1.4554435894139948,-0.3628828433995013
2017-05-26 09:00:00,23.4,89,0.2,3.9,292,3.616017032810471,-1.460965714322057
2017-05-26 10:00:00,23.7,89,0.0,3.5,246,3.197409101749103,1.4235782507653008
2017-05-26 11:00:00,25.4,81,0.2,6.2,249,5.788198644282651,2.2218812871808615
2017-05-26 12:00:00,26.3,76,0.3,5.8,263,5.756767679519667,0.7068421917498553
2017-05-26 13:00:00,26.8,78,0.1,3.2,243,2.8512208774027776,1.4527695991665497
2017-05-26 14:00:00,26.4,78,0.2,3.3,257,3.2154212137912763,0.7423384793347545
2017-05-26 15:00:00,25.1,83,8.0,5.5,337,2.1490212066910055,-5.062776693988422
2017-05-26 16:00:00,26.0,81,0.2,4.1,38,-2.524212048835198,-3.2308440897875603
2017-05-26 17:00:00,25.0,84,1.7000000000000002,4.3,5,-0.37476969381493047,-4.283637201794505
2017-05-26 18:00:00,23.9,87,2.9,4.0,27,-1.8159619989581877,-3.564026096753471
2017-05-26 19:00:00,22.9,92,0.0,4.0,360,2.4492935982947064e-16,-4.0
2017-05-26 20:00:00,23.3,89,0.0,2.1,59,-1.800051331474436,-1.0815799573111138
2017-05-26 21:00:00,22.4,94,0.0,1.8,127,-1.4375439180851273,1.0832670416736867
2017-05-26 22:00:00,22.3,93,0.0,3.5,204,1.4235782507653008,3.197409101749103
2017-05-26 23:00:00,22.1,94,0.0,5.4,184,0.3766849582182763,5.386845871403051
2017-05-27 00:00:00,22.1,93,0.0,5.4,184,0.3766849582182763,5.386845871403051
2017-05-27 01:00:00,22.0,92,0.0,5.7,198,1.7613968679372005,5.421022142882375
2017-05-27 02:00:00,21.9,93,0.0,4.8,167,-1.079765060850552,4.676976310969129
2017-05-27 03:00:00,21.2,93,0.0,5.2,146,-2.907803098047883,4.3109953772862175
2017-05-27 04:00:00,22.8,85,0.0,3.1,21,-1.1109406435904323,-2.894099322141325
2017-05-27 05:00:00,21.3,92,0.0,4.2,70,-3.9467090073008158,-1.4364846019678084
2017-05-27 06:00:00,22.5,87,0.0,7.1,105,-6.858073366652384,1.837615220227899
2017-05-27 07:00:00,24.0,82,0.0,2.6,164,-0.7166571251241975,2.499280409439629
2017-05-27 08:00:00,25.0,79,0.0,8.6,202,3.2216167033768426,7.973781149274371
2017-05-27 09:00:00,26.2,77,0.0,10.2,212,5.40517649517869,8.650090580795544
2017-05-27 10:00:00,26.5,76,0.0,11.8,211,6.077449283938639,10.114574148284927
2017-05-27 11:00:00,26.5,77,0.9,13.2,209,6.39948698725165,11.544980134240022
2017-05-27 12:00:00,25.1,84,0.3,11.3,217,6.800509761618147,9.02458126353441
2017-05-27 13:00:00,25.4,86,0.1,8.4,200,2.872969203935618,7.893418014601631
2017-05-27 14:00:00,26.6,78,0.6,2.8,220,1.7998053071223101,2.1449244407331385
2017-05-27 15:00:00,25.6,84,3.2,1.3,236,1.0777488443215542,0.726950774511971
2017-05-27 16:00:00,25.3,86,0.2,2.6,56,-2.1554976886431088,-1.4539015490239415
2017-05-27 17:00:00,24.6,89,0.1,5.1,39,-3.2095339943541727,-3.96344440343055
2017-05-27 18:00:00,24.4,89,0.0,4.3,114,-3.9282454678631833,1.7489675652259418
2017-05-27 19:00:00,23.1,95,0.0,3.9,112,-3.6160170328104706,1.4609657143220578
2017-05-27 20:00:00,23.4,92,0.0,2.5,135,-1.7677669529663687,1.7677669529663689
2017-05-27 21:00:00,24.3,83,0.0,3.7,169,-0.7059932828932158,3.632020578756357
2017-05-27 22:00:00,23.2,91,0.0,4.8,228,3.5670951622914924,3.2118269105225195
2017-05-27 23:00:00,22.4,95,0.0,5.1,231,3.963444403430551,3.2095339943541705
2017-05-28 00:00:00,22.8,93,0.0,3.2,180,1.9594348786357652e-16,3.2
2017-05-28 01:00:00,21.9,96,0.0,4.0,175,-0.34862297099063294,3.984778792366982
2017-05-28 02:00:00,22.2,96,0.0,3.6,217,2.1665340833473743,2.875087836170254
2017-05-28 03:00:00,21.9,97,0.0,3.9,214,2.1808523235359125,3.233246532964663
2017-05-28 04:00:00,21.7,98,0.0,3.5,24,-1.4235782507653003,-3.1974091017491033
2017-05-28 05:00:00,21.6,97,0.0,3.4,58,-2.8833635269318485,-1.8017254983928963
2017-05-28 06:00:00,22.5,94,0.0,5.8,356,0.40458754771592637,-5.78587149150698
2017-05-28 07:00:00,22.7,95,0.0,6.4,344,1.7640790772287946,-6.1520748540052415
2017-05-28 08:00:00,24.9,87,0.0,4.8,283,4.676976310969129,-1.079765060850552
2017-05-28 09:00:00,25.6,84,0.0,4.7,261,4.6421352007971475,0.7352419856890852
2017-05-28 10:00:00,26.8,78,0.0,7.0,258,6.84703320513664,1.4553818357243153
2017-05-28 11:00:00,27.2,77,0.0,8.3,236,6.881011852206846,4.6413010988072
2017-05-28 12:00:00,27.4,76,0.0,6.1,242,5.385980316439454,2.8637765329939335
2017-05-28 13:00:00,26.8,80,0.1,7.1,204,2.8878301658381815,6.486172749262466
2017-05-28 14:00:00,26.2,83,1.5,2.7,203,1.0549740469210391,2.485363104321589
2017-05-28 15:00:00,25.2,87,1.3,5.4,172,-0.7515347451843529,5.34744757120448
2017-05-28 16:00:00,25.0,88,0.3,6.5,180,3.9801020972288977e-16,6.5
2017-05-28 17:00:00,25.5,82,0.0,6.2,187,0.7555899291119145,6.153786140176196
2017-05-28 18:00:00,24.7,84,0.0,7.3,160,-2.4967470462773815,6.859756131737131
2017-05-28 19:00:00,24.0,81,0.0,7.9,150,-3.9499999999999984,6.841600689897066
2017-05-28 20:00:00,23.3,93,0.0,4.3,180,2.632990618166809e-16,4.3
2017-05-28 21:00:00,23.0,95,0.0,4.6,198,1.4214781741247582,4.3748599749577055
2017-05-28 22:00:00,22.8,96,0.0,5.8,184,0.40458754771592637,5.78587149150698
2017-05-28 23:00:00,22.7,95,0.0,6.2,170,-1.076618701534968,6.10580806867569
2017-05-29 00:00:00,22.6,94,0.0,5.8,173,-0.7068421917498547,5.756767679519668
2017-05-29 01:00:00,22.4,94,0.0,5.1,188,0.7097828148963339,5.050367150582009
2017-05-29 02:00:00,22.1,94,0.0,4.7,180,2.8779199779962803e-16,4.7
2017-05-29 03:00:00,22.1,92,0.0,5.1,172,-0.7097828148963332,5.050367150582009
2017-05-29 04:00:00,23.2,85,0.0,4.1,195,1.061158084920335,3.96029588778518
2017-05-29 05:00:00,22.0,89,0.0,4.7,184,0.3278554265973886,4.688551036221174
2017-05-29 06:00:00,23.1,87,0.0,2.5,172,-0.3479327524001634,2.475670171853926
2017-05-29 07:00:00,24.1,84,0.0,1.1,288,1.0461621679246689,-0.33991869381244216
2017-05-29 08:00:00,24.6,85,0.0,1.5,346,0.3628828433995015,-1.4554435894139948
2017-05-29 09:00:00,26.1,82,0.0,2.5,315,1.7677669529663689,-1.7677669529663687
2017-05-29 10:00:00,27.0,79,0.0,4.7,266,4.688551036221174,0.3278554265973889
2017-05-29 11:00:00,27.2,78,0.0,6.3,246,5.755336383148386,2.5624408513775414
2017-05-29 12:00:00,27.7,76,0.0,5.2,192,1.0811407922523493,5.086367523815789
2017-05-29 13:00:00,28.6,73,0.0,2.3,198,0.7107390870623791,2.1874299874788528
2017-05-29 14:00:00,26.0,80,2.7,2.6,124,-2.1554976886431083,1.453901549023942
2017-05-29 15:00:00,27.2,76,0.0,5.6,165,-1.4493866525741166,5.4091846272187825
2017-05-29 16:00:00,27.2,76,0.0,5.4,172,-0.7515347451843529,5.34744757120448
2017-05-29 17:00:00,27.1,77,0.0,5.5,247,5.062776693988422,2.149021206691006
2017-05-29 18:00:00,25.9,86,0.0,4.8,228,3.5670951622914924,3.2118269105225195
2017-05-29 19:00:00,24.7,89,0.0,7.0,201,2.5085756468171025,6.535062985480412
2017-05-29 20:00:00,24.6,82,0.0,9.7,202,3.633683956134346,8.993683389297837
2017-05-29 21:00:00,24.4,84,0.0,6.1,183,0.3192493330819582,6.0916401620029
2017-05-29 22:00:00,24.2,87,0.0,4.3,175,-0.3747696938149304,4.283637201794505
2017-05-29 23:00:00,24.3,84,0.0,5.6,207,2.542346798541462,4.989636535454859
2017-05-30 00:00:00,24.3,84,0.0,8.9,194,2.1531048708370424,8.635631963856369
2017-05-30 01:00:00,24.2,83,0.0,8.6,202,3.2216167033768426,7.973781149274371
2017-05-30 02:00:00,24.0,86,0.1,8.7,210,4.3500000000000005,7.534421012924615
2017-05-30 03:00:00,24.0,85,0.0,6.5,174,-0.6794350112397481,6.4643923198937765
2017-05-30 04:00:00,23.7,87,0.1,4.0,170,-0.6945927106677212,3.939231012048832
2017-05-30 05:00:00,24.6,79,0.1,3.1,315,2.1920310216782974,-2.192031021678297
2017-05-30 06:00:00,24.2,85,0.0,1.1,72,-1.046162167924669,-0.33991869381244205
2017-05-30 07:00:00,24.7,83,0.0,1.4,270,1.4,0.0
2017-05-30 08:00:00,26.0,79,0.0,3.6,233,2.875087836170254,2.166534083347374
2017-05-30 09:00:00,26.5,79,0.0,6.3,246,5.755336383148386,2.5624408513775414
2017-05-30 10:00:00,26.8,79,0.0,7.7,221,5.051654523226906,5.811263767715345
2017-05-30 11:00:00,27.1,76,0.0,6.9,219,4.342310698243879,5.3623071340531
2017-05-30 12:00:00,27.1,74,0.2,7.4,219,4.656970893768798,5.750880114781585
2017-05-30 13:00:00,25.5,81,3.9,10.0,218,6.156614753256583,7.88010753606722
2017-05-30 14:00:00,24.1,89,2.1,7.3,200,2.4967470462773824,6.8597561317371305
2017-05-30 15:00:00,24.2,89,0.7000000000000001,8.7,210,4.3500000000000005,7.534421012924615
2017-05-30 16:00:00,24.2,91,0.1,9.4,212,4.981241083792126,7.9716521038704045
2017-05-30 17:00:00,24.1,91,0.0,6.5,180,3.9801020972288977e-16,6.5
2017-05-30 18:00:00,24.0,91,0.0,8.4,200,2.872969203935618,7.893418014601631
2017-05-30 19:00:00,23.8,91,0.0,8.0,188,1.1133848076805237,7.922144549932563
2017-05-30 20:00:00,23.2,97,0.1,3.7,11,-0.7059932828932151,-3.632020578756357
2017-05-30 21:00:00,23.3,96,0.2,3.8,107,-3.633958072659535,1.111012477946399
2017-05-30 22:00:00,23.3,95,0.0,4.9,126,-3.9641832724372423,2.880147736233119
2017-05-30 23:00:00,23.4,96,0.1,1.8,143,-1.0832670416736871,1.4375439180851268
2017-05-31 00:00:00,23.3,96,0.1,3.2,333,1.45276959916655,-2.851220877402777
2017-05-31 01:00:00,22.7,95,0.0,2.3,51,-1.7874357113510326,-1.4474368994146265
2017-05-31 02:00:00,24.5,84,0.0,3.2,180,1.9594348786357652e-16,3.2
2017-05-31 03:00:00,23.0,89,0.0,6.1,208,2.863776532993934,5.385980316439453
2017-05-31 04:00:00,23.5,85,0.1,14.4,212,7.630837404958151,12.211892584652533
2017-05-31 05:00:00,22.5,93,0.4,14.3,205,6.043441142892003,12.960201354624095
2017-05-31 06:00:00,23.2,88,0.5,12.0,189,1.877213580482771,11.852260087141653
2017-05-31 07:00:00,24.4,87,0.0,10.4,214,5.815606196095767,8.621990754572435
2017-05-31 08:00:00,25.5,86,0.0,9.0,247,8.284543681071963,3.5165801564034638
2017-05-31 09:00:00,26.2,85,0.0,8.1,249,7.5620014546273335,2.902780391316932
2017-05-31 10:00:00,27.1,84,0.0,7.9,246,7.217009115376547,3.2132194802988217
2017-05-31 11:00:00,28.0,82,0.1,9.4,227,6.874724795220202,6.410784584587486
2017-05-31 12:00:00,28.7,79,0.0,12.3,220,7.906287599144434,9.42234665036343
2017-05-31 13:00:00,29.0,72,0.2,13.0,222,8.698697882665158,9.660882731206126
2017-05-31 14:00:00,29.2,70,0.1,11.6,216,6.818308926592688,9.38459713474939
2017-05-31 15:00:00,28.7,71,0.0,11.3,217,6.800509761618147,9.02458126353441
2017-05-31 16:00:00,28.6,72,0.0,13.6,212,7.206901993571586,11.533454107727392
2017-05-31 17:00:00,27.6,77,0.0,12.5,224,8.683229630737465,8.991747504233139
2017-05-31 18:00:00,26.2,83,0.0,10.1,215,5.793122007145566,8.273435647318816
2017-05-31 19:00:00,24.8,88,0.0,7.7,208,3.61493103345136,6.798696465013737
2017-05-31 20:00:00,24.3,92,0.0,4.6,162,-1.4214781741247577,4.374859974957706
2017-05-31 21:00:00,24.5,91,0.0,4.4,171,-0.6883116461770157,4.3458286986186065
2017-05-31 22:00:00,25.0,89,0.0,8.4,205,3.5499933986218752,7.61298541110786
2017-05-31 23:00:00,24.7,88,0.0,11.7,214,6.542556970607737,9.699739598893988
2017-06-01 00:00:00,24.3,84,0.0,12.6,200,4.309453805903427,11.840127021902445
2017-06-01 01:00:00,24.2,84,0.0,7.6,188,1.0577155672964975,7.5260373224359345
2017-06-01 02:00:00,23.1,90,0.0,6.2,201,2.2218812871808624,5.788198644282651
2017-06-01 03:00:00,23.2,89,0.0,4.9,197,1.4326213531414103,4.685893304218874
2017-06-01 04:00:00,23.5,85,0.0,6.5,199,2.116193003971519,6.145870741395559
2017-06-01 05:00:00,23.6,86,0.0,8.7,204,3.5386087947594613,7.947845481490627
2017-06-01 06:00:00,24.2,85,0.0,11.9,205,5.029157314714324,10.785062665736135
2017-06-01 07:00:00,25.0,85,0.1,13.0,214,7.269507745119708,10.777488443215542
2017-06-01 08:00:00,25.8,82,0.0,14.6,220,9.384699101423475,11.184248869537079
2017-06-01 09:00:00,27.1,80,0.0,17.1,221,11.218609395737674,12.905533821809403
2017-06-01 10:00:00,27.5,77,0.0,16.7,205,7.05772497106968,15.135340043512054
2017-06-01 11:00:00,27.6,79,1.5,18.0,213,9.803502630270488,15.096070223017634
2017-06-01 12:00:00,26.8,77,0.3,19.5,208,9.154695474324871,17.217478060749073
2017-06-01 13:00:00,26.7,79,0.7000000000000001,20.9,212,11.075312622473982,17.7242052096693
2017-06-01 14:00:00,28.0,73,0.3,20.2,183,1.0571863161074682,20.17231660204239
2017-06-01 15:00:00,26.5,80,2.6,20.9,212,11.075312622473982,17.7242052096693
2017-06-01 16:00:00,25.2,88,4.8,18.6,190,3.229856104604906,18.31742420602707
2017-06-01 17:00:00,25.3,87,1.7000000000000002,19.9,174,-2.0801164190263055,19.790985717828637
2017-06-01 18:00:00,25.0,88,1.8,20.2,182,0.7049698333905218,20.187694705785734
2017-06-01 19:00:00,24.6,88,1.3,19.2,186,2.0069464947389464,19.094820391070847
2017-06-01 20:00:00,25.0,84,2.6,20.1,189,3.144332747308642,19.85253564596227
2017-06-01 21:00:00,25.6,81,1.6,20.5,178,-0.7154396824012695,20.487511953891463
2017-06-01 22:00:00,26.1,80,0.0,20.5,178,-0.7154396824012695,20.487511953891463
2017-06-01 23:00:00,26.4,78,0.0,21.6,181,0.37697197904532576,21.596710215378053
2017-06-02 00:00:00,26.2,78,0.0,20.9,180,1.279755905108984e-15,20.9
2017-06-02 01:00:00,25.2,86,3.6,22.1,186,2.3100790382151417,21.978933887638842
2017-06-02 02:00:00,24.7,89,5.5,21.0,193,4.7239721412211635,20.46177136048994
2017-06-02 03:00:00,24.2,92,2.4,20.9,182,0.7293994810822725,20.8872682846991
2017-06-02 04:00:00,24.8,90,2.2,21.3,178,-0.7433592797632703,21.28702461550674
2017-06-02 05:00:00,24.8,89,1.8,20.5,177,-1.0728871029803488,20.471905462468765
2017-06-02 06:00:00,24.7,88,12.3,22.0,183,1.1513910373447673,21.969849764600625
2017-06-02 07:00:00,25.1,88,1.8,21.6,183,1.1304566548475898,21.570397950698798
2017-06-02 08:00:00,25.5,82,1.1,22.1,187,2.69331248925376,21.935269951273217
2017-06-02 09:00:00,26.0,82,3.0,24.9,182,0.8689974678922768,24.884831592775484
2017-06-02 10:00:00,26.0,85,6.0,23.6,187,2.876116504361481,23.4240891787352
2017-06-02 11:00:00,25.2,92,3.3,25.8,208,12.112366319875985,22.780047895760315
2017-06-02 12:00:00,24.9,93,5.2,20.2,184,1.4090807696313297,20.15079381524845
2017-06-02 13:00:00,24.5,94,6.2,23.0,189,3.5979926959253112,22.71683183368817
2017-06-02 14:00:00,25.3,89,3.1,20.2,199,6.576476720034567,19.099475227106197
2017-06-02 15:00:00,24.9,92,0.9,20.4,188,2.8391312595853355,20.201468602328035
2017-06-02 16:00:00,24.8,92,1.0,18.4,183,0.9629815948701689,18.37478343948416
2017-06-02 17:00:00,25.4,91,1.3,16.9,191,3.2246720218636087,16.58949940026552
2017-06-02 18:00:00,24.7,91,5.7,19.4,179,-0.33857668488329945,19.39704528603399
2017-06-02 19:00:00,24.8,88,1.7000000000000002,22.3,171,-3.488488570397147,22.025449995271572
2017-06-02 20:00:00,24.9,82,3.0,14.6,170,-2.5352633939371825,14.378193193978237
2017-06-02 21:00:00,24.6,87,2.9,14.1,193,3.1718098662484953,13.738617913471817
2017-06-02 22:00:00,24.3,88,4.0,13.2,202,4.944807033090037,12.238826880281593
2017-06-02 23:00:00,24.1,89,3.4,11.0,203,4.298042413382011,10.125553387976844
2017-06-03 00:00:00,24.1,85,2.2,11.0,191,2.098898949141994,10.797899017924303
2017-06-03 01:00:00,23.8,87,1.6,8.0,207,3.6319239979163744,7.128052193506942
2017-06-03 02:00:00,23.6,87,2.3,8.9,223,6.069785404556237,6.509047944410617
2017-06-03 03:00:00,23.6,86,4.7,10.8,195,2.795245687107224,10.431998923921938
2017-06-03 04:00:00,23.8,86,4.3,13.5,189,2.1118652780431173,13.33379259803436
2017-06-03 05:00:00,24.2,85,3.0,18.4,191,3.510885514928426,18.061940175437016
2017-06-03 06:00:00,24.2,85,2.3,19.1,181,0.33334096295211674,19.097090977487074
2017-06-03 07:00:00,23.9,89,2.8,16.9,180,1.0348265452795135e-15,16.9
2017-06-03 08:00:00,25.4,86,3.5,15.5,198,4.789763412811686,14.74137600257488
2017-06-03 09:00:00,26.6,83,1.5,14.9,200,5.096100135552466,14.001420049710035
2017-06-03 10:00:00,26.3,90,4.7,18.5,233,14.774756935874917,11.133577928312892
2017-06-03 11:00:00,25.3,93,24.1,17.8,198,5.500502499874065,16.928805990053732
2017-06-03 12:00:00,26.1,86,5.4,16.0,188,2.2267696153610474,15.844289099865126
2017-06-03 13:00:00,25.5,89,2.4,21.0,218,12.928890981838824,16.548225825741163
2017-06-03 14:00:00,25.5,88,1.3,22.6,205,9.551172715339808,20.48255598702829
2017-06-03 15:00:00,25.6,88,0.5,21.4,193,4.8139525629587085,20.851519386404032
2017-06-03 16:00:00,25.4,89,0.3,17.8,198,5.500502499874065,16.928805990053732
2017-06-03 17:00:00,25.0,92,1.3,15.9,213,8.65976065673893,13.334862030332243
2017-06-03 18:00:00,24.5,92,1.4,12.9,207,5.856477446640154,11.493984162029944
2017-06-03 19:00:00,23.8,94,1.5,12.3,220,7.906287599144434,9.42234665036343
2017-06-03 20:00:00,24.0,94,1.7000000000000002,6.1,225,4.31335136523794,4.313351365237939
2017-06-03 21:00:00,24.0,94,7.7,10.5,218,6.464445490919412,8.274112912870581
2017-06-03 22:00:00,24.1,90,3.7,12.7,188,1.7674983821928314,12.576404473017943
2017-06-03 23:00:00,24.6,85,0.6,15.1,198,4.666156615061706,14.360953396056818
2017-06-04 00:00:00,24.8,83,0.0,15.3,204,6.223070639059744,13.977245501931794
2017-06-04 01:00:00,23.4,92,1.7000000000000002,9.9,251,9.360633898433237,3.2231247291258516
2017-06-04 02:00:00,22.5,98,8.6,8.9,201,3.1894747509531736,8.308865795825096
2017-06-04 03:00:00,22.8,96,5.1,7.7,221,5.051654523226906,5.811263767715345
2017-06-04 04:00:00,23.0,94,6.4,9.6,200,3.2833933759264204,9.02104915954472
2017-06-04 05:00:00,23.8,89,2.9,6.9,186,0.7212463965468089,6.862201078041086
2017-06-04 06:00:00,24.0,89,2.4,5.8,202,2.1727182418122895,5.377666356487367
2017-06-04 07:00:00,24.8,89,2.4,6.1,208,2.863776532993934,5.385980316439453
2017-06-04 08:00:00,25.0,88,2.5,5.4,274,5.386845871403051,-0.37668495821827663
2017-06-04 09:00:00,25.4,89,3.3,5.1,231,3.963444403430551,3.2095339943541705
2017-06-04 10:00:00,26.6,86,0.3,8.4,230,6.4347733221994154,5.39941592136693
2017-06-04 11:00:00,26.9,85,2.0,9.4,230,7.200817765318393,6.042203531053469
2017-06-04 12:00:00,27.1,86,0.3,5.0,240,4.330127018922194,2.4999999999999996
2017-06-04 13:00:00,28.3,79,0.4,5.5,212,2.914555953282627,4.664264528860342
2017-06-04 14:00:00,27.5,85,0.1,5.8,266,5.78587149150698,0.40458754771592675
2017-06-04 15:00:00,28.0,84,0.7000000000000001,3.3,229,2.4905416147351476,2.1649947956686737
2017-06-04 16:00:00,28.9,77,0.2,1.4,270,1.4,0.0
2017-06-04 17:00:00,27.6,85,0.7000000000000001,8.4,317,5.728786224524987,-6.143371093601032
2017-06-04 18:00:00,26.2,90,0.5,2.9,210,1.4500000000000002,2.5114736709748717
2017-06-04 19:00:00,24.8,90,1.6,3.7,169,-0.7059932828932158,3.632020578756357
2017-06-04 20:00:00,25.5,90,0.1,4.1,52,-3.23084408978756,-2.5242120488351985
2017-06-04 21:00:00,24.7,95,0.1,4.3,355,0.37476969381492997,-4.283637201794505
2017-06-04 22:00:00,23.8,99,0.2,4.1,285,3.96029588778518,-1.061158084920335
2017-06-04 23:00:00,23.5,100,0.0,3.1,144,-1.8221342821066664,2.5079526825623373
2017-06-05 00:00:00,23.8,99,0.1,1.1,342,0.3399186938124422,-1.0461621679246689
2017-06-05 01:00:00,23.4,100,0.0,3.6,360,2.2043642384652358e-16,-3.6
2017-06-05 02:00:00,23.2,100,0.0,1.5,104,-1.4554435894139948,0.3628828433995016
2017-06-05 03:00:00,22.9,96,0.0,2.8,140,-1.7998053071223101,2.1449244407331385
2017-06-05 04:00:00,23.2,93,0.0,5.4,184,0.3766849582182763,5.386845871403051
2017-06-05 05:00:00,23.1,94,0.0,4.7,184,0.3278554265973886,4.688551036221174
2017-06-05 06:00:00,24.3,90,0.0,4.1,195,1.061158084920335,3.96029588778518
2017-06-05 07:00:00,24.5,92,0.1,6.9,223,4.70578868443124,5.046340541172277
2017-06-05 08:00:00,25.5,87,0.1,13.2,215,7.571208959833809,10.81280698461469
2017-06-05 09:00:00,26.2,83,0.1,13.0,226,9.351417404402465,9.030558815966964
2017-06-05 10:00:00,26.5,84,0.0,11.0,232,8.668118289673941,6.772276228582241
2017-06-05 11:00:00,27.0,83,0.0,7.4,231,5.750880114781585,4.656970893768797
2017-06-05 12:00:00,27.3,82,0.0,7.5,235,6.143640332167439,4.301823272632845
2017-06-05 13:00:00,26.3,85,0.8,7.4,231,5.750880114781585,4.656970893768797
2017-06-05 14:00:00,27.1,82,0.1,5.5,203,2.1490212066910055,5.062776693988422
2017-06-05 15:00:00,27.5,80,0.1,7.2,217,4.333068166694749,5.750175672340508
2017-06-05 16:00:00,26.6,86,0.0,4.1,315,2.899137802864845,-2.8991378028648445
2017-06-05 17:00:00,26.4,87,0.0,2.3,39,-1.447436899414627,-1.7874357113510322
2017-06-05 18:00:00,26.2,88,0.0,0.5,45,-0.35355339059327384,-0.35355339059327373
2017-06-05 19:00:00,24.5,96,0.0,4.1,52,-3.23084408978756,-2.5242120488351985
2017-06-05 20:00:00,24.8,93,0.0,3.7,151,-1.793795594911447,3.236092916415765
2017-06-05 21:00:00,24.9,92,0.0,5.0,180,3.061616997868383e-16,5.0
2017-06-05 22:00:00,25.3,88,0.0,4.0,170,-0.6945927106677212,3.939231012048832
2017-06-05 23:00:00,25.9,86,0.0,3.7,191,0.7059932828932162,3.632020578756357
2017-06-06 00:00:00,25.6,86,0.0,2.5,135,-1.7677669529663687,1.7677669529663689
2017-06-06 01:00:00,25.4,86,0.0,3.1,159,-1.1109406435904308,2.8940993221413254
2017-06-06 02:00:00,23.8,92,0.0,4.3,156,-1.748967565225941,3.9282454678631837
2017-06-06 03:00:00,23.8,90,0.0,4.0,153,-1.8159619989581868,3.5640260967534716
2017-06-06 04:00:00,23.6,89,0.0,3.5,156,-1.423578250765301,3.197409101749103
2017-06-06 05:00:00,23.3,90,0.0,4.7,176,-0.3278554265973891,4.688551036221174
2017-06-06 06:00:00,24.4,88,0.0,6.1,180,3.735172737399427e-16,6.1
2017-06-06 07:00:00,25.9,84,0.0,4.1,232,3.2308440897875594,2.524212048835199
2017-06-06 08:00:00,26.6,85,0.0,2.2,279,2.1729143493093033,-0.34415582308850795
2017-06-06 09:00:00,27.8,79,0.0,5.4,228,4.012982057577929,3.6133052743378347
2017-06-06 10:00:00,28.8,76,0.0,9.2,222,6.156001578501495,6.836932394392027
2017-06-06 11:00:00,29.5,73,0.1,10.9,226,7.8408038236912985,7.57177623800307
2017-06-06 12:00:00,28.5,77,0.8,14.5,240,12.557368354874361,7.249999999999999
2017-06-06 13:00:00,28.3,80,0.2,8.7,187,1.060263287624783,8.6351515192795
2017-06-06 14:00:00,26.4,83,2.8,11.0,212,5.829111906565254,9.328529057720685
2017-06-06 15:00:00,26.9,84,0.1,1.9,158,-0.7117525274902329,1.761649323676896
2017-06-06 16:00:00,27.6,81,0.0,2.8,220,1.7998053071223101,2.1449244407331385
2017-06-06 17:00:00,27.7,81,0.0,2.5,172,-0.3479327524001634,2.475670171853926
2017-06-06 18:00:00,26.5,87,0.0,7.0,192,1.4553818357243162,6.847033205136639
2017-06-06 19:00:00,25.6,90,0.0,4.8,167,-1.079765060850552,4.676976310969129
2017-06-06 20:00:00,25.7,86,0.0,4.7,176,-0.3278554265973891,4.688551036221174
2017-06-06 21:00:00,26.4,81,0.0,1.9,112,-1.7616493236768958,0.7117525274902332
2017-06-06 22:00:00,26.1,81,0.0,4.3,175,-0.3747696938149304,4.283637201794505
2017-06-06 23:00:00,24.8,86,0.0,5.8,184,0.40458754771592637,5.78587149150698
2017-06-07 00:00:00,24.8,85,0.0,5.4,180,3.3065463576978537e-16,5.4
2017-06-07 01:00:00,24.6,86,0.0,5.4,176,-0.3766849582182768,5.386845871403051
2017-06-07 02:00:00,24.0,89,0.0,6.3,167,-1.4171916423663498,6.1385314081469815
2017-06-07 03:00:00,26.0,78,0.0,3.8,163,-1.1110124779463992,3.633958072659535
2017-06-07 04:00:00,25.2,81,0.0,2.4,117,-2.138415658052083,1.0895771993749124
2017-06-07 05:00:00,25.3,78,0.0,2.4,117,-2.138415658052083,1.0895771993749124
2017-06-07 06:00:00,25.9,81,0.0,1.8,143,-1.0832670416736871,1.4375439180851268
2017-06-07 07:00:00,26.8,80,0.0,3.7,209,1.7937955949114475,3.2360929164157644
2017-06-07 08:00:00,27.9,77,0.0,4.6,225,3.2526911934581184,3.252691193458118
2017-06-07 09:00:00,28.8,74,0.0,8.2,221,5.379684037722159,6.18861855782673
2017-06-07 10:00:00,29.0,74,0.0,8.9,223,6.069785404556237,6.509047944410617
2017-06-07 11:00:00,29.8,72,0.0,10.2,219,6.419067988708342,7.926888806861102
2017-06-07 12:00:00,30.1,70,0.1,12.0,231,9.32575153748365,7.551844692598049
2017-06-07 13:00:00,29.4,74,0.7000000000000001,9.9,226,7.121464023352647,6.877117867544073
2017-06-07 14:00:00,29.1,78,0.3,3.1,216,1.8221342821066668,2.5079526825623373
2017-06-07 15:00:00,25.8,88,4.5,4.2,239,3.600102662948872,2.1631599146222276
2017-06-07 16:00:00,25.8,86,0.9,7.2,96,-7.160557646651568,0.7526049355271069
2017-06-07 17:00:00,26.3,85,0.4,1.9,112,-1.7616493236768958,0.7117525274902332
2017-06-07 18:00:00,26.1,87,0.1,1.6,333,0.726384799583275,-1.4256104387013886
2017-06-07 19:00:00,25.3,92,0.0,3.6,135,-2.545584412271571,2.5455844122715714
2017-06-07 20:00:00,26.2,83,0.0,4.8,63,-4.276831316104166,-2.179154398749824
2017-06-07 21:00:00,26.5,80,0.0,3.2,90,-3.2,3.9188697572715305e-16
2017-06-07 22:00:00,27.3,74,0.0,1.1,90,-1.1,1.3471114790620887e-16
2017-06-07 23:00:00,26.7,77,0.0,1.6,153,-0.7263847995832747,1.4256104387013888
2017-06-08 00:00:00,24.3,89,0.0,5.8,173,-0.7068421917498547,5.756767679519668
2017-06-08 01:00:00,26.4,78,0.0,2.5,172,-0.3479327524001634,2.475670171853926
2017-06-08 02:00:00,25.9,81,0.0,2.6,106,-2.499280409439629,0.716657125124198
2017-06-08 03:00:00,24.7,87,0.0,4.3,180,2.632990618166809e-16,4.3
2017-06-08 04:00:00,25.0,88,0.0,3.7,191,0.7059932828932162,3.632020578756357
2017-06-08 05:00:00,24.3,90,0.0,2.1,121,-1.8000513314744357,1.0815799573111142
2017-06-08 06:00:00,25.3,87,0.0,0.8,117,-0.7128052193506943,0.36319239979163753
2017-06-08 07:00:00,25.6,89,0.0,3.1,306,2.5079526825623373,-1.8221342821066668
2017-06-08 08:00:00,27.0,80,0.5,1.1,342,0.3399186938124422,-1.0461621679246689
2017-06-08 09:00:00,27.7,79,0.0,1.5,256,1.4554435894139948,0.3628828433995016
2017-06-08 10:00:00,28.7,75,0.1,5.4,228,4.012982057577929,3.6133052743378347
2017-06-08 11:00:00,26.6,85,3.7,3.6,264,3.580278823325784,0.37630246776355253
2017-06-08 12:00:00,27.3,84,0.0,3.2,360,1.9594348786357652e-16,-3.2
2017-06-08 13:00:00,28.2,77,0.0,6.6,81,-6.518743047927909,-1.0324674692655227
2017-06-08 14:00:00,27.7,81,0.3,2.7,337,1.0549740469210391,-2.485363104321589
2017-06-08 15:00:00,27.7,85,0.1,4.3,246,3.9282454678631837,1.7489675652259409
2017-06-08 16:00:00,27.7,81,2.2,2.3,141,-1.4474368994146256,1.7874357113510333
2017-06-08 17:00:00,26.0,85,3.1,3.7,259,3.632020578756357,0.7059932828932158
2017-06-08 18:00:00,25.4,87,1.2,1.1,162,-0.3399186938124421,1.046162167924669
2017-06-08 19:00:00,24.8,94,0.3,0.4,360,2.4492935982947065e-17,-0.4
2017-06-08 20:00:00,24.9,93,0.0,3.2,153,-1.4527695991665495,2.8512208774027776
2017-06-08 21:00:00,24.8,92,0.0,2.8,130,-2.144924440733138,1.7998053071223103
2017-06-08 22:00:00,25.1,89,0.0,2.3,108,-2.1874299874788528,0.7107390870623792
2017-06-08 23:00:00,25.5,85,0.0,2.1,121,-1.8000513314744357,1.0815799573111142
2017-06-09 00:00:00,24.7,88,0.0,4.8,167,-1.079765060850552,4.676976310969129
2017-06-09 01:00:00,24.8,86,0.0,5.1,188,0.7097828148963339,5.050367150582009
2017-06-09 02:00:00,24.3,88,0.0,6.4,196,1.7640790772287946,6.1520748540052415
2017-06-09 03:00:00,24.9,82,0.0,3.4,122,-2.883363526931848,1.8017254983928965
2017-06-09 04:00:00,26.1,73,0.0,3.1,21,-1.1109406435904323,-2.894099322141325
2017-06-09 05:00:00,23.8,88,0.0,5.2,65,-4.71280049259058,-2.1976149610516362
2017-06-09 06:00:00,25.4,79,0.0,2.9,90,-2.9,3.5514757175273243e-16
2017-06-09 07:00:00,26.6,78,0.0,1.3,326,0.7269507745119709,-1.0777488443215544
2017-06-09 08:00:00,27.2,79,0.0,3.5,246,3.197409101749103,1.4235782507653008
2017-06-09 09:00:00,28.1,78,0.0,4.9,253,4.685893304218874,1.4326213531414103
2017-06-09 10:00:00,28.5,77,0.0,6.5,264,6.4643923198937765,0.6794350112397476
2017-06-09 11:00:00,28.8,75,0.1,5.1,274,5.087576656325103,-0.35575801609503904
2017-06-09 12:00:00,29.1,72,0.2,3.6,264,3.580278823325784,0.37630246776355253
2017-06-09 13:00:00,28.3,75,2.7,7.1,315,5.020458146424487,-5.020458146424486
2017-06-09 14:00:00,26.6,80,3.8,9.3,144,-5.466402846319999,7.523858047687012
2017-06-09 15:00:00,27.4,77,0.0,3.1,126,-2.507952682562337,1.822134282106667
2017-06-09 16:00:00,28.1,74,0.0,1.8,323,1.0832670416736871,-1.437543918085127
2017-06-09 17:00:00,27.1,80,0.0,3.6,315,2.5455844122715714,-2.545584412271571
2017-06-09 18:00:00,26.5,85,0.0,3.6,354,0.3763024677635525,-3.580278823325784
2017-06-09 19:00:00,25.8,89,0.0,3.7,11,-0.7059932828932151,-3.632020578756357
2017-06-09 20:00:00,26.7,83,0.0,2.8,40,-1.7998053071223103,-2.144924440733138
2017-06-09 21:00:00,25.4,90,0.0,3.3,103,-3.215421213791276,0.7423384793347552
2017-06-09 22:00:00,25.3,87,0.0,3.1,135,-2.192031021678297,2.1920310216782974
2017-06-09 23:00:00,25.3,84,0.0,5.0,180,3.061616997868383e-16,5.0
2017-06-10 00:00:00,25.2,84,0.0,5.1,176,-0.35575801609503915,5.087576656325103
2017-06-10 01:00:00,25.1,85,0.0,4.8,193,1.0797650608505516,4.676976310969129
2017-06-10 02:00:00,24.6,89,0.0,4.7,180,2.8779199779962803e-16,4.7
2017-06-10 03:00:00,24.4,88,0.0,3.8,139,-2.493024310163927,2.867896404846534
2017-06-10 04:00:00,24.3,85,0.0,3.3,103,-3.215421213791276,0.7423384793347552
2017-06-10 05:00:00,24.5,80,0.0,3.3,96,-3.2819222547153015,0.3449439287832573
2017-06-10 06:00:00,26.6,71,0.0,1.4,90,-1.4,1.7145055188062944e-16
2017-06-10 07:00:00,26.4,81,0.0,1.8,307,1.437543918085127,-1.083267041673687
2017-06-10 08:00:00,27.3,82,0.0,3.1,339,1.1109406435904312,-2.8940993221413254
2017-06-10 09:00:00,28.4,80,0.0,4.6,342,1.4214781741247582,-4.3748599749577055
2017-06-10 10:00:00,29.0,77,0.1,4.3,318,2.8772616073430903,-3.195522749552795
2017-06-10 11:00:00,29.2,75,0.1,2.4,243,2.138415658052083,1.0895771993749122
2017-06-10 12:00:00,29.5,71,0.1,4.6,162,-1.4214781741247577,4.374859974957706
2017-06-10 13:00:00,30.0,70,0.1,6.3,193,1.4171916423663489,6.1385314081469815
2017-06-10 14:00:00,30.1,71,0.6,9.1,252,8.654614298285896,2.8120546488120213
2017-06-10 15:00:00,27.4,79,1.0,7.6,175,-0.6623836448822026,7.571079705497266
2017-06-10 16:00:00,27.9,77,0.0,4.6,129,-3.5748714227020657,2.8948737988292517
2017-06-10 17:00:00,27.8,80,0.0,4.6,225,3.2526911934581184,3.252691193458118
2017-06-10 18:00:00,27.2,83,0.0,1.8,191,0.34345619167778085,1.7669289302057951
2017-06-10 19:00:00,26.3,90,0.0,1.9,112,-1.7616493236768958,0.7117525274902332
2017-06-10 20:00:00,26.0,87,0.0,4.1,142,-2.524212048835199,3.23084408978756
2017-06-10 21:00:00,26.0,86,0.0,3.6,135,-2.545584412271571,2.5455844122715714
2017-06-10 22:00:00,25.4,88,0.0,3.7,151,-1.793795594911447,3.236092916415765
2017-06-10 23:00:00,24.9,90,0.0,5.1,172,-0.7097828148963332,5.050367150582009
2017-06-11 00:00:00,26.8,81,0.0,0.8,117,-0.7128052193506943,0.36319239979163753
2017-06-11 01:00:00,24.6,89,0.0,5.2,65,-4.71280049259058,-2.1976149610516362
2017-06-11 02:00:00,24.1,89,0.0,5.5,67,-5.062776693988422,-2.1490212066910046
2017-06-11 03:00:00,24.0,86,0.0,5.9,76,-5.7247447850283795,-1.4273391840380383
2017-06-11 04:00:00,24.5,81,0.0,5.5,79,-5.3989495089621515,-1.049449474570996
2017-06-11 05:00:00,26.8,69,0.0,2.7,67,-2.485363104321589,-1.0549740469210387
2017-06-11 06:00:00,26.0,83,0.0,1.3,56,-1.0777488443215544,-0.7269507745119708
2017-06-11 07:00:00,26.6,80,0.0,2.5,8,-0.3479327524001646,-2.475670171853926
2017-06-11 08:00:00,27.8,77,0.0,1.9,338,0.7117525274902327,-1.761649323676896
2017-06-11 09:00:00,28.7,76,0.0,1.8,281,1.7669289302057951,-0.34345619167778063
2017-06-11 10:00:00,29.2,76,0.0,4.1,255,3.96029588778518,1.061158084920335
2017-06-11 11:00:00,29.1,78,0.0,4.9,234,3.9641832724372428,2.8801477362331185
2017-06-11 12:00:00,29.9,74,0.1,8.3,198,2.564841053312064,7.893769085249775
2017-06-11 13:00:00,27.0,82,5.3,14.1,165,-3.6493485359455438,13.619554150675864
2017-06-11 14:00:00,27.7,79,0.0,9.7,195,2.510544737494451,9.369480515003962
2017-06-11 15:00:00,27.5,81,0.0,10.6,204,4.311408416603482,9.683581851011569
2017-06-11 16:00:00,27.2,83,0.0,5.2,196,1.4333142502483958,4.998560818879258
2017-06-11 17:00:00,27.2,84,0.0,2.0,225,1.4142135623730951,1.414213562373095
2017-06-11 18:00:00,26.9,87,0.0,4.1,218,2.524212048835199,3.23084408978756
2017-06-11 19:00:00,26.3,88,0.0,2.6,214,1.4539015490239418,2.1554976886431088
2017-06-11 20:00:00,26.5,89,0.0,1.6,117,-1.4256104387013886,0.7263847995832751
2017-06-11 21:00:00,26.3,89,0.0,3.4,162,-1.050657780874821,3.2335921554035223
2017-06-11 22:00:00,26.4,87,0.0,4.5,166,-1.088648530198505,4.366330768241984
2017-06-11 23:00:00,26.0,88,0.0,4.1,165,-1.0611580849203355,3.96029588778518
2017-06-12 00:00:00,25.8,86,0.0,4.9,144,-2.880147736233118,3.9641832724372428
2017-06-12 01:00:00,25.7,84,0.0,5.0,159,-1.7918397477265013,4.667902132486009
2017-06-12 02:00:00,25.3,85,0.0,6.2,190,1.0766187015349686,6.10580806867569
2017-06-12 03:00:00,24.9,83,0.0,5.4,160,-1.8469087739586112,5.074340152243906
2017-06-12 04:00:00,24.7,80,0.0,4.3,132,-3.195522749552794,2.8772616073430908
2017-06-12 05:00:00,24.3,80,0.0,3.5,114,-3.197409101749103,1.4235782507653014
2017-06-12 06:00:00,26.2,75,0.0,2.9,90,-2.9,3.5514757175273243e-16
2017-06-12 07:00:00,27.6,69,0.0,1.4,180,8.572527594031472e-17,1.4
2017-06-12 08:00:00,28.9,68,0.0,4.8,222,3.2118269105225195,3.5670951622914924
2017-06-12 09:00:00,29.8,66,0.0,8.5,234,6.876644452187053,4.996174644486022
2017-06-12 10:00:00,30.3,65,0.0,12.2,223,8.320379992762481,8.922515159753878
2017-06-12 11:00:00,30.6,66,0.0,16.3,225,11.525840533340727,11.525840533340725
2017-06-12 12:00:00,30.6,66,0.0,18.4,215,10.553806428859248,15.072397614917447
2017-06-12 13:00:00,28.6,72,2.1,14.1,212,7.471861625688189,11.957478155805605
2017-06-12 14:00:00,26.8,82,2.5,15.5,211,7.98309016110584,13.286093160882741
2017-06-12 15:00:00,27.0,80,0.4,5.2,192,1.0811407922523493,5.086367523815789
2017-06-12 16:00:00,27.4,80,0.0,7.3,191,1.3929056662487778,7.165878439167947
2017-06-12 17:00:00,27.6,82,0.0,4.9,234,3.9641832724372428,2.8801477362331185
2017-06-12 18:00:00,26.8,88,0.0,2.9,330,1.4500000000000002,-2.5114736709748717
2017-06-12 19:00:00,26.0,91,0.0,0.4,90,-0.4,4.898587196589413e-17
2017-06-12 20:00:00,25.9,89,0.0,3.6,90,-3.6,4.4087284769304716e-16
2017-06-12 21:00:00,25.9,89,0.0,2.1,149,-1.081579957311114,1.800051331474436
2017-06-12 22:00:00,25.8,89,0.0,4.3,270,4.3,0.0
2017-06-12 23:00:00,25.0,94,0.0,4.2,200,1.436484601967809,3.9467090073008153
2017-06-13 00:00:00,25.0,96,0.0,8.1,193,1.8221035401853058,7.892397524760405
2017-06-13 01:00:00,25.2,90,0.0,11.6,202,4.345436483624579,10.755332712974734
2017-06-13 02:00:00,25.3,85,0.0,8.6,182,0.3001356716415093,8.594761112364223
2017-06-13 03:00:00,24.7,83,0.0,5.2,164,-1.433314250248395,4.998560818879258
2017-06-13 04:00:00,26.5,69,0.0,1.8,90,-1.8,2.2043642384652358e-16
2017-06-13 05:00:00,24.8,80,0.0,2.4,117,-2.138415658052083,1.0895771993749124
2017-06-13 06:00:00,25.4,76,0.0,5.8,150,-2.8999999999999986,5.022947341949744
2017-06-13 07:00:00,27.5,71,0.0,6.0,205,2.5357095704441965,5.437846722219899
2017-06-13 08:00:00,28.8,72,0.0,2.9,330,1.4500000000000002,-2.5114736709748717
2017-06-13 09:00:00,30.4,66,0.0,8.1,238,6.86918957886705,4.29234604028896
2017-06-13 10:00:00,31.5,56,0.0,19.2,206,8.416726018350287,17.256845688944008
2017-06-13 11:00:00,31.3,57,0.0,21.4,200,7.319231067169312,20.109422084818437
2017-06-13 12:00:00,31.4,58,0.0,20.9,204,8.500795840284225,19.093100064730358
2017-06-13 13:00:00,30.4,64,0.0,22.6,214,12.637759618438878,18.736249139743943
2017-06-13 14:00:00,29.9,68,0.0,23.1,214,12.917356070174252,19.150767926021466
2017-06-13 15:00:00,29.2,68,0.0,21.9,194,5.298089513632721,21.249476405444323
2017-06-13 16:00:00,29.0,69,0.0,19.9,193,4.4765259814429115,19.38996428922618
2017-06-13 17:00:00,29.0,67,0.0,17.2,200,5.882746465201503,16.162713077517623
2017-06-13 18:00:00,27.9,68,0.0,17.6,206,7.715332183487764,15.818775214865342
2017-06-13 19:00:00,27.0,70,0.0,16.9,218,10.404678933003625,13.317381735953601
2017-06-13 20:00:00,26.8,64,0.0,13.8,187,1.6817969389910354,13.697136892650244
2017-06-13 21:00:00,27.7,59,0.0,15.3,188,2.129348444689002,15.151101451746028
2017-06-13 22:00:00,27.9,57,0.0,15.3,188,2.129348444689002,15.151101451746028
2017-06-13 23:00:00,27.6,58,0.0,13.8,189,2.158795617555187,13.630099100212902
2017-06-14 00:00:00,27.3,59,0.0,14.7,197,4.2978640594242306,14.05767991265662
2017-06-14 01:00:00,26.8,62,0.0,16.5,200,5.643332364873536,15.504928242967488
2017-06-14 02:00:00,25.5,68,0.1,15.0,201,5.375519243179506,14.003706397458027
2017-06-14 03:00:00,25.3,69,0.1,15.9,186,1.66200256595569,15.812898136355546
2017-06-14 04:00:00,25.8,67,0.0,12.1,197,3.5376976271451146,11.571287547152728
2017-06-14 05:00:00,25.2,71,0.2,11.9,215,6.8255595925774495,9.747909327039002
2017-06-14 06:00:00,24.2,80,0.4,13.8,213,7.516018683207374,11.573653837646852
2017-06-14 07:00:00,24.4,86,0.7000000000000001,10.8,201,3.870373855089244,10.08266860616978
2017-06-14 08:00:00,26.0,75,1.2,8.7,185,0.7582549619046257,8.666893873398186
2017-06-14 09:00:00,25.8,79,4.1,9.4,182,0.3280552690035102,9.394273773979501
2017-06-14 10:00:00,25.6,83,4.8,9.2,211,4.738350289172498,7.8859391664594325
2017-06-14 11:00:00,25.6,90,2.8,14.6,213,7.951729911219395,12.24459029200319
2017-06-14 12:00:00,24.2,93,3.5,14.6,196,4.024305394928188,14.034420760699456
2017-06-14 13:00:00,25.3,85,2.7,18.3,190,3.177761651304827,18.02198188012341
2017-06-14 14:00:00,24.4,88,4.4,16.2,193,3.6442070803706117,15.78479504952081
2017-06-14 15:00:00,24.3,85,3.7,17.3,182,0.6037612929532687,17.289461307430358
2017-06-14 16:00:00,24.5,84,2.2,15.6,161,-5.078863209531644,14.750089779349343
2017-06-14 17:00:00,24.5,83,1.7000000000000002,13.3,167,-2.991849022773405,12.959121861643629
2017-06-14 18:00:00,24.5,81,1.5,15.1,152,-7.089020598066953,13.332508652169796
2017-06-14 19:00:00,24.3,80,0.7000000000000001,17.7,160,-6.053756536864336,16.63255938791058
2017-06-14 20:00:00,25.2,63,0.3,11.1,151,-5.381386784734341,9.708278749247294
2017-06-14 21:00:00,25.0,67,0.0,5.8,173,-0.7068421917498547,5.756767679519668
2017-06-14 22:00:00,24.7,68,0.1,5.5,148,-2.914555953282626,4.664264528860343
2017-06-14 23:00:00,24.4,71,0.1,4.3,138,-2.8772616073430903,3.195522749552795
2017-06-15 00:00:00,24.6,69,0.1,5.5,169,-1.0494494745709964,5.3989495089621515
2017-06-15 01:00:00,24.2,73,0.1,5.6,207,2.542346798541462,4.989636535454859
2017-06-15 02:00:00,23.9,78,0.1,5.7,198,1.7613968679372005,5.421022142882375
2017-06-15 03:00:00,23.7,77,0.0,5.8,202,2.1727182418122895,5.377666356487367
2017-06-15 04:00:00,23.7,75,0.1,8.5,192,1.7672493719509554,8.314254606237347
2017-06-15 05:00:00,22.7,86,0.8,4.7,176,-0.3278554265973891,4.688551036221174
2017-06-15 06:00:00,22.9,87,1.2,7.4,166,-1.7902220274375418,7.180188374442374
2017-06-15 07:00:00,23.7,82,0.2,11.4,198,3.522793735874401,10.84204428576475
2017-06-15 08:00:00,23.9,86,0.2,8.2,209,3.975438886019964,7.171881598543044
2017-06-15 09:00:00,24.7,84,0.4,11.7,214,6.542556970607737,9.699739598893988
2017-06-15 10:00:00,24.8,86,2.7,11.5,221,7.544678833390834,8.679160172561879
2017-06-15 11:00:00,24.9,89,1.5,11.2,213,6.099957192168303,9.393110360988748
2017-06-15 12:00:00,24.9,90,2.5,13.5,209,6.544929873325551,11.807366046381842
2017-06-15 13:00:00,25.0,89,2.4,14.0,203,5.470235798849832,12.887067948334165
2017-06-15 14:00:00,24.8,88,2.6,15.3,204,6.223070639059744,13.977245501931794
2017-06-15 15:00:00,24.9,89,0.9,17.1,198,5.284190603811602,16.263066428647125
2017-06-15 16:00:00,25.7,83,0.2,18.0,200,6.156362579862039,16.91446717414635
2017-06-15 17:00:00,25.2,82,0.2,17.9,195,4.632860907335121,17.290072290574322
2017-06-15 18:00:00,24.5,85,0.6,16.1,190,2.79573566043758,15.855404823496551
2017-06-15 19:00:00,23.7,90,0.9,16.2,201,5.805560782633866,15.124002909254667
2017-06-15 20:00:00,24.3,84,0.8,9.7,225,6.858935777509511,6.85893577750951
2017-06-15 21:00:00,23.5,90,0.6,11.8,203,4.61062731617343,10.861957270738797
2017-06-15 22:00:00,23.1,90,0.4,9.9,199,3.223124729125852,9.360633898433235
2017-06-15 23:00:00,23.7,82,0.4,10.8,176,-0.7533699164365536,10.773691742806102
2017-06-16 00:00:00,23.8,82,0.1,11.5,184,0.8021994480574401,11.471986577987979
2017-06-16 01:00:00,23.7,83,0.1,10.4,182,0.36295476570601126,10.393664600998596
2017-06-16 02:00:00,23.1,86,0.4,6.1,183,0.3192493330819582,6.0916401620029
2017-06-16 03:00:00,23.1,86,0.6,6.6,171,-1.0324674692655234,6.518743047927909
2017-06-16 04:00:00,23.6,80,0.2,8.1,212,4.29234604028896,6.86918957886705
2017-06-16 05:00:00,23.4,81,0.2,8.6,182,0.3001356716415093,8.594761112364223
2017-06-16 06:00:00,23.9,79,0.0,6.8,180,4.1637991171010006e-16,6.8
2017-06-16 07:00:00,24.8,78,0.0,6.4,196,1.7640790772287946,6.1520748540052415
2017-06-16 08:00:00,25.9,79,0.0,7.3,200,2.4967470462773824,6.8597561317371305
2017-06-16 09:00:00,27.4,76,0.0,10.0,218,6.156614753256583,7.88010753606722
2017-06-16 10:00:00,27.5,74,0.0,11.7,214,6.542556970607737,9.699739598893988
2017-06-16 11:00:00,27.3,79,0.0,12.0,221,7.872708347886087,9.056514962673264
2017-06-16 12:00:00,27.7,75,0.0,17.9,208,8.403540973867445,15.80476191217479
2017-06-16 13:00:00,28.3,67,0.0,19.0,207,8.62581949505139,16.929123959578988
2017-06-16 14:00:00,27.3,76,0.8,17.1,205,7.226772275765961,15.497863158326716
2017-06-16 15:00:00,25.5,78,1.5,18.2,214,10.177310843167591,15.088483820501759
2017-06-16 16:00:00,24.9,87,2.2,12.2,182,0.42577385977051313,12.192568089632967
2017-06-16 17:00:00,24.6,88,2.8,14.7,197,4.2978640594242306,14.05767991265662
2017-06-16 18:00:00,23.9,92,1.1,14.3,219,8.999281592012677,11.113187248834684
2017-06-16 19:00:00,23.4,92,2.7,14.6,189,2.2839431895873714,14.420249772689012
2017-06-16 20:00:00,24.5,78,1.4,8.5,168,-1.7672493719509543,8.314254606237348
2017-06-16 21:00:00,25.2,72,0.0,7.4,166,-1.7902220274375418,7.180188374442374
2017-06-16 22:00:00,25.0,73,0.0,8.4,211,4.326319829244455,7.200205325897744
2017-06-16 23:00:00,24.4,77,0.1,12.2,204,4.962187045524762,11.14525458323973
2017-06-17 00:00:00,23.1,87,0.7000000000000001,12.4,216,7.288537128426667,10.031810730249349
2017-06-17 01:00:00,22.8,88,2.2,8.8,192,1.8296228791962834,8.60769888645749
2017-06-17 02:00:00,22.5,91,4.5,13.9,217,8.365228821813472,11.101033589657371
2017-06-17 03:00:00,22.8,88,3.3,15.5,180,9.491012693391988e-16,15.5
2017-06-17 04:00:00,22.6,90,2.5,12.7,187,1.547740661245373,12.605336125844788
2017-06-17 05:00:00,23.1,88,2.1,19.8,170,-3.43823391780522,19.49919350964172
2017-06-17 06:00:00,23.6,88,2.0,13.8,171,-2.1587956175551852,13.630099100212902
2017-06-17 07:00:00,24.0,89,1.4,12.8,196,3.5281581544575893,12.304149708010483
2017-06-17 08:00:00,23.7,90,1.9,15.2,173,-1.85241401975824,15.086701504948095
2017-06-17 09:00:00,24.6,90,3.5,12.6,175,-1.0981623586204938,12.552053195955994
2017-06-17 10:00:00,23.7,93,5.8,16.2,197,4.736421616508335,15.492137046601174
2017-06-17 11:00:00,23.1,98,11.5,23.7,190,4.11546181070625,23.33994374638933
2017-06-17 12:00:00,22.8,97,15.6,15.4,191,2.9384585287987917,15.117058625094026
2017-06-17 13:00:00,22.9,99,7.1,21.5,189,3.363340998364965,21.235299322795463
2017-06-17 14:00:00,23.7,93,2.4,15.5,179,-0.27051229977789387,15.497639274924065
2017-06-17 15:00:00,23.9,92,2.2,18.5,188,2.574702367761211,18.319959271719053
2017-06-17 16:00:00,24.2,90,2.5,16.8,190,2.9172893848044312,16.544770250605094
2017-06-17 17:00:00,24.0,92,3.0,14.5,207,6.582862246223429,12.919594600731333
2017-06-17 18:00:00,24.3,88,4.1,16.4,206,7.18928680734087,14.740222359306339
2017-06-17 19:00:00,24.1,87,4.6,18.8,206,8.241377559634657,16.89732807042434
2017-06-17 20:00:00,23.5,96,4.4,2.7,67,-2.485363104321589,-1.0549740469210387
2017-06-17 21:00:00,23.6,95,0.6,2.9,263,2.8783838397598336,0.35342109587492765
2017-06-17 22:00:00,23.1,92,1.3,6.3,193,1.4171916423663489,6.1385314081469815
2017-06-17 23:00:00,22.8,89,1.1,8.1,212,4.29234604028896,6.86918957886705
2017-06-18 00:00:00,22.8,92,0.3,8.0,190,1.3891854213354433,7.878462024097664
2017-06-18 01:00:00,22.7,91,0.1,5.1,184,0.35575801609503865,5.087576656325103
2017-06-18 02:00:00,23.6,84,0.0,0.5,45,-0.35355339059327384,-0.35355339059327373
2017-06-18 03:00:00,23.0,86,0.0,1.6,63,-1.4256104387013888,-0.7263847995832747
2017-06-18 04:00:00,24.3,79,0.8,0.5,45,-0.35355339059327384,-0.35355339059327373
2017-06-18 05:00:00,22.5,88,0.2,4.9,216,2.8801477362331185,3.9641832724372428
2017-06-18 06:00:00,22.7,86,0.5,8.0,198,2.4721359549995796,7.608452130361228
2017-06-18 07:00:00,23.8,82,1.1,9.1,214,5.088655421583796,7.5442419102508795
2017-06-18 08:00:00,24.6,80,0.1,2.9,83,-2.878383839759834,-0.3534210958749272
2017-06-18 09:00:00,25.7,80,0.3,4.3,246,3.9282454678631837,1.7489675652259409
2017-06-18 10:00:00,27.7,76,0.9,8.1,257,7.892397524760405,1.8221035401853065
2017-06-18 11:00:00,27.9,76,0.5,9.0,268,8.994517443171862,0.31409547032250873
2017-06-18 12:00:00,28.0,72,0.0,16.1,241,14.081377284944272,7.805434885966028
2017-06-18 13:00:00,26.9,82,0.1,14.8,223,10.093575728924979,10.824034783963723
2017-06-18 14:00:00,27.0,82,0.3,15.0,226,10.790097005079767,10.419875556884959
2017-06-18 15:00:00,26.3,84,0.5,15.2,216,8.93433583484559,12.2970583144992
2017-06-18 16:00:00,25.6,86,0.2,15.9,205,6.719630361677122,14.410293813882735
2017-06-18 17:00:00,26.3,77,0.0,10.5,186,1.0975488643103612,10.44247990136687
2017-06-18 18:00:00,25.7,74,0.0,6.3,211,3.244739871933341,5.400153994423308
2017-06-18 19:00:00,24.7,79,0.2,8.4,211,4.326319829244455,7.200205325897744
2017-06-18 20:00:00,24.1,91,0.0,5.1,176,-0.35575801609503915,5.087576656325103
2017-06-18 21:00:00,23.2,93,0.0,6.0,205,2.5357095704441965,5.437846722219899
2017-06-18 22:00:00,23.3,87,0.0,6.0,197,1.7542302283364206,5.737828535778212
2017-06-18 23:00:00,23.4,80,0.0,6.3,204,2.5624408513775414,5.755336383148386
2017-06-19 00:00:00,23.3,78,0.0,5.9,194,1.4273391840380394,5.7247447850283795
2017-06-19 01:00:00,22.7,83,0.0,6.9,219,4.342310698243879,5.3623071340531
2017-06-19 02:00:00,24.1,71,0.0,4.7,157,-1.8364363038995868,4.326372811226469
2017-06-19 03:00:00,22.5,77,0.0,6.5,174,-0.6794350112397481,6.4643923198937765
2017-06-19 04:00:00,22.9,70,0.0,6.5,186,0.6794350112397475,6.4643923198937765
2017-06-19 05:00:00,22.3,77,0.0,8.3,175,-0.7233926648055634,8.268415994161488
2017-06-19 06:00:00,23.8,74,0.0,4.7,180,2.8779199779962803e-16,4.7
2017-06-19 07:00:00,24.8,74,0.2,9.1,187,1.1090110249868421,9.032169979936029
2017-06-19 08:00:00,26.5,65,0.1,5.8,184,0.40458754771592637,5.78587149150698
2017-06-19 09:00:00,27.7,68,0.0,13.8,213,7.516018683207374,11.573653837646852
2017-06-19 10:00:00,28.5,68,0.0,19.1,212,10.121457946854214,16.197718636587737
2017-06-19 11:00:00,28.3,71,0.0,18.8,216,11.050362743098495,15.209519494249014
2017-06-19 12:00:00,27.8,75,0.0,16.6,214,9.282602197614398,13.762023704413695
2017-06-19 13:00:00,27.6,76,0.0,17.1,221,11.218609395737674,12.905533821809403
2017-06-19 14:00:00,26.7,78,0.1,16.7,205,7.05772497106968,15.135340043512054
2017-06-19 15:00:00,27.0,77,0.0,13.3,199,4.330056454280185,12.575397055470914
2017-06-19 16:00:00,26.7,76,0.0,12.9,203,5.040431557511631,11.874512609536481
2017-06-19 17:00:00,27.0,76,0.0,13.2,202,4.944807033090037,12.238826880281593
2017-06-19 18:00:00,26.4,77,0.0,10.8,201,3.870373855089244,10.08266860616978
2017-06-19 19:00:00,25.6,80,0.0,10.4,214,5.815606196095767,8.621990754572435
2017-06-19 20:00:00,24.5,89,0.0,4.8,132,-3.567095162291491,3.21182691052252
2017-06-19 21:00:00,25.4,80,0.0,7.2,186,0.752604935527105,7.160557646651568
2017-06-19 22:00:00,25.8,71,0.0,9.3,196,2.5634274090980926,8.939733772226367
2017-06-19 23:00:00,25.6,69,0.0,9.7,202,3.633683956134346,8.993683389297837
2017-06-20 00:00:00,24.6,74,0.0,7.8,193,1.7546182238821464,7.6000865053248345
2017-06-20 01:00:00,25.1,69,0.0,10.0,195,2.5881904510252074,9.659258262890683
2017-06-20 02:00:00,24.8,64,0.0,8.4,200,2.872969203935618,7.893418014601631
2017-06-20 03:00:00,24.6,59,0.0,8.2,195,2.12231616984067,7.92059177557036
2017-06-20 04:00:00,24.1,57,0.4,6.9,171,-1.0793978087775926,6.815049550106451
2017-06-20 05:00:00,23.7,60,0.0,6.1,180,3.735172737399427e-16,6.1
2017-06-20 06:00:00,24.3,64,0.0,6.6,193,1.4846769586695083,6.430842427582553
2017-06-20 07:00:00,25.6,66,0.0,8.9,201,3.1894747509531736,8.308865795825096
2017-06-20 08:00:00,26.0,66,0.0,10.5,211,5.407899786555569,9.00025665737218
2017-06-20 09:00:00,26.9,72,0.1,13.5,224,9.377888001196464,9.71108730457179
2017-06-20 10:00:00,27.5,74,0.0,10.9,224,7.57177623800307,7.840803823691297
2017-06-20 11:00:00,27.6,79,0.0,15.1,232,11.8989623794615,9.29648827741744
2017-06-20 12:00:00,28.1,71,0.0,18.7,218,11.51286958858981,14.735801092445701
2017-06-20 13:00:00,29.0,67,0.0,20.3,210,10.150000000000002,17.580315696824105
2017-06-20 14:00:00,28.8,67,0.0,19.8,209,9.599230480877475,17.317470201360035
2017-06-20 15:00:00,28.3,71,0.0,17.4,210,8.700000000000001,15.06884202584923
2017-06-20 16:00:00,28.0,72,0.0,14.9,212,7.895797037074753,12.635916632730748
2017-06-20 17:00:00,27.2,74,0.0,13.2,209,6.39948698725165,11.544980134240022
2017-06-20 18:00:00,26.6,78,0.0,10.9,214,6.09520264783114,9.036509540849956
2017-06-20 19:00:00,24.8,86,0.0,6.6,209,3.199743493625825,5.772490067120011
2017-06-20 20:00:00,25.1,90,0.0,5.4,143,-3.2498011250210617,4.312631754255381
2017-06-20 21:00:00,25.9,80,0.0,10.2,198,3.151973342624464,9.700776466210565
2017-06-20 22:00:00,25.9,76,0.0,13.2,197,3.859306502340125,12.623222778712067
2017-06-20 23:00:00,26.0,72,0.0,13.2,202,4.944807033090037,12.238826880281593
2017-06-21 00:00:00,25.5,73,0.0,12.7,209,6.157082177128481,11.107670280670325
2017-06-21 01:00:00,25.3,73,0.0,11.8,200,4.035837691242892,11.088372925273719
2017-06-21 02:00:00,24.9,73,0.0,10.8,195,2.795245687107224,10.431998923921938
2017-06-21 03:00:00,24.7,71,0.0,8.0,188,1.1133848076805237,7.922144549932563
2017-06-21 04:00:00,24.1,70,0.0,6.1,177,-0.3192493330819574,6.0916401620029
2017-06-21 05:00:00,23.5,74,0.0,8.1,193,1.8221035401853058,7.892397524760405
2017-06-21 06:00:00,24.5,68,0.0,5.5,169,-1.0494494745709964,5.3989495089621515
2017-06-21 07:00:00,25.7,66,0.0,8.8,215,5.0474726398892065,7.208537989743128
2017-06-21 08:00:00,26.4,67,0.0,7.2,198,2.224922359499622,6.8476069173251055
2017-06-21 09:00:00,27.5,69,0.0,11.0,212,5.829111906565254,9.328529057720685
2017-06-21 10:00:00,28.8,66,0.0,16.1,209,7.8054348859660285,14.081377284944272
2017-06-21 11:00:00,29.6,66,0.0,19.5,208,9.154695474324871,17.217478060749073
2017-06-21 12:00:00,29.9,66,0.0,21.4,213,11.65527534932158,17.947550154032072
2017-06-21 13:00:00,29.9,66,0.0,21.8,211,11.227830033039181,18.68624715530605
2017-06-21 14:00:00,30.0,64,0.0,21.6,208,10.140585756175243,19.071668005752823
2017-06-21 15:00:00,29.5,66,0.0,20.0,203,7.814622569785474,18.410097069048806
2017-06-21 16:00:00,28.8,71,0.0,17.2,209,8.338725468236998,15.043458962797606
2017-06-21 17:00:00,28.3,75,0.0,14.9,217,8.967043844965522,11.899669099704663
2017-06-21 18:00:00,27.3,80,0.0,9.5,209,4.605691392340202,8.30888721782426
2017-06-21 19:00:00,26.2,84,0.0,6.5,186,0.6794350112397475,6.4643923198937765
2017-06-21 20:00:00,25.2,89,0.0,4.0,117,-3.564026096753471,1.8159619989581874
2017-06-21 21:00:00,25.0,88,0.0,3.3,131,-2.4905416147351476,2.1649947956686737
2017-06-21 22:00:00,24.4,88,0.0,6.5,180,3.9801020972288977e-16,6.5
2017-06-21 23:00:00,24.3,87,0.0,6.5,174,-0.6794350112397481,6.4643923198937765
2017-06-22 00:00:00,24.6,83,0.0,6.1,177,-0.3192493330819574,6.0916401620029
2017-06-22 01:00:00,24.0,84,0.0,7.2,186,0.752604935527105,7.160557646651568
2017-06-22 02:00:00,23.5,84,0.0,7.3,169,-1.392905666248777,7.165878439167947
2017-06-22 03:00:00,25.0,71,0.0,5.8,173,-0.7068421917498547,5.756767679519668
2017-06-22 04:00:00,23.7,76,0.0,6.9,186,0.7212463965468089,6.862201078041086
2017-06-22 05:00:00,23.0,75,0.0,7.8,167,-1.7546182238821473,7.6000865053248345
2017-06-22 06:00:00,24.7,71,0.0,5.4,176,-0.3766849582182768,5.386845871403051
2017-06-22 07:00:00,26.5,66,0.0,4.7,184,0.3278554265973886,4.688551036221174
2017-06-22 08:00:00,27.9,59,0.0,5.9,218,3.6324027044213842,4.64926344627966
2017-06-22 09:00:00,28.8,65,0.0,10.5,218,6.464445490919412,8.274112912870581
2017-06-22 10:00:00,29.6,67,0.0,14.9,212,7.895797037074753,12.635916632730748
2017-06-22 11:00:00,30.4,66,0.0,16.0,216,9.40456403667957,12.94427190999916
2017-06-22 12:00:00,30.8,65,0.0,15.8,223,10.775574088987476,11.555388485582894
2017-06-22 13:00:00,30.6,65,0.0,16.8,223,11.457572449049975,12.286742187202064
2017-06-22 14:00:00,30.1,68,0.0,15.4,233,12.29898685472831,9.267951356541543
2017-06-22 15:00:00,29.3,73,0.8,12.5,224,8.683229630737465,8.991747504233139
2017-06-22 16:00:00,29.1,72,0.6,12.2,208,5.727553065987868,10.771960632878907
2017-06-22 17:00:00,28.4,77,0.0,10.4,224,7.224447052773572,7.481133923521972
2017-06-22 18:00:00,27.5,83,0.0,7.1,225,5.020458146424487,5.020458146424486
2017-06-22 19:00:00,26.4,87,0.0,6.2,216,3.6442685642133337,5.0159053651246746
2017-06-22 20:00:00,25.6,91,0.0,4.6,141,-2.894873798829251,3.5748714227020666
2017-06-22 21:00:00,25.9,88,0.0,3.3,139,-2.1649947956686737,2.490541614735148
2017-06-22 22:00:00,25.3,89,0.0,4.2,160,-1.4364846019678086,3.9467090073008158
2017-06-22 23:00:00,25.1,88,0.0,4.2,149,-2.163159914622228,3.600102662948872
2017-06-23 00:00:00,24.5,88,0.0,4.4,145,-2.5237363199446032,3.6042689948715636
2017-06-23 01:00:00,24.5,86,0.0,4.7,157,-1.8364363038995868,4.326372811226469
2017-06-23 02:00:00,24.3,85,0.0,5.8,158,-2.17271824181229,5.377666356487367
2017-06-23 03:00:00,23.9,87,0.0,7.0,192,1.4553818357243162,6.847033205136639
2017-06-23 04:00:00,24.0,86,0.0,5.5,191,1.049449474570997,5.3989495089621515
2017-06-23 05:00:00,23.6,89,0.0,5.9,194,1.4273391840380394,5.7247447850283795
2017-06-23 06:00:00,25.0,87,0.0,3.3,174,-0.3449439287832567,3.2819222547153015
2017-06-23 07:00:00,26.1,85,0.0,4.8,193,1.0797650608505516,4.676976310969129
2017-06-23 08:00:00,27.0,83,0.0,5.4,228,4.012982057577929,3.6133052743378347
2017-06-23 09:00:00,28.1,78,0.0,7.9,227,5.777694242791447,5.387787044493738
2017-06-23 10:00:00,28.6,74,0.0,10.5,221,6.888619804400326,7.924450592339106
2017-06-23 11:00:00,29.3,72,0.0,13.0,224,9.030558815966964,9.351417404402465
2017-06-23 12:00:00,29.3,72,0.0,14.3,227,10.458357933154138,9.752576548893728
2017-06-23 13:00:00,29.4,72,0.1,14.3,227,10.458357933154138,9.752576548893728
2017-06-23 14:00:00,27.8,79,1.2,11.4,193,2.5644420195200603,11.107818738551682
2017-06-23 15:00:00,28.3,78,0.2,12.0,226,8.632077604063815,8.335900445507967
2017-06-23 16:00:00,27.2,80,2.5,8.2,151,-3.975438886019963,7.171881598543045
2017-06-23 17:00:00,26.5,85,0.2,6.9,174,-0.7212463965468096,6.862201078041086
2017-06-23 18:00:00,26.5,85,0.0,6.0,163,-1.75423022833642,5.737828535778213
2017-06-23 19:00:00,25.4,88,0.0,4.7,171,-0.7352419856890848,4.6421352007971475
2017-06-23 20:00:00,25.2,88,0.0,5.8,176,-0.4045875477159269,5.78587149150698
2017-06-23 21:00:00,25.3,86,0.0,3.6,127,-2.8750878361702545,2.1665340833473734
2017-06-23 22:00:00,25.0,84,0.0,2.9,120,-2.511473670974872,1.4499999999999997
2017-06-23 23:00:00,24.8,83,0.0,4.2,160,-1.4364846019678086,3.9467090073008158
2017-06-24 00:00:00,24.8,83,0.0,5.2,168,-1.0811407922523486,5.08636752381579
2017-06-24 01:00:00,24.9,81,0.0,5.8,176,-0.4045875477159269,5.78587149150698
2017-06-24 02:00:00,24.6,82,0.0,6.5,180,3.9801020972288977e-16,6.5
2017-06-24 03:00:00,24.6,81,0.0,7.2,186,0.752604935527105,7.160557646651568
2017-06-24 04:00:00,24.2,83,0.0,6.6,193,1.4846769586695083,6.430842427582553
2017-06-24 05:00:00,23.4,87,0.0,5.9,191,1.125773072721615,5.791600382341218
2017-06-24 06:00:00,24.7,83,0.0,4.7,171,-0.7352419856890848,4.6421352007971475
2017-06-24 07:00:00,26.1,80,0.0,5.5,212,2.914555953282627,4.664264528860342
2017-06-24 08:00:00,27.3,77,0.0,10.0,206,4.383711467890775,8.98794046299167
2017-06-24 09:00:00,28.6,73,0.0,15.6,209,7.563030075842859,13.644067431374573
2017-06-24 10:00:00,29.2,70,0.0,18.6,212,9.856498314737612,15.773694588509525
2017-06-24 11:00:00,29.4,69,0.0,19.5,210,9.750000000000002,16.887495373796554
2017-06-24 12:00:00,29.8,68,0.0,18.8,216,11.050362743098495,15.209519494249014
2017-06-24 13:00:00,28.7,75,0.0,20.4,216,11.990819146766452,16.503946685248927
2017-06-24 14:00:00,28.7,74,0.0,18.5,217,11.133577928312896,14.774756935874917
2017-06-24 15:00:00,27.8,81,1.5,15.9,218,9.789017457677968,12.52937098234688
2017-06-24 16:00:00,27.7,81,0.1,12.9,198,3.986319227436822,12.26862906020748
2017-06-24 17:00:00,26.7,81,0.2,13.7,180,8.388830574159369e-16,13.7
2017-06-24 18:00:00,26.7,80,0.0,11.4,193,2.5644420195200603,11.107818738551682
2017-06-24 19:00:00,26.0,83,0.0,8.0,207,3.6319239979163744,7.128052193506942
2017-06-24 20:00:00,25.3,86,0.0,5.7,162,-1.7613968679371999,5.421022142882376
2017-06-24 21:00:00,25.7,83,0.0,6.5,177,-0.34018371557913496,6.49109197590473
2017-06-24 22:00:00,25.6,82,0.0,7.3,189,1.1419715947936857,7.210124886344506
2017-06-24 23:00:00,25.4,82,0.0,9.8,197,2.8652427062828205,9.371786608437748
2017-06-25 00:00:00,25.0,84,0.0,7.1,195,1.8376152202278973,6.858073366652385
2017-06-25 01:00:00,24.7,87,0.0,5.9,194,1.4273391840380394,5.7247447850283795
2017-06-25 02:00:00,24.4,89,0.0,6.2,187,0.7555899291119145,6.153786140176196
2017-06-25 03:00:00,24.4,88,0.0,6.9,189,1.0793978087775935,6.815049550106451
2017-06-25 04:00:00,24.5,84,0.0,7.7,191,1.4692292643993958,7.558529312547013
2017-06-25 05:00:00,24.6,80,0.0,8.2,195,2.12231616984067,7.92059177557036
2017-06-25 06:00:00,24.8,82,0.0,8.0,190,1.3891854213354433,7.878462024097664
2017-06-25 07:00:00,26.0,83,0.0,9.0,209,4.363286582217034,7.871577364254562
2017-06-25 08:00:00,27.4,78,0.0,10.7,220,6.877827423645971,8.196675541373065
2017-06-25 09:00:00,28.3,75,0.1,14.2,210,7.100000000000001,12.297560733739028
2017-06-25 10:00:00,29.0,74,0.1,15.8,210,7.900000000000002,13.68320137979413
2017-06-25 11:00:00,29.4,78,0.1,17.0,201,6.092255142270107,15.870867250452429
2017-06-25 12:00:00,30.0,76,0.3,17.8,212,9.432562903351048,15.095256111584384
2017-06-25 13:00:00,28.7,74,0.3,20.5,202,7.679435165026195,19.00726901861914
2017-06-25 14:00:00,29.3,71,0.1,16.9,200,5.780140422203803,15.880805291281849
2017-06-25 15:00:00,29.0,72,0.0,15.8,210,7.900000000000002,13.68320137979413
2017-06-25 16:00:00,28.7,71,0.2,15.3,204,6.223070639059744,13.977245501931794
2017-06-25 17:00:00,28.3,74,0.0,14.2,204,5.775660331676363,12.972345498524932
2017-06-25 18:00:00,27.4,80,0.0,11.7,214,6.542556970607737,9.699739598893988
2017-06-25 19:00:00,26.4,84,0.0,9.1,189,1.4235536318661013,8.987963899415753
2017-06-25 20:00:00,26.5,82,0.0,9.8,174,-1.024378940023005,9.746314574609078
2017-06-25 21:00:00,26.6,80,0.0,9.1,189,1.4235536318661013,8.987963899415753
2017-06-25 22:00:00,26.0,85,0.0,7.9,210,3.950000000000001,6.841600689897065
2017-06-25 23:00:00,25.7,87,0.0,10.0,201,3.583679495453004,9.335804264972017
2017-06-26 00:00:00,25.5,84,0.0,9.6,193,2.159530121701103,9.353952621938259
2017-06-26 01:00:00,25.3,78,0.0,8.6,180,5.265981236333618e-16,8.6
2017-06-26 02:00:00,25.5,72,0.0,9.4,187,1.1455718280083864,9.329933825428427
2017-06-26 03:00:00,25.2,71,0.0,9.2,201,3.2969851358167634,8.588939923774255
2017-06-26 04:00:00,24.9,72,0.0,8.7,187,1.060263287624783,8.6351515192795
2017-06-26 05:00:00,24.8,73,0.0,8.8,168,-1.8296228791962823,8.607698886457491
2017-06-26 06:00:00,25.2,73,0.0,7.8,167,-1.7546182238821473,7.6000865053248345
2017-06-26 07:00:00,26.3,73,0.0,8.4,190,1.4586446924022156,8.272385125302547
2017-06-26 08:00:00,27.6,69,0.0,11.6,196,3.19739332747719,11.1506356728845
2017-06-26 09:00:00,28.4,67,0.0,13.2,197,3.859306502340125,12.623222778712067
2017-06-26 10:00:00,29.1,68,0.0,13.4,204,5.450271017215723,12.241509132410853
2017-06-26 11:00:00,29.5,68,0.1,13.5,209,6.544929873325551,11.807366046381842
2017-06-26 12:00:00,30.0,67,0.0,14.7,216,8.640443208699354,11.892549817311727
2017-06-26 13:00:00,29.5,67,1.1,16.1,222,10.773002762377619,11.964631690186048
2017-06-26 14:00:00,29.1,72,1.9,13.8,227,10.092681082344553,9.41157736886248
2017-06-26 15:00:00,28.6,71,0.6,12.3,212,6.518006950068421,10.43099158272404
2017-06-26 16:00:00,27.9,75,0.0,12.1,210,6.050000000000002,10.478907385791707
2017-06-26 17:00:00,27.8,75,0.0,9.4,184,0.6557108531947772,9.377102072442348
2017-06-26 18:00:00,26.9,79,0.0,7.4,219,4.656970893768798,5.750880114781585
2017-06-26 19:00:00,25.3,89,0.0,5.6,195,1.4493866525741161,5.4091846272187825
2017-06-26 20:00:00,25.7,83,0.0,5.4,143,-3.2498011250210617,4.312631754255381
2017-06-26 21:00:00,25.9,77,0.0,6.0,155,-2.535709570444196,5.4378467222199
2017-06-26 22:00:00,25.3,78,0.0,6.1,183,0.3192493330819582,6.0916401620029
2017-06-26 23:00:00,24.9,79,0.0,6.5,183,0.3401837155791358,6.49109197590473
2017-06-27 00:00:00,25.2,75,0.0,6.4,164,-1.764079077228794,6.1520748540052415
2017-06-27 01:00:00,25.0,77,0.0,5.9,169,-1.1257730727216144,5.791600382341218
2017-06-27 02:00:00,25.0,76,0.0,6.1,177,-0.3192493330819574,6.0916401620029
2017-06-27 03:00:00,24.9,75,0.0,6.2,173,-0.7555899291119137,6.153786140176197
2017-06-27 04:00:00,25.1,72,0.0,7.0,168,-1.4553818357243153,6.84703320513664
2017-06-27 05:00:00,25.0,72,0.0,7.2,180,4.4087284769304716e-16,7.2
2017-06-27 06:00:00,25.2,76,0.0,6.2,170,-1.076618701534968,6.10580806867569
2017-06-27 07:00:00,26.4,75,0.0,6.5,183,0.3401837155791358,6.49109197590473
2017-06-27 08:00:00,27.5,70,0.0,8.6,195,2.2258437878816784,8.306962106085987
2017-06-27 09:00:00,28.5,68,0.0,10.0,201,3.583679495453004,9.335804264972017
2017-06-27 10:00:00,29.2,68,0.0,9.7,211,4.995869326627525,8.31452281681049
2017-06-27 11:00:00,29.6,70,0.0,10.5,221,6.888619804400326,7.924450592339106
2017-06-27 12:00:00,29.9,70,0.0,11.2,220,7.1992212284892405,8.579697762932554
2017-06-27 13:00:00,30.1,69,0.0,10.4,224,7.224447052773572,7.481133923521972
2017-06-27 14:00:00,30.4,69,0.0,10.2,228,7.580077219869421,6.825132184860354
2017-06-27 15:00:00,30.3,69,0.0,9.8,242,8.652886410017485,4.60082131530173
2017-06-27 16:00:00,29.4,72,0.1,9.4,263,9.329933825428427,1.1455718280083864
2017-06-27 17:00:00,27.9,79,0.1,6.5,289,6.1458707413955596,-2.1161930039715187
2017-06-27 18:00:00,26.7,84,0.7000000000000001,4.9,126,-3.9641832724372423,2.880147736233119
2017-06-27 19:00:00,26.0,86,0.0,6.6,119,-5.772490067120011,3.1997434936258253
2017-06-27 20:00:00,26.2,86,0.0,5.9,101,-5.791600382341218,1.1257730727216153
2017-06-27 21:00:00,26.4,84,0.0,4.2,110,-3.9467090073008153,1.4364846019678092
2017-06-27 22:00:00,25.9,85,0.0,4.8,167,-1.079765060850552,4.676976310969129
2017-06-27 23:00:00,24.7,91,0.0,5.6,195,1.4493866525741161,5.4091846272187825
2017-06-28 00:00:00,24.3,92,0.0,6.3,167,-1.4171916423663498,6.1385314081469815
2017-06-28 01:00:00,25.2,88,0.0,3.4,162,-1.050657780874821,3.2335921554035223
2017-06-28 02:00:00,24.1,92,0.0,4.2,149,-2.163159914622228,3.600102662948872
2017-06-28 03:00:00,24.0,92,0.0,3.6,143,-2.1665340833473743,2.8750878361702537
2017-06-28 04:00:00,23.6,92,0.0,4.5,151,-2.1816432911085166,3.9357886821272814
2017-06-28 05:00:00,23.8,90,0.0,4.5,166,-1.088648530198505,4.366330768241984
2017-06-28 06:00:00,24.7,89,0.0,2.9,187,0.3534210958749277,2.8783838397598336
2017-06-28 07:00:00,25.2,87,0.0,4.2,211,2.1631599146222276,3.600102662948872
2017-06-28 08:00:00,26.8,84,0.0,3.9,236,3.2332465329646625,2.180852323535913
2017-06-28 09:00:00,27.8,80,0.0,5.5,259,5.3989495089621515,1.0494494745709964
2017-06-28 10:00:00,28.3,76,0.0,5.9,259,5.791600382341218,1.1257730727216144
2017-06-28 11:00:00,29.0,71,0.0,6.3,257,6.1385314081469815,1.4171916423663495
2017-06-28 12:00:00,29.8,65,0.0,4.7,212,2.490620541896063,3.9858260519352022
2017-06-28 13:00:00,30.4,61,0.0,5.7,235,4.669166652447253,3.2693856872009626
2017-06-28 14:00:00,30.4,63,0.0,6.4,243,5.702441754805555,2.9055391983330994
2017-06-28 15:00:00,29.7,67,0.0,7.3,191,1.3929056662487778,7.165878439167947
2017-06-28 16:00:00,29.3,69,0.0,1.8,191,0.34345619167778085,1.7669289302057951
2017-06-28 17:00:00,28.5,73,0.0,2.6,344,0.7166571251241979,-2.499280409439629
2017-06-28 18:00:00,27.7,79,0.0,3.6,360,2.2043642384652358e-16,-3.6
2017-06-28 19:00:00,27.2,81,0.0,0.8,153,-0.36319239979163737,0.7128052193506944
2017-06-28 20:00:00,25.9,90,0.0,5.2,155,-2.1976149610516367,4.71280049259058
2017-06-28 21:00:00,26.5,84,0.0,3.6,143,-2.1665340833473743,2.8750878361702537
2017-06-28 22:00:00,25.9,85,0.0,2.3,129,-1.7874357113510329,1.4474368994146258
2017-06-28 23:00:00,27.2,77,0.0,4.0,260,3.939231012048832,0.6945927106677213
2017-06-29 00:00:00,26.2,85,0.0,0.8,63,-0.7128052193506944,-0.36319239979163737
2017-06-29 01:00:00,24.5,93,0.0,4.4,35,-2.523736319944604,-3.604268994871563
2017-06-29 02:00:00,24.1,95,0.0,4.3,85,-4.283637201794505,-0.37476969381492914
2017-06-29 03:00:00,24.1,92,0.0,3.6,135,-2.545584412271571,2.5455844122715714
2017-06-29 04:00:00,23.8,90,0.0,4.9,163,-1.4326213531414098,4.685893304218874
2017-06-29 05:00:00,24.9,85,0.0,4.2,200,1.436484601967809,3.9467090073008153
2017-06-29 06:00:00,25.0,86,0.0,3.4,122,-2.883363526931848,1.8017254983928965
2017-06-29 07:00:00,26.1,85,0.0,1.1,360,6.735557395310444e-17,-1.1
2017-06-29 08:00:00,27.0,82,0.0,3.4,328,1.8017254983928965,-2.883363526931848
2017-06-29 09:00:00,27.4,81,0.3,6.9,309,5.3623071340531,-4.342310698243878
2017-06-29 10:00:00,27.8,80,0.1,6.1,310,4.6728711030257655,-3.921004419087889
2017-06-29 11:00:00,28.5,77,0.1,3.6,276,3.580278823325784,-0.37630246776355253
2017-06-29 12:00:00,29.2,74,0.1,2.6,164,-0.7166571251241975,2.499280409439629
2017-06-29 13:00:00,30.1,70,0.1,5.4,222,3.6133052743378347,4.012982057577929
2017-06-29 14:00:00,26.7,80,5.5,13.7,203,5.353016460303049,12.610916492298433
2017-06-29 15:00:00,26.8,77,0.5,6.2,83,-6.153786140176197,-0.7555899291119134
2017-06-29 16:00:00,27.1,77,0.0,0.4,90,-0.4,4.898587196589413e-17
2017-06-29 17:00:00,26.6,79,0.5,1.5,104,-1.4554435894139948,0.3628828433995016
2017-06-29 18:00:00,26.3,83,0.9,3.5,66,-3.197409101749103,-1.4235782507653008
2017-06-29 19:00:00,25.7,86,0.0,5.9,43,-4.023790324368742,-4.314986839553106
2017-06-29 20:00:00,25.1,86,0.0,6.3,66,-5.755336383148386,-2.5624408513775414
2017-06-29 21:00:00,25.3,84,0.0,3.7,101,-3.632020578756357,0.7059932828932164
2017-06-29 22:00:00,25.4,83,0.0,2.1,149,-1.081579957311114,1.800051331474436
2017-06-29 23:00:00,25.6,79,0.0,4.1,165,-1.0611580849203355,3.96029588778518
2017-06-30 00:00:00,25.4,79,0.0,5.1,172,-0.7097828148963332,5.050367150582009
2017-06-30 01:00:00,25.2,78,0.0,6.0,147,-3.2678342100901627,5.032023407672543
2017-06-30 02:00:00,24.7,79,0.0,4.2,149,-2.163159914622228,3.600102662948872
2017-06-30 03:00:00,24.5,81,0.1,2.5,135,-1.7677669529663687,1.7677669529663689
2017-06-30 04:00:00,24.4,80,0.1,2.3,129,-1.7874357113510329,1.4474368994146258
2017-06-30 05:00:00,26.5,70,0.0,0.8,117,-0.7128052193506943,0.36319239979163753
2017-06-30 06:00:00,25.1,88,0.0,4.1,322,2.524212048835199,-3.23084408978756
2017-06-30 07:00:00,25.8,82,0.0,1.8,360,1.1021821192326179e-16,-1.8
2017-06-30 08:00:00,27.1,76,0.0,2.2,279,2.1729143493093033,-0.34415582308850795
2017-06-30 09:00:00,28.1,74,0.0,3.3,276,3.2819222547153015,-0.3449439287832564
2017-06-30 10:00:00,29.0,70,0.0,3.0,284,2.9108871788279895,-0.7257656867990032
2017-06-30 11:00:00,28.5,73,0.0,2.9,187,0.3534210958749277,2.8783838397598336
2017-06-30 12:00:00,29.2,71,0.0,2.5,270,2.5,0.0
2017-06-30 13:00:00,28.0,74,1.9,3.9,124,-3.2332465329646625,2.180852323535913
2017-06-30 14:00:00,27.7,75,0.1,1.6,243,1.4256104387013888,0.7263847995832748
2017-06-30 15:00:00,27.0,80,0.0,1.9,202,0.7117525274902327,1.761649323676896
2017-06-30 16:00:00,26.4,81,0.6,1.9,292,1.761649323676896,-0.7117525274902328
2017-06-30 17:00:00,26.2,83,0.1,4.7,360,2.8779199779962803e-16,-4.7
2017-06-30 18:00:00,24.7,92,2.3,2.1,59,-1.800051331474436,-1.0815799573111138
2017-06-30 19:00:00,24.6,92,1.0,5.1,45,-3.606244584051393,-3.606244584051392
2017-06-30 20:00:00,24.5,91,0.0,4.5,61,-3.9357886821272814,-2.181643291108516
2017-06-30 21:00:00,24.5,92,0.0,3.7,79,-3.632020578756357,-0.7059932828932155
2017-06-30 22:00:00,24.5,91,0.0,3.3,221,2.1649947956686737,2.4905416147351476
2017-06-30 23:00:00,23.7,96,0.0,3.1,216,1.8221342821066668,2.5079526825623373
2017-07-01 00:00:00,23.4,96,0.0,3.1,135,-2.192031021678297,2.1920310216782974
2017-07-01 01:00:00,23.3,94,0.0,2.1,59,-1.800051331474436,-1.0815799573111138
2017-07-01 02:00:00,23.8,89,0.0,2.2,81,-2.1729143493093033,-0.3441558230885076
2017-07-01 03:00:00,23.8,87,0.0,1.4,90,-1.4,1.7145055188062944e-16
2017-07-01 04:00:00,23.5,85,0.0,2.9,90,-2.9,3.5514757175273243e-16
2017-07-01 05:00:00,23.3,83,0.0,4.9,73,-4.685893304218874,-1.4326213531414103
2017-07-01 06:00:00,25.0,76,0.0,3.4,72,-3.2335921554035223,-1.0506577808748208
2017-07-01 07:00:00,26.3,76,0.0,4.3,42,-2.87726160734309,-3.195522749552796
2017-07-01 08:00:00,27.3,76,0.0,3.3,319,2.1649947956686737,-2.4905416147351476
2017-07-01 09:00:00,28.3,75,0.0,3.3,347,0.7423384793347542,-3.2154212137912763
2017-07-01 10:00:00,29.2,72,0.0,3.9,304,3.2332465329646625,-2.180852323535913
2017-07-01 11:00:00,29.5,71,0.1,7.6,239,6.5144714853360535,3.9142893693164114
2017-07-01 12:00:00,30.0,70,0.1,7.7,229,5.811263767715345,5.051654523226906
2017-07-01 13:00:00,29.5,73,0.2,11.1,205,4.691062705321763,10.060016436106814
2017-07-01 14:00:00,27.3,74,4.7,8.9,111,-8.308865795825096,3.1894747509531722
2017-07-01 15:00:00,27.6,77,0.0,5.4,266,5.386845871403051,0.37668495821827663
2017-07-01 16:00:00,26.2,83,0.0,3.9,112,-3.6160170328104706,1.4609657143220578
2017-07-01 17:00:00,26.4,82,0.0,3.1,144,-1.8221342821066664,2.5079526825623373
2017-07-01 18:00:00,26.5,82,0.0,2.1,239,1.800051331474436,1.0815799573111138
2017-07-01 19:00:00,26.2,83,0.0,2.4,333,1.0895771993749124,-2.138415658052083
2017-07-01 20:00:00,25.6,85,0.0,3.0,76,-2.9108871788279895,-0.7257656867990026
2017-07-01 21:00:00,25.5,82,0.0,3.2,117,-2.851220877402777,1.4527695991665501
2017-07-01 22:00:00,25.2,81,0.0,4.7,184,0.3278554265973886,4.688551036221174
2017-07-01 23:00:00,24.3,88,0.0,6.4,218,3.9402334420842133,5.043268823083022
2017-07-02 00:00:00,24.0,89,0.0,3.4,122,-2.883363526931848,1.8017254983928965
2017-07-02 01:00:00,24.3,83,0.0,2.2,99,-2.172914349309303,0.3441558230885082
2017-07-02 02:00:00,24.1,83,0.0,3.2,90,-3.2,3.9188697572715305e-16
2017-07-02 03:00:00,23.8,83,0.0,4.0,95,-3.984778792366982,0.3486229709906328
2017-07-02 04:00:00,23.7,83,0.0,3.8,107,-3.633958072659535,1.111012477946399
2017-07-02 05:00:00,23.7,83,0.0,2.7,113,-2.485363104321589,1.0549740469210394
2017-07-02 06:00:00,25.6,81,0.0,2.5,90,-2.5,3.061616997868383e-16
2017-07-02 07:00:00,26.9,75,0.0,1.3,34,-0.7269507745119705,-1.0777488443215544
2017-07-02 08:00:00,27.7,75,0.0,3.8,343,1.1110124779463997,-3.6339580726595346
2017-07-02 09:00:00,28.5,73,0.0,4.4,305,3.604268994871564,-2.523736319944603
2017-07-02 10:00:00,29.1,71,0.0,6.3,257,6.1385314081469815,1.4171916423663495
2017-07-02 11:00:00,29.0,72,0.0,7.4,231,5.750880114781585,4.656970893768797
2017-07-02 12:00:00,28.2,76,0.5,11.0,229,8.301805382450492,7.2166493188955805
2017-07-02 13:00:00,27.0,78,3.9,10.0,210,5.000000000000001,8.660254037844386
2017-07-02 14:00:00,26.7,82,0.7000000000000001,0.7000000000000001,90,-0.7000000000000001,8.572527594031473e-17
2017-07-02 15:00:00,27.2,82,0.3,4.0,360,2.4492935982947064e-16,-4.0
2017-07-02 16:00:00,26.9,83,1.1,3.3,13,-0.7423384793347553,-3.215421213791276
2017-07-02 17:00:00,26.0,88,1.5,4.0,10,-0.6945927106677213,-3.939231012048832
2017-07-02 18:00:00,24.9,91,4.3,6.4,38,-3.940233442084212,-5.043268823083022
2017-07-02 19:00:00,24.4,93,1.1,6.1,90,-6.1,7.470345474798854e-16
2017-07-02 20:00:00,24.3,94,0.0,3.3,41,-2.1649947956686737,-2.4905416147351476
2017-07-02 21:00:00,24.8,90,0.0,0.8,117,-0.7128052193506943,0.36319239979163753
2017-07-02 22:00:00,24.0,97,0.2,2.2,351,0.34415582308850806,-2.1729143493093033
2017-07-02 23:00:00,24.0,96,0.0,5.0,210,2.5000000000000004,4.330127018922193
2017-07-03 00:00:00,23.7,98,0.0,2.1,211,1.0815799573111138,1.800051331474436
2017-07-03 01:00:00,23.8,96,0.0,5.4,176,-0.3766849582182768,5.386845871403051
2017-07-03 02:00:00,23.8,94,0.0,6.2,201,2.2218812871808624,5.788198644282651
2017-07-03 03:00:00,23.7,90,0.0,3.4,122,-2.883363526931848,1.8017254983928965
2017-07-03 04:00:00,23.8,85,0.0,2.5,90,-2.5,3.061616997868383e-16
2017-07-03 05:00:00,23.8,83,0.0,5.0,60,-4.330127018922193,-2.5000000000000004
2017-07-03 06:00:00,24.9,86,0.0,3.9,34,-2.1808523235359116,-3.233246532964663
2017-07-03 07:00:00,26.1,77,0.0,2.3,141,-1.4474368994146256,1.7874357113510333
2017-07-03 08:00:00,27.5,74,0.0,3.7,281,3.632020578756357,-0.7059932828932158
2017-07-03 09:00:00,27.9,76,0.0,4.3,270,4.3,0.0
2017-07-03 10:00:00,28.8,71,0.0,4.4,235,3.604268994871564,2.523736319944603
2017-07-03 11:00:00,29.6,68,0.0,6.9,223,4.70578868443124,5.046340541172277
2017-07-03 12:00:00,29.5,69,0.1,8.2,221,5.379684037722159,6.18861855782673
2017-07-03 13:00:00,27.9,76,0.1,6.5,183,0.3401837155791358,6.49109197590473
2017-07-03 14:00:00,28.0,74,0.2,8.3,182,0.289665822630759,8.294943864258496
2017-07-03 15:00:00,28.5,72,0.0,4.8,193,1.0797650608505516,4.676976310969129
2017-07-03 16:00:00,28.2,74,0.0,5.6,220,3.5996106142446203,4.289848881466277
2017-07-03 17:00:00,26.9,80,0.0,13.5,214,7.549104196855081,11.192007229493063
2017-07-03 18:00:00,25.9,84,0.0,10.7,200,3.659615533584656,10.054711042409219
2017-07-03 19:00:00,25.4,87,0.0,5.8,187,0.7068421917498554,5.756767679519667
2017-07-03 20:00:00,26.5,78,0.0,7.6,172,-1.0577155672964966,7.5260373224359345
2017-07-03 21:00:00,26.4,79,0.1,9.4,203,3.672872607799173,8.65274562245294
2017-07-03 22:00:00,25.8,84,0.0,5.2,164,-1.433314250248395,4.998560818879258
2017-07-03 23:00:00,26.8,71,0.0,1.9,112,-1.7616493236768958,0.7117525274902332
2017-07-04 00:00:00,26.4,73,0.0,2.5,45,-1.7677669529663693,-1.7677669529663687
2017-07-04 01:00:00,25.6,78,0.0,3.2,63,-2.8512208774027776,-1.4527695991665495
2017-07-04 02:00:00,24.3,86,0.0,3.6,90,-3.6,4.4087284769304716e-16
2017-07-04 03:00:00,25.8,76,0.0,1.1,108,-1.0461621679246689,0.3399186938124423
2017-07-04 04:00:00,25.4,78,0.0,2.3,39,-1.447436899414627,-1.7874357113510322
2017-07-04 05:00:00,22.8,91,0.0,5.2,65,-4.71280049259058,-2.1976149610516362
2017-07-04 06:00:00,24.5,84,0.0,4.7,67,-4.32637281122647,-1.8364363038995857
2017-07-04 07:00:00,25.9,81,0.0,4.4,35,-2.523736319944604,-3.604268994871563
2017-07-04 08:00:00,27.3,77,0.0,3.1,339,1.1109406435904312,-2.8940993221413254
2017-07-04 09:00:00,28.2,74,0.0,3.2,333,1.45276959916655,-2.851220877402777
2017-07-04 10:00:00,28.8,73,0.0,2.3,321,1.447436899414626,-1.7874357113510329
2017-07-04 11:00:00,29.1,72,0.0,3.1,201,1.1109406435904312,2.8940993221413254
2017-07-04 12:00:00,27.5,76,1.8,7.4,284,7.180188374442374,-1.7902220274375413
2017-07-04 13:00:00,28.3,73,0.3,7.6,95,-7.571079705497266,0.6623836448822022
2017-07-04 14:00:00,25.7,89,3.6,9.9,226,7.121464023352647,6.877117867544073
2017-07-04 15:00:00,26.0,84,4.2,8.2,151,-3.975438886019963,7.171881598543045
2017-07-04 16:00:00,25.7,84,1.4,1.3,304,1.0777488443215542,-0.726950774511971
2017-07-04 17:00:00,25.8,86,0.1,3.6,360,2.2043642384652358e-16,-3.6
2017-07-04 18:00:00,25.5,89,0.0,4.2,20,-1.436484601967808,-3.9467090073008158
2017-07-04 19:00:00,24.8,94,0.0,3.4,72,-3.2335921554035223,-1.0506577808748208
2017-07-04 20:00:00,24.7,92,0.0,4.3,48,-3.195522749552795,-2.8772616073430903
2017-07-04 21:00:00,24.2,93,0.0,5.5,67,-5.062776693988422,-2.1490212066910046
2017-07-04 22:00:00,25.8,83,0.0,4.0,27,-1.8159619989581877,-3.564026096753471
2017-07-04 23:00:00,24.5,90,0.0,5.2,65,-4.71280049259058,-2.1976149610516362
2017-07-05 00:00:00,24.1,90,0.0,6.3,66,-5.755336383148386,-2.5624408513775414
2017-07-05 01:00:00,26.1,77,0.0,3.5,66,-3.197409101749103,-1.4235782507653008
2017-07-05 02:00:00,25.8,80,0.0,2.8,40,-1.7998053071223103,-2.144924440733138
2017-07-05 03:00:00,23.7,90,0.0,5.6,50,-4.289848881466277,-3.5996106142446194
2017-07-05 04:00:00,23.6,90,0.0,6.1,40,-3.9210044190878905,-4.672871103025765
2017-07-05 05:00:00,23.9,88,0.1,5.3,62,-4.679622242152313,-2.4881992827652213
2017-07-05 06:00:00,25.0,82,0.5,6.4,47,-4.6806636903626915,-4.364789504399989
2017-07-05 07:00:00,26.0,82,0.0,3.3,354,0.3449439287832564,-3.2819222547153015
2017-07-05 08:00:00,27.5,76,0.0,10.2,18,-3.1519733426244647,-9.700776466210565
2017-07-05 09:00:00,28.8,72,0.0,12.7,15,-3.2870018728020116,-12.267257993871167
2017-07-05 10:00:00,30.1,68,0.0,9.7,345,2.510544737494451,-9.369480515003962
2017-07-05 11:00:00,30.3,67,0.0,5.0,330,2.5000000000000004,-4.330127018922193
2017-07-05 12:00:00,29.6,68,0.4,5.4,20,-1.8469087739586103,-5.074340152243906
2017-07-05 13:00:00,29.5,67,1.8,6.5,3,-0.340183715579138,-6.49109197590473
2017-07-05 14:00:00,28.2,74,0.0,6.8,32,-3.603450996785794,-5.766727053863696
2017-07-05 15:00:00,28.1,76,0.0,2.1,329,1.0815799573111138,-1.800051331474436
2017-07-05 16:00:00,27.9,78,0.0,4.8,297,4.276831316104166,-2.1791543987498243
2017-07-05 17:00:00,27.4,82,0.0,4.7,270,4.7,0.0
2017-07-05 18:00:00,26.1,86,1.7000000000000002,6.2,339,2.2218812871808624,-5.788198644282651
2017-07-05 19:00:00,25.3,91,0.5,1.5,104,-1.4554435894139948,0.3628828433995016
2017-07-05 20:00:00,25.6,88,2.4,4.3,48,-3.195522749552795,-2.8772616073430903
2017-07-05 21:00:00,26.0,87,0.0,3.0,14,-0.7257656867990033,-2.9108871788279895
2017-07-05 22:00:00,25.5,88,0.0,3.0,76,-2.9108871788279895,-0.7257656867990026
2017-07-05 23:00:00,25.3,89,0.0,4.1,345,1.061158084920335,-3.96029588778518
2017-07-06 00:00:00,24.9,93,0.0,3.3,49,-2.490541614735148,-2.1649947956686733
2017-07-06 01:00:00,24.6,93,0.0,3.6,37,-2.166534083347374,-2.875087836170254
2017-07-06 02:00:00,24.3,94,0.0,3.6,53,-2.875087836170254,-2.1665340833473743
2017-07-06 03:00:00,24.2,91,0.0,3.2,117,-2.851220877402777,1.4527695991665501
2017-07-06 04:00:00,25.7,79,0.0,3.3,193,0.7423384793347542,3.2154212137912763
2017-07-06 05:00:00,24.3,86,0.1,4.4,189,0.6883116461770161,4.3458286986186065
2017-07-06 06:00:00,24.9,85,0.2,3.3,167,-0.7423384793347546,3.2154212137912763
2017-07-06 07:00:00,26.0,81,0.1,1.8,270,1.8,0.0
2017-07-06 08:00:00,27.1,80,0.0,2.2,279,2.1729143493093033,-0.34415582308850795
2017-07-06 09:00:00,28.1,78,0.0,4.1,322,2.524212048835199,-3.23084408978756
2017-07-06 10:00:00,29.0,73,0.0,5.8,266,5.78587149150698,0.40458754771592675
2017-07-06 11:00:00,28.3,76,0.1,8.4,230,6.4347733221994154,5.39941592136693
2017-07-06 12:00:00,27.6,79,1.0,6.5,183,0.3401837155791358,6.49109197590473
2017-07-06 13:00:00,27.6,81,0.2,3.9,158,-1.4609657143220571,3.616017032810471
2017-07-06 14:00:00,26.1,82,6.3,7.9,254,7.59396739791272,2.1775351109542935
2017-07-06 15:00:00,25.8,85,0.3,4.3,156,-1.748967565225941,3.9282454678631837
2017-07-06 16:00:00,27.0,81,0.0,3.8,197,1.1110124779463997,3.6339580726595346
2017-07-06 17:00:00,26.8,81,0.0,0.8,243,0.7128052193506944,0.3631923997916374
2017-07-06 18:00:00,26.4,83,0.1,1.4,180,8.572527594031472e-17,1.4
2017-07-06 19:00:00,25.6,89,0.1,2.9,187,0.3534210958749277,2.8783838397598336
2017-07-06 20:00:00,24.6,89,0.2,4.8,167,-1.079765060850552,4.676976310969129
2017-07-06 21:00:00,24.2,94,0.2,9.8,208,4.600821315301731,8.652886410017484
2017-07-06 22:00:00,24.3,93,0.1,3.8,163,-1.1110124779463992,3.633958072659535
2017-07-06 23:00:00,24.8,86,0.0,4.5,151,-2.1816432911085166,3.9357886821272814
2017-07-07 00:00:00,25.0,82,0.0,2.6,106,-2.499280409439629,0.716657125124198
2017-07-07 01:00:00,26.5,70,0.0,3.6,270,3.6,0.0
2017-07-07 02:00:00,24.2,87,0.0,4.7,189,0.7352419856890854,4.6421352007971475
2017-07-07 03:00:00,25.3,77,0.0,2.5,98,-2.475670171853926,0.3479327524001633
2017-07-07 04:00:00,23.8,86,0.0,1.8,101,-1.7669289302057951,0.34345619167778096
2017-07-07 05:00:00,24.4,81,0.0,3.6,84,-3.580278823325784,-0.3763024677635526
2017-07-07 06:00:00,24.8,84,0.0,2.2,180,1.3471114790620887e-16,2.2
2017-07-07 07:00:00,26.1,78,0.0,2.1,211,1.0815799573111138,1.800051331474436
2017-07-07 08:00:00,27.1,75,0.0,5.6,195,1.4493866525741161,5.4091846272187825
2017-07-07 09:00:00,28.3,72,0.0,7.0,235,5.7340643100229425,4.015035054457322
2017-07-07 10:00:00,29.1,72,0.0,8.4,223,5.728786224524987,6.143371093601032
2017-07-07 11:00:00,30.1,68,0.0,11.3,217,6.800509761618147,9.02458126353441
2017-07-07 12:00:00,30.1,69,0.0,14.2,207,6.446665096301564,12.652292643474821
2017-07-07 13:00:00,28.5,75,1.7000000000000002,12.7,187,1.547740661245373,12.605336125844788
2017-07-07 14:00:00,27.9,77,0.6,10.5,207,4.766900247265242,9.355568503977862
2017-07-07 15:00:00,28.0,76,0.0,5.0,210,2.5000000000000004,4.330127018922193
2017-07-07 16:00:00,27.6,79,0.0,4.8,228,3.5670951622914924,3.2118269105225195
2017-07-07 17:00:00,27.2,82,0.1,5.0,180,3.061616997868383e-16,5.0
2017-07-07 18:00:00,26.9,85,0.5,4.3,180,2.632990618166809e-16,4.3
2017-07-07 19:00:00,26.6,83,0.5,3.4,212,1.8017254983928965,2.883363526931848
2017-07-07 20:00:00,25.7,85,1.5,3.7,151,-1.793795594911447,3.236092916415765
2017-07-07 21:00:00,25.7,86,0.0,4.3,185,0.37476969381492997,4.283637201794505
2017-07-07 22:00:00,25.4,89,0.1,4.3,175,-0.3747696938149304,4.283637201794505
2017-07-07 23:00:00,25.8,85,0.0,2.5,135,-1.7677669529663687,1.7677669529663689
2017-07-08 00:00:00,25.6,86,0.0,2.1,59,-1.800051331474436,-1.0815799573111138
2017-07-08 01:00:00,25.2,85,0.0,3.9,68,-3.616017032810471,-1.460965714322057
2017-07-08 02:00:00,25.1,86,0.0,1.8,127,-1.4375439180851273,1.0832670416736867
2017-07-08 03:00:00,24.6,87,0.0,2.3,141,-1.4474368994146256,1.7874357113510333
2017-07-08 04:00:00,24.5,83,0.0,3.6,135,-2.545584412271571,2.5455844122715714
2017-07-08 05:00:00,23.8,84,0.0,5.2,164,-1.433314250248395,4.998560818879258
2017-07-08 06:00:00,25.2,79,0.0,1.6,117,-1.4256104387013886,0.7263847995832751
2017-07-08 07:00:00,26.4,76,0.0,3.1,21,-1.1109406435904323,-2.894099322141325
2017-07-08 08:00:00,27.5,74,0.0,4.1,232,3.2308440897875594,2.524212048835199
2017-07-08 09:00:00,28.5,73,0.0,7.5,215,4.301823272632846,6.143640332167439
2017-07-08 10:00:00,29.2,70,0.0,7.4,223,5.046787864462489,5.412017391981862
2017-07-08 11:00:00,29.6,68,0.0,6.9,227,5.046340541172277,4.70578868443124
2017-07-08 12:00:00,29.8,68,0.0,9.3,234,7.523858047687012,5.46640284632
2017-07-08 13:00:00,29.0,71,0.1,8.7,228,6.46535998165333,5.821436275322066
2017-07-08 14:00:00,27.9,74,2.7,6.6,221,4.329989591337347,4.981083229470295
2017-07-08 15:00:00,27.2,79,0.8,11.6,164,-3.197393327477189,11.1506356728845
2017-07-08 16:00:00,27.5,77,0.0,3.3,174,-0.3449439287832567,3.2819222547153015
2017-07-08 17:00:00,27.6,76,0.0,1.9,112,-1.7616493236768958,0.7117525274902332
2017-07-08 18:00:00,26.6,83,0.0,4.8,318,3.2118269105225195,-3.5670951622914924
2017-07-08 19:00:00,25.7,88,0.0,4.0,27,-1.8159619989581877,-3.564026096753471
2017-07-08 20:00:00,25.1,89,0.0,4.7,23,-1.836436303899587,-4.326372811226469
2017-07-08 21:00:00,25.0,91,0.0,3.4,72,-3.2335921554035223,-1.0506577808748208
2017-07-08 22:00:00,24.7,90,0.0,5.0,21,-1.7918397477265036,-4.667902132486008
2017-07-08 23:00:00,24.5,89,0.0,3.1,126,-2.507952682562337,1.822134282106667
2017-07-09 00:00:00,24.2,87,0.0,4.4,171,-0.6883116461770157,4.3458286986186065
2017-07-09 01:00:00,26.1,76,0.0,1.3,124,-1.0777488443215542,0.726950774511971
2017-07-09 02:00:00,25.5,77,0.0,3.8,73,-3.6339580726595346,-1.1110124779463997
2017-07-09 03:00:00,26.3,74,0.0,0.8,117,-0.7128052193506943,0.36319239979163753
2017-07-09 04:00:00,26.2,72,0.0,0.0,270,0.0,0.0
2017-07-09 05:00:00,24.4,83,0.0,5.4,42,-3.613305274337834,-4.01298205757793
2017-07-09 06:00:00,25.0,84,0.0,3.7,61,-3.236092916415765,-1.7937955949114468
2017-07-09 07:00:00,26.4,78,0.0,1.8,259,1.7669289302057951,0.34345619167778063
2017-07-09 08:00:00,27.4,75,0.0,6.2,7,-0.7555899291119125,-6.153786140176197
2017-07-09 09:00:00,28.3,74,0.0,4.3,5,-0.37476969381493047,-4.283637201794505
2017-07-09 10:00:00,29.1,70,0.0,2.8,310,2.1449244407331385,-1.7998053071223097
2017-07-09 11:00:00,29.7,68,0.0,3.7,259,3.632020578756357,0.7059932828932158
2017-07-09 12:00:00,29.9,67,0.0,5.2,214,2.9078030980478835,4.3109953772862175
2017-07-09 13:00:00,27.9,75,2.4,10.7,250,10.05471104240922,3.659615533584655
2017-07-09 14:00:00,26.5,80,1.7000000000000002,9.4,137,-6.410784584587485,6.874724795220204
2017-07-09 15:00:00,26.5,81,0.1,6.4,133,-4.6806636903626915,4.364789504399991
2017-07-09 16:00:00,27.4,77,0.0,3.1,216,1.8221342821066668,2.5079526825623373
2017-07-09 17:00:00,26.9,80,0.0,1.6,243,1.4256104387013888,0.7263847995832748
2017-07-09 18:00:00,26.7,82,0.0,0.7000000000000001,90,-0.7000000000000001,8.572527594031473e-17
2017-07-09 19:00:00,25.5,90,0.0,2.9,173,-0.35342109587492737,2.878383839759834
2017-07-09 20:00:00,25.3,85,0.0,2.3,141,-1.4474368994146256,1.7874357113510333
2017-07-09 21:00:00,25.5,82,0.0,3.1,144,-1.8221342821066664,2.5079526825623373
2017-07-09 22:00:00,25.2,84,0.0,4.8,167,-1.079765060850552,4.676976310969129
2017-07-09 23:00:00,24.8,88,0.0,5.6,195,1.4493866525741161,5.4091846272187825
2017-07-10 00:00:00,24.5,89,0.0,5.0,159,-1.7918397477265013,4.667902132486009
2017-07-10 01:00:00,24.8,86,0.0,4.3,175,-0.3747696938149304,4.283637201794505
2017-07-10 02:00:00,24.4,84,0.0,3.9,146,-2.180852323535912,3.233246532964663
2017-07-10 03:00:00,24.2,80,0.0,5.3,152,-2.4881992827652217,4.679622242152313
2017-07-10 04:00:00,23.9,80,0.0,5.2,164,-1.433314250248395,4.998560818879258
2017-07-10 05:00:00,23.2,82,0.0,6.5,161,-2.116193003971518,6.1458707413955596
2017-07-10 06:00:00,24.8,80,0.0,2.5,135,-1.7677669529663687,1.7677669529663689
2017-07-10 07:00:00,26.7,71,0.0,0.8,27,-0.36319239979163753,-0.7128052193506943
2017-07-10 08:00:00,27.8,70,0.0,3.3,6,-0.3449439287832561,-3.281922254715302
2017-07-10 09:00:00,28.6,69,0.0,3.6,307,2.875087836170254,-2.166534083347374
2017-07-10 10:00:00,29.2,69,0.0,5.5,259,5.3989495089621515,1.0494494745709964
2017-07-10 11:00:00,29.6,70,0.0,8.7,225,6.151828996322964,6.151828996322962
2017-07-10 12:00:00,30.0,69,0.0,13.5,214,7.549104196855081,11.192007229493063
2017-07-10 13:00:00,28.7,73,0.7000000000000001,18.0,206,7.890680642203394,16.178292833385008
2017-07-10 14:00:00,29.3,73,0.1,9.5,205,4.014873486536644,8.609923976848174
2017-07-10 15:00:00,27.8,80,2.5,7.9,177,-0.41345405431925636,7.889173324561134
2017-07-10 16:00:00,27.7,82,0.1,8.0,216,4.702282018339785,6.47213595499958
2017-07-10 17:00:00,27.5,81,0.1,7.2,198,2.224922359499622,6.8476069173251055
2017-07-10 18:00:00,27.0,82,0.0,6.9,189,1.0793978087775935,6.815049550106451
2017-07-10 19:00:00,25.6,90,0.0,4.3,185,0.37476969381492997,4.283637201794505
2017-07-10 20:00:00,26.0,85,0.0,4.6,141,-2.894873798829251,3.5748714227020666
2017-07-10 21:00:00,25.9,87,0.0,3.1,144,-1.8221342821066664,2.5079526825623373
2017-07-10 22:00:00,25.3,88,0.0,3.7,151,-1.793795594911447,3.236092916415765
2017-07-10 23:00:00,24.9,89,0.0,4.8,153,-2.179154398749824,4.276831316104166
2017-07-11 00:00:00,24.8,88,0.0,6.1,180,3.735172737399427e-16,6.1
2017-07-11 01:00:00,25.0,85,0.0,5.9,169,-1.1257730727216144,5.791600382341218
2017-07-11 02:00:00,25.4,80,0.0,3.6,143,-2.1665340833473743,2.8750878361702537
2017-07-11 03:00:00,24.0,86,0.0,3.8,131,-2.8678964048465336,2.4930243101639276
2017-07-11 04:00:00,25.1,78,0.0,3.3,139,-2.1649947956686737,2.490541614735148
2017-07-11 05:00:00,24.7,79,0.0,3.3,131,-2.4905416147351476,2.1649947956686737
2017-07-11 06:00:00,25.4,79,0.0,2.8,130,-2.144924440733138,1.7998053071223103
2017-07-11 07:00:00,27.1,73,0.0,2.5,225,1.7677669529663689,1.7677669529663687
2017-07-11 08:00:00,27.8,74,0.0,3.6,270,3.6,0.0
2017-07-11 09:00:00,28.5,73,0.0,4.6,252,4.3748599749577055,1.421478174124758
2017-07-11 10:00:00,29.2,72,0.0,7.4,231,5.750880114781585,4.656970893768797
2017-07-11 11:00:00,29.9,69,0.0,9.7,225,6.858935777509511,6.85893577750951
2017-07-11 12:00:00,29.4,71,0.0,6.3,204,2.5624408513775414,5.755336383148386
2017-07-11 13:00:00,30.1,68,0.0,5.0,240,4.330127018922194,2.4999999999999996
2017-07-11 14:00:00,28.0,73,2.7,6.3,294,5.755336383148386,-2.5624408513775414
2017-07-11 15:00:00,28.2,73,0.1,5.7,108,-5.421022142882375,1.7613968679372007
2017-07-11 16:00:00,27.8,77,0.0,5.2,335,2.197614961051637,-4.7128004925905795
2017-07-11 17:00:00,27.7,78,0.0,5.4,356,0.3766849582182763,-5.386845871403051
2017-07-11 18:00:00,26.8,83,0.0,3.6,84,-3.580278823325784,-0.3763024677635526
2017-07-11 19:00:00,26.0,87,0.0,3.6,90,-3.6,4.4087284769304716e-16
2017-07-11 20:00:00,25.8,88,0.0,4.0,85,-3.984778792366982,-0.3486229709906318
2017-07-11 21:00:00,25.3,90,0.0,4.0,85,-3.984778792366982,-0.3486229709906318
2017-07-11 22:00:00,25.4,87,0.0,3.3,103,-3.215421213791276,0.7423384793347552
2017-07-11 23:00:00,25.1,87,0.0,3.0,104,-2.9108871788279895,0.7257656867990032
2017-07-12 00:00:00,24.8,88,0.0,4.0,90,-4.0,4.898587196589413e-16
2017-07-12 01:00:00,25.0,86,0.0,3.6,84,-3.580278823325784,-0.3763024677635526
2017-07-12 02:00:00,24.7,87,0.0,4.3,66,-3.9282454678631837,-1.7489675652259409
2017-07-12 03:00:00,24.3,88,0.0,5.1,86,-5.087576656325103,-0.3557580160950389
2017-07-12 04:00:00,24.5,84,0.0,4.8,77,-4.676976310969129,-1.0797650608505518
2017-07-12 05:00:00,24.4,84,0.0,5.6,63,-4.98963653545486,-2.542346798541461
2017-07-12 06:00:00,25.5,86,0.0,3.6,53,-2.875087836170254,-2.1665340833473743
2017-07-12 07:00:00,27.1,77,0.0,3.8,17,-1.111012477946401,-3.633958072659534
2017-07-12 08:00:00,28.1,76,0.0,5.8,7,-0.7068421917498535,-5.756767679519668
2017-07-12 09:00:00,28.8,75,0.0,5.9,349,1.125773072721615,-5.791600382341218
2017-07-12 10:00:00,29.5,72,0.0,5.2,335,2.197614961051637,-4.7128004925905795
2017-07-12 11:00:00,29.6,71,0.0,3.3,311,2.4905416147351476,-2.1649947956686737
2017-07-12 12:00:00,29.0,72,1.3,7.1,330,3.5500000000000007,-6.148780366869514
2017-07-12 13:00:00,28.0,75,0.9,9.2,79,-9.030970087718508,-1.7554427574642113
2017-07-12 14:00:00,26.6,83,1.1,6.3,31,-3.2447398719333433,-5.400153994423306
2017-07-12 15:00:00,26.8,85,0.0,8.2,23,-3.203995253612045,-7.548139798310009
2017-07-12 16:00:00,27.5,81,0.0,7.4,67,-6.811735915548059,-2.8914103508206246
2017-07-12 17:00:00,27.7,80,0.0,7.2,37,-4.333068166694748,-5.750175672340508
2017-07-12 18:00:00,27.0,84,0.0,8.8,35,-5.047472639889208,-7.208537989743126
2017-07-12 19:00:00,26.2,84,0.0,6.1,45,-4.31335136523794,-4.313351365237939
2017-07-12 20:00:00,25.9,84,0.0,4.8,63,-4.276831316104166,-2.179154398749824
2017-07-12 21:00:00,25.6,86,0.0,4.0,90,-4.0,4.898587196589413e-16
2017-07-12 22:00:00,25.7,83,0.0,1.8,127,-1.4375439180851273,1.0832670416736867
2017-07-12 23:00:00,25.8,81,0.0,2.3,141,-1.4474368994146256,1.7874357113510333
2017-07-13 00:00:00,25.4,82,0.0,3.1,144,-1.8221342821066664,2.5079526825623373
2017-07-13 01:00:00,26.8,72,0.0,2.2,81,-2.1729143493093033,-0.3441558230885076
2017-07-13 02:00:00,26.0,76,0.0,3.9,56,-3.233246532964663,-2.180852323535912
2017-07-13 03:00:00,24.8,82,0.0,4.5,61,-3.9357886821272814,-2.181643291108516
2017-07-13 04:00:00,24.6,83,0.0,4.0,85,-3.984778792366982,-0.3486229709906318
2017-07-13 05:00:00,24.1,85,0.0,5.2,65,-4.71280049259058,-2.1976149610516362
2017-07-13 06:00:00,25.2,82,0.0,4.0,63,-3.5640260967534716,-1.8159619989581868
2017-07-13 07:00:00,26.4,83,0.0,5.7,18,-1.7613968679372012,-5.421022142882375
2017-07-13 08:00:00,27.4,82,0.0,6.1,3,-0.31924933308196024,-6.0916401620029
2017-07-13 09:00:00,28.2,78,0.0,6.8,3,-0.3558845024520213,-6.790680836331102
2017-07-13 10:00:00,28.8,74,0.0,6.5,357,0.3401837155791358,-6.49109197590473
2017-07-13 11:00:00,29.2,70,0.0,4.8,347,1.0797650608505516,-4.676976310969129
2017-07-13 12:00:00,29.1,71,0.0,5.8,330,2.9000000000000004,-5.0229473419497435
2017-07-13 13:00:00,29.0,73,0.0,8.4,31,-4.326319829244458,-7.200205325897742
2017-07-13 14:00:00,28.3,76,0.5,9.2,21,-3.296985135816766,-8.588939923774255
2017-07-13 15:00:00,28.2,76,0.0,6.3,24,-2.5624408513775405,-5.755336383148386
2017-07-13 16:00:00,27.9,79,0.0,2.4,27,-1.0895771993749126,-2.138415658052083
2017-07-13 17:00:00,27.6,81,0.0,2.1,329,1.0815799573111138,-1.800051331474436
2017-07-13 18:00:00,27.1,83,0.0,0.4,180,2.4492935982947065e-17,0.4
2017-07-13 19:00:00,25.7,87,0.6,3.0,166,-0.7257656867990033,2.9108871788279895
2017-07-13 20:00:00,25.8,90,0.0,4.0,170,-0.6945927106677212,3.939231012048832
2017-07-13 21:00:00,25.4,89,0.6,3.4,162,-1.050657780874821,3.2335921554035223
2017-07-13 22:00:00,25.1,91,0.0,5.1,188,0.7097828148963339,5.050367150582009
2017-07-13 23:00:00,26.0,84,0.0,2.6,164,-0.7166571251241975,2.499280409439629
2017-07-14 00:00:00,24.6,90,0.0,3.3,139,-2.1649947956686737,2.490541614735148
2017-07-14 01:00:00,24.7,87,0.0,4.2,160,-1.4364846019678086,3.9467090073008158
2017-07-14 02:00:00,26.6,75,0.0,3.0,166,-0.7257656867990033,2.9108871788279895
2017-07-14 03:00:00,26.2,77,0.0,3.1,36,-1.822134282106667,-2.507952682562337
2017-07-14 04:00:00,24.2,88,0.0,5.4,70,-5.074340152243906,-1.846908773958611
2017-07-14 05:00:00,25.3,80,0.0,3.4,72,-3.2335921554035223,-1.0506577808748208
2017-07-14 06:00:00,25.4,86,0.0,2.9,30,-1.4500000000000013,-2.5114736709748713
2017-07-14 07:00:00,26.1,81,0.0,5.0,21,-1.7918397477265036,-4.667902132486008
2017-07-14 08:00:00,27.2,80,0.0,6.0,17,-1.7542302283364226,-5.7378285357782115
2017-07-14 09:00:00,28.1,77,0.0,7.2,6,-0.7526049355271042,-7.160557646651569
2017-07-14 10:00:00,28.9,72,0.2,7.6,360,4.653657836759942e-16,-7.6
2017-07-14 11:00:00,28.8,74,0.1,6.2,353,0.7555899291119145,-6.153786140176196
2017-07-14 12:00:00,27.1,79,2.6,1.1,72,-1.046162167924669,-0.33991869381244205
2017-07-14 13:00:00,27.6,76,0.0,2.6,34,-1.453901549023941,-2.1554976886431088
2017-07-14 14:00:00,27.8,78,0.0,9.3,36,-5.466402846320002,-7.5238580476870105
2017-07-14 15:00:00,27.1,83,0.0,8.1,13,-1.8221035401853085,-7.892397524760404
2017-07-14 16:00:00,27.4,81,0.0,5.2,25,-2.197614961051636,-4.71280049259058
2017-07-14 17:00:00,27.3,82,0.0,5.4,4,-0.37668495821827813,-5.386845871403051
2017-07-14 18:00:00,26.7,86,0.0,4.3,24,-1.7489675652259404,-3.928245467863184
2017-07-14 19:00:00,25.9,90,0.0,6.5,34,-3.6347538725598527,-5.388744221607772
2017-07-14 20:00:00,25.8,89,0.0,6.2,36,-3.644268564213334,-5.015905365124674
2017-07-14 21:00:00,25.5,91,0.0,3.6,53,-2.875087836170254,-2.1665340833473743
2017-07-14 22:00:00,25.1,91,0.0,2.3,129,-1.7874357113510329,1.4474368994146258
2017-07-14 23:00:00,26.3,82,0.0,0.8,117,-0.7128052193506943,0.36319239979163753
2017-07-15 00:00:00,24.8,90,0.0,5.0,90,-5.0,6.123233995736766e-16
2017-07-15 01:00:00,25.1,87,0.0,5.0,69,-4.667902132486009,-1.7918397477265022
2017-07-15 02:00:00,24.5,89,0.0,5.1,82,-5.050367150582008,-0.7097828148963341
2017-07-15 03:00:00,24.6,87,0.0,4.3,85,-4.283637201794505,-0.37476969381492914
2017-07-15 04:00:00,24.6,86,0.0,5.0,69,-4.667902132486009,-1.7918397477265022
2017-07-15 05:00:00,24.6,85,0.0,5.5,58,-4.664264528860343,-2.914555953282626
2017-07-15 06:00:00,25.5,81,0.0,5.0,30,-2.500000000000002,-4.330127018922192
2017-07-15 07:00:00,26.4,78,0.0,9.7,15,-2.51054473749445,-9.369480515003962
2017-07-15 08:00:00,27.1,78,0.0,13.9,10,-2.4137096695703315,-13.688827766869691
2017-07-15 09:00:00,28.3,76,0.0,13.1,9,-2.0492914920270264,-12.938717261796302
2017-07-15 10:00:00,29.1,74,0.0,11.9,5,-1.0371533386971332,-11.854716907291772
2017-07-15 11:00:00,29.9,71,0.0,11.9,5,-1.0371533386971332,-11.854716907291772
2017-07-15 12:00:00,29.3,74,0.0,9.8,36,-5.760295472466238,-7.928366544874485
2017-07-15 13:00:00,29.5,73,0.1,8.0,355,0.6972459419812651,-7.969557584733964
2017-07-15 14:00:00,27.7,77,3.7,7.9,60,-6.841600689897065,-3.950000000000001
2017-07-15 15:00:00,27.7,78,0.0,4.7,356,0.3278554265973886,-4.688551036221174
2017-07-15 16:00:00,27.8,79,0.0,4.1,308,3.2308440897875594,-2.524212048835199
2017-07-15 17:00:00,27.3,82,0.0,1.8,323,1.0832670416736871,-1.437543918085127
2017-07-15 18:00:00,26.5,87,0.0,1.4,270,1.4,0.0
2017-07-15 19:00:00,26.1,88,0.0,1.6,153,-0.7263847995832747,1.4256104387013888
2017-07-15 20:00:00,25.6,85,0.0,0.0,270,0.0,0.0
2017-07-15 21:00:00,25.8,81,0.0,3.0,166,-0.7257656867990033,2.9108871788279895
2017-07-15 22:00:00,25.7,80,0.0,5.1,188,0.7097828148963339,5.050367150582009
2017-07-15 23:00:00,25.5,81,0.0,6.8,180,4.1637991171010006e-16,6.8
2017-07-16 00:00:00,25.3,84,0.0,5.2,168,-1.0811407922523486,5.08636752381579
2017-07-16 01:00:00,24.9,84,0.0,3.3,103,-3.215421213791276,0.7423384793347552
2017-07-16 02:00:00,25.7,77,0.0,3.3,49,-2.490541614735148,-2.1649947956686733
2017-07-16 03:00:00,24.2,85,0.0,6.2,54,-5.015905365124675,-3.644268564213333
2017-07-16 04:00:00,24.3,84,0.0,6.5,56,-5.388744221607772,-3.6347538725598536
2017-07-16 05:00:00,23.8,85,0.0,6.9,39,-4.342310698243882,-5.362307134053097
2017-07-16 06:00:00,24.9,87,0.0,4.1,45,-2.8991378028648453,-2.8991378028648445
2017-07-16 07:00:00,26.3,79,0.0,4.5,346,1.0886485301985045,-4.366330768241984
2017-07-16 08:00:00,26.8,84,0.0,6.5,357,0.3401837155791358,-6.49109197590473
2017-07-16 09:00:00,27.9,79,0.0,7.6,352,1.0577155672964975,-7.5260373224359345
2017-07-16 10:00:00,29.0,72,0.0,9.0,358,0.31409547032250973,-8.994517443171862
2017-07-16 11:00:00,29.7,68,0.0,9.4,358,0.3280552690035102,-9.394273773979501
2017-07-16 12:00:00,29.4,69,0.8,11.7,342,3.615498834186885,-11.127361240653295
2017-07-16 13:00:00,28.5,75,0.3,10.3,54,-8.33287504206196,-6.054188098612473
2017-07-16 14:00:00,28.6,73,0.0,9.0,29,-4.3632865822170315,-7.871577364254564
2017-07-16 15:00:00,29.3,70,0.0,7.2,18,-2.2249223594996224,-6.8476069173251055
2017-07-16 16:00:00,28.7,74,0.3,6.9,276,6.862201078041086,-0.721246396546809
2017-07-16 17:00:00,27.2,84,0.2,7.9,227,5.777694242791447,5.387787044493738
2017-07-16 18:00:00,26.5,89,0.0,5.9,227,4.314986839553106,4.023790324368742
2017-07-16 19:00:00,25.4,94,0.0,4.0,207,1.8159619989581872,3.564026096753471
2017-07-16 20:00:00,25.9,89,0.0,6.8,183,0.35588450245201897,6.790680836331102
2017-07-16 21:00:00,25.5,90,0.0,4.6,219,2.894873798829252,3.5748714227020657
2017-07-16 22:00:00,26.0,85,0.0,1.0,45,-0.7071067811865477,-0.7071067811865475
2017-07-16 23:00:00,25.4,89,0.0,4.3,48,-3.195522749552795,-2.8772616073430903
2017-07-17 00:00:00,25.2,89,0.0,4.1,38,-2.524212048835198,-3.2308440897875603
2017-07-17 01:00:00,25.3,88,0.0,6.1,28,-2.8637765329939335,-5.385980316439454
2017-07-17 02:00:00,25.1,88,0.0,6.9,51,-5.362307134053099,-4.34231069824388
2017-07-17 03:00:00,25.1,85,0.0,8.9,40,-5.720809726210201,-6.817795543758904
2017-07-17 04:00:00,25.0,84,0.0,6.7,36,-3.938161190359571,-5.420413862312147
2017-07-17 05:00:00,25.0,80,0.0,8.0,54,-6.4721359549995805,-4.702282018339784
2017-07-17 06:00:00,25.6,76,0.2,14.0,42,-9.367828489024014,-10.404027556683522
2017-07-17 07:00:00,26.1,77,0.0,12.4,30,-6.2000000000000055,-10.738715006927036
2017-07-17 08:00:00,26.0,88,0.0,2.4,333,1.0895771993749124,-2.138415658052083
2017-07-17 09:00:00,26.1,87,0.0,7.9,219,4.971631089293717,6.139453095510071
2017-07-17 10:00:00,26.7,86,0.0,6.2,234,5.0159053651246746,3.6442685642133337
2017-07-17 11:00:00,27.1,84,0.1,4.8,283,4.676976310969129,-1.079765060850552
2017-07-17 12:00:00,28.1,78,0.0,7.0,348,1.4553818357243162,-6.847033205136639
2017-07-17 13:00:00,28.1,78,0.0,8.4,7,-1.0237024846032363,-8.337387673787106
2017-07-17 14:00:00,28.5,76,0.0,9.0,5,-0.7844016847289242,-8.96575228282571
2017-07-17 15:00:00,28.5,76,0.0,8.0,352,1.1133848076805237,-7.922144549932563
2017-07-17 16:00:00,28.5,76,0.0,6.2,350,1.0766187015349686,-6.10580806867569
2017-07-17 17:00:00,27.4,82,0.0,7.8,338,2.9219314286441134,-7.232034065620942
2017-07-17 18:00:00,26.5,87,1.0,5.0,21,-1.7918397477265036,-4.667902132486008
2017-07-17 19:00:00,25.8,91,0.0,7.2,3,-0.376818884949199,-7.190132650232932
2017-07-17 20:00:00,25.5,94,0.0,5.8,30,-2.9000000000000026,-5.022947341949743
2017-07-17 21:00:00,25.7,92,0.0,2.2,99,-2.172914349309303,0.3441558230885082
2017-07-17 22:00:00,26.5,85,0.0,1.3,146,-0.7269507745119708,1.0777488443215544
2017-07-17 23:00:00,26.0,87,0.0,3.0,14,-0.7257656867990033,-2.9108871788279895
2017-07-18 00:00:00,24.6,93,0.0,4.7,81,-4.6421352007971475,-0.7352419856890845
2017-07-18 01:00:00,25.0,88,0.0,5.4,48,-4.012982057577929,-3.6133052743378347
2017-07-18 02:00:00,24.8,90,0.0,4.8,42,-3.211826910522519,-3.567095162291493
2017-07-18 03:00:00,24.2,93,0.0,4.0,80,-3.939231012048832,-0.6945927106677219
2017-07-18 04:00:00,24.0,92,0.0,4.9,73,-4.685893304218874,-1.4326213531414103
2017-07-18 05:00:00,24.2,90,0.0,5.0,60,-4.330127018922193,-2.5000000000000004
2017-07-18 06:00:00,25.3,86,0.0,4.3,42,-2.87726160734309,-3.195522749552796
2017-07-18 07:00:00,26.4,81,0.0,6.5,6,-0.6794350112397468,-6.464392319893777
2017-07-18 08:00:00,27.4,80,0.0,5.8,360,3.5514757175273243e-16,-5.8
2017-07-18 09:00:00,28.4,77,0.0,6.8,357,0.35588450245201897,-6.790680836331102
2017-07-18 10:00:00,29.0,75,0.0,6.9,354,0.7212463965468089,-6.862201078041086
2017-07-18 11:00:00,29.9,72,0.0,5.8,338,2.1727182418122895,-5.377666356487367
2017-07-18 12:00:00,30.6,68,0.0,5.9,349,1.125773072721615,-5.791600382341218
2017-07-18 13:00:00,29.2,72,0.1,6.8,342,2.1013155617496424,-6.467184310807044
2017-07-18 14:00:00,28.3,77,0.0,2.2,81,-2.1729143493093033,-0.3441558230885076
2017-07-18 15:00:00,28.0,78,0.0,5.0,330,2.5000000000000004,-4.330127018922193
2017-07-18 16:00:00,27.9,80,0.0,2.1,301,1.800051331474436,-1.0815799573111138
2017-07-18 17:00:00,27.4,83,0.0,2.9,277,2.8783838397598336,-0.35342109587492765
2017-07-18 18:00:00,27.1,84,0.0,1.3,304,1.0777488443215542,-0.726950774511971
2017-07-18 19:00:00,26.1,91,0.0,1.8,127,-1.4375439180851273,1.0832670416736867
2017-07-18 20:00:00,26.5,84,0.0,5.2,146,-2.907803098047883,4.3109953772862175
2017-07-18 21:00:00,26.1,82,0.0,6.8,148,-3.6034509967857926,5.766727053863697
2017-07-18 22:00:00,25.7,80,0.0,5.4,132,-4.012982057577928,3.613305274337835
2017-07-18 23:00:00,25.1,86,0.0,4.7,171,-0.7352419856890848,4.6421352007971475
2017-07-19 00:00:00,25.0,87,0.0,4.4,171,-0.6883116461770157,4.3458286986186065
2017-07-19 01:00:00,25.0,84,0.0,2.8,130,-2.144924440733138,1.7998053071223103
2017-07-19 02:00:00,26.4,76,0.0,1.1,162,-0.3399186938124421,1.046162167924669
2017-07-19 03:00:00,25.9,80,0.0,1.4,180,8.572527594031472e-17,1.4
2017-07-19 04:00:00,24.9,85,0.0,1.9,112,-1.7616493236768958,0.7117525274902332
2017-07-19 05:00:00,23.6,88,0.0,3.6,96,-3.580278823325784,0.37630246776355347
2017-07-19 06:00:00,24.9,84,0.0,2.4,63,-2.138415658052083,-1.089577199374912
2017-07-19 07:00:00,25.8,83,0.0,3.6,6,-0.3763024677635521,-3.5802788233257843
2017-07-19 08:00:00,26.9,86,0.0,6.5,3,-0.340183715579138,-6.49109197590473
2017-07-19 09:00:00,28.1,78,0.0,6.8,3,-0.3558845024520213,-6.790680836331102
2017-07-19 10:00:00,29.0,71,0.0,6.8,3,-0.3558845024520213,-6.790680836331102
2017-07-19 11:00:00,29.7,68,0.0,4.8,347,1.0797650608505516,-4.676976310969129
2017-07-19 12:00:00,30.0,65,0.0,1.5,14,-0.36288284339950166,-1.4554435894139948
2017-07-19 13:00:00,30.1,63,0.0,4.6,315,3.2526911934581184,-3.252691193458118
2017-07-19 14:00:00,28.7,70,0.1,3.4,238,2.883363526931848,1.8017254983928965
2017-07-19 15:00:00,28.6,71,0.0,5.1,262,5.050367150582009,0.7097828148963337
2017-07-19 16:00:00,27.4,75,0.1,4.7,157,-1.8364363038995868,4.326372811226469
2017-07-19 17:00:00,26.9,79,0.0,4.5,284,4.366330768241984,-1.0886485301985047
2017-07-19 18:00:00,26.3,84,0.0,3.0,346,0.725765686799003,-2.9108871788279895
2017-07-19 19:00:00,26.1,83,0.0,1.0,135,-0.7071067811865475,0.7071067811865476
2017-07-19 20:00:00,25.3,89,0.0,3.2,153,-1.4527695991665495,2.8512208774027776
2017-07-19 21:00:00,25.3,90,0.0,4.0,170,-0.6945927106677212,3.939231012048832
2017-07-19 22:00:00,24.9,92,0.0,5.0,201,1.791839747726502,4.667902132486009
2017-07-19 23:00:00,25.7,86,0.0,3.0,166,-0.7257656867990033,2.9108871788279895
2017-07-20 00:00:00,25.2,88,0.0,2.3,72,-2.187429987478853,-0.7107390870623786
2017-07-20 01:00:00,24.1,92,0.0,5.8,60,-5.0229473419497435,-2.9000000000000004
2017-07-20 02:00:00,24.1,92,0.0,6.1,40,-3.9210044190878905,-4.672871103025765
2017-07-20 03:00:00,24.1,92,0.0,5.8,22,-2.1727182418122912,-5.377666356487366
2017-07-20 04:00:00,23.8,93,0.0,5.6,40,-3.5996106142446207,-4.289848881466276
2017-07-20 05:00:00,23.6,93,0.0,5.9,38,-3.632402704421383,-4.649263446279661
2017-07-20 06:00:00,24.8,89,0.0,4.4,35,-2.523736319944604,-3.604268994871563
2017-07-20 07:00:00,26.1,84,0.0,6.2,7,-0.7555899291119125,-6.153786140176197
2017-07-20 08:00:00,28.0,73,0.0,13.0,358,0.453693457132514,-12.992080751248245
2017-07-20 09:00:00,28.9,69,0.0,12.2,360,7.470345474798854e-16,-12.2
2017-07-20 10:00:00,29.4,66,0.0,10.5,6,-1.0975488643103604,-10.442479901366871
2017-07-20 11:00:00,29.8,64,0.0,8.8,9,-1.3766232923540331,-8.691657397237211
2017-07-20 12:00:00,29.6,67,0.0,7.9,24,-3.2132194802988208,-7.217009115376548
2017-07-20 13:00:00,29.2,71,0.0,7.6,3,-0.39775326744637673,-7.589584464134761
2017-07-20 14:00:00,29.4,71,0.1,5.6,27,-2.5423467985414625,-4.989636535454859
2017-07-20 15:00:00,28.8,75,0.1,6.4,27,-2.9055391983331003,-5.702441754805554
2017-07-20 16:00:00,28.4,78,0.0,5.6,15,-1.4493866525741155,-5.4091846272187825
2017-07-20 17:00:00,28.1,79,0.0,1.5,346,0.3628828433995015,-1.4554435894139948
2017-07-20 18:00:00,27.3,83,0.0,4.1,135,-2.8991378028648445,2.899137802864845
2017-07-20 19:00:00,26.5,86,0.0,2.8,140,-1.7998053071223101,2.1449244407331385
2017-07-20 20:00:00,25.7,84,0.1,7.1,66,-6.486172749262466,-2.8878301658381815
2017-07-20 21:00:00,25.7,85,0.0,2.9,83,-2.878383839759834,-0.3534210958749272
2017-07-20 22:00:00,25.4,85,0.0,1.8,143,-1.0832670416736871,1.4375439180851268
2017-07-20 23:00:00,26.7,75,0.0,0.5,135,-0.35355339059327373,0.3535533905932738
2017-07-21 00:00:00,26.9,73,0.0,2.6,56,-2.1554976886431088,-1.4539015490239415
2017-07-21 01:00:00,25.3,82,0.0,4.3,48,-3.195522749552795,-2.8772616073430903
2017-07-21 02:00:00,24.4,88,0.0,5.1,45,-3.606244584051393,-3.606244584051392
2017-07-21 03:00:00,24.9,85,0.0,3.3,84,-3.2819222547153015,-0.3449439287832565
2017-07-21 04:00:00,25.0,83,0.0,2.6,74,-2.499280409439629,-0.7166571251241974
2017-07-21 05:00:00,24.3,87,0.0,4.8,27,-2.179154398749825,-4.276831316104166
2017-07-21 06:00:00,24.9,84,0.0,5.0,21,-1.7918397477265036,-4.667902132486008
2017-07-21 07:00:00,25.9,83,0.0,6.5,6,-0.6794350112397468,-6.464392319893777
2017-07-21 08:00:00,27.1,79,0.0,9.5,9,-1.4861274178821948,-9.383039235653808
2017-07-21 09:00:00,28.4,73,0.0,10.7,12,-2.2246550917500296,-10.46617932785172
2017-07-21 10:00:00,29.2,71,0.0,11.2,6,-1.1707187885977175,-11.13864522812466
2017-07-21 11:00:00,29.4,71,0.0,11.9,3,-0.6227978792910372,-11.88369146357943
2017-07-21 12:00:00,29.5,71,0.0,12.4,10,-2.1532374030699364,-12.21161613735138
2017-07-21 13:00:00,29.4,70,0.0,11.2,360,6.858022075225178e-16,-11.2
2017-07-21 14:00:00,28.7,73,0.4,7.9,30,-3.9500000000000037,-6.841600689897064
2017-07-21 15:00:00,29.1,70,0.2,6.1,357,0.3192493330819582,-6.0916401620029
2017-07-21 16:00:00,28.4,74,1.6,3.8,49,-2.867896404846534,-2.4930243101639267
2017-07-21 17:00:00,27.7,78,0.0,4.4,55,-3.604268994871564,-2.5237363199446032
2017-07-21 18:00:00,27.5,79,0.0,1.3,56,-1.0777488443215544,-0.7269507745119708
2017-07-21 19:00:00,26.4,86,0.0,3.7,169,-0.7059932828932158,3.632020578756357
2017-07-21 20:00:00,27.9,77,0.0,3.3,319,2.1649947956686737,-2.4905416147351476
2017-07-21 21:00:00,26.7,85,0.0,3.8,221,2.4930243101639276,2.8678964048465336
2017-07-21 22:00:00,25.8,90,0.0,5.4,222,3.6133052743378347,4.012982057577929
2017-07-21 23:00:00,25.8,89,0.0,4.1,195,1.061158084920335,3.96029588778518
2017-07-22 00:00:00,25.5,90,0.0,5.4,176,-0.3766849582182768,5.386845871403051
2017-07-22 01:00:00,25.6,89,0.0,5.1,172,-0.7097828148963332,5.050367150582009
2017-07-22 02:00:00,25.1,90,0.0,3.8,131,-2.8678964048465336,2.4930243101639276
2017-07-22 03:00:00,26.3,82,0.0,1.8,127,-1.4375439180851273,1.0832670416736867
2017-07-22 04:00:00,25.3,87,0.0,3.4,342,1.0506577808748212,-3.233592155403522
2017-07-22 05:00:00,24.6,92,0.0,3.4,32,-1.801725498392897,-2.883363526931848
2017-07-22 06:00:00,25.2,90,0.0,6.6,29,-3.199743493625823,-5.772490067120013
2017-07-22 07:00:00,26.1,86,0.0,8.8,12,-1.8296228791962863,-8.60769888645749
2017-07-22 08:00:00,27.3,78,0.0,13.0,3,-0.680367431158276,-12.98218395180946
2017-07-22 09:00:00,28.3,72,0.0,14.5,6,-1.5156627173809738,-14.420567482839964
2017-07-22 10:00:00,28.8,68,0.0,12.6,5,-1.0981623586204938,-12.552053195955994
2017-07-22 11:00:00,29.1,67,0.0,9.4,360,5.755839955992561e-16,-9.4
2017-07-22 12:00:00,29.8,65,0.0,6.9,354,0.7212463965468089,-6.862201078041086
2017-07-22 13:00:00,30.1,64,0.2,6.0,295,5.437846722219899,-2.5357095704441965
2017-07-22 14:00:00,29.8,67,0.1,7.0,282,6.84703320513664,-1.4553818357243153
2017-07-22 15:00:00,29.0,71,0.0,6.6,257,6.430842427582553,1.484676958669509
2017-07-22 16:00:00,28.7,72,0.0,8.2,221,5.379684037722159,6.18861855782673
2017-07-22 17:00:00,27.4,80,0.0,11.0,218,6.772276228582241,8.668118289673941
2017-07-22 18:00:00,26.5,85,0.0,10.2,203,3.985457510590592,9.389149505214892
2017-07-22 19:00:00,26.0,88,0.0,6.8,205,2.873804179836756,6.162892951849219
2017-07-22 20:00:00,26.3,88,0.0,5.2,192,1.0811407922523493,5.086367523815789
2017-07-22 21:00:00,26.7,86,0.0,5.8,210,2.9000000000000004,5.0229473419497435
2017-07-22 22:00:00,26.2,90,0.0,7.2,207,3.268731598124737,6.415246974156248
2017-07-22 23:00:00,26.1,92,0.1,5.8,202,2.1727182418122895,5.377666356487367
2017-07-23 00:00:00,26.2,93,0.1,4.9,234,3.9641832724372428,2.8801477362331185
2017-07-23 01:00:00,26.0,95,0.1,6.4,254,6.1520748540052415,1.7640790772287946
2017-07-23 02:00:00,25.3,94,1.1,4.8,222,3.2118269105225195,3.5670951622914924
2017-07-23 03:00:00,25.4,96,0.1,3.8,229,2.8678964048465336,2.4930243101639276
2017-07-23 04:00:00,25.4,95,0.3,4.7,238,3.9858260519352022,2.490620541896063
2017-07-23 05:00:00,25.4,93,1.7000000000000002,1.6,207,0.726384799583275,1.4256104387013886
2017-07-23 06:00:00,25.1,89,4.1,2.9,83,-2.878383839759834,-0.3534210958749272
2017-07-23 07:00:00,24.6,93,0.4,8.1,45,-5.727564927611036,-5.727564927611034
2017-07-23 08:00:00,27.1,85,4.9,3.9,248,3.616017032810471,1.460965714322057
2017-07-23 09:00:00,28.3,79,0.0,5.2,258,5.08636752381579,1.0811407922523486
2017-07-23 10:00:00,29.3,74,0.0,6.4,254,6.1520748540052415,1.7640790772287946
2017-07-23 11:00:00,29.0,77,0.1,6.8,238,5.766727053863696,3.603450996785793
2017-07-23 12:00:00,30.1,74,0.2,5.8,248,5.377666356487367,2.1727182418122895
2017-07-23 13:00:00,25.8,87,4.5,7.0,168,-1.4553818357243153,6.84703320513664
2017-07-23 14:00:00,25.9,84,3.0,4.5,151,-2.1816432911085166,3.9357886821272814
2017-07-23 15:00:00,28.0,77,0.2,3.7,119,-3.2360929164157644,1.7937955949114477
2017-07-23 16:00:00,27.6,80,0.1,5.4,352,0.7515347451843536,-5.34744757120448
2017-07-23 17:00:00,27.3,83,0.0,3.9,22,-1.460965714322058,-3.6160170328104706
2017-07-23 18:00:00,27.2,84,0.0,0.4,90,-0.4,4.898587196589413e-17
2017-07-23 19:00:00,26.2,90,0.0,2.5,98,-2.475670171853926,0.3479327524001633
2017-07-23 20:00:00,26.4,87,0.0,3.1,144,-1.8221342821066664,2.5079526825623373
2017-07-23 21:00:00,26.4,85,0.0,4.0,175,-0.34862297099063294,3.984778792366982
2017-07-23 22:00:00,26.3,83,0.0,5.0,180,3.061616997868383e-16,5.0
2017-07-23 23:00:00,25.9,84,0.0,5.1,184,0.35575801609503865,5.087576656325103
2017-07-24 00:00:00,25.7,85,0.0,5.4,184,0.3766849582182763,5.386845871403051
2017-07-24 01:00:00,25.2,87,0.0,4.9,197,1.4326213531414103,4.685893304218874
2017-07-24 02:00:00,24.9,89,0.0,4.6,198,1.4214781741247582,4.3748599749577055
2017-07-24 03:00:00,24.7,90,0.0,4.0,180,2.4492935982947064e-16,4.0
2017-07-24 04:00:00,24.4,91,0.0,4.9,197,1.4326213531414103,4.685893304218874
2017-07-24 05:00:00,23.8,94,0.2,3.3,167,-0.7423384793347546,3.2154212137912763
2017-07-24 06:00:00,24.6,89,0.0,1.1,90,-1.1,1.3471114790620887e-16
2017-07-24 07:00:00,25.7,85,0.0,3.3,13,-0.7423384793347553,-3.215421213791276
2017-07-24 08:00:00,26.8,82,0.0,3.9,22,-1.460965714322058,-3.6160170328104706
2017-07-24 09:00:00,28.0,78,0.0,5.4,4,-0.37668495821827813,-5.386845871403051
2017-07-24 10:00:00,28.8,74,0.0,5.8,353,0.7068421917498554,-5.756767679519667
2017-07-24 11:00:00,29.1,73,0.0,4.7,337,1.8364363038995866,-4.32637281122647
2017-07-24 12:00:00,29.7,70,0.1,3.1,339,1.1109406435904312,-2.8940993221413254
2017-07-24 13:00:00,29.8,72,0.1,4.6,321,2.894873798829252,-3.5748714227020657
2017-07-24 14:00:00,27.6,78,0.8,6.4,137,-4.364789504399989,4.6806636903626915
2017-07-24 15:00:00,27.8,76,0.0,2.1,149,-1.081579957311114,1.800051331474436
2017-07-24 16:00:00,27.6,77,0.1,2.6,34,-1.453901549023941,-2.1554976886431088
2017-07-24 17:00:00,27.7,79,0.0,2.9,263,2.8783838397598336,0.35342109587492765
2017-07-24 18:00:00,27.2,81,0.0,1.6,243,1.4256104387013888,0.7263847995832748
2017-07-24 19:00:00,25.9,90,0.0,3.7,209,1.7937955949114475,3.2360929164157644
2017-07-24 20:00:00,25.7,88,0.0,4.7,157,-1.8364363038995868,4.326372811226469
2017-07-24 21:00:00,25.6,88,0.0,3.8,163,-1.1110124779463992,3.633958072659535
2017-07-24 22:00:00,25.5,88,0.0,5.4,188,0.7515347451843536,5.34744757120448
2017-07-24 23:00:00,25.4,88,0.0,6.6,171,-1.0324674692655234,6.518743047927909
2017-07-25 00:00:00,25.3,87,0.0,6.1,180,3.735172737399427e-16,6.1
2017-07-25 01:00:00,24.8,90,0.0,4.4,171,-0.6883116461770157,4.3458286986186065
2017-07-25 02:00:00,24.7,91,0.0,4.1,142,-2.524212048835199,3.23084408978756
2017-07-25 03:00:00,24.3,91,0.6,4.1,142,-2.524212048835199,3.23084408978756
2017-07-25 04:00:00,24.6,87,0.1,3.9,146,-2.180852323535912,3.233246532964663
2017-07-25 05:00:00,24.8,88,0.0,3.1,135,-2.192031021678297,2.1920310216782974
2017-07-25 06:00:00,25.7,83,0.0,0.7000000000000001,90,-0.7000000000000001,8.572527594031473e-17
2017-07-25 07:00:00,26.2,83,0.0,3.3,6,-0.3449439287832561,-3.281922254715302
2017-07-25 08:00:00,27.0,84,0.1,2.6,326,1.4539015490239418,-2.1554976886431088
2017-07-25 09:00:00,27.9,83,0.0,2.8,310,2.1449244407331385,-1.7998053071223097
2017-07-25 10:00:00,28.6,81,0.0,4.0,275,3.984778792366982,-0.34862297099063266
2017-07-25 11:00:00,28.9,79,0.0,5.7,235,4.669166652447253,3.2693856872009626
2017-07-25 12:00:00,29.5,75,0.1,8.2,255,7.92059177557036,2.12231616984067
2017-07-25 13:00:00,28.0,80,0.6,5.1,135,-3.606244584051392,3.6062445840513924
2017-07-25 14:00:00,26.3,84,2.7,4.6,225,3.2526911934581184,3.252691193458118
2017-07-25 15:00:00,27.0,81,2.2,6.1,140,-3.92100441908789,4.6728711030257655
2017-07-25 16:00:00,26.2,83,4.9,9.1,214,5.088655421583796,7.5442419102508795
2017-07-25 17:00:00,26.6,82,0.1,1.1,108,-1.0461621679246689,0.3399186938124423
2017-07-25 18:00:00,26.2,85,0.0,1.9,292,1.761649323676896,-0.7117525274902328
2017-07-25 19:00:00,25.5,93,0.2,1.6,63,-1.4256104387013888,-0.7263847995832747
2017-07-25 20:00:00,26.6,83,0.0,0.4,90,-0.4,4.898587196589413e-17
2017-07-25 21:00:00,25.3,90,0.0,3.3,167,-0.7423384793347546,3.2154212137912763
2017-07-25 22:00:00,25.3,89,0.0,3.9,158,-1.4609657143220571,3.616017032810471
2017-07-25 23:00:00,25.4,87,0.0,4.7,171,-0.7352419856890848,4.6421352007971475
2017-07-26 00:00:00,24.8,89,0.0,5.5,169,-1.0494494745709964,5.3989495089621515
2017-07-26 01:00:00,25.4,83,0.0,0.7000000000000001,90,-0.7000000000000001,8.572527594031473e-17
2017-07-26 02:00:00,24.3,89,0.0,4.7,81,-4.6421352007971475,-0.7352419856890845
2017-07-26 03:00:00,26.0,78,0.0,1.5,104,-1.4554435894139948,0.3628828433995016
2017-07-26 04:00:00,24.1,88,0.0,3.4,108,-3.233592155403522,1.0506577808748214
2017-07-26 05:00:00,24.2,87,0.0,2.4,117,-2.138415658052083,1.0895771993749124
2017-07-26 06:00:00,25.7,82,0.0,1.8,79,-1.7669289302057951,-0.3434561916777805
2017-07-26 07:00:00,26.4,79,0.0,6.3,31,-3.2447398719333433,-5.400153994423306
2017-07-26 08:00:00,27.3,76,0.0,5.8,360,3.5514757175273243e-16,-5.8
2017-07-26 09:00:00,28.0,74,0.0,4.3,318,2.8772616073430903,-3.195522749552795
2017-07-26 10:00:00,28.7,72,0.0,3.5,294,3.197409101749103,-1.4235782507653008
2017-07-26 11:00:00,29.0,71,0.0,5.4,250,5.074340152243906,1.8469087739586112
2017-07-26 12:00:00,29.1,72,0.3,6.7,234,5.420413862312148,3.93816119035957
2017-07-26 13:00:00,26.7,81,8.9,1.9,22,-0.7117525274902333,-1.7616493236768958
2017-07-26 14:00:00,26.1,85,2.6,4.6,129,-3.5748714227020657,2.8948737988292517
2017-07-26 15:00:00,26.9,82,1.8,4.9,197,1.4326213531414103,4.685893304218874
2017-07-26 16:00:00,26.6,84,0.2,2.4,333,1.0895771993749124,-2.138415658052083
2017-07-26 17:00:00,26.4,85,0.1,1.3,236,1.0777488443215542,0.726950774511971
2017-07-26 18:00:00,26.0,88,0.0,1.9,68,-1.761649323676896,-0.7117525274902328
2017-07-26 19:00:00,26.0,89,0.0,1.5,104,-1.4554435894139948,0.3628828433995016
2017-07-26 20:00:00,25.4,92,0.0,4.3,204,1.7489675652259409,3.9282454678631837
2017-07-26 21:00:00,25.5,91,0.0,3.2,153,-1.4527695991665495,2.8512208774027776
2017-07-26 22:00:00,25.3,91,0.0,2.8,130,-2.144924440733138,1.7998053071223103
2017-07-26 23:00:00,25.0,93,0.0,4.3,180,2.632990618166809e-16,4.3
2017-07-27 00:00:00,24.8,92,0.0,4.1,165,-1.0611580849203355,3.96029588778518
2017-07-27 01:00:00,24.6,91,0.0,3.7,151,-1.793795594911447,3.236092916415765
2017-07-27 02:00:00,25.4,86,0.0,3.1,159,-1.1109406435904308,2.8940993221413254
2017-07-27 03:00:00,24.8,88,0.0,2.5,90,-2.5,3.061616997868383e-16
2017-07-27 04:00:00,24.1,91,0.0,4.4,81,-4.3458286986186065,-0.6883116461770152
2017-07-27 05:00:00,23.9,91,0.0,3.3,103,-3.215421213791276,0.7423384793347552
2017-07-27 06:00:00,25.1,82,0.0,2.6,124,-2.1554976886431083,1.453901549023942
2017-07-27 07:00:00,26.4,80,0.0,2.2,81,-2.1729143493093033,-0.3441558230885076
2017-07-27 08:00:00,27.1,78,0.0,3.2,333,1.45276959916655,-2.851220877402777
2017-07-27 09:00:00,27.8,74,0.0,3.5,336,1.4235782507653008,-3.197409101749103
2017-07-27 10:00:00,28.6,71,0.0,5.0,339,1.791839747726502,-4.667902132486009
2017-07-27 11:00:00,29.1,69,0.0,9.7,345,2.510544737494451,-9.369480515003962
2017-07-27 12:00:00,27.9,77,0.0,10.1,17,-2.9529542176996446,-9.658678035226657
2017-07-27 13:00:00,28.2,77,0.0,10.4,34,-5.815606196095764,-8.621990754572435
2017-07-27 14:00:00,29.1,72,0.0,9.2,21,-3.296985135816766,-8.588939923774255
2017-07-27 15:00:00,27.8,77,0.1,6.4,43,-4.364789504399991,-4.6806636903626915
2017-07-27 16:00:00,27.0,81,0.2,0.4,90,-0.4,4.898587196589413e-17
2017-07-27 17:00:00,26.2,84,0.4,4.0,180,2.4492935982947064e-16,4.0
2017-07-27 18:00:00,26.2,84,0.1,2.3,231,1.7874357113510329,1.4474368994146258
2017-07-27 19:00:00,25.1,93,0.0,3.4,238,2.883363526931848,1.8017254983928965
2017-07-27 20:00:00,25.6,91,0.0,1.5,135,-1.0606601717798212,1.0606601717798214
2017-07-27 21:00:00,25.6,90,0.0,2.7,157,-1.0549740469210394,2.4853631043215887
2017-07-27 22:00:00,25.5,89,0.0,4.1,165,-1.0611580849203355,3.96029588778518
2017-07-27 23:00:00,25.2,88,0.0,4.4,189,0.6883116461770161,4.3458286986186065
2017-07-28 00:00:00,25.2,89,0.0,4.7,184,0.3278554265973886,4.688551036221174
2017-07-28 01:00:00,25.1,88,0.0,4.6,162,-1.4214781741247577,4.374859974957706
2017-07-28 02:00:00,24.8,91,0.0,4.7,171,-0.7352419856890848,4.6421352007971475
2017-07-28 03:00:00,25.1,88,0.0,1.6,63,-1.4256104387013888,-0.7263847995832747
2017-07-28 04:00:00,24.5,89,0.0,3.6,45,-2.545584412271572,-2.545584412271571
2017-07-28 05:00:00,24.1,90,0.0,4.3,66,-3.9282454678631837,-1.7489675652259409
2017-07-28 06:00:00,25.1,89,0.0,1.5,104,-1.4554435894139948,0.3628828433995016
2017-07-28 07:00:00,26.2,85,0.0,1.0,315,0.7071067811865476,-0.7071067811865475
2017-07-28 08:00:00,26.8,82,0.0,1.8,323,1.0832670416736871,-1.437543918085127
2017-07-28 09:00:00,28.0,77,0.0,4.1,345,1.061158084920335,-3.96029588778518
2017-07-28 10:00:00,28.8,73,0.0,7.3,327,3.9758649556096977,-6.122295146001595
2017-07-28 11:00:00,29.2,69,0.0,8.4,320,5.399415921366931,-6.4347733221994154
2017-07-28 12:00:00,29.5,67,0.0,5.0,339,1.791839747726502,-4.667902132486009
2017-07-28 13:00:00,30.2,65,0.0,5.6,345,1.4493866525741161,-5.4091846272187825
2017-07-28 14:00:00,29.7,70,0.0,8.4,317,5.728786224524987,-6.143371093601032
2017-07-28 15:00:00,29.0,74,0.0,5.9,284,5.7247447850283795,-1.4273391840380396
2017-07-28 16:00:00,28.2,77,0.1,9.6,193,2.159530121701103,9.353952621938259
2017-07-28 17:00:00,27.7,80,0.0,9.2,231,7.149742845404131,5.789747597658503
2017-07-28 18:00:00,26.9,84,0.0,7.7,221,5.051654523226906,5.811263767715345
2017-07-28 19:00:00,26.3,86,0.0,8.8,199,2.8649997592229797,8.320563465273988
2017-07-28 20:00:00,26.9,86,0.0,4.3,185,0.37476969381492997,4.283637201794505
2017-07-28 21:00:00,27.3,83,0.0,9.4,187,1.1455718280083864,9.329933825428427
2017-07-28 22:00:00,26.9,86,0.0,11.0,191,2.098898949141994,10.797899017924303
2017-07-28 23:00:00,26.6,84,0.0,8.4,190,1.4586446924022156,8.272385125302547
2017-07-29 00:00:00,26.2,85,0.0,7.1,210,3.5500000000000007,6.148780366869514
2017-07-29 01:00:00,25.7,88,0.0,5.6,225,3.9597979746446663,3.9597979746446654
2017-07-29 02:00:00,25.0,91,0.0,3.5,66,-3.197409101749103,-1.4235782507653008
2017-07-29 03:00:00,25.0,88,0.0,4.1,52,-3.23084408978756,-2.5242120488351985
2017-07-29 04:00:00,24.8,91,0.0,5.0,21,-1.7918397477265036,-4.667902132486008
2017-07-29 05:00:00,24.5,92,0.0,4.0,27,-1.8159619989581877,-3.564026096753471
2017-07-29 06:00:00,25.5,89,0.0,2.3,39,-1.447436899414627,-1.7874357113510322
2017-07-29 07:00:00,26.1,87,0.0,3.3,347,0.7423384793347542,-3.2154212137912763
2017-07-29 08:00:00,26.4,86,0.0,3.0,346,0.725765686799003,-2.9108871788279895
2017-07-29 09:00:00,27.5,77,0.0,4.1,315,2.899137802864845,-2.8991378028648445
2017-07-29 10:00:00,27.9,76,0.1,4.8,318,3.2118269105225195,-3.5670951622914924
2017-07-29 11:00:00,28.3,74,0.2,4.7,328,2.490620541896063,-3.9858260519352022
2017-07-29 12:00:00,27.7,75,0.9,6.5,289,6.1458707413955596,-2.1161930039715187
2017-07-29 13:00:00,26.5,83,1.0,8.2,247,7.54813979831001,3.2039952536120446
2017-07-29 14:00:00,24.9,94,3.7,12.7,187,1.547740661245373,12.605336125844788
2017-07-29 15:00:00,24.8,90,1.7000000000000002,18.2,172,-2.5329504374731893,18.02287885109658
2017-07-29 16:00:00,25.0,89,0.6,25.0,173,-3.0467335851286843,24.81365379103305
2017-07-29 17:00:00,24.6,91,0.1,27.4,181,0.4781959363815706,27.395826847285118
2017-07-29 18:00:00,24.4,96,0.9,20.6,185,1.7954083006017578,20.521610780689958
2017-07-29 19:00:00,24.3,98,5.0,29.2,204,11.876709977813366,26.675527363163944
2017-07-29 20:00:00,24.9,87,12.3,19.9,200,6.806200852180809,18.699883153639576
2017-07-29 21:00:00,24.7,93,6.9,22.5,219,14.159708798621343,17.485784132781845
2017-07-29 22:00:00,24.6,93,10.4,26.9,206,11.792183848626182,24.177559845447593
2017-07-29 23:00:00,24.5,94,15.1,30.8,203,12.03451875746963,28.351549486335163
2017-07-30 00:00:00,24.5,97,16.3,29.8,212,15.791594074149506,25.271833265461495
2017-07-30 01:00:00,24.0,98,12.1,27.2,206,11.923695192662906,24.447198059337342
2017-07-30 02:00:00,24.3,95,5.7,27.5,207,12.484738742837537,24.502679415180115
2017-07-30 03:00:00,24.1,97,3.5,29.5,200,10.08959422810723,27.720932313184296
2017-07-30 04:00:00,24.2,93,2.1,29.8,195,7.712807544055118,28.784589623414238
2017-07-30 05:00:00,24.7,87,0.9,28.3,202,10.601366593670308,26.239303084240085
2017-07-30 06:00:00,25.0,85,0.1,28.6,191,5.457137267769185,28.07453744660319
2017-07-30 07:00:00,25.6,84,0.0,25.2,202,9.440086154080982,23.365033135083042
2017-07-30 08:00:00,26.5,84,0.0,12.7,195,3.2870018728020134,12.267257993871167
2017-07-30 09:00:00,28.6,76,0.0,10.7,222,7.159697488039782,7.951649632608118
2017-07-30 10:00:00,29.8,73,0.0,8.2,218,5.048424097670398,6.46168817957512
2017-07-30 11:00:00,30.3,72,0.0,0.8,333,0.3631923997916375,-0.7128052193506943
2017-07-30 12:00:00,30.7,72,0.0,13.0,28,-6.10313031621658,-11.47831870716605
2017-07-30 13:00:00,29.5,75,0.7000000000000001,21.7,36,-12.75493997474667,-17.555668777936358
2017-07-30 14:00:00,28.7,76,0.1,26.2,32,-13.88388472290997,-22.21886011929836
2017-07-30 15:00:00,28.7,77,0.1,28.5,18,-8.806984339686005,-27.105110714411875
2017-07-30 16:00:00,27.4,83,0.6,26.6,13,-5.983698045546816,-25.918243723287254
2017-07-30 17:00:00,26.1,91,1.7000000000000002,26.0,5,-2.2660493114391143,-25.901062150385386
2017-07-30 18:00:00,25.4,93,2.6,17.6,1,-0.30716235329618957,-17.59731943475249
2017-07-30 19:00:00,25.1,93,10.3,7.6,45,-5.374011537017762,-5.37401153701776
2017-07-30 20:00:00,24.8,93,10.1,19.7,31,-10.146250075728073,-16.886195823831606
2017-07-30 21:00:00,25.0,93,3.1,11.9,88,-11.89275084152724,-0.4153040107597607
2017-07-30 22:00:00,25.4,84,10.5,28.9,147,-15.740068111934281,24.23757941362275
2017-07-30 23:00:00,25.1,91,26.7,23.8,212,12.612078488750276,20.18354468852294
2017-07-31 00:00:00,24.6,96,23.0,26.3,202,9.852153406838484,24.38493537510651
2017-07-31 01:00:00,25.6,90,21.6,24.0,193,5.3988253042527585,23.384881554845645
2017-07-31 02:00:00,26.3,83,24.0,48.6,179,-0.848186952851977,48.592597984600616
2017-07-31 03:00:00,26.1,90,11.4,36.1,185,3.146322313190459,35.962628601112016
2017-07-31 04:00:00,25.9,85,9.1,34.6,189,5.4126324903919905,34.17401658459177
2017-07-31 05:00:00,26.3,85,7.5,36.4,178,-1.2703416799710348,36.37782610349508
2017-07-31 06:00:00,25.7,84,4.8,34.2,178,-1.1935627872255328,34.179166284053075
2017-07-31 07:00:00,25.3,88,2.5,29.7,187,3.6195194991328803,29.47862070374726
2017-07-31 08:00:00,24.5,89,1.3,33.4,187,4.070436069731926,33.15104146482015
2017-07-31 09:00:00,25.7,86,1.7000000000000002,28.9,185,2.51880096540732,28.790026774851444
2017-07-31 10:00:00,25.9,85,0.7000000000000001,28.9,185,2.51880096540732,28.790026774851444
2017-07-31 11:00:00,25.9,85,0.9,28.3,187,3.448902418365674,28.089056091449415
2017-07-31 12:00:00,26.3,86,1.7000000000000002,26.8,192,5.572033313915954,26.21435569966599
2017-07-31 13:00:00,25.8,85,2.5,27.3,188,3.7994256562097872,27.03431827664487
2017-07-31 14:00:00,26.1,84,2.1,24.6,186,2.571400196384275,24.465238626059524
2017-07-31 15:00:00,26.1,83,1.5,25.9,178,-0.9038969645947746,25.88422241979458
2017-07-31 16:00:00,26.1,80,1.0,22.1,187,2.69331248925376,21.935269951273217
2017-07-31 17:00:00,26.3,78,0.5,22.1,187,2.69331248925376,21.935269951273217
2017-07-31 18:00:00,26.6,75,0.3,21.4,173,-2.6080039488701536,21.24048764512429
2017-07-31 19:00:00,26.1,75,0.1,18.3,196,5.044163611451085,17.591089035671235
2017-07-31 20:00:00,26.3,73,0.0,23.2,193,5.218864460777666,22.605385503017455
2017-07-31 21:00:00,26.8,72,0.0,23.6,187,2.876116504361481,23.4240891787352
2017-07-31 22:00:00,26.9,73,0.0,21.6,191,4.121474300133371,21.203147162469545
2017-07-31 23:00:00,26.9,72,0.0,18.5,201,6.629807066588057,17.271237890198233
2017-08-01 00:00:00,26.7,71,0.0,19.2,206,8.416726018350287,17.256845688944008
2017-08-01 01:00:00,27.4,66,0.0,22.2,197,6.490651844844756,21.229965582379386
2017-08-01 02:00:00,27.2,67,0.0,24.7,193,5.556291042293464,24.06694060019531
2017-08-01 03:00:00,27.4,65,0.0,21.9,189,3.425914784381057,21.630374659033517
2017-08-01 04:00:00,27.2,65,0.0,20.7,197,6.052094287760651,19.795508448434834
2017-08-01 05:00:00,26.6,68,0.0,19.2,206,8.416726018350287,17.256845688944008
2017-08-01 06:00:00,26.5,69,0.0,17.7,197,5.17497917359244,16.926594180545727
2017-08-01 07:00:00,26.8,72,0.0,18.9,201,6.773154246406176,17.64467006079711
2017-08-01 08:00:00,27.7,76,0.0,17.4,218,10.712509670666453,13.711387112756961
2017-08-01 09:00:00,28.5,77,0.0,21.2,222,14.185568854807794,15.754670300120758
2017-08-01 10:00:00,29.0,75,0.0,21.9,213,11.927594866829093,18.366885438004786
2017-08-01 11:00:00,28.9,73,0.0,24.5,216,14.400738681165592,19.820916362186214
2017-08-01 12:00:00,28.3,77,0.0,24.4,214,13.644306844686222,20.228516770343017
2017-08-01 13:00:00,28.5,72,0.1,26.0,204,10.575152719970806,23.752181898707622
2017-08-01 14:00:00,27.8,77,0.2,16.3,215,9.349295912522052,13.352178321910566
2017-08-01 15:00:00,27.6,77,0.1,21.6,224,15.004620801914342,15.537739687314865
2017-08-01 16:00:00,26.6,84,0.3,15.8,207,7.17304989588484,14.077903082176212
2017-08-01 17:00:00,26.9,84,0.0,13.7,210,6.850000000000001,11.864548031846809
2017-08-01 18:00:00,26.8,83,0.0,5.2,214,2.9078030980478835,4.3109953772862175
2017-08-01 19:00:00,25.5,85,0.0,4.8,207,2.1791543987498248,4.276831316104166
2017-08-01 20:00:00,25.4,84,0.0,6.1,208,2.863776532993934,5.385980316439453
2017-08-01 21:00:00,25.6,81,0.0,8.0,185,0.6972459419812651,7.969557584733964
2017-08-01 22:00:00,25.4,80,0.0,5.5,203,2.1490212066910055,5.062776693988422
2017-08-01 23:00:00,24.7,87,0.0,6.3,211,3.244739871933341,5.400153994423308
2017-08-02 00:00:00,24.7,83,0.0,4.8,207,2.1791543987498248,4.276831316104166
2017-08-02 01:00:00,25.1,81,0.0,8.5,208,3.9905082836800725,7.505054539300878
2017-08-02 02:00:00,24.7,84,0.1,6.0,197,1.7542302283364206,5.737828535778212
2017-08-02 03:00:00,24.6,84,0.1,4.9,197,1.4326213531414103,4.685893304218874
2017-08-02 04:00:00,24.4,84,0.1,5.1,188,0.7097828148963339,5.050367150582009
2017-08-02 05:00:00,24.3,85,0.1,5.2,192,1.0811407922523493,5.086367523815789
2017-08-02 06:00:00,24.6,87,0.1,3.6,135,-2.545584412271571,2.5455844122715714
2017-08-02 07:00:00,25.1,84,0.2,3.0,256,2.9108871788279895,0.7257656867990032
2017-08-02 08:00:00,26.0,84,0.1,5.5,212,2.914555953282627,4.664264528860342
2017-08-02 09:00:00,26.9,82,0.0,11.3,211,5.8199302464836125,9.68599049793387
2017-08-02 10:00:00,27.6,81,0.0,13.7,215,7.857997178009332,11.222383006759188
2017-08-02 11:00:00,27.9,83,0.1,12.7,205,5.367251924106883,11.510108895365454
2017-08-02 12:00:00,27.0,87,0.4,14.1,218,8.680826802091781,11.11095162585478
2017-08-02 13:00:00,27.6,79,0.2,11.4,198,3.522793735874401,10.84204428576475
2017-08-02 14:00:00,26.8,85,0.2,9.2,222,6.156001578501495,6.836932394392027
2017-08-02 15:00:00,27.6,79,0.0,8.8,215,5.0474726398892065,7.208537989743128
2017-08-02 16:00:00,27.4,81,0.0,7.7,229,5.811263767715345,5.051654523226906
2017-08-02 17:00:00,26.9,85,0.0,9.6,214,5.368251873319169,7.9587606965284
2017-08-02 18:00:00,26.3,89,0.0,5.9,218,3.6324027044213842,4.64926344627966
2017-08-02 19:00:00,25.1,95,0.0,5.4,184,0.3766849582182763,5.386845871403051
2017-08-02 20:00:00,25.1,91,0.0,4.3,156,-1.748967565225941,3.9282454678631837
2017-08-02 21:00:00,25.1,90,0.0,4.4,189,0.6883116461770161,4.3458286986186065
2017-08-02 22:00:00,24.7,92,0.0,4.3,185,0.37476969381492997,4.283637201794505
2017-08-02 23:00:00,24.6,92,0.0,4.3,180,2.632990618166809e-16,4.3
2017-08-03 00:00:00,24.3,92,0.0,4.9,163,-1.4326213531414098,4.685893304218874
2017-08-03 01:00:00,24.2,90,0.0,5.6,165,-1.4493866525741166,5.4091846272187825
2017-08-03 02:00:00,24.5,87,0.0,4.1,135,-2.8991378028648445,2.899137802864845
2017-08-03 03:00:00,25.4,79,0.0,1.6,117,-1.4256104387013886,0.7263847995832751
2017-08-03 04:00:00,23.2,91,0.0,4.9,163,-1.4326213531414098,4.685893304218874
2017-08-03 05:00:00,23.4,89,0.0,5.0,150,-2.499999999999999,4.330127018922194
2017-08-03 06:00:00,24.2,89,0.0,4.0,175,-0.34862297099063294,3.984778792366982
2017-08-03 07:00:00,25.5,85,0.0,4.1,232,3.2308440897875594,2.524212048835199
2017-08-03 08:00:00,26.7,81,0.0,1.8,307,1.437543918085127,-1.083267041673687
2017-08-03 09:00:00,27.5,80,0.0,3.8,253,3.6339580726595346,1.1110124779463997
2017-08-03 10:00:00,28.5,77,0.0,3.4,198,1.0506577808748212,3.233592155403522
2017-08-03 11:00:00,29.4,71,0.0,7.1,221,4.658019105832602,5.358438019581681
2017-08-03 12:00:00,29.2,72,0.1,9.0,217,5.4163352083684355,7.187719590425635
2017-08-03 13:00:00,26.9,83,0.3,15.6,214,8.72340929414365,12.932986131858652
2017-08-03 14:00:00,28.1,79,0.1,10.6,198,3.275580140374443,10.081199072728626
2017-08-03 15:00:00,27.1,80,0.1,12.6,183,0.659433048661094,12.58273213790763
2017-08-03 16:00:00,27.6,78,0.0,9.0,203,3.5165801564034633,8.284543681071963
2017-08-03 17:00:00,26.9,82,0.7000000000000001,9.2,206,4.033014550459512,8.268905225952336
2017-08-03 18:00:00,26.3,88,0.0,6.6,229,4.981083229470295,4.329989591337347
2017-08-03 19:00:00,25.5,93,0.0,3.2,207,1.45276959916655,2.851220877402777
2017-08-03 20:00:00,25.7,93,0.0,4.8,207,2.1791543987498248,4.276831316104166
2017-08-03 21:00:00,25.5,94,0.4,5.2,214,2.9078030980478835,4.3109953772862175
2017-08-03 22:00:00,25.1,95,0.0,4.5,194,1.0886485301985045,4.366330768241984
2017-08-03 23:00:00,24.9,95,0.0,3.3,167,-0.7423384793347546,3.2154212137912763
2017-08-04 00:00:00,24.7,95,0.0,4.0,180,2.4492935982947064e-16,4.0
2017-08-04 01:00:00,24.5,95,0.0,4.1,195,1.061158084920335,3.96029588778518
2017-08-04 02:00:00,24.4,94,0.0,5.2,192,1.0811407922523493,5.086367523815789
2017-08-04 03:00:00,23.6,96,0.0,5.1,172,-0.7097828148963332,5.050367150582009
2017-08-04 04:00:00,23.5,94,0.0,3.1,126,-2.507952682562337,1.822134282106667
2017-08-04 05:00:00,23.7,90,0.0,3.1,135,-2.192031021678297,2.1920310216782974
2017-08-04 06:00:00,24.5,88,0.0,1.3,124,-1.0777488443215542,0.726950774511971
2017-08-04 07:00:00,26.0,82,0.0,0.8,243,0.7128052193506944,0.3631923997916374
2017-08-04 08:00:00,26.9,81,0.0,1.4,270,1.4,0.0
2017-08-04 09:00:00,27.7,80,0.0,5.6,243,4.98963653545486,2.5423467985414616
2017-08-04 10:00:00,28.1,78,0.0,8.9,220,5.7208097262102005,6.817795543758905
2017-08-04 11:00:00,29.1,73,0.0,9.8,208,4.600821315301731,8.652886410017484
2017-08-04 12:00:00,28.8,74,0.1,11.6,206,5.085105302753298,10.426010937070338
2017-08-04 13:00:00,28.3,76,0.2,13.9,217,8.365228821813472,11.101033589657371
2017-08-04 14:00:00,28.6,77,0.3,9.4,212,4.981241083792126,7.9716521038704045
2017-08-04 15:00:00,26.4,84,1.4,8.6,180,5.265981236333618e-16,8.6
2017-08-04 16:00:00,27.0,82,0.0,8.6,180,5.265981236333618e-16,8.6
2017-08-04 17:00:00,27.0,84,0.0,8.9,227,6.509047944410617,6.069785404556237
2017-08-04 18:00:00,26.6,87,0.0,5.4,217,3.2498011250210617,4.312631754255381
2017-08-04 19:00:00,25.7,91,0.0,5.7,215,3.269385687200963,4.669166652447253
2017-08-04 20:00:00,25.2,93,0.0,5.1,188,0.7097828148963339,5.050367150582009
2017-08-04 21:00:00,25.1,94,0.0,4.4,189,0.6883116461770161,4.3458286986186065
2017-08-04 22:00:00,25.1,92,0.0,3.6,174,-0.3763024677635528,3.580278823325784
2017-08-04 23:00:00,25.2,91,0.0,5.1,188,0.7097828148963339,5.050367150582009
2017-08-05 00:00:00,25.2,89,0.0,6.8,205,2.873804179836756,6.162892951849219
2017-08-05 01:00:00,24.9,90,0.0,5.7,198,1.7613968679372005,5.421022142882375
2017-08-05 02:00:00,24.8,90,0.0,5.4,184,0.3766849582182763,5.386845871403051
2017-08-05 03:00:00,24.4,91,0.0,4.6,162,-1.4214781741247577,4.374859974957706
2017-08-05 04:00:00,24.2,90,0.0,4.1,142,-2.524212048835199,3.23084408978756
2017-08-05 05:00:00,24.2,88,0.0,3.6,143,-2.1665340833473743,2.8750878361702537
2017-08-05 06:00:00,25.0,86,0.0,1.8,127,-1.4375439180851273,1.0832670416736867
2017-08-05 07:00:00,26.5,79,0.0,1.1,162,-0.3399186938124421,1.046162167924669
2017-08-05 08:00:00,27.5,77,0.0,5.9,232,4.64926344627966,3.6324027044213842
2017-08-05 09:00:00,28.2,77,0.0,8.7,222,5.821436275322066,6.46535998165333
2017-08-05 10:00:00,28.9,74,0.0,10.7,222,7.159697488039782,7.951649632608118
2017-08-05 11:00:00,29.2,74,0.0,12.7,227,9.288192010563463,8.66137917279373
2017-08-05 12:00:00,29.1,76,0.1,12.2,225,8.62670273047588,8.626702730475879
2017-08-05 13:00:00,28.6,80,0.1,10.2,212,5.40517649517869,8.650090580795544
2017-08-05 14:00:00,27.5,79,1.0,11.0,203,4.298042413382011,10.125553387976844
2017-08-05 15:00:00,27.9,78,0.2,8.0,172,-1.1133848076805228,7.922144549932563
2017-08-05 16:00:00,27.5,81,0.0,9.0,182,0.31409547032250973,8.994517443171862
2017-08-05 17:00:00,27.8,80,0.0,8.2,195,2.12231616984067,7.92059177557036
2017-08-05 18:00:00,27.3,84,0.0,5.9,218,3.6324027044213842,4.64926344627966
2017-08-05 19:00:00,26.4,88,0.0,6.0,205,2.5357095704441965,5.437846722219899
2017-08-05 20:00:00,26.1,89,0.0,5.4,176,-0.3766849582182768,5.386845871403051
2017-08-05 21:00:00,26.1,87,0.0,5.4,180,3.3065463576978537e-16,5.4
2017-08-05 22:00:00,25.8,87,0.0,5.5,191,1.049449474570997,5.3989495089621515
2017-08-05 23:00:00,25.7,86,0.0,7.8,193,1.7546182238821464,7.6000865053248345
2017-08-06 00:00:00,25.3,87,0.0,7.4,194,1.7902220274375409,7.180188374442374
2017-08-06 01:00:00,24.9,89,0.0,6.6,193,1.4846769586695083,6.430842427582553
2017-08-06 02:00:00,24.5,90,0.0,5.1,172,-0.7097828148963332,5.050367150582009
2017-08-06 03:00:00,24.0,90,0.0,4.4,145,-2.5237363199446032,3.6042689948715636
2017-08-06 04:00:00,23.9,89,0.0,3.6,127,-2.8750878361702545,2.1665340833473734
2017-08-06 05:00:00,23.9,88,0.0,3.9,146,-2.180852323535912,3.233246532964663
2017-08-06 06:00:00,25.1,84,0.0,3.7,151,-1.793795594911447,3.236092916415765
2017-08-06 07:00:00,26.4,82,0.0,5.8,202,2.1727182418122895,5.377666356487367
2017-08-06 08:00:00,27.3,79,0.0,6.9,208,3.239353783222647,6.092338390726596
2017-08-06 09:00:00,28.2,76,0.0,10.5,211,5.407899786555569,9.00025665737218
2017-08-06 10:00:00,28.7,75,0.0,11.1,216,6.524416300446451,8.980088637561916
2017-08-06 11:00:00,29.4,74,0.0,11.2,225,7.919595949289333,7.919595949289331
2017-08-06 12:00:00,29.8,71,0.0,11.5,231,8.937178556755166,7.23718449707313
2017-08-06 13:00:00,29.8,71,0.1,13.0,228,9.660882731206126,8.698697882665158
2017-08-06 14:00:00,29.3,72,0.3,13.9,211,7.159029241249753,11.914625479759362
2017-08-06 15:00:00,28.9,75,0.3,12.6,207,5.72028029671829,11.226682204773434
2017-08-06 16:00:00,28.8,76,0.0,11.0,212,5.829111906565254,9.328529057720685
2017-08-06 17:00:00,28.3,78,0.0,9.6,214,5.368251873319169,7.9587606965284
2017-08-06 18:00:00,27.5,83,0.0,8.2,203,3.203995253612044,7.54813979831001
2017-08-06 19:00:00,26.6,87,0.0,7.5,197,2.192787785420526,7.172285669722766
2017-08-06 20:00:00,26.4,88,0.0,6.2,190,1.0766187015349686,6.10580806867569
2017-08-06 21:00:00,26.1,91,0.0,5.9,191,1.125773072721615,5.791600382341218
2017-08-06 22:00:00,25.9,92,0.0,8.3,182,0.289665822630759,8.294943864258496
2017-08-06 23:00:00,26.1,91,0.0,11.1,193,2.4969567032169007,10.81550771911611
2017-08-07 00:00:00,25.9,91,0.0,10.1,197,2.952954217699641,9.658678035226657
2017-08-07 01:00:00,25.5,92,0.0,9.0,196,2.4807362023529924,8.65135526344487
2017-08-07 02:00:00,25.4,91,0.0,7.9,196,2.1775351109542935,7.59396739791272
2017-08-07 03:00:00,25.2,92,0.0,7.2,198,2.224922359499622,6.8476069173251055
2017-08-07 04:00:00,25.2,91,0.0,6.2,187,0.7555899291119145,6.153786140176196
2017-08-07 05:00:00,25.4,87,0.0,6.5,186,0.6794350112397475,6.4643923198937765
2017-08-07 06:00:00,25.6,84,0.0,9.2,191,1.755442757464213,9.030970087718508
2017-08-07 07:00:00,26.7,80,0.0,9.7,202,3.633683956134346,8.993683389297837
2017-08-07 08:00:00,27.7,78,0.0,6.9,219,4.342310698243879,5.3623071340531
2017-08-07 09:00:00,28.5,75,0.0,8.0,216,4.702282018339785,6.47213595499958
2017-08-07 10:00:00,29.3,73,0.0,9.9,213,5.391926446648768,8.302838622659698
2017-08-07 11:00:00,29.9,72,0.0,11.8,218,7.2648054088427685,9.29852689255932
2017-08-07 12:00:00,30.1,71,0.0,13.6,217,8.184684314867857,10.861442936643183
2017-08-07 13:00:00,30.2,71,0.1,14.6,218,8.98865753975461,11.504957002658141
2017-08-07 14:00:00,29.9,72,0.2,12.9,210,6.450000000000002,11.171727708819258
2017-08-07 15:00:00,28.5,77,0.5,13.4,186,1.4006814077865564,13.326593397934863
2017-08-07 16:00:00,28.6,76,0.1,12.2,194,2.9514471263159456,11.837607860567156
2017-08-07 17:00:00,28.1,78,0.1,12.7,209,6.157082177128481,11.107670280670325
2017-08-07 18:00:00,27.4,83,0.0,9.7,195,2.510544737494451,9.369480515003962
2017-08-07 19:00:00,26.8,84,0.0,10.6,208,4.976398565530443,9.359244484304625
2017-08-07 20:00:00,26.3,83,0.0,6.8,198,2.1013155617496424,6.467184310807044
2017-08-07 21:00:00,26.3,83,0.0,11.5,200,3.9332316482451914,10.806465139037945
2017-08-07 22:00:00,26.1,84,0.0,10.7,192,2.224655091750026,10.46617932785172
2017-08-07 23:00:00,25.9,84,0.0,9.8,188,1.3638963894086416,9.70462707366739
2017-08-08 00:00:00,25.7,84,0.0,6.5,177,-0.34018371557913496,6.49109197590473
2017-08-08 01:00:00,25.4,86,0.0,5.2,196,1.4333142502483958,4.998560818879258
2017-08-08 02:00:00,24.9,89,0.0,5.0,180,3.061616997868383e-16,5.0
2017-08-08 03:00:00,24.7,88,0.0,4.9,163,-1.4326213531414098,4.685893304218874
2017-08-08 04:00:00,25.0,84,0.0,4.7,171,-0.7352419856890848,4.6421352007971475
2017-08-08 05:00:00,25.1,83,0.0,6.9,174,-0.7212463965468096,6.862201078041086
2017-08-08 06:00:00,25.4,81,0.0,9.1,189,1.4235536318661013,8.987963899415753
2017-08-08 07:00:00,26.7,81,0.0,10.9,214,6.09520264783114,9.036509540849956
2017-08-08 08:00:00,27.8,78,0.0,11.2,213,6.099957192168303,9.393110360988748
2017-08-08 09:00:00,28.7,76,0.0,14.8,214,8.276054971367053,12.269756073814618
2017-08-08 10:00:00,29.4,73,0.0,18.0,213,9.803502630270488,15.096070223017634
2017-08-08 11:00:00,29.5,73,0.0,19.0,213,10.348141665285514,15.934740790963057
2017-08-08 12:00:00,29.7,71,0.0,20.7,211,10.661288150638121,17.743363124533726
2017-08-08 13:00:00,29.4,70,0.2,21.4,213,11.65527534932158,17.947550154032072
2017-08-08 14:00:00,28.4,75,0.5,22.2,209,10.762773569468683,19.416557498494583
2017-08-08 15:00:00,28.4,77,0.1,17.6,208,8.26269950503168,15.539877634317115
2017-08-08 16:00:00,27.2,79,0.6,14.7,191,2.8048922320352103,14.42991959668066
2017-08-08 17:00:00,26.3,83,0.1,16.4,195,4.24463233968134,15.84118355114072
2017-08-08 18:00:00,26.5,81,0.0,13.4,188,1.8649195528648772,13.269592121137043
2017-08-08 19:00:00,26.4,79,0.0,10.1,180,6.184466335694133e-16,10.1
2017-08-08 20:00:00,25.8,82,0.0,6.3,167,-1.4171916423663498,6.1385314081469815
2017-08-08 21:00:00,26.8,75,0.0,7.2,186,0.752604935527105,7.160557646651568
2017-08-08 22:00:00,26.9,73,0.0,9.2,191,1.755442757464213,9.030970087718508
2017-08-08 23:00:00,26.7,73,0.0,10.7,194,2.588564282916444,10.382164271153162
2017-08-09 00:00:00,26.5,73,0.0,10.3,192,2.1414904154229224,10.074920287558198
2017-08-09 01:00:00,26.1,75,0.0,10.9,197,3.186851581477831,10.423721839997087
2017-08-09 02:00:00,25.7,75,0.0,11.2,195,2.8987733051482323,10.818369254437565
2017-08-09 03:00:00,25.6,75,0.0,11.1,193,2.4969567032169007,10.81550771911611
2017-08-09 04:00:00,25.6,73,0.0,10.0,193,2.249510543438649,9.743700647852352
2017-08-09 05:00:00,25.5,73,0.0,9.6,193,2.159530121701103,9.353952621938259
2017-08-09 06:00:00,25.1,77,0.0,8.0,207,3.6319239979163744,7.128052193506942
2017-08-09 07:00:00,25.6,83,0.0,11.0,218,6.772276228582241,8.668118289673941
2017-08-09 08:00:00,27.1,80,0.0,11.3,211,5.8199302464836125,9.68599049793387
2017-08-09 09:00:00,28.2,78,0.0,14.3,208,6.71344334783824,12.626150577882655
2017-08-09 10:00:00,29.1,76,0.0,16.2,212,8.58469208057792,13.7383791577341
2017-08-09 11:00:00,29.8,73,0.0,17.8,212,9.432562903351048,15.095256111584384
2017-08-09 12:00:00,30.4,69,0.0,17.1,210,8.550000000000002,14.809034404713902
2017-08-09 13:00:00,30.2,68,0.0,17.3,211,8.910158695943938,14.828994302146544
2017-08-09 14:00:00,29.4,71,0.0,18.0,209,8.726573164434068,15.743154728509124
2017-08-09 15:00:00,29.0,72,0.0,18.2,205,7.6916523636807295,16.494801724067027
2017-08-09 16:00:00,29.0,73,0.0,17.3,203,6.759648522864436,15.924733964727219
2017-08-09 17:00:00,28.7,74,0.0,15.2,202,5.694020219921861,14.093194589415168
2017-08-09 18:00:00,27.7,79,0.0,13.5,209,6.544929873325551,11.807366046381842
2017-08-09 19:00:00,26.8,81,0.0,12.4,197,3.625409138561936,11.858178973941639
2017-08-09 20:00:00,26.1,84,0.0,7.8,167,-1.7546182238821473,7.6000865053248345
2017-08-09 21:00:00,26.4,78,0.0,6.8,180,4.1637991171010006e-16,6.8
2017-08-09 22:00:00,26.1,77,0.0,7.0,192,1.4553818357243162,6.847033205136639
2017-08-09 23:00:00,26.0,74,0.0,9.0,196,2.4807362023529924,8.65135526344487
2017-08-10 00:00:00,25.8,74,0.0,11.8,192,2.453357951649562,11.542141688658907
2017-08-10 01:00:00,25.7,73,0.0,12.3,195,3.183474254761005,11.88088766335554
2017-08-10 02:00:00,25.7,73,0.0,13.0,185,1.1330246557195558,12.950531075192693
2017-08-10 03:00:00,25.7,72,0.0,13.3,183,0.6960682180311548,13.281772812235833
2017-08-10 04:00:00,26.1,71,0.0,14.1,184,0.9835662797921657,14.06565310866352
2017-08-10 05:00:00,25.8,72,0.0,12.4,197,3.625409138561936,11.858178973941639
2017-08-10 06:00:00,25.5,74,0.0,11.4,204,4.636797731064123,10.41441821712565
2017-08-10 07:00:00,26.2,77,0.0,13.3,213,7.24369916569986,11.154318553674141
2017-08-10 08:00:00,27.2,77,0.0,12.2,214,6.822153422343111,10.114258385171508
2017-08-10 09:00:00,27.7,76,0.0,14.4,212,7.630837404958151,12.211892584652533
2017-08-10 10:00:00,27.7,81,0.1,17.6,226,12.660380485960262,12.225987320078353
2017-08-10 11:00:00,28.0,79,0.0,14.7,208,6.901231972952595,12.979329615026224
2017-08-10 12:00:00,28.6,77,0.1,14.9,212,7.895797037074753,12.635916632730748
2017-08-10 13:00:00,29.5,73,0.0,15.0,210,7.500000000000002,12.990381056766578
2017-08-10 14:00:00,29.8,71,0.0,17.4,207,7.899434695468114,15.503513520877599
2017-08-10 15:00:00,29.8,70,0.1,16.5,203,6.447063620073016,15.188330081965265
2017-08-10 16:00:00,29.0,72,0.2,15.8,204,6.426438960597643,14.434018230753095
2017-08-10 17:00:00,28.2,76,0.0,13.7,198,4.2335328229367795,13.029474273243602
2017-08-10 18:00:00,27.7,78,0.0,7.6,188,1.0577155672964975,7.5260373224359345
2017-08-10 19:00:00,26.2,86,0.0,4.9,197,1.4326213531414103,4.685893304218874
2017-08-10 20:00:00,25.7,88,0.0,5.1,135,-3.606244584051392,3.6062445840513924
2017-08-10 21:00:00,25.9,83,0.0,4.6,135,-3.252691193458118,3.2526911934581184
2017-08-10 22:00:00,25.7,80,0.0,4.6,141,-2.894873798829251,3.5748714227020666
2017-08-10 23:00:00,25.7,79,0.0,6.0,205,2.5357095704441965,5.437846722219899
2017-08-11 00:00:00,25.6,80,0.0,8.1,193,1.8221035401853058,7.892397524760405
2017-08-11 01:00:00,25.7,77,0.0,9.7,182,0.33852511801426044,9.694091022085228
2017-08-11 02:00:00,25.7,76,0.0,8.7,187,1.060263287624783,8.6351515192795
2017-08-11 03:00:00,25.5,77,0.0,7.6,175,-0.6623836448822026,7.571079705497266
2017-08-11 04:00:00,24.9,81,0.0,5.9,194,1.4273391840380394,5.7247447850283795
2017-08-11 05:00:00,24.5,84,0.0,5.0,180,3.061616997868383e-16,5.0
2017-08-11 06:00:00,25.0,82,0.0,5.5,191,1.049449474570997,5.3989495089621515
2017-08-11 07:00:00,26.3,79,0.0,7.3,169,-1.392905666248777,7.165878439167947
2017-08-11 08:00:00,27.4,77,0.0,8.1,225,5.727564927611035,5.727564927611034
2017-08-11 09:00:00,28.3,78,0.0,11.4,215,6.538771374401926,9.338333304894507
2017-08-11 10:00:00,28.8,79,0.0,11.8,218,7.2648054088427685,9.29852689255932
2017-08-11 11:00:00,29.3,79,0.0,10.5,218,6.464445490919412,8.274112912870581
2017-08-11 12:00:00,29.8,79,0.0,10.9,224,7.57177623800307,7.840803823691297
2017-08-11 13:00:00,29.7,80,0.1,11.6,206,5.085105302753298,10.426010937070338
2017-08-11 14:00:00,28.8,80,0.2,8.2,203,3.203995253612044,7.54813979831001
2017-08-11 15:00:00,27.5,83,0.7000000000000001,8.3,214,4.641301098807199,6.881011852206847
2017-08-11 16:00:00,27.8,82,0.2,8.2,203,3.203995253612044,7.54813979831001
2017-08-11 17:00:00,27.8,82,0.1,7.9,196,2.1775351109542935,7.59396739791272
2017-08-11 18:00:00,27.1,85,0.0,5.4,188,0.7515347451843536,5.34744757120448
2017-08-11 19:00:00,26.2,89,0.0,4.7,148,-2.4906205418960625,3.9858260519352027
2017-08-11 20:00:00,26.3,87,0.0,5.2,146,-2.907803098047883,4.3109953772862175
2017-08-11 21:00:00,26.1,87,0.0,3.5,156,-1.423578250765301,3.197409101749103
2017-08-11 22:00:00,25.7,89,0.0,5.1,184,0.35575801609503865,5.087576656325103
2017-08-11 23:00:00,25.7,88,0.0,5.1,188,0.7097828148963339,5.050367150582009
2017-08-12 00:00:00,25.4,88,0.0,5.8,176,-0.4045875477159269,5.78587149150698
2017-08-12 01:00:00,25.1,89,0.0,5.8,180,3.5514757175273243e-16,5.8
2017-08-12 02:00:00,24.9,91,0.0,6.2,187,0.7555899291119145,6.153786140176196
2017-08-12 03:00:00,25.1,90,0.0,7.6,185,0.6623836448822018,7.571079705497266
2017-08-12 04:00:00,25.6,90,0.0,7.7,191,1.4692292643993958,7.558529312547013
2017-08-12 05:00:00,25.7,89,0.1,8.5,192,1.7672493719509554,8.314254606237347
2017-08-12 06:00:00,25.6,90,0.0,5.2,192,1.0811407922523493,5.086367523815789
2017-08-12 07:00:00,26.2,89,0.1,9.2,225,6.505382386916237,6.505382386916236
2017-08-12 08:00:00,27.1,83,0.2,7.3,213,3.9758649556096977,6.122295146001595
2017-08-12 09:00:00,28.1,79,0.2,7.7,233,6.149493427364155,4.6339756782707715
2017-08-12 10:00:00,28.5,77,0.1,9.0,233,7.187719590425635,5.416335208368435
2017-08-12 11:00:00,29.2,75,0.0,10.1,235,8.273435647318816,5.7931220071455645
2017-08-12 12:00:00,29.5,74,0.0,10.3,241,9.008582983535776,4.993539088537272
2017-08-12 13:00:00,29.1,78,0.2,8.9,207,4.040515447681967,7.929958065276474
2017-08-12 14:00:00,29.2,76,0.1,8.3,214,4.641301098807199,6.881011852206847
2017-08-12 15:00:00,27.7,77,0.6,8.9,159,-3.1894747509531727,8.308865795825096
2017-08-12 16:00:00,28.4,75,0.0,5.5,169,-1.0494494745709964,5.3989495089621515
2017-08-12 17:00:00,28.2,77,0.0,6.1,183,0.3192493330819582,6.0916401620029
2017-08-12 18:00:00,27.6,84,0.0,4.3,185,0.37476969381492997,4.283637201794505
2017-08-12 19:00:00,26.1,90,0.0,4.7,203,1.8364363038995866,4.32637281122647
2017-08-12 20:00:00,25.8,91,0.0,4.8,193,1.0797650608505516,4.676976310969129
2017-08-12 21:00:00,25.8,91,0.0,4.3,175,-0.3747696938149304,4.283637201794505
2017-08-12 22:00:00,25.4,92,0.0,4.7,176,-0.3278554265973891,4.688551036221174
2017-08-12 23:00:00,25.3,93,0.0,5.8,180,3.5514757175273243e-16,5.8
2017-08-13 00:00:00,25.2,93,0.0,5.8,180,3.5514757175273243e-16,5.8
2017-08-13 01:00:00,25.0,93,0.0,6.0,197,1.7542302283364206,5.737828535778212
2017-08-13 02:00:00,24.3,96,0.0,4.4,189,0.6883116461770161,4.3458286986186065
2017-08-13 03:00:00,23.6,97,0.0,5.4,172,-0.7515347451843529,5.34744757120448
2017-08-13 04:00:00,24.3,95,0.0,3.5,156,-1.423578250765301,3.197409101749103
2017-08-13 05:00:00,25.0,92,0.0,4.0,170,-0.6945927106677212,3.939231012048832
2017-08-13 06:00:00,25.5,92,0.0,4.7,180,2.8779199779962803e-16,4.7
2017-08-13 07:00:00,26.2,88,0.0,6.2,201,2.2218812871808624,5.788198644282651
2017-08-13 08:00:00,27.3,82,0.0,6.4,218,3.9402334420842133,5.043268823083022
2017-08-13 09:00:00,28.1,78,0.0,8.2,218,5.048424097670398,6.46168817957512
2017-08-13 10:00:00,28.8,73,0.0,10.2,222,6.825132184860354,7.580077219869421
2017-08-13 11:00:00,29.6,70,0.0,12.0,221,7.872708347886087,9.056514962673264
2017-08-13 12:00:00,30.5,67,0.0,13.2,225,9.333809511662427,9.333809511662427
2017-08-13 13:00:00,29.9,71,0.0,13.3,213,7.24369916569986,11.154318553674141
2017-08-13 14:00:00,29.2,74,0.1,15.3,225,10.818733752154179,10.818733752154177
2017-08-13 15:00:00,28.7,76,0.2,13.0,222,8.698697882665158,9.660882731206126
2017-08-13 16:00:00,27.8,81,0.3,12.6,217,7.582869291715809,10.062807426595889
2017-08-13 17:00:00,27.2,84,0.2,11.9,205,5.029157314714324,10.785062665736135
2017-08-13 18:00:00,26.5,88,0.1,9.2,201,3.2969851358167634,8.588939923774255
2017-08-13 19:00:00,26.1,89,0.0,8.0,190,1.3891854213354433,7.878462024097664
2017-08-13 20:00:00,25.9,90,0.0,7.4,194,1.7902220274375409,7.180188374442374
2017-08-13 21:00:00,25.9,88,0.0,8.0,188,1.1133848076805237,7.922144549932563
2017-08-13 22:00:00,25.7,88,0.0,7.6,188,1.0577155672964975,7.5260373224359345
2017-08-13 23:00:00,25.4,90,0.0,5.8,184,0.40458754771592637,5.78587149150698
2017-08-14 00:00:00,25.0,91,0.0,5.4,180,3.3065463576978537e-16,5.4
2017-08-14 01:00:00,24.7,92,0.0,4.7,171,-0.7352419856890848,4.6421352007971475
2017-08-14 02:00:00,24.3,93,0.0,5.1,172,-0.7097828148963332,5.050367150582009
2017-08-14 03:00:00,23.8,93,0.0,5.3,152,-2.4881992827652217,4.679622242152313
2017-08-14 04:00:00,23.5,92,0.0,5.6,153,-2.542346798541461,4.98963653545486
2017-08-14 05:00:00,24.1,88,0.0,5.4,172,-0.7515347451843529,5.34744757120448
2017-08-14 06:00:00,23.7,92,0.0,5.8,187,0.7068421917498554,5.756767679519667
2017-08-14 07:00:00,25.6,87,0.0,7.2,217,4.333068166694749,5.750175672340508
2017-08-14 08:00:00,26.7,82,0.0,11.5,212,6.094071538681856,9.7525531057989
2017-08-14 09:00:00,27.5,77,0.0,12.7,215,7.284420741658286,10.403230962470195
2017-08-14 10:00:00,28.1,73,0.0,12.7,215,7.284420741658286,10.403230962470195
2017-08-14 11:00:00,28.9,70,0.0,14.3,219,8.999281592012677,11.113187248834684
2017-08-14 12:00:00,29.5,66,0.0,13.8,223,9.41157736886248,10.092681082344553
2017-08-14 13:00:00,30.0,64,0.0,12.3,218,7.572636146505597,9.692532269362681
2017-08-14 14:00:00,29.8,67,0.0,12.3,232,9.69253226936268,7.572636146505597
2017-08-14 15:00:00,29.6,68,0.0,12.0,221,7.872708347886087,9.056514962673264
2017-08-14 16:00:00,29.0,72,0.0,11.6,216,6.818308926592688,9.38459713474939
2017-08-14 17:00:00,28.3,75,0.0,10.3,216,6.054188098612474,8.332875042061959
2017-08-14 18:00:00,27.4,81,0.0,8.7,210,4.3500000000000005,7.534421012924615
2017-08-14 19:00:00,26.6,84,0.0,7.8,202,2.9219314286441134,7.232034065620942
2017-08-14 20:00:00,26.0,88,0.0,5.1,188,0.7097828148963339,5.050367150582009
2017-08-14 21:00:00,25.7,90,0.0,4.3,180,2.632990618166809e-16,4.3
2017-08-14 22:00:00,25.5,90,0.0,4.8,193,1.0797650608505516,4.676976310969129
2017-08-14 23:00:00,25.3,91,0.0,6.9,189,1.0793978087775935,6.815049550106451
2017-08-15 00:00:00,25.0,92,0.0,6.5,180,3.9801020972288977e-16,6.5
2017-08-15 01:00:00,24.7,93,0.0,5.9,169,-1.1257730727216144,5.791600382341218
2017-08-15 02:00:00,24.3,92,0.0,4.2,149,-2.163159914622228,3.600102662948872
2017-08-15 03:00:00,23.6,92,0.0,3.8,131,-2.8678964048465336,2.4930243101639276
2017-08-15 04:00:00,24.5,84,0.0,2.5,135,-1.7677669529663687,1.7677669529663689
2017-08-15 05:00:00,23.0,92,0.0,6.5,174,-0.6794350112397481,6.4643923198937765
2017-08-15 06:00:00,24.0,89,0.0,4.4,171,-0.6883116461770157,4.3458286986186065
2017-08-15 07:00:00,25.8,87,0.0,7.6,211,3.9142893693164114,6.5144714853360535
2017-08-15 08:00:00,26.9,81,0.0,10.6,208,4.976398565530443,9.359244484304625
2017-08-15 09:00:00,27.8,75,0.0,12.1,203,4.727846654720212,11.138108726774528
2017-08-15 10:00:00,28.6,69,0.0,12.4,197,3.625409138561936,11.858178973941639
2017-08-15 11:00:00,29.7,63,0.0,12.9,216,7.582429754572904,10.436319227436822
2017-08-15 12:00:00,29.8,65,0.0,13.6,233,10.861442936643183,8.184684314867857
2017-08-15 13:00:00,29.4,70,0.0,13.8,229,10.414992207074254,9.053614600069
2017-08-15 14:00:00,29.0,72,0.1,11.2,228,8.323222045346816,7.494262791219212
2017-08-15 15:00:00,28.8,73,0.2,11.7,223,7.979380812731232,8.556838308944293
2017-08-15 16:00:00,28.4,75,0.2,10.7,225,7.566042558696059,7.566042558696057
2017-08-15 17:00:00,27.8,79,0.0,9.7,219,6.104407793183423,7.538315826132617
2017-08-15 18:00:00,27.0,83,0.0,7.6,205,3.211898789229316,6.887939181478539
2017-08-15 19:00:00,26.4,85,0.0,5.2,192,1.0811407922523493,5.086367523815789
2017-08-15 20:00:00,26.0,88,0.0,5.1,172,-0.7097828148963332,5.050367150582009
2017-08-15 21:00:00,26.2,87,0.0,5.0,180,3.061616997868383e-16,5.0
2017-08-15 22:00:00,25.8,88,0.0,5.1,184,0.35575801609503865,5.087576656325103
2017-08-15 23:00:00,25.5,89,0.0,4.8,193,1.0797650608505516,4.676976310969129
2017-08-16 00:00:00,25.0,93,0.0,4.9,197,1.4326213531414103,4.685893304218874
2017-08-16 01:00:00,24.6,94,0.0,4.3,175,-0.3747696938149304,4.283637201794505
2017-08-16 02:00:00,24.7,92,0.0,3.7,151,-1.793795594911447,3.236092916415765
2017-08-16 03:00:00,24.3,92,0.0,4.2,160,-1.4364846019678086,3.9467090073008158
2017-08-16 04:00:00,23.9,93,0.0,5.0,159,-1.7918397477265013,4.667902132486009
2017-08-16 05:00:00,24.3,90,0.0,3.9,146,-2.180852323535912,3.233246532964663
2017-08-16 06:00:00,24.3,93,0.0,4.0,185,0.34862297099063255,3.984778792366982
2017-08-16 07:00:00,25.9,89,0.0,6.7,196,1.8467702839738944,6.440453362786736
2017-08-16 08:00:00,27.1,79,0.0,6.9,208,3.239353783222647,6.092338390726596
2017-08-16 09:00:00,28.1,74,0.0,7.4,219,4.656970893768798,5.750880114781585
2017-08-16 10:00:00,28.6,72,0.0,8.8,235,7.208537989743128,5.047472639889206
2017-08-16 11:00:00,29.1,70,0.0,8.2,229,6.18861855782673,5.379684037722159
2017-08-16 12:00:00,30.1,66,0.0,8.4,227,6.143371093601032,5.728786224524987
2017-08-16 13:00:00,29.7,69,0.0,9.4,187,1.1455718280083864,9.329933825428427
2017-08-16 14:00:00,28.1,75,0.4,11.3,207,5.1300926470568795,10.068373723328557
2017-08-16 15:00:00,27.9,76,0.4,10.4,224,7.224447052773572,7.481133923521972
2017-08-16 16:00:00,27.5,80,0.7000000000000001,9.2,191,1.755442757464213,9.030970087718508
2017-08-16 17:00:00,27.0,82,0.1,8.7,210,4.3500000000000005,7.534421012924615
2017-08-16 18:00:00,26.5,86,0.0,5.1,188,0.7097828148963339,5.050367150582009
2017-08-16 19:00:00,25.8,88,0.1,5.2,168,-1.0811407922523486,5.08636752381579
2017-08-16 20:00:00,25.4,90,0.0,3.9,146,-2.180852323535912,3.233246532964663
2017-08-16 21:00:00,25.6,88,0.0,3.3,139,-2.1649947956686737,2.490541614735148
2017-08-16 22:00:00,25.3,90,0.0,4.0,153,-1.8159619989581868,3.5640260967534716
2017-08-16 23:00:00,25.0,90,0.0,4.8,167,-1.079765060850552,4.676976310969129
2017-08-17 00:00:00,24.8,90,0.0,4.1,142,-2.524212048835199,3.23084408978756
2017-08-17 01:00:00,24.6,89,0.0,4.3,156,-1.748967565225941,3.9282454678631837
2017-08-17 02:00:00,24.5,89,0.0,4.6,162,-1.4214781741247577,4.374859974957706
2017-08-17 03:00:00,24.9,86,0.0,3.1,159,-1.1109406435904308,2.8940993221413254
2017-08-17 04:00:00,25.2,84,0.0,3.0,166,-0.7257656867990033,2.9108871788279895
2017-08-17 05:00:00,25.6,84,0.0,0.4,360,2.4492935982947065e-17,-0.4
2017-08-17 06:00:00,24.3,91,0.0,3.6,90,-3.6,4.4087284769304716e-16
2017-08-17 07:00:00,26.1,84,0.0,1.8,79,-1.7669289302057951,-0.3434561916777805
2017-08-17 08:00:00,27.1,80,0.0,2.2,270,2.2,0.0
2017-08-17 09:00:00,28.2,77,0.0,4.0,270,4.0,0.0
2017-08-17 10:00:00,28.6,75,0.0,5.4,262,5.34744757120448,0.7515347451843534
2017-08-17 11:00:00,28.9,74,0.0,5.8,240,5.022947341949744,2.8999999999999995
2017-08-17 12:00:00,29.9,70,0.0,4.3,222,2.8772616073430903,3.195522749552795
2017-08-17 13:00:00,29.4,70,0.2,5.2,286,4.998560818879258,-1.4333142502483958
2017-08-17 14:00:00,28.3,75,0.1,7.8,103,-7.600086505324834,1.7546182238821486
2017-08-17 15:00:00,28.3,75,0.1,2.9,360,1.7757378587636622e-16,-2.9
2017-08-17 16:00:00,28.2,76,0.0,3.2,270,3.2,0.0
2017-08-17 17:00:00,27.9,78,0.0,4.0,280,3.939231012048832,-0.6945927106677213
2017-08-17 18:00:00,27.3,83,0.0,1.5,284,1.4554435894139948,-0.3628828433995016
2017-08-17 19:00:00,26.3,88,0.0,2.5,135,-1.7677669529663687,1.7677669529663689
2017-08-17 20:00:00,25.8,87,0.0,5.5,169,-1.0494494745709964,5.3989495089621515
2017-08-17 21:00:00,26.1,85,0.0,4.3,175,-0.3747696938149304,4.283637201794505
2017-08-17 22:00:00,26.2,82,0.0,3.8,163,-1.1110124779463992,3.633958072659535
2017-08-17 23:00:00,25.5,84,0.0,3.9,158,-1.4609657143220571,3.616017032810471
2017-08-18 00:00:00,25.1,86,0.0,3.8,131,-2.8678964048465336,2.4930243101639276
2017-08-18 01:00:00,26.2,78,0.0,1.5,104,-1.4554435894139948,0.3628828433995016
2017-08-18 02:00:00,24.9,84,0.0,3.1,126,-2.507952682562337,1.822134282106667
2017-08-18 03:00:00,24.9,84,0.0,2.6,106,-2.499280409439629,0.716657125124198
2017-08-18 04:00:00,24.9,83,0.0,2.9,97,-2.8783838397598336,0.35342109587492787
2017-08-18 05:00:00,25.1,81,0.0,3.6,90,-3.6,4.4087284769304716e-16
2017-08-18 06:00:00,25.1,84,0.0,4.0,85,-3.984778792366982,-0.3486229709906318
2017-08-18 07:00:00,26.7,78,0.0,4.6,18,-1.4214781741247586,-4.3748599749577055
2017-08-18 08:00:00,28.0,78,0.0,5.4,356,0.3766849582182763,-5.386845871403051
2017-08-18 09:00:00,28.8,77,0.0,4.8,318,3.2118269105225195,-3.5670951622914924
2017-08-18 10:00:00,29.4,75,0.0,4.5,299,3.935788682127281,-2.1816432911085166
2017-08-18 11:00:00,29.9,72,0.0,4.4,279,4.3458286986186065,-0.6883116461770159
2017-08-18 12:00:00,30.6,68,0.1,3.9,236,3.2332465329646625,2.180852323535913
2017-08-18 13:00:00,28.3,75,0.5,5.8,263,5.756767679519667,0.7068421917498553
2017-08-18 14:00:00,29.1,72,0.1,1.9,202,0.7117525274902327,1.761649323676896
2017-08-18 15:00:00,27.1,79,2.1,4.9,197,1.4326213531414103,4.685893304218874
2017-08-18 16:00:00,27.1,81,0.0,2.5,315,1.7677669529663689,-1.7677669529663687
2017-08-18 17:00:00,27.3,81,0.0,3.5,24,-1.4235782507653003,-3.1974091017491033
2017-08-18 18:00:00,26.9,84,0.0,3.4,18,-1.0506577808748216,-3.233592155403522
2017-08-18 19:00:00,25.7,91,0.0,3.4,32,-1.801725498392897,-2.883363526931848
2017-08-18 20:00:00,26.3,88,0.0,4.5,61,-3.9357886821272814,-2.181643291108516
2017-08-18 21:00:00,26.1,88,0.0,1.6,117,-1.4256104387013886,0.7263847995832751
2017-08-18 22:00:00,26.2,83,0.0,4.4,145,-2.5237363199446032,3.6042689948715636
2017-08-18 23:00:00,25.8,84,0.0,4.6,162,-1.4214781741247577,4.374859974957706
2017-08-19 00:00:00,25.4,85,0.0,4.5,151,-2.1816432911085166,3.9357886821272814
2017-08-19 01:00:00,25.4,84,0.0,4.8,167,-1.079765060850552,4.676976310969129
2017-08-19 02:00:00,25.1,85,0.0,5.8,173,-0.7068421917498547,5.756767679519668
2017-08-19 03:00:00,26.8,73,0.0,2.5,135,-1.7677669529663687,1.7677669529663689
2017-08-19 04:00:00,25.2,81,0.0,4.3,85,-4.283637201794505,-0.37476969381492914
2017-08-19 05:00:00,24.8,81,0.0,5.6,75,-5.4091846272187825,-1.4493866525741164
2017-08-19 06:00:00,25.6,80,0.0,4.7,58,-3.9858260519352027,-2.4906205418960625
2017-08-19 07:00:00,26.9,76,0.0,3.8,17,-1.111012477946401,-3.633958072659534
2017-08-19 08:00:00,27.8,79,0.0,4.7,351,0.7352419856890854,-4.6421352007971475
2017-08-19 09:00:00,28.6,77,0.1,6.8,357,0.35588450245201897,-6.790680836331102
2017-08-19 10:00:00,29.2,74,0.0,8.0,355,0.6972459419812651,-7.969557584733964
2017-08-19 11:00:00,29.7,71,0.1,7.8,347,1.7546182238821464,-7.6000865053248345
2017-08-19 12:00:00,29.7,71,0.2,7.8,347,1.7546182238821464,-7.6000865053248345
2017-08-19 13:00:00,29.3,73,0.2,6.8,360,4.1637991171010006e-16,-6.8
2017-08-19 14:00:00,29.2,75,0.3,3.3,41,-2.1649947956686737,-2.4905416147351476
2017-08-19 15:00:00,27.7,83,0.5,0.8,297,0.7128052193506944,-0.3631923997916374
2017-08-19 16:00:00,27.6,83,0.3,3.9,292,3.616017032810471,-1.460965714322057
2017-08-19 17:00:00,27.4,83,0.5,2.8,50,-2.1449244407331385,-1.7998053071223097
2017-08-19 18:00:00,27.1,85,0.0,1.8,101,-1.7669289302057951,0.34345619167778096
2017-08-19 19:00:00,26.2,89,0.0,3.1,135,-2.192031021678297,2.1920310216782974
2017-08-19 20:00:00,26.4,87,0.0,4.0,170,-0.6945927106677212,3.939231012048832
2017-08-19 21:00:00,26.2,87,0.0,4.6,198,1.4214781741247582,4.3748599749577055
2017-08-19 22:00:00,25.7,89,0.0,5.1,188,0.7097828148963339,5.050367150582009
2017-08-19 23:00:00,25.5,89,0.0,4.7,176,-0.3278554265973891,4.688551036221174
2017-08-20 00:00:00,25.3,89,0.0,5.1,176,-0.35575801609503915,5.087576656325103
2017-08-20 01:00:00,25.1,89,0.0,5.2,192,1.0811407922523493,5.086367523815789
2017-08-20 02:00:00,25.2,88,0.0,4.3,185,0.37476969381492997,4.283637201794505
2017-08-20 03:00:00,25.2,87,0.0,3.6,174,-0.3763024677635528,3.580278823325784
2017-08-20 04:00:00,25.1,88,0.0,3.4,162,-1.050657780874821,3.2335921554035223
2017-08-20 05:00:00,25.2,85,0.0,2.3,129,-1.7874357113510329,1.4474368994146258
2017-08-20 06:00:00,25.0,88,0.0,1.9,112,-1.7616493236768958,0.7117525274902332
2017-08-20 07:00:00,26.6,80,0.0,1.9,68,-1.761649323676896,-0.7117525274902328
2017-08-20 08:00:00,26.9,81,0.0,5.7,35,-3.2693856872009643,-4.669166652447252
2017-08-20 09:00:00,28.0,73,0.0,7.0,21,-2.508575646817105,-6.535062985480412
2017-08-20 10:00:00,29.0,65,0.0,6.8,357,0.35588450245201897,-6.790680836331102
2017-08-20 11:00:00,29.5,61,0.0,6.4,344,1.7640790772287946,-6.1520748540052415
2017-08-20 12:00:00,30.0,59,0.0,5.1,352,0.7097828148963339,-5.050367150582009
2017-08-20 13:00:00,30.6,55,0.0,4.6,39,-2.894873798829254,-3.5748714227020644
2017-08-20 14:00:00,30.5,57,0.0,5.4,352,0.7515347451843536,-5.34744757120448
2017-08-20 15:00:00,30.3,61,0.0,6.5,341,2.116193003971519,-6.145870741395559
2017-08-20 16:00:00,29.5,66,0.0,7.4,321,4.656970893768798,-5.750880114781585
2017-08-20 17:00:00,28.7,70,0.0,5.9,322,3.6324027044213842,-4.64926344627966
2017-08-20 18:00:00,27.8,78,0.0,3.6,354,0.3763024677635525,-3.580278823325784
2017-08-20 19:00:00,26.8,82,0.0,4.7,360,2.8779199779962803e-16,-4.7
2017-08-20 20:00:00,26.3,86,0.0,6.1,3,-0.31924933308196024,-6.0916401620029
2017-08-20 21:00:00,26.0,89,0.0,4.4,9,-0.6883116461770166,-4.345828698618606
2017-08-20 22:00:00,25.6,91,0.0,3.9,34,-2.1808523235359116,-3.233246532964663
2017-08-20 23:00:00,25.6,88,0.0,3.2,27,-1.4527695991665501,-2.851220877402777
2017-08-21 00:00:00,25.5,88,0.0,3.5,24,-1.4235782507653003,-3.1974091017491033
2017-08-21 01:00:00,25.5,89,0.0,2.1,31,-1.0815799573111144,-1.8000513314744355
2017-08-21 02:00:00,24.9,93,0.0,1.8,101,-1.7669289302057951,0.34345619167778096
2017-08-21 03:00:00,24.5,93,0.0,2.6,74,-2.499280409439629,-0.7166571251241974
2017-08-21 04:00:00,24.1,93,0.0,3.7,61,-3.236092916415765,-1.7937955949114468
2017-08-21 05:00:00,24.9,88,0.0,1.8,90,-1.8,2.2043642384652358e-16
2017-08-21 06:00:00,24.8,89,0.0,3.2,63,-2.8512208774027776,-1.4527695991665495
2017-08-21 07:00:00,25.8,85,0.0,7.7,37,-4.6339756782707715,-6.149493427364155
2017-08-21 08:00:00,26.7,83,0.0,9.4,7,-1.1455718280083835,-9.329933825428428
2017-08-21 09:00:00,27.6,82,0.0,11.8,348,2.453357951649562,-11.542141688658907
2017-08-21 10:00:00,28.3,77,0.0,8.3,355,0.7233926648055626,-8.268415994161488
2017-08-21 11:00:00,29.4,69,0.0,8.8,348,1.8296228791962834,-8.60769888645749
2017-08-21 12:00:00,29.6,65,0.0,7.2,333,3.268731598124737,-6.415246974156248
2017-08-21 13:00:00,29.7,65,0.0,5.0,339,1.791839747726502,-4.667902132486009
2017-08-21 14:00:00,30.3,62,0.0,3.6,307,2.875087836170254,-2.166534083347374
2017-08-21 15:00:00,30.3,62,0.0,6.8,288,6.467184310807044,-2.1013155617496424
2017-08-21 16:00:00,29.4,69,0.0,8.8,305,7.208537989743128,-5.047472639889206
2017-08-21 17:00:00,28.8,78,0.0,4.7,274,4.688551036221174,-0.3278554265973889
2017-08-21 18:00:00,28.1,84,0.0,4.9,216,2.8801477362331185,3.9641832724372428
2017-08-21 19:00:00,27.3,85,0.0,5.5,191,1.049449474570997,5.3989495089621515
2017-08-21 20:00:00,26.6,83,0.0,4.9,144,-2.880147736233118,3.9641832724372428
2017-08-21 21:00:00,27.6,74,0.0,5.0,150,-2.499999999999999,4.330127018922194
2017-08-21 22:00:00,27.2,75,0.0,5.2,196,1.4333142502483958,4.998560818879258
2017-08-21 23:00:00,26.3,83,0.0,5.5,191,1.049449474570997,5.3989495089621515
2017-08-22 00:00:00,27.5,75,0.0,0.5,225,0.3535533905932738,0.35355339059327373
2017-08-22 01:00:00,26.1,82,0.0,4.0,80,-3.939231012048832,-0.6945927106677219
2017-08-22 02:00:00,26.2,84,0.1,5.9,317,4.023790324368742,-4.314986839553106
2017-08-22 03:00:00,25.7,87,0.0,5.1,8,-0.7097828148963357,-5.050367150582008
2017-08-22 04:00:00,25.5,87,0.0,4.2,110,-3.9467090073008153,1.4364846019678092
2017-08-22 05:00:00,25.2,88,0.1,4.6,252,4.3748599749577055,1.421478174124758
2017-08-22 06:00:00,25.8,86,0.0,2.4,153,-1.089577199374912,2.138415658052083
2017-08-22 07:00:00,26.9,82,0.0,4.0,5,-0.348622970990633,-3.984778792366982
2017-08-22 08:00:00,26.5,83,0.0,6.9,231,5.3623071340531,4.342310698243878
2017-08-22 09:00:00,27.9,76,0.0,10.0,229,7.54709580222772,6.560590289905073
2017-08-22 10:00:00,28.0,77,0.0,4.4,235,3.604268994871564,2.523736319944603
2017-08-22 11:00:00,28.3,79,0.0,8.2,218,5.048424097670398,6.46168817957512
2017-08-22 12:00:00,29.0,76,0.0,10.5,232,8.27411291287058,6.464445490919412
2017-08-22 13:00:00,30.1,71,0.0,6.8,252,6.467184310807044,2.1013155617496424
2017-08-22 14:00:00,30.5,69,0.0,6.4,232,5.043268823083021,3.9402334420842133
2017-08-22 15:00:00,30.6,68,0.0,8.7,222,5.821436275322066,6.46535998165333
2017-08-22 16:00:00,30.3,68,0.0,8.4,230,6.4347733221994154,5.39941592136693
2017-08-22 17:00:00,29.5,71,0.0,9.4,220,6.04220353105347,7.200817765318393
2017-08-22 18:00:00,27.6,80,1.5,13.8,200,4.71987797789423,12.967758166845535
2017-08-22 19:00:00,26.3,87,0.9,9.7,178,-0.3385251180142592,9.694091022085228
2017-08-22 20:00:00,25.1,89,0.0,6.1,208,2.863776532993934,5.385980316439453
2017-08-22 21:00:00,25.2,91,0.0,3.5,156,-1.423578250765301,3.197409101749103
2017-08-22 22:00:00,25.3,89,0.0,2.5,98,-2.475670171853926,0.3479327524001633
2017-08-22 23:00:00,25.1,89,0.0,3.4,58,-2.8833635269318485,-1.8017254983928963
2017-08-23 00:00:00,25.1,90,0.0,4.0,63,-3.5640260967534716,-1.8159619989581868
2017-08-23 01:00:00,25.1,87,0.0,3.6,90,-3.6,4.4087284769304716e-16
2017-08-23 02:00:00,25.0,89,0.7000000000000001,3.8,49,-2.867896404846534,-2.4930243101639267
2017-08-23 03:00:00,25.4,88,1.3,4.3,355,0.37476969381492997,-4.283637201794505
2017-08-23 04:00:00,25.6,87,0.4,3.2,27,-1.4527695991665501,-2.851220877402777
2017-08-23 05:00:00,25.1,86,0.0,4.3,95,-4.283637201794505,0.3747696938149302
2017-08-23 06:00:00,25.2,84,0.0,5.2,74,-4.998560818879258,-1.4333142502483949
2017-08-23 07:00:00,26.9,80,0.0,4.1,52,-3.23084408978756,-2.5242120488351985
2017-08-23 08:00:00,28.4,73,0.0,4.4,9,-0.6883116461770166,-4.345828698618606
2017-08-23 09:00:00,28.8,72,0.0,3.8,311,2.8678964048465336,-2.4930243101639276
2017-08-23 10:00:00,29.2,71,0.0,2.3,252,2.1874299874788528,0.710739087062379
2017-08-23 11:00:00,29.2,71,0.1,3.1,234,2.5079526825623373,1.8221342821066668
2017-08-23 12:00:00,28.7,73,0.2,1.8,307,1.437543918085127,-1.083267041673687
2017-08-23 13:00:00,27.6,74,4.5,5.4,222,3.6133052743378347,4.012982057577929
2017-08-23 14:00:00,27.1,78,0.3,5.4,176,-0.3766849582182768,5.386845871403051
2017-08-23 15:00:00,26.6,81,0.2,2.5,82,-2.475670171853926,-0.3479327524001638
2017-08-23 16:00:00,27.0,80,0.3,8.9,50,-6.817795543758905,-5.7208097262102
2017-08-23 17:00:00,26.6,85,0.4,6.9,51,-5.362307134053099,-4.34231069824388
2017-08-23 18:00:00,26.3,87,0.0,3.8,49,-2.867896404846534,-2.4930243101639267
2017-08-23 19:00:00,25.6,91,0.0,3.1,69,-2.8940993221413254,-1.1109406435904314
2017-08-23 20:00:00,25.6,87,0.0,5.6,50,-4.289848881466277,-3.5996106142446194
2017-08-23 21:00:00,25.6,86,0.0,4.2,59,-3.600102662948872,-2.1631599146222276
2017-08-23 22:00:00,25.7,84,0.1,4.5,61,-3.9357886821272814,-2.181643291108516
2017-08-23 23:00:00,25.6,84,0.0,4.7,58,-3.9858260519352027,-2.4906205418960625
2017-08-24 00:00:00,25.3,85,0.0,4.2,59,-3.600102662948872,-2.1631599146222276
2017-08-24 01:00:00,25.0,87,0.1,5.5,67,-5.062776693988422,-2.1490212066910046
2017-08-24 02:00:00,25.1,85,0.0,5.3,62,-4.679622242152313,-2.4881992827652213
2017-08-24 03:00:00,25.4,81,0.0,4.3,66,-3.9282454678631837,-1.7489675652259409
2017-08-24 04:00:00,25.3,80,0.0,4.3,66,-3.9282454678631837,-1.7489675652259409
2017-08-24 05:00:00,24.9,81,0.0,5.6,50,-4.289848881466277,-3.5996106142446194
2017-08-24 06:00:00,25.3,81,0.0,4.1,52,-3.23084408978756,-2.5242120488351985
2017-08-24 07:00:00,26.7,78,0.0,4.3,85,-4.283637201794505,-0.37476969381492914
2017-08-24 08:00:00,25.4,85,0.0,4.1,52,-3.23084408978756,-2.5242120488351985
2017-08-24 09:00:00,26.3,80,0.1,5.8,30,-2.9000000000000026,-5.022947341949743
2017-08-24 10:00:00,26.7,81,0.1,6.3,31,-3.2447398719333433,-5.400153994423306
2017-08-24 11:00:00,27.7,78,0.0,7.1,24,-2.8878301658381806,-6.486172749262467
2017-08-24 12:00:00,28.9,72,0.2,7.4,14,-1.7902220274375418,-7.180188374442374
2017-08-24 13:00:00,28.6,74,0.5,6.0,343,1.7542302283364206,-5.737828535778212
2017-08-24 14:00:00,26.1,85,2.9,12.0,69,-11.202965117966421,-4.300415394543605
2017-08-24 15:00:00,26.9,79,1.0,3.2,153,-1.4527695991665495,2.8512208774027776
2017-08-24 16:00:00,26.7,79,0.0,4.7,122,-3.9858260519352022,2.490620541896063
2017-08-24 17:00:00,26.4,82,0.0,2.1,59,-1.800051331474436,-1.0815799573111138
2017-08-24 18:00:00,24.9,90,0.2,2.8,140,-1.7998053071223101,2.1449244407331385
2017-08-24 19:00:00,24.9,87,0.0,5.8,150,-2.8999999999999986,5.022947341949744
2017-08-24 20:00:00,24.4,91,0.1,5.2,56,-4.3109953772862175,-2.907803098047883
2017-08-24 21:00:00,24.7,86,4.9,6.4,63,-5.702441754805555,-2.905539198333099
2017-08-24 22:00:00,24.6,87,3.3,4.1,75,-3.96029588778518,-1.0611580849203353
2017-08-24 23:00:00,26.2,72,0.2,4.1,52,-3.23084408978756,-2.5242120488351985
2017-08-25 00:00:00,25.7,75,0.0,4.5,346,1.0886485301985045,-4.366330768241984
2017-08-25 01:00:00,25.1,78,0.0,1.6,207,0.726384799583275,1.4256104387013886
2017-08-25 02:00:00,24.5,81,0.0,1.5,104,-1.4554435894139948,0.3628828433995016
2017-08-25 03:00:00,23.4,86,0.0,3.9,68,-3.616017032810471,-1.460965714322057
2017-08-25 04:00:00,23.6,85,0.0,4.6,39,-2.894873798829254,-3.5748714227020644
2017-08-25 05:00:00,23.3,87,0.0,4.4,55,-3.604268994871564,-2.5237363199446032
2017-08-25 06:00:00,23.6,87,0.0,3.9,56,-3.233246532964663,-2.180852323535912
2017-08-25 07:00:00,24.9,85,0.0,3.3,13,-0.7423384793347553,-3.215421213791276
2017-08-25 08:00:00,25.9,87,0.0,1.8,307,1.437543918085127,-1.083267041673687
2017-08-25 09:00:00,27.3,82,0.0,2.5,270,2.5,0.0
2017-08-25 10:00:00,28.3,75,0.0,4.5,331,2.181643291108517,-3.935788682127281
2017-08-25 11:00:00,29.0,72,0.0,4.8,347,1.0797650608505516,-4.676976310969129
2017-08-25 12:00:00,29.5,70,0.0,5.5,302,4.664264528860342,-2.914555953282627
2017-08-25 13:00:00,29.1,73,0.0,6.3,294,5.755336383148386,-2.5624408513775414
2017-08-25 14:00:00,28.7,75,0.1,3.3,347,0.7423384793347542,-3.2154212137912763
2017-08-25 15:00:00,28.8,75,0.0,5.4,307,4.312631754255381,-3.2498011250210608
2017-08-25 16:00:00,28.5,77,0.2,6.6,292,6.1194134401407965,-2.472403516545019
2017-08-25 17:00:00,27.5,80,2.6,4.1,308,3.2308440897875594,-2.524212048835199
2017-08-25 18:00:00,25.8,86,4.9,1.9,112,-1.7616493236768958,0.7117525274902332
2017-08-25 19:00:00,24.5,94,4.1,5.1,188,0.7097828148963339,5.050367150582009
2017-08-25 20:00:00,24.6,87,22.9,6.2,126,-5.015905365124674,3.644268564213334
2017-08-25 21:00:00,24.8,84,1.2,7.0,159,-2.5085756468171017,6.535062985480412
2017-08-25 22:00:00,24.6,85,0.1,4.7,148,-2.4906205418960625,3.9858260519352027
2017-08-25 23:00:00,24.5,86,0.1,9.0,185,0.7844016847289232,8.96575228282571
2017-08-26 00:00:00,24.5,85,0.0,3.1,126,-2.507952682562337,1.822134282106667
2017-08-26 01:00:00,24.3,86,0.0,4.8,283,4.676976310969129,-1.079765060850552
2017-08-26 02:00:00,24.9,82,0.0,2.2,81,-2.1729143493093033,-0.3441558230885076
2017-08-26 03:00:00,25.1,79,0.2,1.1,360,6.735557395310444e-17,-1.1
2017-08-26 04:00:00,25.2,78,0.2,1.1,90,-1.1,1.3471114790620887e-16
2017-08-26 05:00:00,24.0,86,0.0,4.2,149,-2.163159914622228,3.600102662948872
2017-08-26 06:00:00,24.2,86,0.0,2.9,150,-1.4499999999999993,2.511473670974872
2017-08-26 07:00:00,25.6,81,0.0,2.5,90,-2.5,3.061616997868383e-16
2017-08-26 08:00:00,26.8,83,0.0,5.6,243,4.98963653545486,2.5423467985414616
2017-08-26 09:00:00,27.9,80,0.0,5.4,228,4.012982057577929,3.6133052743378347
2017-08-26 10:00:00,28.9,76,0.0,4.7,247,4.32637281122647,1.8364363038995868
2017-08-26 11:00:00,29.8,72,0.0,7.0,249,6.535062985480412,2.5085756468171017
2017-08-26 12:00:00,29.9,72,0.0,5.7,252,5.421022142882375,1.7613968679372003
2017-08-26 13:00:00,29.9,72,0.0,5.5,247,5.062776693988422,2.149021206691006
2017-08-26 14:00:00,28.6,75,0.9,11.8,211,6.077449283938639,10.114574148284927
2017-08-26 15:00:00,28.3,76,0.1,2.1,121,-1.8000513314744357,1.0815799573111142
2017-08-26 16:00:00,27.8,81,0.0,4.6,321,2.894873798829252,-3.5748714227020657
2017-08-26 17:00:00,27.6,83,0.0,2.4,243,2.138415658052083,1.0895771993749122
2017-08-26 18:00:00,26.6,93,0.0,1.3,326,0.7269507745119709,-1.0777488443215544
2017-08-26 19:00:00,25.6,94,0.0,3.3,84,-3.2819222547153015,-0.3449439287832565
2017-08-26 20:00:00,26.2,90,0.0,3.1,111,-2.8940993221413254,1.1109406435904308
2017-08-26 21:00:00,26.5,86,0.0,3.6,174,-0.3763024677635528,3.580278823325784
2017-08-26 22:00:00,26.4,87,0.0,6.2,187,0.7555899291119145,6.153786140176196
2017-08-26 23:00:00,26.0,90,0.0,8.4,190,1.4586446924022156,8.272385125302547
2017-08-27 00:00:00,25.6,90,0.2,10.4,194,2.515987714236544,10.091075553270363
2017-08-27 01:00:00,25.6,88,0.1,8.7,185,0.7582549619046257,8.666893873398186
2017-08-27 02:00:00,25.3,88,0.2,7.9,164,-2.1775351109542926,7.59396739791272
2017-08-27 03:00:00,25.3,86,0.1,6.9,137,-4.705788684431239,5.0463405411722775
2017-08-27 04:00:00,25.0,84,0.3,7.5,145,-4.301823272632846,6.143640332167438
2017-08-27 05:00:00,24.2,89,0.8,5.6,105,-5.409184627218782,1.4493866525741177
2017-08-27 06:00:00,24.2,86,0.2,6.5,87,-6.49109197590473,-0.3401837155791332
2017-08-27 07:00:00,25.9,82,0.0,4.8,297,4.276831316104166,-2.1791543987498243
2017-08-27 08:00:00,26.0,91,0.0,6.1,267,6.0916401620029,0.31924933308195735
2017-08-27 09:00:00,27.1,88,0.4,4.5,299,3.935788682127281,-2.1816432911085166
2017-08-27 10:00:00,27.1,82,3.4,8.8,348,1.8296228791962834,-8.60769888645749
2017-08-27 11:00:00,26.6,84,0.3,12.2,45,-8.62670273047588,-8.626702730475879
2017-08-27 12:00:00,27.6,81,0.0,16.6,22,-6.218469450704145,-15.39125198580867
2017-08-27 13:00:00,28.0,81,0.0,15.8,17,-4.619472934619246,-15.109615144215958
2017-08-27 14:00:00,28.6,76,0.0,14.4,22,-5.394334945189137,-13.351447505761737
2017-08-27 15:00:00,27.2,83,0.0,10.9,34,-6.095202647831138,-9.036509540849956
2017-08-27 16:00:00,26.4,85,2.7,11.4,62,-10.065602558591767,-5.351975815759156
2017-08-27 17:00:00,26.5,85,0.0,7.2,37,-4.333068166694748,-5.750175672340508
2017-08-27 18:00:00,25.9,89,0.0,4.1,75,-3.96029588778518,-1.0611580849203353
2017-08-27 19:00:00,24.8,94,0.0,4.5,29,-2.1816432911085157,-3.935788682127282
2017-08-27 20:00:00,26.0,81,0.0,2.3,51,-1.7874357113510326,-1.4474368994146265
2017-08-27 21:00:00,25.0,86,0.3,3.6,135,-2.545584412271571,2.5455844122715714
2017-08-27 22:00:00,24.2,92,0.2,5.2,282,5.08636752381579,-1.0811407922523486
2017-08-27 23:00:00,23.9,92,2.4,2.4,117,-2.138415658052083,1.0895771993749124
2017-08-28 00:00:00,24.4,86,0.0,1.5,45,-1.0606601717798214,-1.0606601717798212
2017-08-28 01:00:00,23.1,93,0.0,3.1,54,-2.5079526825623377,-1.8221342821066664
2017-08-28 02:00:00,23.1,92,0.0,4.0,27,-1.8159619989581877,-3.564026096753471
2017-08-28 03:00:00,22.8,93,0.0,3.7,61,-3.236092916415765,-1.7937955949114468
2017-08-28 04:00:00,22.9,89,0.0,4.7,58,-3.9858260519352027,-2.4906205418960625
2017-08-28 05:00:00,23.0,86,0.0,4.9,54,-3.964183272437243,-2.880147736233118
2017-08-28 06:00:00,23.4,84,0.0,4.8,42,-3.211826910522519,-3.567095162291493
2017-08-28 07:00:00,24.7,84,0.0,7.9,16,-2.1775351109542913,-7.593967397912721
2017-08-28 08:00:00,26.2,82,0.0,6.9,9,-1.0793978087775942,-6.81504955010645
2017-08-28 09:00:00,27.2,83,0.0,6.8,335,2.873804179836756,-6.162892951849219
2017-08-28 10:00:00,28.0,79,0.0,5.5,328,2.914555953282627,-4.664264528860342
2017-08-28 11:00:00,28.9,74,0.0,5.0,330,2.5000000000000004,-4.330127018922193
2017-08-28 12:00:00,29.6,70,0.0,2.9,360,1.7757378587636622e-16,-2.9
2017-08-28 13:00:00,30.0,69,0.0,8.8,341,2.8649997592229797,-8.320563465273988
2017-08-28 14:00:00,28.9,75,0.6,12.2,346,2.9514471263159456,-11.837607860567156
2017-08-28 15:00:00,26.7,85,3.2,8.7,17,-2.5436338310878126,-8.319851376878407
2017-08-28 16:00:00,25.9,89,1.3,7.8,13,-1.7546182238821488,-7.600086505324834
2017-08-28 17:00:00,25.4,93,1.1,5.8,30,-2.9000000000000026,-5.022947341949743
2017-08-28 18:00:00,25.2,94,0.1,4.0,5,-0.348622970990633,-3.984778792366982
2017-08-28 19:00:00,25.4,93,0.0,3.2,27,-1.4527695991665501,-2.851220877402777
2017-08-28 20:00:00,24.7,93,0.0,3.2,180,1.9594348786357652e-16,3.2
2017-08-28 21:00:00,25.0,89,1.7000000000000002,3.6,135,-2.545584412271571,2.5455844122715714
2017-08-28 22:00:00,24.8,91,0.8,2.3,129,-1.7874357113510329,1.4474368994146258
2017-08-28 23:00:00,25.2,86,0.2,3.6,174,-0.3763024677635528,3.580278823325784
2017-08-29 00:00:00,24.7,87,0.0,4.4,171,-0.6883116461770157,4.3458286986186065
2017-08-29 01:00:00,25.6,81,0.0,3.3,174,-0.3449439287832567,3.2819222547153015
2017-08-29 02:00:00,25.6,79,0.0,2.9,180,1.7757378587636622e-16,2.9
2017-08-29 03:00:00,24.2,88,0.0,4.7,180,2.8779199779962803e-16,4.7
2017-08-29 04:00:00,24.4,86,0.0,4.3,175,-0.3747696938149304,4.283637201794505
2017-08-29 05:00:00,24.3,87,0.0,4.7,180,2.8779199779962803e-16,4.7
2017-08-29 06:00:00,24.5,88,0.0,4.0,190,0.6945927106677217,3.939231012048832
2017-08-29 07:00:00,25.7,85,0.0,5.2,205,2.197614961051637,4.7128004925905795
2017-08-29 08:00:00,26.4,86,0.0,8.3,214,4.641301098807199,6.881011852206847
2017-08-29 09:00:00,27.5,81,0.0,6.9,227,5.046340541172277,4.70578868443124
2017-08-29 10:00:00,28.4,76,0.0,4.7,266,4.688551036221174,0.3278554265973889
2017-08-29 11:00:00,28.9,73,0.0,7.3,303,6.122295146001595,-3.9758649556096977
2017-08-29 12:00:00,28.9,69,0.0,6.9,309,5.3623071340531,-4.342310698243878
2017-08-29 13:00:00,29.6,62,0.0,3.3,257,3.2154212137912763,0.7423384793347545
2017-08-29 14:00:00,29.9,60,0.0,5.5,259,5.3989495089621515,1.0494494745709964
2017-08-29 15:00:00,29.5,63,0.0,5.5,238,4.664264528860342,2.914555953282627
2017-08-29 16:00:00,29.2,68,0.0,4.4,215,2.5237363199446032,3.604268994871564
2017-08-29 17:00:00,28.8,74,0.0,4.7,212,2.490620541896063,3.9858260519352022
2017-08-29 18:00:00,27.6,82,0.0,5.6,220,3.5996106142446203,4.289848881466277
2017-08-29 19:00:00,26.7,86,0.0,7.0,201,2.5085756468171025,6.535062985480412
2017-08-29 20:00:00,26.6,85,0.0,8.3,198,2.564841053312064,7.893769085249775
2017-08-29 21:00:00,26.3,85,0.0,6.9,189,1.0793978087775935,6.815049550106451
2017-08-29 22:00:00,25.8,87,0.0,6.2,190,1.0766187015349686,6.10580806867569
2017-08-29 23:00:00,25.3,89,0.0,4.7,171,-0.7352419856890848,4.6421352007971475
2017-08-30 00:00:00,24.7,89,0.0,5.1,141,-3.20953399435417,3.963444403430552
2017-08-30 01:00:00,25.1,84,0.0,3.2,117,-2.851220877402777,1.4527695991665501
2017-08-30 02:00:00,24.4,85,0.0,4.2,110,-3.9467090073008153,1.4364846019678092
2017-08-30 03:00:00,24.8,80,0.0,2.9,90,-2.9,3.5514757175273243e-16
2017-08-30 04:00:00,24.4,82,0.0,4.7,86,-4.688551036221174,-0.3278554265973888
2017-08-30 05:00:00,24.9,79,0.0,4.9,73,-4.685893304218874,-1.4326213531414103
2017-08-30 06:00:00,25.2,80,0.0,5.6,45,-3.9597979746446668,-3.9597979746446654
2017-08-30 07:00:00,27.0,75,0.0,4.0,5,-0.348622970990633,-3.984778792366982
2017-08-30 08:00:00,27.3,76,0.0,7.5,343,2.192787785420526,-7.172285669722766
2017-08-30 09:00:00,28.2,73,0.0,9.6,340,3.2833933759264204,-9.02104915954472
2017-08-30 10:00:00,28.9,70,0.0,11.3,351,1.7677094549546095,-11.160878248725057
2017-08-30 11:00:00,29.4,67,0.0,10.1,343,2.952954217699641,-9.658678035226657
2017-08-30 12:00:00,29.7,68,0.0,9.0,331,4.363286582217034,-7.871577364254562
2017-08-30 13:00:00,29.5,70,0.0,9.3,324,5.46640284632,-7.523858047687012
2017-08-30 14:00:00,29.0,73,0.2,9.2,321,5.789747597658504,-7.149742845404131
2017-08-30 15:00:00,28.7,77,0.2,6.2,306,5.0159053651246746,-3.6442685642133337
2017-08-30 16:00:00,28.2,80,0.0,4.5,241,3.935788682127281,2.1816432911085166
2017-08-30 17:00:00,27.8,83,0.0,7.6,205,3.211898789229316,6.887939181478539
2017-08-30 18:00:00,27.3,84,0.0,7.9,204,3.2132194802988217,7.217009115376547
2017-08-30 19:00:00,26.8,83,0.0,9.5,189,1.4861274178821937,9.38303923565381
2017-08-30 20:00:00,25.6,87,0.0,6.2,190,1.0766187015349686,6.10580806867569
2017-08-30 21:00:00,25.5,88,0.0,5.5,169,-1.0494494745709964,5.3989495089621515
2017-08-30 22:00:00,26.8,77,0.0,2.3,198,0.7107390870623791,2.1874299874788528
2017-08-30 23:00:00,26.1,81,0.0,3.3,103,-3.215421213791276,0.7423384793347552
2017-08-31 00:00:00,25.4,83,0.0,2.9,90,-2.9,3.5514757175273243e-16
2017-08-31 01:00:00,24.9,86,0.0,3.3,96,-3.2819222547153015,0.3449439287832573
2017-08-31 02:00:00,26.7,73,0.0,0.8,117,-0.7128052193506943,0.36319239979163753
2017-08-31 03:00:00,26.0,78,0.1,2.8,40,-1.7998053071223103,-2.144924440733138
2017-08-31 04:00:00,24.8,88,0.0,3.9,22,-1.460965714322058,-3.6160170328104706
2017-08-31 05:00:00,24.1,92,0.0,4.2,70,-3.9467090073008158,-1.4364846019678084
2017-08-31 06:00:00,24.7,90,0.0,3.3,96,-3.2819222547153015,0.3449439287832573
2017-08-31 07:00:00,26.2,83,0.0,4.2,31,-2.163159914622229,-3.600102662948871
2017-08-31 08:00:00,26.5,84,0.0,3.7,331,1.7937955949114475,-3.2360929164157644
2017-08-31 09:00:00,28.0,78,0.0,3.6,323,2.1665340833473743,-2.875087836170254
2017-08-31 10:00:00,29.0,72,0.0,4.8,312,3.5670951622914924,-3.2118269105225195
2017-08-31 11:00:00,29.5,69,0.0,5.9,322,3.6324027044213842,-4.64926344627966
2017-08-31 12:00:00,29.2,69,0.0,3.9,326,2.1808523235359125,-3.233246532964663
2017-08-31 13:00:00,29.0,71,0.1,3.5,246,3.197409101749103,1.4235782507653008
2017-08-31 14:00:00,28.0,78,0.6,6.2,263,6.153786140176196,0.7555899291119144
2017-08-31 15:00:00,27.3,84,0.7000000000000001,4.6,252,4.3748599749577055,1.421478174124758
2017-08-31 16:00:00,27.1,86,0.3,3.8,253,3.6339580726595346,1.1110124779463997
2017-08-31 17:00:00,26.9,88,0.0,1.8,307,1.437543918085127,-1.083267041673687
2017-08-31 18:00:00,26.4,95,0.0,2.6,236,2.1554976886431083,1.453901549023942
2017-08-31 19:00:00,25.6,96,0.0,5.1,219,3.209533994354171,3.963444403430551
2017-08-31 20:00:00,26.3,87,0.0,1.3,124,-1.0777488443215542,0.726950774511971
2017-08-31 21:00:00,26.1,88,0.0,3.1,144,-1.8221342821066664,2.5079526825623373
2017-08-31 22:00:00,26.0,85,0.0,3.1,135,-2.192031021678297,2.1920310216782974
2017-08-31 23:00:00,26.9,78,0.0,2.7,157,-1.0549740469210394,2.4853631043215887
2017-09-01 00:00:00,27.1,76,0.0,3.2,270,3.2,0.0
2017-09-01 01:00:00,25.7,86,0.0,4.0,243,3.5640260967534716,1.815961998958187
2017-09-01 02:00:00,24.3,94,0.0,5.2,205,2.197614961051637,4.7128004925905795
2017-09-01 03:00:00,24.2,94,0.0,4.0,180,2.4492935982947064e-16,4.0
2017-09-01 04:00:00,23.8,94,0.0,5.1,176,-0.35575801609503915,5.087576656325103
2017-09-01 05:00:00,23.6,92,0.0,5.4,160,-1.8469087739586112,5.074340152243906
2017-09-01 06:00:00,25.1,82,0.0,3.1,135,-2.192031021678297,2.1920310216782974
2017-09-01 07:00:00,25.7,82,0.0,1.3,56,-1.0777488443215544,-0.7269507745119708
2017-09-01 08:00:00,26.6,80,0.0,0.4,270,0.4,0.0
2017-09-01 09:00:00,27.3,81,0.0,4.7,270,4.7,0.0
2017-09-01 10:00:00,27.0,82,0.0,3.3,229,2.4905416147351476,2.1649947956686737
2017-09-01 11:00:00,27.5,80,0.0,4.3,270,4.3,0.0
2017-09-01 12:00:00,28.0,78,0.1,4.0,333,1.8159619989581872,-3.564026096753471
2017-09-01 13:00:00,28.4,76,0.0,8.0,352,1.1133848076805237,-7.922144549932563
2017-09-01 14:00:00,28.2,77,0.0,8.6,292,7.973781149274371,-3.221616703376843
2017-09-01 15:00:00,26.5,82,1.9,14.8,229,11.169701787297026,9.709673629059509
2017-09-01 16:00:00,24.7,94,4.3,14.4,202,5.394334945189132,13.351447505761739
2017-09-01 17:00:00,24.0,95,3.1,13.3,199,4.330056454280185,12.575397055470914
2017-09-01 18:00:00,24.6,91,4.9,7.9,183,0.41345405431925736,7.889173324561134
2017-09-01 19:00:00,24.8,93,7.0,4.3,228,3.195522749552795,2.8772616073430903
2017-09-01 20:00:00,24.8,95,4.7,5.2,196,1.4333142502483958,4.998560818879258
2017-09-01 21:00:00,25.0,94,0.0,4.9,216,2.8801477362331185,3.9641832724372428
2017-09-01 22:00:00,24.6,95,0.2,1.3,56,-1.0777488443215544,-0.7269507745119708
2017-09-01 23:00:00,24.7,94,0.4,3.4,72,-3.2335921554035223,-1.0506577808748208
2017-09-02 00:00:00,24.9,92,0.1,3.7,29,-1.7937955949114464,-3.2360929164157652
2017-09-02 01:00:00,25.1,91,0.0,1.5,315,1.0606601717798214,-1.0606601717798212
2017-09-02 02:00:00,24.3,96,0.0,4.0,63,-3.5640260967534716,-1.8159619989581868
2017-09-02 03:00:00,24.6,93,0.0,5.9,43,-4.023790324368742,-4.314986839553106
2017-09-02 04:00:00,24.6,93,0.0,5.9,43,-4.023790324368742,-4.314986839553106
2017-09-02 05:00:00,24.1,94,0.0,3.4,58,-2.8833635269318485,-1.8017254983928963
2017-09-02 06:00:00,24.4,92,0.0,1.3,146,-0.7269507745119708,1.0777488443215544
2017-09-02 07:00:00,25.4,89,0.0,3.4,198,1.0506577808748212,3.233592155403522
2017-09-02 08:00:00,25.8,89,0.0,4.4,235,3.604268994871564,2.523736319944603
2017-09-02 09:00:00,26.5,86,0.0,6.4,218,3.9402334420842133,5.043268823083022
2017-09-02 10:00:00,27.1,84,0.0,5.6,243,4.98963653545486,2.5423467985414616
2017-09-02 11:00:00,27.9,81,0.1,8.0,207,3.6319239979163744,7.128052193506942
2017-09-02 12:00:00,27.9,79,0.3,9.7,195,2.510544737494451,9.369480515003962
2017-09-02 13:00:00,27.7,80,0.1,5.7,215,3.269385687200963,4.669166652447253
2017-09-02 14:00:00,25.0,91,4.4,12.0,189,1.877213580482771,11.852260087141653
2017-09-02 15:00:00,25.6,88,0.3,5.9,169,-1.1257730727216144,5.791600382341218
2017-09-02 16:00:00,25.7,88,0.1,4.3,132,-3.195522749552794,2.8772616073430908
2017-09-02 17:00:00,26.2,86,0.1,4.3,114,-3.9282454678631833,1.7489675652259418
2017-09-02 18:00:00,25.9,89,0.0,0.8,333,0.3631923997916375,-0.7128052193506943
2017-09-02 19:00:00,25.3,94,0.0,1.0,135,-0.7071067811865475,0.7071067811865476
2017-09-02 20:00:00,24.4,92,0.4,3.4,32,-1.801725498392897,-2.883363526931848
2017-09-02 21:00:00,24.8,88,0.0,5.4,86,-5.386845871403051,-0.3766849582182765
2017-09-02 22:00:00,24.6,91,0.0,2.5,90,-2.5,3.061616997868383e-16
2017-09-02 23:00:00,24.4,91,0.0,5.0,69,-4.667902132486009,-1.7918397477265022
2017-09-03 00:00:00,24.5,88,0.0,4.0,117,-3.564026096753471,1.8159619989581874
2017-09-03 01:00:00,24.5,87,0.0,3.6,135,-2.545584412271571,2.5455844122715714
2017-09-03 02:00:00,25.5,78,0.0,2.4,63,-2.138415658052083,-1.089577199374912
2017-09-03 03:00:00,25.7,78,0.0,4.3,24,-1.7489675652259404,-3.928245467863184
2017-09-03 04:00:00,24.0,87,0.0,4.3,185,0.37476969381492997,4.283637201794505
2017-09-03 05:00:00,24.2,86,0.0,4.3,138,-2.8772616073430903,3.195522749552795
2017-09-03 06:00:00,24.5,84,0.0,3.4,72,-3.2335921554035223,-1.0506577808748208
2017-09-03 07:00:00,25.9,84,0.0,8.1,45,-5.727564927611036,-5.727564927611034
2017-09-03 08:00:00,26.6,85,0.0,6.5,341,2.116193003971519,-6.145870741395559
2017-09-03 09:00:00,27.3,82,0.0,3.1,339,1.1109406435904312,-2.8940993221413254
2017-09-03 10:00:00,28.3,76,0.0,1.8,11,-0.3434561916777803,-1.7669289302057951
2017-09-03 11:00:00,28.8,75,0.0,3.2,297,2.8512208774027776,-1.4527695991665497
2017-09-03 12:00:00,29.4,75,0.2,2.2,279,2.1729143493093033,-0.34415582308850795
2017-09-03 13:00:00,26.0,85,7.4,10.4,194,2.515987714236544,10.091075553270363
2017-09-03 14:00:00,26.3,84,0.4,5.8,210,2.9000000000000004,5.0229473419497435
2017-09-03 15:00:00,26.3,85,0.1,4.0,153,-1.8159619989581868,3.5640260967534716
2017-09-03 16:00:00,26.3,85,0.0,2.3,252,2.1874299874788528,0.710739087062379
2017-09-03 17:00:00,25.7,88,0.7000000000000001,4.0,190,0.6945927106677217,3.939231012048832
2017-09-03 18:00:00,25.5,91,0.0,3.6,37,-2.166534083347374,-2.875087836170254
2017-09-03 19:00:00,24.9,93,0.0,7.1,49,-5.358438019581682,-4.6580191058326
2017-09-03 20:00:00,25.3,87,0.0,3.9,68,-3.616017032810471,-1.460965714322057
2017-09-03 21:00:00,25.5,86,0.0,5.3,62,-4.679622242152313,-2.4881992827652213
2017-09-03 22:00:00,26.5,78,0.0,1.1,162,-0.3399186938124421,1.046162167924669
2017-09-03 23:00:00,25.6,84,0.0,3.6,37,-2.166534083347374,-2.875087836170254
2017-09-04 00:00:00,24.6,89,0.0,4.1,38,-2.524212048835198,-3.2308440897875603
2017-09-04 01:00:00,25.4,86,0.0,2.1,59,-1.800051331474436,-1.0815799573111138
2017-09-04 02:00:00,24.4,89,0.0,2.0,135,-1.414213562373095,1.4142135623730951
2017-09-04 03:00:00,24.1,88,0.0,3.8,73,-3.6339580726595346,-1.1110124779463997
2017-09-04 04:00:00,24.0,86,0.0,4.7,58,-3.9858260519352027,-2.4906205418960625
2017-09-04 05:00:00,23.9,87,0.0,6.0,57,-5.032023407672544,-3.2678342100901627
2017-09-04 06:00:00,25.5,79,0.0,1.8,79,-1.7669289302057951,-0.3434561916777805
2017-09-04 07:00:00,25.9,82,0.0,2.6,164,-0.7166571251241975,2.499280409439629
2017-09-04 08:00:00,25.8,87,0.0,2.1,301,1.800051331474436,-1.0815799573111138
2017-09-04 09:00:00,27.1,81,0.0,3.8,343,1.1110124779463997,-3.6339580726595346
2017-09-04 10:00:00,28.0,75,0.0,3.2,333,1.45276959916655,-2.851220877402777
2017-09-04 11:00:00,28.3,77,0.0,4.5,284,4.366330768241984,-1.0886485301985047
2017-09-04 12:00:00,28.8,75,0.1,2.6,236,2.1554976886431083,1.453901549023942
2017-09-04 13:00:00,29.1,72,0.4,5.2,258,5.08636752381579,1.0811407922523486
2017-09-04 14:00:00,27.0,80,0.9,4.7,171,-0.7352419856890848,4.6421352007971475
2017-09-04 15:00:00,26.9,80,0.1,3.0,76,-2.9108871788279895,-0.7257656867990026
2017-09-04 16:00:00,26.3,83,0.3,4.8,13,-1.0797650608505531,-4.6769763109691285
2017-09-04 17:00:00,26.1,84,0.0,3.3,77,-3.2154212137912763,-0.7423384793347544
2017-09-04 18:00:00,25.5,90,0.0,2.7,113,-2.485363104321589,1.0549740469210394
2017-09-04 19:00:00,25.3,89,0.0,3.3,167,-0.7423384793347546,3.2154212137912763
2017-09-04 20:00:00,25.2,90,0.0,4.3,180,2.632990618166809e-16,4.3
2017-09-04 21:00:00,25.2,91,0.0,3.8,197,1.1110124779463997,3.6339580726595346
2017-09-04 22:00:00,25.0,93,0.0,3.1,135,-2.192031021678297,2.1920310216782974
2017-09-04 23:00:00,24.8,90,0.0,2.9,90,-2.9,3.5514757175273243e-16
2017-09-05 00:00:00,24.7,88,0.0,2.9,83,-2.878383839759834,-0.3534210958749272
2017-09-05 01:00:00,25.9,79,0.0,2.7,23,-1.0549740469210394,-2.4853631043215887
2017-09-05 02:00:00,25.5,83,0.0,0.8,153,-0.36319239979163737,0.7128052193506944
2017-09-05 03:00:00,23.8,91,0.0,2.4,117,-2.138415658052083,1.0895771993749124
2017-09-05 04:00:00,23.9,88,0.0,2.9,97,-2.8783838397598336,0.35342109587492787
2017-09-05 05:00:00,23.6,88,0.0,4.7,67,-4.32637281122647,-1.8364363038995857
2017-09-05 06:00:00,24.0,88,0.0,3.7,61,-3.236092916415765,-1.7937955949114468
2017-09-05 07:00:00,25.5,86,0.0,4.6,39,-2.894873798829254,-3.5748714227020644
2017-09-05 08:00:00,26.2,86,0.0,8.2,15,-2.122316169840669,-7.92059177557036
2017-09-05 09:00:00,27.5,82,0.0,8.8,351,1.3766232923540322,-8.691657397237213
2017-09-05 10:00:00,28.3,80,0.0,9.5,349,1.8126854560771768,-9.325458242752807
2017-09-05 11:00:00,28.6,79,0.0,10.1,358,0.3524849166952609,-10.093847352892867
2017-09-05 12:00:00,29.0,76,0.0,8.8,9,-1.3766232923540331,-8.691657397237211
2017-09-05 13:00:00,28.9,75,0.3,9.9,341,3.223124729125852,-9.360633898433235
2017-09-05 14:00:00,27.7,80,0.2,11.1,25,-4.691062705321761,-10.060016436106816
2017-09-05 15:00:00,27.5,85,0.5,8.2,15,-2.122316169840669,-7.92059177557036
2017-09-05 16:00:00,26.4,90,0.4,5.1,39,-3.2095339943541727,-3.96344440343055
2017-09-05 17:00:00,25.7,90,1.0,2.5,82,-2.475670171853926,-0.3479327524001638
2017-09-05 18:00:00,25.0,92,0.6,5.8,94,-5.78587149150698,0.40458754771592803
2017-09-05 19:00:00,24.9,92,0.1,4.0,90,-4.0,4.898587196589413e-16
2017-09-05 20:00:00,25.9,90,0.0,2.2,81,-2.1729143493093033,-0.3441558230885076
2017-09-05 21:00:00,25.9,91,0.0,3.6,354,0.3763024677635525,-3.580278823325784
2017-09-05 22:00:00,25.3,94,0.0,3.6,360,2.2043642384652358e-16,-3.6
2017-09-05 23:00:00,25.8,90,0.0,1.1,72,-1.046162167924669,-0.33991869381244205
2017-09-06 00:00:00,25.0,93,0.0,3.1,135,-2.192031021678297,2.1920310216782974
2017-09-06 01:00:00,25.3,89,0.0,4.0,170,-0.6945927106677212,3.939231012048832
2017-09-06 02:00:00,24.8,93,0.0,3.4,18,-1.0506577808748216,-3.233592155403522
2017-09-06 03:00:00,24.8,94,0.0,5.6,27,-2.5423467985414625,-4.989636535454859
2017-09-06 04:00:00,24.3,96,0.0,4.5,29,-2.1816432911085157,-3.935788682127282
2017-09-06 05:00:00,24.4,94,0.0,3.8,49,-2.867896404846534,-2.4930243101639267
2017-09-06 06:00:00,24.9,90,0.0,4.4,171,-0.6883116461770157,4.3458286986186065
2017-09-06 07:00:00,26.0,87,0.0,3.6,225,2.5455844122715714,2.545584412271571
2017-09-06 08:00:00,26.8,86,0.0,3.9,326,2.1808523235359125,-3.233246532964663
2017-09-06 09:00:00,27.9,82,0.0,4.7,274,4.688551036221174,-0.3278554265973889
2017-09-06 10:00:00,29.0,77,0.1,9.2,231,7.149742845404131,5.789747597658503
2017-09-06 11:00:00,29.4,75,0.1,12.5,226,8.99174750423314,8.683229630737465
2017-09-06 12:00:00,29.9,74,0.0,11.1,234,8.980088637561916,6.524416300446451
2017-09-06 13:00:00,29.8,75,0.1,12.3,232,9.69253226936268,7.572636146505597
2017-09-06 14:00:00,29.2,77,0.3,13.5,224,9.377888001196464,9.71108730457179
2017-09-06 15:00:00,28.2,81,0.3,12.6,217,7.582869291715809,10.062807426595889
2017-09-06 16:00:00,26.9,85,2.1,10.5,202,3.9333692308670756,9.735430472951268
2017-09-06 17:00:00,26.5,89,0.3,8.0,188,1.1133848076805237,7.922144549932563
2017-09-06 18:00:00,25.9,92,0.8,7.9,164,-2.1775351109542926,7.59396739791272
2017-09-06 19:00:00,25.8,92,0.6,6.3,156,-2.5624408513775414,5.755336383148386
2017-09-06 20:00:00,26.1,85,0.2,10.3,155,-4.352968095929203,9.334970206477497
2017-09-06 21:00:00,26.8,80,0.0,8.7,132,-6.465359981653328,5.821436275322067
2017-09-06 22:00:00,26.4,80,0.0,7.6,135,-5.37401153701776,5.374011537017761
2017-09-06 23:00:00,26.5,75,0.0,6.3,149,-3.2447398719333416,5.400153994423308
2017-09-07 00:00:00,26.4,72,0.0,6.6,193,1.4846769586695083,6.430842427582553
2017-09-07 01:00:00,25.3,78,0.0,5.4,184,0.3766849582182763,5.386845871403051
2017-09-07 02:00:00,24.9,82,0.0,5.4,172,-0.7515347451843529,5.34744757120448
2017-09-07 03:00:00,25.1,80,0.0,3.1,111,-2.8940993221413254,1.1109406435904308
2017-09-07 04:00:00,25.5,77,0.0,5.2,65,-4.71280049259058,-2.1976149610516362
2017-09-07 05:00:00,26.2,74,0.0,4.6,321,2.894873798829252,-3.5748714227020657
2017-09-07 06:00:00,26.6,71,0.0,1.0,135,-0.7071067811865475,0.7071067811865476
2017-09-07 07:00:00,26.3,81,0.0,3.8,197,1.1110124779463997,3.6339580726595346
2017-09-07 08:00:00,27.0,74,0.0,6.6,209,3.199743493625825,5.772490067120011
2017-09-07 09:00:00,28.2,75,0.0,5.8,210,2.9000000000000004,5.0229473419497435
2017-09-07 10:00:00,29.2,74,0.0,9.9,226,7.121464023352647,6.877117867544073
2017-09-07 11:00:00,29.3,73,0.0,14.7,211,7.571059701177796,12.60035932032105
2017-09-07 12:00:00,29.7,70,0.0,18.6,212,9.856498314737612,15.773694588509525
2017-09-07 13:00:00,29.7,70,0.0,21.7,204,8.826185154744865,19.823936430844437
2017-09-07 14:00:00,29.3,70,0.0,22.2,207,10.07858909421794,19.780344836981765
2017-09-07 15:00:00,28.3,75,0.0,21.0,215,12.04510516337197,17.20219293006883
2017-09-07 16:00:00,27.5,79,0.0,19.9,215,11.414171083385817,16.301125681350936
2017-09-07 17:00:00,26.6,81,0.0,18.8,216,11.050362743098495,15.209519494249014
2017-09-07 18:00:00,25.8,83,0.0,17.1,205,7.226772275765961,15.497863158326716
2017-09-07 19:00:00,25.7,83,0.0,15.7,196,4.327506486326887,15.091808626231606
2017-09-07 20:00:00,26.4,78,0.0,15.9,198,4.913370210561665,15.121798609092941
2017-09-07 21:00:00,26.5,78,0.0,11.9,194,2.8788705576360454,11.546519142684359
2017-09-07 22:00:00,26.4,77,0.0,9.5,191,1.8126854560771768,9.325458242752807
2017-09-07 23:00:00,25.8,81,0.0,7.1,204,2.8878301658381815,6.486172749262466
2017-09-08 00:00:00,24.8,86,0.0,4.9,216,2.8801477362331185,3.9641832724372428
2017-09-08 01:00:00,25.2,83,0.0,2.1,121,-1.8000513314744357,1.0815799573111142
2017-09-08 02:00:00,24.0,89,0.0,5.1,39,-3.2095339943541727,-3.96344440343055
2017-09-08 03:00:00,23.9,89,0.0,4.7,86,-4.688551036221174,-0.3278554265973888
2017-09-08 04:00:00,23.7,88,0.0,3.1,135,-2.192031021678297,2.1920310216782974
2017-09-08 05:00:00,23.7,88,0.0,6.4,207,2.9055391983331,5.702441754805554
2017-09-08 06:00:00,24.1,89,0.0,5.1,184,0.35575801609503865,5.087576656325103
2017-09-08 07:00:00,25.8,81,0.0,4.9,197,1.4326213531414103,4.685893304218874
2017-09-08 08:00:00,26.4,82,0.0,7.2,217,4.333068166694749,5.750175672340508
2017-09-08 09:00:00,27.4,80,0.0,10.3,216,6.054188098612474,8.332875042061959
2017-09-08 10:00:00,28.2,76,0.1,12.2,223,8.320379992762481,8.922515159753878
2017-09-08 11:00:00,28.5,74,0.1,13.0,219,8.181165083647887,10.10289749894062
2017-09-08 12:00:00,28.9,72,0.5,12.7,225,8.980256121069154,8.980256121069152
2017-09-08 13:00:00,28.7,75,0.7000000000000001,11.2,222,7.494262791219212,8.323222045346816
2017-09-08 14:00:00,28.0,82,0.5,7.6,239,6.5144714853360535,3.9142893693164114
2017-09-08 15:00:00,26.2,86,2.6,0.8,63,-0.7128052193506944,-0.36319239979163737
2017-09-08 16:00:00,25.5,90,0.4,2.3,129,-1.7874357113510329,1.4474368994146258
2017-09-08 17:00:00,25.7,89,0.1,3.6,135,-2.545584412271571,2.5455844122715714
2017-09-08 18:00:00,25.9,88,0.0,0.4,360,2.4492935982947065e-17,-0.4
2017-09-08 19:00:00,25.0,94,0.0,2.5,135,-1.7677669529663687,1.7677669529663689
2017-09-08 20:00:00,25.1,88,0.0,5.2,164,-1.433314250248395,4.998560818879258
2017-09-08 21:00:00,25.0,90,0.0,4.9,163,-1.4326213531414098,4.685893304218874
2017-09-08 22:00:00,24.9,89,0.0,2.4,117,-2.138415658052083,1.0895771993749124
2017-09-08 23:00:00,26.1,81,0.0,2.1,149,-1.081579957311114,1.800051331474436
2017-09-09 00:00:00,26.2,81,0.0,2.4,207,1.0895771993749124,2.138415658052083
2017-09-09 01:00:00,24.5,91,0.0,3.3,174,-0.3449439287832567,3.2819222547153015
2017-09-09 02:00:00,24.5,91,0.0,4.0,180,2.4492935982947064e-16,4.0
2017-09-09 03:00:00,24.1,92,0.0,4.3,185,0.37476969381492997,4.283637201794505
2017-09-09 04:00:00,24.0,92,0.1,4.6,162,-1.4214781741247577,4.374859974957706
2017-09-09 05:00:00,24.9,89,0.1,2.4,153,-1.089577199374912,2.138415658052083
2017-09-09 06:00:00,25.2,87,0.1,2.9,30,-1.4500000000000013,-2.5114736709748713
2017-09-09 07:00:00,25.5,88,0.0,4.1,45,-2.8991378028648453,-2.8991378028648445
2017-09-09 08:00:00,26.5,82,0.0,0.7000000000000001,270,0.7000000000000001,0.0
2017-09-09 09:00:00,27.4,81,0.0,4.0,260,3.939231012048832,0.6945927106677213
2017-09-09 10:00:00,27.7,81,0.3,5.8,248,5.377666356487367,2.1727182418122895
2017-09-09 11:00:00,28.2,78,0.3,5.6,230,4.289848881466277,3.5996106142446194
2017-09-09 12:00:00,28.3,77,0.1,6.9,208,3.239353783222647,6.092338390726596
2017-09-09 13:00:00,28.6,75,0.1,5.1,219,3.209533994354171,3.963444403430551
2017-09-09 14:00:00,27.6,76,2.8,9.0,233,7.187719590425635,5.416335208368435
2017-09-09 15:00:00,26.5,82,0.4,3.6,186,0.3763024677635525,3.580278823325784
2017-09-09 16:00:00,26.9,82,0.0,3.6,186,0.3763024677635525,3.580278823325784
2017-09-09 17:00:00,26.4,84,0.0,2.9,173,-0.35342109587492737,2.878383839759834
2017-09-09 18:00:00,26.0,87,0.0,2.1,121,-1.8000513314744357,1.0815799573111142
2017-09-09 19:00:00,25.5,88,0.0,3.6,127,-2.8750878361702545,2.1665340833473734
2017-09-09 20:00:00,25.5,86,0.3,2.5,135,-1.7677669529663687,1.7677669529663689
2017-09-09 21:00:00,25.8,85,0.0,4.2,160,-1.4364846019678086,3.9467090073008158
2017-09-09 22:00:00,25.4,86,0.0,5.1,184,0.35575801609503865,5.087576656325103
2017-09-09 23:00:00,25.1,88,0.1,4.7,184,0.3278554265973886,4.688551036221174
2017-09-10 00:00:00,25.1,87,0.1,4.4,189,0.6883116461770161,4.3458286986186065
2017-09-10 01:00:00,24.6,90,0.1,4.3,175,-0.3747696938149304,4.283637201794505
2017-09-10 02:00:00,25.0,86,0.0,3.6,174,-0.3763024677635528,3.580278823325784
2017-09-10 03:00:00,25.6,81,0.1,0.0,270,0.0,0.0
2017-09-10 04:00:00,24.4,87,0.1,2.5,90,-2.5,3.061616997868383e-16
2017-09-10 05:00:00,24.5,85,0.0,3.8,73,-3.6339580726595346,-1.1110124779463997
2017-09-10 06:00:00,24.3,88,0.0,3.7,79,-3.632020578756357,-0.7059932828932155
2017-09-10 07:00:00,26.0,82,0.0,2.7,23,-1.0549740469210394,-2.4853631043215887
2017-09-10 08:00:00,26.7,81,0.0,2.6,304,2.1554976886431083,-1.453901549023942
2017-09-10 09:00:00,27.6,79,0.0,4.3,265,4.283637201794505,0.3747696938149301
2017-09-10 10:00:00,27.7,80,0.0,5.7,252,5.421022142882375,1.7613968679372003
2017-09-10 11:00:00,28.4,77,0.0,6.0,245,5.437846722219899,2.5357095704441965
2017-09-10 12:00:00,29.1,72,0.0,3.9,236,3.2332465329646625,2.180852323535913
2017-09-10 13:00:00,28.3,73,1.2,7.9,294,7.217009115376547,-3.2132194802988217
2017-09-10 14:00:00,26.6,82,0.2,2.5,82,-2.475670171853926,-0.3479327524001638
2017-09-10 15:00:00,27.0,79,0.1,1.0,225,0.7071067811865476,0.7071067811865475
2017-09-10 16:00:00,26.8,81,0.0,4.2,121,-3.6001026629488715,2.1631599146222285
2017-09-10 17:00:00,26.7,81,0.0,1.5,104,-1.4554435894139948,0.3628828433995016
2017-09-10 18:00:00,26.3,83,0.0,1.3,146,-0.7269507745119708,1.0777488443215544
2017-09-10 19:00:00,25.3,90,0.0,2.4,153,-1.089577199374912,2.138415658052083
2017-09-10 20:00:00,25.2,88,0.0,4.6,141,-2.894873798829251,3.5748714227020666
2017-09-10 21:00:00,25.3,87,0.0,4.1,142,-2.524212048835199,3.23084408978756
2017-09-10 22:00:00,25.3,85,0.0,4.3,138,-2.8772616073430903,3.195522749552795
2017-09-10 23:00:00,25.0,86,0.0,5.2,155,-2.1976149610516367,4.71280049259058
2017-09-11 00:00:00,25.0,85,0.0,5.4,172,-0.7515347451843529,5.34744757120448
2017-09-11 01:00:00,25.4,82,0.0,4.6,198,1.4214781741247582,4.3748599749577055
2017-09-11 02:00:00,24.1,88,0.0,5.5,169,-1.0494494745709964,5.3989495089621515
2017-09-11 03:00:00,24.7,83,0.0,5.4,200,1.8469087739586119,5.074340152243905
2017-09-11 04:00:00,25.0,81,0.0,3.1,135,-2.192031021678297,2.1920310216782974
2017-09-11 05:00:00,26.2,72,0.0,1.9,68,-1.761649323676896,-0.7117525274902328
2017-09-11 06:00:00,25.7,77,0.0,2.3,18,-0.7107390870623793,-2.1874299874788528
2017-09-11 07:00:00,25.6,82,0.0,1.8,11,-0.3434561916777803,-1.7669289302057951
2017-09-11 08:00:00,26.3,83,0.0,1.9,338,0.7117525274902327,-1.761649323676896
2017-09-11 09:00:00,27.2,80,0.0,3.9,326,2.1808523235359125,-3.233246532964663
2017-09-11 10:00:00,28.2,76,0.0,4.6,315,3.2526911934581184,-3.252691193458118
2017-09-11 11:00:00,28.5,75,0.0,6.0,295,5.437846722219899,-2.5357095704441965
2017-09-11 12:00:00,29.1,73,0.1,4.5,299,3.935788682127281,-2.1816432911085166
2017-09-11 13:00:00,29.5,69,0.0,5.6,310,4.289848881466277,-3.5996106142446194
2017-09-11 14:00:00,28.9,72,0.0,6.4,313,4.6806636903626915,-4.36478950439999
2017-09-11 15:00:00,28.7,74,0.0,7.1,319,4.658019105832602,-5.358438019581681
2017-09-11 16:00:00,28.1,77,0.0,5.8,338,2.1727182418122895,-5.377666356487367
2017-09-11 17:00:00,27.7,79,0.0,3.5,24,-1.4235782507653003,-3.1974091017491033
2017-09-11 18:00:00,26.7,86,0.0,3.3,41,-2.1649947956686737,-2.4905416147351476
2017-09-11 19:00:00,26.1,89,0.0,4.6,45,-3.2526911934581193,-3.252691193458118
2017-09-11 20:00:00,27.8,76,0.0,2.2,81,-2.1729143493093033,-0.3441558230885076
2017-09-11 21:00:00,27.4,78,0.0,3.5,24,-1.4235782507653003,-3.1974091017491033
2017-09-11 22:00:00,27.1,80,0.0,0.8,117,-0.7128052193506943,0.36319239979163753
2017-09-11 23:00:00,26.0,86,0.0,4.3,246,3.9282454678631837,1.7489675652259409
2017-09-12 00:00:00,25.6,88,0.0,1.5,45,-1.0606601717798214,-1.0606601717798212
2017-09-12 01:00:00,23.9,95,0.0,4.0,63,-3.5640260967534716,-1.8159619989581868
2017-09-12 02:00:00,24.1,94,0.0,4.2,59,-3.600102662948872,-2.1631599146222276
2017-09-12 03:00:00,24.2,93,0.0,4.8,42,-3.211826910522519,-3.567095162291493
2017-09-12 04:00:00,24.0,94,0.0,4.8,27,-2.179154398749825,-4.276831316104166
2017-09-12 05:00:00,23.7,95,0.0,4.3,42,-2.87726160734309,-3.195522749552796
2017-09-12 06:00:00,24.0,93,0.0,4.6,45,-3.2526911934581193,-3.252691193458118
2017-09-12 07:00:00,25.6,89,0.0,6.7,16,-1.8467702839738926,-6.440453362786737
2017-09-12 08:00:00,26.1,88,0.0,5.8,4,-0.40458754771592836,-5.78587149150698
2017-09-12 09:00:00,27.1,83,0.0,7.2,354,0.752604935527105,-7.160557646651568
2017-09-12 10:00:00,28.0,78,0.0,9.9,350,1.7191169589026112,-9.74959675482086
2017-09-12 11:00:00,28.7,71,0.0,9.5,351,1.4861274178821937,-9.38303923565381
2017-09-12 12:00:00,29.1,69,0.0,8.8,341,2.8649997592229797,-8.320563465273988
2017-09-12 13:00:00,29.1,72,0.0,9.4,328,4.981241083792126,-7.9716521038704045
2017-09-12 14:00:00,29.2,72,0.0,6.8,335,2.873804179836756,-6.162892951849219
2017-09-12 15:00:00,29.0,74,0.0,5.8,353,0.7068421917498554,-5.756767679519667
2017-09-12 16:00:00,28.4,77,0.0,6.9,9,-1.0793978087775942,-6.81504955010645
2017-09-12 17:00:00,27.9,78,0.0,5.0,360,3.061616997868383e-16,-5.0
2017-09-12 18:00:00,26.5,89,0.0,3.9,22,-1.460965714322058,-3.6160170328104706
2017-09-12 19:00:00,27.0,81,0.0,2.3,72,-2.187429987478853,-0.7107390870623786
2017-09-12 20:00:00,27.7,77,0.0,3.4,72,-3.2335921554035223,-1.0506577808748208
2017-09-12 21:00:00,26.9,81,0.0,2.3,129,-1.7874357113510329,1.4474368994146258
2017-09-12 22:00:00,26.0,85,0.0,5.4,172,-0.7515347451843529,5.34744757120448
2017-09-12 23:00:00,25.8,86,0.0,5.2,192,1.0811407922523493,5.086367523815789
2017-09-13 00:00:00,25.2,89,0.0,4.7,176,-0.3278554265973891,4.688551036221174
2017-09-13 01:00:00,25.3,88,0.0,4.4,145,-2.5237363199446032,3.6042689948715636
2017-09-13 02:00:00,24.7,90,0.0,4.1,128,-3.2308440897875594,2.5242120488351993
2017-09-13 03:00:00,25.0,88,0.0,3.4,122,-2.883363526931848,1.8017254983928965
2017-09-13 04:00:00,26.7,79,0.0,1.9,112,-1.7616493236768958,0.7117525274902332
2017-09-13 05:00:00,26.6,78,0.0,2.6,74,-2.499280409439629,-0.7166571251241974
2017-09-13 06:00:00,25.0,87,0.0,4.4,55,-3.604268994871564,-2.5237363199446032
2017-09-13 07:00:00,25.9,85,0.0,2.9,353,0.3534210958749277,-2.8783838397598336
2017-09-13 08:00:00,26.8,84,0.0,3.3,347,0.7423384793347542,-3.2154212137912763
2017-09-13 09:00:00,27.5,82,0.0,2.5,225,1.7677669529663689,1.7677669529663687
2017-09-13 10:00:00,28.0,80,0.0,4.0,190,0.6945927106677217,3.939231012048832
2017-09-13 11:00:00,29.1,79,0.0,5.9,227,4.314986839553106,4.023790324368742
2017-09-13 12:00:00,29.4,79,0.0,3.6,264,3.580278823325784,0.37630246776355253
2017-09-13 13:00:00,27.0,84,2.9,8.7,30,-4.350000000000003,-7.534421012924613
2017-09-13 14:00:00,27.1,82,0.2,6.2,36,-3.644268564213334,-5.015905365124674
2017-09-13 15:00:00,27.2,82,0.0,6.9,39,-4.342310698243882,-5.362307134053097
2017-09-13 16:00:00,27.4,80,0.1,9.3,16,-2.56342740909809,-8.939733772226367
2017-09-13 17:00:00,26.8,82,0.1,9.4,7,-1.1455718280083835,-9.329933825428428
2017-09-13 18:00:00,25.5,84,0.0,9.4,356,0.6557108531947772,-9.377102072442348
2017-09-13 19:00:00,24.5,85,0.0,5.1,8,-0.7097828148963357,-5.050367150582008
2017-09-13 20:00:00,24.4,88,0.0,2.9,180,1.7757378587636622e-16,2.9
2017-09-13 21:00:00,24.0,92,0.0,3.3,221,2.1649947956686737,2.4905416147351476
2017-09-13 22:00:00,23.6,92,0.0,2.9,173,-0.35342109587492737,2.878383839759834
2017-09-13 23:00:00,23.6,94,0.0,2.5,98,-2.475670171853926,0.3479327524001633
2017-09-14 00:00:00,23.8,93,0.0,4.0,90,-4.0,4.898587196589413e-16
2017-09-14 01:00:00,23.9,92,0.0,4.8,103,-4.6769763109691285,1.079765060850553
2017-09-14 02:00:00,25.1,83,0.0,3.8,73,-3.6339580726595346,-1.1110124779463997
2017-09-14 03:00:00,23.3,92,0.0,4.7,4,-0.32785542659739025,-4.688551036221174
2017-09-14 04:00:00,23.1,93,0.0,4.7,32,-2.490620541896064,-3.9858260519352022
2017-09-14 05:00:00,23.5,91,0.0,5.4,42,-3.613305274337834,-4.01298205757793
2017-09-14 06:00:00,23.6,90,0.0,6.6,22,-2.472403516545021,-6.119413440140796
2017-09-14 07:00:00,24.5,89,0.0,7.9,24,-3.2132194802988208,-7.217009115376548
2017-09-14 08:00:00,25.7,84,0.0,10.1,4,-0.7045403848156684,-10.075396907624224
2017-09-14 09:00:00,26.5,79,0.0,10.9,6,-1.1393602496174215,-10.840288659514181
2017-09-14 10:00:00,27.7,75,0.0,12.4,10,-2.1532374030699364,-12.21161613735138
2017-09-14 11:00:00,28.4,73,0.0,12.1,10,-2.101142949769857,-11.916173811447717
2017-09-14 12:00:00,29.5,68,0.0,12.9,13,-2.901868601035862,-12.569373835729534
2017-09-14 13:00:00,29.3,68,0.0,13.8,15,-3.571702822414785,-13.329776402789143
2017-09-14 14:00:00,29.2,68,0.0,14.2,24,-5.775660331676361,-12.972345498524934
2017-09-14 15:00:00,29.1,68,0.0,13.7,27,-6.219669846431793,-12.206789381380638
2017-09-14 16:00:00,28.7,71,0.0,12.4,10,-2.1532374030699364,-12.21161613735138
2017-09-14 17:00:00,27.5,79,0.0,10.4,360,6.368163355566237e-16,-10.4
2017-09-14 18:00:00,25.9,85,0.0,8.3,5,-0.7233926648055635,-8.268415994161488
2017-09-14 19:00:00,24.8,89,0.0,5.4,37,-3.2498011250210608,-4.312631754255381
2017-09-14 20:00:00,24.2,89,0.0,6.5,56,-5.388744221607772,-3.6347538725598536
2017-09-14 21:00:00,26.2,75,0.0,4.7,23,-1.836436303899587,-4.326372811226469
2017-09-14 22:00:00,25.3,79,0.0,1.4,180,8.572527594031472e-17,1.4
2017-09-14 23:00:00,23.5,86,0.0,5.3,152,-2.4881992827652217,4.679622242152313
2017-09-15 00:00:00,23.7,83,0.0,6.4,164,-1.764079077228794,6.1520748540052415
2017-09-15 01:00:00,24.5,80,0.0,6.9,174,-0.7212463965468096,6.862201078041086
2017-09-15 02:00:00,24.4,83,0.0,6.6,158,-2.4724035165450196,6.1194134401407965
2017-09-15 03:00:00,24.4,82,0.0,5.6,153,-2.542346798541461,4.98963653545486
2017-09-15 04:00:00,23.7,84,0.0,7.3,189,1.1419715947936857,7.210124886344506
2017-09-15 05:00:00,24.0,84,0.0,5.6,195,1.4493866525741161,5.4091846272187825
2017-09-15 06:00:00,25.2,77,0.0,1.8,143,-1.0832670416736871,1.4375439180851268
2017-09-15 07:00:00,25.4,81,0.0,0.7000000000000001,270,0.7000000000000001,0.0
2017-09-15 08:00:00,26.5,70,0.0,3.6,45,-2.545584412271572,-2.545584412271571
2017-09-15 09:00:00,27.8,66,0.0,7.1,24,-2.8878301658381806,-6.486172749262467
2017-09-15 10:00:00,28.7,64,0.0,8.5,12,-1.767249371950958,-8.314254606237347
2017-09-15 11:00:00,29.1,64,0.0,10.1,4,-0.7045403848156684,-10.075396907624224
2017-09-15 12:00:00,29.4,65,0.0,11.3,7,-1.3771235804781632,-11.21577151354694
2017-09-15 13:00:00,29.6,66,0.0,10.4,358,0.36295476570601126,-10.393664600998596
2017-09-15 14:00:00,29.6,66,0.3,12.3,357,0.6437322617882109,-12.283143277481258
2017-09-15 15:00:00,29.0,64,0.8,10.0,13,-2.2495105434386526,-9.743700647852352
2017-09-15 16:00:00,28.6,66,0.2,8.8,9,-1.3766232923540331,-8.691657397237211
2017-09-15 17:00:00,27.7,74,0.3,7.2,27,-3.268731598124738,-6.415246974156248
2017-09-15 18:00:00,25.8,81,0.0,6.1,45,-4.31335136523794,-4.313351365237939
2017-09-15 19:00:00,24.7,84,0.0,5.1,51,-3.9634444034305507,-3.2095339943541714
2017-09-15 20:00:00,24.5,83,0.0,4.7,90,-4.7,5.755839955992561e-16
2017-09-15 21:00:00,24.8,79,0.0,3.9,112,-3.6160170328104706,1.4609657143220578
2017-09-15 22:00:00,25.6,72,0.0,2.3,129,-1.7874357113510329,1.4474368994146258
2017-09-15 23:00:00,26.1,68,0.0,4.6,198,1.4214781741247582,4.3748599749577055
2017-09-16 00:00:00,26.0,68,0.0,4.5,194,1.0886485301985045,4.366330768241984
2017-09-16 01:00:00,25.2,69,0.0,4.8,138,-3.2118269105225195,3.5670951622914924
2017-09-16 02:00:00,23.1,78,0.0,5.3,118,-4.679622242152313,2.4881992827652204
2017-09-16 03:00:00,23.2,73,0.0,3.9,124,-3.2332465329646625,2.180852323535913
2017-09-16 04:00:00,22.7,73,0.0,3.9,124,-3.2332465329646625,2.180852323535913
2017-09-16 05:00:00,23.7,66,0.0,3.5,114,-3.197409101749103,1.4235782507653014
2017-09-16 06:00:00,26.7,52,0.0,3.6,45,-2.545584412271572,-2.545584412271571
2017-09-16 07:00:00,25.9,71,0.0,2.3,39,-1.447436899414627,-1.7874357113510322
2017-09-16 08:00:00,26.9,59,0.0,1.9,202,0.7117525274902327,1.761649323676896
2017-09-16 09:00:00,28.0,61,0.0,0.7000000000000001,270,0.7000000000000001,0.0
2017-09-16 10:00:00,28.9,61,0.0,1.1,288,1.0461621679246689,-0.33991869381244216
2017-09-16 11:00:00,29.5,62,0.0,1.8,323,1.0832670416736871,-1.437543918085127
2017-09-16 12:00:00,30.0,62,0.0,2.6,326,1.4539015490239418,-2.1554976886431088
2017-09-16 13:00:00,30.3,63,0.0,3.3,347,0.7423384793347542,-3.2154212137912763
2017-09-16 14:00:00,30.3,64,0.0,5.2,344,1.4333142502483958,-4.998560818879258
2017-09-16 15:00:00,29.5,67,0.5,6.4,344,1.7640790772287946,-6.1520748540052415
2017-09-16 16:00:00,28.8,71,0.5,3.8,17,-1.111012477946401,-3.633958072659534
2017-09-16 17:00:00,27.8,77,0.4,5.7,55,-4.669166652447253,-3.269385687200963
2017-09-16 18:00:00,26.0,85,0.0,4.8,42,-3.211826910522519,-3.567095162291493
2017-09-16 19:00:00,25.3,84,0.0,5.2,78,-5.086367523815789,-1.0811407922523495
2017-09-16 20:00:00,24.9,81,0.0,5.1,98,-5.050367150582009,0.7097828148963331
2017-09-16 21:00:00,25.4,75,0.0,4.9,107,-4.685893304218874,1.4326213531414094
2017-09-16 22:00:00,24.4,77,0.0,5.0,120,-4.330127018922194,2.4999999999999996
2017-09-16 23:00:00,26.0,65,0.0,4.2,211,2.1631599146222276,3.600102662948872
2017-09-17 00:00:00,23.7,83,0.0,6.0,205,2.5357095704441965,5.437846722219899
2017-09-17 01:00:00,22.7,88,0.0,8.3,175,-0.7233926648055634,8.268415994161488
2017-09-17 02:00:00,23.8,80,0.0,6.1,177,-0.3192493330819574,6.0916401620029
2017-09-17 03:00:00,22.9,81,0.0,5.7,162,-1.7613968679371999,5.421022142882376
2017-09-17 04:00:00,22.1,83,0.0,4.9,144,-2.880147736233118,3.9641832724372428
2017-09-17 05:00:00,22.9,74,0.0,3.4,122,-2.883363526931848,1.8017254983928965
2017-09-17 06:00:00,22.6,76,0.0,2.9,120,-2.511473670974872,1.4499999999999997
2017-09-17 07:00:00,25.3,67,0.0,2.7,113,-2.485363104321589,1.0549740469210394
2017-09-17 08:00:00,26.3,68,0.0,0.8,333,0.3631923997916375,-0.7128052193506943
2017-09-17 09:00:00,27.5,68,0.0,3.6,354,0.3763024677635525,-3.580278823325784
2017-09-17 10:00:00,28.4,65,0.0,5.4,4,-0.37668495821827813,-5.386845871403051
2017-09-17 11:00:00,29.1,61,0.0,6.6,9,-1.0324674692655247,-6.5187430479279085
2017-09-17 12:00:00,29.6,59,0.0,6.0,17,-1.7542302283364226,-5.7378285357782115
2017-09-17 13:00:00,29.9,59,0.0,5.2,16,-1.4333142502483942,-4.998560818879259
2017-09-17 14:00:00,29.7,60,0.3,5.8,7,-0.7068421917498535,-5.756767679519668
2017-09-17 15:00:00,29.4,63,0.3,6.8,357,0.35588450245201897,-6.790680836331102
2017-09-17 16:00:00,28.7,67,0.6,8.3,2,-0.28966582263075635,-8.294943864258496
2017-09-17 17:00:00,27.4,77,0.1,8.3,5,-0.7233926648055635,-8.268415994161488
2017-09-17 18:00:00,25.1,84,0.0,5.4,20,-1.8469087739586103,-5.074340152243906
2017-09-17 19:00:00,24.0,87,0.0,5.2,78,-5.086367523815789,-1.0811407922523495
2017-09-17 20:00:00,23.9,86,0.0,3.9,112,-3.6160170328104706,1.4609657143220578
2017-09-17 21:00:00,24.4,81,0.0,3.5,114,-3.197409101749103,1.4235782507653014
2017-09-17 22:00:00,24.7,76,0.0,4.6,135,-3.252691193458118,3.2526911934581184
2017-09-17 23:00:00,24.3,77,0.0,5.8,158,-2.17271824181229,5.377666356487367
2017-09-18 00:00:00,23.3,82,0.0,5.8,158,-2.17271824181229,5.377666356487367
2017-09-18 01:00:00,23.4,80,0.0,6.1,183,0.3192493330819582,6.0916401620029
2017-09-18 02:00:00,23.3,82,0.0,5.8,180,3.5514757175273243e-16,5.8
2017-09-18 03:00:00,24.2,74,0.0,2.5,98,-2.475670171853926,0.3479327524001633
2017-09-18 04:00:00,22.5,81,0.1,5.5,67,-5.062776693988422,-2.1490212066910046
2017-09-18 05:00:00,22.6,78,0.3,4.1,105,-3.9602958877851795,1.0611580849203361
2017-09-18 06:00:00,22.9,77,0.0,2.7,113,-2.485363104321589,1.0549740469210394
2017-09-18 07:00:00,25.1,73,0.0,2.9,97,-2.8783838397598336,0.35342109587492787
2017-09-18 08:00:00,26.3,67,0.0,1.9,338,0.7117525274902327,-1.761649323676896
2017-09-18 09:00:00,27.0,72,0.0,2.3,342,0.7107390870623791,-2.1874299874788528
2017-09-18 10:00:00,28.0,69,0.0,2.5,360,1.5308084989341916e-16,-2.5
2017-09-18 11:00:00,28.8,66,0.0,4.1,345,1.061158084920335,-3.96029588778518
2017-09-18 12:00:00,29.1,64,0.0,2.9,360,1.7757378587636622e-16,-2.9
2017-09-18 13:00:00,29.2,63,0.0,0.5,315,0.3535533905932738,-0.35355339059327373
2017-09-18 14:00:00,29.3,62,0.0,1.1,198,0.3399186938124422,1.0461621679246689
2017-09-18 15:00:00,29.3,62,0.0,1.1,342,0.3399186938124422,-1.0461621679246689
2017-09-18 16:00:00,29.2,63,0.1,2.7,337,1.0549740469210391,-2.485363104321589
2017-09-18 17:00:00,28.2,71,0.0,2.9,330,1.4500000000000002,-2.5114736709748717
2017-09-18 18:00:00,25.8,86,0.0,5.2,282,5.08636752381579,-1.0811407922523486
2017-09-18 19:00:00,25.0,88,0.0,4.5,241,3.935788682127281,2.1816432911085166
2017-09-18 20:00:00,25.9,77,0.0,2.6,196,0.7166571251241979,2.499280409439629
2017-09-18 21:00:00,25.2,83,0.0,2.9,150,-1.4499999999999993,2.511473670974872
2017-09-18 22:00:00,25.4,81,0.0,5.5,169,-1.0494494745709964,5.3989495089621515
2017-09-18 23:00:00,25.2,82,0.0,5.4,180,3.3065463576978537e-16,5.4
2017-09-19 00:00:00,24.9,84,0.0,4.4,171,-0.6883116461770157,4.3458286986186065
2017-09-19 01:00:00,24.5,85,0.0,4.1,165,-1.0611580849203355,3.96029588778518
2017-09-19 02:00:00,24.3,87,0.0,5.2,164,-1.433314250248395,4.998560818879258
2017-09-19 03:00:00,24.1,85,0.0,5.2,155,-2.1976149610516367,4.71280049259058
2017-09-19 04:00:00,24.0,84,0.0,5.2,168,-1.0811407922523486,5.08636752381579
2017-09-19 05:00:00,24.0,83,0.0,4.2,160,-1.4364846019678086,3.9467090073008158
2017-09-19 06:00:00,25.7,71,0.0,0.8,117,-0.7128052193506943,0.36319239979163753
2017-09-19 07:00:00,25.8,75,0.0,1.0,315,0.7071067811865476,-0.7071067811865475
2017-09-19 08:00:00,26.4,78,0.0,5.2,304,4.310995377286217,-2.907803098047884
2017-09-19 09:00:00,27.1,77,0.0,3.9,292,3.616017032810471,-1.460965714322057
2017-09-19 10:00:00,27.7,76,0.0,3.1,291,2.8940993221413254,-1.1109406435904308
2017-09-19 11:00:00,28.4,74,0.0,4.4,279,4.3458286986186065,-0.6883116461770159
2017-09-19 12:00:00,28.9,71,0.1,2.7,293,2.485363104321589,-1.0549740469210394
2017-09-19 13:00:00,29.5,67,0.1,2.9,300,2.511473670974872,-1.4499999999999997
2017-09-19 14:00:00,28.1,72,0.9,3.2,27,-1.4527695991665501,-2.851220877402777
2017-09-19 15:00:00,28.0,74,0.2,2.3,39,-1.447436899414627,-1.7874357113510322
2017-09-19 16:00:00,27.7,75,0.0,0.4,90,-0.4,4.898587196589413e-17
2017-09-19 17:00:00,27.1,79,0.6,5.5,148,-2.914555953282626,4.664264528860343
2017-09-19 18:00:00,25.7,90,2.0,3.5,204,1.4235782507653008,3.197409101749103
2017-09-19 19:00:00,25.0,92,1.8,4.4,171,-0.6883116461770157,4.3458286986186065
2017-09-19 20:00:00,25.3,91,0.9,3.8,163,-1.1110124779463992,3.633958072659535
2017-09-19 21:00:00,25.1,91,0.8,3.3,131,-2.4905416147351476,2.1649947956686737
2017-09-19 22:00:00,25.4,85,0.0,4.2,59,-3.600102662948872,-2.1631599146222276
2017-09-19 23:00:00,26.1,80,0.0,2.2,261,2.1729143493093033,0.34415582308850795
2017-09-20 00:00:00,25.2,87,0.0,5.3,208,2.4881992827652213,4.679622242152313
2017-09-20 01:00:00,24.8,87,0.0,4.0,175,-0.34862297099063294,3.984778792366982
2017-09-20 02:00:00,24.1,90,0.0,5.2,214,2.9078030980478835,4.3109953772862175
2017-09-20 03:00:00,23.7,90,0.0,2.9,97,-2.8783838397598336,0.35342109587492787
2017-09-20 04:00:00,23.8,85,0.0,3.3,77,-3.2154212137912763,-0.7423384793347544
2017-09-20 05:00:00,23.2,89,0.0,5.8,22,-2.1727182418122912,-5.377666356487366
2017-09-20 06:00:00,23.1,90,0.0,5.4,82,-5.34744757120448,-0.7515347451843538
2017-09-20 07:00:00,25.4,81,0.0,4.7,32,-2.490620541896064,-3.9858260519352022
2017-09-20 08:00:00,25.8,79,0.0,5.8,360,3.5514757175273243e-16,-5.8
2017-09-20 09:00:00,27.0,77,0.0,7.9,357,0.41345405431925736,-7.889173324561134
2017-09-20 10:00:00,28.1,74,0.0,9.0,360,5.51091059616309e-16,-9.0
2017-09-20 11:00:00,29.0,71,0.0,9.4,360,5.755839955992561e-16,-9.4
2017-09-20 12:00:00,29.2,70,0.0,8.6,358,0.3001356716415093,-8.594761112364223
2017-09-20 13:00:00,29.6,65,0.0,8.3,5,-0.7233926648055635,-8.268415994161488
2017-09-20 14:00:00,29.9,61,0.0,8.5,12,-1.767249371950958,-8.314254606237347
2017-09-20 15:00:00,29.7,61,0.0,8.7,5,-0.7582549619046267,-8.666893873398186
2017-09-20 16:00:00,28.7,66,0.0,9.0,5,-0.7844016847289242,-8.96575228282571
2017-09-20 17:00:00,27.4,76,0.2,5.2,12,-1.0811407922523508,-5.086367523815789
2017-09-20 18:00:00,26.4,79,0.0,4.1,45,-2.8991378028648453,-2.8991378028648445
2017-09-20 19:00:00,26.1,83,0.0,3.5,66,-3.197409101749103,-1.4235782507653008
2017-09-20 20:00:00,26.6,81,0.0,4.9,73,-4.685893304218874,-1.4326213531414103
2017-09-20 21:00:00,26.7,81,0.0,3.6,90,-3.6,4.4087284769304716e-16
2017-09-20 22:00:00,27.0,78,0.0,3.7,151,-1.793795594911447,3.236092916415765
2017-09-20 23:00:00,26.6,79,0.0,7.6,175,-0.6623836448822026,7.571079705497266
2017-09-21 00:00:00,25.4,88,0.0,5.8,184,0.40458754771592637,5.78587149150698
2017-09-21 01:00:00,24.9,91,0.0,4.8,257,4.676976310969129,1.079765060850552
2017-09-21 02:00:00,24.4,93,0.0,4.1,218,2.524212048835199,3.23084408978756
2017-09-21 03:00:00,23.8,96,0.0,4.6,219,2.894873798829252,3.5748714227020657
2017-09-21 04:00:00,23.8,95,0.1,2.4,153,-1.089577199374912,2.138415658052083
2017-09-21 05:00:00,24.2,89,0.3,5.0,159,-1.7918397477265013,4.667902132486009
2017-09-21 06:00:00,24.2,89,0.0,3.1,135,-2.192031021678297,2.1920310216782974
2017-09-21 07:00:00,25.4,83,0.0,0.8,153,-0.36319239979163737,0.7128052193506944
2017-09-21 08:00:00,27.2,79,0.0,2.7,203,1.0549740469210391,2.485363104321589
2017-09-21 09:00:00,28.5,77,0.0,7.1,225,5.020458146424487,5.020458146424486
2017-09-21 10:00:00,29.5,74,0.0,6.9,227,5.046340541172277,4.70578868443124
2017-09-21 11:00:00,30.0,70,0.1,6.6,257,6.430842427582553,1.484676958669509
2017-09-21 12:00:00,29.7,72,0.3,6.9,223,4.70578868443124,5.046340541172277
2017-09-21 13:00:00,27.0,81,4.9,6.5,174,-0.6794350112397481,6.4643923198937765
2017-09-21 14:00:00,26.1,86,0.1,7.2,186,0.752604935527105,7.160557646651568
2017-09-21 15:00:00,26.8,83,0.1,1.6,243,1.4256104387013888,0.7263847995832748
2017-09-21 16:00:00,27.2,83,0.0,3.9,326,2.1808523235359125,-3.233246532964663
2017-09-21 17:00:00,26.9,85,0.0,3.6,270,3.6,0.0
2017-09-21 18:00:00,25.5,92,0.0,3.8,197,1.1110124779463997,3.6339580726595346
2017-09-21 19:00:00,25.0,94,0.0,4.9,163,-1.4326213531414098,4.685893304218874
2017-09-21 20:00:00,26.2,85,0.0,5.6,165,-1.4493866525741166,5.4091846272187825
2017-09-21 21:00:00,27.5,76,0.0,1.9,158,-0.7117525274902329,1.761649323676896
2017-09-21 22:00:00,27.1,79,0.0,2.3,252,2.1874299874788528,0.710739087062379
2017-09-21 23:00:00,26.3,84,0.0,3.6,217,2.1665340833473743,2.875087836170254
2017-09-22 00:00:00,25.2,89,1.7000000000000002,1.6,117,-1.4256104387013886,0.7263847995832751
2017-09-22 01:00:00,24.5,91,4.1,1.1,108,-1.0461621679246689,0.3399186938124423
2017-09-22 02:00:00,24.2,91,2.8,3.4,148,-1.8017254983928963,2.8833635269318485
2017-09-22 03:00:00,24.0,89,0.1,2.3,108,-2.1874299874788528,0.7107390870623792
2017-09-22 04:00:00,23.9,87,0.0,1.4,90,-1.4,1.7145055188062944e-16
2017-09-22 05:00:00,24.3,83,0.0,5.6,63,-4.98963653545486,-2.542346798541461
2017-09-22 06:00:00,24.0,86,0.0,4.3,95,-4.283637201794505,0.3747696938149302
2017-09-22 07:00:00,26.0,77,0.0,1.1,108,-1.0461621679246689,0.3399186938124423
2017-09-22 08:00:00,27.1,81,0.0,2.6,326,1.4539015490239418,-2.1554976886431088
2017-09-22 09:00:00,28.2,78,0.0,4.7,293,4.32637281122647,-1.8364363038995868
2017-09-22 10:00:00,28.7,76,0.0,4.4,305,3.604268994871564,-2.523736319944603
2017-09-22 11:00:00,28.9,75,0.1,2.2,351,0.34415582308850806,-2.1729143493093033
2017-09-22 12:00:00,29.6,73,0.0,1.5,45,-1.0606601717798214,-1.0606601717798212
2017-09-22 13:00:00,28.4,75,5.8,7.4,337,2.8914103508206255,-6.811735915548059
2017-09-22 14:00:00,27.1,82,0.2,9.0,127,-7.187719590425637,5.416335208368434
2017-09-22 15:00:00,26.7,82,0.6,2.2,180,1.3471114790620887e-16,2.2
2017-09-22 16:00:00,26.7,84,0.0,1.9,338,0.7117525274902327,-1.761649323676896
2017-09-22 17:00:00,26.5,85,0.0,4.2,211,2.1631599146222276,3.600102662948872
2017-09-22 18:00:00,26.1,87,0.0,3.3,221,2.1649947956686737,2.4905416147351476
2017-09-22 19:00:00,25.5,90,0.0,1.4,90,-1.4,1.7145055188062944e-16
2017-09-22 20:00:00,26.5,84,0.0,3.3,84,-3.2819222547153015,-0.3449439287832565
2017-09-22 21:00:00,27.0,80,0.0,1.8,180,1.1021821192326179e-16,1.8
2017-09-22 22:00:00,25.3,90,0.0,5.1,184,0.35575801609503865,5.087576656325103
2017-09-22 23:00:00,25.2,90,0.0,4.7,180,2.8779199779962803e-16,4.7
2017-09-23 00:00:00,25.2,90,0.0,4.3,185,0.37476969381492997,4.283637201794505
2017-09-23 01:00:00,25.2,90,0.0,4.3,180,2.632990618166809e-16,4.3
2017-09-23 02:00:00,25.1,90,0.2,4.2,160,-1.4364846019678086,3.9467090073008158
2017-09-23 03:00:00,24.8,88,2.7,3.5,156,-1.423578250765301,3.197409101749103
2017-09-23 04:00:00,24.7,87,0.8,3.6,174,-0.3763024677635528,3.580278823325784
2017-09-23 05:00:00,24.4,86,0.0,2.7,113,-2.485363104321589,1.0549740469210394
2017-09-23 06:00:00,24.1,86,0.0,3.0,76,-2.9108871788279895,-0.7257656867990026
2017-09-23 07:00:00,26.6,76,0.0,1.8,127,-1.4375439180851273,1.0832670416736867
2017-09-23 08:00:00,27.4,77,0.0,3.3,283,3.2154212137912763,-0.7423384793347545
2017-09-23 09:00:00,28.2,77,0.0,2.0,315,1.4142135623730951,-1.414213562373095
2017-09-23 10:00:00,29.1,75,0.0,3.5,336,1.4235782507653008,-3.197409101749103
2017-09-23 11:00:00,29.6,74,0.0,3.7,331,1.7937955949114475,-3.2360929164157644
2017-09-23 12:00:00,30.1,72,0.0,3.4,302,2.883363526931848,-1.8017254983928965
2017-09-23 13:00:00,30.0,73,0.0,0.0,270,0.0,0.0
2017-09-23 14:00:00,30.0,73,0.1,3.1,324,1.8221342821066668,-2.5079526825623373
2017-09-23 15:00:00,29.0,78,0.5,3.3,96,-3.2819222547153015,0.3449439287832573
2017-09-23 16:00:00,28.8,79,0.0,4.7,360,2.8779199779962803e-16,-4.7
2017-09-23 17:00:00,28.5,79,0.0,0.0,270,0.0,0.0
2017-09-23 18:00:00,27.2,88,0.0,3.1,135,-2.192031021678297,2.1920310216782974
2017-09-23 19:00:00,28.4,79,0.0,1.8,143,-1.0832670416736871,1.4375439180851268
2017-09-23 20:00:00,28.1,78,0.0,2.8,40,-1.7998053071223103,-2.144924440733138
2017-09-23 21:00:00,27.7,81,0.0,1.5,76,-1.4554435894139948,-0.3628828433995013
2017-09-23 22:00:00,27.4,81,0.0,0.4,90,-0.4,4.898587196589413e-17
2017-09-23 23:00:00,26.9,83,0.0,1.8,79,-1.7669289302057951,-0.3434561916777805
2017-09-24 00:00:00,26.2,86,0.0,2.6,106,-2.499280409439629,0.716657125124198
2017-09-24 01:00:00,25.7,87,0.0,4.8,153,-2.179154398749824,4.276831316104166
2017-09-24 02:00:00,25.5,87,0.0,5.4,188,0.7515347451843536,5.34744757120448
2017-09-24 03:00:00,25.8,82,0.0,6.7,196,1.8467702839738944,6.440453362786736
2017-09-24 04:00:00,25.4,81,0.0,5.8,184,0.40458754771592637,5.78587149150698
2017-09-24 05:00:00,25.6,79,0.0,5.4,176,-0.3766849582182768,5.386845871403051
2017-09-24 06:00:00,27.0,72,0.0,2.6,34,-1.453901549023941,-2.1554976886431088
2017-09-24 07:00:00,26.9,79,0.0,5.5,23,-2.149021206691006,-5.062776693988422
2017-09-24 08:00:00,27.9,79,0.0,3.7,349,0.7059932828932162,-3.632020578756357
2017-09-24 09:00:00,28.9,78,0.0,3.2,270,3.2,0.0
2017-09-24 10:00:00,29.9,74,0.0,5.9,256,5.7247447850283795,1.4273391840380396
2017-09-24 11:00:00,30.5,70,0.0,5.5,281,5.3989495089621515,-1.0494494745709964
2017-09-24 12:00:00,30.8,68,0.0,6.1,298,5.385980316439454,-2.8637765329939335
2017-09-24 13:00:00,30.9,66,0.0,4.6,321,2.894873798829252,-3.5748714227020657
2017-09-24 14:00:00,30.3,67,0.0,4.0,360,2.4492935982947064e-16,-4.0
2017-09-24 15:00:00,29.1,72,1.4,1.8,37,-1.083267041673687,-1.437543918085127
2017-09-24 16:00:00,28.7,76,0.0,3.0,14,-0.7257656867990033,-2.9108871788279895
2017-09-24 17:00:00,28.0,81,0.0,3.1,291,2.8940993221413254,-1.1109406435904308
2017-09-24 18:00:00,27.4,84,0.0,2.2,189,0.34415582308850806,2.1729143493093033
2017-09-24 19:00:00,27.0,86,0.0,2.9,173,-0.35342109587492737,2.878383839759834
2017-09-24 20:00:00,26.1,87,0.0,2.8,140,-1.7998053071223101,2.1449244407331385
2017-09-24 21:00:00,26.6,84,0.0,4.7,184,0.3278554265973886,4.688551036221174
2017-09-24 22:00:00,26.3,85,0.0,3.8,163,-1.1110124779463992,3.633958072659535
2017-09-24 23:00:00,26.1,86,0.0,5.0,210,2.5000000000000004,4.330127018922193
2017-09-25 00:00:00,25.7,88,0.1,3.9,158,-1.4609657143220571,3.616017032810471
2017-09-25 01:00:00,25.6,86,0.0,2.8,130,-2.144924440733138,1.7998053071223103
2017-09-25 02:00:00,25.4,86,0.1,2.6,124,-2.1554976886431083,1.453901549023942
2017-09-25 03:00:00,25.6,82,0.0,1.6,117,-1.4256104387013886,0.7263847995832751
2017-09-25 04:00:00,27.0,74,0.0,3.6,6,-0.3763024677635521,-3.5802788233257843
2017-09-25 05:00:00,25.4,82,0.0,3.7,79,-3.632020578756357,-0.7059932828932155
2017-09-25 06:00:00,25.6,79,0.0,2.3,108,-2.1874299874788528,0.7107390870623792
2017-09-25 07:00:00,26.9,74,0.0,1.3,326,0.7269507745119709,-1.0777488443215544
2017-09-25 08:00:00,27.3,82,0.0,5.0,360,3.061616997868383e-16,-5.0
2017-09-25 09:00:00,28.3,79,0.0,6.1,357,0.3192493330819582,-6.0916401620029
2017-09-25 10:00:00,29.1,75,0.0,5.8,356,0.40458754771592637,-5.78587149150698
2017-09-25 11:00:00,29.6,72,0.0,5.0,339,1.791839747726502,-4.667902132486009
2017-09-25 12:00:00,29.7,71,0.0,2.9,360,1.7757378587636622e-16,-2.9
2017-09-25 13:00:00,29.5,72,0.0,3.9,326,2.1808523235359125,-3.233246532964663
2017-09-25 14:00:00,29.1,72,0.0,5.4,318,3.6133052743378347,-4.012982057577929
2017-09-25 15:00:00,29.0,73,0.0,0.5,45,-0.35355339059327384,-0.35355339059327373
2017-09-25 16:00:00,28.5,77,0.0,4.9,324,2.8801477362331185,-3.9641832724372428
2017-09-25 17:00:00,28.0,82,0.0,2.9,300,2.511473670974872,-1.4499999999999997
2017-09-25 18:00:00,27.3,83,0.0,3.1,324,1.8221342821066668,-2.5079526825623373
2017-09-25 19:00:00,26.1,91,0.0,5.2,326,2.9078030980478835,-4.3109953772862175
2017-09-25 20:00:00,25.7,93,0.0,6.9,6,-0.7212463965468082,-6.862201078041087
2017-09-25 21:00:00,26.0,93,0.0,3.7,11,-0.7059932828932151,-3.632020578756357
2017-09-25 22:00:00,26.5,89,0.0,2.9,30,-1.4500000000000013,-2.5114736709748713
2017-09-25 23:00:00,26.0,91,0.0,2.3,162,-0.7107390870623789,2.187429987478853
2017-09-26 00:00:00,25.2,94,0.0,4.0,175,-0.34862297099063294,3.984778792366982
2017-09-26 01:00:00,25.5,93,0.0,4.5,194,1.0886485301985045,4.366330768241984
2017-09-26 02:00:00,25.0,95,0.0,5.0,201,1.791839747726502,4.667902132486009
2017-09-26 03:00:00,25.8,91,0.0,1.6,153,-0.7263847995832747,1.4256104387013888
2017-09-26 04:00:00,24.6,95,0.0,2.3,141,-1.4474368994146256,1.7874357113510333
2017-09-26 05:00:00,24.4,93,0.0,2.1,121,-1.8000513314744357,1.0815799573111142
2017-09-26 06:00:00,24.7,89,0.0,1.9,112,-1.7616493236768958,0.7117525274902332
2017-09-26 07:00:00,26.2,89,0.0,1.4,360,8.572527594031472e-17,-1.4
2017-09-26 08:00:00,27.0,88,0.0,3.5,336,1.4235782507653008,-3.197409101749103
2017-09-26 09:00:00,28.2,82,0.0,4.1,322,2.524212048835199,-3.23084408978756
2017-09-26 10:00:00,29.4,75,0.0,3.8,311,2.8678964048465336,-2.4930243101639276
2017-09-26 11:00:00,30.1,72,0.0,4.2,290,3.9467090073008158,-1.4364846019678086
2017-09-26 12:00:00,30.1,71,0.0,4.0,280,3.939231012048832,-0.6945927106677213
2017-09-26 13:00:00,30.6,68,0.0,2.4,297,2.138415658052083,-1.0895771993749122
2017-09-26 14:00:00,29.4,70,0.1,3.9,292,3.616017032810471,-1.460965714322057
2017-09-26 15:00:00,29.5,71,0.0,2.9,330,1.4500000000000002,-2.5114736709748717
2017-09-26 16:00:00,29.2,74,0.0,5.8,300,5.022947341949744,-2.8999999999999995
2017-09-26 17:00:00,28.5,79,0.0,3.8,311,2.8678964048465336,-2.4930243101639276
2017-09-26 18:00:00,27.0,87,0.0,5.0,300,4.330127018922194,-2.4999999999999996
2017-09-26 19:00:00,26.3,90,0.0,4.7,274,4.688551036221174,-0.3278554265973889
2017-09-26 20:00:00,26.7,86,0.0,3.3,193,0.7423384793347542,3.2154212137912763
2017-09-26 21:00:00,26.0,89,0.0,3.8,197,1.1110124779463997,3.6339580726595346
2017-09-26 22:00:00,25.8,91,0.0,5.2,192,1.0811407922523493,5.086367523815789
2017-09-26 23:00:00,25.7,93,0.0,4.8,193,1.0797650608505516,4.676976310969129
2017-09-27 00:00:00,25.6,94,0.0,3.8,197,1.1110124779463997,3.6339580726595346
2017-09-27 01:00:00,25.1,95,0.0,4.0,170,-0.6945927106677212,3.939231012048832
2017-09-27 02:00:00,25.0,95,0.0,4.1,165,-1.0611580849203355,3.96029588778518
2017-09-27 03:00:00,24.7,96,0.0,4.5,166,-1.088648530198505,4.366330768241984
2017-09-27 04:00:00,24.4,96,0.0,4.6,162,-1.4214781741247577,4.374859974957706
2017-09-27 05:00:00,25.0,94,0.0,3.1,135,-2.192031021678297,2.1920310216782974
2017-09-27 06:00:00,25.8,91,0.0,1.5,135,-1.0606601717798212,1.0606601717798214
2017-09-27 07:00:00,26.1,91,0.0,1.1,198,0.3399186938124422,1.0461621679246689
2017-09-27 08:00:00,27.1,85,0.0,2.8,220,1.7998053071223101,2.1449244407331385
2017-09-27 09:00:00,28.3,79,0.0,3.3,276,3.2819222547153015,-0.3449439287832564
2017-09-27 10:00:00,28.7,76,0.0,4.2,301,3.600102662948872,-2.1631599146222276
2017-09-27 11:00:00,29.6,72,0.0,5.1,315,3.6062445840513924,-3.606244584051392
2017-09-27 12:00:00,30.5,67,0.0,4.3,312,3.195522749552795,-2.8772616073430903
2017-09-27 13:00:00,31.1,63,0.0,3.6,323,2.1665340833473743,-2.875087836170254
2017-09-27 14:00:00,31.4,62,0.0,2.2,360,1.3471114790620887e-16,-2.2
2017-09-27 15:00:00,31.4,63,0.0,2.9,360,1.7757378587636622e-16,-2.9
2017-09-27 16:00:00,30.7,66,0.2,5.8,300,5.022947341949744,-2.8999999999999995
2017-09-27 17:00:00,29.3,73,0.0,5.8,277,5.756767679519667,-0.7068421917498553
2017-09-27 18:00:00,27.2,81,0.0,5.1,274,5.087576656325103,-0.35575801609503904
2017-09-27 19:00:00,27.1,80,0.0,4.2,250,3.9467090073008158,1.4364846019678086
2017-09-27 20:00:00,25.7,88,0.0,6.8,198,2.1013155617496424,6.467184310807044
2017-09-27 21:00:00,25.9,85,0.0,4.3,180,2.632990618166809e-16,4.3
2017-09-27 22:00:00,26.0,85,0.0,5.9,191,1.125773072721615,5.791600382341218
2017-09-27 23:00:00,25.7,88,0.0,6.3,193,1.4171916423663489,6.1385314081469815
2017-09-28 00:00:00,25.1,92,0.0,4.5,194,1.0886485301985045,4.366330768241984
2017-09-28 01:00:00,25.0,94,0.0,4.0,175,-0.34862297099063294,3.984778792366982
2017-09-28 02:00:00,25.4,93,0.0,2.9,150,-1.4499999999999993,2.511473670974872
2017-09-28 03:00:00,26.3,88,0.0,1.3,146,-0.7269507745119708,1.0777488443215544
2017-09-28 04:00:00,25.6,94,0.0,2.6,146,-1.4539015490239415,2.1554976886431088
2017-09-28 05:00:00,26.3,88,0.0,1.5,135,-1.0606601717798212,1.0606601717798214
2017-09-28 06:00:00,25.3,94,0.0,2.3,72,-2.187429987478853,-0.7107390870623786
2017-09-28 07:00:00,26.1,92,0.0,1.1,72,-1.046162167924669,-0.33991869381244205
2017-09-28 08:00:00,27.1,84,0.1,0.7000000000000001,180,4.2862637970157366e-17,0.7000000000000001
2017-09-28 09:00:00,28.2,80,0.1,1.1,342,0.3399186938124422,-1.0461621679246689
2017-09-28 10:00:00,29.1,77,0.1,3.0,346,0.725765686799003,-2.9108871788279895
2017-09-28 11:00:00,30.0,73,0.1,1.5,225,1.0606601717798214,1.0606601717798212
2017-09-28 12:00:00,26.9,83,3.4,6.6,189,1.032467469265524,6.518743047927909
2017-09-28 13:00:00,28.1,78,0.0,5.4,222,3.6133052743378347,4.012982057577929
2017-09-28 14:00:00,28.0,80,0.2,3.7,169,-0.7059932828932158,3.632020578756357
2017-09-28 15:00:00,27.6,79,1.8,5.9,349,1.125773072721615,-5.791600382341218
2017-09-28 16:00:00,26.1,87,0.1,2.3,72,-2.187429987478853,-0.7107390870623786
2017-09-28 17:00:00,25.9,90,0.1,5.0,69,-4.667902132486009,-1.7918397477265022
2017-09-28 18:00:00,25.6,91,0.0,2.7,67,-2.485363104321589,-1.0549740469210387
2017-09-28 19:00:00,25.7,91,0.0,3.8,41,-2.4930243101639276,-2.8678964048465336
2017-09-28 20:00:00,25.7,89,0.0,4.8,48,-3.5670951622914924,-3.2118269105225195
2017-09-28 21:00:00,25.2,91,0.0,4.7,58,-3.9858260519352027,-2.4906205418960625
2017-09-28 22:00:00,24.9,92,0.0,5.2,34,-2.907803098047882,-4.3109953772862175
2017-09-28 23:00:00,25.2,89,0.0,6.4,43,-4.364789504399991,-4.6806636903626915
2017-09-29 00:00:00,25.2,88,0.0,8.2,49,-6.1886185578267305,-5.379684037722157
2017-09-29 01:00:00,25.1,87,0.0,7.1,41,-4.658019105832602,-5.358438019581681
2017-09-29 02:00:00,24.6,89,0.0,5.1,51,-3.9634444034305507,-3.2095339943541714
2017-09-29 03:00:00,23.9,90,0.0,3.1,135,-2.192031021678297,2.1920310216782974
2017-09-29 04:00:00,26.0,77,0.0,4.1,225,2.899137802864845,2.8991378028648445
2017-09-29 05:00:00,23.4,90,0.0,5.1,86,-5.087576656325103,-0.3557580160950389
2017-09-29 06:00:00,24.3,80,0.0,4.7,148,-2.4906205418960625,3.9858260519352027
2017-09-29 07:00:00,26.2,77,0.0,5.9,227,4.314986839553106,4.023790324368742
2017-09-29 08:00:00,26.8,79,0.0,4.5,331,2.181643291108517,-3.935788682127281
2017-09-29 09:00:00,27.8,76,0.0,5.6,15,-1.4493866525741155,-5.4091846272187825
2017-09-29 10:00:00,28.6,73,0.0,5.4,8,-0.7515347451843555,-5.34744757120448
2017-09-29 11:00:00,29.3,69,0.0,3.9,338,1.4609657143220567,-3.616017032810471
2017-09-29 12:00:00,29.6,64,0.0,3.6,315,2.5455844122715714,-2.545584412271571
2017-09-29 13:00:00,29.7,66,0.0,6.8,270,6.8,0.0
2017-09-29 14:00:00,28.7,72,0.0,4.0,243,3.5640260967534716,1.815961998958187
2017-09-29 15:00:00,28.9,73,0.1,4.8,297,4.276831316104166,-2.1791543987498243
2017-09-29 16:00:00,27.6,75,1.5,5.8,274,5.78587149150698,-0.40458754771592675
2017-09-29 17:00:00,26.7,83,0.2,5.7,198,1.7613968679372005,5.421022142882375
2017-09-29 18:00:00,25.6,90,0.0,7.7,221,5.051654523226906,5.811263767715345
2017-09-29 19:00:00,25.1,92,0.0,6.9,186,0.7212463965468089,6.862201078041086
2017-09-29 20:00:00,25.7,90,0.0,3.4,288,3.233592155403522,-1.0506577808748212
2017-09-29 21:00:00,25.0,92,0.0,3.7,169,-0.7059932828932158,3.632020578756357
2017-09-29 22:00:00,25.2,89,0.0,6.8,183,0.35588450245201897,6.790680836331102
2017-09-29 23:00:00,24.9,89,0.0,5.8,187,0.7068421917498554,5.756767679519667
2017-09-30 00:00:00,24.5,91,0.0,4.0,207,1.8159619989581872,3.564026096753471
2017-09-30 01:00:00,24.1,91,0.0,2.5,90,-2.5,3.061616997868383e-16
2017-09-30 02:00:00,23.7,89,0.0,5.7,72,-5.421022142882376,-1.7613968679371996
2017-09-30 03:00:00,25.3,76,0.0,1.0,135,-0.7071067811865475,0.7071067811865476
2017-09-30 04:00:00,23.8,86,0.0,5.4,184,0.3766849582182763,5.386845871403051
2017-09-30 05:00:00,24.8,78,0.0,5.6,207,2.542346798541462,4.989636535454859
2017-09-30 06:00:00,23.3,89,0.0,5.2,12,-1.0811407922523508,-5.086367523815789
2017-09-30 07:00:00,25.2,84,0.0,5.0,30,-2.500000000000002,-4.330127018922192
2017-09-30 08:00:00,26.0,81,0.0,2.1,211,1.0815799573111138,1.800051331474436
2017-09-30 09:00:00,27.9,73,0.0,6.8,245,6.162892951849219,2.873804179836756
2017-09-30 10:00:00,28.8,68,0.0,11.0,229,8.301805382450492,7.2166493188955805
2017-09-30 11:00:00,30.0,65,0.0,12.0,221,7.872708347886087,9.056514962673264
2017-09-30 12:00:00,30.7,61,0.0,12.9,216,7.582429754572904,10.436319227436822
2017-09-30 13:00:00,29.7,66,0.0,14.1,232,11.110951625854778,8.680826802091781
2017-09-30 14:00:00,28.5,73,0.0,11.5,229,8.679160172561879,7.544678833390834
2017-09-30 15:00:00,28.3,75,0.0,9.9,224,6.877117867544073,7.121464023352646
2017-09-30 16:00:00,28.3,75,0.0,8.8,215,5.0474726398892065,7.208537989743128
2017-09-30 17:00:00,27.8,78,0.0,7.4,203,2.8914103508206255,6.811735915548059
2017-09-30 18:00:00,27.1,80,0.0,5.8,210,2.9000000000000004,5.0229473419497435
2017-09-30 19:00:00,26.0,88,0.0,5.2,205,2.197614961051637,4.7128004925905795
2017-09-30 20:00:00,26.0,88,0.0,6.5,183,0.3401837155791358,6.49109197590473
2017-09-30 21:00:00,26.2,87,0.0,4.7,171,-0.7352419856890848,4.6421352007971475
2017-09-30 22:00:00,25.8,88,0.0,5.9,169,-1.1257730727216144,5.791600382341218
2017-09-30 23:00:00,25.8,85,0.0,5.3,208,2.4881992827652213,4.679622242152313
2017-10-01 00:00:00,25.9,81,0.0,6.2,173,-0.7555899291119137,6.153786140176197
2017-10-01 01:00:00,25.6,78,0.0,5.7,162,-1.7613968679371999,5.421022142882376
2017-10-01 02:00:00,25.6,74,0.0,6.2,170,-1.076618701534968,6.10580806867569
2017-10-01 03:00:00,25.9,71,0.0,7.6,175,-0.6623836448822026,7.571079705497266
2017-10-01 04:00:00,25.5,72,0.0,6.2,173,-0.7555899291119137,6.153786140176197
2017-10-01 05:00:00,24.8,77,0.0,6.5,186,0.6794350112397475,6.4643923198937765
2017-10-01 06:00:00,24.6,79,0.0,6.2,187,0.7555899291119145,6.153786140176196
2017-10-01 07:00:00,26.7,73,0.0,4.1,195,1.061158084920335,3.96029588778518
2017-10-01 08:00:00,27.9,70,0.0,8.9,220,5.7208097262102005,6.817795543758905
2017-10-01 09:00:00,28.8,69,0.0,10.8,217,6.499602250042123,8.625263508510763
2017-10-01 10:00:00,29.8,66,0.0,10.3,216,6.054188098612474,8.332875042061959
2017-10-01 11:00:00,30.5,63,0.0,8.3,236,6.881011852206846,4.6413010988072
2017-10-01 12:00:00,30.8,61,0.0,6.8,273,6.790680836331102,-0.3558845024520181
2017-10-01 13:00:00,30.3,63,0.3,6.2,280,6.10580806867569,-1.0766187015349682
2017-10-01 14:00:00,30.1,65,0.0,5.6,225,3.9597979746446663,3.9597979746446654
2017-10-01 15:00:00,29.7,67,0.0,5.6,243,4.98963653545486,2.5423467985414616
2017-10-01 16:00:00,29.0,70,0.0,4.7,266,4.688551036221174,0.3278554265973889
2017-10-01 17:00:00,28.3,82,0.0,1.9,292,1.761649323676896,-0.7117525274902328
2017-10-01 18:00:00,28.6,69,0.0,0.5,135,-0.35355339059327373,0.3535533905932738
2017-10-01 19:00:00,26.7,81,0.0,4.8,193,1.0797650608505516,4.676976310969129
2017-10-01 20:00:00,26.4,85,0.0,5.5,191,1.049449474570997,5.3989495089621515
2017-10-01 21:00:00,27.1,80,0.0,6.9,186,0.7212463965468089,6.862201078041086
2017-10-01 22:00:00,26.7,82,0.0,8.3,185,0.7233926648055626,8.268415994161488
2017-10-01 23:00:00,26.1,85,0.0,6.9,189,1.0793978087775935,6.815049550106451
2017-10-02 00:00:00,25.6,87,0.0,5.4,184,0.3766849582182763,5.386845871403051
2017-10-02 01:00:00,24.9,89,0.0,4.3,185,0.37476969381492997,4.283637201794505
2017-10-02 02:00:00,24.7,88,0.0,4.8,167,-1.079765060850552,4.676976310969129
2017-10-02 03:00:00,25.8,81,0.0,1.9,158,-0.7117525274902329,1.761649323676896
2017-10-02 04:00:00,24.5,86,0.0,2.5,98,-2.475670171853926,0.3479327524001633
2017-10-02 05:00:00,24.2,84,0.0,2.9,97,-2.8783838397598336,0.35342109587492787
2017-10-02 06:00:00,24.5,81,0.0,2.5,90,-2.5,3.061616997868383e-16
2017-10-02 07:00:00,26.5,76,0.0,3.4,72,-3.2335921554035223,-1.0506577808748208
2017-10-02 08:00:00,27.6,73,0.0,4.0,360,2.4492935982947064e-16,-4.0
2017-10-02 09:00:00,28.5,74,0.0,6.2,353,0.7555899291119145,-6.153786140176196
2017-10-02 10:00:00,29.3,71,0.0,6.8,357,0.35588450245201897,-6.790680836331102
2017-10-02 11:00:00,30.0,67,0.0,5.8,356,0.40458754771592637,-5.78587149150698
2017-10-02 12:00:00,30.6,62,0.0,6.2,353,0.7555899291119145,-6.153786140176196
2017-10-02 13:00:00,30.8,59,0.0,4.7,4,-0.32785542659739025,-4.688551036221174
2017-10-02 14:00:00,29.4,67,0.0,4.4,9,-0.6883116461770166,-4.345828698618606
2017-10-02 15:00:00,29.3,67,0.0,3.1,69,-2.8940993221413254,-1.1109406435904314
2017-10-02 16:00:00,28.7,71,0.0,4.8,347,1.0797650608505516,-4.676976310969129
2017-10-02 17:00:00,28.0,76,0.0,4.5,29,-2.1816432911085157,-3.935788682127282
2017-10-02 18:00:00,26.6,87,0.0,3.6,96,-3.580278823325784,0.37630246776355347
2017-10-02 19:00:00,26.8,83,0.0,1.9,112,-1.7616493236768958,0.7117525274902332
2017-10-02 20:00:00,26.4,82,0.0,3.3,139,-2.1649947956686737,2.490541614735148
2017-10-02 21:00:00,27.3,76,0.0,4.4,189,0.6883116461770161,4.3458286986186065
2017-10-02 22:00:00,25.8,86,0.0,5.1,184,0.35575801609503865,5.087576656325103
2017-10-02 23:00:00,25.9,85,0.0,5.4,172,-0.7515347451843529,5.34744757120448
2017-10-03 00:00:00,25.6,85,0.0,5.5,169,-1.0494494745709964,5.3989495089621515
2017-10-03 01:00:00,25.3,86,0.0,4.4,171,-0.6883116461770157,4.3458286986186065
2017-10-03 02:00:00,25.0,87,0.0,4.3,156,-1.748967565225941,3.9282454678631837
2017-10-03 03:00:00,25.8,82,0.0,2.0,135,-1.414213562373095,1.4142135623730951
2017-10-03 04:00:00,26.6,79,0.0,1.4,90,-1.4,1.7145055188062944e-16
2017-10-03 05:00:00,24.6,89,0.1,4.5,61,-3.9357886821272814,-2.181643291108516
2017-10-03 06:00:00,24.5,86,0.0,4.5,61,-3.9357886821272814,-2.181643291108516
2017-10-03 07:00:00,26.4,79,0.0,4.6,45,-3.2526911934581193,-3.252691193458118
2017-10-03 08:00:00,27.4,80,0.0,4.8,347,1.0797650608505516,-4.676976310969129
2017-10-03 09:00:00,28.5,75,0.2,8.0,355,0.6972459419812651,-7.969557584733964
2017-10-03 10:00:00,29.1,71,0.1,8.0,355,0.6972459419812651,-7.969557584733964
2017-10-03 11:00:00,29.6,69,0.1,7.6,5,-0.6623836448822027,-7.571079705497266
2017-10-03 12:00:00,29.8,67,0.0,5.5,23,-2.149021206691006,-5.062776693988422
2017-10-03 13:00:00,30.3,63,0.0,9.7,318,6.490566881680924,-7.208504807130724
2017-10-03 14:00:00,28.6,72,0.1,4.1,75,-3.96029588778518,-1.0611580849203353
2017-10-03 15:00:00,28.4,73,0.7000000000000001,2.6,16,-0.7166571251241971,-2.4992804094396295
2017-10-03 16:00:00,27.4,76,1.0,5.6,135,-3.9597979746446654,3.9597979746446663
2017-10-03 17:00:00,27.0,78,0.0,4.7,203,1.8364363038995866,4.32637281122647
2017-10-03 18:00:00,25.9,82,0.0,5.1,172,-0.7097828148963332,5.050367150582009
2017-10-03 19:00:00,25.4,86,0.0,3.6,174,-0.3763024677635528,3.580278823325784
2017-10-03 20:00:00,26.1,82,0.0,5.0,180,3.061616997868383e-16,5.0
2017-10-03 21:00:00,26.3,81,0.0,6.6,193,1.4846769586695083,6.430842427582553
2017-10-03 22:00:00,26.0,81,0.0,7.6,183,0.3977532674463741,7.589584464134761
2017-10-03 23:00:00,26.0,79,0.0,8.3,178,-0.28966582263075796,8.294943864258496
2017-10-04 00:00:00,26.2,77,0.0,7.9,183,0.41345405431925736,7.889173324561134
2017-10-04 01:00:00,25.9,77,0.0,5.7,198,1.7613968679372005,5.421022142882375
2017-10-04 02:00:00,25.0,84,0.0,6.2,216,3.6442685642133337,5.0159053651246746
2017-10-04 03:00:00,26.2,76,0.0,0.8,63,-0.7128052193506944,-0.36319239979163737
2017-10-04 04:00:00,24.7,82,0.0,5.1,39,-3.2095339943541727,-3.96344440343055
2017-10-04 05:00:00,24.6,84,0.0,6.1,28,-2.8637765329939335,-5.385980316439454
2017-10-04 06:00:00,24.2,87,0.0,6.4,16,-1.7640790772287929,-6.152074854005242
2017-10-04 07:00:00,25.1,86,0.0,7.9,3,-0.41345405431926,-7.889173324561134
2017-10-04 08:00:00,26.8,79,0.0,9.5,11,-1.812685456077174,-9.325458242752807
2017-10-04 09:00:00,27.7,75,0.0,7.6,360,4.653657836759942e-16,-7.6
2017-10-04 10:00:00,28.1,72,0.0,3.1,306,2.5079526825623373,-1.8221342821066668
2017-10-04 11:00:00,29.0,66,0.0,4.3,265,4.283637201794505,0.3747696938149301
2017-10-04 12:00:00,29.3,63,0.0,5.6,255,5.4091846272187825,1.4493866525741161
2017-10-04 13:00:00,29.1,65,0.0,4.7,266,4.688551036221174,0.3278554265973889
2017-10-04 14:00:00,29.5,63,0.0,3.7,191,0.7059932828932162,3.632020578756357
2017-10-04 15:00:00,29.4,63,0.0,5.1,278,5.050367150582009,-0.7097828148963337
2017-10-04 16:00:00,28.9,66,0.0,5.8,274,5.78587149150698,-0.40458754771592675
2017-10-04 17:00:00,28.0,77,0.0,1.8,270,1.8,0.0
2017-10-04 18:00:00,27.3,78,0.0,4.7,238,3.9858260519352022,2.490620541896063
2017-10-04 19:00:00,27.5,72,0.0,4.3,265,4.283637201794505,0.3747696938149301
2017-10-04 20:00:00,26.7,81,0.0,4.6,231,3.5748714227020657,2.8948737988292517
2017-10-04 21:00:00,26.4,82,0.0,3.3,283,3.2154212137912763,-0.7423384793347545
2017-10-04 22:00:00,25.3,88,0.0,2.4,333,1.0895771993749124,-2.138415658052083
2017-10-04 23:00:00,25.7,82,0.0,1.5,256,1.4554435894139948,0.3628828433995016
2017-10-05 00:00:00,25.6,83,0.0,3.1,159,-1.1109406435904308,2.8940993221413254
2017-10-05 01:00:00,25.3,86,0.0,2.4,153,-1.089577199374912,2.138415658052083
2017-10-05 02:00:00,25.1,86,0.0,1.6,153,-0.7263847995832747,1.4256104387013888
2017-10-05 03:00:00,25.5,84,0.0,0.8,153,-0.36319239979163737,0.7128052193506944
2017-10-05 04:00:00,24.7,88,0.0,4.0,27,-1.8159619989581877,-3.564026096753471
2017-10-05 05:00:00,24.0,92,0.0,3.3,13,-0.7423384793347553,-3.215421213791276
2017-10-05 06:00:00,23.5,95,0.0,4.1,15,-1.0611580849203346,-3.96029588778518
2017-10-05 07:00:00,24.7,90,0.0,3.4,18,-1.0506577808748216,-3.233592155403522
2017-10-05 08:00:00,26.2,84,0.0,2.9,330,1.4500000000000002,-2.5114736709748717
2017-10-05 09:00:00,27.9,74,0.0,3.6,270,3.6,0.0
2017-10-05 10:00:00,28.6,70,0.0,5.9,256,5.7247447850283795,1.4273391840380396
2017-10-05 11:00:00,29.1,66,0.0,6.6,261,6.518743047927909,1.0324674692655236
2017-10-05 12:00:00,30.1,61,0.0,7.3,237,6.122295146001595,3.9758649556096977
2017-10-05 13:00:00,28.8,65,0.2,10.2,225,7.212489168102785,7.212489168102784
2017-10-05 14:00:00,28.9,66,0.0,7.2,198,2.224922359499622,6.8476069173251055
2017-10-05 15:00:00,29.0,66,0.0,4.0,190,0.6945927106677217,3.939231012048832
2017-10-05 16:00:00,28.9,67,0.0,3.1,216,1.8221342821066668,2.5079526825623373
2017-10-05 17:00:00,28.3,70,0.0,2.2,189,0.34415582308850806,2.1729143493093033
2017-10-05 18:00:00,26.8,77,0.0,4.0,153,-1.8159619989581868,3.5640260967534716
2017-10-05 19:00:00,26.7,77,0.0,6.9,171,-1.0793978087775926,6.815049550106451
2017-10-05 20:00:00,26.2,80,0.0,5.5,169,-1.0494494745709964,5.3989495089621515
2017-10-05 21:00:00,26.1,81,0.0,5.8,173,-0.7068421917498547,5.756767679519668
2017-10-05 22:00:00,25.6,84,0.0,5.4,180,3.3065463576978537e-16,5.4
2017-10-05 23:00:00,25.0,88,0.0,4.0,185,0.34862297099063255,3.984778792366982
2017-10-06 00:00:00,25.7,83,0.0,2.6,164,-0.7166571251241975,2.499280409439629
2017-10-06 01:00:00,25.9,81,0.0,1.4,90,-1.4,1.7145055188062944e-16
2017-10-06 02:00:00,25.8,81,0.0,2.2,81,-2.1729143493093033,-0.3441558230885076
2017-10-06 03:00:00,24.6,86,0.0,4.7,58,-3.9858260519352027,-2.4906205418960625
2017-10-06 04:00:00,23.7,88,0.0,5.6,45,-3.9597979746446668,-3.9597979746446654
2017-10-06 05:00:00,23.3,89,0.0,6.9,47,-5.0463405411722775,-4.705788684431239
2017-10-06 06:00:00,24.0,85,0.0,5.6,45,-3.9597979746446668,-3.9597979746446654
2017-10-06 07:00:00,25.7,81,0.0,5.2,16,-1.4333142502483942,-4.998560818879259
2017-10-06 08:00:00,27.2,76,0.0,6.5,6,-0.6794350112397468,-6.464392319893777
2017-10-06 09:00:00,28.6,69,0.0,9.7,358,0.33852511801426044,-9.694091022085228
2017-10-06 10:00:00,29.6,65,0.0,9.5,349,1.8126854560771768,-9.325458242752807
2017-10-06 11:00:00,30.5,62,0.0,7.7,349,1.4692292643993958,-7.558529312547013
2017-10-06 12:00:00,30.8,60,0.0,6.8,328,3.603450996785793,-5.766727053863696
2017-10-06 13:00:00,30.5,63,0.0,8.7,322,5.356254835333226,-6.855693556378481
2017-10-06 14:00:00,29.6,68,0.0,6.4,322,3.9402334420842133,-5.043268823083022
2017-10-06 15:00:00,29.4,69,0.0,2.5,352,0.34793275240016364,-2.475670171853926
2017-10-06 16:00:00,29.2,71,0.2,2.4,333,1.0895771993749124,-2.138415658052083
2017-10-06 17:00:00,28.7,74,0.0,3.7,299,3.2360929164157644,-1.7937955949114472
2017-10-06 18:00:00,27.1,83,0.0,4.0,280,3.939231012048832,-0.6945927106677213
2017-10-06 19:00:00,26.5,89,0.0,4.3,270,4.3,0.0
2017-10-06 20:00:00,26.2,87,0.0,5.2,196,1.4333142502483958,4.998560818879258
2017-10-06 21:00:00,26.6,83,0.0,9.2,201,3.2969851358167634,8.588939923774255
2017-10-06 22:00:00,26.4,83,0.0,10.2,198,3.151973342624464,9.700776466210565
2017-10-06 23:00:00,26.1,83,0.0,9.2,191,1.755442757464213,9.030970087718508
2017-10-07 00:00:00,25.7,83,0.0,5.8,180,3.5514757175273243e-16,5.8
2017-10-07 01:00:00,24.9,86,0.0,4.7,176,-0.3278554265973891,4.688551036221174
2017-10-07 02:00:00,24.8,86,0.0,4.0,153,-1.8159619989581868,3.5640260967534716
2017-10-07 03:00:00,24.8,83,0.0,3.0,104,-2.9108871788279895,0.7257656867990032
2017-10-07 04:00:00,24.7,81,0.0,5.5,58,-4.664264528860343,-2.914555953282626
2017-10-07 05:00:00,24.8,80,0.0,5.6,27,-2.5423467985414625,-4.989636535454859
2017-10-07 06:00:00,24.4,83,0.0,5.0,21,-1.7918397477265036,-4.667902132486008
2017-10-07 07:00:00,25.9,78,0.0,7.2,6,-0.7526049355271042,-7.160557646651569
2017-10-07 08:00:00,26.8,78,0.0,9.4,356,0.6557108531947772,-9.377102072442348
2017-10-07 09:00:00,28.4,71,0.0,9.0,344,2.4807362023529924,-8.65135526344487
2017-10-07 10:00:00,29.7,65,0.0,7.8,326,4.361704647071825,-6.466493065929326
2017-10-07 11:00:00,30.9,60,0.0,4.8,312,3.5670951622914924,-3.2118269105225195
2017-10-07 12:00:00,32.1,55,0.0,5.9,281,5.791600382341218,-1.1257730727216144
2017-10-07 13:00:00,32.2,54,0.0,11.4,283,11.107818738551682,-2.5644420195200612
2017-10-07 14:00:00,31.0,62,0.0,10.4,268,10.393664600998596,0.3629547657060101
2017-10-07 15:00:00,30.1,65,0.6,12.7,227,9.288192010563463,8.66137917279373
2017-10-07 16:00:00,29.1,69,0.0,11.2,222,7.494262791219212,8.323222045346816
2017-10-07 17:00:00,28.7,70,0.0,11.0,218,6.772276228582241,8.668118289673941
2017-10-07 18:00:00,27.9,71,0.0,9.0,217,5.4163352083684355,7.187719590425635
2017-10-07 19:00:00,27.2,76,0.0,9.8,197,2.8652427062828205,9.371786608437748
2017-10-07 20:00:00,26.7,80,0.0,6.0,213,3.2678342100901627,5.032023407672544
2017-10-07 21:00:00,26.6,81,0.0,6.5,199,2.116193003971519,6.145870741395559
2017-10-07 22:00:00,25.5,87,0.0,5.9,223,4.023790324368742,4.314986839553106
2017-10-07 23:00:00,26.6,79,0.0,1.1,108,-1.0461621679246689,0.3399186938124423
2017-10-08 00:00:00,26.3,80,0.0,1.3,124,-1.0777488443215542,0.726950774511971
2017-10-08 01:00:00,26.9,76,0.0,1.1,90,-1.1,1.3471114790620887e-16
2017-10-08 02:00:00,25.4,84,0.0,6.7,16,-1.8467702839738926,-6.440453362786737
2017-10-08 03:00:00,24.1,91,0.0,5.4,90,-5.4,6.613092715395707e-16
2017-10-08 04:00:00,24.2,89,0.0,4.3,24,-1.7489675652259404,-3.928245467863184
2017-10-08 05:00:00,24.5,82,0.0,6.6,49,-4.981083229470296,-4.3299895913373465
2017-10-08 06:00:00,24.0,76,0.0,5.3,62,-4.679622242152313,-2.4881992827652213
2017-10-08 07:00:00,25.9,66,0.0,9.4,23,-3.672872607799174,-8.652745622452938
2017-10-08 08:00:00,27.3,70,0.0,4.7,337,1.8364363038995866,-4.32637281122647
2017-10-08 09:00:00,28.7,67,0.0,6.8,342,2.1013155617496424,-6.467184310807044
2017-10-08 10:00:00,30.2,62,0.0,6.2,324,3.6442685642133337,-5.0159053651246746
2017-10-08 11:00:00,31.2,58,0.0,5.8,274,5.78587149150698,-0.40458754771592675
2017-10-08 12:00:00,32.3,53,0.0,3.7,241,3.2360929164157644,1.7937955949114472
2017-10-08 13:00:00,32.9,50,0.0,5.4,262,5.34744757120448,0.7515347451843534
2017-10-08 14:00:00,33.4,47,0.0,8.6,237,7.212566884330647,4.683895701129233
2017-10-08 15:00:00,33.1,50,0.0,10.2,219,6.419067988708342,7.926888806861102
2017-10-08 16:00:00,31.7,58,0.0,13.5,228,10.032455143944823,9.033263185844586
2017-10-08 17:00:00,29.9,63,0.0,11.0,229,8.301805382450492,7.2166493188955805
2017-10-08 18:00:00,28.6,68,0.0,9.7,231,7.538315826132617,6.104407793183422
2017-10-08 19:00:00,27.6,74,0.0,7.1,210,3.5500000000000007,6.148780366869514
2017-10-08 20:00:00,27.4,76,0.0,10.0,195,2.5881904510252074,9.659258262890683
2017-10-08 21:00:00,27.4,75,0.0,11.3,189,1.7677094549546095,11.160878248725057
2017-10-08 22:00:00,27.4,74,0.0,12.1,192,2.5157314588948894,11.835585968879046
2017-10-08 23:00:00,27.2,74,0.0,12.2,194,2.9514471263159456,11.837607860567156
2017-10-09 00:00:00,27.3,73,0.0,9.4,182,0.3280552690035102,9.394273773979501
2017-10-09 01:00:00,26.5,75,0.0,5.5,169,-1.0494494745709964,5.3989495089621515
2017-10-09 02:00:00,26.1,75,0.0,5.2,155,-2.1976149610516367,4.71280049259058
2017-10-09 03:00:00,25.4,77,0.0,6.6,158,-2.4724035165450196,6.1194134401407965
2017-10-09 04:00:00,26.0,72,0.0,5.8,187,0.7068421917498554,5.756767679519667
2017-10-09 05:00:00,25.3,75,0.0,5.8,176,-0.4045875477159269,5.78587149150698
2017-10-09 06:00:00,26.1,71,0.0,3.6,143,-2.1665340833473743,2.8750878361702537
2017-10-09 07:00:00,27.1,69,0.0,3.6,270,3.6,0.0
2017-10-09 08:00:00,29.1,61,0.0,8.5,348,1.7672493719509554,-8.314254606237347
2017-10-09 09:00:00,29.7,62,0.0,8.3,342,2.564841053312064,-7.893769085249775
2017-10-09 10:00:00,30.6,60,0.0,6.9,313,5.046340541172277,-4.70578868443124
2017-10-09 11:00:00,31.6,57,0.0,6.8,270,6.8,0.0
2017-10-09 12:00:00,32.7,52,0.0,8.1,238,6.86918957886705,4.29234604028896
2017-10-09 13:00:00,32.9,50,0.0,10.7,228,7.951649632608118,7.159697488039782
2017-10-09 14:00:00,32.4,53,0.0,10.9,236,9.036509540849954,6.095202647831141
2017-10-09 15:00:00,32.2,54,0.0,6.5,251,6.1458707413955596,2.1161930039715187
2017-10-09 16:00:00,31.5,55,0.3,7.2,252,6.8476069173251055,2.2249223594996215
2017-10-09 17:00:00,30.1,62,0.0,8.2,247,7.54813979831001,3.2039952536120446
2017-10-09 18:00:00,28.5,68,0.0,7.6,225,5.374011537017761,5.37401153701776
2017-10-09 19:00:00,27.5,74,0.0,6.0,205,2.5357095704441965,5.437846722219899
2017-10-09 20:00:00,27.0,83,0.1,6.2,173,-0.7555899291119137,6.153786140176197
2017-10-09 21:00:00,26.9,83,0.0,4.1,165,-1.0611580849203355,3.96029588778518
2017-10-09 22:00:00,26.6,84,0.0,4.1,142,-2.524212048835199,3.23084408978756
2017-10-09 23:00:00,26.4,82,0.0,3.2,117,-2.851220877402777,1.4527695991665501
2017-10-10 00:00:00,26.0,82,0.0,3.1,126,-2.507952682562337,1.822134282106667
2017-10-10 01:00:00,25.9,82,0.0,4.3,138,-2.8772616073430903,3.195522749552795
2017-10-10 02:00:00,25.6,81,0.0,3.7,119,-3.2360929164157644,1.7937955949114477
2017-10-10 03:00:00,25.9,77,0.0,1.5,135,-1.0606601717798212,1.0606601717798214
2017-10-10 04:00:00,27.5,69,0.0,0.8,117,-0.7128052193506943,0.36319239979163753
2017-10-10 05:00:00,26.2,73,0.0,4.6,39,-2.894873798829254,-3.5748714227020644
2017-10-10 06:00:00,25.9,73,0.0,4.0,63,-3.5640260967534716,-1.8159619989581868
2017-10-10 07:00:00,27.1,68,0.0,2.3,321,1.447436899414626,-1.7874357113510329
2017-10-10 08:00:00,28.0,68,0.0,5.4,340,1.8469087739586119,-5.074340152243905
2017-10-10 09:00:00,29.7,57,0.0,8.3,2,-0.28966582263075635,-8.294943864258496
2017-10-10 10:00:00,31.5,49,0.0,9.0,360,5.51091059616309e-16,-9.0
2017-10-10 11:00:00,32.3,49,0.0,9.4,353,1.1455718280083864,-9.329933825428427
2017-10-10 12:00:00,32.9,49,0.0,8.2,345,2.12231616984067,-7.92059177557036
2017-10-10 13:00:00,33.0,49,0.0,8.2,337,3.203995253612044,-7.54813979831001
2017-10-10 14:00:00,32.9,50,0.0,8.6,345,2.2258437878816784,-8.306962106085987
2017-10-10 15:00:00,32.2,54,0.0,10.0,334,4.383711467890775,-8.98794046299167
2017-10-10 16:00:00,30.7,59,0.0,6.6,338,2.4724035165450187,-6.1194134401407965
2017-10-10 17:00:00,29.8,64,0.0,5.9,308,4.64926344627966,-3.6324027044213842
2017-10-10 18:00:00,28.4,71,0.0,4.1,285,3.96029588778518,-1.061158084920335
2017-10-10 19:00:00,26.9,81,0.0,4.6,252,4.3748599749577055,1.421478174124758
2017-10-10 20:00:00,26.5,79,0.0,5.6,195,1.4493866525741161,5.4091846272187825
2017-10-10 21:00:00,27.0,75,0.0,5.6,195,1.4493866525741161,5.4091846272187825
2017-10-10 22:00:00,26.8,77,0.0,7.6,183,0.3977532674463741,7.589584464134761
2017-10-10 23:00:00,26.7,78,0.0,7.9,196,2.1775351109542935,7.59396739791272
2017-10-11 00:00:00,26.4,80,0.0,6.3,193,1.4171916423663489,6.1385314081469815
2017-10-11 01:00:00,25.6,84,0.0,4.0,175,-0.34862297099063294,3.984778792366982
2017-10-11 02:00:00,25.8,80,0.0,4.5,166,-1.088648530198505,4.366330768241984
2017-10-11 03:00:00,27.1,71,0.0,3.0,166,-0.7257656867990033,2.9108871788279895
2017-10-11 04:00:00,27.0,70,0.0,2.6,124,-2.1554976886431083,1.453901549023942
2017-10-11 05:00:00,25.8,74,0.0,3.3,84,-3.2819222547153015,-0.3449439287832565
2017-10-11 06:00:00,25.2,73,0.0,5.0,69,-4.667902132486009,-1.7918397477265022
2017-10-11 07:00:00,27.6,60,0.0,2.6,74,-2.499280409439629,-0.7166571251241974
2017-10-11 08:00:00,29.2,55,0.0,3.5,336,1.4235782507653008,-3.197409101749103
2017-10-11 09:00:00,30.3,56,0.0,5.5,337,2.1490212066910055,-5.062776693988422
2017-10-11 10:00:00,31.2,55,0.0,6.3,329,3.244739871933341,-5.400153994423308
2017-10-11 11:00:00,32.1,52,0.0,6.4,333,2.9055391983331,-5.702441754805554
2017-10-11 12:00:00,32.9,49,0.0,6.8,328,3.603450996785793,-5.766727053863696
2017-10-11 13:00:00,32.8,49,0.0,7.9,313,5.777694242791447,-5.387787044493738
2017-10-11 14:00:00,32.4,51,0.0,8.2,293,7.54813979831001,-3.2039952536120446
2017-10-11 15:00:00,30.2,62,0.8,2.7,23,-1.0549740469210394,-2.4853631043215887
2017-10-11 16:00:00,29.8,62,0.0,2.2,171,-0.34415582308850784,2.1729143493093033
2017-10-11 17:00:00,29.5,64,0.0,3.6,225,2.5455844122715714,2.545584412271571
2017-10-11 18:00:00,28.2,71,0.0,4.3,246,3.9282454678631837,1.7489675652259409
2017-10-11 19:00:00,27.7,73,0.0,5.0,210,2.5000000000000004,4.330127018922193
2017-10-11 20:00:00,27.5,72,0.0,6.2,187,0.7555899291119145,6.153786140176196
2017-10-11 21:00:00,27.4,74,0.0,9.6,193,2.159530121701103,9.353952621938259
2017-10-11 22:00:00,26.9,78,0.0,8.2,195,2.12231616984067,7.92059177557036
2017-10-11 23:00:00,26.4,81,0.0,6.4,196,1.7640790772287946,6.1520748540052415
2017-10-12 00:00:00,26.0,82,0.0,4.0,175,-0.34862297099063294,3.984778792366982
2017-10-12 01:00:00,25.5,83,0.0,4.7,113,-4.32637281122647,1.8364363038995868
2017-10-12 02:00:00,25.2,80,0.0,5.4,53,-4.312631754255381,-3.2498011250210617
2017-10-12 03:00:00,24.9,79,0.0,5.4,37,-3.2498011250210608,-4.312631754255381
2017-10-12 04:00:00,24.6,79,0.0,5.6,45,-3.9597979746446668,-3.9597979746446654
2017-10-12 05:00:00,24.3,78,0.0,5.5,32,-2.9145559532826275,-4.664264528860342
2017-10-12 06:00:00,24.6,73,0.0,4.8,48,-3.5670951622914924,-3.2118269105225195
2017-10-12 07:00:00,26.1,66,0.0,7.1,30,-3.550000000000003,-6.148780366869512
2017-10-12 08:00:00,26.8,76,0.0,5.5,349,1.049449474570997,-5.3989495089621515
2017-10-12 09:00:00,28.4,69,0.0,4.8,347,1.0797650608505516,-4.676976310969129
2017-10-12 10:00:00,29.8,61,0.0,6.5,341,2.116193003971519,-6.145870741395559
2017-10-12 11:00:00,30.1,61,0.0,8.0,355,0.6972459419812651,-7.969557584733964
2017-10-12 12:00:00,30.2,61,0.0,7.7,11,-1.4692292643993936,-7.558529312547013
2017-10-12 13:00:00,30.6,59,0.0,5.8,356,0.40458754771592637,-5.78587149150698
2017-10-12 14:00:00,31.6,55,0.0,0.7000000000000001,270,0.7000000000000001,0.0
2017-10-12 15:00:00,31.0,56,0.0,7.1,294,6.486172749262466,-2.8878301658381815
2017-10-12 16:00:00,29.4,68,0.0,10.8,323,6.499602250042123,-8.625263508510763
2017-10-12 17:00:00,28.8,69,0.0,7.1,330,3.5500000000000007,-6.148780366869514
2017-10-12 18:00:00,27.3,76,0.0,4.5,331,2.181643291108517,-3.935788682127281
2017-10-12 19:00:00,26.6,78,0.0,4.6,288,4.3748599749577055,-1.421478174124758
2017-10-12 20:00:00,26.6,76,0.0,3.3,283,3.2154212137912763,-0.7423384793347545
2017-10-12 21:00:00,26.1,80,0.0,3.7,259,3.632020578756357,0.7059932828932158
2017-10-12 22:00:00,25.6,77,0.0,3.2,270,3.2,0.0
2017-10-12 23:00:00,25.0,81,0.0,3.0,346,0.725765686799003,-2.9108871788279895
2017-10-13 00:00:00,24.4,83,0.0,4.0,10,-0.6945927106677213,-3.939231012048832
2017-10-13 01:00:00,24.3,84,0.0,3.0,346,0.725765686799003,-2.9108871788279895
2017-10-13 02:00:00,24.2,84,0.0,2.3,342,0.7107390870623791,-2.1874299874788528
2017-10-13 03:00:00,24.1,82,0.0,3.3,6,-0.3449439287832561,-3.281922254715302
2017-10-13 04:00:00,23.7,85,0.0,3.6,6,-0.3763024677635521,-3.5802788233257843
2017-10-13 05:00:00,23.4,86,0.0,5.1,8,-0.7097828148963357,-5.050367150582008
2017-10-13 06:00:00,23.3,86,0.0,4.0,27,-1.8159619989581877,-3.564026096753471
2017-10-13 07:00:00,24.0,82,0.0,5.7,18,-1.7613968679372012,-5.421022142882375
2017-10-13 08:00:00,25.2,74,0.0,7.6,341,2.474317973874391,-7.185941174554807
2017-10-13 09:00:00,27.0,66,0.0,6.3,347,1.4171916423663489,-6.1385314081469815
2017-10-13 10:00:00,27.7,64,0.8,5.6,320,3.5996106142446203,-4.289848881466277
2017-10-13 11:00:00,27.4,64,0.2,4.7,337,1.8364363038995866,-4.32637281122647
2017-10-13 12:00:00,27.0,68,1.3,1.5,225,1.0606601717798214,1.0606601717798212
2017-10-13 13:00:00,26.8,71,0.0,4.1,225,2.899137802864845,2.8991378028648445
2017-10-13 14:00:00,27.1,70,0.4,4.1,255,3.96029588778518,1.061158084920335
2017-10-13 15:00:00,26.6,75,1.0,3.5,336,1.4235782507653008,-3.197409101749103
2017-10-13 16:00:00,26.0,80,0.9,5.8,338,2.1727182418122895,-5.377666356487367
2017-10-13 17:00:00,24.9,89,1.2,4.0,333,1.8159619989581872,-3.564026096753471
2017-10-13 18:00:00,24.2,93,1.7000000000000002,4.7,328,2.490620541896063,-3.9858260519352022
2017-10-13 19:00:00,23.6,96,0.2,5.2,344,1.4333142502483958,-4.998560818879258
2017-10-13 20:00:00,24.2,86,0.1,7.4,223,5.046787864462489,5.412017391981862
2017-10-13 21:00:00,23.9,91,1.9,5.4,200,1.8469087739586119,5.074340152243905
2017-10-13 22:00:00,23.7,91,3.8,4.3,228,3.195522749552795,2.8772616073430903
2017-10-13 23:00:00,23.4,92,4.7,6.3,204,2.5624408513775414,5.755336383148386
2017-10-14 00:00:00,23.3,92,2.4,8.8,199,2.8649997592229797,8.320563465273988
2017-10-14 01:00:00,23.3,93,0.9,3.2,90,-3.2,3.9188697572715305e-16
2017-10-14 02:00:00,23.5,92,0.6,5.6,105,-5.409184627218782,1.4493866525741177
2017-10-14 03:00:00,23.7,94,0.7000000000000001,4.8,48,-3.5670951622914924,-3.2118269105225195
2017-10-14 04:00:00,23.8,93,1.0,3.1,234,2.5079526825623373,1.8221342821066668
2017-10-14 05:00:00,23.7,93,0.2,3.9,34,-2.1808523235359116,-3.233246532964663
2017-10-14 06:00:00,23.5,94,1.5,4.1,52,-3.23084408978756,-2.5242120488351985
2017-10-14 07:00:00,23.9,90,0.5,7.7,28,-3.614931033451359,-6.798696465013738
2017-10-14 08:00:00,24.1,92,0.5,4.8,283,4.676976310969129,-1.079765060850552
2017-10-14 09:00:00,24.4,91,0.2,10.6,204,4.311408416603482,9.683581851011569
2017-10-14 10:00:00,24.9,91,5.7,13.7,203,5.353016460303049,12.610916492298433
2017-10-14 11:00:00,24.7,90,6.1,12.8,220,8.227681403987704,9.80536887192292
2017-10-14 12:00:00,25.0,91,0.9,9.4,230,7.200817765318393,6.042203531053469
2017-10-14 13:00:00,24.7,92,1.3,4.0,260,3.939231012048832,0.6945927106677213
2017-10-14 14:00:00,25.0,92,0.8,4.0,270,4.0,0.0
2017-10-14 15:00:00,25.5,90,0.4,0.8,297,0.7128052193506944,-0.3631923997916374
2017-10-14 16:00:00,25.7,90,0.5,2.5,360,1.5308084989341916e-16,-2.5
2017-10-14 17:00:00,25.0,96,0.8,1.9,338,0.7117525274902327,-1.761649323676896
2017-10-14 18:00:00,24.3,98,1.4,2.4,333,1.0895771993749124,-2.138415658052083
2017-10-14 19:00:00,24.2,97,0.5,2.1,329,1.0815799573111138,-1.800051331474436
2017-10-14 20:00:00,23.7,94,0.4,2.9,97,-2.8783838397598336,0.35342109587492787
2017-10-14 21:00:00,24.6,90,1.7000000000000002,7.3,191,1.3929056662487778,7.165878439167947
2017-10-14 22:00:00,24.6,90,0.2,3.2,180,1.9594348786357652e-16,3.2
2017-10-14 23:00:00,24.6,89,0.1,4.9,144,-2.880147736233118,3.9641832724372428
2017-10-15 00:00:00,24.4,88,0.1,4.0,153,-1.8159619989581868,3.5640260967534716
2017-10-15 01:00:00,24.4,84,0.1,4.9,126,-3.9641832724372423,2.880147736233119
2017-10-15 02:00:00,24.5,86,0.4,2.3,141,-1.4474368994146256,1.7874357113510333
2017-10-15 03:00:00,25.2,77,1.0,0.8,117,-0.7128052193506943,0.36319239979163753
2017-10-15 04:00:00,24.3,88,0.6,3.0,104,-2.9108871788279895,0.7257656867990032
2017-10-15 05:00:00,23.8,89,0.3,4.1,105,-3.9602958877851795,1.0611580849203361
2017-10-15 06:00:00,23.9,88,0.1,3.7,169,-0.7059932828932158,3.632020578756357
2017-10-15 07:00:00,25.2,81,0.1,1.5,135,-1.0606601717798212,1.0606601717798214
2017-10-15 08:00:00,23.9,92,0.2,1.5,225,1.0606601717798214,1.0606601717798212
2017-10-15 09:00:00,24.3,90,2.3,4.0,63,-3.5640260967534716,-1.8159619989581868
2017-10-15 10:00:00,25.1,83,2.2,2.9,353,0.3534210958749277,-2.8783838397598336
2017-10-15 11:00:00,25.4,83,1.9,2.9,353,0.3534210958749277,-2.8783838397598336
2017-10-15 12:00:00,25.1,87,1.6,1.4,360,8.572527594031472e-17,-1.4
2017-10-15 13:00:00,24.5,91,1.8,6.0,33,-3.267834210090162,-5.032023407672544
2017-10-15 14:00:00,24.2,92,1.3,6.0,33,-3.267834210090162,-5.032023407672544
2017-10-15 15:00:00,24.4,91,0.7000000000000001,7.0,21,-2.508575646817105,-6.535062985480412
2017-10-15 16:00:00,24.5,91,0.2,5.9,43,-4.023790324368742,-4.314986839553106
2017-10-15 17:00:00,24.5,92,0.2,5.0,360,3.061616997868383e-16,-5.0
2017-10-15 18:00:00,23.6,95,0.5,4.2,20,-1.436484601967808,-3.9467090073008158
2017-10-15 19:00:00,23.5,95,0.4,3.3,13,-0.7423384793347553,-3.215421213791276
2017-10-15 20:00:00,24.1,90,0.2,5.5,23,-2.149021206691006,-5.062776693988422
2017-10-15 21:00:00,24.1,92,0.0,5.4,53,-4.312631754255381,-3.2498011250210617
2017-10-15 22:00:00,24.1,92,0.0,4.6,45,-3.2526911934581193,-3.252691193458118
2017-10-15 23:00:00,24.0,91,0.0,5.2,34,-2.907803098047882,-4.3109953772862175
2017-10-16 00:00:00,23.7,91,0.0,4.3,42,-2.87726160734309,-3.195522749552796
2017-10-16 01:00:00,23.6,90,0.0,4.9,54,-3.964183272437243,-2.880147736233118
2017-10-16 02:00:00,23.0,91,0.0,5.0,60,-4.330127018922193,-2.5000000000000004
2017-10-16 03:00:00,23.0,90,0.0,4.7,58,-3.9858260519352027,-2.4906205418960625
2017-10-16 04:00:00,22.8,92,0.0,5.5,32,-2.9145559532826275,-4.664264528860342
2017-10-16 05:00:00,22.7,94,0.0,4.0,27,-1.8159619989581877,-3.564026096753471
2017-10-16 06:00:00,22.2,96,0.0,4.6,45,-3.2526911934581193,-3.252691193458118
2017-10-16 07:00:00,23.8,92,0.0,5.4,20,-1.8469087739586103,-5.074340152243906
2017-10-16 08:00:00,25.0,86,0.0,3.2,333,1.45276959916655,-2.851220877402777
2017-10-16 09:00:00,25.9,84,0.0,5.4,340,1.8469087739586119,-5.074340152243905
2017-10-16 10:00:00,27.0,79,0.0,5.4,340,1.8469087739586119,-5.074340152243905
2017-10-16 11:00:00,28.0,73,0.0,5.9,349,1.125773072721615,-5.791600382341218
2017-10-16 12:00:00,28.4,74,0.0,9.0,355,0.7844016847289232,-8.96575228282571
2017-10-16 13:00:00,27.8,77,0.1,10.1,354,1.0557374790032998,-10.04467114321956
2017-10-16 14:00:00,27.2,80,0.2,11.2,358,0.3908743630680121,-11.193177262613872
2017-10-16 15:00:00,26.9,82,0.0,9.4,2,-0.3280552690035072,-9.394273773979501
2017-10-16 16:00:00,26.6,83,0.0,5.9,349,1.125773072721615,-5.791600382341218
2017-10-16 17:00:00,26.2,86,0.0,2.9,330,1.4500000000000002,-2.5114736709748717
2017-10-16 18:00:00,25.8,86,0.0,2.3,252,2.1874299874788528,0.710739087062379
2017-10-16 19:00:00,25.0,91,0.0,3.2,180,1.9594348786357652e-16,3.2
2017-10-16 20:00:00,25.5,86,0.0,2.6,196,0.7166571251241979,2.499280409439629
2017-10-16 21:00:00,25.0,89,0.0,1.9,158,-0.7117525274902329,1.761649323676896
2017-10-16 22:00:00,24.5,91,0.0,1.4,90,-1.4,1.7145055188062944e-16
2017-10-16 23:00:00,24.1,92,0.0,3.0,104,-2.9108871788279895,0.7257656867990032
2017-10-17 00:00:00,25.4,85,0.0,0.5,135,-0.35355339059327373,0.3535533905932738
2017-10-17 01:00:00,25.0,87,0.0,1.3,146,-0.7269507745119708,1.0777488443215544
2017-10-17 02:00:00,23.5,94,0.0,3.7,61,-3.236092916415765,-1.7937955949114468
2017-10-17 03:00:00,23.4,95,0.0,4.4,55,-3.604268994871564,-2.5237363199446032
2017-10-17 04:00:00,23.5,94,0.0,4.2,59,-3.600102662948872,-2.1631599146222276
2017-10-17 05:00:00,23.3,93,0.0,4.6,51,-3.5748714227020653,-2.894873798829253
2017-10-17 06:00:00,22.9,96,0.0,5.6,15,-1.4493866525741155,-5.4091846272187825
2017-10-17 07:00:00,24.2,92,0.0,5.2,16,-1.4333142502483942,-4.998560818879259
2017-10-17 08:00:00,25.4,85,0.0,4.7,360,2.8779199779962803e-16,-4.7
2017-10-17 09:00:00,26.8,79,0.0,7.0,339,2.5085756468171025,-6.535062985480412
2017-10-17 10:00:00,27.7,75,0.0,8.0,350,1.3891854213354433,-7.878462024097664
2017-10-17 11:00:00,28.2,73,0.0,8.3,358,0.289665822630759,-8.294943864258496
2017-10-17 12:00:00,28.8,71,0.0,6.2,353,0.7555899291119145,-6.153786140176196
2017-10-17 13:00:00,29.0,71,0.0,8.0,352,1.1133848076805237,-7.922144549932563
2017-10-17 14:00:00,28.3,72,0.0,13.3,358,0.4641633061432644,-13.291897999353974
2017-10-17 15:00:00,27.9,71,0.0,14.8,357,0.7745721523955708,-14.779717114367694
2017-10-17 16:00:00,26.5,80,0.0,14.4,357,0.7536377698983932,-14.380265300465863
2017-10-17 17:00:00,25.7,81,0.0,10.1,354,1.0557374790032998,-10.04467114321956
2017-10-17 18:00:00,24.9,82,0.0,7.7,349,1.4692292643993958,-7.558529312547013
2017-10-17 19:00:00,23.8,87,0.0,3.6,354,0.3763024677635525,-3.580278823325784
2017-10-17 20:00:00,24.3,83,0.0,1.9,22,-0.7117525274902333,-1.7616493236768958
2017-10-17 21:00:00,24.3,84,0.0,1.6,243,1.4256104387013888,0.7263847995832748
2017-10-17 22:00:00,23.1,92,0.0,2.8,310,2.1449244407331385,-1.7998053071223097
2017-10-17 23:00:00,22.8,93,0.0,2.3,39,-1.447436899414627,-1.7874357113510322
2017-10-18 00:00:00,22.8,94,0.0,3.3,49,-2.490541614735148,-2.1649947956686733
2017-10-18 01:00:00,23.0,92,0.0,3.6,37,-2.166534083347374,-2.875087836170254
2017-10-18 02:00:00,23.0,92,0.0,5.4,37,-3.2498011250210608,-4.312631754255381
2017-10-18 03:00:00,23.2,91,0.0,6.6,29,-3.199743493625823,-5.772490067120013
2017-10-18 04:00:00,23.3,92,0.0,6.7,16,-1.8467702839738926,-6.440453362786737
2017-10-18 05:00:00,22.8,94,0.0,6.2,10,-1.0766187015349682,-6.10580806867569
2017-10-18 06:00:00,22.6,95,0.0,5.4,8,-0.7515347451843555,-5.34744757120448
2017-10-18 07:00:00,23.5,89,0.0,6.9,6,-0.7212463965468082,-6.862201078041087
2017-10-18 08:00:00,24.6,83,0.0,7.6,355,0.6623836448822018,-7.571079705497266
2017-10-18 09:00:00,25.6,80,0.0,7.6,352,1.0577155672964975,-7.5260373224359345
2017-10-18 10:00:00,26.6,77,0.0,6.6,338,2.4724035165450187,-6.1194134401407965
2017-10-18 11:00:00,27.2,74,0.0,4.1,345,1.061158084920335,-3.96029588778518
2017-10-18 12:00:00,27.6,73,0.0,1.5,315,1.0606601717798214,-1.0606601717798212
2017-10-18 13:00:00,27.8,73,0.0,4.7,293,4.32637281122647,-1.8364363038995868
2017-10-18 14:00:00,27.9,71,0.0,7.8,338,2.9219314286441134,-7.232034065620942
2017-10-18 15:00:00,27.7,69,0.0,11.9,358,0.41530401075976286,-11.89275084152724
2017-10-18 16:00:00,26.6,75,0.0,13.4,6,-1.400681407786555,-13.326593397934865
2017-10-18 17:00:00,25.5,77,0.0,12.0,9,-1.8772135804827723,-11.852260087141651
2017-10-18 18:00:00,24.5,79,0.0,10.1,2,-0.35248491669525767,-10.093847352892867
2017-10-18 19:00:00,23.5,83,0.0,6.8,357,0.35588450245201897,-6.790680836331102
2017-10-18 20:00:00,22.9,87,0.0,4.4,9,-0.6883116461770166,-4.345828698618606
2017-10-18 21:00:00,22.7,88,0.0,4.4,9,-0.6883116461770166,-4.345828698618606
2017-10-18 22:00:00,22.3,90,0.0,3.2,27,-1.4527695991665501,-2.851220877402777
2017-10-18 23:00:00,22.2,93,0.0,2.0,45,-1.4142135623730954,-1.414213562373095
2017-10-19 00:00:00,22.5,91,0.0,2.5,360,1.5308084989341916e-16,-2.5
2017-10-19 01:00:00,22.3,92,0.0,2.5,352,0.34793275240016364,-2.475670171853926
2017-10-19 02:00:00,21.9,93,0.0,4.0,5,-0.348622970990633,-3.984778792366982
2017-10-19 03:00:00,21.6,94,0.0,4.6,18,-1.4214781741247586,-4.3748599749577055
2017-10-19 04:00:00,21.5,94,0.0,4.6,18,-1.4214781741247586,-4.3748599749577055
2017-10-19 05:00:00,21.5,94,0.0,4.7,23,-1.836436303899587,-4.326372811226469
2017-10-19 06:00:00,21.4,93,0.0,6.8,360,4.1637991171010006e-16,-6.8
2017-10-19 07:00:00,22.1,89,0.0,6.6,22,-2.472403516545021,-6.119413440140796
2017-10-19 08:00:00,23.1,85,0.0,7.5,343,2.192787785420526,-7.172285669722766
2017-10-19 09:00:00,24.0,81,0.0,7.6,352,1.0577155672964975,-7.5260373224359345
2017-10-19 10:00:00,25.1,77,0.0,8.8,351,1.3766232923540322,-8.691657397237213
2017-10-19 11:00:00,25.8,74,0.0,8.9,346,2.1531048708370424,-8.635631963856369
2017-10-19 12:00:00,25.7,74,0.0,7.3,9,-1.1419715947936866,-7.210124886344505
2017-10-19 13:00:00,26.5,71,0.0,8.5,28,-3.9905082836800716,-7.505054539300879
2017-10-19 14:00:00,26.7,69,0.0,11.5,14,-2.7821017993961794,-11.15840085217396
2017-10-19 15:00:00,26.5,69,0.0,11.7,11,-2.232465245905572,-11.485038046337667
2017-10-19 16:00:00,26.2,71,0.0,14.1,356,0.9835662797921657,-14.06565310866352
2017-10-19 17:00:00,24.3,77,0.0,13.3,2,-0.4641633061432601,-13.291897999353974
2017-10-19 18:00:00,23.2,79,0.0,10.1,6,-1.055737479003299,-10.044671143219562
2017-10-19 19:00:00,22.5,81,0.0,6.5,360,3.9801020972288977e-16,-6.5
2017-10-19 20:00:00,22.1,88,0.0,5.4,352,0.7515347451843536,-5.34744757120448
2017-10-19 21:00:00,21.9,88,0.0,4.0,10,-0.6945927106677213,-3.939231012048832
2017-10-19 22:00:00,22.0,85,0.0,3.4,18,-1.0506577808748216,-3.233592155403522
2017-10-19 23:00:00,21.3,90,0.0,4.3,42,-2.87726160734309,-3.195522749552796
2017-10-20 00:00:00,21.3,90,0.0,4.3,42,-2.87726160734309,-3.195522749552796
2017-10-20 01:00:00,21.4,87,0.0,5.7,18,-1.7613968679372012,-5.421022142882375
2017-10-20 02:00:00,21.0,88,0.0,5.2,16,-1.4333142502483942,-4.998560818879259
2017-10-20 03:00:00,20.8,89,0.0,5.4,20,-1.8469087739586103,-5.074340152243906
2017-10-20 04:00:00,20.6,91,0.0,4.5,14,-1.088648530198505,-4.366330768241984
2017-10-20 05:00:00,20.4,91,0.0,5.2,12,-1.0811407922523508,-5.086367523815789
2017-10-20 06:00:00,20.4,90,0.0,5.4,20,-1.8469087739586103,-5.074340152243906
2017-10-20 07:00:00,21.4,85,0.0,7.9,360,4.837354856632045e-16,-7.9
2017-10-20 08:00:00,22.8,82,0.0,4.8,347,1.0797650608505516,-4.676976310969129
2017-10-20 09:00:00,24.2,78,0.0,5.2,348,1.0811407922523493,-5.086367523815789
2017-10-20 10:00:00,25.2,76,0.0,5.0,339,1.791839747726502,-4.667902132486009
2017-10-20 11:00:00,26.3,71,0.0,4.2,340,1.436484601967809,-3.9467090073008153
2017-10-20 12:00:00,27.2,68,0.0,1.5,14,-0.36288284339950166,-1.4554435894139948
2017-10-20 13:00:00,28.3,63,0.0,5.5,349,1.049449474570997,-5.3989495089621515
2017-10-20 14:00:00,27.4,64,0.0,17.5,352,2.4355292668011455,-17.329691202977482
2017-10-20 15:00:00,26.2,67,0.0,20.9,2,-0.7293994810822658,-20.8872682846991
2017-10-20 16:00:00,24.8,70,0.0,19.8,2,-0.691010034709515,-19.787938374978097
2017-10-20 17:00:00,22.9,75,0.0,17.7,2,-0.6177210916342635,-17.689217638237995
2017-10-20 18:00:00,21.7,78,0.0,13.3,357,0.6960682180311548,-13.281772812235833
2017-10-20 19:00:00,21.0,79,0.0,9.1,353,1.1090110249868421,-9.032169979936029
2017-10-20 20:00:00,20.9,81,0.0,5.8,356,0.40458754771592637,-5.78587149150698
2017-10-20 21:00:00,21.0,82,0.0,4.3,5,-0.37476969381493047,-4.283637201794505
2017-10-20 22:00:00,20.9,83,0.0,5.0,360,3.061616997868383e-16,-5.0
2017-10-20 23:00:00,20.6,83,0.0,8.0,352,1.1133848076805237,-7.922144549932563
2017-10-21 00:00:00,20.6,81,0.0,10.4,2,-0.36295476570600793,-10.393664600998596
2017-10-21 01:00:00,20.5,82,0.0,13.0,5,-1.1330246557195571,-12.950531075192693
2017-10-21 02:00:00,20.3,82,0.0,12.7,7,-1.547740661245369,-12.60533612584479
2017-10-21 03:00:00,20.1,81,0.0,12.6,358,0.4397336584515136,-12.592324420440606
2017-10-21 04:00:00,19.6,80,0.0,11.9,357,0.6227978792910333,-11.88369146357943
2017-10-21 05:00:00,19.3,79,0.0,11.9,3,-0.6227978792910372,-11.88369146357943
2017-10-21 06:00:00,19.3,80,0.0,11.3,9,-1.7677094549546108,-11.160878248725057
2017-10-21 07:00:00,19.8,80,0.0,13.6,12,-2.8275989951215332,-13.302807369979755
2017-10-21 08:00:00,20.9,77,0.0,14.6,10,-2.535263393937183,-14.378193193978237
2017-10-21 09:00:00,22.3,72,0.0,21.0,16,-5.788384472156976,-20.1864956147047
2017-10-21 10:00:00,23.4,67,0.0,24.0,17,-7.0169209133456905,-22.951314143112846
2017-10-21 11:00:00,24.1,64,0.0,23.9,11,-4.560334989499416,-23.460889684399167
2017-10-21 12:00:00,24.1,64,0.0,26.7,5,-2.3270583313624753,-26.598398439049607
2017-10-21 13:00:00,23.6,64,0.0,27.2,11,-5.190004674242013,-26.70025938977646
2017-10-21 14:00:00,23.6,62,0.0,24.8,17,-7.25081827712388,-23.716357947883278
2017-10-21 15:00:00,23.1,64,0.0,22.5,13,-5.061398722736969,-21.92332645766779
2017-10-21 16:00:00,22.5,66,0.0,19.5,2,-0.6805401856987648,-19.488121126872368
2017-10-21 17:00:00,21.3,70,0.0,16.2,360,9.919639073093561e-16,-16.2
2017-10-21 18:00:00,20.1,74,0.0,13.0,5,-1.1330246557195571,-12.950531075192693
2017-10-21 19:00:00,19.2,78,0.0,8.3,5,-0.7233926648055635,-8.268415994161488
2017-10-21 20:00:00,19.3,78,0.0,4.1,15,-1.0611580849203346,-3.96029588778518
2017-10-21 21:00:00,18.0,84,0.0,5.4,352,0.7515347451843536,-5.34744757120448
2017-10-21 22:00:00,18.5,76,0.0,4.2,301,3.600102662948872,-2.1631599146222276
2017-10-21 23:00:00,18.3,74,0.0,1.0,225,0.7071067811865476,0.7071067811865475
2017-10-22 00:00:00,18.3,72,0.0,3.1,315,2.1920310216782974,-2.192031021678297
2017-10-22 01:00:00,17.6,73,0.0,4.4,351,0.6883116461770161,-4.3458286986186065
2017-10-22 02:00:00,17.5,77,0.0,4.0,355,0.34862297099063255,-3.984778792366982
2017-10-22 03:00:00,17.8,70,0.0,4.6,342,1.4214781741247582,-4.3748599749577055
2017-10-22 04:00:00,17.5,74,0.0,4.8,13,-1.0797650608505531,-4.6769763109691285
2017-10-22 05:00:00,16.3,82,0.0,5.3,28,-2.488199282765221,-4.679622242152313
2017-10-22 06:00:00,17.2,81,0.0,5.2,25,-2.197614961051636,-4.71280049259058
2017-10-22 07:00:00,18.3,78,0.0,8.8,9,-1.3766232923540331,-8.691657397237211
2017-10-22 08:00:00,19.4,72,0.0,7.9,344,2.1775351109542935,-7.59396739791272
2017-10-22 09:00:00,20.7,69,0.0,7.3,340,2.4967470462773824,-6.8597561317371305
2017-10-22 10:00:00,22.0,66,0.0,7.4,346,1.7902220274375409,-7.180188374442374
2017-10-22 11:00:00,23.3,62,0.0,8.6,2,-0.3001356716415065,-8.594761112364223
2017-10-22 12:00:00,24.2,56,0.0,11.3,9,-1.7677094549546108,-11.160878248725057
2017-10-22 13:00:00,24.5,54,0.0,14.8,6,-1.5470212563612697,-14.718924051450447
2017-10-22 14:00:00,24.3,55,0.0,16.2,4,-1.1300548746548345,-16.16053761420915
2017-10-22 15:00:00,23.0,59,0.0,19.4,1,-0.33857668488329984,-19.39704528603399
2017-10-22 16:00:00,21.9,62,0.0,16.3,5,-1.4206386067868295,-16.237973578895453
2017-10-22 17:00:00,20.2,68,0.0,10.4,2,-0.36295476570600793,-10.393664600998596
2017-10-22 18:00:00,18.5,71,0.0,7.0,12,-1.4553818357243185,-6.847033205136639
2017-10-22 19:00:00,16.8,80,0.0,6.8,18,-2.1013155617496433,-6.467184310807044
2017-10-22 20:00:00,18.0,68,0.0,3.6,307,2.875087836170254,-2.166534083347374
2017-10-22 21:00:00,17.4,69,0.0,0.8,207,0.3631923997916375,0.7128052193506943
2017-10-22 22:00:00,17.1,71,0.0,3.1,201,1.1109406435904312,2.8940993221413254
2017-10-22 23:00:00,16.8,72,0.0,1.1,90,-1.1,1.3471114790620887e-16
2017-10-23 00:00:00,16.7,74,0.0,2.9,83,-2.878383839759834,-0.3534210958749272
2017-10-23 01:00:00,15.0,87,0.0,6.4,74,-6.1520748540052415,-1.7640790772287938
2017-10-23 02:00:00,15.2,88,0.0,7.4,51,-5.750880114781584,-4.656970893768799
2017-10-23 03:00:00,15.7,85,0.0,6.2,69,-5.788198644282651,-2.221881287180863
2017-10-23 04:00:00,15.6,85,0.0,7.2,63,-6.415246974156249,-3.2687315981247362
2017-10-23 05:00:00,16.0,82,0.0,6.4,47,-4.6806636903626915,-4.364789504399989
2017-10-23 06:00:00,16.5,80,0.0,5.4,42,-3.613305274337834,-4.01298205757793
2017-10-23 07:00:00,18.7,72,0.0,7.4,43,-5.04678786446249,-5.412017391981862
2017-10-23 08:00:00,20.5,67,0.0,3.6,6,-0.3763024677635521,-3.5802788233257843
2017-10-23 09:00:00,22.0,63,0.0,5.8,4,-0.40458754771592836,-5.78587149150698
2017-10-23 10:00:00,23.4,59,0.0,6.1,360,3.735172737399427e-16,-6.1
2017-10-23 11:00:00,24.1,58,0.0,6.1,357,0.3192493330819582,-6.0916401620029
2017-10-23 12:00:00,24.7,57,0.0,5.3,28,-2.488199282765221,-4.679622242152313
2017-10-23 13:00:00,25.3,55,0.0,2.6,106,-2.499280409439629,0.716657125124198
2017-10-23 14:00:00,25.1,54,0.0,1.3,304,1.0777488443215542,-0.726950774511971
2017-10-23 15:00:00,24.7,55,0.0,5.8,338,2.1727182418122895,-5.377666356487367
2017-10-23 16:00:00,24.1,56,0.0,8.6,2,-0.3001356716415065,-8.594761112364223
2017-10-23 17:00:00,22.9,57,0.0,9.7,15,-2.51054473749445,-9.369480515003962
2017-10-23 18:00:00,21.5,62,0.0,4.9,36,-2.880147736233119,-3.9641832724372423
2017-10-23 19:00:00,20.0,67,0.0,4.9,343,1.4326213531414103,-4.685893304218874
2017-10-23 20:00:00,19.6,71,0.0,6.8,342,2.1013155617496424,-6.467184310807044
2017-10-23 21:00:00,20.3,64,0.0,0.5,135,-0.35355339059327373,0.3535533905932738
2017-10-23 22:00:00,20.3,65,0.0,1.0,135,-0.7071067811865475,0.7071067811865476
2017-10-23 23:00:00,19.8,72,0.0,3.8,163,-1.1110124779463992,3.633958072659535
2017-10-24 00:00:00,20.5,67,0.0,3.8,221,2.4930243101639276,2.8678964048465336
2017-10-24 01:00:00,19.9,69,0.0,2.6,286,2.499280409439629,-0.7166571251241979
2017-10-24 02:00:00,19.0,76,0.0,2.1,59,-1.800051331474436,-1.0815799573111138
2017-10-24 03:00:00,18.1,83,0.0,4.9,73,-4.685893304218874,-1.4326213531414103
2017-10-24 04:00:00,18.2,83,0.0,6.1,62,-5.385980316439453,-2.863776532993934
2017-10-24 05:00:00,18.1,83,0.0,6.9,47,-5.0463405411722775,-4.705788684431239
2017-10-24 06:00:00,18.0,83,0.0,6.4,52,-5.043268823083022,-3.9402334420842124
2017-10-24 07:00:00,20.1,74,0.0,6.9,39,-4.342310698243882,-5.362307134053097
2017-10-24 08:00:00,21.6,69,0.0,8.3,18,-2.564841053312065,-7.893769085249775
2017-10-24 09:00:00,23.2,60,0.0,9.6,13,-2.1595301217011063,-9.353952621938257
2017-10-24 10:00:00,24.3,50,0.0,9.9,19,-3.2231247291258507,-9.360633898433237
2017-10-24 11:00:00,24.9,51,0.0,10.3,25,-4.352968095929202,-9.334970206477497
2017-10-24 12:00:00,25.4,51,0.0,10.0,21,-3.583679495453007,-9.335804264972015
2017-10-24 13:00:00,25.9,50,0.0,9.7,15,-2.51054473749445,-9.369480515003962
2017-10-24 14:00:00,26.3,49,0.0,10.5,16,-2.894192236078488,-10.09324780735235
2017-10-24 15:00:00,25.5,53,0.0,12.6,5,-1.0981623586204938,-12.552053195955994
2017-10-24 16:00:00,24.7,56,0.0,12.2,358,0.42577385977051313,-12.192568089632967
2017-10-24 17:00:00,23.0,63,0.0,9.8,354,1.024378940023004,-9.746314574609078
2017-10-24 18:00:00,21.1,67,0.0,6.8,357,0.35588450245201897,-6.790680836331102
2017-10-24 19:00:00,19.2,78,0.0,6.7,344,1.8467702839738944,-6.440453362786736
2017-10-24 20:00:00,20.6,68,0.0,4.3,355,0.37476969381492997,-4.283637201794505
2017-10-24 21:00:00,20.6,69,0.0,1.6,207,0.726384799583275,1.4256104387013886
2017-10-24 22:00:00,20.4,70,0.0,3.6,233,2.875087836170254,2.166534083347374
2017-10-24 23:00:00,20.0,72,0.0,0.7000000000000001,360,4.2862637970157366e-17,-0.7000000000000001
2017-10-25 00:00:00,19.9,72,0.0,2.4,63,-2.138415658052083,-1.089577199374912
2017-10-25 01:00:00,20.2,71,0.0,2.3,51,-1.7874357113510326,-1.4474368994146265
2017-10-25 02:00:00,19.0,80,0.0,5.9,38,-3.632402704421383,-4.649263446279661
2017-10-25 03:00:00,19.5,78,0.0,5.6,45,-3.9597979746446668,-3.9597979746446654
2017-10-25 04:00:00,19.7,76,0.0,4.9,36,-2.880147736233119,-3.9641832724372423
2017-10-25 05:00:00,19.5,77,0.0,5.1,39,-3.2095339943541727,-3.96344440343055
2017-10-25 06:00:00,19.3,78,0.0,5.1,39,-3.2095339943541727,-3.96344440343055
2017-10-25 07:00:00,20.4,74,0.0,7.2,27,-3.268731598124738,-6.415246974156248
2017-10-25 08:00:00,22.4,67,0.0,6.0,17,-1.7542302283364226,-5.7378285357782115
2017-10-25 09:00:00,24.0,62,0.0,6.8,3,-0.3558845024520213,-6.790680836331102
2017-10-25 10:00:00,25.2,60,0.0,6.8,3,-0.3558845024520213,-6.790680836331102
2017-10-25 11:00:00,26.1,56,0.0,5.1,352,0.7097828148963339,-5.050367150582009
2017-10-25 12:00:00,26.7,54,0.0,3.3,347,0.7423384793347542,-3.2154212137912763
2017-10-25 13:00:00,27.5,51,0.0,2.3,321,1.447436899414626,-1.7874357113510329
2017-10-25 14:00:00,27.8,49,0.0,6.6,338,2.4724035165450187,-6.1194134401407965
2017-10-25 15:00:00,27.1,51,0.0,12.5,342,3.862712429686843,-11.888206453689419
2017-10-25 16:00:00,25.8,54,0.0,12.5,342,3.862712429686843,-11.888206453689419
2017-10-25 17:00:00,23.8,60,0.0,6.2,339,2.2218812871808624,-5.788198644282651
2017-10-25 18:00:00,21.1,69,0.0,6.6,13,-1.4846769586695105,-6.430842427582552
2017-10-25 19:00:00,21.9,63,0.0,5.5,11,-1.0494494745709955,-5.3989495089621515
2017-10-25 20:00:00,21.8,60,0.0,3.3,319,2.1649947956686737,-2.4905416147351476
2017-10-25 21:00:00,21.3,62,0.0,1.1,162,-0.3399186938124421,1.046162167924669
2017-10-25 22:00:00,21.0,64,0.0,3.3,186,0.3449439287832564,3.2819222547153015
2017-10-25 23:00:00,20.3,68,0.0,4.3,204,1.7489675652259409,3.9282454678631837
2017-10-26 00:00:00,18.8,79,0.0,5.2,164,-1.433314250248395,4.998560818879258
2017-10-26 01:00:00,18.2,88,0.0,6.8,155,-2.8738041798367555,6.16289295184922
2017-10-26 02:00:00,20.1,81,0.0,5.5,148,-2.914555953282626,4.664264528860343
2017-10-26 03:00:00,20.6,80,0.0,5.2,146,-2.907803098047883,4.3109953772862175
2017-10-26 04:00:00,20.0,83,0.0,1.1,72,-1.046162167924669,-0.33991869381244205
2017-10-26 05:00:00,17.3,92,0.0,6.4,47,-4.6806636903626915,-4.364789504399989
2017-10-26 06:00:00,17.4,92,0.0,6.2,54,-5.015905365124675,-3.644268564213333
2017-10-26 07:00:00,19.7,81,0.0,5.5,32,-2.9145559532826275,-4.664264528860342
2017-10-26 08:00:00,21.1,75,0.0,0.7000000000000001,360,4.2862637970157366e-17,-0.7000000000000001
2017-10-26 09:00:00,22.8,66,0.0,1.3,304,1.0777488443215542,-0.726950774511971
2017-10-26 10:00:00,23.7,61,0.0,4.3,312,3.195522749552795,-2.8772616073430903
2017-10-26 11:00:00,24.3,60,0.0,3.6,323,2.1665340833473743,-2.875087836170254
2017-10-26 12:00:00,25.4,57,0.0,2.3,342,0.7107390870623791,-2.1874299874788528
2017-10-26 13:00:00,26.0,53,0.0,1.4,360,8.572527594031472e-17,-1.4
2017-10-26 14:00:00,26.3,52,0.0,2.2,9,-0.3441558230885083,-2.172914349309303
2017-10-26 15:00:00,26.2,53,0.0,7.2,354,0.752604935527105,-7.160557646651568
2017-10-26 16:00:00,25.2,54,0.0,13.2,349,2.518678738970393,-12.957478821509163
2017-10-26 17:00:00,23.3,58,0.0,13.4,354,1.4006814077865564,-13.326593397934863
2017-10-26 18:00:00,21.7,60,0.0,9.7,15,-2.51054473749445,-9.369480515003962
2017-10-26 19:00:00,20.0,67,0.0,5.2,16,-1.4333142502483942,-4.998560818879259
2017-10-26 20:00:00,20.7,63,0.0,3.7,11,-0.7059932828932151,-3.632020578756357
2017-10-26 21:00:00,20.2,64,0.0,1.6,207,0.726384799583275,1.4256104387013886
2017-10-26 22:00:00,19.7,67,0.0,1.1,198,0.3399186938124422,1.0461621679246689
2017-10-26 23:00:00,19.4,69,0.0,2.9,173,-0.35342109587492737,2.878383839759834
2017-10-27 00:00:00,19.1,71,0.0,2.3,219,1.447436899414626,1.7874357113510329
2017-10-27 01:00:00,18.9,73,0.0,1.3,146,-0.7269507745119708,1.0777488443215544
2017-10-27 02:00:00,18.6,75,0.0,0.8,63,-0.7128052193506944,-0.36319239979163737
2017-10-27 03:00:00,17.8,81,0.0,3.9,34,-2.1808523235359116,-3.233246532964663
2017-10-27 04:00:00,17.6,83,0.0,4.3,42,-2.87726160734309,-3.195522749552796
2017-10-27 05:00:00,17.6,86,0.0,4.5,29,-2.1816432911085157,-3.935788682127282
2017-10-27 06:00:00,17.2,87,0.0,4.7,23,-1.836436303899587,-4.326372811226469
2017-10-27 07:00:00,18.8,78,0.0,5.1,8,-0.7097828148963357,-5.050367150582008
2017-10-27 08:00:00,20.5,75,0.0,2.8,310,2.1449244407331385,-1.7998053071223097
2017-10-27 09:00:00,22.1,66,0.0,3.1,324,1.8221342821066668,-2.5079526825623373
2017-10-27 10:00:00,23.5,60,0.0,4.4,325,2.5237363199446032,-3.604268994871564
2017-10-27 11:00:00,24.3,58,0.0,5.5,11,-1.0494494745709955,-5.3989495089621515
2017-10-27 12:00:00,25.4,52,0.0,9.2,39,-5.789747597658508,-7.149742845404129
2017-10-27 13:00:00,26.5,46,0.0,14.1,15,-3.6493485359455407,-13.619554150675864
2017-10-27 14:00:00,26.2,46,0.0,20.5,1,-0.3577743319643117,-20.49687775070602
2017-10-27 15:00:00,25.1,51,0.0,23.8,2,-0.8306080215195182,-23.78550168305448
2017-10-27 16:00:00,23.7,55,0.0,20.6,6,-2.1532863433136593,-20.487151044586433
2017-10-27 17:00:00,22.1,58,0.0,14.9,7,-1.815853216736693,-14.7889376594557
2017-10-27 18:00:00,20.7,61,0.0,12.0,7,-1.462432120861766,-11.910553819695865
2017-10-27 19:00:00,19.5,65,0.0,7.1,15,-1.8376152202278964,-6.858073366652385
2017-10-27 20:00:00,19.8,66,0.0,3.2,63,-2.8512208774027776,-1.4527695991665495
2017-10-27 21:00:00,18.7,72,0.0,3.2,153,-1.4527695991665495,2.8512208774027776
2017-10-27 22:00:00,17.2,81,0.0,5.4,172,-0.7515347451843529,5.34744757120448
2017-10-27 23:00:00,16.9,84,0.0,5.1,172,-0.7097828148963332,5.050367150582009
2017-10-28 00:00:00,16.6,86,0.0,4.7,157,-1.8364363038995868,4.326372811226469
2017-10-28 01:00:00,17.0,84,0.0,3.8,163,-1.1110124779463992,3.633958072659535
2017-10-28 02:00:00,16.5,87,0.0,3.1,144,-1.8221342821066664,2.5079526825623373
2017-10-28 03:00:00,17.5,82,0.0,3.6,90,-3.6,4.4087284769304716e-16
2017-10-28 04:00:00,17.1,85,0.0,5.4,70,-5.074340152243906,-1.846908773958611
2017-10-28 05:00:00,17.1,85,0.0,6.1,40,-3.9210044190878905,-4.672871103025765
2017-10-28 06:00:00,16.7,86,0.0,5.7,35,-3.2693856872009643,-4.669166652447252
2017-10-28 07:00:00,18.9,76,0.0,7.8,34,-4.361704647071823,-6.466493065929326
2017-10-28 08:00:00,20.7,70,0.0,7.2,6,-0.7526049355271042,-7.160557646651569
2017-10-28 09:00:00,22.2,65,0.0,7.8,13,-1.7546182238821488,-7.600086505324834
2017-10-28 10:00:00,23.7,60,0.0,5.5,11,-1.0494494745709955,-5.3989495089621515
2017-10-28 11:00:00,25.0,55,0.0,5.0,360,3.061616997868383e-16,-5.0
2017-10-28 12:00:00,25.8,52,0.0,6.5,357,0.3401837155791358,-6.49109197590473
2017-10-28 13:00:00,26.0,51,0.0,15.7,349,2.995701227411755,-15.411546780128324
2017-10-28 14:00:00,24.4,61,0.0,19.4,11,-3.701694510304965,-19.04356735888468
2017-10-28 15:00:00,24.7,57,0.0,16.0,23,-6.251698055828381,-14.728077655239044
2017-10-28 16:00:00,24.0,59,0.0,16.5,20,-5.643332364873531,-15.50492824296749
2017-10-28 17:00:00,22.5,66,0.0,13.9,21,-4.98131449867968,-12.976767928311103
2017-10-28 18:00:00,21.0,72,0.0,11.4,18,-3.5227937358744024,-10.84204428576475
2017-10-28 19:00:00,19.8,75,0.0,10.7,14,-2.5885642829164452,-10.382164271153162
2017-10-28 20:00:00,18.3,81,0.0,6.2,10,-1.0766187015349682,-6.10580806867569
2017-10-28 21:00:00,17.2,86,0.0,6.3,13,-1.417191642366351,-6.1385314081469815
2017-10-28 22:00:00,17.4,84,0.0,5.1,356,0.35575801609503865,-5.087576656325103
2017-10-28 23:00:00,17.6,83,0.0,1.8,101,-1.7669289302057951,0.34345619167778096
2017-10-29 00:00:00,17.5,84,0.0,1.4,90,-1.4,1.7145055188062944e-16
2017-10-29 01:00:00,16.4,91,0.0,5.1,51,-3.9634444034305507,-3.2095339943541714
2017-10-29 02:00:00,17.0,87,0.0,5.4,48,-4.012982057577929,-3.6133052743378347
2017-10-29 03:00:00,17.4,85,0.0,5.9,52,-4.64926344627966,-3.6324027044213834
2017-10-29 04:00:00,17.6,85,0.0,5.9,47,-4.314986839553106,-4.023790324368741
2017-10-29 05:00:00,17.5,85,0.0,6.1,45,-4.31335136523794,-4.313351365237939
2017-10-29 06:00:00,17.5,84,0.0,5.1,51,-3.9634444034305507,-3.2095339943541714
2017-10-29 07:00:00,19.6,74,0.0,8.2,29,-3.975438886019962,-7.171881598543046
2017-10-29 08:00:00,21.5,68,0.0,7.0,12,-1.4553818357243185,-6.847033205136639
2017-10-29 09:00:00,22.9,64,0.0,9.7,4,-0.676637795318018,-9.676371287520293
2017-10-29 10:00:00,24.4,59,0.0,10.4,2,-0.36295476570600793,-10.393664600998596
2017-10-29 11:00:00,25.8,54,0.0,11.5,4,-0.8021994480574441,-11.471986577987979
2017-10-29 12:00:00,26.7,50,0.0,12.6,2,-0.4397336584515096,-12.592324420440606
2017-10-29 13:00:00,27.3,46,0.0,13.7,358,0.4781231048242648,-13.691654330161612
2017-10-29 14:00:00,27.1,44,0.0,18.7,1,-0.3263600003772014,-18.697151899424515
2017-10-29 15:00:00,25.5,45,0.0,21.6,1,-0.3769719790453236,-21.596710215378053
2017-10-29 16:00:00,23.7,49,0.0,17.7,4,-1.2346895852710227,-17.65688368959889
2017-10-29 17:00:00,21.7,55,0.0,12.6,3,-0.6594330486610982,-12.58273213790763
2017-10-29 18:00:00,20.0,57,0.0,11.2,6,-1.1707187885977175,-11.13864522812466
2017-10-29 19:00:00,18.9,60,0.0,7.3,11,-1.3929056662487755,-7.165878439167947
2017-10-29 20:00:00,18.2,65,0.0,4.3,360,2.632990618166809e-16,-4.3
2017-10-29 21:00:00,18.2,68,0.0,3.4,342,1.0506577808748212,-3.233592155403522
2017-10-29 22:00:00,18.7,62,0.0,2.6,344,0.7166571251241979,-2.499280409439629
2017-10-29 23:00:00,18.6,64,0.0,2.2,81,-2.1729143493093033,-0.3441558230885076
2017-10-30 00:00:00,18.1,75,0.0,4.7,58,-3.9858260519352027,-2.4906205418960625
2017-10-30 01:00:00,18.5,75,0.0,6.1,40,-3.9210044190878905,-4.672871103025765
2017-10-30 02:00:00,18.5,76,0.0,4.4,35,-2.523736319944604,-3.604268994871563
2017-10-30 03:00:00,19.0,74,0.0,6.4,16,-1.7640790772287929,-6.152074854005242
2017-10-30 04:00:00,18.3,76,0.0,7.1,24,-2.8878301658381806,-6.486172749262467
2017-10-30 05:00:00,18.1,76,0.0,7.1,30,-3.550000000000003,-6.148780366869512
2017-10-30 06:00:00,17.8,77,0.0,7.0,21,-2.508575646817105,-6.535062985480412
2017-10-30 07:00:00,18.7,72,0.0,9.7,15,-2.51054473749445,-9.369480515003962
2017-10-30 08:00:00,21.0,64,0.0,8.3,5,-0.7233926648055635,-8.268415994161488
2017-10-30 09:00:00,22.3,59,0.0,10.1,354,1.0557374790032998,-10.04467114321956
2017-10-30 10:00:00,23.3,54,0.0,9.4,358,0.3280552690035102,-9.394273773979501
2017-10-30 11:00:00,24.5,51,0.0,8.7,7,-1.0602632876247804,-8.635151519279502
2017-10-30 12:00:00,25.4,48,0.0,9.7,4,-0.676637795318018,-9.676371287520293
2017-10-30 13:00:00,25.8,46,0.0,12.8,10,-2.2226966741367082,-12.605539238556263
2017-10-30 14:00:00,25.5,44,0.0,16.6,1,-0.2897099468589061,-16.597471739596095
2017-10-30 15:00:00,24.5,43,0.0,19.4,1,-0.33857668488329984,-19.39704528603399
2017-10-30 16:00:00,22.9,45,0.0,18.0,358,0.6281909406450195,-17.989034886343724
2017-10-30 17:00:00,20.7,49,0.0,13.7,355,1.1940336756429164,-13.647867363856914
2017-10-30 18:00:00,18.7,53,0.0,10.5,354,1.0975488643103612,-10.44247990136687
2017-10-30 19:00:00,17.5,57,0.0,5.9,349,1.125773072721615,-5.791600382341218
2017-10-30 20:00:00,17.6,60,0.0,3.4,18,-1.0506577808748216,-3.233592155403522
2017-10-30 21:00:00,17.8,59,0.0,3.2,333,1.45276959916655,-2.851220877402777
2017-10-30 22:00:00,17.2,64,0.0,3.3,6,-0.3449439287832561,-3.281922254715302
2017-10-30 23:00:00,17.6,62,0.0,2.3,18,-0.7107390870623793,-2.1874299874788528
2017-10-31 00:00:00,16.8,69,0.0,3.3,6,-0.3449439287832561,-3.281922254715302
2017-10-31 01:00:00,17.2,68,0.0,2.3,18,-0.7107390870623793,-2.1874299874788528
2017-10-31 02:00:00,16.1,75,0.0,5.4,37,-3.2498011250210608,-4.312631754255381
2017-10-31 03:00:00,16.1,79,0.0,6.1,40,-3.9210044190878905,-4.672871103025765
2017-10-31 04:00:00,16.5,78,0.0,4.8,48,-3.5670951622914924,-3.2118269105225195
2017-10-31 05:00:00,16.4,80,0.0,5.4,37,-3.2498011250210608,-4.312631754255381
2017-10-31 06:00:00,16.4,80,0.0,5.4,37,-3.2498011250210608,-4.312631754255381
2017-10-31 07:00:00,17.8,74,0.0,8.2,29,-3.975438886019962,-7.171881598543046
2017-10-31 08:00:00,20.4,62,0.0,8.1,21,-2.9027803913169357,-7.562001454627333
2017-10-31 09:00:00,22.5,55,0.0,6.1,3,-0.31924933308196024,-6.0916401620029
2017-10-31 10:00:00,23.8,52,0.0,1.1,342,0.3399186938124422,-1.0461621679246689
2017-10-31 11:00:00,25.0,48,0.0,1.1,180,6.735557395310444e-17,1.1
2017-10-31 12:00:00,25.9,46,0.0,1.0,45,-0.7071067811865477,-0.7071067811865475
2017-10-31 13:00:00,26.5,43,0.0,3.1,54,-2.5079526825623377,-1.8221342821066664
2017-10-31 14:00:00,27.0,42,0.0,8.4,47,-6.143371093601033,-5.7287862245249865
2017-10-31 15:00:00,26.6,41,0.0,10.4,14,-2.515987714236545,-10.091075553270363
2017-10-31 16:00:00,24.6,53,0.0,14.1,341,4.59051097784591,-13.331811915950366
2017-10-31 17:00:00,22.7,62,0.0,3.4,288,3.233592155403522,-1.0506577808748212
2017-10-31 18:00:00,21.0,68,0.0,3.8,229,2.8678964048465336,2.4930243101639276
2017-10-31 19:00:00,19.9,74,0.0,5.0,240,4.330127018922194,2.4999999999999996
2017-10-31 20:00:00,21.2,68,0.0,4.8,312,3.5670951622914924,-3.2118269105225195
2017-10-31 21:00:00,20.9,68,0.0,2.9,300,2.511473670974872,-1.4499999999999997
2017-10-31 22:00:00,20.1,70,0.0,2.8,50,-2.1449244407331385,-1.7998053071223097
2017-10-31 23:00:00,19.5,73,0.0,0.7000000000000001,90,-0.7000000000000001,8.572527594031473e-17
2017-11-01 00:00:00,18.7,78,0.0,2.6,124,-2.1554976886431083,1.453901549023942
2017-11-01 01:00:00,18.8,78,0.0,1.9,112,-1.7616493236768958,0.7117525274902332
2017-11-01 02:00:00,18.2,79,0.0,3.6,96,-3.580278823325784,0.37630246776355347
2017-11-01 03:00:00,18.4,77,0.0,4.3,95,-4.283637201794505,0.3747696938149302
2017-11-01 04:00:00,17.6,79,0.0,6.4,74,-6.1520748540052415,-1.7640790772287938
2017-11-01 05:00:00,17.6,78,0.0,5.9,76,-5.7247447850283795,-1.4273391840380383
2017-11-01 06:00:00,18.7,72,0.0,5.2,78,-5.086367523815789,-1.0811407922523495
2017-11-01 07:00:00,20.4,70,0.0,2.7,67,-2.485363104321589,-1.0549740469210387
2017-11-01 08:00:00,22.6,56,0.0,5.0,30,-2.500000000000002,-4.330127018922192
2017-11-01 09:00:00,24.5,49,0.0,8.7,5,-0.7582549619046267,-8.666893873398186
2017-11-01 10:00:00,25.6,45,0.0,9.1,7,-1.1090110249868392,-9.03216997993603
2017-11-01 11:00:00,26.5,42,0.0,6.5,357,0.3401837155791358,-6.49109197590473
2017-11-01 12:00:00,27.2,40,0.0,4.7,337,1.8364363038995866,-4.32637281122647
2017-11-01 13:00:00,27.7,40,0.0,5.1,321,3.209533994354171,-3.963444403430551
2017-11-01 14:00:00,27.6,41,0.0,6.4,313,4.6806636903626915,-4.36478950439999
2017-11-01 15:00:00,27.0,44,0.0,7.4,321,4.656970893768798,-5.750880114781585
2017-11-01 16:00:00,26.0,49,0.0,8.3,326,4.641301098807199,-6.881011852206847
2017-11-01 17:00:00,23.9,60,0.0,5.9,317,4.023790324368742,-4.314986839553106
2017-11-01 18:00:00,21.8,73,0.0,5.8,338,2.1727182418122895,-5.377666356487367
2017-11-01 19:00:00,22.5,69,0.0,1.8,90,-1.8,2.2043642384652358e-16
2017-11-01 20:00:00,22.2,71,0.0,2.3,162,-0.7107390870623789,2.187429987478853
2017-11-01 21:00:00,22.4,70,0.0,3.2,207,1.45276959916655,2.851220877402777
2017-11-01 22:00:00,22.0,74,0.0,1.9,158,-0.7117525274902329,1.761649323676896
2017-11-01 23:00:00,21.0,74,0.0,3.6,96,-3.580278823325784,0.37630246776355347
2017-11-02 00:00:00,22.2,66,0.0,2.2,90,-2.2,2.6942229581241775e-16
2017-11-02 01:00:00,21.4,69,0.0,4.1,52,-3.23084408978756,-2.5242120488351985
2017-11-02 02:00:00,19.0,80,0.0,6.5,34,-3.6347538725598527,-5.388744221607772
2017-11-02 03:00:00,19.3,77,0.0,5.6,45,-3.9597979746446668,-3.9597979746446654
2017-11-02 04:00:00,19.9,73,0.0,7.3,33,-3.9758649556096968,-6.122295146001595
2017-11-02 05:00:00,20.0,73,0.0,8.9,27,-4.040515447681968,-7.929958065276474
2017-11-02 06:00:00,20.1,73,0.0,10.8,30,-5.400000000000005,-9.353074360871934
2017-11-02 07:00:00,21.4,67,0.0,13.0,28,-6.10313031621658,-11.47831870716605
2017-11-02 08:00:00,23.7,59,0.0,13.6,17,-3.9762551842292244,-13.00574468109728
2017-11-02 09:00:00,25.5,54,0.0,12.7,8,-1.7674983821928358,-12.576404473017941
2017-11-02 10:00:00,27.0,50,0.0,11.5,360,7.041719095097281e-16,-11.5
2017-11-02 11:00:00,28.4,46,0.0,9.4,358,0.3280552690035102,-9.394273773979501
2017-11-02 12:00:00,29.2,45,0.0,10.9,354,1.1393602496174227,-10.84028865951418
2017-11-02 13:00:00,29.4,45,0.0,12.6,360,7.715274834628325e-16,-12.6
2017-11-02 14:00:00,29.3,47,0.0,11.5,4,-0.8021994480574441,-11.471986577987979
2017-11-02 15:00:00,28.8,52,0.0,12.8,349,2.442355140819775,-12.5648279481301
2017-11-02 16:00:00,26.6,69,0.0,14.0,334,6.1371960550470845,-12.583116648188339
2017-11-02 17:00:00,24.6,81,0.0,10.7,340,3.659615533584656,-10.054711042409219
2017-11-02 18:00:00,23.7,86,0.0,6.2,353,0.7555899291119145,-6.153786140176196
2017-11-02 19:00:00,23.3,88,0.0,2.1,329,1.0815799573111138,-1.800051331474436
2017-11-02 20:00:00,23.0,89,0.0,6.1,315,4.31335136523794,-4.313351365237939
2017-11-02 21:00:00,23.0,88,0.1,9.4,353,1.1455718280083864,-9.329933825428427
2017-11-02 22:00:00,23.0,89,0.1,9.7,15,-2.51054473749445,-9.369480515003962
2017-11-02 23:00:00,23.1,89,0.1,5.8,30,-2.9000000000000026,-5.022947341949743
2017-11-03 00:00:00,23.0,91,0.1,7.9,344,2.1775351109542935,-7.59396739791272
2017-11-03 01:00:00,22.2,95,0.1,10.5,352,1.4613175600806874,-10.397814721786489
2017-11-03 02:00:00,21.9,97,0.3,10.2,23,-3.9854575105905927,-9.38914950521489
2017-11-03 03:00:00,21.7,98,0.8,9.5,29,-4.6056913923402,-8.308887217824262
2017-11-03 04:00:00,21.6,97,2.4,11.3,22,-4.233054505599809,-10.477177556604698
2017-11-03 05:00:00,21.3,96,7.5,11.8,23,-4.6106273161734315,-10.861957270738795
2017-11-03 06:00:00,21.3,96,2.4,11.7,18,-3.6154988341868863,-11.127361240653295
2017-11-03 07:00:00,21.2,99,0.1,11.5,4,-0.8021994480574441,-11.471986577987979
2017-11-03 08:00:00,21.9,97,0.0,12.0,9,-1.8772135804827723,-11.852260087141651
2017-11-03 09:00:00,22.2,97,0.0,16.0,14,-3.8707503295946846,-15.524731620415944
2017-11-03 10:00:00,24.3,83,0.1,16.0,9,-2.5029514406436966,-15.803013449522203
2017-11-03 11:00:00,25.5,75,0.1,13.0,5,-1.1330246557195571,-12.950531075192693
2017-11-03 12:00:00,24.8,77,0.0,13.4,346,3.241753401035547,-13.001962732098352
2017-11-03 13:00:00,24.1,77,0.0,13.8,345,3.571702822414786,-13.329776402789143
2017-11-03 14:00:00,24.1,75,0.0,13.6,348,2.8275989951215283,-13.302807369979755
2017-11-03 15:00:00,23.7,71,0.0,14.0,360,8.572527594031472e-16,-14.0
2017-11-03 16:00:00,23.3,69,0.0,13.0,6,-1.3588700224794936,-12.928784639787555
2017-11-03 17:00:00,22.0,71,0.0,13.1,8,-1.8231676225768623,-12.97251170051457
2017-11-03 18:00:00,21.2,73,0.0,11.6,16,-3.197393327477187,-11.1506356728845
2017-11-03 19:00:00,21.1,74,0.0,10.4,2,-0.36295476570600793,-10.393664600998596
2017-11-03 20:00:00,20.4,86,0.0,9.0,5,-0.7844016847289242,-8.96575228282571
2017-11-03 21:00:00,20.1,87,0.1,11.4,13,-2.564442019520064,-11.10781873855168
2017-11-03 22:00:00,19.8,89,0.0,7.2,6,-0.7526049355271042,-7.160557646651569
2017-11-03 23:00:00,19.5,89,0.0,7.6,5,-0.6623836448822027,-7.571079705497266
2017-11-04 00:00:00,19.4,88,0.0,6.9,354,0.7212463965468089,-6.862201078041086
2017-11-04 01:00:00,19.2,87,0.0,6.5,19,-2.116193003971518,-6.1458707413955596
2017-11-04 02:00:00,18.9,88,0.0,6.2,21,-2.2218812871808646,-5.78819864428265
2017-11-04 03:00:00,18.6,89,0.0,4.3,355,0.37476969381492997,-4.283637201794505
2017-11-04 04:00:00,18.3,89,0.0,3.6,6,-0.3763024677635521,-3.5802788233257843
2017-11-04 05:00:00,18.6,85,0.0,3.7,11,-0.7059932828932151,-3.632020578756357
2017-11-04 06:00:00,18.8,85,0.0,3.6,6,-0.3763024677635521,-3.5802788233257843
2017-11-04 07:00:00,20.0,82,0.0,5.4,360,3.3065463576978537e-16,-5.4
2017-11-04 08:00:00,21.4,72,0.0,7.2,342,2.224922359499622,-6.8476069173251055
2017-11-04 09:00:00,22.7,69,0.0,7.6,355,0.6623836448822018,-7.571079705497266
2017-11-04 10:00:00,25.0,63,0.0,6.6,347,1.4846769586695083,-6.430842427582553
2017-11-04 11:00:00,26.9,57,0.0,9.0,323,5.4163352083684355,-7.187719590425635
2017-11-04 12:00:00,27.5,51,0.0,12.3,320,7.906287599144434,-9.42234665036343
2017-11-04 13:00:00,27.5,48,0.0,14.0,331,6.787334683448719,-12.24467589995154
2017-11-04 14:00:00,26.9,47,0.0,14.5,333,6.582862246223429,-12.919594600731333
2017-11-04 15:00:00,25.7,48,0.0,14.2,336,5.775660331676363,-12.972345498524932
2017-11-04 16:00:00,23.9,52,0.0,12.3,328,6.518006950068421,-10.43099158272404
2017-11-04 17:00:00,22.0,56,0.0,11.3,329,5.8199302464836125,-9.68599049793387
2017-11-04 18:00:00,20.5,60,0.0,10.1,354,1.0557374790032998,-10.04467114321956
2017-11-04 19:00:00,19.5,63,0.0,7.6,360,4.653657836759942e-16,-7.6
2017-11-04 20:00:00,19.4,62,0.0,3.7,349,0.7059932828932162,-3.632020578756357
2017-11-04 21:00:00,18.9,63,0.0,4.6,342,1.4214781741247582,-4.3748599749577055
2017-11-04 22:00:00,18.8,65,0.0,2.5,352,0.34793275240016364,-2.475670171853926
2017-11-04 23:00:00,18.7,65,0.0,3.6,354,0.3763024677635525,-3.580278823325784
2017-11-05 00:00:00,18.6,65,0.0,5.9,11,-1.1257730727216133,-5.791600382341218
2017-11-05 01:00:00,18.4,68,0.0,4.7,23,-1.836436303899587,-4.326372811226469
2017-11-05 02:00:00,18.1,71,0.0,5.0,360,3.061616997868383e-16,-5.0
2017-11-05 03:00:00,17.7,72,0.0,4.5,14,-1.088648530198505,-4.366330768241984
2017-11-05 04:00:00,17.6,74,0.0,4.1,15,-1.0611580849203346,-3.96029588778518
2017-11-05 05:00:00,17.2,74,0.0,6.4,16,-1.7640790772287929,-6.152074854005242
2017-11-05 06:00:00,16.8,77,0.0,4.2,31,-2.163159914622229,-3.600102662948871
2017-11-05 07:00:00,18.0,73,0.0,1.3,236,1.0777488443215542,0.726950774511971
2017-11-05 08:00:00,20.3,67,0.0,2.3,288,2.1874299874788528,-0.710739087062379
2017-11-05 09:00:00,22.3,65,0.0,3.1,249,2.8940993221413254,1.1109406435904308
2017-11-05 10:00:00,23.5,65,0.0,3.2,270,3.2,0.0
2017-11-05 11:00:00,24.7,62,0.0,4.8,257,4.676976310969129,1.079765060850552
2017-11-05 12:00:00,25.5,60,0.0,2.9,277,2.8783838397598336,-0.35342109587492765
2017-11-05 13:00:00,26.1,58,0.0,4.6,288,4.3748599749577055,-1.421478174124758
2017-11-05 14:00:00,26.5,56,0.0,3.2,243,2.8512208774027776,1.4527695991665497
2017-11-05 15:00:00,26.7,55,0.0,5.4,266,5.386845871403051,0.37668495821827663
2017-11-05 16:00:00,25.7,57,0.0,7.7,298,6.798696465013738,-3.6149310334513594
2017-11-05 17:00:00,23.7,60,0.0,8.2,311,6.18861855782673,-5.379684037722159
2017-11-05 18:00:00,22.3,65,0.0,3.7,299,3.2360929164157644,-1.7937955949114472
2017-11-05 19:00:00,21.3,71,0.0,2.4,333,1.0895771993749124,-2.138415658052083
2017-11-05 20:00:00,21.7,72,0.0,0.5,135,-0.35355339059327373,0.3535533905932738
2017-11-05 21:00:00,21.6,73,0.0,1.9,248,1.761649323676896,0.7117525274902328
2017-11-05 22:00:00,20.4,79,0.0,3.4,212,1.8017254983928965,2.883363526931848
2017-11-05 23:00:00,20.4,80,0.0,5.7,198,1.7613968679372005,5.421022142882375
2017-11-06 00:00:00,20.1,83,0.0,4.7,189,0.7352419856890854,4.6421352007971475
2017-11-06 01:00:00,20.6,84,0.0,4.1,165,-1.0611580849203355,3.96029588778518
2017-11-06 02:00:00,20.8,85,0.0,4.3,180,2.632990618166809e-16,4.3
2017-11-06 03:00:00,21.6,79,0.0,0.7000000000000001,90,-0.7000000000000001,8.572527594031473e-17
2017-11-06 04:00:00,20.4,86,0.0,3.5,24,-1.4235782507653003,-3.1974091017491033
2017-11-06 05:00:00,20.0,87,0.0,4.8,48,-3.5670951622914924,-3.2118269105225195
2017-11-06 06:00:00,19.5,88,0.0,5.6,45,-3.9597979746446668,-3.9597979746446654
2017-11-06 07:00:00,21.4,77,0.0,3.1,21,-1.1109406435904323,-2.894099322141325
2017-11-06 08:00:00,22.6,76,0.0,5.2,25,-2.197614961051636,-4.71280049259058
2017-11-06 09:00:00,23.8,71,0.0,5.5,238,4.664264528860342,2.914555953282627
2017-11-06 10:00:00,25.0,65,0.0,6.1,267,6.0916401620029,0.31924933308195735
2017-11-06 11:00:00,26.3,59,0.0,5.5,293,5.062776693988422,-2.149021206691006
2017-11-06 12:00:00,26.4,58,0.0,5.4,262,5.34744757120448,0.7515347451843534
2017-11-06 13:00:00,26.8,57,0.0,8.3,236,6.881011852206846,4.6413010988072
2017-11-06 14:00:00,26.5,60,0.0,9.2,239,7.8859391664594325,4.738350289172498
2017-11-06 15:00:00,25.3,66,0.2,6.6,257,6.430842427582553,1.484676958669509
2017-11-06 16:00:00,23.8,77,0.7000000000000001,4.4,279,4.3458286986186065,-0.6883116461770159
2017-11-06 17:00:00,23.1,85,0.8,0.7000000000000001,360,4.2862637970157366e-17,-0.7000000000000001
2017-11-06 18:00:00,22.6,90,0.4,3.8,49,-2.867896404846534,-2.4930243101639267
2017-11-06 19:00:00,22.4,91,0.2,4.9,36,-2.880147736233119,-3.9641832724372423
2017-11-06 20:00:00,22.6,88,0.1,5.3,28,-2.488199282765221,-4.679622242152313
2017-11-06 21:00:00,22.6,88,0.0,2.6,236,2.1554976886431083,1.453901549023942
2017-11-06 22:00:00,21.8,97,0.0,6.1,220,3.92100441908789,4.6728711030257655
2017-11-06 23:00:00,21.3,99,0.0,7.9,210,3.950000000000001,6.841600689897065
2017-11-07 00:00:00,21.1,99,0.0,5.9,191,1.125773072721615,5.791600382341218
2017-11-07 01:00:00,20.8,98,0.0,4.7,184,0.3278554265973886,4.688551036221174
2017-11-07 02:00:00,20.9,96,0.0,2.6,124,-2.1554976886431083,1.453901549023942
2017-11-07 03:00:00,20.7,95,0.0,3.4,122,-2.883363526931848,1.8017254983928965
2017-11-07 04:00:00,22.3,85,0.0,2.3,141,-1.4474368994146256,1.7874357113510333
2017-11-07 05:00:00,22.4,85,0.0,3.0,194,0.725765686799003,2.9108871788279895
2017-11-07 06:00:00,20.9,92,0.0,5.4,200,1.8469087739586119,5.074340152243905
2017-11-07 07:00:00,23.1,79,0.0,4.0,185,0.34862297099063255,3.984778792366982
2017-11-07 08:00:00,23.4,81,0.0,4.1,255,3.96029588778518,1.061158084920335
2017-11-07 09:00:00,25.1,75,0.0,7.1,229,5.358438019581681,4.658019105832602
2017-11-07 10:00:00,26.9,65,0.0,9.2,228,6.836932394392027,6.156001578501495
2017-11-07 11:00:00,28.4,58,0.0,10.7,228,7.951649632608118,7.159697488039782
2017-11-07 12:00:00,29.2,55,0.0,10.9,224,7.57177623800307,7.840803823691297
2017-11-07 13:00:00,29.6,54,0.0,12.0,229,9.056514962673264,7.872708347886087
2017-11-07 14:00:00,29.2,57,0.0,12.4,240,10.73871500692704,6.199999999999999
2017-11-07 15:00:00,28.5,60,0.0,8.7,232,6.85569355637848,5.356254835333226
2017-11-07 16:00:00,27.5,65,0.0,8.1,249,7.5620014546273335,2.902780391316932
2017-11-07 17:00:00,25.8,73,0.0,5.9,259,5.791600382341218,1.1257730727216144
2017-11-07 18:00:00,24.4,80,0.0,4.0,265,3.984778792366982,0.34862297099063266
2017-11-07 19:00:00,23.2,88,0.0,4.0,280,3.939231012048832,-0.6945927106677213
2017-11-07 20:00:00,22.5,92,0.0,4.9,17,-1.4326213531414118,-4.685893304218873
2017-11-07 21:00:00,22.6,92,0.0,5.5,11,-1.0494494745709955,-5.3989495089621515
2017-11-07 22:00:00,22.3,94,0.0,6.3,31,-3.2447398719333433,-5.400153994423306
2017-11-07 23:00:00,22.3,93,0.0,6.4,16,-1.7640790772287929,-6.152074854005242
2017-11-08 00:00:00,22.0,95,0.0,8.3,5,-0.7233926648055635,-8.268415994161488
2017-11-08 01:00:00,21.5,97,0.0,8.4,20,-2.872969203935616,-7.8934180146016315
2017-11-08 02:00:00,21.4,97,0.0,8.6,15,-2.2258437878816775,-8.306962106085987
2017-11-08 03:00:00,20.9,99,0.0,7.3,20,-2.49674704627738,-6.859756131737131
2017-11-08 04:00:00,20.9,98,0.0,6.3,31,-3.2447398719333433,-5.400153994423306
2017-11-08 05:00:00,20.9,97,0.0,5.5,23,-2.149021206691006,-5.062776693988422
2017-11-08 06:00:00,20.5,98,0.0,6.0,17,-1.7542302283364226,-5.7378285357782115
2017-11-08 07:00:00,21.4,93,0.0,7.6,19,-2.4743179738743906,-7.185941174554808
2017-11-08 08:00:00,23.5,83,0.0,7.2,3,-0.376818884949199,-7.190132650232932
2017-11-08 09:00:00,25.0,76,0.0,5.4,323,3.2498011250210617,-4.312631754255381
2017-11-08 10:00:00,26.3,70,0.0,5.2,286,4.998560818879258,-1.4333142502483958
2017-11-08 11:00:00,27.6,63,0.0,5.4,270,5.4,0.0
2017-11-08 12:00:00,28.5,59,0.0,6.7,254,6.440453362786736,1.8467702839738944
2017-11-08 13:00:00,30.0,52,0.0,6.4,243,5.702441754805555,2.9055391983330994
2017-11-08 14:00:00,29.7,51,0.0,8.6,303,7.212566884330647,-4.683895701129233
2017-11-08 15:00:00,28.6,55,0.0,11.3,338,4.233054505599806,-10.4771775566047
2017-11-08 16:00:00,27.0,61,0.0,14.7,349,2.8048922320352103,-14.42991959668066
2017-11-08 17:00:00,25.0,67,0.0,11.4,349,2.175222547292612,-11.19054989130337
2017-11-08 18:00:00,23.5,71,0.0,8.3,358,0.289665822630759,-8.294943864258496
2017-11-08 19:00:00,22.7,73,0.0,5.4,4,-0.37668495821827813,-5.386845871403051
2017-11-08 20:00:00,22.1,80,0.0,2.6,326,1.4539015490239418,-2.1554976886431088
2017-11-08 21:00:00,22.0,80,0.0,1.6,297,1.4256104387013888,-0.7263847995832748
2017-11-08 22:00:00,21.5,84,0.0,3.1,339,1.1109406435904312,-2.8940993221413254
2017-11-08 23:00:00,21.7,80,0.0,0.5,315,0.3535533905932738,-0.35355339059327373
2017-11-09 00:00:00,21.2,85,0.0,2.9,277,2.8783838397598336,-0.35342109587492765
2017-11-09 01:00:00,21.0,85,0.0,1.8,360,1.1021821192326179e-16,-1.8
2017-11-09 02:00:00,21.0,86,0.0,2.9,60,-2.5114736709748717,-1.4500000000000002
2017-11-09 03:00:00,21.7,83,0.0,2.1,59,-1.800051331474436,-1.0815799573111138
2017-11-09 04:00:00,21.1,86,0.0,4.0,5,-0.348622970990633,-3.984778792366982
2017-11-09 05:00:00,20.8,87,0.0,3.5,24,-1.4235782507653003,-3.1974091017491033
2017-11-09 06:00:00,20.6,89,0.0,3.6,37,-2.166534083347374,-2.875087836170254
2017-11-09 07:00:00,22.3,81,0.0,3.6,37,-2.166534083347374,-2.875087836170254
2017-11-09 08:00:00,24.2,74,0.0,4.8,333,2.1791543987498248,-4.276831316104166
2017-11-09 09:00:00,25.7,68,0.0,5.7,325,3.269385687200963,-4.669166652447253
2017-11-09 10:00:00,27.1,63,0.0,5.6,315,3.9597979746446663,-3.9597979746446654
2017-11-09 11:00:00,27.9,61,0.0,6.6,292,6.1194134401407965,-2.472403516545019
2017-11-09 12:00:00,28.3,60,0.0,2.7,247,2.485363104321589,1.0549740469210394
2017-11-09 13:00:00,29.4,55,0.0,4.5,241,3.935788682127281,2.1816432911085166
2017-11-09 14:00:00,29.5,53,0.0,7.1,229,5.358438019581681,4.658019105832602
2017-11-09 15:00:00,28.7,55,0.0,10.5,239,9.00025665737218,5.407899786555569
2017-11-09 16:00:00,27.4,61,0.0,8.0,243,7.128052193506943,3.631923997916374
2017-11-09 17:00:00,25.9,70,0.2,6.1,242,5.385980316439454,2.8637765329939335
2017-11-09 18:00:00,24.9,77,0.2,4.9,253,4.685893304218874,1.4326213531414103
2017-11-09 19:00:00,23.9,81,0.0,4.8,257,4.676976310969129,1.079765060850552
2017-11-09 20:00:00,23.7,79,0.0,3.1,225,2.1920310216782974,2.192031021678297
2017-11-09 21:00:00,23.3,82,0.0,3.1,216,1.8221342821066668,2.5079526825623373
2017-11-09 22:00:00,22.9,85,0.0,2.5,188,0.34793275240016364,2.475670171853926
2017-11-09 23:00:00,22.6,87,0.0,3.7,191,0.7059932828932162,3.632020578756357
2017-11-10 00:00:00,23.2,83,0.0,1.4,180,8.572527594031472e-17,1.4
2017-11-10 01:00:00,23.2,82,0.0,0.4,90,-0.4,4.898587196589413e-17
2017-11-10 02:00:00,23.2,82,0.0,2.2,180,1.3471114790620887e-16,2.2
2017-11-10 03:00:00,23.2,81,0.0,1.1,162,-0.3399186938124421,1.046162167924669
2017-11-10 04:00:00,23.4,80,0.0,0.8,117,-0.7128052193506943,0.36319239979163753
2017-11-10 05:00:00,23.1,81,0.0,2.2,279,2.1729143493093033,-0.34415582308850795
2017-11-10 06:00:00,22.8,84,0.0,2.2,189,0.34415582308850806,2.1729143493093033
2017-11-10 07:00:00,23.2,81,0.0,2.6,196,0.7166571251241979,2.499280409439629
2017-11-10 08:00:00,24.4,75,0.0,2.9,240,2.511473670974872,1.4499999999999997
2017-11-10 09:00:00,26.1,68,0.0,2.9,300,2.511473670974872,-1.4499999999999997
2017-11-10 10:00:00,27.3,64,0.0,3.4,302,2.883363526931848,-1.8017254983928965
2017-11-10 11:00:00,28.2,61,0.0,4.3,318,2.8772616073430903,-3.195522749552795
2017-11-10 12:00:00,29.3,55,0.0,1.8,143,-1.0832670416736871,1.4375439180851268
2017-11-10 13:00:00,30.5,50,0.0,5.8,248,5.377666356487367,2.1727182418122895
2017-11-10 14:00:00,28.6,58,0.0,5.8,240,5.022947341949744,2.8999999999999995
2017-11-10 15:00:00,27.5,65,0.0,7.0,282,6.84703320513664,-1.4553818357243153
2017-11-10 16:00:00,27.0,67,0.0,5.8,300,5.022947341949744,-2.8999999999999995
2017-11-10 17:00:00,25.4,75,0.0,9.7,318,6.490566881680924,-7.208504807130724
2017-11-10 18:00:00,23.5,84,0.0,6.8,342,2.1013155617496424,-6.467184310807044
2017-11-10 19:00:00,23.0,88,0.0,5.4,352,0.7515347451843536,-5.34744757120448
2017-11-10 20:00:00,22.8,90,0.0,1.6,243,1.4256104387013888,0.7263847995832748
2017-11-10 21:00:00,23.0,88,0.0,0.5,315,0.3535533905932738,-0.35355339059327373
2017-11-10 22:00:00,22.9,89,0.0,0.4,270,0.4,0.0
2017-11-10 23:00:00,23.0,92,0.0,0.4,90,-0.4,4.898587196589413e-17
2017-11-11 00:00:00,22.7,91,0.0,1.8,11,-0.3434561916777803,-1.7669289302057951
2017-11-11 01:00:00,22.9,90,0.0,1.8,37,-1.083267041673687,-1.437543918085127
2017-11-11 02:00:00,22.8,90,0.1,3.6,37,-2.166534083347374,-2.875087836170254
2017-11-11 03:00:00,22.8,90,0.0,4.1,15,-1.0611580849203346,-3.96029588778518
2017-11-11 04:00:00,22.2,94,0.0,4.8,13,-1.0797650608505531,-4.6769763109691285
2017-11-11 05:00:00,21.9,96,0.0,4.5,14,-1.088648530198505,-4.366330768241984
2017-11-11 06:00:00,21.7,97,0.0,4.0,10,-0.6945927106677213,-3.939231012048832
2017-11-11 07:00:00,22.0,95,0.0,5.4,356,0.3766849582182763,-5.386845871403051
2017-11-11 08:00:00,23.7,86,0.0,3.2,360,1.9594348786357652e-16,-3.2
2017-11-11 09:00:00,24.3,83,0.1,5.6,315,3.9597979746446663,-3.9597979746446654
2017-11-11 10:00:00,24.8,82,1.1,5.3,298,4.679622242152313,-2.4881992827652213
2017-11-11 11:00:00,24.9,82,0.7000000000000001,7.1,300,6.148780366869515,-3.5499999999999994
2017-11-11 12:00:00,24.8,80,0.7000000000000001,6.0,287,5.737828535778212,-1.7542302283364206
2017-11-11 13:00:00,24.3,84,1.6,1.3,236,1.0777488443215542,0.726950774511971
2017-11-11 14:00:00,25.3,78,0.1,6.6,202,2.4724035165450187,6.1194134401407965
2017-11-11 15:00:00,24.7,79,0.3,6.6,229,4.981083229470295,4.329989591337347
2017-11-11 16:00:00,24.5,76,0.1,5.1,278,5.050367150582009,-0.7097828148963337
2017-11-11 17:00:00,23.6,74,0.1,5.9,284,5.7247447850283795,-1.4273391840380396
2017-11-11 18:00:00,22.7,75,0.1,3.3,264,3.2819222547153015,0.3449439287832564
2017-11-11 19:00:00,22.0,74,0.1,4.4,325,2.5237363199446032,-3.604268994871564
2017-11-11 20:00:00,20.9,92,0.7000000000000001,3.6,360,2.2043642384652358e-16,-3.6
2017-11-11 21:00:00,20.8,91,0.1,4.4,325,2.5237363199446032,-3.604268994871564
2017-11-11 22:00:00,20.0,94,0.4,3.2,360,1.9594348786357652e-16,-3.2
2017-11-11 23:00:00,20.0,95,0.7000000000000001,2.9,353,0.3534210958749277,-2.8783838397598336
2017-11-12 00:00:00,20.0,97,0.2,2.3,342,0.7107390870623791,-2.1874299874788528
2017-11-12 01:00:00,19.7,98,0.1,2.9,330,1.4500000000000002,-2.5114736709748717
2017-11-12 02:00:00,19.6,98,0.1,3.3,6,-0.3449439287832561,-3.281922254715302
2017-11-12 03:00:00,19.4,98,0.5,4.0,350,0.6945927106677217,-3.939231012048832
2017-11-12 04:00:00,19.2,99,0.6,4.7,23,-1.836436303899587,-4.326372811226469
2017-11-12 05:00:00,19.4,99,0.9,4.9,17,-1.4326213531414118,-4.685893304218873
2017-11-12 06:00:00,19.4,99,1.0,6.1,360,3.735172737399427e-16,-6.1
2017-11-12 07:00:00,19.4,99,1.6,6.7,36,-3.938161190359571,-5.420413862312147
2017-11-12 08:00:00,20.9,94,1.4,6.3,24,-2.5624408513775405,-5.755336383148386
2017-11-12 09:00:00,21.1,97,0.4,8.6,360,5.265981236333618e-16,-8.6
2017-11-12 10:00:00,21.7,94,0.1,7.5,343,2.192787785420526,-7.172285669722766
2017-11-12 11:00:00,21.8,95,0.1,6.9,332,3.239353783222647,-6.092338390726596
2017-11-12 12:00:00,21.8,92,0.3,4.7,337,1.8364363038995866,-4.32637281122647
2017-11-12 13:00:00,21.8,92,2.5,4.7,9,-0.7352419856890859,-4.6421352007971475
2017-11-12 14:00:00,21.9,93,0.6,5.4,4,-0.37668495821827813,-5.386845871403051
2017-11-12 15:00:00,21.5,95,1.5,6.6,22,-2.472403516545021,-6.119413440140796
2017-11-12 16:00:00,21.5,95,1.9,7.7,28,-3.614931033451359,-6.798696465013738
2017-11-12 17:00:00,21.0,98,1.9,6.9,332,3.239353783222647,-6.092338390726596
2017-11-12 18:00:00,20.7,98,1.9,6.5,360,3.9801020972288977e-16,-6.5
2017-11-12 19:00:00,20.2,98,3.9,7.3,20,-2.49674704627738,-6.859756131737131
2017-11-12 20:00:00,20.4,97,4.2,3.6,45,-2.545584412271572,-2.545584412271571
2017-11-12 21:00:00,20.6,95,0.0,1.8,233,1.437543918085127,1.083267041673687
2017-11-12 22:00:00,20.2,97,0.0,3.6,233,2.875087836170254,2.166534083347374
2017-11-12 23:00:00,20.1,97,0.0,1.3,124,-1.0777488443215542,0.726950774511971
2017-11-13 00:00:00,20.0,98,0.0,2.6,304,2.1554976886431083,-1.453901549023942
2017-11-13 01:00:00,20.0,96,0.0,3.3,13,-0.7423384793347553,-3.215421213791276
2017-11-13 02:00:00,19.4,98,0.0,4.2,59,-3.600102662948872,-2.1631599146222276
2017-11-13 03:00:00,19.8,95,0.0,4.8,48,-3.5670951622914924,-3.2118269105225195
2017-11-13 04:00:00,19.9,93,0.0,6.6,41,-4.329989591337347,-4.981083229470295
2017-11-13 05:00:00,20.2,92,0.0,7.0,35,-4.015035054457325,-5.734064310022941
2017-11-13 06:00:00,20.3,92,0.0,7.1,41,-4.658019105832602,-5.358438019581681
2017-11-13 07:00:00,21.0,91,0.0,10.0,21,-3.583679495453007,-9.335804264972015
2017-11-13 08:00:00,21.7,90,0.0,5.1,356,0.35575801609503865,-5.087576656325103
2017-11-13 09:00:00,22.7,87,0.0,4.3,360,2.632990618166809e-16,-4.3
2017-11-13 10:00:00,24.2,80,0.0,1.8,323,1.0832670416736871,-1.437543918085127
2017-11-13 11:00:00,24.8,77,0.0,4.8,312,3.5670951622914924,-3.2118269105225195
2017-11-13 12:00:00,25.4,74,0.0,1.4,270,1.4,0.0
2017-11-13 13:00:00,25.4,73,0.0,2.1,239,1.800051331474436,1.0815799573111138
2017-11-13 14:00:00,24.9,73,0.4,5.6,333,2.542346798541462,-4.989636535454859
2017-11-13 15:00:00,24.2,78,0.1,5.0,339,1.791839747726502,-4.667902132486009
2017-11-13 16:00:00,24.0,81,0.0,6.5,357,0.3401837155791358,-6.49109197590473
2017-11-13 17:00:00,23.2,86,0.2,6.1,28,-2.8637765329939335,-5.385980316439454
2017-11-13 18:00:00,22.4,89,0.1,6.1,40,-3.9210044190878905,-4.672871103025765
2017-11-13 19:00:00,22.3,87,0.0,5.4,90,-5.4,6.613092715395707e-16
2017-11-13 20:00:00,22.1,91,0.0,3.1,201,1.1109406435904312,2.8940993221413254
2017-11-13 21:00:00,21.2,94,0.0,4.4,215,2.5237363199446032,3.604268994871564
2017-11-13 22:00:00,20.8,97,0.0,4.2,200,1.436484601967809,3.9467090073008153
2017-11-13 23:00:00,21.8,91,0.0,2.5,225,1.7677669529663689,1.7677669529663687
2017-11-14 00:00:00,21.1,96,0.1,1.0,45,-0.7071067811865477,-0.7071067811865475
2017-11-14 01:00:00,21.1,93,0.0,2.9,60,-2.5114736709748717,-1.4500000000000002
2017-11-14 02:00:00,20.4,95,0.0,5.1,45,-3.606244584051393,-3.606244584051392
2017-11-14 03:00:00,20.3,94,0.0,5.7,18,-1.7613968679372012,-5.421022142882375
2017-11-14 04:00:00,20.2,96,0.0,4.0,27,-1.8159619989581877,-3.564026096753471
2017-11-14 05:00:00,20.4,95,0.0,5.2,34,-2.907803098047882,-4.3109953772862175
2017-11-14 06:00:00,20.6,92,0.0,6.6,22,-2.472403516545021,-6.119413440140796
2017-11-14 07:00:00,21.3,87,0.0,9.7,42,-6.490566881680923,-7.2085048071307245
2017-11-14 08:00:00,23.2,81,0.1,7.2,3,-0.376818884949199,-7.190132650232932
2017-11-14 09:00:00,24.6,75,0.0,5.8,360,3.5514757175273243e-16,-5.8
2017-11-14 10:00:00,25.6,72,0.0,5.1,315,3.6062445840513924,-3.606244584051392
2017-11-14 11:00:00,26.0,71,0.0,6.1,310,4.6728711030257655,-3.921004419087889
2017-11-14 12:00:00,26.0,72,0.0,5.8,300,5.022947341949744,-2.8999999999999995
2017-11-14 13:00:00,26.0,74,0.1,5.4,312,4.012982057577929,-3.6133052743378347
2017-11-14 14:00:00,25.6,78,0.2,3.5,336,1.4235782507653008,-3.197409101749103
2017-11-14 15:00:00,25.4,79,0.6,3.3,354,0.3449439287832564,-3.2819222547153015
2017-11-14 16:00:00,24.2,81,7.2,2.3,51,-1.7874357113510326,-1.4474368994146265
2017-11-14 17:00:00,23.5,87,0.0,2.1,59,-1.800051331474436,-1.0815799573111138
2017-11-14 18:00:00,22.2,94,0.0,4.8,347,1.0797650608505516,-4.676976310969129
2017-11-14 19:00:00,21.6,96,0.0,4.8,333,2.1791543987498248,-4.276831316104166
2017-11-14 20:00:00,21.9,95,0.0,3.3,229,2.4905416147351476,2.1649947956686737
2017-11-14 21:00:00,21.5,97,0.0,2.5,225,1.7677669529663689,1.7677669529663687
2017-11-14 22:00:00,21.5,96,0.0,2.1,121,-1.8000513314744357,1.0815799573111142
2017-11-14 23:00:00,20.0,100,0.0,3.9,304,3.2332465329646625,-2.180852323535913
2017-11-15 00:00:00,20.4,99,0.0,0.7000000000000001,90,-0.7000000000000001,8.572527594031473e-17
2017-11-15 01:00:00,20.4,98,0.7000000000000001,3.1,45,-2.192031021678298,-2.192031021678297
2017-11-15 02:00:00,20.8,94,0.6,7.2,63,-6.415246974156249,-3.2687315981247362
2017-11-15 03:00:00,20.6,91,0.0,5.7,72,-5.421022142882376,-1.7613968679371996
2017-11-15 04:00:00,22.3,77,0.0,2.5,90,-2.5,3.061616997868383e-16
2017-11-15 05:00:00,21.7,79,0.0,5.1,352,0.7097828148963339,-5.050367150582009
2017-11-15 06:00:00,19.7,94,0.0,6.1,360,3.735172737399427e-16,-6.1
2017-11-15 07:00:00,20.3,89,0.0,9.2,59,-7.8859391664594325,-4.738350289172498
2017-11-15 08:00:00,22.0,84,0.0,3.9,22,-1.460965714322058,-3.6160170328104706
2017-11-15 09:00:00,23.2,80,0.0,4.6,18,-1.4214781741247586,-4.3748599749577055
2017-11-15 10:00:00,24.3,76,0.0,3.8,319,2.4930243101639276,-2.8678964048465336
2017-11-15 11:00:00,25.1,72,0.0,1.8,307,1.437543918085127,-1.083267041673687
2017-11-15 12:00:00,25.2,72,0.0,0.5,315,0.3535533905932738,-0.35355339059327373
2017-11-15 13:00:00,25.6,71,0.0,2.0,135,-1.414213562373095,1.4142135623730951
2017-11-15 14:00:00,25.9,70,0.1,2.9,263,2.8783838397598336,0.35342109587492765
2017-11-15 15:00:00,25.5,71,0.2,4.0,297,3.5640260967534716,-1.815961998958187
2017-11-15 16:00:00,24.8,75,0.0,4.3,318,2.8772616073430903,-3.195522749552795
2017-11-15 17:00:00,23.4,85,0.0,3.9,326,2.1808523235359125,-3.233246532964663
2017-11-15 18:00:00,22.2,93,0.0,5.1,352,0.7097828148963339,-5.050367150582009
2017-11-15 19:00:00,22.4,89,0.0,3.4,328,1.8017254983928965,-2.883363526931848
2017-11-15 20:00:00,21.5,96,0.0,2.5,45,-1.7677669529663693,-1.7677669529663687
2017-11-15 21:00:00,21.6,95,0.0,2.0,45,-1.4142135623730954,-1.414213562373095
2017-11-15 22:00:00,21.8,92,0.0,1.5,76,-1.4554435894139948,-0.3628828433995013
2017-11-15 23:00:00,20.6,98,0.0,3.9,326,2.1808523235359125,-3.233246532964663
2017-11-16 00:00:00,20.4,98,0.0,3.1,69,-2.8940993221413254,-1.1109406435904314
2017-11-16 01:00:00,20.8,97,0.0,2.4,27,-1.0895771993749126,-2.138415658052083
2017-11-16 02:00:00,20.7,96,0.0,2.9,97,-2.8783838397598336,0.35342109587492787
2017-11-16 03:00:00,20.6,93,0.0,2.7,113,-2.485363104321589,1.0549740469210394
2017-11-16 04:00:00,21.2,87,0.0,3.7,61,-3.236092916415765,-1.7937955949114468
2017-11-16 05:00:00,22.0,83,0.0,4.2,31,-2.163159914622229,-3.600102662948871
2017-11-16 06:00:00,20.5,91,0.0,5.7,35,-3.2693856872009643,-4.669166652447252
2017-11-16 07:00:00,21.7,87,0.0,4.8,42,-3.211826910522519,-3.567095162291493
2017-11-16 08:00:00,22.4,83,0.0,3.0,14,-0.7257656867990033,-2.9108871788279895
2017-11-16 09:00:00,23.9,77,0.0,4.9,17,-1.4326213531414118,-4.685893304218873
2017-11-16 10:00:00,25.2,71,0.0,5.1,8,-0.7097828148963357,-5.050367150582008
2017-11-16 11:00:00,26.3,66,0.0,4.2,20,-1.436484601967808,-3.9467090073008158
2017-11-16 12:00:00,27.1,66,0.0,3.4,18,-1.0506577808748216,-3.233592155403522
2017-11-16 13:00:00,27.2,67,0.2,4.0,360,2.4492935982947064e-16,-4.0
2017-11-16 14:00:00,26.2,74,0.2,5.0,360,3.061616997868383e-16,-5.0
2017-11-16 15:00:00,26.3,74,0.0,6.3,13,-1.417191642366351,-6.1385314081469815
2017-11-16 16:00:00,25.6,75,0.0,7.4,14,-1.7902220274375418,-7.180188374442374
2017-11-16 17:00:00,23.8,84,0.0,4.7,356,0.3278554265973886,-4.688551036221174
2017-11-16 18:00:00,21.9,93,0.0,3.9,22,-1.460965714322058,-3.6160170328104706
2017-11-16 19:00:00,21.6,93,0.0,4.4,35,-2.523736319944604,-3.604268994871563
2017-11-16 20:00:00,21.0,95,0.0,4.5,346,1.0886485301985045,-4.366330768241984
2017-11-16 21:00:00,21.6,94,0.0,2.2,99,-2.172914349309303,0.3441558230885082
2017-11-16 22:00:00,22.0,91,0.0,5.2,214,2.9078030980478835,4.3109953772862175
2017-11-16 23:00:00,21.1,97,0.0,3.6,270,3.6,0.0
2017-11-17 00:00:00,20.9,98,0.0,2.1,31,-1.0815799573111144,-1.8000513314744355
2017-11-17 01:00:00,21.1,97,0.0,2.9,30,-1.4500000000000013,-2.5114736709748713
2017-11-17 02:00:00,21.2,95,0.0,4.1,45,-2.8991378028648453,-2.8991378028648445
2017-11-17 03:00:00,20.9,94,0.0,5.1,45,-3.606244584051393,-3.606244584051392
2017-11-17 04:00:00,21.0,92,0.0,5.1,45,-3.606244584051393,-3.606244584051392
2017-11-17 05:00:00,22.1,83,0.0,4.0,63,-3.5640260967534716,-1.8159619989581868
2017-11-17 06:00:00,22.7,77,0.0,2.5,82,-2.475670171853926,-0.3479327524001638
2017-11-17 07:00:00,22.4,88,0.0,0.8,207,0.3631923997916375,0.7128052193506943
2017-11-17 08:00:00,23.2,83,0.0,4.7,32,-2.490620541896064,-3.9858260519352022
2017-11-17 09:00:00,24.8,74,0.0,5.2,16,-1.4333142502483942,-4.998560818879259
2017-11-17 10:00:00,26.1,67,0.0,4.4,9,-0.6883116461770166,-4.345828698618606
2017-11-17 11:00:00,27.0,63,0.0,2.4,27,-1.0895771993749126,-2.138415658052083
2017-11-17 12:00:00,27.6,62,0.0,0.7000000000000001,360,4.2862637970157366e-17,-0.7000000000000001
2017-11-17 13:00:00,28.1,62,0.0,3.8,197,1.1110124779463997,3.6339580726595346
2017-11-17 14:00:00,28.6,62,0.0,6.8,183,0.35588450245201897,6.790680836331102
2017-11-17 15:00:00,28.3,61,0.0,8.4,223,5.728786224524987,6.143371093601032
2017-11-17 16:00:00,27.0,68,0.2,5.8,266,5.78587149150698,0.40458754771592675
2017-11-17 17:00:00,25.3,79,0.0,4.2,340,1.436484601967809,-3.9467090073008153
2017-11-17 18:00:00,23.5,89,0.0,4.6,342,1.4214781741247582,-4.3748599749577055
2017-11-17 19:00:00,22.8,90,0.0,4.4,351,0.6883116461770161,-4.3458286986186065
2017-11-17 20:00:00,22.5,89,0.0,2.4,63,-2.138415658052083,-1.089577199374912
2017-11-17 21:00:00,23.0,86,0.0,1.8,53,-1.437543918085127,-1.0832670416736871
2017-11-17 22:00:00,22.6,87,0.0,2.3,72,-2.187429987478853,-0.7107390870623786
2017-11-17 23:00:00,21.7,90,0.0,4.1,105,-3.9602958877851795,1.0611580849203361
2017-11-18 00:00:00,23.2,80,0.0,3.3,139,-2.1649947956686737,2.490541614735148
2017-11-18 01:00:00,21.1,89,0.0,6.0,147,-3.2678342100901627,5.032023407672543
2017-11-18 02:00:00,21.6,84,0.0,4.8,138,-3.2118269105225195,3.5670951622914924
2017-11-18 03:00:00,20.9,85,0.0,5.0,120,-4.330127018922194,2.4999999999999996
2017-11-18 04:00:00,21.1,82,0.0,4.1,105,-3.9602958877851795,1.0611580849203361
2017-11-18 05:00:00,20.8,85,0.0,5.1,94,-5.087576656325103,0.35575801609504015
2017-11-18 06:00:00,20.3,86,0.0,6.9,99,-6.81504955010645,1.0793978087775937
2017-11-18 07:00:00,22.9,84,0.0,4.5,61,-3.9357886821272814,-2.181643291108516
2017-11-18 08:00:00,24.3,71,0.0,9.2,21,-3.296985135816766,-8.588939923774255
2017-11-18 09:00:00,25.3,65,0.0,15.0,27,-6.809857496093204,-13.365097862825516
2017-11-18 10:00:00,26.0,65,0.0,17.4,24,-7.077217589518921,-15.895690962981256
2017-11-18 11:00:00,25.3,69,0.1,19.1,12,-3.971113294619212,-18.682619174015688
2017-11-18 12:00:00,24.3,76,0.0,19.1,12,-3.971113294619212,-18.682619174015688
2017-11-18 13:00:00,24.5,71,0.0,16.6,5,-1.446785329611127,-16.536831988322977
2017-11-18 14:00:00,24.6,67,0.0,15.8,359,0.27574802170908086,-15.797593583470983
2017-11-18 15:00:00,23.5,69,0.0,15.5,359,0.27051229977789576,-15.497639274924065
2017-11-18 16:00:00,22.1,71,0.0,14.4,359,0.2513146526968838,-14.397806810252035
2017-11-18 17:00:00,20.5,75,0.0,12.3,357,0.6437322617882109,-12.283143277481258
2017-11-18 18:00:00,19.3,78,0.0,11.0,349,2.098898949141994,-10.797899017924303
2017-11-18 19:00:00,18.4,80,0.0,9.6,347,2.159530121701103,-9.353952621938259
2017-11-18 20:00:00,18.7,78,0.0,5.1,352,0.7097828148963339,-5.050367150582009
2017-11-18 21:00:00,18.8,76,0.0,5.9,346,1.4273391840380394,-5.7247447850283795
2017-11-18 22:00:00,18.6,73,0.0,6.1,357,0.3192493330819582,-6.0916401620029
2017-11-18 23:00:00,18.7,73,0.0,5.5,349,1.049449474570997,-5.3989495089621515
2017-11-19 00:00:00,18.5,72,0.0,5.5,349,1.049449474570997,-5.3989495089621515
2017-11-19 01:00:00,17.8,74,0.0,8.0,350,1.3891854213354433,-7.878462024097664
2017-11-19 02:00:00,17.3,76,0.0,7.9,3,-0.41345405431926,-7.889173324561134
2017-11-19 03:00:00,17.5,77,0.1,5.4,356,0.3766849582182763,-5.386845871403051
2017-11-19 04:00:00,17.0,80,0.3,4.7,356,0.3278554265973886,-4.688551036221174
2017-11-19 05:00:00,16.4,83,0.0,6.1,360,3.735172737399427e-16,-6.1
2017-11-19 06:00:00,16.1,84,0.0,5.1,4,-0.35575801609504043,-5.087576656325103
2017-11-19 07:00:00,16.4,84,0.0,3.3,354,0.3449439287832564,-3.2819222547153015
2017-11-19 08:00:00,17.9,82,0.0,3.2,333,1.45276959916655,-2.851220877402777
2017-11-19 09:00:00,19.0,84,0.0,1.5,315,1.0606601717798214,-1.0606601717798212
2017-11-19 10:00:00,19.6,85,0.0,1.8,281,1.7669289302057951,-0.34345619167778063
2017-11-19 11:00:00,20.4,84,0.0,2.4,243,2.138415658052083,1.0895771993749122
2017-11-19 12:00:00,22.1,77,0.0,4.6,231,3.5748714227020657,2.8948737988292517
2017-11-19 13:00:00,23.3,69,0.0,7.4,231,5.750880114781585,4.656970893768797
2017-11-19 14:00:00,23.9,65,0.0,6.4,243,5.702441754805555,2.9055391983330994
2017-11-19 15:00:00,23.3,67,0.0,4.3,270,4.3,0.0
2017-11-19 16:00:00,22.6,69,0.0,5.0,291,4.667902132486009,-1.7918397477265013
2017-11-19 17:00:00,21.4,73,0.0,6.1,310,4.6728711030257655,-3.921004419087889
2017-11-19 18:00:00,20.5,77,0.0,2.8,320,1.7998053071223101,-2.1449244407331385
2017-11-19 19:00:00,20.2,79,0.1,1.5,76,-1.4554435894139948,-0.3628828433995013
2017-11-19 20:00:00,20.4,85,0.1,1.3,34,-0.7269507745119705,-1.0777488443215544
2017-11-19 21:00:00,19.6,85,0.0,2.5,8,-0.3479327524001646,-2.475670171853926
2017-11-19 22:00:00,19.3,90,0.0,1.8,360,1.1021821192326179e-16,-1.8
2017-11-19 23:00:00,19.2,87,0.0,1.8,79,-1.7669289302057951,-0.3434561916777805
2017-11-20 00:00:00,19.3,87,0.0,2.6,344,0.7166571251241979,-2.499280409439629
2017-11-20 01:00:00,19.1,86,0.3,4.3,5,-0.37476969381493047,-4.283637201794505
2017-11-20 02:00:00,19.0,87,0.0,5.4,48,-4.012982057577929,-3.6133052743378347
2017-11-20 03:00:00,19.4,87,0.1,4.3,24,-1.7489675652259404,-3.928245467863184
2017-11-20 04:00:00,19.5,88,0.1,4.4,9,-0.6883116461770166,-4.345828698618606
2017-11-20 05:00:00,19.0,91,0.2,5.2,344,1.4333142502483958,-4.998560818879258
2017-11-20 06:00:00,18.4,96,0.3,7.0,12,-1.4553818357243185,-6.847033205136639
2017-11-20 07:00:00,18.4,95,0.0,8.6,33,-4.683895701129232,-7.212566884330647
2017-11-20 08:00:00,19.6,91,0.0,7.1,15,-1.8376152202278964,-6.858073366652385
2017-11-20 09:00:00,20.8,84,0.0,9.4,360,5.755839955992561e-16,-9.4
2017-11-20 10:00:00,21.5,80,0.0,7.2,3,-0.376818884949199,-7.190132650232932
2017-11-20 11:00:00,22.0,77,0.0,8.5,348,1.7672493719509554,-8.314254606237347
2017-11-20 12:00:00,23.0,71,0.0,8.8,12,-1.8296228791962863,-8.60769888645749
2017-11-20 13:00:00,23.6,68,0.0,8.5,12,-1.767249371950958,-8.314254606237347
2017-11-20 14:00:00,24.0,66,0.0,6.6,9,-1.0324674692655247,-6.5187430479279085
2017-11-20 15:00:00,23.0,70,0.1,12.5,348,2.598896135221993,-12.22684500917257
2017-11-20 16:00:00,21.2,74,0.1,13.7,360,8.388830574159369e-16,-13.7
2017-11-20 17:00:00,19.8,78,0.0,11.2,6,-1.1707187885977175,-11.13864522812466
2017-11-20 18:00:00,18.3,82,0.0,9.5,349,1.8126854560771768,-9.325458242752807
2017-11-20 19:00:00,17.4,84,0.0,6.5,3,-0.340183715579138,-6.49109197590473
2017-11-20 20:00:00,18.3,81,0.0,4.2,20,-1.436484601967808,-3.9467090073008158
2017-11-20 21:00:00,18.1,81,0.0,6.5,354,0.6794350112397475,-6.4643923198937765
2017-11-20 22:00:00,17.7,84,0.0,6.1,28,-2.8637765329939335,-5.385980316439454
2017-11-20 23:00:00,17.4,86,0.1,6.1,360,3.735172737399427e-16,-6.1
2017-11-21 00:00:00,17.6,87,0.4,5.7,55,-4.669166652447253,-3.269385687200963
2017-11-21 01:00:00,17.5,90,0.1,6.2,7,-0.7555899291119125,-6.153786140176197
2017-11-21 02:00:00,17.5,91,0.0,5.9,38,-3.632402704421383,-4.649263446279661
2017-11-21 03:00:00,17.6,92,0.1,5.2,25,-2.197614961051636,-4.71280049259058
2017-11-21 04:00:00,17.7,92,0.1,4.3,5,-0.37476969381493047,-4.283637201794505
2017-11-21 05:00:00,17.8,92,0.0,4.1,38,-2.524212048835198,-3.2308440897875603
2017-11-21 06:00:00,17.6,93,0.3,4.7,23,-1.836436303899587,-4.326372811226469
2017-11-21 07:00:00,17.9,93,0.0,5.4,4,-0.37668495821827813,-5.386845871403051
2017-11-21 08:00:00,20.4,79,0.1,1.3,326,0.7269507745119709,-1.0777488443215544
2017-11-21 09:00:00,21.3,77,0.0,2.4,297,2.138415658052083,-1.0895771993749122
2017-11-21 10:00:00,22.8,74,0.0,1.8,323,1.0832670416736871,-1.437543918085127
2017-11-21 11:00:00,23.5,72,0.0,5.1,315,3.6062445840513924,-3.606244584051392
2017-11-21 12:00:00,24.6,68,0.1,3.3,319,2.1649947956686737,-2.4905416147351476
2017-11-21 13:00:00,24.7,67,0.1,3.3,311,2.4905416147351476,-2.1649947956686737
2017-11-21 14:00:00,24.7,67,0.0,5.0,339,1.791839747726502,-4.667902132486009
2017-11-21 15:00:00,25.0,65,0.0,4.7,9,-0.7352419856890859,-4.6421352007971475
2017-11-21 16:00:00,24.6,66,0.0,6.4,333,2.9055391983331,-5.702441754805554
2017-11-21 17:00:00,22.6,77,0.0,4.1,322,2.524212048835199,-3.23084408978756
2017-11-21 18:00:00,21.2,84,0.0,4.4,351,0.6883116461770161,-4.3458286986186065
2017-11-21 19:00:00,20.0,91,0.0,5.0,60,-4.330127018922193,-2.5000000000000004
2017-11-21 20:00:00,19.4,97,0.0,6.5,3,-0.340183715579138,-6.49109197590473
2017-11-21 21:00:00,19.2,98,0.0,3.9,22,-1.460965714322058,-3.6160170328104706
2017-11-21 22:00:00,19.0,98,0.0,4.1,15,-1.0611580849203346,-3.96029588778518
2017-11-21 23:00:00,18.9,99,0.0,3.6,45,-2.545584412271572,-2.545584412271571
2017-11-22 00:00:00,19.6,97,0.0,3.3,6,-0.3449439287832561,-3.281922254715302
2017-11-22 01:00:00,19.1,99,0.0,7.0,12,-1.4553818357243185,-6.847033205136639
2017-11-22 02:00:00,19.3,99,0.0,8.6,22,-3.2216167033768457,-7.97378114927437
2017-11-22 03:00:00,19.2,99,0.0,10.5,8,-1.4613175600806911,-10.397814721786487
2017-11-22 04:00:00,19.0,99,0.0,10.8,15,-2.795245687107223,-10.431998923921938
2017-11-22 05:00:00,18.5,99,0.0,12.8,10,-2.2226966741367082,-12.605539238556263
2017-11-22 06:00:00,17.8,99,0.0,15.3,9,-2.393447315115535,-15.111631611105606
2017-11-22 07:00:00,17.9,97,0.0,17.8,14,-4.3062097416740865,-17.271263927712738
2017-11-22 08:00:00,19.2,90,0.0,17.7,17,-5.174979173592447,-16.926594180545724
2017-11-22 09:00:00,20.4,83,0.0,17.7,20,-6.053756536864333,-16.63255938791058
2017-11-22 10:00:00,21.6,76,0.0,17.3,17,-5.058030491703352,-16.544072278160513
2017-11-22 11:00:00,22.7,72,0.0,15.8,17,-4.619472934619246,-15.109615144215958
2017-11-22 12:00:00,23.4,70,0.0,14.6,20,-4.99349409255476,-13.719512263474263
2017-11-22 13:00:00,24.5,65,0.0,14.5,14,-3.507867486195183,-14.06928803100195
2017-11-22 14:00:00,24.0,67,0.0,16.6,1,-0.2897099468589061,-16.597471739596095
2017-11-22 15:00:00,22.6,71,0.0,16.6,1,-0.2897099468589061,-16.597471739596095
2017-11-22 16:00:00,21.0,75,0.0,17.3,4,-1.2067869957733726,-17.257858069494958
2017-11-22 17:00:00,19.6,78,0.0,16.4,9,-2.5655252266597888,-16.198088785760255
2017-11-22 18:00:00,18.5,80,0.0,14.4,3,-0.753637769898398,-14.380265300465863
2017-11-22 19:00:00,17.5,83,0.4,13.7,5,-1.194033675642918,-13.647867363856914
2017-11-22 20:00:00,17.1,81,0.4,15.2,5,-1.3247672897644054,-15.142159410994532
2017-11-22 21:00:00,17.2,80,0.0,14.6,9,-2.283943189587373,-14.42024977268901
2017-11-22 22:00:00,16.9,81,0.0,12.3,5,-1.0720156357961965,-12.253194786528471
2017-11-22 23:00:00,16.3,82,0.0,10.5,356,0.732442974313315,-10.474422527728153
2017-11-23 00:00:00,15.9,81,0.0,11.5,360,7.041719095097281e-16,-11.5
2017-11-23 01:00:00,15.6,82,0.0,11.6,7,-1.413684383499707,-11.513535359039336
2017-11-23 02:00:00,15.5,84,0.0,10.9,9,-1.7051356689385184,-10.765802912487
2017-11-23 03:00:00,15.5,84,0.0,10.8,4,-0.7533699164365563,-10.773691742806102
2017-11-23 04:00:00,15.3,84,0.0,10.4,2,-0.36295476570600793,-10.393664600998596
2017-11-23 05:00:00,15.4,84,0.0,8.7,5,-0.7582549619046267,-8.666893873398186
2017-11-23 06:00:00,15.1,84,0.0,11.2,360,6.858022075225178e-16,-11.2
2017-11-23 07:00:00,15.2,85,0.0,10.5,8,-1.4613175600806911,-10.397814721786487
2017-11-23 08:00:00,16.8,81,0.0,12.9,18,-3.9863192274368235,-12.26862906020748
2017-11-23 09:00:00,18.9,75,0.0,11.4,13,-2.564442019520064,-11.10781873855168
2017-11-23 10:00:00,19.9,70,0.0,11.5,4,-0.8021994480574441,-11.471986577987979
2017-11-23 11:00:00,21.1,65,0.0,10.7,12,-2.2246550917500296,-10.46617932785172
2017-11-23 12:00:00,22.1,60,0.0,10.8,4,-0.7533699164365563,-10.773691742806102
2017-11-23 13:00:00,22.1,57,0.0,15.5,3,-0.8112073217656367,-15.478757788695894
2017-11-23 14:00:00,21.2,58,0.0,16.6,5,-1.446785329611127,-16.536831988322977
2017-11-23 15:00:00,20.0,61,0.0,14.4,359,0.2513146526968838,-14.397806810252035
2017-11-23 16:00:00,18.6,65,0.0,10.5,356,0.732442974313315,-10.474422527728153
2017-11-23 17:00:00,17.0,69,0.0,7.9,344,2.1775351109542935,-7.59396739791272
2017-11-23 18:00:00,15.7,73,0.0,4.0,333,1.8159619989581872,-3.564026096753471
2017-11-23 19:00:00,15.2,74,0.0,0.4,180,2.4492935982947065e-17,0.4
2017-11-23 20:00:00,15.2,81,0.0,1.5,315,1.0606601717798214,-1.0606601717798212
2017-11-23 21:00:00,15.5,73,0.0,0.0,270,0.0,0.0
2017-11-23 22:00:00,15.4,74,0.0,2.1,329,1.0815799573111138,-1.800051331474436
2017-11-23 23:00:00,15.0,75,0.0,3.1,21,-1.1109406435904323,-2.894099322141325
2017-11-24 00:00:00,15.2,77,0.0,3.2,27,-1.4527695991665501,-2.851220877402777
2017-11-24 01:00:00,15.3,78,0.0,4.0,27,-1.8159619989581877,-3.564026096753471
2017-11-24 02:00:00,15.3,79,0.0,5.5,23,-2.149021206691006,-5.062776693988422
2017-11-24 03:00:00,15.3,81,0.0,5.0,21,-1.7918397477265036,-4.667902132486008
2017-11-24 04:00:00,14.9,83,0.0,6.0,17,-1.7542302283364226,-5.7378285357782115
2017-11-24 05:00:00,14.7,82,0.0,7.2,27,-3.268731598124738,-6.415246974156248
2017-11-24 06:00:00,14.8,81,0.0,5.7,18,-1.7613968679372012,-5.421022142882375
2017-11-24 07:00:00,15.1,79,0.0,6.0,17,-1.7542302283364226,-5.7378285357782115
2017-11-24 08:00:00,17.2,71,0.0,8.0,342,2.4721359549995796,-7.608452130361228
2017-11-24 09:00:00,18.2,67,0.0,7.1,345,1.8376152202278973,-6.858073366652385
2017-11-24 10:00:00,19.1,66,0.0,4.0,333,1.8159619989581872,-3.564026096753471
2017-11-24 11:00:00,20.0,66,0.0,4.4,351,0.6883116461770161,-4.3458286986186065
2017-11-24 12:00:00,21.0,63,0.0,6.9,354,0.7212463965468089,-6.862201078041086
2017-11-24 13:00:00,21.4,61,0.0,7.8,347,1.7546182238821464,-7.6000865053248345
2017-11-24 14:00:00,21.3,61,0.0,9.5,351,1.4861274178821937,-9.38303923565381
2017-11-24 15:00:00,20.9,61,0.0,10.1,358,0.3524849166952609,-10.093847352892867
2017-11-24 16:00:00,20.1,62,0.0,9.8,352,1.3638963894086416,-9.70462707366739
2017-11-24 17:00:00,18.6,65,0.0,10.5,338,3.9333692308670756,-9.735430472951268
2017-11-24 18:00:00,17.6,67,0.0,6.9,354,0.7212463965468089,-6.862201078041086
2017-11-24 19:00:00,17.4,67,0.0,4.9,343,1.4326213531414103,-4.685893304218874
2017-11-24 20:00:00,17.6,67,0.3,4.4,325,2.5237363199446032,-3.604268994871564
2017-11-24 21:00:00,17.4,66,0.0,1.5,14,-0.36288284339950166,-1.4554435894139948
2017-11-24 22:00:00,17.5,70,0.0,3.1,306,2.5079526825623373,-1.8221342821066668
2017-11-24 23:00:00,16.7,70,0.0,2.2,360,1.3471114790620887e-16,-2.2
2017-11-25 00:00:00,16.6,76,0.0,3.1,126,-2.507952682562337,1.822134282106667
2017-11-25 01:00:00,17.3,78,0.0,1.5,76,-1.4554435894139948,-0.3628828433995013
2017-11-25 02:00:00,16.6,84,0.0,2.1,59,-1.800051331474436,-1.0815799573111138
2017-11-25 03:00:00,17.0,83,0.0,1.9,68,-1.761649323676896,-0.7117525274902328
2017-11-25 04:00:00,16.2,86,0.0,4.3,312,3.195522749552795,-2.8772616073430903
2017-11-25 05:00:00,16.0,82,0.0,2.6,34,-1.453901549023941,-2.1554976886431088
2017-11-25 06:00:00,16.4,81,0.0,6.5,56,-5.388744221607772,-3.6347538725598536
2017-11-25 07:00:00,17.1,80,0.0,6.8,32,-3.603450996785794,-5.766727053863696
2017-11-25 08:00:00,19.0,69,0.0,4.7,351,0.7352419856890854,-4.6421352007971475
2017-11-25 09:00:00,20.0,63,0.0,7.3,351,1.1419715947936857,-7.210124886344506
2017-11-25 10:00:00,21.3,59,0.0,10.5,344,2.8941922360784913,-10.093247807352348
2017-11-25 11:00:00,22.1,58,0.0,11.2,356,0.7812725059342026,-11.17271736291003
2017-11-25 12:00:00,23.1,58,0.0,9.7,22,-3.633683956134349,-8.993683389297836
2017-11-25 13:00:00,24.2,54,0.0,9.4,7,-1.1455718280083835,-9.329933825428428
2017-11-25 14:00:00,24.0,55,0.0,12.2,2,-0.42577385977050924,-12.192568089632967
2017-11-25 15:00:00,23.5,59,0.0,11.9,5,-1.0371533386971332,-11.854716907291772
2017-11-25 16:00:00,22.7,64,0.0,12.2,360,7.470345474798854e-16,-12.2
2017-11-25 17:00:00,20.5,74,0.0,11.5,358,0.4013442120787624,-11.492994510719601
2017-11-25 18:00:00,19.0,82,0.0,7.8,13,-1.7546182238821488,-7.600086505324834
2017-11-25 19:00:00,18.4,85,0.0,5.0,30,-2.500000000000002,-4.330127018922192
2017-11-25 20:00:00,18.1,88,0.0,11.2,4,-0.7812725059342065,-11.17271736291003
2017-11-25 21:00:00,18.2,88,0.0,12.0,46,-8.632077604063813,-8.335900445507969
2017-11-25 22:00:00,18.9,81,0.0,9.2,11,-1.7554427574642102,-9.030970087718508
2017-11-25 23:00:00,18.2,86,0.0,8.8,19,-2.864999759222979,-8.320563465273988
2017-11-26 00:00:00,17.8,88,0.0,8.1,32,-4.292346040288961,-6.86918957886705
2017-11-26 01:00:00,17.6,88,0.0,7.9,30,-3.9500000000000037,-6.841600689897064
2017-11-26 02:00:00,17.7,85,0.0,5.4,37,-3.2498011250210608,-4.312631754255381
2017-11-26 03:00:00,17.6,87,0.0,6.3,24,-2.5624408513775405,-5.755336383148386
2017-11-26 04:00:00,17.2,91,0.0,7.2,27,-3.268731598124738,-6.415246974156248
2017-11-26 05:00:00,17.6,86,0.0,7.4,43,-5.04678786446249,-5.412017391981862
2017-11-26 06:00:00,17.8,86,0.0,8.6,22,-3.2216167033768457,-7.97378114927437
2017-11-26 07:00:00,18.4,84,0.0,9.2,39,-5.789747597658508,-7.149742845404129
2017-11-26 08:00:00,20.2,74,0.0,9.4,18,-2.904759747124507,-8.939931253174443
2017-11-26 09:00:00,22.1,63,0.0,10.6,28,-4.976398565530442,-9.359244484304625
2017-11-26 10:00:00,23.1,59,0.0,12.0,7,-1.462432120861766,-11.910553819695865
2017-11-26 11:00:00,22.9,67,0.0,15.5,4,-1.0812253430339465,-15.462242779027275
2017-11-26 12:00:00,24.1,64,0.0,16.2,13,-3.644207080370617,-15.784795049520808
2017-11-26 13:00:00,25.0,61,0.0,17.7,6,-1.8501537998374644,-17.60303754801844
2017-11-26 14:00:00,24.6,64,0.0,17.5,8,-2.435529266801152,-17.32969120297748
2017-11-26 15:00:00,23.8,66,0.0,17.0,13,-3.8241679238457094,-16.564291101348996
2017-11-26 16:00:00,22.5,72,0.0,16.3,18,-5.036977008311646,-15.502221215611003
2017-11-26 17:00:00,21.0,77,0.0,14.0,12,-2.910763671448637,-13.694066410273278
2017-11-26 18:00:00,19.4,83,0.0,12.0,7,-1.462432120861766,-11.910553819695865
2017-11-26 19:00:00,18.8,85,0.0,7.1,15,-1.8376152202278964,-6.858073366652385
2017-11-26 20:00:00,19.1,86,0.2,6.4,333,2.9055391983331,-5.702441754805554
2017-11-26 21:00:00,18.8,87,0.0,3.2,360,1.9594348786357652e-16,-3.2
2017-11-26 22:00:00,18.5,88,0.0,4.3,336,1.7489675652259409,-3.9282454678631837
2017-11-26 23:00:00,17.7,91,0.0,4.8,318,3.2118269105225195,-3.5670951622914924
2017-11-27 00:00:00,17.4,91,0.1,4.3,48,-3.195522749552795,-2.8772616073430903
2017-11-27 01:00:00,17.3,92,2.3,4.9,17,-1.4326213531414118,-4.685893304218873
2017-11-27 02:00:00,17.5,93,2.0,2.6,56,-2.1554976886431088,-1.4539015490239415
2017-11-27 03:00:00,17.3,94,0.3,3.1,21,-1.1109406435904323,-2.894099322141325
2017-11-27 04:00:00,17.7,93,0.5,2.2,81,-2.1729143493093033,-0.3441558230885076
2017-11-27 05:00:00,17.9,92,0.7000000000000001,5.2,25,-2.197614961051636,-4.71280049259058
2017-11-27 06:00:00,17.7,92,0.7000000000000001,5.3,28,-2.488199282765221,-4.679622242152313
2017-11-27 07:00:00,17.8,92,0.7000000000000001,8.0,36,-4.702282018339786,-6.472135954999579
2017-11-27 08:00:00,19.6,84,0.5,5.1,4,-0.35575801609504043,-5.087576656325103
2017-11-27 09:00:00,21.2,78,0.0,5.4,352,0.7515347451843536,-5.34744757120448
2017-11-27 10:00:00,22.6,73,0.0,5.5,349,1.049449474570997,-5.3989495089621515
2017-11-27 11:00:00,23.7,68,0.0,4.0,350,0.6945927106677217,-3.939231012048832
2017-11-27 12:00:00,24.6,64,0.0,3.3,13,-0.7423384793347553,-3.215421213791276
2017-11-27 13:00:00,25.2,61,0.0,2.3,51,-1.7874357113510326,-1.4474368994146265
2017-11-27 14:00:00,25.5,58,0.0,2.3,51,-1.7874357113510326,-1.4474368994146265
2017-11-27 15:00:00,25.5,58,0.0,3.7,29,-1.7937955949114464,-3.2360929164157652
2017-11-27 16:00:00,24.9,59,0.0,4.7,4,-0.32785542659739025,-4.688551036221174
2017-11-27 17:00:00,23.1,68,0.0,5.2,326,2.9078030980478835,-4.3109953772862175
2017-11-27 18:00:00,21.2,83,0.0,4.2,329,2.1631599146222276,-3.600102662948872
2017-11-27 19:00:00,21.5,81,0.0,1.3,56,-1.0777488443215544,-0.7269507745119708
2017-11-27 20:00:00,22.1,80,0.0,3.8,253,3.6339580726595346,1.1110124779463997
2017-11-27 21:00:00,20.7,88,0.0,3.3,193,0.7423384793347542,3.2154212137912763
2017-11-27 22:00:00,20.3,89,0.0,4.7,171,-0.7352419856890848,4.6421352007971475
2017-11-27 23:00:00,20.4,87,0.0,4.6,198,1.4214781741247582,4.3748599749577055
2017-11-28 00:00:00,20.4,87,0.0,4.3,180,2.632990618166809e-16,4.3
2017-11-28 01:00:00,20.6,87,0.0,4.3,175,-0.3747696938149304,4.283637201794505
2017-11-28 02:00:00,20.2,90,0.0,5.9,191,1.125773072721615,5.791600382341218
2017-11-28 03:00:00,20.4,89,0.0,4.6,225,3.2526911934581184,3.252691193458118
2017-11-28 04:00:00,20.3,89,0.0,3.1,159,-1.1109406435904308,2.8940993221413254
2017-11-28 05:00:00,20.5,87,0.0,3.4,148,-1.8017254983928963,2.8833635269318485
2017-11-28 06:00:00,20.6,85,0.0,3.4,162,-1.050657780874821,3.2335921554035223
2017-11-28 07:00:00,21.2,87,0.0,2.9,173,-0.35342109587492737,2.878383839759834
2017-11-28 08:00:00,23.1,78,0.0,0.5,315,0.3535533905932738,-0.35355339059327373
2017-11-28 09:00:00,24.6,72,0.0,4.1,285,3.96029588778518,-1.061158084920335
2017-11-28 10:00:00,25.9,68,0.0,4.3,270,4.3,0.0
2017-11-28 11:00:00,27.0,64,0.0,5.4,290,5.074340152243906,-1.8469087739586112
2017-11-28 12:00:00,27.8,60,0.0,4.8,312,3.5670951622914924,-3.2118269105225195
2017-11-28 13:00:00,28.2,59,0.0,5.6,345,1.4493866525741161,-5.4091846272187825
2017-11-28 14:00:00,28.1,60,0.0,9.0,360,5.51091059616309e-16,-9.0
2017-11-28 15:00:00,27.3,63,0.0,12.0,9,-1.8772135804827723,-11.852260087141651
2017-11-28 16:00:00,26.5,66,0.0,10.9,8,-1.5169868004647176,-10.793921949283115
2017-11-28 17:00:00,24.9,72,0.0,8.3,360,5.082284216461516e-16,-8.3
2017-11-28 18:00:00,23.3,80,0.0,6.0,17,-1.7542302283364226,-5.7378285357782115
2017-11-28 19:00:00,22.3,87,0.0,4.1,45,-2.8991378028648453,-2.8991378028648445
2017-11-28 20:00:00,22.6,82,0.0,2.6,56,-2.1554976886431088,-1.4539015490239415
2017-11-28 21:00:00,22.3,84,0.0,1.6,207,0.726384799583275,1.4256104387013886
2017-11-28 22:00:00,22.2,84,0.0,3.0,194,0.725765686799003,2.9108871788279895
2017-11-28 23:00:00,21.6,87,0.0,2.9,240,2.511473670974872,1.4499999999999997
2017-11-29 00:00:00,21.2,89,0.0,3.6,174,-0.3763024677635528,3.580278823325784
2017-11-29 01:00:00,20.3,94,0.0,5.6,195,1.4493866525741161,5.4091846272187825
2017-11-29 02:00:00,20.5,91,0.0,4.6,198,1.4214781741247582,4.3748599749577055
2017-11-29 03:00:00,20.3,90,0.0,4.2,211,2.1631599146222276,3.600102662948872
2017-11-29 04:00:00,20.2,90,0.0,4.1,218,2.524212048835199,3.23084408978756
2017-11-29 05:00:00,19.8,91,0.0,4.6,231,3.5748714227020657,2.8948737988292517
2017-11-29 06:00:00,19.8,91,0.0,3.8,229,2.8678964048465336,2.4930243101639276
2017-11-29 07:00:00,20.6,83,0.0,6.8,212,3.603450996785793,5.766727053863696
2017-11-29 08:00:00,22.3,74,0.0,8.5,216,4.996174644486022,6.876644452187053
2017-11-29 09:00:00,24.3,69,0.0,11.2,222,7.494262791219212,8.323222045346816
2017-11-29 10:00:00,25.8,65,0.0,11.5,229,8.679160172561879,7.544678833390834
2017-11-29 11:00:00,27.1,62,0.0,11.7,236,9.699739598893986,6.542556970607738
2017-11-29 12:00:00,27.9,58,0.0,10.5,239,9.00025665737218,5.407899786555569
2017-11-29 13:00:00,28.4,56,0.0,9.5,241,8.30888721782426,4.605691392340202
2017-11-29 14:00:00,28.5,55,0.0,9.2,249,8.588939923774255,3.296985135816762
2017-11-29 15:00:00,28.0,57,0.0,10.5,274,10.474422527728153,-0.7324429743133156
2017-11-29 16:00:00,26.3,64,0.0,9.0,286,8.65135526344487,-2.4807362023529924
2017-11-29 17:00:00,24.0,75,0.0,6.4,308,5.043268823083021,-3.9402334420842133
2017-11-29 18:00:00,21.9,87,0.0,5.4,352,0.7515347451843536,-5.34744757120448
2017-11-29 19:00:00,21.0,93,0.0,5.2,16,-1.4333142502483942,-4.998560818879259
2017-11-29 20:00:00,21.0,95,0.0,6.6,9,-1.0324674692655247,-6.5187430479279085
2017-11-29 21:00:00,20.6,97,0.0,8.3,5,-0.7233926648055635,-8.268415994161488
2017-11-29 22:00:00,20.5,96,0.0,8.4,10,-1.458644692402215,-8.272385125302547
2017-11-29 23:00:00,20.7,94,0.0,8.3,2,-0.28966582263075635,-8.294943864258496
2017-11-30 00:00:00,20.4,95,0.0,7.6,355,0.6623836448822018,-7.571079705497266
2017-11-30 01:00:00,20.2,95,0.0,7.3,9,-1.1419715947936866,-7.210124886344505
2017-11-30 02:00:00,20.1,95,0.0,7.4,14,-1.7902220274375418,-7.180188374442374
2017-11-30 03:00:00,19.9,96,0.0,9.1,9,-1.4235536318661024,-8.987963899415753
2017-11-30 04:00:00,19.7,96,0.0,10.0,13,-2.2495105434386526,-9.743700647852352
2017-11-30 05:00:00,19.5,97,0.0,11.4,13,-2.564442019520064,-11.10781873855168
2017-11-30 06:00:00,19.5,97,0.0,13.3,13,-2.991849022773408,-12.959121861643627
2017-11-30 07:00:00,19.8,94,0.0,11.7,11,-2.232465245905572,-11.485038046337667
2017-11-30 08:00:00,20.9,89,0.0,4.2,340,1.436484601967809,-3.9467090073008153
2017-11-30 09:00:00,22.5,81,0.0,3.8,287,3.6339580726595346,-1.1110124779463997
2017-11-30 10:00:00,24.6,68,0.0,5.0,270,5.0,0.0
2017-11-30 11:00:00,26.0,63,0.0,5.4,274,5.386845871403051,-0.37668495821827663
2017-11-30 12:00:00,27.2,58,0.0,4.3,270,4.3,0.0
2017-11-30 13:00:00,27.8,55,0.0,4.5,284,4.366330768241984,-1.0886485301985047
2017-11-30 14:00:00,28.3,52,0.0,5.5,293,5.062776693988422,-2.149021206691006
2017-11-30 15:00:00,27.1,57,0.0,12.1,330,6.050000000000002,-10.478907385791707
2017-11-30 16:00:00,23.9,69,0.0,17.5,351,2.737603138204041,-17.28454596041491
2017-11-30 17:00:00,21.5,77,0.0,12.6,5,-1.0981623586204938,-12.552053195955994
2017-11-30 18:00:00,20.1,81,0.0,10.8,2,-0.37691456438700827,-10.793420931806235
2017-11-30 19:00:00,19.3,81,0.0,8.5,348,1.7672493719509554,-8.314254606237347
2017-11-30 20:00:00,19.0,82,0.0,6.0,343,1.7542302283364206,-5.737828535778212
2017-11-30 21:00:00,18.9,81,0.0,5.6,345,1.4493866525741161,-5.4091846272187825
2017-11-30 22:00:00,18.4,83,0.0,6.6,351,1.032467469265524,-6.518743047927909
2017-11-30 23:00:00,18.3,83,0.0,5.1,8,-0.7097828148963357,-5.050367150582008
2017-12-01 00:00:00,18.2,83,0.0,5.4,360,3.3065463576978537e-16,-5.4
2017-12-01 01:00:00,17.7,84,0.0,6.8,357,0.35588450245201897,-6.790680836331102
2017-12-01 02:00:00,17.3,85,0.0,7.6,357,0.3977532674463741,-7.589584464134761
2017-12-01 03:00:00,17.3,84,0.0,7.6,8,-1.0577155672965002,-7.526037322435934
2017-12-01 04:00:00,17.1,83,0.0,7.9,360,4.837354856632045e-16,-7.9
2017-12-01 05:00:00,16.8,84,0.0,8.3,358,0.289665822630759,-8.294943864258496
2017-12-01 06:00:00,16.7,83,0.0,10.5,6,-1.0975488643103604,-10.442479901366871
2017-12-01 07:00:00,17.1,79,0.0,11.5,2,-0.40134421207875876,-11.492994510719601
2017-12-01 08:00:00,19.2,70,0.0,6.6,338,2.4724035165450187,-6.1194134401407965
2017-12-01 09:00:00,20.5,65,0.0,5.9,322,3.6324027044213842,-4.64926344627966
2017-12-01 10:00:00,22.3,60,0.0,10.3,335,4.352968095929205,-9.334970206477495
2017-12-01 11:00:00,23.9,55,0.0,11.2,339,4.013721034907364,-10.45610077676866
2017-12-01 12:00:00,25.0,53,0.0,13.4,336,5.450271017215723,-12.241509132410853
2017-12-01 13:00:00,24.8,53,0.0,14.5,337,5.665601363094469,-13.347320375060386
2017-12-01 14:00:00,24.0,55,0.0,16.9,344,4.658271313307285,-16.245322661357587
2017-12-01 15:00:00,22.8,59,0.0,16.4,351,2.565525226659787,-16.19808878576026
2017-12-01 16:00:00,21.6,63,0.0,13.8,353,1.6817969389910354,-13.697136892650244
2017-12-01 17:00:00,20.0,69,0.0,11.0,337,4.298042413382011,-10.125553387976844
2017-12-01 18:00:00,19.0,72,0.0,8.5,348,1.7672493719509554,-8.314254606237347
2017-12-01 19:00:00,18.4,74,0.0,8.0,342,2.4721359549995796,-7.608452130361228
2017-12-01 20:00:00,19.0,74,0.0,5.7,342,1.7613968679372005,-5.421022142882375
2017-12-01 21:00:00,18.2,78,0.0,3.9,338,1.4609657143220567,-3.616017032810471
2017-12-01 22:00:00,17.9,80,0.0,2.4,27,-1.0895771993749126,-2.138415658052083
2017-12-01 23:00:00,17.9,81,0.0,2.4,333,1.0895771993749124,-2.138415658052083
2017-12-02 00:00:00,17.8,81,0.0,4.0,5,-0.348622970990633,-3.984778792366982
2017-12-02 01:00:00,17.5,83,0.0,3.6,360,2.2043642384652358e-16,-3.6
2017-12-02 02:00:00,17.1,86,0.0,4.7,4,-0.32785542659739025,-4.688551036221174
2017-12-02 03:00:00,17.3,86,0.0,5.3,28,-2.488199282765221,-4.679622242152313
2017-12-02 04:00:00,17.4,87,0.0,5.4,20,-1.8469087739586103,-5.074340152243906
2017-12-02 05:00:00,17.4,87,0.0,6.2,7,-0.7555899291119125,-6.153786140176197
2017-12-02 06:00:00,17.5,88,0.0,3.6,6,-0.3763024677635521,-3.5802788233257843
2017-12-02 07:00:00,17.0,89,0.0,5.7,342,1.7613968679372005,-5.421022142882375
2017-12-02 08:00:00,19.3,80,0.1,6.2,7,-0.7555899291119125,-6.153786140176197
2017-12-02 09:00:00,20.4,74,0.0,8.9,346,2.1531048708370424,-8.635631963856369
2017-12-02 10:00:00,22.0,67,0.0,8.2,345,2.12231616984067,-7.92059177557036
2017-12-02 11:00:00,23.2,62,0.0,8.8,325,5.0474726398892065,-7.208537989743128
2017-12-02 12:00:00,24.0,59,0.0,8.8,325,5.0474726398892065,-7.208537989743128
2017-12-02 13:00:00,24.4,58,0.0,6.9,332,3.239353783222647,-6.092338390726596
2017-12-02 14:00:00,24.6,57,0.0,8.8,325,5.0474726398892065,-7.208537989743128
2017-12-02 15:00:00,23.9,60,0.0,11.8,340,4.035837691242892,-11.088372925273719
2017-12-02 16:00:00,22.7,63,0.0,11.9,357,0.6227978792910333,-11.88369146357943
2017-12-02 17:00:00,21.3,67,0.0,11.5,360,7.041719095097281e-16,-11.5
2017-12-02 18:00:00,20.2,72,0.0,8.6,2,-0.3001356716415065,-8.594761112364223
2017-12-02 19:00:00,19.9,73,0.0,6.5,360,3.9801020972288977e-16,-6.5
2017-12-02 20:00:00,19.6,77,0.0,4.0,10,-0.6945927106677213,-3.939231012048832
2017-12-02 21:00:00,18.8,81,0.0,5.4,356,0.3766849582182763,-5.386845871403051
2017-12-02 22:00:00,18.1,84,0.0,4.0,27,-1.8159619989581877,-3.564026096753471
2017-12-02 23:00:00,17.5,88,0.0,5.0,30,-2.500000000000002,-4.330127018922192
2017-12-03 00:00:00,17.1,91,0.0,5.1,8,-0.7097828148963357,-5.050367150582008
2017-12-03 01:00:00,16.6,94,0.0,4.8,27,-2.179154398749825,-4.276831316104166
2017-12-03 02:00:00,16.3,95,0.0,4.7,32,-2.490620541896064,-3.9858260519352022
2017-12-03 03:00:00,16.3,95,0.0,3.6,45,-2.545584412271572,-2.545584412271571
2017-12-03 04:00:00,16.6,94,0.0,3.3,41,-2.1649947956686737,-2.4905416147351476
2017-12-03 05:00:00,17.2,90,0.0,4.7,32,-2.490620541896064,-3.9858260519352022
2017-12-03 06:00:00,17.2,91,0.0,5.4,37,-3.2498011250210608,-4.312631754255381
2017-12-03 07:00:00,17.6,90,0.0,7.7,28,-3.614931033451359,-6.798696465013738
2017-12-03 08:00:00,18.9,85,0.0,6.8,360,4.1637991171010006e-16,-6.8
2017-12-03 09:00:00,20.4,78,0.0,9.0,5,-0.7844016847289242,-8.96575228282571
2017-12-03 10:00:00,21.9,72,0.0,8.4,10,-1.458644692402215,-8.272385125302547
2017-12-03 11:00:00,23.7,64,0.0,8.6,360,5.265981236333618e-16,-8.6
2017-12-03 12:00:00,24.9,60,0.0,10.1,6,-1.055737479003299,-10.044671143219562
2017-12-03 13:00:00,25.9,56,0.0,10.4,14,-2.515987714236545,-10.091075553270363
2017-12-03 14:00:00,26.4,55,0.0,11.2,4,-0.7812725059342065,-11.17271736291003
2017-12-03 15:00:00,25.9,57,0.0,12.3,357,0.6437322617882109,-12.283143277481258
2017-12-03 16:00:00,24.7,60,0.0,12.6,347,2.8343832847326977,-12.277062816293963
2017-12-03 17:00:00,21.7,70,0.0,11.4,342,3.522793735874401,-10.84204428576475
2017-12-03 18:00:00,19.8,77,0.0,9.4,4,-0.6557108531947805,-9.377102072442348
2017-12-03 19:00:00,19.0,80,0.0,7.3,9,-1.1419715947936866,-7.210124886344505
2017-12-03 20:00:00,18.8,83,0.0,5.1,356,0.35575801609503865,-5.087576656325103
2017-12-03 21:00:00,18.0,87,0.0,4.5,29,-2.1816432911085157,-3.935788682127282
2017-12-03 22:00:00,17.6,89,0.0,4.5,346,1.0886485301985045,-4.366330768241984
2017-12-03 23:00:00,17.4,88,0.0,7.2,3,-0.376818884949199,-7.190132650232932
2017-12-04 00:00:00,16.7,92,0.0,7.9,16,-2.1775351109542913,-7.593967397912721
2017-12-04 01:00:00,16.3,93,0.0,5.0,21,-1.7918397477265036,-4.667902132486008
2017-12-04 02:00:00,16.1,94,0.0,5.4,8,-0.7515347451843555,-5.34744757120448
2017-12-04 03:00:00,15.7,93,0.0,5.3,28,-2.488199282765221,-4.679622242152313
2017-12-04 04:00:00,15.8,91,0.0,6.1,28,-2.8637765329939335,-5.385980316439454
2017-12-04 05:00:00,16.0,84,0.0,6.6,29,-3.199743493625823,-5.772490067120013
2017-12-04 06:00:00,16.4,78,0.0,7.6,25,-3.2118987892293136,-6.88793918147854
2017-12-04 07:00:00,16.7,80,0.0,10.8,360,6.613092715395707e-16,-10.8
2017-12-04 08:00:00,18.3,77,0.0,12.0,21,-4.3004153945436085,-11.20296511796642
2017-12-04 09:00:00,20.6,66,0.0,11.7,9,-1.830283240970703,-11.55595358496311
2017-12-04 10:00:00,22.6,57,0.0,11.3,7,-1.3771235804781632,-11.21577151354694
2017-12-04 11:00:00,24.2,53,0.0,14.1,6,-1.4738513320739124,-14.022758724692654
2017-12-04 12:00:00,25.1,48,0.0,17.4,6,-1.8187952608571683,-17.304680979407955
2017-12-04 13:00:00,24.7,49,0.0,18.4,2,-0.642150739326014,-18.38879121715136
2017-12-04 14:00:00,23.3,54,0.0,20.9,3,-1.0938214854775359,-20.871357276370592
2017-12-04 15:00:00,21.8,58,0.0,20.6,6,-2.1532863433136593,-20.487151044586433
2017-12-04 16:00:00,19.9,63,0.0,19.2,6,-2.0069464947389446,-19.094820391070847
2017-12-04 17:00:00,17.8,70,0.0,16.7,7,-2.0352180348659576,-16.575520732410077
2017-12-04 18:00:00,16.6,74,0.0,11.3,17,-3.3038002633669294,-10.8062437423823
2017-12-04 19:00:00,15.9,77,0.0,7.6,8,-1.0577155672965002,-7.526037322435934
2017-12-04 20:00:00,15.5,83,0.0,3.1,306,2.5079526825623373,-1.8221342821066668
2017-12-04 21:00:00,14.8,85,0.0,3.4,328,1.8017254983928965,-2.883363526931848
2017-12-04 22:00:00,15.0,83,0.0,1.6,333,0.726384799583275,-1.4256104387013886
2017-12-04 23:00:00,14.7,84,0.0,2.8,310,2.1449244407331385,-1.7998053071223097
2017-12-05 00:00:00,14.5,83,0.0,4.0,355,0.34862297099063255,-3.984778792366982
2017-12-05 01:00:00,15.0,78,0.0,4.0,360,2.4492935982947064e-16,-4.0
2017-12-05 02:00:00,15.2,77,0.0,6.1,357,0.3192493330819582,-6.0916401620029
2017-12-05 03:00:00,15.4,77,0.0,5.1,4,-0.35575801609504043,-5.087576656325103
2017-12-05 04:00:00,15.4,75,0.0,6.8,360,4.1637991171010006e-16,-6.8
2017-12-05 05:00:00,15.5,74,0.0,7.8,13,-1.7546182238821488,-7.600086505324834
2017-12-05 06:00:00,15.7,74,0.0,8.6,358,0.3001356716415093,-8.594761112364223
2017-12-05 07:00:00,15.4,72,0.0,12.0,351,1.877213580482771,-11.852260087141653
2017-12-05 08:00:00,16.3,70,0.0,9.4,356,0.6557108531947772,-9.377102072442348
2017-12-05 09:00:00,16.7,69,0.0,11.9,3,-0.6227978792910372,-11.88369146357943
2017-12-05 10:00:00,18.1,65,0.0,12.3,3,-0.643732261788215,-12.283143277481258
2017-12-05 11:00:00,19.3,60,0.0,11.2,360,6.858022075225178e-16,-11.2
2017-12-05 12:00:00,20.2,55,0.0,12.6,357,0.659433048661094,-12.58273213790763
2017-12-05 13:00:00,20.2,52,0.0,11.9,2,-0.4153040107597591,-11.89275084152724
2017-12-05 14:00:00,20.6,51,0.0,12.6,2,-0.4397336584515096,-12.592324420440606
2017-12-05 15:00:00,20.1,51,0.0,12.2,360,7.470345474798854e-16,-12.2
2017-12-05 16:00:00,19.3,52,0.0,13.6,348,2.8275989951215283,-13.302807369979755
2017-12-05 17:00:00,16.9,58,0.0,12.0,351,1.877213580482771,-11.852260087141653
2017-12-05 18:00:00,15.1,63,0.0,9.0,355,0.7844016847289232,-8.96575228282571
2017-12-05 19:00:00,14.1,67,0.0,5.4,360,3.3065463576978537e-16,-5.4
2017-12-05 20:00:00,13.9,68,0.0,4.0,350,0.6945927106677217,-3.939231012048832
2017-12-05 21:00:00,13.8,70,0.0,3.4,18,-1.0506577808748216,-3.233592155403522
2017-12-05 22:00:00,13.8,71,0.0,4.4,9,-0.6883116461770166,-4.345828698618606
2017-12-05 23:00:00,13.4,74,0.0,6.3,13,-1.417191642366351,-6.1385314081469815
2017-12-06 00:00:00,13.3,76,0.0,5.5,58,-4.664264528860343,-2.914555953282626
2017-12-06 01:00:00,14.1,75,0.0,4.3,360,2.632990618166809e-16,-4.3
2017-12-06 02:00:00,13.5,78,0.0,4.3,42,-2.87726160734309,-3.195522749552796
2017-12-06 03:00:00,14.3,74,0.0,4.3,5,-0.37476969381493047,-4.283637201794505
2017-12-06 04:00:00,14.4,74,0.0,4.1,15,-1.0611580849203346,-3.96029588778518
2017-12-06 05:00:00,14.7,74,0.0,3.8,17,-1.111012477946401,-3.633958072659534
2017-12-06 06:00:00,14.8,74,0.0,4.7,32,-2.490620541896064,-3.9858260519352022
2017-12-06 07:00:00,14.9,74,0.0,5.4,352,0.7515347451843536,-5.34744757120448
2017-12-06 08:00:00,16.6,70,0.0,1.9,338,0.7117525274902327,-1.761649323676896
2017-12-06 09:00:00,17.7,65,0.0,3.1,324,1.8221342821066668,-2.5079526825623373
2017-12-06 10:00:00,19.3,57,0.0,2.6,344,0.7166571251241979,-2.499280409439629
2017-12-06 11:00:00,20.3,52,0.0,4.7,9,-0.7352419856890859,-4.6421352007971475
2017-12-06 12:00:00,21.4,48,0.0,5.2,12,-1.0811407922523508,-5.086367523815789
2017-12-06 13:00:00,22.0,49,0.0,6.2,350,1.0766187015349686,-6.10580806867569
2017-12-06 14:00:00,21.8,50,0.0,7.7,349,1.4692292643993958,-7.558529312547013
2017-12-06 15:00:00,20.8,54,0.0,14.3,348,2.9731371786939604,-13.987510690493421
2017-12-06 16:00:00,19.1,59,0.0,13.7,360,8.388830574159369e-16,-13.7
2017-12-06 17:00:00,18.1,63,0.0,10.9,6,-1.1393602496174215,-10.840288659514181
2017-12-06 18:00:00,17.5,66,0.0,10.0,26,-4.383711467890778,-8.987940462991668
2017-12-06 19:00:00,17.7,66,0.0,8.5,12,-1.767249371950958,-8.314254606237347
2017-12-06 20:00:00,16.9,71,0.0,10.9,6,-1.1393602496174215,-10.840288659514181
2017-12-06 21:00:00,16.6,72,0.0,11.4,24,-4.636797731064121,-10.414418217125652
2017-12-06 22:00:00,16.3,72,0.0,10.9,6,-1.1393602496174215,-10.840288659514181
2017-12-06 23:00:00,15.9,74,0.0,10.8,15,-2.795245687107223,-10.431998923921938
2017-12-07 00:00:00,15.8,75,0.0,9.1,353,1.1090110249868421,-9.032169979936029
2017-12-07 01:00:00,15.3,77,0.1,7.0,348,1.4553818357243162,-6.847033205136639
2017-12-07 02:00:00,15.3,77,0.0,5.8,356,0.40458754771592637,-5.78587149150698
2017-12-07 03:00:00,15.1,79,0.0,9.5,29,-4.6056913923402,-8.308887217824262
2017-12-07 04:00:00,15.3,79,0.0,6.9,6,-0.7212463965468082,-6.862201078041087
2017-12-07 05:00:00,15.0,83,0.1,7.6,8,-1.0577155672965002,-7.526037322435934
2017-12-07 06:00:00,15.2,83,0.0,8.7,38,-5.356254835333225,-6.8556935563784815
2017-12-07 07:00:00,15.8,79,0.0,12.2,34,-6.822153422343108,-10.11425838517151
2017-12-07 08:00:00,16.4,77,0.1,10.1,343,2.952954217699641,-9.658678035226657
2017-12-07 09:00:00,18.0,70,0.0,8.1,21,-2.9027803913169357,-7.562001454627333
2017-12-07 10:00:00,20.1,60,0.0,8.7,355,0.7582549619046257,-8.666893873398186
2017-12-07 11:00:00,21.5,53,0.0,13.7,5,-1.194033675642918,-13.647867363856914
2017-12-07 12:00:00,20.9,59,0.0,14.8,360,9.062386313690414e-16,-14.8
2017-12-07 13:00:00,20.7,60,0.0,12.1,12,-2.5157314588948934,-11.835585968879046
2017-12-07 14:00:00,20.4,60,0.1,12.4,22,-4.645121758357313,-11.497079796628164
2017-12-07 15:00:00,20.7,58,0.0,14.6,20,-4.99349409255476,-13.719512263474263
2017-12-07 16:00:00,19.8,64,0.0,18.5,13,-4.161594505361507,-18.02584619852685
2017-12-07 17:00:00,18.3,74,0.0,14.8,14,-3.5804440548750835,-14.360376748884748
2017-12-07 18:00:00,16.8,82,0.0,10.9,8,-1.5169868004647176,-10.793921949283115
2017-12-07 19:00:00,16.6,84,0.0,5.4,312,4.012982057577929,-3.6133052743378347
2017-12-07 20:00:00,16.2,84,0.0,7.3,9,-1.1419715947936866,-7.210124886344505
2017-12-07 21:00:00,16.1,85,0.1,10.2,32,-5.405176495178691,-8.650090580795544
2017-12-07 22:00:00,16.1,85,0.0,9.0,331,4.363286582217034,-7.871577364254562
2017-12-07 23:00:00,15.0,88,0.2,9.8,352,1.3638963894086416,-9.70462707366739
2017-12-08 00:00:00,14.6,94,0.6,9.2,11,-1.7554427574642102,-9.030970087718508
2017-12-08 01:00:00,14.5,95,1.0,13.0,2,-0.4536934571325099,-12.992080751248245
2017-12-08 02:00:00,14.2,97,0.9,13.4,5,-1.1678869528186206,-13.34900895442939
2017-12-08 03:00:00,14.0,97,0.9,12.6,13,-2.834383284732702,-12.277062816293963
2017-12-08 04:00:00,13.8,97,0.5,13.7,2,-0.4781231048242604,-13.691654330161612
2017-12-08 05:00:00,13.4,96,0.4,14.9,8,-2.0736792043049808,-14.754994224249398
2017-12-08 06:00:00,13.0,95,0.2,16.6,5,-1.446785329611127,-16.536831988322977
2017-12-08 07:00:00,12.3,91,0.0,16.2,3,-0.8478424911356978,-16.177798463024097
2017-12-08 08:00:00,13.1,83,0.1,13.0,3,-0.680367431158276,-12.98218395180946
2017-12-08 09:00:00,14.4,76,0.0,14.8,13,-3.3292756042892058,-14.420676958821481
2017-12-08 10:00:00,15.4,68,0.0,15.2,4,-1.0602984009107088,-15.162973563949327
2017-12-08 11:00:00,16.0,60,0.0,13.7,355,1.1940336756429164,-13.647867363856914
2017-12-08 12:00:00,16.8,55,0.0,12.6,355,1.0981623586204925,-12.552053195955994
2017-12-08 13:00:00,16.1,55,0.0,16.6,1,-0.2897099468589061,-16.597471739596095
2017-12-08 14:00:00,15.7,55,0.0,15.8,360,9.67470971326409e-16,-15.8
2017-12-08 15:00:00,15.1,55,0.0,16.2,359,0.2827289842839943,-16.197532661533536
2017-12-08 16:00:00,14.5,55,0.0,14.4,359,0.2513146526968838,-14.397806810252035
2017-12-08 17:00:00,13.5,57,0.0,15.9,357,0.8321417042628091,-15.878209602597725
2017-12-08 18:00:00,12.6,60,0.0,15.1,3,-0.790272939268459,-15.079305974794064
2017-12-08 19:00:00,12.0,63,0.1,11.5,2,-0.40134421207875876,-11.492994510719601
2017-12-08 20:00:00,12.8,61,0.2,5.8,330,2.9000000000000004,-5.0229473419497435
2017-12-08 21:00:00,12.6,64,0.0,4.1,345,1.061158084920335,-3.96029588778518
2017-12-08 22:00:00,12.6,67,0.1,3.1,54,-2.5079526825623377,-1.8221342821066664
2017-12-08 23:00:00,13.2,70,0.3,4.5,346,1.0886485301985045,-4.366330768241984
2017-12-09 00:00:00,12.5,72,0.2,5.4,8,-0.7515347451843555,-5.34744757120448
2017-12-09 01:00:00,12.5,75,0.3,6.0,25,-2.5357095704441948,-5.4378467222199
2017-12-09 02:00:00,12.1,85,0.5,4.9,17,-1.4326213531414118,-4.685893304218873
2017-12-09 03:00:00,12.3,83,0.1,4.8,27,-2.179154398749825,-4.276831316104166
2017-12-09 04:00:00,12.2,84,0.0,6.7,36,-3.938161190359571,-5.420413862312147
2017-12-09 05:00:00,12.5,83,0.0,5.5,23,-2.149021206691006,-5.062776693988422
2017-12-09 06:00:00,12.1,85,0.0,5.2,25,-2.197614961051636,-4.71280049259058
2017-12-09 07:00:00,12.5,85,0.0,5.4,86,-5.386845871403051,-0.3766849582182765
2017-12-09 08:00:00,13.1,89,0.0,4.3,312,3.195522749552795,-2.8772616073430903
2017-12-09 09:00:00,13.3,87,0.0,1.8,360,1.1021821192326179e-16,-1.8
2017-12-09 10:00:00,13.8,86,0.1,0.5,45,-0.35355339059327384,-0.35355339059327373
2017-12-09 11:00:00,14.6,83,0.0,2.6,16,-0.7166571251241971,-2.4992804094396295
2017-12-09 12:00:00,14.1,87,0.0,4.6,45,-3.2526911934581193,-3.252691193458118
2017-12-09 13:00:00,14.5,84,0.0,8.8,35,-5.047472639889208,-7.208537989743126
2017-12-09 14:00:00,15.4,78,0.0,10.4,20,-3.557009490586953,-9.772803256173448
2017-12-09 15:00:00,16.5,72,0.0,8.7,17,-2.5436338310878126,-8.319851376878407
2017-12-09 16:00:00,16.4,72,0.0,7.4,23,-2.8914103508206264,-6.811735915548058
2017-12-09 17:00:00,15.9,76,0.0,6.6,22,-2.472403516545021,-6.119413440140796
2017-12-09 18:00:00,14.8,84,0.0,5.8,97,-5.756767679519667,0.7068421917498557
2017-12-09 19:00:00,14.3,88,0.0,5.3,62,-4.679622242152313,-2.4881992827652213
2017-12-09 20:00:00,14.1,88,0.0,5.2,115,-4.7128004925905795,2.1976149610516376
2017-12-09 21:00:00,14.6,85,0.0,5.9,137,-4.023790324368741,4.314986839553106
2017-12-09 22:00:00,12.8,91,0.0,6.9,6,-0.7212463965468082,-6.862201078041087
2017-12-09 23:00:00,12.4,92,0.0,7.4,67,-6.811735915548059,-2.8914103508206246
2017-12-10 00:00:00,13.9,85,0.0,5.1,82,-5.050367150582008,-0.7097828148963341
2017-12-10 01:00:00,11.7,92,0.0,7.8,56,-6.466493065929326,-4.361704647071824
2017-12-10 02:00:00,11.9,91,0.0,7.2,87,-7.190132650232932,-0.3768188849491937
2017-12-10 03:00:00,12.8,86,0.0,7.3,57,-6.122295146001595,-3.9758649556096977
2017-12-10 04:00:00,11.9,89,0.0,7.3,57,-6.122295146001595,-3.9758649556096977
2017-12-10 05:00:00,11.8,89,0.0,8.0,63,-7.128052193506943,-3.6319239979163735
2017-12-10 06:00:00,12.1,87,0.0,7.4,51,-5.750880114781584,-4.656970893768799
2017-12-10 07:00:00,13.5,80,0.0,6.1,50,-4.6728711030257655,-3.921004419087889
2017-12-10 08:00:00,16.0,71,0.0,6.1,357,0.3192493330819582,-6.0916401620029
2017-12-10 09:00:00,17.9,63,0.0,9.3,28,-4.366085533908785,-8.211412613588022
2017-12-10 10:00:00,19.3,59,0.0,10.9,6,-1.1393602496174215,-10.840288659514181
2017-12-10 11:00:00,20.3,58,0.0,10.4,2,-0.36295476570600793,-10.393664600998596
2017-12-10 12:00:00,21.9,52,0.0,8.8,19,-2.864999759222979,-8.320563465273988
2017-12-10 13:00:00,22.8,49,0.0,11.2,2,-0.3908743630680085,-11.193177262613872
2017-12-10 14:00:00,22.7,50,0.0,13.8,7,-1.681796938991031,-13.697136892650246
2017-12-10 15:00:00,22.1,51,0.0,15.5,359,0.27051229977789576,-15.497639274924065
2017-12-10 16:00:00,20.5,60,0.0,15.6,353,1.9011617571203008,-15.483719965604623
2017-12-10 17:00:00,18.4,70,0.0,13.7,360,8.388830574159369e-16,-13.7
2017-12-10 18:00:00,16.9,78,0.0,12.0,21,-4.3004153945436085,-11.20296511796642
2017-12-10 19:00:00,16.1,83,0.0,9.0,37,-5.416335208368435,-7.187719590425635
2017-12-10 20:00:00,15.4,85,0.0,8.2,75,-7.92059177557036,-2.1223161698406705
2017-12-10 21:00:00,15.8,81,0.0,7.6,335,3.211898789229316,-6.887939181478539
2017-12-10 22:00:00,15.4,87,0.0,1.9,68,-1.761649323676896,-0.7117525274902328
2017-12-10 23:00:00,14.8,91,0.0,3.4,32,-1.801725498392897,-2.883363526931848
2017-12-11 00:00:00,15.0,88,0.0,1.1,108,-1.0461621679246689,0.3399186938124423
2017-12-11 01:00:00,13.2,96,0.0,6.6,347,1.4846769586695083,-6.430842427582553
2017-12-11 02:00:00,12.3,99,0.0,6.5,34,-3.6347538725598527,-5.388744221607772
2017-12-11 03:00:00,12.1,98,0.0,6.6,41,-4.329989591337347,-4.981083229470295
2017-12-11 04:00:00,12.1,96,0.0,7.1,41,-4.658019105832602,-5.358438019581681
2017-12-11 05:00:00,12.0,96,0.0,6.6,22,-2.472403516545021,-6.119413440140796
2017-12-11 06:00:00,12.1,94,0.0,5.8,30,-2.9000000000000026,-5.022947341949743
2017-12-11 07:00:00,13.1,88,0.0,5.2,34,-2.907803098047882,-4.3109953772862175
2017-12-11 08:00:00,15.5,76,0.0,7.3,9,-1.1419715947936866,-7.210124886344505
2017-12-11 09:00:00,17.9,64,0.0,6.8,360,4.1637991171010006e-16,-6.8
2017-12-11 10:00:00,19.7,57,0.0,5.2,344,1.4333142502483958,-4.998560818879258
2017-12-11 11:00:00,21.2,51,0.0,5.2,348,1.0811407922523493,-5.086367523815789
2017-12-11 12:00:00,22.6,47,0.0,5.6,345,1.4493866525741161,-5.4091846272187825
2017-12-11 13:00:00,23.4,45,0.0,8.2,345,2.12231616984067,-7.92059177557036
2017-12-11 14:00:00,23.1,46,0.0,12.4,350,2.1532374030699373,-12.21161613735138
2017-12-11 15:00:00,21.9,49,0.0,15.2,355,1.3247672897644036,-15.142159410994532
2017-12-11 16:00:00,20.1,54,0.0,14.8,354,1.5470212563612713,-14.718924051450445
2017-12-11 17:00:00,17.8,59,0.0,12.2,346,2.9514471263159456,-11.837607860567156
2017-12-11 18:00:00,16.3,63,0.0,8.7,353,1.060263287624783,-8.6351515192795
2017-12-11 19:00:00,15.8,63,0.0,6.2,10,-1.0766187015349682,-6.10580806867569
2017-12-11 20:00:00,16.2,63,0.0,1.8,11,-0.3434561916777803,-1.7669289302057951
2017-12-11 21:00:00,16.6,61,0.0,2.3,39,-1.447436899414627,-1.7874357113510322
2017-12-11 22:00:00,16.4,69,0.0,3.1,36,-1.822134282106667,-2.507952682562337
2017-12-11 23:00:00,16.4,64,0.0,0.8,333,0.3631923997916375,-0.7128052193506943
2017-12-12 00:00:00,16.6,69,0.2,0.8,333,0.3631923997916375,-0.7128052193506943
2017-12-12 01:00:00,16.4,69,0.1,1.1,342,0.3399186938124422,-1.0461621679246689
2017-12-12 02:00:00,16.3,71,0.0,2.1,329,1.0815799573111138,-1.800051331474436
2017-12-12 03:00:00,15.9,74,0.3,3.5,114,-3.197409101749103,1.4235782507653014
2017-12-12 04:00:00,16.5,84,0.2,2.8,140,-1.7998053071223101,2.1449244407331385
2017-12-12 05:00:00,16.5,81,0.1,1.3,326,0.7269507745119709,-1.0777488443215544
2017-12-12 06:00:00,15.9,84,0.2,4.1,38,-2.524212048835198,-3.2308440897875603
2017-12-12 07:00:00,16.2,85,0.0,5.2,25,-2.197614961051636,-4.71280049259058
2017-12-12 08:00:00,16.1,91,0.0,4.8,347,1.0797650608505516,-4.676976310969129
2017-12-12 09:00:00,15.6,91,0.5,4.9,17,-1.4326213531414118,-4.685893304218873
2017-12-12 10:00:00,15.3,93,0.5,6.1,40,-3.9210044190878905,-4.672871103025765
2017-12-12 11:00:00,16.2,86,0.2,9.6,77,-9.353952621938259,-2.1595301217011036
2017-12-12 12:00:00,17.1,83,0.0,5.6,27,-2.5423467985414625,-4.989636535454859
2017-12-12 13:00:00,16.3,89,0.2,3.7,349,0.7059932828932162,-3.632020578756357
2017-12-12 14:00:00,16.5,89,0.2,3.5,66,-3.197409101749103,-1.4235782507653008
2017-12-12 15:00:00,16.0,94,0.1,6.6,351,1.032467469265524,-6.518743047927909
2017-12-12 16:00:00,15.9,91,0.0,4.8,48,-3.5670951622914924,-3.2118269105225195
2017-12-12 17:00:00,16.0,92,0.0,4.5,14,-1.088648530198505,-4.366330768241984
2017-12-12 18:00:00,15.8,93,0.0,2.4,333,1.0895771993749124,-2.138415658052083
2017-12-12 19:00:00,15.8,91,0.0,1.0,45,-0.7071067811865477,-0.7071067811865475
2017-12-12 20:00:00,16.4,91,0.0,6.5,360,3.9801020972288977e-16,-6.5
2017-12-12 21:00:00,15.7,96,0.0,4.7,351,0.7352419856890854,-4.6421352007971475
2017-12-12 22:00:00,15.6,96,0.0,0.5,225,0.3535533905932738,0.35355339059327373
2017-12-12 23:00:00,15.4,96,0.0,2.3,288,2.1874299874788528,-0.710739087062379
2017-12-13 00:00:00,15.4,96,0.0,2.5,315,1.7677669529663689,-1.7677669529663687
2017-12-13 01:00:00,14.9,97,0.0,1.8,11,-0.3434561916777803,-1.7669289302057951
2017-12-13 02:00:00,15.1,97,0.0,2.5,45,-1.7677669529663693,-1.7677669529663687
2017-12-13 03:00:00,15.6,93,0.0,3.9,56,-3.233246532964663,-2.180852323535912
2017-12-13 04:00:00,16.0,90,0.0,3.6,354,0.3763024677635525,-3.580278823325784
2017-12-13 05:00:00,15.7,92,0.0,1.8,360,1.1021821192326179e-16,-1.8
2017-12-13 06:00:00,15.7,93,0.0,2.6,16,-0.7166571251241971,-2.4992804094396295
2017-12-13 07:00:00,16.0,91,0.0,3.3,6,-0.3449439287832561,-3.281922254715302
2017-12-13 08:00:00,17.1,86,0.0,2.5,8,-0.3479327524001646,-2.475670171853926
2017-12-13 09:00:00,18.3,82,0.0,3.5,294,3.197409101749103,-1.4235782507653008
2017-12-13 10:00:00,20.5,70,0.0,4.5,284,4.366330768241984,-1.0886485301985047
2017-12-13 11:00:00,22.0,61,0.0,6.5,264,6.4643923198937765,0.6794350112397476
2017-12-13 12:00:00,22.9,56,0.0,6.3,239,5.400153994423308,3.244739871933341
2017-12-13 13:00:00,23.0,55,0.0,6.6,225,4.666904755831213,4.666904755831213
2017-12-13 14:00:00,23.4,54,0.0,7.1,229,5.358438019581681,4.658019105832602
2017-12-13 15:00:00,23.5,54,0.0,8.0,243,7.128052193506943,3.631923997916374
2017-12-13 16:00:00,23.1,56,0.0,8.8,258,8.607698886457491,1.8296228791962823
2017-12-13 17:00:00,20.8,66,0.0,8.0,280,7.878462024097664,-1.3891854213354426
2017-12-13 18:00:00,18.5,81,0.0,4.9,324,2.8801477362331185,-3.9641832724372428
2017-12-13 19:00:00,18.5,80,0.0,3.6,37,-2.166534083347374,-2.875087836170254
2017-12-13 20:00:00,18.1,83,0.0,4.1,38,-2.524212048835198,-3.2308440897875603
2017-12-13 21:00:00,17.5,87,0.0,5.2,25,-2.197614961051636,-4.71280049259058
2017-12-13 22:00:00,17.2,88,0.0,3.6,360,2.2043642384652358e-16,-3.6
2017-12-13 23:00:00,16.9,90,0.0,3.3,13,-0.7423384793347553,-3.215421213791276
2017-12-14 00:00:00,17.1,88,0.0,3.9,34,-2.1808523235359116,-3.233246532964663
2017-12-14 01:00:00,17.8,84,0.0,1.3,56,-1.0777488443215544,-0.7269507745119708
2017-12-14 02:00:00,17.7,84,0.0,0.8,117,-0.7128052193506943,0.36319239979163753
2017-12-14 03:00:00,17.6,84,0.0,1.1,198,0.3399186938124422,1.0461621679246689
2017-12-14 04:00:00,17.6,84,0.0,0.8,117,-0.7128052193506943,0.36319239979163753
2017-12-14 05:00:00,17.9,82,0.0,1.0,135,-0.7071067811865475,0.7071067811865476
2017-12-14 06:00:00,17.8,83,0.0,1.1,180,6.735557395310444e-17,1.1
2017-12-14 07:00:00,17.9,82,0.0,2.1,149,-1.081579957311114,1.800051331474436
2017-12-14 08:00:00,18.6,79,0.0,3.4,212,1.8017254983928965,2.883363526931848
2017-12-14 09:00:00,20.4,71,0.0,5.1,225,3.6062445840513924,3.606244584051392
2017-12-14 10:00:00,21.6,67,0.0,4.8,243,4.276831316104166,2.1791543987498243
2017-12-14 11:00:00,22.8,62,0.0,4.1,232,3.2308440897875594,2.524212048835199
2017-12-14 12:00:00,23.7,57,0.0,3.6,276,3.580278823325784,-0.37630246776355253
2017-12-14 13:00:00,23.9,56,0.0,6.9,321,4.342310698243879,-5.3623071340531
2017-12-14 14:00:00,23.7,56,0.1,10.0,334,4.383711467890775,-8.98794046299167
2017-12-14 15:00:00,22.9,60,0.0,9.7,356,0.6766377953180147,-9.676371287520293
2017-12-14 16:00:00,22.2,61,0.0,6.4,38,-3.940233442084212,-5.043268823083022
2017-12-14 17:00:00,20.4,73,0.0,4.4,9,-0.6883116461770166,-4.345828698618606
2017-12-14 18:00:00,20.3,70,0.0,4.8,318,3.2118269105225195,-3.5670951622914924
2017-12-14 19:00:00,19.1,76,0.0,4.6,231,3.5748714227020657,2.8948737988292517
2017-12-14 20:00:00,19.0,79,0.0,3.8,253,3.6339580726595346,1.1110124779463997
2017-12-14 21:00:00,17.5,89,0.0,4.1,225,2.899137802864845,2.8991378028648445
2017-12-14 22:00:00,17.7,87,0.0,2.1,121,-1.8000513314744357,1.0815799573111142
2017-12-14 23:00:00,17.7,86,0.0,2.1,121,-1.8000513314744357,1.0815799573111142
2017-12-15 00:00:00,18.2,82,0.0,2.5,135,-1.7677669529663687,1.7677669529663689
2017-12-15 01:00:00,18.3,81,0.0,2.5,188,0.34793275240016364,2.475670171853926
2017-12-15 02:00:00,16.4,90,0.0,4.7,212,2.490620541896063,3.9858260519352022
2017-12-15 03:00:00,15.5,93,0.0,5.2,155,-2.1976149610516367,4.71280049259058
2017-12-15 04:00:00,17.6,83,0.0,0.7000000000000001,90,-0.7000000000000001,8.572527594031473e-17
2017-12-15 05:00:00,15.7,90,0.0,5.5,67,-5.062776693988422,-2.1490212066910046
2017-12-15 06:00:00,15.6,88,0.0,7.4,61,-6.47218583283153,-3.5875911898228936
2017-12-15 07:00:00,17.9,79,0.0,5.1,45,-3.606244584051393,-3.606244584051392
2017-12-15 08:00:00,19.9,70,0.0,4.2,211,2.1631599146222276,3.600102662948872
2017-12-15 09:00:00,21.3,66,0.0,7.6,225,5.374011537017761,5.37401153701776
2017-12-15 10:00:00,22.9,61,0.0,10.7,228,7.951649632608118,7.159697488039782
2017-12-15 11:00:00,24.4,56,0.0,13.2,223,9.00237835282498,9.65386886137305
2017-12-15 12:00:00,25.5,51,0.0,15.3,214,8.555651423102427,12.68427486009214
2017-12-15 13:00:00,24.7,55,0.1,15.2,234,12.2970583144992,8.93433583484559
2017-12-15 14:00:00,23.5,60,0.2,13.5,241,11.807366046381842,6.54492987332555
2017-12-15 15:00:00,22.7,65,0.2,11.1,241,9.708278749247292,5.3813867847343415
2017-12-15 16:00:00,21.6,70,0.1,7.6,275,7.571079705497266,-0.662383644882202
2017-12-15 17:00:00,20.1,77,0.0,6.1,320,3.92100441908789,-4.6728711030257655
2017-12-15 18:00:00,19.2,82,0.0,3.3,354,0.3449439287832564,-3.2819222547153015
2017-12-15 19:00:00,18.9,85,0.0,2.6,16,-0.7166571251241971,-2.4992804094396295
2017-12-15 20:00:00,18.4,90,0.0,3.6,323,2.1665340833473743,-2.875087836170254
2017-12-15 21:00:00,18.5,89,0.0,1.5,346,0.3628828433995015,-1.4554435894139948
2017-12-15 22:00:00,17.2,97,0.0,3.6,307,2.875087836170254,-2.166534083347374
2017-12-15 23:00:00,16.4,100,0.0,4.0,10,-0.6945927106677213,-3.939231012048832
2017-12-16 00:00:00,16.9,99,0.0,5.8,22,-2.1727182418122912,-5.377666356487366
2017-12-16 01:00:00,17.0,100,0.0,7.8,13,-1.7546182238821488,-7.600086505324834
2017-12-16 02:00:00,17.5,97,0.0,12.5,12,-2.5988961352219975,-12.22684500917257
2017-12-16 03:00:00,17.5,96,0.0,12.4,8,-1.7257464519048162,-12.279324052395472
2017-12-16 04:00:00,17.5,95,0.1,13.1,16,-3.6108493612026855,-12.592528216791978
2017-12-16 05:00:00,17.3,95,0.1,13.3,13,-2.991849022773408,-12.959121861643627
2017-12-16 06:00:00,16.8,97,0.0,10.2,8,-1.4195656297926713,-10.100734301164016
2017-12-16 07:00:00,16.8,96,0.0,9.0,360,5.51091059616309e-16,-9.0
2017-12-16 08:00:00,17.4,91,0.0,7.6,341,2.474317973874391,-7.185941174554807
2017-12-16 09:00:00,18.1,87,0.1,4.9,324,2.8801477362331185,-3.9641832724372428
2017-12-16 10:00:00,19.2,79,0.0,5.6,310,4.289848881466277,-3.5996106142446194
2017-12-16 11:00:00,20.7,70,0.0,5.9,346,1.4273391840380394,-5.7247447850283795
2017-12-16 12:00:00,20.6,69,0.1,14.9,352,2.0736792043049754,-14.7549942242494
2017-12-16 13:00:00,19.1,73,0.0,22.0,355,1.917426340448479,-21.9162833580184
2017-12-16 14:00:00,17.5,72,0.0,24.2,4,-1.688106664607839,-24.141050016287746
2017-12-16 15:00:00,16.4,71,0.0,20.9,4,-1.4579103012522245,-20.849088650430325
2017-12-16 16:00:00,15.2,69,0.0,21.6,3,-1.1304566548475972,-21.570397950698798
2017-12-16 17:00:00,14.0,71,0.0,21.6,360,1.3226185430791415e-15,-21.6
2017-12-16 18:00:00,13.1,72,0.0,20.9,2,-0.7293994810822658,-20.8872682846991
2017-12-16 19:00:00,12.7,74,0.0,17.6,360,1.077689183249671e-15,-17.6
2017-12-16 20:00:00,13.3,72,0.0,11.9,357,0.6227978792910333,-11.88369146357943
2017-12-16 21:00:00,13.1,72,0.0,11.2,360,6.858022075225178e-16,-11.2
2017-12-16 22:00:00,12.8,73,0.0,13.0,358,0.453693457132514,-12.992080751248245
2017-12-16 23:00:00,12.6,73,0.0,12.3,5,-1.0720156357961965,-12.253194786528471
2017-12-17 00:00:00,13.1,70,0.0,10.5,6,-1.0975488643103604,-10.442479901366871
2017-12-17 01:00:00,12.6,71,0.0,11.2,2,-0.3908743630680085,-11.193177262613872
2017-12-17 02:00:00,12.5,70,0.0,10.8,356,0.7533699164365526,-10.773691742806102
2017-12-17 03:00:00,12.2,71,0.0,9.7,2,-0.33852511801425733,-9.694091022085228
2017-12-17 04:00:00,12.0,70,0.0,8.6,358,0.3001356716415093,-8.594761112364223
2017-12-17 05:00:00,11.9,69,0.0,7.6,357,0.3977532674463741,-7.589584464134761
2017-12-17 06:00:00,11.8,69,0.0,7.6,355,0.6623836448822018,-7.571079705497266
2017-12-17 07:00:00,11.6,69,0.0,8.7,353,1.060263287624783,-8.6351515192795
2017-12-17 08:00:00,13.8,66,0.0,6.5,3,-0.340183715579138,-6.49109197590473
2017-12-17 09:00:00,15.6,60,0.0,8.0,342,2.4721359549995796,-7.608452130361228
2017-12-17 10:00:00,16.6,59,0.0,8.4,335,3.5499933986218752,-7.61298541110786
2017-12-17 11:00:00,16.9,60,0.0,6.5,341,2.116193003971519,-6.145870741395559
2017-12-17 12:00:00,17.4,59,0.0,5.8,353,0.7068421917498554,-5.756767679519667
2017-12-17 13:00:00,18.5,54,0.0,7.6,352,1.0577155672964975,-7.5260373224359345
2017-12-17 14:00:00,18.0,51,0.0,11.9,357,0.6227978792910333,-11.88369146357943
2017-12-17 15:00:00,16.9,53,0.0,16.6,355,1.4467853296111253,-16.536831988322977
2017-12-17 16:00:00,15.5,57,0.0,17.4,354,1.81879526085717,-17.304680979407955
2017-12-17 17:00:00,13.6,62,0.0,14.5,354,1.5156627173809751,-14.420567482839962
2017-12-17 18:00:00,12.4,65,0.0,11.5,356,0.8021994480574401,-11.471986577987979
2017-12-17 19:00:00,11.8,67,0.0,9.2,349,1.755442757464213,-9.030970087718508
2017-12-17 20:00:00,12.4,67,0.0,3.5,336,1.4235782507653008,-3.197409101749103
2017-12-17 21:00:00,12.5,67,0.0,2.5,360,1.5308084989341916e-16,-2.5
2017-12-17 22:00:00,12.5,69,0.0,5.1,356,0.35575801609503865,-5.087576656325103
2017-12-17 23:00:00,12.4,71,0.0,6.6,13,-1.4846769586695105,-6.430842427582552
2017-12-18 00:00:00,12.2,74,0.0,8.8,9,-1.3766232923540331,-8.691657397237211
2017-12-18 01:00:00,12.0,76,0.0,8.9,14,-2.1531048708370433,-8.635631963856369
2017-12-18 02:00:00,12.2,77,0.0,8.2,15,-2.122316169840669,-7.92059177557036
2017-12-18 03:00:00,12.2,78,0.1,9.0,5,-0.7844016847289242,-8.96575228282571
2017-12-18 04:00:00,12.2,80,0.1,8.6,15,-2.2258437878816775,-8.306962106085987
2017-12-18 05:00:00,12.0,83,0.1,9.3,16,-2.56342740909809,-8.939733772226367
2017-12-18 06:00:00,11.9,84,0.1,10.5,4,-0.7324429743133186,-10.474422527728153
2017-12-18 07:00:00,11.7,84,0.0,10.1,360,6.184466335694133e-16,-10.1
2017-12-18 08:00:00,13.1,78,0.0,6.8,32,-3.603450996785794,-5.766727053863696
2017-12-18 09:00:00,14.5,73,0.0,7.4,346,1.7902220274375409,-7.180188374442374
2017-12-18 10:00:00,16.1,66,0.0,7.2,357,0.3768188849491966,-7.190132650232932
2017-12-18 11:00:00,17.7,60,0.0,9.4,360,5.755839955992561e-16,-9.4
2017-12-18 12:00:00,18.9,56,0.0,10.5,8,-1.4613175600806911,-10.397814721786487
2017-12-18 13:00:00,19.6,54,0.0,10.8,356,0.7533699164365526,-10.773691742806102
2017-12-18 14:00:00,19.6,53,0.0,12.6,2,-0.4397336584515096,-12.592324420440606
2017-12-18 15:00:00,19.0,56,0.0,14.8,360,9.062386313690414e-16,-14.8
2017-12-18 16:00:00,17.6,60,0.0,16.9,359,0.29494566879009276,-16.89742604814301
2017-12-18 17:00:00,16.2,66,0.0,15.5,1,-0.2705122997778942,-15.497639274924065
2017-12-18 18:00:00,15.6,69,0.0,12.2,360,7.470345474798854e-16,-12.2
2017-12-18 19:00:00,14.2,76,0.0,9.3,347,2.092044805397944,-9.06164160250269
2017-12-18 20:00:00,14.7,75,0.0,7.2,354,0.752604935527105,-7.160557646651568
2017-12-18 21:00:00,14.5,77,0.0,8.3,355,0.7233926648055626,-8.268415994161488
2017-12-18 22:00:00,14.3,80,0.1,11.2,2,-0.3908743630680085,-11.193177262613872
2017-12-18 23:00:00,14.1,82,0.1,10.6,350,1.8406706832694624,-10.438962181929405
2017-12-19 00:00:00,13.6,83,0.1,10.2,350,1.77121141220269,-10.045039080724521
2017-12-19 01:00:00,13.2,86,0.3,10.7,348,2.224655091750026,-10.46617932785172
2017-12-19 02:00:00,12.9,89,0.2,11.9,2,-0.4153040107597591,-11.89275084152724
2017-12-19 03:00:00,12.6,90,0.2,13.3,358,0.4641633061432644,-13.291897999353974
2017-12-19 04:00:00,12.4,92,0.1,14.4,359,0.2513146526968838,-14.397806810252035
2017-12-19 05:00:00,12.1,95,0.3,14.4,1,-0.25131465269688236,-14.397806810252035
2017-12-19 06:00:00,12.1,95,0.6,12.3,357,0.6437322617882109,-12.283143277481258
2017-12-19 07:00:00,11.7,95,0.7000000000000001,11.5,356,0.8021994480574401,-11.471986577987979
2017-12-19 08:00:00,12.8,92,0.7000000000000001,9.4,358,0.3280552690035102,-9.394273773979501
2017-12-19 09:00:00,13.6,86,0.1,8.9,346,2.1531048708370424,-8.635631963856369
2017-12-19 10:00:00,14.1,82,0.0,10.1,358,0.3524849166952609,-10.093847352892867
2017-12-19 11:00:00,15.2,76,0.0,11.9,357,0.6227978792910333,-11.88369146357943
2017-12-19 12:00:00,15.2,73,0.0,13.9,350,2.413709669570333,-13.688827766869691
2017-12-19 13:00:00,15.7,68,0.0,16.8,351,2.6280990126758796,-16.593164121998313
2017-12-19 14:00:00,15.1,67,0.0,18.0,357,0.9420472123729914,-17.975331625582328
2017-12-19 15:00:00,14.7,67,0.0,18.0,1,-0.31414331587110295,-17.997258512815044
2017-12-19 16:00:00,14.5,68,0.0,16.9,358,0.5898014942722682,-16.889704976622717
2017-12-19 17:00:00,13.8,70,0.0,15.0,350,2.604722665003956,-14.772116295183121
2017-12-19 18:00:00,13.5,72,0.0,14.4,357,0.7536377698983932,-14.380265300465863
2017-12-19 19:00:00,13.2,74,0.0,12.3,357,0.6437322617882109,-12.283143277481258
2017-12-19 20:00:00,14.0,71,0.0,7.9,360,4.837354856632045e-16,-7.9
2017-12-19 21:00:00,14.0,73,0.0,6.3,347,1.4171916423663489,-6.1385314081469815
2017-12-19 22:00:00,13.5,75,0.0,5.8,353,0.7068421917498554,-5.756767679519667
2017-12-19 23:00:00,12.9,78,0.0,9.2,11,-1.7554427574642102,-9.030970087718508
2017-12-20 00:00:00,13.2,79,0.0,6.7,16,-1.8467702839738926,-6.440453362786737
2017-12-20 01:00:00,12.9,79,0.0,10.1,360,6.184466335694133e-16,-10.1
2017-12-20 02:00:00,12.5,81,0.0,9.9,10,-1.7191169589026103,-9.74959675482086
2017-12-20 03:00:00,12.5,80,0.0,11.2,358,0.3908743630680121,-11.193177262613872
2017-12-20 04:00:00,12.3,80,0.0,11.2,4,-0.7812725059342065,-11.17271736291003
2017-12-20 05:00:00,12.2,79,0.0,10.6,10,-1.8406706832694615,-10.438962181929405
2017-12-20 06:00:00,12.2,79,0.0,12.1,10,-2.101142949769857,-11.916173811447717
2017-12-20 07:00:00,12.0,79,0.0,10.9,9,-1.7051356689385184,-10.765802912487
2017-12-20 08:00:00,13.5,79,0.0,1.0,135,-0.7071067811865475,0.7071067811865476
2017-12-20 09:00:00,14.8,73,0.0,3.7,259,3.632020578756357,0.7059932828932158
2017-12-20 10:00:00,15.8,69,0.0,4.0,260,3.939231012048832,0.6945927106677213
2017-12-20 11:00:00,16.4,69,0.0,2.2,261,2.1729143493093033,0.34415582308850795
2017-12-20 12:00:00,17.4,68,0.0,2.3,288,2.1874299874788528,-0.710739087062379
2017-12-20 13:00:00,18.3,65,0.0,1.9,338,0.7117525274902327,-1.761649323676896
2017-12-20 14:00:00,19.4,57,0.0,6.3,347,1.4171916423663489,-6.1385314081469815
2017-12-20 15:00:00,19.5,49,0.0,14.5,353,1.7671054793746386,-14.391919198799169
2017-12-20 16:00:00,17.9,50,0.0,19.7,352,2.7417100889132895,-19.508280954208935
2017-12-20 17:00:00,15.1,58,0.0,19.5,358,0.6805401856987711,-19.488121126872368
2017-12-20 18:00:00,13.1,65,0.0,14.4,4,-1.0044932219154084,-14.36492232374147
2017-12-20 19:00:00,11.8,69,0.0,8.6,358,0.3001356716415093,-8.594761112364223
2017-12-20 20:00:00,11.2,74,0.0,6.5,360,3.9801020972288977e-16,-6.5
2017-12-20 21:00:00,10.8,74,0.0,5.8,360,3.5514757175273243e-16,-5.8
2017-12-20 22:00:00,10.3,76,0.0,5.4,4,-0.37668495821827813,-5.386845871403051
2017-12-20 23:00:00,9.8,77,0.0,4.7,356,0.3278554265973886,-4.688551036221174
2017-12-21 00:00:00,9.3,81,0.0,6.1,357,0.3192493330819582,-6.0916401620029
2017-12-21 01:00:00,9.2,81,0.0,5.0,21,-1.7918397477265036,-4.667902132486008
2017-12-21 02:00:00,9.3,79,0.0,4.0,5,-0.348622970990633,-3.984778792366982
2017-12-21 03:00:00,9.4,81,0.0,5.1,39,-3.2095339943541727,-3.96344440343055
2017-12-21 04:00:00,9.9,77,0.0,4.5,14,-1.088648530198505,-4.366330768241984
2017-12-21 05:00:00,10.0,79,0.0,6.4,38,-3.940233442084212,-5.043268823083022
2017-12-21 06:00:00,10.4,81,0.0,5.6,50,-4.289848881466277,-3.5996106142446194
2017-12-21 07:00:00,10.7,83,0.0,3.8,17,-1.111012477946401,-3.633958072659534
2017-12-21 08:00:00,12.1,77,0.0,6.5,19,-2.116193003971518,-6.1458707413955596
2017-12-21 09:00:00,13.9,69,0.0,4.9,343,1.4326213531414103,-4.685893304218874
2017-12-21 10:00:00,15.7,64,0.0,2.8,320,1.7998053071223101,-2.1449244407331385
2017-12-21 11:00:00,17.3,59,0.0,1.1,288,1.0461621679246689,-0.33991869381244216
2017-12-21 12:00:00,18.5,57,0.0,3.0,256,2.9108871788279895,0.7257656867990032
2017-12-21 13:00:00,19.5,53,0.0,3.4,252,3.233592155403522,1.0506577808748212
2017-12-21 14:00:00,19.9,51,0.0,4.1,225,2.899137802864845,2.8991378028648445
2017-12-21 15:00:00,20.2,48,0.0,7.1,229,5.358438019581681,4.658019105832602
2017-12-21 16:00:00,19.7,48,0.0,7.3,259,7.165878439167947,1.392905666248777
2017-12-21 17:00:00,17.5,55,0.0,5.6,320,3.5996106142446203,-4.289848881466277
2017-12-21 18:00:00,15.2,64,0.0,4.1,345,1.061158084920335,-3.96029588778518
2017-12-21 19:00:00,14.9,64,0.0,2.9,30,-1.4500000000000013,-2.5114736709748713
2017-12-21 20:00:00,14.0,71,0.0,6.5,180,3.9801020972288977e-16,6.5
2017-12-21 21:00:00,15.0,67,0.0,5.7,198,1.7613968679372005,5.421022142882375
2017-12-21 22:00:00,14.9,70,0.0,4.7,157,-1.8364363038995868,4.326372811226469
2017-12-21 23:00:00,14.2,79,0.0,5.6,165,-1.4493866525741166,5.4091846272187825
2017-12-22 00:00:00,15.5,76,0.0,1.8,127,-1.4375439180851273,1.0832670416736867
2017-12-22 01:00:00,13.8,83,0.0,4.7,81,-4.6421352007971475,-0.7352419856890845
2017-12-22 02:00:00,14.0,78,0.0,4.7,90,-4.7,5.755839955992561e-16
2017-12-22 03:00:00,14.1,77,0.0,5.8,94,-5.78587149150698,0.40458754771592803
2017-12-22 04:00:00,13.5,82,0.0,7.0,78,-6.847033205136639,-1.4553818357243165
2017-12-22 05:00:00,13.0,85,0.0,7.8,68,-7.232034065620942,-2.921931428644114
2017-12-22 06:00:00,14.6,75,0.0,6.1,40,-3.9210044190878905,-4.672871103025765
2017-12-22 07:00:00,13.7,80,0.0,5.4,37,-3.2498011250210608,-4.312631754255381
2017-12-22 08:00:00,16.2,66,0.0,4.0,80,-3.939231012048832,-0.6945927106677219
2017-12-22 09:00:00,18.0,49,0.0,3.1,45,-2.192031021678298,-2.192031021678297
2017-12-22 10:00:00,19.4,44,0.0,2.2,9,-0.3441558230885083,-2.172914349309303
2017-12-22 11:00:00,20.6,45,0.0,3.7,331,1.7937955949114475,-3.2360929164157644
2017-12-22 12:00:00,21.5,48,0.0,5.4,360,3.3065463576978537e-16,-5.4
2017-12-22 13:00:00,22.1,48,0.0,6.2,7,-0.7555899291119125,-6.153786140176197
2017-12-22 14:00:00,22.3,48,0.0,7.2,354,0.752604935527105,-7.160557646651568
2017-12-22 15:00:00,21.8,50,0.0,7.6,341,2.474317973874391,-7.185941174554807
2017-12-22 16:00:00,20.3,55,0.0,8.5,332,3.9905082836800725,-7.505054539300878
2017-12-22 17:00:00,17.6,65,0.0,5.0,339,1.791839747726502,-4.667902132486009
2017-12-22 18:00:00,17.6,62,0.0,4.6,45,-3.2526911934581193,-3.252691193458118
2017-12-22 19:00:00,17.3,63,0.0,2.2,189,0.34415582308850806,2.1729143493093033
2017-12-22 20:00:00,15.4,73,0.0,7.6,183,0.3977532674463741,7.589584464134761
2017-12-22 21:00:00,15.6,72,0.0,6.1,183,0.3192493330819582,6.0916401620029
2017-12-22 22:00:00,15.8,71,0.0,7.2,174,-0.7526049355271056,7.160557646651568
2017-12-22 23:00:00,15.9,70,0.0,8.0,172,-1.1133848076805228,7.922144549932563
2017-12-23 00:00:00,15.9,71,0.0,7.6,177,-0.3977532674463732,7.589584464134761
2017-12-23 01:00:00,15.5,75,0.0,6.8,177,-0.35588450245201814,6.790680836331102
2017-12-23 02:00:00,14.5,81,0.0,6.7,164,-1.8467702839738938,6.440453362786736
2017-12-23 03:00:00,13.9,84,0.0,7.5,163,-2.192787785420525,7.172285669722767
2017-12-23 04:00:00,13.8,84,0.0,7.6,172,-1.0577155672964966,7.5260373224359345
2017-12-23 05:00:00,13.4,86,0.0,8.0,172,-1.1133848076805228,7.922144549932563
2017-12-23 06:00:00,13.7,83,0.0,7.2,153,-3.2687315981247362,6.415246974156249
2017-12-23 07:00:00,14.3,81,0.0,6.0,147,-3.2678342100901627,5.032023407672543
2017-12-23 08:00:00,18.0,64,0.0,6.1,180,3.735172737399427e-16,6.1
2017-12-23 09:00:00,19.6,57,0.0,7.0,192,1.4553818357243162,6.847033205136639
2017-12-23 10:00:00,21.1,52,0.0,8.9,207,4.040515447681967,7.929958065276474
2017-12-23 11:00:00,22.3,50,0.0,8.8,215,5.0474726398892065,7.208537989743128
2017-12-23 12:00:00,23.2,49,0.0,8.7,218,5.356254835333226,6.855693556378481
2017-12-23 13:00:00,23.7,48,0.0,8.4,220,5.399415921366931,6.4347733221994154
2017-12-23 14:00:00,23.8,48,0.0,8.9,223,6.069785404556237,6.509047944410617
2017-12-23 15:00:00,23.5,49,0.0,7.9,231,6.139453095510071,4.971631089293716
2017-12-23 16:00:00,22.8,50,0.0,6.4,254,6.1520748540052415,1.7640790772287946
2017-12-23 17:00:00,20.7,57,0.0,4.6,288,4.3748599749577055,-1.421478174124758
2017-12-23 18:00:00,18.1,70,0.0,4.6,315,3.2526911934581184,-3.252691193458118
2017-12-23 19:00:00,16.8,83,0.0,4.3,355,0.37476969381492997,-4.283637201794505
2017-12-23 20:00:00,16.1,85,0.0,6.1,118,-5.385980316439454,2.863776532993933
2017-12-23 21:00:00,16.3,81,0.0,6.8,90,-6.8,8.327598234202001e-16
2017-12-23 22:00:00,18.3,72,0.0,3.6,6,-0.3763024677635521,-3.5802788233257843
2017-12-23 23:00:00,17.5,76,0.0,3.9,202,1.4609657143220567,3.616017032810471
2017-12-24 00:00:00,14.4,91,0.0,5.1,225,3.6062445840513924,3.606244584051392
2017-12-24 01:00:00,14.0,91,0.0,5.1,141,-3.20953399435417,3.963444403430552
2017-12-24 02:00:00,16.4,78,0.0,1.1,72,-1.046162167924669,-0.33991869381244205
2017-12-24 03:00:00,14.0,89,0.0,6.9,51,-5.362307134053099,-4.34231069824388
2017-12-24 04:00:00,14.1,87,0.0,6.8,65,-6.16289295184922,-2.873804179836755
2017-12-24 05:00:00,13.7,89,0.0,7.5,73,-7.172285669722766,-2.192787785420526
2017-12-24 06:00:00,14.1,87,0.0,6.3,66,-5.755336383148386,-2.5624408513775414
2017-12-24 07:00:00,15.3,80,0.0,6.1,45,-4.31335136523794,-4.313351365237939
2017-12-24 08:00:00,17.4,73,0.0,8.0,18,-2.4721359549995805,-7.608452130361228
2017-12-24 09:00:00,19.0,68,0.0,10.1,2,-0.35248491669525767,-10.093847352892867
2017-12-24 10:00:00,21.2,56,0.0,12.5,18,-3.8627124296868445,-11.888206453689419
2017-12-24 11:00:00,22.7,52,0.0,15.7,20,-5.369716250212996,-14.753174146338761
2017-12-24 12:00:00,23.8,49,0.0,17.5,19,-5.697442703000242,-16.546575072988045
2017-12-24 13:00:00,24.4,47,0.0,19.5,12,-4.054277970946316,-19.073878214309207
2017-12-24 14:00:00,24.2,48,0.0,21.9,9,-3.4259147843810593,-21.630374659033514
2017-12-24 15:00:00,23.4,51,0.0,22.7,10,-3.9418136330393185,-22.35513599337712
2017-12-24 16:00:00,22.0,57,0.0,21.2,10,-3.681341366538923,-20.87792436385881
2017-12-24 17:00:00,20.1,64,0.0,16.9,20,-5.7801404222037975,-15.88080529128185
2017-12-24 18:00:00,18.4,71,0.0,13.2,22,-4.944807033090042,-12.238826880281591
2017-12-24 19:00:00,17.5,74,0.0,12.2,14,-2.951447126315947,-11.837607860567156
2017-12-24 20:00:00,16.9,77,0.0,10.0,21,-3.583679495453007,-9.335804264972015
2017-12-24 21:00:00,16.8,75,0.0,9.6,13,-2.1595301217011063,-9.353952621938257
2017-12-24 22:00:00,16.4,74,0.0,7.9,357,0.41345405431925736,-7.889173324561134
2017-12-24 23:00:00,15.9,71,0.0,6.5,3,-0.340183715579138,-6.49109197590473
2017-12-25 00:00:00,15.9,68,0.0,7.9,3,-0.41345405431926,-7.889173324561134
2017-12-25 01:00:00,15.7,66,0.0,9.0,2,-0.31409547032250684,-8.994517443171862
2017-12-25 02:00:00,15.6,66,0.0,7.6,357,0.3977532674463741,-7.589584464134761
2017-12-25 03:00:00,15.0,68,0.1,5.4,352,0.7515347451843536,-5.34744757120448
2017-12-25 04:00:00,14.6,71,0.4,5.9,349,1.125773072721615,-5.791600382341218
2017-12-25 05:00:00,14.1,74,0.4,7.2,360,4.4087284769304716e-16,-7.2
2017-12-25 06:00:00,13.2,84,0.7000000000000001,6.2,10,-1.0766187015349682,-6.10580806867569
2017-12-25 07:00:00,13.7,80,0.4,7.2,18,-2.2249223594996224,-6.8476069173251055
2017-12-25 08:00:00,14.6,68,0.0,2.9,353,0.3534210958749277,-2.8783838397598336
2017-12-25 09:00:00,15.9,69,0.0,2.2,9,-0.3441558230885083,-2.172914349309303
2017-12-25 10:00:00,16.4,73,0.2,3.2,333,1.45276959916655,-2.851220877402777
2017-12-25 11:00:00,17.4,75,0.2,2.4,63,-2.138415658052083,-1.089577199374912
2017-12-25 12:00:00,18.9,76,0.0,2.5,188,0.34793275240016364,2.475670171853926
2017-12-25 13:00:00,20.1,70,0.0,3.1,201,1.1109406435904312,2.8940993221413254
2017-12-25 14:00:00,20.8,68,0.0,0.5,225,0.3535533905932738,0.35355339059327373
2017-12-25 15:00:00,20.8,61,0.0,5.4,318,3.6133052743378347,-4.012982057577929
2017-12-25 16:00:00,19.9,56,0.0,7.4,337,2.8914103508206255,-6.811735915548059
2017-12-25 17:00:00,18.6,51,0.0,5.5,337,2.1490212066910055,-5.062776693988422
2017-12-25 18:00:00,17.2,53,0.0,3.6,354,0.3763024677635525,-3.580278823325784
2017-12-25 19:00:00,16.3,56,0.0,2.4,333,1.0895771993749124,-2.138415658052083
2017-12-25 20:00:00,16.1,58,0.0,1.1,252,1.0461621679246689,0.33991869381244216
2017-12-25 21:00:00,15.9,60,0.0,2.6,236,2.1554976886431083,1.453901549023942
2017-12-25 22:00:00,15.5,62,0.0,2.9,240,2.511473670974872,1.4499999999999997
2017-12-25 23:00:00,15.3,64,0.0,2.9,173,-0.35342109587492737,2.878383839759834
2017-12-26 00:00:00,15.3,65,0.0,1.8,101,-1.7669289302057951,0.34345619167778096
2017-12-26 01:00:00,15.1,67,0.0,2.2,90,-2.2,2.6942229581241775e-16
2017-12-26 02:00:00,15.4,70,0.0,2.2,81,-2.1729143493093033,-0.3441558230885076
2017-12-26 03:00:00,15.1,73,0.0,1.6,63,-1.4256104387013888,-0.7263847995832747
2017-12-26 04:00:00,14.5,78,0.0,4.4,55,-3.604268994871564,-2.5237363199446032
2017-12-26 05:00:00,14.0,84,0.0,5.1,45,-3.606244584051393,-3.606244584051392
2017-12-26 06:00:00,13.7,88,0.0,5.1,45,-3.606244584051393,-3.606244584051392
2017-12-26 07:00:00,14.7,84,0.0,4.1,45,-2.8991378028648453,-2.8991378028648445
2017-12-26 08:00:00,16.4,81,0.0,1.5,14,-0.36288284339950166,-1.4554435894139948
2017-12-26 09:00:00,18.1,71,0.0,2.4,333,1.0895771993749124,-2.138415658052083
2017-12-26 10:00:00,19.5,64,0.0,3.8,343,1.1110124779463997,-3.6339580726595346
2017-12-26 11:00:00,20.8,59,0.0,3.6,360,2.2043642384652358e-16,-3.6
2017-12-26 12:00:00,21.9,55,0.0,4.0,360,2.4492935982947064e-16,-4.0
2017-12-26 13:00:00,22.8,52,0.0,5.9,11,-1.1257730727216133,-5.791600382341218
2017-12-26 14:00:00,23.1,51,0.0,6.8,360,4.1637991171010006e-16,-6.8
2017-12-26 15:00:00,22.7,52,0.0,8.4,350,1.4586446924022156,-8.272385125302547
2017-12-26 16:00:00,21.5,55,0.0,11.3,351,1.7677094549546095,-11.160878248725057
2017-12-26 17:00:00,19.4,62,0.0,9.6,340,3.2833933759264204,-9.02104915954472
2017-12-26 18:00:00,16.7,75,0.0,5.8,330,2.9000000000000004,-5.0229473419497435
2017-12-26 19:00:00,16.7,74,0.0,4.6,321,2.894873798829252,-3.5748714227020657
2017-12-26 20:00:00,16.8,75,0.0,2.9,263,2.8783838397598336,0.35342109587492765
2017-12-26 21:00:00,15.1,84,0.0,3.7,209,1.7937955949114475,3.2360929164157644
2017-12-26 22:00:00,15.4,83,0.0,4.5,209,2.181643291108517,3.935788682127281
2017-12-26 23:00:00,14.9,86,0.0,4.3,204,1.7489675652259409,3.9282454678631837
2017-12-27 00:00:00,15.1,86,0.0,5.4,188,0.7515347451843536,5.34744757120448
2017-12-27 01:00:00,15.1,89,0.0,4.2,211,2.1631599146222276,3.600102662948872
2017-12-27 02:00:00,14.9,91,0.0,4.0,153,-1.8159619989581868,3.5640260967534716
2017-12-27 03:00:00,14.9,92,0.0,4.8,167,-1.079765060850552,4.676976310969129
2017-12-27 04:00:00,14.6,93,0.0,5.9,191,1.125773072721615,5.791600382341218
2017-12-27 05:00:00,15.3,90,0.0,3.7,151,-1.793795594911447,3.236092916415765
2017-12-27 06:00:00,16.6,86,0.0,1.8,53,-1.437543918085127,-1.0832670416736871
2017-12-27 07:00:00,15.3,93,0.0,3.9,56,-3.233246532964663,-2.180852323535912
2017-12-27 08:00:00,16.7,85,0.0,3.3,49,-2.490541614735148,-2.1649947956686733
2017-12-27 09:00:00,18.3,78,0.0,1.8,37,-1.083267041673687,-1.437543918085127
2017-12-27 10:00:00,19.6,69,0.0,2.2,171,-0.34415582308850784,2.1729143493093033
2017-12-27 11:00:00,20.9,59,0.0,3.8,197,1.1110124779463997,3.6339580726595346
2017-12-27 12:00:00,22.1,52,0.0,5.5,191,1.049449474570997,5.3989495089621515
2017-12-27 13:00:00,23.3,48,0.0,4.9,197,1.4326213531414103,4.685893304218874
2017-12-27 14:00:00,23.9,47,0.0,7.6,205,3.211898789229316,6.887939181478539
2017-12-27 15:00:00,23.4,49,0.0,11.3,233,9.02458126353441,6.800509761618146
2017-12-27 16:00:00,21.6,53,0.0,10.9,253,10.423721839997087,3.186851581477831
2017-12-27 17:00:00,20.4,57,0.0,5.3,242,4.679622242152313,2.4881992827652213
2017-12-27 18:00:00,19.3,63,0.0,3.1,234,2.5079526825623373,1.8221342821066668
2017-12-27 19:00:00,17.3,73,0.0,5.6,195,1.4493866525741161,5.4091846272187825
2017-12-27 20:00:00,16.8,78,0.0,6.9,186,0.7212463965468089,6.862201078041086
2017-12-27 21:00:00,17.0,78,0.0,4.0,170,-0.6945927106677212,3.939231012048832
2017-12-27 22:00:00,17.1,78,0.0,4.7,184,0.3278554265973886,4.688551036221174
2017-12-27 23:00:00,17.1,80,0.0,4.9,197,1.4326213531414103,4.685893304218874
2017-12-28 00:00:00,17.1,81,0.0,4.1,218,2.524212048835199,3.23084408978756
2017-12-28 01:00:00,16.7,84,0.0,4.5,209,2.181643291108517,3.935788682127281
2017-12-28 02:00:00,17.7,79,0.0,0.7000000000000001,90,-0.7000000000000001,8.572527594031473e-17
2017-12-28 03:00:00,16.7,84,0.0,3.1,144,-1.8221342821066664,2.5079526825623373
2017-12-28 04:00:00,17.1,81,0.0,3.7,169,-0.7059932828932158,3.632020578756357
2017-12-28 05:00:00,17.5,79,0.0,4.4,189,0.6883116461770161,4.3458286986186065
2017-12-28 06:00:00,16.8,82,0.0,5.9,191,1.125773072721615,5.791600382341218
2017-12-28 07:00:00,18.0,75,0.0,3.1,159,-1.1109406435904308,2.8940993221413254
2017-12-28 08:00:00,18.3,76,0.0,2.2,351,0.34415582308850806,-2.1729143493093033
2017-12-28 09:00:00,19.2,71,0.0,3.4,18,-1.0506577808748216,-3.233592155403522
2017-12-28 10:00:00,21.2,60,0.0,6.1,180,3.735172737399427e-16,6.1
2017-12-28 11:00:00,22.6,53,0.0,10.4,200,3.557009490586956,9.772803256173447
2017-12-28 12:00:00,24.1,47,0.0,15.0,201,5.375519243179506,14.003706397458027
2017-12-28 13:00:00,23.7,48,0.0,16.7,199,5.436988179434517,15.790160212508589
2017-12-28 14:00:00,23.2,53,0.0,16.8,228,12.484833068020224,11.241394186828819
2017-12-28 15:00:00,22.0,59,0.0,15.0,228,11.147172382160914,10.036959095382873
2017-12-28 16:00:00,20.9,62,0.0,12.8,220,8.227681403987704,9.80536887192292
2017-12-28 17:00:00,19.8,68,0.0,8.9,212,4.716281451675524,7.547628055792192
2017-12-28 18:00:00,19.1,73,0.0,6.5,214,3.634753872559854,5.388744221607771
2017-12-28 19:00:00,18.8,75,0.0,6.0,197,1.7542302283364206,5.737828535778212
2017-12-28 20:00:00,18.8,80,0.0,6.2,173,-0.7555899291119137,6.153786140176197
2017-12-28 21:00:00,19.5,75,0.0,2.9,240,2.511473670974872,1.4499999999999997
2017-12-28 22:00:00,18.6,82,0.0,6.2,306,5.0159053651246746,-3.6442685642133337
2017-12-28 23:00:00,18.0,85,0.2,4.0,85,-3.984778792366982,-0.3486229709906318
2017-12-29 00:00:00,18.4,83,0.0,4.1,105,-3.9602958877851795,1.0611580849203361
2017-12-29 01:00:00,17.9,86,0.0,4.5,299,3.935788682127281,-2.1816432911085166
2017-12-29 02:00:00,15.8,98,0.0,5.0,339,1.791839747726502,-4.667902132486009
2017-12-29 03:00:00,15.3,99,0.0,5.8,30,-2.9000000000000026,-5.022947341949743
2017-12-29 04:00:00,15.1,99,0.0,7.3,20,-2.49674704627738,-6.859756131737131
2017-12-29 05:00:00,14.9,99,0.0,8.0,27,-3.6319239979163753,-7.128052193506942
2017-12-29 06:00:00,14.7,100,0.0,9.0,23,-3.5165801564034647,-8.284543681071963
2017-12-29 07:00:00,14.9,99,0.0,12.2,28,-5.727553065987867,-10.771960632878908
2017-12-29 08:00:00,16.2,91,0.0,15.6,26,-6.8385898899096125,-14.021187122267001
2017-12-29 09:00:00,18.2,75,0.0,18.2,18,-5.624109297624045,-17.309228596571792
2017-12-29 10:00:00,20.0,65,0.0,18.1,13,-4.071614083623961,-17.63609817261276
2017-12-29 11:00:00,21.7,56,0.0,14.9,7,-1.815853216736693,-14.7889376594557
2017-12-29 12:00:00,22.9,52,0.0,12.3,357,0.6437322617882109,-12.283143277481258
2017-12-29 13:00:00,23.5,50,0.0,9.1,351,1.4235536318661013,-8.987963899415753
2017-12-29 14:00:00,24.0,48,0.0,7.3,340,2.4967470462773824,-6.8597561317371305
2017-12-29 15:00:00,23.9,48,0.0,7.1,319,4.658019105832602,-5.358438019581681
2017-12-29 16:00:00,22.3,59,0.0,11.0,319,7.2166493188955805,-8.301805382450492
2017-12-29 17:00:00,19.8,74,0.0,7.7,323,4.633975678270772,-6.149493427364155
2017-12-29 18:00:00,17.3,88,0.0,5.8,330,2.9000000000000004,-5.0229473419497435
2017-12-29 19:00:00,17.9,84,0.0,2.3,51,-1.7874357113510326,-1.4474368994146265
2017-12-29 20:00:00,17.7,86,0.0,1.8,270,1.8,0.0
2017-12-29 21:00:00,16.6,92,0.0,3.0,256,2.9108871788279895,0.7257656867990032
2017-12-29 22:00:00,16.8,91,0.0,1.6,243,1.4256104387013888,0.7263847995832748
2017-12-29 23:00:00,16.6,93,0.0,2.5,188,0.34793275240016364,2.475670171853926
2017-12-30 00:00:00,17.5,87,0.1,5.8,202,2.1727182418122895,5.377666356487367
2017-12-30 01:00:00,17.7,87,0.1,6.8,212,3.603450996785793,5.766727053863696
2017-12-30 02:00:00,17.8,86,0.0,7.1,221,4.658019105832602,5.358438019581681
2017-12-30 03:00:00,17.5,87,0.0,7.4,227,5.412017391981862,5.046787864462489
2017-12-30 04:00:00,17.1,89,0.0,6.9,219,4.342310698243879,5.3623071340531
2017-12-30 05:00:00,16.7,91,0.0,5.7,198,1.7613968679372005,5.421022142882375
2017-12-30 06:00:00,16.7,91,0.0,5.1,188,0.7097828148963339,5.050367150582009
2017-12-30 07:00:00,16.5,92,0.0,4.0,190,0.6945927106677217,3.939231012048832
2017-12-30 08:00:00,18.1,83,0.0,0.8,243,0.7128052193506944,0.3631923997916374
2017-12-30 09:00:00,19.4,77,0.0,5.0,339,1.791839747726502,-4.667902132486009
2017-12-30 10:00:00,21.2,67,0.0,1.3,304,1.0777488443215542,-0.726950774511971
2017-12-30 11:00:00,23.0,52,0.0,3.8,221,2.4930243101639276,2.8678964048465336
2017-12-30 12:00:00,24.7,39,0.0,6.9,208,3.239353783222647,6.092338390726596
2017-12-30 13:00:00,25.8,36,0.0,8.6,248,7.973781149274371,3.221616703376843
2017-12-30 14:00:00,24.3,49,0.0,12.1,307,9.663489671572243,-7.281961780139784
2017-12-30 15:00:00,23.2,57,0.0,8.4,320,5.399415921366931,-6.4347733221994154
2017-12-30 16:00:00,22.1,60,0.0,12.0,314,8.632077604063815,-8.335900445507967
2017-12-30 17:00:00,19.1,71,0.0,11.9,335,5.029157314714324,-10.785062665736135
2017-12-30 18:00:00,17.6,79,0.0,5.8,4,-0.40458754771592836,-5.78587149150698
2017-12-30 19:00:00,17.2,82,0.1,4.2,340,1.436484601967809,-3.9467090073008153
2017-12-30 20:00:00,16.1,88,0.0,5.2,344,1.4333142502483958,-4.998560818879258
2017-12-30 21:00:00,15.4,90,0.0,4.2,340,1.436484601967809,-3.9467090073008153
2017-12-30 22:00:00,15.7,88,0.0,3.1,54,-2.5079526825623377,-1.8221342821066664
2017-12-30 23:00:00,15.7,88,0.0,2.3,51,-1.7874357113510326,-1.4474368994146265
2017-12-31 00:00:00,14.2,96,0.0,4.7,351,0.7352419856890854,-4.6421352007971475
2017-12-31 01:00:00,13.8,97,0.0,4.9,17,-1.4326213531414118,-4.685893304218873
2017-12-31 02:00:00,13.7,97,0.0,4.7,360,2.8779199779962803e-16,-4.7
2017-12-31 03:00:00,13.6,97,0.0,4.8,27,-2.179154398749825,-4.276831316104166
2017-12-31 04:00:00,13.9,96,0.0,6.2,7,-0.7555899291119125,-6.153786140176197
2017-12-31 05:00:00,13.6,97,0.0,6.1,3,-0.31924933308196024,-6.0916401620029
2017-12-31 06:00:00,13.4,97,0.0,4.9,17,-1.4326213531414118,-4.685893304218873
2017-12-31 07:00:00,13.5,97,0.0,4.7,4,-0.32785542659739025,-4.688551036221174
2017-12-31 08:00:00,15.3,90,0.0,6.5,341,2.116193003971519,-6.145870741395559
2017-12-31 09:00:00,16.9,81,0.0,5.2,335,2.197614961051637,-4.7128004925905795
2017-12-31 10:00:00,18.6,71,0.0,6.0,303,5.032023407672544,-3.2678342100901627
2017-12-31 11:00:00,19.3,65,0.0,6.1,320,3.92100441908789,-4.6728711030257655
2017-12-31 12:00:00,20.1,61,0.0,3.8,311,2.8678964048465336,-2.4930243101639276
2017-12-31 13:00:00,21.2,54,0.0,7.3,327,3.9758649556096977,-6.122295146001595
2017-12-31 14:00:00,20.0,54,0.0,16.3,354,1.7038139512627515,-16.210706894502856
2017-12-31 15:00:00,19.3,55,0.0,15.5,3,-0.8112073217656367,-15.478757788695894
2017-12-31 16:00:00,18.3,56,0.0,15.2,356,1.0602984009107035,-15.162973563949327
2017-12-31 17:00:00,16.7,59,0.0,13.8,354,1.4424927930936178,-13.724402156082173
2017-12-31 18:00:00,15.2,64,0.0,11.3,353,1.3771235804781667,-11.215771513546938
2017-12-31 19:00:00,14.0,69,0.0,8.3,355,0.7233926648055626,-8.268415994161488
2017-12-31 20:00:00,13.5,73,0.0,4.0,355,0.34862297099063255,-3.984778792366982
2017-12-31 21:00:00,13.1,74,0.0,3.0,346,0.725765686799003,-2.9108871788279895
2017-12-31 22:00:00,12.7,78,0.0,2.9,330,1.4500000000000002,-2.5114736709748717
2017-12-31 23:00:00,12.8,77,0.0,1.3,326,0.7269507745119709,-1.0777488443215544
2018-01-01 00:00:00,13.0,75,0.0,0.5,315,0.3535533905932738,-0.35355339059327373
2018-01-01 01:00:00,12.9,75,0.0,1.3,326,0.7269507745119709,-1.0777488443215544
2018-01-01 02:00:00,12.9,76,0.0,1.3,34,-0.7269507745119705,-1.0777488443215544
2018-01-01 03:00:00,12.8,78,0.0,2.1,31,-1.0815799573111144,-1.8000513314744355
2018-01-01 04:00:00,12.6,80,0.0,3.1,36,-1.822134282106667,-2.507952682562337
2018-01-01 05:00:00,12.9,80,0.0,4.3,42,-2.87726160734309,-3.195522749552796
2018-01-01 06:00:00,12.7,84,0.0,5.1,51,-3.9634444034305507,-3.2095339943541714
2018-01-01 07:00:00,13.2,83,0.0,3.6,37,-2.166534083347374,-2.875087836170254
2018-01-01 08:00:00,15.5,73,0.0,3.2,27,-1.4527695991665501,-2.851220877402777
2018-01-01 09:00:00,17.4,67,0.0,2.9,330,1.4500000000000002,-2.5114736709748717
2018-01-01 10:00:00,19.1,60,0.0,2.1,301,1.800051331474436,-1.0815799573111138
2018-01-01 11:00:00,20.7,53,0.0,2.9,300,2.511473670974872,-1.4499999999999997
2018-01-01 12:00:00,22.2,47,0.0,3.8,311,2.8678964048465336,-2.4930243101639276
2018-01-01 13:00:00,23.1,43,0.0,4.7,337,1.8364363038995866,-4.32637281122647
2018-01-01 14:00:00,23.4,42,0.0,6.2,350,1.0766187015349686,-6.10580806867569
2018-01-01 15:00:00,23.3,43,0.0,7.9,357,0.41345405431925736,-7.889173324561134
2018-01-01 16:00:00,22.5,45,0.0,10.9,351,1.705135668938517,-10.765802912487002
2018-01-01 17:00:00,20.4,54,0.0,10.1,333,4.585304047369423,-8.999165894302514
2018-01-01 18:00:00,17.0,70,0.0,6.2,324,3.6442685642133337,-5.0159053651246746
2018-01-01 19:00:00,17.7,67,0.0,3.5,294,3.197409101749103,-1.4235782507653008
2018-01-01 20:00:00,17.0,70,0.0,4.7,337,1.8364363038995866,-4.32637281122647
2018-01-01 21:00:00,16.9,71,0.0,1.4,180,8.572527594031472e-17,1.4
2018-01-01 22:00:00,16.4,73,0.0,3.9,236,3.2332465329646625,2.180852323535913
2018-01-01 23:00:00,16.1,74,0.0,4.0,175,-0.34862297099063294,3.984778792366982
2018-01-02 00:00:00,16.2,74,0.0,4.1,195,1.061158084920335,3.96029588778518
2018-01-02 01:00:00,16.1,75,0.0,4.7,171,-0.7352419856890848,4.6421352007971475
2018-01-02 02:00:00,15.0,81,0.0,3.8,139,-2.493024310163927,2.867896404846534
2018-01-02 03:00:00,15.2,80,0.0,2.4,117,-2.138415658052083,1.0895771993749124
2018-01-02 04:00:00,16.7,72,0.0,2.2,90,-2.2,2.6942229581241775e-16
2018-01-02 05:00:00,17.5,68,0.0,3.4,72,-3.2335921554035223,-1.0506577808748208
2018-01-02 06:00:00,17.4,68,0.0,2.6,34,-1.453901549023941,-2.1554976886431088
2018-01-02 07:00:00,17.0,69,0.0,2.2,81,-2.1729143493093033,-0.3441558230885076
2018-01-02 08:00:00,18.1,66,0.0,2.8,220,1.7998053071223101,2.1449244407331385
2018-01-02 09:00:00,19.8,58,0.0,6.0,237,5.032023407672544,3.2678342100901627
2018-01-02 10:00:00,21.8,49,0.0,8.4,227,6.143371093601032,5.728786224524987
2018-01-02 11:00:00,23.4,42,0.0,9.2,222,6.156001578501495,6.836932394392027
2018-01-02 12:00:00,24.5,40,0.0,7.7,229,5.811263767715345,5.051654523226906
2018-01-02 13:00:00,25.1,40,0.0,7.2,233,5.750175672340508,4.333068166694748
2018-01-02 14:00:00,25.3,40,0.0,5.7,252,5.421022142882375,1.7613968679372003
2018-01-02 15:00:00,25.0,40,0.0,5.3,298,4.679622242152313,-2.4881992827652213
2018-01-02 16:00:00,23.7,46,0.0,7.9,300,6.841600689897066,-3.9499999999999997
2018-01-02 17:00:00,21.7,54,0.0,7.3,281,7.165878439167947,-1.392905666248777
2018-01-02 18:00:00,18.8,65,0.0,5.6,255,5.4091846272187825,1.4493866525741161
2018-01-02 19:00:00,17.3,72,0.0,5.8,210,2.9000000000000004,5.0229473419497435
2018-01-02 20:00:00,17.6,76,0.0,5.5,191,1.049449474570997,5.3989495089621515
2018-01-02 21:00:00,17.4,78,0.0,5.1,184,0.35575801609503865,5.087576656325103
2018-01-02 22:00:00,17.1,80,0.0,5.2,192,1.0811407922523493,5.086367523815789
2018-01-02 23:00:00,16.9,83,0.0,5.0,201,1.791839747726502,4.667902132486009
2018-01-03 00:00:00,16.6,84,0.0,5.1,176,-0.35575801609503915,5.087576656325103
2018-01-03 01:00:00,16.8,82,0.0,4.7,171,-0.7352419856890848,4.6421352007971475
2018-01-03 02:00:00,17.1,81,0.0,6.1,183,0.3192493330819582,6.0916401620029
2018-01-03 03:00:00,16.7,85,0.0,5.8,184,0.40458754771592637,5.78587149150698
2018-01-03 04:00:00,16.3,87,0.0,5.4,180,3.3065463576978537e-16,5.4
2018-01-03 05:00:00,16.3,87,0.0,5.4,184,0.3766849582182763,5.386845871403051
2018-01-03 06:00:00,15.6,89,0.0,6.2,190,1.0766187015349686,6.10580806867569
2018-01-03 07:00:00,15.5,91,0.0,4.7,171,-0.7352419856890848,4.6421352007971475
2018-01-03 08:00:00,18.2,81,0.0,8.7,204,3.5386087947594613,7.947845481490627
2018-01-03 09:00:00,19.9,73,0.0,8.8,215,5.0474726398892065,7.208537989743128
2018-01-03 10:00:00,22.2,60,0.0,10.2,212,5.40517649517869,8.650090580795544
2018-01-03 11:00:00,23.7,51,0.0,7.5,235,6.143640332167439,4.301823272632845
2018-01-03 12:00:00,24.2,50,0.0,6.7,234,5.420413862312148,3.93816119035957
2018-01-03 13:00:00,24.4,49,0.0,1.3,236,1.0777488443215542,0.726950774511971
2018-01-03 14:00:00,25.1,48,0.0,7.8,77,-7.6000865053248345,-1.7546182238821468
2018-01-03 15:00:00,24.9,46,0.0,12.6,360,7.715274834628325e-16,-12.6
2018-01-03 16:00:00,21.5,69,0.0,12.9,337,5.040431557511631,-11.874512609536481
2018-01-03 17:00:00,20.3,73,0.0,8.1,328,4.29234604028896,-6.86918957886705
2018-01-03 18:00:00,19.0,77,0.0,7.7,319,5.051654523226906,-5.811263767715345
2018-01-03 19:00:00,18.3,79,0.0,3.8,343,1.1110124779463997,-3.6339580726595346
2018-01-03 20:00:00,18.3,80,0.1,2.1,121,-1.8000513314744357,1.0815799573111142
2018-01-03 21:00:00,18.8,81,0.1,5.4,138,-3.6133052743378347,4.012982057577929
2018-01-03 22:00:00,18.7,83,0.1,3.0,194,0.725765686799003,2.9108871788279895
2018-01-03 23:00:00,18.5,85,0.1,3.4,238,2.883363526931848,1.8017254983928965
2018-01-04 00:00:00,18.6,83,0.0,1.6,243,1.4256104387013888,0.7263847995832748
2018-01-04 01:00:00,18.4,83,0.0,2.5,90,-2.5,3.061616997868383e-16
2018-01-04 02:00:00,18.5,82,0.0,1.8,323,1.0832670416736871,-1.437543918085127
2018-01-04 03:00:00,16.6,92,0.3,5.2,236,4.310995377286217,2.907803098047884
2018-01-04 04:00:00,16.9,92,0.4,4.3,204,1.7489675652259409,3.9282454678631837
2018-01-04 05:00:00,17.2,92,0.2,4.3,185,0.37476969381492997,4.283637201794505
2018-01-04 06:00:00,17.1,92,0.1,3.2,153,-1.4527695991665495,2.8512208774027776
2018-01-04 07:00:00,17.1,90,0.0,3.6,174,-0.3763024677635528,3.580278823325784
2018-01-04 08:00:00,17.9,89,0.0,7.6,225,5.374011537017761,5.37401153701776
2018-01-04 09:00:00,18.9,83,0.1,7.1,221,4.658019105832602,5.358438019581681
2018-01-04 10:00:00,20.0,75,0.0,7.9,223,5.387787044493738,5.777694242791447
2018-01-04 11:00:00,19.8,75,0.1,5.4,250,5.074340152243906,1.8469087739586112
2018-01-04 12:00:00,19.7,75,0.2,3.8,287,3.6339580726595346,-1.1110124779463997
2018-01-04 13:00:00,20.6,71,0.3,4.6,309,3.5748714227020657,-2.8948737988292517
2018-01-04 14:00:00,20.1,77,0.7000000000000001,8.0,333,3.6319239979163744,-7.128052193506942
2018-01-04 15:00:00,18.4,89,0.8,7.5,17,-2.192787785420528,-7.172285669722765
2018-01-04 16:00:00,17.2,97,0.6,6.8,3,-0.3558845024520213,-6.790680836331102
2018-01-04 17:00:00,16.6,98,1.1,5.4,20,-1.8469087739586103,-5.074340152243906
2018-01-04 18:00:00,16.4,97,1.0,8.7,17,-2.5436338310878126,-8.319851376878407
2018-01-04 19:00:00,16.1,97,0.5,11.0,41,-7.2166493188955805,-8.301805382450492
2018-01-04 20:00:00,16.9,94,1.0,5.6,27,-2.5423467985414625,-4.989636535454859
2018-01-04 21:00:00,16.7,96,0.0,7.7,11,-1.4692292643993936,-7.558529312547013
2018-01-04 22:00:00,16.4,98,0.1,6.3,24,-2.5624408513775405,-5.755336383148386
2018-01-04 23:00:00,16.5,96,0.1,4.3,48,-3.195522749552795,-2.8772616073430903
2018-01-05 00:00:00,16.7,96,0.2,4.5,14,-1.088648530198505,-4.366330768241984
2018-01-05 01:00:00,16.2,98,0.6,4.7,351,0.7352419856890854,-4.6421352007971475
2018-01-05 02:00:00,16.1,97,0.6,6.7,54,-5.420413862312149,-3.9381611903595695
2018-01-05 03:00:00,16.4,96,1.0,5.0,360,3.061616997868383e-16,-5.0
2018-01-05 04:00:00,16.4,95,0.6,7.6,25,-3.2118987892293136,-6.88793918147854
2018-01-05 05:00:00,16.5,94,0.2,8.6,22,-3.2216167033768457,-7.97378114927437
2018-01-05 06:00:00,16.3,95,0.1,10.0,13,-2.2495105434386526,-9.743700647852352
2018-01-05 07:00:00,16.1,97,0.3,10.2,23,-3.9854575105905927,-9.38914950521489
2018-01-05 08:00:00,17.3,88,0.2,9.3,13,-2.092044805397947,-9.061641602502688
2018-01-05 09:00:00,17.7,90,0.0,14.1,356,0.9835662797921657,-14.06565310866352
2018-01-05 10:00:00,18.1,88,0.0,12.1,17,-3.537697627145119,-11.571287547152727
2018-01-05 11:00:00,18.6,84,0.0,12.0,21,-4.3004153945436085,-11.20296511796642
2018-01-05 12:00:00,20.2,74,0.0,13.5,16,-3.721104303529485,-12.977032895167307
2018-01-05 13:00:00,20.8,70,0.0,13.8,7,-1.681796938991031,-13.697136892650246
2018-01-05 14:00:00,20.6,69,0.0,12.3,357,0.6437322617882109,-12.283143277481258
2018-01-05 15:00:00,20.2,70,0.0,11.6,5,-1.0110066158728357,-11.555858497864248
2018-01-05 16:00:00,19.8,70,0.0,10.1,2,-0.35248491669525767,-10.093847352892867
2018-01-05 17:00:00,18.9,73,0.0,9.4,2,-0.3280552690035072,-9.394273773979501
2018-01-05 18:00:00,17.2,75,0.0,9.4,353,1.1455718280083864,-9.329933825428427
2018-01-05 19:00:00,16.3,75,0.0,6.2,10,-1.0766187015349682,-6.10580806867569
2018-01-05 20:00:00,15.7,77,0.0,3.8,49,-2.867896404846534,-2.4930243101639267
2018-01-05 21:00:00,16.2,77,0.0,3.5,24,-1.4235782507653003,-3.1974091017491033
2018-01-05 22:00:00,15.7,82,0.0,2.5,360,1.5308084989341916e-16,-2.5
2018-01-05 23:00:00,15.2,83,0.0,3.1,45,-2.192031021678298,-2.192031021678297
2018-01-06 00:00:00,15.0,86,0.0,3.3,49,-2.490541614735148,-2.1649947956686733
2018-01-06 01:00:00,15.4,88,0.0,2.6,56,-2.1554976886431088,-1.4539015490239415
2018-01-06 02:00:00,15.7,84,0.0,2.6,16,-0.7166571251241971,-2.4992804094396295
2018-01-06 03:00:00,15.2,84,0.1,6.2,83,-6.153786140176197,-0.7555899291119134
2018-01-06 04:00:00,16.2,89,0.1,1.1,288,1.0461621679246689,-0.33991869381244216
2018-01-06 05:00:00,15.7,88,0.0,4.7,157,-1.8364363038995868,4.326372811226469
2018-01-06 06:00:00,15.4,91,0.0,2.2,351,0.34415582308850806,-2.1729143493093033
2018-01-06 07:00:00,15.0,93,0.0,4.7,94,-4.688551036221174,0.32785542659739
2018-01-06 08:00:00,16.5,92,0.0,1.6,117,-1.4256104387013886,0.7263847995832751
2018-01-06 09:00:00,18.2,85,0.0,5.8,173,-0.7068421917498547,5.756767679519668
2018-01-06 10:00:00,19.1,83,0.0,4.2,211,2.1631599146222276,3.600102662948872
2018-01-06 11:00:00,21.0,75,0.0,8.1,212,4.29234604028896,6.86918957886705
2018-01-06 12:00:00,21.6,72,0.2,11.7,227,8.556838308944293,7.979380812731232
2018-01-06 13:00:00,20.8,74,0.5,8.9,238,7.547628055792192,4.716281451675524
2018-01-06 14:00:00,21.0,73,0.0,7.0,235,5.7340643100229425,4.015035054457322
2018-01-06 15:00:00,20.5,75,2.6,7.5,235,6.143640332167439,4.301823272632845
2018-01-06 16:00:00,18.6,90,1.8,6.1,273,6.0916401620029,-0.31924933308195735
2018-01-06 17:00:00,17.7,92,1.2,2.4,297,2.138415658052083,-1.0895771993749122
2018-01-06 18:00:00,17.1,95,0.6,2.7,337,1.0549740469210391,-2.485363104321589
2018-01-06 19:00:00,16.9,97,0.8,2.6,34,-1.453901549023941,-2.1554976886431088
2018-01-06 20:00:00,16.8,99,0.6,8.4,25,-3.549993398621873,-7.612985411107861
2018-01-06 21:00:00,16.6,99,0.9,8.1,21,-2.9027803913169357,-7.562001454627333
2018-01-06 22:00:00,16.6,98,2.9,6.5,6,-0.6794350112397468,-6.464392319893777
2018-01-06 23:00:00,16.8,97,3.8,5.4,98,-5.34744757120448,0.7515347451843528
2018-01-07 00:00:00,17.1,96,7.1,4.3,5,-0.37476969381493047,-4.283637201794505
2018-01-07 01:00:00,16.8,97,4.0,4.8,42,-3.211826910522519,-3.567095162291493
2018-01-07 02:00:00,17.3,95,2.8,3.3,103,-3.215421213791276,0.7423384793347552
2018-01-07 03:00:00,17.5,94,0.6,3.3,283,3.2154212137912763,-0.7423384793347545
2018-01-07 04:00:00,16.5,98,0.4,2.2,351,0.34415582308850806,-2.1729143493093033
2018-01-07 05:00:00,16.4,98,0.3,7.4,51,-5.750880114781584,-4.656970893768799
2018-01-07 06:00:00,17.1,92,0.1,10.1,63,-8.999165894302516,-4.585304047369421
2018-01-07 07:00:00,17.2,92,0.7000000000000001,7.0,21,-2.508575646817105,-6.535062985480412
2018-01-07 08:00:00,16.3,98,0.0,9.8,17,-2.8652427062828236,-9.371786608437747
2018-01-07 09:00:00,16.6,95,0.2,10.6,24,-4.311408416603481,-9.68358185101157
2018-01-07 10:00:00,17.7,88,0.0,10.4,2,-0.36295476570600793,-10.393664600998596
2018-01-07 11:00:00,18.7,84,0.0,8.1,21,-2.9027803913169357,-7.562001454627333
2018-01-07 12:00:00,20.1,81,0.0,1.5,45,-1.0606601717798214,-1.0606601717798212
2018-01-07 13:00:00,21.5,77,0.0,4.0,243,3.5640260967534716,1.815961998958187
2018-01-07 14:00:00,21.7,76,0.0,6.7,216,3.93816119035957,5.420413862312148
2018-01-07 15:00:00,21.8,75,0.0,7.1,240,6.148780366869515,3.5499999999999994
2018-01-07 16:00:00,21.2,75,0.0,3.0,256,2.9108871788279895,0.7257656867990032
2018-01-07 17:00:00,20.6,81,0.0,1.1,270,1.1,0.0
2018-01-07 18:00:00,20.4,78,0.0,1.4,90,-1.4,1.7145055188062944e-16
2018-01-07 19:00:00,20.5,79,0.0,3.1,324,1.8221342821066668,-2.5079526825623373
2018-01-07 20:00:00,19.1,88,0.0,3.6,143,-2.1665340833473743,2.8750878361702537
2018-01-07 21:00:00,18.5,89,0.0,1.8,127,-1.4375439180851273,1.0832670416736867
2018-01-07 22:00:00,17.8,91,0.0,5.8,176,-0.4045875477159269,5.78587149150698
2018-01-07 23:00:00,19.3,80,0.0,4.7,266,4.688551036221174,0.3278554265973889
2018-01-08 00:00:00,17.3,93,0.9,3.8,41,-2.4930243101639276,-2.8678964048465336
2018-01-08 01:00:00,17.5,92,0.4,3.3,131,-2.4905416147351476,2.1649947956686737
2018-01-08 02:00:00,17.2,93,0.1,5.0,159,-1.7918397477265013,4.667902132486009
2018-01-08 03:00:00,17.6,92,0.2,4.3,132,-3.195522749552794,2.8772616073430908
2018-01-08 04:00:00,19.9,80,0.0,1.5,104,-1.4554435894139948,0.3628828433995016
2018-01-08 05:00:00,19.7,81,0.0,1.1,90,-1.1,1.3471114790620887e-16
2018-01-08 06:00:00,19.9,79,0.0,2.5,135,-1.7677669529663687,1.7677669529663689
2018-01-08 07:00:00,20.0,78,0.0,1.6,117,-1.4256104387013886,0.7263847995832751
2018-01-08 08:00:00,22.1,69,0.0,1.5,166,-0.36288284339950166,1.4554435894139948
2018-01-08 09:00:00,22.9,75,0.1,7.4,223,5.046787864462489,5.412017391981862
2018-01-08 10:00:00,24.1,73,0.3,11.0,221,7.2166493188955805,8.301805382450492
2018-01-08 11:00:00,24.4,76,1.2,16.9,209,8.193282582163096,14.781073050655786
2018-01-08 12:00:00,21.6,94,4.3,13.0,294,11.876090949353811,-5.287576359985403
2018-01-08 13:00:00,17.1,96,16.0,17.0,4,-1.185860053650135,-16.958588854417012
2018-01-08 14:00:00,17.3,95,4.8,12.6,27,-5.720280296718291,-11.226682204773434
2018-01-08 15:00:00,17.8,90,1.5,17.1,72,-16.26306642864713,-5.284190603811599
2018-01-08 16:00:00,19.0,81,0.6,12.0,33,-6.535668420180324,-10.064046815345089
2018-01-08 17:00:00,18.7,85,0.2,7.7,49,-5.811263767715346,-5.051654523226905
2018-01-08 18:00:00,18.0,90,0.0,6.8,357,0.35588450245201897,-6.790680836331102
2018-01-08 19:00:00,16.5,97,0.0,13.1,8,-1.8231676225768623,-12.97251170051457
2018-01-08 20:00:00,18.7,72,0.0,14.6,57,-12.24459029200319,-7.951729911219395
2018-01-08 21:00:00,19.1,70,0.1,12.8,40,-8.227681403987706,-9.805368871922918
2018-01-08 22:00:00,18.4,75,0.1,14.6,20,-4.99349409255476,-13.719512263474263
2018-01-08 23:00:00,17.1,91,1.4,15.8,21,-5.6622136028157515,-14.750570738655787
2018-01-09 00:00:00,15.1,99,1.6,18.3,10,-3.177761651304825,-18.02198188012341
2018-01-09 01:00:00,14.0,98,1.2,15.5,12,-3.2226312076752768,-15.161287811373986
2018-01-09 02:00:00,12.5,99,1.0,17.7,2,-0.6177210916342635,-17.689217638237995
2018-01-09 03:00:00,11.2,95,0.4,19.2,13,-4.3190602434022125,-18.707905243876514
2018-01-09 04:00:00,10.2,98,0.9,16.8,10,-2.91728938480443,-16.544770250605094
2018-01-09 05:00:00,9.8,97,0.9,17.2,16,-4.74096252005238,-16.533701170139086
2018-01-09 06:00:00,10.2,97,1.0,14.1,19,-4.590510977845908,-13.331811915950368
2018-01-09 07:00:00,9.6,98,0.6,17.4,6,-1.8187952608571683,-17.304680979407955
2018-01-09 08:00:00,9.6,96,1.3,13.3,358,0.4641633061432644,-13.291897999353974
2018-01-09 09:00:00,10.3,95,2.1,12.0,44,-8.335900445507967,-8.632077604063815
2018-01-09 10:00:00,10.1,97,1.0,16.3,346,3.943326898274583,-15.815820338298742
2018-01-09 11:00:00,10.1,93,0.3,14.7,11,-2.8048922320352054,-14.42991959668066
2018-01-09 12:00:00,9.7,96,0.5,14.5,6,-1.5156627173809738,-14.420567482839964
2018-01-09 13:00:00,10.9,91,1.0,14.7,62,-12.979329615026224,-6.901231972952595
2018-01-09 14:00:00,10.5,93,0.2,16.0,346,3.870750329594683,-15.524731620415944
2018-01-09 15:00:00,9.8,95,1.1,12.6,31,-6.489479743866687,-10.800307988846612
2018-01-09 16:00:00,9.6,96,0.2,11.2,356,0.7812725059342026,-11.17271736291003
2018-01-09 17:00:00,9.3,93,0.1,10.8,26,-4.73440838532204,-9.706975700031002
2018-01-09 18:00:00,9.6,93,0.0,10.2,352,1.4195656297926678,-10.100734301164017
2018-01-09 19:00:00,8.9,95,0.4,8.9,40,-5.720809726210201,-6.817795543758904
2018-01-09 20:00:00,9.6,96,0.6,6.2,21,-2.2218812871808646,-5.78819864428265
2018-01-09 21:00:00,10.0,96,0.0,4.5,346,1.0886485301985045,-4.366330768241984
2018-01-09 22:00:00,9.1,94,0.0,7.4,23,-2.8914103508206264,-6.811735915548058
2018-01-09 23:00:00,10.2,89,0.0,8.7,42,-5.821436275322065,-6.4653599816533305
2018-01-10 00:00:00,10.3,87,0.0,10.0,15,-2.5881904510252065,-9.659258262890683
2018-01-10 01:00:00,9.6,87,0.0,10.8,358,0.3769145643870117,-10.793420931806235
2018-01-10 02:00:00,9.3,89,0.5,9.6,13,-2.1595301217011063,-9.353952621938257
2018-01-10 03:00:00,8.4,93,0.2,11.1,25,-4.691062705321761,-10.060016436106816
2018-01-10 04:00:00,8.8,92,0.4,9.7,15,-2.51054473749445,-9.369480515003962
2018-01-10 05:00:00,8.9,92,0.2,10.0,30,-5.000000000000004,-8.660254037844384
2018-01-10 06:00:00,8.9,93,0.0,11.2,6,-1.1707187885977175,-11.13864522812466
2018-01-10 07:00:00,9.2,91,0.0,9.8,28,-4.600821315301729,-8.652886410017485
2018-01-10 08:00:00,9.2,90,0.0,7.3,11,-1.3929056662487755,-7.165878439167947
2018-01-10 09:00:00,10.0,89,0.0,8.1,13,-1.8221035401853085,-7.892397524760404
2018-01-10 10:00:00,11.8,82,0.0,10.0,13,-2.2495105434386526,-9.743700647852352
2018-01-10 11:00:00,13.6,73,0.0,10.5,6,-1.0975488643103604,-10.442479901366871
2018-01-10 12:00:00,14.5,69,0.0,12.3,7,-1.4989929238833102,-12.208317665188263
2018-01-10 13:00:00,15.2,65,0.0,15.3,8,-2.129348444689007,-15.151101451746026
2018-01-10 14:00:00,14.9,64,0.0,17.2,11,-3.2819147204765673,-16.883987555299818
2018-01-10 15:00:00,13.9,61,0.0,18.9,8,-2.6303716081452437,-18.716066499215675
2018-01-10 16:00:00,12.4,63,0.0,18.5,7,-2.2545828529952225,-18.36210380536446
2018-01-10 17:00:00,10.3,68,0.0,15.5,12,-3.2226312076752768,-15.161287811373986
2018-01-10 18:00:00,9.0,71,0.0,9.6,20,-3.283393375926418,-9.02104915954472
2018-01-10 19:00:00,8.5,73,0.0,6.0,17,-1.7542302283364226,-5.7378285357782115
2018-01-10 20:00:00,7.7,80,0.0,7.1,41,-4.658019105832602,-5.358438019581681
2018-01-10 21:00:00,8.4,75,0.0,4.5,61,-3.9357886821272814,-2.181643291108516
2018-01-10 22:00:00,8.1,72,0.0,6.0,57,-5.032023407672544,-3.2678342100901627
2018-01-10 23:00:00,8.8,71,0.0,4.4,351,0.6883116461770161,-4.3458286986186065
2018-01-11 00:00:00,8.1,73,0.0,5.1,4,-0.35575801609504043,-5.087576656325103
2018-01-11 01:00:00,8.3,66,0.0,4.1,15,-1.0611580849203346,-3.96029588778518
2018-01-11 02:00:00,7.3,71,0.0,5.0,21,-1.7918397477265036,-4.667902132486008
2018-01-11 03:00:00,7.9,69,0.0,5.9,14,-1.42733918403804,-5.7247447850283795
2018-01-11 04:00:00,7.5,73,0.0,5.9,38,-3.632402704421383,-4.649263446279661
2018-01-11 05:00:00,8.7,66,0.0,5.4,20,-1.8469087739586103,-5.074340152243906
2018-01-11 06:00:00,9.1,66,0.0,6.2,353,0.7555899291119145,-6.153786140176196
2018-01-11 07:00:00,8.6,73,0.0,4.6,18,-1.4214781741247586,-4.3748599749577055
2018-01-11 08:00:00,9.2,72,0.0,3.8,73,-3.6339580726595346,-1.1110124779463997
2018-01-11 09:00:00,10.1,69,0.0,3.1,339,1.1109406435904312,-2.8940993221413254
2018-01-11 10:00:00,11.7,59,0.0,1.1,288,1.0461621679246689,-0.33991869381244216
2018-01-11 11:00:00,13.0,50,0.0,1.6,243,1.4256104387013888,0.7263847995832748
2018-01-11 12:00:00,13.3,51,0.0,3.1,324,1.8221342821066668,-2.5079526825623373
2018-01-11 13:00:00,14.3,54,0.0,5.1,4,-0.35575801609504043,-5.087576656325103
2018-01-11 14:00:00,13.8,60,0.0,7.2,354,0.752604935527105,-7.160557646651568
2018-01-11 15:00:00,14.6,58,0.0,13.3,3,-0.6960682180311593,-13.281772812235833
2018-01-11 16:00:00,13.2,63,0.0,15.8,359,0.27574802170908086,-15.797593583470983
2018-01-11 17:00:00,11.5,66,0.0,15.1,1,-0.26353133720298083,-15.097700196861508
2018-01-11 18:00:00,9.7,69,0.0,9.8,8,-1.363896389408645,-9.704627073667389
2018-01-11 19:00:00,8.5,68,0.0,9.7,358,0.33852511801426044,-9.694091022085228
2018-01-11 20:00:00,7.3,72,0.0,6.2,7,-0.7555899291119125,-6.153786140176197
2018-01-11 21:00:00,6.9,76,0.0,5.5,11,-1.0494494745709955,-5.3989495089621515
2018-01-11 22:00:00,6.6,72,0.0,6.1,357,0.3192493330819582,-6.0916401620029
2018-01-11 23:00:00,5.9,75,0.0,5.4,8,-0.7515347451843555,-5.34744757120448
2018-01-12 00:00:00,5.0,80,0.0,7.7,349,1.4692292643993958,-7.558529312547013
2018-01-12 01:00:00,4.8,78,0.0,7.0,21,-2.508575646817105,-6.535062985480412
2018-01-12 02:00:00,5.5,74,0.0,5.5,11,-1.0494494745709955,-5.3989495089621515
2018-01-12 03:00:00,5.6,72,0.0,5.5,11,-1.0494494745709955,-5.3989495089621515
2018-01-12 04:00:00,5.5,72,0.0,6.2,10,-1.0766187015349682,-6.10580806867569
2018-01-12 05:00:00,4.5,81,0.0,7.0,21,-2.508575646817105,-6.535062985480412
2018-01-12 06:00:00,4.5,79,0.0,6.2,10,-1.0766187015349682,-6.10580806867569
2018-01-12 07:00:00,5.0,80,0.0,5.3,28,-2.488199282765221,-4.679622242152313
2018-01-12 08:00:00,7.6,72,0.0,8.4,353,1.023702484603239,-8.337387673787106
2018-01-12 09:00:00,9.2,68,0.0,7.0,12,-1.4553818357243185,-6.847033205136639
2018-01-12 10:00:00,11.0,62,0.0,6.9,354,0.7212463965468089,-6.862201078041086
2018-01-12 11:00:00,12.4,57,0.0,7.2,357,0.3768188849491966,-7.190132650232932
2018-01-12 12:00:00,13.5,55,0.0,10.1,358,0.3524849166952609,-10.093847352892867
2018-01-12 13:00:00,14.2,53,0.0,12.0,9,-1.8772135804827723,-11.852260087141651
2018-01-12 14:00:00,14.3,53,0.0,15.2,7,-1.8524140197582368,-15.086701504948095
2018-01-12 15:00:00,13.7,54,0.0,17.0,6,-1.776983875550107,-16.90687222126065
2018-01-12 16:00:00,12.4,56,0.0,15.9,5,-1.3857763096877662,-15.839495699658755
2018-01-12 17:00:00,10.5,63,0.0,12.7,8,-1.7674983821928358,-12.576404473017941
2018-01-12 18:00:00,8.5,68,0.0,10.9,8,-1.5169868004647176,-10.793921949283115
2018-01-12 19:00:00,7.1,72,0.0,6.0,17,-1.7542302283364226,-5.7378285357782115
2018-01-12 20:00:00,6.5,73,0.0,6.9,354,0.7212463965468089,-6.862201078041086
2018-01-12 21:00:00,7.5,63,0.0,3.6,360,2.2043642384652358e-16,-3.6
2018-01-12 22:00:00,7.1,64,0.0,1.8,53,-1.437543918085127,-1.0832670416736871
2018-01-12 23:00:00,7.1,65,0.0,3.3,13,-0.7423384793347553,-3.215421213791276
2018-01-13 00:00:00,6.9,66,0.0,0.7000000000000001,90,-0.7000000000000001,8.572527594031473e-17
2018-01-13 01:00:00,6.7,66,0.0,2.9,360,1.7757378587636622e-16,-2.9
2018-01-13 02:00:00,6.6,66,0.0,3.3,41,-2.1649947956686737,-2.4905416147351476
2018-01-13 03:00:00,7.2,66,0.0,2.2,90,-2.2,2.6942229581241775e-16
2018-01-13 04:00:00,5.2,76,0.0,6.8,357,0.35588450245201897,-6.790680836331102
2018-01-13 05:00:00,3.6,86,0.0,8.9,43,-6.069785404556238,-6.509047944410617
2018-01-13 06:00:00,3.9,86,0.0,8.9,50,-6.817795543758905,-5.7208097262102
2018-01-13 07:00:00,7.9,67,0.0,3.7,79,-3.632020578756357,-0.7059932828932155
2018-01-13 08:00:00,8.3,70,0.0,2.2,9,-0.3441558230885083,-2.172914349309303
2018-01-13 09:00:00,10.5,69,0.0,4.0,355,0.34862297099063255,-3.984778792366982
2018-01-13 10:00:00,12.4,63,0.0,3.8,17,-1.111012477946401,-3.633958072659534
2018-01-13 11:00:00,13.6,60,0.0,4.3,355,0.37476969381492997,-4.283637201794505
2018-01-13 12:00:00,14.7,55,0.0,4.7,4,-0.32785542659739025,-4.688551036221174
2018-01-13 13:00:00,15.5,50,0.0,6.6,9,-1.0324674692655247,-6.5187430479279085
2018-01-13 14:00:00,15.9,48,0.0,8.0,10,-1.3891854213354426,-7.878462024097664
2018-01-13 15:00:00,15.6,50,0.0,9.7,4,-0.676637795318018,-9.676371287520293
2018-01-13 16:00:00,15.2,53,0.0,8.8,9,-1.3766232923540331,-8.691657397237211
2018-01-13 17:00:00,13.1,70,0.0,5.4,4,-0.37668495821827813,-5.386845871403051
2018-01-13 18:00:00,9.8,75,0.0,10.0,334,4.383711467890775,-8.98794046299167
2018-01-13 19:00:00,11.8,62,0.0,6.6,13,-1.4846769586695105,-6.430842427582552
2018-01-13 20:00:00,9.8,72,0.0,4.7,99,-4.6421352007971475,0.7352419856890856
2018-01-13 21:00:00,12.4,59,0.0,1.5,104,-1.4554435894139948,0.3628828433995016
2018-01-13 22:00:00,12.2,60,0.0,1.1,72,-1.046162167924669,-0.33991869381244205
2018-01-13 23:00:00,12.1,61,0.0,1.8,101,-1.7669289302057951,0.34345619167778096
2018-01-14 00:00:00,12.4,60,0.0,1.1,108,-1.0461621679246689,0.3399186938124423
2018-01-14 01:00:00,10.3,68,0.0,4.1,142,-2.524212048835199,3.23084408978756
2018-01-14 02:00:00,8.3,77,0.0,7.0,159,-2.5085756468171017,6.535062985480412
2018-01-14 03:00:00,8.4,77,0.0,7.9,164,-2.1775351109542926,7.59396739791272
2018-01-14 04:00:00,10.3,67,0.0,6.2,170,-1.076618701534968,6.10580806867569
2018-01-14 05:00:00,13.2,57,0.0,2.8,130,-2.144924440733138,1.7998053071223103
2018-01-14 06:00:00,10.7,65,0.0,4.7,99,-4.6421352007971475,0.7352419856890856
2018-01-14 07:00:00,11.3,63,0.0,3.4,108,-3.233592155403522,1.0506577808748214
2018-01-14 08:00:00,13.6,77,0.0,1.9,68,-1.761649323676896,-0.7117525274902328
2018-01-14 09:00:00,14.7,59,0.0,2.3,18,-0.7107390870623793,-2.1874299874788528
2018-01-14 10:00:00,15.8,49,0.0,3.7,11,-0.7059932828932151,-3.632020578756357
2018-01-14 11:00:00,16.8,45,0.0,6.0,25,-2.5357095704441948,-5.4378467222199
2018-01-14 12:00:00,17.5,44,0.0,6.5,34,-3.6347538725598527,-5.388744221607772
2018-01-14 13:00:00,18.0,45,0.0,7.0,35,-4.015035054457325,-5.734064310022941
2018-01-14 14:00:00,18.2,47,0.0,6.8,25,-2.873804179836754,-6.16289295184922
2018-01-14 15:00:00,18.1,52,0.0,7.4,14,-1.7902220274375418,-7.180188374442374
2018-01-14 16:00:00,17.4,58,0.0,9.0,360,5.51091059616309e-16,-9.0
2018-01-14 17:00:00,15.0,69,0.0,7.2,357,0.3768188849491966,-7.190132650232932
2018-01-14 18:00:00,12.1,82,0.0,6.6,29,-3.199743493625823,-5.772490067120013
2018-01-14 19:00:00,11.5,88,0.0,7.4,39,-4.656970893768801,-5.750880114781583
2018-01-14 20:00:00,11.3,90,0.0,10.2,39,-6.4190679887083455,-7.9268888068611
2018-01-14 21:00:00,12.4,82,0.0,6.0,65,-5.4378467222199,-2.5357095704441956
2018-01-14 22:00:00,13.2,83,0.0,4.7,4,-0.32785542659739025,-4.688551036221174
2018-01-14 23:00:00,10.8,88,0.0,4.7,113,-4.32637281122647,1.8364363038995868
2018-01-15 00:00:00,12.7,75,0.0,1.9,112,-1.7616493236768958,0.7117525274902332
2018-01-15 01:00:00,13.2,72,0.0,2.1,121,-1.8000513314744357,1.0815799573111142
2018-01-15 02:00:00,11.9,75,0.0,2.0,135,-1.414213562373095,1.4142135623730951
2018-01-15 03:00:00,11.6,73,0.0,2.7,113,-2.485363104321589,1.0549740469210394
2018-01-15 04:00:00,11.9,71,0.0,4.3,90,-4.3,5.265981236333618e-16
2018-01-15 05:00:00,11.1,72,0.0,5.8,97,-5.756767679519667,0.7068421917498557
2018-01-15 06:00:00,12.1,63,0.0,4.3,90,-4.3,5.265981236333618e-16
2018-01-15 07:00:00,11.5,67,0.0,4.5,104,-4.366330768241984,1.0886485301985047
2018-01-15 08:00:00,14.5,62,0.0,4.1,45,-2.8991378028648453,-2.8991378028648445
2018-01-15 09:00:00,15.9,61,0.0,4.3,5,-0.37476969381493047,-4.283637201794505
2018-01-15 10:00:00,17.4,57,0.0,5.4,4,-0.37668495821827813,-5.386845871403051
2018-01-15 11:00:00,18.5,52,0.0,4.3,5,-0.37476969381493047,-4.283637201794505
2018-01-15 12:00:00,19.6,47,0.0,2.5,8,-0.3479327524001646,-2.475670171853926
2018-01-15 13:00:00,20.2,47,0.0,1.8,349,0.34345619167778085,-1.7669289302057951
2018-01-15 14:00:00,20.4,49,0.0,1.5,284,1.4554435894139948,-0.3628828433995016
2018-01-15 15:00:00,20.3,53,0.0,2.2,270,2.2,0.0
2018-01-15 16:00:00,19.6,61,0.0,3.9,304,3.2332465329646625,-2.180852323535913
2018-01-15 17:00:00,17.3,82,0.0,5.6,333,2.542346798541462,-4.989636535454859
2018-01-15 18:00:00,14.4,89,0.0,8.6,15,-2.2258437878816775,-8.306962106085987
2018-01-15 19:00:00,13.4,92,0.0,8.3,56,-6.881011852206848,-4.641301098807197
2018-01-15 20:00:00,16.1,82,0.0,4.2,59,-3.600102662948872,-2.1631599146222276
2018-01-15 21:00:00,15.8,85,0.0,3.1,36,-1.822134282106667,-2.507952682562337
2018-01-15 22:00:00,15.3,86,0.0,2.7,67,-2.485363104321589,-1.0549740469210387
2018-01-15 23:00:00,15.4,82,0.0,0.5,135,-0.35355339059327373,0.3535533905932738
2018-01-16 00:00:00,15.4,79,0.0,0.7000000000000001,90,-0.7000000000000001,8.572527594031473e-17
2018-01-16 01:00:00,15.4,76,0.0,2.5,82,-2.475670171853926,-0.3479327524001638
2018-01-16 02:00:00,15.3,74,0.0,3.5,66,-3.197409101749103,-1.4235782507653008
2018-01-16 03:00:00,15.5,70,0.0,3.5,66,-3.197409101749103,-1.4235782507653008
2018-01-16 04:00:00,15.4,70,0.0,3.5,24,-1.4235782507653003,-3.1974091017491033
2018-01-16 05:00:00,13.3,82,0.0,6.3,31,-3.2447398719333433,-5.400153994423306
2018-01-16 06:00:00,12.8,85,0.0,6.8,32,-3.603450996785794,-5.766727053863696
2018-01-16 07:00:00,12.4,87,0.0,6.8,32,-3.603450996785794,-5.766727053863696
2018-01-16 08:00:00,15.8,71,0.0,7.9,16,-2.1775351109542913,-7.593967397912721
2018-01-16 09:00:00,16.8,66,0.0,7.2,6,-0.7526049355271042,-7.160557646651569
2018-01-16 10:00:00,18.2,62,0.0,7.9,3,-0.41345405431926,-7.889173324561134
2018-01-16 11:00:00,19.7,59,0.0,8.5,12,-1.767249371950958,-8.314254606237347
2018-01-16 12:00:00,21.0,58,0.0,8.5,12,-1.767249371950958,-8.314254606237347
2018-01-16 13:00:00,21.5,60,0.0,8.4,10,-1.458644692402215,-8.272385125302547
2018-01-16 14:00:00,21.3,63,0.0,8.0,8,-1.1133848076805266,-7.922144549932562
2018-01-16 15:00:00,21.1,66,0.0,8.3,2,-0.28966582263075635,-8.294943864258496
2018-01-16 16:00:00,20.3,71,0.0,8.0,5,-0.697245941981266,-7.969557584733964
2018-01-16 17:00:00,19.0,80,0.0,5.6,15,-1.4493866525741155,-5.4091846272187825
2018-01-16 18:00:00,17.2,86,0.0,6.8,32,-3.603450996785794,-5.766727053863696
2018-01-16 19:00:00,15.9,90,0.0,5.9,38,-3.632402704421383,-4.649263446279661
2018-01-16 20:00:00,17.0,85,0.0,6.6,45,-4.666904755831214,-4.666904755831213
2018-01-16 21:00:00,16.7,87,0.0,6.5,34,-3.6347538725598527,-5.388744221607772
2018-01-16 22:00:00,16.5,88,0.0,6.6,49,-4.981083229470296,-4.3299895913373465
2018-01-16 23:00:00,16.8,86,0.0,6.3,59,-5.400153994423308,-3.244739871933341
2018-01-17 00:00:00,16.4,87,0.0,7.2,63,-6.415246974156249,-3.2687315981247362
2018-01-17 01:00:00,16.5,81,0.0,6.6,68,-6.1194134401407965,-2.472403516545019
2018-01-17 02:00:00,16.9,76,0.0,7.0,69,-6.535062985480412,-2.508575646817103
2018-01-17 03:00:00,17.9,67,0.0,6.6,49,-4.981083229470296,-4.3299895913373465
2018-01-17 04:00:00,17.7,66,0.0,8.6,22,-3.2216167033768457,-7.97378114927437
2018-01-17 05:00:00,16.9,72,0.0,12.3,21,-4.407925779407199,-11.483039245915581
2018-01-17 06:00:00,16.3,72,0.0,11.7,34,-6.542556970607735,-9.69973959889399
2018-01-17 07:00:00,16.8,67,0.0,11.7,43,-7.979380812731233,-8.556838308944293
2018-01-17 08:00:00,18.8,66,0.0,13.3,41,-8.725585085573748,-10.037637416962868
2018-01-17 09:00:00,20.6,63,0.0,11.9,25,-5.02915731471432,-10.785062665736136
2018-01-17 10:00:00,21.6,61,0.0,12.2,2,-0.42577385977050924,-12.192568089632967
2018-01-17 11:00:00,21.5,63,0.0,12.4,8,-1.7257464519048162,-12.279324052395472
2018-01-17 12:00:00,22.1,63,0.0,12.3,21,-4.407925779407199,-11.483039245915581
2018-01-17 13:00:00,22.2,65,0.2,10.4,20,-3.557009490586953,-9.772803256173448
2018-01-17 14:00:00,22.5,65,0.1,5.0,21,-1.7918397477265036,-4.667902132486008
2018-01-17 15:00:00,22.2,68,0.1,4.3,66,-3.9282454678631837,-1.7489675652259409
2018-01-17 16:00:00,22.2,70,0.0,3.9,34,-2.1808523235359116,-3.233246532964663
2018-01-17 17:00:00,21.0,79,0.0,3.3,347,0.7423384793347542,-3.2154212137912763
2018-01-17 18:00:00,19.4,86,0.2,4.3,336,1.7489675652259409,-3.9282454678631837
2018-01-17 19:00:00,19.3,86,0.5,3.1,36,-1.822134282106667,-2.507952682562337
2018-01-17 20:00:00,18.8,87,0.4,6.6,68,-6.1194134401407965,-2.472403516545019
2018-01-17 21:00:00,19.3,83,0.2,6.2,69,-5.788198644282651,-2.221881287180863
2018-01-17 22:00:00,18.5,83,0.0,5.6,50,-4.289848881466277,-3.5996106142446194
2018-01-17 23:00:00,18.4,83,0.0,5.6,50,-4.289848881466277,-3.5996106142446194
2018-01-18 00:00:00,19.2,81,0.0,4.9,36,-2.880147736233119,-3.9641832724372423
2018-01-18 01:00:00,19.1,80,0.1,7.9,43,-5.387787044493739,-5.777694242791447
2018-01-18 02:00:00,19.0,81,0.0,8.8,55,-7.208537989743128,-5.0474726398892065
2018-01-18 03:00:00,17.4,88,0.0,6.8,3,-0.3558845024520213,-6.790680836331102
2018-01-18 04:00:00,17.6,88,0.0,5.4,37,-3.2498011250210608,-4.312631754255381
2018-01-18 05:00:00,17.6,89,0.1,4.2,31,-2.163159914622229,-3.600102662948871
2018-01-18 06:00:00,17.4,92,0.1,2.8,50,-2.1449244407331385,-1.7998053071223097
2018-01-18 07:00:00,17.6,90,0.1,4.4,55,-3.604268994871564,-2.5237363199446032
2018-01-18 08:00:00,18.3,88,0.0,7.3,20,-2.49674704627738,-6.859756131737131
2018-01-18 09:00:00,19.4,86,0.0,7.9,16,-2.1775351109542913,-7.593967397912721
2018-01-18 10:00:00,20.6,83,0.0,7.1,15,-1.8376152202278964,-6.858073366652385
2018-01-18 11:00:00,21.7,79,0.0,6.1,360,3.735172737399427e-16,-6.1
2018-01-18 12:00:00,22.4,74,0.0,4.4,9,-0.6883116461770166,-4.345828698618606
2018-01-18 13:00:00,23.2,69,0.0,5.4,340,1.8469087739586119,-5.074340152243905
2018-01-18 14:00:00,23.0,73,0.0,5.8,330,2.9000000000000004,-5.0229473419497435
2018-01-18 15:00:00,22.5,76,0.0,7.3,327,3.9758649556096977,-6.122295146001595
2018-01-18 16:00:00,21.3,82,0.0,7.9,336,3.2132194802988217,-7.217009115376547
2018-01-18 17:00:00,20.5,86,0.0,7.1,336,2.8878301658381815,-6.486172749262466
2018-01-18 18:00:00,18.3,94,0.0,4.0,355,0.34862297099063255,-3.984778792366982
2018-01-18 19:00:00,18.5,92,0.0,4.2,31,-2.163159914622229,-3.600102662948871
2018-01-18 20:00:00,18.6,93,0.0,4.3,66,-3.9282454678631837,-1.7489675652259409
2018-01-18 21:00:00,18.8,94,0.0,4.4,9,-0.6883116461770166,-4.345828698618606
2018-01-18 22:00:00,18.4,94,0.0,2.9,360,1.7757378587636622e-16,-2.9
2018-01-18 23:00:00,17.7,96,0.0,2.9,83,-2.878383839759834,-0.3534210958749272
2018-01-19 00:00:00,18.6,92,0.0,2.2,189,0.34415582308850806,2.1729143493093033
2018-01-19 01:00:00,18.4,93,0.0,2.1,301,1.800051331474436,-1.0815799573111138
2018-01-19 02:00:00,17.7,95,0.1,3.3,6,-0.3449439287832561,-3.281922254715302
2018-01-19 03:00:00,17.6,95,0.2,4.2,20,-1.436484601967808,-3.9467090073008158
2018-01-19 04:00:00,17.7,94,0.3,4.5,29,-2.1816432911085157,-3.935788682127282
2018-01-19 05:00:00,17.4,96,0.3,8.3,2,-0.28966582263075635,-8.294943864258496
2018-01-19 06:00:00,17.1,97,0.4,8.2,23,-3.203995253612045,-7.548139798310009
2018-01-19 07:00:00,17.0,98,0.3,8.2,15,-2.122316169840669,-7.92059177557036
2018-01-19 08:00:00,17.8,95,0.3,10.0,21,-3.583679495453007,-9.335804264972015
2018-01-19 09:00:00,19.2,91,0.0,10.3,12,-2.141490415422926,-10.074920287558198
2018-01-19 10:00:00,19.6,91,0.0,9.4,4,-0.6557108531947805,-9.377102072442348
2018-01-19 11:00:00,20.4,83,0.0,6.2,10,-1.0766187015349682,-6.10580806867569
2018-01-19 12:00:00,20.5,82,0.0,4.1,345,1.061158084920335,-3.96029588778518
2018-01-19 13:00:00,19.7,85,0.0,5.7,342,1.7613968679372005,-5.421022142882375
2018-01-19 14:00:00,20.1,84,0.0,6.1,360,3.735172737399427e-16,-6.1
2018-01-19 15:00:00,20.0,84,0.0,6.8,357,0.35588450245201897,-6.790680836331102
2018-01-19 16:00:00,19.9,85,0.0,7.6,352,1.0577155672964975,-7.5260373224359345
2018-01-19 17:00:00,19.1,89,0.0,7.2,360,4.4087284769304716e-16,-7.2
2018-01-19 18:00:00,17.8,94,0.0,5.2,16,-1.4333142502483942,-4.998560818879259
2018-01-19 19:00:00,17.9,94,0.2,4.3,24,-1.7489675652259404,-3.928245467863184
2018-01-19 20:00:00,17.5,95,0.0,4.9,107,-4.685893304218874,1.4326213531414094
2018-01-19 21:00:00,18.9,92,0.0,2.2,171,-0.34415582308850784,2.1729143493093033
2018-01-19 22:00:00,17.6,97,0.0,3.3,229,2.4905416147351476,2.1649947956686737
2018-01-19 23:00:00,16.9,100,0.0,1.9,292,1.761649323676896,-0.7117525274902328
2018-01-20 00:00:00,16.7,99,0.0,1.6,333,0.726384799583275,-1.4256104387013886
2018-01-20 01:00:00,16.5,99,0.0,1.4,360,8.572527594031472e-17,-1.4
2018-01-20 02:00:00,16.5,99,0.0,3.4,18,-1.0506577808748216,-3.233592155403522
2018-01-20 03:00:00,16.7,99,0.0,6.0,33,-3.267834210090162,-5.032023407672544
2018-01-20 04:00:00,16.0,99,0.0,7.6,3,-0.39775326744637673,-7.589584464134761
2018-01-20 05:00:00,15.8,98,0.0,5.9,52,-4.64926344627966,-3.6324027044213834
2018-01-20 06:00:00,16.1,96,0.0,3.8,41,-2.4930243101639276,-2.8678964048465336
2018-01-20 07:00:00,15.6,98,0.0,3.9,112,-3.6160170328104706,1.4609657143220578
2018-01-20 08:00:00,17.2,97,0.0,3.6,143,-2.1665340833473743,2.8750878361702537
2018-01-20 09:00:00,19.3,86,0.0,3.3,193,0.7423384793347542,3.2154212137912763
2018-01-20 10:00:00,20.7,82,0.0,2.9,240,2.511473670974872,1.4499999999999997
2018-01-20 11:00:00,21.5,78,0.0,3.3,283,3.2154212137912763,-0.7423384793347545
2018-01-20 12:00:00,22.8,71,0.0,2.5,278,2.475670171853926,-0.3479327524001636
2018-01-20 13:00:00,23.7,67,0.0,2.7,247,2.485363104321589,1.0549740469210394
2018-01-20 14:00:00,24.5,62,0.0,4.0,275,3.984778792366982,-0.34862297099063266
2018-01-20 15:00:00,23.7,67,0.0,7.4,299,6.472185832831529,-3.5875911898228945
2018-01-20 16:00:00,22.0,75,0.0,6.9,313,5.046340541172277,-4.70578868443124
2018-01-20 17:00:00,20.5,80,0.0,5.4,312,4.012982057577929,-3.6133052743378347
2018-01-20 18:00:00,18.6,87,0.0,6.8,342,2.1013155617496424,-6.467184310807044
2018-01-20 19:00:00,17.9,90,0.0,6.2,21,-2.2218812871808646,-5.78819864428265
2018-01-20 20:00:00,17.1,96,0.0,5.0,360,3.061616997868383e-16,-5.0
2018-01-20 21:00:00,16.7,96,0.0,2.7,337,1.0549740469210391,-2.485363104321589
2018-01-20 22:00:00,16.4,96,0.0,3.1,45,-2.192031021678298,-2.192031021678297
2018-01-20 23:00:00,16.5,96,0.0,3.6,90,-3.6,4.4087284769304716e-16
2018-01-21 00:00:00,17.4,92,0.0,2.4,63,-2.138415658052083,-1.089577199374912
2018-01-21 01:00:00,16.9,95,0.0,1.6,27,-0.7263847995832751,-1.4256104387013886
2018-01-21 02:00:00,16.5,97,0.0,0.7000000000000001,90,-0.7000000000000001,8.572527594031473e-17
2018-01-21 03:00:00,16.1,99,0.0,2.1,31,-1.0815799573111144,-1.8000513314744355
2018-01-21 04:00:00,15.3,100,0.0,4.3,42,-2.87726160734309,-3.195522749552796
2018-01-21 05:00:00,15.6,98,0.0,3.3,41,-2.1649947956686737,-2.4905416147351476
2018-01-21 06:00:00,15.7,97,0.0,2.9,30,-1.4500000000000013,-2.5114736709748713
2018-01-21 07:00:00,15.9,96,0.0,4.1,38,-2.524212048835198,-3.2308440897875603
2018-01-21 08:00:00,17.1,88,0.0,4.3,42,-2.87726160734309,-3.195522749552796
2018-01-21 09:00:00,18.7,77,0.0,1.4,360,8.572527594031472e-17,-1.4
2018-01-21 10:00:00,19.6,75,0.0,2.5,270,2.5,0.0
2018-01-21 11:00:00,20.3,76,0.0,2.5,278,2.475670171853926,-0.3479327524001636
2018-01-21 12:00:00,21.3,73,0.0,2.4,297,2.138415658052083,-1.0895771993749122
2018-01-21 13:00:00,22.4,69,0.0,1.8,233,1.437543918085127,1.083267041673687
2018-01-21 14:00:00,23.0,66,0.0,5.4,222,3.6133052743378347,4.012982057577929
2018-01-21 15:00:00,22.9,67,0.0,5.7,215,3.269385687200963,4.669166652447253
2018-01-21 16:00:00,22.8,68,0.0,4.1,255,3.96029588778518,1.061158084920335
2018-01-21 17:00:00,21.5,76,0.0,4.7,302,3.9858260519352022,-2.490620541896063
2018-01-21 18:00:00,18.8,90,0.0,5.7,342,1.7613968679372005,-5.421022142882375
2018-01-21 19:00:00,18.0,93,0.0,5.7,18,-1.7613968679372012,-5.421022142882375
2018-01-21 20:00:00,17.3,95,0.0,5.5,32,-2.9145559532826275,-4.664264528860342
2018-01-21 21:00:00,17.9,90,0.0,3.3,6,-0.3449439287832561,-3.281922254715302
2018-01-21 22:00:00,17.5,92,0.0,2.3,18,-0.7107390870623793,-2.1874299874788528
2018-01-21 23:00:00,17.1,94,0.0,2.3,342,0.7107390870623791,-2.1874299874788528
2018-01-22 00:00:00,16.4,97,0.0,2.8,40,-1.7998053071223103,-2.144924440733138
2018-01-22 01:00:00,16.6,96,0.0,3.4,18,-1.0506577808748216,-3.233592155403522
2018-01-22 02:00:00,16.6,95,0.0,4.3,24,-1.7489675652259404,-3.928245467863184
2018-01-22 03:00:00,16.5,96,0.0,6.3,31,-3.2447398719333433,-5.400153994423306
2018-01-22 04:00:00,16.6,95,0.2,6.6,29,-3.199743493625823,-5.772490067120013
2018-01-22 05:00:00,17.1,94,0.0,9.4,32,-4.981241083792128,-7.9716521038704045
2018-01-22 06:00:00,17.3,92,0.0,10.7,20,-3.6596155335846534,-10.05471104240922
2018-01-22 07:00:00,17.0,93,0.0,13.0,14,-3.144984642795681,-12.613844441587954
2018-01-22 08:00:00,17.7,89,0.0,14.0,18,-4.326237921249266,-13.31479122813215
2018-01-22 09:00:00,19.5,81,0.0,15.6,23,-6.095405604432671,-14.359875713858068
2018-01-22 10:00:00,21.9,70,0.0,16.3,25,-6.888677666373397,-14.772816928697397
2018-01-22 11:00:00,23.8,63,0.0,17.3,5,-1.5077943495344879,-17.234168276987198
2018-01-22 12:00:00,23.4,66,0.0,15.2,355,1.3247672897644036,-15.142159410994532
2018-01-22 13:00:00,23.3,68,0.0,11.3,351,1.7677094549546095,-11.160878248725057
2018-01-22 14:00:00,23.4,67,0.0,9.6,340,3.2833933759264204,-9.02104915954472
2018-01-22 15:00:00,21.8,71,0.0,11.0,337,4.298042413382011,-10.125553387976844
2018-01-22 16:00:00,20.4,74,0.0,9.4,337,3.672872607799173,-8.65274562245294
2018-01-22 17:00:00,18.7,77,0.0,9.7,338,3.633683956134346,-8.993683389297837
2018-01-22 18:00:00,17.1,80,0.0,8.8,351,1.3766232923540322,-8.691657397237213
2018-01-22 19:00:00,16.2,79,0.0,8.7,355,0.7582549619046257,-8.666893873398186
2018-01-22 20:00:00,15.4,83,0.0,2.5,360,1.5308084989341916e-16,-2.5
2018-01-22 21:00:00,15.4,84,0.0,0.8,243,0.7128052193506944,0.3631923997916374
2018-01-22 22:00:00,15.2,86,0.0,2.6,214,1.4539015490239418,2.1554976886431088
2018-01-22 23:00:00,15.2,87,0.0,1.8,233,1.437543918085127,1.083267041673687
2018-01-23 00:00:00,15.3,87,0.3,0.4,360,2.4492935982947065e-17,-0.4
2018-01-23 01:00:00,15.3,89,0.3,1.8,37,-1.083267041673687,-1.437543918085127
2018-01-23 02:00:00,15.8,90,0.0,2.3,39,-1.447436899414627,-1.7874357113510322
2018-01-23 03:00:00,15.6,93,0.0,1.8,79,-1.7669289302057951,-0.3434561916777805
2018-01-23 04:00:00,15.4,95,0.0,3.0,14,-0.7257656867990033,-2.9108871788279895
2018-01-23 05:00:00,15.1,97,0.0,5.6,40,-3.5996106142446207,-4.289848881466276
2018-01-23 06:00:00,14.4,97,0.0,4.3,48,-3.195522749552795,-2.8772616073430903
2018-01-23 07:00:00,14.4,97,0.0,4.6,39,-2.894873798829254,-3.5748714227020644
2018-01-23 08:00:00,16.0,94,0.0,4.2,31,-2.163159914622229,-3.600102662948871
2018-01-23 09:00:00,17.8,86,0.0,4.8,27,-2.179154398749825,-4.276831316104166
2018-01-23 10:00:00,19.6,73,0.0,4.7,360,2.8779199779962803e-16,-4.7
2018-01-23 11:00:00,20.7,68,0.0,6.9,6,-0.7212463965468082,-6.862201078041087
2018-01-23 12:00:00,21.7,65,0.0,7.9,360,4.837354856632045e-16,-7.9
2018-01-23 13:00:00,22.3,64,0.0,10.1,354,1.0557374790032998,-10.04467114321956
2018-01-23 14:00:00,22.5,61,0.0,12.6,357,0.659433048661094,-12.58273213790763
2018-01-23 15:00:00,22.0,61,0.0,12.6,5,-1.0981623586204938,-12.552053195955994
2018-01-23 16:00:00,20.7,67,0.0,15.1,360,9.246083333562517e-16,-15.1
2018-01-23 17:00:00,18.7,77,0.0,11.9,3,-0.6227978792910372,-11.88369146357943
2018-01-23 18:00:00,16.6,85,0.0,8.6,15,-2.2258437878816775,-8.306962106085987
2018-01-23 19:00:00,15.4,91,0.0,6.0,25,-2.5357095704441948,-5.4378467222199
2018-01-23 20:00:00,15.1,91,0.0,6.0,17,-1.7542302283364226,-5.7378285357782115
2018-01-23 21:00:00,15.1,90,0.0,3.3,347,0.7423384793347542,-3.2154212137912763
2018-01-23 22:00:00,14.5,93,0.0,3.6,45,-2.545584412271572,-2.545584412271571
2018-01-23 23:00:00,14.4,93,0.0,3.5,24,-1.4235782507653003,-3.1974091017491033
2018-01-24 00:00:00,13.2,96,0.0,5.4,37,-3.2498011250210608,-4.312631754255381
2018-01-24 01:00:00,12.9,95,0.0,6.7,54,-5.420413862312149,-3.9381611903595695
2018-01-24 02:00:00,12.9,94,0.0,7.0,35,-4.015035054457325,-5.734064310022941
2018-01-24 03:00:00,13.4,94,0.0,5.2,34,-2.907803098047882,-4.3109953772862175
2018-01-24 04:00:00,13.2,92,0.0,5.6,50,-4.289848881466277,-3.5996106142446194
2018-01-24 05:00:00,13.2,92,0.0,5.6,27,-2.5423467985414625,-4.989636535454859
2018-01-24 06:00:00,12.8,92,0.0,5.4,37,-3.2498011250210608,-4.312631754255381
2018-01-24 07:00:00,12.8,91,0.0,5.5,32,-2.9145559532826275,-4.664264528860342
2018-01-24 08:00:00,15.7,79,0.0,6.6,22,-2.472403516545021,-6.119413440140796
2018-01-24 09:00:00,16.9,75,0.0,7.6,5,-0.6623836448822027,-7.571079705497266
2018-01-24 10:00:00,18.6,69,0.0,8.0,8,-1.1133848076805266,-7.922144549932562
2018-01-24 11:00:00,20.1,64,0.0,9.4,7,-1.1455718280083835,-9.329933825428428
2018-01-24 12:00:00,21.3,59,0.0,9.7,4,-0.676637795318018,-9.676371287520293
2018-01-24 13:00:00,22.0,58,0.0,9.4,4,-0.6557108531947805,-9.377102072442348
2018-01-24 14:00:00,22.3,58,0.0,9.4,2,-0.3280552690035072,-9.394273773979501
2018-01-24 15:00:00,22.2,59,0.0,9.1,353,1.1090110249868421,-9.032169979936029
2018-01-24 16:00:00,21.4,61,0.0,9.8,352,1.3638963894086416,-9.70462707366739
2018-01-24 17:00:00,19.7,68,0.0,6.7,344,1.8467702839738944,-6.440453362786736
2018-01-24 18:00:00,16.2,83,0.0,6.9,351,1.0793978087775935,-6.815049550106451
2018-01-24 19:00:00,16.4,80,0.0,5.8,22,-2.1727182418122912,-5.377666356487366
2018-01-24 20:00:00,16.9,78,0.0,4.3,5,-0.37476969381493047,-4.283637201794505
2018-01-24 21:00:00,15.7,83,0.0,1.3,304,1.0777488443215542,-0.726950774511971
2018-01-24 22:00:00,15.8,83,0.0,2.5,172,-0.3479327524001634,2.475670171853926
2018-01-24 23:00:00,15.9,83,0.0,1.9,112,-1.7616493236768958,0.7117525274902332
2018-01-25 00:00:00,15.9,82,0.0,1.5,104,-1.4554435894139948,0.3628828433995016
2018-01-25 01:00:00,15.9,79,0.0,0.5,45,-0.35355339059327384,-0.35355339059327373
2018-01-25 02:00:00,14.0,85,0.0,3.8,49,-2.867896404846534,-2.4930243101639267
2018-01-25 03:00:00,12.9,87,0.0,7.1,49,-5.358438019581682,-4.6580191058326
2018-01-25 04:00:00,12.5,88,0.0,8.1,45,-5.727564927611036,-5.727564927611034
2018-01-25 05:00:00,12.5,86,0.0,7.7,37,-4.6339756782707715,-6.149493427364155
2018-01-25 06:00:00,12.3,87,0.0,7.0,35,-4.015035054457325,-5.734064310022941
2018-01-25 07:00:00,12.7,86,0.0,6.4,43,-4.364789504399991,-4.6806636903626915
2018-01-25 08:00:00,15.7,78,0.0,6.2,21,-2.2218812871808646,-5.78819864428265
2018-01-25 09:00:00,17.2,75,0.0,6.6,13,-1.4846769586695105,-6.430842427582552
2018-01-25 10:00:00,18.8,69,0.0,6.1,360,3.735172737399427e-16,-6.1
2018-01-25 11:00:00,19.9,65,0.0,5.6,345,1.4493866525741161,-5.4091846272187825
2018-01-25 12:00:00,20.8,61,0.0,4.3,5,-0.37476969381493047,-4.283637201794505
2018-01-25 13:00:00,21.0,61,0.0,1.9,22,-0.7117525274902333,-1.7616493236768958
2018-01-25 14:00:00,21.0,62,0.2,4.4,55,-3.604268994871564,-2.5237363199446032
2018-01-25 15:00:00,21.5,61,0.0,6.2,7,-0.7555899291119125,-6.153786140176197
2018-01-25 16:00:00,21.2,63,0.0,10.4,358,0.36295476570601126,-10.393664600998596
2018-01-25 17:00:00,19.1,73,0.0,12.7,352,1.7674983821928314,-12.576404473017943
2018-01-25 18:00:00,16.7,85,0.0,10.2,18,-3.1519733426244647,-9.700776466210565
2018-01-25 19:00:00,16.3,87,0.0,7.4,29,-3.5875911898228927,-6.4721858328315305
2018-01-25 20:00:00,16.8,86,0.0,7.6,19,-2.4743179738743906,-7.185941174554808
2018-01-25 21:00:00,16.2,88,0.0,7.8,13,-1.7546182238821488,-7.600086505324834
2018-01-25 22:00:00,15.7,91,0.0,4.7,32,-2.490620541896064,-3.9858260519352022
2018-01-25 23:00:00,15.1,93,0.0,5.2,34,-2.907803098047882,-4.3109953772862175
2018-01-26 00:00:00,15.5,91,0.0,3.7,331,1.7937955949114475,-3.2360929164157644
2018-01-26 01:00:00,14.8,95,0.0,3.4,32,-1.801725498392897,-2.883363526931848
2018-01-26 02:00:00,15.1,93,0.0,3.4,18,-1.0506577808748216,-3.233592155403522
2018-01-26 03:00:00,15.0,93,0.0,3.3,347,0.7423384793347542,-3.2154212137912763
2018-01-26 04:00:00,14.9,93,0.0,7.1,15,-1.8376152202278964,-6.858073366652385
2018-01-26 05:00:00,14.8,93,0.0,9.3,13,-2.092044805397947,-9.061641602502688
2018-01-26 06:00:00,14.5,93,0.0,10.9,9,-1.7051356689385184,-10.765802912487
2018-01-26 07:00:00,14.0,94,0.0,13.6,12,-2.8275989951215332,-13.302807369979755
2018-01-26 08:00:00,15.3,85,0.0,15.1,12,-3.1394665313481727,-14.770028771080463
2018-01-26 09:00:00,17.0,76,0.0,16.6,13,-3.7341875021081634,-16.174543075434904
2018-01-26 10:00:00,18.7,69,0.0,17.7,2,-0.6177210916342635,-17.689217638237995
2018-01-26 11:00:00,19.6,67,0.0,18.1,6,-1.891965185144526,-18.00084630616575
2018-01-26 12:00:00,20.6,63,0.0,16.6,5,-1.446785329611127,-16.536831988322977
2018-01-26 13:00:00,20.8,61,0.0,14.1,354,1.4738513320739137,-14.022758724692652
2018-01-26 14:00:00,20.7,60,0.0,12.3,353,1.4989929238833142,-12.208317665188261
2018-01-26 15:00:00,20.2,60,0.0,12.4,352,1.7257464519048118,-12.279324052395474
2018-01-26 16:00:00,19.0,62,0.0,12.0,344,3.30764826980399,-11.535140351259827
2018-01-26 17:00:00,16.7,67,0.0,11.4,347,2.5644420195200603,-11.107818738551682
2018-01-26 18:00:00,14.3,74,0.0,9.4,353,1.1455718280083864,-9.329933825428427
2018-01-26 19:00:00,13.0,78,0.0,5.8,356,0.40458754771592637,-5.78587149150698
2018-01-26 20:00:00,12.5,78,0.0,5.4,356,0.3766849582182763,-5.386845871403051
2018-01-26 21:00:00,12.0,79,0.0,6.8,3,-0.3558845024520213,-6.790680836331102
2018-01-26 22:00:00,11.8,79,0.0,5.0,21,-1.7918397477265036,-4.667902132486008
2018-01-26 23:00:00,11.8,80,0.0,4.4,9,-0.6883116461770166,-4.345828698618606
2018-01-27 00:00:00,11.7,80,0.0,5.2,12,-1.0811407922523508,-5.086367523815789
2018-01-27 01:00:00,11.8,79,0.0,4.5,14,-1.088648530198505,-4.366330768241984
2018-01-27 02:00:00,12.1,78,0.1,4.9,17,-1.4326213531414118,-4.685893304218873
2018-01-27 03:00:00,12.1,78,0.1,5.1,4,-0.35575801609504043,-5.087576656325103
2018-01-27 04:00:00,12.4,79,0.2,4.8,13,-1.0797650608505531,-4.6769763109691285
2018-01-27 05:00:00,12.4,81,0.1,4.8,27,-2.179154398749825,-4.276831316104166
2018-01-27 06:00:00,12.5,83,0.3,4.0,355,0.34862297099063255,-3.984778792366982
2018-01-27 07:00:00,12.2,86,0.0,4.3,24,-1.7489675652259404,-3.928245467863184
2018-01-27 08:00:00,13.3,84,0.0,4.9,17,-1.4326213531414118,-4.685893304218873
2018-01-27 09:00:00,14.8,85,0.0,4.2,31,-2.163159914622229,-3.600102662948871
2018-01-27 10:00:00,17.1,79,0.0,2.3,72,-2.187429987478853,-0.7107390870623786
2018-01-27 11:00:00,18.6,73,0.1,1.4,180,8.572527594031472e-17,1.4
2018-01-27 12:00:00,18.5,74,0.0,1.8,217,1.0832670416736871,1.437543918085127
2018-01-27 13:00:00,18.9,72,0.0,1.8,349,0.34345619167778085,-1.7669289302057951
2018-01-27 14:00:00,18.8,72,0.0,6.9,354,0.7212463965468089,-6.862201078041086
2018-01-27 15:00:00,18.3,74,0.0,6.5,19,-2.116193003971518,-6.1458707413955596
2018-01-27 16:00:00,18.6,73,0.0,5.5,11,-1.0494494745709955,-5.3989495089621515
2018-01-27 17:00:00,17.9,75,0.0,1.3,236,1.0777488443215542,0.726950774511971
2018-01-27 18:00:00,17.4,80,0.0,4.3,222,2.8772616073430903,3.195522749552795
2018-01-27 19:00:00,16.3,89,0.0,3.3,264,3.2819222547153015,0.3449439287832564
2018-01-27 20:00:00,16.3,89,0.0,4.3,24,-1.7489675652259404,-3.928245467863184
2018-01-27 21:00:00,15.6,93,0.0,1.6,243,1.4256104387013888,0.7263847995832748
2018-01-27 22:00:00,14.9,96,0.0,3.4,212,1.8017254983928965,2.883363526931848
2018-01-27 23:00:00,15.2,95,0.1,1.8,90,-1.8,2.2043642384652358e-16
2018-01-28 00:00:00,15.4,94,0.1,2.7,23,-1.0549740469210394,-2.4853631043215887
2018-01-28 01:00:00,15.3,94,0.0,3.6,53,-2.875087836170254,-2.1665340833473743
2018-01-28 02:00:00,14.9,96,0.0,5.4,360,3.3065463576978537e-16,-5.4
2018-01-28 03:00:00,14.9,97,0.1,3.3,354,0.3449439287832564,-3.2819222547153015
2018-01-28 04:00:00,14.7,97,0.1,6.9,47,-5.0463405411722775,-4.705788684431239
2018-01-28 05:00:00,14.8,96,0.0,5.8,22,-2.1727182418122912,-5.377666356487366
2018-01-28 06:00:00,14.5,97,0.0,7.0,21,-2.508575646817105,-6.535062985480412
2018-01-28 07:00:00,14.1,99,0.0,10.0,15,-2.5881904510252065,-9.659258262890683
2018-01-28 08:00:00,14.9,95,0.0,16.3,28,-7.6523864734100195,-14.39204576360051
2018-01-28 09:00:00,16.0,91,0.3,14.3,25,-6.043441142891998,-12.960201354624097
2018-01-28 10:00:00,16.8,91,0.5,12.2,19,-3.971931484377311,-11.535326622311665
2018-01-28 11:00:00,18.5,83,0.6,9.6,13,-2.1595301217011063,-9.353952621938257
2018-01-28 12:00:00,18.8,83,0.2,12.6,3,-0.6594330486610982,-12.58273213790763
2018-01-28 13:00:00,19.0,81,0.2,13.7,5,-1.194033675642918,-13.647867363856914
2018-01-28 14:00:00,18.3,80,0.1,14.7,11,-2.8048922320352054,-14.42991959668066
2018-01-28 15:00:00,17.7,84,0.7000000000000001,13.7,18,-4.233532822936781,-13.029474273243602
2018-01-28 16:00:00,17.0,91,1.3,12.4,10,-2.1532374030699364,-12.21161613735138
2018-01-28 17:00:00,15.5,98,1.1,15.1,357,0.7902729392684539,-15.079305974794064
2018-01-28 18:00:00,13.4,97,0.9,16.6,1,-0.2897099468589061,-16.597471739596095
2018-01-28 19:00:00,12.7,97,0.8,15.8,21,-5.6622136028157515,-14.750570738655787
2018-01-28 20:00:00,14.0,96,0.8,13.1,21,-4.694620139043439,-12.229903587113341
2018-01-28 21:00:00,13.5,96,0.2,13.6,11,-2.5950023371210067,-13.35012969488823
2018-01-28 22:00:00,13.4,97,1.4,11.4,13,-2.564442019520064,-11.10781873855168
2018-01-28 23:00:00,12.7,98,2.2,11.2,358,0.3908743630680121,-11.193177262613872
2018-01-29 00:00:00,12.2,97,3.6,9.4,353,1.1455718280083864,-9.329933825428427
2018-01-29 01:00:00,11.2,96,2.1,13.8,7,-1.681796938991031,-13.697136892650246
2018-01-29 02:00:00,11.6,93,0.2,12.2,19,-3.971931484377311,-11.535326622311665
2018-01-29 03:00:00,10.7,95,0.0,14.0,359,0.24433369012197037,-13.997867732189478
2018-01-29 04:00:00,10.7,94,0.0,11.4,13,-2.564442019520064,-11.10781873855168
2018-01-29 05:00:00,10.6,94,0.0,12.6,3,-0.6594330486610982,-12.58273213790763
2018-01-29 06:00:00,10.2,94,0.0,11.5,356,0.8021994480574401,-11.471986577987979
2018-01-29 07:00:00,9.6,91,0.0,9.1,7,-1.1090110249868392,-9.03216997993603
2018-01-29 08:00:00,11.2,88,0.0,1.0,45,-0.7071067811865477,-0.7071067811865475
2018-01-29 09:00:00,12.2,84,0.0,6.9,317,4.70578868443124,-5.046340541172277
2018-01-29 10:00:00,12.9,85,0.0,2.4,27,-1.0895771993749126,-2.138415658052083
2018-01-29 11:00:00,14.6,88,0.0,2.4,243,2.138415658052083,1.0895771993749122
2018-01-29 12:00:00,16.3,82,0.0,6.5,264,6.4643923198937765,0.6794350112397476
2018-01-29 13:00:00,16.2,72,0.0,7.7,323,4.633975678270772,-6.149493427364155
2018-01-29 14:00:00,14.8,73,0.0,12.2,360,7.470345474798854e-16,-12.2
2018-01-29 15:00:00,13.2,77,0.0,12.3,3,-0.643732261788215,-12.283143277481258
2018-01-29 16:00:00,12.5,79,0.0,11.2,2,-0.3908743630680085,-11.193177262613872
2018-01-29 17:00:00,11.6,79,0.0,8.6,2,-0.3001356716415065,-8.594761112364223
2018-01-29 18:00:00,11.1,80,0.0,7.6,357,0.3977532674463741,-7.589584464134761
2018-01-29 19:00:00,10.1,82,0.0,8.4,7,-1.0237024846032363,-8.337387673787106
2018-01-29 20:00:00,10.5,82,0.0,5.1,8,-0.7097828148963357,-5.050367150582008
2018-01-29 21:00:00,10.8,83,0.0,3.9,22,-1.460965714322058,-3.6160170328104706
2018-01-29 22:00:00,10.5,87,0.0,5.1,356,0.35575801609503865,-5.087576656325103
2018-01-29 23:00:00,10.2,95,1.0,3.3,6,-0.3449439287832561,-3.281922254715302
2018-01-30 00:00:00,10.0,97,0.6,4.0,27,-1.8159619989581877,-3.564026096753471
2018-01-30 01:00:00,10.0,95,0.1,5.1,4,-0.35575801609504043,-5.087576656325103
2018-01-30 02:00:00,9.9,96,0.0,4.3,42,-2.87726160734309,-3.195522749552796
2018-01-30 03:00:00,10.2,96,0.0,3.6,6,-0.3763024677635521,-3.5802788233257843
2018-01-30 04:00:00,9.4,98,0.3,5.0,21,-1.7918397477265036,-4.667902132486008
2018-01-30 05:00:00,9.8,97,0.1,4.6,39,-2.894873798829254,-3.5748714227020644
2018-01-30 06:00:00,9.6,98,0.2,4.7,23,-1.836436303899587,-4.326372811226469
2018-01-30 07:00:00,10.3,95,0.1,4.7,67,-4.32637281122647,-1.8364363038995857
2018-01-30 08:00:00,11.0,95,0.0,2.6,16,-0.7166571251241971,-2.4992804094396295
2018-01-30 09:00:00,11.6,96,0.0,2.5,360,1.5308084989341916e-16,-2.5
2018-01-30 10:00:00,13.1,88,0.0,4.1,135,-2.8991378028648445,2.899137802864845
2018-01-30 11:00:00,14.3,87,0.5,8.0,198,2.4721359549995796,7.608452130361228
2018-01-30 12:00:00,16.3,77,0.2,6.6,225,4.666904755831213,4.666904755831213
2018-01-30 13:00:00,17.1,73,0.0,5.1,266,5.087576656325103,0.35575801609503904
2018-01-30 14:00:00,16.3,74,0.0,8.6,327,4.683895701129233,-7.212566884330647
2018-01-30 15:00:00,15.0,80,0.1,8.8,19,-2.864999759222979,-8.320563465273988
2018-01-30 16:00:00,14.9,82,0.0,8.0,18,-2.4721359549995805,-7.608452130361228
2018-01-30 17:00:00,14.5,84,0.0,6.8,3,-0.3558845024520213,-6.790680836331102
2018-01-30 18:00:00,13.7,85,0.0,7.2,360,4.4087284769304716e-16,-7.2
2018-01-30 19:00:00,12.9,86,0.0,6.1,3,-0.31924933308196024,-6.0916401620029
2018-01-30 20:00:00,13.3,88,0.0,6.4,333,2.9055391983331,-5.702441754805554
2018-01-30 21:00:00,12.8,89,0.0,5.4,48,-4.012982057577929,-3.6133052743378347
2018-01-30 22:00:00,13.6,88,0.0,2.9,360,1.7757378587636622e-16,-2.9
2018-01-30 23:00:00,12.9,89,0.0,4.9,324,2.8801477362331185,-3.9641832724372428
2018-01-31 00:00:00,12.7,89,0.0,4.4,55,-3.604268994871564,-2.5237363199446032
2018-01-31 01:00:00,12.9,90,0.0,5.2,12,-1.0811407922523508,-5.086367523815789
2018-01-31 02:00:00,13.5,88,0.2,4.0,27,-1.8159619989581877,-3.564026096753471
2018-01-31 03:00:00,13.7,89,0.0,4.1,45,-2.8991378028648453,-2.8991378028648445
2018-01-31 04:00:00,13.0,93,0.2,5.4,53,-4.312631754255381,-3.2498011250210617
2018-01-31 05:00:00,12.2,96,0.6,3.6,323,2.1665340833473743,-2.875087836170254
2018-01-31 06:00:00,12.2,96,0.0,7.6,31,-3.914289369316414,-6.514471485336052
2018-01-31 07:00:00,12.0,95,0.0,8.9,58,-7.547628055792193,-4.716281451675523
2018-01-31 08:00:00,15.0,86,0.0,7.1,75,-6.858073366652385,-1.8376152202278975
2018-01-31 09:00:00,15.0,88,0.0,5.3,332,2.4881992827652213,-4.679622242152313
2018-01-31 10:00:00,15.4,86,0.0,2.3,288,2.1874299874788528,-0.710739087062379
2018-01-31 11:00:00,16.4,81,0.0,4.4,279,4.3458286986186065,-0.6883116461770159
2018-01-31 12:00:00,17.6,74,0.0,2.6,16,-0.7166571251241971,-2.4992804094396295
2018-01-31 13:00:00,17.6,73,0.0,4.0,350,0.6945927106677217,-3.939231012048832
2018-01-31 14:00:00,17.8,73,0.0,5.5,32,-2.9145559532826275,-4.664264528860342
2018-01-31 15:00:00,18.5,71,0.0,8.3,342,2.564841053312064,-7.893769085249775
2018-01-31 16:00:00,16.3,84,0.0,15.2,338,5.694020219921861,-14.093194589415168
2018-01-31 17:00:00,14.7,90,0.2,14.5,353,1.7671054793746386,-14.391919198799169
2018-01-31 18:00:00,13.6,92,0.5,14.9,7,-1.815853216736693,-14.7889376594557
2018-01-31 19:00:00,12.9,93,0.0,15.8,360,9.67470971326409e-16,-15.8
2018-01-31 20:00:00,13.2,95,0.0,16.3,18,-5.036977008311646,-15.502221215611003
2018-01-31 21:00:00,12.2,98,0.4,19.6,353,2.388639130740891,-19.45390457216991
2018-01-31 22:00:00,11.1,97,0.6,18.8,12,-3.908739787373884,-18.389174893795545
2018-01-31 23:00:00,10.0,98,0.2,16.2,359,0.2827289842839943,-16.197532661533536
2018-02-01 00:00:00,9.8,96,1.7000000000000002,10.3,25,-4.352968095929202,-9.334970206477497
2018-02-01 01:00:00,9.9,96,1.5,9.7,345,2.510544737494451,-9.369480515003962
2018-02-01 02:00:00,9.6,95,1.5,8.4,20,-2.872969203935616,-7.8934180146016315
2018-02-01 03:00:00,9.8,93,0.1,9.5,351,1.4861274178821937,-9.38303923565381
2018-02-01 04:00:00,9.0,97,0.6,10.5,27,-4.766900247265243,-9.355568503977862
2018-02-01 05:00:00,10.2,95,1.0,11.9,331,5.769234480931412,-10.40797451495881
2018-02-01 06:00:00,7.5,97,0.2,15.6,7,-1.901161757120296,-15.483719965604624
2018-02-01 07:00:00,8.1,95,0.0,13.1,21,-4.694620139043439,-12.229903587113341
2018-02-01 08:00:00,8.5,95,0.0,12.8,350,2.2226966741367096,-12.605539238556263
2018-02-01 09:00:00,9.4,92,0.0,8.7,17,-2.5436338310878126,-8.319851376878407
2018-02-01 10:00:00,10.2,91,0.0,8.8,348,1.8296228791962834,-8.60769888645749
2018-02-01 11:00:00,12.7,82,0.0,6.2,350,1.0766187015349686,-6.10580806867569
2018-02-01 12:00:00,14.3,76,0.0,6.1,332,2.863776532993934,-5.385980316439453
2018-02-01 13:00:00,14.7,73,0.0,6.9,351,1.0793978087775935,-6.815049550106451
2018-02-01 14:00:00,14.7,71,0.0,9.0,355,0.7844016847289232,-8.96575228282571
2018-02-01 15:00:00,14.1,72,0.0,10.7,14,-2.5885642829164452,-10.382164271153162
2018-02-01 16:00:00,13.8,75,0.0,12.0,7,-1.462432120861766,-11.910553819695865
2018-02-01 17:00:00,12.5,75,0.0,13.3,2,-0.4641633061432601,-13.291897999353974
2018-02-01 18:00:00,11.3,76,0.0,10.2,8,-1.4195656297926713,-10.100734301164016
2018-02-01 19:00:00,11.2,77,0.0,5.4,8,-0.7515347451843555,-5.34744757120448
2018-02-01 20:00:00,10.6,77,0.0,6.2,7,-0.7555899291119125,-6.153786140176197
2018-02-01 21:00:00,11.1,75,0.0,5.4,360,3.3065463576978537e-16,-5.4
2018-02-01 22:00:00,10.9,78,0.0,6.1,28,-2.8637765329939335,-5.385980316439454
2018-02-01 23:00:00,11.3,78,0.0,6.6,351,1.032467469265524,-6.518743047927909
2018-02-02 00:00:00,11.0,80,0.0,6.4,16,-1.7640790772287929,-6.152074854005242
2018-02-02 01:00:00,11.3,80,0.0,6.5,3,-0.340183715579138,-6.49109197590473
2018-02-02 02:00:00,11.5,80,0.0,6.9,47,-5.0463405411722775,-4.705788684431239
2018-02-02 03:00:00,10.6,87,0.0,6.4,308,5.043268823083021,-3.9402334420842133
2018-02-02 04:00:00,9.4,94,0.0,3.6,127,-2.8750878361702545,2.1665340833473734
2018-02-02 05:00:00,10.6,88,0.0,3.9,22,-1.460965714322058,-3.6160170328104706
2018-02-02 06:00:00,9.5,93,0.0,5.5,67,-5.062776693988422,-2.1490212066910046
2018-02-02 07:00:00,9.9,94,0.0,4.6,45,-3.2526911934581193,-3.252691193458118
2018-02-02 08:00:00,12.4,85,0.0,4.9,17,-1.4326213531414118,-4.685893304218873
2018-02-02 09:00:00,13.9,82,0.0,5.4,4,-0.37668495821827813,-5.386845871403051
2018-02-02 10:00:00,16.0,77,0.0,3.3,354,0.3449439287832564,-3.2819222547153015
2018-02-02 11:00:00,17.2,72,0.0,6.6,311,4.981083229470295,-4.329989591337347
2018-02-02 12:00:00,17.9,66,0.0,7.2,297,6.415246974156249,-3.2687315981247367
2018-02-02 13:00:00,18.1,66,0.0,9.7,329,4.995869326627525,-8.31452281681049
2018-02-02 14:00:00,17.2,67,0.0,18.4,349,3.510885514928426,-18.061940175437016
2018-02-02 15:00:00,15.7,69,0.0,18.1,355,1.5775189437326125,-18.031124035460596
2018-02-02 16:00:00,14.2,70,0.0,18.6,350,3.229856104604906,-18.31742420602707
2018-02-02 17:00:00,12.6,73,0.1,16.6,1,-0.2897099468589061,-16.597471739596095
2018-02-02 18:00:00,11.7,74,0.0,14.4,1,-0.25131465269688236,-14.397806810252035
2018-02-02 19:00:00,10.8,75,0.0,13.0,358,0.453693457132514,-12.992080751248245
2018-02-02 20:00:00,11.0,77,0.0,7.2,3,-0.376818884949199,-7.190132650232932
2018-02-02 21:00:00,10.4,78,0.0,8.8,348,1.8296228791962834,-8.60769888645749
2018-02-02 22:00:00,9.5,82,0.0,9.1,7,-1.1090110249868392,-9.03216997993603
2018-02-02 23:00:00,9.0,85,0.0,11.5,356,0.8021994480574401,-11.471986577987979
2018-02-03 00:00:00,9.0,86,0.5,10.8,21,-3.870373855089248,-10.082668606169777
2018-02-03 01:00:00,8.6,94,0.8,10.4,360,6.368163355566237e-16,-10.4
2018-02-03 02:00:00,8.3,95,0.2,12.3,353,1.4989929238833142,-12.208317665188261
2018-02-03 03:00:00,8.0,96,0.0,11.5,360,7.041719095097281e-16,-11.5
2018-02-03 04:00:00,7.2,97,0.0,13.3,357,0.6960682180311548,-13.281772812235833
2018-02-03 05:00:00,7.1,96,0.0,13.6,17,-3.9762551842292244,-13.00574468109728
2018-02-03 06:00:00,7.1,95,0.0,11.6,5,-1.0110066158728357,-11.555858497864248
2018-02-03 07:00:00,7.3,94,0.0,7.8,13,-1.7546182238821488,-7.600086505324834
2018-02-03 08:00:00,7.7,91,0.0,3.2,333,1.45276959916655,-2.851220877402777
2018-02-03 09:00:00,8.4,89,0.0,1.0,315,0.7071067811865476,-0.7071067811865475
2018-02-03 10:00:00,9.4,87,0.5,4.6,288,4.3748599749577055,-1.421478174124758
2018-02-03 11:00:00,10.3,84,0.3,3.4,342,1.0506577808748212,-3.233592155403522
2018-02-03 12:00:00,10.2,86,0.2,6.8,357,0.35588450245201897,-6.790680836331102
2018-02-03 13:00:00,10.2,87,0.1,9.4,4,-0.6557108531947805,-9.377102072442348
2018-02-03 14:00:00,10.2,86,0.0,10.8,360,6.613092715395707e-16,-10.8
2018-02-03 15:00:00,9.9,86,0.0,12.2,358,0.42577385977051313,-12.192568089632967
2018-02-03 16:00:00,8.9,89,0.3,10.8,15,-2.795245687107223,-10.431998923921938
2018-02-03 17:00:00,8.5,92,0.3,9.4,4,-0.6557108531947805,-9.377102072442348
2018-02-03 18:00:00,7.7,94,0.0,10.0,347,2.249510543438649,-9.743700647852352
2018-02-03 19:00:00,7.3,93,0.0,9.1,7,-1.1090110249868392,-9.03216997993603
2018-02-03 20:00:00,7.4,90,0.0,8.6,15,-2.2258437878816775,-8.306962106085987
2018-02-03 21:00:00,7.6,90,0.2,6.8,3,-0.3558845024520213,-6.790680836331102
2018-02-03 22:00:00,7.1,93,0.3,6.9,332,3.239353783222647,-6.092338390726596
2018-02-03 23:00:00,6.7,94,0.2,6.5,357,0.3401837155791358,-6.49109197590473
2018-02-04 00:00:00,6.6,94,0.1,5.4,352,0.7515347451843536,-5.34744757120448
2018-02-04 01:00:00,6.4,94,0.1,6.9,354,0.7212463965468089,-6.862201078041086
2018-02-04 02:00:00,6.5,95,0.0,6.3,13,-1.417191642366351,-6.1385314081469815
2018-02-04 03:00:00,6.8,95,0.0,6.6,13,-1.4846769586695105,-6.430842427582552
2018-02-04 04:00:00,6.9,95,0.0,7.8,13,-1.7546182238821488,-7.600086505324834
2018-02-04 05:00:00,6.9,95,0.0,8.8,9,-1.3766232923540331,-8.691657397237211
2018-02-04 06:00:00,7.1,93,0.0,7.8,13,-1.7546182238821488,-7.600086505324834
2018-02-04 07:00:00,7.1,92,0.0,6.5,357,0.3401837155791358,-6.49109197590473
2018-02-04 08:00:00,7.6,90,0.0,2.9,330,1.4500000000000002,-2.5114736709748717
2018-02-04 09:00:00,7.7,90,0.0,4.2,329,2.1631599146222276,-3.600102662948872
2018-02-04 10:00:00,8.2,89,0.0,3.4,342,1.0506577808748212,-3.233592155403522
2018-02-04 11:00:00,8.4,88,0.0,4.3,336,1.7489675652259409,-3.9282454678631837
2018-02-04 12:00:00,9.0,85,0.0,3.6,360,2.2043642384652358e-16,-3.6
2018-02-04 13:00:00,9.0,85,0.0,5.8,353,0.7068421917498554,-5.756767679519667
2018-02-04 14:00:00,9.2,84,0.0,8.6,360,5.265981236333618e-16,-8.6
2018-02-04 15:00:00,9.0,84,0.0,10.8,2,-0.37691456438700827,-10.793420931806235
2018-02-04 16:00:00,8.4,86,0.0,12.3,5,-1.0720156357961965,-12.253194786528471
2018-02-04 17:00:00,7.9,86,0.0,13.0,6,-1.3588700224794936,-12.928784639787555
2018-02-04 18:00:00,7.3,86,0.0,12.4,8,-1.7257464519048162,-12.279324052395472
2018-02-04 19:00:00,7.0,84,0.0,11.2,6,-1.1707187885977175,-11.13864522812466
2018-02-04 20:00:00,7.4,80,0.0,7.6,357,0.3977532674463741,-7.589584464134761
2018-02-04 21:00:00,7.0,82,0.0,7.0,348,1.4553818357243162,-6.847033205136639
2018-02-04 22:00:00,6.6,84,0.0,4.7,32,-2.490620541896064,-3.9858260519352022
2018-02-04 23:00:00,6.9,83,0.0,4.6,342,1.4214781741247582,-4.3748599749577055
2018-02-05 00:00:00,6.6,85,0.1,4.3,360,2.632990618166809e-16,-4.3
2018-02-05 01:00:00,6.6,85,0.2,6.1,3,-0.31924933308196024,-6.0916401620029
2018-02-05 02:00:00,6.6,87,0.1,6.5,357,0.3401837155791358,-6.49109197590473
2018-02-05 03:00:00,6.0,90,0.0,7.2,6,-0.7526049355271042,-7.160557646651569
2018-02-05 04:00:00,6.1,91,0.0,6.5,6,-0.6794350112397468,-6.464392319893777
2018-02-05 05:00:00,6.5,90,0.0,4.7,356,0.3278554265973886,-4.688551036221174
2018-02-05 06:00:00,6.4,91,0.0,7.4,337,2.8914103508206255,-6.811735915548059
2018-02-05 07:00:00,6.1,89,0.0,7.8,347,1.7546182238821464,-7.6000865053248345
2018-02-05 08:00:00,6.1,85,0.1,6.2,353,0.7555899291119145,-6.153786140176196
2018-02-05 09:00:00,6.5,84,0.1,7.2,357,0.3768188849491966,-7.190132650232932
2018-02-05 10:00:00,6.9,84,0.1,7.6,360,4.653657836759942e-16,-7.6
2018-02-05 11:00:00,7.5,82,0.1,10.1,354,1.0557374790032998,-10.04467114321956
2018-02-05 12:00:00,7.7,81,0.2,11.5,4,-0.8021994480574441,-11.471986577987979
2018-02-05 13:00:00,7.7,80,0.1,12.3,7,-1.4989929238833102,-12.208317665188263
2018-02-05 14:00:00,7.8,77,0.1,14.4,4,-1.0044932219154084,-14.36492232374147
2018-02-05 15:00:00,7.9,74,0.0,14.8,3,-0.7745721523955758,-14.779717114367694
2018-02-05 16:00:00,7.5,73,0.0,14.8,4,-1.0323958114130587,-14.763947943845398
2018-02-05 17:00:00,7.1,72,0.0,15.5,3,-0.8112073217656367,-15.478757788695894
2018-02-05 18:00:00,6.6,71,0.0,13.7,3,-0.717002600528337,-13.681224626137661
2018-02-05 19:00:00,6.4,71,0.0,11.9,358,0.41530401075976286,-11.89275084152724
2018-02-05 20:00:00,6.7,69,0.0,10.3,348,2.1414904154229224,-10.074920287558198
2018-02-05 21:00:00,6.6,67,0.0,9.4,353,1.1455718280083864,-9.329933825428427
2018-02-05 22:00:00,6.6,66,0.0,9.7,356,0.6766377953180147,-9.676371287520293
2018-02-05 23:00:00,6.8,64,0.0,10.4,358,0.36295476570601126,-10.393664600998596
2018-02-06 00:00:00,7.0,63,0.0,10.5,356,0.732442974313315,-10.474422527728153
2018-02-06 01:00:00,7.4,61,0.0,9.7,356,0.6766377953180147,-9.676371287520293
2018-02-06 02:00:00,7.7,60,0.0,10.2,350,1.77121141220269,-10.045039080724521
2018-02-06 03:00:00,7.8,59,0.0,10.9,352,1.5169868004647136,-10.793921949283117
2018-02-06 04:00:00,7.7,61,0.0,10.8,2,-0.37691456438700827,-10.793420931806235
2018-02-06 05:00:00,7.9,62,0.0,9.9,10,-1.7191169589026103,-9.74959675482086
2018-02-06 06:00:00,8.0,64,0.0,10.4,358,0.36295476570601126,-10.393664600998596
2018-02-06 07:00:00,7.8,68,0.0,7.7,11,-1.4692292643993936,-7.558529312547013
2018-02-06 08:00:00,9.0,65,0.0,5.8,360,3.5514757175273243e-16,-5.8
2018-02-06 09:00:00,10.2,66,0.0,4.8,347,1.0797650608505516,-4.676976310969129
2018-02-06 10:00:00,10.8,67,0.0,4.1,345,1.061158084920335,-3.96029588778518
2018-02-06 11:00:00,12.1,67,0.0,1.6,333,0.726384799583275,-1.4256104387013886
2018-02-06 12:00:00,13.2,62,0.0,4.6,321,2.894873798829252,-3.5748714227020657
2018-02-06 13:00:00,13.7,59,0.0,6.4,16,-1.7640790772287929,-6.152074854005242
2018-02-06 14:00:00,13.6,60,0.0,8.0,10,-1.3891854213354426,-7.878462024097664
2018-02-06 15:00:00,13.7,61,0.0,8.3,358,0.289665822630759,-8.294943864258496
2018-02-06 16:00:00,13.6,60,0.0,9.4,353,1.1455718280083864,-9.329933825428427
2018-02-06 17:00:00,12.5,62,0.0,11.9,2,-0.4153040107597591,-11.89275084152724
2018-02-06 18:00:00,10.8,67,0.0,10.9,6,-1.1393602496174215,-10.840288659514181
2018-02-06 19:00:00,9.2,72,0.0,8.4,10,-1.458644692402215,-8.272385125302547
2018-02-06 20:00:00,8.0,78,0.0,6.4,52,-5.043268823083022,-3.9402334420842124
2018-02-06 21:00:00,9.1,72,0.0,4.0,360,2.4492935982947064e-16,-4.0
2018-02-06 22:00:00,7.9,78,0.0,5.0,339,1.791839747726502,-4.667902132486009
2018-02-06 23:00:00,7.6,75,0.0,4.8,347,1.0797650608505516,-4.676976310969129
2018-02-07 00:00:00,8.2,68,0.0,4.7,58,-3.9858260519352027,-2.4906205418960625
2018-02-07 01:00:00,8.9,71,0.0,4.8,13,-1.0797650608505531,-4.6769763109691285
2018-02-07 02:00:00,9.5,65,0.0,7.2,357,0.3768188849491966,-7.190132650232932
2018-02-07 03:00:00,9.2,80,0.0,2.0,45,-1.4142135623730954,-1.414213562373095
2018-02-07 04:00:00,9.9,73,0.0,3.2,153,-1.4527695991665495,2.8512208774027776
2018-02-07 05:00:00,10.0,75,0.0,4.7,189,0.7352419856890854,4.6421352007971475
2018-02-07 06:00:00,9.6,70,0.0,7.4,284,7.180188374442374,-1.7902220274375413
2018-02-07 07:00:00,9.1,73,0.0,8.1,135,-5.727564927611034,5.727564927611035
2018-02-07 08:00:00,10.4,80,0.0,3.3,221,2.1649947956686737,2.4905416147351476
2018-02-07 09:00:00,10.9,80,0.1,1.3,236,1.0777488443215542,0.726950774511971
2018-02-07 10:00:00,10.6,84,0.4,1.9,292,1.761649323676896,-0.7117525274902328
2018-02-07 11:00:00,10.7,88,0.6,3.4,32,-1.801725498392897,-2.883363526931848
2018-02-07 12:00:00,11.0,89,0.2,5.3,28,-2.488199282765221,-4.679622242152313
2018-02-07 13:00:00,11.5,88,0.0,3.6,360,2.2043642384652358e-16,-3.6
2018-02-07 14:00:00,11.9,87,0.0,4.4,55,-3.604268994871564,-2.5237363199446032
2018-02-07 15:00:00,12.3,86,0.0,5.1,352,0.7097828148963339,-5.050367150582009
2018-02-07 16:00:00,11.8,90,0.0,7.9,360,4.837354856632045e-16,-7.9
2018-02-07 17:00:00,11.1,94,0.0,6.9,354,0.7212463965468089,-6.862201078041086
2018-02-07 18:00:00,10.8,94,0.1,6.5,6,-0.6794350112397468,-6.464392319893777
2018-02-07 19:00:00,10.9,93,0.2,7.4,14,-1.7902220274375418,-7.180188374442374
2018-02-07 20:00:00,10.9,93,0.4,7.3,340,2.4967470462773824,-6.8597561317371305
2018-02-07 21:00:00,10.8,94,0.8,3.7,29,-1.7937955949114464,-3.2360929164157652
2018-02-07 22:00:00,11.3,92,0.8,6.0,17,-1.7542302283364226,-5.7378285357782115
2018-02-07 23:00:00,10.9,94,1.3,9.4,4,-0.6557108531947805,-9.377102072442348
2018-02-08 00:00:00,10.7,94,0.8,7.6,360,4.653657836759942e-16,-7.6
2018-02-08 01:00:00,10.7,95,0.6,7.4,14,-1.7902220274375418,-7.180188374442374
2018-02-08 02:00:00,10.9,93,0.4,8.6,22,-3.2216167033768457,-7.97378114927437
2018-02-08 03:00:00,10.4,94,0.4,10.8,4,-0.7533699164365563,-10.773691742806102
2018-02-08 04:00:00,9.8,94,0.5,10.2,18,-3.1519733426244647,-9.700776466210565
2018-02-08 05:00:00,10.1,93,0.4,8.9,21,-3.1894747509531767,-8.308865795825096
2018-02-08 06:00:00,10.6,91,0.4,7.3,20,-2.49674704627738,-6.859756131737131
2018-02-08 07:00:00,10.5,92,0.3,7.5,17,-2.192787785420528,-7.172285669722765
2018-02-08 08:00:00,11.1,90,0.2,5.2,16,-1.4333142502483942,-4.998560818879259
2018-02-08 09:00:00,11.4,92,0.2,6.5,6,-0.6794350112397468,-6.464392319893777
2018-02-08 10:00:00,11.7,93,0.0,5.4,340,1.8469087739586119,-5.074340152243905
2018-02-08 11:00:00,12.7,88,0.0,0.4,360,2.4492935982947065e-17,-0.4
2018-02-08 12:00:00,13.6,83,0.0,4.8,347,1.0797650608505516,-4.676976310969129
2018-02-08 13:00:00,14.1,82,0.0,7.6,8,-1.0577155672965002,-7.526037322435934
2018-02-08 14:00:00,14.9,80,0.0,8.4,7,-1.0237024846032363,-8.337387673787106
2018-02-08 15:00:00,14.8,81,0.0,5.2,344,1.4333142502483958,-4.998560818879258
2018-02-08 16:00:00,14.5,81,0.0,2.6,326,1.4539015490239418,-2.1554976886431088
2018-02-08 17:00:00,14.0,84,0.0,0.7000000000000001,360,4.2862637970157366e-17,-0.7000000000000001
2018-02-08 18:00:00,13.2,90,0.0,3.4,342,1.0506577808748212,-3.233592155403522
2018-02-08 19:00:00,13.0,89,0.0,2.3,51,-1.7874357113510326,-1.4474368994146265
2018-02-08 20:00:00,13.0,89,0.0,5.4,217,3.2498011250210617,4.312631754255381
2018-02-08 21:00:00,13.2,88,0.0,4.3,185,0.37476969381492997,4.283637201794505
2018-02-08 22:00:00,14.3,79,0.0,2.3,252,2.1874299874788528,0.710739087062379
2018-02-08 23:00:00,14.0,81,0.0,2.1,59,-1.800051331474436,-1.0815799573111138
2018-02-09 00:00:00,14.8,74,0.0,2.3,108,-2.1874299874788528,0.7107390870623792
2018-02-09 01:00:00,14.0,78,0.2,3.9,202,1.4609657143220567,3.616017032810471
2018-02-09 02:00:00,13.4,83,0.3,4.4,215,2.5237363199446032,3.604268994871564
2018-02-09 03:00:00,14.4,74,0.3,0.4,180,2.4492935982947065e-17,0.4
2018-02-09 04:00:00,14.3,74,0.0,2.6,326,1.4539015490239418,-2.1554976886431088
2018-02-09 05:00:00,13.9,76,0.1,2.8,130,-2.144924440733138,1.7998053071223103
2018-02-09 06:00:00,13.5,82,0.3,3.6,360,2.2043642384652358e-16,-3.6
2018-02-09 07:00:00,13.0,88,0.5,3.6,360,2.2043642384652358e-16,-3.6
2018-02-09 08:00:00,13.8,87,0.5,7.4,29,-3.5875911898228927,-6.4721858328315305
2018-02-09 09:00:00,15.0,84,0.0,9.7,4,-0.676637795318018,-9.676371287520293
2018-02-09 10:00:00,16.2,78,0.0,11.8,12,-2.453357951649566,-11.542141688658907
2018-02-09 11:00:00,16.7,77,0.1,12.1,10,-2.101142949769857,-11.916173811447717
2018-02-09 12:00:00,17.8,72,0.0,12.6,5,-1.0981623586204938,-12.552053195955994
2018-02-09 13:00:00,18.8,67,0.0,12.6,20,-4.3094538059034235,-11.840127021902445
2018-02-09 14:00:00,19.3,66,0.0,12.9,18,-3.9863192274368235,-12.26862906020748
2018-02-09 15:00:00,19.0,68,0.0,13.1,21,-4.694620139043439,-12.229903587113341
2018-02-09 16:00:00,18.6,71,0.0,12.6,24,-5.124881702755081,-11.510672766296771
2018-02-09 17:00:00,17.7,76,0.1,12.3,7,-1.4989929238833102,-12.208317665188263
2018-02-09 18:00:00,15.6,86,0.1,12.8,16,-3.5281581544575857,-12.304149708010485
2018-02-09 19:00:00,14.9,90,0.1,12.7,29,-6.157082177128477,-11.107670280670328
2018-02-09 20:00:00,14.7,90,0.0,9.8,24,-3.986019102142841,-8.95274548489749
2018-02-09 21:00:00,14.3,92,0.0,9.3,28,-4.366085533908785,-8.211412613588022
2018-02-09 22:00:00,13.8,93,0.0,7.6,31,-3.914289369316414,-6.514471485336052
2018-02-09 23:00:00,13.7,92,0.0,7.0,35,-4.015035054457325,-5.734064310022941
2018-02-10 00:00:00,13.4,93,0.0,5.2,16,-1.4333142502483942,-4.998560818879259
2018-02-10 01:00:00,13.2,94,0.0,5.4,48,-4.012982057577929,-3.6133052743378347
2018-02-10 02:00:00,13.6,92,0.0,7.4,23,-2.8914103508206264,-6.811735915548058
2018-02-10 03:00:00,13.5,92,0.0,8.9,32,-4.716281451675525,-7.547628055792192
2018-02-10 04:00:00,13.5,91,0.0,8.4,40,-5.3994159213669315,-6.434773322199415
2018-02-10 05:00:00,13.3,92,0.0,6.0,33,-3.267834210090162,-5.032023407672544
2018-02-10 06:00:00,13.9,89,0.0,6.3,31,-3.2447398719333433,-5.400153994423306
2018-02-10 07:00:00,13.8,91,0.0,6.6,13,-1.4846769586695105,-6.430842427582552
2018-02-10 08:00:00,14.2,93,0.0,9.8,17,-2.8652427062828236,-9.371786608437747
2018-02-10 09:00:00,16.0,86,0.0,13.6,17,-3.9762551842292244,-13.00574468109728
2018-02-10 10:00:00,17.6,79,0.0,13.7,14,-3.3143299697154487,-13.293051449981151
2018-02-10 11:00:00,18.2,77,0.0,13.0,14,-3.144984642795681,-12.613844441587954
2018-02-10 12:00:00,18.5,77,0.0,12.5,18,-3.8627124296868445,-11.888206453689419
2018-02-10 13:00:00,19.7,72,0.0,14.4,22,-5.394334945189137,-13.351447505761737
2018-02-10 14:00:00,20.0,71,0.0,13.0,14,-3.144984642795681,-12.613844441587954
2018-02-10 15:00:00,19.4,75,0.0,14.1,6,-1.4738513320739124,-14.022758724692654
2018-02-10 16:00:00,18.6,79,0.0,15.8,12,-3.2850047149206048,-15.45473209159413
2018-02-10 17:00:00,17.1,83,0.0,15.7,11,-2.9957012274117503,-15.411546780128324
2018-02-10 18:00:00,16.6,86,0.1,12.2,34,-6.822153422343108,-10.11425838517151
2018-02-10 19:00:00,16.3,88,0.0,12.8,344,3.5281581544575893,-12.304149708010483
2018-02-10 20:00:00,14.4,90,0.7000000000000001,11.9,357,0.6227978792910333,-11.88369146357943
2018-02-10 21:00:00,14.8,91,0.6,8.4,47,-6.143371093601033,-5.7287862245249865
2018-02-10 22:00:00,14.7,89,0.0,11.6,344,3.19739332747719,-11.1506356728845
2018-02-10 23:00:00,13.8,90,0.0,8.6,22,-3.2216167033768457,-7.97378114927437
2018-02-11 00:00:00,13.1,92,0.3,10.6,342,3.275580140374443,-10.081199072728626
2018-02-11 01:00:00,12.6,92,0.2,12.3,5,-1.0720156357961965,-12.253194786528471
2018-02-11 02:00:00,11.3,92,0.0,13.4,5,-1.1678869528186206,-13.34900895442939
2018-02-11 03:00:00,11.5,92,0.1,11.7,11,-2.232465245905572,-11.485038046337667
2018-02-11 04:00:00,11.0,93,0.2,11.9,357,0.6227978792910333,-11.88369146357943
2018-02-11 05:00:00,10.6,95,1.5,10.2,8,-1.4195656297926713,-10.100734301164016
2018-02-11 06:00:00,10.1,97,0.9,10.8,15,-2.795245687107223,-10.431998923921938
2018-02-11 07:00:00,10.1,97,0.8,9.5,9,-1.4861274178821948,-9.383039235653808
2018-02-11 08:00:00,9.8,96,0.9,12.3,7,-1.4989929238833102,-12.208317665188263
2018-02-11 09:00:00,10.6,90,0.4,9.3,28,-4.366085533908785,-8.211412613588022
2018-02-11 10:00:00,11.1,92,0.1,8.7,5,-0.7582549619046267,-8.666893873398186
2018-02-11 11:00:00,12.0,88,0.0,6.2,10,-1.0766187015349682,-6.10580806867569
2018-02-11 12:00:00,13.7,83,0.0,4.7,9,-0.7352419856890859,-4.6421352007971475
2018-02-11 13:00:00,15.1,78,0.0,4.1,345,1.061158084920335,-3.96029588778518
2018-02-11 14:00:00,16.4,71,0.0,5.8,338,2.1727182418122895,-5.377666356487367
2018-02-11 15:00:00,17.0,67,0.0,8.9,346,2.1531048708370424,-8.635631963856369
2018-02-11 16:00:00,15.9,68,0.0,12.6,357,0.659433048661094,-12.58273213790763
2018-02-11 17:00:00,14.1,71,0.0,14.1,4,-0.9835662797921707,-14.06565310866352
2018-02-11 18:00:00,12.1,76,0.0,11.3,7,-1.3771235804781632,-11.21577151354694
2018-02-11 19:00:00,10.7,79,0.0,6.9,9,-1.0793978087775942,-6.81504955010645
2018-02-11 20:00:00,10.2,84,0.0,4.7,4,-0.32785542659739025,-4.688551036221174
2018-02-11 21:00:00,9.6,84,0.0,4.6,18,-1.4214781741247586,-4.3748599749577055
2018-02-11 22:00:00,9.2,84,0.0,6.0,33,-3.267834210090162,-5.032023407672544
2018-02-11 23:00:00,8.7,89,0.0,4.9,36,-2.880147736233119,-3.9641832724372423
2018-02-12 00:00:00,8.5,89,0.0,4.1,15,-1.0611580849203346,-3.96029588778518
2018-02-12 01:00:00,8.4,89,0.0,5.0,30,-2.500000000000002,-4.330127018922192
2018-02-12 02:00:00,8.8,88,0.0,5.5,67,-5.062776693988422,-2.1490212066910046
2018-02-12 03:00:00,8.9,88,0.0,5.0,30,-2.500000000000002,-4.330127018922192
2018-02-12 04:00:00,9.0,88,0.0,3.9,34,-2.1808523235359116,-3.233246532964663
2018-02-12 05:00:00,8.7,90,0.0,3.4,58,-2.8833635269318485,-1.8017254983928963
2018-02-12 06:00:00,9.6,84,0.0,3.2,63,-2.8512208774027776,-1.4527695991665495
2018-02-12 07:00:00,9.1,87,0.0,2.5,45,-1.7677669529663693,-1.7677669529663687
2018-02-12 08:00:00,9.9,85,0.0,0.4,270,0.4,0.0
2018-02-12 09:00:00,12.0,80,0.0,2.5,225,1.7677669529663689,1.7677669529663687
2018-02-12 10:00:00,13.9,76,0.0,5.6,220,3.5996106142446203,4.289848881466277
2018-02-12 11:00:00,15.2,73,0.0,4.9,253,4.685893304218874,1.4326213531414103
2018-02-12 12:00:00,16.4,67,0.0,4.2,290,3.9467090073008158,-1.4364846019678086
2018-02-12 13:00:00,17.2,62,0.0,3.5,336,1.4235782507653008,-3.197409101749103
2018-02-12 14:00:00,18.4,58,0.0,3.9,338,1.4609657143220567,-3.616017032810471
2018-02-12 15:00:00,18.0,58,0.0,14.1,347,3.1718098662484953,-13.738617913471817
2018-02-12 16:00:00,16.4,60,0.0,15.9,3,-0.8321417042628145,-15.878209602597725
2018-02-12 17:00:00,14.9,63,0.0,13.7,2,-0.4781231048242604,-13.691654330161612
2018-02-12 18:00:00,12.8,66,0.0,9.9,10,-1.7191169589026103,-9.74959675482086
2018-02-12 19:00:00,11.3,70,0.0,6.8,25,-2.873804179836754,-6.16289295184922
2018-02-12 20:00:00,11.0,82,0.0,6.5,19,-2.116193003971518,-6.1458707413955596
2018-02-12 21:00:00,10.9,83,0.0,3.8,49,-2.867896404846534,-2.4930243101639267
2018-02-12 22:00:00,11.2,75,0.0,1.3,124,-1.0777488443215542,0.726950774511971
2018-02-12 23:00:00,10.8,78,0.0,1.5,256,1.4554435894139948,0.3628828433995016
2018-02-13 00:00:00,9.7,90,0.0,2.3,141,-1.4474368994146256,1.7874357113510333
2018-02-13 01:00:00,9.7,92,0.0,3.5,156,-1.423578250765301,3.197409101749103
2018-02-13 02:00:00,10.1,90,0.0,2.6,146,-1.4539015490239415,2.1554976886431088
2018-02-13 03:00:00,10.1,93,0.0,2.9,210,1.4500000000000002,2.5114736709748717
2018-02-13 04:00:00,9.8,95,0.0,0.4,90,-0.4,4.898587196589413e-17
2018-02-13 05:00:00,9.3,97,0.0,1.8,79,-1.7669289302057951,-0.3434561916777805
2018-02-13 06:00:00,9.0,99,0.0,2.7,113,-2.485363104321589,1.0549740469210394
2018-02-13 07:00:00,10.0,99,0.0,3.3,139,-2.1649947956686737,2.490541614735148
2018-02-13 08:00:00,11.1,97,0.0,0.4,180,2.4492935982947065e-17,0.4
2018-02-13 09:00:00,13.6,85,0.0,5.1,219,3.209533994354171,3.963444403430551
2018-02-13 10:00:00,15.1,73,0.0,8.8,235,7.208537989743128,5.047472639889206
2018-02-13 11:00:00,16.2,67,0.0,9.7,243,8.642763284627168,4.403707847473603
2018-02-13 12:00:00,17.4,64,0.0,11.2,230,8.579697762932554,7.199221228489239
2018-02-13 13:00:00,19.1,54,0.0,15.6,218,9.60431901508027,12.292967756264863
2018-02-13 14:00:00,19.5,52,0.0,18.4,211,9.476700578344996,15.771878332918865
2018-02-13 15:00:00,19.2,51,0.0,17.4,218,10.712509670666453,13.711387112756961
2018-02-13 16:00:00,18.4,53,0.0,15.6,236,12.93298613185865,8.723409294143652
2018-02-13 17:00:00,16.6,64,0.0,9.8,262,9.70462707366739,1.3638963894086413
2018-02-13 18:00:00,13.9,78,0.0,5.0,270,5.0,0.0
2018-02-13 19:00:00,14.2,72,0.0,4.3,270,4.3,0.0
2018-02-13 20:00:00,13.8,78,0.0,1.1,90,-1.1,1.3471114790620887e-16
2018-02-13 21:00:00,14.0,77,0.0,1.6,117,-1.4256104387013886,0.7263847995832751
2018-02-13 22:00:00,14.4,74,0.0,2.6,124,-2.1554976886431083,1.453901549023942
2018-02-13 23:00:00,13.6,77,0.0,3.1,111,-2.8940993221413254,1.1109406435904308
2018-02-14 00:00:00,14.6,69,0.0,2.1,121,-1.8000513314744357,1.0815799573111142
2018-02-14 01:00:00,13.8,71,0.0,3.3,103,-3.215421213791276,0.7423384793347552
2018-02-14 02:00:00,12.3,77,0.0,4.7,90,-4.7,5.755839955992561e-16
2018-02-14 03:00:00,13.1,72,0.0,5.9,52,-4.64926344627966,-3.6324027044213834
2018-02-14 04:00:00,10.4,84,0.0,8.4,50,-6.4347733221994154,-5.39941592136693
2018-02-14 05:00:00,10.1,83,0.0,8.9,50,-6.817795543758905,-5.7208097262102
2018-02-14 06:00:00,10.5,79,0.0,8.0,54,-6.4721359549995805,-4.702282018339784
2018-02-14 07:00:00,13.3,67,0.0,4.0,63,-3.5640260967534716,-1.8159619989581868
2018-02-14 08:00:00,14.6,64,0.0,1.5,45,-1.0606601717798214,-1.0606601717798212
2018-02-14 09:00:00,16.1,62,0.0,1.1,270,1.1,0.0
2018-02-14 10:00:00,17.5,57,0.0,1.8,259,1.7669289302057951,0.34345619167778063
2018-02-14 11:00:00,18.9,53,0.0,1.9,248,1.761649323676896,0.7117525274902328
2018-02-14 12:00:00,20.0,51,0.0,3.8,197,1.1110124779463997,3.6339580726595346
2018-02-14 13:00:00,20.9,51,0.0,6.5,183,0.3401837155791358,6.49109197590473
2018-02-14 14:00:00,21.5,51,0.0,8.3,182,0.289665822630759,8.294943864258496
2018-02-14 15:00:00,22.0,50,0.0,10.6,215,6.079910225321089,8.683011669463312
2018-02-14 16:00:00,20.2,58,0.0,10.3,258,10.0749202875582,2.1414904154229215
2018-02-14 17:00:00,18.5,68,0.0,4.2,329,2.1631599146222276,-3.600102662948872
2018-02-14 18:00:00,14.7,86,0.0,7.1,45,-5.020458146424488,-5.020458146424486
2018-02-14 19:00:00,13.9,87,0.0,5.8,83,-5.756767679519668,-0.7068421917498544
2018-02-14 20:00:00,14.1,84,0.0,5.9,137,-4.023790324368741,4.314986839553106
2018-02-14 21:00:00,14.6,80,0.0,8.0,188,1.1133848076805237,7.922144549932563
2018-02-14 22:00:00,17.8,57,0.0,6.1,140,-3.92100441908789,4.6728711030257655
2018-02-14 23:00:00,14.2,67,0.0,8.1,111,-7.5620014546273335,2.9027803913169317
2018-02-15 00:00:00,14.5,64,0.0,6.5,109,-6.1458707413955596,2.1161930039715178
2018-02-15 01:00:00,13.4,68,0.0,7.4,113,-6.811735915548059,2.891410350820626
2018-02-15 02:00:00,13.4,66,0.0,7.1,114,-6.486172749262465,2.887830165838183
2018-02-15 03:00:00,13.0,67,0.0,6.8,115,-6.162892951849219,2.8738041798367564
2018-02-15 04:00:00,13.0,67,0.0,7.2,108,-6.8476069173251055,2.224922359499622
2018-02-15 05:00:00,12.9,68,0.0,7.6,98,-7.5260373224359345,1.0577155672964964
2018-02-15 06:00:00,13.6,63,0.0,7.3,101,-7.165878439167947,1.3929056662487782
2018-02-15 07:00:00,14.3,66,0.0,7.2,108,-6.8476069173251055,2.224922359499622
2018-02-15 08:00:00,20.0,61,0.0,5.1,141,-3.20953399435417,3.963444403430552
2018-02-15 09:00:00,22.7,50,0.0,4.4,171,-0.6883116461770157,4.3458286986186065
2018-02-15 10:00:00,23.9,48,0.0,5.2,192,1.0811407922523493,5.086367523815789
2018-02-15 11:00:00,24.9,46,0.0,6.2,201,2.2218812871808624,5.788198644282651
2018-02-15 12:00:00,25.6,44,0.0,7.0,201,2.5085756468171025,6.535062985480412
2018-02-15 13:00:00,26.2,41,0.0,7.3,191,1.3929056662487778,7.165878439167947
2018-02-15 14:00:00,27.0,38,0.0,8.5,192,1.7672493719509554,8.314254606237347
2018-02-15 15:00:00,26.8,42,0.0,7.8,257,7.6000865053248345,1.754618223882147
2018-02-15 16:00:00,24.6,60,0.0,9.7,318,6.490566881680924,-7.208504807130724
2018-02-15 17:00:00,22.4,70,0.0,5.9,349,1.125773072721615,-5.791600382341218
2018-02-15 18:00:00,18.0,87,0.0,8.8,348,1.8296228791962834,-8.60769888645749
2018-02-15 19:00:00,16.9,88,0.0,7.2,53,-5.750175672340508,-4.333068166694749
2018-02-15 20:00:00,17.0,85,0.0,5.0,111,-4.667902132486009,1.7918397477265011
2018-02-15 21:00:00,17.9,81,0.0,4.4,125,-3.6042689948715645,2.5237363199446023
2018-02-15 22:00:00,18.5,77,0.0,5.2,124,-4.310995377286217,2.907803098047884
2018-02-15 23:00:00,18.5,76,0.0,6.1,118,-5.385980316439454,2.863776532993933
2018-02-16 00:00:00,17.3,80,0.0,7.0,111,-6.535062985480412,2.5085756468171017
2018-02-16 01:00:00,17.0,78,0.0,6.2,97,-6.153786140176196,0.7555899291119148
2018-02-16 02:00:00,16.6,75,0.0,6.0,107,-5.737828535778213,1.7542302283364197
2018-02-16 03:00:00,16.6,73,0.0,6.2,111,-5.788198644282651,2.2218812871808615
2018-02-16 04:00:00,19.7,59,0.0,2.7,113,-2.485363104321589,1.0549740469210394
2018-02-16 05:00:00,21.7,49,0.0,3.7,119,-3.2360929164157644,1.7937955949114477
2018-02-16 06:00:00,19.9,57,0.0,4.6,309,3.5748714227020657,-2.8948737988292517
2018-02-16 07:00:00,16.5,76,0.0,5.6,40,-3.5996106142446207,-4.289848881466276
2018-02-16 08:00:00,19.8,61,0.0,0.8,63,-0.7128052193506944,-0.36319239979163737
2018-02-16 09:00:00,20.4,65,0.0,3.1,291,2.8940993221413254,-1.1109406435904308
2018-02-16 10:00:00,21.3,67,0.0,2.5,315,1.7677669529663689,-1.7677669529663687
2018-02-16 11:00:00,23.7,60,0.0,3.6,270,3.6,0.0
2018-02-16 12:00:00,23.5,66,0.0,5.7,325,3.269385687200963,-4.669166652447253
2018-02-16 13:00:00,23.4,68,0.2,7.6,335,3.211898789229316,-6.887939181478539
2018-02-16 14:00:00,23.3,68,0.0,7.2,342,2.224922359499622,-6.8476069173251055
2018-02-16 15:00:00,23.1,69,0.0,8.9,346,2.1531048708370424,-8.635631963856369
2018-02-16 16:00:00,22.6,71,0.0,9.7,360,5.939536975864663e-16,-9.7
2018-02-16 17:00:00,21.5,76,0.0,8.4,7,-1.0237024846032363,-8.337387673787106
2018-02-16 18:00:00,19.9,84,0.0,5.7,18,-1.7613968679372012,-5.421022142882375
2018-02-16 19:00:00,19.2,85,0.0,5.2,56,-4.3109953772862175,-2.907803098047883
2018-02-16 20:00:00,17.5,93,0.0,8.6,15,-2.2258437878816775,-8.306962106085987
2018-02-16 21:00:00,18.6,88,0.0,8.7,48,-6.46535998165333,-5.821436275322066
2018-02-16 22:00:00,18.3,87,0.0,8.0,27,-3.6319239979163753,-7.128052193506942
2018-02-16 23:00:00,18.0,87,0.0,8.9,21,-3.1894747509531767,-8.308865795825096
2018-02-17 00:00:00,17.5,91,0.0,10.0,13,-2.2495105434386526,-9.743700647852352
2018-02-17 01:00:00,16.9,93,0.0,9.1,34,-5.088655421583794,-7.54424191025088
2018-02-17 02:00:00,17.0,91,0.0,7.3,33,-3.9758649556096968,-6.122295146001595
2018-02-17 03:00:00,16.6,92,0.0,5.9,14,-1.42733918403804,-5.7247447850283795
2018-02-17 04:00:00,15.3,97,0.0,5.1,8,-0.7097828148963357,-5.050367150582008
2018-02-17 05:00:00,13.7,99,0.0,6.3,24,-2.5624408513775405,-5.755336383148386
2018-02-17 06:00:00,13.4,99,0.0,6.0,17,-1.7542302283364226,-5.7378285357782115
2018-02-17 07:00:00,14.4,99,0.0,1.8,360,1.1021821192326179e-16,-1.8
2018-02-17 08:00:00,16.1,90,0.0,1.5,135,-1.0606601717798212,1.0606601717798214
2018-02-17 09:00:00,18.0,84,0.0,2.9,277,2.8783838397598336,-0.35342109587492765
2018-02-17 10:00:00,19.7,79,0.0,4.3,265,4.283637201794505,0.3747696938149301
2018-02-17 11:00:00,21.2,74,0.0,6.5,251,6.1458707413955596,2.1161930039715187
2018-02-17 12:00:00,23.1,65,0.0,11.7,227,8.556838308944293,7.979380812731232
2018-02-17 13:00:00,23.7,61,0.0,12.0,254,11.535140351259827,3.30764826980399
2018-02-17 14:00:00,23.2,60,0.0,11.4,298,10.065602558591769,-5.351975815759156
2018-02-17 15:00:00,22.3,62,0.0,9.4,313,6.874724795220202,-6.410784584587486
2018-02-17 16:00:00,21.6,64,0.0,6.5,304,5.38874422160777,-3.634753872559855
2018-02-17 17:00:00,20.4,68,0.0,6.5,289,6.1458707413955596,-2.1161930039715187
2018-02-17 18:00:00,17.7,81,0.0,4.0,280,3.939231012048832,-0.6945927106677213
2018-02-17 19:00:00,16.3,87,0.0,3.5,246,3.197409101749103,1.4235782507653008
2018-02-17 20:00:00,16.6,85,0.0,2.3,219,1.447436899414626,1.7874357113510329
2018-02-17 21:00:00,16.4,86,0.0,1.1,252,1.0461621679246689,0.33991869381244216
2018-02-17 22:00:00,15.9,88,0.0,0.7000000000000001,270,0.7000000000000001,0.0
2018-02-17 23:00:00,15.6,90,0.0,0.8,207,0.3631923997916375,0.7128052193506943
2018-02-18 00:00:00,15.5,91,0.0,2.0,45,-1.4142135623730954,-1.414213562373095
2018-02-18 01:00:00,14.2,95,0.0,5.8,30,-2.9000000000000026,-5.022947341949743
2018-02-18 02:00:00,13.6,97,0.0,6.1,28,-2.8637765329939335,-5.385980316439454
2018-02-18 03:00:00,13.4,97,0.0,6.2,36,-3.644268564213334,-5.015905365124674
2018-02-18 04:00:00,13.0,98,0.0,6.9,39,-4.342310698243882,-5.362307134053097
2018-02-18 05:00:00,12.9,97,0.0,7.4,43,-5.04678786446249,-5.412017391981862
2018-02-18 06:00:00,12.6,97,0.0,7.9,39,-4.971631089293719,-6.139453095510068
2018-02-18 07:00:00,13.7,97,0.0,4.3,42,-2.87726160734309,-3.195522749552796
2018-02-18 08:00:00,16.5,87,0.0,8.4,25,-3.549993398621873,-7.612985411107861
2018-02-18 09:00:00,18.5,78,0.0,8.8,12,-1.8296228791962863,-8.60769888645749
2018-02-18 10:00:00,20.3,68,0.0,9.2,21,-3.296985135816766,-8.588939923774255
2018-02-18 11:00:00,21.8,63,0.0,8.8,19,-2.864999759222979,-8.320563465273988
2018-02-18 12:00:00,23.0,59,0.0,8.0,18,-2.4721359549995805,-7.608452130361228
2018-02-18 13:00:00,23.8,59,0.0,8.0,8,-1.1133848076805266,-7.922144549932562
2018-02-18 14:00:00,24.3,57,0.0,7.6,5,-0.6623836448822027,-7.571079705497266
2018-02-18 15:00:00,24.4,56,0.0,7.1,345,1.8376152202278973,-6.858073366652385
2018-02-18 16:00:00,23.5,59,0.0,8.0,342,2.4721359549995796,-7.608452130361228
2018-02-18 17:00:00,22.1,65,0.0,6.5,357,0.3401837155791358,-6.49109197590473
2018-02-18 18:00:00,18.4,82,0.0,6.8,18,-2.1013155617496433,-6.467184310807044
2018-02-18 19:00:00,17.1,88,0.0,7.1,49,-5.358438019581682,-4.6580191058326
2018-02-18 20:00:00,18.7,79,0.0,5.8,60,-5.0229473419497435,-2.9000000000000004
2018-02-18 21:00:00,20.1,73,0.0,3.3,96,-3.2819222547153015,0.3449439287832573
2018-02-18 22:00:00,19.9,74,0.0,4.3,180,2.632990618166809e-16,4.3
2018-02-18 23:00:00,19.5,75,0.0,5.0,159,-1.7918397477265013,4.667902132486009
2018-02-19 00:00:00,18.9,76,0.0,5.2,124,-4.310995377286217,2.907803098047884
2018-02-19 01:00:00,18.8,73,0.0,3.7,101,-3.632020578756357,0.7059932828932164
2018-02-19 02:00:00,18.1,72,0.0,4.9,107,-4.685893304218874,1.4326213531414094
2018-02-19 03:00:00,18.6,68,0.0,4.6,129,-3.5748714227020657,2.8948737988292517
2018-02-19 04:00:00,20.9,58,0.0,4.1,135,-2.8991378028648445,2.899137802864845
2018-02-19 05:00:00,20.2,59,0.0,1.3,56,-1.0777488443215544,-0.7269507745119708
2018-02-19 06:00:00,18.9,63,0.0,4.5,76,-4.366330768241984,-1.0886485301985038
2018-02-19 07:00:00,17.2,69,0.0,4.7,90,-4.7,5.755839955992561e-16
2018-02-19 08:00:00,20.3,59,0.0,4.7,23,-1.836436303899587,-4.326372811226469
2018-02-19 09:00:00,21.9,54,0.0,5.4,20,-1.8469087739586103,-5.074340152243906
2018-02-19 10:00:00,23.9,46,0.0,8.2,23,-3.203995253612045,-7.548139798310009
2018-02-19 11:00:00,25.1,45,0.0,10.0,13,-2.2495105434386526,-9.743700647852352
2018-02-19 12:00:00,25.9,47,0.0,11.0,11,-2.098898949141991,-10.797899017924303
2018-02-19 13:00:00,26.3,47,0.0,10.6,18,-3.2755801403744442,-10.081199072728626
2018-02-19 14:00:00,26.8,47,0.0,10.3,12,-2.141490415422926,-10.074920287558198
2018-02-19 15:00:00,26.5,49,0.0,10.4,358,0.36295476570601126,-10.393664600998596
2018-02-19 16:00:00,25.5,53,0.0,9.7,356,0.6766377953180147,-9.676371287520293
2018-02-19 17:00:00,24.2,60,0.0,4.8,13,-1.0797650608505531,-4.6769763109691285
2018-02-19 18:00:00,23.1,63,0.0,4.7,360,2.8779199779962803e-16,-4.7
2018-02-19 19:00:00,21.7,68,0.0,4.2,31,-2.163159914622229,-3.600102662948871
2018-02-19 20:00:00,20.9,71,0.0,6.1,90,-6.1,7.470345474798854e-16
2018-02-19 21:00:00,24.3,55,0.0,3.7,101,-3.632020578756357,0.7059932828932164
2018-02-19 22:00:00,23.7,56,0.0,3.8,229,2.8678964048465336,2.4930243101639276
2018-02-19 23:00:00,21.0,67,0.0,2.6,254,2.499280409439629,0.7166571251241979
2018-02-20 00:00:00,20.0,67,0.0,4.7,148,-2.4906205418960625,3.9858260519352027
2018-02-20 01:00:00,21.1,61,0.0,2.6,286,2.499280409439629,-0.7166571251241979
2018-02-20 02:00:00,18.7,73,0.0,4.1,15,-1.0611580849203346,-3.96029588778518
2018-02-20 03:00:00,18.2,73,0.0,2.9,97,-2.8783838397598336,0.35342109587492787
2018-02-20 04:00:00,18.2,68,0.0,2.2,81,-2.1729143493093033,-0.3441558230885076
2018-02-20 05:00:00,17.4,71,0.0,4.4,55,-3.604268994871564,-2.5237363199446032
2018-02-20 06:00:00,17.1,69,0.0,4.7,67,-4.32637281122647,-1.8364363038995857
2018-02-20 07:00:00,16.8,68,0.0,3.7,61,-3.236092916415765,-1.7937955949114468
2018-02-20 08:00:00,18.5,66,0.0,2.6,16,-0.7166571251241971,-2.4992804094396295
2018-02-20 09:00:00,20.0,64,0.0,2.9,330,1.4500000000000002,-2.5114736709748717
2018-02-20 10:00:00,22.0,59,0.0,3.1,339,1.1109406435904312,-2.8940993221413254
2018-02-20 11:00:00,23.9,52,0.0,3.5,336,1.4235782507653008,-3.197409101749103
2018-02-20 12:00:00,25.2,50,0.0,4.2,301,3.600102662948872,-2.1631599146222276
2018-02-20 13:00:00,25.6,53,0.0,6.1,310,4.6728711030257655,-3.921004419087889
2018-02-20 14:00:00,25.3,57,0.0,8.2,322,5.048424097670398,-6.46168817957512
2018-02-20 15:00:00,24.7,60,0.0,7.9,330,3.950000000000001,-6.841600689897065
2018-02-20 16:00:00,23.6,64,0.0,7.2,323,4.333068166694749,-5.750175672340508
2018-02-20 17:00:00,21.9,70,0.0,7.6,329,3.9142893693164114,-6.5144714853360535
2018-02-20 18:00:00,19.5,78,0.0,6.4,333,2.9055391983331,-5.702441754805554
2018-02-20 19:00:00,18.2,83,0.0,4.7,351,0.7352419856890854,-4.6421352007971475
2018-02-20 20:00:00,18.2,86,0.6,1.6,333,0.726384799583275,-1.4256104387013886
2018-02-20 21:00:00,18.2,84,0.0,1.8,11,-0.3434561916777803,-1.7669289302057951
2018-02-20 22:00:00,17.3,89,0.0,2.1,31,-1.0815799573111144,-1.8000513314744355
2018-02-20 23:00:00,17.8,88,0.0,0.4,360,2.4492935982947065e-17,-0.4
2018-02-21 00:00:00,17.9,86,0.0,1.8,53,-1.437543918085127,-1.0832670416736871
2018-02-21 01:00:00,17.8,88,0.0,5.8,360,3.5514757175273243e-16,-5.8
2018-02-21 02:00:00,17.6,89,0.0,4.7,23,-1.836436303899587,-4.326372811226469
2018-02-21 03:00:00,16.8,93,0.1,7.9,16,-2.1775351109542913,-7.593967397912721
2018-02-21 04:00:00,16.2,97,0.9,8.4,20,-2.872969203935616,-7.8934180146016315
2018-02-21 05:00:00,16.3,98,0.6,7.8,13,-1.7546182238821488,-7.600086505324834
2018-02-21 06:00:00,16.2,97,0.0,5.2,348,1.0811407922523493,-5.086367523815789
2018-02-21 07:00:00,15.3,97,0.0,6.9,354,0.7212463965468089,-6.862201078041086
2018-02-21 08:00:00,17.9,84,0.0,6.0,343,1.7542302283364206,-5.737828535778212
2018-02-21 09:00:00,17.9,82,0.0,7.6,352,1.0577155672964975,-7.5260373224359345
2018-02-21 10:00:00,19.7,73,0.0,10.1,356,0.7045403848156648,-10.075396907624224
2018-02-21 11:00:00,20.9,67,0.0,12.6,360,7.715274834628325e-16,-12.6
2018-02-21 12:00:00,22.4,62,0.0,13.7,357,0.7170026005283323,-13.681224626137661
2018-02-21 13:00:00,22.6,61,0.0,12.4,352,1.7257464519048118,-12.279324052395474
2018-02-21 14:00:00,22.5,61,0.0,12.0,353,1.4624321208617699,-11.910553819695863
2018-02-21 15:00:00,21.8,62,0.0,12.0,351,1.877213580482771,-11.852260087141653
2018-02-21 16:00:00,20.5,64,0.0,11.9,358,0.41530401075976286,-11.89275084152724
2018-02-21 17:00:00,19.6,66,0.0,10.4,360,6.368163355566237e-16,-10.4
2018-02-21 18:00:00,17.8,71,0.0,10.6,350,1.8406706832694624,-10.438962181929405
2018-02-21 19:00:00,16.4,75,0.0,9.0,360,5.51091059616309e-16,-9.0
2018-02-21 20:00:00,16.4,77,0.0,5.2,12,-1.0811407922523508,-5.086367523815789
2018-02-21 21:00:00,16.9,76,0.0,4.6,18,-1.4214781741247586,-4.3748599749577055
2018-02-21 22:00:00,15.9,78,0.0,6.6,331,3.199743493625825,-5.772490067120011
2018-02-21 23:00:00,15.5,80,0.0,4.8,333,2.1791543987498248,-4.276831316104166
2018-02-22 00:00:00,15.0,83,0.1,6.6,9,-1.0324674692655247,-6.5187430479279085
2018-02-22 01:00:00,14.4,88,0.5,6.9,354,0.7212463965468089,-6.862201078041086
2018-02-22 02:00:00,13.9,94,5.7,6.2,7,-0.7555899291119125,-6.153786140176197
2018-02-22 03:00:00,14.1,96,3.9,5.1,4,-0.35575801609504043,-5.087576656325103
2018-02-22 04:00:00,13.9,98,0.5,6.5,357,0.3401837155791358,-6.49109197590473
2018-02-22 05:00:00,13.7,99,2.1,6.9,28,-3.239353783222646,-6.092338390726597
2018-02-22 06:00:00,14.6,97,1.0,5.4,8,-0.7515347451843555,-5.34744757120448
2018-02-22 07:00:00,13.9,97,0.3,9.1,351,1.4235536318661013,-8.987963899415753
2018-02-22 08:00:00,14.5,97,0.3,5.6,345,1.4493866525741161,-5.4091846272187825
2018-02-22 09:00:00,15.6,96,0.5,4.4,351,0.6883116461770161,-4.3458286986186065
2018-02-22 10:00:00,16.3,96,0.3,3.5,336,1.4235782507653008,-3.197409101749103
2018-02-22 11:00:00,17.4,87,0.0,2.3,342,0.7107390870623791,-2.1874299874788528
2018-02-22 12:00:00,17.9,91,0.7000000000000001,1.4,270,1.4,0.0
2018-02-22 13:00:00,18.0,88,0.5,6.4,227,4.6806636903626915,4.36478950439999
2018-02-22 14:00:00,18.4,83,0.3,7.6,270,7.6,0.0
2018-02-22 15:00:00,16.3,95,0.6,12.2,332,5.727553065987868,-10.771960632878907
2018-02-22 16:00:00,13.7,98,0.7000000000000001,16.1,350,2.79573566043758,-15.855404823496551
2018-02-22 17:00:00,12.1,99,0.5,13.5,9,-2.111865278043119,-13.333792598034359
2018-02-22 18:00:00,11.9,98,0.3,8.4,7,-1.0237024846032363,-8.337387673787106
2018-02-22 19:00:00,11.6,98,0.6,7.8,68,-7.232034065620942,-2.921931428644114
2018-02-22 20:00:00,13.8,95,1.6,7.6,360,4.653657836759942e-16,-7.6
2018-02-22 21:00:00,12.3,99,0.6,9.1,342,2.8120546488120217,-8.654614298285896
2018-02-22 22:00:00,12.1,98,0.3,10.0,38,-6.156614753256581,-7.8801075360672215
2018-02-22 23:00:00,13.1,95,0.1,6.4,52,-5.043268823083022,-3.9402334420842124
2018-02-23 00:00:00,13.8,95,0.0,6.1,357,0.3192493330819582,-6.0916401620029
2018-02-23 01:00:00,11.5,98,0.0,8.8,19,-2.864999759222979,-8.320563465273988
2018-02-23 02:00:00,12.8,95,0.0,6.4,43,-4.364789504399991,-4.6806636903626915
2018-02-23 03:00:00,13.0,97,0.0,5.4,20,-1.8469087739586103,-5.074340152243906
2018-02-23 04:00:00,12.1,97,0.0,9.0,360,5.51091059616309e-16,-9.0
2018-02-23 05:00:00,12.1,97,0.0,7.3,11,-1.3929056662487755,-7.165878439167947
2018-02-23 06:00:00,11.9,96,0.0,5.1,356,0.35575801609503865,-5.087576656325103
2018-02-23 07:00:00,12.3,96,0.0,3.8,41,-2.4930243101639276,-2.8678964048465336
2018-02-23 08:00:00,14.3,93,0.0,6.9,219,4.342310698243879,5.3623071340531
2018-02-23 09:00:00,15.2,91,0.0,7.5,253,7.172285669722766,2.192787785420526
2018-02-23 10:00:00,16.4,85,0.0,9.2,219,5.789747597658504,7.149742845404131
2018-02-23 11:00:00,17.2,83,0.0,9.4,220,6.04220353105347,7.200817765318393
2018-02-23 12:00:00,18.2,79,0.0,6.6,229,4.981083229470295,4.329989591337347
2018-02-23 13:00:00,18.5,77,0.0,3.5,294,3.197409101749103,-1.4235782507653008
2018-02-23 14:00:00,19.4,74,0.0,2.3,18,-0.7107390870623793,-2.1874299874788528
2018-02-23 15:00:00,19.8,74,0.0,2.4,153,-1.089577199374912,2.138415658052083
2018-02-23 16:00:00,20.3,71,0.0,3.7,209,1.7937955949114475,3.2360929164157644
2018-02-23 17:00:00,19.9,71,0.0,3.6,264,3.580278823325784,0.37630246776355253
2018-02-23 18:00:00,16.8,88,0.0,6.6,315,4.666904755831213,-4.666904755831213
2018-02-23 19:00:00,16.9,86,0.0,4.5,346,1.0886485301985045,-4.366330768241984
2018-02-23 20:00:00,16.4,85,0.0,4.4,35,-2.523736319944604,-3.604268994871563
2018-02-23 21:00:00,16.8,81,0.0,3.3,13,-0.7423384793347553,-3.215421213791276
2018-02-23 22:00:00,16.0,85,0.0,2.9,353,0.3534210958749277,-2.8783838397598336
2018-02-23 23:00:00,15.5,89,0.0,2.9,90,-2.9,3.5514757175273243e-16
2018-02-24 00:00:00,16.1,85,0.0,1.0,315,0.7071067811865476,-0.7071067811865475
2018-02-24 01:00:00,15.7,87,0.0,1.3,304,1.0777488443215542,-0.726950774511971
2018-02-24 02:00:00,14.3,94,0.0,4.2,110,-3.9467090073008153,1.4364846019678092
2018-02-24 03:00:00,16.0,86,0.0,1.4,90,-1.4,1.7145055188062944e-16
2018-02-24 04:00:00,14.9,93,0.0,4.6,321,2.894873798829252,-3.5748714227020657
2018-02-24 05:00:00,14.7,93,0.0,3.1,135,-2.192031021678297,2.1920310216782974
2018-02-24 06:00:00,15.6,87,0.0,2.7,293,2.485363104321589,-1.0549740469210394
2018-02-24 07:00:00,14.6,93,0.0,5.4,37,-3.2498011250210608,-4.312631754255381
2018-02-24 08:00:00,15.0,90,0.0,8.2,38,-5.048424097670396,-6.461688179575121
2018-02-24 09:00:00,17.8,76,0.0,9.0,61,-7.871577364254563,-4.363286582217032
2018-02-24 10:00:00,19.8,66,0.0,8.5,12,-1.767249371950958,-8.314254606237347
2018-02-24 11:00:00,21.2,62,0.0,8.6,358,0.3001356716415093,-8.594761112364223
2018-02-24 12:00:00,20.5,68,0.0,9.7,360,5.939536975864663e-16,-9.7
2018-02-24 13:00:00,21.5,67,0.0,7.9,16,-2.1775351109542913,-7.593967397912721
2018-02-24 14:00:00,22.5,64,0.0,7.6,355,0.6623836448822018,-7.571079705497266
2018-02-24 15:00:00,22.7,64,0.0,6.0,17,-1.7542302283364226,-5.7378285357782115
2018-02-24 16:00:00,22.5,65,0.0,7.0,21,-2.508575646817105,-6.535062985480412
2018-02-24 17:00:00,21.5,70,0.0,8.3,2,-0.28966582263075635,-8.294943864258496
2018-02-24 18:00:00,18.8,83,0.0,5.5,11,-1.0494494745709955,-5.3989495089621515
2018-02-24 19:00:00,17.2,91,0.0,5.2,16,-1.4333142502483942,-4.998560818879259
2018-02-24 20:00:00,16.2,93,0.0,7.3,57,-6.122295146001595,-3.9758649556096977
2018-02-24 21:00:00,16.4,92,0.0,6.7,36,-3.938161190359571,-5.420413862312147
2018-02-24 22:00:00,16.1,92,0.0,7.3,57,-6.122295146001595,-3.9758649556096977
2018-02-24 23:00:00,15.9,92,0.0,7.6,25,-3.2118987892293136,-6.88793918147854
2018-02-25 00:00:00,15.3,95,0.0,7.0,21,-2.508575646817105,-6.535062985480412
2018-02-25 01:00:00,15.6,93,0.0,5.4,86,-5.386845871403051,-0.3766849582182765
2018-02-25 02:00:00,15.5,93,0.0,5.9,47,-4.314986839553106,-4.023790324368741
2018-02-25 03:00:00,16.2,91,0.0,5.8,30,-2.9000000000000026,-5.022947341949743
2018-02-25 04:00:00,16.4,89,0.0,6.2,36,-3.644268564213334,-5.015905365124674
2018-02-25 05:00:00,16.1,89,0.0,6.1,40,-3.9210044190878905,-4.672871103025765
2018-02-25 06:00:00,15.8,91,0.0,8.4,25,-3.549993398621873,-7.612985411107861
2018-02-25 07:00:00,16.3,89,0.0,10.1,27,-4.585304047369424,-8.999165894302514
2018-02-25 08:00:00,18.2,79,0.0,8.1,21,-2.9027803913169357,-7.562001454627333
2018-02-25 09:00:00,19.7,73,0.0,10.6,18,-3.2755801403744442,-10.081199072728626
2018-02-25 10:00:00,21.6,64,0.0,12.3,15,-3.1834742547610038,-11.88088766335554
2018-02-25 11:00:00,22.4,65,0.0,14.0,360,8.572527594031472e-16,-14.0
2018-02-25 12:00:00,22.6,67,0.0,14.5,353,1.7671054793746386,-14.391919198799169
2018-02-25 13:00:00,22.4,67,0.0,14.4,3,-0.753637769898398,-14.380265300465863
2018-02-25 14:00:00,22.1,68,0.0,14.7,11,-2.8048922320352054,-14.42991959668066
2018-02-25 15:00:00,21.6,71,0.0,15.6,7,-1.901161757120296,-15.483719965604624
2018-02-25 16:00:00,20.4,75,0.0,14.6,9,-2.283943189587373,-14.42024977268901
2018-02-25 17:00:00,19.2,78,0.0,13.6,11,-2.5950023371210067,-13.35012969488823
2018-02-25 18:00:00,17.6,85,0.0,12.7,8,-1.7674983821928358,-12.576404473017941
2018-02-25 19:00:00,15.5,92,0.0,13.3,358,0.4641633061432644,-13.291897999353974
2018-02-25 20:00:00,14.7,87,0.0,11.0,19,-3.581249699028723,-10.400704331592486
2018-02-25 21:00:00,14.2,89,0.1,11.2,2,-0.3908743630680085,-11.193177262613872
2018-02-25 22:00:00,13.6,92,0.2,9.8,24,-3.986019102142841,-8.95274548489749
2018-02-25 23:00:00,13.2,92,0.0,10.9,6,-1.1393602496174215,-10.840288659514181
2018-02-26 00:00:00,13.3,93,0.2,9.7,22,-3.633683956134349,-8.993683389297836
2018-02-26 01:00:00,13.1,95,0.2,8.4,10,-1.458644692402215,-8.272385125302547
2018-02-26 02:00:00,12.8,97,0.3,8.0,10,-1.3891854213354426,-7.878462024097664
2018-02-26 03:00:00,12.9,97,2.1,6.6,22,-2.472403516545021,-6.119413440140796
2018-02-26 04:00:00,13.3,97,0.4,5.3,28,-2.488199282765221,-4.679622242152313
2018-02-26 05:00:00,13.2,98,0.0,5.6,27,-2.5423467985414625,-4.989636535454859
2018-02-26 06:00:00,13.2,98,0.0,5.1,8,-0.7097828148963357,-5.050367150582008
2018-02-26 07:00:00,13.5,98,0.0,5.8,30,-2.9000000000000026,-5.022947341949743
2018-02-26 08:00:00,14.7,93,0.0,2.4,27,-1.0895771993749126,-2.138415658052083
2018-02-26 09:00:00,16.8,86,0.0,1.6,333,0.726384799583275,-1.4256104387013886
2018-02-26 10:00:00,18.9,76,0.0,1.8,270,1.8,0.0
2018-02-26 11:00:00,20.2,72,0.0,3.1,306,2.5079526825623373,-1.8221342821066668
2018-02-26 12:00:00,21.5,65,0.0,3.9,326,2.1808523235359125,-3.233246532964663
2018-02-26 13:00:00,22.7,61,0.0,5.2,344,1.4333142502483958,-4.998560818879258
2018-02-26 14:00:00,23.4,59,0.0,7.7,349,1.4692292643993958,-7.558529312547013
2018-02-26 15:00:00,23.3,58,0.0,10.5,344,2.8941922360784913,-10.093247807352348
2018-02-26 16:00:00,21.7,63,0.0,11.2,345,2.8987733051482323,-10.818369254437565
2018-02-26 17:00:00,19.9,68,0.0,10.4,340,3.557009490586956,-9.772803256173447
2018-02-26 18:00:00,17.1,78,0.0,4.7,337,1.8364363038995866,-4.32637281122647
2018-02-26 19:00:00,15.5,87,0.0,5.4,352,0.7515347451843536,-5.34744757120448
2018-02-26 20:00:00,15.7,87,0.0,4.0,355,0.34862297099063255,-3.984778792366982
2018-02-26 21:00:00,15.5,88,0.0,0.8,63,-0.7128052193506944,-0.36319239979163737
2018-02-26 22:00:00,14.5,93,0.0,2.5,135,-1.7677669529663687,1.7677669529663689
2018-02-26 23:00:00,14.6,93,0.0,4.7,171,-0.7352419856890848,4.6421352007971475
2018-02-27 00:00:00,15.2,88,0.0,2.4,297,2.138415658052083,-1.0895771993749122
2018-02-27 01:00:00,13.5,95,0.0,3.3,103,-3.215421213791276,0.7423384793347552
2018-02-27 02:00:00,14.3,93,0.0,4.6,135,-3.252691193458118,3.2526911934581184
2018-02-27 03:00:00,15.8,87,0.0,4.7,176,-0.3278554265973891,4.688551036221174
2018-02-27 04:00:00,14.5,93,0.0,5.9,169,-1.1257730727216144,5.791600382341218
2018-02-27 05:00:00,15.6,89,0.0,4.8,193,1.0797650608505516,4.676976310969129
2018-02-27 06:00:00,15.9,89,0.0,4.0,180,2.4492935982947064e-16,4.0
2018-02-27 07:00:00,15.6,90,0.0,4.0,185,0.34862297099063255,3.984778792366982
2018-02-27 08:00:00,16.3,89,0.0,2.9,270,2.9,0.0
2018-02-27 09:00:00,18.2,81,0.0,2.6,214,1.4539015490239418,2.1554976886431088
2018-02-27 10:00:00,19.8,71,0.0,5.2,245,4.7128004925905795,2.197614961051637
2018-02-27 11:00:00,20.9,67,0.0,5.2,245,4.7128004925905795,2.197614961051637
2018-02-27 12:00:00,22.2,62,0.0,4.1,255,3.96029588778518,1.061158084920335
2018-02-27 13:00:00,23.4,57,0.0,5.6,310,4.289848881466277,-3.5996106142446194
2018-02-27 14:00:00,23.5,56,0.0,6.8,342,2.1013155617496424,-6.467184310807044
2018-02-27 15:00:00,23.2,60,0.0,7.7,349,1.4692292643993958,-7.558529312547013
2018-02-27 16:00:00,22.6,63,0.0,8.6,360,5.265981236333618e-16,-8.6
2018-02-27 17:00:00,21.1,71,0.0,10.1,354,1.0557374790032998,-10.04467114321956
2018-02-27 18:00:00,18.3,84,0.0,6.1,3,-0.31924933308196024,-6.0916401620029
2018-02-27 19:00:00,16.9,91,0.0,5.2,34,-2.907803098047882,-4.3109953772862175
2018-02-27 20:00:00,16.4,93,0.0,5.4,42,-3.613305274337834,-4.01298205757793
2018-02-27 21:00:00,17.4,87,0.0,1.3,124,-1.0777488443215542,0.726950774511971
2018-02-27 22:00:00,15.6,94,0.0,5.5,212,2.914555953282627,4.664264528860342
2018-02-27 23:00:00,15.5,94,0.0,5.2,205,2.197614961051637,4.7128004925905795
2018-02-28 00:00:00,15.5,93,0.0,6.0,205,2.5357095704441965,5.437846722219899
2018-02-28 01:00:00,16.5,89,0.0,1.3,236,1.0777488443215542,0.726950774511971
2018-02-28 02:00:00,16.5,89,0.0,0.8,333,0.3631923997916375,-0.7128052193506943
2018-02-28 03:00:00,15.8,94,0.0,2.6,34,-1.453901549023941,-2.1554976886431088
2018-02-28 04:00:00,16.0,91,0.0,3.6,53,-2.875087836170254,-2.1665340833473743
2018-02-28 05:00:00,16.1,85,0.0,4.0,90,-4.0,4.898587196589413e-16
2018-02-28 06:00:00,17.7,71,0.0,2.7,67,-2.485363104321589,-1.0549740469210387
2018-02-28 07:00:00,16.6,85,0.0,1.4,360,8.572527594031472e-17,-1.4
2018-02-28 08:00:00,18.8,74,0.0,4.5,104,-4.366330768241984,1.0886485301985047
2018-02-28 09:00:00,21.6,64,0.0,4.1,218,2.524212048835199,3.23084408978756
2018-02-28 10:00:00,23.4,61,0.0,6.8,267,6.790680836331102,0.3558845024520181
2018-02-28 11:00:00,25.0,58,0.0,11.5,250,10.806465139037947,3.93323164824519
2018-02-28 12:00:00,26.2,54,0.0,13.1,249,12.229903587113343,4.694620139043433
2018-02-28 13:00:00,23.6,68,0.6,11.4,283,11.107818738551682,-2.5644420195200612
2018-02-28 14:00:00,20.4,87,1.5,7.6,357,0.3977532674463741,-7.589584464134761
2018-02-28 15:00:00,19.6,94,2.1,6.7,16,-1.8467702839738926,-6.440453362786737
2018-02-28 16:00:00,20.0,92,0.9,5.7,72,-5.421022142882376,-1.7613968679371996
2018-02-28 17:00:00,20.3,91,0.2,2.7,337,1.0549740469210391,-2.485363104321589
2018-02-28 18:00:00,19.4,96,0.0,4.8,42,-3.211826910522519,-3.567095162291493
2018-02-28 19:00:00,18.7,94,0.0,5.1,45,-3.606244584051393,-3.606244584051392
2018-02-28 20:00:00,18.1,88,0.0,10.1,55,-8.273435647318816,-5.793122007145566
2018-02-28 21:00:00,19.1,81,0.0,7.1,66,-6.486172749262466,-2.8878301658381815
2018-02-28 22:00:00,19.2,75,0.0,7.9,60,-6.841600689897065,-3.950000000000001
2018-02-28 23:00:00,21.8,61,0.0,2.6,74,-2.499280409439629,-0.7166571251241974
2018-03-01 00:00:00,20.8,64,0.0,2.3,342,0.7107390870623791,-2.1874299874788528
2018-03-01 01:00:00,16.1,84,0.0,6.7,36,-3.938161190359571,-5.420413862312147
2018-03-01 02:00:00,16.4,80,0.0,7.1,66,-6.486172749262466,-2.8878301658381815
2018-03-01 03:00:00,15.6,85,0.0,9.2,31,-4.738350289172501,-7.885939166459431
2018-03-01 04:00:00,15.4,88,0.0,8.0,36,-4.702282018339786,-6.472135954999579
2018-03-01 05:00:00,15.1,86,0.0,7.9,43,-5.387787044493739,-5.777694242791447
2018-03-01 06:00:00,17.0,77,0.0,6.0,17,-1.7542302283364226,-5.7378285357782115
2018-03-01 07:00:00,15.7,89,0.0,5.4,20,-1.8469087739586103,-5.074340152243906
2018-03-01 08:00:00,18.1,77,0.0,1.8,11,-0.3434561916777803,-1.7669289302057951
2018-03-01 09:00:00,19.8,74,0.0,1.6,297,1.4256104387013888,-0.7263847995832748
2018-03-01 10:00:00,21.6,68,0.0,2.2,279,2.1729143493093033,-0.34415582308850795
2018-03-01 11:00:00,23.3,62,0.0,4.0,260,3.939231012048832,0.6945927106677213
2018-03-01 12:00:00,24.5,58,0.0,5.2,258,5.08636752381579,1.0811407922523486
2018-03-01 13:00:00,25.2,55,0.0,6.2,260,6.10580806867569,1.0766187015349682
2018-03-01 14:00:00,25.7,55,0.0,7.6,275,7.571079705497266,-0.662383644882202
2018-03-01 15:00:00,24.9,61,0.0,9.3,298,8.211412613588022,-4.366085533908785
2018-03-01 16:00:00,23.5,69,0.0,7.9,321,4.971631089293717,-6.139453095510071
2018-03-01 17:00:00,22.1,75,0.0,5.7,325,3.269385687200963,-4.669166652447253
2018-03-01 18:00:00,19.7,88,0.0,4.7,293,4.32637281122647,-1.8364363038995868
2018-03-01 19:00:00,19.5,86,0.0,3.1,201,1.1109406435904312,2.8940993221413254
2018-03-01 20:00:00,18.6,91,0.0,6.2,159,-2.2218812871808615,5.788198644282651
2018-03-01 21:00:00,20.2,83,0.0,3.4,198,1.0506577808748212,3.233592155403522
2018-03-01 22:00:00,18.3,91,0.0,5.2,168,-1.0811407922523486,5.08636752381579
2018-03-01 23:00:00,18.4,92,0.0,5.0,180,3.061616997868383e-16,5.0
2018-03-02 00:00:00,18.2,92,0.0,4.7,171,-0.7352419856890848,4.6421352007971475
2018-03-02 01:00:00,18.9,87,0.0,4.6,198,1.4214781741247582,4.3748599749577055
2018-03-02 02:00:00,18.8,87,0.2,6.4,137,-4.364789504399989,4.6806636903626915
2018-03-02 03:00:00,19.8,80,0.1,3.1,201,1.1109406435904312,2.8940993221413254
2018-03-02 04:00:00,18.0,87,0.0,4.0,100,-3.939231012048832,0.6945927106677211
2018-03-02 05:00:00,19.6,78,0.0,0.8,117,-0.7128052193506943,0.36319239979163753
2018-03-02 06:00:00,17.3,86,0.0,5.1,94,-5.087576656325103,0.35575801609504015
2018-03-02 07:00:00,18.5,85,0.0,2.1,31,-1.0815799573111144,-1.8000513314744355
2018-03-02 08:00:00,19.8,79,0.0,3.8,17,-1.111012477946401,-3.633958072659534
2018-03-02 09:00:00,21.8,69,0.0,6.0,33,-3.267834210090162,-5.032023407672544
2018-03-02 10:00:00,23.5,60,0.0,6.5,6,-0.6794350112397468,-6.464392319893777
2018-03-02 11:00:00,24.5,57,0.0,5.9,14,-1.42733918403804,-5.7247447850283795
2018-03-02 12:00:00,25.9,55,0.0,4.0,5,-0.348622970990633,-3.984778792366982
2018-03-02 13:00:00,26.0,58,0.0,5.7,325,3.269385687200963,-4.669166652447253
2018-03-02 14:00:00,25.1,62,0.0,9.0,337,3.5165801564034633,-8.284543681071963
2018-03-02 15:00:00,24.3,66,0.0,8.1,13,-1.8221035401853085,-7.892397524760404
2018-03-02 16:00:00,23.9,67,0.0,7.3,20,-2.49674704627738,-6.859756131737131
2018-03-02 17:00:00,23.1,70,0.0,8.0,18,-2.4721359549995805,-7.608452130361228
2018-03-02 18:00:00,21.5,78,0.0,6.6,9,-1.0324674692655247,-6.5187430479279085
2018-03-02 19:00:00,19.9,87,0.0,4.6,45,-3.2526911934581193,-3.252691193458118
2018-03-02 20:00:00,20.0,87,0.0,5.0,360,3.061616997868383e-16,-5.0
2018-03-02 21:00:00,19.8,88,0.0,4.7,58,-3.9858260519352027,-2.4906205418960625
2018-03-02 22:00:00,19.9,86,0.0,4.1,15,-1.0611580849203346,-3.96029588778518
2018-03-02 23:00:00,19.7,87,0.0,1.6,27,-0.7263847995832751,-1.4256104387013886
2018-03-03 00:00:00,19.3,89,0.0,1.5,135,-1.0606601717798212,1.0606601717798214
2018-03-03 01:00:00,19.5,88,0.0,1.9,158,-0.7117525274902329,1.761649323676896
2018-03-03 02:00:00,18.5,93,0.0,3.4,148,-1.8017254983928963,2.8833635269318485
2018-03-03 03:00:00,19.9,85,0.0,3.7,241,3.2360929164157644,1.7937955949114472
2018-03-03 04:00:00,17.9,95,0.0,2.9,120,-2.511473670974872,1.4499999999999997
2018-03-03 05:00:00,19.5,83,0.0,1.4,90,-1.4,1.7145055188062944e-16
2018-03-03 06:00:00,19.8,81,0.0,0.7000000000000001,180,4.2862637970157366e-17,0.7000000000000001
2018-03-03 07:00:00,19.3,90,0.0,1.8,323,1.0832670416736871,-1.437543918085127
2018-03-03 08:00:00,20.4,80,0.0,1.8,37,-1.083267041673687,-1.437543918085127
2018-03-03 09:00:00,22.6,73,0.0,1.5,315,1.0606601717798214,-1.0606601717798212
2018-03-03 10:00:00,24.4,67,0.0,2.6,286,2.499280409439629,-0.7166571251241979
2018-03-03 11:00:00,26.1,63,0.0,4.0,280,3.939231012048832,-0.6945927106677213
2018-03-03 12:00:00,27.1,61,0.0,5.1,266,5.087576656325103,0.35575801609503904
2018-03-03 13:00:00,28.2,58,0.0,6.5,251,6.1458707413955596,2.1161930039715187
2018-03-03 14:00:00,28.9,56,0.0,7.4,241,6.472185832831529,3.5875911898228945
2018-03-03 15:00:00,29.4,52,0.0,9.2,222,6.156001578501495,6.836932394392027
2018-03-03 16:00:00,28.5,54,0.2,11.2,228,8.323222045346816,7.494262791219212
2018-03-03 17:00:00,27.2,61,0.0,7.1,246,6.486172749262466,2.8878301658381815
2018-03-03 18:00:00,23.3,79,0.0,7.2,267,7.190132650232932,0.37681888494919563
2018-03-03 19:00:00,24.2,73,0.0,2.0,45,-1.4142135623730954,-1.414213562373095
2018-03-03 20:00:00,21.9,87,0.0,4.2,70,-3.9467090073008158,-1.4364846019678084
2018-03-03 21:00:00,23.6,77,0.0,1.1,108,-1.0461621679246689,0.3399186938124423
2018-03-03 22:00:00,23.4,78,0.0,1.0,135,-0.7071067811865475,0.7071067811865476
2018-03-03 23:00:00,23.8,73,0.0,2.1,149,-1.081579957311114,1.800051331474436
2018-03-04 00:00:00,23.6,72,0.0,1.5,135,-1.0606601717798212,1.0606601717798214
2018-03-04 01:00:00,23.7,69,0.0,1.0,135,-0.7071067811865475,0.7071067811865476
2018-03-04 02:00:00,23.2,71,0.0,2.1,211,1.0815799573111138,1.800051331474436
2018-03-04 03:00:00,22.5,70,0.0,5.1,176,-0.35575801609503915,5.087576656325103
2018-03-04 04:00:00,23.2,62,0.0,5.0,201,1.791839747726502,4.667902132486009
2018-03-04 05:00:00,23.1,60,0.0,3.2,153,-1.4527695991665495,2.8512208774027776
2018-03-04 06:00:00,23.4,56,0.0,3.6,135,-2.545584412271571,2.5455844122715714
2018-03-04 07:00:00,24.1,53,0.0,2.5,172,-0.3479327524001634,2.475670171853926
2018-03-04 08:00:00,23.6,60,0.0,2.4,243,2.138415658052083,1.0895771993749122
2018-03-04 09:00:00,24.8,62,0.0,4.2,239,3.600102662948872,2.1631599146222276
2018-03-04 10:00:00,25.7,60,0.0,6.7,234,5.420413862312148,3.93816119035957
2018-03-04 11:00:00,26.1,60,0.0,7.6,225,5.374011537017761,5.37401153701776
2018-03-04 12:00:00,26.2,61,0.0,6.4,254,6.1520748540052415,1.7640790772287946
2018-03-04 13:00:00,25.0,69,0.0,6.1,332,2.863776532993934,-5.385980316439453
2018-03-04 14:00:00,25.2,69,0.0,6.8,328,3.603450996785793,-5.766727053863696
2018-03-04 15:00:00,25.5,69,0.0,4.8,312,3.5670951622914924,-3.2118269105225195
2018-03-04 16:00:00,25.4,70,0.0,2.3,108,-2.1874299874788528,0.7107390870623792
2018-03-04 17:00:00,25.7,69,0.0,6.3,211,3.244739871933341,5.400153994423308
2018-03-04 18:00:00,23.1,82,0.0,6.5,174,-0.6794350112397481,6.4643923198937765
2018-03-04 19:00:00,22.5,82,0.0,5.9,166,-1.42733918403804,5.7247447850283795
2018-03-04 20:00:00,21.3,88,0.0,2.3,129,-1.7874357113510329,1.4474368994146258
2018-03-04 21:00:00,22.4,80,0.0,5.6,165,-1.4493866525741166,5.4091846272187825
2018-03-04 22:00:00,23.0,73,0.0,6.8,183,0.35588450245201897,6.790680836331102
2018-03-04 23:00:00,21.9,79,0.0,7.9,227,5.777694242791447,5.387787044493738
2018-03-05 00:00:00,24.2,64,0.0,4.7,274,4.688551036221174,-0.3278554265973889
2018-03-05 01:00:00,20.6,94,0.0,0.8,63,-0.7128052193506944,-0.36319239979163737
2018-03-05 02:00:00,20.8,82,0.0,3.6,90,-3.6,4.4087284769304716e-16
2018-03-05 03:00:00,20.3,80,0.0,3.5,114,-3.197409101749103,1.4235782507653014
2018-03-05 04:00:00,21.2,69,0.0,4.8,132,-3.567095162291491,3.21182691052252
2018-03-05 05:00:00,20.8,74,0.0,6.2,170,-1.076618701534968,6.10580806867569
2018-03-05 06:00:00,20.6,81,0.0,7.1,165,-1.837615220227898,6.858073366652385
2018-03-05 07:00:00,23.3,70,0.0,1.5,104,-1.4554435894139948,0.3628828433995016
2018-03-05 08:00:00,23.8,79,0.0,1.3,34,-0.7269507745119705,-1.0777488443215544
2018-03-05 09:00:00,25.1,76,0.0,1.4,360,8.572527594031472e-17,-1.4
2018-03-05 10:00:00,26.4,75,0.0,2.5,278,2.475670171853926,-0.3479327524001636
2018-03-05 11:00:00,25.7,77,1.8,7.7,217,4.633975678270772,6.149493427364155
2018-03-05 12:00:00,26.4,73,0.4,6.9,227,5.046340541172277,4.70578868443124
2018-03-05 13:00:00,23.8,81,4.2,6.9,208,3.239353783222647,6.092338390726596
2018-03-05 14:00:00,25.6,74,0.0,4.0,360,2.4492935982947064e-16,-4.0
2018-03-05 15:00:00,26.0,73,0.0,3.8,17,-1.111012477946401,-3.633958072659534
2018-03-05 16:00:00,25.6,76,0.0,6.3,336,2.5624408513775414,-5.755336383148386
2018-03-05 17:00:00,25.2,76,0.0,5.8,22,-2.1727182418122912,-5.377666356487366
2018-03-05 18:00:00,23.4,86,0.0,5.1,4,-0.35575801609504043,-5.087576656325103
2018-03-05 19:00:00,21.9,93,0.0,6.8,3,-0.3558845024520213,-6.790680836331102
2018-03-05 20:00:00,22.6,77,0.0,18.8,357,0.9839159773673466,-18.77423525338599
2018-03-05 21:00:00,20.6,83,0.0,13.1,8,-1.8231676225768623,-12.97251170051457
2018-03-05 22:00:00,19.1,89,0.0,10.7,12,-2.2246550917500296,-10.46617932785172
2018-03-05 23:00:00,17.7,93,0.0,10.2,10,-1.7712114122026892,-10.045039080724521
2018-03-06 00:00:00,16.8,92,0.0,9.1,9,-1.4235536318661024,-8.987963899415753
2018-03-06 01:00:00,16.0,89,0.0,7.9,360,4.837354856632045e-16,-7.9
2018-03-06 02:00:00,15.9,86,0.0,6.1,360,3.735172737399427e-16,-6.1
2018-03-06 03:00:00,15.7,85,0.0,3.7,11,-0.7059932828932151,-3.632020578756357
2018-03-06 04:00:00,15.2,85,0.0,2.9,360,1.7757378587636622e-16,-2.9
2018-03-06 05:00:00,15.0,85,0.0,2.2,360,1.3471114790620887e-16,-2.2
2018-03-06 06:00:00,14.8,84,0.0,2.5,360,1.5308084989341916e-16,-2.5
2018-03-06 07:00:00,15.3,81,0.0,3.7,349,0.7059932828932162,-3.632020578756357
2018-03-06 08:00:00,16.6,81,0.0,1.5,315,1.0606601717798214,-1.0606601717798212
2018-03-06 09:00:00,18.2,80,0.0,3.3,276,3.2819222547153015,-0.3449439287832564
2018-03-06 10:00:00,20.3,77,0.0,4.8,222,3.2118269105225195,3.5670951622914924
2018-03-06 11:00:00,21.9,71,0.0,6.3,239,5.400153994423308,3.244739871933341
2018-03-06 12:00:00,22.9,68,0.0,5.6,255,5.4091846272187825,1.4493866525741161
2018-03-06 13:00:00,23.7,65,0.0,5.0,300,4.330127018922194,-2.4999999999999996
2018-03-06 14:00:00,24.1,63,0.0,7.1,336,2.8878301658381815,-6.486172749262466
2018-03-06 15:00:00,23.7,63,0.0,11.4,342,3.522793735874401,-10.84204428576475
2018-03-06 16:00:00,22.3,67,0.0,13.1,352,1.8231676225768576,-12.972511700514572
2018-03-06 17:00:00,21.0,70,0.0,10.4,358,0.36295476570601126,-10.393664600998596
2018-03-06 18:00:00,19.4,75,0.0,8.3,2,-0.28966582263075635,-8.294943864258496
2018-03-06 19:00:00,18.4,80,0.0,4.3,24,-1.7489675652259404,-3.928245467863184
2018-03-06 20:00:00,18.0,82,0.0,3.0,346,0.725765686799003,-2.9108871788279895
2018-03-06 21:00:00,17.4,81,0.0,1.9,22,-0.7117525274902333,-1.7616493236768958
2018-03-06 22:00:00,17.4,82,0.0,0.5,315,0.3535533905932738,-0.35355339059327373
2018-03-06 23:00:00,17.2,83,0.0,2.3,321,1.447436899414626,-1.7874357113510329
2018-03-07 00:00:00,17.0,83,0.0,1.6,333,0.726384799583275,-1.4256104387013886
2018-03-07 01:00:00,16.8,84,0.0,2.4,333,1.0895771993749124,-2.138415658052083
2018-03-07 02:00:00,16.9,85,0.1,1.5,45,-1.0606601717798214,-1.0606601717798212
2018-03-07 03:00:00,17.1,86,0.2,1.3,326,0.7269507745119709,-1.0777488443215544
2018-03-07 04:00:00,16.9,89,0.4,0.5,315,0.3535533905932738,-0.35355339059327373
2018-03-07 05:00:00,16.3,94,0.3,1.8,323,1.0832670416736871,-1.437543918085127
2018-03-07 06:00:00,16.0,97,0.1,3.1,21,-1.1109406435904323,-2.894099322141325
2018-03-07 07:00:00,16.5,95,0.0,4.5,14,-1.088648530198505,-4.366330768241984
2018-03-07 08:00:00,18.7,90,0.0,1.1,198,0.3399186938124422,1.0461621679246689
2018-03-07 09:00:00,20.5,82,0.0,6.3,239,5.400153994423308,3.244739871933341
2018-03-07 10:00:00,21.3,77,0.0,10.7,225,7.566042558696059,7.566042558696057
2018-03-07 11:00:00,22.2,72,0.0,14.4,212,7.630837404958151,12.211892584652533
2018-03-07 12:00:00,22.7,70,0.0,16.4,206,7.18928680734087,14.740222359306339
2018-03-07 13:00:00,23.9,65,0.2,14.6,200,4.993494092554765,13.719512263474261
2018-03-07 14:00:00,24.7,60,0.0,13.0,208,6.103130316216581,11.47831870716605
2018-03-07 15:00:00,24.6,60,0.0,11.3,217,6.800509761618147,9.02458126353441
2018-03-07 16:00:00,23.6,65,0.0,9.9,251,9.360633898433237,3.2231247291258516
2018-03-07 17:00:00,21.6,75,0.0,7.4,299,6.472185832831529,-3.5875911898228945
2018-03-07 18:00:00,19.4,85,0.0,5.9,346,1.4273391840380394,-5.7247447850283795
2018-03-07 19:00:00,18.6,88,0.0,6.3,13,-1.417191642366351,-6.1385314081469815
2018-03-07 20:00:00,17.4,87,0.0,12.8,22,-4.794964395723677,-11.867953338454878
2018-03-07 21:00:00,17.5,87,0.0,8.0,18,-2.4721359549995805,-7.608452130361228
2018-03-07 22:00:00,15.7,96,0.0,5.2,12,-1.0811407922523508,-5.086367523815789
2018-03-07 23:00:00,15.4,97,0.0,4.0,360,2.4492935982947064e-16,-4.0
2018-03-08 00:00:00,15.4,96,0.0,5.8,360,3.5514757175273243e-16,-5.8
2018-03-08 01:00:00,15.3,96,0.0,7.5,35,-4.301823272632848,-6.143640332167437
2018-03-08 02:00:00,15.6,95,0.0,7.5,17,-2.192787785420528,-7.172285669722765
2018-03-08 03:00:00,15.3,97,0.0,7.9,16,-2.1775351109542913,-7.593967397912721
2018-03-08 04:00:00,15.3,97,0.2,8.7,30,-4.350000000000003,-7.534421012924613
2018-03-08 05:00:00,15.3,97,0.4,11.4,11,-2.1752225472926088,-11.19054989130337
2018-03-08 06:00:00,14.9,98,0.1,13.7,2,-0.4781231048242604,-13.691654330161612
2018-03-08 07:00:00,14.8,97,0.6,10.9,9,-1.7051356689385184,-10.765802912487
2018-03-08 08:00:00,14.7,95,0.1,18.3,344,5.044163611451085,-17.591089035671235
2018-03-08 09:00:00,13.9,96,0.2,18.1,13,-4.071614083623961,-17.63609817261276
2018-03-08 10:00:00,14.3,91,0.3,16.7,14,-4.040095656514452,-16.20393862880914
2018-03-08 11:00:00,13.9,93,0.5,14.8,359,0.2582956152717973,-14.79774588831459
2018-03-08 12:00:00,13.7,88,0.4,15.8,359,0.27574802170908086,-15.797593583470983
2018-03-08 13:00:00,13.3,83,0.1,16.9,1,-0.2949456687900911,-16.89742604814301
2018-03-08 14:00:00,12.8,86,0.4,15.3,15,-3.959931390068566,-14.778665142222746
2018-03-08 15:00:00,13.0,91,0.4,12.6,2,-0.4397336584515096,-12.592324420440606
2018-03-08 16:00:00,12.4,88,0.1,16.8,351,2.6280990126758796,-16.593164121998313
2018-03-08 17:00:00,11.6,86,0.0,15.2,7,-1.8524140197582368,-15.086701504948095
2018-03-08 18:00:00,10.9,93,0.5,15.2,4,-1.0602984009107088,-15.162973563949327
2018-03-08 19:00:00,10.4,94,0.5,14.0,12,-2.910763671448637,-13.694066410273278
2018-03-08 20:00:00,10.2,89,0.3,15.6,7,-1.901161757120296,-15.483719965604624
2018-03-08 21:00:00,10.1,92,0.7000000000000001,12.5,12,-2.5988961352219975,-12.22684500917257
2018-03-08 22:00:00,9.8,93,1.0,11.2,6,-1.1707187885977175,-11.13864522812466
2018-03-08 23:00:00,9.8,95,1.0,10.8,358,0.3769145643870117,-10.793420931806235
2018-03-09 00:00:00,9.4,96,0.6,11.3,7,-1.3771235804781632,-11.21577151354694
2018-03-09 01:00:00,9.4,94,0.0,9.7,345,2.510544737494451,-9.369480515003962
2018-03-09 02:00:00,9.0,93,0.7000000000000001,9.7,358,0.33852511801426044,-9.694091022085228
2018-03-09 03:00:00,9.3,92,0.0,8.0,355,0.6972459419812651,-7.969557584733964
2018-03-09 04:00:00,8.4,92,0.0,8.7,353,1.060263287624783,-8.6351515192795
2018-03-09 05:00:00,8.2,91,0.0,6.9,351,1.0793978087775935,-6.815049550106451
2018-03-09 06:00:00,8.2,89,0.0,7.8,347,1.7546182238821464,-7.6000865053248345
2018-03-09 07:00:00,8.5,89,0.0,7.2,6,-0.7526049355271042,-7.160557646651569
2018-03-09 08:00:00,9.4,84,0.0,2.9,353,0.3534210958749277,-2.8783838397598336
2018-03-09 09:00:00,10.9,85,0.0,1.1,342,0.3399186938124422,-1.0461621679246689
2018-03-09 10:00:00,12.1,82,0.0,2.3,231,1.7874357113510329,1.4474368994146258
2018-03-09 11:00:00,13.2,78,0.0,3.2,270,3.2,0.0
2018-03-09 12:00:00,13.7,75,0.0,5.1,352,0.7097828148963339,-5.050367150582009
2018-03-09 13:00:00,14.4,70,0.0,8.0,5,-0.697245941981266,-7.969557584733964
2018-03-09 14:00:00,14.6,65,0.0,11.3,7,-1.3771235804781632,-11.21577151354694
2018-03-09 15:00:00,14.6,62,0.0,12.2,360,7.470345474798854e-16,-12.2
2018-03-09 16:00:00,14.2,61,0.0,12.6,360,7.715274834628325e-16,-12.6
2018-03-09 17:00:00,13.5,61,0.0,11.2,360,6.858022075225178e-16,-11.2
2018-03-09 18:00:00,12.6,62,0.0,9.0,355,0.7844016847289232,-8.96575228282571
2018-03-09 19:00:00,12.0,62,0.0,6.5,357,0.3401837155791358,-6.49109197590473
2018-03-09 20:00:00,11.8,64,0.0,4.7,9,-0.7352419856890859,-4.6421352007971475
2018-03-09 21:00:00,11.9,65,0.1,4.0,27,-1.8159619989581877,-3.564026096753471
2018-03-09 22:00:00,12.3,65,0.0,3.2,27,-1.4527695991665501,-2.851220877402777
2018-03-09 23:00:00,12.6,65,0.0,5.0,21,-1.7918397477265036,-4.667902132486008
2018-03-10 00:00:00,12.5,67,0.0,5.4,20,-1.8469087739586103,-5.074340152243906
2018-03-10 01:00:00,12.4,67,0.0,4.6,18,-1.4214781741247586,-4.3748599749577055
2018-03-10 02:00:00,12.5,69,0.0,4.4,35,-2.523736319944604,-3.604268994871563
2018-03-10 03:00:00,12.6,71,0.0,4.2,31,-2.163159914622229,-3.600102662948871
2018-03-10 04:00:00,12.0,75,0.0,4.2,20,-1.436484601967808,-3.9467090073008158
2018-03-10 05:00:00,10.9,82,0.0,5.1,39,-3.2095339943541727,-3.96344440343055
2018-03-10 06:00:00,11.0,84,0.0,4.8,48,-3.5670951622914924,-3.2118269105225195
2018-03-10 07:00:00,12.2,78,0.0,3.3,41,-2.1649947956686737,-2.4905416147351476
2018-03-10 08:00:00,13.7,76,0.0,2.5,8,-0.3479327524001646,-2.475670171853926
2018-03-10 09:00:00,15.7,72,0.0,2.6,326,1.4539015490239418,-2.1554976886431088
2018-03-10 10:00:00,17.2,65,0.0,3.4,302,2.883363526931848,-1.8017254983928965
2018-03-10 11:00:00,18.2,59,0.0,4.1,322,2.524212048835199,-3.23084408978756
2018-03-10 12:00:00,19.0,56,0.0,2.2,9,-0.3441558230885083,-2.172914349309303
2018-03-10 13:00:00,19.8,53,0.0,1.3,34,-0.7269507745119705,-1.0777488443215544
2018-03-10 14:00:00,20.4,49,0.0,3.1,45,-2.192031021678298,-2.192031021678297
2018-03-10 15:00:00,20.5,48,0.0,5.4,8,-0.7515347451843555,-5.34744757120448
2018-03-10 16:00:00,19.9,49,0.0,10.9,351,1.705135668938517,-10.765802912487002
2018-03-10 17:00:00,18.5,57,0.0,10.4,346,2.515987714236544,-10.091075553270363
2018-03-10 18:00:00,16.0,67,0.0,8.0,5,-0.697245941981266,-7.969557584733964
2018-03-10 19:00:00,14.0,75,0.0,6.9,43,-4.705788684431241,-5.046340541172277
2018-03-10 20:00:00,15.5,66,0.0,1.6,117,-1.4256104387013886,0.7263847995832751
2018-03-10 21:00:00,15.5,67,0.0,4.9,216,2.8801477362331185,3.9641832724372428
2018-03-10 22:00:00,15.2,69,0.0,4.7,176,-0.3278554265973891,4.688551036221174
2018-03-10 23:00:00,15.9,66,0.0,2.3,129,-1.7874357113510329,1.4474368994146258
2018-03-11 00:00:00,15.5,68,0.0,1.5,104,-1.4554435894139948,0.3628828433995016
2018-03-11 01:00:00,15.6,67,0.0,1.1,108,-1.0461621679246689,0.3399186938124423
2018-03-11 02:00:00,15.6,67,0.0,1.6,117,-1.4256104387013886,0.7263847995832751
2018-03-11 03:00:00,14.6,71,0.0,2.4,117,-2.138415658052083,1.0895771993749124
2018-03-11 04:00:00,15.3,67,0.0,3.1,135,-2.192031021678297,2.1920310216782974
2018-03-11 05:00:00,15.2,66,0.0,4.2,149,-2.163159914622228,3.600102662948872
2018-03-11 06:00:00,14.5,69,0.0,4.8,153,-2.179154398749824,4.276831316104166
2018-03-11 07:00:00,14.7,76,0.0,3.5,156,-1.423578250765301,3.197409101749103
2018-03-11 08:00:00,16.9,64,0.0,4.7,212,2.490620541896063,3.9858260519352022
2018-03-11 09:00:00,18.2,61,0.0,6.9,227,5.046340541172277,4.70578868443124
2018-03-11 10:00:00,19.4,56,0.0,8.2,232,6.461688179575119,5.048424097670398
2018-03-11 11:00:00,20.5,51,0.0,8.6,237,7.212566884330647,4.683895701129233
2018-03-11 12:00:00,21.4,47,0.0,8.7,240,7.534421012924616,4.349999999999999
2018-03-11 13:00:00,21.8,45,0.0,7.9,240,6.841600689897066,3.9499999999999997
2018-03-11 14:00:00,22.8,41,0.0,7.2,233,5.750175672340508,4.333068166694748
2018-03-11 15:00:00,22.5,41,0.0,9.8,276,9.746314574609078,-1.0243789400230041
2018-03-11 16:00:00,20.1,58,0.0,13.3,327,7.24369916569986,-11.154318553674141
2018-03-11 17:00:00,19.1,60,0.0,7.2,18,-2.2249223594996224,-6.8476069173251055
2018-03-11 18:00:00,18.1,65,0.0,4.1,45,-2.8991378028648453,-2.8991378028648445
2018-03-11 19:00:00,18.1,62,0.0,3.8,41,-2.4930243101639276,-2.8678964048465336
2018-03-11 20:00:00,17.8,61,0.0,4.2,59,-3.600102662948872,-2.1631599146222276
2018-03-11 21:00:00,15.6,73,0.0,3.4,122,-2.883363526931848,1.8017254983928965
2018-03-11 22:00:00,14.9,76,0.0,3.9,146,-2.180852323535912,3.233246532964663
2018-03-11 23:00:00,14.3,78,0.0,5.4,160,-1.8469087739586112,5.074340152243906
2018-03-12 00:00:00,14.2,77,0.0,4.4,145,-2.5237363199446032,3.6042689948715636
2018-03-12 01:00:00,13.6,78,0.0,3.6,127,-2.8750878361702545,2.1665340833473734
2018-03-12 02:00:00,13.7,76,0.0,4.1,135,-2.8991378028648445,2.899137802864845
2018-03-12 03:00:00,13.5,73,0.0,3.8,139,-2.493024310163927,2.867896404846534
2018-03-12 04:00:00,13.6,71,0.0,4.2,149,-2.163159914622228,3.600102662948872
2018-03-12 05:00:00,13.3,69,0.0,4.7,157,-1.8364363038995868,4.326372811226469
2018-03-12 06:00:00,13.3,68,0.0,5.2,155,-2.1976149610516367,4.71280049259058
2018-03-12 07:00:00,14.6,67,0.0,4.1,165,-1.0611580849203355,3.96029588778518
2018-03-12 08:00:00,16.3,63,0.0,4.7,203,1.8364363038995866,4.32637281122647
2018-03-12 09:00:00,18.1,63,0.0,4.3,228,3.195522749552795,2.8772616073430903
2018-03-12 10:00:00,19.6,60,0.0,5.6,255,5.4091846272187825,1.4493866525741161
2018-03-12 11:00:00,20.7,57,0.0,6.7,254,6.440453362786736,1.8467702839738944
2018-03-12 12:00:00,21.6,53,0.0,6.2,260,6.10580806867569,1.0766187015349682
2018-03-12 13:00:00,22.3,47,0.0,4.4,261,4.3458286986186065,0.6883116461770159
2018-03-12 14:00:00,22.5,45,0.0,4.5,299,3.935788682127281,-2.1816432911085166
2018-03-12 15:00:00,22.4,47,0.0,5.6,320,3.5996106142446203,-4.289848881466277
2018-03-12 16:00:00,21.2,60,0.0,10.5,329,5.407899786555569,-9.00025665737218
2018-03-12 17:00:00,19.9,66,0.0,7.6,335,3.211898789229316,-6.887939181478539
2018-03-12 18:00:00,17.0,82,0.0,6.3,336,2.5624408513775414,-5.755336383148386
2018-03-12 19:00:00,15.6,88,0.0,6.4,27,-2.9055391983331003,-5.702441754805554
2018-03-12 20:00:00,15.4,88,0.0,6.6,61,-5.772490067120012,-3.1997434936258236
2018-03-12 21:00:00,14.9,89,0.0,4.7,94,-4.688551036221174,0.32785542659739
2018-03-12 22:00:00,15.8,81,0.0,4.5,151,-2.1816432911085166,3.9357886821272814
2018-03-12 23:00:00,16.5,78,0.0,5.2,164,-1.433314250248395,4.998560818879258
2018-03-13 00:00:00,16.2,78,0.0,5.1,129,-3.963444403430551,3.2095339943541705
2018-03-13 01:00:00,17.2,72,0.0,4.8,138,-3.2118269105225195,3.5670951622914924
2018-03-13 02:00:00,17.2,69,0.0,4.6,141,-2.894873798829251,3.5748714227020666
2018-03-13 03:00:00,18.0,62,0.0,4.2,149,-2.163159914622228,3.600102662948872
2018-03-13 04:00:00,17.8,60,0.0,3.4,162,-1.050657780874821,3.2335921554035223
2018-03-13 05:00:00,17.0,60,0.0,2.3,162,-0.7107390870623789,2.187429987478853
2018-03-13 06:00:00,13.0,75,0.0,3.4,122,-2.883363526931848,1.8017254983928965
2018-03-13 07:00:00,14.8,72,0.0,2.1,121,-1.8000513314744357,1.0815799573111142
2018-03-13 08:00:00,17.2,60,0.0,2.6,74,-2.499280409439629,-0.7166571251241974
2018-03-13 09:00:00,19.4,47,0.0,0.8,333,0.3631923997916375,-0.7128052193506943
2018-03-13 10:00:00,20.8,43,0.0,1.5,284,1.4554435894139948,-0.3628828433995016
2018-03-13 11:00:00,22.0,41,0.0,3.1,234,2.5079526825623373,1.8221342821066668
2018-03-13 12:00:00,22.9,38,0.0,2.1,239,1.800051331474436,1.0815799573111138
2018-03-13 13:00:00,23.6,36,0.0,1.4,270,1.4,0.0
2018-03-13 14:00:00,24.0,36,0.0,2.3,321,1.447436899414626,-1.7874357113510329
2018-03-13 15:00:00,23.9,40,0.0,5.1,315,3.6062445840513924,-3.606244584051392
2018-03-13 16:00:00,22.9,47,0.0,8.2,319,5.379684037722159,-6.18861855782673
2018-03-13 17:00:00,21.2,52,0.0,8.2,319,5.379684037722159,-6.18861855782673
2018-03-13 18:00:00,19.9,57,0.0,5.2,335,2.197614961051637,-4.7128004925905795
2018-03-13 19:00:00,19.2,61,0.0,3.9,22,-1.460965714322058,-3.6160170328104706
2018-03-13 20:00:00,16.7,75,0.0,4.3,85,-4.283637201794505,-0.37476969381492914
2018-03-13 21:00:00,17.1,71,0.0,2.4,117,-2.138415658052083,1.0895771993749124
2018-03-13 22:00:00,17.5,68,0.0,4.3,132,-3.195522749552794,2.8772616073430908
2018-03-13 23:00:00,19.4,56,0.0,1.8,101,-1.7669289302057951,0.34345619167778096
2018-03-14 00:00:00,17.4,63,0.0,4.8,103,-4.6769763109691285,1.079765060850553
2018-03-14 01:00:00,18.2,57,0.0,3.3,103,-3.215421213791276,0.7423384793347552
2018-03-14 02:00:00,18.0,53,0.0,3.2,117,-2.851220877402777,1.4527695991665501
2018-03-14 03:00:00,20.5,41,0.0,2.5,90,-2.5,3.061616997868383e-16
2018-03-14 04:00:00,18.6,46,0.0,4.7,81,-4.6421352007971475,-0.7352419856890845
2018-03-14 05:00:00,19.1,45,0.0,5.2,65,-4.71280049259058,-2.1976149610516362
2018-03-14 06:00:00,15.8,60,0.0,7.7,79,-7.558529312547013,-1.4692292643993945
2018-03-14 07:00:00,17.9,63,0.0,5.5,58,-4.664264528860343,-2.914555953282626
2018-03-14 08:00:00,19.8,57,0.0,3.6,360,2.2043642384652358e-16,-3.6
2018-03-14 09:00:00,21.0,52,0.0,3.7,11,-0.7059932828932151,-3.632020578756357
2018-03-14 10:00:00,22.4,45,0.0,4.7,9,-0.7352419856890859,-4.6421352007971475
2018-03-14 11:00:00,23.9,38,0.0,4.6,18,-1.4214781741247586,-4.3748599749577055
2018-03-14 12:00:00,24.5,37,0.0,3.6,360,2.2043642384652358e-16,-3.6
2018-03-14 13:00:00,25.2,37,0.0,3.1,36,-1.822134282106667,-2.507952682562337
2018-03-14 14:00:00,25.0,39,0.0,3.7,11,-0.7059932828932151,-3.632020578756357
2018-03-14 15:00:00,24.8,41,0.0,4.0,360,2.4492935982947064e-16,-4.0
2018-03-14 16:00:00,23.5,47,0.0,7.4,331,3.587591189822895,-6.472185832831529
2018-03-14 17:00:00,21.9,51,0.0,7.2,6,-0.7526049355271042,-7.160557646651569
2018-03-14 18:00:00,19.7,58,0.0,4.8,48,-3.5670951622914924,-3.2118269105225195
2018-03-14 19:00:00,18.4,64,0.0,5.5,79,-5.3989495089621515,-1.049449474570996
2018-03-14 20:00:00,18.8,66,0.0,5.1,98,-5.050367150582009,0.7097828148963331
2018-03-14 21:00:00,20.0,60,0.0,7.9,177,-0.41345405431925636,7.889173324561134
2018-03-14 22:00:00,19.7,60,0.0,8.4,187,1.023702484603239,8.337387673787106
2018-03-14 23:00:00,18.6,65,0.0,7.3,200,2.4967470462773824,6.8597561317371305
2018-03-15 00:00:00,20.2,57,0.0,3.2,333,1.45276959916655,-2.851220877402777
2018-03-15 01:00:00,17.1,71,0.0,6.1,93,-6.0916401620029,0.3192493330819572
2018-03-15 02:00:00,16.6,73,0.0,5.4,110,-5.074340152243905,1.846908773958612
2018-03-15 03:00:00,18.6,63,0.0,5.0,90,-5.0,6.123233995736766e-16
2018-03-15 04:00:00,20.8,53,0.0,3.4,58,-2.8833635269318485,-1.8017254983928963
2018-03-15 05:00:00,19.3,59,0.0,5.9,349,1.125773072721615,-5.791600382341218
2018-03-15 06:00:00,15.0,79,0.0,8.1,58,-6.869189578867051,-4.292346040288959
2018-03-15 07:00:00,17.7,72,0.0,3.3,77,-3.2154212137912763,-0.7423384793347544
2018-03-15 08:00:00,21.0,57,0.0,0.8,333,0.3631923997916375,-0.7128052193506943
2018-03-15 09:00:00,22.1,56,0.0,2.6,344,0.7166571251241979,-2.499280409439629
2018-03-15 10:00:00,23.6,50,0.0,3.7,299,3.2360929164157644,-1.7937955949114472
2018-03-15 11:00:00,24.9,45,0.0,3.2,270,3.2,0.0
2018-03-15 12:00:00,25.4,44,0.0,3.5,294,3.197409101749103,-1.4235782507653008
2018-03-15 13:00:00,25.8,46,0.0,5.8,292,5.377666356487367,-2.1727182418122895
2018-03-15 14:00:00,25.1,50,0.0,10.0,334,4.383711467890775,-8.98794046299167
2018-03-15 15:00:00,22.4,60,0.0,17.7,347,3.9816336618864088,-17.246350146698664
2018-03-15 16:00:00,20.3,73,0.1,13.8,15,-3.571702822414785,-13.329776402789143
2018-03-15 17:00:00,18.9,89,2.7,3.9,338,1.4609657143220567,-3.616017032810471
2018-03-15 18:00:00,18.8,90,2.2,10.2,51,-7.926888806861101,-6.419067988708343
2018-03-15 19:00:00,18.9,90,0.9,7.2,18,-2.2249223594996224,-6.8476069173251055
2018-03-15 20:00:00,17.5,97,1.6,14.2,16,-3.914050452601384,-13.649916082324129
2018-03-15 21:00:00,17.1,98,1.6,10.8,2,-0.37691456438700827,-10.793420931806235
2018-03-15 22:00:00,17.9,92,5.7,17.1,82,-16.933583975480854,-2.379860026417121
2018-03-15 23:00:00,19.0,85,2.5,5.9,79,-5.791600382341218,-1.125773072721614
2018-03-16 00:00:00,18.9,85,0.2,4.7,122,-3.9858260519352022,2.490620541896063
2018-03-16 01:00:00,19.4,76,0.0,4.6,135,-3.252691193458118,3.2526911934581184
2018-03-16 02:00:00,19.4,71,0.0,5.3,152,-2.4881992827652217,4.679622242152313
2018-03-16 03:00:00,19.5,65,0.0,6.8,148,-3.6034509967857926,5.766727053863697
2018-03-16 04:00:00,23.3,43,0.0,4.2,149,-2.163159914622228,3.600102662948872
2018-03-16 05:00:00,21.1,54,0.0,5.5,328,2.914555953282627,-4.664264528860342
2018-03-16 06:00:00,17.6,83,0.0,5.4,352,0.7515347451843536,-5.34744757120448
2018-03-16 07:00:00,18.5,81,0.0,7.3,70,-6.859756131737131,-2.496747046277381
2018-03-16 08:00:00,20.1,79,0.0,6.8,32,-3.603450996785794,-5.766727053863696
2018-03-16 09:00:00,22.3,68,0.0,8.9,21,-3.1894747509531767,-8.308865795825096
2018-03-16 10:00:00,23.3,64,0.0,11.5,346,2.782101799396178,-11.15840085217396
2018-03-16 11:00:00,23.5,66,0.0,11.5,4,-0.8021994480574441,-11.471986577987979
2018-03-16 12:00:00,24.7,60,0.0,8.4,10,-1.458644692402215,-8.272385125302547
2018-03-16 13:00:00,24.2,61,0.4,10.9,343,3.186851581477831,-10.423721839997087
2018-03-16 14:00:00,24.7,61,0.0,10.4,358,0.36295476570601126,-10.393664600998596
2018-03-16 15:00:00,23.1,65,0.2,11.8,38,-7.264805408842766,-9.298526892559321
2018-03-16 16:00:00,23.8,62,0.0,9.4,18,-2.904759747124507,-8.939931253174443
2018-03-16 17:00:00,22.6,71,0.0,10.4,34,-5.815606196095764,-8.621990754572435
2018-03-16 18:00:00,20.7,81,0.0,7.6,355,0.6623836448822018,-7.571079705497266
2018-03-16 19:00:00,19.2,88,0.0,7.8,13,-1.7546182238821488,-7.600086505324834
2018-03-16 20:00:00,18.1,92,0.0,5.9,14,-1.42733918403804,-5.7247447850283795
2018-03-16 21:00:00,17.1,94,0.0,6.1,360,3.735172737399427e-16,-6.1
2018-03-16 22:00:00,17.7,91,0.0,2.8,320,1.7998053071223101,-2.1449244407331385
2018-03-16 23:00:00,15.5,97,0.0,5.1,321,3.209533994354171,-3.963444403430551
2018-03-17 00:00:00,16.0,96,0.0,2.9,353,0.3534210958749277,-2.8783838397598336
2018-03-17 01:00:00,15.9,95,0.0,1.9,22,-0.7117525274902333,-1.7616493236768958
2018-03-17 02:00:00,15.7,95,0.0,1.8,37,-1.083267041673687,-1.437543918085127
2018-03-17 03:00:00,15.9,93,0.0,0.4,90,-0.4,4.898587196589413e-17
2018-03-17 04:00:00,15.2,96,0.0,2.9,7,-0.35342109587492676,-2.878383839759834
2018-03-17 05:00:00,14.4,96,0.0,4.6,39,-2.894873798829254,-3.5748714227020644
2018-03-17 06:00:00,14.4,94,0.0,6.5,34,-3.6347538725598527,-5.388744221607772
2018-03-17 07:00:00,16.4,86,0.0,5.0,30,-2.500000000000002,-4.330127018922192
2018-03-17 08:00:00,18.1,80,0.0,4.0,355,0.34862297099063255,-3.984778792366982
2018-03-17 09:00:00,19.9,76,0.0,5.1,352,0.7097828148963339,-5.050367150582009
2018-03-17 10:00:00,21.6,73,0.0,4.7,351,0.7352419856890854,-4.6421352007971475
2018-03-17 11:00:00,23.0,70,0.0,4.3,318,2.8772616073430903,-3.195522749552795
2018-03-17 12:00:00,24.1,66,0.0,4.5,299,3.935788682127281,-2.1816432911085166
2018-03-17 13:00:00,24.6,65,0.0,4.8,333,2.1791543987498248,-4.276831316104166
2018-03-17 14:00:00,24.6,67,0.1,6.5,3,-0.340183715579138,-6.49109197590473
2018-03-17 15:00:00,24.6,67,0.2,8.6,358,0.3001356716415093,-8.594761112364223
2018-03-17 16:00:00,24.1,66,0.1,10.3,348,2.1414904154229224,-10.074920287558198
2018-03-17 17:00:00,22.7,72,0.0,10.6,332,4.976398565530443,-9.359244484304625
2018-03-17 18:00:00,20.2,84,0.0,4.3,312,3.195522749552795,-2.8772616073430903
2018-03-17 19:00:00,19.6,85,0.0,0.5,135,-0.35355339059327373,0.3535533905932738
2018-03-17 20:00:00,18.8,89,0.0,4.9,253,4.685893304218874,1.4326213531414103
2018-03-17 21:00:00,18.3,91,0.0,2.6,286,2.499280409439629,-0.7166571251241979
2018-03-17 22:00:00,18.1,92,0.0,1.6,117,-1.4256104387013886,0.7263847995832751
2018-03-17 23:00:00,18.2,90,0.0,3.1,234,2.5079526825623373,1.8221342821066668
2018-03-18 00:00:00,17.9,92,0.0,2.4,153,-1.089577199374912,2.138415658052083
2018-03-18 01:00:00,18.3,88,0.0,0.7000000000000001,90,-0.7000000000000001,8.572527594031473e-17
2018-03-18 02:00:00,17.6,92,0.0,1.9,22,-0.7117525274902333,-1.7616493236768958
2018-03-18 03:00:00,17.2,89,0.0,3.8,131,-2.8678964048465336,2.4930243101639276
2018-03-18 04:00:00,18.1,86,0.0,1.6,243,1.4256104387013888,0.7263847995832748
2018-03-18 05:00:00,16.8,91,0.0,4.2,110,-3.9467090073008153,1.4364846019678092
2018-03-18 06:00:00,18.2,82,0.0,2.6,56,-2.1554976886431088,-1.4539015490239415
2018-03-18 07:00:00,18.1,85,0.0,1.6,63,-1.4256104387013888,-0.7263847995832747
2018-03-18 08:00:00,18.9,87,0.0,1.3,326,0.7269507745119709,-1.0777488443215544
2018-03-18 09:00:00,20.8,79,0.0,1.9,292,1.761649323676896,-0.7117525274902328
2018-03-18 10:00:00,22.4,70,0.0,4.7,261,4.6421352007971475,0.7352419856890852
2018-03-18 11:00:00,23.5,65,0.0,5.7,252,5.421022142882375,1.7613968679372003
2018-03-18 12:00:00,24.7,61,0.0,4.7,212,2.490620541896063,3.9858260519352022
2018-03-18 13:00:00,25.6,59,0.0,3.8,221,2.4930243101639276,2.8678964048465336
2018-03-18 14:00:00,25.0,61,0.0,6.9,317,4.70578868443124,-5.046340541172277
2018-03-18 15:00:00,24.7,64,0.0,4.2,340,1.436484601967809,-3.9467090073008153
2018-03-18 16:00:00,24.4,66,0.0,3.2,360,1.9594348786357652e-16,-3.2
2018-03-18 17:00:00,23.6,69,0.0,5.4,352,0.7515347451843536,-5.34744757120448
2018-03-18 18:00:00,21.1,81,0.0,4.7,360,2.8779199779962803e-16,-4.7
2018-03-18 19:00:00,20.0,86,0.0,4.7,360,2.8779199779962803e-16,-4.7
2018-03-18 20:00:00,19.1,91,0.0,6.9,47,-5.0463405411722775,-4.705788684431239
2018-03-18 21:00:00,20.2,84,0.0,4.6,39,-2.894873798829254,-3.5748714227020644
2018-03-18 22:00:00,20.3,83,0.0,0.8,297,0.7128052193506944,-0.3631923997916374
2018-03-18 23:00:00,19.8,85,0.0,2.9,173,-0.35342109587492737,2.878383839759834
2018-03-19 00:00:00,19.7,85,0.0,3.4,212,1.8017254983928965,2.883363526931848
2018-03-19 01:00:00,19.0,87,0.0,5.1,141,-3.20953399435417,3.963444403430552
2018-03-19 02:00:00,19.1,85,0.0,4.3,114,-3.9282454678631833,1.7489675652259418
2018-03-19 03:00:00,18.9,84,0.0,5.2,106,-4.998560818879258,1.433314250248396
2018-03-19 04:00:00,20.3,78,0.0,2.8,50,-2.1449244407331385,-1.7998053071223097
2018-03-19 05:00:00,19.3,82,0.0,5.5,79,-5.3989495089621515,-1.049449474570996
2018-03-19 06:00:00,16.7,89,0.0,7.9,93,-7.889173324561134,0.4134540543192561
2018-03-19 07:00:00,19.6,84,0.0,2.9,97,-2.8783838397598336,0.35342109587492787
2018-03-19 08:00:00,21.7,72,0.0,2.5,172,-0.3479327524001634,2.475670171853926
2018-03-19 09:00:00,23.2,65,0.0,3.1,201,1.1109406435904312,2.8940993221413254
2018-03-19 10:00:00,24.4,63,0.0,5.3,208,2.4881992827652213,4.679622242152313
2018-03-19 11:00:00,25.6,59,0.0,7.7,229,5.811263767715345,5.051654523226906
2018-03-19 12:00:00,26.8,55,0.0,7.4,209,3.587591189822895,6.472185832831529
2018-03-19 13:00:00,28.0,51,0.0,8.0,198,2.4721359549995796,7.608452130361228
2018-03-19 14:00:00,27.9,49,0.0,12.8,248,11.86795333845488,4.794964395723674
2018-03-19 15:00:00,26.6,54,0.0,10.4,250,9.772803256173448,3.557009490586955
2018-03-19 16:00:00,26.1,56,0.0,7.4,231,5.750880114781585,4.656970893768797
2018-03-19 17:00:00,25.0,61,0.0,8.4,230,6.4347733221994154,5.39941592136693
2018-03-19 18:00:00,22.6,71,0.0,5.4,233,4.312631754255381,3.2498011250210608
2018-03-19 19:00:00,23.0,70,0.0,4.6,219,2.894873798829252,3.5748714227020657
2018-03-19 20:00:00,21.4,79,0.0,2.9,97,-2.8783838397598336,0.35342109587492787
2018-03-19 21:00:00,21.3,85,1.2,4.5,104,-4.366330768241984,1.0886485301985047
2018-03-19 22:00:00,20.7,93,0.7000000000000001,1.3,304,1.0777488443215542,-0.726950774511971
2018-03-19 23:00:00,20.5,89,0.2,5.1,141,-3.20953399435417,3.963444403430552
2018-03-20 00:00:00,20.7,86,0.0,5.7,125,-4.669166652447254,3.269385687200962
2018-03-20 01:00:00,20.0,87,0.0,3.3,139,-2.1649947956686737,2.490541614735148
2018-03-20 02:00:00,20.9,80,0.0,2.1,211,1.0815799573111138,1.800051331474436
2018-03-20 03:00:00,19.0,88,0.0,5.9,104,-5.7247447850283795,1.4273391840380396
2018-03-20 04:00:00,19.2,84,0.0,4.6,108,-4.3748599749577055,1.4214781741247584
2018-03-20 05:00:00,20.7,76,0.0,2.8,130,-2.144924440733138,1.7998053071223103
2018-03-20 06:00:00,18.6,94,0.4,3.7,349,0.7059932828932162,-3.632020578756357
2018-03-20 07:00:00,19.7,89,0.4,5.0,120,-4.330127018922194,2.4999999999999996
2018-03-20 08:00:00,22.3,78,0.0,12.2,199,3.971931484377312,11.535326622311663
2018-03-20 09:00:00,22.8,81,0.0,15.9,252,15.121798609092941,4.913370210561664
2018-03-20 10:00:00,22.5,84,0.2,10.7,258,10.46617932785172,2.2246550917500247
2018-03-20 11:00:00,19.9,98,4.0,10.2,342,3.151973342624464,-9.700776466210565
2018-03-20 12:00:00,19.9,94,0.1,9.4,342,2.904759747124506,-8.939931253174443
2018-03-20 13:00:00,20.3,90,0.1,12.8,338,4.794964395723674,-11.86795333845488
2018-03-20 14:00:00,20.1,87,0.4,10.1,4,-0.7045403848156684,-10.075396907624224
2018-03-20 15:00:00,20.4,85,0.2,8.4,25,-3.549993398621873,-7.612985411107861
2018-03-20 16:00:00,20.7,83,0.1,7.6,8,-1.0577155672965002,-7.526037322435934
2018-03-20 17:00:00,19.5,86,0.0,12.1,343,3.5376976271451146,-11.571287547152728
2018-03-20 18:00:00,17.4,90,0.0,13.3,360,8.143901214329899e-16,-13.3
2018-03-20 19:00:00,16.5,94,0.0,13.1,8,-1.8231676225768623,-12.97251170051457
2018-03-20 20:00:00,16.8,91,0.0,13.7,355,1.1940336756429164,-13.647867363856914
2018-03-20 21:00:00,16.2,92,0.0,12.5,18,-3.8627124296868445,-11.888206453689419
2018-03-20 22:00:00,15.6,95,0.4,14.1,6,-1.4738513320739124,-14.022758724692654
2018-03-20 23:00:00,15.0,96,0.0,12.5,18,-3.8627124296868445,-11.888206453689419
2018-03-21 00:00:00,14.9,95,0.0,13.1,16,-3.6108493612026855,-12.592528216791978
2018-03-21 01:00:00,14.8,93,0.0,13.8,20,-4.719877977894226,-12.967758166845536
2018-03-21 02:00:00,14.6,91,0.0,13.6,17,-3.9762551842292244,-13.00574468109728
2018-03-21 03:00:00,14.2,90,0.0,15.0,10,-2.6047226650039548,-14.772116295183121
2018-03-21 04:00:00,13.6,89,0.0,16.9,11,-3.224672021863604,-16.58949940026552
2018-03-21 05:00:00,13.2,88,0.0,18.1,13,-4.071614083623961,-17.63609817261276
2018-03-21 06:00:00,12.7,87,0.0,18.2,9,-2.847107263732205,-17.975927798831506
2018-03-21 07:00:00,12.5,86,0.0,18.9,8,-2.6303716081452437,-18.716066499215675
2018-03-21 08:00:00,13.5,82,0.0,17.1,18,-5.284190603811604,-16.263066428647125
2018-03-21 09:00:00,15.2,74,0.0,16.6,13,-3.7341875021081634,-16.174543075434904
2018-03-21 10:00:00,16.6,67,0.0,18.8,12,-3.908739787373884,-18.389174893795545
2018-03-21 11:00:00,17.8,62,0.0,19.8,16,-5.457619645176578,-19.032981579578717
2018-03-21 12:00:00,18.3,59,0.0,21.1,17,-6.1690429696497535,-20.17803035082005
2018-03-21 13:00:00,18.7,56,0.0,20.6,19,-6.706703981817427,-19.477682657345927
2018-03-21 14:00:00,19.4,53,0.0,20.0,18,-6.180339887498951,-19.02113032590307
2018-03-21 15:00:00,19.0,57,0.0,21.0,13,-4.723972141221171,-20.461771360489937
2018-03-21 16:00:00,17.7,61,0.0,20.8,14,-5.03197542847309,-20.182151106540726
2018-03-21 17:00:00,16.4,65,0.0,18.4,17,-5.379639366898362,-17.596007509719847
2018-03-21 18:00:00,14.5,72,0.0,14.4,13,-3.23929518255166,-14.030928932907386
2018-03-21 19:00:00,12.9,76,0.0,11.1,13,-2.496956703216904,-10.815507719116109
2018-03-21 20:00:00,12.0,79,0.0,10.0,26,-4.383711467890778,-8.987940462991668
2018-03-21 21:00:00,11.8,80,0.0,6.6,29,-3.199743493625823,-5.772490067120013
2018-03-21 22:00:00,11.0,81,0.0,5.5,11,-1.0494494745709955,-5.3989495089621515
2018-03-21 23:00:00,10.0,84,0.0,7.4,43,-5.04678786446249,-5.412017391981862
2018-03-22 00:00:00,10.7,76,0.0,7.1,41,-4.658019105832602,-5.358438019581681
2018-03-22 01:00:00,12.0,66,0.0,6.6,13,-1.4846769586695105,-6.430842427582552
2018-03-22 02:00:00,11.6,65,0.0,5.0,30,-2.500000000000002,-4.330127018922192
2018-03-22 03:00:00,11.5,66,0.0,1.0,135,-0.7071067811865475,0.7071067811865476
2018-03-22 04:00:00,11.3,67,0.0,2.9,187,0.3534210958749277,2.8783838397598336
2018-03-22 05:00:00,10.7,70,0.0,1.3,236,1.0777488443215542,0.726950774511971
2018-03-22 06:00:00,10.3,71,0.0,3.8,131,-2.8678964048465336,2.4930243101639276
2018-03-22 07:00:00,11.7,71,0.0,2.9,187,0.3534210958749277,2.8783838397598336
2018-03-22 08:00:00,13.7,66,0.0,5.1,219,3.209533994354171,3.963444403430551
2018-03-22 09:00:00,15.8,64,0.0,5.0,240,4.330127018922194,2.4999999999999996
2018-03-22 10:00:00,17.6,61,0.0,4.1,255,3.96029588778518,1.061158084920335
2018-03-22 11:00:00,19.1,57,0.0,3.2,270,3.2,0.0
2018-03-22 12:00:00,20.4,53,0.0,3.0,284,2.9108871788279895,-0.7257656867990032
2018-03-22 13:00:00,21.2,49,0.0,4.5,299,3.935788682127281,-2.1816432911085166
2018-03-22 14:00:00,21.6,46,0.0,7.1,311,5.358438019581681,-4.658019105832602
2018-03-22 15:00:00,21.2,46,0.0,11.4,332,5.351975815759156,-10.065602558591767
2018-03-22 16:00:00,20.1,47,0.0,12.9,347,2.9018686010358574,-12.569373835729534
2018-03-22 17:00:00,18.4,51,0.0,11.5,360,7.041719095097281e-16,-11.5
2018-03-22 18:00:00,15.8,60,0.0,7.5,17,-2.192787785420528,-7.172285669722765
2018-03-22 19:00:00,14.3,67,0.0,6.4,38,-3.940233442084212,-5.043268823083022
2018-03-22 20:00:00,13.3,74,0.0,8.3,56,-6.881011852206848,-4.641301098807197
2018-03-22 21:00:00,12.9,77,0.0,8.2,38,-5.048424097670396,-6.461688179575121
2018-03-22 22:00:00,12.5,78,0.0,7.5,73,-7.172285669722766,-2.192787785420526
2018-03-22 23:00:00,12.4,76,0.0,6.5,93,-6.49109197590473,0.34018371557913474
2018-03-23 00:00:00,14.2,66,0.0,5.2,78,-5.086367523815789,-1.0811407922523495
2018-03-23 01:00:00,13.9,63,0.0,6.7,74,-6.440453362786736,-1.8467702839738933
2018-03-23 02:00:00,15.5,50,0.0,5.4,70,-5.074340152243906,-1.846908773958611
2018-03-23 03:00:00,15.2,46,0.0,4.8,77,-4.676976310969129,-1.0797650608505518
2018-03-23 04:00:00,15.4,41,0.0,4.5,104,-4.366330768241984,1.0886485301985047
2018-03-23 05:00:00,15.7,36,0.0,3.7,79,-3.632020578756357,-0.7059932828932155
2018-03-23 06:00:00,15.6,33,0.0,5.5,79,-5.3989495089621515,-1.049449474570996
2018-03-23 07:00:00,15.5,39,0.0,3.9,56,-3.233246532964663,-2.180852323535912
2018-03-23 08:00:00,16.4,39,0.0,0.8,333,0.3631923997916375,-0.7128052193506943
2018-03-23 09:00:00,18.3,37,0.0,1.1,342,0.3399186938124422,-1.0461621679246689
2018-03-23 10:00:00,19.9,35,0.0,3.3,347,0.7423384793347542,-3.2154212137912763
2018-03-23 11:00:00,21.3,35,0.0,5.9,11,-1.1257730727216133,-5.791600382341218
2018-03-23 12:00:00,22.4,34,0.0,7.8,22,-2.921931428644116,-7.232034065620941
2018-03-23 13:00:00,23.2,33,0.0,9.3,16,-2.56342740909809,-8.939733772226367
2018-03-23 14:00:00,23.6,31,0.0,12.4,10,-2.1532374030699364,-12.21161613735138
2018-03-23 15:00:00,23.4,29,0.0,15.1,12,-3.1394665313481727,-14.770028771080463
2018-03-23 16:00:00,22.5,32,0.0,17.0,17,-4.970318980286531,-16.2571808513716
2018-03-23 17:00:00,20.8,38,0.0,13.8,20,-4.719877977894226,-12.967758166845536
2018-03-23 18:00:00,17.7,47,0.0,8.9,43,-6.069785404556238,-6.509047944410617
2018-03-23 19:00:00,15.7,55,0.0,6.3,77,-6.1385314081469815,-1.4171916423663493
2018-03-23 20:00:00,14.1,61,0.0,8.6,90,-8.6,1.0531962472667237e-15
2018-03-23 21:00:00,14.4,59,0.0,7.2,87,-7.190132650232932,-0.3768188849491937
2018-03-23 22:00:00,14.0,58,0.0,5.0,111,-4.667902132486009,1.7918397477265011
2018-03-23 23:00:00,15.4,49,0.0,7.3,160,-2.4967470462773815,6.859756131737131
2018-03-24 00:00:00,14.3,53,0.0,9.4,184,0.6557108531947772,9.377102072442348
2018-03-24 01:00:00,13.3,62,0.0,9.4,173,-1.1455718280083853,9.329933825428428
2018-03-24 02:00:00,13.7,64,0.0,8.0,172,-1.1133848076805228,7.922144549932563
2018-03-24 03:00:00,13.9,65,0.0,6.8,148,-3.6034509967857926,5.766727053863697
2018-03-24 04:00:00,12.2,71,0.0,8.2,151,-3.975438886019963,7.171881598543045
2018-03-24 05:00:00,13.4,65,0.0,7.3,160,-2.4967470462773815,6.859756131737131
2018-03-24 06:00:00,16.2,53,0.0,5.2,164,-1.433314250248395,4.998560818879258
2018-03-24 07:00:00,15.4,72,0.0,4.0,170,-0.6945927106677212,3.939231012048832
2018-03-24 08:00:00,18.2,50,0.0,2.3,198,0.7107390870623791,2.1874299874788528
2018-03-24 09:00:00,19.9,45,0.0,5.4,228,4.012982057577929,3.6133052743378347
2018-03-24 10:00:00,21.5,40,0.0,7.9,223,5.387787044493738,5.777694242791447
2018-03-24 11:00:00,22.8,35,0.0,7.4,223,5.046787864462489,5.412017391981862
2018-03-24 12:00:00,23.6,31,0.0,5.6,230,4.289848881466277,3.5996106142446194
2018-03-24 13:00:00,24.1,30,0.0,4.5,256,4.366330768241984,1.0886485301985047
2018-03-24 14:00:00,24.4,29,0.0,4.1,285,3.96029588778518,-1.061158084920335
2018-03-24 15:00:00,24.2,31,0.0,7.0,305,5.7340643100229425,-4.015035054457322
2018-03-24 16:00:00,23.2,37,0.0,10.8,323,6.499602250042123,-8.625263508510763
2018-03-24 17:00:00,21.6,46,0.0,10.1,333,4.585304047369423,-8.999165894302514
2018-03-24 18:00:00,17.9,63,0.0,7.2,360,4.4087284769304716e-16,-7.2
2018-03-24 19:00:00,17.3,60,0.0,6.6,49,-4.981083229470296,-4.3299895913373465
2018-03-24 20:00:00,17.4,57,0.0,4.3,95,-4.283637201794505,0.3747696938149302
2018-03-24 21:00:00,17.7,54,0.0,2.1,121,-1.8000513314744357,1.0815799573111142
2018-03-24 22:00:00,15.7,61,0.0,5.5,148,-2.914555953282626,4.664264528860343
2018-03-24 23:00:00,16.2,57,0.0,6.2,159,-2.2218812871808615,5.788198644282651
2018-03-25 00:00:00,16.0,58,0.0,6.4,164,-1.764079077228794,6.1520748540052415
2018-03-25 01:00:00,15.6,59,0.0,7.1,165,-1.837615220227898,6.858073366652385
2018-03-25 02:00:00,15.4,57,0.0,7.1,165,-1.837615220227898,6.858073366652385
2018-03-25 03:00:00,14.3,62,0.0,8.8,171,-1.3766232923540314,8.691657397237213
2018-03-25 04:00:00,15.4,56,0.0,7.3,171,-1.1419715947936848,7.210124886344506
2018-03-25 05:00:00,17.6,48,0.0,4.7,148,-2.4906205418960625,3.9858260519352027
2018-03-25 06:00:00,13.3,65,0.0,7.9,150,-3.9499999999999984,6.841600689897066
2018-03-25 07:00:00,17.7,54,0.0,6.2,159,-2.2218812871808615,5.788198644282651
2018-03-25 08:00:00,20.7,49,0.0,13.5,196,3.7211043035294886,12.977032895167305
2018-03-25 09:00:00,21.9,45,0.0,14.7,205,6.212488447588282,13.322724469438754
2018-03-25 10:00:00,23.0,44,0.0,12.9,207,5.856477446640154,11.493984162029944
2018-03-25 11:00:00,24.3,40,0.0,9.8,208,4.600821315301731,8.652886410017484
2018-03-25 12:00:00,25.5,38,0.0,10.1,207,4.585304047369423,8.999165894302514
2018-03-25 13:00:00,25.1,40,0.0,12.1,233,9.663489671572243,7.281961780139784
2018-03-25 14:00:00,24.6,45,0.0,12.6,268,12.592324420440606,0.4397336584515122
2018-03-25 15:00:00,24.1,47,0.0,10.2,278,10.100734301164017,-1.4195656297926673
2018-03-25 16:00:00,23.4,49,0.0,9.3,283,9.06164160250269,-2.092044805397945
2018-03-25 17:00:00,22.0,55,0.0,6.9,298,6.092338390726597,-3.2393537832226467
2018-03-25 18:00:00,20.3,65,0.0,4.2,340,1.436484601967809,-3.9467090073008153
2018-03-25 19:00:00,20.3,61,0.0,3.6,270,3.6,0.0
2018-03-25 20:00:00,20.1,61,0.0,1.9,158,-0.7117525274902329,1.761649323676896
2018-03-25 21:00:00,19.2,67,0.0,4.0,190,0.6945927106677217,3.939231012048832
2018-03-25 22:00:00,18.4,70,0.0,3.6,143,-2.1665340833473743,2.8750878361702537
2018-03-25 23:00:00,17.6,72,0.0,4.9,163,-1.4326213531414098,4.685893304218874
